,precision,recall,f1-score,support
"instructive, easy, helpful, useful, learnable, explainable, affordable, intuitive, or understandable",0.05263157894736842,0.02631578947368421,0.03508771929824561,38.0
"security, authorization, or protection",0.07142857142857142,0.09523809523809523,0.08163265306122448,21.0
periodic execution or efficacy performance,0.22727272727272727,0.5970149253731343,0.3292181069958848,67.0
"working, running, connecting, interfacing, or operative environment",0.0,0.0,0.0,13.0
"appearance, interface, look & feel",0.0,0.0,0.0,17.0
"legal, law, or rules",0.5,0.018518518518518517,0.03571428571428571,54.0
system recovery & fault tolerance,0.0,0.0,0.0,21.0
"maintaining, fixing, running or updating",0.0,0.0,0.0,66.0
"scalable, increasable or developable",0.0,0.0,0.0,10.0
avaliable or timely achievable,0.1702127659574468,0.3870967741935484,0.2364532019704433,62.0
accuracy,0.1842818428184282,0.1842818428184282,0.1842818428184282,0.1842818428184282
macro avg,0.10215456436061139,0.11241841027969805,0.07181059670400838,369.0
weighted avg,0.15252158324291173,0.1842818428184282,0.11299160478884077,369.0
