Requirement text,Gold label,Predicated label,ZSL score
The system shall refresh the display every 60 seconds.,periodic execution or efficacy performance,"maintaining, fixing, running or updating",0.44134533405303955
The application shall match the color of the schema set forth by Department of Homeland Security,"appearance, interface, look & feel","appearance, interface, look & feel",0.46688809990882874
 If projected  the data must be readable.  On a 10x10 projection screen  90% of viewers must be able to read Event / Activity data from a viewing distance of 30,"instructive, easy, helpful, useful, learnable, explainable, affordable, intuitive, or understandable",periodic execution or efficacy performance,0.3173238933086395
 The product shall be available during normal business hours. As long as the user has access to the client PC  the system will be available 99% of the time during the first six months of operation.,avaliable or timely achievable,"maintaining, fixing, running or updating",0.3399420380592346
 If projected  the data must be understandable. On a 10x10 projection screen  90% of viewers must be able to determine that Events or Activities are occuring in current time from a viewing distance of 100,"instructive, easy, helpful, useful, learnable, explainable, affordable, intuitive, or understandable","instructive, easy, helpful, useful, learnable, explainable, affordable, intuitive, or understandable",0.38267746567726135
The product shall ensure that it can only be accessed by authorized users.  The product will be able to distinguish between authorized and unauthorized users in all access attempts,"security, authorization, or protection","security, authorization, or protection",0.46544149518013
The product shall be intuitive and self-explanatory.  :  90% of new users shall be able to start the display of Events or Activities within 90 minutes of using the product.,"instructive, easy, helpful, useful, learnable, explainable, affordable, intuitive, or understandable","instructive, easy, helpful, useful, learnable, explainable, affordable, intuitive, or understandable",0.5997097492218018
The product shall respond fast to keep up-to-date data in the display.,periodic execution or efficacy performance,"maintaining, fixing, running or updating",0.5751746296882629
The look and feel of the system shall conform to the user interface standards of the smart device.,"appearance, interface, look & feel","appearance, interface, look & feel",0.5878208875656128
 The user interface shall have standard menus  buttons for navigation,"appearance, interface, look & feel","appearance, interface, look & feel",0.5095140933990479
The system shall have a professional appearance,"appearance, interface, look & feel","maintaining, fixing, running or updating",0.5450844764709473
The product shall have a consistent color scheme and fonts.,"appearance, interface, look & feel","appearance, interface, look & feel",0.4879417419433594
The system shall be used by realtors with no training.,"instructive, easy, helpful, useful, learnable, explainable, affordable, intuitive, or understandable","scalable, increasable or developable",0.23230873048305511
The system shall be intuitive and self explanatory.,"instructive, easy, helpful, useful, learnable, explainable, affordable, intuitive, or understandable","instructive, easy, helpful, useful, learnable, explainable, affordable, intuitive, or understandable",0.6260584592819214
The product shall be easy for a realtor to learn.,"instructive, easy, helpful, useful, learnable, explainable, affordable, intuitive, or understandable","instructive, easy, helpful, useful, learnable, explainable, affordable, intuitive, or understandable",0.609370768070221
The product shall use symbols and words that are naturally understandable by the realtor community.,"instructive, easy, helpful, useful, learnable, explainable, affordable, intuitive, or understandable","appearance, interface, look & feel",0.4382389783859253
The product shall produce search results in an acceptable time,periodic execution or efficacy performance,periodic execution or efficacy performance,0.5398598313331604
The search results shall be returned no later 30      seconds  after the user has entered the search criteria,periodic execution or efficacy performance,periodic execution or efficacy performance,0.35348814725875854
The product shall generate a CMA report in an acceptable time.,periodic execution or efficacy performance,periodic execution or efficacy performance,0.5596853494644165
The CMA report shall be returned no later 60 seconds after the user has entered the CMA report criteria.,periodic execution or efficacy performance,periodic execution or efficacy performance,0.3338592052459717
The product shall synchronize contacts and appointments in an acceptable time.,periodic execution or efficacy performance,"working, running, connecting, interfacing, or operative environment",0.5087569355964661
The product shall synchronize with the office system every hour.,periodic execution or efficacy performance,"working, running, connecting, interfacing, or operative environment",0.48821526765823364
 The product shall be available for use 24 hours per day  365 days  per year,avaliable or timely achievable,"working, running, connecting, interfacing, or operative environment",0.44725966453552246
 Out of 1000 accesses to the system  the system is available 999 times.,avaliable or timely achievable,"scalable, increasable or developable",0.34852856397628784
The product shall operate in offline mode whenever internet connection is unavailable.,system recovery & fault tolerance,"security, authorization, or protection",0.3151898682117462
 The product shall allow the user to view previously downloaded search results  CMA reports  and appointments.,system recovery & fault tolerance,"appearance, interface, look & feel",0.4122786223888397
The product shall retain user preferences in the event of a failure.,system recovery & fault tolerance,system recovery & fault tolerance,0.6012654900550842
100% of saved user preferences shall be restored when system comes back online.,system recovery & fault tolerance,"maintaining, fixing, running or updating",0.4091755449771881
The product shall be able to support multiple remote users,"scalable, increasable or developable","working, running, connecting, interfacing, or operative environment",0.5007466077804565
The product shall be able support 1000 simultaneous users.,"scalable, increasable or developable","scalable, increasable or developable",0.384960412979126
The product shall be capable of handling the existing 1000 users. This number is expected to grow 5 times within the next year.,"scalable, increasable or developable",periodic execution or efficacy performance,0.23720325529575348
The product shall be installed by an untrained realtor   without recourse to separately-printed instructions.,"instructive, easy, helpful, useful, learnable, explainable, affordable, intuitive, or understandable","scalable, increasable or developable",0.3073529601097107
90% of untrained realtors shall be able to install the product on their device without printed instructions,"instructive, easy, helpful, useful, learnable, explainable, affordable, intuitive, or understandable","scalable, increasable or developable",0.24771611392498016
Only registered realtors shall be able to access the system.,"security, authorization, or protection","scalable, increasable or developable",0.2253105491399765
Every user of the system shall be authenticated and authorized.,"security, authorization, or protection","appearance, interface, look & feel",0.5088163614273071
The product shall prevent its data from incorrect data being introduced.,"security, authorization, or protection","security, authorization, or protection",0.5995016694068909
The system shall be easy to use by the Program Administrators/Nursing Staff Members.,"instructive, easy, helpful, useful, learnable, explainable, affordable, intuitive, or understandable","instructive, easy, helpful, useful, learnable, explainable, affordable, intuitive, or understandable",0.6874682307243347
All of the users shall be able to use the system after one day of training.,"instructive, easy, helpful, useful, learnable, explainable, affordable, intuitive, or understandable","working, running, connecting, interfacing, or operative environment",0.38448888063430786
The system shall help the user avoid making mistakes while scheduling classes and clinicals for the nursing students.,"instructive, easy, helpful, useful, learnable, explainable, affordable, intuitive, or understandable",system recovery & fault tolerance,0.3439237177371979
The number of mistakes noted by the students shall be decreased by 50% in the first year.,"instructive, easy, helpful, useful, learnable, explainable, affordable, intuitive, or understandable",system recovery & fault tolerance,0.12380128353834152
The system shall be intuitive to the Program Administrators/Nursing Staff Members.,"instructive, easy, helpful, useful, learnable, explainable, affordable, intuitive, or understandable","instructive, easy, helpful, useful, learnable, explainable, affordable, intuitive, or understandable",0.5415247082710266
2 out of 3 Program Administrators/Nursing Staff Members shall successfully be able to use the system to manage the scheduling of classes and clinicals.,"instructive, easy, helpful, useful, learnable, explainable, affordable, intuitive, or understandable","working, running, connecting, interfacing, or operative environment",0.41537749767303467
The system shall use symbols and words that are naturally understandable by the user community.,"instructive, easy, helpful, useful, learnable, explainable, affordable, intuitive, or understandable","instructive, easy, helpful, useful, learnable, explainable, affordable, intuitive, or understandable",0.47442618012428284
The verbiage used within the system shall be consistent with Standard English and the terminology of the national Nursing Community.,"instructive, easy, helpful, useful, learnable, explainable, affordable, intuitive, or understandable",avaliable or timely achievable,0.3945719301700592
Staff members shall be able to complete a set of tasks in a timely manner.,periodic execution or efficacy performance,"maintaining, fixing, running or updating",0.5894031524658203
The response time of general student management tasks shall take no longer than 5 seconds and the response time of schedule generation shall take no longer than 30 seconds.,periodic execution or efficacy performance,periodic execution or efficacy performance,0.24762530624866486
The system shall be available for use between the hours of 8am and 6pm.,avaliable or timely achievable,periodic execution or efficacy performance,0.3256870210170746
The system shall achieve 95% up time.,avaliable or timely achievable,"maintaining, fixing, running or updating",0.41000548005104065
system shall be able to handle all of the user requests/usage during business hours.,"scalable, increasable or developable","working, running, connecting, interfacing, or operative environment",0.3901899456977844
The system shall cater to 10 simultaneous users from 9am to 5pm.,"scalable, increasable or developable",periodic execution or efficacy performance,0.2847711145877838
The system shall be capable of processing 100% of nursing students and their classes for the next 10 years.,"scalable, increasable or developable","maintaining, fixing, running or updating",0.3040199279785156
The system shall be expected to manage the nursing program curriculum and class/clinical scheduling for a minimum of 5 years.,"scalable, increasable or developable",periodic execution or efficacy performance,0.2342906892299652
The system shall able to operate within a business office environment typical of the Nursing Department at DePaul University.,"working, running, connecting, interfacing, or operative environment","working, running, connecting, interfacing, or operative environment",0.32810184359550476
The system shall be used within the specifications defined by the computers used by the Program Administrators/Nursing Staff Members.,"working, running, connecting, interfacing, or operative environment","working, running, connecting, interfacing, or operative environment",0.4054519832134247
The system shall operate within the Windows XP Professional operating system.,"working, running, connecting, interfacing, or operative environment",system recovery & fault tolerance,0.4220223128795624
The system shall interface with CampusConnect’s central server,"working, running, connecting, interfacing, or operative environment","working, running, connecting, interfacing, or operative environment",0.4965052902698517
The system shall interface with the faculty central server.,"working, running, connecting, interfacing, or operative environment","working, running, connecting, interfacing, or operative environment",0.46678999066352844
The system shall interface with the student master server.,"working, running, connecting, interfacing, or operative environment","working, running, connecting, interfacing, or operative environment",0.395540326833725
We must be able to interface with any HTML browser.,"working, running, connecting, interfacing, or operative environment","appearance, interface, look & feel",0.5169525146484375
Only authorized users shall have access to clinical site information.,"security, authorization, or protection","security, authorization, or protection",0.21651500463485718
Program Administrators/Nursing Staff Members are the only people who shall have access to clinical site details.,"security, authorization, or protection","working, running, connecting, interfacing, or operative environment",0.2563616931438446
Only authorized users shall have access to students’ personal information.,"security, authorization, or protection","security, authorization, or protection",0.22898904979228973
Dr Susan Poslusny and Dr Julie Donalek are the only people who shall have access to students’ personal information.,"security, authorization, or protection",system recovery & fault tolerance,0.18243107199668884
Only authorized users shall have access to the portion of the system that interfaces with CampusConnect.,"security, authorization, or protection","security, authorization, or protection",0.31260189414024353
Fit Criterion: Dr Susan Poslusny and Karen Sysol are the only people who shall have access to the final class section scheduling for the system that interfaces with CampusConnect.,"security, authorization, or protection",system recovery & fault tolerance,0.2909175753593445
The system shall have basic data integrity checking to reduce the possibility of incorrect or invalid data being introduced.,"security, authorization, or protection",system recovery & fault tolerance,0.5813250541687012
The system shall protect private information in accordance with the organization’s information policy.,"security, authorization, or protection","security, authorization, or protection",0.4596318006515503
The system shall be built such that it is as secure as possible from malicious interference.,"security, authorization, or protection","security, authorization, or protection",0.5643798112869263
The system shall use the organization’s standard virus protection software to help monitor threats to itself.,"security, authorization, or protection",system recovery & fault tolerance,0.459732323884964
The Disputes application shall comply with the corporate standards for user interface creation for internally and externally used applications.,"appearance, interface, look & feel","appearance, interface, look & feel",0.4811895191669464
All screens created as part of the Disputes application must comply with corporate standards for interface creation.,"appearance, interface, look & feel","appearance, interface, look & feel",0.4384826719760895
The list of dispute cases that are displayed after a search is performed must be color coded for easy identification of dispute cases based upon the dispute case status.,"instructive, easy, helpful, useful, learnable, explainable, affordable, intuitive, or understandable","appearance, interface, look & feel",0.2704315483570099
100% of the cardmember and merchant services representatives shall use the Disputes application regularly after a 2-day training course.,"instructive, easy, helpful, useful, learnable, explainable, affordable, intuitive, or understandable",periodic execution or efficacy performance,0.21074382960796356
100% of cardmember services representatives shall be able to successfully create a dispute case on the first encounter after completing the training course.,"instructive, easy, helpful, useful, learnable, explainable, affordable, intuitive, or understandable","maintaining, fixing, running or updating",0.30976375937461853
100% of merchant services representatives shall be able to successfully perform a follow up action on a dispute case on the first encounter after completing the training course.,"instructive, easy, helpful, useful, learnable, explainable, affordable, intuitive, or understandable","maintaining, fixing, running or updating",0.32901525497436523
The maximum wait time for a user navigating from one screen to another within the Disputes application shall be no more than 5 seconds.,periodic execution or efficacy performance,"legal, law, or rules",0.18142129480838776
The Disputes application shall support 350 concurrent users without any degradation of performance in the application.,periodic execution or efficacy performance,system recovery & fault tolerance,0.33178088068962097
 The Disputes application shall be available 24x7x365  with the exception of the following scheduled maintenance windows.  Monday – Saturday 3:00am to 4:00am EST Sunday 1:00amd to 5:00am EST,"working, running, connecting, interfacing, or operative environment",system recovery & fault tolerance,0.3271428346633911
The Disputes application shall interface with the Statement Database. The Statement Database provides the transaction details to the Disputes System. All transaction details must be obtained from the Statement Database,"working, running, connecting, interfacing, or operative environment","appearance, interface, look & feel",0.40367093682289124
The Disputes application shall interface with the Cardmember Information Database.  The Cardmember Information Database provides detailed information with regard to a cardmember.  All cardmember detail information must be obtained from the Cardmember Information Database.,"working, running, connecting, interfacing, or operative environment","working, running, connecting, interfacing, or operative environment",0.35235315561294556
The Disputes applications shall interface with the Merchant Information Database.  The Merchant Information Database provides detailed information with regard to the merchant. All merchant detail information shall be obtained from the Merchant Information Database.,"working, running, connecting, interfacing, or operative environment","working, running, connecting, interfacing, or operative environment",0.2891795039176941
The Disputes application shall interface with the Letters application.  This will allow the Disputes application to request letters as part of the dispute initiation and dispute follow up process. All letter requests must be sent to the Print Letter Utility application.,"working, running, connecting, interfacing, or operative environment","working, running, connecting, interfacing, or operative environment",0.39825788140296936
The Disputes application shall interface with the Cardmember Posting and Billing System.  This will allow the Disputes application to request adjustments to cardmember and merchant’s accounts. All adjustment requests must be sent to the Cardmember Posting and Billing System.,"working, running, connecting, interfacing, or operative environment","working, running, connecting, interfacing, or operative environment",0.3259679675102234
The Disputes application shall ensure that only users with the appropriate access level are allowed to initiate dispute requests.,"security, authorization, or protection",system recovery & fault tolerance,0.3605782687664032
Only users with Update access must be able to initiate dispute requests.,"security, authorization, or protection",system recovery & fault tolerance,0.3502916395664215
The Disputes application shall ensure that only authorized users are allowed to logon to the application.,"security, authorization, or protection",system recovery & fault tolerance,0.3187602162361145
 All authorized users  once authenticated must be able to logon to the Disputes System,"security, authorization, or protection","appearance, interface, look & feel",0.40566766262054443
The Disputes System shall generate a User Report that details any new users that have been added and any changes to an existing user’s access level.  The report will be reviewed for auditing purposes.,"security, authorization, or protection","maintaining, fixing, running or updating",0.4508494734764099
All additions of new users and modifications to user’s access shall be recorded on the User Report.,"security, authorization, or protection","maintaining, fixing, running or updating",0.5171536803245544
 If a user account is revoked  it can only be re-instantiated by the System Administrator.,"security, authorization, or protection",system recovery & fault tolerance,0.44539690017700195
Only the System Administrator shall be able to reset a revoked user logon account,"security, authorization, or protection",system recovery & fault tolerance,0.41024893522262573
The Disputes application shall manipulate and view business data. Users will not have direct access to data files or databases.,"security, authorization, or protection","working, running, connecting, interfacing, or operative environment",0.25009894371032715
All updates to data files or database must be initiated from the Disputes System.,"security, authorization, or protection","maintaining, fixing, running or updating",0.4948102533817291
The Disputes application must conform to the legal requirements as specified by the Merchant Operating Regulations.,"legal, law, or rules","legal, law, or rules",0.5589128136634827
All business rules specified in the Disputes System shall be in compliance with the Merchant Operating Regulations.,"legal, law, or rules","legal, law, or rules",0.3457673192024231
The Disputes application must conform to the legal requirements as specified by Regulation E and Regulation Z that govern credit card disputes processing.,"legal, law, or rules","legal, law, or rules",0.5906128883361816
All business rules specified in the Disputes System shall be in compliance to the guidelines of Regulation E and Regulation Z.,"legal, law, or rules","working, running, connecting, interfacing, or operative environment",0.3753150999546051
The Disputes application must maintain a detailed history of every action that a user takes on a dispute case.  This ensures a complete audit trail if questions arise later on with regard to a particular dispute case.,"legal, law, or rules","maintaining, fixing, running or updating",0.4738762676715851
All actions that modify an existing dispute case must be recorded in the case history.,"legal, law, or rules","legal, law, or rules",0.47289228439331055
The product must support Internet Explorer 5.5 and above.,"working, running, connecting, interfacing, or operative environment","appearance, interface, look & feel",0.3367081582546234
The product must support Mozilla Firefox 1.0 and above.,"working, running, connecting, interfacing, or operative environment","maintaining, fixing, running or updating",0.36114275455474854
The product shall interface with the Choice Parts System.  This provides the feed of recycled parts data.,"working, running, connecting, interfacing, or operative environment","working, running, connecting, interfacing, or operative environment",0.4396119713783264
The product shall run on the existing hardware for all environments.,"working, running, connecting, interfacing, or operative environment","maintaining, fixing, running or updating",0.5604965686798096
The product shall adhere to the corporate Architecture guidelines,"working, running, connecting, interfacing, or operative environment","appearance, interface, look & feel",0.4527338743209839
The product shall comply with corporate User Interface Guidelines,"appearance, interface, look & feel","appearance, interface, look & feel",0.5487924814224243
The product shall comply with corporate color scheme,"appearance, interface, look & feel","appearance, interface, look & feel",0.5218268632888794
The appearance of the product shall appear professional,"appearance, interface, look & feel","appearance, interface, look & feel",0.5528557300567627
The product shall be easy to use by Adjusters and Collision Estimators.  95% of Adjusters and Collision Estimators shall find the product easy to use.,"instructive, easy, helpful, useful, learnable, explainable, affordable, intuitive, or understandable","instructive, easy, helpful, useful, learnable, explainable, affordable, intuitive, or understandable",0.7045662999153137
The product shall increase productivity of Collision Estimators. 80% of the Collision Estimators shall agree their productivity has increase within 1 month of using the product.,"instructive, easy, helpful, useful, learnable, explainable, affordable, intuitive, or understandable","maintaining, fixing, running or updating",0.3245362341403961
Users shall feel satisfied using the product.  85% of all users will be satisfied with the product.,"instructive, easy, helpful, useful, learnable, explainable, affordable, intuitive, or understandable","instructive, easy, helpful, useful, learnable, explainable, affordable, intuitive, or understandable",0.49909302592277527
The product shall be easy to learn by Adjusters and Collision Estimators.  The product shall be learned with two days onsite training,"instructive, easy, helpful, useful, learnable, explainable, affordable, intuitive, or understandable","instructive, easy, helpful, useful, learnable, explainable, affordable, intuitive, or understandable",0.4946911334991455
The user shall easily locate instructions while using the product.  User help can be found within 90% of the system.,"instructive, easy, helpful, useful, learnable, explainable, affordable, intuitive, or understandable","maintaining, fixing, running or updating",0.5109670758247375
The search for recycled parts shall take no longer than 15 seconds.  The search results shall be returned in under 15 seconds.,periodic execution or efficacy performance,"maintaining, fixing, running or updating",0.3457443118095398
The search for the preferred repair facility shall take no longer than 8 seconds.  The preferred repair facility is returned within 8 seconds,periodic execution or efficacy performance,system recovery & fault tolerance,0.3986053764820099
The recycled parts audit report shall be returned to the user within 10 seconds.  The audit report shall be returned within 10 seconds.,periodic execution or efficacy performance,system recovery & fault tolerance,0.40966594219207764
The preferred repair facility ratings shall be saved within 5 seconds. The save shall occur within 5 seconds.,periodic execution or efficacy performance,system recovery & fault tolerance,0.35741153359413147
The product shall adhere to the corporate online availability schedule.  The application is brought down only within 98% of the scheduled outages per the availability schedule.,avaliable or timely achievable,system recovery & fault tolerance,0.4137227237224579
The product shall achieve a 98% uptime. The product shall not fail more than 2% of the available online time.,avaliable or timely achievable,"instructive, easy, helpful, useful, learnable, explainable, affordable, intuitive, or understandable",0.3133012354373932
The product shall be able to handle up to 1500 simultaneous users. The system shall perform with 1500 users as a time.,"scalable, increasable or developable","working, running, connecting, interfacing, or operative environment",0.3957068920135498
 The average number of recycled parts records per day shall be 50 000.,"scalable, increasable or developable",system recovery & fault tolerance,0.22637617588043213
 The product shall be able to handle 10 000 concurrent users within 2 years of the initial launch.,"scalable, increasable or developable",periodic execution or efficacy performance,0.29001104831695557
 For estimators  the product shall be able to be operated in a repair facility during dirty and noisy conditions.,"working, running, connecting, interfacing, or operative environment","maintaining, fixing, running or updating",0.6190317273139954
The product shall interface with the ChoiceParts system once per day at approximately 1:00 AM.,"working, running, connecting, interfacing, or operative environment",periodic execution or efficacy performance,0.3712063133716583
The maintenance of the product will fall within the established corporate maintenance windows.,"working, running, connecting, interfacing, or operative environment","maintaining, fixing, running or updating",0.5289353728294373
The product shall be supported using the corporate support center.,"working, running, connecting, interfacing, or operative environment","working, running, connecting, interfacing, or operative environment",0.4934358298778534
Product installations and upgrades shall be handled by the middleware technology team within established launch time frames.,"working, running, connecting, interfacing, or operative environment","maintaining, fixing, running or updating",0.5585776567459106
Only adjusters can request recycled parts audit reports. No users without an adjuster role shall request recycled parts audits.,"security, authorization, or protection",system recovery & fault tolerance,0.3933229446411133
Only adjusters with a supervisor role can update preferred repair facility ratings. Users without the supervisor role cannot access the repair facility ratings.,"security, authorization, or protection",system recovery & fault tolerance,0.46028661727905273
Only collision estimators shall search for recycled parts.  Users without the collision estimator role shall not have access to the search for recycled parts.,"security, authorization, or protection",system recovery & fault tolerance,0.29437872767448425
Only valid data shall be entered into the system.  No invalid data shall be entered into the system.,"security, authorization, or protection",system recovery & fault tolerance,0.3804754912853241
One insurance company shall not be able to view another insurance companys claim data.,"security, authorization, or protection","legal, law, or rules",0.30125200748443604
The product shall free of computer viruses.,"security, authorization, or protection",system recovery & fault tolerance,0.4460057020187378
The system shall prevent malicious attacks including denial of service.,"security, authorization, or protection",system recovery & fault tolerance,0.55810546875
The product must comply with Sarbanes-Oxley.,"legal, law, or rules","security, authorization, or protection",0.4588277339935303
The product shall comply with the estimatics laws relating to recycled parts usage.,"legal, law, or rules",system recovery & fault tolerance,0.4773041307926178
The product shall comply with insurance regulations regarding claims processing.,"legal, law, or rules","security, authorization, or protection",0.47620007395744324
 The product must work with most database management systems (DBMS) on the market  whether the DBMS is colocated with the product on the same machine or is located on a different machine on the computer network.,"working, running, connecting, interfacing, or operative environment","scalable, increasable or developable",0.36745429039001465
The product will function alongside server software on any operating system where the Java runtime can be installed.,"working, running, connecting, interfacing, or operative environment","working, running, connecting, interfacing, or operative environment",0.44653841853141785
The product will require collaboration with a database management system (DBMS).  The DBMS may be located on the same machine as the product or on a separate machine residing on the same computer network.,"working, running, connecting, interfacing, or operative environment","working, running, connecting, interfacing, or operative environment",0.4276466369628906
 The product must make use of web/application server technology.  Open source examples include Apache web server  Tomcat  and the JBoss application server.,"working, running, connecting, interfacing, or operative environment","appearance, interface, look & feel",0.44983017444610596
 A database management system such as Oracle  DB2  MySql or HSQL will need to be integrated with the product.,"working, running, connecting, interfacing, or operative environment","appearance, interface, look & feel",0.41938886046409607
 The product’s Look and Feel shall be able to incorporate aspects of the customer’s organization such as logo  branding  and identity,"appearance, interface, look & feel","appearance, interface, look & feel",0.5718969702720642
The product shall have a conservative and professional appearance.,"appearance, interface, look & feel",avaliable or timely achievable,0.4495091736316681
The product shall make the users want to use it. 80% of the users surveyed report they are regularly using the product after the first 2 weeks post-launch.,"instructive, easy, helpful, useful, learnable, explainable, affordable, intuitive, or understandable",periodic execution or efficacy performance,0.26568159461021423
The product shall be easy to use. 90% of users will be able to successfully reserve a conference room within 5 minutes of product use.,"instructive, easy, helpful, useful, learnable, explainable, affordable, intuitive, or understandable","instructive, easy, helpful, useful, learnable, explainable, affordable, intuitive, or understandable",0.409184992313385
The product shall give users feedback when necessary. 80% of the users surveyed report that the product accurately confirms their actions.,"instructive, easy, helpful, useful, learnable, explainable, affordable, intuitive, or understandable","instructive, easy, helpful, useful, learnable, explainable, affordable, intuitive, or understandable",0.4665078818798065
The product shall allow the user to select a chosen language from one of the target market countries.,"instructive, easy, helpful, useful, learnable, explainable, affordable, intuitive, or understandable","appearance, interface, look & feel",0.35365647077560425
The product shall allow for customization of start page and views preferences.,"instructive, easy, helpful, useful, learnable, explainable, affordable, intuitive, or understandable","appearance, interface, look & feel",0.5572056770324707
 An employee will be able to successfully use the product within a few minutes.  After informally navigating the product for less than 15 minutes  users shall be able to successfully setup meetings and reserve conference rooms.,"instructive, easy, helpful, useful, learnable, explainable, affordable, intuitive, or understandable","working, running, connecting, interfacing, or operative environment",0.34548988938331604
The product shall use a standard navigation menu familiar to most web users.,"instructive, easy, helpful, useful, learnable, explainable, affordable, intuitive, or understandable","appearance, interface, look & feel",0.4894692599773407
The product shall allow for intuitive searching of available conference rooms.,"instructive, easy, helpful, useful, learnable, explainable, affordable, intuitive, or understandable","appearance, interface, look & feel",0.473881334066391
The product shall conform to the Americans with Disabilities Act.,"instructive, easy, helpful, useful, learnable, explainable, affordable, intuitive, or understandable","appearance, interface, look & feel",0.4912843108177185
The response shall be fast enough to avoid interrupting the user’s flow of thought.  90% of tasks shall complete within 5 seconds.  98% of tasks shall complete within 8 seconds.,periodic execution or efficacy performance,"instructive, easy, helpful, useful, learnable, explainable, affordable, intuitive, or understandable",0.4461052417755127
 Aside from server failure  the software product shall achieve 99.99% up time.,avaliable or timely achievable,system recovery & fault tolerance,0.4409262537956238
The product shall create an exception log of problems encountered within the product for transmission to our company for analysis and resolution.,system recovery & fault tolerance,system recovery & fault tolerance,0.4988672435283661
 The product shall be capable of handling up to 1 000 concurrent requests.  This number will increase to 2 000 by Release 2.  The concurrency capacity must be able to handle peak scheduling times such as early morning and late afternoon hours.,"scalable, increasable or developable","scalable, increasable or developable",0.4034101963043213
 The product shall be able to process 10 000 transactions per hour within two years of its launch.  This number will increase to 20 000 by Release 2.,"scalable, increasable or developable",periodic execution or efficacy performance,0.25951334834098816
The product shall be expected to operate for at least 5 years for each customer installation.,"scalable, increasable or developable",periodic execution or efficacy performance,0.29460713267326355
The product shall be used in office environments.,"working, running, connecting, interfacing, or operative environment","working, running, connecting, interfacing, or operative environment",0.46940338611602783
The product must be able to interface with any HTML browser.  The product shall transmit data between the user and the product without problems. The product shall display HTML properly in 80% of all HTML browsers tested (minimum is to test 8 browsers).,"working, running, connecting, interfacing, or operative environment","appearance, interface, look & feel",0.4344346523284912
The product must be able to interface with various database management systems. The product shall communicate successfully with the database management system on 100% of all transactions.,"working, running, connecting, interfacing, or operative environment","appearance, interface, look & feel",0.4147627055644989
The product must be able to interface with various email servers. The product shall be able to send email.,"working, running, connecting, interfacing, or operative environment","working, running, connecting, interfacing, or operative environment",0.43827024102211
The product shall be available for distribution via the Internet as a binary or ZIP file.,"working, running, connecting, interfacing, or operative environment","appearance, interface, look & feel",0.31378185749053955
The product shall be available for distribution as a packaged CD.,"working, running, connecting, interfacing, or operative environment","security, authorization, or protection",0.32998186349868774
 The product will be available for licensing as a one-server  two-five servers  or five-or-more servers license.,"working, running, connecting, interfacing, or operative environment","appearance, interface, look & feel",0.3242715001106262
A new user must be able to be added to the system within 10 minutes.  90% of new users are able to log into the system within 10 minutes.,"instructive, easy, helpful, useful, learnable, explainable, affordable, intuitive, or understandable","maintaining, fixing, running or updating",0.3612707853317261
The product must be designed using Design Patterns and coding best practices.  90% of maintenance software developers are able to integrate new functionality into the product with 2 working days.,"maintaining, fixing, running or updating","maintaining, fixing, running or updating",0.5371333360671997
The product must be highly configurable for use with various database management systems for the end users.  80% of end users are able to integrate new database management systems with the product without changing the product’s software code.,"maintaining, fixing, running or updating","instructive, easy, helpful, useful, learnable, explainable, affordable, intuitive, or understandable",0.40753084421157837
Maintenance releases will be offered to customers once a year.  The releases shall take no longer than 5 minutes for 80% of the customer base to install.,"maintaining, fixing, running or updating",system recovery & fault tolerance,0.284396767616272
Every registered user will have access to the product’s support site via the Internet.  70% of registered users shall find a solution to their problem within 5 minutes of using the support site.,"instructive, easy, helpful, useful, learnable, explainable, affordable, intuitive, or understandable",system recovery & fault tolerance,0.19379736483097076
The customer shall be able to easily integrate new building maps with the product throughout the product’s lifecycle.  Integration of new maps with the product shall be possible with little to no support from product support staff.,"maintaining, fixing, running or updating","maintaining, fixing, running or updating",0.3313852548599243
 The product shall be translated into foreign languages other than the target market countries’ languages in future releases.  For each emerging target market  it shall take no more than 5 days to configure the product for that market’s language.,"instructive, easy, helpful, useful, learnable, explainable, affordable, intuitive, or understandable","working, running, connecting, interfacing, or operative environment",0.16842564940452576
 The product is expected to integrate with multiple database management systems.  The product will operate with Oracle  SQL Server  DB2  MySQL  HSQL  and MS Access.,"working, running, connecting, interfacing, or operative environment","appearance, interface, look & feel",0.41388368606567383
The product shall be able to be installed in any operating environment within 2 days.,"working, running, connecting, interfacing, or operative environment","maintaining, fixing, running or updating",0.41692253947257996
The product shall ensure that only company employees or external users with company-approved user IDs may have product access.  100% of all logons shall be by either company employees or external users with company-approved user IDs.,"security, authorization, or protection","appearance, interface, look & feel",0.35397738218307495
Only managers are able to perform search queries for reservations by user.  100% of all search queries for reservations by user shall be from logons of only management logons.,"security, authorization, or protection","appearance, interface, look & feel",0.22974470257759094
The product shall ensure that the database’s data corresponds to the data entered by the user.  Each conference room reservation in the system will contain the same information as was entered by the user.,"security, authorization, or protection","appearance, interface, look & feel",0.4156242609024048
The product shall prevent the input of malicious data.  The product and/or adjacent hardware/software systems’ data shall remain 100% uncorrupted each time malicious data is input into the product.,"security, authorization, or protection",system recovery & fault tolerance,0.49663811922073364
The product and/or dependent databases/filesystems shall remain operational as a result of the input of malicious data.  The product and/or dependent databases/filesystems shall not crash 100% of the time that malicious data is input into the product.,system recovery & fault tolerance,system recovery & fault tolerance,0.5008370876312256
The product shall have the ability to receive automatic software updates as new threats emerge.  100% of customers will be able to receive automatic software updates transmitted to the installed product.,"security, authorization, or protection","maintaining, fixing, running or updating",0.563959538936615
The language of the product shall accommodate all of the target market countries. 90% of survey respondents from each target market country will find that the language of the product is acceptable.,"scalable, increasable or developable","instructive, easy, helpful, useful, learnable, explainable, affordable, intuitive, or understandable",0.4251626133918762
The product shall be able to display calendar dates and times according to the user’s locale.  90% of survey respondents from each target market country will find that the date and time formatting of the product is correct.,"instructive, easy, helpful, useful, learnable, explainable, affordable, intuitive, or understandable","maintaining, fixing, running or updating",0.3697526752948761
The product must be developed with the J2SE/J2EE programming language libraries,"working, running, connecting, interfacing, or operative environment","working, running, connecting, interfacing, or operative environment",0.44167473912239075
Recreation of Inventory Quantity Adjustment for the period of previous 30 days shall take no more than 30min.,periodic execution or efficacy performance,periodic execution or efficacy performance,0.40968671441078186
The System shall allow for a minimum of  6 users to work at the same time.,periodic execution or efficacy performance,"working, running, connecting, interfacing, or operative environment",0.45132720470428467
The System shall utilize currently owned computer equipment.,"working, running, connecting, interfacing, or operative environment","maintaining, fixing, running or updating",0.5106223821640015
The System shall be able to automatically backup business data and restore them on demand.,"working, running, connecting, interfacing, or operative environment",system recovery & fault tolerance,0.4458775520324707
The System shall maintain consistent security.  Any changes in user passwords and/or permissions should take affect in all parts of the System.,"security, authorization, or protection","security, authorization, or protection",0.5755599141120911
The System shall granularly control access rights to all major subsystems.  It should be possible to assign access rights to all subsystems independently.,"security, authorization, or protection","scalable, increasable or developable",0.48053863644599915
The System shall meet all applicable accounting standards.  The final version of the System must successfully pass independent audit performed by a certified auditor.,"legal, law, or rules",system recovery & fault tolerance,0.4640733301639557
The System shall not require additional third party licenses resulting in royalty fees.,"working, running, connecting, interfacing, or operative environment",periodic execution or efficacy performance,0.28457558155059814
Administrator shall be able to activate a pre-paid card via the Administration section in under 5 seconds.,periodic execution or efficacy performance,periodic execution or efficacy performance,0.26136988401412964
 Customer shall be able to check the status of their prepaid card  by entering in the PIN number  in under 5 seconds.,periodic execution or efficacy performance,system recovery & fault tolerance,0.15339601039886475
System shall let customers register on the website as a “pay as you go” user in under 5 minutes.,periodic execution or efficacy performance,system recovery & fault tolerance,0.16566741466522217
System shall let customers register on the website as a “unlimited movie subscriber” user in under 10 minutes.,periodic execution or efficacy performance,periodic execution or efficacy performance,0.23433101177215576
System shall let existing customers log into the website with their email address and password in under 5 seconds.,periodic execution or efficacy performance,system recovery & fault tolerance,0.16910132765769958
 System shall let customers cancel their account  process shall take no longer than 2 minutes.  Database will mark the account as inactive  and user will not be able to log into the website.,periodic execution or efficacy performance,system recovery & fault tolerance,0.14337578415870667
System shall let administrator de-activate a customer account in under 1 minute. Customer will no longer be able to access the website.,periodic execution or efficacy performance,"maintaining, fixing, running or updating",0.25104278326034546
System shall let administrator add/remove movies on the website in under 5 minutes.  Entered movie information will be stored in the database and will now be available on the website.,periodic execution or efficacy performance,system recovery & fault tolerance,0.19000732898712158
System shall let the administrator add/remove categories on the website in under 5 minutes.,periodic execution or efficacy performance,system recovery & fault tolerance,0.2951209843158722
System shall let Izogn Manager access sales and usage statistics in under 2 minutes.,periodic execution or efficacy performance,periodic execution or efficacy performance,0.2458232194185257
System shall let administrators generate unique pre-paid pins in under 2 minutes and generate an Excel file with the generated PINs.,periodic execution or efficacy performance,system recovery & fault tolerance,0.27565255761146545
The website shall be attractive to all audiences.  The website shall appear to be fun and the colors should be bright and vibrant.,"appearance, interface, look & feel","instructive, easy, helpful, useful, learnable, explainable, affordable, intuitive, or understandable",0.5569159984588623
 The website should have an African feel  but should not alienate non-Africans.  The website should use animation on pages which are describing the services  to grab the users attention and encourage them to sign up.,"appearance, interface, look & feel","appearance, interface, look & feel",0.3632908761501312
 The website design should be modern  clean  and concise.,"appearance, interface, look & feel","instructive, easy, helpful, useful, learnable, explainable, affordable, intuitive, or understandable",0.4960344433784485
The product should be able to be used by 90% of novice users on the Internet.,"instructive, easy, helpful, useful, learnable, explainable, affordable, intuitive, or understandable","instructive, easy, helpful, useful, learnable, explainable, affordable, intuitive, or understandable",0.26124700903892517
 Users should only have to navigate through a maximum of 4 pages  to create an account with the website.,"instructive, easy, helpful, useful, learnable, explainable, affordable, intuitive, or understandable","appearance, interface, look & feel",0.17281900346279144
Users should be able to access their streaming movies in under 2 clicks after logging into the website.,"instructive, easy, helpful, useful, learnable, explainable, affordable, intuitive, or understandable","appearance, interface, look & feel",0.16185104846954346
An anonymous survey will show that 70% of customers are comfortable purchasing streaming movies after 2 weeks using the website.,"instructive, easy, helpful, useful, learnable, explainable, affordable, intuitive, or understandable",periodic execution or efficacy performance,0.08820042759180069
An anonymous survey will show that 95% of customers are comfortable using and purchasing pre-paid cards after a month of using the system.,"instructive, easy, helpful, useful, learnable, explainable, affordable, intuitive, or understandable",periodic execution or efficacy performance,0.18232519924640656
The product shall retain the customer’s buying preferences and information.,"instructive, easy, helpful, useful, learnable, explainable, affordable, intuitive, or understandable",system recovery & fault tolerance,0.39015915989875793
The product shall be easy for customers with novice skills on the  Internet to purchase and watch streaming movies.  Customers should be able to purchase and watch a pre-determined movie in under 3 minutes.,"instructive, easy, helpful, useful, learnable, explainable, affordable, intuitive, or understandable","instructive, easy, helpful, useful, learnable, explainable, affordable, intuitive, or understandable",0.29151222109794617
The product shall use symbols and words that are naturally understandable by users familiar with websites,"instructive, easy, helpful, useful, learnable, explainable, affordable, intuitive, or understandable","appearance, interface, look & feel",0.5358975529670715
The website will use standard Internet conventions when interacting with the user.,"instructive, easy, helpful, useful, learnable, explainable, affordable, intuitive, or understandable","appearance, interface, look & feel",0.49301987886428833
 Any interface between a user and the automated system shall have a maximum response time of 5 seconds  unless noted by an exception below.,periodic execution or efficacy performance,system recovery & fault tolerance,0.4354279339313507
 When purchasing a streaming movie or pre-paid card via credit card  the processing time should have a maximum response time of 15 seconds.,periodic execution or efficacy performance,periodic execution or efficacy performance,0.16636738181114197
 When streaming a movie  the buffering time should take no longer than 10 seconds (plus any latency on the user’s connection.),periodic execution or efficacy performance,periodic execution or efficacy performance,0.22206196188926697
 While streaming a movie  buffering should only occur if there is latency in the user’s connection.,periodic execution or efficacy performance,system recovery & fault tolerance,0.2496233731508255
 All credit card information will be secured on the server  and only accessible by authorized Izogn administrators.  Information will be encrypted in the database.,"security, authorization, or protection","security, authorization, or protection",0.2773670554161072
 The website shall be available for use 24 hours per day  365 days per year.,avaliable or timely achievable,"working, running, connecting, interfacing, or operative environment",0.3730108439922333
The website shall achieve 99.5% up time.,avaliable or timely achievable,periodic execution or efficacy performance,0.2461543083190918
 All movies shall be streamed on demand  at any time of the day.,avaliable or timely achievable,periodic execution or efficacy performance,0.25150394439697266
The website shall continue to operate if the streaming server goes down.,system recovery & fault tolerance,periodic execution or efficacy performance,0.39772775769233704
The website shall continue to operate if the payment gateway goes down.,system recovery & fault tolerance,periodic execution or efficacy performance,0.4189906418323517
The streaming server will support 50 simultaneous streaming connections.,"scalable, increasable or developable",periodic execution or efficacy performance,0.17604966461658478
The streaming server will support a maximum of 700 movies; new servers can be added to support more movies.,"scalable, increasable or developable",periodic execution or efficacy performance,0.18836720287799835
 The server will support a maximum of 1 000 simultaneous users.,"scalable, increasable or developable","scalable, increasable or developable",0.319365918636322
 The website shall be capable of supporting 100 000 customers.,"scalable, increasable or developable","instructive, easy, helpful, useful, learnable, explainable, affordable, intuitive, or understandable",0.285744845867157
The product shall be expected to operate within the maximum maintenance budget for a minimum of 2 years.,"maintaining, fixing, running or updating","maintaining, fixing, running or updating",0.40941283106803894
All aspects of the website shall be accessed by a web browser over the Internet.,"working, running, connecting, interfacing, or operative environment","appearance, interface, look & feel",0.3566620945930481
The same hardware supporting the current website will be used to support the new system.,"working, running, connecting, interfacing, or operative environment","maintaining, fixing, running or updating",0.5028142929077148
 We must be able to interface with the following browsers: IE 5.X  6.0  Netscape 6.x  7.x  8.x and Firefox 1.0.,"working, running, connecting, interfacing, or operative environment","appearance, interface, look & feel",0.40271514654159546
Website must interface with the CyberSource API to process credit card transactions.,"working, running, connecting, interfacing, or operative environment","appearance, interface, look & feel",0.3428599238395691
Website must be fully operational with MSN TV2.,"working, running, connecting, interfacing, or operative environment","appearance, interface, look & feel",0.3273265063762665
Movies shall be encoded and streamed via Windows Media Player 9.0.,"working, running, connecting, interfacing, or operative environment","appearance, interface, look & feel",0.28885167837142944
Movies shall be encoded for 56k and 256k streams.,"working, running, connecting, interfacing, or operative environment","appearance, interface, look & feel",0.1693524718284607
Promotional updates to the website should take a day to update.,"maintaining, fixing, running or updating","maintaining, fixing, running or updating",0.4208337962627411
Izogn Administrator must be able to update the category listings on the website within 2 minutes.,periodic execution or efficacy performance,"maintaining, fixing, running or updating",0.3494985103607178
Izogn Administrator must be able to add new products to the website within 2 minutes.,periodic execution or efficacy performance,"maintaining, fixing, running or updating",0.2538638710975647
The system will provide a 24 hour 800 toll free number for support to its customers.,avaliable or timely achievable,"instructive, easy, helpful, useful, learnable, explainable, affordable, intuitive, or understandable",0.3548758029937744
The website will provide a help section with answers and solutions to common problems.,"instructive, easy, helpful, useful, learnable, explainable, affordable, intuitive, or understandable","instructive, easy, helpful, useful, learnable, explainable, affordable, intuitive, or understandable",0.4425407350063324
 Velkat staff will be available for phone support between 7am-7pm  M-F to provide technical support to the Izogn administrators.,avaliable or timely achievable,"working, running, connecting, interfacing, or operative environment",0.2866898775100708
The product shall be able to be installed in the specified environment within 1 working day.,"working, running, connecting, interfacing, or operative environment","maintaining, fixing, running or updating",0.5227046608924866
Only registered customers can purchase streaming movies.,"security, authorization, or protection",system recovery & fault tolerance,0.07622408866882324
 A customer can only stream a movie if they purchased it  and are within the 2 day viewing period.,"security, authorization, or protection",periodic execution or efficacy performance,0.09043131023645401
Only authorized personnel can access customer records in the database.,"security, authorization, or protection","security, authorization, or protection",0.24727724492549896
Only administrators can activate a pre-paid card.,"security, authorization, or protection","security, authorization, or protection",0.24612374603748322
Only authorized personnel can access sales information.,"security, authorization, or protection","scalable, increasable or developable",0.20222902297973633
The website shall prevent its data from being corrupted when incorrect data is entered in.,"security, authorization, or protection",system recovery & fault tolerance,0.4414190948009491
 The website shall protect itself from intentional abuse  and notify the administrator at all occurrences.,"security, authorization, or protection","security, authorization, or protection",0.4965985417366028
Data integrity scripts will be run on a weekly basis to verify the integrity of the database.,"security, authorization, or protection",periodic execution or efficacy performance,0.47491225600242615
 The website shall make its user aware of its information practices before collection data from them via a Privacy Policy  accessible on all pages of the website.,"security, authorization, or protection","security, authorization, or protection",0.4354548454284668
The system shall notify customers of changes to its information policy.,"security, authorization, or protection","security, authorization, or protection",0.33179059624671936
The system shall reveal private information only in compliance with the organization’s information policy.,"security, authorization, or protection","security, authorization, or protection",0.2996799945831299
 All customer information will be stored on a secure database  accessible only to authorized personnel.,"security, authorization, or protection","security, authorization, or protection",0.36290600895881653
All credit card information will be encrypted in the database.,"security, authorization, or protection","security, authorization, or protection",0.2761979401111603
The streaming server will have anti-virus software to prevent infection of malicious viruses.,"security, authorization, or protection",system recovery & fault tolerance,0.39327770471572876
The website should cater to all tribes in Nigeria.,"appearance, interface, look & feel","appearance, interface, look & feel",0.27870702743530273
The website shall not be offensive to religious or ethnic groups.,"appearance, interface, look & feel","instructive, easy, helpful, useful, learnable, explainable, affordable, intuitive, or understandable",0.40425819158554077
 The website should appeal to all Africans  not only Nigerians.,"appearance, interface, look & feel","appearance, interface, look & feel",0.3207302391529083
The website should use Flash to provide animation on the home page.,"working, running, connecting, interfacing, or operative environment","appearance, interface, look & feel",0.2505737841129303
IzognMovies shall meet the licensing requirements set forth by the appropriate organizations in order to stream African movies.,"legal, law, or rules","appearance, interface, look & feel",0.25344210863113403
The website will comply with W3C standards.,"legal, law, or rules","security, authorization, or protection",0.5067712664604187
The PHP code will comply with PEAR standards.,"legal, law, or rules",periodic execution or efficacy performance,0.3974913954734802
Total lead cycle time must be completed in 5 minutes for 90% of lead volume between the business hours of 8AM CST to 8PM CST; then 3 minutes for 99% of lead volume during off business hours.,periodic execution or efficacy performance,system recovery & fault tolerance,0.10339640080928802
No lead evaluation will complete in a time period longer than 25 seconds for 97% of all leads processed.,periodic execution or efficacy performance,periodic execution or efficacy performance,0.18989138305187225
For leads that process longer than 25 seconds the system will record the event and duration,periodic execution or efficacy performance,periodic execution or efficacy performance,0.44223475456237793
The process must fit within the processing time conditions set forth by the Auto Rep Assignment process in which a lead is assigned within 3 minutes of the total life cycle.,periodic execution or efficacy performance,"working, running, connecting, interfacing, or operative environment",0.42760372161865234
The lead washing process will operate within the established physical web service structure.,"working, running, connecting, interfacing, or operative environment","working, running, connecting, interfacing, or operative environment",0.4273507297039032
 The washing process must use a non binding  neutral data format  such as xml  when receiving and processing lead data.,"working, running, connecting, interfacing, or operative environment","security, authorization, or protection",0.2954072654247284
Defect reports will be available to technical units on a 24x7 basis.,avaliable or timely achievable,system recovery & fault tolerance,0.3946557343006134
Washing parameters will be updated during scheduled maintenance hours.,"maintaining, fixing, running or updating","maintaining, fixing, running or updating",0.5809357166290283
The product shall simulate the look of ships at sea.,"appearance, interface, look & feel","appearance, interface, look & feel",0.4470679461956024
The product shall display the grids within a circle as a view from a periscope.,"appearance, interface, look & feel","appearance, interface, look & feel",0.4075767993927002
The product shall display each type of ship in a grid using an image of the specific type of ship.,"appearance, interface, look & feel","appearance, interface, look & feel",0.4186865985393524
 When the offensive player takes a shot  the product shall simulate the sound of a ship at sea.,"appearance, interface, look & feel",system recovery & fault tolerance,0.2918742001056671
 When a shot is marked as a miss  the product shall simulate the sound of a shot missing its target.,"appearance, interface, look & feel",system recovery & fault tolerance,0.45893341302871704
 When a shot is marked as a hit  the product shall simulate the sound of a shot hitting its target.,"appearance, interface, look & feel",system recovery & fault tolerance,0.43127480149269104
 When a ship is sunk  the product shall simulate the sound of a sinking ship.,"appearance, interface, look & feel",system recovery & fault tolerance,0.36508604884147644
 The product shall be available 24 hours per day  seven days per week.,avaliable or timely achievable,periodic execution or efficacy performance,0.39393487572669983
The product shall able to handle a large number of games simultaneously.,periodic execution or efficacy performance,"scalable, increasable or developable",0.5235621333122253
The response time shall be fast enough to maintain the flow of the game.  The response time shall be no more than 2 seconds for 95% of responses and no more than 4% for the remaining responses.,periodic execution or efficacy performance,system recovery & fault tolerance,0.3870784640312195
The product shall protect the identity of the players. The product shall provide players no access to information that might reveal the identity of another player.,periodic execution or efficacy performance,"security, authorization, or protection",0.4183133542537689
The product shall be intuitive and self-explanatory.  Nine out ten users shall be able to successfully complete a game with no training.,"instructive, easy, helpful, useful, learnable, explainable, affordable, intuitive, or understandable","instructive, easy, helpful, useful, learnable, explainable, affordable, intuitive, or understandable",0.5363149642944336
 The product shall be available to players who understand English  Spanish and French.  The product shall allow the user to select the language upon accessing the product.,"instructive, easy, helpful, useful, learnable, explainable, affordable, intuitive, or understandable","appearance, interface, look & feel",0.31220391392707825
The product shall provide players no access to information that might reveal the identity of another player,"security, authorization, or protection","security, authorization, or protection",0.2575264573097229
The response time shall be fast enough to maintain the flow of the game. The response time shall be no more than 2 seconds for 95% of responses and no more than 4% for the remaining responses.,periodic execution or efficacy performance,system recovery & fault tolerance,0.3870784640312195
The system shall be easy to use by callers and supervisors. Callers and supervisors must be able to accomplish any system task within 2 minutes.,"instructive, easy, helpful, useful, learnable, explainable, affordable, intuitive, or understandable","instructive, easy, helpful, useful, learnable, explainable, affordable, intuitive, or understandable",0.5047364830970764
The system shall be easy to learn by callers and supervisors. Callers and supervisors shall learn how to use the system within 10 minutes.,"instructive, easy, helpful, useful, learnable, explainable, affordable, intuitive, or understandable","instructive, easy, helpful, useful, learnable, explainable, affordable, intuitive, or understandable",0.49417632818222046
 The system shall be responsive. At the DePaul TeleServices Center  when a supervisor uses the system to view a callers schedule  the system response time must be no more than 2 seconds 90% of the time and no more than 5 seconds the rest of the time.,periodic execution or efficacy performance,system recovery & fault tolerance,0.3525921404361725
 On a 56k connection  the system response time for all operations must be no more than 6 seconds 90% of the time.,periodic execution or efficacy performance,"scalable, increasable or developable",0.2086758017539978
 On a 112k connection or faster  the system response time for all operations must be no more than 3 seconds 90% of the time.,periodic execution or efficacy performance,periodic execution or efficacy performance,0.3502001464366913
The system shall have high availability every day of the year.The system must be available for use between 12:00AM and 6:00PM all days of the year.,avaliable or timely achievable,"maintaining, fixing, running or updating",0.4175868630409241
The system must be available for use between 7:00AM and 11:59PM all days of the year.,avaliable or timely achievable,periodic execution or efficacy performance,0.314520925283432
The product shall be internet browser independent.The product must run using Internet Explorer and Netscape Navigator.,"maintaining, fixing, running or updating","appearance, interface, look & feel",0.32232314348220825
The product shall ensure that only supervisors can advertise empty time slots.The product must ensure that supervisors are allowed to access advertise empty time slots.,"security, authorization, or protection",system recovery & fault tolerance,0.3863338828086853
The product shall ensure that only supervisors can enter a caller’s schedule.The product must ensure that supervisors are allowed to access advertise empty time slots.,"security, authorization, or protection",system recovery & fault tolerance,0.34490954875946045
The product shall ensure that only supervisors can view schedule of all callers.The product must ensure that supervisors are allowed to access advertise empty time slots.,"security, authorization, or protection",system recovery & fault tolerance,0.35025855898857117
 The interface shall have a simple look. In the interface and usability survey  90% of beta testers must report that the interface is adequately simple.,"appearance, interface, look & feel","instructive, easy, helpful, useful, learnable, explainable, affordable, intuitive, or understandable",0.5117034912109375
 The interface shall be appealing to callers and supervisors. In the interface and usability survey  80% of beta testers must report that the interface is appealing.,"appearance, interface, look & feel","instructive, easy, helpful, useful, learnable, explainable, affordable, intuitive, or understandable",0.4359990656375885
The product shall provide GUI based Monitoring Services.System Administrators shall monitor message exchanges will predict and determine problems and will also provide internal and external support.,"appearance, interface, look & feel",system recovery & fault tolerance,0.44455328583717346
The product shall comply with City of Chicago Application Development Guide Framework.Application Development Framework will provide structured Graphical User Interface.,"appearance, interface, look & feel","appearance, interface, look & feel",0.5413259863853455
The product shall provide Monitoring Services.The product shall be easy for System Administrators and DBAs to use after two weeks of usage.,"instructive, easy, helpful, useful, learnable, explainable, affordable, intuitive, or understandable","instructive, easy, helpful, useful, learnable, explainable, affordable, intuitive, or understandable",0.48080694675445557
The product shall provide Error Tracking Services.The product shall help the System Administrators and DBAs to resolve transaction errors 99% of the time.,"instructive, easy, helpful, useful, learnable, explainable, affordable, intuitive, or understandable",system recovery & fault tolerance,0.453896164894104
The product shall provide Portals.The product shall help System Administrators to analyze the transactions with ad-hoc reporting and KPIs (Key Performance Indicators),"instructive, easy, helpful, useful, learnable, explainable, affordable, intuitive, or understandable","appearance, interface, look & feel",0.47983241081237793
The product shall provide Asynchronous Messaging.The product shall provide asynchronous messaging to enable parallel processing and reduce the overhead in communications,periodic execution or efficacy performance,system recovery & fault tolerance,0.3893793523311615
The product shall provide Multi-threading and Load Balancing.The product shall provide multi-threading technology as well as load balancing to overcome data load spikes and traffic.,periodic execution or efficacy performance,"working, running, connecting, interfacing, or operative environment",0.4841157793998718
The product shall process messages within 2 seconds.The product shall have a maximum message processing time of 2 seconds,periodic execution or efficacy performance,"working, running, connecting, interfacing, or operative environment",0.3493340313434601
The product shall poll the system for messages every second.The product shall poll the system for new messages at a maximum of every 1 second.,periodic execution or efficacy performance,"maintaining, fixing, running or updating",0.26676058769226074
The product shall provide Dynamic Change Support and Transparent resource addition.The product shall support Transparent Resource addition and Dynamic Change support to provide scalability and avoid service interruptions of more than 1 day.,periodic execution or efficacy performance,"maintaining, fixing, running or updating",0.6168127059936523
The product shall be available 99% of the time. Rationale: To avoid service interruption during busiest customer service response periods. The product shall be available 99.99% of the time for regular business days.,avaliable or timely achievable,"instructive, easy, helpful, useful, learnable, explainable, affordable, intuitive, or understandable",0.4148421585559845
The product shall be robust.The product shall have fault avoidance based on standards adoption.,system recovery & fault tolerance,system recovery & fault tolerance,0.612034261226654
The product shall be robust with fault tolerance.The product shall have fault tolerance by using recovery technique compensatory transaction and routing around failures.,system recovery & fault tolerance,system recovery & fault tolerance,0.7577983140945435
The product shall be able to process all transactions.The product shall process minimum of 1 million transactions per year.,"scalable, increasable or developable","maintaining, fixing, running or updating",0.37738969922065735
The product shall be platform independent.The product shall enable access to any type of development environment and platform.,"working, running, connecting, interfacing, or operative environment","appearance, interface, look & feel",0.49978190660476685
The product shall interface CSR and Datastream.The product shall exchange messages between CSR and EAM on a real time basis without any direct interfaces between two systems.,"working, running, connecting, interfacing, or operative environment","scalable, increasable or developable",0.34152352809906006
 : The product shall continue to operate during upgrade  change or new resource addition.The product shall be able to continue to operate with no interruption in service due to new resource additions.,"maintaining, fixing, running or updating","maintaining, fixing, running or updating",0.6373607516288757
The product shall be updated on a regular basis.The product will have a new major feature introduced every six months and quarterly maintenance releases every six months.,"maintaining, fixing, running or updating","maintaining, fixing, running or updating",0.6006876230239868
The product shall operate with every platform.The product shall accommodate any new technology without any change in its architecture.,"maintaining, fixing, running or updating","scalable, increasable or developable",0.46924489736557007
 The product shall have security.The product shall provide authentication  and authorization.,"security, authorization, or protection","security, authorization, or protection",0.8226229548454285
The product shall information Security. The product shall enable privacy by encryption WS-Security and Integrity Checking.,"security, authorization, or protection","security, authorization, or protection",0.6265751719474792
The product shall have audit capabilities.The product shall store messages for a minimum of one year for audit and transaction tracking purposes.,"security, authorization, or protection",system recovery & fault tolerance,0.4301941394805908
The system shall use IBM and CCR branding standards. The interface must have one IBM logo and one CCR logo.,"appearance, interface, look & feel","appearance, interface, look & feel",0.400655597448349
The system shall be displayable on any work computer a CCR user may have. The system interface shall be formatted to display at 800 by 600 pixel resolution.,"appearance, interface, look & feel","appearance, interface, look & feel",0.36823779344558716
The system interface will use CCR nomenclature. The system must use the same nomenclature used in the existing WCS system and reports,"appearance, interface, look & feel","working, running, connecting, interfacing, or operative environment",0.38078194856643677
The interface must summarize the data in a fashion that’s appealing to CCR management. Every report type must have at least one high level summary shown in the results dashboard/interface,"appearance, interface, look & feel","appearance, interface, look & feel",0.4509771168231964
The system must use a point and click interface. 100% of all selection and navigation functionality must be able to be activated/selected by either a mouse or a keyboard,"instructive, easy, helpful, useful, learnable, explainable, affordable, intuitive, or understandable","appearance, interface, look & feel",0.3944447934627533
The interface shall be easy to use. 90% of users should be able to successfully use the system to generate a report on their first use. The interface should adhere to IBM usability standards.,"instructive, easy, helpful, useful, learnable, explainable, affordable, intuitive, or understandable","instructive, easy, helpful, useful, learnable, explainable, affordable, intuitive, or understandable",0.511555552482605
Rreports must be easy to generate. eports must be generated within one button click and exported within one button click (after selecting the report),"instructive, easy, helpful, useful, learnable, explainable, affordable, intuitive, or understandable","instructive, easy, helpful, useful, learnable, explainable, affordable, intuitive, or understandable",0.5792245268821716
A user shall be able to use the system without instruction after a short amount of time. After one use a user should understand and remember 90% of the system usage and navigation.,"instructive, easy, helpful, useful, learnable, explainable, affordable, intuitive, or understandable",system recovery & fault tolerance,0.45572739839553833
All CCR users shall receive training before the WCS system is deployed. One training session will be held for 100% of CCR users before system deployment (based on a CCR user being available),"instructive, easy, helpful, useful, learnable, explainable, affordable, intuitive, or understandable","working, running, connecting, interfacing, or operative environment",0.3444513976573944
The WCS system shall use appropriate nomenclature and terminology as defined by the Corporate Community Grants organization. All interfaces and reports will undergo usability tests by CCR users.,"instructive, easy, helpful, useful, learnable, explainable, affordable, intuitive, or understandable","working, running, connecting, interfacing, or operative environment",0.3978663682937622
The WCS system shall be available at all times as long as IBM’s internal intranet W3 is accessible. The WCS system will be available 95% of the time IBM’s internal intranet W3 is available.,avaliable or timely achievable,"maintaining, fixing, running or updating",0.4293319582939148
The WCS system shall have the ability to connect other designated WCS databases currently not included in the system.,"scalable, increasable or developable","working, running, connecting, interfacing, or operative environment",0.44244685769081116
The WCS system shall have the ability to include data for regions outside the United States and be accessed by users outside of the United States if approved by CCR management.,"scalable, increasable or developable","security, authorization, or protection",0.44175857305526733
The WCS system shall be run in a Windows environment. The WCS shall be accessed by users through the Internet on an IBM computer running a Windows 2000 or above operating system.,"working, running, connecting, interfacing, or operative environment","appearance, interface, look & feel",0.31581592559814453
The Brio portion of the WCS system must be able to export files in spreadsheet form (Microsoft Excel and Lotus 1-2-3 formats).  Brio will provide buttons in the user interface that produce/export reports in .xls or .123 file formats.,"working, running, connecting, interfacing, or operative environment","working, running, connecting, interfacing, or operative environment",0.3653927445411682
The WCS system must run queries to the WCS databases once again (on a specified day) to update the available data available to CCR users. Queries must be made to external databases for data refresh once a week.,"maintaining, fixing, running or updating","maintaining, fixing, running or updating",0.4672130346298218
 All changes  updates  and additions to the WCS system shall be updated in the WCS Developer and WCS User Guides. Every change must be reflected in WCS system documentation,"maintaining, fixing, running or updating","maintaining, fixing, running or updating",0.6534304618835449
The system shall only be accessed by authorized Corporate Community Grants (CCR) employees. Users must be authenticated using their IBM intranet user name and password.,"security, authorization, or protection","security, authorization, or protection",0.19544783234596252
The WCS system shall not allow automatic logins by any user. Cookies containing WCS login information about a user will not be stored on a user’s computer.,"security, authorization, or protection","security, authorization, or protection",0.15120448172092438
Each team owner will need to use a username and password in order to be authenticated to reach the team owner’s page,"security, authorization, or protection","security, authorization, or protection",0.2827296257019043
The Commissioner will be the only authorized user per league to adjust league settings.,"security, authorization, or protection",system recovery & fault tolerance,0.2956978678703308
Each page shall contain a navigation menu which shows the index into which the current page is contained.,"appearance, interface, look & feel","appearance, interface, look & feel",0.42632579803466797
Each page shall contain a similar format with action items in one location and navigation buttons in a different location.,"appearance, interface, look & feel","appearance, interface, look & feel",0.5881056189537048
The message board shall contain the 5 most recently posted messages on the league page. The messages will contain up to the first 150 characters of the message.,"appearance, interface, look & feel",periodic execution or efficacy performance,0.09297847747802734
	A new user shall be able to navigate through the league and team pages within 30 seconds of reaching the start-up page.,"instructive, easy, helpful, useful, learnable, explainable, affordable, intuitive, or understandable",periodic execution or efficacy performance,0.2188207060098648
 	Users shall be able to reach the ‘add’  ‘drop’  and ‘trade player’ pages with one click from the team owner’s page.,"instructive, easy, helpful, useful, learnable, explainable, affordable, intuitive, or understandable","working, running, connecting, interfacing, or operative environment",0.3363650441169739
	Users shall be able to view at least 25 NFL player statistics and points on each page.,"instructive, easy, helpful, useful, learnable, explainable, affordable, intuitive, or understandable",periodic execution or efficacy performance,0.15979385375976562
The application shall ask the user to confirm dropping a player or trading a player before performing the action.,"instructive, easy, helpful, useful, learnable, explainable, affordable, intuitive, or understandable",system recovery & fault tolerance,0.2584102749824524
The application shall be able to complete every user transaction within one fourth of a second of receiving the request over the network.,periodic execution or efficacy performance,"working, running, connecting, interfacing, or operative environment",0.3567570149898529
The application shall have a downtime of at most 10 minutes per year.,avaliable or timely achievable,periodic execution or efficacy performance,0.3965449035167694
The application shall run on a web application server.,"working, running, connecting, interfacing, or operative environment","working, running, connecting, interfacing, or operative environment",0.4193187952041626
A primary database will be used to store cached data for active users.,"working, running, connecting, interfacing, or operative environment","working, running, connecting, interfacing, or operative environment",0.4329753518104553
A secondary database will be used to store historical statistics and data.,"working, running, connecting, interfacing, or operative environment",periodic execution or efficacy performance,0.33234095573425293
Application updates shall occur between 3AM and 6 AM CST on Wednesday morning during the middle of the NFL season.,"maintaining, fixing, running or updating",periodic execution or efficacy performance,0.2298300564289093
New System version releases shall be released at the beginning of each NFL season.,"maintaining, fixing, running or updating","maintaining, fixing, running or updating",0.256261944770813
 	The RFS system should be available 24/7  especially during the budgeting period. The RFS system shall be available 90% of the time all year  and 98% during the budgeting period. 2% of the time  the system will become available within 1 hour of the time that the situation is reported.,avaliable or timely achievable,periodic execution or efficacy performance,0.3918759822845459
98% of the user workstations shall meet the minimum hardware requirements prior to implementation. Minimum Hard Disk Space:  400MB.,"working, running, connecting, interfacing, or operative environment","maintaining, fixing, running or updating",0.2465781718492508
98% of the user workstations shall meet the minimum software requirements prior to implementation: Microsoft Internet Explorer 5.0. Microsoft .NET Framework 1.1. Microsoft Internet Explorer Web Controls,"working, running, connecting, interfacing, or operative environment","maintaining, fixing, running or updating",0.32194072008132935
 	The RFS system should be able to easily interface with the BDW environment  in order to load the data. •	7 data files shall be received from the BDW and loaded into the RFS system within 3 hours one day prior to the start of budgeting process  every year. The data will be as of October month-end. 	Test files (7) shall be loaded up to 5 times throughout the year  from the BDW.,"working, running, connecting, interfacing, or operative environment","maintaining, fixing, running or updating",0.30059611797332764
 	Changes to revenue and expense formulae must be applied to the RFS system  every year  prior to the budgeting process start. Revenue and expense formulae will be updated within one week of their receipt  after which 2 weeks will be allotted to testing of the budget calculations  to be conducted jointly by the project development team and PCG Finance.,"maintaining, fixing, running or updating","maintaining, fixing, running or updating",0.3508097231388092
 	New branches/complexes/districts/regions and revenue/expense accounts added to the BDW  must be reflected in the RFS system. 100% of the entities (mentioned above) available as of October month-end  will be loaded into the RFS system  prior to the budget start process.,"maintaining, fixing, running or updating","maintaining, fixing, running or updating",0.3307717740535736
 	Only authorized user shall access the RFS system. ONLY users that exist in the UAS system  with the RFS system assigned to their role(s)  shall access the RFS system and use it.,"security, authorization, or protection","security, authorization, or protection",0.27542364597320557
	User access should be limited to the permissions granted to their role(s) Each level in the PCG hierarchy will be assigned a role and users will be assigned to these roles. Access to functionality within RFS system is dependent on the privileges/permission assigned to the role..,"security, authorization, or protection","security, authorization, or protection",0.3903602361679077
 	The product must comply with the intranet page standards and requirements of ENET Securities. 95% of the product look & feel will be approved by the Architecture group  prior to implementation. The remaining 5% will be corrected and approved within one month of product release.,"appearance, interface, look & feel","maintaining, fixing, running or updating",0.34716349840164185
 The intranet pages should display appropriately in all resolutions  from 800x600 and higher. The display of all the pages will be correct in 95% of the resolutions  prior to implementation. The remaining 5% will be corrected within a week of notification of the incorrect display.,"appearance, interface, look & feel",system recovery & fault tolerance,0.28186970949172974
 	The users should be able to easily use the system to successfully complete their budgets  within the stipulated time for completion. With a week of training prior to product implementation  98% of the users shall complete their budgets within the stipulated time.,"instructive, easy, helpful, useful, learnable, explainable, affordable, intuitive, or understandable","maintaining, fixing, running or updating",0.38458070158958435
 	The product interface should be fast. The response time of the product interface should not exceed 2 seconds 90% of the time. For 10% of the time  the response time should not be more than 10 seconds.not be more than 10 seconds.,periodic execution or efficacy performance,"maintaining, fixing, running or updating",0.3701137602329254
