Requirement text,Gold label,Predicated label,ZSL score
The system shall refresh the display every 60 seconds.,periodic execution or efficacy performance,periodic execution or efficacy performance,0.4549942910671234
The application shall match the color of the schema set forth by Department of Homeland Security,"appearance, interface, look & feel","security, authorization, or protection",0.3735356330871582
 If projected  the data must be readable.  On a 10x10 projection screen  90% of viewers must be able to read Event / Activity data from a viewing distance of 30,"instructive, easy, helpful, useful, learnable, explainable, affordable, intuitive, or understandable","scalable, increasable or developable",0.1436297595500946
 The product shall be available during normal business hours. As long as the user has access to the client PC  the system will be available 99% of the time during the first six months of operation.,avaliable or timely achievable,system recovery & fault tolerance,0.24996422231197357
 If projected  the data must be understandable. On a 10x10 projection screen  90% of viewers must be able to determine that Events or Activities are occuring in current time from a viewing distance of 100,"instructive, easy, helpful, useful, learnable, explainable, affordable, intuitive, or understandable",avaliable or timely achievable,0.14438456296920776
The product shall ensure that it can only be accessed by authorized users.  The product will be able to distinguish between authorized and unauthorized users in all access attempts,"security, authorization, or protection","security, authorization, or protection",0.4992748498916626
The product shall be intuitive and self-explanatory.  :  90% of new users shall be able to start the display of Events or Activities within 90 minutes of using the product.,"instructive, easy, helpful, useful, learnable, explainable, affordable, intuitive, or understandable",avaliable or timely achievable,0.2730548083782196
The product shall respond fast to keep up-to-date data in the display.,periodic execution or efficacy performance,avaliable or timely achievable,0.4707392752170563
The look and feel of the system shall conform to the user interface standards of the smart device.,"appearance, interface, look & feel","appearance, interface, look & feel",0.5516768097877502
 The user interface shall have standard menus  buttons for navigation,"appearance, interface, look & feel","appearance, interface, look & feel",0.3440464735031128
The system shall have a professional appearance,"appearance, interface, look & feel","legal, law, or rules",0.5759216547012329
The product shall have a consistent color scheme and fonts.,"appearance, interface, look & feel","appearance, interface, look & feel",0.4890764653682709
The system shall be used by realtors with no training.,"instructive, easy, helpful, useful, learnable, explainable, affordable, intuitive, or understandable","legal, law, or rules",0.356899619102478
The system shall be intuitive and self explanatory.,"instructive, easy, helpful, useful, learnable, explainable, affordable, intuitive, or understandable","appearance, interface, look & feel",0.4852049946784973
The product shall be easy for a realtor to learn.,"instructive, easy, helpful, useful, learnable, explainable, affordable, intuitive, or understandable","legal, law, or rules",0.37909600138664246
The product shall use symbols and words that are naturally understandable by the realtor community.,"instructive, easy, helpful, useful, learnable, explainable, affordable, intuitive, or understandable","instructive, easy, helpful, useful, learnable, explainable, affordable, intuitive, or understandable",0.3566070795059204
The product shall produce search results in an acceptable time,periodic execution or efficacy performance,avaliable or timely achievable,0.5134434700012207
The search results shall be returned no later 30      seconds  after the user has entered the search criteria,periodic execution or efficacy performance,avaliable or timely achievable,0.2892237901687622
The product shall generate a CMA report in an acceptable time.,periodic execution or efficacy performance,avaliable or timely achievable,0.4313466548919678
The CMA report shall be returned no later 60 seconds after the user has entered the CMA report criteria.,periodic execution or efficacy performance,avaliable or timely achievable,0.19573983550071716
The product shall synchronize contacts and appointments in an acceptable time.,periodic execution or efficacy performance,avaliable or timely achievable,0.31562694907188416
The product shall synchronize with the office system every hour.,periodic execution or efficacy performance,avaliable or timely achievable,0.45730966329574585
 The product shall be available for use 24 hours per day  365 days  per year,avaliable or timely achievable,periodic execution or efficacy performance,0.41592052578926086
 Out of 1000 accesses to the system  the system is available 999 times.,avaliable or timely achievable,"security, authorization, or protection",0.3349646329879761
The product shall operate in offline mode whenever internet connection is unavailable.,system recovery & fault tolerance,"working, running, connecting, interfacing, or operative environment",0.3081066310405731
 The product shall allow the user to view previously downloaded search results  CMA reports  and appointments.,system recovery & fault tolerance,"appearance, interface, look & feel",0.1587129831314087
The product shall retain user preferences in the event of a failure.,system recovery & fault tolerance,system recovery & fault tolerance,0.3938896358013153
100% of saved user preferences shall be restored when system comes back online.,system recovery & fault tolerance,system recovery & fault tolerance,0.2707573175430298
The product shall be able to support multiple remote users,"scalable, increasable or developable","scalable, increasable or developable",0.4836759865283966
The product shall be able support 1000 simultaneous users.,"scalable, increasable or developable","scalable, increasable or developable",0.4685959219932556
The product shall be capable of handling the existing 1000 users. This number is expected to grow 5 times within the next year.,"scalable, increasable or developable","scalable, increasable or developable",0.2821393609046936
The product shall be installed by an untrained realtor   without recourse to separately-printed instructions.,"instructive, easy, helpful, useful, learnable, explainable, affordable, intuitive, or understandable","working, running, connecting, interfacing, or operative environment",0.22919237613677979
90% of untrained realtors shall be able to install the product on their device without printed instructions,"instructive, easy, helpful, useful, learnable, explainable, affordable, intuitive, or understandable","legal, law, or rules",0.25128865242004395
Only registered realtors shall be able to access the system.,"security, authorization, or protection","security, authorization, or protection",0.4178883731365204
Every user of the system shall be authenticated and authorized.,"security, authorization, or protection",system recovery & fault tolerance,0.38687863945961
The product shall prevent its data from incorrect data being introduced.,"security, authorization, or protection","scalable, increasable or developable",0.4095606207847595
The system shall be easy to use by the Program Administrators/Nursing Staff Members.,"instructive, easy, helpful, useful, learnable, explainable, affordable, intuitive, or understandable","working, running, connecting, interfacing, or operative environment",0.33590030670166016
All of the users shall be able to use the system after one day of training.,"instructive, easy, helpful, useful, learnable, explainable, affordable, intuitive, or understandable","security, authorization, or protection",0.32670092582702637
The system shall help the user avoid making mistakes while scheduling classes and clinicals for the nursing students.,"instructive, easy, helpful, useful, learnable, explainable, affordable, intuitive, or understandable",system recovery & fault tolerance,0.2584605813026428
The number of mistakes noted by the students shall be decreased by 50% in the first year.,"instructive, easy, helpful, useful, learnable, explainable, affordable, intuitive, or understandable","maintaining, fixing, running or updating",0.19393861293792725
The system shall be intuitive to the Program Administrators/Nursing Staff Members.,"instructive, easy, helpful, useful, learnable, explainable, affordable, intuitive, or understandable","working, running, connecting, interfacing, or operative environment",0.42842236161231995
2 out of 3 Program Administrators/Nursing Staff Members shall successfully be able to use the system to manage the scheduling of classes and clinicals.,"instructive, easy, helpful, useful, learnable, explainable, affordable, intuitive, or understandable",periodic execution or efficacy performance,0.2780022919178009
The system shall use symbols and words that are naturally understandable by the user community.,"instructive, easy, helpful, useful, learnable, explainable, affordable, intuitive, or understandable","instructive, easy, helpful, useful, learnable, explainable, affordable, intuitive, or understandable",0.4142284691333771
The verbiage used within the system shall be consistent with Standard English and the terminology of the national Nursing Community.,"instructive, easy, helpful, useful, learnable, explainable, affordable, intuitive, or understandable","maintaining, fixing, running or updating",0.2412225902080536
Staff members shall be able to complete a set of tasks in a timely manner.,periodic execution or efficacy performance,avaliable or timely achievable,0.5606967210769653
The response time of general student management tasks shall take no longer than 5 seconds and the response time of schedule generation shall take no longer than 30 seconds.,periodic execution or efficacy performance,avaliable or timely achievable,0.2816435396671295
The system shall be available for use between the hours of 8am and 6pm.,avaliable or timely achievable,system recovery & fault tolerance,0.3277764618396759
The system shall achieve 95% up time.,avaliable or timely achievable,avaliable or timely achievable,0.4630628228187561
system shall be able to handle all of the user requests/usage during business hours.,"scalable, increasable or developable","security, authorization, or protection",0.37727782130241394
The system shall cater to 10 simultaneous users from 9am to 5pm.,"scalable, increasable or developable",avaliable or timely achievable,0.3455226421356201
The system shall be capable of processing 100% of nursing students and their classes for the next 10 years.,"scalable, increasable or developable",periodic execution or efficacy performance,0.1932511329650879
The system shall be expected to manage the nursing program curriculum and class/clinical scheduling for a minimum of 5 years.,"scalable, increasable or developable",periodic execution or efficacy performance,0.2117268443107605
The system shall able to operate within a business office environment typical of the Nursing Department at DePaul University.,"working, running, connecting, interfacing, or operative environment","working, running, connecting, interfacing, or operative environment",0.3378298878669739
The system shall be used within the specifications defined by the computers used by the Program Administrators/Nursing Staff Members.,"working, running, connecting, interfacing, or operative environment",system recovery & fault tolerance,0.3109152317047119
The system shall operate within the Windows XP Professional operating system.,"working, running, connecting, interfacing, or operative environment","working, running, connecting, interfacing, or operative environment",0.38732874393463135
The system shall interface with CampusConnect’s central server,"working, running, connecting, interfacing, or operative environment","working, running, connecting, interfacing, or operative environment",0.4057031571865082
The system shall interface with the faculty central server.,"working, running, connecting, interfacing, or operative environment","working, running, connecting, interfacing, or operative environment",0.44707608222961426
The system shall interface with the student master server.,"working, running, connecting, interfacing, or operative environment","scalable, increasable or developable",0.4125935733318329
We must be able to interface with any HTML browser.,"working, running, connecting, interfacing, or operative environment","scalable, increasable or developable",0.4200361967086792
Only authorized users shall have access to clinical site information.,"security, authorization, or protection","security, authorization, or protection",0.43184712529182434
Program Administrators/Nursing Staff Members are the only people who shall have access to clinical site details.,"security, authorization, or protection","security, authorization, or protection",0.2805463969707489
Only authorized users shall have access to students’ personal information.,"security, authorization, or protection","security, authorization, or protection",0.5337256789207458
Dr Susan Poslusny and Dr Julie Donalek are the only people who shall have access to students’ personal information.,"security, authorization, or protection","security, authorization, or protection",0.17913825809955597
Only authorized users shall have access to the portion of the system that interfaces with CampusConnect.,"security, authorization, or protection","security, authorization, or protection",0.4429500102996826
Fit Criterion: Dr Susan Poslusny and Karen Sysol are the only people who shall have access to the final class section scheduling for the system that interfaces with CampusConnect.,"security, authorization, or protection","working, running, connecting, interfacing, or operative environment",0.21869197487831116
The system shall have basic data integrity checking to reduce the possibility of incorrect or invalid data being introduced.,"security, authorization, or protection",system recovery & fault tolerance,0.36543527245521545
The system shall protect private information in accordance with the organization’s information policy.,"security, authorization, or protection","security, authorization, or protection",0.556278645992279
The system shall be built such that it is as secure as possible from malicious interference.,"security, authorization, or protection","security, authorization, or protection",0.4645818769931793
The system shall use the organization’s standard virus protection software to help monitor threats to itself.,"security, authorization, or protection","security, authorization, or protection",0.3544166088104248
The Disputes application shall comply with the corporate standards for user interface creation for internally and externally used applications.,"appearance, interface, look & feel",system recovery & fault tolerance,0.2588687837123871
All screens created as part of the Disputes application must comply with corporate standards for interface creation.,"appearance, interface, look & feel","legal, law, or rules",0.2886545956134796
The list of dispute cases that are displayed after a search is performed must be color coded for easy identification of dispute cases based upon the dispute case status.,"instructive, easy, helpful, useful, learnable, explainable, affordable, intuitive, or understandable","legal, law, or rules",0.1664586365222931
100% of the cardmember and merchant services representatives shall use the Disputes application regularly after a 2-day training course.,"instructive, easy, helpful, useful, learnable, explainable, affordable, intuitive, or understandable",periodic execution or efficacy performance,0.2676761746406555
100% of cardmember services representatives shall be able to successfully create a dispute case on the first encounter after completing the training course.,"instructive, easy, helpful, useful, learnable, explainable, affordable, intuitive, or understandable","legal, law, or rules",0.14474980533123016
100% of merchant services representatives shall be able to successfully perform a follow up action on a dispute case on the first encounter after completing the training course.,"instructive, easy, helpful, useful, learnable, explainable, affordable, intuitive, or understandable",periodic execution or efficacy performance,0.22253473103046417
The maximum wait time for a user navigating from one screen to another within the Disputes application shall be no more than 5 seconds.,periodic execution or efficacy performance,avaliable or timely achievable,0.27627092599868774
The Disputes application shall support 350 concurrent users without any degradation of performance in the application.,periodic execution or efficacy performance,"legal, law, or rules",0.3346374034881592
 The Disputes application shall be available 24x7x365  with the exception of the following scheduled maintenance windows.  Monday – Saturday 3:00am to 4:00am EST Sunday 1:00amd to 5:00am EST,"working, running, connecting, interfacing, or operative environment",avaliable or timely achievable,0.273108571767807
The Disputes application shall interface with the Statement Database. The Statement Database provides the transaction details to the Disputes System. All transaction details must be obtained from the Statement Database,"working, running, connecting, interfacing, or operative environment",system recovery & fault tolerance,0.16636477410793304
The Disputes application shall interface with the Cardmember Information Database.  The Cardmember Information Database provides detailed information with regard to a cardmember.  All cardmember detail information must be obtained from the Cardmember Information Database.,"working, running, connecting, interfacing, or operative environment","legal, law, or rules",0.12037719786167145
The Disputes applications shall interface with the Merchant Information Database.  The Merchant Information Database provides detailed information with regard to the merchant. All merchant detail information shall be obtained from the Merchant Information Database.,"working, running, connecting, interfacing, or operative environment","legal, law, or rules",0.12478861212730408
The Disputes application shall interface with the Letters application.  This will allow the Disputes application to request letters as part of the dispute initiation and dispute follow up process. All letter requests must be sent to the Print Letter Utility application.,"working, running, connecting, interfacing, or operative environment","working, running, connecting, interfacing, or operative environment",0.13493873178958893
The Disputes application shall interface with the Cardmember Posting and Billing System.  This will allow the Disputes application to request adjustments to cardmember and merchant’s accounts. All adjustment requests must be sent to the Cardmember Posting and Billing System.,"working, running, connecting, interfacing, or operative environment","legal, law, or rules",0.16574354469776154
The Disputes application shall ensure that only users with the appropriate access level are allowed to initiate dispute requests.,"security, authorization, or protection","security, authorization, or protection",0.3878130614757538
Only users with Update access must be able to initiate dispute requests.,"security, authorization, or protection","security, authorization, or protection",0.46414914727211
The Disputes application shall ensure that only authorized users are allowed to logon to the application.,"security, authorization, or protection","security, authorization, or protection",0.4711381793022156
 All authorized users  once authenticated must be able to logon to the Disputes System,"security, authorization, or protection","security, authorization, or protection",0.45143476128578186
The Disputes System shall generate a User Report that details any new users that have been added and any changes to an existing user’s access level.  The report will be reviewed for auditing purposes.,"security, authorization, or protection","security, authorization, or protection",0.2525743842124939
All additions of new users and modifications to user’s access shall be recorded on the User Report.,"security, authorization, or protection","security, authorization, or protection",0.20130661129951477
 If a user account is revoked  it can only be re-instantiated by the System Administrator.,"security, authorization, or protection","security, authorization, or protection",0.19569605588912964
Only the System Administrator shall be able to reset a revoked user logon account,"security, authorization, or protection","security, authorization, or protection",0.2951655089855194
The Disputes application shall manipulate and view business data. Users will not have direct access to data files or databases.,"security, authorization, or protection","legal, law, or rules",0.25721701979637146
All updates to data files or database must be initiated from the Disputes System.,"security, authorization, or protection","maintaining, fixing, running or updating",0.3850458562374115
The Disputes application must conform to the legal requirements as specified by the Merchant Operating Regulations.,"legal, law, or rules","legal, law, or rules",0.423442006111145
All business rules specified in the Disputes System shall be in compliance with the Merchant Operating Regulations.,"legal, law, or rules","legal, law, or rules",0.4234522581100464
The Disputes application must conform to the legal requirements as specified by Regulation E and Regulation Z that govern credit card disputes processing.,"legal, law, or rules","legal, law, or rules",0.3195435404777527
All business rules specified in the Disputes System shall be in compliance to the guidelines of Regulation E and Regulation Z.,"legal, law, or rules","legal, law, or rules",0.37317273020744324
The Disputes application must maintain a detailed history of every action that a user takes on a dispute case.  This ensures a complete audit trail if questions arise later on with regard to a particular dispute case.,"legal, law, or rules",system recovery & fault tolerance,0.19123683869838715
All actions that modify an existing dispute case must be recorded in the case history.,"legal, law, or rules","legal, law, or rules",0.3381749987602234
The product must support Internet Explorer 5.5 and above.,"working, running, connecting, interfacing, or operative environment",system recovery & fault tolerance,0.1963101178407669
The product must support Mozilla Firefox 1.0 and above.,"working, running, connecting, interfacing, or operative environment",system recovery & fault tolerance,0.15534313023090363
The product shall interface with the Choice Parts System.  This provides the feed of recycled parts data.,"working, running, connecting, interfacing, or operative environment","working, running, connecting, interfacing, or operative environment",0.2866440713405609
The product shall run on the existing hardware for all environments.,"working, running, connecting, interfacing, or operative environment","working, running, connecting, interfacing, or operative environment",0.5221406817436218
The product shall adhere to the corporate Architecture guidelines,"working, running, connecting, interfacing, or operative environment","legal, law, or rules",0.5333969593048096
The product shall comply with corporate User Interface Guidelines,"appearance, interface, look & feel","legal, law, or rules",0.5590219497680664
The product shall comply with corporate color scheme,"appearance, interface, look & feel","legal, law, or rules",0.4891171455383301
The appearance of the product shall appear professional,"appearance, interface, look & feel","legal, law, or rules",0.5061838030815125
The product shall be easy to use by Adjusters and Collision Estimators.  95% of Adjusters and Collision Estimators shall find the product easy to use.,"instructive, easy, helpful, useful, learnable, explainable, affordable, intuitive, or understandable","instructive, easy, helpful, useful, learnable, explainable, affordable, intuitive, or understandable",0.2747579514980316
The product shall increase productivity of Collision Estimators. 80% of the Collision Estimators shall agree their productivity has increase within 1 month of using the product.,"instructive, easy, helpful, useful, learnable, explainable, affordable, intuitive, or understandable",periodic execution or efficacy performance,0.2906174957752228
Users shall feel satisfied using the product.  85% of all users will be satisfied with the product.,"instructive, easy, helpful, useful, learnable, explainable, affordable, intuitive, or understandable","security, authorization, or protection",0.2562989294528961
The product shall be easy to learn by Adjusters and Collision Estimators.  The product shall be learned with two days onsite training,"instructive, easy, helpful, useful, learnable, explainable, affordable, intuitive, or understandable","instructive, easy, helpful, useful, learnable, explainable, affordable, intuitive, or understandable",0.33211860060691833
The user shall easily locate instructions while using the product.  User help can be found within 90% of the system.,"instructive, easy, helpful, useful, learnable, explainable, affordable, intuitive, or understandable","instructive, easy, helpful, useful, learnable, explainable, affordable, intuitive, or understandable",0.37112191319465637
The search for recycled parts shall take no longer than 15 seconds.  The search results shall be returned in under 15 seconds.,periodic execution or efficacy performance,avaliable or timely achievable,0.26912856101989746
The search for the preferred repair facility shall take no longer than 8 seconds.  The preferred repair facility is returned within 8 seconds,periodic execution or efficacy performance,avaliable or timely achievable,0.35130083560943604
The recycled parts audit report shall be returned to the user within 10 seconds.  The audit report shall be returned within 10 seconds.,periodic execution or efficacy performance,system recovery & fault tolerance,0.25171369314193726
The preferred repair facility ratings shall be saved within 5 seconds. The save shall occur within 5 seconds.,periodic execution or efficacy performance,"maintaining, fixing, running or updating",0.39030614495277405
The product shall adhere to the corporate online availability schedule.  The application is brought down only within 98% of the scheduled outages per the availability schedule.,avaliable or timely achievable,periodic execution or efficacy performance,0.3266984522342682
The product shall achieve a 98% uptime. The product shall not fail more than 2% of the available online time.,avaliable or timely achievable,avaliable or timely achievable,0.34355226159095764
The product shall be able to handle up to 1500 simultaneous users. The system shall perform with 1500 users as a time.,"scalable, increasable or developable",system recovery & fault tolerance,0.27345749735832214
 The average number of recycled parts records per day shall be 50 000.,"scalable, increasable or developable","maintaining, fixing, running or updating",0.27400603890419006
 The product shall be able to handle 10 000 concurrent users within 2 years of the initial launch.,"scalable, increasable or developable","scalable, increasable or developable",0.3284715712070465
 For estimators  the product shall be able to be operated in a repair facility during dirty and noisy conditions.,"working, running, connecting, interfacing, or operative environment","working, running, connecting, interfacing, or operative environment",0.3220992088317871
The product shall interface with the ChoiceParts system once per day at approximately 1:00 AM.,"working, running, connecting, interfacing, or operative environment",avaliable or timely achievable,0.3722009062767029
The maintenance of the product will fall within the established corporate maintenance windows.,"working, running, connecting, interfacing, or operative environment","maintaining, fixing, running or updating",0.5470476746559143
The product shall be supported using the corporate support center.,"working, running, connecting, interfacing, or operative environment","scalable, increasable or developable",0.44567254185676575
Product installations and upgrades shall be handled by the middleware technology team within established launch time frames.,"working, running, connecting, interfacing, or operative environment",system recovery & fault tolerance,0.33364981412887573
Only adjusters can request recycled parts audit reports. No users without an adjuster role shall request recycled parts audits.,"security, authorization, or protection",system recovery & fault tolerance,0.19869042932987213
Only adjusters with a supervisor role can update preferred repair facility ratings. Users without the supervisor role cannot access the repair facility ratings.,"security, authorization, or protection","maintaining, fixing, running or updating",0.22488653659820557
Only collision estimators shall search for recycled parts.  Users without the collision estimator role shall not have access to the search for recycled parts.,"security, authorization, or protection",system recovery & fault tolerance,0.22613394260406494
Only valid data shall be entered into the system.  No invalid data shall be entered into the system.,"security, authorization, or protection","security, authorization, or protection",0.3821585774421692
One insurance company shall not be able to view another insurance companys claim data.,"security, authorization, or protection","security, authorization, or protection",0.4430484175682068
The product shall free of computer viruses.,"security, authorization, or protection","scalable, increasable or developable",0.49678629636764526
The system shall prevent malicious attacks including denial of service.,"security, authorization, or protection","security, authorization, or protection",0.51915043592453
The product must comply with Sarbanes-Oxley.,"legal, law, or rules","security, authorization, or protection",0.47307199239730835
The product shall comply with the estimatics laws relating to recycled parts usage.,"legal, law, or rules","legal, law, or rules",0.36837756633758545
The product shall comply with insurance regulations regarding claims processing.,"legal, law, or rules","legal, law, or rules",0.5470916032791138
 The product must work with most database management systems (DBMS) on the market  whether the DBMS is colocated with the product on the same machine or is located on a different machine on the computer network.,"working, running, connecting, interfacing, or operative environment",system recovery & fault tolerance,0.20584863424301147
The product will function alongside server software on any operating system where the Java runtime can be installed.,"working, running, connecting, interfacing, or operative environment","scalable, increasable or developable",0.2433318942785263
The product will require collaboration with a database management system (DBMS).  The DBMS may be located on the same machine as the product or on a separate machine residing on the same computer network.,"working, running, connecting, interfacing, or operative environment","working, running, connecting, interfacing, or operative environment",0.21116408705711365
 The product must make use of web/application server technology.  Open source examples include Apache web server  Tomcat  and the JBoss application server.,"working, running, connecting, interfacing, or operative environment","appearance, interface, look & feel",0.21653728187084198
 A database management system such as Oracle  DB2  MySql or HSQL will need to be integrated with the product.,"working, running, connecting, interfacing, or operative environment","working, running, connecting, interfacing, or operative environment",0.20611393451690674
 The product’s Look and Feel shall be able to incorporate aspects of the customer’s organization such as logo  branding  and identity,"appearance, interface, look & feel","appearance, interface, look & feel",0.384567528963089
The product shall have a conservative and professional appearance.,"appearance, interface, look & feel","appearance, interface, look & feel",0.4411076605319977
The product shall make the users want to use it. 80% of the users surveyed report they are regularly using the product after the first 2 weeks post-launch.,"instructive, easy, helpful, useful, learnable, explainable, affordable, intuitive, or understandable",periodic execution or efficacy performance,0.2700614929199219
The product shall be easy to use. 90% of users will be able to successfully reserve a conference room within 5 minutes of product use.,"instructive, easy, helpful, useful, learnable, explainable, affordable, intuitive, or understandable","instructive, easy, helpful, useful, learnable, explainable, affordable, intuitive, or understandable",0.21396060287952423
The product shall give users feedback when necessary. 80% of the users surveyed report that the product accurately confirms their actions.,"instructive, easy, helpful, useful, learnable, explainable, affordable, intuitive, or understandable",periodic execution or efficacy performance,0.23480558395385742
The product shall allow the user to select a chosen language from one of the target market countries.,"instructive, easy, helpful, useful, learnable, explainable, affordable, intuitive, or understandable","scalable, increasable or developable",0.1939059942960739
The product shall allow for customization of start page and views preferences.,"instructive, easy, helpful, useful, learnable, explainable, affordable, intuitive, or understandable","appearance, interface, look & feel",0.34859734773635864
 An employee will be able to successfully use the product within a few minutes.  After informally navigating the product for less than 15 minutes  users shall be able to successfully setup meetings and reserve conference rooms.,"instructive, easy, helpful, useful, learnable, explainable, affordable, intuitive, or understandable",avaliable or timely achievable,0.23965202271938324
The product shall use a standard navigation menu familiar to most web users.,"instructive, easy, helpful, useful, learnable, explainable, affordable, intuitive, or understandable","appearance, interface, look & feel",0.25789782404899597
The product shall allow for intuitive searching of available conference rooms.,"instructive, easy, helpful, useful, learnable, explainable, affordable, intuitive, or understandable","scalable, increasable or developable",0.27867406606674194
The product shall conform to the Americans with Disabilities Act.,"instructive, easy, helpful, useful, learnable, explainable, affordable, intuitive, or understandable","security, authorization, or protection",0.4612322449684143
The response shall be fast enough to avoid interrupting the user’s flow of thought.  90% of tasks shall complete within 5 seconds.  98% of tasks shall complete within 8 seconds.,periodic execution or efficacy performance,avaliable or timely achievable,0.31825241446495056
 Aside from server failure  the software product shall achieve 99.99% up time.,avaliable or timely achievable,avaliable or timely achievable,0.4037940502166748
The product shall create an exception log of problems encountered within the product for transmission to our company for analysis and resolution.,system recovery & fault tolerance,system recovery & fault tolerance,0.3345808684825897
 The product shall be capable of handling up to 1 000 concurrent requests.  This number will increase to 2 000 by Release 2.  The concurrency capacity must be able to handle peak scheduling times such as early morning and late afternoon hours.,"scalable, increasable or developable",system recovery & fault tolerance,0.2634584605693817
 The product shall be able to process 10 000 transactions per hour within two years of its launch.  This number will increase to 20 000 by Release 2.,"scalable, increasable or developable",periodic execution or efficacy performance,0.23493331670761108
The product shall be expected to operate for at least 5 years for each customer installation.,"scalable, increasable or developable",periodic execution or efficacy performance,0.3429727554321289
The product shall be used in office environments.,"working, running, connecting, interfacing, or operative environment","working, running, connecting, interfacing, or operative environment",0.5228006839752197
The product must be able to interface with any HTML browser.  The product shall transmit data between the user and the product without problems. The product shall display HTML properly in 80% of all HTML browsers tested (minimum is to test 8 browsers).,"working, running, connecting, interfacing, or operative environment","appearance, interface, look & feel",0.2291356772184372
The product must be able to interface with various database management systems. The product shall communicate successfully with the database management system on 100% of all transactions.,"working, running, connecting, interfacing, or operative environment",system recovery & fault tolerance,0.2408892810344696
The product must be able to interface with various email servers. The product shall be able to send email.,"working, running, connecting, interfacing, or operative environment","appearance, interface, look & feel",0.27246251702308655
The product shall be available for distribution via the Internet as a binary or ZIP file.,"working, running, connecting, interfacing, or operative environment","legal, law, or rules",0.3175894021987915
The product shall be available for distribution as a packaged CD.,"working, running, connecting, interfacing, or operative environment","legal, law, or rules",0.37537428736686707
 The product will be available for licensing as a one-server  two-five servers  or five-or-more servers license.,"working, running, connecting, interfacing, or operative environment",system recovery & fault tolerance,0.20782098174095154
A new user must be able to be added to the system within 10 minutes.  90% of new users are able to log into the system within 10 minutes.,"instructive, easy, helpful, useful, learnable, explainable, affordable, intuitive, or understandable","security, authorization, or protection",0.16939499974250793
The product must be designed using Design Patterns and coding best practices.  90% of maintenance software developers are able to integrate new functionality into the product with 2 working days.,"maintaining, fixing, running or updating","maintaining, fixing, running or updating",0.27093058824539185
The product must be highly configurable for use with various database management systems for the end users.  80% of end users are able to integrate new database management systems with the product without changing the product’s software code.,"maintaining, fixing, running or updating","appearance, interface, look & feel",0.18031813204288483
Maintenance releases will be offered to customers once a year.  The releases shall take no longer than 5 minutes for 80% of the customer base to install.,"maintaining, fixing, running or updating","maintaining, fixing, running or updating",0.27697229385375977
Every registered user will have access to the product’s support site via the Internet.  70% of registered users shall find a solution to their problem within 5 minutes of using the support site.,"instructive, easy, helpful, useful, learnable, explainable, affordable, intuitive, or understandable",system recovery & fault tolerance,0.2612263560295105
The customer shall be able to easily integrate new building maps with the product throughout the product’s lifecycle.  Integration of new maps with the product shall be possible with little to no support from product support staff.,"maintaining, fixing, running or updating","scalable, increasable or developable",0.22648140788078308
 The product shall be translated into foreign languages other than the target market countries’ languages in future releases.  For each emerging target market  it shall take no more than 5 days to configure the product for that market’s language.,"instructive, easy, helpful, useful, learnable, explainable, affordable, intuitive, or understandable",avaliable or timely achievable,0.13714297115802765
 The product is expected to integrate with multiple database management systems.  The product will operate with Oracle  SQL Server  DB2  MySQL  HSQL  and MS Access.,"working, running, connecting, interfacing, or operative environment","working, running, connecting, interfacing, or operative environment",0.19737489521503448
The product shall be able to be installed in any operating environment within 2 days.,"working, running, connecting, interfacing, or operative environment",avaliable or timely achievable,0.3915359675884247
The product shall ensure that only company employees or external users with company-approved user IDs may have product access.  100% of all logons shall be by either company employees or external users with company-approved user IDs.,"security, authorization, or protection","security, authorization, or protection",0.37544533610343933
Only managers are able to perform search queries for reservations by user.  100% of all search queries for reservations by user shall be from logons of only management logons.,"security, authorization, or protection","security, authorization, or protection",0.18664906919002533
The product shall ensure that the database’s data corresponds to the data entered by the user.  Each conference room reservation in the system will contain the same information as was entered by the user.,"security, authorization, or protection",system recovery & fault tolerance,0.2329828292131424
The product shall prevent the input of malicious data.  The product and/or adjacent hardware/software systems’ data shall remain 100% uncorrupted each time malicious data is input into the product.,"security, authorization, or protection",system recovery & fault tolerance,0.28922906517982483
The product and/or dependent databases/filesystems shall remain operational as a result of the input of malicious data.  The product and/or dependent databases/filesystems shall not crash 100% of the time that malicious data is input into the product.,system recovery & fault tolerance,system recovery & fault tolerance,0.326969176530838
The product shall have the ability to receive automatic software updates as new threats emerge.  100% of customers will be able to receive automatic software updates transmitted to the installed product.,"security, authorization, or protection","maintaining, fixing, running or updating",0.2598349452018738
The language of the product shall accommodate all of the target market countries. 90% of survey respondents from each target market country will find that the language of the product is acceptable.,"scalable, increasable or developable","appearance, interface, look & feel",0.16304485499858856
The product shall be able to display calendar dates and times according to the user’s locale.  90% of survey respondents from each target market country will find that the date and time formatting of the product is correct.,"instructive, easy, helpful, useful, learnable, explainable, affordable, intuitive, or understandable",periodic execution or efficacy performance,0.14739882946014404
The product must be developed with the J2SE/J2EE programming language libraries,"working, running, connecting, interfacing, or operative environment","scalable, increasable or developable",0.364970862865448
Recreation of Inventory Quantity Adjustment for the period of previous 30 days shall take no more than 30min.,periodic execution or efficacy performance,avaliable or timely achievable,0.30391621589660645
The System shall allow for a minimum of  6 users to work at the same time.,periodic execution or efficacy performance,"working, running, connecting, interfacing, or operative environment",0.40369561314582825
The System shall utilize currently owned computer equipment.,"working, running, connecting, interfacing, or operative environment","working, running, connecting, interfacing, or operative environment",0.4806119501590729
The System shall be able to automatically backup business data and restore them on demand.,"working, running, connecting, interfacing, or operative environment",system recovery & fault tolerance,0.4423384368419647
The System shall maintain consistent security.  Any changes in user passwords and/or permissions should take affect in all parts of the System.,"security, authorization, or protection","security, authorization, or protection",0.41482046246528625
The System shall granularly control access rights to all major subsystems.  It should be possible to assign access rights to all subsystems independently.,"security, authorization, or protection","security, authorization, or protection",0.322005033493042
The System shall meet all applicable accounting standards.  The final version of the System must successfully pass independent audit performed by a certified auditor.,"legal, law, or rules",system recovery & fault tolerance,0.26486706733703613
The System shall not require additional third party licenses resulting in royalty fees.,"working, running, connecting, interfacing, or operative environment","legal, law, or rules",0.3615429699420929
Administrator shall be able to activate a pre-paid card via the Administration section in under 5 seconds.,periodic execution or efficacy performance,avaliable or timely achievable,0.30557340383529663
 Customer shall be able to check the status of their prepaid card  by entering in the PIN number  in under 5 seconds.,periodic execution or efficacy performance,avaliable or timely achievable,0.2500627040863037
System shall let customers register on the website as a “pay as you go” user in under 5 minutes.,periodic execution or efficacy performance,avaliable or timely achievable,0.21866461634635925
System shall let customers register on the website as a “unlimited movie subscriber” user in under 10 minutes.,periodic execution or efficacy performance,avaliable or timely achievable,0.22211988270282745
System shall let existing customers log into the website with their email address and password in under 5 seconds.,periodic execution or efficacy performance,"security, authorization, or protection",0.22771307826042175
 System shall let customers cancel their account  process shall take no longer than 2 minutes.  Database will mark the account as inactive  and user will not be able to log into the website.,periodic execution or efficacy performance,system recovery & fault tolerance,0.22611364722251892
System shall let administrator de-activate a customer account in under 1 minute. Customer will no longer be able to access the website.,periodic execution or efficacy performance,"security, authorization, or protection",0.24214671552181244
System shall let administrator add/remove movies on the website in under 5 minutes.  Entered movie information will be stored in the database and will now be available on the website.,periodic execution or efficacy performance,avaliable or timely achievable,0.16776694357395172
System shall let the administrator add/remove categories on the website in under 5 minutes.,periodic execution or efficacy performance,"legal, law, or rules",0.31127774715423584
System shall let Izogn Manager access sales and usage statistics in under 2 minutes.,periodic execution or efficacy performance,system recovery & fault tolerance,0.25081804394721985
System shall let administrators generate unique pre-paid pins in under 2 minutes and generate an Excel file with the generated PINs.,periodic execution or efficacy performance,avaliable or timely achievable,0.2026532143354416
The website shall be attractive to all audiences.  The website shall appear to be fun and the colors should be bright and vibrant.,"appearance, interface, look & feel","appearance, interface, look & feel",0.3602006733417511
 The website should have an African feel  but should not alienate non-Africans.  The website should use animation on pages which are describing the services  to grab the users attention and encourage them to sign up.,"appearance, interface, look & feel","appearance, interface, look & feel",0.21966733038425446
 The website design should be modern  clean  and concise.,"appearance, interface, look & feel","appearance, interface, look & feel",0.46191102266311646
The product should be able to be used by 90% of novice users on the Internet.,"instructive, easy, helpful, useful, learnable, explainable, affordable, intuitive, or understandable","scalable, increasable or developable",0.3223680853843689
 Users should only have to navigate through a maximum of 4 pages  to create an account with the website.,"instructive, easy, helpful, useful, learnable, explainable, affordable, intuitive, or understandable","security, authorization, or protection",0.1638694405555725
Users should be able to access their streaming movies in under 2 clicks after logging into the website.,"instructive, easy, helpful, useful, learnable, explainable, affordable, intuitive, or understandable","security, authorization, or protection",0.23846875131130219
An anonymous survey will show that 70% of customers are comfortable purchasing streaming movies after 2 weeks using the website.,"instructive, easy, helpful, useful, learnable, explainable, affordable, intuitive, or understandable",periodic execution or efficacy performance,0.17995966970920563
An anonymous survey will show that 95% of customers are comfortable using and purchasing pre-paid cards after a month of using the system.,"instructive, easy, helpful, useful, learnable, explainable, affordable, intuitive, or understandable",periodic execution or efficacy performance,0.15756705403327942
The product shall retain the customer’s buying preferences and information.,"instructive, easy, helpful, useful, learnable, explainable, affordable, intuitive, or understandable","appearance, interface, look & feel",0.3427506387233734
The product shall be easy for customers with novice skills on the  Internet to purchase and watch streaming movies.  Customers should be able to purchase and watch a pre-determined movie in under 3 minutes.,"instructive, easy, helpful, useful, learnable, explainable, affordable, intuitive, or understandable",avaliable or timely achievable,0.21691589057445526
The product shall use symbols and words that are naturally understandable by users familiar with websites,"instructive, easy, helpful, useful, learnable, explainable, affordable, intuitive, or understandable","instructive, easy, helpful, useful, learnable, explainable, affordable, intuitive, or understandable",0.45555198192596436
The website will use standard Internet conventions when interacting with the user.,"instructive, easy, helpful, useful, learnable, explainable, affordable, intuitive, or understandable","legal, law, or rules",0.4249337315559387
 Any interface between a user and the automated system shall have a maximum response time of 5 seconds  unless noted by an exception below.,periodic execution or efficacy performance,avaliable or timely achievable,0.3246538043022156
 When purchasing a streaming movie or pre-paid card via credit card  the processing time should have a maximum response time of 15 seconds.,periodic execution or efficacy performance,avaliable or timely achievable,0.21914571523666382
 When streaming a movie  the buffering time should take no longer than 10 seconds (plus any latency on the user’s connection.),periodic execution or efficacy performance,avaliable or timely achievable,0.19357693195343018
 While streaming a movie  buffering should only occur if there is latency in the user’s connection.,periodic execution or efficacy performance,avaliable or timely achievable,0.26004958152770996
 All credit card information will be secured on the server  and only accessible by authorized Izogn administrators.  Information will be encrypted in the database.,"security, authorization, or protection","security, authorization, or protection",0.3401244580745697
 The website shall be available for use 24 hours per day  365 days per year.,avaliable or timely achievable,periodic execution or efficacy performance,0.3464565575122833
The website shall achieve 99.5% up time.,avaliable or timely achievable,avaliable or timely achievable,0.42448949813842773
 All movies shall be streamed on demand  at any time of the day.,avaliable or timely achievable,"legal, law, or rules",0.39196574687957764
The website shall continue to operate if the streaming server goes down.,system recovery & fault tolerance,"legal, law, or rules",0.33071157336235046
The website shall continue to operate if the payment gateway goes down.,system recovery & fault tolerance,periodic execution or efficacy performance,0.31473323702812195
The streaming server will support 50 simultaneous streaming connections.,"scalable, increasable or developable","legal, law, or rules",0.3390290141105652
The streaming server will support a maximum of 700 movies; new servers can be added to support more movies.,"scalable, increasable or developable","scalable, increasable or developable",0.19363023340702057
 The server will support a maximum of 1 000 simultaneous users.,"scalable, increasable or developable","scalable, increasable or developable",0.3905215263366699
 The website shall be capable of supporting 100 000 customers.,"scalable, increasable or developable","scalable, increasable or developable",0.3472665846347809
The product shall be expected to operate within the maximum maintenance budget for a minimum of 2 years.,"maintaining, fixing, running or updating","maintaining, fixing, running or updating",0.3672477602958679
All aspects of the website shall be accessed by a web browser over the Internet.,"working, running, connecting, interfacing, or operative environment","security, authorization, or protection",0.3233773112297058
The same hardware supporting the current website will be used to support the new system.,"working, running, connecting, interfacing, or operative environment","scalable, increasable or developable",0.3263756334781647
 We must be able to interface with the following browsers: IE 5.X  6.0  Netscape 6.x  7.x  8.x and Firefox 1.0.,"working, running, connecting, interfacing, or operative environment","appearance, interface, look & feel",0.2296149730682373
Website must interface with the CyberSource API to process credit card transactions.,"working, running, connecting, interfacing, or operative environment","security, authorization, or protection",0.30516448616981506
Website must be fully operational with MSN TV2.,"working, running, connecting, interfacing, or operative environment",avaliable or timely achievable,0.3858959674835205
Movies shall be encoded and streamed via Windows Media Player 9.0.,"working, running, connecting, interfacing, or operative environment","appearance, interface, look & feel",0.19235989451408386
Movies shall be encoded for 56k and 256k streams.,"working, running, connecting, interfacing, or operative environment",system recovery & fault tolerance,0.3065131902694702
Promotional updates to the website should take a day to update.,"maintaining, fixing, running or updating",avaliable or timely achievable,0.4178192615509033
Izogn Administrator must be able to update the category listings on the website within 2 minutes.,periodic execution or efficacy performance,avaliable or timely achievable,0.3236066699028015
Izogn Administrator must be able to add new products to the website within 2 minutes.,periodic execution or efficacy performance,avaliable or timely achievable,0.3824189305305481
The system will provide a 24 hour 800 toll free number for support to its customers.,avaliable or timely achievable,avaliable or timely achievable,0.29593026638031006
The website will provide a help section with answers and solutions to common problems.,"instructive, easy, helpful, useful, learnable, explainable, affordable, intuitive, or understandable",system recovery & fault tolerance,0.32613810896873474
 Velkat staff will be available for phone support between 7am-7pm  M-F to provide technical support to the Izogn administrators.,avaliable or timely achievable,"working, running, connecting, interfacing, or operative environment",0.18446403741836548
The product shall be able to be installed in the specified environment within 1 working day.,"working, running, connecting, interfacing, or operative environment","working, running, connecting, interfacing, or operative environment",0.40491604804992676
Only registered customers can purchase streaming movies.,"security, authorization, or protection","legal, law, or rules",0.37716144323349
 A customer can only stream a movie if they purchased it  and are within the 2 day viewing period.,"security, authorization, or protection","legal, law, or rules",0.2210008203983307
Only authorized personnel can access customer records in the database.,"security, authorization, or protection","security, authorization, or protection",0.47034087777137756
Only administrators can activate a pre-paid card.,"security, authorization, or protection","security, authorization, or protection",0.46773913502693176
Only authorized personnel can access sales information.,"security, authorization, or protection","security, authorization, or protection",0.4747738838195801
The website shall prevent its data from being corrupted when incorrect data is entered in.,"security, authorization, or protection","security, authorization, or protection",0.3784019649028778
 The website shall protect itself from intentional abuse  and notify the administrator at all occurrences.,"security, authorization, or protection","security, authorization, or protection",0.35985779762268066
Data integrity scripts will be run on a weekly basis to verify the integrity of the database.,"security, authorization, or protection",periodic execution or efficacy performance,0.3753901720046997
 The website shall make its user aware of its information practices before collection data from them via a Privacy Policy  accessible on all pages of the website.,"security, authorization, or protection","security, authorization, or protection",0.29461225867271423
The system shall notify customers of changes to its information policy.,"security, authorization, or protection","maintaining, fixing, running or updating",0.41009125113487244
The system shall reveal private information only in compliance with the organization’s information policy.,"security, authorization, or protection","security, authorization, or protection",0.4082205891609192
 All customer information will be stored on a secure database  accessible only to authorized personnel.,"security, authorization, or protection","security, authorization, or protection",0.48744508624076843
All credit card information will be encrypted in the database.,"security, authorization, or protection","security, authorization, or protection",0.3645985424518585
The streaming server will have anti-virus software to prevent infection of malicious viruses.,"security, authorization, or protection","scalable, increasable or developable",0.3192242383956909
The website should cater to all tribes in Nigeria.,"appearance, interface, look & feel","legal, law, or rules",0.3334004580974579
The website shall not be offensive to religious or ethnic groups.,"appearance, interface, look & feel","security, authorization, or protection",0.4031606912612915
 The website should appeal to all Africans  not only Nigerians.,"appearance, interface, look & feel","legal, law, or rules",0.3341104984283447
The website should use Flash to provide animation on the home page.,"working, running, connecting, interfacing, or operative environment",avaliable or timely achievable,0.2967793643474579
IzognMovies shall meet the licensing requirements set forth by the appropriate organizations in order to stream African movies.,"legal, law, or rules","legal, law, or rules",0.18508946895599365
The website will comply with W3C standards.,"legal, law, or rules","security, authorization, or protection",0.4355456233024597
The PHP code will comply with PEAR standards.,"legal, law, or rules","legal, law, or rules",0.39234617352485657
Total lead cycle time must be completed in 5 minutes for 90% of lead volume between the business hours of 8AM CST to 8PM CST; then 3 minutes for 99% of lead volume during off business hours.,periodic execution or efficacy performance,avaliable or timely achievable,0.13757914304733276
No lead evaluation will complete in a time period longer than 25 seconds for 97% of all leads processed.,periodic execution or efficacy performance,periodic execution or efficacy performance,0.2755190432071686
For leads that process longer than 25 seconds the system will record the event and duration,periodic execution or efficacy performance,system recovery & fault tolerance,0.2265235185623169
The process must fit within the processing time conditions set forth by the Auto Rep Assignment process in which a lead is assigned within 3 minutes of the total life cycle.,periodic execution or efficacy performance,periodic execution or efficacy performance,0.27337712049484253
The lead washing process will operate within the established physical web service structure.,"working, running, connecting, interfacing, or operative environment","working, running, connecting, interfacing, or operative environment",0.35198384523391724
 The washing process must use a non binding  neutral data format  such as xml  when receiving and processing lead data.,"working, running, connecting, interfacing, or operative environment","working, running, connecting, interfacing, or operative environment",0.20063264667987823
Defect reports will be available to technical units on a 24x7 basis.,avaliable or timely achievable,"maintaining, fixing, running or updating",0.3159734606742859
Washing parameters will be updated during scheduled maintenance hours.,"maintaining, fixing, running or updating","maintaining, fixing, running or updating",0.538305401802063
The product shall simulate the look of ships at sea.,"appearance, interface, look & feel","legal, law, or rules",0.32153555750846863
The product shall display the grids within a circle as a view from a periscope.,"appearance, interface, look & feel","scalable, increasable or developable",0.2627410888671875
The product shall display each type of ship in a grid using an image of the specific type of ship.,"appearance, interface, look & feel","appearance, interface, look & feel",0.23638635873794556
 When the offensive player takes a shot  the product shall simulate the sound of a ship at sea.,"appearance, interface, look & feel","legal, law, or rules",0.30758681893348694
 When a shot is marked as a miss  the product shall simulate the sound of a shot missing its target.,"appearance, interface, look & feel",avaliable or timely achievable,0.1894650012254715
 When a shot is marked as a hit  the product shall simulate the sound of a shot hitting its target.,"appearance, interface, look & feel","legal, law, or rules",0.2032351940870285
 When a ship is sunk  the product shall simulate the sound of a sinking ship.,"appearance, interface, look & feel","legal, law, or rules",0.29698461294174194
 The product shall be available 24 hours per day  seven days per week.,avaliable or timely achievable,avaliable or timely achievable,0.43053629994392395
The product shall able to handle a large number of games simultaneously.,periodic execution or efficacy performance,"scalable, increasable or developable",0.4682835638523102
The response time shall be fast enough to maintain the flow of the game.  The response time shall be no more than 2 seconds for 95% of responses and no more than 4% for the remaining responses.,periodic execution or efficacy performance,avaliable or timely achievable,0.27919965982437134
The product shall protect the identity of the players. The product shall provide players no access to information that might reveal the identity of another player.,periodic execution or efficacy performance,"security, authorization, or protection",0.40365850925445557
The product shall be intuitive and self-explanatory.  Nine out ten users shall be able to successfully complete a game with no training.,"instructive, easy, helpful, useful, learnable, explainable, affordable, intuitive, or understandable","instructive, easy, helpful, useful, learnable, explainable, affordable, intuitive, or understandable",0.32617560029029846
 The product shall be available to players who understand English  Spanish and French.  The product shall allow the user to select the language upon accessing the product.,"instructive, easy, helpful, useful, learnable, explainable, affordable, intuitive, or understandable","security, authorization, or protection",0.17745326459407806
The product shall provide players no access to information that might reveal the identity of another player,"security, authorization, or protection","security, authorization, or protection",0.46393096446990967
The response time shall be fast enough to maintain the flow of the game. The response time shall be no more than 2 seconds for 95% of responses and no more than 4% for the remaining responses.,periodic execution or efficacy performance,avaliable or timely achievable,0.27919965982437134
The system shall be easy to use by callers and supervisors. Callers and supervisors must be able to accomplish any system task within 2 minutes.,"instructive, easy, helpful, useful, learnable, explainable, affordable, intuitive, or understandable",system recovery & fault tolerance,0.34338217973709106
The system shall be easy to learn by callers and supervisors. Callers and supervisors shall learn how to use the system within 10 minutes.,"instructive, easy, helpful, useful, learnable, explainable, affordable, intuitive, or understandable","instructive, easy, helpful, useful, learnable, explainable, affordable, intuitive, or understandable",0.31140416860580444
 The system shall be responsive. At the DePaul TeleServices Center  when a supervisor uses the system to view a callers schedule  the system response time must be no more than 2 seconds 90% of the time and no more than 5 seconds the rest of the time.,periodic execution or efficacy performance,avaliable or timely achievable,0.2664579153060913
 On a 56k connection  the system response time for all operations must be no more than 6 seconds 90% of the time.,periodic execution or efficacy performance,avaliable or timely achievable,0.28243663907051086
 On a 112k connection or faster  the system response time for all operations must be no more than 3 seconds 90% of the time.,periodic execution or efficacy performance,avaliable or timely achievable,0.2943800985813141
The system shall have high availability every day of the year.The system must be available for use between 12:00AM and 6:00PM all days of the year.,avaliable or timely achievable,system recovery & fault tolerance,0.33641281723976135
The system must be available for use between 7:00AM and 11:59PM all days of the year.,avaliable or timely achievable,avaliable or timely achievable,0.27701619267463684
The product shall be internet browser independent.The product must run using Internet Explorer and Netscape Navigator.,"maintaining, fixing, running or updating","working, running, connecting, interfacing, or operative environment",0.1778925657272339
The product shall ensure that only supervisors can advertise empty time slots.The product must ensure that supervisors are allowed to access advertise empty time slots.,"security, authorization, or protection",avaliable or timely achievable,0.27274447679519653
The product shall ensure that only supervisors can enter a caller’s schedule.The product must ensure that supervisors are allowed to access advertise empty time slots.,"security, authorization, or protection",avaliable or timely achievable,0.3048188388347626
The product shall ensure that only supervisors can view schedule of all callers.The product must ensure that supervisors are allowed to access advertise empty time slots.,"security, authorization, or protection",avaliable or timely achievable,0.29918935894966125
 The interface shall have a simple look. In the interface and usability survey  90% of beta testers must report that the interface is adequately simple.,"appearance, interface, look & feel","appearance, interface, look & feel",0.4156375229358673
 The interface shall be appealing to callers and supervisors. In the interface and usability survey  80% of beta testers must report that the interface is appealing.,"appearance, interface, look & feel","appearance, interface, look & feel",0.42190301418304443
The product shall provide GUI based Monitoring Services.System Administrators shall monitor message exchanges will predict and determine problems and will also provide internal and external support.,"appearance, interface, look & feel",system recovery & fault tolerance,0.3075779676437378
The product shall comply with City of Chicago Application Development Guide Framework.Application Development Framework will provide structured Graphical User Interface.,"appearance, interface, look & feel","appearance, interface, look & feel",0.24666711688041687
The product shall provide Monitoring Services.The product shall be easy for System Administrators and DBAs to use after two weeks of usage.,"instructive, easy, helpful, useful, learnable, explainable, affordable, intuitive, or understandable",system recovery & fault tolerance,0.34378117322921753
The product shall provide Error Tracking Services.The product shall help the System Administrators and DBAs to resolve transaction errors 99% of the time.,"instructive, easy, helpful, useful, learnable, explainable, affordable, intuitive, or understandable",system recovery & fault tolerance,0.37895315885543823
The product shall provide Portals.The product shall help System Administrators to analyze the transactions with ad-hoc reporting and KPIs (Key Performance Indicators),"instructive, easy, helpful, useful, learnable, explainable, affordable, intuitive, or understandable","working, running, connecting, interfacing, or operative environment",0.2817310094833374
The product shall provide Asynchronous Messaging.The product shall provide asynchronous messaging to enable parallel processing and reduce the overhead in communications,periodic execution or efficacy performance,avaliable or timely achievable,0.3230016231536865
The product shall provide Multi-threading and Load Balancing.The product shall provide multi-threading technology as well as load balancing to overcome data load spikes and traffic.,periodic execution or efficacy performance,"scalable, increasable or developable",0.2708130478858948
The product shall process messages within 2 seconds.The product shall have a maximum message processing time of 2 seconds,periodic execution or efficacy performance,avaliable or timely achievable,0.33642882108688354
The product shall poll the system for messages every second.The product shall poll the system for new messages at a maximum of every 1 second.,periodic execution or efficacy performance,avaliable or timely achievable,0.3269900679588318
The product shall provide Dynamic Change Support and Transparent resource addition.The product shall support Transparent Resource addition and Dynamic Change support to provide scalability and avoid service interruptions of more than 1 day.,periodic execution or efficacy performance,"scalable, increasable or developable",0.3106760084629059
The product shall be available 99% of the time. Rationale: To avoid service interruption during busiest customer service response periods. The product shall be available 99.99% of the time for regular business days.,avaliable or timely achievable,avaliable or timely achievable,0.23796331882476807
The product shall be robust.The product shall have fault avoidance based on standards adoption.,system recovery & fault tolerance,system recovery & fault tolerance,0.5452086925506592
The product shall be robust with fault tolerance.The product shall have fault tolerance by using recovery technique compensatory transaction and routing around failures.,system recovery & fault tolerance,system recovery & fault tolerance,0.6088613271713257
The product shall be able to process all transactions.The product shall process minimum of 1 million transactions per year.,"scalable, increasable or developable",system recovery & fault tolerance,0.2680674195289612
The product shall be platform independent.The product shall enable access to any type of development environment and platform.,"working, running, connecting, interfacing, or operative environment","scalable, increasable or developable",0.31344467401504517
The product shall interface CSR and Datastream.The product shall exchange messages between CSR and EAM on a real time basis without any direct interfaces between two systems.,"working, running, connecting, interfacing, or operative environment","working, running, connecting, interfacing, or operative environment",0.18559494614601135
 : The product shall continue to operate during upgrade  change or new resource addition.The product shall be able to continue to operate with no interruption in service due to new resource additions.,"maintaining, fixing, running or updating","maintaining, fixing, running or updating",0.3492479622364044
The product shall be updated on a regular basis.The product will have a new major feature introduced every six months and quarterly maintenance releases every six months.,"maintaining, fixing, running or updating","maintaining, fixing, running or updating",0.4106122851371765
The product shall operate with every platform.The product shall accommodate any new technology without any change in its architecture.,"maintaining, fixing, running or updating","scalable, increasable or developable",0.31303173303604126
 The product shall have security.The product shall provide authentication  and authorization.,"security, authorization, or protection","security, authorization, or protection",0.5727653503417969
The product shall information Security. The product shall enable privacy by encryption WS-Security and Integrity Checking.,"security, authorization, or protection","security, authorization, or protection",0.4573466181755066
The product shall have audit capabilities.The product shall store messages for a minimum of one year for audit and transaction tracking purposes.,"security, authorization, or protection",system recovery & fault tolerance,0.26927506923675537
The system shall use IBM and CCR branding standards. The interface must have one IBM logo and one CCR logo.,"appearance, interface, look & feel","appearance, interface, look & feel",0.31847426295280457
The system shall be displayable on any work computer a CCR user may have. The system interface shall be formatted to display at 800 by 600 pixel resolution.,"appearance, interface, look & feel",system recovery & fault tolerance,0.2354067713022232
The system interface will use CCR nomenclature. The system must use the same nomenclature used in the existing WCS system and reports,"appearance, interface, look & feel","working, running, connecting, interfacing, or operative environment",0.14109741151332855
The interface must summarize the data in a fashion that’s appealing to CCR management. Every report type must have at least one high level summary shown in the results dashboard/interface,"appearance, interface, look & feel","appearance, interface, look & feel",0.10650566220283508
The system must use a point and click interface. 100% of all selection and navigation functionality must be able to be activated/selected by either a mouse or a keyboard,"instructive, easy, helpful, useful, learnable, explainable, affordable, intuitive, or understandable","appearance, interface, look & feel",0.11676439642906189
The interface shall be easy to use. 90% of users should be able to successfully use the system to generate a report on their first use. The interface should adhere to IBM usability standards.,"instructive, easy, helpful, useful, learnable, explainable, affordable, intuitive, or understandable","appearance, interface, look & feel",0.400041401386261
Rreports must be easy to generate. eports must be generated within one button click and exported within one button click (after selecting the report),"instructive, easy, helpful, useful, learnable, explainable, affordable, intuitive, or understandable",avaliable or timely achievable,0.07390805333852768
A user shall be able to use the system without instruction after a short amount of time. After one use a user should understand and remember 90% of the system usage and navigation.,"instructive, easy, helpful, useful, learnable, explainable, affordable, intuitive, or understandable",system recovery & fault tolerance,0.2699128985404968
All CCR users shall receive training before the WCS system is deployed. One training session will be held for 100% of CCR users before system deployment (based on a CCR user being available),"instructive, easy, helpful, useful, learnable, explainable, affordable, intuitive, or understandable","working, running, connecting, interfacing, or operative environment",0.1530648022890091
The WCS system shall use appropriate nomenclature and terminology as defined by the Corporate Community Grants organization. All interfaces and reports will undergo usability tests by CCR users.,"instructive, easy, helpful, useful, learnable, explainable, affordable, intuitive, or understandable","appearance, interface, look & feel",0.21720997989177704
The WCS system shall be available at all times as long as IBM’s internal intranet W3 is accessible. The WCS system will be available 95% of the time IBM’s internal intranet W3 is available.,avaliable or timely achievable,system recovery & fault tolerance,0.20993870496749878
The WCS system shall have the ability to connect other designated WCS databases currently not included in the system.,"scalable, increasable or developable","working, running, connecting, interfacing, or operative environment",0.18421214818954468
The WCS system shall have the ability to include data for regions outside the United States and be accessed by users outside of the United States if approved by CCR management.,"scalable, increasable or developable","security, authorization, or protection",0.12993063032627106
The WCS system shall be run in a Windows environment. The WCS shall be accessed by users through the Internet on an IBM computer running a Windows 2000 or above operating system.,"working, running, connecting, interfacing, or operative environment",system recovery & fault tolerance,0.1556326448917389
The Brio portion of the WCS system must be able to export files in spreadsheet form (Microsoft Excel and Lotus 1-2-3 formats).  Brio will provide buttons in the user interface that produce/export reports in .xls or .123 file formats.,"working, running, connecting, interfacing, or operative environment","working, running, connecting, interfacing, or operative environment",0.10281052440404892
The WCS system must run queries to the WCS databases once again (on a specified day) to update the available data available to CCR users. Queries must be made to external databases for data refresh once a week.,"maintaining, fixing, running or updating",periodic execution or efficacy performance,0.1839059442281723
 All changes  updates  and additions to the WCS system shall be updated in the WCS Developer and WCS User Guides. Every change must be reflected in WCS system documentation,"maintaining, fixing, running or updating","maintaining, fixing, running or updating",0.17589856684207916
The system shall only be accessed by authorized Corporate Community Grants (CCR) employees. Users must be authenticated using their IBM intranet user name and password.,"security, authorization, or protection","security, authorization, or protection",0.30716776847839355
The WCS system shall not allow automatic logins by any user. Cookies containing WCS login information about a user will not be stored on a user’s computer.,"security, authorization, or protection","security, authorization, or protection",0.1924615204334259
Each team owner will need to use a username and password in order to be authenticated to reach the team owner’s page,"security, authorization, or protection","security, authorization, or protection",0.3163462281227112
The Commissioner will be the only authorized user per league to adjust league settings.,"security, authorization, or protection","security, authorization, or protection",0.38120704889297485
Each page shall contain a navigation menu which shows the index into which the current page is contained.,"appearance, interface, look & feel","appearance, interface, look & feel",0.16907866299152374
Each page shall contain a similar format with action items in one location and navigation buttons in a different location.,"appearance, interface, look & feel","appearance, interface, look & feel",0.20100192725658417
The message board shall contain the 5 most recently posted messages on the league page. The messages will contain up to the first 150 characters of the message.,"appearance, interface, look & feel","legal, law, or rules",0.11639107763767242
	A new user shall be able to navigate through the league and team pages within 30 seconds of reaching the start-up page.,"instructive, easy, helpful, useful, learnable, explainable, affordable, intuitive, or understandable",avaliable or timely achievable,0.1629723310470581
 	Users shall be able to reach the ‘add’  ‘drop’  and ‘trade player’ pages with one click from the team owner’s page.,"instructive, easy, helpful, useful, learnable, explainable, affordable, intuitive, or understandable","legal, law, or rules",0.15183867514133453
	Users shall be able to view at least 25 NFL player statistics and points on each page.,"instructive, easy, helpful, useful, learnable, explainable, affordable, intuitive, or understandable","appearance, interface, look & feel",0.13417944312095642
The application shall ask the user to confirm dropping a player or trading a player before performing the action.,"instructive, easy, helpful, useful, learnable, explainable, affordable, intuitive, or understandable","legal, law, or rules",0.32628780603408813
The application shall be able to complete every user transaction within one fourth of a second of receiving the request over the network.,periodic execution or efficacy performance,avaliable or timely achievable,0.32492759823799133
The application shall have a downtime of at most 10 minutes per year.,avaliable or timely achievable,avaliable or timely achievable,0.37664109468460083
The application shall run on a web application server.,"working, running, connecting, interfacing, or operative environment","scalable, increasable or developable",0.42466017603874207
A primary database will be used to store cached data for active users.,"working, running, connecting, interfacing, or operative environment","maintaining, fixing, running or updating",0.2962300777435303
A secondary database will be used to store historical statistics and data.,"working, running, connecting, interfacing, or operative environment",system recovery & fault tolerance,0.2686719298362732
Application updates shall occur between 3AM and 6 AM CST on Wednesday morning during the middle of the NFL season.,"maintaining, fixing, running or updating",avaliable or timely achievable,0.2389543056488037
New System version releases shall be released at the beginning of each NFL season.,"maintaining, fixing, running or updating","maintaining, fixing, running or updating",0.2986542582511902
 	The RFS system should be available 24/7  especially during the budgeting period. The RFS system shall be available 90% of the time all year  and 98% during the budgeting period. 2% of the time  the system will become available within 1 hour of the time that the situation is reported.,avaliable or timely achievable,system recovery & fault tolerance,0.261127233505249
98% of the user workstations shall meet the minimum hardware requirements prior to implementation. Minimum Hard Disk Space:  400MB.,"working, running, connecting, interfacing, or operative environment",system recovery & fault tolerance,0.285148024559021
98% of the user workstations shall meet the minimum software requirements prior to implementation: Microsoft Internet Explorer 5.0. Microsoft .NET Framework 1.1. Microsoft Internet Explorer Web Controls,"working, running, connecting, interfacing, or operative environment","appearance, interface, look & feel",0.254977822303772
 	The RFS system should be able to easily interface with the BDW environment  in order to load the data. •	7 data files shall be received from the BDW and loaded into the RFS system within 3 hours one day prior to the start of budgeting process  every year. The data will be as of October month-end. 	Test files (7) shall be loaded up to 5 times throughout the year  from the BDW.,"working, running, connecting, interfacing, or operative environment",system recovery & fault tolerance,0.1587548702955246
 	Changes to revenue and expense formulae must be applied to the RFS system  every year  prior to the budgeting process start. Revenue and expense formulae will be updated within one week of their receipt  after which 2 weeks will be allotted to testing of the budget calculations  to be conducted jointly by the project development team and PCG Finance.,"maintaining, fixing, running or updating",periodic execution or efficacy performance,0.12513525784015656
 	New branches/complexes/districts/regions and revenue/expense accounts added to the BDW  must be reflected in the RFS system. 100% of the entities (mentioned above) available as of October month-end  will be loaded into the RFS system  prior to the budget start process.,"maintaining, fixing, running or updating",system recovery & fault tolerance,0.1216934397816658
 	Only authorized user shall access the RFS system. ONLY users that exist in the UAS system  with the RFS system assigned to their role(s)  shall access the RFS system and use it.,"security, authorization, or protection","security, authorization, or protection",0.3232894539833069
	User access should be limited to the permissions granted to their role(s) Each level in the PCG hierarchy will be assigned a role and users will be assigned to these roles. Access to functionality within RFS system is dependent on the privileges/permission assigned to the role..,"security, authorization, or protection","security, authorization, or protection",0.3104136288166046
 	The product must comply with the intranet page standards and requirements of ENET Securities. 95% of the product look & feel will be approved by the Architecture group  prior to implementation. The remaining 5% will be corrected and approved within one month of product release.,"appearance, interface, look & feel","appearance, interface, look & feel",0.26669609546661377
 The intranet pages should display appropriately in all resolutions  from 800x600 and higher. The display of all the pages will be correct in 95% of the resolutions  prior to implementation. The remaining 5% will be corrected within a week of notification of the incorrect display.,"appearance, interface, look & feel","appearance, interface, look & feel",0.1530611664056778
 	The users should be able to easily use the system to successfully complete their budgets  within the stipulated time for completion. With a week of training prior to product implementation  98% of the users shall complete their budgets within the stipulated time.,"instructive, easy, helpful, useful, learnable, explainable, affordable, intuitive, or understandable",system recovery & fault tolerance,0.2652455270290375
 	The product interface should be fast. The response time of the product interface should not exceed 2 seconds 90% of the time. For 10% of the time  the response time should not be more than 10 seconds.not be more than 10 seconds.,periodic execution or efficacy performance,avaliable or timely achievable,0.2570122182369232
