Requirement text,Gold label,Predicated label,ZSL score
The system shall refresh the display every 60 seconds.,not about fault tolerance,fault tolerance,0.1553250551223755
The application shall match the color of the schema set forth by Department of Homeland Security,not about fault tolerance,fault tolerance,0.20407159626483917
 If projected  the data must be readable.  On a 10x10 projection screen  90% of viewers must be able to read Event / Activity data from a viewing distance of 30,not about fault tolerance,fault tolerance,0.2523287534713745
 The product shall be available during normal business hours. As long as the user has access to the client PC  the system will be available 99% of the time during the first six months of operation.,not about fault tolerance,fault tolerance,0.12278112769126892
 If projected  the data must be understandable. On a 10x10 projection screen  90% of viewers must be able to determine that Events or Activities are occuring in current time from a viewing distance of 100,not about fault tolerance,fault tolerance,0.28440389037132263
The product shall ensure that it can only be accessed by authorized users.  The product will be able to distinguish between authorized and unauthorized users in all access attempts,not about fault tolerance,fault tolerance,0.35541173815727234
The product shall be intuitive and self-explanatory.  :  90% of new users shall be able to start the display of Events or Activities within 90 minutes of using the product.,not about fault tolerance,fault tolerance,0.2844473421573639
The product shall respond fast to keep up-to-date data in the display.,not about fault tolerance,fault tolerance,0.27116793394088745
The look and feel of the system shall conform to the user interface standards of the smart device.,not about fault tolerance,fault tolerance,0.3148861825466156
 The user interface shall have standard menus  buttons for navigation,not about fault tolerance,fault tolerance,0.2505342662334442
The system shall have a professional appearance,not about fault tolerance,fault tolerance,0.41708239912986755
The product shall have a consistent color scheme and fonts.,not about fault tolerance,fault tolerance,0.32346412539482117
The system shall be used by realtors with no training.,not about fault tolerance,not about fault tolerance,0.12293414026498795
The system shall be intuitive and self explanatory.,not about fault tolerance,fault tolerance,0.37715375423431396
The product shall be easy for a realtor to learn.,not about fault tolerance,fault tolerance,0.2818602919578552
The product shall use symbols and words that are naturally understandable by the realtor community.,not about fault tolerance,fault tolerance,0.2999003231525421
The product shall produce search results in an acceptable time,not about fault tolerance,fault tolerance,0.3599366545677185
The search results shall be returned no later 30      seconds  after the user has entered the search criteria,not about fault tolerance,fault tolerance,0.15374930202960968
The product shall generate a CMA report in an acceptable time.,not about fault tolerance,fault tolerance,0.3696596622467041
The CMA report shall be returned no later 60 seconds after the user has entered the CMA report criteria.,not about fault tolerance,fault tolerance,0.17328767478466034
The product shall synchronize contacts and appointments in an acceptable time.,not about fault tolerance,fault tolerance,0.2612663805484772
The product shall synchronize with the office system every hour.,not about fault tolerance,fault tolerance,0.14029279351234436
 The product shall be available for use 24 hours per day  365 days  per year,not about fault tolerance,fault tolerance,0.1465156525373459
 Out of 1000 accesses to the system  the system is available 999 times.,not about fault tolerance,fault tolerance,0.03687606379389763
The product shall operate in offline mode whenever internet connection is unavailable.,fault tolerance,fault tolerance,0.18580235540866852
 The product shall allow the user to view previously downloaded search results  CMA reports  and appointments.,fault tolerance,fault tolerance,0.11424806714057922
The product shall retain user preferences in the event of a failure.,fault tolerance,fault tolerance,0.5550077557563782
100% of saved user preferences shall be restored when system comes back online.,fault tolerance,fault tolerance,0.22503255307674408
The product shall be able to support multiple remote users,not about fault tolerance,fault tolerance,0.20536895096302032
The product shall be able support 1000 simultaneous users.,not about fault tolerance,fault tolerance,0.0779278427362442
The product shall be capable of handling the existing 1000 users. This number is expected to grow 5 times within the next year.,not about fault tolerance,fault tolerance,0.1533474326133728
The product shall be installed by an untrained realtor   without recourse to separately-printed instructions.,not about fault tolerance,not about fault tolerance,0.12633991241455078
90% of untrained realtors shall be able to install the product on their device without printed instructions,not about fault tolerance,not about fault tolerance,0.11086293309926987
The product is expected to run on Windows CE and Palm operating systems.,not about fault tolerance,fault tolerance,0.05706683546304703
Only registered realtors shall be able to access the system.,not about fault tolerance,fault tolerance,0.07317447662353516
Every user of the system shall be authenticated and authorized.,not about fault tolerance,fault tolerance,0.2904808521270752
The product shall prevent its data from incorrect data being introduced.,not about fault tolerance,fault tolerance,0.4592116177082062
The system shall be easy to use by the Program Administrators/Nursing Staff Members.,not about fault tolerance,fault tolerance,0.38206467032432556
All of the users shall be able to use the system after one day of training.,not about fault tolerance,fault tolerance,0.2084512859582901
The system shall help the user avoid making mistakes while scheduling classes and clinicals for the nursing students.,not about fault tolerance,fault tolerance,0.2513427436351776
The number of mistakes noted by the students shall be decreased by 50% in the first year.,not about fault tolerance,fault tolerance,0.17470046877861023
The system shall be intuitive to the Program Administrators/Nursing Staff Members.,not about fault tolerance,fault tolerance,0.3059914708137512
2 out of 3 Program Administrators/Nursing Staff Members shall successfully be able to use the system to manage the scheduling of classes and clinicals.,not about fault tolerance,fault tolerance,0.11673180013895035
The system shall use symbols and words that are naturally understandable by the user community.,not about fault tolerance,fault tolerance,0.4058627486228943
The verbiage used within the system shall be consistent with Standard English and the terminology of the national Nursing Community.,not about fault tolerance,fault tolerance,0.3179759681224823
Staff members shall be able to complete a set of tasks in a timely manner.,not about fault tolerance,fault tolerance,0.3639116883277893
The response time of general student management tasks shall take no longer than 5 seconds and the response time of schedule generation shall take no longer than 30 seconds.,not about fault tolerance,fault tolerance,0.18418733775615692
The system shall be available for use between the hours of 8am and 6pm.,not about fault tolerance,fault tolerance,0.19697146117687225
The system shall achieve 95% up time.,not about fault tolerance,fault tolerance,0.17197422683238983
system shall be able to handle all of the user requests/usage during business hours.,not about fault tolerance,fault tolerance,0.1952458918094635
The system shall cater to 10 simultaneous users from 9am to 5pm.,not about fault tolerance,fault tolerance,0.12802432477474213
The system shall be capable of processing 100% of nursing students and their classes for the next 10 years.,not about fault tolerance,fault tolerance,0.10862162709236145
The system shall be expected to manage the nursing program curriculum and class/clinical scheduling for a minimum of 5 years.,not about fault tolerance,fault tolerance,0.11394879966974258
The system shall able to operate within a business office environment typical of the Nursing Department at DePaul University.,not about fault tolerance,fault tolerance,0.12325675040483475
The system shall be used within the specifications defined by the computers used by the Program Administrators/Nursing Staff Members.,not about fault tolerance,fault tolerance,0.23012977838516235
The system shall operate within the Windows XP Professional operating system.,not about fault tolerance,fault tolerance,0.25977379083633423
The system shall interface with CampusConnect’s central server,not about fault tolerance,fault tolerance,0.10593558847904205
The system shall interface with the faculty central server.,not about fault tolerance,fault tolerance,0.13943931460380554
The system shall interface with the student master server.,not about fault tolerance,fault tolerance,0.13727812469005585
We must be able to interface with any HTML browser.,not about fault tolerance,fault tolerance,0.21011726558208466
Only authorized users shall have access to clinical site information.,not about fault tolerance,fault tolerance,0.17141593992710114
Program Administrators/Nursing Staff Members are the only people who shall have access to clinical site details.,not about fault tolerance,fault tolerance,0.21085576713085175
Only authorized users shall have access to students’ personal information.,not about fault tolerance,fault tolerance,0.13627846539020538
Dr Susan Poslusny and Dr Julie Donalek are the only people who shall have access to students’ personal information.,not about fault tolerance,fault tolerance,0.18035313487052917
Only authorized users shall have access to the portion of the system that interfaces with CampusConnect.,not about fault tolerance,fault tolerance,0.2262871116399765
Fit Criterion: Dr Susan Poslusny and Karen Sysol are the only people who shall have access to the final class section scheduling for the system that interfaces with CampusConnect.,not about fault tolerance,fault tolerance,0.27506569027900696
The system shall have basic data integrity checking to reduce the possibility of incorrect or invalid data being introduced.,not about fault tolerance,fault tolerance,0.4777512848377228
The system shall protect private information in accordance with the organization’s information policy.,not about fault tolerance,fault tolerance,0.2728428542613983
The system shall be built such that it is as secure as possible from malicious interference.,not about fault tolerance,fault tolerance,0.3640611171722412
The system shall use the organization’s standard virus protection software to help monitor threats to itself.,not about fault tolerance,fault tolerance,0.3510727882385254
The Disputes application shall comply with the corporate standards for user interface creation for internally and externally used applications.,not about fault tolerance,fault tolerance,0.3580465316772461
All screens created as part of the Disputes application must comply with corporate standards for interface creation.,not about fault tolerance,fault tolerance,0.25471746921539307
The list of dispute cases that are displayed after a search is performed must be color coded for easy identification of dispute cases based upon the dispute case status.,not about fault tolerance,fault tolerance,0.17403213679790497
100% of the cardmember and merchant services representatives shall use the Disputes application regularly after a 2-day training course.,not about fault tolerance,fault tolerance,0.05925239995121956
100% of cardmember services representatives shall be able to successfully create a dispute case on the first encounter after completing the training course.,not about fault tolerance,fault tolerance,0.13787133991718292
100% of merchant services representatives shall be able to successfully perform a follow up action on a dispute case on the first encounter after completing the training course.,not about fault tolerance,fault tolerance,0.14494915306568146
The maximum wait time for a user navigating from one screen to another within the Disputes application shall be no more than 5 seconds.,not about fault tolerance,fault tolerance,0.12949389219284058
The Disputes application shall support 350 concurrent users without any degradation of performance in the application.,not about fault tolerance,fault tolerance,0.35166075825691223
 The Disputes application shall be available 24x7x365  with the exception of the following scheduled maintenance windows.  Monday – Saturday 3:00am to 4:00am EST Sunday 1:00amd to 5:00am EST,not about fault tolerance,fault tolerance,0.27807143330574036
The Disputes application shall interface with the Statement Database. The Statement Database provides the transaction details to the Disputes System. All transaction details must be obtained from the Statement Database,not about fault tolerance,fault tolerance,0.23526997864246368
The Disputes application shall interface with the Cardmember Information Database.  The Cardmember Information Database provides detailed information with regard to a cardmember.  All cardmember detail information must be obtained from the Cardmember Information Database.,not about fault tolerance,fault tolerance,0.19909223914146423
The Disputes applications shall interface with the Merchant Information Database.  The Merchant Information Database provides detailed information with regard to the merchant. All merchant detail information shall be obtained from the Merchant Information Database.,not about fault tolerance,fault tolerance,0.17159120738506317
The Disputes application shall interface with the Letters application.  This will allow the Disputes application to request letters as part of the dispute initiation and dispute follow up process. All letter requests must be sent to the Print Letter Utility application.,not about fault tolerance,fault tolerance,0.21609272062778473
The Disputes application shall interface with the Cardmember Posting and Billing System.  This will allow the Disputes application to request adjustments to cardmember and merchant’s accounts. All adjustment requests must be sent to the Cardmember Posting and Billing System.,not about fault tolerance,fault tolerance,0.2189142107963562
The Disputes application shall ensure that only users with the appropriate access level are allowed to initiate dispute requests.,not about fault tolerance,fault tolerance,0.35319966077804565
Only users with Update access must be able to initiate dispute requests.,not about fault tolerance,fault tolerance,0.28903502225875854
The Disputes application shall ensure that only authorized users are allowed to logon to the application.,not about fault tolerance,fault tolerance,0.3033503293991089
 All authorized users  once authenticated must be able to logon to the Disputes System,not about fault tolerance,fault tolerance,0.29169321060180664
The Disputes System shall generate a User Report that details any new users that have been added and any changes to an existing user’s access level.  The report will be reviewed for auditing purposes.,not about fault tolerance,fault tolerance,0.2686823308467865
All additions of new users and modifications to user’s access shall be recorded on the User Report.,not about fault tolerance,fault tolerance,0.20771780610084534
 If a user account is revoked  it can only be re-instantiated by the System Administrator.,not about fault tolerance,fault tolerance,0.3012622892856598
Only the System Administrator shall be able to reset a revoked user logon account,not about fault tolerance,fault tolerance,0.2706834375858307
The Disputes application shall manipulate and view business data. Users will not have direct access to data files or databases.,not about fault tolerance,fault tolerance,0.06641829013824463
All updates to data files or database must be initiated from the Disputes System.,not about fault tolerance,fault tolerance,0.2651740312576294
The Disputes application must conform to the legal requirements as specified by the Merchant Operating Regulations.,not about fault tolerance,fault tolerance,0.29036545753479004
All business rules specified in the Disputes System shall be in compliance with the Merchant Operating Regulations.,not about fault tolerance,fault tolerance,0.28246039152145386
The Disputes application must conform to the legal requirements as specified by Regulation E and Regulation Z that govern credit card disputes processing.,not about fault tolerance,fault tolerance,0.28727203607559204
All business rules specified in the Disputes System shall be in compliance to the guidelines of Regulation E and Regulation Z.,not about fault tolerance,fault tolerance,0.3300992250442505
The Disputes application must maintain a detailed history of every action that a user takes on a dispute case.  This ensures a complete audit trail if questions arise later on with regard to a particular dispute case.,not about fault tolerance,fault tolerance,0.3633897602558136
All actions that modify an existing dispute case must be recorded in the case history.,not about fault tolerance,fault tolerance,0.3247864842414856
The product must support Internet Explorer 5.5 and above.,not about fault tolerance,fault tolerance,0.1670006811618805
The product must support Mozilla Firefox 1.0 and above.,not about fault tolerance,fault tolerance,0.11216320097446442
The product shall interface with the Choice Parts System.  This provides the feed of recycled parts data.,not about fault tolerance,fault tolerance,0.28136688470840454
The product shall run on the existing hardware for all environments.,not about fault tolerance,fault tolerance,0.20687653124332428
The product shall adhere to the corporate Architecture guidelines,not about fault tolerance,fault tolerance,0.2492370754480362
The product shall comply with corporate User Interface Guidelines,not about fault tolerance,fault tolerance,0.27700933814048767
The product shall comply with corporate color scheme,not about fault tolerance,fault tolerance,0.26163309812545776
The appearance of the product shall appear professional,not about fault tolerance,fault tolerance,0.41230323910713196
The product shall be easy to use by Adjusters and Collision Estimators.  95% of Adjusters and Collision Estimators shall find the product easy to use.,not about fault tolerance,fault tolerance,0.4798288345336914
The product shall increase productivity of Collision Estimators. 80% of the Collision Estimators shall agree their productivity has increase within 1 month of using the product.,not about fault tolerance,fault tolerance,0.17812393605709076
Users shall feel satisfied using the product.  85% of all users will be satisfied with the product.,not about fault tolerance,fault tolerance,0.35486268997192383
The product shall be easy to learn by Adjusters and Collision Estimators.  The product shall be learned with two days onsite training,not about fault tolerance,fault tolerance,0.40258246660232544
The user shall easily locate instructions while using the product.  User help can be found within 90% of the system.,not about fault tolerance,fault tolerance,0.25164324045181274
The search for recycled parts shall take no longer than 15 seconds.  The search results shall be returned in under 15 seconds.,not about fault tolerance,fault tolerance,0.15869773924350739
The search for the preferred repair facility shall take no longer than 8 seconds.  The preferred repair facility is returned within 8 seconds,not about fault tolerance,fault tolerance,0.38203638792037964
The recycled parts audit report shall be returned to the user within 10 seconds.  The audit report shall be returned within 10 seconds.,not about fault tolerance,fault tolerance,0.2633735239505768
The preferred repair facility ratings shall be saved within 5 seconds. The save shall occur within 5 seconds.,not about fault tolerance,fault tolerance,0.32806265354156494
The product shall adhere to the corporate online availability schedule.  The application is brought down only within 98% of the scheduled outages per the availability schedule.,not about fault tolerance,fault tolerance,0.33929744362831116
The product shall achieve a 98% uptime. The product shall not fail more than 2% of the available online time.,not about fault tolerance,fault tolerance,0.1554579883813858
The product shall be able to handle up to 1500 simultaneous users. The system shall perform with 1500 users as a time.,not about fault tolerance,fault tolerance,0.11603078246116638
 The average number of recycled parts records per day shall be 50 000.,not about fault tolerance,fault tolerance,0.1678987741470337
 The product shall be able to handle 10 000 concurrent users within 2 years of the initial launch.,not about fault tolerance,fault tolerance,0.0806986540555954
 For estimators  the product shall be able to be operated in a repair facility during dirty and noisy conditions.,not about fault tolerance,fault tolerance,0.4443106949329376
The product shall interface with the ChoiceParts system once per day at approximately 1:00 AM.,not about fault tolerance,fault tolerance,0.09092070162296295
The maintenance of the product will fall within the established corporate maintenance windows.,not about fault tolerance,fault tolerance,0.28701215982437134
The product shall be supported using the corporate support center.,not about fault tolerance,fault tolerance,0.16119790077209473
Product installations and upgrades shall be handled by the middleware technology team within established launch time frames.,not about fault tolerance,fault tolerance,0.14799967408180237
Only adjusters can request recycled parts audit reports. No users without an adjuster role shall request recycled parts audits.,not about fault tolerance,fault tolerance,0.3175232708454132
Only adjusters with a supervisor role can update preferred repair facility ratings. Users without the supervisor role cannot access the repair facility ratings.,not about fault tolerance,fault tolerance,0.3785668611526489
Only collision estimators shall search for recycled parts.  Users without the collision estimator role shall not have access to the search for recycled parts.,not about fault tolerance,not about fault tolerance,0.27199849486351013
Only valid data shall be entered into the system.  No invalid data shall be entered into the system.,not about fault tolerance,not about fault tolerance,0.35126006603240967
One insurance company shall not be able to view another insurance companys claim data.,not about fault tolerance,not about fault tolerance,0.11744526028633118
The product shall free of computer viruses.,not about fault tolerance,fault tolerance,0.4071718454360962
The system shall prevent malicious attacks including denial of service.,not about fault tolerance,fault tolerance,0.4373442828655243
The product must comply with Sarbanes-Oxley.,not about fault tolerance,fault tolerance,0.3242046535015106
The product shall comply with the estimatics laws relating to recycled parts usage.,not about fault tolerance,fault tolerance,0.4187341630458832
The product shall comply with insurance regulations regarding claims processing.,not about fault tolerance,fault tolerance,0.3138979971408844
 The product must work with most database management systems (DBMS) on the market  whether the DBMS is colocated with the product on the same machine or is located on a different machine on the computer network.,not about fault tolerance,fault tolerance,0.2313130795955658
The product will function alongside server software on any operating system where the Java runtime can be installed.,not about fault tolerance,fault tolerance,0.17527595162391663
The product will require collaboration with a database management system (DBMS).  The DBMS may be located on the same machine as the product or on a separate machine residing on the same computer network.,not about fault tolerance,fault tolerance,0.19748753309249878
 The product must make use of web/application server technology.  Open source examples include Apache web server  Tomcat  and the JBoss application server.,not about fault tolerance,fault tolerance,0.1662192940711975
 A database management system such as Oracle  DB2  MySql or HSQL will need to be integrated with the product.,not about fault tolerance,fault tolerance,0.17317909002304077
 The product’s Look and Feel shall be able to incorporate aspects of the customer’s organization such as logo  branding  and identity,not about fault tolerance,fault tolerance,0.15753614902496338
The product shall have a conservative and professional appearance.,not about fault tolerance,fault tolerance,0.4460025429725647
The product shall make the users want to use it. 80% of the users surveyed report they are regularly using the product after the first 2 weeks post-launch.,not about fault tolerance,fault tolerance,0.14468154311180115
The product shall be easy to use. 90% of users will be able to successfully reserve a conference room within 5 minutes of product use.,not about fault tolerance,fault tolerance,0.22967040538787842
The product shall give users feedback when necessary. 80% of the users surveyed report that the product accurately confirms their actions.,not about fault tolerance,fault tolerance,0.41931456327438354
The product shall allow the user to select a chosen language from one of the target market countries.,not about fault tolerance,fault tolerance,0.22144116461277008
The product shall allow for customization of start page and views preferences.,not about fault tolerance,fault tolerance,0.24478085339069366
 An employee will be able to successfully use the product within a few minutes.  After informally navigating the product for less than 15 minutes  users shall be able to successfully setup meetings and reserve conference rooms.,not about fault tolerance,fault tolerance,0.19224955141544342
The product shall use a standard navigation menu familiar to most web users.,not about fault tolerance,fault tolerance,0.226944237947464
The product shall allow for intuitive searching of available conference rooms.,not about fault tolerance,fault tolerance,0.1933588683605194
The product shall conform to the Americans with Disabilities Act.,not about fault tolerance,fault tolerance,0.3340819180011749
The response shall be fast enough to avoid interrupting the user’s flow of thought.  90% of tasks shall complete within 5 seconds.  98% of tasks shall complete within 8 seconds.,not about fault tolerance,fault tolerance,0.38995397090911865
 Aside from server failure  the software product shall achieve 99.99% up time.,not about fault tolerance,fault tolerance,0.30595582723617554
The product shall create an exception log of problems encountered within the product for transmission to our company for analysis and resolution.,fault tolerance,fault tolerance,0.38071152567863464
 The product shall be capable of handling up to 1 000 concurrent requests.  This number will increase to 2 000 by Release 2.  The concurrency capacity must be able to handle peak scheduling times such as early morning and late afternoon hours.,not about fault tolerance,fault tolerance,0.21387021243572235
 The product shall be able to process 10 000 transactions per hour within two years of its launch.  This number will increase to 20 000 by Release 2.,not about fault tolerance,fault tolerance,0.07244656980037689
The product shall be expected to operate for at least 5 years for each customer installation.,not about fault tolerance,fault tolerance,0.13917425274848938
The product shall be used in office environments.,not about fault tolerance,fault tolerance,0.11759952455759048
The product must be able to interface with any HTML browser.  The product shall transmit data between the user and the product without problems. The product shall display HTML properly in 80% of all HTML browsers tested (minimum is to test 8 browsers).,not about fault tolerance,fault tolerance,0.33034828305244446
The product must be able to interface with various database management systems. The product shall communicate successfully with the database management system on 100% of all transactions.,not about fault tolerance,fault tolerance,0.19417192041873932
The product must be able to interface with various email servers. The product shall be able to send email.,not about fault tolerance,fault tolerance,0.16329088807106018
The product shall be available for distribution via the Internet as a binary or ZIP file.,not about fault tolerance,fault tolerance,0.09199754893779755
The product shall be available for distribution as a packaged CD.,not about fault tolerance,fault tolerance,0.19944354891777039
 The product will be available for licensing as a one-server  two-five servers  or five-or-more servers license.,not about fault tolerance,fault tolerance,0.12226396799087524
A new user must be able to be added to the system within 10 minutes.  90% of new users are able to log into the system within 10 minutes.,not about fault tolerance,fault tolerance,0.10997215658426285
The product must be designed using Design Patterns and coding best practices.  90% of maintenance software developers are able to integrate new functionality into the product with 2 working days.,not about fault tolerance,fault tolerance,0.25224119424819946
The product must be highly configurable for use with various database management systems for the end users.  80% of end users are able to integrate new database management systems with the product without changing the product’s software code.,not about fault tolerance,fault tolerance,0.278960645198822
Maintenance releases will be offered to customers once a year.  The releases shall take no longer than 5 minutes for 80% of the customer base to install.,not about fault tolerance,fault tolerance,0.19776566326618195
Every registered user will have access to the product’s support site via the Internet.  70% of registered users shall find a solution to their problem within 5 minutes of using the support site.,not about fault tolerance,fault tolerance,0.15599331259727478
The customer shall be able to easily integrate new building maps with the product throughout the product’s lifecycle.  Integration of new maps with the product shall be possible with little to no support from product support staff.,not about fault tolerance,fault tolerance,0.1923656016588211
 The product shall be translated into foreign languages other than the target market countries’ languages in future releases.  For each emerging target market  it shall take no more than 5 days to configure the product for that market’s language.,not about fault tolerance,fault tolerance,0.12685370445251465
 The product is expected to integrate with multiple database management systems.  The product will operate with Oracle  SQL Server  DB2  MySQL  HSQL  and MS Access.,not about fault tolerance,fault tolerance,0.17208874225616455
The product shall be able to be installed in any operating environment within 2 days.,not about fault tolerance,fault tolerance,0.16592630743980408
The product shall ensure that only company employees or external users with company-approved user IDs may have product access.  100% of all logons shall be by either company employees or external users with company-approved user IDs.,not about fault tolerance,fault tolerance,0.2743709683418274
Only managers are able to perform search queries for reservations by user.  100% of all search queries for reservations by user shall be from logons of only management logons.,not about fault tolerance,fault tolerance,0.16825826466083527
The product shall ensure that the database’s data corresponds to the data entered by the user.  Each conference room reservation in the system will contain the same information as was entered by the user.,not about fault tolerance,fault tolerance,0.23957891762256622
The product shall prevent the input of malicious data.  The product and/or adjacent hardware/software systems’ data shall remain 100% uncorrupted each time malicious data is input into the product.,not about fault tolerance,fault tolerance,0.41308778524398804
The product and/or dependent databases/filesystems shall remain operational as a result of the input of malicious data.  The product and/or dependent databases/filesystems shall not crash 100% of the time that malicious data is input into the product.,fault tolerance,fault tolerance,0.42491427063941956
The product shall have the ability to receive automatic software updates as new threats emerge.  100% of customers will be able to receive automatic software updates transmitted to the installed product.,not about fault tolerance,fault tolerance,0.34401023387908936
The language of the product shall accommodate all of the target market countries. 90% of survey respondents from each target market country will find that the language of the product is acceptable.,not about fault tolerance,fault tolerance,0.2984619438648224
The product shall be able to display calendar dates and times according to the user’s locale.  90% of survey respondents from each target market country will find that the date and time formatting of the product is correct.,not about fault tolerance,fault tolerance,0.25864148139953613
The product must be developed with the J2SE/J2EE programming language libraries,not about fault tolerance,fault tolerance,0.20083150267601013
Recreation of Inventory Quantity Adjustment for the period of previous 30 days shall take no more than 30min.,not about fault tolerance,fault tolerance,0.20080024003982544
The System shall allow for a minimum of  6 users to work at the same time.,not about fault tolerance,fault tolerance,0.3014073669910431
The System shall utilize currently owned computer equipment.,not about fault tolerance,fault tolerance,0.21617873013019562
The System shall be able to automatically backup business data and restore them on demand.,not about fault tolerance,fault tolerance,0.21579806506633759
The System shall maintain consistent security.  Any changes in user passwords and/or permissions should take affect in all parts of the System.,not about fault tolerance,fault tolerance,0.3578468859195709
The System shall granularly control access rights to all major subsystems.  It should be possible to assign access rights to all subsystems independently.,not about fault tolerance,fault tolerance,0.34780609607696533
The System shall meet all applicable accounting standards.  The final version of the System must successfully pass independent audit performed by a certified auditor.,not about fault tolerance,fault tolerance,0.3803249001502991
The System shall not require additional third party licenses resulting in royalty fees.,not about fault tolerance,not about fault tolerance,0.34169039130210876
Administrator shall be able to activate a pre-paid card via the Administration section in under 5 seconds.,not about fault tolerance,fault tolerance,0.15873534977436066
 Customer shall be able to check the status of their prepaid card  by entering in the PIN number  in under 5 seconds.,not about fault tolerance,fault tolerance,0.09575209766626358
System shall let customers register on the website as a “pay as you go” user in under 5 minutes.,not about fault tolerance,fault tolerance,0.14528833329677582
System shall let customers register on the website as a “unlimited movie subscriber” user in under 10 minutes.,not about fault tolerance,fault tolerance,0.1596689671278
System shall let existing customers log into the website with their email address and password in under 5 seconds.,not about fault tolerance,fault tolerance,0.08389422297477722
 System shall let customers cancel their account  process shall take no longer than 2 minutes.  Database will mark the account as inactive  and user will not be able to log into the website.,not about fault tolerance,not about fault tolerance,0.11261065304279327
System shall let administrator de-activate a customer account in under 1 minute. Customer will no longer be able to access the website.,not about fault tolerance,fault tolerance,0.07219880074262619
System shall let administrator add/remove movies on the website in under 5 minutes.  Entered movie information will be stored in the database and will now be available on the website.,not about fault tolerance,fault tolerance,0.1674194633960724
System shall let the administrator add/remove categories on the website in under 5 minutes.,not about fault tolerance,fault tolerance,0.2511577308177948
System shall let Izogn Manager access sales and usage statistics in under 2 minutes.,not about fault tolerance,fault tolerance,0.13408322632312775
System shall let administrators generate unique pre-paid pins in under 2 minutes and generate an Excel file with the generated PINs.,not about fault tolerance,fault tolerance,0.18657734990119934
The website shall be attractive to all audiences.  The website shall appear to be fun and the colors should be bright and vibrant.,not about fault tolerance,fault tolerance,0.23242029547691345
 The website should have an African feel  but should not alienate non-Africans.  The website should use animation on pages which are describing the services  to grab the users attention and encourage them to sign up.,not about fault tolerance,fault tolerance,0.21380706131458282
 The website design should be modern  clean  and concise.,not about fault tolerance,not about fault tolerance,0.3666183054447174
The product should be able to be used by 90% of novice users on the Internet.,not about fault tolerance,fault tolerance,0.16188465058803558
 Users should only have to navigate through a maximum of 4 pages  to create an account with the website.,not about fault tolerance,fault tolerance,0.04915950447320938
Users should be able to access their streaming movies in under 2 clicks after logging into the website.,not about fault tolerance,fault tolerance,0.14039823412895203
An anonymous survey will show that 70% of customers are comfortable purchasing streaming movies after 2 weeks using the website.,not about fault tolerance,fault tolerance,0.025031188502907753
An anonymous survey will show that 95% of customers are comfortable using and purchasing pre-paid cards after a month of using the system.,not about fault tolerance,fault tolerance,0.1079244539141655
The product shall retain the customer’s buying preferences and information.,not about fault tolerance,fault tolerance,0.3271868824958801
The product shall be easy for customers with novice skills on the  Internet to purchase and watch streaming movies.  Customers should be able to purchase and watch a pre-determined movie in under 3 minutes.,not about fault tolerance,fault tolerance,0.17466790974140167
The product shall use symbols and words that are naturally understandable by users familiar with websites,not about fault tolerance,fault tolerance,0.3413447141647339
The website will use standard Internet conventions when interacting with the user.,not about fault tolerance,fault tolerance,0.32660096883773804
 Any interface between a user and the automated system shall have a maximum response time of 5 seconds  unless noted by an exception below.,not about fault tolerance,fault tolerance,0.3620261549949646
 When purchasing a streaming movie or pre-paid card via credit card  the processing time should have a maximum response time of 15 seconds.,not about fault tolerance,fault tolerance,0.08957652002573013
 When streaming a movie  the buffering time should take no longer than 10 seconds (plus any latency on the user’s connection.),not about fault tolerance,fault tolerance,0.23032458126544952
 While streaming a movie  buffering should only occur if there is latency in the user’s connection.,not about fault tolerance,fault tolerance,0.29270821809768677
 All credit card information will be secured on the server  and only accessible by authorized Izogn administrators.  Information will be encrypted in the database.,not about fault tolerance,fault tolerance,0.16620153188705444
 The website shall be available for use 24 hours per day  365 days per year.,not about fault tolerance,fault tolerance,0.08391325920820236
The website shall achieve 99.5% up time.,not about fault tolerance,fault tolerance,0.046258457005023956
 All movies shall be streamed on demand  at any time of the day.,not about fault tolerance,fault tolerance,0.049691956490278244
The website shall continue to operate if the streaming server goes down.,fault tolerance,fault tolerance,0.2816288471221924
The website shall continue to operate if the payment gateway goes down.,fault tolerance,fault tolerance,0.2938559055328369
The streaming server will support 50 simultaneous streaming connections.,not about fault tolerance,fault tolerance,0.0005914214998483658
The streaming server will support a maximum of 700 movies  new servers can be added to support more movies.,not about fault tolerance,fault tolerance,0.0645965188741684
 The server will support a maximum of 1 000 simultaneous users.,not about fault tolerance,fault tolerance,0.06874817609786987
 The website shall be capable of supporting 100 000 customers.,not about fault tolerance,fault tolerance,0.04608114808797836
The product shall be expected to operate within the maximum maintenance budget for a minimum of 2 years.,not about fault tolerance,fault tolerance,0.30108726024627686
All aspects of the website shall be accessed by a web browser over the Internet.,not about fault tolerance,fault tolerance,0.08136340975761414
The same hardware supporting the current website will be used to support the new system.,not about fault tolerance,fault tolerance,0.18796606361865997
 We must be able to interface with the following browsers: IE 5.X  6.0  Netscape 6.x  7.x  8.x and Firefox 1.0.,not about fault tolerance,fault tolerance,0.19106093049049377
Website must interface with the CyberSource API to process credit card transactions.,not about fault tolerance,fault tolerance,0.036938101053237915
Website must be fully operational with MSN TV2.,not about fault tolerance,fault tolerance,0.1558525264263153
Movies shall be encoded and streamed via Windows Media Player 9.0.,not about fault tolerance,fault tolerance,0.026114698499441147
Movies shall be encoded for 56k and 256k streams.,not about fault tolerance,fault tolerance,0.012063597328960896
Promotional updates to the website should take a day to update.,not about fault tolerance,fault tolerance,0.07829900830984116
Izogn Administrator must be able to update the category listings on the website within 2 minutes.,not about fault tolerance,fault tolerance,0.13667850196361542
Izogn Administrator must be able to add new products to the website within 2 minutes.,not about fault tolerance,fault tolerance,0.025251109153032303
The system will provide a 24 hour 800 toll free number for support to its customers.,not about fault tolerance,fault tolerance,0.16345952451229095
The website will provide a help section with answers and solutions to common problems.,not about fault tolerance,fault tolerance,0.3203026056289673
 Velkat staff will be available for phone support between 7am-7pm  M-F to provide technical support to the Izogn administrators.,not about fault tolerance,fault tolerance,0.14261624217033386
The product shall be able to be installed in the specified environment within 1 working day.,not about fault tolerance,fault tolerance,0.18030892312526703
Only registered customers can purchase streaming movies.,not about fault tolerance,not about fault tolerance,0.08390967547893524
 A customer can only stream a movie if they purchased it  and are within the 2 day viewing period.,not about fault tolerance,fault tolerance,0.039100587368011475
Only authorized personnel can access customer records in the database.,not about fault tolerance,not about fault tolerance,0.11858075857162476
Only administrators can activate a pre-paid card.,not about fault tolerance,fault tolerance,0.11066579818725586
Only authorized personnel can access sales information.,not about fault tolerance,not about fault tolerance,0.12921518087387085
The website shall prevent its data from being corrupted when incorrect data is entered in.,not about fault tolerance,fault tolerance,0.3673059344291687
 The website shall protect itself from intentional abuse  and notify the administrator at all occurrences.,not about fault tolerance,fault tolerance,0.36209791898727417
Data integrity scripts will be run on a weekly basis to verify the integrity of the database.,not about fault tolerance,fault tolerance,0.24365690350532532
 The website shall make its user aware of its information practices before collection data from them via a Privacy Policy  accessible on all pages of the website.,not about fault tolerance,fault tolerance,0.22681725025177002
The system shall notify customers of changes to its information policy.,not about fault tolerance,not about fault tolerance,0.13024599850177765
The system shall reveal private information only in compliance with the organization’s information policy.,not about fault tolerance,fault tolerance,0.16746503114700317
 All customer information will be stored on a secure database  accessible only to authorized personnel.,not about fault tolerance,fault tolerance,0.1900452822446823
All credit card information will be encrypted in the database.,not about fault tolerance,fault tolerance,0.0826529785990715
The streaming server will have anti-virus software to prevent infection of malicious viruses.,not about fault tolerance,fault tolerance,0.30811169743537903
The website should cater to all tribes in Nigeria.,not about fault tolerance,fault tolerance,0.19352741539478302
The website shall not be offensive to religious or ethnic groups.,not about fault tolerance,not about fault tolerance,0.4396041929721832
 The website should appeal to all Africans  not only Nigerians.,not about fault tolerance,fault tolerance,0.15984922647476196
The website should use Flash to provide animation on the home page.,not about fault tolerance,fault tolerance,0.07237682491540909
IzognMovies shall meet the licensing requirements set forth by the appropriate organizations in order to stream African movies.,not about fault tolerance,fault tolerance,0.16224129498004913
The website will comply with W3C standards.,not about fault tolerance,fault tolerance,0.3772464096546173
The PHP code will comply with PEAR standards.,not about fault tolerance,fault tolerance,0.40875640511512756
Total lead cycle time must be completed in 5 minutes for 90% of lead volume between the business hours of 8AM CST to 8PM CST  then 3 minutes for 99% of lead volume during off business hours.,not about fault tolerance,fault tolerance,0.10126815736293793
No lead evaluation will complete in a time period longer than 25 seconds for 97% of all leads processed.,not about fault tolerance,not about fault tolerance,0.10040336102247238
For leads that process longer than 25 seconds the system will record the event and duration,not about fault tolerance,fault tolerance,0.20199169218540192
The process must fit within the processing time conditions set forth by the Auto Rep Assignment process in which a lead is assigned within 3 minutes of the total life cycle.,not about fault tolerance,fault tolerance,0.21345368027687073
The lead washing process will operate within the established physical web service structure.,not about fault tolerance,fault tolerance,0.10511429607868195
 The washing process must use a non binding  neutral data format  such as xml  when receiving and processing lead data.,not about fault tolerance,fault tolerance,0.1862448751926422
Defect reports will be available to technical units on a 24x7 basis.,not about fault tolerance,fault tolerance,0.27843254804611206
Washing parameters will be updated during scheduled maintenance hours.,not about fault tolerance,fault tolerance,0.2499198466539383
The product shall simulate the look of ships at sea.,not about fault tolerance,fault tolerance,0.2065470814704895
The product shall display the grids within a circle as a view from a periscope.,not about fault tolerance,fault tolerance,0.1387377381324768
The product shall display each type of ship in a grid using an image of the specific type of ship.,not about fault tolerance,fault tolerance,0.11438873410224915
 When the offensive player takes a shot  the product shall simulate the sound of a ship at sea.,not about fault tolerance,fault tolerance,0.2615046501159668
 When a shot is marked as a miss  the product shall simulate the sound of a shot missing its target.,not about fault tolerance,fault tolerance,0.4535430073738098
 When a shot is marked as a hit  the product shall simulate the sound of a shot hitting its target.,not about fault tolerance,fault tolerance,0.3636121153831482
 When a ship is sunk  the product shall simulate the sound of a sinking ship.,not about fault tolerance,fault tolerance,0.2743127942085266
 The product shall be available 24 hours per day  seven days per week.,not about fault tolerance,fault tolerance,0.17955970764160156
The product shall able to handle a large number of games simultaneously.,not about fault tolerance,fault tolerance,0.2007514238357544
The response time shall be fast enough to maintain the flow of the game.  The response time shall be no more than 2 seconds for 95% of responses and no more than 4% for the remaining responses.,not about fault tolerance,fault tolerance,0.32793474197387695
The product shall protect the identity of the players. The product shall provide players no access to information that might reveal the identity of another player.,not about fault tolerance,not about fault tolerance,0.23502986133098602
The product shall be intuitive and self-explanatory.  Nine out ten users shall be able to successfully complete a game with no training.,not about fault tolerance,fault tolerance,0.2866857051849365
 The product shall be available to players who understand English  Spanish and French.  The product shall allow the user to select the language upon accessing the product.,not about fault tolerance,fault tolerance,0.20616845786571503
The product shall provide players no access to information that might reveal the identity of another player,not about fault tolerance,not about fault tolerance,0.17538321018218994
The response time shall be fast enough to maintain the flow of the game. The response time shall be no more than 2 seconds for 95% of responses and no more than 4% for the remaining responses.,not about fault tolerance,fault tolerance,0.32793474197387695
The system shall be easy to use by callers and supervisors. Callers and supervisors must be able to accomplish any system task within 2 minutes.,not about fault tolerance,fault tolerance,0.3128799796104431
The system shall be easy to learn by callers and supervisors. Callers and supervisors shall learn how to use the system within 10 minutes.,not about fault tolerance,fault tolerance,0.2843180298805237
 The system shall be responsive. At the DePaul TeleServices Center  when a supervisor uses the system to view a callers schedule  the system response time must be no more than 2 seconds 90% of the time and no more than 5 seconds the rest of the time.,not about fault tolerance,fault tolerance,0.24015231430530548
 On a 56k connection  the system response time for all operations must be no more than 6 seconds 90% of the time.,not about fault tolerance,fault tolerance,0.1975792944431305
 On a 112k connection or faster  the system response time for all operations must be no more than 3 seconds 90% of the time.,not about fault tolerance,fault tolerance,0.1554507166147232
The system shall have high availability every day of the year.The system must be available for use between 12:00AM and 6:00PM all days of the year.,not about fault tolerance,fault tolerance,0.177952840924263
The system must be available for use between 7:00AM and 11:59PM all days of the year.,not about fault tolerance,fault tolerance,0.16665811836719513
The product shall be internet browser independent.The product must run using Internet Explorer and Netscape Navigator.,not about fault tolerance,fault tolerance,0.17865590751171112
The product shall ensure that only supervisors can advertise empty time slots.The product must ensure that supervisors are allowed to access advertise empty time slots.,not about fault tolerance,fault tolerance,0.3720766603946686
The product shall ensure that only supervisors can enter a caller’s schedule.The product must ensure that supervisors are allowed to access advertise empty time slots.,not about fault tolerance,fault tolerance,0.28176936507225037
The product shall ensure that only supervisors can view schedule of all callers.The product must ensure that supervisors are allowed to access advertise empty time slots.,not about fault tolerance,fault tolerance,0.2975679636001587
 The interface shall have a simple look. In the interface and usability survey  90% of beta testers must report that the interface is adequately simple.,not about fault tolerance,fault tolerance,0.37423357367515564
 The interface shall be appealing to callers and supervisors. In the interface and usability survey  80% of beta testers must report that the interface is appealing.,not about fault tolerance,fault tolerance,0.3153758943080902
The product shall provide GUI based Monitoring Services.System Administrators shall monitor message exchanges will predict and determine problems and will also provide internal and external support.,not about fault tolerance,fault tolerance,0.32859721779823303
The product shall comply with City of Chicago Application Development Guide Framework.Application Development Framework will provide structured Graphical User Interface.,not about fault tolerance,fault tolerance,0.20001766085624695
The product shall provide Monitoring Services.The product shall be easy for System Administrators and DBAs to use after two weeks of usage.,not about fault tolerance,fault tolerance,0.383678674697876
The product shall provide Error Tracking Services.The product shall help the System Administrators and DBAs to resolve transaction errors 99% of the time.,not about fault tolerance,fault tolerance,0.3546631932258606
The product shall provide Portals.The product shall help System Administrators to analyze the transactions with ad-hoc reporting and KPIs (Key Performance Indicators),not about fault tolerance,fault tolerance,0.23757021129131317
The product shall provide Asynchronous Messaging.The product shall provide asynchronous messaging to enable parallel processing and reduce the overhead in communications,not about fault tolerance,fault tolerance,0.28771355748176575
The product shall provide Multi-threading and Load Balancing.The product shall provide multi-threading technology as well as load balancing to overcome data load spikes and traffic.,not about fault tolerance,fault tolerance,0.3220877945423126
The product shall process messages within 2 seconds.The product shall have a maximum message processing time of 2 seconds,not about fault tolerance,fault tolerance,0.204717218875885
The product shall poll the system for messages every second.The product shall poll the system for new messages at a maximum of every 1 second.,not about fault tolerance,fault tolerance,0.10220776498317719
The product shall provide Dynamic Change Support and Transparent resource addition.The product shall support Transparent Resource addition and Dynamic Change support to provide scalability and avoid service interruptions of more than 1 day.,not about fault tolerance,fault tolerance,0.41594451665878296
The product shall be available 99% of the time. Rationale: To avoid service interruption during busiest customer service response periods. The product shall be available 99.99% of the time for regular business days.,not about fault tolerance,fault tolerance,0.1976386308670044
The product shall be robust.The product shall have fault avoidance based on standards adoption.,fault tolerance,fault tolerance,0.5488839745521545
The product shall be robust with fault tolerance.The product shall have fault tolerance by using recovery technique compensatory transaction and routing around failures.,fault tolerance,fault tolerance,0.6755742430686951
The product shall be able to process all transactions.The product shall process minimum of 1 million transactions per year.,not about fault tolerance,fault tolerance,0.21816486120224
The product shall be platform independent.The product shall enable access to any type of development environment and platform.,not about fault tolerance,fault tolerance,0.2960382103919983
The product shall interface CSR and Datastream.The product shall exchange messages between CSR and EAM on a real time basis without any direct interfaces between two systems.,not about fault tolerance,not about fault tolerance,0.20212672650814056
 : The product shall continue to operate during upgrade  change or new resource addition.The product shall be able to continue to operate with no interruption in service due to new resource additions.,not about fault tolerance,fault tolerance,0.32661256194114685
The product shall be updated on a regular basis.The product will have a new major feature introduced every six months and quarterly maintenance releases every six months.,not about fault tolerance,fault tolerance,0.21818625926971436
The product shall operate with every platform.The product shall accommodate any new technology without any change in its architecture.,not about fault tolerance,fault tolerance,0.23228318989276886
 The product shall have security.The product shall provide authentication  and authorization.,not about fault tolerance,fault tolerance,0.2517096996307373
The product shall information Security. The product shall enable privacy by encryption WS-Security and Integrity Checking.,not about fault tolerance,fault tolerance,0.24813780188560486
The product shall have audit capabilities.The product shall store messages for a minimum of one year for audit and transaction tracking purposes.,not about fault tolerance,fault tolerance,0.2891690731048584
The system shall use IBM and CCR branding standards. The interface must have one IBM logo and one CCR logo.,not about fault tolerance,fault tolerance,0.20140498876571655
The system shall be displayable on any work computer a CCR user may have. The system interface shall be formatted to display at 800 by 600 pixel resolution.,not about fault tolerance,fault tolerance,0.21254809200763702
The system interface will use CCR nomenclature. The system must use the same nomenclature used in the existing WCS system and reports,not about fault tolerance,fault tolerance,0.2619677782058716
The interface must summarize the data in a fashion that’s appealing to CCR management. Every report type must have at least one high level summary shown in the results dashboard/interface,not about fault tolerance,fault tolerance,0.34303849935531616
The system must use a point and click interface. 100% of all selection and navigation functionality must be able to be activated/selected by either a mouse or a keyboard,not about fault tolerance,fault tolerance,0.18767058849334717
The interface shall be easy to use. 90% of users should be able to successfully use the system to generate a report on their first use. The interface should adhere to IBM usability standards.,not about fault tolerance,fault tolerance,0.2894314229488373
Rreports must be easy to generate. eports must be generated within one button click and exported within one button click (after selecting the report),not about fault tolerance,fault tolerance,0.37282446026802063
A user shall be able to use the system without instruction after a short amount of time. After one use a user should understand and remember 90% of the system usage and navigation.,not about fault tolerance,fault tolerance,0.4051898717880249
All CCR users shall receive training before the WCS system is deployed. One training session will be held for 100% of CCR users before system deployment (based on a CCR user being available),not about fault tolerance,fault tolerance,0.1300375759601593
The WCS system shall use appropriate nomenclature and terminology as defined by the Corporate Community Grants organization. All interfaces and reports will undergo usability tests by CCR users.,not about fault tolerance,fault tolerance,0.19803938269615173
The WCS system shall be available at all times as long as IBM’s internal intranet W3 is accessible. The WCS system will be available 95% of the time IBM’s internal intranet W3 is available.,not about fault tolerance,fault tolerance,0.18922783434391022
The WCS system shall have the ability to connect other designated WCS databases currently not included in the system.,not about fault tolerance,fault tolerance,0.21479232609272003
The WCS system shall have the ability to include data for regions outside the United States and be accessed by users outside of the United States if approved by CCR management.,not about fault tolerance,fault tolerance,0.24776652455329895
The WCS system shall be run in a Windows environment. The WCS shall be accessed by users through the Internet on an IBM computer running a Windows 2000 or above operating system.,not about fault tolerance,fault tolerance,0.06149575859308243
The Brio portion of the WCS system must be able to export files in spreadsheet form (Microsoft Excel and Lotus 1-2-3 formats).  Brio will provide buttons in the user interface that produce/export reports in .xls or .123 file formats.,not about fault tolerance,fault tolerance,0.13225707411766052
The WCS system must run queries to the WCS databases once again (on a specified day) to update the available data available to CCR users. Queries must be made to external databases for data refresh once a week.,not about fault tolerance,fault tolerance,0.11479272693395615
 All changes  updates  and additions to the WCS system shall be updated in the WCS Developer and WCS User Guides. Every change must be reflected in WCS system documentation,not about fault tolerance,fault tolerance,0.24747303128242493
The system shall only be accessed by authorized Corporate Community Grants (CCR) employees. Users must be authenticated using their IBM intranet user name and password.,not about fault tolerance,fault tolerance,0.06429500877857208
The WCS system shall not allow automatic logins by any user. Cookies containing WCS login information about a user will not be stored on a user’s computer.,not about fault tolerance,not about fault tolerance,0.2033763825893402
Each team owner will need to use a username and password in order to be authenticated to reach the team owner’s page,not about fault tolerance,fault tolerance,0.04922056198120117
The Commissioner will be the only authorized user per league to adjust league settings.,not about fault tolerance,fault tolerance,0.27945491671562195
Each page shall contain a navigation menu which shows the index into which the current page is contained.,not about fault tolerance,fault tolerance,0.17050491273403168
Each page shall contain a similar format with action items in one location and navigation buttons in a different location.,not about fault tolerance,fault tolerance,0.369877427816391
The message board shall contain the 5 most recently posted messages on the league page. The messages will contain up to the first 150 characters of the message.,not about fault tolerance,fault tolerance,0.011892395094037056
;A new user shall be able to navigate through the league and team pages within 30 seconds of reaching the start-up page.,not about fault tolerance,fault tolerance,0.061795152723789215
Users shall be able to reach the ‘add’  ‘drop’  and ‘trade player’ pages with one click from the team owner’s page.,not about fault tolerance,fault tolerance,0.26801958680152893
;Users shall be able to view at least 25 NFL player statistics and points on each page.,not about fault tolerance,fault tolerance,0.09647735208272934
The application shall ask the user to confirm dropping a player or trading a player before performing the action.,not about fault tolerance,fault tolerance,0.2350631207227707
The application shall be able to complete every user transaction within one fourth of a second of receiving the request over the network.,not about fault tolerance,fault tolerance,0.09857881814241409
The application shall have a downtime of at most 10 minutes per year.,not about fault tolerance,fault tolerance,0.2976958453655243
The application shall run on a web application server.,not about fault tolerance,fault tolerance,0.10607701539993286
A primary database will be used to store cached data for active users.,not about fault tolerance,fault tolerance,0.13965491950511932
A secondary database will be used to store historical statistics and data.,not about fault tolerance,fault tolerance,0.15298078954219818
Application updates shall occur between 3AM and 6 AM CST on Wednesday morning during the middle of the NFL season.,not about fault tolerance,fault tolerance,0.07276427000761032
New System version releases shall be released at the beginning of each NFL season.,not about fault tolerance,fault tolerance,0.026585323736071587
The RFS system should be available 24/7  especially during the budgeting period. The RFS system shall be available 90% of the time all year  and 98% during the budgeting period. 2% of the time  the system will become available within 1 hour of the time that the situation is reported.,not about fault tolerance,fault tolerance,0.24175925552845
98% of the user workstations shall meet the minimum hardware requirements prior to implementation. Minimum Hard Disk Space:  400MB.,not about fault tolerance,fault tolerance,0.1032605692744255
98% of the user workstations shall meet the minimum software requirements prior to implementation: Microsoft Internet Explorer 5.0. Microsoft .NET Framework 1.1. Microsoft Internet Explorer Web Controls,not about fault tolerance,fault tolerance,0.18995170295238495
The RFS system should be able to easily interface with the BDW environment  in order to load the data. •;7 data files shall be received from the BDW and loaded into the RFS system within 3 hours one day prior to the start of budgeting process  every year. The data will be as of October month-end. ;Test files (7) shall be loaded up to 5 times throughout the year  from the BDW.,not about fault tolerance,fault tolerance,0.19869111478328705
Changes to revenue and expense formulae must be applied to the RFS system  every year  prior to the budgeting process start. Revenue and expense formulae will be updated within one week of their receipt  after which 2 weeks will be allotted to testing of the budget calculations  to be conducted jointly by the project development team and PCG Finance.,not about fault tolerance,fault tolerance,0.09023880958557129
New branches/complexes/districts/regions and revenue/expense accounts added to the BDW  must be reflected in the RFS system. 100% of the entities (mentioned above) available as of October month-end  will be loaded into the RFS system  prior to the budget start process.,not about fault tolerance,fault tolerance,0.09830234944820404
Only authorized user shall access the RFS system. ONLY users that exist in the UAS system  with the RFS system assigned to their role(s)  shall access the RFS system and use it.,not about fault tolerance,fault tolerance,0.16998061537742615
;User access should be limited to the permissions granted to their role(s) Each level in the PCG hierarchy will be assigned a role and users will be assigned to these roles. Access to functionality within RFS system is dependent on the privileges/permission assigned to the role..,not about fault tolerance,fault tolerance,0.2439287155866623
The product must comply with the intranet page standards and requirements of ENET Securities. 95% of the product look & feel will be approved by the Architecture group  prior to implementation. The remaining 5% will be corrected and approved within one month of product release.,not about fault tolerance,fault tolerance,0.2245938926935196
 The intranet pages should display appropriately in all resolutions  from 800x600 and higher. The display of all the pages will be correct in 95% of the resolutions  prior to implementation. The remaining 5% will be corrected within a week of notification of the incorrect display.,not about fault tolerance,fault tolerance,0.31590643525123596
The users should be able to easily use the system to successfully complete their budgets  within the stipulated time for completion. With a week of training prior to product implementation  98% of the users shall complete their budgets within the stipulated time.,not about fault tolerance,fault tolerance,0.18849614262580872
The product interface should be fast. The response time of the product interface should not exceed 2 seconds 90% of the time. For 10% of the time  the response time should not be more than 10 seconds.not be more than 10 seconds.,not about fault tolerance,fault tolerance,0.3202899098396301
