,precision,recall,f1-score,support
"tolerance, failure, tolerant, byzantine, deadlock, exploiting, reliability, isolation, fault, guarantee, or dependable",1.0,0.12777777777777777,0.22660098522167485,360.0
"not bout tolerance, failure, tolerant, byzantine, deadlock, exploiting, reliability, isolation, fault, guarantee, or dependable",0.030864197530864196,1.0,0.059880239520958084,10.0
accuracy,0.15135135135135136,0.15135135135135136,0.15135135135135136,0.15135135135135136
macro avg,0.5154320987654321,0.5638888888888889,0.14324061237131647,370.0
weighted avg,0.9738071404738072,0.15135135135135136,0.22209501912165547,370.0
