,precision,recall,f1-score,support
"tolerance, failure, tolerant, byzantine, deadlock, exploiting, reliability, isolation, fault, guarantee, dependable, countermeasure, resilience, defensive, corruption, weakness, malfunction, robustness, or stability",0.058823529411764705,0.1,0.07407407407407408,10.0
"usability, security, operational, performance, look & feel, legal, maintainability, scalability, availability, or portability",0.9745042492917847,0.9555555555555556,0.964936886395512,360.0
accuracy,0.9324324324324325,0.9324324324324325,0.9324324324324325,0.9324324324324325
macro avg,0.5166638893517747,0.5277777777777778,0.519505480234793,370.0
weighted avg,0.9497561217274597,0.9324324324324325,0.9408595130895272,370.0
