,precision,recall,f1-score,support
"tolerance, failure, tolerant, byzantine, deadlock, exploiting, reliability, isolation, fault, guarantee, or dependable",0.015873015873015872,0.1,0.0273972602739726,10.0
"usability, security, operational, performance, look & feel, legal, maintainability, scalability, availability, or portability",0.9706840390879479,0.8277777777777777,0.8935532233883058,360.0
accuracy,0.8081081081081081,0.8081081081081081,0.8081081081081081,0.8081081081081081
macro avg,0.49327852748048184,0.46388888888888885,0.4604752418311392,370.0
weighted avg,0.9448783357578147,0.8081081081081081,0.870143602763594,370.0
