Requirement text,Gold label,Predicated label,ZSL score
The system shall refresh the display every 60 seconds.,not about fault tolerance,not about fault tolerance,0.5743160843849182
The application shall match the color of the schema set forth by Department of Homeland Security,not about fault tolerance,not about fault tolerance,0.4114799499511719
 If projected  the data must be readable.  On a 10x10 projection screen  90% of viewers must be able to read Event / Activity data from a viewing distance of 30,not about fault tolerance,not about fault tolerance,0.4283826947212219
 The product shall be available during normal business hours. As long as the user has access to the client PC  the system will be available 99% of the time during the first six months of operation.,not about fault tolerance,not about fault tolerance,0.4120088219642639
 If projected  the data must be understandable. On a 10x10 projection screen  90% of viewers must be able to determine that Events or Activities are occuring in current time from a viewing distance of 100,not about fault tolerance,not about fault tolerance,0.4020974040031433
The product shall ensure that it can only be accessed by authorized users.  The product will be able to distinguish between authorized and unauthorized users in all access attempts,not about fault tolerance,not about fault tolerance,0.44024139642715454
The product shall be intuitive and self-explanatory.  :  90% of new users shall be able to start the display of Events or Activities within 90 minutes of using the product.,not about fault tolerance,not about fault tolerance,0.3694579005241394
The product shall respond fast to keep up-to-date data in the display.,not about fault tolerance,not about fault tolerance,0.4624951183795929
The look and feel of the system shall conform to the user interface standards of the smart device.,not about fault tolerance,not about fault tolerance,0.3918693959712982
 The user interface shall have standard menus  buttons for navigation,not about fault tolerance,not about fault tolerance,0.561945378780365
The system shall have a professional appearance,not about fault tolerance,not about fault tolerance,0.6006098985671997
The product shall have a consistent color scheme and fonts.,not about fault tolerance,not about fault tolerance,0.4933198094367981
The system shall be used by realtors with no training.,not about fault tolerance,not about fault tolerance,0.5420870780944824
The system shall be intuitive and self explanatory.,not about fault tolerance,not about fault tolerance,0.5671854615211487
The product shall be easy for a realtor to learn.,not about fault tolerance,not about fault tolerance,0.5103719830513
The product shall use symbols and words that are naturally understandable by the realtor community.,not about fault tolerance,not about fault tolerance,0.4269919693470001
The product shall produce search results in an acceptable time,not about fault tolerance,not about fault tolerance,0.5529863238334656
The search results shall be returned no later 30      seconds  after the user has entered the search criteria,not about fault tolerance,not about fault tolerance,0.3915942311286926
The product shall generate a CMA report in an acceptable time.,not about fault tolerance,not about fault tolerance,0.506880521774292
The CMA report shall be returned no later 60 seconds after the user has entered the CMA report criteria.,not about fault tolerance,not about fault tolerance,0.4234946668148041
The product shall synchronize contacts and appointments in an acceptable time.,not about fault tolerance,not about fault tolerance,0.5008744597434998
The product shall synchronize with the office system every hour.,not about fault tolerance,not about fault tolerance,0.5685773491859436
 The product shall be available for use 24 hours per day  365 days  per year,not about fault tolerance,not about fault tolerance,0.5135053396224976
 Out of 1000 accesses to the system  the system is available 999 times.,not about fault tolerance,not about fault tolerance,0.4495446979999542
The product shall operate in offline mode whenever internet connection is unavailable.,fault tolerance,not about fault tolerance,0.5394177436828613
 The product shall allow the user to view previously downloaded search results  CMA reports  and appointments.,fault tolerance,not about fault tolerance,0.40913546085357666
The product shall retain user preferences in the event of a failure.,fault tolerance,not about fault tolerance,0.48745065927505493
100% of saved user preferences shall be restored when system comes back online.,fault tolerance,not about fault tolerance,0.4735336899757385
The product shall be able to support multiple remote users,not about fault tolerance,not about fault tolerance,0.533701479434967
The product shall be able support 1000 simultaneous users.,not about fault tolerance,not about fault tolerance,0.5587819218635559
The product shall be capable of handling the existing 1000 users. This number is expected to grow 5 times within the next year.,not about fault tolerance,not about fault tolerance,0.45167869329452515
The product shall be installed by an untrained realtor   without recourse to separately-printed instructions.,not about fault tolerance,not about fault tolerance,0.39829927682876587
90% of untrained realtors shall be able to install the product on their device without printed instructions,not about fault tolerance,not about fault tolerance,0.4391602873802185
The product is expected to run on Windows CE and Palm operating systems.,not about fault tolerance,not about fault tolerance,0.46359631419181824
Only registered realtors shall be able to access the system.,not about fault tolerance,not about fault tolerance,0.5254839658737183
Every user of the system shall be authenticated and authorized.,not about fault tolerance,not about fault tolerance,0.4922732412815094
The product shall prevent its data from incorrect data being introduced.,not about fault tolerance,not about fault tolerance,0.561797559261322
The system shall be easy to use by the Program Administrators/Nursing Staff Members.,not about fault tolerance,not about fault tolerance,0.43183353543281555
All of the users shall be able to use the system after one day of training.,not about fault tolerance,not about fault tolerance,0.42705821990966797
The system shall help the user avoid making mistakes while scheduling classes and clinicals for the nursing students.,not about fault tolerance,not about fault tolerance,0.4380972683429718
The number of mistakes noted by the students shall be decreased by 50% in the first year.,not about fault tolerance,not about fault tolerance,0.4162338376045227
The system shall be intuitive to the Program Administrators/Nursing Staff Members.,not about fault tolerance,not about fault tolerance,0.42053425312042236
2 out of 3 Program Administrators/Nursing Staff Members shall successfully be able to use the system to manage the scheduling of classes and clinicals.,not about fault tolerance,not about fault tolerance,0.38731932640075684
The system shall use symbols and words that are naturally understandable by the user community.,not about fault tolerance,not about fault tolerance,0.4599073827266693
The verbiage used within the system shall be consistent with Standard English and the terminology of the national Nursing Community.,not about fault tolerance,not about fault tolerance,0.345115602016449
Staff members shall be able to complete a set of tasks in a timely manner.,not about fault tolerance,not about fault tolerance,0.39932265877723694
The response time of general student management tasks shall take no longer than 5 seconds and the response time of schedule generation shall take no longer than 30 seconds.,not about fault tolerance,not about fault tolerance,0.4139409065246582
The system shall be available for use between the hours of 8am and 6pm.,not about fault tolerance,not about fault tolerance,0.45403823256492615
The system shall achieve 95% up time.,not about fault tolerance,not about fault tolerance,0.6191040277481079
system shall be able to handle all of the user requests/usage during business hours.,not about fault tolerance,not about fault tolerance,0.482984334230423
The system shall cater to 10 simultaneous users from 9am to 5pm.,not about fault tolerance,not about fault tolerance,0.4670405983924866
The system shall be capable of processing 100% of nursing students and their classes for the next 10 years.,not about fault tolerance,not about fault tolerance,0.4263199269771576
The system shall be expected to manage the nursing program curriculum and class/clinical scheduling for a minimum of 5 years.,not about fault tolerance,not about fault tolerance,0.3935052156448364
The system shall able to operate within a business office environment typical of the Nursing Department at DePaul University.,not about fault tolerance,not about fault tolerance,0.37937939167022705
The system shall be used within the specifications defined by the computers used by the Program Administrators/Nursing Staff Members.,not about fault tolerance,not about fault tolerance,0.3879684805870056
The system shall operate within the Windows XP Professional operating system.,not about fault tolerance,not about fault tolerance,0.5142425298690796
The system shall interface with CampusConnect’s central server,not about fault tolerance,not about fault tolerance,0.5463032126426697
The system shall interface with the faculty central server.,not about fault tolerance,not about fault tolerance,0.5444002747535706
The system shall interface with the student master server.,not about fault tolerance,not about fault tolerance,0.5556303858757019
We must be able to interface with any HTML browser.,not about fault tolerance,not about fault tolerance,0.5164137482643127
Only authorized users shall have access to clinical site information.,not about fault tolerance,not about fault tolerance,0.53815758228302
Program Administrators/Nursing Staff Members are the only people who shall have access to clinical site details.,not about fault tolerance,not about fault tolerance,0.43098196387290955
Only authorized users shall have access to students’ personal information.,not about fault tolerance,not about fault tolerance,0.5091021060943604
Dr Susan Poslusny and Dr Julie Donalek are the only people who shall have access to students’ personal information.,not about fault tolerance,not about fault tolerance,0.38436418771743774
Only authorized users shall have access to the portion of the system that interfaces with CampusConnect.,not about fault tolerance,not about fault tolerance,0.42478394508361816
Fit Criterion: Dr Susan Poslusny and Karen Sysol are the only people who shall have access to the final class section scheduling for the system that interfaces with CampusConnect.,not about fault tolerance,not about fault tolerance,0.3630255162715912
The system shall have basic data integrity checking to reduce the possibility of incorrect or invalid data being introduced.,not about fault tolerance,not about fault tolerance,0.4292309880256653
The system shall protect private information in accordance with the organization’s information policy.,not about fault tolerance,not about fault tolerance,0.46349406242370605
The system shall be built such that it is as secure as possible from malicious interference.,not about fault tolerance,not about fault tolerance,0.43717989325523376
The system shall use the organization’s standard virus protection software to help monitor threats to itself.,not about fault tolerance,not about fault tolerance,0.4322813153266907
The Disputes application shall comply with the corporate standards for user interface creation for internally and externally used applications.,not about fault tolerance,not about fault tolerance,0.3970743715763092
All screens created as part of the Disputes application must comply with corporate standards for interface creation.,not about fault tolerance,not about fault tolerance,0.43502625823020935
The list of dispute cases that are displayed after a search is performed must be color coded for easy identification of dispute cases based upon the dispute case status.,not about fault tolerance,not about fault tolerance,0.39047497510910034
100% of the cardmember and merchant services representatives shall use the Disputes application regularly after a 2-day training course.,not about fault tolerance,not about fault tolerance,0.38889947533607483
100% of cardmember services representatives shall be able to successfully create a dispute case on the first encounter after completing the training course.,not about fault tolerance,not about fault tolerance,0.3868088126182556
100% of merchant services representatives shall be able to successfully perform a follow up action on a dispute case on the first encounter after completing the training course.,not about fault tolerance,not about fault tolerance,0.39824584126472473
The maximum wait time for a user navigating from one screen to another within the Disputes application shall be no more than 5 seconds.,not about fault tolerance,not about fault tolerance,0.44243282079696655
The Disputes application shall support 350 concurrent users without any degradation of performance in the application.,not about fault tolerance,not about fault tolerance,0.4304991364479065
 The Disputes application shall be available 24x7x365  with the exception of the following scheduled maintenance windows.  Monday – Saturday 3:00am to 4:00am EST Sunday 1:00amd to 5:00am EST,not about fault tolerance,not about fault tolerance,0.41026076674461365
The Disputes application shall interface with the Statement Database. The Statement Database provides the transaction details to the Disputes System. All transaction details must be obtained from the Statement Database,not about fault tolerance,not about fault tolerance,0.39889055490493774
The Disputes application shall interface with the Cardmember Information Database.  The Cardmember Information Database provides detailed information with regard to a cardmember.  All cardmember detail information must be obtained from the Cardmember Information Database.,not about fault tolerance,not about fault tolerance,0.3296186923980713
The Disputes applications shall interface with the Merchant Information Database.  The Merchant Information Database provides detailed information with regard to the merchant. All merchant detail information shall be obtained from the Merchant Information Database.,not about fault tolerance,not about fault tolerance,0.3253670334815979
The Disputes application shall interface with the Letters application.  This will allow the Disputes application to request letters as part of the dispute initiation and dispute follow up process. All letter requests must be sent to the Print Letter Utility application.,not about fault tolerance,not about fault tolerance,0.3901626467704773
The Disputes application shall interface with the Cardmember Posting and Billing System.  This will allow the Disputes application to request adjustments to cardmember and merchant’s accounts. All adjustment requests must be sent to the Cardmember Posting and Billing System.,not about fault tolerance,not about fault tolerance,0.385949969291687
The Disputes application shall ensure that only users with the appropriate access level are allowed to initiate dispute requests.,not about fault tolerance,not about fault tolerance,0.41640809178352356
Only users with Update access must be able to initiate dispute requests.,not about fault tolerance,not about fault tolerance,0.5232764482498169
The Disputes application shall ensure that only authorized users are allowed to logon to the application.,not about fault tolerance,not about fault tolerance,0.4079412817955017
 All authorized users  once authenticated must be able to logon to the Disputes System,not about fault tolerance,not about fault tolerance,0.4443758428096771
The Disputes System shall generate a User Report that details any new users that have been added and any changes to an existing user’s access level.  The report will be reviewed for auditing purposes.,not about fault tolerance,not about fault tolerance,0.41551631689071655
All additions of new users and modifications to user’s access shall be recorded on the User Report.,not about fault tolerance,not about fault tolerance,0.4210066497325897
 If a user account is revoked  it can only be re-instantiated by the System Administrator.,not about fault tolerance,not about fault tolerance,0.48226046562194824
Only the System Administrator shall be able to reset a revoked user logon account,not about fault tolerance,not about fault tolerance,0.46147334575653076
The Disputes application shall manipulate and view business data. Users will not have direct access to data files or databases.,not about fault tolerance,not about fault tolerance,0.4889029860496521
All updates to data files or database must be initiated from the Disputes System.,not about fault tolerance,not about fault tolerance,0.4598652124404907
The Disputes application must conform to the legal requirements as specified by the Merchant Operating Regulations.,not about fault tolerance,not about fault tolerance,0.3504331707954407
All business rules specified in the Disputes System shall be in compliance with the Merchant Operating Regulations.,not about fault tolerance,not about fault tolerance,0.35645636916160583
The Disputes application must conform to the legal requirements as specified by Regulation E and Regulation Z that govern credit card disputes processing.,not about fault tolerance,not about fault tolerance,0.347766637802124
All business rules specified in the Disputes System shall be in compliance to the guidelines of Regulation E and Regulation Z.,not about fault tolerance,not about fault tolerance,0.3478454649448395
The Disputes application must maintain a detailed history of every action that a user takes on a dispute case.  This ensures a complete audit trail if questions arise later on with regard to a particular dispute case.,not about fault tolerance,not about fault tolerance,0.38212063908576965
All actions that modify an existing dispute case must be recorded in the case history.,not about fault tolerance,not about fault tolerance,0.4145374596118927
The product must support Internet Explorer 5.5 and above.,not about fault tolerance,not about fault tolerance,0.5944265723228455
The product must support Mozilla Firefox 1.0 and above.,not about fault tolerance,not about fault tolerance,0.532490074634552
The product shall interface with the Choice Parts System.  This provides the feed of recycled parts data.,not about fault tolerance,not about fault tolerance,0.4744377136230469
The product shall run on the existing hardware for all environments.,not about fault tolerance,not about fault tolerance,0.5369892716407776
The product shall adhere to the corporate Architecture guidelines,not about fault tolerance,not about fault tolerance,0.4986971318721771
The product shall comply with corporate User Interface Guidelines,not about fault tolerance,not about fault tolerance,0.4799119830131531
The product shall comply with corporate color scheme,not about fault tolerance,not about fault tolerance,0.5941565036773682
The appearance of the product shall appear professional,not about fault tolerance,not about fault tolerance,0.5894121527671814
The product shall be easy to use by Adjusters and Collision Estimators.  95% of Adjusters and Collision Estimators shall find the product easy to use.,not about fault tolerance,not about fault tolerance,0.3885000944137573
The product shall increase productivity of Collision Estimators. 80% of the Collision Estimators shall agree their productivity has increase within 1 month of using the product.,not about fault tolerance,not about fault tolerance,0.4141694903373718
Users shall feel satisfied using the product.  85% of all users will be satisfied with the product.,not about fault tolerance,not about fault tolerance,0.45861464738845825
The product shall be easy to learn by Adjusters and Collision Estimators.  The product shall be learned with two days onsite training,not about fault tolerance,not about fault tolerance,0.4277728199958801
The user shall easily locate instructions while using the product.  User help can be found within 90% of the system.,not about fault tolerance,not about fault tolerance,0.4531322419643402
The search for recycled parts shall take no longer than 15 seconds.  The search results shall be returned in under 15 seconds.,not about fault tolerance,not about fault tolerance,0.46737203001976013
The search for the preferred repair facility shall take no longer than 8 seconds.  The preferred repair facility is returned within 8 seconds,not about fault tolerance,not about fault tolerance,0.45705199241638184
The recycled parts audit report shall be returned to the user within 10 seconds.  The audit report shall be returned within 10 seconds.,not about fault tolerance,not about fault tolerance,0.40084171295166016
The preferred repair facility ratings shall be saved within 5 seconds. The save shall occur within 5 seconds.,not about fault tolerance,not about fault tolerance,0.44490107893943787
The product shall adhere to the corporate online availability schedule.  The application is brought down only within 98% of the scheduled outages per the availability schedule.,not about fault tolerance,not about fault tolerance,0.39997315406799316
The product shall achieve a 98% uptime. The product shall not fail more than 2% of the available online time.,not about fault tolerance,not about fault tolerance,0.43644362688064575
The product shall be able to handle up to 1500 simultaneous users. The system shall perform with 1500 users as a time.,not about fault tolerance,not about fault tolerance,0.4441341459751129
 The average number of recycled parts records per day shall be 50 000.,not about fault tolerance,not about fault tolerance,0.4721107482910156
 The product shall be able to handle 10 000 concurrent users within 2 years of the initial launch.,not about fault tolerance,not about fault tolerance,0.43037885427474976
 For estimators  the product shall be able to be operated in a repair facility during dirty and noisy conditions.,not about fault tolerance,not about fault tolerance,0.3538622558116913
The product shall interface with the ChoiceParts system once per day at approximately 1:00 AM.,not about fault tolerance,not about fault tolerance,0.48734816908836365
The maintenance of the product will fall within the established corporate maintenance windows.,not about fault tolerance,not about fault tolerance,0.4102800488471985
The product shall be supported using the corporate support center.,not about fault tolerance,not about fault tolerance,0.5346380472183228
Product installations and upgrades shall be handled by the middleware technology team within established launch time frames.,not about fault tolerance,not about fault tolerance,0.419645756483078
Only adjusters can request recycled parts audit reports. No users without an adjuster role shall request recycled parts audits.,not about fault tolerance,not about fault tolerance,0.42279884219169617
Only adjusters with a supervisor role can update preferred repair facility ratings. Users without the supervisor role cannot access the repair facility ratings.,not about fault tolerance,not about fault tolerance,0.41807156801223755
Only collision estimators shall search for recycled parts.  Users without the collision estimator role shall not have access to the search for recycled parts.,not about fault tolerance,not about fault tolerance,0.424154132604599
Only valid data shall be entered into the system.  No invalid data shall be entered into the system.,not about fault tolerance,not about fault tolerance,0.46711641550064087
One insurance company shall not be able to view another insurance companys claim data.,not about fault tolerance,not about fault tolerance,0.4622257649898529
The product shall free of computer viruses.,not about fault tolerance,not about fault tolerance,0.6132670640945435
The system shall prevent malicious attacks including denial of service.,not about fault tolerance,not about fault tolerance,0.5200880765914917
The product must comply with Sarbanes-Oxley.,not about fault tolerance,not about fault tolerance,0.49233728647232056
The product shall comply with the estimatics laws relating to recycled parts usage.,not about fault tolerance,not about fault tolerance,0.40394675731658936
The product shall comply with insurance regulations regarding claims processing.,not about fault tolerance,not about fault tolerance,0.5135131478309631
 The product must work with most database management systems (DBMS) on the market  whether the DBMS is colocated with the product on the same machine or is located on a different machine on the computer network.,not about fault tolerance,not about fault tolerance,0.3880242705345154
The product will function alongside server software on any operating system where the Java runtime can be installed.,not about fault tolerance,not about fault tolerance,0.46040382981300354
The product will require collaboration with a database management system (DBMS).  The DBMS may be located on the same machine as the product or on a separate machine residing on the same computer network.,not about fault tolerance,not about fault tolerance,0.3706907331943512
 The product must make use of web/application server technology.  Open source examples include Apache web server  Tomcat  and the JBoss application server.,not about fault tolerance,not about fault tolerance,0.3777801990509033
 A database management system such as Oracle  DB2  MySql or HSQL will need to be integrated with the product.,not about fault tolerance,not about fault tolerance,0.38738328218460083
 The product’s Look and Feel shall be able to incorporate aspects of the customer’s organization such as logo  branding  and identity,not about fault tolerance,not about fault tolerance,0.39412909746170044
The product shall have a conservative and professional appearance.,not about fault tolerance,not about fault tolerance,0.4957163333892822
The product shall make the users want to use it. 80% of the users surveyed report they are regularly using the product after the first 2 weeks post-launch.,not about fault tolerance,not about fault tolerance,0.39249494671821594
The product shall be easy to use. 90% of users will be able to successfully reserve a conference room within 5 minutes of product use.,not about fault tolerance,not about fault tolerance,0.416243314743042
The product shall give users feedback when necessary. 80% of the users surveyed report that the product accurately confirms their actions.,not about fault tolerance,not about fault tolerance,0.41485705971717834
The product shall allow the user to select a chosen language from one of the target market countries.,not about fault tolerance,not about fault tolerance,0.4390905499458313
The product shall allow for customization of start page and views preferences.,not about fault tolerance,not about fault tolerance,0.4893491566181183
 An employee will be able to successfully use the product within a few minutes.  After informally navigating the product for less than 15 minutes  users shall be able to successfully setup meetings and reserve conference rooms.,not about fault tolerance,not about fault tolerance,0.3895966708660126
The product shall use a standard navigation menu familiar to most web users.,not about fault tolerance,not about fault tolerance,0.4956011474132538
The product shall allow for intuitive searching of available conference rooms.,not about fault tolerance,not about fault tolerance,0.5304985642433167
The product shall conform to the Americans with Disabilities Act.,not about fault tolerance,not about fault tolerance,0.45736169815063477
The response shall be fast enough to avoid interrupting the user’s flow of thought.  90% of tasks shall complete within 5 seconds.  98% of tasks shall complete within 8 seconds.,not about fault tolerance,not about fault tolerance,0.40186426043510437
 Aside from server failure  the software product shall achieve 99.99% up time.,not about fault tolerance,not about fault tolerance,0.5037124156951904
The product shall create an exception log of problems encountered within the product for transmission to our company for analysis and resolution.,fault tolerance,not about fault tolerance,0.414563924074173
 The product shall be capable of handling up to 1 000 concurrent requests.  This number will increase to 2 000 by Release 2.  The concurrency capacity must be able to handle peak scheduling times such as early morning and late afternoon hours.,not about fault tolerance,not about fault tolerance,0.41771572828292847
 The product shall be able to process 10 000 transactions per hour within two years of its launch.  This number will increase to 20 000 by Release 2.,not about fault tolerance,not about fault tolerance,0.44847485423088074
The product shall be expected to operate for at least 5 years for each customer installation.,not about fault tolerance,not about fault tolerance,0.4663527309894562
The product shall be used in office environments.,not about fault tolerance,not about fault tolerance,0.5448676347732544
The product must be able to interface with any HTML browser.  The product shall transmit data between the user and the product without problems. The product shall display HTML properly in 80% of all HTML browsers tested (minimum is to test 8 browsers).,not about fault tolerance,not about fault tolerance,0.400097519159317
The product must be able to interface with various database management systems. The product shall communicate successfully with the database management system on 100% of all transactions.,not about fault tolerance,not about fault tolerance,0.44300395250320435
The product must be able to interface with various email servers. The product shall be able to send email.,not about fault tolerance,not about fault tolerance,0.4464285969734192
The product shall be available for distribution via the Internet as a binary or ZIP file.,not about fault tolerance,not about fault tolerance,0.4200087785720825
The product shall be available for distribution as a packaged CD.,not about fault tolerance,not about fault tolerance,0.47042763233184814
 The product will be available for licensing as a one-server  two-five servers  or five-or-more servers license.,not about fault tolerance,not about fault tolerance,0.41024091839790344
A new user must be able to be added to the system within 10 minutes.  90% of new users are able to log into the system within 10 minutes.,not about fault tolerance,not about fault tolerance,0.3978530764579773
The product must be designed using Design Patterns and coding best practices.  90% of maintenance software developers are able to integrate new functionality into the product with 2 working days.,not about fault tolerance,not about fault tolerance,0.42620229721069336
The product must be highly configurable for use with various database management systems for the end users.  80% of end users are able to integrate new database management systems with the product without changing the product’s software code.,not about fault tolerance,not about fault tolerance,0.41908174753189087
Maintenance releases will be offered to customers once a year.  The releases shall take no longer than 5 minutes for 80% of the customer base to install.,not about fault tolerance,not about fault tolerance,0.4444890022277832
Every registered user will have access to the product’s support site via the Internet.  70% of registered users shall find a solution to their problem within 5 minutes of using the support site.,not about fault tolerance,not about fault tolerance,0.4345671236515045
The customer shall be able to easily integrate new building maps with the product throughout the product’s lifecycle.  Integration of new maps with the product shall be possible with little to no support from product support staff.,not about fault tolerance,not about fault tolerance,0.39004647731781006
 The product shall be translated into foreign languages other than the target market countries’ languages in future releases.  For each emerging target market  it shall take no more than 5 days to configure the product for that market’s language.,not about fault tolerance,not about fault tolerance,0.3964715301990509
 The product is expected to integrate with multiple database management systems.  The product will operate with Oracle  SQL Server  DB2  MySQL  HSQL  and MS Access.,not about fault tolerance,not about fault tolerance,0.3527040481567383
The product shall be able to be installed in any operating environment within 2 days.,not about fault tolerance,not about fault tolerance,0.44094446301460266
The product shall ensure that only company employees or external users with company-approved user IDs may have product access.  100% of all logons shall be by either company employees or external users with company-approved user IDs.,not about fault tolerance,not about fault tolerance,0.39414700865745544
Only managers are able to perform search queries for reservations by user.  100% of all search queries for reservations by user shall be from logons of only management logons.,not about fault tolerance,not about fault tolerance,0.44433242082595825
The product shall ensure that the database’s data corresponds to the data entered by the user.  Each conference room reservation in the system will contain the same information as was entered by the user.,not about fault tolerance,not about fault tolerance,0.39206674695014954
The product shall prevent the input of malicious data.  The product and/or adjacent hardware/software systems’ data shall remain 100% uncorrupted each time malicious data is input into the product.,not about fault tolerance,not about fault tolerance,0.3840469717979431
The product and/or dependent databases/filesystems shall remain operational as a result of the input of malicious data.  The product and/or dependent databases/filesystems shall not crash 100% of the time that malicious data is input into the product.,fault tolerance,not about fault tolerance,0.3877637982368469
The product shall have the ability to receive automatic software updates as new threats emerge.  100% of customers will be able to receive automatic software updates transmitted to the installed product.,not about fault tolerance,not about fault tolerance,0.3960855007171631
The language of the product shall accommodate all of the target market countries. 90% of survey respondents from each target market country will find that the language of the product is acceptable.,not about fault tolerance,not about fault tolerance,0.3752744197845459
The product shall be able to display calendar dates and times according to the user’s locale.  90% of survey respondents from each target market country will find that the date and time formatting of the product is correct.,not about fault tolerance,not about fault tolerance,0.36980828642845154
The product must be developed with the J2SE/J2EE programming language libraries,not about fault tolerance,not about fault tolerance,0.4335857331752777
Recreation of Inventory Quantity Adjustment for the period of previous 30 days shall take no more than 30min.,not about fault tolerance,not about fault tolerance,0.44131606817245483
The System shall allow for a minimum of  6 users to work at the same time.,not about fault tolerance,not about fault tolerance,0.4653458297252655
The System shall utilize currently owned computer equipment.,not about fault tolerance,not about fault tolerance,0.6031263470649719
The System shall be able to automatically backup business data and restore them on demand.,not about fault tolerance,not about fault tolerance,0.4424431324005127
The System shall maintain consistent security.  Any changes in user passwords and/or permissions should take affect in all parts of the System.,not about fault tolerance,not about fault tolerance,0.43524521589279175
The System shall granularly control access rights to all major subsystems.  It should be possible to assign access rights to all subsystems independently.,not about fault tolerance,not about fault tolerance,0.42064669728279114
The System shall meet all applicable accounting standards.  The final version of the System must successfully pass independent audit performed by a certified auditor.,not about fault tolerance,not about fault tolerance,0.4185618758201599
The System shall not require additional third party licenses resulting in royalty fees.,not about fault tolerance,not about fault tolerance,0.4246058464050293
Administrator shall be able to activate a pre-paid card via the Administration section in under 5 seconds.,not about fault tolerance,not about fault tolerance,0.409188836812973
 Customer shall be able to check the status of their prepaid card  by entering in the PIN number  in under 5 seconds.,not about fault tolerance,not about fault tolerance,0.4106604754924774
System shall let customers register on the website as a “pay as you go” user in under 5 minutes.,not about fault tolerance,not about fault tolerance,0.45354950428009033
System shall let customers register on the website as a “unlimited movie subscriber” user in under 10 minutes.,not about fault tolerance,not about fault tolerance,0.4554181396961212
System shall let existing customers log into the website with their email address and password in under 5 seconds.,not about fault tolerance,not about fault tolerance,0.46966782212257385
 System shall let customers cancel their account  process shall take no longer than 2 minutes.  Database will mark the account as inactive  and user will not be able to log into the website.,not about fault tolerance,not about fault tolerance,0.4263017475605011
System shall let administrator de-activate a customer account in under 1 minute. Customer will no longer be able to access the website.,not about fault tolerance,not about fault tolerance,0.48120251297950745
System shall let administrator add/remove movies on the website in under 5 minutes.  Entered movie information will be stored in the database and will now be available on the website.,not about fault tolerance,not about fault tolerance,0.41689568758010864
System shall let the administrator add/remove categories on the website in under 5 minutes.,not about fault tolerance,not about fault tolerance,0.461031973361969
System shall let Izogn Manager access sales and usage statistics in under 2 minutes.,not about fault tolerance,not about fault tolerance,0.47595977783203125
System shall let administrators generate unique pre-paid pins in under 2 minutes and generate an Excel file with the generated PINs.,not about fault tolerance,not about fault tolerance,0.39867621660232544
The website shall be attractive to all audiences.  The website shall appear to be fun and the colors should be bright and vibrant.,not about fault tolerance,not about fault tolerance,0.3978937864303589
 The website should have an African feel  but should not alienate non-Africans.  The website should use animation on pages which are describing the services  to grab the users attention and encourage them to sign up.,not about fault tolerance,not about fault tolerance,0.3930650055408478
 The website design should be modern  clean  and concise.,not about fault tolerance,not about fault tolerance,0.4874022901058197
The product should be able to be used by 90% of novice users on the Internet.,not about fault tolerance,not about fault tolerance,0.42573028802871704
 Users should only have to navigate through a maximum of 4 pages  to create an account with the website.,not about fault tolerance,not about fault tolerance,0.4224426746368408
Users should be able to access their streaming movies in under 2 clicks after logging into the website.,not about fault tolerance,not about fault tolerance,0.45303580164909363
An anonymous survey will show that 70% of customers are comfortable purchasing streaming movies after 2 weeks using the website.,not about fault tolerance,not about fault tolerance,0.44859832525253296
An anonymous survey will show that 95% of customers are comfortable using and purchasing pre-paid cards after a month of using the system.,not about fault tolerance,not about fault tolerance,0.41483598947525024
The product shall retain the customer’s buying preferences and information.,not about fault tolerance,not about fault tolerance,0.4627823233604431
The product shall be easy for customers with novice skills on the  Internet to purchase and watch streaming movies.  Customers should be able to purchase and watch a pre-determined movie in under 3 minutes.,not about fault tolerance,not about fault tolerance,0.37896281480789185
The product shall use symbols and words that are naturally understandable by users familiar with websites,not about fault tolerance,not about fault tolerance,0.44844990968704224
The website will use standard Internet conventions when interacting with the user.,not about fault tolerance,not about fault tolerance,0.5363484025001526
 Any interface between a user and the automated system shall have a maximum response time of 5 seconds  unless noted by an exception below.,not about fault tolerance,not about fault tolerance,0.4161004424095154
 When purchasing a streaming movie or pre-paid card via credit card  the processing time should have a maximum response time of 15 seconds.,not about fault tolerance,not about fault tolerance,0.3986758291721344
 When streaming a movie  the buffering time should take no longer than 10 seconds (plus any latency on the user’s connection.),not about fault tolerance,not about fault tolerance,0.4469218850135803
 While streaming a movie  buffering should only occur if there is latency in the user’s connection.,not about fault tolerance,not about fault tolerance,0.44001084566116333
 All credit card information will be secured on the server  and only accessible by authorized Izogn administrators.  Information will be encrypted in the database.,not about fault tolerance,not about fault tolerance,0.42564916610717773
 The website shall be available for use 24 hours per day  365 days per year.,not about fault tolerance,not about fault tolerance,0.5113602876663208
The website shall achieve 99.5% up time.,not about fault tolerance,not about fault tolerance,0.6236547827720642
 All movies shall be streamed on demand  at any time of the day.,not about fault tolerance,not about fault tolerance,0.4575505256652832
The website shall continue to operate if the streaming server goes down.,fault tolerance,not about fault tolerance,0.4791053831577301
The website shall continue to operate if the payment gateway goes down.,fault tolerance,not about fault tolerance,0.5152332782745361
The streaming server will support 50 simultaneous streaming connections.,not about fault tolerance,not about fault tolerance,0.5682685375213623
The streaming server will support a maximum of 700 movies  new servers can be added to support more movies.,not about fault tolerance,not about fault tolerance,0.4695425033569336
 The server will support a maximum of 1 000 simultaneous users.,not about fault tolerance,not about fault tolerance,0.5425106287002563
 The website shall be capable of supporting 100 000 customers.,not about fault tolerance,not about fault tolerance,0.556564450263977
The product shall be expected to operate within the maximum maintenance budget for a minimum of 2 years.,not about fault tolerance,not about fault tolerance,0.4493432641029358
All aspects of the website shall be accessed by a web browser over the Internet.,not about fault tolerance,not about fault tolerance,0.453837513923645
The same hardware supporting the current website will be used to support the new system.,not about fault tolerance,not about fault tolerance,0.46266448497772217
 We must be able to interface with the following browsers: IE 5.X  6.0  Netscape 6.x  7.x  8.x and Firefox 1.0.,not about fault tolerance,not about fault tolerance,0.4519113600254059
Website must interface with the CyberSource API to process credit card transactions.,not about fault tolerance,not about fault tolerance,0.46337592601776123
Website must be fully operational with MSN TV2.,not about fault tolerance,not about fault tolerance,0.5539947748184204
Movies shall be encoded and streamed via Windows Media Player 9.0.,not about fault tolerance,not about fault tolerance,0.49603188037872314
Movies shall be encoded for 56k and 256k streams.,not about fault tolerance,not about fault tolerance,0.44104671478271484
Promotional updates to the website should take a day to update.,not about fault tolerance,not about fault tolerance,0.4788684546947479
Izogn Administrator must be able to update the category listings on the website within 2 minutes.,not about fault tolerance,not about fault tolerance,0.43458059430122375
Izogn Administrator must be able to add new products to the website within 2 minutes.,not about fault tolerance,not about fault tolerance,0.4444005787372589
The system will provide a 24 hour 800 toll free number for support to its customers.,not about fault tolerance,not about fault tolerance,0.507345974445343
The website will provide a help section with answers and solutions to common problems.,not about fault tolerance,not about fault tolerance,0.49463871121406555
 Velkat staff will be available for phone support between 7am-7pm  M-F to provide technical support to the Izogn administrators.,not about fault tolerance,not about fault tolerance,0.4536186456680298
The product shall be able to be installed in the specified environment within 1 working day.,not about fault tolerance,not about fault tolerance,0.4287909269332886
Only registered customers can purchase streaming movies.,not about fault tolerance,not about fault tolerance,0.6422789692878723
 A customer can only stream a movie if they purchased it  and are within the 2 day viewing period.,not about fault tolerance,not about fault tolerance,0.4356037378311157
Only authorized personnel can access customer records in the database.,not about fault tolerance,not about fault tolerance,0.514637291431427
Only administrators can activate a pre-paid card.,not about fault tolerance,not about fault tolerance,0.5236133933067322
Only authorized personnel can access sales information.,not about fault tolerance,not about fault tolerance,0.5947877764701843
The website shall prevent its data from being corrupted when incorrect data is entered in.,not about fault tolerance,not about fault tolerance,0.49257537722587585
 The website shall protect itself from intentional abuse  and notify the administrator at all occurrences.,not about fault tolerance,not about fault tolerance,0.4137214422225952
Data integrity scripts will be run on a weekly basis to verify the integrity of the database.,not about fault tolerance,not about fault tolerance,0.415787935256958
 The website shall make its user aware of its information practices before collection data from them via a Privacy Policy  accessible on all pages of the website.,not about fault tolerance,not about fault tolerance,0.4171864986419678
The system shall notify customers of changes to its information policy.,not about fault tolerance,not about fault tolerance,0.538593590259552
The system shall reveal private information only in compliance with the organization’s information policy.,not about fault tolerance,not about fault tolerance,0.45194411277770996
 All customer information will be stored on a secure database  accessible only to authorized personnel.,not about fault tolerance,not about fault tolerance,0.45887890458106995
All credit card information will be encrypted in the database.,not about fault tolerance,not about fault tolerance,0.5235000848770142
The streaming server will have anti-virus software to prevent infection of malicious viruses.,not about fault tolerance,not about fault tolerance,0.4125705361366272
The website should cater to all tribes in Nigeria.,not about fault tolerance,not about fault tolerance,0.5145617127418518
The website shall not be offensive to religious or ethnic groups.,not about fault tolerance,not about fault tolerance,0.4587656855583191
 The website should appeal to all Africans  not only Nigerians.,not about fault tolerance,not about fault tolerance,0.4800443649291992
The website should use Flash to provide animation on the home page.,not about fault tolerance,not about fault tolerance,0.5222237706184387
IzognMovies shall meet the licensing requirements set forth by the appropriate organizations in order to stream African movies.,not about fault tolerance,not about fault tolerance,0.38682252168655396
The website will comply with W3C standards.,not about fault tolerance,not about fault tolerance,0.5918622016906738
The PHP code will comply with PEAR standards.,not about fault tolerance,not about fault tolerance,0.5490936636924744
Total lead cycle time must be completed in 5 minutes for 90% of lead volume between the business hours of 8AM CST to 8PM CST  then 3 minutes for 99% of lead volume during off business hours.,not about fault tolerance,not about fault tolerance,0.4122312664985657
No lead evaluation will complete in a time period longer than 25 seconds for 97% of all leads processed.,not about fault tolerance,not about fault tolerance,0.5142351984977722
For leads that process longer than 25 seconds the system will record the event and duration,not about fault tolerance,not about fault tolerance,0.4767017960548401
The process must fit within the processing time conditions set forth by the Auto Rep Assignment process in which a lead is assigned within 3 minutes of the total life cycle.,not about fault tolerance,not about fault tolerance,0.4014838635921478
The lead washing process will operate within the established physical web service structure.,not about fault tolerance,not about fault tolerance,0.5106534957885742
 The washing process must use a non binding  neutral data format  such as xml  when receiving and processing lead data.,not about fault tolerance,not about fault tolerance,0.42617201805114746
Defect reports will be available to technical units on a 24x7 basis.,not about fault tolerance,not about fault tolerance,0.4913633465766907
Washing parameters will be updated during scheduled maintenance hours.,not about fault tolerance,not about fault tolerance,0.5897755026817322
The product shall simulate the look of ships at sea.,not about fault tolerance,not about fault tolerance,0.48174601793289185
The product shall display the grids within a circle as a view from a periscope.,not about fault tolerance,not about fault tolerance,0.42282363772392273
The product shall display each type of ship in a grid using an image of the specific type of ship.,not about fault tolerance,not about fault tolerance,0.3644149899482727
 When the offensive player takes a shot  the product shall simulate the sound of a ship at sea.,not about fault tolerance,not about fault tolerance,0.36344245076179504
 When a shot is marked as a miss  the product shall simulate the sound of a shot missing its target.,not about fault tolerance,not about fault tolerance,0.38459134101867676
 When a shot is marked as a hit  the product shall simulate the sound of a shot hitting its target.,not about fault tolerance,not about fault tolerance,0.3914596438407898
 When a ship is sunk  the product shall simulate the sound of a sinking ship.,not about fault tolerance,not about fault tolerance,0.3617781698703766
 The product shall be available 24 hours per day  seven days per week.,not about fault tolerance,not about fault tolerance,0.4833168387413025
The product shall able to handle a large number of games simultaneously.,not about fault tolerance,not about fault tolerance,0.4513559341430664
The response time shall be fast enough to maintain the flow of the game.  The response time shall be no more than 2 seconds for 95% of responses and no more than 4% for the remaining responses.,not about fault tolerance,not about fault tolerance,0.41665351390838623
The product shall protect the identity of the players. The product shall provide players no access to information that might reveal the identity of another player.,not about fault tolerance,not about fault tolerance,0.4224029779434204
The product shall be intuitive and self-explanatory.  Nine out ten users shall be able to successfully complete a game with no training.,not about fault tolerance,not about fault tolerance,0.44340258836746216
 The product shall be available to players who understand English  Spanish and French.  The product shall allow the user to select the language upon accessing the product.,not about fault tolerance,not about fault tolerance,0.3944951295852661
The product shall provide players no access to information that might reveal the identity of another player,not about fault tolerance,not about fault tolerance,0.45390650629997253
The response time shall be fast enough to maintain the flow of the game. The response time shall be no more than 2 seconds for 95% of responses and no more than 4% for the remaining responses.,not about fault tolerance,not about fault tolerance,0.4121515154838562
The system shall be easy to use by callers and supervisors. Callers and supervisors must be able to accomplish any system task within 2 minutes.,not about fault tolerance,not about fault tolerance,0.41979068517684937
The system shall be easy to learn by callers and supervisors. Callers and supervisors shall learn how to use the system within 10 minutes.,not about fault tolerance,not about fault tolerance,0.4133654832839966
 The system shall be responsive. At the DePaul TeleServices Center  when a supervisor uses the system to view a callers schedule  the system response time must be no more than 2 seconds 90% of the time and no more than 5 seconds the rest of the time.,not about fault tolerance,not about fault tolerance,0.3827701210975647
 On a 56k connection  the system response time for all operations must be no more than 6 seconds 90% of the time.,not about fault tolerance,not about fault tolerance,0.444271981716156
 On a 112k connection or faster  the system response time for all operations must be no more than 3 seconds 90% of the time.,not about fault tolerance,not about fault tolerance,0.4246634542942047
The system shall have high availability every day of the year.The system must be available for use between 12:00AM and 6:00PM all days of the year.,not about fault tolerance,not about fault tolerance,0.4478796422481537
The system must be available for use between 7:00AM and 11:59PM all days of the year.,not about fault tolerance,not about fault tolerance,0.45741769671440125
The product shall be internet browser independent.The product must run using Internet Explorer and Netscape Navigator.,not about fault tolerance,not about fault tolerance,0.4705777168273926
The product shall ensure that only supervisors can advertise empty time slots.The product must ensure that supervisors are allowed to access advertise empty time slots.,not about fault tolerance,not about fault tolerance,0.41808372735977173
The product shall ensure that only supervisors can enter a caller’s schedule.The product must ensure that supervisors are allowed to access advertise empty time slots.,not about fault tolerance,not about fault tolerance,0.42287832498550415
The product shall ensure that only supervisors can view schedule of all callers.The product must ensure that supervisors are allowed to access advertise empty time slots.,not about fault tolerance,not about fault tolerance,0.42391034960746765
 The interface shall have a simple look. In the interface and usability survey  90% of beta testers must report that the interface is adequately simple.,not about fault tolerance,not about fault tolerance,0.42272889614105225
 The interface shall be appealing to callers and supervisors. In the interface and usability survey  80% of beta testers must report that the interface is appealing.,not about fault tolerance,not about fault tolerance,0.3909827172756195
The product shall provide GUI based Monitoring Services.System Administrators shall monitor message exchanges will predict and determine problems and will also provide internal and external support.,not about fault tolerance,not about fault tolerance,0.4258224070072174
The product shall comply with City of Chicago Application Development Guide Framework.Application Development Framework will provide structured Graphical User Interface.,not about fault tolerance,not about fault tolerance,0.35788393020629883
The product shall provide Monitoring Services.The product shall be easy for System Administrators and DBAs to use after two weeks of usage.,not about fault tolerance,not about fault tolerance,0.45199695229530334
The product shall provide Error Tracking Services.The product shall help the System Administrators and DBAs to resolve transaction errors 99% of the time.,not about fault tolerance,not about fault tolerance,0.42786529660224915
The product shall provide Portals.The product shall help System Administrators to analyze the transactions with ad-hoc reporting and KPIs (Key Performance Indicators),not about fault tolerance,not about fault tolerance,0.40350309014320374
The product shall provide Asynchronous Messaging.The product shall provide asynchronous messaging to enable parallel processing and reduce the overhead in communications,not about fault tolerance,not about fault tolerance,0.422906756401062
The product shall provide Multi-threading and Load Balancing.The product shall provide multi-threading technology as well as load balancing to overcome data load spikes and traffic.,not about fault tolerance,not about fault tolerance,0.3851017653942108
The product shall process messages within 2 seconds.The product shall have a maximum message processing time of 2 seconds,not about fault tolerance,not about fault tolerance,0.46019744873046875
The product shall poll the system for messages every second.The product shall poll the system for new messages at a maximum of every 1 second.,not about fault tolerance,not about fault tolerance,0.4579053223133087
The product shall provide Dynamic Change Support and Transparent resource addition.The product shall support Transparent Resource addition and Dynamic Change support to provide scalability and avoid service interruptions of more than 1 day.,not about fault tolerance,not about fault tolerance,0.3858199119567871
The product shall be available 99% of the time. Rationale: To avoid service interruption during busiest customer service response periods. The product shall be available 99.99% of the time for regular business days.,not about fault tolerance,not about fault tolerance,0.44361361861228943
The product shall be robust.The product shall have fault avoidance based on standards adoption.,fault tolerance,not about fault tolerance,0.4393085241317749
The product shall be robust with fault tolerance.The product shall have fault tolerance by using recovery technique compensatory transaction and routing around failures.,fault tolerance,not about fault tolerance,0.4304245710372925
The product shall be able to process all transactions.The product shall process minimum of 1 million transactions per year.,not about fault tolerance,not about fault tolerance,0.4578268527984619
The product shall be platform independent.The product shall enable access to any type of development environment and platform.,not about fault tolerance,not about fault tolerance,0.45069554448127747
The product shall interface CSR and Datastream.The product shall exchange messages between CSR and EAM on a real time basis without any direct interfaces between two systems.,not about fault tolerance,not about fault tolerance,0.3886066675186157
 : The product shall continue to operate during upgrade  change or new resource addition.The product shall be able to continue to operate with no interruption in service due to new resource additions.,not about fault tolerance,not about fault tolerance,0.4300786852836609
The product shall be updated on a regular basis.The product will have a new major feature introduced every six months and quarterly maintenance releases every six months.,not about fault tolerance,not about fault tolerance,0.4363844692707062
The product shall operate with every platform.The product shall accommodate any new technology without any change in its architecture.,not about fault tolerance,not about fault tolerance,0.4926225543022156
 The product shall have security.The product shall provide authentication  and authorization.,not about fault tolerance,not about fault tolerance,0.4897928833961487
The product shall information Security. The product shall enable privacy by encryption WS-Security and Integrity Checking.,not about fault tolerance,not about fault tolerance,0.42116212844848633
The product shall have audit capabilities.The product shall store messages for a minimum of one year for audit and transaction tracking purposes.,not about fault tolerance,not about fault tolerance,0.41139107942581177
The system shall use IBM and CCR branding standards. The interface must have one IBM logo and one CCR logo.,not about fault tolerance,not about fault tolerance,0.4397619366645813
The system shall be displayable on any work computer a CCR user may have. The system interface shall be formatted to display at 800 by 600 pixel resolution.,not about fault tolerance,not about fault tolerance,0.43281295895576477
The system interface will use CCR nomenclature. The system must use the same nomenclature used in the existing WCS system and reports,not about fault tolerance,not about fault tolerance,0.4592980742454529
The interface must summarize the data in a fashion that’s appealing to CCR management. Every report type must have at least one high level summary shown in the results dashboard/interface,not about fault tolerance,not about fault tolerance,0.43441444635391235
The system must use a point and click interface. 100% of all selection and navigation functionality must be able to be activated/selected by either a mouse or a keyboard,not about fault tolerance,not about fault tolerance,0.4128091335296631
The interface shall be easy to use. 90% of users should be able to successfully use the system to generate a report on their first use. The interface should adhere to IBM usability standards.,not about fault tolerance,not about fault tolerance,0.4058847725391388
Rreports must be easy to generate. eports must be generated within one button click and exported within one button click (after selecting the report),not about fault tolerance,not about fault tolerance,0.40437841415405273
A user shall be able to use the system without instruction after a short amount of time. After one use a user should understand and remember 90% of the system usage and navigation.,not about fault tolerance,not about fault tolerance,0.4000086188316345
All CCR users shall receive training before the WCS system is deployed. One training session will be held for 100% of CCR users before system deployment (based on a CCR user being available),not about fault tolerance,not about fault tolerance,0.41026079654693604
The WCS system shall use appropriate nomenclature and terminology as defined by the Corporate Community Grants organization. All interfaces and reports will undergo usability tests by CCR users.,not about fault tolerance,not about fault tolerance,0.3838885724544525
The WCS system shall be available at all times as long as IBM’s internal intranet W3 is accessible. The WCS system will be available 95% of the time IBM’s internal intranet W3 is available.,not about fault tolerance,not about fault tolerance,0.40523290634155273
The WCS system shall have the ability to connect other designated WCS databases currently not included in the system.,not about fault tolerance,not about fault tolerance,0.4340524673461914
The WCS system shall have the ability to include data for regions outside the United States and be accessed by users outside of the United States if approved by CCR management.,not about fault tolerance,not about fault tolerance,0.35631105303764343
The WCS system shall be run in a Windows environment. The WCS shall be accessed by users through the Internet on an IBM computer running a Windows 2000 or above operating system.,not about fault tolerance,not about fault tolerance,0.4067072570323944
The Brio portion of the WCS system must be able to export files in spreadsheet form (Microsoft Excel and Lotus 1-2-3 formats).  Brio will provide buttons in the user interface that produce/export reports in .xls or .123 file formats.,not about fault tolerance,not about fault tolerance,0.3724760115146637
The WCS system must run queries to the WCS databases once again (on a specified day) to update the available data available to CCR users. Queries must be made to external databases for data refresh once a week.,not about fault tolerance,not about fault tolerance,0.41714370250701904
 All changes  updates  and additions to the WCS system shall be updated in the WCS Developer and WCS User Guides. Every change must be reflected in WCS system documentation,not about fault tolerance,not about fault tolerance,0.4061751961708069
The system shall only be accessed by authorized Corporate Community Grants (CCR) employees. Users must be authenticated using their IBM intranet user name and password.,not about fault tolerance,not about fault tolerance,0.4003700613975525
The WCS system shall not allow automatic logins by any user. Cookies containing WCS login information about a user will not be stored on a user’s computer.,not about fault tolerance,not about fault tolerance,0.4446079432964325
Each team owner will need to use a username and password in order to be authenticated to reach the team owner’s page,not about fault tolerance,not about fault tolerance,0.4114367961883545
The Commissioner will be the only authorized user per league to adjust league settings.,not about fault tolerance,not about fault tolerance,0.45124179124832153
Each page shall contain a navigation menu which shows the index into which the current page is contained.,not about fault tolerance,not about fault tolerance,0.47510474920272827
Each page shall contain a similar format with action items in one location and navigation buttons in a different location.,not about fault tolerance,not about fault tolerance,0.4380353093147278
The message board shall contain the 5 most recently posted messages on the league page. The messages will contain up to the first 150 characters of the message.,not about fault tolerance,not about fault tolerance,0.3869982659816742
;A new user shall be able to navigate through the league and team pages within 30 seconds of reaching the start-up page.,not about fault tolerance,not about fault tolerance,0.4148487150669098
Users shall be able to reach the ‘add’  ‘drop’  and ‘trade player’ pages with one click from the team owner’s page.,not about fault tolerance,not about fault tolerance,0.36625468730926514
;Users shall be able to view at least 25 NFL player statistics and points on each page.,not about fault tolerance,not about fault tolerance,0.43380582332611084
The application shall ask the user to confirm dropping a player or trading a player before performing the action.,not about fault tolerance,not about fault tolerance,0.3692997395992279
The application shall be able to complete every user transaction within one fourth of a second of receiving the request over the network.,not about fault tolerance,not about fault tolerance,0.40144363045692444
The application shall have a downtime of at most 10 minutes per year.,not about fault tolerance,not about fault tolerance,0.46396034955978394
The application shall run on a web application server.,not about fault tolerance,not about fault tolerance,0.5491428375244141
A primary database will be used to store cached data for active users.,not about fault tolerance,not about fault tolerance,0.5298041105270386
A secondary database will be used to store historical statistics and data.,not about fault tolerance,not about fault tolerance,0.4998428523540497
Application updates shall occur between 3AM and 6 AM CST on Wednesday morning during the middle of the NFL season.,not about fault tolerance,not about fault tolerance,0.41126570105552673
New System version releases shall be released at the beginning of each NFL season.,not about fault tolerance,not about fault tolerance,0.42910507321357727
The RFS system should be available 24/7  especially during the budgeting period. The RFS system shall be available 90% of the time all year  and 98% during the budgeting period. 2% of the time  the system will become available within 1 hour of the time that the situation is reported.,not about fault tolerance,not about fault tolerance,0.39144763350486755
98% of the user workstations shall meet the minimum hardware requirements prior to implementation. Minimum Hard Disk Space:  400MB.,not about fault tolerance,not about fault tolerance,0.40155908465385437
98% of the user workstations shall meet the minimum software requirements prior to implementation: Microsoft Internet Explorer 5.0. Microsoft .NET Framework 1.1. Microsoft Internet Explorer Web Controls,not about fault tolerance,not about fault tolerance,0.4466063678264618
The RFS system should be able to easily interface with the BDW environment  in order to load the data. •;7 data files shall be received from the BDW and loaded into the RFS system within 3 hours one day prior to the start of budgeting process  every year. The data will be as of October month-end. ;Test files (7) shall be loaded up to 5 times throughout the year  from the BDW.,not about fault tolerance,not about fault tolerance,0.39220431447029114
Changes to revenue and expense formulae must be applied to the RFS system  every year  prior to the budgeting process start. Revenue and expense formulae will be updated within one week of their receipt  after which 2 weeks will be allotted to testing of the budget calculations  to be conducted jointly by the project development team and PCG Finance.,not about fault tolerance,not about fault tolerance,0.3750133514404297
New branches/complexes/districts/regions and revenue/expense accounts added to the BDW  must be reflected in the RFS system. 100% of the entities (mentioned above) available as of October month-end  will be loaded into the RFS system  prior to the budget start process.,not about fault tolerance,not about fault tolerance,0.3537479043006897
Only authorized user shall access the RFS system. ONLY users that exist in the UAS system  with the RFS system assigned to their role(s)  shall access the RFS system and use it.,not about fault tolerance,not about fault tolerance,0.4033631980419159
;User access should be limited to the permissions granted to their role(s) Each level in the PCG hierarchy will be assigned a role and users will be assigned to these roles. Access to functionality within RFS system is dependent on the privileges/permission assigned to the role..,not about fault tolerance,not about fault tolerance,0.39658766984939575
The product must comply with the intranet page standards and requirements of ENET Securities. 95% of the product look & feel will be approved by the Architecture group  prior to implementation. The remaining 5% will be corrected and approved within one month of product release.,not about fault tolerance,not about fault tolerance,0.3863578736782074
 The intranet pages should display appropriately in all resolutions  from 800x600 and higher. The display of all the pages will be correct in 95% of the resolutions  prior to implementation. The remaining 5% will be corrected within a week of notification of the incorrect display.,not about fault tolerance,not about fault tolerance,0.3780517578125
The users should be able to easily use the system to successfully complete their budgets  within the stipulated time for completion. With a week of training prior to product implementation  98% of the users shall complete their budgets within the stipulated time.,not about fault tolerance,not about fault tolerance,0.3723296821117401
The product interface should be fast. The response time of the product interface should not exceed 2 seconds 90% of the time. For 10% of the time  the response time should not be more than 10 seconds.not be more than 10 seconds.,not about fault tolerance,not about fault tolerance,0.3886757791042328
