Requirement text,Gold label,Predicated label,ZSL score
The system shall refresh the display every 60 seconds.,not about system recovery & fault tolerance,not about system recovery & fault tolerance,0.23734624683856964
The application shall match the color of the schema set forth by Department of Homeland Security,not about system recovery & fault tolerance,not about system recovery & fault tolerance,0.18117576837539673
 If projected  the data must be readable.  On a 10x10 projection screen  90% of viewers must be able to read Event / Activity data from a viewing distance of 30,not about system recovery & fault tolerance,not about system recovery & fault tolerance,0.07821829617023468
 The product shall be available during normal business hours. As long as the user has access to the client PC  the system will be available 99% of the time during the first six months of operation.,not about system recovery & fault tolerance,system recovery & fault tolerance,0.24996422231197357
 If projected  the data must be understandable. On a 10x10 projection screen  90% of viewers must be able to determine that Events or Activities are occuring in current time from a viewing distance of 100,not about system recovery & fault tolerance,not about system recovery & fault tolerance,0.04840821772813797
The product shall ensure that it can only be accessed by authorized users.  The product will be able to distinguish between authorized and unauthorized users in all access attempts,not about system recovery & fault tolerance,system recovery & fault tolerance,0.22281797230243683
The product shall be intuitive and self-explanatory.  :  90% of new users shall be able to start the display of Events or Activities within 90 minutes of using the product.,not about system recovery & fault tolerance,not about system recovery & fault tolerance,0.1798364371061325
The product shall respond fast to keep up-to-date data in the display.,not about system recovery & fault tolerance,not about system recovery & fault tolerance,0.25750288367271423
The look and feel of the system shall conform to the user interface standards of the smart device.,not about system recovery & fault tolerance,system recovery & fault tolerance,0.2998773753643036
 The user interface shall have standard menus  buttons for navigation,not about system recovery & fault tolerance,not about system recovery & fault tolerance,0.16440483927726746
The system shall have a professional appearance,not about system recovery & fault tolerance,system recovery & fault tolerance,0.27936244010925293
The product shall have a consistent color scheme and fonts.,not about system recovery & fault tolerance,system recovery & fault tolerance,0.17392849922180176
The system shall be used by realtors with no training.,not about system recovery & fault tolerance,not about system recovery & fault tolerance,0.110103540122509
The system shall be intuitive and self explanatory.,not about system recovery & fault tolerance,not about system recovery & fault tolerance,0.2993117570877075
The product shall be easy for a realtor to learn.,not about system recovery & fault tolerance,not about system recovery & fault tolerance,0.06473866105079651
The product shall use symbols and words that are naturally understandable by the realtor community.,not about system recovery & fault tolerance,not about system recovery & fault tolerance,0.039511147886514664
The product shall produce search results in an acceptable time,not about system recovery & fault tolerance,not about system recovery & fault tolerance,0.14172102510929108
The search results shall be returned no later 30      seconds  after the user has entered the search criteria,not about system recovery & fault tolerance,not about system recovery & fault tolerance,0.08501958101987839
The product shall generate a CMA report in an acceptable time.,not about system recovery & fault tolerance,not about system recovery & fault tolerance,0.1780523657798767
The CMA report shall be returned no later 60 seconds after the user has entered the CMA report criteria.,not about system recovery & fault tolerance,not about system recovery & fault tolerance,0.15604643523693085
The product shall synchronize contacts and appointments in an acceptable time.,not about system recovery & fault tolerance,system recovery & fault tolerance,0.17720569670200348
The product shall synchronize with the office system every hour.,not about system recovery & fault tolerance,system recovery & fault tolerance,0.2032066434621811
 The product shall be available for use 24 hours per day  365 days  per year,not about system recovery & fault tolerance,not about system recovery & fault tolerance,0.1566445678472519
 Out of 1000 accesses to the system  the system is available 999 times.,not about system recovery & fault tolerance,not about system recovery & fault tolerance,0.268850713968277
The product shall operate in offline mode whenever internet connection is unavailable.,system recovery & fault tolerance,not about system recovery & fault tolerance,0.19440007209777832
 The product shall allow the user to view previously downloaded search results  CMA reports  and appointments.,system recovery & fault tolerance,not about system recovery & fault tolerance,0.06557215750217438
The product shall retain user preferences in the event of a failure.,system recovery & fault tolerance,system recovery & fault tolerance,0.3957073986530304
100% of saved user preferences shall be restored when system comes back online.,system recovery & fault tolerance,system recovery & fault tolerance,0.2862500250339508
The product shall be able to support multiple remote users,not about system recovery & fault tolerance,not about system recovery & fault tolerance,0.17694193124771118
The product shall be able support 1000 simultaneous users.,not about system recovery & fault tolerance,not about system recovery & fault tolerance,0.20647583901882172
The product shall be capable of handling the existing 1000 users. This number is expected to grow 5 times within the next year.,not about system recovery & fault tolerance,system recovery & fault tolerance,0.26007890701293945
The product shall be installed by an untrained realtor   without recourse to separately-printed instructions.,not about system recovery & fault tolerance,not about system recovery & fault tolerance,0.1541435867547989
90% of untrained realtors shall be able to install the product on their device without printed instructions,not about system recovery & fault tolerance,not about system recovery & fault tolerance,0.19194236397743225
The product is expected to run on Windows CE and Palm operating systems.,not about system recovery & fault tolerance,not about system recovery & fault tolerance,0.19280903041362762
Only registered realtors shall be able to access the system.,not about system recovery & fault tolerance,not about system recovery & fault tolerance,0.11721216142177582
Every user of the system shall be authenticated and authorized.,not about system recovery & fault tolerance,system recovery & fault tolerance,0.243178591132164
The product shall prevent its data from incorrect data being introduced.,not about system recovery & fault tolerance,not about system recovery & fault tolerance,0.26563283801078796
The system shall be easy to use by the Program Administrators/Nursing Staff Members.,not about system recovery & fault tolerance,not about system recovery & fault tolerance,0.23444777727127075
All of the users shall be able to use the system after one day of training.,not about system recovery & fault tolerance,system recovery & fault tolerance,0.23398958146572113
The system shall help the user avoid making mistakes while scheduling classes and clinicals for the nursing students.,not about system recovery & fault tolerance,not about system recovery & fault tolerance,0.24581800401210785
The number of mistakes noted by the students shall be decreased by 50% in the first year.,not about system recovery & fault tolerance,not about system recovery & fault tolerance,0.1193111464381218
The system shall be intuitive to the Program Administrators/Nursing Staff Members.,not about system recovery & fault tolerance,not about system recovery & fault tolerance,0.2681517004966736
2 out of 3 Program Administrators/Nursing Staff Members shall successfully be able to use the system to manage the scheduling of classes and clinicals.,not about system recovery & fault tolerance,not about system recovery & fault tolerance,0.225185364484787
The system shall use symbols and words that are naturally understandable by the user community.,not about system recovery & fault tolerance,not about system recovery & fault tolerance,0.20681975781917572
The verbiage used within the system shall be consistent with Standard English and the terminology of the national Nursing Community.,not about system recovery & fault tolerance,system recovery & fault tolerance,0.18357209861278534
Staff members shall be able to complete a set of tasks in a timely manner.,not about system recovery & fault tolerance,not about system recovery & fault tolerance,0.22200874984264374
The response time of general student management tasks shall take no longer than 5 seconds and the response time of schedule generation shall take no longer than 30 seconds.,not about system recovery & fault tolerance,not about system recovery & fault tolerance,0.19835905730724335
The system shall be available for use between the hours of 8am and 6pm.,not about system recovery & fault tolerance,system recovery & fault tolerance,0.24205026030540466
The system shall achieve 95% up time.,not about system recovery & fault tolerance,not about system recovery & fault tolerance,0.3127349615097046
system shall be able to handle all of the user requests/usage during business hours.,not about system recovery & fault tolerance,system recovery & fault tolerance,0.3194200396537781
The system shall cater to 10 simultaneous users from 9am to 5pm.,not about system recovery & fault tolerance,system recovery & fault tolerance,0.17075057327747345
The system shall be capable of processing 100% of nursing students and their classes for the next 10 years.,not about system recovery & fault tolerance,not about system recovery & fault tolerance,0.1574000120162964
The system shall be expected to manage the nursing program curriculum and class/clinical scheduling for a minimum of 5 years.,not about system recovery & fault tolerance,system recovery & fault tolerance,0.12839584052562714
The system shall able to operate within a business office environment typical of the Nursing Department at DePaul University.,not about system recovery & fault tolerance,system recovery & fault tolerance,0.16924600303173065
The system shall be used within the specifications defined by the computers used by the Program Administrators/Nursing Staff Members.,not about system recovery & fault tolerance,not about system recovery & fault tolerance,0.3260127305984497
The system shall operate within the Windows XP Professional operating system.,not about system recovery & fault tolerance,not about system recovery & fault tolerance,0.2780520021915436
The system shall interface with CampusConnect’s central server,not about system recovery & fault tolerance,not about system recovery & fault tolerance,0.22919988632202148
The system shall interface with the faculty central server.,not about system recovery & fault tolerance,not about system recovery & fault tolerance,0.2200639247894287
The system shall interface with the student master server.,not about system recovery & fault tolerance,not about system recovery & fault tolerance,0.25372669100761414
We must be able to interface with any HTML browser.,not about system recovery & fault tolerance,not about system recovery & fault tolerance,0.1068401038646698
Only authorized users shall have access to clinical site information.,not about system recovery & fault tolerance,not about system recovery & fault tolerance,0.06714936345815659
Program Administrators/Nursing Staff Members are the only people who shall have access to clinical site details.,not about system recovery & fault tolerance,not about system recovery & fault tolerance,0.08680828660726547
Only authorized users shall have access to students’ personal information.,not about system recovery & fault tolerance,not about system recovery & fault tolerance,0.07646270841360092
Dr Susan Poslusny and Dr Julie Donalek are the only people who shall have access to students’ personal information.,not about system recovery & fault tolerance,not about system recovery & fault tolerance,0.006694822106510401
Only authorized users shall have access to the portion of the system that interfaces with CampusConnect.,not about system recovery & fault tolerance,not about system recovery & fault tolerance,0.15397131443023682
Fit Criterion: Dr Susan Poslusny and Karen Sysol are the only people who shall have access to the final class section scheduling for the system that interfaces with CampusConnect.,not about system recovery & fault tolerance,not about system recovery & fault tolerance,0.16095957159996033
The system shall have basic data integrity checking to reduce the possibility of incorrect or invalid data being introduced.,not about system recovery & fault tolerance,not about system recovery & fault tolerance,0.3838188350200653
The system shall protect private information in accordance with the organization’s information policy.,not about system recovery & fault tolerance,not about system recovery & fault tolerance,0.2322370857000351
The system shall be built such that it is as secure as possible from malicious interference.,not about system recovery & fault tolerance,not about system recovery & fault tolerance,0.36078059673309326
The system shall use the organization’s standard virus protection software to help monitor threats to itself.,not about system recovery & fault tolerance,not about system recovery & fault tolerance,0.3101501762866974
The Disputes application shall comply with the corporate standards for user interface creation for internally and externally used applications.,not about system recovery & fault tolerance,not about system recovery & fault tolerance,0.24782651662826538
All screens created as part of the Disputes application must comply with corporate standards for interface creation.,not about system recovery & fault tolerance,not about system recovery & fault tolerance,0.16983196139335632
The list of dispute cases that are displayed after a search is performed must be color coded for easy identification of dispute cases based upon the dispute case status.,not about system recovery & fault tolerance,not about system recovery & fault tolerance,0.09752444177865982
100% of the cardmember and merchant services representatives shall use the Disputes application regularly after a 2-day training course.,not about system recovery & fault tolerance,not about system recovery & fault tolerance,0.11402364820241928
100% of cardmember services representatives shall be able to successfully create a dispute case on the first encounter after completing the training course.,not about system recovery & fault tolerance,not about system recovery & fault tolerance,0.15414342284202576
100% of merchant services representatives shall be able to successfully perform a follow up action on a dispute case on the first encounter after completing the training course.,not about system recovery & fault tolerance,not about system recovery & fault tolerance,0.1945774108171463
The maximum wait time for a user navigating from one screen to another within the Disputes application shall be no more than 5 seconds.,not about system recovery & fault tolerance,not about system recovery & fault tolerance,0.18806451559066772
The Disputes application shall support 350 concurrent users without any degradation of performance in the application.,not about system recovery & fault tolerance,not about system recovery & fault tolerance,0.29745861887931824
 The Disputes application shall be available 24x7x365  with the exception of the following scheduled maintenance windows.  Monday – Saturday 3:00am to 4:00am EST Sunday 1:00amd to 5:00am EST,not about system recovery & fault tolerance,not about system recovery & fault tolerance,0.2962323725223541
The Disputes application shall interface with the Statement Database. The Statement Database provides the transaction details to the Disputes System. All transaction details must be obtained from the Statement Database,not about system recovery & fault tolerance,not about system recovery & fault tolerance,0.20005935430526733
The Disputes application shall interface with the Cardmember Information Database.  The Cardmember Information Database provides detailed information with regard to a cardmember.  All cardmember detail information must be obtained from the Cardmember Information Database.,not about system recovery & fault tolerance,not about system recovery & fault tolerance,0.16697269678115845
The Disputes applications shall interface with the Merchant Information Database.  The Merchant Information Database provides detailed information with regard to the merchant. All merchant detail information shall be obtained from the Merchant Information Database.,not about system recovery & fault tolerance,not about system recovery & fault tolerance,0.13018867373466492
The Disputes application shall interface with the Letters application.  This will allow the Disputes application to request letters as part of the dispute initiation and dispute follow up process. All letter requests must be sent to the Print Letter Utility application.,not about system recovery & fault tolerance,not about system recovery & fault tolerance,0.14245416224002838
The Disputes application shall interface with the Cardmember Posting and Billing System.  This will allow the Disputes application to request adjustments to cardmember and merchant’s accounts. All adjustment requests must be sent to the Cardmember Posting and Billing System.,not about system recovery & fault tolerance,not about system recovery & fault tolerance,0.20145893096923828
The Disputes application shall ensure that only users with the appropriate access level are allowed to initiate dispute requests.,not about system recovery & fault tolerance,not about system recovery & fault tolerance,0.2117004543542862
Only users with Update access must be able to initiate dispute requests.,not about system recovery & fault tolerance,not about system recovery & fault tolerance,0.23876532912254333
The Disputes application shall ensure that only authorized users are allowed to logon to the application.,not about system recovery & fault tolerance,not about system recovery & fault tolerance,0.1909589171409607
 All authorized users  once authenticated must be able to logon to the Disputes System,not about system recovery & fault tolerance,system recovery & fault tolerance,0.2659602761268616
The Disputes System shall generate a User Report that details any new users that have been added and any changes to an existing user’s access level.  The report will be reviewed for auditing purposes.,not about system recovery & fault tolerance,not about system recovery & fault tolerance,0.1958661526441574
All additions of new users and modifications to user’s access shall be recorded on the User Report.,not about system recovery & fault tolerance,not about system recovery & fault tolerance,0.11092542111873627
 If a user account is revoked  it can only be re-instantiated by the System Administrator.,not about system recovery & fault tolerance,system recovery & fault tolerance,0.17255161702632904
Only the System Administrator shall be able to reset a revoked user logon account,not about system recovery & fault tolerance,not about system recovery & fault tolerance,0.22033388912677765
The Disputes application shall manipulate and view business data. Users will not have direct access to data files or databases.,not about system recovery & fault tolerance,not about system recovery & fault tolerance,0.21945324540138245
All updates to data files or database must be initiated from the Disputes System.,not about system recovery & fault tolerance,system recovery & fault tolerance,0.19201484322547913
The Disputes application must conform to the legal requirements as specified by the Merchant Operating Regulations.,not about system recovery & fault tolerance,system recovery & fault tolerance,0.19461925327777863
All business rules specified in the Disputes System shall be in compliance with the Merchant Operating Regulations.,not about system recovery & fault tolerance,system recovery & fault tolerance,0.24547410011291504
The Disputes application must conform to the legal requirements as specified by Regulation E and Regulation Z that govern credit card disputes processing.,not about system recovery & fault tolerance,not about system recovery & fault tolerance,0.20581500232219696
All business rules specified in the Disputes System shall be in compliance to the guidelines of Regulation E and Regulation Z.,not about system recovery & fault tolerance,system recovery & fault tolerance,0.24775473773479462
The Disputes application must maintain a detailed history of every action that a user takes on a dispute case.  This ensures a complete audit trail if questions arise later on with regard to a particular dispute case.,not about system recovery & fault tolerance,not about system recovery & fault tolerance,0.20939594507217407
All actions that modify an existing dispute case must be recorded in the case history.,not about system recovery & fault tolerance,not about system recovery & fault tolerance,0.10688506811857224
The product must support Internet Explorer 5.5 and above.,not about system recovery & fault tolerance,not about system recovery & fault tolerance,0.0758141577243805
The product must support Mozilla Firefox 1.0 and above.,not about system recovery & fault tolerance,not about system recovery & fault tolerance,0.06190355122089386
The product shall interface with the Choice Parts System.  This provides the feed of recycled parts data.,not about system recovery & fault tolerance,not about system recovery & fault tolerance,0.26962313055992126
The product shall run on the existing hardware for all environments.,not about system recovery & fault tolerance,not about system recovery & fault tolerance,0.305520623922348
The product shall adhere to the corporate Architecture guidelines,not about system recovery & fault tolerance,not about system recovery & fault tolerance,0.24272124469280243
The product shall comply with corporate User Interface Guidelines,not about system recovery & fault tolerance,not about system recovery & fault tolerance,0.2614711821079254
The product shall comply with corporate color scheme,not about system recovery & fault tolerance,not about system recovery & fault tolerance,0.18099209666252136
The appearance of the product shall appear professional,not about system recovery & fault tolerance,system recovery & fault tolerance,0.05568963289260864
The product shall be easy to use by Adjusters and Collision Estimators.  95% of Adjusters and Collision Estimators shall find the product easy to use.,not about system recovery & fault tolerance,not about system recovery & fault tolerance,0.17742237448692322
The product shall increase productivity of Collision Estimators. 80% of the Collision Estimators shall agree their productivity has increase within 1 month of using the product.,not about system recovery & fault tolerance,not about system recovery & fault tolerance,0.20468999445438385
Users shall feel satisfied using the product.  85% of all users will be satisfied with the product.,not about system recovery & fault tolerance,not about system recovery & fault tolerance,0.13336369395256042
The product shall be easy to learn by Adjusters and Collision Estimators.  The product shall be learned with two days onsite training,not about system recovery & fault tolerance,not about system recovery & fault tolerance,0.2145872563123703
The user shall easily locate instructions while using the product.  User help can be found within 90% of the system.,not about system recovery & fault tolerance,not about system recovery & fault tolerance,0.12351982295513153
The search for recycled parts shall take no longer than 15 seconds.  The search results shall be returned in under 15 seconds.,not about system recovery & fault tolerance,not about system recovery & fault tolerance,0.21771669387817383
The search for the preferred repair facility shall take no longer than 8 seconds.  The preferred repair facility is returned within 8 seconds,not about system recovery & fault tolerance,not about system recovery & fault tolerance,0.3447132408618927
The recycled parts audit report shall be returned to the user within 10 seconds.  The audit report shall be returned within 10 seconds.,not about system recovery & fault tolerance,not about system recovery & fault tolerance,0.26172935962677
The preferred repair facility ratings shall be saved within 5 seconds. The save shall occur within 5 seconds.,not about system recovery & fault tolerance,not about system recovery & fault tolerance,0.35351037979125977
The product shall adhere to the corporate online availability schedule.  The application is brought down only within 98% of the scheduled outages per the availability schedule.,not about system recovery & fault tolerance,not about system recovery & fault tolerance,0.3374294340610504
The product shall achieve a 98% uptime. The product shall not fail more than 2% of the available online time.,not about system recovery & fault tolerance,not about system recovery & fault tolerance,0.3299955725669861
The product shall be able to handle up to 1500 simultaneous users. The system shall perform with 1500 users as a time.,not about system recovery & fault tolerance,system recovery & fault tolerance,0.27345749735832214
 The average number of recycled parts records per day shall be 50 000.,not about system recovery & fault tolerance,system recovery & fault tolerance,0.18630127608776093
 The product shall be able to handle 10 000 concurrent users within 2 years of the initial launch.,not about system recovery & fault tolerance,not about system recovery & fault tolerance,0.23374220728874207
 For estimators  the product shall be able to be operated in a repair facility during dirty and noisy conditions.,not about system recovery & fault tolerance,not about system recovery & fault tolerance,0.2690792381763458
The product shall interface with the ChoiceParts system once per day at approximately 1:00 AM.,not about system recovery & fault tolerance,system recovery & fault tolerance,0.1947883516550064
The maintenance of the product will fall within the established corporate maintenance windows.,not about system recovery & fault tolerance,not about system recovery & fault tolerance,0.31104597449302673
The product shall be supported using the corporate support center.,not about system recovery & fault tolerance,not about system recovery & fault tolerance,0.22790712118148804
Product installations and upgrades shall be handled by the middleware technology team within established launch time frames.,not about system recovery & fault tolerance,not about system recovery & fault tolerance,0.2888883948326111
Only adjusters can request recycled parts audit reports. No users without an adjuster role shall request recycled parts audits.,not about system recovery & fault tolerance,not about system recovery & fault tolerance,0.22716689109802246
Only adjusters with a supervisor role can update preferred repair facility ratings. Users without the supervisor role cannot access the repair facility ratings.,not about system recovery & fault tolerance,not about system recovery & fault tolerance,0.17412544786930084
Only collision estimators shall search for recycled parts.  Users without the collision estimator role shall not have access to the search for recycled parts.,not about system recovery & fault tolerance,not about system recovery & fault tolerance,0.27500119805336
Only valid data shall be entered into the system.  No invalid data shall be entered into the system.,not about system recovery & fault tolerance,not about system recovery & fault tolerance,0.3374985456466675
One insurance company shall not be able to view another insurance companys claim data.,not about system recovery & fault tolerance,not about system recovery & fault tolerance,0.15642502903938293
The product shall free of computer viruses.,not about system recovery & fault tolerance,not about system recovery & fault tolerance,0.2848455607891083
The system shall prevent malicious attacks including denial of service.,not about system recovery & fault tolerance,not about system recovery & fault tolerance,0.4152655601501465
The product must comply with Sarbanes-Oxley.,not about system recovery & fault tolerance,not about system recovery & fault tolerance,0.16525715589523315
The product shall comply with the estimatics laws relating to recycled parts usage.,not about system recovery & fault tolerance,system recovery & fault tolerance,0.2301180064678192
The product shall comply with insurance regulations regarding claims processing.,not about system recovery & fault tolerance,not about system recovery & fault tolerance,0.28806859254837036
 The product must work with most database management systems (DBMS) on the market  whether the DBMS is colocated with the product on the same machine or is located on a different machine on the computer network.,not about system recovery & fault tolerance,system recovery & fault tolerance,0.20584863424301147
The product will function alongside server software on any operating system where the Java runtime can be installed.,not about system recovery & fault tolerance,not about system recovery & fault tolerance,0.2013310343027115
The product will require collaboration with a database management system (DBMS).  The DBMS may be located on the same machine as the product or on a separate machine residing on the same computer network.,not about system recovery & fault tolerance,system recovery & fault tolerance,0.19704362750053406
 The product must make use of web/application server technology.  Open source examples include Apache web server  Tomcat  and the JBoss application server.,not about system recovery & fault tolerance,system recovery & fault tolerance,0.14090903103351593
 A database management system such as Oracle  DB2  MySql or HSQL will need to be integrated with the product.,not about system recovery & fault tolerance,system recovery & fault tolerance,0.19931340217590332
 The product’s Look and Feel shall be able to incorporate aspects of the customer’s organization such as logo  branding  and identity,not about system recovery & fault tolerance,not about system recovery & fault tolerance,0.10574869066476822
The product shall have a conservative and professional appearance.,not about system recovery & fault tolerance,system recovery & fault tolerance,0.12545204162597656
The product shall make the users want to use it. 80% of the users surveyed report they are regularly using the product after the first 2 weeks post-launch.,not about system recovery & fault tolerance,not about system recovery & fault tolerance,0.19913868606090546
The product shall be easy to use. 90% of users will be able to successfully reserve a conference room within 5 minutes of product use.,not about system recovery & fault tolerance,system recovery & fault tolerance,0.1750173568725586
The product shall give users feedback when necessary. 80% of the users surveyed report that the product accurately confirms their actions.,not about system recovery & fault tolerance,not about system recovery & fault tolerance,0.23665344715118408
The product shall allow the user to select a chosen language from one of the target market countries.,not about system recovery & fault tolerance,not about system recovery & fault tolerance,0.03486011549830437
The product shall allow for customization of start page and views preferences.,not about system recovery & fault tolerance,not about system recovery & fault tolerance,0.0808355063199997
 An employee will be able to successfully use the product within a few minutes.  After informally navigating the product for less than 15 minutes  users shall be able to successfully setup meetings and reserve conference rooms.,not about system recovery & fault tolerance,system recovery & fault tolerance,0.19663211703300476
The product shall use a standard navigation menu familiar to most web users.,not about system recovery & fault tolerance,system recovery & fault tolerance,0.08279184252023697
The product shall allow for intuitive searching of available conference rooms.,not about system recovery & fault tolerance,not about system recovery & fault tolerance,-0.03290176764130592
The product shall conform to the Americans with Disabilities Act.,not about system recovery & fault tolerance,not about system recovery & fault tolerance,0.23001907765865326
The response shall be fast enough to avoid interrupting the user’s flow of thought.  90% of tasks shall complete within 5 seconds.  98% of tasks shall complete within 8 seconds.,not about system recovery & fault tolerance,not about system recovery & fault tolerance,0.23069556057453156
 Aside from server failure  the software product shall achieve 99.99% up time.,not about system recovery & fault tolerance,not about system recovery & fault tolerance,0.3609900176525116
The product shall create an exception log of problems encountered within the product for transmission to our company for analysis and resolution.,system recovery & fault tolerance,not about system recovery & fault tolerance,0.3718301057815552
 The product shall be capable of handling up to 1 000 concurrent requests.  This number will increase to 2 000 by Release 2.  The concurrency capacity must be able to handle peak scheduling times such as early morning and late afternoon hours.,not about system recovery & fault tolerance,system recovery & fault tolerance,0.2634584605693817
 The product shall be able to process 10 000 transactions per hour within two years of its launch.  This number will increase to 20 000 by Release 2.,not about system recovery & fault tolerance,not about system recovery & fault tolerance,0.2100808024406433
The product shall be expected to operate for at least 5 years for each customer installation.,not about system recovery & fault tolerance,system recovery & fault tolerance,0.23034416139125824
The product shall be used in office environments.,not about system recovery & fault tolerance,not about system recovery & fault tolerance,0.11874352395534515
The product must be able to interface with any HTML browser.  The product shall transmit data between the user and the product without problems. The product shall display HTML properly in 80% of all HTML browsers tested (minimum is to test 8 browsers).,not about system recovery & fault tolerance,system recovery & fault tolerance,0.13895682990550995
The product must be able to interface with various database management systems. The product shall communicate successfully with the database management system on 100% of all transactions.,not about system recovery & fault tolerance,system recovery & fault tolerance,0.2408892810344696
The product must be able to interface with various email servers. The product shall be able to send email.,not about system recovery & fault tolerance,not about system recovery & fault tolerance,0.1996631622314453
The product shall be available for distribution via the Internet as a binary or ZIP file.,not about system recovery & fault tolerance,not about system recovery & fault tolerance,0.14498567581176758
The product shall be available for distribution as a packaged CD.,not about system recovery & fault tolerance,not about system recovery & fault tolerance,0.18685373663902283
 The product will be available for licensing as a one-server  two-five servers  or five-or-more servers license.,not about system recovery & fault tolerance,system recovery & fault tolerance,0.20782098174095154
A new user must be able to be added to the system within 10 minutes.  90% of new users are able to log into the system within 10 minutes.,not about system recovery & fault tolerance,not about system recovery & fault tolerance,0.10930817574262619
The product must be designed using Design Patterns and coding best practices.  90% of maintenance software developers are able to integrate new functionality into the product with 2 working days.,not about system recovery & fault tolerance,system recovery & fault tolerance,0.26816847920417786
The product must be highly configurable for use with various database management systems for the end users.  80% of end users are able to integrate new database management systems with the product without changing the product’s software code.,not about system recovery & fault tolerance,system recovery & fault tolerance,0.16797703504562378
Maintenance releases will be offered to customers once a year.  The releases shall take no longer than 5 minutes for 80% of the customer base to install.,not about system recovery & fault tolerance,not about system recovery & fault tolerance,0.26771652698516846
Every registered user will have access to the product’s support site via the Internet.  70% of registered users shall find a solution to their problem within 5 minutes of using the support site.,not about system recovery & fault tolerance,not about system recovery & fault tolerance,0.3033773601055145
The customer shall be able to easily integrate new building maps with the product throughout the product’s lifecycle.  Integration of new maps with the product shall be possible with little to no support from product support staff.,not about system recovery & fault tolerance,not about system recovery & fault tolerance,0.13185085356235504
 The product shall be translated into foreign languages other than the target market countries’ languages in future releases.  For each emerging target market  it shall take no more than 5 days to configure the product for that market’s language.,not about system recovery & fault tolerance,not about system recovery & fault tolerance,0.05516635254025459
 The product is expected to integrate with multiple database management systems.  The product will operate with Oracle  SQL Server  DB2  MySQL  HSQL  and MS Access.,not about system recovery & fault tolerance,not about system recovery & fault tolerance,0.13573087751865387
The product shall be able to be installed in any operating environment within 2 days.,not about system recovery & fault tolerance,not about system recovery & fault tolerance,0.2680504620075226
The product shall ensure that only company employees or external users with company-approved user IDs may have product access.  100% of all logons shall be by either company employees or external users with company-approved user IDs.,not about system recovery & fault tolerance,not about system recovery & fault tolerance,0.15713603794574738
Only managers are able to perform search queries for reservations by user.  100% of all search queries for reservations by user shall be from logons of only management logons.,not about system recovery & fault tolerance,not about system recovery & fault tolerance,0.10569196194410324
The product shall ensure that the database’s data corresponds to the data entered by the user.  Each conference room reservation in the system will contain the same information as was entered by the user.,not about system recovery & fault tolerance,system recovery & fault tolerance,0.2329828292131424
The product shall prevent the input of malicious data.  The product and/or adjacent hardware/software systems’ data shall remain 100% uncorrupted each time malicious data is input into the product.,not about system recovery & fault tolerance,not about system recovery & fault tolerance,0.3497765064239502
The product and/or dependent databases/filesystems shall remain operational as a result of the input of malicious data.  The product and/or dependent databases/filesystems shall not crash 100% of the time that malicious data is input into the product.,system recovery & fault tolerance,not about system recovery & fault tolerance,0.3692608177661896
The product shall have the ability to receive automatic software updates as new threats emerge.  100% of customers will be able to receive automatic software updates transmitted to the installed product.,not about system recovery & fault tolerance,not about system recovery & fault tolerance,0.25119754672050476
The language of the product shall accommodate all of the target market countries. 90% of survey respondents from each target market country will find that the language of the product is acceptable.,not about system recovery & fault tolerance,system recovery & fault tolerance,0.13365310430526733
The product shall be able to display calendar dates and times according to the user’s locale.  90% of survey respondents from each target market country will find that the date and time formatting of the product is correct.,not about system recovery & fault tolerance,not about system recovery & fault tolerance,0.08401024341583252
The product must be developed with the J2SE/J2EE programming language libraries,not about system recovery & fault tolerance,not about system recovery & fault tolerance,0.12392458319664001
Recreation of Inventory Quantity Adjustment for the period of previous 30 days shall take no more than 30min.,not about system recovery & fault tolerance,not about system recovery & fault tolerance,0.1825028657913208
The System shall allow for a minimum of  6 users to work at the same time.,not about system recovery & fault tolerance,system recovery & fault tolerance,0.252520889043808
The System shall utilize currently owned computer equipment.,not about system recovery & fault tolerance,not about system recovery & fault tolerance,0.3964279592037201
The System shall be able to automatically backup business data and restore them on demand.,not about system recovery & fault tolerance,system recovery & fault tolerance,0.36612993478775024
The System shall maintain consistent security.  Any changes in user passwords and/or permissions should take affect in all parts of the System.,not about system recovery & fault tolerance,system recovery & fault tolerance,0.3482411503791809
The System shall granularly control access rights to all major subsystems.  It should be possible to assign access rights to all subsystems independently.,not about system recovery & fault tolerance,system recovery & fault tolerance,0.2399648129940033
The System shall meet all applicable accounting standards.  The final version of the System must successfully pass independent audit performed by a certified auditor.,not about system recovery & fault tolerance,system recovery & fault tolerance,0.26486706733703613
The System shall not require additional third party licenses resulting in royalty fees.,not about system recovery & fault tolerance,not about system recovery & fault tolerance,0.09910733997821808
Administrator shall be able to activate a pre-paid card via the Administration section in under 5 seconds.,not about system recovery & fault tolerance,not about system recovery & fault tolerance,0.07757586240768433
 Customer shall be able to check the status of their prepaid card  by entering in the PIN number  in under 5 seconds.,not about system recovery & fault tolerance,not about system recovery & fault tolerance,0.11488755792379379
System shall let customers register on the website as a “pay as you go” user in under 5 minutes.,not about system recovery & fault tolerance,system recovery & fault tolerance,0.0949719175696373
System shall let customers register on the website as a “unlimited movie subscriber” user in under 10 minutes.,not about system recovery & fault tolerance,system recovery & fault tolerance,0.15121780335903168
System shall let existing customers log into the website with their email address and password in under 5 seconds.,not about system recovery & fault tolerance,not about system recovery & fault tolerance,0.14651885628700256
 System shall let customers cancel their account  process shall take no longer than 2 minutes.  Database will mark the account as inactive  and user will not be able to log into the website.,not about system recovery & fault tolerance,not about system recovery & fault tolerance,0.24702808260917664
System shall let administrator de-activate a customer account in under 1 minute. Customer will no longer be able to access the website.,not about system recovery & fault tolerance,system recovery & fault tolerance,0.20953743159770966
System shall let administrator add/remove movies on the website in under 5 minutes.  Entered movie information will be stored in the database and will now be available on the website.,not about system recovery & fault tolerance,not about system recovery & fault tolerance,0.10534229129552841
System shall let the administrator add/remove categories on the website in under 5 minutes.,not about system recovery & fault tolerance,not about system recovery & fault tolerance,0.047972094267606735
System shall let Izogn Manager access sales and usage statistics in under 2 minutes.,not about system recovery & fault tolerance,not about system recovery & fault tolerance,0.1733294427394867
System shall let administrators generate unique pre-paid pins in under 2 minutes and generate an Excel file with the generated PINs.,not about system recovery & fault tolerance,not about system recovery & fault tolerance,0.10480654239654541
The website shall be attractive to all audiences.  The website shall appear to be fun and the colors should be bright and vibrant.,not about system recovery & fault tolerance,not about system recovery & fault tolerance,0.08931193500757217
 The website should have an African feel  but should not alienate non-Africans.  The website should use animation on pages which are describing the services  to grab the users attention and encourage them to sign up.,not about system recovery & fault tolerance,not about system recovery & fault tolerance,0.04571651294827461
 The website design should be modern  clean  and concise.,not about system recovery & fault tolerance,not about system recovery & fault tolerance,0.10436646640300751
The product should be able to be used by 90% of novice users on the Internet.,not about system recovery & fault tolerance,not about system recovery & fault tolerance,0.14992442727088928
 Users should only have to navigate through a maximum of 4 pages  to create an account with the website.,not about system recovery & fault tolerance,not about system recovery & fault tolerance,0.05888928845524788
Users should be able to access their streaming movies in under 2 clicks after logging into the website.,not about system recovery & fault tolerance,not about system recovery & fault tolerance,0.07875848561525345
An anonymous survey will show that 70% of customers are comfortable purchasing streaming movies after 2 weeks using the website.,not about system recovery & fault tolerance,system recovery & fault tolerance,0.07263525575399399
An anonymous survey will show that 95% of customers are comfortable using and purchasing pre-paid cards after a month of using the system.,not about system recovery & fault tolerance,system recovery & fault tolerance,0.12496256828308105
The product shall retain the customer’s buying preferences and information.,not about system recovery & fault tolerance,system recovery & fault tolerance,0.1695050299167633
The product shall be easy for customers with novice skills on the  Internet to purchase and watch streaming movies.  Customers should be able to purchase and watch a pre-determined movie in under 3 minutes.,not about system recovery & fault tolerance,not about system recovery & fault tolerance,0.10399206727743149
The product shall use symbols and words that are naturally understandable by users familiar with websites,not about system recovery & fault tolerance,not about system recovery & fault tolerance,0.11293523013591766
The website will use standard Internet conventions when interacting with the user.,not about system recovery & fault tolerance,not about system recovery & fault tolerance,0.10914415121078491
 Any interface between a user and the automated system shall have a maximum response time of 5 seconds  unless noted by an exception below.,not about system recovery & fault tolerance,not about system recovery & fault tolerance,0.3023024797439575
 When purchasing a streaming movie or pre-paid card via credit card  the processing time should have a maximum response time of 15 seconds.,not about system recovery & fault tolerance,not about system recovery & fault tolerance,0.12125574052333832
 When streaming a movie  the buffering time should take no longer than 10 seconds (plus any latency on the user’s connection.),not about system recovery & fault tolerance,not about system recovery & fault tolerance,0.1000903844833374
 While streaming a movie  buffering should only occur if there is latency in the user’s connection.,not about system recovery & fault tolerance,not about system recovery & fault tolerance,0.1700132191181183
 All credit card information will be secured on the server  and only accessible by authorized Izogn administrators.  Information will be encrypted in the database.,not about system recovery & fault tolerance,system recovery & fault tolerance,0.12212515622377396
 The website shall be available for use 24 hours per day  365 days per year.,not about system recovery & fault tolerance,system recovery & fault tolerance,0.06890787929296494
The website shall achieve 99.5% up time.,not about system recovery & fault tolerance,not about system recovery & fault tolerance,0.14351895451545715
 All movies shall be streamed on demand  at any time of the day.,not about system recovery & fault tolerance,not about system recovery & fault tolerance,0.0622875802218914
The website shall continue to operate if the streaming server goes down.,system recovery & fault tolerance,not about system recovery & fault tolerance,0.20016907155513763
The website shall continue to operate if the payment gateway goes down.,system recovery & fault tolerance,system recovery & fault tolerance,0.18264517188072205
The streaming server will support 50 simultaneous streaming connections.,not about system recovery & fault tolerance,not about system recovery & fault tolerance,0.06824852526187897
The streaming server will support a maximum of 700 movies  new servers can be added to support more movies.,not about system recovery & fault tolerance,not about system recovery & fault tolerance,0.12155279517173767
 The server will support a maximum of 1 000 simultaneous users.,not about system recovery & fault tolerance,not about system recovery & fault tolerance,0.18168357014656067
 The website shall be capable of supporting 100 000 customers.,not about system recovery & fault tolerance,not about system recovery & fault tolerance,0.09639891982078552
The product shall be expected to operate within the maximum maintenance budget for a minimum of 2 years.,not about system recovery & fault tolerance,system recovery & fault tolerance,0.2474607229232788
All aspects of the website shall be accessed by a web browser over the Internet.,not about system recovery & fault tolerance,system recovery & fault tolerance,0.11508597433567047
The same hardware supporting the current website will be used to support the new system.,not about system recovery & fault tolerance,system recovery & fault tolerance,0.1911924034357071
 We must be able to interface with the following browsers: IE 5.X  6.0  Netscape 6.x  7.x  8.x and Firefox 1.0.,not about system recovery & fault tolerance,not about system recovery & fault tolerance,0.10381410270929337
Website must interface with the CyberSource API to process credit card transactions.,not about system recovery & fault tolerance,not about system recovery & fault tolerance,0.07398207485675812
Website must be fully operational with MSN TV2.,not about system recovery & fault tolerance,not about system recovery & fault tolerance,0.13494034111499786
Movies shall be encoded and streamed via Windows Media Player 9.0.,not about system recovery & fault tolerance,not about system recovery & fault tolerance,0.05107065290212631
Movies shall be encoded for 56k and 256k streams.,not about system recovery & fault tolerance,not about system recovery & fault tolerance,0.14206759631633759
Promotional updates to the website should take a day to update.,not about system recovery & fault tolerance,not about system recovery & fault tolerance,0.02815888077020645
Izogn Administrator must be able to update the category listings on the website within 2 minutes.,not about system recovery & fault tolerance,not about system recovery & fault tolerance,0.029194369912147522
Izogn Administrator must be able to add new products to the website within 2 minutes.,not about system recovery & fault tolerance,not about system recovery & fault tolerance,0.07586418092250824
The system will provide a 24 hour 800 toll free number for support to its customers.,not about system recovery & fault tolerance,system recovery & fault tolerance,0.18852823972702026
The website will provide a help section with answers and solutions to common problems.,not about system recovery & fault tolerance,not about system recovery & fault tolerance,0.2579256296157837
 Velkat staff will be available for phone support between 7am-7pm  M-F to provide technical support to the Izogn administrators.,not about system recovery & fault tolerance,not about system recovery & fault tolerance,0.13520857691764832
The product shall be able to be installed in the specified environment within 1 working day.,not about system recovery & fault tolerance,not about system recovery & fault tolerance,0.24754996597766876
Only registered customers can purchase streaming movies.,not about system recovery & fault tolerance,not about system recovery & fault tolerance,0.08166038990020752
 A customer can only stream a movie if they purchased it  and are within the 2 day viewing period.,not about system recovery & fault tolerance,not about system recovery & fault tolerance,0.1496468037366867
Only authorized personnel can access customer records in the database.,not about system recovery & fault tolerance,not about system recovery & fault tolerance,0.09970390796661377
Only administrators can activate a pre-paid card.,not about system recovery & fault tolerance,not about system recovery & fault tolerance,0.09025046974420547
Only authorized personnel can access sales information.,not about system recovery & fault tolerance,not about system recovery & fault tolerance,0.07060901075601578
The website shall prevent its data from being corrupted when incorrect data is entered in.,not about system recovery & fault tolerance,not about system recovery & fault tolerance,0.24807368218898773
 The website shall protect itself from intentional abuse  and notify the administrator at all occurrences.,not about system recovery & fault tolerance,not about system recovery & fault tolerance,0.20619405806064606
Data integrity scripts will be run on a weekly basis to verify the integrity of the database.,not about system recovery & fault tolerance,system recovery & fault tolerance,0.22441253066062927
 The website shall make its user aware of its information practices before collection data from them via a Privacy Policy  accessible on all pages of the website.,not about system recovery & fault tolerance,not about system recovery & fault tolerance,0.14539004862308502
The system shall notify customers of changes to its information policy.,not about system recovery & fault tolerance,not about system recovery & fault tolerance,0.23893561959266663
The system shall reveal private information only in compliance with the organization’s information policy.,not about system recovery & fault tolerance,not about system recovery & fault tolerance,0.17211510241031647
 All customer information will be stored on a secure database  accessible only to authorized personnel.,not about system recovery & fault tolerance,system recovery & fault tolerance,0.13172674179077148
All credit card information will be encrypted in the database.,not about system recovery & fault tolerance,not about system recovery & fault tolerance,0.04040214791893959
The streaming server will have anti-virus software to prevent infection of malicious viruses.,not about system recovery & fault tolerance,not about system recovery & fault tolerance,0.26342153549194336
The website should cater to all tribes in Nigeria.,not about system recovery & fault tolerance,not about system recovery & fault tolerance,0.08924709260463715
The website shall not be offensive to religious or ethnic groups.,not about system recovery & fault tolerance,not about system recovery & fault tolerance,0.049144040793180466
 The website should appeal to all Africans  not only Nigerians.,not about system recovery & fault tolerance,not about system recovery & fault tolerance,0.047608450055122375
The website should use Flash to provide animation on the home page.,not about system recovery & fault tolerance,not about system recovery & fault tolerance,0.020500071346759796
IzognMovies shall meet the licensing requirements set forth by the appropriate organizations in order to stream African movies.,not about system recovery & fault tolerance,system recovery & fault tolerance,0.06823760271072388
The website will comply with W3C standards.,not about system recovery & fault tolerance,not about system recovery & fault tolerance,0.1766827404499054
The PHP code will comply with PEAR standards.,not about system recovery & fault tolerance,not about system recovery & fault tolerance,0.15058104693889618
Total lead cycle time must be completed in 5 minutes for 90% of lead volume between the business hours of 8AM CST to 8PM CST  then 3 minutes for 99% of lead volume during off business hours.,not about system recovery & fault tolerance,system recovery & fault tolerance,0.049260832369327545
No lead evaluation will complete in a time period longer than 25 seconds for 97% of all leads processed.,not about system recovery & fault tolerance,not about system recovery & fault tolerance,0.0881892666220665
For leads that process longer than 25 seconds the system will record the event and duration,not about system recovery & fault tolerance,not about system recovery & fault tolerance,0.1738462597131729
The process must fit within the processing time conditions set forth by the Auto Rep Assignment process in which a lead is assigned within 3 minutes of the total life cycle.,not about system recovery & fault tolerance,not about system recovery & fault tolerance,0.22034765779972076
The lead washing process will operate within the established physical web service structure.,not about system recovery & fault tolerance,system recovery & fault tolerance,0.11495363712310791
 The washing process must use a non binding  neutral data format  such as xml  when receiving and processing lead data.,not about system recovery & fault tolerance,not about system recovery & fault tolerance,0.14219997823238373
Defect reports will be available to technical units on a 24x7 basis.,not about system recovery & fault tolerance,not about system recovery & fault tolerance,0.28597205877304077
Washing parameters will be updated during scheduled maintenance hours.,not about system recovery & fault tolerance,not about system recovery & fault tolerance,0.18057726323604584
The product shall simulate the look of ships at sea.,not about system recovery & fault tolerance,not about system recovery & fault tolerance,0.0819535106420517
The product shall display the grids within a circle as a view from a periscope.,not about system recovery & fault tolerance,not about system recovery & fault tolerance,0.07966111600399017
The product shall display each type of ship in a grid using an image of the specific type of ship.,not about system recovery & fault tolerance,not about system recovery & fault tolerance,0.11808621138334274
 When the offensive player takes a shot  the product shall simulate the sound of a ship at sea.,not about system recovery & fault tolerance,not about system recovery & fault tolerance,0.1376398801803589
 When a shot is marked as a miss  the product shall simulate the sound of a shot missing its target.,not about system recovery & fault tolerance,not about system recovery & fault tolerance,0.19541548192501068
 When a shot is marked as a hit  the product shall simulate the sound of a shot hitting its target.,not about system recovery & fault tolerance,not about system recovery & fault tolerance,0.1683717668056488
 When a ship is sunk  the product shall simulate the sound of a sinking ship.,not about system recovery & fault tolerance,not about system recovery & fault tolerance,0.2073076367378235
 The product shall be available 24 hours per day  seven days per week.,not about system recovery & fault tolerance,system recovery & fault tolerance,0.12735235691070557
The product shall able to handle a large number of games simultaneously.,not about system recovery & fault tolerance,not about system recovery & fault tolerance,0.19501860439777374
The response time shall be fast enough to maintain the flow of the game.  The response time shall be no more than 2 seconds for 95% of responses and no more than 4% for the remaining responses.,not about system recovery & fault tolerance,not about system recovery & fault tolerance,0.25171715021133423
The product shall protect the identity of the players. The product shall provide players no access to information that might reveal the identity of another player.,not about system recovery & fault tolerance,not about system recovery & fault tolerance,0.11645036935806274
The product shall be intuitive and self-explanatory.  Nine out ten users shall be able to successfully complete a game with no training.,not about system recovery & fault tolerance,not about system recovery & fault tolerance,0.2105877697467804
 The product shall be available to players who understand English  Spanish and French.  The product shall allow the user to select the language upon accessing the product.,not about system recovery & fault tolerance,not about system recovery & fault tolerance,0.10247557610273361
The product shall provide players no access to information that might reveal the identity of another player,not about system recovery & fault tolerance,not about system recovery & fault tolerance,0.07515107840299606
The response time shall be fast enough to maintain the flow of the game. The response time shall be no more than 2 seconds for 95% of responses and no more than 4% for the remaining responses.,not about system recovery & fault tolerance,not about system recovery & fault tolerance,0.25171715021133423
The system shall be easy to use by callers and supervisors. Callers and supervisors must be able to accomplish any system task within 2 minutes.,not about system recovery & fault tolerance,not about system recovery & fault tolerance,0.3526615798473358
The system shall be easy to learn by callers and supervisors. Callers and supervisors shall learn how to use the system within 10 minutes.,not about system recovery & fault tolerance,system recovery & fault tolerance,0.25658729672431946
 The system shall be responsive. At the DePaul TeleServices Center  when a supervisor uses the system to view a callers schedule  the system response time must be no more than 2 seconds 90% of the time and no more than 5 seconds the rest of the time.,not about system recovery & fault tolerance,not about system recovery & fault tolerance,0.2652134299278259
 On a 56k connection  the system response time for all operations must be no more than 6 seconds 90% of the time.,not about system recovery & fault tolerance,not about system recovery & fault tolerance,0.2580660879611969
 On a 112k connection or faster  the system response time for all operations must be no more than 3 seconds 90% of the time.,not about system recovery & fault tolerance,not about system recovery & fault tolerance,0.27342432737350464
The system shall have high availability every day of the year.The system must be available for use between 12:00AM and 6:00PM all days of the year.,not about system recovery & fault tolerance,system recovery & fault tolerance,0.33641281723976135
The system must be available for use between 7:00AM and 11:59PM all days of the year.,not about system recovery & fault tolerance,system recovery & fault tolerance,0.25551584362983704
The product shall be internet browser independent.The product must run using Internet Explorer and Netscape Navigator.,not about system recovery & fault tolerance,not about system recovery & fault tolerance,0.08552905917167664
The product shall ensure that only supervisors can advertise empty time slots.The product must ensure that supervisors are allowed to access advertise empty time slots.,not about system recovery & fault tolerance,system recovery & fault tolerance,0.2216545045375824
The product shall ensure that only supervisors can enter a caller’s schedule.The product must ensure that supervisors are allowed to access advertise empty time slots.,not about system recovery & fault tolerance,system recovery & fault tolerance,0.2272976189851761
The product shall ensure that only supervisors can view schedule of all callers.The product must ensure that supervisors are allowed to access advertise empty time slots.,not about system recovery & fault tolerance,not about system recovery & fault tolerance,0.21536237001419067
 The interface shall have a simple look. In the interface and usability survey  90% of beta testers must report that the interface is adequately simple.,not about system recovery & fault tolerance,not about system recovery & fault tolerance,0.19369958341121674
 The interface shall be appealing to callers and supervisors. In the interface and usability survey  80% of beta testers must report that the interface is appealing.,not about system recovery & fault tolerance,not about system recovery & fault tolerance,0.18592244386672974
The product shall provide GUI based Monitoring Services.System Administrators shall monitor message exchanges will predict and determine problems and will also provide internal and external support.,not about system recovery & fault tolerance,not about system recovery & fault tolerance,0.35098472237586975
The product shall comply with City of Chicago Application Development Guide Framework.Application Development Framework will provide structured Graphical User Interface.,not about system recovery & fault tolerance,not about system recovery & fault tolerance,0.16754285991191864
The product shall provide Monitoring Services.The product shall be easy for System Administrators and DBAs to use after two weeks of usage.,not about system recovery & fault tolerance,not about system recovery & fault tolerance,0.36190471053123474
The product shall provide Error Tracking Services.The product shall help the System Administrators and DBAs to resolve transaction errors 99% of the time.,not about system recovery & fault tolerance,not about system recovery & fault tolerance,0.4328145980834961
The product shall provide Portals.The product shall help System Administrators to analyze the transactions with ad-hoc reporting and KPIs (Key Performance Indicators),not about system recovery & fault tolerance,not about system recovery & fault tolerance,0.2949010133743286
The product shall provide Asynchronous Messaging.The product shall provide asynchronous messaging to enable parallel processing and reduce the overhead in communications,not about system recovery & fault tolerance,not about system recovery & fault tolerance,0.28499311208724976
The product shall provide Multi-threading and Load Balancing.The product shall provide multi-threading technology as well as load balancing to overcome data load spikes and traffic.,not about system recovery & fault tolerance,not about system recovery & fault tolerance,0.2646675109863281
The product shall process messages within 2 seconds.The product shall have a maximum message processing time of 2 seconds,not about system recovery & fault tolerance,not about system recovery & fault tolerance,0.26600080728530884
The product shall poll the system for messages every second.The product shall poll the system for new messages at a maximum of every 1 second.,not about system recovery & fault tolerance,not about system recovery & fault tolerance,0.26090461015701294
The product shall provide Dynamic Change Support and Transparent resource addition.The product shall support Transparent Resource addition and Dynamic Change support to provide scalability and avoid service interruptions of more than 1 day.,not about system recovery & fault tolerance,not about system recovery & fault tolerance,0.28495731949806213
The product shall be available 99% of the time. Rationale: To avoid service interruption during busiest customer service response periods. The product shall be available 99.99% of the time for regular business days.,not about system recovery & fault tolerance,system recovery & fault tolerance,0.22875957190990448
The product shall be robust.The product shall have fault avoidance based on standards adoption.,system recovery & fault tolerance,system recovery & fault tolerance,0.5530291795730591
The product shall be robust with fault tolerance.The product shall have fault tolerance by using recovery technique compensatory transaction and routing around failures.,system recovery & fault tolerance,system recovery & fault tolerance,0.6088613271713257
The product shall be able to process all transactions.The product shall process minimum of 1 million transactions per year.,not about system recovery & fault tolerance,system recovery & fault tolerance,0.26633134484291077
The product shall be platform independent.The product shall enable access to any type of development environment and platform.,not about system recovery & fault tolerance,not about system recovery & fault tolerance,0.21418821811676025
The product shall interface CSR and Datastream.The product shall exchange messages between CSR and EAM on a real time basis without any direct interfaces between two systems.,not about system recovery & fault tolerance,not about system recovery & fault tolerance,0.23907475173473358
 : The product shall continue to operate during upgrade  change or new resource addition.The product shall be able to continue to operate with no interruption in service due to new resource additions.,not about system recovery & fault tolerance,not about system recovery & fault tolerance,0.2738463878631592
The product shall be updated on a regular basis.The product will have a new major feature introduced every six months and quarterly maintenance releases every six months.,not about system recovery & fault tolerance,system recovery & fault tolerance,0.25226595997810364
The product shall operate with every platform.The product shall accommodate any new technology without any change in its architecture.,not about system recovery & fault tolerance,not about system recovery & fault tolerance,0.2544783353805542
 The product shall have security.The product shall provide authentication  and authorization.,not about system recovery & fault tolerance,not about system recovery & fault tolerance,0.2318352311849594
The product shall information Security. The product shall enable privacy by encryption WS-Security and Integrity Checking.,not about system recovery & fault tolerance,not about system recovery & fault tolerance,0.2903994917869568
The product shall have audit capabilities.The product shall store messages for a minimum of one year for audit and transaction tracking purposes.,not about system recovery & fault tolerance,not about system recovery & fault tolerance,0.2804432511329651
The system shall use IBM and CCR branding standards. The interface must have one IBM logo and one CCR logo.,not about system recovery & fault tolerance,not about system recovery & fault tolerance,0.19961275160312653
The system shall be displayable on any work computer a CCR user may have. The system interface shall be formatted to display at 800 by 600 pixel resolution.,not about system recovery & fault tolerance,not about system recovery & fault tolerance,0.3009509742259979
The system interface will use CCR nomenclature. The system must use the same nomenclature used in the existing WCS system and reports,not about system recovery & fault tolerance,not about system recovery & fault tolerance,0.16306760907173157
The interface must summarize the data in a fashion that’s appealing to CCR management. Every report type must have at least one high level summary shown in the results dashboard/interface,not about system recovery & fault tolerance,not about system recovery & fault tolerance,0.047099798917770386
The system must use a point and click interface. 100% of all selection and navigation functionality must be able to be activated/selected by either a mouse or a keyboard,not about system recovery & fault tolerance,not about system recovery & fault tolerance,0.14599609375
The interface shall be easy to use. 90% of users should be able to successfully use the system to generate a report on their first use. The interface should adhere to IBM usability standards.,not about system recovery & fault tolerance,not about system recovery & fault tolerance,0.23383229970932007
Rreports must be easy to generate. eports must be generated within one button click and exported within one button click (after selecting the report),not about system recovery & fault tolerance,not about system recovery & fault tolerance,-0.027855917811393738
A user shall be able to use the system without instruction after a short amount of time. After one use a user should understand and remember 90% of the system usage and navigation.,not about system recovery & fault tolerance,not about system recovery & fault tolerance,0.31068024039268494
All CCR users shall receive training before the WCS system is deployed. One training session will be held for 100% of CCR users before system deployment (based on a CCR user being available),not about system recovery & fault tolerance,not about system recovery & fault tolerance,0.19741585850715637
The WCS system shall use appropriate nomenclature and terminology as defined by the Corporate Community Grants organization. All interfaces and reports will undergo usability tests by CCR users.,not about system recovery & fault tolerance,not about system recovery & fault tolerance,0.2033187597990036
The WCS system shall be available at all times as long as IBM’s internal intranet W3 is accessible. The WCS system will be available 95% of the time IBM’s internal intranet W3 is available.,not about system recovery & fault tolerance,system recovery & fault tolerance,0.20993870496749878
The WCS system shall have the ability to connect other designated WCS databases currently not included in the system.,not about system recovery & fault tolerance,not about system recovery & fault tolerance,0.13679610192775726
The WCS system shall have the ability to include data for regions outside the United States and be accessed by users outside of the United States if approved by CCR management.,not about system recovery & fault tolerance,not about system recovery & fault tolerance,0.13262322545051575
The WCS system shall be run in a Windows environment. The WCS shall be accessed by users through the Internet on an IBM computer running a Windows 2000 or above operating system.,not about system recovery & fault tolerance,system recovery & fault tolerance,0.1556326448917389
The Brio portion of the WCS system must be able to export files in spreadsheet form (Microsoft Excel and Lotus 1-2-3 formats).  Brio will provide buttons in the user interface that produce/export reports in .xls or .123 file formats.,not about system recovery & fault tolerance,not about system recovery & fault tolerance,0.05618317797780037
The WCS system must run queries to the WCS databases once again (on a specified day) to update the available data available to CCR users. Queries must be made to external databases for data refresh once a week.,not about system recovery & fault tolerance,system recovery & fault tolerance,0.15099111199378967
 All changes  updates  and additions to the WCS system shall be updated in the WCS Developer and WCS User Guides. Every change must be reflected in WCS system documentation,not about system recovery & fault tolerance,system recovery & fault tolerance,0.06845076382160187
The system shall only be accessed by authorized Corporate Community Grants (CCR) employees. Users must be authenticated using their IBM intranet user name and password.,not about system recovery & fault tolerance,not about system recovery & fault tolerance,0.2032913714647293
The WCS system shall not allow automatic logins by any user. Cookies containing WCS login information about a user will not be stored on a user’s computer.,not about system recovery & fault tolerance,not about system recovery & fault tolerance,0.06932387501001358
Each team owner will need to use a username and password in order to be authenticated to reach the team owner’s page,not about system recovery & fault tolerance,system recovery & fault tolerance,0.03894241154193878
The Commissioner will be the only authorized user per league to adjust league settings.,not about system recovery & fault tolerance,not about system recovery & fault tolerance,0.007050712127238512
Each page shall contain a navigation menu which shows the index into which the current page is contained.,not about system recovery & fault tolerance,system recovery & fault tolerance,-0.0254572294652462
Each page shall contain a similar format with action items in one location and navigation buttons in a different location.,not about system recovery & fault tolerance,not about system recovery & fault tolerance,0.06407330930233002
The message board shall contain the 5 most recently posted messages on the league page. The messages will contain up to the first 150 characters of the message.,not about system recovery & fault tolerance,not about system recovery & fault tolerance,0.049318768084049225
;A new user shall be able to navigate through the league and team pages within 30 seconds of reaching the start-up page.,not about system recovery & fault tolerance,not about system recovery & fault tolerance,0.07955195754766464
Users shall be able to reach the ‘add’  ‘drop’  and ‘trade player’ pages with one click from the team owner’s page.,not about system recovery & fault tolerance,not about system recovery & fault tolerance,-0.01473958883434534
;Users shall be able to view at least 25 NFL player statistics and points on each page.,not about system recovery & fault tolerance,not about system recovery & fault tolerance,0.04743034765124321
The application shall ask the user to confirm dropping a player or trading a player before performing the action.,not about system recovery & fault tolerance,not about system recovery & fault tolerance,0.09118001163005829
The application shall be able to complete every user transaction within one fourth of a second of receiving the request over the network.,not about system recovery & fault tolerance,not about system recovery & fault tolerance,0.2536572515964508
The application shall have a downtime of at most 10 minutes per year.,not about system recovery & fault tolerance,not about system recovery & fault tolerance,0.19433706998825073
The application shall run on a web application server.,not about system recovery & fault tolerance,not about system recovery & fault tolerance,0.18267610669136047
A primary database will be used to store cached data for active users.,not about system recovery & fault tolerance,system recovery & fault tolerance,0.18676812946796417
A secondary database will be used to store historical statistics and data.,not about system recovery & fault tolerance,not about system recovery & fault tolerance,0.1363096982240677
Application updates shall occur between 3AM and 6 AM CST on Wednesday morning during the middle of the NFL season.,not about system recovery & fault tolerance,not about system recovery & fault tolerance,0.0960380956530571
New System version releases shall be released at the beginning of each NFL season.,not about system recovery & fault tolerance,system recovery & fault tolerance,0.18179020285606384
The RFS system should be available 24/7  especially during the budgeting period. The RFS system shall be available 90% of the time all year  and 98% during the budgeting period. 2% of the time  the system will become available within 1 hour of the time that the situation is reported.,not about system recovery & fault tolerance,system recovery & fault tolerance,0.261127233505249
98% of the user workstations shall meet the minimum hardware requirements prior to implementation. Minimum Hard Disk Space:  400MB.,not about system recovery & fault tolerance,not about system recovery & fault tolerance,0.31625181436538696
98% of the user workstations shall meet the minimum software requirements prior to implementation: Microsoft Internet Explorer 5.0. Microsoft .NET Framework 1.1. Microsoft Internet Explorer Web Controls,not about system recovery & fault tolerance,not about system recovery & fault tolerance,0.24867688119411469
The RFS system should be able to easily interface with the BDW environment  in order to load the data. •;7 data files shall be received from the BDW and loaded into the RFS system within 3 hours one day prior to the start of budgeting process  every year. The data will be as of October month-end. ;Test files (7) shall be loaded up to 5 times throughout the year  from the BDW.,not about system recovery & fault tolerance,not about system recovery & fault tolerance,0.15543170273303986
Changes to revenue and expense formulae must be applied to the RFS system  every year  prior to the budgeting process start. Revenue and expense formulae will be updated within one week of their receipt  after which 2 weeks will be allotted to testing of the budget calculations  to be conducted jointly by the project development team and PCG Finance.,not about system recovery & fault tolerance,system recovery & fault tolerance,0.0827883929014206
New branches/complexes/districts/regions and revenue/expense accounts added to the BDW  must be reflected in the RFS system. 100% of the entities (mentioned above) available as of October month-end  will be loaded into the RFS system  prior to the budget start process.,not about system recovery & fault tolerance,system recovery & fault tolerance,0.1216934397816658
Only authorized user shall access the RFS system. ONLY users that exist in the UAS system  with the RFS system assigned to their role(s)  shall access the RFS system and use it.,not about system recovery & fault tolerance,system recovery & fault tolerance,0.2177250236272812
;User access should be limited to the permissions granted to their role(s) Each level in the PCG hierarchy will be assigned a role and users will be assigned to these roles. Access to functionality within RFS system is dependent on the privileges/permission assigned to the role..,not about system recovery & fault tolerance,not about system recovery & fault tolerance,0.20906490087509155
The product must comply with the intranet page standards and requirements of ENET Securities. 95% of the product look & feel will be approved by the Architecture group  prior to implementation. The remaining 5% will be corrected and approved within one month of product release.,not about system recovery & fault tolerance,not about system recovery & fault tolerance,0.19760103523731232
 The intranet pages should display appropriately in all resolutions  from 800x600 and higher. The display of all the pages will be correct in 95% of the resolutions  prior to implementation. The remaining 5% will be corrected within a week of notification of the incorrect display.,not about system recovery & fault tolerance,not about system recovery & fault tolerance,0.12546586990356445
The users should be able to easily use the system to successfully complete their budgets  within the stipulated time for completion. With a week of training prior to product implementation  98% of the users shall complete their budgets within the stipulated time.,not about system recovery & fault tolerance,system recovery & fault tolerance,0.2652455270290375
The product interface should be fast. The response time of the product interface should not exceed 2 seconds 90% of the time. For 10% of the time  the response time should not be more than 10 seconds.not be more than 10 seconds.,not about system recovery & fault tolerance,not about system recovery & fault tolerance,0.21880532801151276
