,precision,recall,f1-score,support
"tolerance, failure, tolerant, byzantine, deadlock, exploiting, reliability, isolation, fault, guarantee, dependable, countermeasure, resilience, defensive, corruption, weakness, malfunction, robustness, or stability",0.03225806451612903,0.1,0.04878048780487805,10.0
"usability, security, operational, performance, look & feel, legal, maintainability, scalability, availability, or portability",0.9734513274336283,0.9166666666666666,0.944206008583691,360.0
accuracy,0.8945945945945946,0.8945945945945946,0.8945945945945946,0.8945945945945946
macro avg,0.5028546959748786,0.5083333333333333,0.49649324819428453,370.0
weighted avg,0.9480136716791012,0.8945945945945946,0.9200053188329123,370.0
