,precision,recall,f1-score,support
"tolerance, failure, tolerant, byzantine, deadlock, exploiting, reliability, isolation, fault, guarantee, dependable, countermeasure, resilience, defensive, corruption, weakness, malfunction, robustness, or stability",0.1,0.5,0.16666666666666669,10.0
"usability, security, operational, performance, look & feel, legal, maintainability, scalability, availability, or portability",0.984375,0.875,0.9264705882352942,360.0
accuracy,0.8648648648648649,0.8648648648648649,0.8648648648648649,0.8648648648648649
macro avg,0.5421875,0.6875,0.5465686274509804,370.0
weighted avg,0.960472972972973,0.8648648648648649,0.9059353471118178,370.0
