,precision,recall,f1-score,support
"tolerance, failure, tolerant, byzantine, deadlock, exploiting, reliability, isolation, fault, guarantee, or dependable",0.07216494845360824,0.7,0.1308411214953271,10.0
"usability, security, operational, performance, look & feel, legal, maintainability, scalability, availability, or portability",0.989010989010989,0.75,0.8530805687203792,360.0
accuracy,0.7486486486486487,0.7486486486486487,0.7486486486486487,0.7486486486486487
macro avg,0.5305879687322986,0.725,0.49196084510785315,370.0
weighted avg,0.9642313662932221,0.7486486486486487,0.8335605836602427,370.0
