,precision,recall,f1-score,support
"tolerance, failure, tolerant, byzantine, deadlock, exploiting, reliability, isolation, fault, guarantee, or dependable",0.9923076923076923,0.35833333333333334,0.5265306122448979,360.0
"not bout tolerance, failure, tolerant, byzantine, deadlock, exploiting, reliability, isolation, fault, guarantee, or dependable",0.0375,0.9,0.07200000000000001,10.0
accuracy,0.372972972972973,0.372972972972973,0.372972972972973,0.372972972972973
macro avg,0.5149038461538462,0.6291666666666667,0.29926530612244895,370.0
weighted avg,0.966502079002079,0.372972972972973,0.5142460011031439,370.0
