Requirement text,Gold label,Predicated label,ZSL score
The system shall refresh the display every 60 seconds.,not about fault tolerance,not about fault tolerance,0.19820378720760345
The application shall match the color of the schema set forth by Department of Homeland Security,not about fault tolerance,not about fault tolerance,0.17122648656368256
 If projected  the data must be readable.  On a 10x10 projection screen  90% of viewers must be able to read Event / Activity data from a viewing distance of 30,not about fault tolerance,not about fault tolerance,0.059841595590114594
 The product shall be available during normal business hours. As long as the user has access to the client PC  the system will be available 99% of the time during the first six months of operation.,not about fault tolerance,fault tolerance,0.11116695404052734
 If projected  the data must be understandable. On a 10x10 projection screen  90% of viewers must be able to determine that Events or Activities are occuring in current time from a viewing distance of 100,not about fault tolerance,not about fault tolerance,0.02640235610306263
The product shall ensure that it can only be accessed by authorized users.  The product will be able to distinguish between authorized and unauthorized users in all access attempts,not about fault tolerance,fault tolerance,0.13974420726299286
The product shall be intuitive and self-explanatory.  :  90% of new users shall be able to start the display of Events or Activities within 90 minutes of using the product.,not about fault tolerance,not about fault tolerance,0.15634651482105255
The product shall respond fast to keep up-to-date data in the display.,not about fault tolerance,not about fault tolerance,0.2256074696779251
The look and feel of the system shall conform to the user interface standards of the smart device.,not about fault tolerance,not about fault tolerance,0.2352694272994995
 The user interface shall have standard menus  buttons for navigation,not about fault tolerance,not about fault tolerance,0.15748713910579681
The system shall have a professional appearance,not about fault tolerance,not about fault tolerance,0.24103622138500214
The product shall have a consistent color scheme and fonts.,not about fault tolerance,fault tolerance,0.186711385846138
The system shall be used by realtors with no training.,not about fault tolerance,not about fault tolerance,0.08080074191093445
The system shall be intuitive and self explanatory.,not about fault tolerance,not about fault tolerance,0.24850402772426605
The product shall be easy for a realtor to learn.,not about fault tolerance,not about fault tolerance,0.10445038229227066
The product shall use symbols and words that are naturally understandable by the realtor community.,not about fault tolerance,fault tolerance,0.03963761031627655
The product shall produce search results in an acceptable time,not about fault tolerance,not about fault tolerance,0.1252218633890152
The search results shall be returned no later 30      seconds  after the user has entered the search criteria,not about fault tolerance,not about fault tolerance,0.06282404810190201
The product shall generate a CMA report in an acceptable time.,not about fault tolerance,fault tolerance,0.1720130741596222
The CMA report shall be returned no later 60 seconds after the user has entered the CMA report criteria.,not about fault tolerance,fault tolerance,0.09730991721153259
The product shall synchronize contacts and appointments in an acceptable time.,not about fault tolerance,not about fault tolerance,0.173670694231987
The product shall synchronize with the office system every hour.,not about fault tolerance,fault tolerance,0.16900897026062012
 The product shall be available for use 24 hours per day  365 days  per year,not about fault tolerance,fault tolerance,0.12888963520526886
 Out of 1000 accesses to the system  the system is available 999 times.,not about fault tolerance,not about fault tolerance,0.20493559539318085
The product shall operate in offline mode whenever internet connection is unavailable.,fault tolerance,not about fault tolerance,0.13311107456684113
 The product shall allow the user to view previously downloaded search results  CMA reports  and appointments.,fault tolerance,not about fault tolerance,-0.015981925651431084
The product shall retain user preferences in the event of a failure.,fault tolerance,fault tolerance,0.3477918803691864
100% of saved user preferences shall be restored when system comes back online.,fault tolerance,not about fault tolerance,0.15655361115932465
The product shall be able to support multiple remote users,not about fault tolerance,fault tolerance,0.18171803653240204
The product shall be able support 1000 simultaneous users.,not about fault tolerance,fault tolerance,0.21549157798290253
The product shall be capable of handling the existing 1000 users. This number is expected to grow 5 times within the next year.,not about fault tolerance,fault tolerance,0.22877703607082367
The product shall be installed by an untrained realtor   without recourse to separately-printed instructions.,not about fault tolerance,not about fault tolerance,0.1656682789325714
90% of untrained realtors shall be able to install the product on their device without printed instructions,not about fault tolerance,not about fault tolerance,0.19895288348197937
The product is expected to run on Windows CE and Palm operating systems.,not about fault tolerance,not about fault tolerance,0.12000861763954163
Only registered realtors shall be able to access the system.,not about fault tolerance,not about fault tolerance,0.0860271081328392
Every user of the system shall be authenticated and authorized.,not about fault tolerance,fault tolerance,0.2165553718805313
The product shall prevent its data from incorrect data being introduced.,not about fault tolerance,not about fault tolerance,0.2991926074028015
The system shall be easy to use by the Program Administrators/Nursing Staff Members.,not about fault tolerance,not about fault tolerance,0.1776902675628662
All of the users shall be able to use the system after one day of training.,not about fault tolerance,fault tolerance,0.18566836416721344
The system shall help the user avoid making mistakes while scheduling classes and clinicals for the nursing students.,not about fault tolerance,not about fault tolerance,0.23741385340690613
The number of mistakes noted by the students shall be decreased by 50% in the first year.,not about fault tolerance,not about fault tolerance,0.17783769965171814
The system shall be intuitive to the Program Administrators/Nursing Staff Members.,not about fault tolerance,not about fault tolerance,0.2002943456172943
2 out of 3 Program Administrators/Nursing Staff Members shall successfully be able to use the system to manage the scheduling of classes and clinicals.,not about fault tolerance,fault tolerance,0.17542752623558044
The system shall use symbols and words that are naturally understandable by the user community.,not about fault tolerance,fault tolerance,0.16727349162101746
The verbiage used within the system shall be consistent with Standard English and the terminology of the national Nursing Community.,not about fault tolerance,fault tolerance,0.1478707492351532
Staff members shall be able to complete a set of tasks in a timely manner.,not about fault tolerance,fault tolerance,0.2591910660266876
The response time of general student management tasks shall take no longer than 5 seconds and the response time of schedule generation shall take no longer than 30 seconds.,not about fault tolerance,not about fault tolerance,0.19572724401950836
The system shall be available for use between the hours of 8am and 6pm.,not about fault tolerance,not about fault tolerance,0.1156492829322815
The system shall achieve 95% up time.,not about fault tolerance,not about fault tolerance,0.2627459168434143
system shall be able to handle all of the user requests/usage during business hours.,not about fault tolerance,not about fault tolerance,0.21348533034324646
The system shall cater to 10 simultaneous users from 9am to 5pm.,not about fault tolerance,fault tolerance,0.12067301571369171
The system shall be capable of processing 100% of nursing students and their classes for the next 10 years.,not about fault tolerance,not about fault tolerance,0.1029854416847229
The system shall be expected to manage the nursing program curriculum and class/clinical scheduling for a minimum of 5 years.,not about fault tolerance,not about fault tolerance,0.07494156062602997
The system shall able to operate within a business office environment typical of the Nursing Department at DePaul University.,not about fault tolerance,not about fault tolerance,0.07878122478723526
The system shall be used within the specifications defined by the computers used by the Program Administrators/Nursing Staff Members.,not about fault tolerance,not about fault tolerance,0.2162841111421585
The system shall operate within the Windows XP Professional operating system.,not about fault tolerance,fault tolerance,0.14750786125659943
The system shall interface with CampusConnect’s central server,not about fault tolerance,not about fault tolerance,0.19515424966812134
The system shall interface with the faculty central server.,not about fault tolerance,fault tolerance,0.16516231000423431
The system shall interface with the student master server.,not about fault tolerance,fault tolerance,0.1935078650712967
We must be able to interface with any HTML browser.,not about fault tolerance,not about fault tolerance,0.13453170657157898
Only authorized users shall have access to clinical site information.,not about fault tolerance,not about fault tolerance,0.044325634837150574
Program Administrators/Nursing Staff Members are the only people who shall have access to clinical site details.,not about fault tolerance,not about fault tolerance,0.023319438099861145
Only authorized users shall have access to students’ personal information.,not about fault tolerance,not about fault tolerance,0.08729659765958786
Dr Susan Poslusny and Dr Julie Donalek are the only people who shall have access to students’ personal information.,not about fault tolerance,not about fault tolerance,0.012361200526356697
Only authorized users shall have access to the portion of the system that interfaces with CampusConnect.,not about fault tolerance,not about fault tolerance,0.13832305371761322
Fit Criterion: Dr Susan Poslusny and Karen Sysol are the only people who shall have access to the final class section scheduling for the system that interfaces with CampusConnect.,not about fault tolerance,fault tolerance,0.18660324811935425
The system shall have basic data integrity checking to reduce the possibility of incorrect or invalid data being introduced.,not about fault tolerance,fault tolerance,0.3974184989929199
The system shall protect private information in accordance with the organization’s information policy.,not about fault tolerance,not about fault tolerance,0.17780926823616028
The system shall be built such that it is as secure as possible from malicious interference.,not about fault tolerance,fault tolerance,0.33555474877357483
The system shall use the organization’s standard virus protection software to help monitor threats to itself.,not about fault tolerance,fault tolerance,0.21773526072502136
The Disputes application shall comply with the corporate standards for user interface creation for internally and externally used applications.,not about fault tolerance,not about fault tolerance,0.26016414165496826
All screens created as part of the Disputes application must comply with corporate standards for interface creation.,not about fault tolerance,not about fault tolerance,0.20422598719596863
The list of dispute cases that are displayed after a search is performed must be color coded for easy identification of dispute cases based upon the dispute case status.,not about fault tolerance,fault tolerance,0.09822667390108109
100% of the cardmember and merchant services representatives shall use the Disputes application regularly after a 2-day training course.,not about fault tolerance,not about fault tolerance,0.10218657553195953
100% of cardmember services representatives shall be able to successfully create a dispute case on the first encounter after completing the training course.,not about fault tolerance,not about fault tolerance,0.14083541929721832
100% of merchant services representatives shall be able to successfully perform a follow up action on a dispute case on the first encounter after completing the training course.,not about fault tolerance,not about fault tolerance,0.17779356241226196
The maximum wait time for a user navigating from one screen to another within the Disputes application shall be no more than 5 seconds.,not about fault tolerance,not about fault tolerance,0.22350358963012695
The Disputes application shall support 350 concurrent users without any degradation of performance in the application.,not about fault tolerance,not about fault tolerance,0.3407898247241974
 The Disputes application shall be available 24x7x365  with the exception of the following scheduled maintenance windows.  Monday – Saturday 3:00am to 4:00am EST Sunday 1:00amd to 5:00am EST,not about fault tolerance,fault tolerance,0.312630295753479
The Disputes application shall interface with the Statement Database. The Statement Database provides the transaction details to the Disputes System. All transaction details must be obtained from the Statement Database,not about fault tolerance,not about fault tolerance,0.2008064240217209
The Disputes application shall interface with the Cardmember Information Database.  The Cardmember Information Database provides detailed information with regard to a cardmember.  All cardmember detail information must be obtained from the Cardmember Information Database.,not about fault tolerance,not about fault tolerance,0.14436714351177216
The Disputes applications shall interface with the Merchant Information Database.  The Merchant Information Database provides detailed information with regard to the merchant. All merchant detail information shall be obtained from the Merchant Information Database.,not about fault tolerance,not about fault tolerance,0.11649502068758011
The Disputes application shall interface with the Letters application.  This will allow the Disputes application to request letters as part of the dispute initiation and dispute follow up process. All letter requests must be sent to the Print Letter Utility application.,not about fault tolerance,fault tolerance,0.12595650553703308
The Disputes application shall interface with the Cardmember Posting and Billing System.  This will allow the Disputes application to request adjustments to cardmember and merchant’s accounts. All adjustment requests must be sent to the Cardmember Posting and Billing System.,not about fault tolerance,fault tolerance,0.20462675392627716
The Disputes application shall ensure that only users with the appropriate access level are allowed to initiate dispute requests.,not about fault tolerance,fault tolerance,0.19701607525348663
Only users with Update access must be able to initiate dispute requests.,not about fault tolerance,fault tolerance,0.2511037290096283
The Disputes application shall ensure that only authorized users are allowed to logon to the application.,not about fault tolerance,fault tolerance,0.18301750719547272
 All authorized users  once authenticated must be able to logon to the Disputes System,not about fault tolerance,fault tolerance,0.23051752150058746
The Disputes System shall generate a User Report that details any new users that have been added and any changes to an existing user’s access level.  The report will be reviewed for auditing purposes.,not about fault tolerance,fault tolerance,0.18033024668693542
All additions of new users and modifications to user’s access shall be recorded on the User Report.,not about fault tolerance,not about fault tolerance,0.09943388402462006
 If a user account is revoked  it can only be re-instantiated by the System Administrator.,not about fault tolerance,fault tolerance,0.07374405860900879
Only the System Administrator shall be able to reset a revoked user logon account,not about fault tolerance,fault tolerance,0.13729728758335114
The Disputes application shall manipulate and view business data. Users will not have direct access to data files or databases.,not about fault tolerance,not about fault tolerance,0.2133978009223938
All updates to data files or database must be initiated from the Disputes System.,not about fault tolerance,fault tolerance,0.2243400663137436
The Disputes application must conform to the legal requirements as specified by the Merchant Operating Regulations.,not about fault tolerance,fault tolerance,0.22216078639030457
All business rules specified in the Disputes System shall be in compliance with the Merchant Operating Regulations.,not about fault tolerance,not about fault tolerance,0.24272902309894562
The Disputes application must conform to the legal requirements as specified by Regulation E and Regulation Z that govern credit card disputes processing.,not about fault tolerance,fault tolerance,0.21805083751678467
All business rules specified in the Disputes System shall be in compliance to the guidelines of Regulation E and Regulation Z.,not about fault tolerance,not about fault tolerance,0.23046332597732544
The Disputes application must maintain a detailed history of every action that a user takes on a dispute case.  This ensures a complete audit trail if questions arise later on with regard to a particular dispute case.,not about fault tolerance,fault tolerance,0.1980978399515152
All actions that modify an existing dispute case must be recorded in the case history.,not about fault tolerance,fault tolerance,0.13036812841892242
The product must support Internet Explorer 5.5 and above.,not about fault tolerance,not about fault tolerance,0.06247389316558838
The product must support Mozilla Firefox 1.0 and above.,not about fault tolerance,not about fault tolerance,0.06638587266206741
The product shall interface with the Choice Parts System.  This provides the feed of recycled parts data.,not about fault tolerance,not about fault tolerance,0.16233566403388977
The product shall run on the existing hardware for all environments.,not about fault tolerance,not about fault tolerance,0.26664048433303833
The product shall adhere to the corporate Architecture guidelines,not about fault tolerance,not about fault tolerance,0.23148691654205322
The product shall comply with corporate User Interface Guidelines,not about fault tolerance,not about fault tolerance,0.28015920519828796
The product shall comply with corporate color scheme,not about fault tolerance,not about fault tolerance,0.22469401359558105
The appearance of the product shall appear professional,not about fault tolerance,fault tolerance,0.10024316608905792
The product shall be easy to use by Adjusters and Collision Estimators.  95% of Adjusters and Collision Estimators shall find the product easy to use.,not about fault tolerance,not about fault tolerance,0.21221548318862915
The product shall increase productivity of Collision Estimators. 80% of the Collision Estimators shall agree their productivity has increase within 1 month of using the product.,not about fault tolerance,not about fault tolerance,0.18489377200603485
Users shall feel satisfied using the product.  85% of all users will be satisfied with the product.,not about fault tolerance,not about fault tolerance,0.09472735226154327
The product shall be easy to learn by Adjusters and Collision Estimators.  The product shall be learned with two days onsite training,not about fault tolerance,not about fault tolerance,0.24762485921382904
The user shall easily locate instructions while using the product.  User help can be found within 90% of the system.,not about fault tolerance,not about fault tolerance,0.07864389568567276
The search for recycled parts shall take no longer than 15 seconds.  The search results shall be returned in under 15 seconds.,not about fault tolerance,fault tolerance,0.15410947799682617
The search for the preferred repair facility shall take no longer than 8 seconds.  The preferred repair facility is returned within 8 seconds,not about fault tolerance,fault tolerance,0.30553725361824036
The recycled parts audit report shall be returned to the user within 10 seconds.  The audit report shall be returned within 10 seconds.,not about fault tolerance,fault tolerance,0.17622888088226318
The preferred repair facility ratings shall be saved within 5 seconds. The save shall occur within 5 seconds.,not about fault tolerance,fault tolerance,0.3301868736743927
The product shall adhere to the corporate online availability schedule.  The application is brought down only within 98% of the scheduled outages per the availability schedule.,not about fault tolerance,fault tolerance,0.27714061737060547
The product shall achieve a 98% uptime. The product shall not fail more than 2% of the available online time.,not about fault tolerance,fault tolerance,0.3086654543876648
The product shall be able to handle up to 1500 simultaneous users. The system shall perform with 1500 users as a time.,not about fault tolerance,fault tolerance,0.22853976488113403
 The average number of recycled parts records per day shall be 50 000.,not about fault tolerance,fault tolerance,0.11625858396291733
 The product shall be able to handle 10 000 concurrent users within 2 years of the initial launch.,not about fault tolerance,fault tolerance,0.24746888875961304
 For estimators  the product shall be able to be operated in a repair facility during dirty and noisy conditions.,not about fault tolerance,fault tolerance,0.23965534567832947
The product shall interface with the ChoiceParts system once per day at approximately 1:00 AM.,not about fault tolerance,fault tolerance,0.14702558517456055
The maintenance of the product will fall within the established corporate maintenance windows.,not about fault tolerance,fault tolerance,0.288127601146698
The product shall be supported using the corporate support center.,not about fault tolerance,not about fault tolerance,0.17826935648918152
Product installations and upgrades shall be handled by the middleware technology team within established launch time frames.,not about fault tolerance,fault tolerance,0.26156294345855713
Only adjusters can request recycled parts audit reports. No users without an adjuster role shall request recycled parts audits.,not about fault tolerance,fault tolerance,0.19685566425323486
Only adjusters with a supervisor role can update preferred repair facility ratings. Users without the supervisor role cannot access the repair facility ratings.,not about fault tolerance,fault tolerance,0.20352521538734436
Only collision estimators shall search for recycled parts.  Users without the collision estimator role shall not have access to the search for recycled parts.,not about fault tolerance,not about fault tolerance,0.22571268677711487
Only valid data shall be entered into the system.  No invalid data shall be entered into the system.,not about fault tolerance,fault tolerance,0.3182847499847412
One insurance company shall not be able to view another insurance companys claim data.,not about fault tolerance,not about fault tolerance,0.1835142970085144
The product shall free of computer viruses.,not about fault tolerance,not about fault tolerance,0.27576762437820435
The system shall prevent malicious attacks including denial of service.,not about fault tolerance,not about fault tolerance,0.3529524505138397
The product must comply with Sarbanes-Oxley.,not about fault tolerance,fault tolerance,0.21849775314331055
The product shall comply with the estimatics laws relating to recycled parts usage.,not about fault tolerance,fault tolerance,0.1761186718940735
The product shall comply with insurance regulations regarding claims processing.,not about fault tolerance,not about fault tolerance,0.2940014898777008
 The product must work with most database management systems (DBMS) on the market  whether the DBMS is colocated with the product on the same machine or is located on a different machine on the computer network.,not about fault tolerance,fault tolerance,0.16671429574489594
The product will function alongside server software on any operating system where the Java runtime can be installed.,not about fault tolerance,fault tolerance,0.13271261751651764
The product will require collaboration with a database management system (DBMS).  The DBMS may be located on the same machine as the product or on a separate machine residing on the same computer network.,not about fault tolerance,fault tolerance,0.16336871683597565
 The product must make use of web/application server technology.  Open source examples include Apache web server  Tomcat  and the JBoss application server.,not about fault tolerance,not about fault tolerance,0.07479527592658997
 A database management system such as Oracle  DB2  MySql or HSQL will need to be integrated with the product.,not about fault tolerance,not about fault tolerance,0.14368921518325806
 The product’s Look and Feel shall be able to incorporate aspects of the customer’s organization such as logo  branding  and identity,not about fault tolerance,not about fault tolerance,0.09791296720504761
The product shall have a conservative and professional appearance.,not about fault tolerance,fault tolerance,0.16064223647117615
The product shall make the users want to use it. 80% of the users surveyed report they are regularly using the product after the first 2 weeks post-launch.,not about fault tolerance,not about fault tolerance,0.10418969392776489
The product shall be easy to use. 90% of users will be able to successfully reserve a conference room within 5 minutes of product use.,not about fault tolerance,not about fault tolerance,0.10725410282611847
The product shall give users feedback when necessary. 80% of the users surveyed report that the product accurately confirms their actions.,not about fault tolerance,fault tolerance,0.21236546337604523
The product shall allow the user to select a chosen language from one of the target market countries.,not about fault tolerance,fault tolerance,0.02897513099014759
The product shall allow for customization of start page and views preferences.,not about fault tolerance,not about fault tolerance,0.05670939013361931
 An employee will be able to successfully use the product within a few minutes.  After informally navigating the product for less than 15 minutes  users shall be able to successfully setup meetings and reserve conference rooms.,not about fault tolerance,not about fault tolerance,0.12297843396663666
The product shall use a standard navigation menu familiar to most web users.,not about fault tolerance,not about fault tolerance,0.04731611907482147
The product shall allow for intuitive searching of available conference rooms.,not about fault tolerance,not about fault tolerance,-0.05733008682727814
The product shall conform to the Americans with Disabilities Act.,not about fault tolerance,not about fault tolerance,0.2495473325252533
The response shall be fast enough to avoid interrupting the user’s flow of thought.  90% of tasks shall complete within 5 seconds.  98% of tasks shall complete within 8 seconds.,not about fault tolerance,not about fault tolerance,0.22205306589603424
 Aside from server failure  the software product shall achieve 99.99% up time.,not about fault tolerance,not about fault tolerance,0.3318660855293274
The product shall create an exception log of problems encountered within the product for transmission to our company for analysis and resolution.,fault tolerance,fault tolerance,0.34783560037612915
 The product shall be capable of handling up to 1 000 concurrent requests.  This number will increase to 2 000 by Release 2.  The concurrency capacity must be able to handle peak scheduling times such as early morning and late afternoon hours.,not about fault tolerance,fault tolerance,0.2773747742176056
 The product shall be able to process 10 000 transactions per hour within two years of its launch.  This number will increase to 20 000 by Release 2.,not about fault tolerance,fault tolerance,0.19219307601451874
The product shall be expected to operate for at least 5 years for each customer installation.,not about fault tolerance,fault tolerance,0.2131771296262741
The product shall be used in office environments.,not about fault tolerance,not about fault tolerance,0.10526001453399658
The product must be able to interface with any HTML browser.  The product shall transmit data between the user and the product without problems. The product shall display HTML properly in 80% of all HTML browsers tested (minimum is to test 8 browsers).,not about fault tolerance,not about fault tolerance,0.1209293007850647
The product must be able to interface with various database management systems. The product shall communicate successfully with the database management system on 100% of all transactions.,not about fault tolerance,not about fault tolerance,0.2086385190486908
The product must be able to interface with various email servers. The product shall be able to send email.,not about fault tolerance,fault tolerance,0.16771277785301208
The product shall be available for distribution via the Internet as a binary or ZIP file.,not about fault tolerance,fault tolerance,0.11456573754549026
The product shall be available for distribution as a packaged CD.,not about fault tolerance,not about fault tolerance,0.12783819437026978
 The product will be available for licensing as a one-server  two-five servers  or five-or-more servers license.,not about fault tolerance,fault tolerance,0.17764420807361603
A new user must be able to be added to the system within 10 minutes.  90% of new users are able to log into the system within 10 minutes.,not about fault tolerance,fault tolerance,0.07794922590255737
The product must be designed using Design Patterns and coding best practices.  90% of maintenance software developers are able to integrate new functionality into the product with 2 working days.,not about fault tolerance,fault tolerance,0.23209090530872345
The product must be highly configurable for use with various database management systems for the end users.  80% of end users are able to integrate new database management systems with the product without changing the product’s software code.,not about fault tolerance,fault tolerance,0.1246422678232193
Maintenance releases will be offered to customers once a year.  The releases shall take no longer than 5 minutes for 80% of the customer base to install.,not about fault tolerance,fault tolerance,0.236704021692276
Every registered user will have access to the product’s support site via the Internet.  70% of registered users shall find a solution to their problem within 5 minutes of using the support site.,not about fault tolerance,fault tolerance,0.2414400577545166
The customer shall be able to easily integrate new building maps with the product throughout the product’s lifecycle.  Integration of new maps with the product shall be possible with little to no support from product support staff.,not about fault tolerance,fault tolerance,0.1472107470035553
 The product shall be translated into foreign languages other than the target market countries’ languages in future releases.  For each emerging target market  it shall take no more than 5 days to configure the product for that market’s language.,not about fault tolerance,fault tolerance,0.06277325749397278
 The product is expected to integrate with multiple database management systems.  The product will operate with Oracle  SQL Server  DB2  MySQL  HSQL  and MS Access.,not about fault tolerance,fault tolerance,0.1099165678024292
The product shall be able to be installed in any operating environment within 2 days.,not about fault tolerance,not about fault tolerance,0.1999215930700302
The product shall ensure that only company employees or external users with company-approved user IDs may have product access.  100% of all logons shall be by either company employees or external users with company-approved user IDs.,not about fault tolerance,fault tolerance,0.1664203405380249
Only managers are able to perform search queries for reservations by user.  100% of all search queries for reservations by user shall be from logons of only management logons.,not about fault tolerance,not about fault tolerance,0.07295406609773636
The product shall ensure that the database’s data corresponds to the data entered by the user.  Each conference room reservation in the system will contain the same information as was entered by the user.,not about fault tolerance,not about fault tolerance,0.15949341654777527
The product shall prevent the input of malicious data.  The product and/or adjacent hardware/software systems’ data shall remain 100% uncorrupted each time malicious data is input into the product.,not about fault tolerance,not about fault tolerance,0.31485801935195923
The product and/or dependent databases/filesystems shall remain operational as a result of the input of malicious data.  The product and/or dependent databases/filesystems shall not crash 100% of the time that malicious data is input into the product.,fault tolerance,fault tolerance,0.36068278551101685
The product shall have the ability to receive automatic software updates as new threats emerge.  100% of customers will be able to receive automatic software updates transmitted to the installed product.,not about fault tolerance,fault tolerance,0.2080434262752533
The language of the product shall accommodate all of the target market countries. 90% of survey respondents from each target market country will find that the language of the product is acceptable.,not about fault tolerance,fault tolerance,0.13863632082939148
The product shall be able to display calendar dates and times according to the user’s locale.  90% of survey respondents from each target market country will find that the date and time formatting of the product is correct.,not about fault tolerance,fault tolerance,0.05134659633040428
The product must be developed with the J2SE/J2EE programming language libraries,not about fault tolerance,fault tolerance,0.11311361193656921
Recreation of Inventory Quantity Adjustment for the period of previous 30 days shall take no more than 30min.,not about fault tolerance,not about fault tolerance,0.18096815049648285
The System shall allow for a minimum of  6 users to work at the same time.,not about fault tolerance,fault tolerance,0.2514587938785553
The System shall utilize currently owned computer equipment.,not about fault tolerance,fault tolerance,0.280299574136734
The System shall be able to automatically backup business data and restore them on demand.,not about fault tolerance,fault tolerance,0.19635474681854248
The System shall maintain consistent security.  Any changes in user passwords and/or permissions should take affect in all parts of the System.,not about fault tolerance,fault tolerance,0.3068639636039734
The System shall granularly control access rights to all major subsystems.  It should be possible to assign access rights to all subsystems independently.,not about fault tolerance,fault tolerance,0.2096763253211975
The System shall meet all applicable accounting standards.  The final version of the System must successfully pass independent audit performed by a certified auditor.,not about fault tolerance,fault tolerance,0.21255025267601013
The System shall not require additional third party licenses resulting in royalty fees.,not about fault tolerance,not about fault tolerance,0.11306971311569214
Administrator shall be able to activate a pre-paid card via the Administration section in under 5 seconds.,not about fault tolerance,not about fault tolerance,0.036470573395490646
 Customer shall be able to check the status of their prepaid card  by entering in the PIN number  in under 5 seconds.,not about fault tolerance,not about fault tolerance,0.12025287747383118
System shall let customers register on the website as a “pay as you go” user in under 5 minutes.,not about fault tolerance,not about fault tolerance,0.0821702778339386
System shall let customers register on the website as a “unlimited movie subscriber” user in under 10 minutes.,not about fault tolerance,not about fault tolerance,0.12707212567329407
System shall let existing customers log into the website with their email address and password in under 5 seconds.,not about fault tolerance,not about fault tolerance,0.11755932867527008
 System shall let customers cancel their account  process shall take no longer than 2 minutes.  Database will mark the account as inactive  and user will not be able to log into the website.,not about fault tolerance,fault tolerance,0.16965742409229279
System shall let administrator de-activate a customer account in under 1 minute. Customer will no longer be able to access the website.,not about fault tolerance,fault tolerance,0.12276975065469742
System shall let administrator add/remove movies on the website in under 5 minutes.  Entered movie information will be stored in the database and will now be available on the website.,not about fault tolerance,not about fault tolerance,0.06742758303880692
System shall let the administrator add/remove categories on the website in under 5 minutes.,not about fault tolerance,not about fault tolerance,0.06133103370666504
System shall let Izogn Manager access sales and usage statistics in under 2 minutes.,not about fault tolerance,not about fault tolerance,0.144505575299263
System shall let administrators generate unique pre-paid pins in under 2 minutes and generate an Excel file with the generated PINs.,not about fault tolerance,fault tolerance,0.11540921032428741
The website shall be attractive to all audiences.  The website shall appear to be fun and the colors should be bright and vibrant.,not about fault tolerance,not about fault tolerance,0.10146963596343994
 The website should have an African feel  but should not alienate non-Africans.  The website should use animation on pages which are describing the services  to grab the users attention and encourage them to sign up.,not about fault tolerance,not about fault tolerance,0.028422430157661438
 The website design should be modern  clean  and concise.,not about fault tolerance,not about fault tolerance,0.12526492774486542
The product should be able to be used by 90% of novice users on the Internet.,not about fault tolerance,not about fault tolerance,0.10993330925703049
 Users should only have to navigate through a maximum of 4 pages  to create an account with the website.,not about fault tolerance,not about fault tolerance,0.04539758339524269
Users should be able to access their streaming movies in under 2 clicks after logging into the website.,not about fault tolerance,not about fault tolerance,0.06563298404216766
An anonymous survey will show that 70% of customers are comfortable purchasing streaming movies after 2 weeks using the website.,not about fault tolerance,not about fault tolerance,0.039913054555654526
An anonymous survey will show that 95% of customers are comfortable using and purchasing pre-paid cards after a month of using the system.,not about fault tolerance,fault tolerance,0.04634746536612511
The product shall retain the customer’s buying preferences and information.,not about fault tolerance,not about fault tolerance,0.11968868970870972
The product shall be easy for customers with novice skills on the  Internet to purchase and watch streaming movies.  Customers should be able to purchase and watch a pre-determined movie in under 3 minutes.,not about fault tolerance,not about fault tolerance,0.08909570425748825
The product shall use symbols and words that are naturally understandable by users familiar with websites,not about fault tolerance,not about fault tolerance,0.08728380501270294
The website will use standard Internet conventions when interacting with the user.,not about fault tolerance,not about fault tolerance,0.12309932708740234
 Any interface between a user and the automated system shall have a maximum response time of 5 seconds  unless noted by an exception below.,not about fault tolerance,not about fault tolerance,0.28042832016944885
 When purchasing a streaming movie or pre-paid card via credit card  the processing time should have a maximum response time of 15 seconds.,not about fault tolerance,not about fault tolerance,0.08141031116247177
 When streaming a movie  the buffering time should take no longer than 10 seconds (plus any latency on the user’s connection.),not about fault tolerance,not about fault tolerance,0.09147700667381287
 While streaming a movie  buffering should only occur if there is latency in the user’s connection.,not about fault tolerance,not about fault tolerance,0.16759765148162842
 All credit card information will be secured on the server  and only accessible by authorized Izogn administrators.  Information will be encrypted in the database.,not about fault tolerance,not about fault tolerance,0.05196592956781387
 The website shall be available for use 24 hours per day  365 days per year.,not about fault tolerance,not about fault tolerance,0.024616044014692307
The website shall achieve 99.5% up time.,not about fault tolerance,not about fault tolerance,0.15570038557052612
 All movies shall be streamed on demand  at any time of the day.,not about fault tolerance,not about fault tolerance,0.0850222259759903
The website shall continue to operate if the streaming server goes down.,fault tolerance,not about fault tolerance,0.1718815118074417
The website shall continue to operate if the payment gateway goes down.,fault tolerance,fault tolerance,0.1745806485414505
The streaming server will support 50 simultaneous streaming connections.,not about fault tolerance,not about fault tolerance,0.08170738816261292
The streaming server will support a maximum of 700 movies  new servers can be added to support more movies.,not about fault tolerance,fault tolerance,0.12002571672201157
 The server will support a maximum of 1 000 simultaneous users.,not about fault tolerance,fault tolerance,0.20764650404453278
 The website shall be capable of supporting 100 000 customers.,not about fault tolerance,not about fault tolerance,0.09434138238430023
The product shall be expected to operate within the maximum maintenance budget for a minimum of 2 years.,not about fault tolerance,fault tolerance,0.26001009345054626
All aspects of the website shall be accessed by a web browser over the Internet.,not about fault tolerance,not about fault tolerance,0.11459960788488388
The same hardware supporting the current website will be used to support the new system.,not about fault tolerance,not about fault tolerance,0.1277669221162796
 We must be able to interface with the following browsers: IE 5.X  6.0  Netscape 6.x  7.x  8.x and Firefox 1.0.,not about fault tolerance,not about fault tolerance,0.10042233020067215
Website must interface with the CyberSource API to process credit card transactions.,not about fault tolerance,not about fault tolerance,0.07118554413318634
Website must be fully operational with MSN TV2.,not about fault tolerance,not about fault tolerance,0.13548490405082703
Movies shall be encoded and streamed via Windows Media Player 9.0.,not about fault tolerance,not about fault tolerance,0.031043771654367447
Movies shall be encoded for 56k and 256k streams.,not about fault tolerance,not about fault tolerance,0.14865656197071075
Promotional updates to the website should take a day to update.,not about fault tolerance,not about fault tolerance,0.045532017946243286
Izogn Administrator must be able to update the category listings on the website within 2 minutes.,not about fault tolerance,not about fault tolerance,0.061832766979932785
Izogn Administrator must be able to add new products to the website within 2 minutes.,not about fault tolerance,not about fault tolerance,0.1095794290304184
The system will provide a 24 hour 800 toll free number for support to its customers.,not about fault tolerance,fault tolerance,0.07488376647233963
The website will provide a help section with answers and solutions to common problems.,not about fault tolerance,not about fault tolerance,0.23324674367904663
 Velkat staff will be available for phone support between 7am-7pm  M-F to provide technical support to the Izogn administrators.,not about fault tolerance,not about fault tolerance,0.11435839533805847
The product shall be able to be installed in the specified environment within 1 working day.,not about fault tolerance,fault tolerance,0.19716885685920715
Only registered customers can purchase streaming movies.,not about fault tolerance,not about fault tolerance,0.07747550308704376
 A customer can only stream a movie if they purchased it  and are within the 2 day viewing period.,not about fault tolerance,not about fault tolerance,0.11951719224452972
Only authorized personnel can access customer records in the database.,not about fault tolerance,not about fault tolerance,0.08574725687503815
Only administrators can activate a pre-paid card.,not about fault tolerance,not about fault tolerance,0.06169915944337845
Only authorized personnel can access sales information.,not about fault tolerance,not about fault tolerance,0.054114844650030136
The website shall prevent its data from being corrupted when incorrect data is entered in.,not about fault tolerance,not about fault tolerance,0.28493207693099976
 The website shall protect itself from intentional abuse  and notify the administrator at all occurrences.,not about fault tolerance,not about fault tolerance,0.1869177371263504
Data integrity scripts will be run on a weekly basis to verify the integrity of the database.,not about fault tolerance,fault tolerance,0.23716366291046143
 The website shall make its user aware of its information practices before collection data from them via a Privacy Policy  accessible on all pages of the website.,not about fault tolerance,not about fault tolerance,0.12597225606441498
The system shall notify customers of changes to its information policy.,not about fault tolerance,not about fault tolerance,0.20692360401153564
The system shall reveal private information only in compliance with the organization’s information policy.,not about fault tolerance,not about fault tolerance,0.15582284331321716
 All customer information will be stored on a secure database  accessible only to authorized personnel.,not about fault tolerance,not about fault tolerance,0.11791948974132538
All credit card information will be encrypted in the database.,not about fault tolerance,not about fault tolerance,0.05333391949534416
The streaming server will have anti-virus software to prevent infection of malicious viruses.,not about fault tolerance,not about fault tolerance,0.21883931756019592
The website should cater to all tribes in Nigeria.,not about fault tolerance,not about fault tolerance,0.10293816030025482
The website shall not be offensive to religious or ethnic groups.,not about fault tolerance,not about fault tolerance,0.08971664309501648
 The website should appeal to all Africans  not only Nigerians.,not about fault tolerance,not about fault tolerance,0.041546232998371124
The website should use Flash to provide animation on the home page.,not about fault tolerance,not about fault tolerance,0.0177500918507576
IzognMovies shall meet the licensing requirements set forth by the appropriate organizations in order to stream African movies.,not about fault tolerance,fault tolerance,0.06845392286777496
The website will comply with W3C standards.,not about fault tolerance,not about fault tolerance,0.19457559287548065
The PHP code will comply with PEAR standards.,not about fault tolerance,not about fault tolerance,0.19682776927947998
Total lead cycle time must be completed in 5 minutes for 90% of lead volume between the business hours of 8AM CST to 8PM CST  then 3 minutes for 99% of lead volume during off business hours.,not about fault tolerance,fault tolerance,0.08308283984661102
No lead evaluation will complete in a time period longer than 25 seconds for 97% of all leads processed.,not about fault tolerance,not about fault tolerance,0.12282991409301758
For leads that process longer than 25 seconds the system will record the event and duration,not about fault tolerance,not about fault tolerance,0.15893705189228058
The process must fit within the processing time conditions set forth by the Auto Rep Assignment process in which a lead is assigned within 3 minutes of the total life cycle.,not about fault tolerance,fault tolerance,0.22578197717666626
The lead washing process will operate within the established physical web service structure.,not about fault tolerance,not about fault tolerance,0.08093933761119843
 The washing process must use a non binding  neutral data format  such as xml  when receiving and processing lead data.,not about fault tolerance,not about fault tolerance,0.12462002784013748
Defect reports will be available to technical units on a 24x7 basis.,not about fault tolerance,fault tolerance,0.28335320949554443
Washing parameters will be updated during scheduled maintenance hours.,not about fault tolerance,not about fault tolerance,0.17354367673397064
The product shall simulate the look of ships at sea.,not about fault tolerance,not about fault tolerance,0.1179080456495285
The product shall display the grids within a circle as a view from a periscope.,not about fault tolerance,fault tolerance,0.031387247145175934
The product shall display each type of ship in a grid using an image of the specific type of ship.,not about fault tolerance,not about fault tolerance,0.1143730878829956
 When the offensive player takes a shot  the product shall simulate the sound of a ship at sea.,not about fault tolerance,not about fault tolerance,0.19103963673114777
 When a shot is marked as a miss  the product shall simulate the sound of a shot missing its target.,not about fault tolerance,not about fault tolerance,0.20940335094928741
 When a shot is marked as a hit  the product shall simulate the sound of a shot hitting its target.,not about fault tolerance,not about fault tolerance,0.1929495632648468
 When a ship is sunk  the product shall simulate the sound of a sinking ship.,not about fault tolerance,not about fault tolerance,0.21371564269065857
 The product shall be available 24 hours per day  seven days per week.,not about fault tolerance,fault tolerance,0.07397796958684921
The product shall able to handle a large number of games simultaneously.,not about fault tolerance,not about fault tolerance,0.24015825986862183
The response time shall be fast enough to maintain the flow of the game.  The response time shall be no more than 2 seconds for 95% of responses and no more than 4% for the remaining responses.,not about fault tolerance,not about fault tolerance,0.2192297875881195
The product shall protect the identity of the players. The product shall provide players no access to information that might reveal the identity of another player.,not about fault tolerance,not about fault tolerance,0.1257358193397522
The product shall be intuitive and self-explanatory.  Nine out ten users shall be able to successfully complete a game with no training.,not about fault tolerance,not about fault tolerance,0.1834976077079773
 The product shall be available to players who understand English  Spanish and French.  The product shall allow the user to select the language upon accessing the product.,not about fault tolerance,fault tolerance,0.09448365867137909
The product shall provide players no access to information that might reveal the identity of another player,not about fault tolerance,not about fault tolerance,0.10243120044469833
The response time shall be fast enough to maintain the flow of the game. The response time shall be no more than 2 seconds for 95% of responses and no more than 4% for the remaining responses.,not about fault tolerance,not about fault tolerance,0.2192297875881195
The system shall be easy to use by callers and supervisors. Callers and supervisors must be able to accomplish any system task within 2 minutes.,not about fault tolerance,not about fault tolerance,0.29269108176231384
The system shall be easy to learn by callers and supervisors. Callers and supervisors shall learn how to use the system within 10 minutes.,not about fault tolerance,not about fault tolerance,0.1937897950410843
 The system shall be responsive. At the DePaul TeleServices Center  when a supervisor uses the system to view a callers schedule  the system response time must be no more than 2 seconds 90% of the time and no more than 5 seconds the rest of the time.,not about fault tolerance,not about fault tolerance,0.23386600613594055
 On a 56k connection  the system response time for all operations must be no more than 6 seconds 90% of the time.,not about fault tolerance,not about fault tolerance,0.23142239451408386
 On a 112k connection or faster  the system response time for all operations must be no more than 3 seconds 90% of the time.,not about fault tolerance,not about fault tolerance,0.24221837520599365
The system shall have high availability every day of the year.The system must be available for use between 12:00AM and 6:00PM all days of the year.,not about fault tolerance,fault tolerance,0.21679142117500305
The system must be available for use between 7:00AM and 11:59PM all days of the year.,not about fault tolerance,fault tolerance,0.15138107538223267
The product shall be internet browser independent.The product must run using Internet Explorer and Netscape Navigator.,not about fault tolerance,not about fault tolerance,0.044202908873558044
The product shall ensure that only supervisors can advertise empty time slots.The product must ensure that supervisors are allowed to access advertise empty time slots.,not about fault tolerance,fault tolerance,0.22514285147190094
The product shall ensure that only supervisors can enter a caller’s schedule.The product must ensure that supervisors are allowed to access advertise empty time slots.,not about fault tolerance,not about fault tolerance,0.2108449935913086
The product shall ensure that only supervisors can view schedule of all callers.The product must ensure that supervisors are allowed to access advertise empty time slots.,not about fault tolerance,not about fault tolerance,0.19825449585914612
 The interface shall have a simple look. In the interface and usability survey  90% of beta testers must report that the interface is adequately simple.,not about fault tolerance,not about fault tolerance,0.18205855786800385
 The interface shall be appealing to callers and supervisors. In the interface and usability survey  80% of beta testers must report that the interface is appealing.,not about fault tolerance,not about fault tolerance,0.1460319608449936
The product shall provide GUI based Monitoring Services.System Administrators shall monitor message exchanges will predict and determine problems and will also provide internal and external support.,not about fault tolerance,fault tolerance,0.2901689410209656
The product shall comply with City of Chicago Application Development Guide Framework.Application Development Framework will provide structured Graphical User Interface.,not about fault tolerance,not about fault tolerance,0.16235032677650452
The product shall provide Monitoring Services.The product shall be easy for System Administrators and DBAs to use after two weeks of usage.,not about fault tolerance,not about fault tolerance,0.2754709720611572
The product shall provide Error Tracking Services.The product shall help the System Administrators and DBAs to resolve transaction errors 99% of the time.,not about fault tolerance,fault tolerance,0.39050182700157166
The product shall provide Portals.The product shall help System Administrators to analyze the transactions with ad-hoc reporting and KPIs (Key Performance Indicators),not about fault tolerance,not about fault tolerance,0.23555172979831696
The product shall provide Asynchronous Messaging.The product shall provide asynchronous messaging to enable parallel processing and reduce the overhead in communications,not about fault tolerance,not about fault tolerance,0.28354352712631226
The product shall provide Multi-threading and Load Balancing.The product shall provide multi-threading technology as well as load balancing to overcome data load spikes and traffic.,not about fault tolerance,fault tolerance,0.26467961072921753
The product shall process messages within 2 seconds.The product shall have a maximum message processing time of 2 seconds,not about fault tolerance,not about fault tolerance,0.2517617344856262
The product shall poll the system for messages every second.The product shall poll the system for new messages at a maximum of every 1 second.,not about fault tolerance,fault tolerance,0.2399255335330963
The product shall provide Dynamic Change Support and Transparent resource addition.The product shall support Transparent Resource addition and Dynamic Change support to provide scalability and avoid service interruptions of more than 1 day.,not about fault tolerance,fault tolerance,0.24321052432060242
The product shall be available 99% of the time. Rationale: To avoid service interruption during busiest customer service response periods. The product shall be available 99.99% of the time for regular business days.,not about fault tolerance,not about fault tolerance,0.15334577858448029
The product shall be robust.The product shall have fault avoidance based on standards adoption.,fault tolerance,fault tolerance,0.54012131690979
The product shall be robust with fault tolerance.The product shall have fault tolerance by using recovery technique compensatory transaction and routing around failures.,fault tolerance,fault tolerance,0.6178475618362427
The product shall be able to process all transactions.The product shall process minimum of 1 million transactions per year.,not about fault tolerance,fault tolerance,0.2838628590106964
The product shall be platform independent.The product shall enable access to any type of development environment and platform.,not about fault tolerance,not about fault tolerance,0.18126574158668518
The product shall interface CSR and Datastream.The product shall exchange messages between CSR and EAM on a real time basis without any direct interfaces between two systems.,not about fault tolerance,not about fault tolerance,0.17442800104618073
 : The product shall continue to operate during upgrade  change or new resource addition.The product shall be able to continue to operate with no interruption in service due to new resource additions.,not about fault tolerance,fault tolerance,0.26998475193977356
The product shall be updated on a regular basis.The product will have a new major feature introduced every six months and quarterly maintenance releases every six months.,not about fault tolerance,fault tolerance,0.21306350827217102
The product shall operate with every platform.The product shall accommodate any new technology without any change in its architecture.,not about fault tolerance,fault tolerance,0.260468065738678
 The product shall have security.The product shall provide authentication  and authorization.,not about fault tolerance,fault tolerance,0.2152177095413208
The product shall information Security. The product shall enable privacy by encryption WS-Security and Integrity Checking.,not about fault tolerance,fault tolerance,0.24192354083061218
The product shall have audit capabilities.The product shall store messages for a minimum of one year for audit and transaction tracking purposes.,not about fault tolerance,fault tolerance,0.24734121561050415
The system shall use IBM and CCR branding standards. The interface must have one IBM logo and one CCR logo.,not about fault tolerance,fault tolerance,0.16694624722003937
The system shall be displayable on any work computer a CCR user may have. The system interface shall be formatted to display at 800 by 600 pixel resolution.,not about fault tolerance,not about fault tolerance,0.21211779117584229
The system interface will use CCR nomenclature. The system must use the same nomenclature used in the existing WCS system and reports,not about fault tolerance,not about fault tolerance,0.1044032946228981
The interface must summarize the data in a fashion that’s appealing to CCR management. Every report type must have at least one high level summary shown in the results dashboard/interface,not about fault tolerance,not about fault tolerance,0.02876216731965542
The system must use a point and click interface. 100% of all selection and navigation functionality must be able to be activated/selected by either a mouse or a keyboard,not about fault tolerance,not about fault tolerance,0.06565625965595245
The interface shall be easy to use. 90% of users should be able to successfully use the system to generate a report on their first use. The interface should adhere to IBM usability standards.,not about fault tolerance,fault tolerance,0.19660229980945587
Rreports must be easy to generate. eports must be generated within one button click and exported within one button click (after selecting the report),not about fault tolerance,not about fault tolerance,-0.00450317095965147
A user shall be able to use the system without instruction after a short amount of time. After one use a user should understand and remember 90% of the system usage and navigation.,not about fault tolerance,not about fault tolerance,0.24094627797603607
All CCR users shall receive training before the WCS system is deployed. One training session will be held for 100% of CCR users before system deployment (based on a CCR user being available),not about fault tolerance,not about fault tolerance,0.10980450361967087
The WCS system shall use appropriate nomenclature and terminology as defined by the Corporate Community Grants organization. All interfaces and reports will undergo usability tests by CCR users.,not about fault tolerance,fault tolerance,0.13751152157783508
The WCS system shall be available at all times as long as IBM’s internal intranet W3 is accessible. The WCS system will be available 95% of the time IBM’s internal intranet W3 is available.,not about fault tolerance,fault tolerance,0.13292613625526428
The WCS system shall have the ability to connect other designated WCS databases currently not included in the system.,not about fault tolerance,not about fault tolerance,0.10027868300676346
The WCS system shall have the ability to include data for regions outside the United States and be accessed by users outside of the United States if approved by CCR management.,not about fault tolerance,not about fault tolerance,0.06723304092884064
The WCS system shall be run in a Windows environment. The WCS shall be accessed by users through the Internet on an IBM computer running a Windows 2000 or above operating system.,not about fault tolerance,fault tolerance,0.062454041093587875
The Brio portion of the WCS system must be able to export files in spreadsheet form (Microsoft Excel and Lotus 1-2-3 formats).  Brio will provide buttons in the user interface that produce/export reports in .xls or .123 file formats.,not about fault tolerance,fault tolerance,0.044277191162109375
The WCS system must run queries to the WCS databases once again (on a specified day) to update the available data available to CCR users. Queries must be made to external databases for data refresh once a week.,not about fault tolerance,not about fault tolerance,0.08792281150817871
 All changes  updates  and additions to the WCS system shall be updated in the WCS Developer and WCS User Guides. Every change must be reflected in WCS system documentation,not about fault tolerance,fault tolerance,0.015876339748501778
The system shall only be accessed by authorized Corporate Community Grants (CCR) employees. Users must be authenticated using their IBM intranet user name and password.,not about fault tolerance,fault tolerance,0.12885507941246033
The WCS system shall not allow automatic logins by any user. Cookies containing WCS login information about a user will not be stored on a user’s computer.,not about fault tolerance,not about fault tolerance,0.03194481134414673
Each team owner will need to use a username and password in order to be authenticated to reach the team owner’s page,not about fault tolerance,not about fault tolerance,0.036637481302022934
The Commissioner will be the only authorized user per league to adjust league settings.,not about fault tolerance,not about fault tolerance,0.07711188495159149
Each page shall contain a navigation menu which shows the index into which the current page is contained.,not about fault tolerance,not about fault tolerance,-0.0424249991774559
Each page shall contain a similar format with action items in one location and navigation buttons in a different location.,not about fault tolerance,not about fault tolerance,0.0726536214351654
The message board shall contain the 5 most recently posted messages on the league page. The messages will contain up to the first 150 characters of the message.,not about fault tolerance,not about fault tolerance,0.08995521813631058
;A new user shall be able to navigate through the league and team pages within 30 seconds of reaching the start-up page.,not about fault tolerance,not about fault tolerance,0.10019031167030334
Users shall be able to reach the ‘add’  ‘drop’  and ‘trade player’ pages with one click from the team owner’s page.,not about fault tolerance,not about fault tolerance,0.04245569556951523
;Users shall be able to view at least 25 NFL player statistics and points on each page.,not about fault tolerance,not about fault tolerance,0.08862020820379257
The application shall ask the user to confirm dropping a player or trading a player before performing the action.,not about fault tolerance,not about fault tolerance,0.1337825357913971
The application shall be able to complete every user transaction within one fourth of a second of receiving the request over the network.,not about fault tolerance,not about fault tolerance,0.24472562968730927
The application shall have a downtime of at most 10 minutes per year.,not about fault tolerance,not about fault tolerance,0.21190057694911957
The application shall run on a web application server.,not about fault tolerance,not about fault tolerance,0.17521736025810242
A primary database will be used to store cached data for active users.,not about fault tolerance,not about fault tolerance,0.10073272138834
A secondary database will be used to store historical statistics and data.,not about fault tolerance,not about fault tolerance,0.08859997987747192
Application updates shall occur between 3AM and 6 AM CST on Wednesday morning during the middle of the NFL season.,not about fault tolerance,not about fault tolerance,0.13292419910430908
New System version releases shall be released at the beginning of each NFL season.,not about fault tolerance,not about fault tolerance,0.15098591148853302
The RFS system should be available 24/7  especially during the budgeting period. The RFS system shall be available 90% of the time all year  and 98% during the budgeting period. 2% of the time  the system will become available within 1 hour of the time that the situation is reported.,not about fault tolerance,fault tolerance,0.10287854075431824
98% of the user workstations shall meet the minimum hardware requirements prior to implementation. Minimum Hard Disk Space:  400MB.,not about fault tolerance,fault tolerance,0.29539772868156433
98% of the user workstations shall meet the minimum software requirements prior to implementation: Microsoft Internet Explorer 5.0. Microsoft .NET Framework 1.1. Microsoft Internet Explorer Web Controls,not about fault tolerance,fault tolerance,0.2110239565372467
The RFS system should be able to easily interface with the BDW environment  in order to load the data. •;7 data files shall be received from the BDW and loaded into the RFS system within 3 hours one day prior to the start of budgeting process  every year. The data will be as of October month-end. ;Test files (7) shall be loaded up to 5 times throughout the year  from the BDW.,not about fault tolerance,not about fault tolerance,0.08725232630968094
Changes to revenue and expense formulae must be applied to the RFS system  every year  prior to the budgeting process start. Revenue and expense formulae will be updated within one week of their receipt  after which 2 weeks will be allotted to testing of the budget calculations  to be conducted jointly by the project development team and PCG Finance.,not about fault tolerance,fault tolerance,0.07096058130264282
New branches/complexes/districts/regions and revenue/expense accounts added to the BDW  must be reflected in the RFS system. 100% of the entities (mentioned above) available as of October month-end  will be loaded into the RFS system  prior to the budget start process.,not about fault tolerance,fault tolerance,0.04913943260908127
Only authorized user shall access the RFS system. ONLY users that exist in the UAS system  with the RFS system assigned to their role(s)  shall access the RFS system and use it.,not about fault tolerance,fault tolerance,0.0717478096485138
;User access should be limited to the permissions granted to their role(s) Each level in the PCG hierarchy will be assigned a role and users will be assigned to these roles. Access to functionality within RFS system is dependent on the privileges/permission assigned to the role..,not about fault tolerance,not about fault tolerance,0.15704205632209778
The product must comply with the intranet page standards and requirements of ENET Securities. 95% of the product look & feel will be approved by the Architecture group  prior to implementation. The remaining 5% will be corrected and approved within one month of product release.,not about fault tolerance,fault tolerance,0.18145570158958435
 The intranet pages should display appropriately in all resolutions  from 800x600 and higher. The display of all the pages will be correct in 95% of the resolutions  prior to implementation. The remaining 5% will be corrected within a week of notification of the incorrect display.,not about fault tolerance,not about fault tolerance,0.1053420752286911
The users should be able to easily use the system to successfully complete their budgets  within the stipulated time for completion. With a week of training prior to product implementation  98% of the users shall complete their budgets within the stipulated time.,not about fault tolerance,fault tolerance,0.20672792196273804
The product interface should be fast. The response time of the product interface should not exceed 2 seconds 90% of the time. For 10% of the time  the response time should not be more than 10 seconds.not be more than 10 seconds.,not about fault tolerance,not about fault tolerance,0.192422017455101
