,precision,recall,f1-score,support
"tolerance, failure, tolerant, byzantine, deadlock, exploiting, reliability, isolation, fault, guarantee, or dependable",0.9560975609756097,0.5444444444444444,0.6938053097345133,360.0
"not bout tolerance, failure, tolerant, byzantine, deadlock, exploiting, reliability, isolation, fault, guarantee, or dependable",0.006060606060606061,0.1,0.011428571428571429,10.0
accuracy,0.5324324324324324,0.5324324324324324,0.5324324324324324,0.5324324324324324
macro avg,0.4810790835181079,0.3222222222222222,0.35261694058154236,370.0
weighted avg,0.9304208865184475,0.5324324324324323,0.6753626951857041,370.0
