Requirement text,Gold label,Predicated label,ZSL score
The system shall refresh the display every 60 seconds.,not about system recovery & fault tolerance,not about system recovery & fault tolerance,0.9335043430328369
The application shall match the color of the schema set forth by Department of Homeland Security,not about system recovery & fault tolerance,not about system recovery & fault tolerance,0.9020302295684814
 If projected  the data must be readable.  On a 10x10 projection screen  90% of viewers must be able to read Event / Activity data from a viewing distance of 30,not about system recovery & fault tolerance,not about system recovery & fault tolerance,0.8698998093605042
 The product shall be available during normal business hours. As long as the user has access to the client PC  the system will be available 99% of the time during the first six months of operation.,not about system recovery & fault tolerance,not about system recovery & fault tolerance,0.8651721477508545
 If projected  the data must be understandable. On a 10x10 projection screen  90% of viewers must be able to determine that Events or Activities are occuring in current time from a viewing distance of 100,not about system recovery & fault tolerance,not about system recovery & fault tolerance,0.8676151633262634
The product shall ensure that it can only be accessed by authorized users.  The product will be able to distinguish between authorized and unauthorized users in all access attempts,not about system recovery & fault tolerance,not about system recovery & fault tolerance,0.8727951645851135
The product shall be intuitive and self-explanatory.  :  90% of new users shall be able to start the display of Events or Activities within 90 minutes of using the product.,not about system recovery & fault tolerance,not about system recovery & fault tolerance,0.8677761554718018
The product shall respond fast to keep up-to-date data in the display.,not about system recovery & fault tolerance,not about system recovery & fault tolerance,0.8923229575157166
The look and feel of the system shall conform to the user interface standards of the smart device.,not about system recovery & fault tolerance,not about system recovery & fault tolerance,0.8888436555862427
 The user interface shall have standard menus  buttons for navigation,not about system recovery & fault tolerance,not about system recovery & fault tolerance,0.9158639907836914
The system shall have a professional appearance,not about system recovery & fault tolerance,not about system recovery & fault tolerance,0.9298302531242371
The product shall have a consistent color scheme and fonts.,not about system recovery & fault tolerance,not about system recovery & fault tolerance,0.9081747531890869
The system shall be used by realtors with no training.,not about system recovery & fault tolerance,not about system recovery & fault tolerance,0.9192466735839844
The system shall be intuitive and self explanatory.,not about system recovery & fault tolerance,not about system recovery & fault tolerance,0.9235735535621643
The product shall be easy for a realtor to learn.,not about system recovery & fault tolerance,not about system recovery & fault tolerance,0.9078494310379028
The product shall use symbols and words that are naturally understandable by the realtor community.,not about system recovery & fault tolerance,not about system recovery & fault tolerance,0.8969318270683289
The product shall produce search results in an acceptable time,not about system recovery & fault tolerance,not about system recovery & fault tolerance,0.9101024270057678
The search results shall be returned no later 30      seconds  after the user has entered the search criteria,not about system recovery & fault tolerance,not about system recovery & fault tolerance,0.8886123299598694
The product shall generate a CMA report in an acceptable time.,not about system recovery & fault tolerance,not about system recovery & fault tolerance,0.907409131526947
The CMA report shall be returned no later 60 seconds after the user has entered the CMA report criteria.,not about system recovery & fault tolerance,not about system recovery & fault tolerance,0.8765403628349304
The product shall synchronize contacts and appointments in an acceptable time.,not about system recovery & fault tolerance,not about system recovery & fault tolerance,0.904427170753479
The product shall synchronize with the office system every hour.,not about system recovery & fault tolerance,not about system recovery & fault tolerance,0.9179548025131226
 The product shall be available for use 24 hours per day  365 days  per year,not about system recovery & fault tolerance,not about system recovery & fault tolerance,0.8992706537246704
 Out of 1000 accesses to the system  the system is available 999 times.,not about system recovery & fault tolerance,not about system recovery & fault tolerance,0.9197912216186523
The product shall operate in offline mode whenever internet connection is unavailable.,system recovery & fault tolerance,not about system recovery & fault tolerance,0.913526177406311
 The product shall allow the user to view previously downloaded search results  CMA reports  and appointments.,system recovery & fault tolerance,not about system recovery & fault tolerance,0.8775801658630371
The product shall retain user preferences in the event of a failure.,system recovery & fault tolerance,not about system recovery & fault tolerance,0.905570924282074
100% of saved user preferences shall be restored when system comes back online.,system recovery & fault tolerance,not about system recovery & fault tolerance,0.9134913682937622
The product shall be able to support multiple remote users,not about system recovery & fault tolerance,not about system recovery & fault tolerance,0.9183200597763062
The product shall be able support 1000 simultaneous users.,not about system recovery & fault tolerance,not about system recovery & fault tolerance,0.9180639982223511
The product shall be capable of handling the existing 1000 users. This number is expected to grow 5 times within the next year.,not about system recovery & fault tolerance,not about system recovery & fault tolerance,0.8810702562332153
The product shall be installed by an untrained realtor   without recourse to separately-printed instructions.,not about system recovery & fault tolerance,not about system recovery & fault tolerance,0.8907235264778137
90% of untrained realtors shall be able to install the product on their device without printed instructions,not about system recovery & fault tolerance,not about system recovery & fault tolerance,0.8899512887001038
The product is expected to run on Windows CE and Palm operating systems.,not about system recovery & fault tolerance,not about system recovery & fault tolerance,0.8999761343002319
Only registered realtors shall be able to access the system.,not about system recovery & fault tolerance,not about system recovery & fault tolerance,0.9196284413337708
Every user of the system shall be authenticated and authorized.,not about system recovery & fault tolerance,not about system recovery & fault tolerance,0.921488881111145
The product shall prevent its data from incorrect data being introduced.,not about system recovery & fault tolerance,not about system recovery & fault tolerance,0.9165181517601013
The system shall be easy to use by the Program Administrators/Nursing Staff Members.,not about system recovery & fault tolerance,not about system recovery & fault tolerance,0.8894137740135193
All of the users shall be able to use the system after one day of training.,not about system recovery & fault tolerance,not about system recovery & fault tolerance,0.9028756022453308
The system shall help the user avoid making mistakes while scheduling classes and clinicals for the nursing students.,not about system recovery & fault tolerance,not about system recovery & fault tolerance,0.8783708214759827
The number of mistakes noted by the students shall be decreased by 50% in the first year.,not about system recovery & fault tolerance,not about system recovery & fault tolerance,0.8922983407974243
The system shall be intuitive to the Program Administrators/Nursing Staff Members.,not about system recovery & fault tolerance,not about system recovery & fault tolerance,0.8961120843887329
2 out of 3 Program Administrators/Nursing Staff Members shall successfully be able to use the system to manage the scheduling of classes and clinicals.,not about system recovery & fault tolerance,not about system recovery & fault tolerance,0.8721030354499817
The system shall use symbols and words that are naturally understandable by the user community.,not about system recovery & fault tolerance,not about system recovery & fault tolerance,0.9043669104576111
The verbiage used within the system shall be consistent with Standard English and the terminology of the national Nursing Community.,not about system recovery & fault tolerance,not about system recovery & fault tolerance,0.8886306285858154
Staff members shall be able to complete a set of tasks in a timely manner.,not about system recovery & fault tolerance,not about system recovery & fault tolerance,0.8888226747512817
The response time of general student management tasks shall take no longer than 5 seconds and the response time of schedule generation shall take no longer than 30 seconds.,not about system recovery & fault tolerance,not about system recovery & fault tolerance,0.874195396900177
The system shall be available for use between the hours of 8am and 6pm.,not about system recovery & fault tolerance,not about system recovery & fault tolerance,0.9046258330345154
The system shall achieve 95% up time.,not about system recovery & fault tolerance,not about system recovery & fault tolerance,0.9368191957473755
system shall be able to handle all of the user requests/usage during business hours.,not about system recovery & fault tolerance,not about system recovery & fault tolerance,0.8950893878936768
The system shall cater to 10 simultaneous users from 9am to 5pm.,not about system recovery & fault tolerance,not about system recovery & fault tolerance,0.9213640093803406
The system shall be capable of processing 100% of nursing students and their classes for the next 10 years.,not about system recovery & fault tolerance,not about system recovery & fault tolerance,0.8856588006019592
The system shall be expected to manage the nursing program curriculum and class/clinical scheduling for a minimum of 5 years.,not about system recovery & fault tolerance,not about system recovery & fault tolerance,0.8830476403236389
The system shall able to operate within a business office environment typical of the Nursing Department at DePaul University.,not about system recovery & fault tolerance,not about system recovery & fault tolerance,0.8901352882385254
The system shall be used within the specifications defined by the computers used by the Program Administrators/Nursing Staff Members.,not about system recovery & fault tolerance,not about system recovery & fault tolerance,0.8865576386451721
The system shall operate within the Windows XP Professional operating system.,not about system recovery & fault tolerance,not about system recovery & fault tolerance,0.9200035929679871
The system shall interface with CampusConnect’s central server,not about system recovery & fault tolerance,not about system recovery & fault tolerance,0.9222988486289978
The system shall interface with the faculty central server.,not about system recovery & fault tolerance,not about system recovery & fault tolerance,0.9297680854797363
The system shall interface with the student master server.,not about system recovery & fault tolerance,not about system recovery & fault tolerance,0.9311655759811401
We must be able to interface with any HTML browser.,not about system recovery & fault tolerance,not about system recovery & fault tolerance,0.9238013029098511
Only authorized users shall have access to clinical site information.,not about system recovery & fault tolerance,not about system recovery & fault tolerance,0.9162025451660156
Program Administrators/Nursing Staff Members are the only people who shall have access to clinical site details.,not about system recovery & fault tolerance,not about system recovery & fault tolerance,0.8847669363021851
Only authorized users shall have access to students’ personal information.,not about system recovery & fault tolerance,not about system recovery & fault tolerance,0.9128655195236206
Dr Susan Poslusny and Dr Julie Donalek are the only people who shall have access to students’ personal information.,not about system recovery & fault tolerance,not about system recovery & fault tolerance,0.8758540153503418
Only authorized users shall have access to the portion of the system that interfaces with CampusConnect.,not about system recovery & fault tolerance,not about system recovery & fault tolerance,0.8982641696929932
Fit Criterion: Dr Susan Poslusny and Karen Sysol are the only people who shall have access to the final class section scheduling for the system that interfaces with CampusConnect.,not about system recovery & fault tolerance,not about system recovery & fault tolerance,0.863060712814331
The system shall have basic data integrity checking to reduce the possibility of incorrect or invalid data being introduced.,not about system recovery & fault tolerance,not about system recovery & fault tolerance,0.894318699836731
The system shall protect private information in accordance with the organization’s information policy.,not about system recovery & fault tolerance,not about system recovery & fault tolerance,0.9030504822731018
The system shall be built such that it is as secure as possible from malicious interference.,not about system recovery & fault tolerance,not about system recovery & fault tolerance,0.8979790806770325
The system shall use the organization’s standard virus protection software to help monitor threats to itself.,not about system recovery & fault tolerance,not about system recovery & fault tolerance,0.8883084654808044
The Disputes application shall comply with the corporate standards for user interface creation for internally and externally used applications.,not about system recovery & fault tolerance,not about system recovery & fault tolerance,0.8956436514854431
All screens created as part of the Disputes application must comply with corporate standards for interface creation.,not about system recovery & fault tolerance,not about system recovery & fault tolerance,0.8995339870452881
The list of dispute cases that are displayed after a search is performed must be color coded for easy identification of dispute cases based upon the dispute case status.,not about system recovery & fault tolerance,not about system recovery & fault tolerance,0.8720716238021851
100% of the cardmember and merchant services representatives shall use the Disputes application regularly after a 2-day training course.,not about system recovery & fault tolerance,not about system recovery & fault tolerance,0.8885803818702698
100% of cardmember services representatives shall be able to successfully create a dispute case on the first encounter after completing the training course.,not about system recovery & fault tolerance,not about system recovery & fault tolerance,0.8863020539283752
100% of merchant services representatives shall be able to successfully perform a follow up action on a dispute case on the first encounter after completing the training course.,not about system recovery & fault tolerance,not about system recovery & fault tolerance,0.8788918256759644
The maximum wait time for a user navigating from one screen to another within the Disputes application shall be no more than 5 seconds.,not about system recovery & fault tolerance,not about system recovery & fault tolerance,0.8842363357543945
The Disputes application shall support 350 concurrent users without any degradation of performance in the application.,not about system recovery & fault tolerance,not about system recovery & fault tolerance,0.9034432172775269
 The Disputes application shall be available 24x7x365  with the exception of the following scheduled maintenance windows.  Monday – Saturday 3:00am to 4:00am EST Sunday 1:00amd to 5:00am EST,not about system recovery & fault tolerance,not about system recovery & fault tolerance,0.864316463470459
The Disputes application shall interface with the Statement Database. The Statement Database provides the transaction details to the Disputes System. All transaction details must be obtained from the Statement Database,not about system recovery & fault tolerance,not about system recovery & fault tolerance,0.8663418889045715
The Disputes application shall interface with the Cardmember Information Database.  The Cardmember Information Database provides detailed information with regard to a cardmember.  All cardmember detail information must be obtained from the Cardmember Information Database.,not about system recovery & fault tolerance,not about system recovery & fault tolerance,0.8511611223220825
The Disputes applications shall interface with the Merchant Information Database.  The Merchant Information Database provides detailed information with regard to the merchant. All merchant detail information shall be obtained from the Merchant Information Database.,not about system recovery & fault tolerance,not about system recovery & fault tolerance,0.8589664697647095
The Disputes application shall interface with the Letters application.  This will allow the Disputes application to request letters as part of the dispute initiation and dispute follow up process. All letter requests must be sent to the Print Letter Utility application.,not about system recovery & fault tolerance,not about system recovery & fault tolerance,0.8627524971961975
The Disputes application shall interface with the Cardmember Posting and Billing System.  This will allow the Disputes application to request adjustments to cardmember and merchant’s accounts. All adjustment requests must be sent to the Cardmember Posting and Billing System.,not about system recovery & fault tolerance,not about system recovery & fault tolerance,0.8526734113693237
The Disputes application shall ensure that only users with the appropriate access level are allowed to initiate dispute requests.,not about system recovery & fault tolerance,not about system recovery & fault tolerance,0.8936834931373596
Only users with Update access must be able to initiate dispute requests.,not about system recovery & fault tolerance,not about system recovery & fault tolerance,0.9202578067779541
The Disputes application shall ensure that only authorized users are allowed to logon to the application.,not about system recovery & fault tolerance,not about system recovery & fault tolerance,0.8959696292877197
 All authorized users  once authenticated must be able to logon to the Disputes System,not about system recovery & fault tolerance,not about system recovery & fault tolerance,0.9047746658325195
The Disputes System shall generate a User Report that details any new users that have been added and any changes to an existing user’s access level.  The report will be reviewed for auditing purposes.,not about system recovery & fault tolerance,not about system recovery & fault tolerance,0.8636012673377991
All additions of new users and modifications to user’s access shall be recorded on the User Report.,not about system recovery & fault tolerance,not about system recovery & fault tolerance,0.8901172280311584
 If a user account is revoked  it can only be re-instantiated by the System Administrator.,not about system recovery & fault tolerance,not about system recovery & fault tolerance,0.896854043006897
Only the System Administrator shall be able to reset a revoked user logon account,not about system recovery & fault tolerance,not about system recovery & fault tolerance,0.9071179628372192
The Disputes application shall manipulate and view business data. Users will not have direct access to data files or databases.,not about system recovery & fault tolerance,not about system recovery & fault tolerance,0.8872213363647461
All updates to data files or database must be initiated from the Disputes System.,not about system recovery & fault tolerance,not about system recovery & fault tolerance,0.8971818685531616
The Disputes application must conform to the legal requirements as specified by the Merchant Operating Regulations.,not about system recovery & fault tolerance,not about system recovery & fault tolerance,0.8995271325111389
All business rules specified in the Disputes System shall be in compliance with the Merchant Operating Regulations.,not about system recovery & fault tolerance,not about system recovery & fault tolerance,0.8940747380256653
The Disputes application must conform to the legal requirements as specified by Regulation E and Regulation Z that govern credit card disputes processing.,not about system recovery & fault tolerance,not about system recovery & fault tolerance,0.8817355036735535
All business rules specified in the Disputes System shall be in compliance to the guidelines of Regulation E and Regulation Z.,not about system recovery & fault tolerance,not about system recovery & fault tolerance,0.8854039907455444
The Disputes application must maintain a detailed history of every action that a user takes on a dispute case.  This ensures a complete audit trail if questions arise later on with regard to a particular dispute case.,not about system recovery & fault tolerance,not about system recovery & fault tolerance,0.859824538230896
All actions that modify an existing dispute case must be recorded in the case history.,not about system recovery & fault tolerance,not about system recovery & fault tolerance,0.8951578140258789
The product must support Internet Explorer 5.5 and above.,not about system recovery & fault tolerance,not about system recovery & fault tolerance,0.9055981040000916
The product must support Mozilla Firefox 1.0 and above.,not about system recovery & fault tolerance,not about system recovery & fault tolerance,0.9002017974853516
The product shall interface with the Choice Parts System.  This provides the feed of recycled parts data.,not about system recovery & fault tolerance,not about system recovery & fault tolerance,0.9016660451889038
The product shall run on the existing hardware for all environments.,not about system recovery & fault tolerance,not about system recovery & fault tolerance,0.9074217677116394
The product shall adhere to the corporate Architecture guidelines,not about system recovery & fault tolerance,not about system recovery & fault tolerance,0.9126872420310974
The product shall comply with corporate User Interface Guidelines,not about system recovery & fault tolerance,not about system recovery & fault tolerance,0.9139772653579712
The product shall comply with corporate color scheme,not about system recovery & fault tolerance,not about system recovery & fault tolerance,0.9154770374298096
The appearance of the product shall appear professional,not about system recovery & fault tolerance,not about system recovery & fault tolerance,0.9191685914993286
The product shall be easy to use by Adjusters and Collision Estimators.  95% of Adjusters and Collision Estimators shall find the product easy to use.,not about system recovery & fault tolerance,not about system recovery & fault tolerance,0.8601919412612915
The product shall increase productivity of Collision Estimators. 80% of the Collision Estimators shall agree their productivity has increase within 1 month of using the product.,not about system recovery & fault tolerance,not about system recovery & fault tolerance,0.873723030090332
Users shall feel satisfied using the product.  85% of all users will be satisfied with the product.,not about system recovery & fault tolerance,not about system recovery & fault tolerance,0.8925469517707825
The product shall be easy to learn by Adjusters and Collision Estimators.  The product shall be learned with two days onsite training,not about system recovery & fault tolerance,not about system recovery & fault tolerance,0.8724515438079834
The user shall easily locate instructions while using the product.  User help can be found within 90% of the system.,not about system recovery & fault tolerance,not about system recovery & fault tolerance,0.8838356733322144
The search for recycled parts shall take no longer than 15 seconds.  The search results shall be returned in under 15 seconds.,not about system recovery & fault tolerance,not about system recovery & fault tolerance,0.8768556118011475
The search for the preferred repair facility shall take no longer than 8 seconds.  The preferred repair facility is returned within 8 seconds,not about system recovery & fault tolerance,not about system recovery & fault tolerance,0.8843418955802917
The recycled parts audit report shall be returned to the user within 10 seconds.  The audit report shall be returned within 10 seconds.,not about system recovery & fault tolerance,not about system recovery & fault tolerance,0.8701831102371216
The preferred repair facility ratings shall be saved within 5 seconds. The save shall occur within 5 seconds.,not about system recovery & fault tolerance,not about system recovery & fault tolerance,0.8820449113845825
The product shall adhere to the corporate online availability schedule.  The application is brought down only within 98% of the scheduled outages per the availability schedule.,not about system recovery & fault tolerance,not about system recovery & fault tolerance,0.8751620054244995
The product shall achieve a 98% uptime. The product shall not fail more than 2% of the available online time.,not about system recovery & fault tolerance,not about system recovery & fault tolerance,0.88384610414505
The product shall be able to handle up to 1500 simultaneous users. The system shall perform with 1500 users as a time.,not about system recovery & fault tolerance,not about system recovery & fault tolerance,0.8787762522697449
 The average number of recycled parts records per day shall be 50 000.,not about system recovery & fault tolerance,not about system recovery & fault tolerance,0.907599687576294
 The product shall be able to handle 10 000 concurrent users within 2 years of the initial launch.,not about system recovery & fault tolerance,not about system recovery & fault tolerance,0.8996078372001648
 For estimators  the product shall be able to be operated in a repair facility during dirty and noisy conditions.,not about system recovery & fault tolerance,not about system recovery & fault tolerance,0.8781000971794128
The product shall interface with the ChoiceParts system once per day at approximately 1:00 AM.,not about system recovery & fault tolerance,not about system recovery & fault tolerance,0.8944799304008484
The maintenance of the product will fall within the established corporate maintenance windows.,not about system recovery & fault tolerance,not about system recovery & fault tolerance,0.9055830240249634
The product shall be supported using the corporate support center.,not about system recovery & fault tolerance,not about system recovery & fault tolerance,0.9184901714324951
Product installations and upgrades shall be handled by the middleware technology team within established launch time frames.,not about system recovery & fault tolerance,not about system recovery & fault tolerance,0.8893182873725891
Only adjusters can request recycled parts audit reports. No users without an adjuster role shall request recycled parts audits.,not about system recovery & fault tolerance,not about system recovery & fault tolerance,0.8747267723083496
Only adjusters with a supervisor role can update preferred repair facility ratings. Users without the supervisor role cannot access the repair facility ratings.,not about system recovery & fault tolerance,not about system recovery & fault tolerance,0.8778213858604431
Only collision estimators shall search for recycled parts.  Users without the collision estimator role shall not have access to the search for recycled parts.,not about system recovery & fault tolerance,not about system recovery & fault tolerance,0.8718233704566956
Only valid data shall be entered into the system.  No invalid data shall be entered into the system.,not about system recovery & fault tolerance,not about system recovery & fault tolerance,0.8877590894699097
One insurance company shall not be able to view another insurance companys claim data.,not about system recovery & fault tolerance,not about system recovery & fault tolerance,0.8978452682495117
The product shall free of computer viruses.,not about system recovery & fault tolerance,not about system recovery & fault tolerance,0.9201259613037109
The system shall prevent malicious attacks including denial of service.,not about system recovery & fault tolerance,not about system recovery & fault tolerance,0.9314479827880859
The product must comply with Sarbanes-Oxley.,not about system recovery & fault tolerance,not about system recovery & fault tolerance,0.9111121892929077
The product shall comply with the estimatics laws relating to recycled parts usage.,not about system recovery & fault tolerance,not about system recovery & fault tolerance,0.8981277942657471
The product shall comply with insurance regulations regarding claims processing.,not about system recovery & fault tolerance,not about system recovery & fault tolerance,0.9079420566558838
 The product must work with most database management systems (DBMS) on the market  whether the DBMS is colocated with the product on the same machine or is located on a different machine on the computer network.,not about system recovery & fault tolerance,not about system recovery & fault tolerance,0.85198575258255
The product will function alongside server software on any operating system where the Java runtime can be installed.,not about system recovery & fault tolerance,not about system recovery & fault tolerance,0.900631308555603
The product will require collaboration with a database management system (DBMS).  The DBMS may be located on the same machine as the product or on a separate machine residing on the same computer network.,not about system recovery & fault tolerance,not about system recovery & fault tolerance,0.8634571433067322
 The product must make use of web/application server technology.  Open source examples include Apache web server  Tomcat  and the JBoss application server.,not about system recovery & fault tolerance,not about system recovery & fault tolerance,0.8798039555549622
 A database management system such as Oracle  DB2  MySql or HSQL will need to be integrated with the product.,not about system recovery & fault tolerance,not about system recovery & fault tolerance,0.8906499743461609
 The product’s Look and Feel shall be able to incorporate aspects of the customer’s organization such as logo  branding  and identity,not about system recovery & fault tolerance,not about system recovery & fault tolerance,0.8698979020118713
The product shall have a conservative and professional appearance.,not about system recovery & fault tolerance,not about system recovery & fault tolerance,0.9165693521499634
The product shall make the users want to use it. 80% of the users surveyed report they are regularly using the product after the first 2 weeks post-launch.,not about system recovery & fault tolerance,not about system recovery & fault tolerance,0.8667981028556824
The product shall be easy to use. 90% of users will be able to successfully reserve a conference room within 5 minutes of product use.,not about system recovery & fault tolerance,not about system recovery & fault tolerance,0.8764938116073608
The product shall give users feedback when necessary. 80% of the users surveyed report that the product accurately confirms their actions.,not about system recovery & fault tolerance,not about system recovery & fault tolerance,0.8846350312232971
The product shall allow the user to select a chosen language from one of the target market countries.,not about system recovery & fault tolerance,not about system recovery & fault tolerance,0.8935704827308655
The product shall allow for customization of start page and views preferences.,not about system recovery & fault tolerance,not about system recovery & fault tolerance,0.9031751155853271
 An employee will be able to successfully use the product within a few minutes.  After informally navigating the product for less than 15 minutes  users shall be able to successfully setup meetings and reserve conference rooms.,not about system recovery & fault tolerance,not about system recovery & fault tolerance,0.8604490756988525
The product shall use a standard navigation menu familiar to most web users.,not about system recovery & fault tolerance,not about system recovery & fault tolerance,0.9038997888565063
The product shall allow for intuitive searching of available conference rooms.,not about system recovery & fault tolerance,not about system recovery & fault tolerance,0.9047703146934509
The product shall conform to the Americans with Disabilities Act.,not about system recovery & fault tolerance,not about system recovery & fault tolerance,0.9066289663314819
The response shall be fast enough to avoid interrupting the user’s flow of thought.  90% of tasks shall complete within 5 seconds.  98% of tasks shall complete within 8 seconds.,not about system recovery & fault tolerance,not about system recovery & fault tolerance,0.8615872859954834
 Aside from server failure  the software product shall achieve 99.99% up time.,not about system recovery & fault tolerance,not about system recovery & fault tolerance,0.8952817916870117
The product shall create an exception log of problems encountered within the product for transmission to our company for analysis and resolution.,system recovery & fault tolerance,not about system recovery & fault tolerance,0.8737667202949524
 The product shall be capable of handling up to 1 000 concurrent requests.  This number will increase to 2 000 by Release 2.  The concurrency capacity must be able to handle peak scheduling times such as early morning and late afternoon hours.,not about system recovery & fault tolerance,not about system recovery & fault tolerance,0.8486167192459106
 The product shall be able to process 10 000 transactions per hour within two years of its launch.  This number will increase to 20 000 by Release 2.,not about system recovery & fault tolerance,not about system recovery & fault tolerance,0.8755651116371155
The product shall be expected to operate for at least 5 years for each customer installation.,not about system recovery & fault tolerance,not about system recovery & fault tolerance,0.890673041343689
The product shall be used in office environments.,not about system recovery & fault tolerance,not about system recovery & fault tolerance,0.9157086610794067
The product must be able to interface with any HTML browser.  The product shall transmit data between the user and the product without problems. The product shall display HTML properly in 80% of all HTML browsers tested (minimum is to test 8 browsers).,not about system recovery & fault tolerance,not about system recovery & fault tolerance,0.8452467918395996
The product must be able to interface with various database management systems. The product shall communicate successfully with the database management system on 100% of all transactions.,not about system recovery & fault tolerance,not about system recovery & fault tolerance,0.8724706768989563
The product must be able to interface with various email servers. The product shall be able to send email.,not about system recovery & fault tolerance,not about system recovery & fault tolerance,0.8807679414749146
The product shall be available for distribution via the Internet as a binary or ZIP file.,not about system recovery & fault tolerance,not about system recovery & fault tolerance,0.8912412524223328
The product shall be available for distribution as a packaged CD.,not about system recovery & fault tolerance,not about system recovery & fault tolerance,0.9061880111694336
 The product will be available for licensing as a one-server  two-five servers  or five-or-more servers license.,not about system recovery & fault tolerance,not about system recovery & fault tolerance,0.8720051646232605
A new user must be able to be added to the system within 10 minutes.  90% of new users are able to log into the system within 10 minutes.,not about system recovery & fault tolerance,not about system recovery & fault tolerance,0.871068000793457
The product must be designed using Design Patterns and coding best practices.  90% of maintenance software developers are able to integrate new functionality into the product with 2 working days.,not about system recovery & fault tolerance,not about system recovery & fault tolerance,0.8655271530151367
The product must be highly configurable for use with various database management systems for the end users.  80% of end users are able to integrate new database management systems with the product without changing the product’s software code.,not about system recovery & fault tolerance,not about system recovery & fault tolerance,0.846534252166748
Maintenance releases will be offered to customers once a year.  The releases shall take no longer than 5 minutes for 80% of the customer base to install.,not about system recovery & fault tolerance,not about system recovery & fault tolerance,0.8827637434005737
Every registered user will have access to the product’s support site via the Internet.  70% of registered users shall find a solution to their problem within 5 minutes of using the support site.,not about system recovery & fault tolerance,not about system recovery & fault tolerance,0.8609282374382019
The customer shall be able to easily integrate new building maps with the product throughout the product’s lifecycle.  Integration of new maps with the product shall be possible with little to no support from product support staff.,not about system recovery & fault tolerance,not about system recovery & fault tolerance,0.8561340570449829
 The product shall be translated into foreign languages other than the target market countries’ languages in future releases.  For each emerging target market  it shall take no more than 5 days to configure the product for that market’s language.,not about system recovery & fault tolerance,not about system recovery & fault tolerance,0.8582674264907837
 The product is expected to integrate with multiple database management systems.  The product will operate with Oracle  SQL Server  DB2  MySQL  HSQL  and MS Access.,not about system recovery & fault tolerance,not about system recovery & fault tolerance,0.8692159056663513
The product shall be able to be installed in any operating environment within 2 days.,not about system recovery & fault tolerance,not about system recovery & fault tolerance,0.9038861989974976
The product shall ensure that only company employees or external users with company-approved user IDs may have product access.  100% of all logons shall be by either company employees or external users with company-approved user IDs.,not about system recovery & fault tolerance,not about system recovery & fault tolerance,0.8506603240966797
Only managers are able to perform search queries for reservations by user.  100% of all search queries for reservations by user shall be from logons of only management logons.,not about system recovery & fault tolerance,not about system recovery & fault tolerance,0.8621265292167664
The product shall ensure that the database’s data corresponds to the data entered by the user.  Each conference room reservation in the system will contain the same information as was entered by the user.,not about system recovery & fault tolerance,not about system recovery & fault tolerance,0.8546873927116394
The product shall prevent the input of malicious data.  The product and/or adjacent hardware/software systems’ data shall remain 100% uncorrupted each time malicious data is input into the product.,not about system recovery & fault tolerance,not about system recovery & fault tolerance,0.8524368405342102
The product and/or dependent databases/filesystems shall remain operational as a result of the input of malicious data.  The product and/or dependent databases/filesystems shall not crash 100% of the time that malicious data is input into the product.,system recovery & fault tolerance,not about system recovery & fault tolerance,0.8539562225341797
The product shall have the ability to receive automatic software updates as new threats emerge.  100% of customers will be able to receive automatic software updates transmitted to the installed product.,not about system recovery & fault tolerance,not about system recovery & fault tolerance,0.862772524356842
The language of the product shall accommodate all of the target market countries. 90% of survey respondents from each target market country will find that the language of the product is acceptable.,not about system recovery & fault tolerance,not about system recovery & fault tolerance,0.8658846616744995
The product shall be able to display calendar dates and times according to the user’s locale.  90% of survey respondents from each target market country will find that the date and time formatting of the product is correct.,not about system recovery & fault tolerance,not about system recovery & fault tolerance,0.8571838140487671
The product must be developed with the J2SE/J2EE programming language libraries,not about system recovery & fault tolerance,not about system recovery & fault tolerance,0.9053277969360352
Recreation of Inventory Quantity Adjustment for the period of previous 30 days shall take no more than 30min.,not about system recovery & fault tolerance,not about system recovery & fault tolerance,0.8886440396308899
The System shall allow for a minimum of  6 users to work at the same time.,not about system recovery & fault tolerance,not about system recovery & fault tolerance,0.8952267169952393
The System shall utilize currently owned computer equipment.,not about system recovery & fault tolerance,not about system recovery & fault tolerance,0.916725218296051
The System shall be able to automatically backup business data and restore them on demand.,not about system recovery & fault tolerance,not about system recovery & fault tolerance,0.8905129432678223
The System shall maintain consistent security.  Any changes in user passwords and/or permissions should take affect in all parts of the System.,not about system recovery & fault tolerance,not about system recovery & fault tolerance,0.8739908337593079
The System shall granularly control access rights to all major subsystems.  It should be possible to assign access rights to all subsystems independently.,not about system recovery & fault tolerance,not about system recovery & fault tolerance,0.8759799003601074
The System shall meet all applicable accounting standards.  The final version of the System must successfully pass independent audit performed by a certified auditor.,not about system recovery & fault tolerance,not about system recovery & fault tolerance,0.8776883482933044
The System shall not require additional third party licenses resulting in royalty fees.,not about system recovery & fault tolerance,not about system recovery & fault tolerance,0.9129430055618286
Administrator shall be able to activate a pre-paid card via the Administration section in under 5 seconds.,not about system recovery & fault tolerance,not about system recovery & fault tolerance,0.8838093876838684
 Customer shall be able to check the status of their prepaid card  by entering in the PIN number  in under 5 seconds.,not about system recovery & fault tolerance,not about system recovery & fault tolerance,0.8865559101104736
System shall let customers register on the website as a “pay as you go” user in under 5 minutes.,not about system recovery & fault tolerance,not about system recovery & fault tolerance,0.8778897523880005
System shall let customers register on the website as a “unlimited movie subscriber” user in under 10 minutes.,not about system recovery & fault tolerance,not about system recovery & fault tolerance,0.8855822086334229
System shall let existing customers log into the website with their email address and password in under 5 seconds.,not about system recovery & fault tolerance,not about system recovery & fault tolerance,0.8911432027816772
 System shall let customers cancel their account  process shall take no longer than 2 minutes.  Database will mark the account as inactive  and user will not be able to log into the website.,not about system recovery & fault tolerance,not about system recovery & fault tolerance,0.871585488319397
System shall let administrator de-activate a customer account in under 1 minute. Customer will no longer be able to access the website.,not about system recovery & fault tolerance,not about system recovery & fault tolerance,0.8789043426513672
System shall let administrator add/remove movies on the website in under 5 minutes.  Entered movie information will be stored in the database and will now be available on the website.,not about system recovery & fault tolerance,not about system recovery & fault tolerance,0.8653618693351746
System shall let the administrator add/remove categories on the website in under 5 minutes.,not about system recovery & fault tolerance,not about system recovery & fault tolerance,0.8929015398025513
System shall let Izogn Manager access sales and usage statistics in under 2 minutes.,not about system recovery & fault tolerance,not about system recovery & fault tolerance,0.8999978303909302
System shall let administrators generate unique pre-paid pins in under 2 minutes and generate an Excel file with the generated PINs.,not about system recovery & fault tolerance,not about system recovery & fault tolerance,0.8777115941047668
The website shall be attractive to all audiences.  The website shall appear to be fun and the colors should be bright and vibrant.,not about system recovery & fault tolerance,not about system recovery & fault tolerance,0.8623975515365601
 The website should have an African feel  but should not alienate non-Africans.  The website should use animation on pages which are describing the services  to grab the users attention and encourage them to sign up.,not about system recovery & fault tolerance,not about system recovery & fault tolerance,0.8640531301498413
 The website design should be modern  clean  and concise.,not about system recovery & fault tolerance,not about system recovery & fault tolerance,0.9203543663024902
The product should be able to be used by 90% of novice users on the Internet.,not about system recovery & fault tolerance,not about system recovery & fault tolerance,0.8908836245536804
 Users should only have to navigate through a maximum of 4 pages  to create an account with the website.,not about system recovery & fault tolerance,not about system recovery & fault tolerance,0.8919121026992798
Users should be able to access their streaming movies in under 2 clicks after logging into the website.,not about system recovery & fault tolerance,not about system recovery & fault tolerance,0.8991414308547974
An anonymous survey will show that 70% of customers are comfortable purchasing streaming movies after 2 weeks using the website.,not about system recovery & fault tolerance,not about system recovery & fault tolerance,0.8941399455070496
An anonymous survey will show that 95% of customers are comfortable using and purchasing pre-paid cards after a month of using the system.,not about system recovery & fault tolerance,not about system recovery & fault tolerance,0.8870759606361389
The product shall retain the customer’s buying preferences and information.,not about system recovery & fault tolerance,not about system recovery & fault tolerance,0.9076688885688782
The product shall be easy for customers with novice skills on the  Internet to purchase and watch streaming movies.  Customers should be able to purchase and watch a pre-determined movie in under 3 minutes.,not about system recovery & fault tolerance,not about system recovery & fault tolerance,0.8461398482322693
The product shall use symbols and words that are naturally understandable by users familiar with websites,not about system recovery & fault tolerance,not about system recovery & fault tolerance,0.9064460396766663
The website will use standard Internet conventions when interacting with the user.,not about system recovery & fault tolerance,not about system recovery & fault tolerance,0.9101511240005493
 Any interface between a user and the automated system shall have a maximum response time of 5 seconds  unless noted by an exception below.,not about system recovery & fault tolerance,not about system recovery & fault tolerance,0.8798325657844543
 When purchasing a streaming movie or pre-paid card via credit card  the processing time should have a maximum response time of 15 seconds.,not about system recovery & fault tolerance,not about system recovery & fault tolerance,0.8808531165122986
 When streaming a movie  the buffering time should take no longer than 10 seconds (plus any latency on the user’s connection.),not about system recovery & fault tolerance,not about system recovery & fault tolerance,0.8893107175827026
 While streaming a movie  buffering should only occur if there is latency in the user’s connection.,not about system recovery & fault tolerance,not about system recovery & fault tolerance,0.8972451090812683
 All credit card information will be secured on the server  and only accessible by authorized Izogn administrators.  Information will be encrypted in the database.,not about system recovery & fault tolerance,not about system recovery & fault tolerance,0.8745126128196716
 The website shall be available for use 24 hours per day  365 days per year.,not about system recovery & fault tolerance,not about system recovery & fault tolerance,0.8958272337913513
The website shall achieve 99.5% up time.,not about system recovery & fault tolerance,not about system recovery & fault tolerance,0.9141342043876648
 All movies shall be streamed on demand  at any time of the day.,not about system recovery & fault tolerance,not about system recovery & fault tolerance,0.9136030673980713
The website shall continue to operate if the streaming server goes down.,system recovery & fault tolerance,not about system recovery & fault tolerance,0.9203130006790161
The website shall continue to operate if the payment gateway goes down.,system recovery & fault tolerance,not about system recovery & fault tolerance,0.9221757054328918
The streaming server will support 50 simultaneous streaming connections.,not about system recovery & fault tolerance,not about system recovery & fault tolerance,0.9201115369796753
The streaming server will support a maximum of 700 movies  new servers can be added to support more movies.,not about system recovery & fault tolerance,not about system recovery & fault tolerance,0.8906805515289307
 The server will support a maximum of 1 000 simultaneous users.,not about system recovery & fault tolerance,not about system recovery & fault tolerance,0.9156531095504761
 The website shall be capable of supporting 100 000 customers.,not about system recovery & fault tolerance,not about system recovery & fault tolerance,0.9126535058021545
The product shall be expected to operate within the maximum maintenance budget for a minimum of 2 years.,not about system recovery & fault tolerance,not about system recovery & fault tolerance,0.8895632028579712
All aspects of the website shall be accessed by a web browser over the Internet.,not about system recovery & fault tolerance,not about system recovery & fault tolerance,0.8990547060966492
The same hardware supporting the current website will be used to support the new system.,not about system recovery & fault tolerance,not about system recovery & fault tolerance,0.9080362319946289
 We must be able to interface with the following browsers: IE 5.X  6.0  Netscape 6.x  7.x  8.x and Firefox 1.0.,not about system recovery & fault tolerance,not about system recovery & fault tolerance,0.8525093793869019
Website must interface with the CyberSource API to process credit card transactions.,not about system recovery & fault tolerance,not about system recovery & fault tolerance,0.9128267765045166
Website must be fully operational with MSN TV2.,not about system recovery & fault tolerance,not about system recovery & fault tolerance,0.9205102324485779
Movies shall be encoded and streamed via Windows Media Player 9.0.,not about system recovery & fault tolerance,not about system recovery & fault tolerance,0.8929997682571411
Movies shall be encoded for 56k and 256k streams.,not about system recovery & fault tolerance,not about system recovery & fault tolerance,0.9117260575294495
Promotional updates to the website should take a day to update.,not about system recovery & fault tolerance,not about system recovery & fault tolerance,0.9072325825691223
Izogn Administrator must be able to update the category listings on the website within 2 minutes.,not about system recovery & fault tolerance,not about system recovery & fault tolerance,0.891101598739624
Izogn Administrator must be able to add new products to the website within 2 minutes.,not about system recovery & fault tolerance,not about system recovery & fault tolerance,0.896744966506958
The system will provide a 24 hour 800 toll free number for support to its customers.,not about system recovery & fault tolerance,not about system recovery & fault tolerance,0.9052220582962036
The website will provide a help section with answers and solutions to common problems.,not about system recovery & fault tolerance,not about system recovery & fault tolerance,0.9070746302604675
 Velkat staff will be available for phone support between 7am-7pm  M-F to provide technical support to the Izogn administrators.,not about system recovery & fault tolerance,not about system recovery & fault tolerance,0.8743246793746948
The product shall be able to be installed in the specified environment within 1 working day.,not about system recovery & fault tolerance,not about system recovery & fault tolerance,0.8893873691558838
Only registered customers can purchase streaming movies.,not about system recovery & fault tolerance,not about system recovery & fault tolerance,0.9108063578605652
 A customer can only stream a movie if they purchased it  and are within the 2 day viewing period.,not about system recovery & fault tolerance,not about system recovery & fault tolerance,0.8963132500648499
Only authorized personnel can access customer records in the database.,not about system recovery & fault tolerance,not about system recovery & fault tolerance,0.9204412698745728
Only administrators can activate a pre-paid card.,not about system recovery & fault tolerance,not about system recovery & fault tolerance,0.9091255068778992
Only authorized personnel can access sales information.,not about system recovery & fault tolerance,not about system recovery & fault tolerance,0.9199445247650146
The website shall prevent its data from being corrupted when incorrect data is entered in.,not about system recovery & fault tolerance,not about system recovery & fault tolerance,0.8999281525611877
 The website shall protect itself from intentional abuse  and notify the administrator at all occurrences.,not about system recovery & fault tolerance,not about system recovery & fault tolerance,0.9000793695449829
Data integrity scripts will be run on a weekly basis to verify the integrity of the database.,not about system recovery & fault tolerance,not about system recovery & fault tolerance,0.887957751750946
 The website shall make its user aware of its information practices before collection data from them via a Privacy Policy  accessible on all pages of the website.,not about system recovery & fault tolerance,not about system recovery & fault tolerance,0.8818091154098511
The system shall notify customers of changes to its information policy.,not about system recovery & fault tolerance,not about system recovery & fault tolerance,0.9130314588546753
The system shall reveal private information only in compliance with the organization’s information policy.,not about system recovery & fault tolerance,not about system recovery & fault tolerance,0.8928749561309814
 All customer information will be stored on a secure database  accessible only to authorized personnel.,not about system recovery & fault tolerance,not about system recovery & fault tolerance,0.9025218486785889
All credit card information will be encrypted in the database.,not about system recovery & fault tolerance,not about system recovery & fault tolerance,0.915924608707428
The streaming server will have anti-virus software to prevent infection of malicious viruses.,not about system recovery & fault tolerance,not about system recovery & fault tolerance,0.9040848016738892
The website should cater to all tribes in Nigeria.,not about system recovery & fault tolerance,not about system recovery & fault tolerance,0.9098469614982605
The website shall not be offensive to religious or ethnic groups.,not about system recovery & fault tolerance,not about system recovery & fault tolerance,0.9194628596305847
 The website should appeal to all Africans  not only Nigerians.,not about system recovery & fault tolerance,not about system recovery & fault tolerance,0.9230427742004395
The website should use Flash to provide animation on the home page.,not about system recovery & fault tolerance,not about system recovery & fault tolerance,0.9105072617530823
IzognMovies shall meet the licensing requirements set forth by the appropriate organizations in order to stream African movies.,not about system recovery & fault tolerance,not about system recovery & fault tolerance,0.8868110775947571
The website will comply with W3C standards.,not about system recovery & fault tolerance,not about system recovery & fault tolerance,0.9196400046348572
The PHP code will comply with PEAR standards.,not about system recovery & fault tolerance,not about system recovery & fault tolerance,0.9216834902763367
Total lead cycle time must be completed in 5 minutes for 90% of lead volume between the business hours of 8AM CST to 8PM CST  then 3 minutes for 99% of lead volume during off business hours.,not about system recovery & fault tolerance,not about system recovery & fault tolerance,0.8567562103271484
No lead evaluation will complete in a time period longer than 25 seconds for 97% of all leads processed.,not about system recovery & fault tolerance,not about system recovery & fault tolerance,0.8985382318496704
For leads that process longer than 25 seconds the system will record the event and duration,not about system recovery & fault tolerance,not about system recovery & fault tolerance,0.9107487201690674
The process must fit within the processing time conditions set forth by the Auto Rep Assignment process in which a lead is assigned within 3 minutes of the total life cycle.,not about system recovery & fault tolerance,not about system recovery & fault tolerance,0.8709150552749634
The lead washing process will operate within the established physical web service structure.,not about system recovery & fault tolerance,not about system recovery & fault tolerance,0.9112579822540283
 The washing process must use a non binding  neutral data format  such as xml  when receiving and processing lead data.,not about system recovery & fault tolerance,not about system recovery & fault tolerance,0.8823391199111938
Defect reports will be available to technical units on a 24x7 basis.,not about system recovery & fault tolerance,not about system recovery & fault tolerance,0.9058634638786316
Washing parameters will be updated during scheduled maintenance hours.,not about system recovery & fault tolerance,not about system recovery & fault tolerance,0.9188064932823181
The product shall simulate the look of ships at sea.,not about system recovery & fault tolerance,not about system recovery & fault tolerance,0.9087625741958618
The product shall display the grids within a circle as a view from a periscope.,not about system recovery & fault tolerance,not about system recovery & fault tolerance,0.8934206962585449
The product shall display each type of ship in a grid using an image of the specific type of ship.,not about system recovery & fault tolerance,not about system recovery & fault tolerance,0.8869550228118896
 When the offensive player takes a shot  the product shall simulate the sound of a ship at sea.,not about system recovery & fault tolerance,not about system recovery & fault tolerance,0.8825821280479431
 When a shot is marked as a miss  the product shall simulate the sound of a shot missing its target.,not about system recovery & fault tolerance,not about system recovery & fault tolerance,0.8798180818557739
 When a shot is marked as a hit  the product shall simulate the sound of a shot hitting its target.,not about system recovery & fault tolerance,not about system recovery & fault tolerance,0.8787195086479187
 When a ship is sunk  the product shall simulate the sound of a sinking ship.,not about system recovery & fault tolerance,not about system recovery & fault tolerance,0.8909569382667542
 The product shall be available 24 hours per day  seven days per week.,not about system recovery & fault tolerance,not about system recovery & fault tolerance,0.9045293927192688
The product shall able to handle a large number of games simultaneously.,not about system recovery & fault tolerance,not about system recovery & fault tolerance,0.9160314798355103
The response time shall be fast enough to maintain the flow of the game.  The response time shall be no more than 2 seconds for 95% of responses and no more than 4% for the remaining responses.,not about system recovery & fault tolerance,not about system recovery & fault tolerance,0.8619197607040405
The product shall protect the identity of the players. The product shall provide players no access to information that might reveal the identity of another player.,not about system recovery & fault tolerance,not about system recovery & fault tolerance,0.8722493648529053
The product shall be intuitive and self-explanatory.  Nine out ten users shall be able to successfully complete a game with no training.,not about system recovery & fault tolerance,not about system recovery & fault tolerance,0.8707336783409119
 The product shall be available to players who understand English  Spanish and French.  The product shall allow the user to select the language upon accessing the product.,not about system recovery & fault tolerance,not about system recovery & fault tolerance,0.8658324480056763
The product shall provide players no access to information that might reveal the identity of another player,not about system recovery & fault tolerance,not about system recovery & fault tolerance,0.8918605446815491
The response time shall be fast enough to maintain the flow of the game. The response time shall be no more than 2 seconds for 95% of responses and no more than 4% for the remaining responses.,not about system recovery & fault tolerance,not about system recovery & fault tolerance,0.8619197607040405
The system shall be easy to use by callers and supervisors. Callers and supervisors must be able to accomplish any system task within 2 minutes.,not about system recovery & fault tolerance,not about system recovery & fault tolerance,0.8745447993278503
The system shall be easy to learn by callers and supervisors. Callers and supervisors shall learn how to use the system within 10 minutes.,not about system recovery & fault tolerance,not about system recovery & fault tolerance,0.8729102611541748
 The system shall be responsive. At the DePaul TeleServices Center  when a supervisor uses the system to view a callers schedule  the system response time must be no more than 2 seconds 90% of the time and no more than 5 seconds the rest of the time.,not about system recovery & fault tolerance,not about system recovery & fault tolerance,0.8537104725837708
 On a 56k connection  the system response time for all operations must be no more than 6 seconds 90% of the time.,not about system recovery & fault tolerance,not about system recovery & fault tolerance,0.890861988067627
 On a 112k connection or faster  the system response time for all operations must be no more than 3 seconds 90% of the time.,not about system recovery & fault tolerance,not about system recovery & fault tolerance,0.8859949111938477
The system shall have high availability every day of the year.The system must be available for use between 12:00AM and 6:00PM all days of the year.,not about system recovery & fault tolerance,not about system recovery & fault tolerance,0.870564341545105
The system must be available for use between 7:00AM and 11:59PM all days of the year.,not about system recovery & fault tolerance,not about system recovery & fault tolerance,0.891433835029602
The product shall be internet browser independent.The product must run using Internet Explorer and Netscape Navigator.,not about system recovery & fault tolerance,not about system recovery & fault tolerance,0.8861825466156006
The product shall ensure that only supervisors can advertise empty time slots.The product must ensure that supervisors are allowed to access advertise empty time slots.,not about system recovery & fault tolerance,not about system recovery & fault tolerance,0.8608470559120178
The product shall ensure that only supervisors can enter a caller’s schedule.The product must ensure that supervisors are allowed to access advertise empty time slots.,not about system recovery & fault tolerance,not about system recovery & fault tolerance,0.8619155883789062
The product shall ensure that only supervisors can view schedule of all callers.The product must ensure that supervisors are allowed to access advertise empty time slots.,not about system recovery & fault tolerance,not about system recovery & fault tolerance,0.866980791091919
 The interface shall have a simple look. In the interface and usability survey  90% of beta testers must report that the interface is adequately simple.,not about system recovery & fault tolerance,not about system recovery & fault tolerance,0.8801753520965576
 The interface shall be appealing to callers and supervisors. In the interface and usability survey  80% of beta testers must report that the interface is appealing.,not about system recovery & fault tolerance,not about system recovery & fault tolerance,0.8835623264312744
The product shall provide GUI based Monitoring Services.System Administrators shall monitor message exchanges will predict and determine problems and will also provide internal and external support.,not about system recovery & fault tolerance,not about system recovery & fault tolerance,0.8660787343978882
The product shall comply with City of Chicago Application Development Guide Framework.Application Development Framework will provide structured Graphical User Interface.,not about system recovery & fault tolerance,not about system recovery & fault tolerance,0.8726430535316467
The product shall provide Monitoring Services.The product shall be easy for System Administrators and DBAs to use after two weeks of usage.,not about system recovery & fault tolerance,not about system recovery & fault tolerance,0.8738394975662231
The product shall provide Error Tracking Services.The product shall help the System Administrators and DBAs to resolve transaction errors 99% of the time.,not about system recovery & fault tolerance,not about system recovery & fault tolerance,0.876813530921936
The product shall provide Portals.The product shall help System Administrators to analyze the transactions with ad-hoc reporting and KPIs (Key Performance Indicators),not about system recovery & fault tolerance,not about system recovery & fault tolerance,0.859232485294342
The product shall provide Asynchronous Messaging.The product shall provide asynchronous messaging to enable parallel processing and reduce the overhead in communications,not about system recovery & fault tolerance,not about system recovery & fault tolerance,0.8746054768562317
The product shall provide Multi-threading and Load Balancing.The product shall provide multi-threading technology as well as load balancing to overcome data load spikes and traffic.,not about system recovery & fault tolerance,not about system recovery & fault tolerance,0.8570276498794556
The product shall process messages within 2 seconds.The product shall have a maximum message processing time of 2 seconds,not about system recovery & fault tolerance,not about system recovery & fault tolerance,0.8889651298522949
The product shall poll the system for messages every second.The product shall poll the system for new messages at a maximum of every 1 second.,not about system recovery & fault tolerance,not about system recovery & fault tolerance,0.8676347732543945
The product shall provide Dynamic Change Support and Transparent resource addition.The product shall support Transparent Resource addition and Dynamic Change support to provide scalability and avoid service interruptions of more than 1 day.,not about system recovery & fault tolerance,not about system recovery & fault tolerance,0.8540887236595154
The product shall be available 99% of the time. Rationale: To avoid service interruption during busiest customer service response periods. The product shall be available 99.99% of the time for regular business days.,not about system recovery & fault tolerance,not about system recovery & fault tolerance,0.8617600202560425
The product shall be robust.The product shall have fault avoidance based on standards adoption.,system recovery & fault tolerance,not about system recovery & fault tolerance,0.8848332762718201
The product shall be robust with fault tolerance.The product shall have fault tolerance by using recovery technique compensatory transaction and routing around failures.,system recovery & fault tolerance,not about system recovery & fault tolerance,0.8876996040344238
The product shall be able to process all transactions.The product shall process minimum of 1 million transactions per year.,not about system recovery & fault tolerance,not about system recovery & fault tolerance,0.8696374893188477
The product shall be platform independent.The product shall enable access to any type of development environment and platform.,not about system recovery & fault tolerance,not about system recovery & fault tolerance,0.8720943927764893
The product shall interface CSR and Datastream.The product shall exchange messages between CSR and EAM on a real time basis without any direct interfaces between two systems.,not about system recovery & fault tolerance,not about system recovery & fault tolerance,0.8643196225166321
 : The product shall continue to operate during upgrade  change or new resource addition.The product shall be able to continue to operate with no interruption in service due to new resource additions.,not about system recovery & fault tolerance,not about system recovery & fault tolerance,0.8655081987380981
The product shall be updated on a regular basis.The product will have a new major feature introduced every six months and quarterly maintenance releases every six months.,not about system recovery & fault tolerance,not about system recovery & fault tolerance,0.8680062294006348
The product shall operate with every platform.The product shall accommodate any new technology without any change in its architecture.,not about system recovery & fault tolerance,not about system recovery & fault tolerance,0.8812409043312073
 The product shall have security.The product shall provide authentication  and authorization.,not about system recovery & fault tolerance,not about system recovery & fault tolerance,0.8925275802612305
The product shall information Security. The product shall enable privacy by encryption WS-Security and Integrity Checking.,not about system recovery & fault tolerance,not about system recovery & fault tolerance,0.8870202898979187
The product shall have audit capabilities.The product shall store messages for a minimum of one year for audit and transaction tracking purposes.,not about system recovery & fault tolerance,not about system recovery & fault tolerance,0.8670189380645752
The system shall use IBM and CCR branding standards. The interface must have one IBM logo and one CCR logo.,not about system recovery & fault tolerance,not about system recovery & fault tolerance,0.8718801140785217
The system shall be displayable on any work computer a CCR user may have. The system interface shall be formatted to display at 800 by 600 pixel resolution.,not about system recovery & fault tolerance,not about system recovery & fault tolerance,0.8821245431900024
The system interface will use CCR nomenclature. The system must use the same nomenclature used in the existing WCS system and reports,not about system recovery & fault tolerance,not about system recovery & fault tolerance,0.8904799222946167
The interface must summarize the data in a fashion that’s appealing to CCR management. Every report type must have at least one high level summary shown in the results dashboard/interface,not about system recovery & fault tolerance,not about system recovery & fault tolerance,0.8610110282897949
The system must use a point and click interface. 100% of all selection and navigation functionality must be able to be activated/selected by either a mouse or a keyboard,not about system recovery & fault tolerance,not about system recovery & fault tolerance,0.871321976184845
The interface shall be easy to use. 90% of users should be able to successfully use the system to generate a report on their first use. The interface should adhere to IBM usability standards.,not about system recovery & fault tolerance,not about system recovery & fault tolerance,0.8635963201522827
Rreports must be easy to generate. eports must be generated within one button click and exported within one button click (after selecting the report),not about system recovery & fault tolerance,not about system recovery & fault tolerance,0.876558780670166
A user shall be able to use the system without instruction after a short amount of time. After one use a user should understand and remember 90% of the system usage and navigation.,not about system recovery & fault tolerance,not about system recovery & fault tolerance,0.8664574027061462
All CCR users shall receive training before the WCS system is deployed. One training session will be held for 100% of CCR users before system deployment (based on a CCR user being available),not about system recovery & fault tolerance,not about system recovery & fault tolerance,0.8649101853370667
The WCS system shall use appropriate nomenclature and terminology as defined by the Corporate Community Grants organization. All interfaces and reports will undergo usability tests by CCR users.,not about system recovery & fault tolerance,not about system recovery & fault tolerance,0.8805497884750366
The WCS system shall be available at all times as long as IBM’s internal intranet W3 is accessible. The WCS system will be available 95% of the time IBM’s internal intranet W3 is available.,not about system recovery & fault tolerance,not about system recovery & fault tolerance,0.8593288660049438
The WCS system shall have the ability to connect other designated WCS databases currently not included in the system.,not about system recovery & fault tolerance,not about system recovery & fault tolerance,0.8988914489746094
The WCS system shall have the ability to include data for regions outside the United States and be accessed by users outside of the United States if approved by CCR management.,not about system recovery & fault tolerance,not about system recovery & fault tolerance,0.87173992395401
The WCS system shall be run in a Windows environment. The WCS shall be accessed by users through the Internet on an IBM computer running a Windows 2000 or above operating system.,not about system recovery & fault tolerance,not about system recovery & fault tolerance,0.8670097589492798
The Brio portion of the WCS system must be able to export files in spreadsheet form (Microsoft Excel and Lotus 1-2-3 formats).  Brio will provide buttons in the user interface that produce/export reports in .xls or .123 file formats.,not about system recovery & fault tolerance,not about system recovery & fault tolerance,0.8468913435935974
The WCS system must run queries to the WCS databases once again (on a specified day) to update the available data available to CCR users. Queries must be made to external databases for data refresh once a week.,not about system recovery & fault tolerance,not about system recovery & fault tolerance,0.8537087440490723
 All changes  updates  and additions to the WCS system shall be updated in the WCS Developer and WCS User Guides. Every change must be reflected in WCS system documentation,not about system recovery & fault tolerance,not about system recovery & fault tolerance,0.8569090366363525
The system shall only be accessed by authorized Corporate Community Grants (CCR) employees. Users must be authenticated using their IBM intranet user name and password.,not about system recovery & fault tolerance,not about system recovery & fault tolerance,0.8755216002464294
The WCS system shall not allow automatic logins by any user. Cookies containing WCS login information about a user will not be stored on a user’s computer.,not about system recovery & fault tolerance,not about system recovery & fault tolerance,0.8805587291717529
Each team owner will need to use a username and password in order to be authenticated to reach the team owner’s page,not about system recovery & fault tolerance,not about system recovery & fault tolerance,0.8667404055595398
The Commissioner will be the only authorized user per league to adjust league settings.,not about system recovery & fault tolerance,not about system recovery & fault tolerance,0.9020040035247803
Each page shall contain a navigation menu which shows the index into which the current page is contained.,not about system recovery & fault tolerance,not about system recovery & fault tolerance,0.8907835483551025
Each page shall contain a similar format with action items in one location and navigation buttons in a different location.,not about system recovery & fault tolerance,not about system recovery & fault tolerance,0.8768510818481445
The message board shall contain the 5 most recently posted messages on the league page. The messages will contain up to the first 150 characters of the message.,not about system recovery & fault tolerance,not about system recovery & fault tolerance,0.8763135671615601
;A new user shall be able to navigate through the league and team pages within 30 seconds of reaching the start-up page.,not about system recovery & fault tolerance,not about system recovery & fault tolerance,0.8844075202941895
Users shall be able to reach the ‘add’  ‘drop’  and ‘trade player’ pages with one click from the team owner’s page.,not about system recovery & fault tolerance,not about system recovery & fault tolerance,0.869114339351654
;Users shall be able to view at least 25 NFL player statistics and points on each page.,not about system recovery & fault tolerance,not about system recovery & fault tolerance,0.8844995498657227
The application shall ask the user to confirm dropping a player or trading a player before performing the action.,not about system recovery & fault tolerance,not about system recovery & fault tolerance,0.8841074705123901
The application shall be able to complete every user transaction within one fourth of a second of receiving the request over the network.,not about system recovery & fault tolerance,not about system recovery & fault tolerance,0.8823285698890686
The application shall have a downtime of at most 10 minutes per year.,not about system recovery & fault tolerance,not about system recovery & fault tolerance,0.8973480463027954
The application shall run on a web application server.,not about system recovery & fault tolerance,not about system recovery & fault tolerance,0.9129589796066284
A primary database will be used to store cached data for active users.,not about system recovery & fault tolerance,not about system recovery & fault tolerance,0.9093883633613586
A secondary database will be used to store historical statistics and data.,not about system recovery & fault tolerance,not about system recovery & fault tolerance,0.9086820483207703
Application updates shall occur between 3AM and 6 AM CST on Wednesday morning during the middle of the NFL season.,not about system recovery & fault tolerance,not about system recovery & fault tolerance,0.8848905563354492
New System version releases shall be released at the beginning of each NFL season.,not about system recovery & fault tolerance,not about system recovery & fault tolerance,0.9055315256118774
The RFS system should be available 24/7  especially during the budgeting period. The RFS system shall be available 90% of the time all year  and 98% during the budgeting period. 2% of the time  the system will become available within 1 hour of the time that the situation is reported.,not about system recovery & fault tolerance,not about system recovery & fault tolerance,0.8411810398101807
98% of the user workstations shall meet the minimum hardware requirements prior to implementation. Minimum Hard Disk Space:  400MB.,not about system recovery & fault tolerance,not about system recovery & fault tolerance,0.8865498304367065
98% of the user workstations shall meet the minimum software requirements prior to implementation: Microsoft Internet Explorer 5.0. Microsoft .NET Framework 1.1. Microsoft Internet Explorer Web Controls,not about system recovery & fault tolerance,not about system recovery & fault tolerance,0.8529796004295349
The RFS system should be able to easily interface with the BDW environment  in order to load the data. •;7 data files shall be received from the BDW and loaded into the RFS system within 3 hours one day prior to the start of budgeting process  every year. The data will be as of October month-end. ;Test files (7) shall be loaded up to 5 times throughout the year  from the BDW.,not about system recovery & fault tolerance,not about system recovery & fault tolerance,0.8313513994216919
Changes to revenue and expense formulae must be applied to the RFS system  every year  prior to the budgeting process start. Revenue and expense formulae will be updated within one week of their receipt  after which 2 weeks will be allotted to testing of the budget calculations  to be conducted jointly by the project development team and PCG Finance.,not about system recovery & fault tolerance,not about system recovery & fault tolerance,0.8395586013793945
New branches/complexes/districts/regions and revenue/expense accounts added to the BDW  must be reflected in the RFS system. 100% of the entities (mentioned above) available as of October month-end  will be loaded into the RFS system  prior to the budget start process.,not about system recovery & fault tolerance,not about system recovery & fault tolerance,0.8448848128318787
Only authorized user shall access the RFS system. ONLY users that exist in the UAS system  with the RFS system assigned to their role(s)  shall access the RFS system and use it.,not about system recovery & fault tolerance,not about system recovery & fault tolerance,0.8468993306159973
;User access should be limited to the permissions granted to their role(s) Each level in the PCG hierarchy will be assigned a role and users will be assigned to these roles. Access to functionality within RFS system is dependent on the privileges/permission assigned to the role..,not about system recovery & fault tolerance,not about system recovery & fault tolerance,0.8443874716758728
The product must comply with the intranet page standards and requirements of ENET Securities. 95% of the product look & feel will be approved by the Architecture group  prior to implementation. The remaining 5% will be corrected and approved within one month of product release.,not about system recovery & fault tolerance,not about system recovery & fault tolerance,0.850390613079071
 The intranet pages should display appropriately in all resolutions  from 800x600 and higher. The display of all the pages will be correct in 95% of the resolutions  prior to implementation. The remaining 5% will be corrected within a week of notification of the incorrect display.,not about system recovery & fault tolerance,not about system recovery & fault tolerance,0.8597354292869568
The users should be able to easily use the system to successfully complete their budgets  within the stipulated time for completion. With a week of training prior to product implementation  98% of the users shall complete their budgets within the stipulated time.,not about system recovery & fault tolerance,not about system recovery & fault tolerance,0.8573827743530273
The product interface should be fast. The response time of the product interface should not exceed 2 seconds 90% of the time. For 10% of the time  the response time should not be more than 10 seconds.not be more than 10 seconds.,not about system recovery & fault tolerance,not about system recovery & fault tolerance,0.8543916940689087
