,precision,recall,f1-score,support
"tolerance, failure, tolerant, byzantine, deadlock, exploiting, reliability, isolation, fault, guarantee, dependable, countermeasure, resilience, defensive, corruption, weakness, malfunction, robustness, or stability",0.05263157894736842,0.1,0.06896551724137931,10.0
"usability, security, operational, performance, look & feel, legal, maintainability, scalability, availability, or portability",0.9743589743589743,0.95,0.9620253164556962,360.0
accuracy,0.927027027027027,0.927027027027027,0.927027027027027,0.927027027027027
macro avg,0.5134952766531714,0.525,0.5154954168485377,370.0
weighted avg,0.9494474231316337,0.927027027027027,0.9378885651255796,370.0
