,precision,recall,f1-score,support
"tolerance, failure, tolerant, byzantine, deadlock, exploiting, reliability, isolation, fault, guarantee, or dependable",0.9834710743801653,0.33055555555555555,0.49480249480249483,360.0
"not bout tolerance, failure, tolerant, byzantine, deadlock, exploiting, reliability, isolation, fault, guarantee, or dependable",0.0321285140562249,0.8,0.06177606177606177,10.0
accuracy,0.34324324324324323,0.34324324324324323,0.34324324324324323,0.34324324324324323
macro avg,0.5077997942181951,0.5652777777777778,0.2782892782892783,370.0
weighted avg,0.9577591132903291,0.34324324324324323,0.4830990776936723,370.0
