Requirement text,Gold label,Predicated label,ZSL score
The system shall refresh the display every 60 seconds.,"not about flexibility, workload, efficiency, or optimize","flexibility, workload, efficiency, or optimize",0.7044714689254761
The application shall match the color of the schema set forth by Department of Homeland Security,"not about flexibility, workload, efficiency, or optimize","not about flexibility, workload, efficiency, or optimize",0.6151935458183289
 If projected  the data must be readable.  On a 10x10 projection screen  90% of viewers must be able to read Event / Activity data from a viewing distance of 30,"not about flexibility, workload, efficiency, or optimize","not about flexibility, workload, efficiency, or optimize",0.5217555165290833
 The product shall be available during normal business hours. As long as the user has access to the client PC  the system will be available 99% of the time during the first six months of operation.,"not about flexibility, workload, efficiency, or optimize","not about flexibility, workload, efficiency, or optimize",0.5037137866020203
 If projected  the data must be understandable. On a 10x10 projection screen  90% of viewers must be able to determine that Events or Activities are occuring in current time from a viewing distance of 100,"not about flexibility, workload, efficiency, or optimize","not about flexibility, workload, efficiency, or optimize",0.5057823657989502
The product shall ensure that it can only be accessed by authorized users.  The product will be able to distinguish between authorized and unauthorized users in all access attempts,"not about flexibility, workload, efficiency, or optimize","not about flexibility, workload, efficiency, or optimize",0.560427188873291
The product shall be intuitive and self-explanatory.  :  90% of new users shall be able to start the display of Events or Activities within 90 minutes of using the product.,"not about flexibility, workload, efficiency, or optimize","not about flexibility, workload, efficiency, or optimize",0.48349088430404663
The product shall respond fast to keep up-to-date data in the display.,"not about flexibility, workload, efficiency, or optimize","not about flexibility, workload, efficiency, or optimize",0.6551308631896973
The look and feel of the system shall conform to the user interface standards of the smart device.,"not about flexibility, workload, efficiency, or optimize","not about flexibility, workload, efficiency, or optimize",0.5690072774887085
 The user interface shall have standard menus  buttons for navigation,"not about flexibility, workload, efficiency, or optimize","flexibility, workload, efficiency, or optimize",0.6335049271583557
The system shall have a professional appearance,"not about flexibility, workload, efficiency, or optimize","flexibility, workload, efficiency, or optimize",0.6483662128448486
The product shall have a consistent color scheme and fonts.,"not about flexibility, workload, efficiency, or optimize","flexibility, workload, efficiency, or optimize",0.6173047423362732
The system shall be used by realtors with no training.,"not about flexibility, workload, efficiency, or optimize","flexibility, workload, efficiency, or optimize",0.667260468006134
The system shall be intuitive and self explanatory.,"not about flexibility, workload, efficiency, or optimize","flexibility, workload, efficiency, or optimize",0.6655904054641724
The product shall be easy for a realtor to learn.,"not about flexibility, workload, efficiency, or optimize","not about flexibility, workload, efficiency, or optimize",0.6268907785415649
The product shall use symbols and words that are naturally understandable by the realtor community.,"not about flexibility, workload, efficiency, or optimize","not about flexibility, workload, efficiency, or optimize",0.6182498931884766
The product shall produce search results in an acceptable time,"not about flexibility, workload, efficiency, or optimize","flexibility, workload, efficiency, or optimize",0.6662948727607727
The search results shall be returned no later 30      seconds  after the user has entered the search criteria,"not about flexibility, workload, efficiency, or optimize","not about flexibility, workload, efficiency, or optimize",0.5552351474761963
The product shall generate a CMA report in an acceptable time.,"not about flexibility, workload, efficiency, or optimize","flexibility, workload, efficiency, or optimize",0.6751157641410828
The CMA report shall be returned no later 60 seconds after the user has entered the CMA report criteria.,"not about flexibility, workload, efficiency, or optimize","not about flexibility, workload, efficiency, or optimize",0.5965802669525146
The product shall synchronize contacts and appointments in an acceptable time.,"not about flexibility, workload, efficiency, or optimize","flexibility, workload, efficiency, or optimize",0.6886065602302551
The product shall synchronize with the office system every hour.,"not about flexibility, workload, efficiency, or optimize","flexibility, workload, efficiency, or optimize",0.6851630210876465
 The product shall be available for use 24 hours per day  365 days  per year,"not about flexibility, workload, efficiency, or optimize","not about flexibility, workload, efficiency, or optimize",0.7129448056221008
 Out of 1000 accesses to the system  the system is available 999 times.,"not about flexibility, workload, efficiency, or optimize","not about flexibility, workload, efficiency, or optimize",0.5885652899742126
The product shall operate in offline mode whenever internet connection is unavailable.,"not about flexibility, workload, efficiency, or optimize","not about flexibility, workload, efficiency, or optimize",0.6491904258728027
 The product shall allow the user to view previously downloaded search results  CMA reports  and appointments.,"not about flexibility, workload, efficiency, or optimize","not about flexibility, workload, efficiency, or optimize",0.6132160425186157
The product shall retain user preferences in the event of a failure.,"not about flexibility, workload, efficiency, or optimize","not about flexibility, workload, efficiency, or optimize",0.6753097772598267
100% of saved user preferences shall be restored when system comes back online.,"not about flexibility, workload, efficiency, or optimize","not about flexibility, workload, efficiency, or optimize",0.6658174395561218
The product shall be able to support multiple remote users,"flexibility, workload, efficiency, or optimize","flexibility, workload, efficiency, or optimize",0.6115449666976929
The product shall be able support 1000 simultaneous users.,"flexibility, workload, efficiency, or optimize","flexibility, workload, efficiency, or optimize",0.6847909688949585
The product shall be capable of handling the existing 1000 users. This number is expected to grow 5 times within the next year.,"flexibility, workload, efficiency, or optimize","not about flexibility, workload, efficiency, or optimize",0.5641478896141052
The product shall be installed by an untrained realtor   without recourse to separately-printed instructions.,"not about flexibility, workload, efficiency, or optimize","not about flexibility, workload, efficiency, or optimize",0.6161875128746033
90% of untrained realtors shall be able to install the product on their device without printed instructions,"not about flexibility, workload, efficiency, or optimize","not about flexibility, workload, efficiency, or optimize",0.6046659350395203
The product is expected to run on Windows CE and Palm operating systems.,"not about flexibility, workload, efficiency, or optimize","not about flexibility, workload, efficiency, or optimize",0.6331206560134888
Only registered realtors shall be able to access the system.,"not about flexibility, workload, efficiency, or optimize","flexibility, workload, efficiency, or optimize",0.5947375893592834
Every user of the system shall be authenticated and authorized.,"not about flexibility, workload, efficiency, or optimize","not about flexibility, workload, efficiency, or optimize",0.6448169946670532
The product shall prevent its data from incorrect data being introduced.,"not about flexibility, workload, efficiency, or optimize","flexibility, workload, efficiency, or optimize",0.667364239692688
The system shall be easy to use by the Program Administrators/Nursing Staff Members.,"not about flexibility, workload, efficiency, or optimize","not about flexibility, workload, efficiency, or optimize",0.6208050847053528
All of the users shall be able to use the system after one day of training.,"not about flexibility, workload, efficiency, or optimize","not about flexibility, workload, efficiency, or optimize",0.5334253311157227
The system shall help the user avoid making mistakes while scheduling classes and clinicals for the nursing students.,"not about flexibility, workload, efficiency, or optimize","not about flexibility, workload, efficiency, or optimize",0.6284835338592529
The number of mistakes noted by the students shall be decreased by 50% in the first year.,"not about flexibility, workload, efficiency, or optimize","not about flexibility, workload, efficiency, or optimize",0.6008543372154236
The system shall be intuitive to the Program Administrators/Nursing Staff Members.,"not about flexibility, workload, efficiency, or optimize","not about flexibility, workload, efficiency, or optimize",0.6377264261245728
2 out of 3 Program Administrators/Nursing Staff Members shall successfully be able to use the system to manage the scheduling of classes and clinicals.,"not about flexibility, workload, efficiency, or optimize","not about flexibility, workload, efficiency, or optimize",0.5112326741218567
The system shall use symbols and words that are naturally understandable by the user community.,"not about flexibility, workload, efficiency, or optimize","not about flexibility, workload, efficiency, or optimize",0.6166853904724121
The verbiage used within the system shall be consistent with Standard English and the terminology of the national Nursing Community.,"not about flexibility, workload, efficiency, or optimize","not about flexibility, workload, efficiency, or optimize",0.5530828237533569
Staff members shall be able to complete a set of tasks in a timely manner.,"not about flexibility, workload, efficiency, or optimize","not about flexibility, workload, efficiency, or optimize",0.6001919507980347
The response time of general student management tasks shall take no longer than 5 seconds and the response time of schedule generation shall take no longer than 30 seconds.,"not about flexibility, workload, efficiency, or optimize","not about flexibility, workload, efficiency, or optimize",0.525957465171814
The system shall be available for use between the hours of 8am and 6pm.,"not about flexibility, workload, efficiency, or optimize","not about flexibility, workload, efficiency, or optimize",0.6228784322738647
The system shall achieve 95% up time.,"not about flexibility, workload, efficiency, or optimize","flexibility, workload, efficiency, or optimize",0.6894627809524536
system shall be able to handle all of the user requests/usage during business hours.,"flexibility, workload, efficiency, or optimize","not about flexibility, workload, efficiency, or optimize",0.6707534193992615
The system shall cater to 10 simultaneous users from 9am to 5pm.,"flexibility, workload, efficiency, or optimize","not about flexibility, workload, efficiency, or optimize",0.6096576452255249
The system shall be capable of processing 100% of nursing students and their classes for the next 10 years.,"flexibility, workload, efficiency, or optimize","not about flexibility, workload, efficiency, or optimize",0.6045761108398438
The system shall be expected to manage the nursing program curriculum and class/clinical scheduling for a minimum of 5 years.,"flexibility, workload, efficiency, or optimize","not about flexibility, workload, efficiency, or optimize",0.5532774925231934
The system shall able to operate within a business office environment typical of the Nursing Department at DePaul University.,"not about flexibility, workload, efficiency, or optimize","not about flexibility, workload, efficiency, or optimize",0.5705682039260864
The system shall be used within the specifications defined by the computers used by the Program Administrators/Nursing Staff Members.,"not about flexibility, workload, efficiency, or optimize","not about flexibility, workload, efficiency, or optimize",0.5798380970954895
The system shall operate within the Windows XP Professional operating system.,"not about flexibility, workload, efficiency, or optimize","flexibility, workload, efficiency, or optimize",0.6733717322349548
The system shall interface with CampusConnect’s central server,"not about flexibility, workload, efficiency, or optimize","flexibility, workload, efficiency, or optimize",0.7095671892166138
The system shall interface with the faculty central server.,"not about flexibility, workload, efficiency, or optimize","flexibility, workload, efficiency, or optimize",0.7126756310462952
The system shall interface with the student master server.,"not about flexibility, workload, efficiency, or optimize","flexibility, workload, efficiency, or optimize",0.6996967792510986
We must be able to interface with any HTML browser.,"not about flexibility, workload, efficiency, or optimize","not about flexibility, workload, efficiency, or optimize",0.5904384851455688
Only authorized users shall have access to clinical site information.,"not about flexibility, workload, efficiency, or optimize","flexibility, workload, efficiency, or optimize",0.6210545301437378
Program Administrators/Nursing Staff Members are the only people who shall have access to clinical site details.,"not about flexibility, workload, efficiency, or optimize","not about flexibility, workload, efficiency, or optimize",0.5971629023551941
Only authorized users shall have access to students’ personal information.,"not about flexibility, workload, efficiency, or optimize","flexibility, workload, efficiency, or optimize",0.6326825618743896
Dr Susan Poslusny and Dr Julie Donalek are the only people who shall have access to students’ personal information.,"not about flexibility, workload, efficiency, or optimize","not about flexibility, workload, efficiency, or optimize",0.5397136211395264
Only authorized users shall have access to the portion of the system that interfaces with CampusConnect.,"not about flexibility, workload, efficiency, or optimize","not about flexibility, workload, efficiency, or optimize",0.6003050208091736
Fit Criterion: Dr Susan Poslusny and Karen Sysol are the only people who shall have access to the final class section scheduling for the system that interfaces with CampusConnect.,"not about flexibility, workload, efficiency, or optimize","not about flexibility, workload, efficiency, or optimize",0.47727614641189575
The system shall have basic data integrity checking to reduce the possibility of incorrect or invalid data being introduced.,"not about flexibility, workload, efficiency, or optimize","not about flexibility, workload, efficiency, or optimize",0.577297568321228
The system shall protect private information in accordance with the organization’s information policy.,"not about flexibility, workload, efficiency, or optimize","not about flexibility, workload, efficiency, or optimize",0.6421522498130798
The system shall be built such that it is as secure as possible from malicious interference.,"not about flexibility, workload, efficiency, or optimize","not about flexibility, workload, efficiency, or optimize",0.6751567721366882
The system shall use the organization’s standard virus protection software to help monitor threats to itself.,"not about flexibility, workload, efficiency, or optimize","not about flexibility, workload, efficiency, or optimize",0.5861446857452393
The Disputes application shall comply with the corporate standards for user interface creation for internally and externally used applications.,"not about flexibility, workload, efficiency, or optimize","not about flexibility, workload, efficiency, or optimize",0.58941650390625
All screens created as part of the Disputes application must comply with corporate standards for interface creation.,"not about flexibility, workload, efficiency, or optimize","not about flexibility, workload, efficiency, or optimize",0.676825761795044
The list of dispute cases that are displayed after a search is performed must be color coded for easy identification of dispute cases based upon the dispute case status.,"not about flexibility, workload, efficiency, or optimize","not about flexibility, workload, efficiency, or optimize",0.5122469663619995
100% of the cardmember and merchant services representatives shall use the Disputes application regularly after a 2-day training course.,"not about flexibility, workload, efficiency, or optimize","not about flexibility, workload, efficiency, or optimize",0.5623162388801575
100% of cardmember services representatives shall be able to successfully create a dispute case on the first encounter after completing the training course.,"not about flexibility, workload, efficiency, or optimize","not about flexibility, workload, efficiency, or optimize",0.5530275702476501
100% of merchant services representatives shall be able to successfully perform a follow up action on a dispute case on the first encounter after completing the training course.,"not about flexibility, workload, efficiency, or optimize","not about flexibility, workload, efficiency, or optimize",0.5206531882286072
The maximum wait time for a user navigating from one screen to another within the Disputes application shall be no more than 5 seconds.,"not about flexibility, workload, efficiency, or optimize","not about flexibility, workload, efficiency, or optimize",0.5848655700683594
The Disputes application shall support 350 concurrent users without any degradation of performance in the application.,"not about flexibility, workload, efficiency, or optimize","not about flexibility, workload, efficiency, or optimize",0.6562809944152832
 The Disputes application shall be available 24x7x365  with the exception of the following scheduled maintenance windows.  Monday – Saturday 3:00am to 4:00am EST Sunday 1:00amd to 5:00am EST,"not about flexibility, workload, efficiency, or optimize","not about flexibility, workload, efficiency, or optimize",0.4774776101112366
The Disputes application shall interface with the Statement Database. The Statement Database provides the transaction details to the Disputes System. All transaction details must be obtained from the Statement Database,"not about flexibility, workload, efficiency, or optimize","not about flexibility, workload, efficiency, or optimize",0.5376264452934265
The Disputes application shall interface with the Cardmember Information Database.  The Cardmember Information Database provides detailed information with regard to a cardmember.  All cardmember detail information must be obtained from the Cardmember Information Database.,"not about flexibility, workload, efficiency, or optimize","not about flexibility, workload, efficiency, or optimize",0.42945823073387146
The Disputes applications shall interface with the Merchant Information Database.  The Merchant Information Database provides detailed information with regard to the merchant. All merchant detail information shall be obtained from the Merchant Information Database.,"not about flexibility, workload, efficiency, or optimize","not about flexibility, workload, efficiency, or optimize",0.41877928376197815
The Disputes application shall interface with the Letters application.  This will allow the Disputes application to request letters as part of the dispute initiation and dispute follow up process. All letter requests must be sent to the Print Letter Utility application.,"not about flexibility, workload, efficiency, or optimize","not about flexibility, workload, efficiency, or optimize",0.487433522939682
The Disputes application shall interface with the Cardmember Posting and Billing System.  This will allow the Disputes application to request adjustments to cardmember and merchant’s accounts. All adjustment requests must be sent to the Cardmember Posting and Billing System.,"not about flexibility, workload, efficiency, or optimize","not about flexibility, workload, efficiency, or optimize",0.4733666777610779
The Disputes application shall ensure that only users with the appropriate access level are allowed to initiate dispute requests.,"not about flexibility, workload, efficiency, or optimize","not about flexibility, workload, efficiency, or optimize",0.6449955701828003
Only users with Update access must be able to initiate dispute requests.,"not about flexibility, workload, efficiency, or optimize","not about flexibility, workload, efficiency, or optimize",0.6570029258728027
The Disputes application shall ensure that only authorized users are allowed to logon to the application.,"not about flexibility, workload, efficiency, or optimize","not about flexibility, workload, efficiency, or optimize",0.6366445422172546
 All authorized users  once authenticated must be able to logon to the Disputes System,"not about flexibility, workload, efficiency, or optimize","not about flexibility, workload, efficiency, or optimize",0.6315069198608398
The Disputes System shall generate a User Report that details any new users that have been added and any changes to an existing user’s access level.  The report will be reviewed for auditing purposes.,"not about flexibility, workload, efficiency, or optimize","not about flexibility, workload, efficiency, or optimize",0.5112221240997314
All additions of new users and modifications to user’s access shall be recorded on the User Report.,"not about flexibility, workload, efficiency, or optimize","not about flexibility, workload, efficiency, or optimize",0.6192991733551025
 If a user account is revoked  it can only be re-instantiated by the System Administrator.,"not about flexibility, workload, efficiency, or optimize","not about flexibility, workload, efficiency, or optimize",0.6430752873420715
Only the System Administrator shall be able to reset a revoked user logon account,"not about flexibility, workload, efficiency, or optimize","not about flexibility, workload, efficiency, or optimize",0.6626486778259277
The Disputes application shall manipulate and view business data. Users will not have direct access to data files or databases.,"not about flexibility, workload, efficiency, or optimize","not about flexibility, workload, efficiency, or optimize",0.6475300788879395
All updates to data files or database must be initiated from the Disputes System.,"not about flexibility, workload, efficiency, or optimize","not about flexibility, workload, efficiency, or optimize",0.6621330380439758
The Disputes application must conform to the legal requirements as specified by the Merchant Operating Regulations.,"not about flexibility, workload, efficiency, or optimize","not about flexibility, workload, efficiency, or optimize",0.5638710260391235
All business rules specified in the Disputes System shall be in compliance with the Merchant Operating Regulations.,"not about flexibility, workload, efficiency, or optimize","not about flexibility, workload, efficiency, or optimize",0.548892617225647
The Disputes application must conform to the legal requirements as specified by Regulation E and Regulation Z that govern credit card disputes processing.,"not about flexibility, workload, efficiency, or optimize","not about flexibility, workload, efficiency, or optimize",0.5444403886795044
All business rules specified in the Disputes System shall be in compliance to the guidelines of Regulation E and Regulation Z.,"not about flexibility, workload, efficiency, or optimize","not about flexibility, workload, efficiency, or optimize",0.5324523448944092
The Disputes application must maintain a detailed history of every action that a user takes on a dispute case.  This ensures a complete audit trail if questions arise later on with regard to a particular dispute case.,"not about flexibility, workload, efficiency, or optimize","not about flexibility, workload, efficiency, or optimize",0.48782357573509216
All actions that modify an existing dispute case must be recorded in the case history.,"not about flexibility, workload, efficiency, or optimize","not about flexibility, workload, efficiency, or optimize",0.6125057935714722
The product must support Internet Explorer 5.5 and above.,"not about flexibility, workload, efficiency, or optimize","flexibility, workload, efficiency, or optimize",0.6600645780563354
The product must support Mozilla Firefox 1.0 and above.,"not about flexibility, workload, efficiency, or optimize","not about flexibility, workload, efficiency, or optimize",0.6879845261573792
The product shall interface with the Choice Parts System.  This provides the feed of recycled parts data.,"not about flexibility, workload, efficiency, or optimize","not about flexibility, workload, efficiency, or optimize",0.6315834522247314
The product shall run on the existing hardware for all environments.,"not about flexibility, workload, efficiency, or optimize","flexibility, workload, efficiency, or optimize",0.6674584150314331
The product shall adhere to the corporate Architecture guidelines,"not about flexibility, workload, efficiency, or optimize","flexibility, workload, efficiency, or optimize",0.6444282531738281
The product shall comply with corporate User Interface Guidelines,"not about flexibility, workload, efficiency, or optimize","flexibility, workload, efficiency, or optimize",0.7192582488059998
The product shall comply with corporate color scheme,"not about flexibility, workload, efficiency, or optimize","flexibility, workload, efficiency, or optimize",0.7174077033996582
The appearance of the product shall appear professional,"not about flexibility, workload, efficiency, or optimize","flexibility, workload, efficiency, or optimize",0.6729327440261841
The product shall be easy to use by Adjusters and Collision Estimators.  95% of Adjusters and Collision Estimators shall find the product easy to use.,"not about flexibility, workload, efficiency, or optimize","not about flexibility, workload, efficiency, or optimize",0.496484637260437
The product shall increase productivity of Collision Estimators. 80% of the Collision Estimators shall agree their productivity has increase within 1 month of using the product.,"not about flexibility, workload, efficiency, or optimize","not about flexibility, workload, efficiency, or optimize",0.5442168116569519
Users shall feel satisfied using the product.  85% of all users will be satisfied with the product.,"not about flexibility, workload, efficiency, or optimize","not about flexibility, workload, efficiency, or optimize",0.6098109483718872
The product shall be easy to learn by Adjusters and Collision Estimators.  The product shall be learned with two days onsite training,"not about flexibility, workload, efficiency, or optimize","not about flexibility, workload, efficiency, or optimize",0.5970578193664551
The user shall easily locate instructions while using the product.  User help can be found within 90% of the system.,"not about flexibility, workload, efficiency, or optimize","not about flexibility, workload, efficiency, or optimize",0.5610071420669556
The search for recycled parts shall take no longer than 15 seconds.  The search results shall be returned in under 15 seconds.,"not about flexibility, workload, efficiency, or optimize","not about flexibility, workload, efficiency, or optimize",0.5852721929550171
The search for the preferred repair facility shall take no longer than 8 seconds.  The preferred repair facility is returned within 8 seconds,"not about flexibility, workload, efficiency, or optimize","not about flexibility, workload, efficiency, or optimize",0.5929820537567139
The recycled parts audit report shall be returned to the user within 10 seconds.  The audit report shall be returned within 10 seconds.,"not about flexibility, workload, efficiency, or optimize","not about flexibility, workload, efficiency, or optimize",0.5529307126998901
The preferred repair facility ratings shall be saved within 5 seconds. The save shall occur within 5 seconds.,"not about flexibility, workload, efficiency, or optimize","not about flexibility, workload, efficiency, or optimize",0.6181337833404541
The product shall adhere to the corporate online availability schedule.  The application is brought down only within 98% of the scheduled outages per the availability schedule.,"not about flexibility, workload, efficiency, or optimize","not about flexibility, workload, efficiency, or optimize",0.529226541519165
The product shall achieve a 98% uptime. The product shall not fail more than 2% of the available online time.,"not about flexibility, workload, efficiency, or optimize","not about flexibility, workload, efficiency, or optimize",0.5973801016807556
The product shall be able to handle up to 1500 simultaneous users. The system shall perform with 1500 users as a time.,"flexibility, workload, efficiency, or optimize","not about flexibility, workload, efficiency, or optimize",0.5825752019882202
 The average number of recycled parts records per day shall be 50 000.,"flexibility, workload, efficiency, or optimize","not about flexibility, workload, efficiency, or optimize",0.6616075038909912
 The product shall be able to handle 10 000 concurrent users within 2 years of the initial launch.,"flexibility, workload, efficiency, or optimize","not about flexibility, workload, efficiency, or optimize",0.6199840307235718
 For estimators  the product shall be able to be operated in a repair facility during dirty and noisy conditions.,"not about flexibility, workload, efficiency, or optimize","not about flexibility, workload, efficiency, or optimize",0.5481777787208557
The product shall interface with the ChoiceParts system once per day at approximately 1:00 AM.,"not about flexibility, workload, efficiency, or optimize","not about flexibility, workload, efficiency, or optimize",0.6489397287368774
The maintenance of the product will fall within the established corporate maintenance windows.,"not about flexibility, workload, efficiency, or optimize","not about flexibility, workload, efficiency, or optimize",0.6428321599960327
The product shall be supported using the corporate support center.,"not about flexibility, workload, efficiency, or optimize","flexibility, workload, efficiency, or optimize",0.6596116423606873
Product installations and upgrades shall be handled by the middleware technology team within established launch time frames.,"not about flexibility, workload, efficiency, or optimize","not about flexibility, workload, efficiency, or optimize",0.6202628016471863
Only adjusters can request recycled parts audit reports. No users without an adjuster role shall request recycled parts audits.,"not about flexibility, workload, efficiency, or optimize","not about flexibility, workload, efficiency, or optimize",0.5643404722213745
Only adjusters with a supervisor role can update preferred repair facility ratings. Users without the supervisor role cannot access the repair facility ratings.,"not about flexibility, workload, efficiency, or optimize","not about flexibility, workload, efficiency, or optimize",0.5602840781211853
Only collision estimators shall search for recycled parts.  Users without the collision estimator role shall not have access to the search for recycled parts.,"not about flexibility, workload, efficiency, or optimize","not about flexibility, workload, efficiency, or optimize",0.5448654890060425
Only valid data shall be entered into the system.  No invalid data shall be entered into the system.,"not about flexibility, workload, efficiency, or optimize","not about flexibility, workload, efficiency, or optimize",0.624767541885376
One insurance company shall not be able to view another insurance companys claim data.,"not about flexibility, workload, efficiency, or optimize","not about flexibility, workload, efficiency, or optimize",0.6815200448036194
The product shall free of computer viruses.,"not about flexibility, workload, efficiency, or optimize","flexibility, workload, efficiency, or optimize",0.7019104957580566
The system shall prevent malicious attacks including denial of service.,"not about flexibility, workload, efficiency, or optimize","flexibility, workload, efficiency, or optimize",0.6896989345550537
The product must comply with Sarbanes-Oxley.,"not about flexibility, workload, efficiency, or optimize","not about flexibility, workload, efficiency, or optimize",0.7122377157211304
The product shall comply with the estimatics laws relating to recycled parts usage.,"not about flexibility, workload, efficiency, or optimize","not about flexibility, workload, efficiency, or optimize",0.6581373810768127
The product shall comply with insurance regulations regarding claims processing.,"not about flexibility, workload, efficiency, or optimize","flexibility, workload, efficiency, or optimize",0.69800865650177
 The product must work with most database management systems (DBMS) on the market  whether the DBMS is colocated with the product on the same machine or is located on a different machine on the computer network.,"not about flexibility, workload, efficiency, or optimize","not about flexibility, workload, efficiency, or optimize",0.475109338760376
The product will function alongside server software on any operating system where the Java runtime can be installed.,"not about flexibility, workload, efficiency, or optimize","not about flexibility, workload, efficiency, or optimize",0.6347203850746155
The product will require collaboration with a database management system (DBMS).  The DBMS may be located on the same machine as the product or on a separate machine residing on the same computer network.,"not about flexibility, workload, efficiency, or optimize","not about flexibility, workload, efficiency, or optimize",0.484011173248291
 The product must make use of web/application server technology.  Open source examples include Apache web server  Tomcat  and the JBoss application server.,"not about flexibility, workload, efficiency, or optimize","not about flexibility, workload, efficiency, or optimize",0.48009830713272095
 A database management system such as Oracle  DB2  MySql or HSQL will need to be integrated with the product.,"not about flexibility, workload, efficiency, or optimize","not about flexibility, workload, efficiency, or optimize",0.5546326637268066
 The product’s Look and Feel shall be able to incorporate aspects of the customer’s organization such as logo  branding  and identity,"not about flexibility, workload, efficiency, or optimize","not about flexibility, workload, efficiency, or optimize",0.5560266375541687
The product shall have a conservative and professional appearance.,"not about flexibility, workload, efficiency, or optimize","flexibility, workload, efficiency, or optimize",0.694572925567627
The product shall make the users want to use it. 80% of the users surveyed report they are regularly using the product after the first 2 weeks post-launch.,"not about flexibility, workload, efficiency, or optimize","not about flexibility, workload, efficiency, or optimize",0.47867852449417114
The product shall be easy to use. 90% of users will be able to successfully reserve a conference room within 5 minutes of product use.,"not about flexibility, workload, efficiency, or optimize","not about flexibility, workload, efficiency, or optimize",0.5153098702430725
The product shall give users feedback when necessary. 80% of the users surveyed report that the product accurately confirms their actions.,"not about flexibility, workload, efficiency, or optimize","not about flexibility, workload, efficiency, or optimize",0.5504334568977356
The product shall allow the user to select a chosen language from one of the target market countries.,"not about flexibility, workload, efficiency, or optimize","not about flexibility, workload, efficiency, or optimize",0.6087802052497864
The product shall allow for customization of start page and views preferences.,"not about flexibility, workload, efficiency, or optimize","not about flexibility, workload, efficiency, or optimize",0.6354864835739136
 An employee will be able to successfully use the product within a few minutes.  After informally navigating the product for less than 15 minutes  users shall be able to successfully setup meetings and reserve conference rooms.,"not about flexibility, workload, efficiency, or optimize","not about flexibility, workload, efficiency, or optimize",0.47767749428749084
The product shall use a standard navigation menu familiar to most web users.,"not about flexibility, workload, efficiency, or optimize","not about flexibility, workload, efficiency, or optimize",0.6500433683395386
The product shall allow for intuitive searching of available conference rooms.,"not about flexibility, workload, efficiency, or optimize","flexibility, workload, efficiency, or optimize",0.6620733737945557
The product shall conform to the Americans with Disabilities Act.,"not about flexibility, workload, efficiency, or optimize","flexibility, workload, efficiency, or optimize",0.6473369598388672
The response shall be fast enough to avoid interrupting the user’s flow of thought.  90% of tasks shall complete within 5 seconds.  98% of tasks shall complete within 8 seconds.,"not about flexibility, workload, efficiency, or optimize","not about flexibility, workload, efficiency, or optimize",0.4851253926753998
 Aside from server failure  the software product shall achieve 99.99% up time.,"not about flexibility, workload, efficiency, or optimize","not about flexibility, workload, efficiency, or optimize",0.6750778555870056
The product shall create an exception log of problems encountered within the product for transmission to our company for analysis and resolution.,"not about flexibility, workload, efficiency, or optimize","not about flexibility, workload, efficiency, or optimize",0.5573672652244568
 The product shall be capable of handling up to 1 000 concurrent requests.  This number will increase to 2 000 by Release 2.  The concurrency capacity must be able to handle peak scheduling times such as early morning and late afternoon hours.,"flexibility, workload, efficiency, or optimize","not about flexibility, workload, efficiency, or optimize",0.4845653772354126
 The product shall be able to process 10 000 transactions per hour within two years of its launch.  This number will increase to 20 000 by Release 2.,"flexibility, workload, efficiency, or optimize","not about flexibility, workload, efficiency, or optimize",0.5519126653671265
The product shall be expected to operate for at least 5 years for each customer installation.,"flexibility, workload, efficiency, or optimize","not about flexibility, workload, efficiency, or optimize",0.6041578054428101
The product shall be used in office environments.,"not about flexibility, workload, efficiency, or optimize","flexibility, workload, efficiency, or optimize",0.6863232851028442
The product must be able to interface with any HTML browser.  The product shall transmit data between the user and the product without problems. The product shall display HTML properly in 80% of all HTML browsers tested (minimum is to test 8 browsers).,"not about flexibility, workload, efficiency, or optimize","not about flexibility, workload, efficiency, or optimize",0.47782278060913086
The product must be able to interface with various database management systems. The product shall communicate successfully with the database management system on 100% of all transactions.,"not about flexibility, workload, efficiency, or optimize","not about flexibility, workload, efficiency, or optimize",0.5430701375007629
The product must be able to interface with various email servers. The product shall be able to send email.,"not about flexibility, workload, efficiency, or optimize","not about flexibility, workload, efficiency, or optimize",0.5538121461868286
The product shall be available for distribution via the Internet as a binary or ZIP file.,"not about flexibility, workload, efficiency, or optimize","not about flexibility, workload, efficiency, or optimize",0.6766858100891113
The product shall be available for distribution as a packaged CD.,"not about flexibility, workload, efficiency, or optimize","not about flexibility, workload, efficiency, or optimize",0.6882107853889465
 The product will be available for licensing as a one-server  two-five servers  or five-or-more servers license.,"not about flexibility, workload, efficiency, or optimize","not about flexibility, workload, efficiency, or optimize",0.560247540473938
A new user must be able to be added to the system within 10 minutes.  90% of new users are able to log into the system within 10 minutes.,"not about flexibility, workload, efficiency, or optimize","not about flexibility, workload, efficiency, or optimize",0.4759761691093445
The product must be designed using Design Patterns and coding best practices.  90% of maintenance software developers are able to integrate new functionality into the product with 2 working days.,"not about flexibility, workload, efficiency, or optimize","not about flexibility, workload, efficiency, or optimize",0.5313739776611328
The product must be highly configurable for use with various database management systems for the end users.  80% of end users are able to integrate new database management systems with the product without changing the product’s software code.,"not about flexibility, workload, efficiency, or optimize","not about flexibility, workload, efficiency, or optimize",0.4888974726200104
Maintenance releases will be offered to customers once a year.  The releases shall take no longer than 5 minutes for 80% of the customer base to install.,"not about flexibility, workload, efficiency, or optimize","not about flexibility, workload, efficiency, or optimize",0.5432231426239014
Every registered user will have access to the product’s support site via the Internet.  70% of registered users shall find a solution to their problem within 5 minutes of using the support site.,"not about flexibility, workload, efficiency, or optimize","not about flexibility, workload, efficiency, or optimize",0.5001391768455505
The customer shall be able to easily integrate new building maps with the product throughout the product’s lifecycle.  Integration of new maps with the product shall be possible with little to no support from product support staff.,"not about flexibility, workload, efficiency, or optimize","not about flexibility, workload, efficiency, or optimize",0.4801217019557953
 The product shall be translated into foreign languages other than the target market countries’ languages in future releases.  For each emerging target market  it shall take no more than 5 days to configure the product for that market’s language.,"not about flexibility, workload, efficiency, or optimize","not about flexibility, workload, efficiency, or optimize",0.47908180952072144
 The product is expected to integrate with multiple database management systems.  The product will operate with Oracle  SQL Server  DB2  MySQL  HSQL  and MS Access.,"not about flexibility, workload, efficiency, or optimize","not about flexibility, workload, efficiency, or optimize",0.4332367777824402
The product shall be able to be installed in any operating environment within 2 days.,"not about flexibility, workload, efficiency, or optimize","not about flexibility, workload, efficiency, or optimize",0.6350168585777283
The product shall ensure that only company employees or external users with company-approved user IDs may have product access.  100% of all logons shall be by either company employees or external users with company-approved user IDs.,"not about flexibility, workload, efficiency, or optimize","not about flexibility, workload, efficiency, or optimize",0.47763004899024963
Only managers are able to perform search queries for reservations by user.  100% of all search queries for reservations by user shall be from logons of only management logons.,"not about flexibility, workload, efficiency, or optimize","not about flexibility, workload, efficiency, or optimize",0.502109169960022
The product shall ensure that the database’s data corresponds to the data entered by the user.  Each conference room reservation in the system will contain the same information as was entered by the user.,"not about flexibility, workload, efficiency, or optimize","not about flexibility, workload, efficiency, or optimize",0.48666420578956604
The product shall prevent the input of malicious data.  The product and/or adjacent hardware/software systems’ data shall remain 100% uncorrupted each time malicious data is input into the product.,"not about flexibility, workload, efficiency, or optimize","not about flexibility, workload, efficiency, or optimize",0.4703702926635742
The product and/or dependent databases/filesystems shall remain operational as a result of the input of malicious data.  The product and/or dependent databases/filesystems shall not crash 100% of the time that malicious data is input into the product.,"not about flexibility, workload, efficiency, or optimize","not about flexibility, workload, efficiency, or optimize",0.4712997376918793
The product shall have the ability to receive automatic software updates as new threats emerge.  100% of customers will be able to receive automatic software updates transmitted to the installed product.,"not about flexibility, workload, efficiency, or optimize","not about flexibility, workload, efficiency, or optimize",0.48702120780944824
The language of the product shall accommodate all of the target market countries. 90% of survey respondents from each target market country will find that the language of the product is acceptable.,"flexibility, workload, efficiency, or optimize","not about flexibility, workload, efficiency, or optimize",0.4714631140232086
The product shall be able to display calendar dates and times according to the user’s locale.  90% of survey respondents from each target market country will find that the date and time formatting of the product is correct.,"not about flexibility, workload, efficiency, or optimize","not about flexibility, workload, efficiency, or optimize",0.4572793245315552
The product must be developed with the J2SE/J2EE programming language libraries,"not about flexibility, workload, efficiency, or optimize","not about flexibility, workload, efficiency, or optimize",0.6281124949455261
Recreation of Inventory Quantity Adjustment for the period of previous 30 days shall take no more than 30min.,"not about flexibility, workload, efficiency, or optimize","not about flexibility, workload, efficiency, or optimize",0.6031318306922913
The System shall allow for a minimum of  6 users to work at the same time.,"not about flexibility, workload, efficiency, or optimize","not about flexibility, workload, efficiency, or optimize",0.6527351140975952
The System shall utilize currently owned computer equipment.,"not about flexibility, workload, efficiency, or optimize","flexibility, workload, efficiency, or optimize",0.7201579213142395
The System shall be able to automatically backup business data and restore them on demand.,"not about flexibility, workload, efficiency, or optimize","not about flexibility, workload, efficiency, or optimize",0.5992906093597412
The System shall maintain consistent security.  Any changes in user passwords and/or permissions should take affect in all parts of the System.,"not about flexibility, workload, efficiency, or optimize","not about flexibility, workload, efficiency, or optimize",0.5526137351989746
The System shall granularly control access rights to all major subsystems.  It should be possible to assign access rights to all subsystems independently.,"not about flexibility, workload, efficiency, or optimize","not about flexibility, workload, efficiency, or optimize",0.5364515781402588
The System shall meet all applicable accounting standards.  The final version of the System must successfully pass independent audit performed by a certified auditor.,"not about flexibility, workload, efficiency, or optimize","not about flexibility, workload, efficiency, or optimize",0.5414525270462036
The System shall not require additional third party licenses resulting in royalty fees.,"not about flexibility, workload, efficiency, or optimize","not about flexibility, workload, efficiency, or optimize",0.6283308267593384
Administrator shall be able to activate a pre-paid card via the Administration section in under 5 seconds.,"not about flexibility, workload, efficiency, or optimize","not about flexibility, workload, efficiency, or optimize",0.5782874226570129
 Customer shall be able to check the status of their prepaid card  by entering in the PIN number  in under 5 seconds.,"not about flexibility, workload, efficiency, or optimize","not about flexibility, workload, efficiency, or optimize",0.5389577150344849
System shall let customers register on the website as a “pay as you go” user in under 5 minutes.,"not about flexibility, workload, efficiency, or optimize","not about flexibility, workload, efficiency, or optimize",0.6075466275215149
System shall let customers register on the website as a “unlimited movie subscriber” user in under 10 minutes.,"not about flexibility, workload, efficiency, or optimize","not about flexibility, workload, efficiency, or optimize",0.607314944267273
System shall let existing customers log into the website with their email address and password in under 5 seconds.,"not about flexibility, workload, efficiency, or optimize","not about flexibility, workload, efficiency, or optimize",0.6017770767211914
 System shall let customers cancel their account  process shall take no longer than 2 minutes.  Database will mark the account as inactive  and user will not be able to log into the website.,"not about flexibility, workload, efficiency, or optimize","not about flexibility, workload, efficiency, or optimize",0.5270159840583801
System shall let administrator de-activate a customer account in under 1 minute. Customer will no longer be able to access the website.,"not about flexibility, workload, efficiency, or optimize","not about flexibility, workload, efficiency, or optimize",0.5859125852584839
System shall let administrator add/remove movies on the website in under 5 minutes.  Entered movie information will be stored in the database and will now be available on the website.,"not about flexibility, workload, efficiency, or optimize","not about flexibility, workload, efficiency, or optimize",0.5128626823425293
System shall let the administrator add/remove categories on the website in under 5 minutes.,"not about flexibility, workload, efficiency, or optimize","not about flexibility, workload, efficiency, or optimize",0.6305230855941772
System shall let Izogn Manager access sales and usage statistics in under 2 minutes.,"not about flexibility, workload, efficiency, or optimize","not about flexibility, workload, efficiency, or optimize",0.6628391742706299
System shall let administrators generate unique pre-paid pins in under 2 minutes and generate an Excel file with the generated PINs.,"not about flexibility, workload, efficiency, or optimize","not about flexibility, workload, efficiency, or optimize",0.5621249675750732
The website shall be attractive to all audiences.  The website shall appear to be fun and the colors should be bright and vibrant.,"not about flexibility, workload, efficiency, or optimize","not about flexibility, workload, efficiency, or optimize",0.5526358485221863
 The website should have an African feel  but should not alienate non-Africans.  The website should use animation on pages which are describing the services  to grab the users attention and encourage them to sign up.,"not about flexibility, workload, efficiency, or optimize","not about flexibility, workload, efficiency, or optimize",0.47391676902770996
 The website design should be modern  clean  and concise.,"not about flexibility, workload, efficiency, or optimize","not about flexibility, workload, efficiency, or optimize",0.7312467098236084
The product should be able to be used by 90% of novice users on the Internet.,"not about flexibility, workload, efficiency, or optimize","not about flexibility, workload, efficiency, or optimize",0.5893248915672302
 Users should only have to navigate through a maximum of 4 pages  to create an account with the website.,"not about flexibility, workload, efficiency, or optimize","not about flexibility, workload, efficiency, or optimize",0.5616257190704346
Users should be able to access their streaming movies in under 2 clicks after logging into the website.,"not about flexibility, workload, efficiency, or optimize","not about flexibility, workload, efficiency, or optimize",0.604698657989502
An anonymous survey will show that 70% of customers are comfortable purchasing streaming movies after 2 weeks using the website.,"not about flexibility, workload, efficiency, or optimize","not about flexibility, workload, efficiency, or optimize",0.6112810969352722
An anonymous survey will show that 95% of customers are comfortable using and purchasing pre-paid cards after a month of using the system.,"not about flexibility, workload, efficiency, or optimize","not about flexibility, workload, efficiency, or optimize",0.5556239485740662
The product shall retain the customer’s buying preferences and information.,"not about flexibility, workload, efficiency, or optimize","not about flexibility, workload, efficiency, or optimize",0.7050860524177551
The product shall be easy for customers with novice skills on the  Internet to purchase and watch streaming movies.  Customers should be able to purchase and watch a pre-determined movie in under 3 minutes.,"not about flexibility, workload, efficiency, or optimize","not about flexibility, workload, efficiency, or optimize",0.47343188524246216
The product shall use symbols and words that are naturally understandable by users familiar with websites,"not about flexibility, workload, efficiency, or optimize","not about flexibility, workload, efficiency, or optimize",0.6526816487312317
The website will use standard Internet conventions when interacting with the user.,"not about flexibility, workload, efficiency, or optimize","not about flexibility, workload, efficiency, or optimize",0.6780053973197937
 Any interface between a user and the automated system shall have a maximum response time of 5 seconds  unless noted by an exception below.,"not about flexibility, workload, efficiency, or optimize","not about flexibility, workload, efficiency, or optimize",0.5543622970581055
 When purchasing a streaming movie or pre-paid card via credit card  the processing time should have a maximum response time of 15 seconds.,"not about flexibility, workload, efficiency, or optimize","not about flexibility, workload, efficiency, or optimize",0.5629347562789917
 When streaming a movie  the buffering time should take no longer than 10 seconds (plus any latency on the user’s connection.),"not about flexibility, workload, efficiency, or optimize","not about flexibility, workload, efficiency, or optimize",0.6037450432777405
 While streaming a movie  buffering should only occur if there is latency in the user’s connection.,"not about flexibility, workload, efficiency, or optimize","not about flexibility, workload, efficiency, or optimize",0.6322805881500244
 All credit card information will be secured on the server  and only accessible by authorized Izogn administrators.  Information will be encrypted in the database.,"not about flexibility, workload, efficiency, or optimize","not about flexibility, workload, efficiency, or optimize",0.5761066675186157
 The website shall be available for use 24 hours per day  365 days per year.,"not about flexibility, workload, efficiency, or optimize","not about flexibility, workload, efficiency, or optimize",0.716245710849762
The website shall achieve 99.5% up time.,"not about flexibility, workload, efficiency, or optimize","flexibility, workload, efficiency, or optimize",0.716520369052887
 All movies shall be streamed on demand  at any time of the day.,"not about flexibility, workload, efficiency, or optimize","not about flexibility, workload, efficiency, or optimize",0.7041119337081909
The website shall continue to operate if the streaming server goes down.,"not about flexibility, workload, efficiency, or optimize","not about flexibility, workload, efficiency, or optimize",0.6519596576690674
The website shall continue to operate if the payment gateway goes down.,"not about flexibility, workload, efficiency, or optimize","not about flexibility, workload, efficiency, or optimize",0.6816617250442505
The streaming server will support 50 simultaneous streaming connections.,"flexibility, workload, efficiency, or optimize","flexibility, workload, efficiency, or optimize",0.6756415963172913
The streaming server will support a maximum of 700 movies  new servers can be added to support more movies.,"flexibility, workload, efficiency, or optimize","not about flexibility, workload, efficiency, or optimize",0.6187900304794312
 The server will support a maximum of 1 000 simultaneous users.,"flexibility, workload, efficiency, or optimize","flexibility, workload, efficiency, or optimize",0.6582973003387451
 The website shall be capable of supporting 100 000 customers.,"flexibility, workload, efficiency, or optimize","flexibility, workload, efficiency, or optimize",0.6921961307525635
The product shall be expected to operate within the maximum maintenance budget for a minimum of 2 years.,"not about flexibility, workload, efficiency, or optimize","not about flexibility, workload, efficiency, or optimize",0.6425949931144714
All aspects of the website shall be accessed by a web browser over the Internet.,"not about flexibility, workload, efficiency, or optimize","not about flexibility, workload, efficiency, or optimize",0.6389364004135132
The same hardware supporting the current website will be used to support the new system.,"not about flexibility, workload, efficiency, or optimize","not about flexibility, workload, efficiency, or optimize",0.624640166759491
 We must be able to interface with the following browsers: IE 5.X  6.0  Netscape 6.x  7.x  8.x and Firefox 1.0.,"not about flexibility, workload, efficiency, or optimize","not about flexibility, workload, efficiency, or optimize",0.5168473720550537
Website must interface with the CyberSource API to process credit card transactions.,"not about flexibility, workload, efficiency, or optimize","not about flexibility, workload, efficiency, or optimize",0.6664897203445435
Website must be fully operational with MSN TV2.,"not about flexibility, workload, efficiency, or optimize","flexibility, workload, efficiency, or optimize",0.6770166158676147
Movies shall be encoded and streamed via Windows Media Player 9.0.,"not about flexibility, workload, efficiency, or optimize","flexibility, workload, efficiency, or optimize",0.6601514220237732
Movies shall be encoded for 56k and 256k streams.,"not about flexibility, workload, efficiency, or optimize","flexibility, workload, efficiency, or optimize",0.6621318459510803
Promotional updates to the website should take a day to update.,"not about flexibility, workload, efficiency, or optimize","not about flexibility, workload, efficiency, or optimize",0.5932878851890564
Izogn Administrator must be able to update the category listings on the website within 2 minutes.,"not about flexibility, workload, efficiency, or optimize","not about flexibility, workload, efficiency, or optimize",0.6041479706764221
Izogn Administrator must be able to add new products to the website within 2 minutes.,"not about flexibility, workload, efficiency, or optimize","not about flexibility, workload, efficiency, or optimize",0.5847236514091492
The system will provide a 24 hour 800 toll free number for support to its customers.,"not about flexibility, workload, efficiency, or optimize","not about flexibility, workload, efficiency, or optimize",0.607076108455658
The website will provide a help section with answers and solutions to common problems.,"not about flexibility, workload, efficiency, or optimize","not about flexibility, workload, efficiency, or optimize",0.6043090224266052
 Velkat staff will be available for phone support between 7am-7pm  M-F to provide technical support to the Izogn administrators.,"not about flexibility, workload, efficiency, or optimize","not about flexibility, workload, efficiency, or optimize",0.5688639879226685
The product shall be able to be installed in the specified environment within 1 working day.,"not about flexibility, workload, efficiency, or optimize","not about flexibility, workload, efficiency, or optimize",0.6012586355209351
Only registered customers can purchase streaming movies.,"not about flexibility, workload, efficiency, or optimize","flexibility, workload, efficiency, or optimize",0.6321425437927246
 A customer can only stream a movie if they purchased it  and are within the 2 day viewing period.,"not about flexibility, workload, efficiency, or optimize","not about flexibility, workload, efficiency, or optimize",0.6027838587760925
Only authorized personnel can access customer records in the database.,"not about flexibility, workload, efficiency, or optimize","flexibility, workload, efficiency, or optimize",0.6364173293113708
Only administrators can activate a pre-paid card.,"not about flexibility, workload, efficiency, or optimize","flexibility, workload, efficiency, or optimize",0.6912872195243835
Only authorized personnel can access sales information.,"not about flexibility, workload, efficiency, or optimize","flexibility, workload, efficiency, or optimize",0.6187485456466675
The website shall prevent its data from being corrupted when incorrect data is entered in.,"not about flexibility, workload, efficiency, or optimize","not about flexibility, workload, efficiency, or optimize",0.6603119373321533
 The website shall protect itself from intentional abuse  and notify the administrator at all occurrences.,"not about flexibility, workload, efficiency, or optimize","not about flexibility, workload, efficiency, or optimize",0.6281134486198425
Data integrity scripts will be run on a weekly basis to verify the integrity of the database.,"not about flexibility, workload, efficiency, or optimize","not about flexibility, workload, efficiency, or optimize",0.6181603074073792
 The website shall make its user aware of its information practices before collection data from them via a Privacy Policy  accessible on all pages of the website.,"not about flexibility, workload, efficiency, or optimize","not about flexibility, workload, efficiency, or optimize",0.5394851565361023
The system shall notify customers of changes to its information policy.,"not about flexibility, workload, efficiency, or optimize","flexibility, workload, efficiency, or optimize",0.5862812399864197
The system shall reveal private information only in compliance with the organization’s information policy.,"not about flexibility, workload, efficiency, or optimize","not about flexibility, workload, efficiency, or optimize",0.6457773447036743
 All customer information will be stored on a secure database  accessible only to authorized personnel.,"not about flexibility, workload, efficiency, or optimize","not about flexibility, workload, efficiency, or optimize",0.6784753799438477
All credit card information will be encrypted in the database.,"not about flexibility, workload, efficiency, or optimize","flexibility, workload, efficiency, or optimize",0.6221907138824463
The streaming server will have anti-virus software to prevent infection of malicious viruses.,"not about flexibility, workload, efficiency, or optimize","not about flexibility, workload, efficiency, or optimize",0.617851197719574
The website should cater to all tribes in Nigeria.,"not about flexibility, workload, efficiency, or optimize","flexibility, workload, efficiency, or optimize",0.6346555948257446
The website shall not be offensive to religious or ethnic groups.,"not about flexibility, workload, efficiency, or optimize","not about flexibility, workload, efficiency, or optimize",0.6945523023605347
 The website should appeal to all Africans  not only Nigerians.,"not about flexibility, workload, efficiency, or optimize","not about flexibility, workload, efficiency, or optimize",0.716315746307373
The website should use Flash to provide animation on the home page.,"not about flexibility, workload, efficiency, or optimize","not about flexibility, workload, efficiency, or optimize",0.6388348340988159
IzognMovies shall meet the licensing requirements set forth by the appropriate organizations in order to stream African movies.,"not about flexibility, workload, efficiency, or optimize","not about flexibility, workload, efficiency, or optimize",0.5685011148452759
The website will comply with W3C standards.,"not about flexibility, workload, efficiency, or optimize","flexibility, workload, efficiency, or optimize",0.7273751497268677
The PHP code will comply with PEAR standards.,"not about flexibility, workload, efficiency, or optimize","flexibility, workload, efficiency, or optimize",0.7420669198036194
Total lead cycle time must be completed in 5 minutes for 90% of lead volume between the business hours of 8AM CST to 8PM CST  then 3 minutes for 99% of lead volume during off business hours.,"not about flexibility, workload, efficiency, or optimize","not about flexibility, workload, efficiency, or optimize",0.4794023036956787
No lead evaluation will complete in a time period longer than 25 seconds for 97% of all leads processed.,"not about flexibility, workload, efficiency, or optimize","not about flexibility, workload, efficiency, or optimize",0.6359410285949707
For leads that process longer than 25 seconds the system will record the event and duration,"not about flexibility, workload, efficiency, or optimize","not about flexibility, workload, efficiency, or optimize",0.6655099391937256
The process must fit within the processing time conditions set forth by the Auto Rep Assignment process in which a lead is assigned within 3 minutes of the total life cycle.,"not about flexibility, workload, efficiency, or optimize","not about flexibility, workload, efficiency, or optimize",0.5184670686721802
The lead washing process will operate within the established physical web service structure.,"not about flexibility, workload, efficiency, or optimize","not about flexibility, workload, efficiency, or optimize",0.6940978169441223
 The washing process must use a non binding  neutral data format  such as xml  when receiving and processing lead data.,"not about flexibility, workload, efficiency, or optimize","not about flexibility, workload, efficiency, or optimize",0.5645889043807983
Defect reports will be available to technical units on a 24x7 basis.,"not about flexibility, workload, efficiency, or optimize","not about flexibility, workload, efficiency, or optimize",0.6747406125068665
Washing parameters will be updated during scheduled maintenance hours.,"not about flexibility, workload, efficiency, or optimize","not about flexibility, workload, efficiency, or optimize",0.6786027550697327
The product shall simulate the look of ships at sea.,"not about flexibility, workload, efficiency, or optimize","not about flexibility, workload, efficiency, or optimize",0.7108991146087646
The product shall display the grids within a circle as a view from a periscope.,"not about flexibility, workload, efficiency, or optimize","not about flexibility, workload, efficiency, or optimize",0.6835528016090393
The product shall display each type of ship in a grid using an image of the specific type of ship.,"not about flexibility, workload, efficiency, or optimize","not about flexibility, workload, efficiency, or optimize",0.5405666828155518
 When the offensive player takes a shot  the product shall simulate the sound of a ship at sea.,"not about flexibility, workload, efficiency, or optimize","not about flexibility, workload, efficiency, or optimize",0.5763178467750549
 When a shot is marked as a miss  the product shall simulate the sound of a shot missing its target.,"not about flexibility, workload, efficiency, or optimize","not about flexibility, workload, efficiency, or optimize",0.5733920335769653
 When a shot is marked as a hit  the product shall simulate the sound of a shot hitting its target.,"not about flexibility, workload, efficiency, or optimize","not about flexibility, workload, efficiency, or optimize",0.5795644521713257
 When a ship is sunk  the product shall simulate the sound of a sinking ship.,"not about flexibility, workload, efficiency, or optimize","not about flexibility, workload, efficiency, or optimize",0.576994776725769
 The product shall be available 24 hours per day  seven days per week.,"not about flexibility, workload, efficiency, or optimize","not about flexibility, workload, efficiency, or optimize",0.7541478872299194
The product shall able to handle a large number of games simultaneously.,"not about flexibility, workload, efficiency, or optimize","not about flexibility, workload, efficiency, or optimize",0.6165561079978943
The response time shall be fast enough to maintain the flow of the game.  The response time shall be no more than 2 seconds for 95% of responses and no more than 4% for the remaining responses.,"not about flexibility, workload, efficiency, or optimize","not about flexibility, workload, efficiency, or optimize",0.49223393201828003
The product shall protect the identity of the players. The product shall provide players no access to information that might reveal the identity of another player.,"not about flexibility, workload, efficiency, or optimize","not about flexibility, workload, efficiency, or optimize",0.5393990278244019
The product shall be intuitive and self-explanatory.  Nine out ten users shall be able to successfully complete a game with no training.,"not about flexibility, workload, efficiency, or optimize","not about flexibility, workload, efficiency, or optimize",0.5807746648788452
 The product shall be available to players who understand English  Spanish and French.  The product shall allow the user to select the language upon accessing the product.,"not about flexibility, workload, efficiency, or optimize","not about flexibility, workload, efficiency, or optimize",0.5174703001976013
The product shall provide players no access to information that might reveal the identity of another player,"not about flexibility, workload, efficiency, or optimize","not about flexibility, workload, efficiency, or optimize",0.6091372966766357
The response time shall be fast enough to maintain the flow of the game. The response time shall be no more than 2 seconds for 95% of responses and no more than 4% for the remaining responses.,"not about flexibility, workload, efficiency, or optimize","not about flexibility, workload, efficiency, or optimize",0.49103525280952454
The system shall be easy to use by callers and supervisors. Callers and supervisors must be able to accomplish any system task within 2 minutes.,"not about flexibility, workload, efficiency, or optimize","not about flexibility, workload, efficiency, or optimize",0.5217431783676147
The system shall be easy to learn by callers and supervisors. Callers and supervisors shall learn how to use the system within 10 minutes.,"not about flexibility, workload, efficiency, or optimize","not about flexibility, workload, efficiency, or optimize",0.5418123006820679
 The system shall be responsive. At the DePaul TeleServices Center  when a supervisor uses the system to view a callers schedule  the system response time must be no more than 2 seconds 90% of the time and no more than 5 seconds the rest of the time.,"not about flexibility, workload, efficiency, or optimize","not about flexibility, workload, efficiency, or optimize",0.4568345844745636
 On a 56k connection  the system response time for all operations must be no more than 6 seconds 90% of the time.,"not about flexibility, workload, efficiency, or optimize","not about flexibility, workload, efficiency, or optimize",0.5608358383178711
 On a 112k connection or faster  the system response time for all operations must be no more than 3 seconds 90% of the time.,"not about flexibility, workload, efficiency, or optimize","not about flexibility, workload, efficiency, or optimize",0.5211841464042664
The system shall have high availability every day of the year.The system must be available for use between 12:00AM and 6:00PM all days of the year.,"not about flexibility, workload, efficiency, or optimize","not about flexibility, workload, efficiency, or optimize",0.5198416709899902
The system must be available for use between 7:00AM and 11:59PM all days of the year.,"not about flexibility, workload, efficiency, or optimize","not about flexibility, workload, efficiency, or optimize",0.5773932933807373
The product shall be internet browser independent.The product must run using Internet Explorer and Netscape Navigator.,"not about flexibility, workload, efficiency, or optimize","not about flexibility, workload, efficiency, or optimize",0.6665031909942627
The product shall ensure that only supervisors can advertise empty time slots.The product must ensure that supervisors are allowed to access advertise empty time slots.,"not about flexibility, workload, efficiency, or optimize","not about flexibility, workload, efficiency, or optimize",0.533270537853241
The product shall ensure that only supervisors can enter a caller’s schedule.The product must ensure that supervisors are allowed to access advertise empty time slots.,"not about flexibility, workload, efficiency, or optimize","not about flexibility, workload, efficiency, or optimize",0.5378611087799072
The product shall ensure that only supervisors can view schedule of all callers.The product must ensure that supervisors are allowed to access advertise empty time slots.,"not about flexibility, workload, efficiency, or optimize","not about flexibility, workload, efficiency, or optimize",0.5303077697753906
 The interface shall have a simple look. In the interface and usability survey  90% of beta testers must report that the interface is adequately simple.,"not about flexibility, workload, efficiency, or optimize","not about flexibility, workload, efficiency, or optimize",0.5368322134017944
 The interface shall be appealing to callers and supervisors. In the interface and usability survey  80% of beta testers must report that the interface is appealing.,"not about flexibility, workload, efficiency, or optimize","not about flexibility, workload, efficiency, or optimize",0.5198851823806763
The product shall provide GUI based Monitoring Services.System Administrators shall monitor message exchanges will predict and determine problems and will also provide internal and external support.,"not about flexibility, workload, efficiency, or optimize","not about flexibility, workload, efficiency, or optimize",0.5606579184532166
The product shall comply with City of Chicago Application Development Guide Framework.Application Development Framework will provide structured Graphical User Interface.,"not about flexibility, workload, efficiency, or optimize","not about flexibility, workload, efficiency, or optimize",0.5022456645965576
The product shall provide Monitoring Services.The product shall be easy for System Administrators and DBAs to use after two weeks of usage.,"not about flexibility, workload, efficiency, or optimize","not about flexibility, workload, efficiency, or optimize",0.5694025158882141
The product shall provide Error Tracking Services.The product shall help the System Administrators and DBAs to resolve transaction errors 99% of the time.,"not about flexibility, workload, efficiency, or optimize","not about flexibility, workload, efficiency, or optimize",0.5600687265396118
The product shall provide Portals.The product shall help System Administrators to analyze the transactions with ad-hoc reporting and KPIs (Key Performance Indicators),"not about flexibility, workload, efficiency, or optimize","not about flexibility, workload, efficiency, or optimize",0.5307433009147644
The product shall provide Asynchronous Messaging.The product shall provide asynchronous messaging to enable parallel processing and reduce the overhead in communications,"not about flexibility, workload, efficiency, or optimize","not about flexibility, workload, efficiency, or optimize",0.563889741897583
The product shall provide Multi-threading and Load Balancing.The product shall provide multi-threading technology as well as load balancing to overcome data load spikes and traffic.,"not about flexibility, workload, efficiency, or optimize","not about flexibility, workload, efficiency, or optimize",0.5041301846504211
The product shall process messages within 2 seconds.The product shall have a maximum message processing time of 2 seconds,"not about flexibility, workload, efficiency, or optimize","not about flexibility, workload, efficiency, or optimize",0.6480159163475037
The product shall poll the system for messages every second.The product shall poll the system for new messages at a maximum of every 1 second.,"not about flexibility, workload, efficiency, or optimize","not about flexibility, workload, efficiency, or optimize",0.5603948831558228
The product shall provide Dynamic Change Support and Transparent resource addition.The product shall support Transparent Resource addition and Dynamic Change support to provide scalability and avoid service interruptions of more than 1 day.,"not about flexibility, workload, efficiency, or optimize","not about flexibility, workload, efficiency, or optimize",0.47541603446006775
The product shall be available 99% of the time. Rationale: To avoid service interruption during busiest customer service response periods. The product shall be available 99.99% of the time for regular business days.,"not about flexibility, workload, efficiency, or optimize","not about flexibility, workload, efficiency, or optimize",0.5291442275047302
The product shall be robust.The product shall have fault avoidance based on standards adoption.,"not about flexibility, workload, efficiency, or optimize","not about flexibility, workload, efficiency, or optimize",0.6544438600540161
The product shall be robust with fault tolerance.The product shall have fault tolerance by using recovery technique compensatory transaction and routing around failures.,"not about flexibility, workload, efficiency, or optimize","not about flexibility, workload, efficiency, or optimize",0.5690014958381653
The product shall be able to process all transactions.The product shall process minimum of 1 million transactions per year.,"flexibility, workload, efficiency, or optimize","not about flexibility, workload, efficiency, or optimize",0.6336686015129089
The product shall be platform independent.The product shall enable access to any type of development environment and platform.,"not about flexibility, workload, efficiency, or optimize","not about flexibility, workload, efficiency, or optimize",0.6167929172515869
The product shall interface CSR and Datastream.The product shall exchange messages between CSR and EAM on a real time basis without any direct interfaces between two systems.,"not about flexibility, workload, efficiency, or optimize","not about flexibility, workload, efficiency, or optimize",0.5144187211990356
 : The product shall continue to operate during upgrade  change or new resource addition.The product shall be able to continue to operate with no interruption in service due to new resource additions.,"not about flexibility, workload, efficiency, or optimize","not about flexibility, workload, efficiency, or optimize",0.5294857025146484
The product shall be updated on a regular basis.The product will have a new major feature introduced every six months and quarterly maintenance releases every six months.,"not about flexibility, workload, efficiency, or optimize","not about flexibility, workload, efficiency, or optimize",0.5700418949127197
The product shall operate with every platform.The product shall accommodate any new technology without any change in its architecture.,"not about flexibility, workload, efficiency, or optimize","not about flexibility, workload, efficiency, or optimize",0.6611782908439636
 The product shall have security.The product shall provide authentication  and authorization.,"not about flexibility, workload, efficiency, or optimize","not about flexibility, workload, efficiency, or optimize",0.6584324240684509
The product shall information Security. The product shall enable privacy by encryption WS-Security and Integrity Checking.,"not about flexibility, workload, efficiency, or optimize","not about flexibility, workload, efficiency, or optimize",0.5917289853096008
The product shall have audit capabilities.The product shall store messages for a minimum of one year for audit and transaction tracking purposes.,"not about flexibility, workload, efficiency, or optimize","not about flexibility, workload, efficiency, or optimize",0.5730299949645996
The system shall use IBM and CCR branding standards. The interface must have one IBM logo and one CCR logo.,"not about flexibility, workload, efficiency, or optimize","not about flexibility, workload, efficiency, or optimize",0.5967644453048706
The system shall be displayable on any work computer a CCR user may have. The system interface shall be formatted to display at 800 by 600 pixel resolution.,"not about flexibility, workload, efficiency, or optimize","not about flexibility, workload, efficiency, or optimize",0.5591533184051514
The system interface will use CCR nomenclature. The system must use the same nomenclature used in the existing WCS system and reports,"not about flexibility, workload, efficiency, or optimize","not about flexibility, workload, efficiency, or optimize",0.580580472946167
The interface must summarize the data in a fashion that’s appealing to CCR management. Every report type must have at least one high level summary shown in the results dashboard/interface,"not about flexibility, workload, efficiency, or optimize","not about flexibility, workload, efficiency, or optimize",0.5296401977539062
The system must use a point and click interface. 100% of all selection and navigation functionality must be able to be activated/selected by either a mouse or a keyboard,"not about flexibility, workload, efficiency, or optimize","not about flexibility, workload, efficiency, or optimize",0.4995157718658447
The interface shall be easy to use. 90% of users should be able to successfully use the system to generate a report on their first use. The interface should adhere to IBM usability standards.,"not about flexibility, workload, efficiency, or optimize","not about flexibility, workload, efficiency, or optimize",0.470760315656662
Rreports must be easy to generate. eports must be generated within one button click and exported within one button click (after selecting the report),"not about flexibility, workload, efficiency, or optimize","not about flexibility, workload, efficiency, or optimize",0.5505714416503906
A user shall be able to use the system without instruction after a short amount of time. After one use a user should understand and remember 90% of the system usage and navigation.,"not about flexibility, workload, efficiency, or optimize","not about flexibility, workload, efficiency, or optimize",0.4683183431625366
All CCR users shall receive training before the WCS system is deployed. One training session will be held for 100% of CCR users before system deployment (based on a CCR user being available),"not about flexibility, workload, efficiency, or optimize","not about flexibility, workload, efficiency, or optimize",0.5044363737106323
The WCS system shall use appropriate nomenclature and terminology as defined by the Corporate Community Grants organization. All interfaces and reports will undergo usability tests by CCR users.,"not about flexibility, workload, efficiency, or optimize","not about flexibility, workload, efficiency, or optimize",0.49678313732147217
The WCS system shall be available at all times as long as IBM’s internal intranet W3 is accessible. The WCS system will be available 95% of the time IBM’s internal intranet W3 is available.,"not about flexibility, workload, efficiency, or optimize","not about flexibility, workload, efficiency, or optimize",0.49439185857772827
The WCS system shall have the ability to connect other designated WCS databases currently not included in the system.,"flexibility, workload, efficiency, or optimize","not about flexibility, workload, efficiency, or optimize",0.5991484522819519
The WCS system shall have the ability to include data for regions outside the United States and be accessed by users outside of the United States if approved by CCR management.,"flexibility, workload, efficiency, or optimize","not about flexibility, workload, efficiency, or optimize",0.4815165400505066
The WCS system shall be run in a Windows environment. The WCS shall be accessed by users through the Internet on an IBM computer running a Windows 2000 or above operating system.,"not about flexibility, workload, efficiency, or optimize","not about flexibility, workload, efficiency, or optimize",0.5326735377311707
The Brio portion of the WCS system must be able to export files in spreadsheet form (Microsoft Excel and Lotus 1-2-3 formats).  Brio will provide buttons in the user interface that produce/export reports in .xls or .123 file formats.,"not about flexibility, workload, efficiency, or optimize","not about flexibility, workload, efficiency, or optimize",0.4293409585952759
The WCS system must run queries to the WCS databases once again (on a specified day) to update the available data available to CCR users. Queries must be made to external databases for data refresh once a week.,"not about flexibility, workload, efficiency, or optimize","not about flexibility, workload, efficiency, or optimize",0.5007148385047913
 All changes  updates  and additions to the WCS system shall be updated in the WCS Developer and WCS User Guides. Every change must be reflected in WCS system documentation,"not about flexibility, workload, efficiency, or optimize","not about flexibility, workload, efficiency, or optimize",0.5188036561012268
The system shall only be accessed by authorized Corporate Community Grants (CCR) employees. Users must be authenticated using their IBM intranet user name and password.,"not about flexibility, workload, efficiency, or optimize","not about flexibility, workload, efficiency, or optimize",0.5207411050796509
The WCS system shall not allow automatic logins by any user. Cookies containing WCS login information about a user will not be stored on a user’s computer.,"not about flexibility, workload, efficiency, or optimize","not about flexibility, workload, efficiency, or optimize",0.5615650415420532
Each team owner will need to use a username and password in order to be authenticated to reach the team owner’s page,"not about flexibility, workload, efficiency, or optimize","not about flexibility, workload, efficiency, or optimize",0.5542952418327332
The Commissioner will be the only authorized user per league to adjust league settings.,"not about flexibility, workload, efficiency, or optimize","not about flexibility, workload, efficiency, or optimize",0.6779641509056091
Each page shall contain a navigation menu which shows the index into which the current page is contained.,"not about flexibility, workload, efficiency, or optimize","not about flexibility, workload, efficiency, or optimize",0.6515772938728333
Each page shall contain a similar format with action items in one location and navigation buttons in a different location.,"not about flexibility, workload, efficiency, or optimize","not about flexibility, workload, efficiency, or optimize",0.6036331057548523
The message board shall contain the 5 most recently posted messages on the league page. The messages will contain up to the first 150 characters of the message.,"not about flexibility, workload, efficiency, or optimize","not about flexibility, workload, efficiency, or optimize",0.5288801193237305
;A new user shall be able to navigate through the league and team pages within 30 seconds of reaching the start-up page.,"not about flexibility, workload, efficiency, or optimize","not about flexibility, workload, efficiency, or optimize",0.5680978298187256
Users shall be able to reach the ‘add’  ‘drop’  and ‘trade player’ pages with one click from the team owner’s page.,"not about flexibility, workload, efficiency, or optimize","not about flexibility, workload, efficiency, or optimize",0.47748589515686035
;Users shall be able to view at least 25 NFL player statistics and points on each page.,"not about flexibility, workload, efficiency, or optimize","not about flexibility, workload, efficiency, or optimize",0.6111699938774109
The application shall ask the user to confirm dropping a player or trading a player before performing the action.,"not about flexibility, workload, efficiency, or optimize","not about flexibility, workload, efficiency, or optimize",0.5937224626541138
The application shall be able to complete every user transaction within one fourth of a second of receiving the request over the network.,"not about flexibility, workload, efficiency, or optimize","not about flexibility, workload, efficiency, or optimize",0.5559415221214294
The application shall have a downtime of at most 10 minutes per year.,"not about flexibility, workload, efficiency, or optimize","not about flexibility, workload, efficiency, or optimize",0.7179909944534302
The application shall run on a web application server.,"not about flexibility, workload, efficiency, or optimize","flexibility, workload, efficiency, or optimize",0.7038205862045288
A primary database will be used to store cached data for active users.,"not about flexibility, workload, efficiency, or optimize","not about flexibility, workload, efficiency, or optimize",0.6843260526657104
A secondary database will be used to store historical statistics and data.,"not about flexibility, workload, efficiency, or optimize","not about flexibility, workload, efficiency, or optimize",0.6685310006141663
Application updates shall occur between 3AM and 6 AM CST on Wednesday morning during the middle of the NFL season.,"not about flexibility, workload, efficiency, or optimize","not about flexibility, workload, efficiency, or optimize",0.5963438749313354
New System version releases shall be released at the beginning of each NFL season.,"not about flexibility, workload, efficiency, or optimize","not about flexibility, workload, efficiency, or optimize",0.6579228639602661
The RFS system should be available 24/7  especially during the budgeting period. The RFS system shall be available 90% of the time all year  and 98% during the budgeting period. 2% of the time  the system will become available within 1 hour of the time that the situation is reported.,"not about flexibility, workload, efficiency, or optimize","not about flexibility, workload, efficiency, or optimize",0.44740012288093567
98% of the user workstations shall meet the minimum hardware requirements prior to implementation. Minimum Hard Disk Space:  400MB.,"not about flexibility, workload, efficiency, or optimize","not about flexibility, workload, efficiency, or optimize",0.5054494738578796
98% of the user workstations shall meet the minimum software requirements prior to implementation: Microsoft Internet Explorer 5.0. Microsoft .NET Framework 1.1. Microsoft Internet Explorer Web Controls,"not about flexibility, workload, efficiency, or optimize","not about flexibility, workload, efficiency, or optimize",0.497279554605484
The RFS system should be able to easily interface with the BDW environment  in order to load the data. •;7 data files shall be received from the BDW and loaded into the RFS system within 3 hours one day prior to the start of budgeting process  every year. The data will be as of October month-end. ;Test files (7) shall be loaded up to 5 times throughout the year  from the BDW.,"not about flexibility, workload, efficiency, or optimize","not about flexibility, workload, efficiency, or optimize",0.4348598122596741
Changes to revenue and expense formulae must be applied to the RFS system  every year  prior to the budgeting process start. Revenue and expense formulae will be updated within one week of their receipt  after which 2 weeks will be allotted to testing of the budget calculations  to be conducted jointly by the project development team and PCG Finance.,"not about flexibility, workload, efficiency, or optimize","not about flexibility, workload, efficiency, or optimize",0.4263482987880707
New branches/complexes/districts/regions and revenue/expense accounts added to the BDW  must be reflected in the RFS system. 100% of the entities (mentioned above) available as of October month-end  will be loaded into the RFS system  prior to the budget start process.,"not about flexibility, workload, efficiency, or optimize","not about flexibility, workload, efficiency, or optimize",0.4089462459087372
Only authorized user shall access the RFS system. ONLY users that exist in the UAS system  with the RFS system assigned to their role(s)  shall access the RFS system and use it.,"not about flexibility, workload, efficiency, or optimize","not about flexibility, workload, efficiency, or optimize",0.4945681691169739
;User access should be limited to the permissions granted to their role(s) Each level in the PCG hierarchy will be assigned a role and users will be assigned to these roles. Access to functionality within RFS system is dependent on the privileges/permission assigned to the role..,"not about flexibility, workload, efficiency, or optimize","not about flexibility, workload, efficiency, or optimize",0.4647645950317383
The product must comply with the intranet page standards and requirements of ENET Securities. 95% of the product look & feel will be approved by the Architecture group  prior to implementation. The remaining 5% will be corrected and approved within one month of product release.,"not about flexibility, workload, efficiency, or optimize","not about flexibility, workload, efficiency, or optimize",0.4588138461112976
 The intranet pages should display appropriately in all resolutions  from 800x600 and higher. The display of all the pages will be correct in 95% of the resolutions  prior to implementation. The remaining 5% will be corrected within a week of notification of the incorrect display.,"not about flexibility, workload, efficiency, or optimize","not about flexibility, workload, efficiency, or optimize",0.4463431239128113
The users should be able to easily use the system to successfully complete their budgets  within the stipulated time for completion. With a week of training prior to product implementation  98% of the users shall complete their budgets within the stipulated time.,"not about flexibility, workload, efficiency, or optimize","not about flexibility, workload, efficiency, or optimize",0.45587635040283203
The product interface should be fast. The response time of the product interface should not exceed 2 seconds 90% of the time. For 10% of the time  the response time should not be more than 10 seconds.not be more than 10 seconds.,"not about flexibility, workload, efficiency, or optimize","not about flexibility, workload, efficiency, or optimize",0.46076151728630066
