Requirement text,Gold label,Predicated label,ZSL score
The system shall refresh the display every 60 seconds.,not about scablability,scablability,0.05818312242627144
The application shall match the color of the schema set forth by Department of Homeland Security,not about scablability,scablability,0.2089175283908844
 If projected  the data must be readable.  On a 10x10 projection screen  90% of viewers must be able to read Event / Activity data from a viewing distance of 30,not about scablability,not about scablability,0.10347945988178253
 The product shall be available during normal business hours. As long as the user has access to the client PC  the system will be available 99% of the time during the first six months of operation.,not about scablability,scablability,-0.017685115337371826
 If projected  the data must be understandable. On a 10x10 projection screen  90% of viewers must be able to determine that Events or Activities are occuring in current time from a viewing distance of 100,not about scablability,scablability,0.07540620118379593
The product shall ensure that it can only be accessed by authorized users.  The product will be able to distinguish between authorized and unauthorized users in all access attempts,not about scablability,not about scablability,0.08495349436998367
The product shall be intuitive and self-explanatory.  :  90% of new users shall be able to start the display of Events or Activities within 90 minutes of using the product.,not about scablability,not about scablability,0.11824219673871994
The product shall respond fast to keep up-to-date data in the display.,not about scablability,scablability,0.11362925171852112
The look and feel of the system shall conform to the user interface standards of the smart device.,not about scablability,scablability,0.051958467811346054
 The user interface shall have standard menus  buttons for navigation,not about scablability,not about scablability,-0.057316362857818604
The system shall have a professional appearance,not about scablability,scablability,0.2472064048051834
The product shall have a consistent color scheme and fonts.,not about scablability,scablability,0.13012553751468658
The system shall be used by realtors with no training.,not about scablability,not about scablability,0.06007497012615204
The system shall be intuitive and self explanatory.,not about scablability,scablability,0.11919485777616501
The product shall be easy for a realtor to learn.,not about scablability,scablability,0.10834340751171112
The product shall use symbols and words that are naturally understandable by the realtor community.,not about scablability,scablability,0.05073168873786926
The product shall produce search results in an acceptable time,not about scablability,scablability,0.0650535598397255
The search results shall be returned no later 30      seconds  after the user has entered the search criteria,not about scablability,not about scablability,-0.009078318253159523
The product shall generate a CMA report in an acceptable time.,not about scablability,scablability,0.10869103670120239
The CMA report shall be returned no later 60 seconds after the user has entered the CMA report criteria.,not about scablability,scablability,0.019809454679489136
The product shall synchronize contacts and appointments in an acceptable time.,not about scablability,scablability,0.0807640478014946
The product shall synchronize with the office system every hour.,not about scablability,scablability,0.08093195408582687
 The product shall be available for use 24 hours per day  365 days  per year,not about scablability,not about scablability,0.11857324838638306
 Out of 1000 accesses to the system  the system is available 999 times.,not about scablability,scablability,0.04406115785241127
The product shall operate in offline mode whenever internet connection is unavailable.,not about scablability,scablability,0.04170526564121246
 The product shall allow the user to view previously downloaded search results  CMA reports  and appointments.,not about scablability,scablability,0.005220521241426468
The product shall retain user preferences in the event of a failure.,not about scablability,scablability,0.12392828613519669
100% of saved user preferences shall be restored when system comes back online.,not about scablability,scablability,0.0572299100458622
The product shall be able to support multiple remote users,scablability,scablability,0.047909583896398544
The product shall be able support 1000 simultaneous users.,scablability,scablability,-0.0021633021533489227
The product shall be capable of handling the existing 1000 users. This number is expected to grow 5 times within the next year.,scablability,scablability,0.052584435790777206
The product shall be installed by an untrained realtor   without recourse to separately-printed instructions.,not about scablability,not about scablability,0.16284039616584778
90% of untrained realtors shall be able to install the product on their device without printed instructions,not about scablability,not about scablability,0.13006256520748138
The product is expected to run on Windows CE and Palm operating systems.,not about scablability,scablability,-0.009115107357501984
Only registered realtors shall be able to access the system.,not about scablability,not about scablability,-0.04143498092889786
Every user of the system shall be authenticated and authorized.,not about scablability,scablability,0.017038974910974503
The product shall prevent its data from incorrect data being introduced.,not about scablability,not about scablability,0.1683294177055359
The system shall be easy to use by the Program Administrators/Nursing Staff Members.,not about scablability,not about scablability,0.10939795523881912
All of the users shall be able to use the system after one day of training.,not about scablability,scablability,0.08633273094892502
The system shall help the user avoid making mistakes while scheduling classes and clinicals for the nursing students.,not about scablability,not about scablability,0.12199465930461884
The number of mistakes noted by the students shall be decreased by 50% in the first year.,not about scablability,scablability,0.07917173206806183
The system shall be intuitive to the Program Administrators/Nursing Staff Members.,not about scablability,not about scablability,0.08818765729665756
2 out of 3 Program Administrators/Nursing Staff Members shall successfully be able to use the system to manage the scheduling of classes and clinicals.,not about scablability,scablability,0.11187757551670074
The system shall use symbols and words that are naturally understandable by the user community.,not about scablability,scablability,0.09299083799123764
The verbiage used within the system shall be consistent with Standard English and the terminology of the national Nursing Community.,not about scablability,not about scablability,0.04088003560900688
Staff members shall be able to complete a set of tasks in a timely manner.,not about scablability,scablability,0.1102185770869255
The response time of general student management tasks shall take no longer than 5 seconds and the response time of schedule generation shall take no longer than 30 seconds.,not about scablability,not about scablability,0.08790383487939835
The system shall be available for use between the hours of 8am and 6pm.,not about scablability,scablability,-0.03317274898290634
The system shall achieve 95% up time.,not about scablability,scablability,0.029521701857447624
system shall be able to handle all of the user requests/usage during business hours.,scablability,scablability,0.0027309793513268232
The system shall cater to 10 simultaneous users from 9am to 5pm.,scablability,scablability,-0.04579102620482445
The system shall be capable of processing 100% of nursing students and their classes for the next 10 years.,scablability,not about scablability,0.08070309460163116
The system shall be expected to manage the nursing program curriculum and class/clinical scheduling for a minimum of 5 years.,scablability,not about scablability,0.04087422788143158
The system shall able to operate within a business office environment typical of the Nursing Department at DePaul University.,not about scablability,scablability,0.009060079231858253
The system shall be used within the specifications defined by the computers used by the Program Administrators/Nursing Staff Members.,not about scablability,not about scablability,0.03168268874287605
The system shall operate within the Windows XP Professional operating system.,not about scablability,scablability,0.004577393643558025
The system shall interface with CampusConnect’s central server,not about scablability,scablability,0.069583460688591
The system shall interface with the faculty central server.,not about scablability,scablability,0.061593785881996155
The system shall interface with the student master server.,not about scablability,scablability,0.07130823284387589
We must be able to interface with any HTML browser.,not about scablability,not about scablability,0.05231805890798569
Only authorized users shall have access to clinical site information.,not about scablability,not about scablability,0.16502010822296143
Program Administrators/Nursing Staff Members are the only people who shall have access to clinical site details.,not about scablability,not about scablability,0.09838937222957611
Only authorized users shall have access to students’ personal information.,not about scablability,not about scablability,0.13385212421417236
Dr Susan Poslusny and Dr Julie Donalek are the only people who shall have access to students’ personal information.,not about scablability,not about scablability,0.1526489406824112
Only authorized users shall have access to the portion of the system that interfaces with CampusConnect.,not about scablability,not about scablability,0.08769726008176804
Fit Criterion: Dr Susan Poslusny and Karen Sysol are the only people who shall have access to the final class section scheduling for the system that interfaces with CampusConnect.,not about scablability,scablability,0.15823262929916382
The system shall have basic data integrity checking to reduce the possibility of incorrect or invalid data being introduced.,not about scablability,scablability,0.12664739787578583
The system shall protect private information in accordance with the organization’s information policy.,not about scablability,not about scablability,0.10556724667549133
The system shall be built such that it is as secure as possible from malicious interference.,not about scablability,scablability,0.08704742044210434
The system shall use the organization’s standard virus protection software to help monitor threats to itself.,not about scablability,scablability,0.08034972846508026
The Disputes application shall comply with the corporate standards for user interface creation for internally and externally used applications.,not about scablability,not about scablability,0.12920795381069183
All screens created as part of the Disputes application must comply with corporate standards for interface creation.,not about scablability,scablability,0.07109839469194412
The list of dispute cases that are displayed after a search is performed must be color coded for easy identification of dispute cases based upon the dispute case status.,not about scablability,scablability,0.010367263108491898
100% of the cardmember and merchant services representatives shall use the Disputes application regularly after a 2-day training course.,not about scablability,not about scablability,0.1008269339799881
100% of cardmember services representatives shall be able to successfully create a dispute case on the first encounter after completing the training course.,not about scablability,not about scablability,0.08899272978305817
100% of merchant services representatives shall be able to successfully perform a follow up action on a dispute case on the first encounter after completing the training course.,not about scablability,not about scablability,0.08713257312774658
The maximum wait time for a user navigating from one screen to another within the Disputes application shall be no more than 5 seconds.,not about scablability,not about scablability,0.05574605613946915
The Disputes application shall support 350 concurrent users without any degradation of performance in the application.,not about scablability,not about scablability,0.06485355645418167
 The Disputes application shall be available 24x7x365  with the exception of the following scheduled maintenance windows.  Monday – Saturday 3:00am to 4:00am EST Sunday 1:00amd to 5:00am EST,not about scablability,scablability,0.13171716034412384
The Disputes application shall interface with the Statement Database. The Statement Database provides the transaction details to the Disputes System. All transaction details must be obtained from the Statement Database,not about scablability,not about scablability,0.02423543855547905
The Disputes application shall interface with the Cardmember Information Database.  The Cardmember Information Database provides detailed information with regard to a cardmember.  All cardmember detail information must be obtained from the Cardmember Information Database.,not about scablability,not about scablability,0.06583988666534424
The Disputes applications shall interface with the Merchant Information Database.  The Merchant Information Database provides detailed information with regard to the merchant. All merchant detail information shall be obtained from the Merchant Information Database.,not about scablability,not about scablability,0.011782963760197163
The Disputes application shall interface with the Letters application.  This will allow the Disputes application to request letters as part of the dispute initiation and dispute follow up process. All letter requests must be sent to the Print Letter Utility application.,not about scablability,scablability,0.07937213033437729
The Disputes application shall interface with the Cardmember Posting and Billing System.  This will allow the Disputes application to request adjustments to cardmember and merchant’s accounts. All adjustment requests must be sent to the Cardmember Posting and Billing System.,not about scablability,not about scablability,0.05443798750638962
The Disputes application shall ensure that only users with the appropriate access level are allowed to initiate dispute requests.,not about scablability,not about scablability,0.061235979199409485
Only users with Update access must be able to initiate dispute requests.,not about scablability,not about scablability,0.0506671704351902
The Disputes application shall ensure that only authorized users are allowed to logon to the application.,not about scablability,not about scablability,0.062312908470630646
 All authorized users  once authenticated must be able to logon to the Disputes System,not about scablability,not about scablability,0.05220610275864601
The Disputes System shall generate a User Report that details any new users that have been added and any changes to an existing user’s access level.  The report will be reviewed for auditing purposes.,not about scablability,scablability,0.04780467227101326
All additions of new users and modifications to user’s access shall be recorded on the User Report.,not about scablability,not about scablability,0.029678475111722946
 If a user account is revoked  it can only be re-instantiated by the System Administrator.,not about scablability,scablability,0.07150448113679886
Only the System Administrator shall be able to reset a revoked user logon account,not about scablability,scablability,0.0664900690317154
The Disputes application shall manipulate and view business data. Users will not have direct access to data files or databases.,not about scablability,not about scablability,0.10877660661935806
All updates to data files or database must be initiated from the Disputes System.,not about scablability,not about scablability,-0.014229781925678253
The Disputes application must conform to the legal requirements as specified by the Merchant Operating Regulations.,not about scablability,not about scablability,0.03376244753599167
All business rules specified in the Disputes System shall be in compliance with the Merchant Operating Regulations.,not about scablability,not about scablability,-0.005737318657338619
The Disputes application must conform to the legal requirements as specified by Regulation E and Regulation Z that govern credit card disputes processing.,not about scablability,not about scablability,0.07767325639724731
All business rules specified in the Disputes System shall be in compliance to the guidelines of Regulation E and Regulation Z.,not about scablability,not about scablability,0.03690417483448982
The Disputes application must maintain a detailed history of every action that a user takes on a dispute case.  This ensures a complete audit trail if questions arise later on with regard to a particular dispute case.,not about scablability,scablability,0.06779064983129501
All actions that modify an existing dispute case must be recorded in the case history.,not about scablability,not about scablability,0.04162220656871796
The product must support Internet Explorer 5.5 and above.,not about scablability,scablability,0.02319354936480522
The product must support Mozilla Firefox 1.0 and above.,not about scablability,not about scablability,0.05218654125928879
The product shall interface with the Choice Parts System.  This provides the feed of recycled parts data.,not about scablability,scablability,0.14729343354701996
The product shall run on the existing hardware for all environments.,not about scablability,scablability,0.07728037238121033
The product shall adhere to the corporate Architecture guidelines,not about scablability,not about scablability,0.12417084723711014
The product shall comply with corporate User Interface Guidelines,not about scablability,scablability,0.16435815393924713
The product shall comply with corporate color scheme,not about scablability,scablability,0.17560476064682007
The appearance of the product shall appear professional,not about scablability,scablability,0.3313985764980316
The product shall be easy to use by Adjusters and Collision Estimators.  95% of Adjusters and Collision Estimators shall find the product easy to use.,not about scablability,scablability,0.12805423140525818
The product shall increase productivity of Collision Estimators. 80% of the Collision Estimators shall agree their productivity has increase within 1 month of using the product.,not about scablability,scablability,0.10173249244689941
Users shall feel satisfied using the product.  85% of all users will be satisfied with the product.,not about scablability,not about scablability,0.04322640225291252
The product shall be easy to learn by Adjusters and Collision Estimators.  The product shall be learned with two days onsite training,not about scablability,scablability,0.21842864155769348
The user shall easily locate instructions while using the product.  User help can be found within 90% of the system.,not about scablability,not about scablability,0.07374266535043716
The search for recycled parts shall take no longer than 15 seconds.  The search results shall be returned in under 15 seconds.,not about scablability,scablability,0.11276571452617645
The search for the preferred repair facility shall take no longer than 8 seconds.  The preferred repair facility is returned within 8 seconds,not about scablability,scablability,0.12467305362224579
The recycled parts audit report shall be returned to the user within 10 seconds.  The audit report shall be returned within 10 seconds.,not about scablability,scablability,0.14996233582496643
The preferred repair facility ratings shall be saved within 5 seconds. The save shall occur within 5 seconds.,not about scablability,scablability,0.14652322232723236
The product shall adhere to the corporate online availability schedule.  The application is brought down only within 98% of the scheduled outages per the availability schedule.,not about scablability,scablability,0.1439175009727478
The product shall achieve a 98% uptime. The product shall not fail more than 2% of the available online time.,not about scablability,scablability,0.07861341536045074
The product shall be able to handle up to 1500 simultaneous users. The system shall perform with 1500 users as a time.,scablability,scablability,-0.004081752151250839
 The average number of recycled parts records per day shall be 50 000.,scablability,scablability,0.08029976487159729
 The product shall be able to handle 10 000 concurrent users within 2 years of the initial launch.,scablability,scablability,0.010175668634474277
 For estimators  the product shall be able to be operated in a repair facility during dirty and noisy conditions.,not about scablability,scablability,0.12110424041748047
The product shall interface with the ChoiceParts system once per day at approximately 1:00 AM.,not about scablability,scablability,0.09494560956954956
The maintenance of the product will fall within the established corporate maintenance windows.,not about scablability,scablability,0.09988681226968765
The product shall be supported using the corporate support center.,not about scablability,not about scablability,0.042250603437423706
Product installations and upgrades shall be handled by the middleware technology team within established launch time frames.,not about scablability,scablability,0.048844315111637115
Only adjusters can request recycled parts audit reports. No users without an adjuster role shall request recycled parts audits.,not about scablability,scablability,0.09752017259597778
Only adjusters with a supervisor role can update preferred repair facility ratings. Users without the supervisor role cannot access the repair facility ratings.,not about scablability,scablability,0.061850547790527344
Only collision estimators shall search for recycled parts.  Users without the collision estimator role shall not have access to the search for recycled parts.,not about scablability,scablability,0.11684565991163254
Only valid data shall be entered into the system.  No invalid data shall be entered into the system.,not about scablability,not about scablability,0.06350214779376984
One insurance company shall not be able to view another insurance companys claim data.,not about scablability,not about scablability,0.12406116724014282
The product shall free of computer viruses.,not about scablability,scablability,0.13878133893013
The system shall prevent malicious attacks including denial of service.,not about scablability,not about scablability,0.10841204226016998
The product must comply with Sarbanes-Oxley.,not about scablability,not about scablability,0.21674415469169617
The product shall comply with the estimatics laws relating to recycled parts usage.,not about scablability,scablability,0.1128067746758461
The product shall comply with insurance regulations regarding claims processing.,not about scablability,not about scablability,0.17231109738349915
 The product must work with most database management systems (DBMS) on the market  whether the DBMS is colocated with the product on the same machine or is located on a different machine on the computer network.,not about scablability,scablability,0.0899350568652153
The product will function alongside server software on any operating system where the Java runtime can be installed.,not about scablability,scablability,0.016469944268465042
The product will require collaboration with a database management system (DBMS).  The DBMS may be located on the same machine as the product or on a separate machine residing on the same computer network.,not about scablability,scablability,0.08471830189228058
 The product must make use of web/application server technology.  Open source examples include Apache web server  Tomcat  and the JBoss application server.,not about scablability,scablability,0.02392663061618805
 A database management system such as Oracle  DB2  MySql or HSQL will need to be integrated with the product.,not about scablability,scablability,-0.0005166209302842617
 The product’s Look and Feel shall be able to incorporate aspects of the customer’s organization such as logo  branding  and identity,not about scablability,scablability,0.16133394837379456
The product shall have a conservative and professional appearance.,not about scablability,scablability,0.24037906527519226
The product shall make the users want to use it. 80% of the users surveyed report they are regularly using the product after the first 2 weeks post-launch.,not about scablability,not about scablability,0.0663725733757019
The product shall be easy to use. 90% of users will be able to successfully reserve a conference room within 5 minutes of product use.,not about scablability,not about scablability,0.09049350768327713
The product shall give users feedback when necessary. 80% of the users surveyed report that the product accurately confirms their actions.,not about scablability,scablability,0.1288241744041443
The product shall allow the user to select a chosen language from one of the target market countries.,not about scablability,scablability,0.0734572634100914
The product shall allow for customization of start page and views preferences.,not about scablability,scablability,0.0673600286245346
 An employee will be able to successfully use the product within a few minutes.  After informally navigating the product for less than 15 minutes  users shall be able to successfully setup meetings and reserve conference rooms.,not about scablability,not about scablability,0.05786093324422836
The product shall use a standard navigation menu familiar to most web users.,not about scablability,scablability,-0.026503674685955048
The product shall allow for intuitive searching of available conference rooms.,not about scablability,scablability,-0.019834404811263084
The product shall conform to the Americans with Disabilities Act.,not about scablability,not about scablability,0.19725148379802704
The response shall be fast enough to avoid interrupting the user’s flow of thought.  90% of tasks shall complete within 5 seconds.  98% of tasks shall complete within 8 seconds.,not about scablability,not about scablability,0.08748910576105118
 Aside from server failure  the software product shall achieve 99.99% up time.,not about scablability,not about scablability,0.08564341813325882
The product shall create an exception log of problems encountered within the product for transmission to our company for analysis and resolution.,not about scablability,scablability,0.16875159740447998
 The product shall be capable of handling up to 1 000 concurrent requests.  This number will increase to 2 000 by Release 2.  The concurrency capacity must be able to handle peak scheduling times such as early morning and late afternoon hours.,scablability,scablability,0.017117859795689583
 The product shall be able to process 10 000 transactions per hour within two years of its launch.  This number will increase to 20 000 by Release 2.,scablability,not about scablability,0.03353961557149887
The product shall be expected to operate for at least 5 years for each customer installation.,scablability,scablability,0.048676006495952606
The product shall be used in office environments.,not about scablability,not about scablability,0.19679149985313416
The product must be able to interface with any HTML browser.  The product shall transmit data between the user and the product without problems. The product shall display HTML properly in 80% of all HTML browsers tested (minimum is to test 8 browsers).,not about scablability,scablability,0.05673046410083771
The product must be able to interface with various database management systems. The product shall communicate successfully with the database management system on 100% of all transactions.,not about scablability,scablability,0.05603954568505287
The product must be able to interface with various email servers. The product shall be able to send email.,not about scablability,not about scablability,0.1003049984574318
The product shall be available for distribution via the Internet as a binary or ZIP file.,not about scablability,scablability,0.09236384183168411
The product shall be available for distribution as a packaged CD.,not about scablability,scablability,0.09838894009590149
 The product will be available for licensing as a one-server  two-five servers  or five-or-more servers license.,not about scablability,scablability,0.0881740152835846
A new user must be able to be added to the system within 10 minutes.  90% of new users are able to log into the system within 10 minutes.,not about scablability,not about scablability,-0.036251846700906754
The product must be designed using Design Patterns and coding best practices.  90% of maintenance software developers are able to integrate new functionality into the product with 2 working days.,not about scablability,scablability,0.06106017902493477
The product must be highly configurable for use with various database management systems for the end users.  80% of end users are able to integrate new database management systems with the product without changing the product’s software code.,not about scablability,scablability,0.03641454875469208
Maintenance releases will be offered to customers once a year.  The releases shall take no longer than 5 minutes for 80% of the customer base to install.,not about scablability,scablability,0.016317714005708694
Every registered user will have access to the product’s support site via the Internet.  70% of registered users shall find a solution to their problem within 5 minutes of using the support site.,not about scablability,not about scablability,0.11619605123996735
The customer shall be able to easily integrate new building maps with the product throughout the product’s lifecycle.  Integration of new maps with the product shall be possible with little to no support from product support staff.,not about scablability,scablability,0.11480064690113068
 The product shall be translated into foreign languages other than the target market countries’ languages in future releases.  For each emerging target market  it shall take no more than 5 days to configure the product for that market’s language.,not about scablability,scablability,0.0038512940518558025
 The product is expected to integrate with multiple database management systems.  The product will operate with Oracle  SQL Server  DB2  MySQL  HSQL  and MS Access.,not about scablability,scablability,0.04563003033399582
The product shall be able to be installed in any operating environment within 2 days.,not about scablability,scablability,0.03453774005174637
The product shall ensure that only company employees or external users with company-approved user IDs may have product access.  100% of all logons shall be by either company employees or external users with company-approved user IDs.,not about scablability,scablability,0.11310218274593353
Only managers are able to perform search queries for reservations by user.  100% of all search queries for reservations by user shall be from logons of only management logons.,not about scablability,not about scablability,0.009830266237258911
The product shall ensure that the database’s data corresponds to the data entered by the user.  Each conference room reservation in the system will contain the same information as was entered by the user.,not about scablability,scablability,0.06494349241256714
The product shall prevent the input of malicious data.  The product and/or adjacent hardware/software systems’ data shall remain 100% uncorrupted each time malicious data is input into the product.,not about scablability,scablability,0.1700986623764038
The product and/or dependent databases/filesystems shall remain operational as a result of the input of malicious data.  The product and/or dependent databases/filesystems shall not crash 100% of the time that malicious data is input into the product.,not about scablability,scablability,0.1188286542892456
The product shall have the ability to receive automatic software updates as new threats emerge.  100% of customers will be able to receive automatic software updates transmitted to the installed product.,not about scablability,scablability,0.05845833942294121
The language of the product shall accommodate all of the target market countries. 90% of survey respondents from each target market country will find that the language of the product is acceptable.,scablability,not about scablability,0.036754485219717026
The product shall be able to display calendar dates and times according to the user’s locale.  90% of survey respondents from each target market country will find that the date and time formatting of the product is correct.,not about scablability,scablability,-0.0002861684188246727
The product must be developed with the J2SE/J2EE programming language libraries,not about scablability,scablability,0.10453803837299347
Recreation of Inventory Quantity Adjustment for the period of previous 30 days shall take no more than 30min.,not about scablability,scablability,0.033562496304512024
The System shall allow for a minimum of  6 users to work at the same time.,not about scablability,scablability,0.03479474410414696
The System shall utilize currently owned computer equipment.,not about scablability,scablability,0.02025361731648445
The System shall be able to automatically backup business data and restore them on demand.,not about scablability,scablability,0.06966199725866318
The System shall maintain consistent security.  Any changes in user passwords and/or permissions should take affect in all parts of the System.,not about scablability,not about scablability,0.02677583321928978
The System shall granularly control access rights to all major subsystems.  It should be possible to assign access rights to all subsystems independently.,not about scablability,scablability,0.030460476875305176
The System shall meet all applicable accounting standards.  The final version of the System must successfully pass independent audit performed by a certified auditor.,not about scablability,scablability,0.004090896807610989
The System shall not require additional third party licenses resulting in royalty fees.,not about scablability,not about scablability,0.02302458882331848
Administrator shall be able to activate a pre-paid card via the Administration section in under 5 seconds.,not about scablability,not about scablability,0.021388547495007515
 Customer shall be able to check the status of their prepaid card  by entering in the PIN number  in under 5 seconds.,not about scablability,scablability,0.00284044211730361
System shall let customers register on the website as a “pay as you go” user in under 5 minutes.,not about scablability,not about scablability,0.030828136950731277
System shall let customers register on the website as a “unlimited movie subscriber” user in under 10 minutes.,not about scablability,scablability,-0.00032238103449344635
System shall let existing customers log into the website with their email address and password in under 5 seconds.,not about scablability,not about scablability,0.015910763293504715
 System shall let customers cancel their account  process shall take no longer than 2 minutes.  Database will mark the account as inactive  and user will not be able to log into the website.,not about scablability,scablability,0.06404456496238708
System shall let administrator de-activate a customer account in under 1 minute. Customer will no longer be able to access the website.,not about scablability,scablability,0.09517689049243927
System shall let administrator add/remove movies on the website in under 5 minutes.  Entered movie information will be stored in the database and will now be available on the website.,not about scablability,scablability,0.005845699459314346
System shall let the administrator add/remove categories on the website in under 5 minutes.,not about scablability,scablability,0.1035156399011612
System shall let Izogn Manager access sales and usage statistics in under 2 minutes.,not about scablability,scablability,0.027236975729465485
System shall let administrators generate unique pre-paid pins in under 2 minutes and generate an Excel file with the generated PINs.,not about scablability,scablability,0.05494071543216705
The website shall be attractive to all audiences.  The website shall appear to be fun and the colors should be bright and vibrant.,not about scablability,not about scablability,0.07626701146364212
 The website should have an African feel  but should not alienate non-Africans.  The website should use animation on pages which are describing the services  to grab the users attention and encourage them to sign up.,not about scablability,not about scablability,0.04774016886949539
 The website design should be modern  clean  and concise.,not about scablability,not about scablability,0.10329762101173401
The product should be able to be used by 90% of novice users on the Internet.,not about scablability,not about scablability,0.12884001433849335
 Users should only have to navigate through a maximum of 4 pages  to create an account with the website.,not about scablability,not about scablability,0.005813646130263805
Users should be able to access their streaming movies in under 2 clicks after logging into the website.,not about scablability,not about scablability,-0.007606158964335918
An anonymous survey will show that 70% of customers are comfortable purchasing streaming movies after 2 weeks using the website.,not about scablability,not about scablability,-0.014968868345022202
An anonymous survey will show that 95% of customers are comfortable using and purchasing pre-paid cards after a month of using the system.,not about scablability,not about scablability,-0.027652006596326828
The product shall retain the customer’s buying preferences and information.,not about scablability,scablability,0.12341459840536118
The product shall be easy for customers with novice skills on the  Internet to purchase and watch streaming movies.  Customers should be able to purchase and watch a pre-determined movie in under 3 minutes.,not about scablability,not about scablability,0.036240361630916595
The product shall use symbols and words that are naturally understandable by users familiar with websites,not about scablability,not about scablability,0.13812220096588135
The website will use standard Internet conventions when interacting with the user.,not about scablability,not about scablability,0.04380001872777939
 Any interface between a user and the automated system shall have a maximum response time of 5 seconds  unless noted by an exception below.,not about scablability,not about scablability,0.08930608630180359
 When purchasing a streaming movie or pre-paid card via credit card  the processing time should have a maximum response time of 15 seconds.,not about scablability,not about scablability,0.002711104229092598
 When streaming a movie  the buffering time should take no longer than 10 seconds (plus any latency on the user’s connection.),not about scablability,not about scablability,0.032497502863407135
 While streaming a movie  buffering should only occur if there is latency in the user’s connection.,not about scablability,not about scablability,0.07522611320018768
 All credit card information will be secured on the server  and only accessible by authorized Izogn administrators.  Information will be encrypted in the database.,not about scablability,not about scablability,-0.003177173435688019
 The website shall be available for use 24 hours per day  365 days per year.,not about scablability,not about scablability,-0.002604084089398384
The website shall achieve 99.5% up time.,not about scablability,not about scablability,0.07058092951774597
 All movies shall be streamed on demand  at any time of the day.,not about scablability,not about scablability,0.02275199443101883
The website shall continue to operate if the streaming server goes down.,not about scablability,scablability,0.027090398594737053
The website shall continue to operate if the payment gateway goes down.,not about scablability,scablability,-0.013154961168766022
The streaming server will support 50 simultaneous streaming connections.,scablability,scablability,0.013646740466356277
The streaming server will support a maximum of 700 movies  new servers can be added to support more movies.,scablability,not about scablability,-0.028086800128221512
 The server will support a maximum of 1 000 simultaneous users.,scablability,not about scablability,-0.01600322127342224
 The website shall be capable of supporting 100 000 customers.,scablability,not about scablability,-0.0034124418161809444
The product shall be expected to operate within the maximum maintenance budget for a minimum of 2 years.,not about scablability,scablability,0.06274683773517609
All aspects of the website shall be accessed by a web browser over the Internet.,not about scablability,not about scablability,0.05483841896057129
The same hardware supporting the current website will be used to support the new system.,not about scablability,scablability,0.0016269269399344921
 We must be able to interface with the following browsers: IE 5.X  6.0  Netscape 6.x  7.x  8.x and Firefox 1.0.,not about scablability,scablability,0.07268902659416199
Website must interface with the CyberSource API to process credit card transactions.,not about scablability,not about scablability,0.08329937607049942
Website must be fully operational with MSN TV2.,not about scablability,scablability,0.05661782994866371
Movies shall be encoded and streamed via Windows Media Player 9.0.,not about scablability,scablability,0.03769495338201523
Movies shall be encoded for 56k and 256k streams.,not about scablability,not about scablability,0.10530579835176468
Promotional updates to the website should take a day to update.,not about scablability,not about scablability,0.0514037162065506
Izogn Administrator must be able to update the category listings on the website within 2 minutes.,not about scablability,not about scablability,0.04505763202905655
Izogn Administrator must be able to add new products to the website within 2 minutes.,not about scablability,not about scablability,0.051059428602457047
The system will provide a 24 hour 800 toll free number for support to its customers.,not about scablability,scablability,-0.0019185133278369904
The website will provide a help section with answers and solutions to common problems.,not about scablability,scablability,0.052493445575237274
 Velkat staff will be available for phone support between 7am-7pm  M-F to provide technical support to the Izogn administrators.,not about scablability,not about scablability,0.08514256775379181
The product shall be able to be installed in the specified environment within 1 working day.,not about scablability,scablability,0.07269945740699768
Only registered customers can purchase streaming movies.,not about scablability,not about scablability,0.013758109882473946
 A customer can only stream a movie if they purchased it  and are within the 2 day viewing period.,not about scablability,not about scablability,0.02950415015220642
Only authorized personnel can access customer records in the database.,not about scablability,not about scablability,-0.0164116732776165
Only administrators can activate a pre-paid card.,not about scablability,not about scablability,0.06123775243759155
Only authorized personnel can access sales information.,not about scablability,not about scablability,0.028420303016901016
The website shall prevent its data from being corrupted when incorrect data is entered in.,not about scablability,not about scablability,0.10228346288204193
 The website shall protect itself from intentional abuse  and notify the administrator at all occurrences.,not about scablability,not about scablability,0.12642867863178253
Data integrity scripts will be run on a weekly basis to verify the integrity of the database.,not about scablability,scablability,0.11183997988700867
 The website shall make its user aware of its information practices before collection data from them via a Privacy Policy  accessible on all pages of the website.,not about scablability,not about scablability,0.08737911283969879
The system shall notify customers of changes to its information policy.,not about scablability,not about scablability,0.021717438474297523
The system shall reveal private information only in compliance with the organization’s information policy.,not about scablability,not about scablability,0.07368611544370651
 All customer information will be stored on a secure database  accessible only to authorized personnel.,not about scablability,not about scablability,0.003047236241400242
All credit card information will be encrypted in the database.,not about scablability,not about scablability,-0.009868638589978218
The streaming server will have anti-virus software to prevent infection of malicious viruses.,not about scablability,not about scablability,0.06429853290319443
The website should cater to all tribes in Nigeria.,not about scablability,not about scablability,0.07772321999073029
The website shall not be offensive to religious or ethnic groups.,not about scablability,not about scablability,0.1446777582168579
 The website should appeal to all Africans  not only Nigerians.,not about scablability,not about scablability,0.13333439826965332
The website should use Flash to provide animation on the home page.,not about scablability,not about scablability,0.0156415905803442
IzognMovies shall meet the licensing requirements set forth by the appropriate organizations in order to stream African movies.,not about scablability,scablability,0.017883673310279846
The website will comply with W3C standards.,not about scablability,not about scablability,0.07658212631940842
The PHP code will comply with PEAR standards.,not about scablability,not about scablability,0.05606524646282196
Total lead cycle time must be completed in 5 minutes for 90% of lead volume between the business hours of 8AM CST to 8PM CST  then 3 minutes for 99% of lead volume during off business hours.,not about scablability,scablability,-0.05656927451491356
No lead evaluation will complete in a time period longer than 25 seconds for 97% of all leads processed.,not about scablability,not about scablability,0.03568943217396736
For leads that process longer than 25 seconds the system will record the event and duration,not about scablability,scablability,0.03740551695227623
The process must fit within the processing time conditions set forth by the Auto Rep Assignment process in which a lead is assigned within 3 minutes of the total life cycle.,not about scablability,scablability,0.12531410157680511
The lead washing process will operate within the established physical web service structure.,not about scablability,scablability,0.05414367839694023
 The washing process must use a non binding  neutral data format  such as xml  when receiving and processing lead data.,not about scablability,scablability,0.12041676044464111
Defect reports will be available to technical units on a 24x7 basis.,not about scablability,scablability,0.06988934427499771
Washing parameters will be updated during scheduled maintenance hours.,not about scablability,scablability,0.09606385976076126
The product shall simulate the look of ships at sea.,not about scablability,scablability,0.13204482197761536
The product shall display the grids within a circle as a view from a periscope.,not about scablability,scablability,0.08528837561607361
The product shall display each type of ship in a grid using an image of the specific type of ship.,not about scablability,scablability,0.1298026144504547
 When the offensive player takes a shot  the product shall simulate the sound of a ship at sea.,not about scablability,scablability,0.11518868803977966
 When a shot is marked as a miss  the product shall simulate the sound of a shot missing its target.,not about scablability,scablability,0.12485405802726746
 When a shot is marked as a hit  the product shall simulate the sound of a shot hitting its target.,not about scablability,scablability,0.13610854744911194
 When a ship is sunk  the product shall simulate the sound of a sinking ship.,not about scablability,scablability,0.11106176674365997
 The product shall be available 24 hours per day  seven days per week.,not about scablability,not about scablability,0.07311978936195374
The product shall able to handle a large number of games simultaneously.,not about scablability,not about scablability,0.028967764228582382
The response time shall be fast enough to maintain the flow of the game.  The response time shall be no more than 2 seconds for 95% of responses and no more than 4% for the remaining responses.,not about scablability,not about scablability,0.027184398844838142
The product shall protect the identity of the players. The product shall provide players no access to information that might reveal the identity of another player.,not about scablability,not about scablability,0.17850643396377563
The product shall be intuitive and self-explanatory.  Nine out ten users shall be able to successfully complete a game with no training.,not about scablability,scablability,0.1884765475988388
 The product shall be available to players who understand English  Spanish and French.  The product shall allow the user to select the language upon accessing the product.,not about scablability,not about scablability,0.07247638702392578
The product shall provide players no access to information that might reveal the identity of another player,not about scablability,not about scablability,0.1920916736125946
The response time shall be fast enough to maintain the flow of the game. The response time shall be no more than 2 seconds for 95% of responses and no more than 4% for the remaining responses.,not about scablability,not about scablability,0.027184398844838142
The system shall be easy to use by callers and supervisors. Callers and supervisors must be able to accomplish any system task within 2 minutes.,not about scablability,scablability,0.07724545896053314
The system shall be easy to learn by callers and supervisors. Callers and supervisors shall learn how to use the system within 10 minutes.,not about scablability,scablability,0.08685876429080963
 The system shall be responsive. At the DePaul TeleServices Center  when a supervisor uses the system to view a callers schedule  the system response time must be no more than 2 seconds 90% of the time and no more than 5 seconds the rest of the time.,not about scablability,scablability,0.030486902222037315
 On a 56k connection  the system response time for all operations must be no more than 6 seconds 90% of the time.,not about scablability,not about scablability,0.05517046898603439
 On a 112k connection or faster  the system response time for all operations must be no more than 3 seconds 90% of the time.,not about scablability,not about scablability,0.019260644912719727
The system shall have high availability every day of the year.The system must be available for use between 12:00AM and 6:00PM all days of the year.,not about scablability,scablability,-0.018890125676989555
The system must be available for use between 7:00AM and 11:59PM all days of the year.,not about scablability,scablability,-0.020086079835891724
The product shall be internet browser independent.The product must run using Internet Explorer and Netscape Navigator.,not about scablability,scablability,0.05288301408290863
The product shall ensure that only supervisors can advertise empty time slots.The product must ensure that supervisors are allowed to access advertise empty time slots.,not about scablability,scablability,0.09920473396778107
The product shall ensure that only supervisors can enter a caller’s schedule.The product must ensure that supervisors are allowed to access advertise empty time slots.,not about scablability,scablability,0.11245110630989075
The product shall ensure that only supervisors can view schedule of all callers.The product must ensure that supervisors are allowed to access advertise empty time slots.,not about scablability,scablability,0.11441540718078613
 The interface shall have a simple look. In the interface and usability survey  90% of beta testers must report that the interface is adequately simple.,not about scablability,not about scablability,0.12322934716939926
 The interface shall be appealing to callers and supervisors. In the interface and usability survey  80% of beta testers must report that the interface is appealing.,not about scablability,not about scablability,0.10215644538402557
The product shall provide GUI based Monitoring Services.System Administrators shall monitor message exchanges will predict and determine problems and will also provide internal and external support.,not about scablability,scablability,0.10184841603040695
The product shall comply with City of Chicago Application Development Guide Framework.Application Development Framework will provide structured Graphical User Interface.,not about scablability,scablability,0.03644421324133873
The product shall provide Monitoring Services.The product shall be easy for System Administrators and DBAs to use after two weeks of usage.,not about scablability,scablability,0.0947362557053566
The product shall provide Error Tracking Services.The product shall help the System Administrators and DBAs to resolve transaction errors 99% of the time.,not about scablability,scablability,0.1296837329864502
The product shall provide Portals.The product shall help System Administrators to analyze the transactions with ad-hoc reporting and KPIs (Key Performance Indicators),not about scablability,scablability,0.12302182614803314
The product shall provide Asynchronous Messaging.The product shall provide asynchronous messaging to enable parallel processing and reduce the overhead in communications,not about scablability,scablability,0.1356809437274933
The product shall provide Multi-threading and Load Balancing.The product shall provide multi-threading technology as well as load balancing to overcome data load spikes and traffic.,not about scablability,scablability,0.08490306884050369
The product shall process messages within 2 seconds.The product shall have a maximum message processing time of 2 seconds,not about scablability,scablability,0.13579082489013672
The product shall poll the system for messages every second.The product shall poll the system for new messages at a maximum of every 1 second.,not about scablability,scablability,0.09720631688833237
The product shall provide Dynamic Change Support and Transparent resource addition.The product shall support Transparent Resource addition and Dynamic Change support to provide scalability and avoid service interruptions of more than 1 day.,not about scablability,scablability,0.09919671714305878
The product shall be available 99% of the time. Rationale: To avoid service interruption during busiest customer service response periods. The product shall be available 99.99% of the time for regular business days.,not about scablability,scablability,0.030735323205590248
The product shall be robust.The product shall have fault avoidance based on standards adoption.,not about scablability,scablability,0.12019161134958267
The product shall be robust with fault tolerance.The product shall have fault tolerance by using recovery technique compensatory transaction and routing around failures.,not about scablability,scablability,0.1038351058959961
The product shall be able to process all transactions.The product shall process minimum of 1 million transactions per year.,scablability,not about scablability,0.08353171497583389
The product shall be platform independent.The product shall enable access to any type of development environment and platform.,not about scablability,scablability,0.09834662079811096
The product shall interface CSR and Datastream.The product shall exchange messages between CSR and EAM on a real time basis without any direct interfaces between two systems.,not about scablability,scablability,0.12895798683166504
 : The product shall continue to operate during upgrade  change or new resource addition.The product shall be able to continue to operate with no interruption in service due to new resource additions.,not about scablability,scablability,0.07323139160871506
The product shall be updated on a regular basis.The product will have a new major feature introduced every six months and quarterly maintenance releases every six months.,not about scablability,scablability,0.0358491986989975
The product shall operate with every platform.The product shall accommodate any new technology without any change in its architecture.,not about scablability,scablability,0.08832106739282608
 The product shall have security.The product shall provide authentication  and authorization.,not about scablability,not about scablability,0.12070810049772263
The product shall information Security. The product shall enable privacy by encryption WS-Security and Integrity Checking.,not about scablability,not about scablability,0.11277315020561218
The product shall have audit capabilities.The product shall store messages for a minimum of one year for audit and transaction tracking purposes.,not about scablability,not about scablability,0.06644215434789658
The system shall use IBM and CCR branding standards. The interface must have one IBM logo and one CCR logo.,not about scablability,scablability,0.033032435923814774
The system shall be displayable on any work computer a CCR user may have. The system interface shall be formatted to display at 800 by 600 pixel resolution.,not about scablability,scablability,0.07704246044158936
The system interface will use CCR nomenclature. The system must use the same nomenclature used in the existing WCS system and reports,not about scablability,scablability,0.0445491299033165
The interface must summarize the data in a fashion that’s appealing to CCR management. Every report type must have at least one high level summary shown in the results dashboard/interface,not about scablability,not about scablability,0.05090446025133133
The system must use a point and click interface. 100% of all selection and navigation functionality must be able to be activated/selected by either a mouse or a keyboard,not about scablability,not about scablability,-0.018952632322907448
The interface shall be easy to use. 90% of users should be able to successfully use the system to generate a report on their first use. The interface should adhere to IBM usability standards.,not about scablability,scablability,0.05358056724071503
Rreports must be easy to generate. eports must be generated within one button click and exported within one button click (after selecting the report),not about scablability,not about scablability,-0.007740228436887264
A user shall be able to use the system without instruction after a short amount of time. After one use a user should understand and remember 90% of the system usage and navigation.,not about scablability,not about scablability,0.08658735454082489
All CCR users shall receive training before the WCS system is deployed. One training session will be held for 100% of CCR users before system deployment (based on a CCR user being available),not about scablability,not about scablability,0.06566042453050613
The WCS system shall use appropriate nomenclature and terminology as defined by the Corporate Community Grants organization. All interfaces and reports will undergo usability tests by CCR users.,not about scablability,scablability,0.07033086568117142
The WCS system shall be available at all times as long as IBM’s internal intranet W3 is accessible. The WCS system will be available 95% of the time IBM’s internal intranet W3 is available.,not about scablability,scablability,-0.0334026962518692
The WCS system shall have the ability to connect other designated WCS databases currently not included in the system.,scablability,not about scablability,0.0038831010460853577
The WCS system shall have the ability to include data for regions outside the United States and be accessed by users outside of the United States if approved by CCR management.,scablability,not about scablability,0.013498837128281593
The WCS system shall be run in a Windows environment. The WCS shall be accessed by users through the Internet on an IBM computer running a Windows 2000 or above operating system.,not about scablability,scablability,-0.06878367066383362
The Brio portion of the WCS system must be able to export files in spreadsheet form (Microsoft Excel and Lotus 1-2-3 formats).  Brio will provide buttons in the user interface that produce/export reports in .xls or .123 file formats.,not about scablability,not about scablability,-0.011027744971215725
The WCS system must run queries to the WCS databases once again (on a specified day) to update the available data available to CCR users. Queries must be made to external databases for data refresh once a week.,not about scablability,not about scablability,-0.011822972446680069
 All changes  updates  and additions to the WCS system shall be updated in the WCS Developer and WCS User Guides. Every change must be reflected in WCS system documentation,not about scablability,scablability,-0.06986618787050247
The system shall only be accessed by authorized Corporate Community Grants (CCR) employees. Users must be authenticated using their IBM intranet user name and password.,not about scablability,not about scablability,-0.0003666460979729891
The WCS system shall not allow automatic logins by any user. Cookies containing WCS login information about a user will not be stored on a user’s computer.,not about scablability,not about scablability,-0.0038183792494237423
Each team owner will need to use a username and password in order to be authenticated to reach the team owner’s page,not about scablability,not about scablability,0.02972085401415825
The Commissioner will be the only authorized user per league to adjust league settings.,not about scablability,not about scablability,-0.004667097702622414
Each page shall contain a navigation menu which shows the index into which the current page is contained.,not about scablability,scablability,-0.03768353536725044
Each page shall contain a similar format with action items in one location and navigation buttons in a different location.,not about scablability,not about scablability,0.006572913844138384
The message board shall contain the 5 most recently posted messages on the league page. The messages will contain up to the first 150 characters of the message.,not about scablability,scablability,0.08579524606466293
;A new user shall be able to navigate through the league and team pages within 30 seconds of reaching the start-up page.,not about scablability,not about scablability,0.04114089906215668
Users shall be able to reach the ‘add’  ‘drop’  and ‘trade player’ pages with one click from the team owner’s page.,not about scablability,not about scablability,0.0522267147898674
;Users shall be able to view at least 25 NFL player statistics and points on each page.,not about scablability,not about scablability,0.07218872010707855
The application shall ask the user to confirm dropping a player or trading a player before performing the action.,not about scablability,scablability,0.12210048735141754
The application shall be able to complete every user transaction within one fourth of a second of receiving the request over the network.,not about scablability,not about scablability,0.08208050578832626
The application shall have a downtime of at most 10 minutes per year.,not about scablability,not about scablability,0.09628983587026596
The application shall run on a web application server.,not about scablability,scablability,0.07001425325870514
A primary database will be used to store cached data for active users.,not about scablability,scablability,-0.028093526139855385
A secondary database will be used to store historical statistics and data.,not about scablability,scablability,-0.045552317053079605
Application updates shall occur between 3AM and 6 AM CST on Wednesday morning during the middle of the NFL season.,not about scablability,not about scablability,0.0882330983877182
New System version releases shall be released at the beginning of each NFL season.,not about scablability,scablability,0.004917522426694632
The RFS system should be available 24/7  especially during the budgeting period. The RFS system shall be available 90% of the time all year  and 98% during the budgeting period. 2% of the time  the system will become available within 1 hour of the time that the situation is reported.,not about scablability,not about scablability,-0.08054099977016449
98% of the user workstations shall meet the minimum hardware requirements prior to implementation. Minimum Hard Disk Space:  400MB.,not about scablability,not about scablability,0.014404715970158577
98% of the user workstations shall meet the minimum software requirements prior to implementation: Microsoft Internet Explorer 5.0. Microsoft .NET Framework 1.1. Microsoft Internet Explorer Web Controls,not about scablability,scablability,0.0682358369231224
The RFS system should be able to easily interface with the BDW environment  in order to load the data. •;7 data files shall be received from the BDW and loaded into the RFS system within 3 hours one day prior to the start of budgeting process  every year. The data will be as of October month-end. ;Test files (7) shall be loaded up to 5 times throughout the year  from the BDW.,not about scablability,scablability,-0.00641554594039917
Changes to revenue and expense formulae must be applied to the RFS system  every year  prior to the budgeting process start. Revenue and expense formulae will be updated within one week of their receipt  after which 2 weeks will be allotted to testing of the budget calculations  to be conducted jointly by the project development team and PCG Finance.,not about scablability,scablability,-0.030708225443959236
New branches/complexes/districts/regions and revenue/expense accounts added to the BDW  must be reflected in the RFS system. 100% of the entities (mentioned above) available as of October month-end  will be loaded into the RFS system  prior to the budget start process.,not about scablability,scablability,-0.037608616054058075
Only authorized user shall access the RFS system. ONLY users that exist in the UAS system  with the RFS system assigned to their role(s)  shall access the RFS system and use it.,not about scablability,not about scablability,-0.029432738199830055
;User access should be limited to the permissions granted to their role(s) Each level in the PCG hierarchy will be assigned a role and users will be assigned to these roles. Access to functionality within RFS system is dependent on the privileges/permission assigned to the role..,not about scablability,not about scablability,0.020914405584335327
The product must comply with the intranet page standards and requirements of ENET Securities. 95% of the product look & feel will be approved by the Architecture group  prior to implementation. The remaining 5% will be corrected and approved within one month of product release.,not about scablability,not about scablability,0.0978928655385971
 The intranet pages should display appropriately in all resolutions  from 800x600 and higher. The display of all the pages will be correct in 95% of the resolutions  prior to implementation. The remaining 5% will be corrected within a week of notification of the incorrect display.,not about scablability,not about scablability,0.032133299857378006
The users should be able to easily use the system to successfully complete their budgets  within the stipulated time for completion. With a week of training prior to product implementation  98% of the users shall complete their budgets within the stipulated time.,not about scablability,not about scablability,0.03328358009457588
The product interface should be fast. The response time of the product interface should not exceed 2 seconds 90% of the time. For 10% of the time  the response time should not be more than 10 seconds.not be more than 10 seconds.,not about scablability,scablability,0.08450071513652802
