,precision,recall,f1-score,support
"flexibility, workload, efficiency, or optimize",0.06504065040650407,0.38095238095238093,0.1111111111111111,21.0
"usability, security, operational, performance, look & feel, legal, fault & tolerance, maintainability, availability, or portability",0.9473684210526315,0.670487106017192,0.7852348993288591,349.0
accuracy,0.654054054054054,0.654054054054054,0.654054054054054,0.654054054054054
macro avg,0.5062045357295678,0.5257197434847865,0.44817300521998515,370.0
weighted avg,0.8972903583943378,0.654054054054054,0.746973819457041,370.0
