Requirement text,Gold label,Predicated label,ZSL score
The system shall refresh the display every 60 seconds.,not about scablability,not about scablability,0.9045961499214172
The application shall match the color of the schema set forth by Department of Homeland Security,not about scablability,not about scablability,0.8856034278869629
 If projected  the data must be readable.  On a 10x10 projection screen  90% of viewers must be able to read Event / Activity data from a viewing distance of 30,not about scablability,not about scablability,0.8479181528091431
 The product shall be available during normal business hours. As long as the user has access to the client PC  the system will be available 99% of the time during the first six months of operation.,not about scablability,not about scablability,0.8465178608894348
 If projected  the data must be understandable. On a 10x10 projection screen  90% of viewers must be able to determine that Events or Activities are occuring in current time from a viewing distance of 100,not about scablability,not about scablability,0.8480216264724731
The product shall ensure that it can only be accessed by authorized users.  The product will be able to distinguish between authorized and unauthorized users in all access attempts,not about scablability,not about scablability,0.8550301790237427
The product shall be intuitive and self-explanatory.  :  90% of new users shall be able to start the display of Events or Activities within 90 minutes of using the product.,not about scablability,not about scablability,0.851258397102356
The product shall respond fast to keep up-to-date data in the display.,not about scablability,not about scablability,0.8716033697128296
The look and feel of the system shall conform to the user interface standards of the smart device.,not about scablability,not about scablability,0.8682635426521301
 The user interface shall have standard menus  buttons for navigation,not about scablability,not about scablability,0.8985012769699097
The system shall have a professional appearance,not about scablability,not about scablability,0.9205589890480042
The product shall have a consistent color scheme and fonts.,not about scablability,not about scablability,0.8961766958236694
The system shall be used by realtors with no training.,not about scablability,not about scablability,0.8998604416847229
The system shall be intuitive and self explanatory.,not about scablability,not about scablability,0.909885048866272
The product shall be easy for a realtor to learn.,not about scablability,not about scablability,0.8905420303344727
The product shall use symbols and words that are naturally understandable by the realtor community.,not about scablability,not about scablability,0.879955530166626
The product shall produce search results in an acceptable time,not about scablability,not about scablability,0.897312343120575
The search results shall be returned no later 30      seconds  after the user has entered the search criteria,not about scablability,not about scablability,0.8662485480308533
The product shall generate a CMA report in an acceptable time.,not about scablability,not about scablability,0.8888450860977173
The CMA report shall be returned no later 60 seconds after the user has entered the CMA report criteria.,not about scablability,not about scablability,0.8569923043251038
The product shall synchronize contacts and appointments in an acceptable time.,not about scablability,not about scablability,0.8884108066558838
The product shall synchronize with the office system every hour.,not about scablability,not about scablability,0.8917409777641296
 The product shall be available for use 24 hours per day  365 days  per year,not about scablability,not about scablability,0.8748666048049927
 Out of 1000 accesses to the system  the system is available 999 times.,not about scablability,not about scablability,0.890395998954773
The product shall operate in offline mode whenever internet connection is unavailable.,not about scablability,not about scablability,0.8921051621437073
 The product shall allow the user to view previously downloaded search results  CMA reports  and appointments.,not about scablability,not about scablability,0.8568164110183716
The product shall retain user preferences in the event of a failure.,not about scablability,not about scablability,0.8798863887786865
100% of saved user preferences shall be restored when system comes back online.,not about scablability,not about scablability,0.8861169815063477
The product shall be able to support multiple remote users,scablability,not about scablability,0.9050159454345703
The product shall be able support 1000 simultaneous users.,scablability,not about scablability,0.9030857682228088
The product shall be capable of handling the existing 1000 users. This number is expected to grow 5 times within the next year.,scablability,not about scablability,0.8603715896606445
The product shall be installed by an untrained realtor   without recourse to separately-printed instructions.,not about scablability,not about scablability,0.8700717687606812
90% of untrained realtors shall be able to install the product on their device without printed instructions,not about scablability,not about scablability,0.8607313632965088
The product is expected to run on Windows CE and Palm operating systems.,not about scablability,not about scablability,0.8851372599601746
Only registered realtors shall be able to access the system.,not about scablability,not about scablability,0.8927133679389954
Every user of the system shall be authenticated and authorized.,not about scablability,not about scablability,0.9008011221885681
The product shall prevent its data from incorrect data being introduced.,not about scablability,not about scablability,0.8932384252548218
The system shall be easy to use by the Program Administrators/Nursing Staff Members.,not about scablability,not about scablability,0.8667070865631104
All of the users shall be able to use the system after one day of training.,not about scablability,not about scablability,0.8793771266937256
The system shall help the user avoid making mistakes while scheduling classes and clinicals for the nursing students.,not about scablability,not about scablability,0.853200376033783
The number of mistakes noted by the students shall be decreased by 50% in the first year.,not about scablability,not about scablability,0.8670169711112976
The system shall be intuitive to the Program Administrators/Nursing Staff Members.,not about scablability,not about scablability,0.872453510761261
2 out of 3 Program Administrators/Nursing Staff Members shall successfully be able to use the system to manage the scheduling of classes and clinicals.,not about scablability,not about scablability,0.8523880243301392
The system shall use symbols and words that are naturally understandable by the user community.,not about scablability,not about scablability,0.8800587058067322
The verbiage used within the system shall be consistent with Standard English and the terminology of the national Nursing Community.,not about scablability,not about scablability,0.8712432384490967
Staff members shall be able to complete a set of tasks in a timely manner.,not about scablability,not about scablability,0.8612594604492188
The response time of general student management tasks shall take no longer than 5 seconds and the response time of schedule generation shall take no longer than 30 seconds.,not about scablability,not about scablability,0.8587157130241394
The system shall be available for use between the hours of 8am and 6pm.,not about scablability,not about scablability,0.8765077590942383
The system shall achieve 95% up time.,not about scablability,not about scablability,0.917855441570282
system shall be able to handle all of the user requests/usage during business hours.,scablability,not about scablability,0.8675240278244019
The system shall cater to 10 simultaneous users from 9am to 5pm.,scablability,not about scablability,0.8954939842224121
The system shall be capable of processing 100% of nursing students and their classes for the next 10 years.,scablability,not about scablability,0.8658642172813416
The system shall be expected to manage the nursing program curriculum and class/clinical scheduling for a minimum of 5 years.,scablability,not about scablability,0.8576256036758423
The system shall able to operate within a business office environment typical of the Nursing Department at DePaul University.,not about scablability,not about scablability,0.8704322576522827
The system shall be used within the specifications defined by the computers used by the Program Administrators/Nursing Staff Members.,not about scablability,not about scablability,0.8654638528823853
The system shall operate within the Windows XP Professional operating system.,not about scablability,not about scablability,0.8971433639526367
The system shall interface with CampusConnect’s central server,not about scablability,not about scablability,0.900417685508728
The system shall interface with the faculty central server.,not about scablability,not about scablability,0.9080175161361694
The system shall interface with the student master server.,not about scablability,not about scablability,0.9120248556137085
We must be able to interface with any HTML browser.,not about scablability,not about scablability,0.8985961079597473
Only authorized users shall have access to clinical site information.,not about scablability,not about scablability,0.8969922661781311
Program Administrators/Nursing Staff Members are the only people who shall have access to clinical site details.,not about scablability,not about scablability,0.8605302572250366
Only authorized users shall have access to students’ personal information.,not about scablability,not about scablability,0.8931744694709778
Dr Susan Poslusny and Dr Julie Donalek are the only people who shall have access to students’ personal information.,not about scablability,not about scablability,0.8519138097763062
Only authorized users shall have access to the portion of the system that interfaces with CampusConnect.,not about scablability,not about scablability,0.8773694038391113
Fit Criterion: Dr Susan Poslusny and Karen Sysol are the only people who shall have access to the final class section scheduling for the system that interfaces with CampusConnect.,not about scablability,not about scablability,0.8400983810424805
The system shall have basic data integrity checking to reduce the possibility of incorrect or invalid data being introduced.,not about scablability,not about scablability,0.8683337569236755
The system shall protect private information in accordance with the organization’s information policy.,not about scablability,not about scablability,0.8768524527549744
The system shall be built such that it is as secure as possible from malicious interference.,not about scablability,not about scablability,0.8740643262863159
The system shall use the organization’s standard virus protection software to help monitor threats to itself.,not about scablability,not about scablability,0.864836573600769
The Disputes application shall comply with the corporate standards for user interface creation for internally and externally used applications.,not about scablability,not about scablability,0.880438506603241
All screens created as part of the Disputes application must comply with corporate standards for interface creation.,not about scablability,not about scablability,0.883644163608551
The list of dispute cases that are displayed after a search is performed must be color coded for easy identification of dispute cases based upon the dispute case status.,not about scablability,not about scablability,0.8562695980072021
100% of the cardmember and merchant services representatives shall use the Disputes application regularly after a 2-day training course.,not about scablability,not about scablability,0.8700814843177795
100% of cardmember services representatives shall be able to successfully create a dispute case on the first encounter after completing the training course.,not about scablability,not about scablability,0.8645707368850708
100% of merchant services representatives shall be able to successfully perform a follow up action on a dispute case on the first encounter after completing the training course.,not about scablability,not about scablability,0.8605944514274597
The maximum wait time for a user navigating from one screen to another within the Disputes application shall be no more than 5 seconds.,not about scablability,not about scablability,0.8674895167350769
The Disputes application shall support 350 concurrent users without any degradation of performance in the application.,not about scablability,not about scablability,0.8836369514465332
 The Disputes application shall be available 24x7x365  with the exception of the following scheduled maintenance windows.  Monday – Saturday 3:00am to 4:00am EST Sunday 1:00amd to 5:00am EST,not about scablability,not about scablability,0.8518367409706116
The Disputes application shall interface with the Statement Database. The Statement Database provides the transaction details to the Disputes System. All transaction details must be obtained from the Statement Database,not about scablability,not about scablability,0.8508002161979675
The Disputes application shall interface with the Cardmember Information Database.  The Cardmember Information Database provides detailed information with regard to a cardmember.  All cardmember detail information must be obtained from the Cardmember Information Database.,not about scablability,not about scablability,0.8354436159133911
The Disputes applications shall interface with the Merchant Information Database.  The Merchant Information Database provides detailed information with regard to the merchant. All merchant detail information shall be obtained from the Merchant Information Database.,not about scablability,not about scablability,0.84168940782547
The Disputes application shall interface with the Letters application.  This will allow the Disputes application to request letters as part of the dispute initiation and dispute follow up process. All letter requests must be sent to the Print Letter Utility application.,not about scablability,not about scablability,0.8497280478477478
The Disputes application shall interface with the Cardmember Posting and Billing System.  This will allow the Disputes application to request adjustments to cardmember and merchant’s accounts. All adjustment requests must be sent to the Cardmember Posting and Billing System.,not about scablability,not about scablability,0.8370447754859924
The Disputes application shall ensure that only users with the appropriate access level are allowed to initiate dispute requests.,not about scablability,not about scablability,0.8741596937179565
Only users with Update access must be able to initiate dispute requests.,not about scablability,not about scablability,0.8976585268974304
The Disputes application shall ensure that only authorized users are allowed to logon to the application.,not about scablability,not about scablability,0.8756158947944641
 All authorized users  once authenticated must be able to logon to the Disputes System,not about scablability,not about scablability,0.8804261088371277
The Disputes System shall generate a User Report that details any new users that have been added and any changes to an existing user’s access level.  The report will be reviewed for auditing purposes.,not about scablability,not about scablability,0.8470978736877441
All additions of new users and modifications to user’s access shall be recorded on the User Report.,not about scablability,not about scablability,0.8701021671295166
 If a user account is revoked  it can only be re-instantiated by the System Administrator.,not about scablability,not about scablability,0.8757491707801819
Only the System Administrator shall be able to reset a revoked user logon account,not about scablability,not about scablability,0.8836765289306641
The Disputes application shall manipulate and view business data. Users will not have direct access to data files or databases.,not about scablability,not about scablability,0.8690688610076904
All updates to data files or database must be initiated from the Disputes System.,not about scablability,not about scablability,0.8788779973983765
The Disputes application must conform to the legal requirements as specified by the Merchant Operating Regulations.,not about scablability,not about scablability,0.8839548826217651
All business rules specified in the Disputes System shall be in compliance with the Merchant Operating Regulations.,not about scablability,not about scablability,0.8780899047851562
The Disputes application must conform to the legal requirements as specified by Regulation E and Regulation Z that govern credit card disputes processing.,not about scablability,not about scablability,0.8595521450042725
All business rules specified in the Disputes System shall be in compliance to the guidelines of Regulation E and Regulation Z.,not about scablability,not about scablability,0.8628930449485779
The Disputes application must maintain a detailed history of every action that a user takes on a dispute case.  This ensures a complete audit trail if questions arise later on with regard to a particular dispute case.,not about scablability,not about scablability,0.8427664637565613
All actions that modify an existing dispute case must be recorded in the case history.,not about scablability,not about scablability,0.8749388456344604
The product must support Internet Explorer 5.5 and above.,not about scablability,not about scablability,0.8863482475280762
The product must support Mozilla Firefox 1.0 and above.,not about scablability,not about scablability,0.8776020407676697
The product shall interface with the Choice Parts System.  This provides the feed of recycled parts data.,not about scablability,not about scablability,0.8769628405570984
The product shall run on the existing hardware for all environments.,not about scablability,not about scablability,0.8846229314804077
The product shall adhere to the corporate Architecture guidelines,not about scablability,not about scablability,0.8994693160057068
The product shall comply with corporate User Interface Guidelines,not about scablability,not about scablability,0.9127424359321594
The product shall comply with corporate color scheme,not about scablability,not about scablability,0.9223212003707886
The appearance of the product shall appear professional,not about scablability,not about scablability,0.9226093888282776
The product shall be easy to use by Adjusters and Collision Estimators.  95% of Adjusters and Collision Estimators shall find the product easy to use.,not about scablability,not about scablability,0.8448480367660522
The product shall increase productivity of Collision Estimators. 80% of the Collision Estimators shall agree their productivity has increase within 1 month of using the product.,not about scablability,not about scablability,0.8591041564941406
Users shall feel satisfied using the product.  85% of all users will be satisfied with the product.,not about scablability,not about scablability,0.8766247034072876
The product shall be easy to learn by Adjusters and Collision Estimators.  The product shall be learned with two days onsite training,not about scablability,not about scablability,0.8562358617782593
The user shall easily locate instructions while using the product.  User help can be found within 90% of the system.,not about scablability,not about scablability,0.8593250513076782
The search for recycled parts shall take no longer than 15 seconds.  The search results shall be returned in under 15 seconds.,not about scablability,not about scablability,0.8574470281600952
The search for the preferred repair facility shall take no longer than 8 seconds.  The preferred repair facility is returned within 8 seconds,not about scablability,not about scablability,0.8653877973556519
The recycled parts audit report shall be returned to the user within 10 seconds.  The audit report shall be returned within 10 seconds.,not about scablability,not about scablability,0.8495277166366577
The preferred repair facility ratings shall be saved within 5 seconds. The save shall occur within 5 seconds.,not about scablability,not about scablability,0.8664101958274841
The product shall adhere to the corporate online availability schedule.  The application is brought down only within 98% of the scheduled outages per the availability schedule.,not about scablability,not about scablability,0.8530986309051514
The product shall achieve a 98% uptime. The product shall not fail more than 2% of the available online time.,not about scablability,not about scablability,0.8628735542297363
The product shall be able to handle up to 1500 simultaneous users. The system shall perform with 1500 users as a time.,scablability,not about scablability,0.8613710403442383
 The average number of recycled parts records per day shall be 50 000.,scablability,not about scablability,0.8888988494873047
 The product shall be able to handle 10 000 concurrent users within 2 years of the initial launch.,scablability,not about scablability,0.8792867660522461
 For estimators  the product shall be able to be operated in a repair facility during dirty and noisy conditions.,not about scablability,not about scablability,0.8572851419448853
The product shall interface with the ChoiceParts system once per day at approximately 1:00 AM.,not about scablability,not about scablability,0.8659070730209351
The maintenance of the product will fall within the established corporate maintenance windows.,not about scablability,not about scablability,0.8862752318382263
The product shall be supported using the corporate support center.,not about scablability,not about scablability,0.9072134494781494
Product installations and upgrades shall be handled by the middleware technology team within established launch time frames.,not about scablability,not about scablability,0.8768097162246704
Only adjusters can request recycled parts audit reports. No users without an adjuster role shall request recycled parts audits.,not about scablability,not about scablability,0.8619648814201355
Only adjusters with a supervisor role can update preferred repair facility ratings. Users without the supervisor role cannot access the repair facility ratings.,not about scablability,not about scablability,0.8623918294906616
Only collision estimators shall search for recycled parts.  Users without the collision estimator role shall not have access to the search for recycled parts.,not about scablability,not about scablability,0.8564403653144836
Only valid data shall be entered into the system.  No invalid data shall be entered into the system.,not about scablability,not about scablability,0.8614864945411682
One insurance company shall not be able to view another insurance companys claim data.,not about scablability,not about scablability,0.8799942135810852
The product shall free of computer viruses.,not about scablability,not about scablability,0.9203490018844604
The system shall prevent malicious attacks including denial of service.,not about scablability,not about scablability,0.9041717052459717
The product must comply with Sarbanes-Oxley.,not about scablability,not about scablability,0.8933282494544983
The product shall comply with the estimatics laws relating to recycled parts usage.,not about scablability,not about scablability,0.8769059777259827
The product shall comply with insurance regulations regarding claims processing.,not about scablability,not about scablability,0.8885623812675476
 The product must work with most database management systems (DBMS) on the market  whether the DBMS is colocated with the product on the same machine or is located on a different machine on the computer network.,not about scablability,not about scablability,0.8397648334503174
The product will function alongside server software on any operating system where the Java runtime can be installed.,not about scablability,not about scablability,0.879676878452301
The product will require collaboration with a database management system (DBMS).  The DBMS may be located on the same machine as the product or on a separate machine residing on the same computer network.,not about scablability,not about scablability,0.8459703922271729
 The product must make use of web/application server technology.  Open source examples include Apache web server  Tomcat  and the JBoss application server.,not about scablability,not about scablability,0.8619863390922546
 A database management system such as Oracle  DB2  MySql or HSQL will need to be integrated with the product.,not about scablability,not about scablability,0.865697979927063
 The product’s Look and Feel shall be able to incorporate aspects of the customer’s organization such as logo  branding  and identity,not about scablability,not about scablability,0.8524840474128723
The product shall have a conservative and professional appearance.,not about scablability,not about scablability,0.902389407157898
The product shall make the users want to use it. 80% of the users surveyed report they are regularly using the product after the first 2 weeks post-launch.,not about scablability,not about scablability,0.8510038256645203
The product shall be easy to use. 90% of users will be able to successfully reserve a conference room within 5 minutes of product use.,not about scablability,not about scablability,0.8540176153182983
The product shall give users feedback when necessary. 80% of the users surveyed report that the product accurately confirms their actions.,not about scablability,not about scablability,0.8646321296691895
The product shall allow the user to select a chosen language from one of the target market countries.,not about scablability,not about scablability,0.8725830912590027
The product shall allow for customization of start page and views preferences.,not about scablability,not about scablability,0.8845749497413635
 An employee will be able to successfully use the product within a few minutes.  After informally navigating the product for less than 15 minutes  users shall be able to successfully setup meetings and reserve conference rooms.,not about scablability,not about scablability,0.8432338237762451
The product shall use a standard navigation menu familiar to most web users.,not about scablability,not about scablability,0.882317066192627
The product shall allow for intuitive searching of available conference rooms.,not about scablability,not about scablability,0.8897314071655273
The product shall conform to the Americans with Disabilities Act.,not about scablability,not about scablability,0.8927419781684875
The response shall be fast enough to avoid interrupting the user’s flow of thought.  90% of tasks shall complete within 5 seconds.  98% of tasks shall complete within 8 seconds.,not about scablability,not about scablability,0.8438421487808228
 Aside from server failure  the software product shall achieve 99.99% up time.,not about scablability,not about scablability,0.8681549429893494
The product shall create an exception log of problems encountered within the product for transmission to our company for analysis and resolution.,not about scablability,not about scablability,0.8589867949485779
 The product shall be capable of handling up to 1 000 concurrent requests.  This number will increase to 2 000 by Release 2.  The concurrency capacity must be able to handle peak scheduling times such as early morning and late afternoon hours.,scablability,not about scablability,0.8313793540000916
 The product shall be able to process 10 000 transactions per hour within two years of its launch.  This number will increase to 20 000 by Release 2.,scablability,not about scablability,0.8585876226425171
The product shall be expected to operate for at least 5 years for each customer installation.,scablability,not about scablability,0.8706036806106567
The product shall be used in office environments.,not about scablability,not about scablability,0.9102330207824707
The product must be able to interface with any HTML browser.  The product shall transmit data between the user and the product without problems. The product shall display HTML properly in 80% of all HTML browsers tested (minimum is to test 8 browsers).,not about scablability,not about scablability,0.824933648109436
The product must be able to interface with various database management systems. The product shall communicate successfully with the database management system on 100% of all transactions.,not about scablability,not about scablability,0.8491963148117065
The product must be able to interface with various email servers. The product shall be able to send email.,not about scablability,not about scablability,0.8586311340332031
The product shall be available for distribution via the Internet as a binary or ZIP file.,not about scablability,not about scablability,0.8708783388137817
The product shall be available for distribution as a packaged CD.,not about scablability,not about scablability,0.8863108158111572
 The product will be available for licensing as a one-server  two-five servers  or five-or-more servers license.,not about scablability,not about scablability,0.8553476333618164
A new user must be able to be added to the system within 10 minutes.  90% of new users are able to log into the system within 10 minutes.,not about scablability,not about scablability,0.8471958637237549
The product must be designed using Design Patterns and coding best practices.  90% of maintenance software developers are able to integrate new functionality into the product with 2 working days.,not about scablability,not about scablability,0.8482707142829895
The product must be highly configurable for use with various database management systems for the end users.  80% of end users are able to integrate new database management systems with the product without changing the product’s software code.,not about scablability,not about scablability,0.8300368785858154
Maintenance releases will be offered to customers once a year.  The releases shall take no longer than 5 minutes for 80% of the customer base to install.,not about scablability,not about scablability,0.8644640445709229
Every registered user will have access to the product’s support site via the Internet.  70% of registered users shall find a solution to their problem within 5 minutes of using the support site.,not about scablability,not about scablability,0.8433536291122437
The customer shall be able to easily integrate new building maps with the product throughout the product’s lifecycle.  Integration of new maps with the product shall be possible with little to no support from product support staff.,not about scablability,not about scablability,0.8361574411392212
 The product shall be translated into foreign languages other than the target market countries’ languages in future releases.  For each emerging target market  it shall take no more than 5 days to configure the product for that market’s language.,not about scablability,not about scablability,0.8455467224121094
 The product is expected to integrate with multiple database management systems.  The product will operate with Oracle  SQL Server  DB2  MySQL  HSQL  and MS Access.,not about scablability,not about scablability,0.8488982319831848
The product shall be able to be installed in any operating environment within 2 days.,not about scablability,not about scablability,0.8809944987297058
The product shall ensure that only company employees or external users with company-approved user IDs may have product access.  100% of all logons shall be by either company employees or external users with company-approved user IDs.,not about scablability,not about scablability,0.8372640013694763
Only managers are able to perform search queries for reservations by user.  100% of all search queries for reservations by user shall be from logons of only management logons.,not about scablability,not about scablability,0.841681957244873
The product shall ensure that the database’s data corresponds to the data entered by the user.  Each conference room reservation in the system will contain the same information as was entered by the user.,not about scablability,not about scablability,0.836102306842804
The product shall prevent the input of malicious data.  The product and/or adjacent hardware/software systems’ data shall remain 100% uncorrupted each time malicious data is input into the product.,not about scablability,not about scablability,0.8330778479576111
The product and/or dependent databases/filesystems shall remain operational as a result of the input of malicious data.  The product and/or dependent databases/filesystems shall not crash 100% of the time that malicious data is input into the product.,not about scablability,not about scablability,0.8376972079277039
The product shall have the ability to receive automatic software updates as new threats emerge.  100% of customers will be able to receive automatic software updates transmitted to the installed product.,not about scablability,not about scablability,0.842182993888855
The language of the product shall accommodate all of the target market countries. 90% of survey respondents from each target market country will find that the language of the product is acceptable.,scablability,not about scablability,0.8515172004699707
The product shall be able to display calendar dates and times according to the user’s locale.  90% of survey respondents from each target market country will find that the date and time formatting of the product is correct.,not about scablability,not about scablability,0.8398342132568359
The product must be developed with the J2SE/J2EE programming language libraries,not about scablability,not about scablability,0.8856958150863647
Recreation of Inventory Quantity Adjustment for the period of previous 30 days shall take no more than 30min.,not about scablability,not about scablability,0.8689578771591187
The System shall allow for a minimum of  6 users to work at the same time.,not about scablability,not about scablability,0.8788478374481201
The System shall utilize currently owned computer equipment.,not about scablability,not about scablability,0.8937106728553772
The System shall be able to automatically backup business data and restore them on demand.,not about scablability,not about scablability,0.8719688653945923
The System shall maintain consistent security.  Any changes in user passwords and/or permissions should take affect in all parts of the System.,not about scablability,not about scablability,0.8550138473510742
The System shall granularly control access rights to all major subsystems.  It should be possible to assign access rights to all subsystems independently.,not about scablability,not about scablability,0.8493241667747498
The System shall meet all applicable accounting standards.  The final version of the System must successfully pass independent audit performed by a certified auditor.,not about scablability,not about scablability,0.8488233685493469
The System shall not require additional third party licenses resulting in royalty fees.,not about scablability,not about scablability,0.8851659893989563
Administrator shall be able to activate a pre-paid card via the Administration section in under 5 seconds.,not about scablability,not about scablability,0.863086462020874
 Customer shall be able to check the status of their prepaid card  by entering in the PIN number  in under 5 seconds.,not about scablability,not about scablability,0.864565372467041
System shall let customers register on the website as a “pay as you go” user in under 5 minutes.,not about scablability,not about scablability,0.8569791316986084
System shall let customers register on the website as a “unlimited movie subscriber” user in under 10 minutes.,not about scablability,not about scablability,0.8646518588066101
System shall let existing customers log into the website with their email address and password in under 5 seconds.,not about scablability,not about scablability,0.8721244931221008
 System shall let customers cancel their account  process shall take no longer than 2 minutes.  Database will mark the account as inactive  and user will not be able to log into the website.,not about scablability,not about scablability,0.8578276038169861
System shall let administrator de-activate a customer account in under 1 minute. Customer will no longer be able to access the website.,not about scablability,not about scablability,0.8630003929138184
System shall let administrator add/remove movies on the website in under 5 minutes.  Entered movie information will be stored in the database and will now be available on the website.,not about scablability,not about scablability,0.8544434905052185
System shall let the administrator add/remove categories on the website in under 5 minutes.,not about scablability,not about scablability,0.8773192167282104
System shall let Izogn Manager access sales and usage statistics in under 2 minutes.,not about scablability,not about scablability,0.8809633851051331
System shall let administrators generate unique pre-paid pins in under 2 minutes and generate an Excel file with the generated PINs.,not about scablability,not about scablability,0.8658232688903809
The website shall be attractive to all audiences.  The website shall appear to be fun and the colors should be bright and vibrant.,not about scablability,not about scablability,0.8448064923286438
 The website should have an African feel  but should not alienate non-Africans.  The website should use animation on pages which are describing the services  to grab the users attention and encourage them to sign up.,not about scablability,not about scablability,0.8426564931869507
 The website design should be modern  clean  and concise.,not about scablability,not about scablability,0.9058689475059509
The product should be able to be used by 90% of novice users on the Internet.,not about scablability,not about scablability,0.8672494888305664
 Users should only have to navigate through a maximum of 4 pages  to create an account with the website.,not about scablability,not about scablability,0.8723713755607605
Users should be able to access their streaming movies in under 2 clicks after logging into the website.,not about scablability,not about scablability,0.8779971599578857
An anonymous survey will show that 70% of customers are comfortable purchasing streaming movies after 2 weeks using the website.,not about scablability,not about scablability,0.8737436532974243
An anonymous survey will show that 95% of customers are comfortable using and purchasing pre-paid cards after a month of using the system.,not about scablability,not about scablability,0.8702054023742676
The product shall retain the customer’s buying preferences and information.,not about scablability,not about scablability,0.8888551592826843
The product shall be easy for customers with novice skills on the  Internet to purchase and watch streaming movies.  Customers should be able to purchase and watch a pre-determined movie in under 3 minutes.,not about scablability,not about scablability,0.832426130771637
The product shall use symbols and words that are naturally understandable by users familiar with websites,not about scablability,not about scablability,0.8876062631607056
The website will use standard Internet conventions when interacting with the user.,not about scablability,not about scablability,0.885650634765625
 Any interface between a user and the automated system shall have a maximum response time of 5 seconds  unless noted by an exception below.,not about scablability,not about scablability,0.8568446040153503
 When purchasing a streaming movie or pre-paid card via credit card  the processing time should have a maximum response time of 15 seconds.,not about scablability,not about scablability,0.858994722366333
 When streaming a movie  the buffering time should take no longer than 10 seconds (plus any latency on the user’s connection.),not about scablability,not about scablability,0.8696632385253906
 While streaming a movie  buffering should only occur if there is latency in the user’s connection.,not about scablability,not about scablability,0.869553804397583
 All credit card information will be secured on the server  and only accessible by authorized Izogn administrators.  Information will be encrypted in the database.,not about scablability,not about scablability,0.8514752984046936
 The website shall be available for use 24 hours per day  365 days per year.,not about scablability,not about scablability,0.8697786331176758
The website shall achieve 99.5% up time.,not about scablability,not about scablability,0.8960614800453186
 All movies shall be streamed on demand  at any time of the day.,not about scablability,not about scablability,0.8987063765525818
The website shall continue to operate if the streaming server goes down.,not about scablability,not about scablability,0.8911035656929016
The website shall continue to operate if the payment gateway goes down.,not about scablability,not about scablability,0.8956524729728699
The streaming server will support 50 simultaneous streaming connections.,scablability,not about scablability,0.8968129754066467
The streaming server will support a maximum of 700 movies  new servers can be added to support more movies.,scablability,not about scablability,0.8692734241485596
 The server will support a maximum of 1 000 simultaneous users.,scablability,not about scablability,0.8953747153282166
 The website shall be capable of supporting 100 000 customers.,scablability,not about scablability,0.9004279375076294
The product shall be expected to operate within the maximum maintenance budget for a minimum of 2 years.,not about scablability,not about scablability,0.8690455555915833
All aspects of the website shall be accessed by a web browser over the Internet.,not about scablability,not about scablability,0.8743100166320801
The same hardware supporting the current website will be used to support the new system.,not about scablability,not about scablability,0.8759983777999878
 We must be able to interface with the following browsers: IE 5.X  6.0  Netscape 6.x  7.x  8.x and Firefox 1.0.,not about scablability,not about scablability,0.8368839025497437
Website must interface with the CyberSource API to process credit card transactions.,not about scablability,not about scablability,0.8829902410507202
Website must be fully operational with MSN TV2.,not about scablability,not about scablability,0.9066420793533325
Movies shall be encoded and streamed via Windows Media Player 9.0.,not about scablability,not about scablability,0.8693106174468994
Movies shall be encoded for 56k and 256k streams.,not about scablability,not about scablability,0.8984227180480957
Promotional updates to the website should take a day to update.,not about scablability,not about scablability,0.881119966506958
Izogn Administrator must be able to update the category listings on the website within 2 minutes.,not about scablability,not about scablability,0.8708438277244568
Izogn Administrator must be able to add new products to the website within 2 minutes.,not about scablability,not about scablability,0.875162661075592
The system will provide a 24 hour 800 toll free number for support to its customers.,not about scablability,not about scablability,0.8768175840377808
The website will provide a help section with answers and solutions to common problems.,not about scablability,not about scablability,0.8854421377182007
 Velkat staff will be available for phone support between 7am-7pm  M-F to provide technical support to the Izogn administrators.,not about scablability,not about scablability,0.8556503057479858
The product shall be able to be installed in the specified environment within 1 working day.,not about scablability,not about scablability,0.8661428093910217
Only registered customers can purchase streaming movies.,not about scablability,not about scablability,0.9056122303009033
 A customer can only stream a movie if they purchased it  and are within the 2 day viewing period.,not about scablability,not about scablability,0.875171959400177
Only authorized personnel can access customer records in the database.,not about scablability,not about scablability,0.8985790014266968
Only administrators can activate a pre-paid card.,not about scablability,not about scablability,0.8990989923477173
Only authorized personnel can access sales information.,not about scablability,not about scablability,0.9132871031761169
The website shall prevent its data from being corrupted when incorrect data is entered in.,not about scablability,not about scablability,0.8759002089500427
 The website shall protect itself from intentional abuse  and notify the administrator at all occurrences.,not about scablability,not about scablability,0.8776431083679199
Data integrity scripts will be run on a weekly basis to verify the integrity of the database.,not about scablability,not about scablability,0.865801990032196
 The website shall make its user aware of its information practices before collection data from them via a Privacy Policy  accessible on all pages of the website.,not about scablability,not about scablability,0.8560468554496765
The system shall notify customers of changes to its information policy.,not about scablability,not about scablability,0.891345202922821
The system shall reveal private information only in compliance with the organization’s information policy.,not about scablability,not about scablability,0.8680914044380188
 All customer information will be stored on a secure database  accessible only to authorized personnel.,not about scablability,not about scablability,0.8741984963417053
All credit card information will be encrypted in the database.,not about scablability,not about scablability,0.890494167804718
The streaming server will have anti-virus software to prevent infection of malicious viruses.,not about scablability,not about scablability,0.8735290765762329
The website should cater to all tribes in Nigeria.,not about scablability,not about scablability,0.8797761797904968
The website shall not be offensive to religious or ethnic groups.,not about scablability,not about scablability,0.8901668787002563
 The website should appeal to all Africans  not only Nigerians.,not about scablability,not about scablability,0.8860700130462646
The website should use Flash to provide animation on the home page.,not about scablability,not about scablability,0.8794471025466919
IzognMovies shall meet the licensing requirements set forth by the appropriate organizations in order to stream African movies.,not about scablability,not about scablability,0.8647992610931396
The website will comply with W3C standards.,not about scablability,not about scablability,0.9053447842597961
The PHP code will comply with PEAR standards.,not about scablability,not about scablability,0.9117989540100098
Total lead cycle time must be completed in 5 minutes for 90% of lead volume between the business hours of 8AM CST to 8PM CST  then 3 minutes for 99% of lead volume during off business hours.,not about scablability,not about scablability,0.8367156386375427
No lead evaluation will complete in a time period longer than 25 seconds for 97% of all leads processed.,not about scablability,not about scablability,0.8680752515792847
For leads that process longer than 25 seconds the system will record the event and duration,not about scablability,not about scablability,0.8811054825782776
The process must fit within the processing time conditions set forth by the Auto Rep Assignment process in which a lead is assigned within 3 minutes of the total life cycle.,not about scablability,not about scablability,0.8554065227508545
The lead washing process will operate within the established physical web service structure.,not about scablability,not about scablability,0.8867290616035461
 The washing process must use a non binding  neutral data format  such as xml  when receiving and processing lead data.,not about scablability,not about scablability,0.8588215708732605
Defect reports will be available to technical units on a 24x7 basis.,not about scablability,not about scablability,0.8906049728393555
Washing parameters will be updated during scheduled maintenance hours.,not about scablability,not about scablability,0.901610255241394
The product shall simulate the look of ships at sea.,not about scablability,not about scablability,0.8998209238052368
The product shall display the grids within a circle as a view from a periscope.,not about scablability,not about scablability,0.8692959547042847
The product shall display each type of ship in a grid using an image of the specific type of ship.,not about scablability,not about scablability,0.8663575649261475
 When the offensive player takes a shot  the product shall simulate the sound of a ship at sea.,not about scablability,not about scablability,0.8631212711334229
 When a shot is marked as a miss  the product shall simulate the sound of a shot missing its target.,not about scablability,not about scablability,0.8542118072509766
 When a shot is marked as a hit  the product shall simulate the sound of a shot hitting its target.,not about scablability,not about scablability,0.853919506072998
 When a ship is sunk  the product shall simulate the sound of a sinking ship.,not about scablability,not about scablability,0.871791422367096
 The product shall be available 24 hours per day  seven days per week.,not about scablability,not about scablability,0.8835487365722656
The product shall able to handle a large number of games simultaneously.,not about scablability,not about scablability,0.8896837830543518
The response time shall be fast enough to maintain the flow of the game.  The response time shall be no more than 2 seconds for 95% of responses and no more than 4% for the remaining responses.,not about scablability,not about scablability,0.8473589420318604
The product shall protect the identity of the players. The product shall provide players no access to information that might reveal the identity of another player.,not about scablability,not about scablability,0.8525078296661377
The product shall be intuitive and self-explanatory.  Nine out ten users shall be able to successfully complete a game with no training.,not about scablability,not about scablability,0.8539665341377258
 The product shall be available to players who understand English  Spanish and French.  The product shall allow the user to select the language upon accessing the product.,not about scablability,not about scablability,0.8492628931999207
The product shall provide players no access to information that might reveal the identity of another player,not about scablability,not about scablability,0.8731379508972168
The response time shall be fast enough to maintain the flow of the game. The response time shall be no more than 2 seconds for 95% of responses and no more than 4% for the remaining responses.,not about scablability,not about scablability,0.8473589420318604
The system shall be easy to use by callers and supervisors. Callers and supervisors must be able to accomplish any system task within 2 minutes.,not about scablability,not about scablability,0.8555500507354736
The system shall be easy to learn by callers and supervisors. Callers and supervisors shall learn how to use the system within 10 minutes.,not about scablability,not about scablability,0.851897120475769
 The system shall be responsive. At the DePaul TeleServices Center  when a supervisor uses the system to view a callers schedule  the system response time must be no more than 2 seconds 90% of the time and no more than 5 seconds the rest of the time.,not about scablability,not about scablability,0.8362846374511719
 On a 56k connection  the system response time for all operations must be no more than 6 seconds 90% of the time.,not about scablability,not about scablability,0.8640997409820557
 On a 112k connection or faster  the system response time for all operations must be no more than 3 seconds 90% of the time.,not about scablability,not about scablability,0.8594924211502075
The system shall have high availability every day of the year.The system must be available for use between 12:00AM and 6:00PM all days of the year.,not about scablability,not about scablability,0.8463075160980225
The system must be available for use between 7:00AM and 11:59PM all days of the year.,not about scablability,not about scablability,0.8628458976745605
The product shall be internet browser independent.The product must run using Internet Explorer and Netscape Navigator.,not about scablability,not about scablability,0.8650094866752625
The product shall ensure that only supervisors can advertise empty time slots.The product must ensure that supervisors are allowed to access advertise empty time slots.,not about scablability,not about scablability,0.841569721698761
The product shall ensure that only supervisors can enter a caller’s schedule.The product must ensure that supervisors are allowed to access advertise empty time slots.,not about scablability,not about scablability,0.8471949696540833
The product shall ensure that only supervisors can view schedule of all callers.The product must ensure that supervisors are allowed to access advertise empty time slots.,not about scablability,not about scablability,0.8491387367248535
 The interface shall have a simple look. In the interface and usability survey  90% of beta testers must report that the interface is adequately simple.,not about scablability,not about scablability,0.8574085831642151
 The interface shall be appealing to callers and supervisors. In the interface and usability survey  80% of beta testers must report that the interface is appealing.,not about scablability,not about scablability,0.8630150556564331
The product shall provide GUI based Monitoring Services.System Administrators shall monitor message exchanges will predict and determine problems and will also provide internal and external support.,not about scablability,not about scablability,0.8549856543540955
The product shall comply with City of Chicago Application Development Guide Framework.Application Development Framework will provide structured Graphical User Interface.,not about scablability,not about scablability,0.8519378304481506
The product shall provide Monitoring Services.The product shall be easy for System Administrators and DBAs to use after two weeks of usage.,not about scablability,not about scablability,0.8590817451477051
The product shall provide Error Tracking Services.The product shall help the System Administrators and DBAs to resolve transaction errors 99% of the time.,not about scablability,not about scablability,0.8576357364654541
The product shall provide Portals.The product shall help System Administrators to analyze the transactions with ad-hoc reporting and KPIs (Key Performance Indicators),not about scablability,not about scablability,0.8436400294303894
The product shall provide Asynchronous Messaging.The product shall provide asynchronous messaging to enable parallel processing and reduce the overhead in communications,not about scablability,not about scablability,0.8587740659713745
The product shall provide Multi-threading and Load Balancing.The product shall provide multi-threading technology as well as load balancing to overcome data load spikes and traffic.,not about scablability,not about scablability,0.8428881168365479
The product shall process messages within 2 seconds.The product shall have a maximum message processing time of 2 seconds,not about scablability,not about scablability,0.8718847632408142
The product shall poll the system for messages every second.The product shall poll the system for new messages at a maximum of every 1 second.,not about scablability,not about scablability,0.8388590812683105
The product shall provide Dynamic Change Support and Transparent resource addition.The product shall support Transparent Resource addition and Dynamic Change support to provide scalability and avoid service interruptions of more than 1 day.,not about scablability,not about scablability,0.8348569273948669
The product shall be available 99% of the time. Rationale: To avoid service interruption during busiest customer service response periods. The product shall be available 99.99% of the time for regular business days.,not about scablability,not about scablability,0.8409214615821838
The product shall be robust.The product shall have fault avoidance based on standards adoption.,not about scablability,not about scablability,0.8611752390861511
The product shall be robust with fault tolerance.The product shall have fault tolerance by using recovery technique compensatory transaction and routing around failures.,not about scablability,not about scablability,0.8570281267166138
The product shall be able to process all transactions.The product shall process minimum of 1 million transactions per year.,scablability,not about scablability,0.8437994122505188
The product shall be platform independent.The product shall enable access to any type of development environment and platform.,not about scablability,not about scablability,0.8529128432273865
The product shall interface CSR and Datastream.The product shall exchange messages between CSR and EAM on a real time basis without any direct interfaces between two systems.,not about scablability,not about scablability,0.8477035760879517
 : The product shall continue to operate during upgrade  change or new resource addition.The product shall be able to continue to operate with no interruption in service due to new resource additions.,not about scablability,not about scablability,0.8433557748794556
The product shall be updated on a regular basis.The product will have a new major feature introduced every six months and quarterly maintenance releases every six months.,not about scablability,not about scablability,0.8445297479629517
The product shall operate with every platform.The product shall accommodate any new technology without any change in its architecture.,not about scablability,not about scablability,0.8602122664451599
 The product shall have security.The product shall provide authentication  and authorization.,not about scablability,not about scablability,0.8734240531921387
The product shall information Security. The product shall enable privacy by encryption WS-Security and Integrity Checking.,not about scablability,not about scablability,0.8674067854881287
The product shall have audit capabilities.The product shall store messages for a minimum of one year for audit and transaction tracking purposes.,not about scablability,not about scablability,0.8460633754730225
The system shall use IBM and CCR branding standards. The interface must have one IBM logo and one CCR logo.,not about scablability,not about scablability,0.8492739200592041
The system shall be displayable on any work computer a CCR user may have. The system interface shall be formatted to display at 800 by 600 pixel resolution.,not about scablability,not about scablability,0.8626464605331421
The system interface will use CCR nomenclature. The system must use the same nomenclature used in the existing WCS system and reports,not about scablability,not about scablability,0.8609012961387634
The interface must summarize the data in a fashion that’s appealing to CCR management. Every report type must have at least one high level summary shown in the results dashboard/interface,not about scablability,not about scablability,0.8416893482208252
The system must use a point and click interface. 100% of all selection and navigation functionality must be able to be activated/selected by either a mouse or a keyboard,not about scablability,not about scablability,0.8513425588607788
The interface shall be easy to use. 90% of users should be able to successfully use the system to generate a report on their first use. The interface should adhere to IBM usability standards.,not about scablability,not about scablability,0.8378201127052307
Rreports must be easy to generate. eports must be generated within one button click and exported within one button click (after selecting the report),not about scablability,not about scablability,0.8618649840354919
A user shall be able to use the system without instruction after a short amount of time. After one use a user should understand and remember 90% of the system usage and navigation.,not about scablability,not about scablability,0.8427896499633789
All CCR users shall receive training before the WCS system is deployed. One training session will be held for 100% of CCR users before system deployment (based on a CCR user being available),not about scablability,not about scablability,0.8471490740776062
The WCS system shall use appropriate nomenclature and terminology as defined by the Corporate Community Grants organization. All interfaces and reports will undergo usability tests by CCR users.,not about scablability,not about scablability,0.8635545969009399
The WCS system shall be available at all times as long as IBM’s internal intranet W3 is accessible. The WCS system will be available 95% of the time IBM’s internal intranet W3 is available.,not about scablability,not about scablability,0.8429268002510071
The WCS system shall have the ability to connect other designated WCS databases currently not included in the system.,scablability,not about scablability,0.8637753129005432
The WCS system shall have the ability to include data for regions outside the United States and be accessed by users outside of the United States if approved by CCR management.,scablability,not about scablability,0.8561217784881592
The WCS system shall be run in a Windows environment. The WCS shall be accessed by users through the Internet on an IBM computer running a Windows 2000 or above operating system.,not about scablability,not about scablability,0.850963830947876
The Brio portion of the WCS system must be able to export files in spreadsheet form (Microsoft Excel and Lotus 1-2-3 formats).  Brio will provide buttons in the user interface that produce/export reports in .xls or .123 file formats.,not about scablability,not about scablability,0.8327281475067139
The WCS system must run queries to the WCS databases once again (on a specified day) to update the available data available to CCR users. Queries must be made to external databases for data refresh once a week.,not about scablability,not about scablability,0.832253098487854
 All changes  updates  and additions to the WCS system shall be updated in the WCS Developer and WCS User Guides. Every change must be reflected in WCS system documentation,not about scablability,not about scablability,0.8410793542861938
The system shall only be accessed by authorized Corporate Community Grants (CCR) employees. Users must be authenticated using their IBM intranet user name and password.,not about scablability,not about scablability,0.8579003810882568
The WCS system shall not allow automatic logins by any user. Cookies containing WCS login information about a user will not be stored on a user’s computer.,not about scablability,not about scablability,0.861018717288971
Each team owner will need to use a username and password in order to be authenticated to reach the team owner’s page,not about scablability,not about scablability,0.8426365256309509
The Commissioner will be the only authorized user per league to adjust league settings.,not about scablability,not about scablability,0.8745802044868469
Each page shall contain a navigation menu which shows the index into which the current page is contained.,not about scablability,not about scablability,0.8664454221725464
Each page shall contain a similar format with action items in one location and navigation buttons in a different location.,not about scablability,not about scablability,0.8610263466835022
The message board shall contain the 5 most recently posted messages on the league page. The messages will contain up to the first 150 characters of the message.,not about scablability,not about scablability,0.8587344288825989
;A new user shall be able to navigate through the league and team pages within 30 seconds of reaching the start-up page.,not about scablability,not about scablability,0.8624001741409302
Users shall be able to reach the ‘add’  ‘drop’  and ‘trade player’ pages with one click from the team owner’s page.,not about scablability,not about scablability,0.8546889424324036
;Users shall be able to view at least 25 NFL player statistics and points on each page.,not about scablability,not about scablability,0.8668639063835144
The application shall ask the user to confirm dropping a player or trading a player before performing the action.,not about scablability,not about scablability,0.8620518445968628
The application shall be able to complete every user transaction within one fourth of a second of receiving the request over the network.,not about scablability,not about scablability,0.8620721697807312
The application shall have a downtime of at most 10 minutes per year.,not about scablability,not about scablability,0.8791937232017517
The application shall run on a web application server.,not about scablability,not about scablability,0.9037668704986572
A primary database will be used to store cached data for active users.,not about scablability,not about scablability,0.8901984691619873
A secondary database will be used to store historical statistics and data.,not about scablability,not about scablability,0.891636848449707
Application updates shall occur between 3AM and 6 AM CST on Wednesday morning during the middle of the NFL season.,not about scablability,not about scablability,0.8648584485054016
New System version releases shall be released at the beginning of each NFL season.,not about scablability,not about scablability,0.883426308631897
The RFS system should be available 24/7  especially during the budgeting period. The RFS system shall be available 90% of the time all year  and 98% during the budgeting period. 2% of the time  the system will become available within 1 hour of the time that the situation is reported.,not about scablability,not about scablability,0.825200617313385
98% of the user workstations shall meet the minimum hardware requirements prior to implementation. Minimum Hard Disk Space:  400MB.,not about scablability,not about scablability,0.861162543296814
98% of the user workstations shall meet the minimum software requirements prior to implementation: Microsoft Internet Explorer 5.0. Microsoft .NET Framework 1.1. Microsoft Internet Explorer Web Controls,not about scablability,not about scablability,0.8349252939224243
The RFS system should be able to easily interface with the BDW environment  in order to load the data. •;7 data files shall be received from the BDW and loaded into the RFS system within 3 hours one day prior to the start of budgeting process  every year. The data will be as of October month-end. ;Test files (7) shall be loaded up to 5 times throughout the year  from the BDW.,not about scablability,not about scablability,0.8178920149803162
Changes to revenue and expense formulae must be applied to the RFS system  every year  prior to the budgeting process start. Revenue and expense formulae will be updated within one week of their receipt  after which 2 weeks will be allotted to testing of the budget calculations  to be conducted jointly by the project development team and PCG Finance.,not about scablability,not about scablability,0.822905421257019
New branches/complexes/districts/regions and revenue/expense accounts added to the BDW  must be reflected in the RFS system. 100% of the entities (mentioned above) available as of October month-end  will be loaded into the RFS system  prior to the budget start process.,not about scablability,not about scablability,0.8300380706787109
Only authorized user shall access the RFS system. ONLY users that exist in the UAS system  with the RFS system assigned to their role(s)  shall access the RFS system and use it.,not about scablability,not about scablability,0.8297843933105469
;User access should be limited to the permissions granted to their role(s) Each level in the PCG hierarchy will be assigned a role and users will be assigned to these roles. Access to functionality within RFS system is dependent on the privileges/permission assigned to the role..,not about scablability,not about scablability,0.8290532231330872
The product must comply with the intranet page standards and requirements of ENET Securities. 95% of the product look & feel will be approved by the Architecture group  prior to implementation. The remaining 5% will be corrected and approved within one month of product release.,not about scablability,not about scablability,0.8330077528953552
 The intranet pages should display appropriately in all resolutions  from 800x600 and higher. The display of all the pages will be correct in 95% of the resolutions  prior to implementation. The remaining 5% will be corrected within a week of notification of the incorrect display.,not about scablability,not about scablability,0.8406819105148315
The users should be able to easily use the system to successfully complete their budgets  within the stipulated time for completion. With a week of training prior to product implementation  98% of the users shall complete their budgets within the stipulated time.,not about scablability,not about scablability,0.8393380641937256
The product interface should be fast. The response time of the product interface should not exceed 2 seconds 90% of the time. For 10% of the time  the response time should not be more than 10 seconds.not be more than 10 seconds.,not about scablability,not about scablability,0.8383079171180725
