,precision,recall,f1-score,support
"flexibility, workload, efficiency, or optimize",0.10404624277456648,0.8571428571428571,0.18556701030927836,21.0
"usability, security, operational, performance, look & feel, legal, fault & tolerance, maintainability, availability, or portability",0.9847715736040609,0.5558739255014327,0.7106227106227108,349.0
accuracy,0.572972972972973,0.572972972972973,0.572972972972973,0.572972972972973
macro avg,0.5444089081893136,0.7065083913221448,0.44809486046599456,370.0
weighted avg,0.9347844602326572,0.572972972972973,0.6808222519562727,370.0
