Requirement text,Gold label,Predicated label,ZSL score
The system shall refresh the display every 60 seconds.,"not about scalable, increasable or developable","not about scalable, increasable or developable",0.9313352108001709
The application shall match the color of the schema set forth by Department of Homeland Security,"not about scalable, increasable or developable","not about scalable, increasable or developable",0.917029857635498
 If projected  the data must be readable.  On a 10x10 projection screen  90% of viewers must be able to read Event / Activity data from a viewing distance of 30,"not about scalable, increasable or developable","not about scalable, increasable or developable",0.8933408260345459
 The product shall be available during normal business hours. As long as the user has access to the client PC  the system will be available 99% of the time during the first six months of operation.,"not about scalable, increasable or developable","not about scalable, increasable or developable",0.8779612183570862
 If projected  the data must be understandable. On a 10x10 projection screen  90% of viewers must be able to determine that Events or Activities are occuring in current time from a viewing distance of 100,"not about scalable, increasable or developable","not about scalable, increasable or developable",0.8895640969276428
The product shall ensure that it can only be accessed by authorized users.  The product will be able to distinguish between authorized and unauthorized users in all access attempts,"not about scalable, increasable or developable","not about scalable, increasable or developable",0.88703453540802
The product shall be intuitive and self-explanatory.  :  90% of new users shall be able to start the display of Events or Activities within 90 minutes of using the product.,"not about scalable, increasable or developable","not about scalable, increasable or developable",0.8905118703842163
The product shall respond fast to keep up-to-date data in the display.,"not about scalable, increasable or developable","not about scalable, increasable or developable",0.9133983850479126
The look and feel of the system shall conform to the user interface standards of the smart device.,"not about scalable, increasable or developable","not about scalable, increasable or developable",0.910338282585144
 The user interface shall have standard menus  buttons for navigation,"not about scalable, increasable or developable","not about scalable, increasable or developable",0.9263918399810791
The system shall have a professional appearance,"not about scalable, increasable or developable","scalable, increasable or developable",0.917563796043396
The product shall have a consistent color scheme and fonts.,"not about scalable, increasable or developable","not about scalable, increasable or developable",0.928174614906311
The system shall be used by realtors with no training.,"not about scalable, increasable or developable","not about scalable, increasable or developable",0.9306543469429016
The system shall be intuitive and self explanatory.,"not about scalable, increasable or developable","not about scalable, increasable or developable",0.9241380095481873
The product shall be easy for a realtor to learn.,"not about scalable, increasable or developable","not about scalable, increasable or developable",0.926227867603302
The product shall use symbols and words that are naturally understandable by the realtor community.,"not about scalable, increasable or developable","not about scalable, increasable or developable",0.916228175163269
The product shall produce search results in an acceptable time,"not about scalable, increasable or developable","not about scalable, increasable or developable",0.9270845651626587
The search results shall be returned no later 30      seconds  after the user has entered the search criteria,"not about scalable, increasable or developable","not about scalable, increasable or developable",0.912484884262085
The product shall generate a CMA report in an acceptable time.,"not about scalable, increasable or developable","not about scalable, increasable or developable",0.9292782545089722
The CMA report shall be returned no later 60 seconds after the user has entered the CMA report criteria.,"not about scalable, increasable or developable","not about scalable, increasable or developable",0.905535101890564
The product shall synchronize contacts and appointments in an acceptable time.,"not about scalable, increasable or developable","not about scalable, increasable or developable",0.9171541333198547
The product shall synchronize with the office system every hour.,"not about scalable, increasable or developable","not about scalable, increasable or developable",0.9202927350997925
 The product shall be available for use 24 hours per day  365 days  per year,"not about scalable, increasable or developable","not about scalable, increasable or developable",0.9202901124954224
 Out of 1000 accesses to the system  the system is available 999 times.,"not about scalable, increasable or developable","not about scalable, increasable or developable",0.9284965991973877
The product shall operate in offline mode whenever internet connection is unavailable.,"not about scalable, increasable or developable","not about scalable, increasable or developable",0.9342718124389648
 The product shall allow the user to view previously downloaded search results  CMA reports  and appointments.,"not about scalable, increasable or developable","not about scalable, increasable or developable",0.9129229784011841
The product shall retain user preferences in the event of a failure.,"not about scalable, increasable or developable","not about scalable, increasable or developable",0.9276183247566223
100% of saved user preferences shall be restored when system comes back online.,"not about scalable, increasable or developable","not about scalable, increasable or developable",0.9213928580284119
The product shall be able to support multiple remote users,"scalable, increasable or developable","not about scalable, increasable or developable",0.9242789149284363
The product shall be able support 1000 simultaneous users.,"scalable, increasable or developable","not about scalable, increasable or developable",0.9229670763015747
The product shall be capable of handling the existing 1000 users. This number is expected to grow 5 times within the next year.,"scalable, increasable or developable","not about scalable, increasable or developable",0.9052714109420776
The product shall be installed by an untrained realtor   without recourse to separately-printed instructions.,"not about scalable, increasable or developable","not about scalable, increasable or developable",0.9126265048980713
90% of untrained realtors shall be able to install the product on their device without printed instructions,"not about scalable, increasable or developable","not about scalable, increasable or developable",0.9081547260284424
The product is expected to run on Windows CE and Palm operating systems.,"not about scalable, increasable or developable","not about scalable, increasable or developable",0.9279427528381348
Only registered realtors shall be able to access the system.,"not about scalable, increasable or developable","not about scalable, increasable or developable",0.9309322834014893
Every user of the system shall be authenticated and authorized.,"not about scalable, increasable or developable","not about scalable, increasable or developable",0.926785945892334
The product shall prevent its data from incorrect data being introduced.,"not about scalable, increasable or developable","not about scalable, increasable or developable",0.9297975897789001
The system shall be easy to use by the Program Administrators/Nursing Staff Members.,"not about scalable, increasable or developable","not about scalable, increasable or developable",0.9111797213554382
All of the users shall be able to use the system after one day of training.,"not about scalable, increasable or developable","not about scalable, increasable or developable",0.9134949445724487
The system shall help the user avoid making mistakes while scheduling classes and clinicals for the nursing students.,"not about scalable, increasable or developable","not about scalable, increasable or developable",0.9046924710273743
The number of mistakes noted by the students shall be decreased by 50% in the first year.,"not about scalable, increasable or developable","not about scalable, increasable or developable",0.9062473773956299
The system shall be intuitive to the Program Administrators/Nursing Staff Members.,"not about scalable, increasable or developable","not about scalable, increasable or developable",0.9145286679267883
2 out of 3 Program Administrators/Nursing Staff Members shall successfully be able to use the system to manage the scheduling of classes and clinicals.,"not about scalable, increasable or developable","not about scalable, increasable or developable",0.8913884162902832
The system shall use symbols and words that are naturally understandable by the user community.,"not about scalable, increasable or developable","not about scalable, increasable or developable",0.9202868938446045
The verbiage used within the system shall be consistent with Standard English and the terminology of the national Nursing Community.,"not about scalable, increasable or developable","not about scalable, increasable or developable",0.9124786257743835
Staff members shall be able to complete a set of tasks in a timely manner.,"not about scalable, increasable or developable","not about scalable, increasable or developable",0.9083610773086548
The response time of general student management tasks shall take no longer than 5 seconds and the response time of schedule generation shall take no longer than 30 seconds.,"not about scalable, increasable or developable","not about scalable, increasable or developable",0.8891465663909912
The system shall be available for use between the hours of 8am and 6pm.,"not about scalable, increasable or developable","not about scalable, increasable or developable",0.9180179834365845
The system shall achieve 95% up time.,"not about scalable, increasable or developable","scalable, increasable or developable",0.9326032400131226
system shall be able to handle all of the user requests/usage during business hours.,"scalable, increasable or developable","not about scalable, increasable or developable",0.9116356372833252
The system shall cater to 10 simultaneous users from 9am to 5pm.,"scalable, increasable or developable","not about scalable, increasable or developable",0.9361213445663452
The system shall be capable of processing 100% of nursing students and their classes for the next 10 years.,"scalable, increasable or developable","not about scalable, increasable or developable",0.9081934094429016
The system shall be expected to manage the nursing program curriculum and class/clinical scheduling for a minimum of 5 years.,"scalable, increasable or developable","not about scalable, increasable or developable",0.903264582157135
The system shall able to operate within a business office environment typical of the Nursing Department at DePaul University.,"not about scalable, increasable or developable","not about scalable, increasable or developable",0.9146502614021301
The system shall be used within the specifications defined by the computers used by the Program Administrators/Nursing Staff Members.,"not about scalable, increasable or developable","not about scalable, increasable or developable",0.9079449772834778
The system shall operate within the Windows XP Professional operating system.,"not about scalable, increasable or developable","not about scalable, increasable or developable",0.9276659488677979
The system shall interface with CampusConnect’s central server,"not about scalable, increasable or developable","not about scalable, increasable or developable",0.9331717491149902
The system shall interface with the faculty central server.,"not about scalable, increasable or developable","not about scalable, increasable or developable",0.9345523118972778
The system shall interface with the student master server.,"not about scalable, increasable or developable","not about scalable, increasable or developable",0.936489462852478
We must be able to interface with any HTML browser.,"not about scalable, increasable or developable","not about scalable, increasable or developable",0.934417724609375
Only authorized users shall have access to clinical site information.,"not about scalable, increasable or developable","not about scalable, increasable or developable",0.9300795793533325
Program Administrators/Nursing Staff Members are the only people who shall have access to clinical site details.,"not about scalable, increasable or developable","not about scalable, increasable or developable",0.9117361307144165
Only authorized users shall have access to students’ personal information.,"not about scalable, increasable or developable","not about scalable, increasable or developable",0.9339206218719482
Dr Susan Poslusny and Dr Julie Donalek are the only people who shall have access to students’ personal information.,"not about scalable, increasable or developable","not about scalable, increasable or developable",0.9046626687049866
Only authorized users shall have access to the portion of the system that interfaces with CampusConnect.,"not about scalable, increasable or developable","not about scalable, increasable or developable",0.9184457659721375
Fit Criterion: Dr Susan Poslusny and Karen Sysol are the only people who shall have access to the final class section scheduling for the system that interfaces with CampusConnect.,"not about scalable, increasable or developable","not about scalable, increasable or developable",0.8840120434761047
The system shall have basic data integrity checking to reduce the possibility of incorrect or invalid data being introduced.,"not about scalable, increasable or developable","not about scalable, increasable or developable",0.9130949378013611
The system shall protect private information in accordance with the organization’s information policy.,"not about scalable, increasable or developable","not about scalable, increasable or developable",0.9228798151016235
The system shall be built such that it is as secure as possible from malicious interference.,"not about scalable, increasable or developable","not about scalable, increasable or developable",0.9194542169570923
The system shall use the organization’s standard virus protection software to help monitor threats to itself.,"not about scalable, increasable or developable","not about scalable, increasable or developable",0.9192556738853455
The Disputes application shall comply with the corporate standards for user interface creation for internally and externally used applications.,"not about scalable, increasable or developable","not about scalable, increasable or developable",0.9232617020606995
All screens created as part of the Disputes application must comply with corporate standards for interface creation.,"not about scalable, increasable or developable","not about scalable, increasable or developable",0.9230865836143494
The list of dispute cases that are displayed after a search is performed must be color coded for easy identification of dispute cases based upon the dispute case status.,"not about scalable, increasable or developable","not about scalable, increasable or developable",0.8918319344520569
100% of the cardmember and merchant services representatives shall use the Disputes application regularly after a 2-day training course.,"not about scalable, increasable or developable","not about scalable, increasable or developable",0.9102429151535034
100% of cardmember services representatives shall be able to successfully create a dispute case on the first encounter after completing the training course.,"not about scalable, increasable or developable","not about scalable, increasable or developable",0.9064796566963196
100% of merchant services representatives shall be able to successfully perform a follow up action on a dispute case on the first encounter after completing the training course.,"not about scalable, increasable or developable","not about scalable, increasable or developable",0.8989942669868469
The maximum wait time for a user navigating from one screen to another within the Disputes application shall be no more than 5 seconds.,"not about scalable, increasable or developable","not about scalable, increasable or developable",0.9065244793891907
The Disputes application shall support 350 concurrent users without any degradation of performance in the application.,"not about scalable, increasable or developable","not about scalable, increasable or developable",0.9213448166847229
 The Disputes application shall be available 24x7x365  with the exception of the following scheduled maintenance windows.  Monday – Saturday 3:00am to 4:00am EST Sunday 1:00amd to 5:00am EST,"not about scalable, increasable or developable","not about scalable, increasable or developable",0.8818090558052063
The Disputes application shall interface with the Statement Database. The Statement Database provides the transaction details to the Disputes System. All transaction details must be obtained from the Statement Database,"not about scalable, increasable or developable","not about scalable, increasable or developable",0.8844576478004456
The Disputes application shall interface with the Cardmember Information Database.  The Cardmember Information Database provides detailed information with regard to a cardmember.  All cardmember detail information must be obtained from the Cardmember Information Database.,"not about scalable, increasable or developable","not about scalable, increasable or developable",0.8747766017913818
The Disputes applications shall interface with the Merchant Information Database.  The Merchant Information Database provides detailed information with regard to the merchant. All merchant detail information shall be obtained from the Merchant Information Database.,"not about scalable, increasable or developable","not about scalable, increasable or developable",0.875275731086731
The Disputes application shall interface with the Letters application.  This will allow the Disputes application to request letters as part of the dispute initiation and dispute follow up process. All letter requests must be sent to the Print Letter Utility application.,"not about scalable, increasable or developable","not about scalable, increasable or developable",0.8778819441795349
The Disputes application shall interface with the Cardmember Posting and Billing System.  This will allow the Disputes application to request adjustments to cardmember and merchant’s accounts. All adjustment requests must be sent to the Cardmember Posting and Billing System.,"not about scalable, increasable or developable","not about scalable, increasable or developable",0.8725665211677551
The Disputes application shall ensure that only users with the appropriate access level are allowed to initiate dispute requests.,"not about scalable, increasable or developable","not about scalable, increasable or developable",0.9194444417953491
Only users with Update access must be able to initiate dispute requests.,"not about scalable, increasable or developable","not about scalable, increasable or developable",0.9389867782592773
The Disputes application shall ensure that only authorized users are allowed to logon to the application.,"not about scalable, increasable or developable","not about scalable, increasable or developable",0.9161832332611084
 All authorized users  once authenticated must be able to logon to the Disputes System,"not about scalable, increasable or developable","not about scalable, increasable or developable",0.923914909362793
The Disputes System shall generate a User Report that details any new users that have been added and any changes to an existing user’s access level.  The report will be reviewed for auditing purposes.,"not about scalable, increasable or developable","not about scalable, increasable or developable",0.8845505118370056
All additions of new users and modifications to user’s access shall be recorded on the User Report.,"not about scalable, increasable or developable","not about scalable, increasable or developable",0.9170629978179932
 If a user account is revoked  it can only be re-instantiated by the System Administrator.,"not about scalable, increasable or developable","not about scalable, increasable or developable",0.9162918329238892
Only the System Administrator shall be able to reset a revoked user logon account,"not about scalable, increasable or developable","not about scalable, increasable or developable",0.9194352030754089
The Disputes application shall manipulate and view business data. Users will not have direct access to data files or databases.,"not about scalable, increasable or developable","not about scalable, increasable or developable",0.9112186431884766
All updates to data files or database must be initiated from the Disputes System.,"not about scalable, increasable or developable","not about scalable, increasable or developable",0.9272854924201965
The Disputes application must conform to the legal requirements as specified by the Merchant Operating Regulations.,"not about scalable, increasable or developable","not about scalable, increasable or developable",0.9184952974319458
All business rules specified in the Disputes System shall be in compliance with the Merchant Operating Regulations.,"not about scalable, increasable or developable","not about scalable, increasable or developable",0.9168379902839661
The Disputes application must conform to the legal requirements as specified by Regulation E and Regulation Z that govern credit card disputes processing.,"not about scalable, increasable or developable","not about scalable, increasable or developable",0.89882892370224
All business rules specified in the Disputes System shall be in compliance to the guidelines of Regulation E and Regulation Z.,"not about scalable, increasable or developable","not about scalable, increasable or developable",0.9025883078575134
The Disputes application must maintain a detailed history of every action that a user takes on a dispute case.  This ensures a complete audit trail if questions arise later on with regard to a particular dispute case.,"not about scalable, increasable or developable","not about scalable, increasable or developable",0.8812704682350159
All actions that modify an existing dispute case must be recorded in the case history.,"not about scalable, increasable or developable","not about scalable, increasable or developable",0.9226462841033936
The product must support Internet Explorer 5.5 and above.,"not about scalable, increasable or developable","not about scalable, increasable or developable",0.9289684295654297
The product must support Mozilla Firefox 1.0 and above.,"not about scalable, increasable or developable","not about scalable, increasable or developable",0.9240911602973938
The product shall interface with the Choice Parts System.  This provides the feed of recycled parts data.,"not about scalable, increasable or developable","not about scalable, increasable or developable",0.9247429370880127
The product shall run on the existing hardware for all environments.,"not about scalable, increasable or developable","not about scalable, increasable or developable",0.9264664649963379
The product shall adhere to the corporate Architecture guidelines,"not about scalable, increasable or developable","scalable, increasable or developable",0.9285968542098999
The product shall comply with corporate User Interface Guidelines,"not about scalable, increasable or developable","not about scalable, increasable or developable",0.9234217405319214
The product shall comply with corporate color scheme,"not about scalable, increasable or developable","scalable, increasable or developable",0.9307191371917725
The appearance of the product shall appear professional,"not about scalable, increasable or developable","scalable, increasable or developable",0.9230381846427917
The product shall be easy to use by Adjusters and Collision Estimators.  95% of Adjusters and Collision Estimators shall find the product easy to use.,"not about scalable, increasable or developable","not about scalable, increasable or developable",0.8775395750999451
The product shall increase productivity of Collision Estimators. 80% of the Collision Estimators shall agree their productivity has increase within 1 month of using the product.,"not about scalable, increasable or developable","not about scalable, increasable or developable",0.8857948780059814
Users shall feel satisfied using the product.  85% of all users will be satisfied with the product.,"not about scalable, increasable or developable","not about scalable, increasable or developable",0.9221547842025757
The product shall be easy to learn by Adjusters and Collision Estimators.  The product shall be learned with two days onsite training,"not about scalable, increasable or developable","not about scalable, increasable or developable",0.8933932781219482
The user shall easily locate instructions while using the product.  User help can be found within 90% of the system.,"not about scalable, increasable or developable","not about scalable, increasable or developable",0.907662570476532
The search for recycled parts shall take no longer than 15 seconds.  The search results shall be returned in under 15 seconds.,"not about scalable, increasable or developable","not about scalable, increasable or developable",0.9009535312652588
The search for the preferred repair facility shall take no longer than 8 seconds.  The preferred repair facility is returned within 8 seconds,"not about scalable, increasable or developable","not about scalable, increasable or developable",0.9074904918670654
The recycled parts audit report shall be returned to the user within 10 seconds.  The audit report shall be returned within 10 seconds.,"not about scalable, increasable or developable","not about scalable, increasable or developable",0.8947713375091553
The preferred repair facility ratings shall be saved within 5 seconds. The save shall occur within 5 seconds.,"not about scalable, increasable or developable","not about scalable, increasable or developable",0.9077175855636597
The product shall adhere to the corporate online availability schedule.  The application is brought down only within 98% of the scheduled outages per the availability schedule.,"not about scalable, increasable or developable","not about scalable, increasable or developable",0.9013451933860779
The product shall achieve a 98% uptime. The product shall not fail more than 2% of the available online time.,"not about scalable, increasable or developable","not about scalable, increasable or developable",0.9020548462867737
The product shall be able to handle up to 1500 simultaneous users. The system shall perform with 1500 users as a time.,"scalable, increasable or developable","not about scalable, increasable or developable",0.8999854326248169
 The average number of recycled parts records per day shall be 50 000.,"scalable, increasable or developable","not about scalable, increasable or developable",0.9248342514038086
 The product shall be able to handle 10 000 concurrent users within 2 years of the initial launch.,"scalable, increasable or developable","not about scalable, increasable or developable",0.9193860292434692
 For estimators  the product shall be able to be operated in a repair facility during dirty and noisy conditions.,"not about scalable, increasable or developable","not about scalable, increasable or developable",0.9077317118644714
The product shall interface with the ChoiceParts system once per day at approximately 1:00 AM.,"not about scalable, increasable or developable","not about scalable, increasable or developable",0.9197570085525513
The maintenance of the product will fall within the established corporate maintenance windows.,"not about scalable, increasable or developable","not about scalable, increasable or developable",0.9143933057785034
The product shall be supported using the corporate support center.,"not about scalable, increasable or developable","not about scalable, increasable or developable",0.9299904704093933
Product installations and upgrades shall be handled by the middleware technology team within established launch time frames.,"not about scalable, increasable or developable","not about scalable, increasable or developable",0.913293719291687
Only adjusters can request recycled parts audit reports. No users without an adjuster role shall request recycled parts audits.,"not about scalable, increasable or developable","not about scalable, increasable or developable",0.9040318131446838
Only adjusters with a supervisor role can update preferred repair facility ratings. Users without the supervisor role cannot access the repair facility ratings.,"not about scalable, increasable or developable","not about scalable, increasable or developable",0.9079908132553101
Only collision estimators shall search for recycled parts.  Users without the collision estimator role shall not have access to the search for recycled parts.,"not about scalable, increasable or developable","not about scalable, increasable or developable",0.8966730833053589
Only valid data shall be entered into the system.  No invalid data shall be entered into the system.,"not about scalable, increasable or developable","not about scalable, increasable or developable",0.9062352180480957
One insurance company shall not be able to view another insurance companys claim data.,"not about scalable, increasable or developable","not about scalable, increasable or developable",0.9182401299476624
The product shall free of computer viruses.,"not about scalable, increasable or developable","scalable, increasable or developable",0.9337154626846313
The system shall prevent malicious attacks including denial of service.,"not about scalable, increasable or developable","not about scalable, increasable or developable",0.9379513263702393
The product must comply with Sarbanes-Oxley.,"not about scalable, increasable or developable","not about scalable, increasable or developable",0.9368191957473755
The product shall comply with the estimatics laws relating to recycled parts usage.,"not about scalable, increasable or developable","not about scalable, increasable or developable",0.9265174269676208
The product shall comply with insurance regulations regarding claims processing.,"not about scalable, increasable or developable","not about scalable, increasable or developable",0.9216812252998352
 The product must work with most database management systems (DBMS) on the market  whether the DBMS is colocated with the product on the same machine or is located on a different machine on the computer network.,"not about scalable, increasable or developable","not about scalable, increasable or developable",0.8804075717926025
The product will function alongside server software on any operating system where the Java runtime can be installed.,"not about scalable, increasable or developable","not about scalable, increasable or developable",0.9231911897659302
The product will require collaboration with a database management system (DBMS).  The DBMS may be located on the same machine as the product or on a separate machine residing on the same computer network.,"not about scalable, increasable or developable","not about scalable, increasable or developable",0.8835252523422241
 The product must make use of web/application server technology.  Open source examples include Apache web server  Tomcat  and the JBoss application server.,"not about scalable, increasable or developable","not about scalable, increasable or developable",0.9011508226394653
 A database management system such as Oracle  DB2  MySql or HSQL will need to be integrated with the product.,"not about scalable, increasable or developable","not about scalable, increasable or developable",0.9228354692459106
 The product’s Look and Feel shall be able to incorporate aspects of the customer’s organization such as logo  branding  and identity,"not about scalable, increasable or developable","not about scalable, increasable or developable",0.8986198306083679
The product shall have a conservative and professional appearance.,"not about scalable, increasable or developable","not about scalable, increasable or developable",0.9260509014129639
The product shall make the users want to use it. 80% of the users surveyed report they are regularly using the product after the first 2 weeks post-launch.,"not about scalable, increasable or developable","not about scalable, increasable or developable",0.8859796524047852
The product shall be easy to use. 90% of users will be able to successfully reserve a conference room within 5 minutes of product use.,"not about scalable, increasable or developable","not about scalable, increasable or developable",0.8949258327484131
The product shall give users feedback when necessary. 80% of the users surveyed report that the product accurately confirms their actions.,"not about scalable, increasable or developable","not about scalable, increasable or developable",0.9072751998901367
The product shall allow the user to select a chosen language from one of the target market countries.,"not about scalable, increasable or developable","not about scalable, increasable or developable",0.9138981699943542
The product shall allow for customization of start page and views preferences.,"not about scalable, increasable or developable","not about scalable, increasable or developable",0.9223251938819885
 An employee will be able to successfully use the product within a few minutes.  After informally navigating the product for less than 15 minutes  users shall be able to successfully setup meetings and reserve conference rooms.,"not about scalable, increasable or developable","not about scalable, increasable or developable",0.8799659013748169
The product shall use a standard navigation menu familiar to most web users.,"not about scalable, increasable or developable","not about scalable, increasable or developable",0.9258054494857788
The product shall allow for intuitive searching of available conference rooms.,"not about scalable, increasable or developable","not about scalable, increasable or developable",0.9275529384613037
The product shall conform to the Americans with Disabilities Act.,"not about scalable, increasable or developable","not about scalable, increasable or developable",0.9340553283691406
The response shall be fast enough to avoid interrupting the user’s flow of thought.  90% of tasks shall complete within 5 seconds.  98% of tasks shall complete within 8 seconds.,"not about scalable, increasable or developable","not about scalable, increasable or developable",0.8803807497024536
 Aside from server failure  the software product shall achieve 99.99% up time.,"not about scalable, increasable or developable","not about scalable, increasable or developable",0.9127597808837891
The product shall create an exception log of problems encountered within the product for transmission to our company for analysis and resolution.,"not about scalable, increasable or developable","not about scalable, increasable or developable",0.901472270488739
 The product shall be capable of handling up to 1 000 concurrent requests.  This number will increase to 2 000 by Release 2.  The concurrency capacity must be able to handle peak scheduling times such as early morning and late afternoon hours.,"scalable, increasable or developable","not about scalable, increasable or developable",0.8597991466522217
 The product shall be able to process 10 000 transactions per hour within two years of its launch.  This number will increase to 20 000 by Release 2.,"scalable, increasable or developable","not about scalable, increasable or developable",0.893945038318634
The product shall be expected to operate for at least 5 years for each customer installation.,"scalable, increasable or developable","not about scalable, increasable or developable",0.9162995219230652
The product shall be used in office environments.,"not about scalable, increasable or developable","scalable, increasable or developable",0.9275568127632141
The product must be able to interface with any HTML browser.  The product shall transmit data between the user and the product without problems. The product shall display HTML properly in 80% of all HTML browsers tested (minimum is to test 8 browsers).,"not about scalable, increasable or developable","not about scalable, increasable or developable",0.858389675617218
The product must be able to interface with various database management systems. The product shall communicate successfully with the database management system on 100% of all transactions.,"not about scalable, increasable or developable","not about scalable, increasable or developable",0.8947519659996033
The product must be able to interface with various email servers. The product shall be able to send email.,"not about scalable, increasable or developable","not about scalable, increasable or developable",0.9038540720939636
The product shall be available for distribution via the Internet as a binary or ZIP file.,"not about scalable, increasable or developable","not about scalable, increasable or developable",0.9208670258522034
The product shall be available for distribution as a packaged CD.,"not about scalable, increasable or developable","not about scalable, increasable or developable",0.9255304932594299
 The product will be available for licensing as a one-server  two-five servers  or five-or-more servers license.,"not about scalable, increasable or developable","not about scalable, increasable or developable",0.9050576686859131
A new user must be able to be added to the system within 10 minutes.  90% of new users are able to log into the system within 10 minutes.,"not about scalable, increasable or developable","not about scalable, increasable or developable",0.8924133777618408
The product must be designed using Design Patterns and coding best practices.  90% of maintenance software developers are able to integrate new functionality into the product with 2 working days.,"not about scalable, increasable or developable","not about scalable, increasable or developable",0.8915648460388184
The product must be highly configurable for use with various database management systems for the end users.  80% of end users are able to integrate new database management systems with the product without changing the product’s software code.,"not about scalable, increasable or developable","not about scalable, increasable or developable",0.8742532730102539
Maintenance releases will be offered to customers once a year.  The releases shall take no longer than 5 minutes for 80% of the customer base to install.,"not about scalable, increasable or developable","not about scalable, increasable or developable",0.903154730796814
Every registered user will have access to the product’s support site via the Internet.  70% of registered users shall find a solution to their problem within 5 minutes of using the support site.,"not about scalable, increasable or developable","not about scalable, increasable or developable",0.883475124835968
The customer shall be able to easily integrate new building maps with the product throughout the product’s lifecycle.  Integration of new maps with the product shall be possible with little to no support from product support staff.,"not about scalable, increasable or developable","not about scalable, increasable or developable",0.8723266124725342
 The product shall be translated into foreign languages other than the target market countries’ languages in future releases.  For each emerging target market  it shall take no more than 5 days to configure the product for that market’s language.,"not about scalable, increasable or developable","not about scalable, increasable or developable",0.8753966689109802
 The product is expected to integrate with multiple database management systems.  The product will operate with Oracle  SQL Server  DB2  MySQL  HSQL  and MS Access.,"not about scalable, increasable or developable","not about scalable, increasable or developable",0.9007737636566162
The product shall be able to be installed in any operating environment within 2 days.,"not about scalable, increasable or developable","not about scalable, increasable or developable",0.9226658344268799
The product shall ensure that only company employees or external users with company-approved user IDs may have product access.  100% of all logons shall be by either company employees or external users with company-approved user IDs.,"not about scalable, increasable or developable","not about scalable, increasable or developable",0.8707880973815918
Only managers are able to perform search queries for reservations by user.  100% of all search queries for reservations by user shall be from logons of only management logons.,"not about scalable, increasable or developable","not about scalable, increasable or developable",0.880728542804718
The product shall ensure that the database’s data corresponds to the data entered by the user.  Each conference room reservation in the system will contain the same information as was entered by the user.,"not about scalable, increasable or developable","not about scalable, increasable or developable",0.873386025428772
The product shall prevent the input of malicious data.  The product and/or adjacent hardware/software systems’ data shall remain 100% uncorrupted each time malicious data is input into the product.,"not about scalable, increasable or developable","not about scalable, increasable or developable",0.8796742558479309
The product and/or dependent databases/filesystems shall remain operational as a result of the input of malicious data.  The product and/or dependent databases/filesystems shall not crash 100% of the time that malicious data is input into the product.,"not about scalable, increasable or developable","not about scalable, increasable or developable",0.8773696422576904
The product shall have the ability to receive automatic software updates as new threats emerge.  100% of customers will be able to receive automatic software updates transmitted to the installed product.,"not about scalable, increasable or developable","not about scalable, increasable or developable",0.8859476447105408
The language of the product shall accommodate all of the target market countries. 90% of survey respondents from each target market country will find that the language of the product is acceptable.,"scalable, increasable or developable","not about scalable, increasable or developable",0.8808857202529907
The product shall be able to display calendar dates and times according to the user’s locale.  90% of survey respondents from each target market country will find that the date and time formatting of the product is correct.,"not about scalable, increasable or developable","not about scalable, increasable or developable",0.8749173283576965
The product must be developed with the J2SE/J2EE programming language libraries,"not about scalable, increasable or developable","not about scalable, increasable or developable",0.9325769543647766
Recreation of Inventory Quantity Adjustment for the period of previous 30 days shall take no more than 30min.,"not about scalable, increasable or developable","not about scalable, increasable or developable",0.910674512386322
The System shall allow for a minimum of  6 users to work at the same time.,"not about scalable, increasable or developable","not about scalable, increasable or developable",0.9205172657966614
The System shall utilize currently owned computer equipment.,"not about scalable, increasable or developable","scalable, increasable or developable",0.9220651388168335
The System shall be able to automatically backup business data and restore them on demand.,"not about scalable, increasable or developable","not about scalable, increasable or developable",0.912862241268158
The System shall maintain consistent security.  Any changes in user passwords and/or permissions should take affect in all parts of the System.,"not about scalable, increasable or developable","not about scalable, increasable or developable",0.9021145701408386
The System shall granularly control access rights to all major subsystems.  It should be possible to assign access rights to all subsystems independently.,"not about scalable, increasable or developable","not about scalable, increasable or developable",0.8939962387084961
The System shall meet all applicable accounting standards.  The final version of the System must successfully pass independent audit performed by a certified auditor.,"not about scalable, increasable or developable","not about scalable, increasable or developable",0.8947476744651794
The System shall not require additional third party licenses resulting in royalty fees.,"not about scalable, increasable or developable","not about scalable, increasable or developable",0.9297887086868286
Administrator shall be able to activate a pre-paid card via the Administration section in under 5 seconds.,"not about scalable, increasable or developable","not about scalable, increasable or developable",0.9109731316566467
 Customer shall be able to check the status of their prepaid card  by entering in the PIN number  in under 5 seconds.,"not about scalable, increasable or developable","not about scalable, increasable or developable",0.9036716222763062
System shall let customers register on the website as a “pay as you go” user in under 5 minutes.,"not about scalable, increasable or developable","not about scalable, increasable or developable",0.9052238464355469
System shall let customers register on the website as a “unlimited movie subscriber” user in under 10 minutes.,"not about scalable, increasable or developable","not about scalable, increasable or developable",0.9111639261245728
System shall let existing customers log into the website with their email address and password in under 5 seconds.,"not about scalable, increasable or developable","not about scalable, increasable or developable",0.9213753342628479
 System shall let customers cancel their account  process shall take no longer than 2 minutes.  Database will mark the account as inactive  and user will not be able to log into the website.,"not about scalable, increasable or developable","not about scalable, increasable or developable",0.8887418508529663
System shall let administrator de-activate a customer account in under 1 minute. Customer will no longer be able to access the website.,"not about scalable, increasable or developable","not about scalable, increasable or developable",0.9026820063591003
System shall let administrator add/remove movies on the website in under 5 minutes.  Entered movie information will be stored in the database and will now be available on the website.,"not about scalable, increasable or developable","not about scalable, increasable or developable",0.8888880014419556
System shall let the administrator add/remove categories on the website in under 5 minutes.,"not about scalable, increasable or developable","not about scalable, increasable or developable",0.9198554754257202
System shall let Izogn Manager access sales and usage statistics in under 2 minutes.,"not about scalable, increasable or developable","not about scalable, increasable or developable",0.9276909828186035
System shall let administrators generate unique pre-paid pins in under 2 minutes and generate an Excel file with the generated PINs.,"not about scalable, increasable or developable","not about scalable, increasable or developable",0.9020557999610901
The website shall be attractive to all audiences.  The website shall appear to be fun and the colors should be bright and vibrant.,"not about scalable, increasable or developable","not about scalable, increasable or developable",0.8863865733146667
 The website should have an African feel  but should not alienate non-Africans.  The website should use animation on pages which are describing the services  to grab the users attention and encourage them to sign up.,"not about scalable, increasable or developable","not about scalable, increasable or developable",0.8828349113464355
 The website design should be modern  clean  and concise.,"not about scalable, increasable or developable","not about scalable, increasable or developable",0.9309293031692505
The product should be able to be used by 90% of novice users on the Internet.,"not about scalable, increasable or developable","not about scalable, increasable or developable",0.9107677340507507
 Users should only have to navigate through a maximum of 4 pages  to create an account with the website.,"not about scalable, increasable or developable","not about scalable, increasable or developable",0.9224088788032532
Users should be able to access their streaming movies in under 2 clicks after logging into the website.,"not about scalable, increasable or developable","not about scalable, increasable or developable",0.9219322204589844
An anonymous survey will show that 70% of customers are comfortable purchasing streaming movies after 2 weeks using the website.,"not about scalable, increasable or developable","not about scalable, increasable or developable",0.9114058613777161
An anonymous survey will show that 95% of customers are comfortable using and purchasing pre-paid cards after a month of using the system.,"not about scalable, increasable or developable","not about scalable, increasable or developable",0.9044696688652039
The product shall retain the customer’s buying preferences and information.,"not about scalable, increasable or developable","not about scalable, increasable or developable",0.9368259906768799
The product shall be easy for customers with novice skills on the  Internet to purchase and watch streaming movies.  Customers should be able to purchase and watch a pre-determined movie in under 3 minutes.,"not about scalable, increasable or developable","not about scalable, increasable or developable",0.8727637529373169
The product shall use symbols and words that are naturally understandable by users familiar with websites,"not about scalable, increasable or developable","not about scalable, increasable or developable",0.9264764785766602
The website will use standard Internet conventions when interacting with the user.,"not about scalable, increasable or developable","not about scalable, increasable or developable",0.9315217137336731
 Any interface between a user and the automated system shall have a maximum response time of 5 seconds  unless noted by an exception below.,"not about scalable, increasable or developable","not about scalable, increasable or developable",0.8992930054664612
 When purchasing a streaming movie or pre-paid card via credit card  the processing time should have a maximum response time of 15 seconds.,"not about scalable, increasable or developable","not about scalable, increasable or developable",0.9046699404716492
 When streaming a movie  the buffering time should take no longer than 10 seconds (plus any latency on the user’s connection.),"not about scalable, increasable or developable","not about scalable, increasable or developable",0.9123807549476624
 While streaming a movie  buffering should only occur if there is latency in the user’s connection.,"not about scalable, increasable or developable","not about scalable, increasable or developable",0.9223755598068237
 All credit card information will be secured on the server  and only accessible by authorized Izogn administrators.  Information will be encrypted in the database.,"not about scalable, increasable or developable","not about scalable, increasable or developable",0.8976165056228638
 The website shall be available for use 24 hours per day  365 days per year.,"not about scalable, increasable or developable","not about scalable, increasable or developable",0.9179754853248596
The website shall achieve 99.5% up time.,"not about scalable, increasable or developable","not about scalable, increasable or developable",0.919546902179718
 All movies shall be streamed on demand  at any time of the day.,"not about scalable, increasable or developable","not about scalable, increasable or developable",0.9319660067558289
The website shall continue to operate if the streaming server goes down.,"not about scalable, increasable or developable","not about scalable, increasable or developable",0.9346182346343994
The website shall continue to operate if the payment gateway goes down.,"not about scalable, increasable or developable","not about scalable, increasable or developable",0.939092218875885
The streaming server will support 50 simultaneous streaming connections.,"scalable, increasable or developable","not about scalable, increasable or developable",0.9260648488998413
The streaming server will support a maximum of 700 movies  new servers can be added to support more movies.,"scalable, increasable or developable","not about scalable, increasable or developable",0.9108828902244568
 The server will support a maximum of 1 000 simultaneous users.,"scalable, increasable or developable","not about scalable, increasable or developable",0.9289843440055847
 The website shall be capable of supporting 100 000 customers.,"scalable, increasable or developable","not about scalable, increasable or developable",0.9235453605651855
The product shall be expected to operate within the maximum maintenance budget for a minimum of 2 years.,"not about scalable, increasable or developable","not about scalable, increasable or developable",0.9156062006950378
All aspects of the website shall be accessed by a web browser over the Internet.,"not about scalable, increasable or developable","not about scalable, increasable or developable",0.9140299558639526
The same hardware supporting the current website will be used to support the new system.,"not about scalable, increasable or developable","not about scalable, increasable or developable",0.9238086342811584
 We must be able to interface with the following browsers: IE 5.X  6.0  Netscape 6.x  7.x  8.x and Firefox 1.0.,"not about scalable, increasable or developable","not about scalable, increasable or developable",0.8812495470046997
Website must interface with the CyberSource API to process credit card transactions.,"not about scalable, increasable or developable","not about scalable, increasable or developable",0.937850832939148
Website must be fully operational with MSN TV2.,"not about scalable, increasable or developable","not about scalable, increasable or developable",0.9307852983474731
Movies shall be encoded and streamed via Windows Media Player 9.0.,"not about scalable, increasable or developable","not about scalable, increasable or developable",0.9161141514778137
Movies shall be encoded for 56k and 256k streams.,"not about scalable, increasable or developable","not about scalable, increasable or developable",0.9299359321594238
Promotional updates to the website should take a day to update.,"not about scalable, increasable or developable","not about scalable, increasable or developable",0.9265036582946777
Izogn Administrator must be able to update the category listings on the website within 2 minutes.,"not about scalable, increasable or developable","not about scalable, increasable or developable",0.9173444509506226
Izogn Administrator must be able to add new products to the website within 2 minutes.,"not about scalable, increasable or developable","not about scalable, increasable or developable",0.9208241701126099
The system will provide a 24 hour 800 toll free number for support to its customers.,"not about scalable, increasable or developable","not about scalable, increasable or developable",0.9248116612434387
The website will provide a help section with answers and solutions to common problems.,"not about scalable, increasable or developable","not about scalable, increasable or developable",0.9257423877716064
 Velkat staff will be available for phone support between 7am-7pm  M-F to provide technical support to the Izogn administrators.,"not about scalable, increasable or developable","not about scalable, increasable or developable",0.9016515612602234
The product shall be able to be installed in the specified environment within 1 working day.,"not about scalable, increasable or developable","not about scalable, increasable or developable",0.911565363407135
Only registered customers can purchase streaming movies.,"not about scalable, increasable or developable","scalable, increasable or developable",0.9379187822341919
 A customer can only stream a movie if they purchased it  and are within the 2 day viewing period.,"not about scalable, increasable or developable","not about scalable, increasable or developable",0.9188454747200012
Only authorized personnel can access customer records in the database.,"not about scalable, increasable or developable","not about scalable, increasable or developable",0.9333213567733765
Only administrators can activate a pre-paid card.,"not about scalable, increasable or developable","scalable, increasable or developable",0.9224955439567566
Only authorized personnel can access sales information.,"not about scalable, increasable or developable","scalable, increasable or developable",0.9424793124198914
The website shall prevent its data from being corrupted when incorrect data is entered in.,"not about scalable, increasable or developable","not about scalable, increasable or developable",0.9152857661247253
 The website shall protect itself from intentional abuse  and notify the administrator at all occurrences.,"not about scalable, increasable or developable","not about scalable, increasable or developable",0.9224315881729126
Data integrity scripts will be run on a weekly basis to verify the integrity of the database.,"not about scalable, increasable or developable","not about scalable, increasable or developable",0.9143511652946472
 The website shall make its user aware of its information practices before collection data from them via a Privacy Policy  accessible on all pages of the website.,"not about scalable, increasable or developable","not about scalable, increasable or developable",0.9053351879119873
The system shall notify customers of changes to its information policy.,"not about scalable, increasable or developable","not about scalable, increasable or developable",0.9287556409835815
The system shall reveal private information only in compliance with the organization’s information policy.,"not about scalable, increasable or developable","not about scalable, increasable or developable",0.9179321527481079
 All customer information will be stored on a secure database  accessible only to authorized personnel.,"not about scalable, increasable or developable","not about scalable, increasable or developable",0.9319808483123779
All credit card information will be encrypted in the database.,"not about scalable, increasable or developable","not about scalable, increasable or developable",0.9300941824913025
The streaming server will have anti-virus software to prevent infection of malicious viruses.,"not about scalable, increasable or developable","not about scalable, increasable or developable",0.9279417991638184
The website should cater to all tribes in Nigeria.,"not about scalable, increasable or developable","not about scalable, increasable or developable",0.9268091917037964
The website shall not be offensive to religious or ethnic groups.,"not about scalable, increasable or developable","not about scalable, increasable or developable",0.9386541843414307
 The website should appeal to all Africans  not only Nigerians.,"not about scalable, increasable or developable","not about scalable, increasable or developable",0.9345909357070923
The website should use Flash to provide animation on the home page.,"not about scalable, increasable or developable","not about scalable, increasable or developable",0.9222240447998047
IzognMovies shall meet the licensing requirements set forth by the appropriate organizations in order to stream African movies.,"not about scalable, increasable or developable","not about scalable, increasable or developable",0.912195086479187
The website will comply with W3C standards.,"not about scalable, increasable or developable","scalable, increasable or developable",0.926170825958252
The PHP code will comply with PEAR standards.,"not about scalable, increasable or developable","scalable, increasable or developable",0.9334369897842407
Total lead cycle time must be completed in 5 minutes for 90% of lead volume between the business hours of 8AM CST to 8PM CST  then 3 minutes for 99% of lead volume during off business hours.,"not about scalable, increasable or developable","not about scalable, increasable or developable",0.8744873404502869
No lead evaluation will complete in a time period longer than 25 seconds for 97% of all leads processed.,"not about scalable, increasable or developable","not about scalable, increasable or developable",0.9198400378227234
For leads that process longer than 25 seconds the system will record the event and duration,"not about scalable, increasable or developable","not about scalable, increasable or developable",0.9232145547866821
The process must fit within the processing time conditions set forth by the Auto Rep Assignment process in which a lead is assigned within 3 minutes of the total life cycle.,"not about scalable, increasable or developable","not about scalable, increasable or developable",0.8959673047065735
The lead washing process will operate within the established physical web service structure.,"not about scalable, increasable or developable","not about scalable, increasable or developable",0.924425482749939
 The washing process must use a non binding  neutral data format  such as xml  when receiving and processing lead data.,"not about scalable, increasable or developable","not about scalable, increasable or developable",0.9088723659515381
Defect reports will be available to technical units on a 24x7 basis.,"not about scalable, increasable or developable","not about scalable, increasable or developable",0.9228681325912476
Washing parameters will be updated during scheduled maintenance hours.,"not about scalable, increasable or developable","not about scalable, increasable or developable",0.9302225708961487
The product shall simulate the look of ships at sea.,"not about scalable, increasable or developable","not about scalable, increasable or developable",0.9295961856842041
The product shall display the grids within a circle as a view from a periscope.,"not about scalable, increasable or developable","not about scalable, increasable or developable",0.918733537197113
The product shall display each type of ship in a grid using an image of the specific type of ship.,"not about scalable, increasable or developable","not about scalable, increasable or developable",0.9126335978507996
 When the offensive player takes a shot  the product shall simulate the sound of a ship at sea.,"not about scalable, increasable or developable","not about scalable, increasable or developable",0.9113007187843323
 When a shot is marked as a miss  the product shall simulate the sound of a shot missing its target.,"not about scalable, increasable or developable","not about scalable, increasable or developable",0.9057114124298096
 When a shot is marked as a hit  the product shall simulate the sound of a shot hitting its target.,"not about scalable, increasable or developable","not about scalable, increasable or developable",0.9077969789505005
 When a ship is sunk  the product shall simulate the sound of a sinking ship.,"not about scalable, increasable or developable","not about scalable, increasable or developable",0.9169917702674866
 The product shall be available 24 hours per day  seven days per week.,"not about scalable, increasable or developable","not about scalable, increasable or developable",0.9235658645629883
The product shall able to handle a large number of games simultaneously.,"not about scalable, increasable or developable","not about scalable, increasable or developable",0.9252182841300964
The response time shall be fast enough to maintain the flow of the game.  The response time shall be no more than 2 seconds for 95% of responses and no more than 4% for the remaining responses.,"not about scalable, increasable or developable","not about scalable, increasable or developable",0.8774133920669556
The product shall protect the identity of the players. The product shall provide players no access to information that might reveal the identity of another player.,"not about scalable, increasable or developable","not about scalable, increasable or developable",0.8950622081756592
The product shall be intuitive and self-explanatory.  Nine out ten users shall be able to successfully complete a game with no training.,"not about scalable, increasable or developable","not about scalable, increasable or developable",0.8970218300819397
 The product shall be available to players who understand English  Spanish and French.  The product shall allow the user to select the language upon accessing the product.,"not about scalable, increasable or developable","not about scalable, increasable or developable",0.8901160955429077
The product shall provide players no access to information that might reveal the identity of another player,"not about scalable, increasable or developable","not about scalable, increasable or developable",0.9138864874839783
The response time shall be fast enough to maintain the flow of the game. The response time shall be no more than 2 seconds for 95% of responses and no more than 4% for the remaining responses.,"not about scalable, increasable or developable","not about scalable, increasable or developable",0.8774133920669556
The system shall be easy to use by callers and supervisors. Callers and supervisors must be able to accomplish any system task within 2 minutes.,"not about scalable, increasable or developable","not about scalable, increasable or developable",0.8917629718780518
The system shall be easy to learn by callers and supervisors. Callers and supervisors shall learn how to use the system within 10 minutes.,"not about scalable, increasable or developable","not about scalable, increasable or developable",0.8938847780227661
 The system shall be responsive. At the DePaul TeleServices Center  when a supervisor uses the system to view a callers schedule  the system response time must be no more than 2 seconds 90% of the time and no more than 5 seconds the rest of the time.,"not about scalable, increasable or developable","not about scalable, increasable or developable",0.8615442514419556
 On a 56k connection  the system response time for all operations must be no more than 6 seconds 90% of the time.,"not about scalable, increasable or developable","not about scalable, increasable or developable",0.907545804977417
 On a 112k connection or faster  the system response time for all operations must be no more than 3 seconds 90% of the time.,"not about scalable, increasable or developable","not about scalable, increasable or developable",0.9046863913536072
The system shall have high availability every day of the year.The system must be available for use between 12:00AM and 6:00PM all days of the year.,"not about scalable, increasable or developable","not about scalable, increasable or developable",0.8919408321380615
The system must be available for use between 7:00AM and 11:59PM all days of the year.,"not about scalable, increasable or developable","not about scalable, increasable or developable",0.9176204800605774
The product shall be internet browser independent.The product must run using Internet Explorer and Netscape Navigator.,"not about scalable, increasable or developable","not about scalable, increasable or developable",0.910503089427948
The product shall ensure that only supervisors can advertise empty time slots.The product must ensure that supervisors are allowed to access advertise empty time slots.,"not about scalable, increasable or developable","not about scalable, increasable or developable",0.8855311870574951
The product shall ensure that only supervisors can enter a caller’s schedule.The product must ensure that supervisors are allowed to access advertise empty time slots.,"not about scalable, increasable or developable","not about scalable, increasable or developable",0.8907903432846069
The product shall ensure that only supervisors can view schedule of all callers.The product must ensure that supervisors are allowed to access advertise empty time slots.,"not about scalable, increasable or developable","not about scalable, increasable or developable",0.8887377977371216
 The interface shall have a simple look. In the interface and usability survey  90% of beta testers must report that the interface is adequately simple.,"not about scalable, increasable or developable","not about scalable, increasable or developable",0.9054044485092163
 The interface shall be appealing to callers and supervisors. In the interface and usability survey  80% of beta testers must report that the interface is appealing.,"not about scalable, increasable or developable","not about scalable, increasable or developable",0.9037128686904907
The product shall provide GUI based Monitoring Services.System Administrators shall monitor message exchanges will predict and determine problems and will also provide internal and external support.,"not about scalable, increasable or developable","not about scalable, increasable or developable",0.8836219310760498
The product shall comply with City of Chicago Application Development Guide Framework.Application Development Framework will provide structured Graphical User Interface.,"not about scalable, increasable or developable","not about scalable, increasable or developable",0.9040796160697937
The product shall provide Monitoring Services.The product shall be easy for System Administrators and DBAs to use after two weeks of usage.,"not about scalable, increasable or developable","not about scalable, increasable or developable",0.893204391002655
The product shall provide Error Tracking Services.The product shall help the System Administrators and DBAs to resolve transaction errors 99% of the time.,"not about scalable, increasable or developable","not about scalable, increasable or developable",0.8941031098365784
The product shall provide Portals.The product shall help System Administrators to analyze the transactions with ad-hoc reporting and KPIs (Key Performance Indicators),"not about scalable, increasable or developable","not about scalable, increasable or developable",0.8818513751029968
The product shall provide Asynchronous Messaging.The product shall provide asynchronous messaging to enable parallel processing and reduce the overhead in communications,"not about scalable, increasable or developable","not about scalable, increasable or developable",0.8945870399475098
The product shall provide Multi-threading and Load Balancing.The product shall provide multi-threading technology as well as load balancing to overcome data load spikes and traffic.,"not about scalable, increasable or developable","not about scalable, increasable or developable",0.8749450445175171
The product shall process messages within 2 seconds.The product shall have a maximum message processing time of 2 seconds,"not about scalable, increasable or developable","not about scalable, increasable or developable",0.9045912027359009
The product shall poll the system for messages every second.The product shall poll the system for new messages at a maximum of every 1 second.,"not about scalable, increasable or developable","not about scalable, increasable or developable",0.8886083960533142
The product shall provide Dynamic Change Support and Transparent resource addition.The product shall support Transparent Resource addition and Dynamic Change support to provide scalability and avoid service interruptions of more than 1 day.,"not about scalable, increasable or developable","not about scalable, increasable or developable",0.8697104454040527
The product shall be available 99% of the time. Rationale: To avoid service interruption during busiest customer service response periods. The product shall be available 99.99% of the time for regular business days.,"not about scalable, increasable or developable","not about scalable, increasable or developable",0.874602735042572
The product shall be robust.The product shall have fault avoidance based on standards adoption.,"not about scalable, increasable or developable","not about scalable, increasable or developable",0.8980518579483032
The product shall be robust with fault tolerance.The product shall have fault tolerance by using recovery technique compensatory transaction and routing around failures.,"not about scalable, increasable or developable","not about scalable, increasable or developable",0.8993934392929077
The product shall be able to process all transactions.The product shall process minimum of 1 million transactions per year.,"scalable, increasable or developable","not about scalable, increasable or developable",0.8930675387382507
The product shall be platform independent.The product shall enable access to any type of development environment and platform.,"not about scalable, increasable or developable","not about scalable, increasable or developable",0.8958659172058105
The product shall interface CSR and Datastream.The product shall exchange messages between CSR and EAM on a real time basis without any direct interfaces between two systems.,"not about scalable, increasable or developable","not about scalable, increasable or developable",0.8860723376274109
 : The product shall continue to operate during upgrade  change or new resource addition.The product shall be able to continue to operate with no interruption in service due to new resource additions.,"not about scalable, increasable or developable","not about scalable, increasable or developable",0.88750821352005
The product shall be updated on a regular basis.The product will have a new major feature introduced every six months and quarterly maintenance releases every six months.,"not about scalable, increasable or developable","not about scalable, increasable or developable",0.8831498622894287
The product shall operate with every platform.The product shall accommodate any new technology without any change in its architecture.,"not about scalable, increasable or developable","not about scalable, increasable or developable",0.902313232421875
 The product shall have security.The product shall provide authentication  and authorization.,"not about scalable, increasable or developable","not about scalable, increasable or developable",0.9109760522842407
The product shall information Security. The product shall enable privacy by encryption WS-Security and Integrity Checking.,"not about scalable, increasable or developable","not about scalable, increasable or developable",0.9110161662101746
The product shall have audit capabilities.The product shall store messages for a minimum of one year for audit and transaction tracking purposes.,"not about scalable, increasable or developable","not about scalable, increasable or developable",0.8902772068977356
The system shall use IBM and CCR branding standards. The interface must have one IBM logo and one CCR logo.,"not about scalable, increasable or developable","not about scalable, increasable or developable",0.8992723226547241
The system shall be displayable on any work computer a CCR user may have. The system interface shall be formatted to display at 800 by 600 pixel resolution.,"not about scalable, increasable or developable","not about scalable, increasable or developable",0.8974784016609192
The system interface will use CCR nomenclature. The system must use the same nomenclature used in the existing WCS system and reports,"not about scalable, increasable or developable","not about scalable, increasable or developable",0.9061957597732544
The interface must summarize the data in a fashion that’s appealing to CCR management. Every report type must have at least one high level summary shown in the results dashboard/interface,"not about scalable, increasable or developable","not about scalable, increasable or developable",0.8872241973876953
The system must use a point and click interface. 100% of all selection and navigation functionality must be able to be activated/selected by either a mouse or a keyboard,"not about scalable, increasable or developable","not about scalable, increasable or developable",0.893231987953186
The interface shall be easy to use. 90% of users should be able to successfully use the system to generate a report on their first use. The interface should adhere to IBM usability standards.,"not about scalable, increasable or developable","not about scalable, increasable or developable",0.8795750141143799
Rreports must be easy to generate. eports must be generated within one button click and exported within one button click (after selecting the report),"not about scalable, increasable or developable","not about scalable, increasable or developable",0.8959392309188843
A user shall be able to use the system without instruction after a short amount of time. After one use a user should understand and remember 90% of the system usage and navigation.,"not about scalable, increasable or developable","not about scalable, increasable or developable",0.8811626434326172
All CCR users shall receive training before the WCS system is deployed. One training session will be held for 100% of CCR users before system deployment (based on a CCR user being available),"not about scalable, increasable or developable","not about scalable, increasable or developable",0.8858068585395813
The WCS system shall use appropriate nomenclature and terminology as defined by the Corporate Community Grants organization. All interfaces and reports will undergo usability tests by CCR users.,"not about scalable, increasable or developable","not about scalable, increasable or developable",0.8982715010643005
The WCS system shall be available at all times as long as IBM’s internal intranet W3 is accessible. The WCS system will be available 95% of the time IBM’s internal intranet W3 is available.,"not about scalable, increasable or developable","not about scalable, increasable or developable",0.8793023824691772
The WCS system shall have the ability to connect other designated WCS databases currently not included in the system.,"scalable, increasable or developable","not about scalable, increasable or developable",0.9142979383468628
The WCS system shall have the ability to include data for regions outside the United States and be accessed by users outside of the United States if approved by CCR management.,"scalable, increasable or developable","not about scalable, increasable or developable",0.8926628232002258
The WCS system shall be run in a Windows environment. The WCS shall be accessed by users through the Internet on an IBM computer running a Windows 2000 or above operating system.,"not about scalable, increasable or developable","not about scalable, increasable or developable",0.8880072236061096
The Brio portion of the WCS system must be able to export files in spreadsheet form (Microsoft Excel and Lotus 1-2-3 formats).  Brio will provide buttons in the user interface that produce/export reports in .xls or .123 file formats.,"not about scalable, increasable or developable","not about scalable, increasable or developable",0.8647322654724121
The WCS system must run queries to the WCS databases once again (on a specified day) to update the available data available to CCR users. Queries must be made to external databases for data refresh once a week.,"not about scalable, increasable or developable","not about scalable, increasable or developable",0.8739883303642273
 All changes  updates  and additions to the WCS system shall be updated in the WCS Developer and WCS User Guides. Every change must be reflected in WCS system documentation,"not about scalable, increasable or developable","not about scalable, increasable or developable",0.879676342010498
The system shall only be accessed by authorized Corporate Community Grants (CCR) employees. Users must be authenticated using their IBM intranet user name and password.,"not about scalable, increasable or developable","not about scalable, increasable or developable",0.8979907035827637
The WCS system shall not allow automatic logins by any user. Cookies containing WCS login information about a user will not be stored on a user’s computer.,"not about scalable, increasable or developable","not about scalable, increasable or developable",0.9020788669586182
Each team owner will need to use a username and password in order to be authenticated to reach the team owner’s page,"not about scalable, increasable or developable","not about scalable, increasable or developable",0.8948895931243896
The Commissioner will be the only authorized user per league to adjust league settings.,"not about scalable, increasable or developable","not about scalable, increasable or developable",0.923142671585083
Each page shall contain a navigation menu which shows the index into which the current page is contained.,"not about scalable, increasable or developable","not about scalable, increasable or developable",0.9116133451461792
Each page shall contain a similar format with action items in one location and navigation buttons in a different location.,"not about scalable, increasable or developable","not about scalable, increasable or developable",0.903744637966156
The message board shall contain the 5 most recently posted messages on the league page. The messages will contain up to the first 150 characters of the message.,"not about scalable, increasable or developable","not about scalable, increasable or developable",0.8947501182556152
;A new user shall be able to navigate through the league and team pages within 30 seconds of reaching the start-up page.,"not about scalable, increasable or developable","not about scalable, increasable or developable",0.9052253365516663
Users shall be able to reach the ‘add’  ‘drop’  and ‘trade player’ pages with one click from the team owner’s page.,"not about scalable, increasable or developable","not about scalable, increasable or developable",0.9005504250526428
;Users shall be able to view at least 25 NFL player statistics and points on each page.,"not about scalable, increasable or developable","not about scalable, increasable or developable",0.9088411331176758
The application shall ask the user to confirm dropping a player or trading a player before performing the action.,"not about scalable, increasable or developable","not about scalable, increasable or developable",0.9180075526237488
The application shall be able to complete every user transaction within one fourth of a second of receiving the request over the network.,"not about scalable, increasable or developable","not about scalable, increasable or developable",0.903177797794342
The application shall have a downtime of at most 10 minutes per year.,"not about scalable, increasable or developable","not about scalable, increasable or developable",0.9209026098251343
The application shall run on a web application server.,"not about scalable, increasable or developable","not about scalable, increasable or developable",0.9180483818054199
A primary database will be used to store cached data for active users.,"not about scalable, increasable or developable","not about scalable, increasable or developable",0.93388831615448
A secondary database will be used to store historical statistics and data.,"not about scalable, increasable or developable","not about scalable, increasable or developable",0.9259833097457886
Application updates shall occur between 3AM and 6 AM CST on Wednesday morning during the middle of the NFL season.,"not about scalable, increasable or developable","not about scalable, increasable or developable",0.9108773469924927
New System version releases shall be released at the beginning of each NFL season.,"not about scalable, increasable or developable","not about scalable, increasable or developable",0.9238706827163696
The RFS system should be available 24/7  especially during the budgeting period. The RFS system shall be available 90% of the time all year  and 98% during the budgeting period. 2% of the time  the system will become available within 1 hour of the time that the situation is reported.,"not about scalable, increasable or developable","not about scalable, increasable or developable",0.849467933177948
98% of the user workstations shall meet the minimum hardware requirements prior to implementation. Minimum Hard Disk Space:  400MB.,"not about scalable, increasable or developable","not about scalable, increasable or developable",0.9143471121788025
98% of the user workstations shall meet the minimum software requirements prior to implementation: Microsoft Internet Explorer 5.0. Microsoft .NET Framework 1.1. Microsoft Internet Explorer Web Controls,"not about scalable, increasable or developable","not about scalable, increasable or developable",0.8810650110244751
The RFS system should be able to easily interface with the BDW environment  in order to load the data. •;7 data files shall be received from the BDW and loaded into the RFS system within 3 hours one day prior to the start of budgeting process  every year. The data will be as of October month-end. ;Test files (7) shall be loaded up to 5 times throughout the year  from the BDW.,"not about scalable, increasable or developable","not about scalable, increasable or developable",0.8416733741760254
Changes to revenue and expense formulae must be applied to the RFS system  every year  prior to the budgeting process start. Revenue and expense formulae will be updated within one week of their receipt  after which 2 weeks will be allotted to testing of the budget calculations  to be conducted jointly by the project development team and PCG Finance.,"not about scalable, increasable or developable","not about scalable, increasable or developable",0.8501805067062378
New branches/complexes/districts/regions and revenue/expense accounts added to the BDW  must be reflected in the RFS system. 100% of the entities (mentioned above) available as of October month-end  will be loaded into the RFS system  prior to the budget start process.,"not about scalable, increasable or developable","not about scalable, increasable or developable",0.855644166469574
Only authorized user shall access the RFS system. ONLY users that exist in the UAS system  with the RFS system assigned to their role(s)  shall access the RFS system and use it.,"not about scalable, increasable or developable","not about scalable, increasable or developable",0.8606545329093933
;User access should be limited to the permissions granted to their role(s) Each level in the PCG hierarchy will be assigned a role and users will be assigned to these roles. Access to functionality within RFS system is dependent on the privileges/permission assigned to the role..,"not about scalable, increasable or developable","not about scalable, increasable or developable",0.860720694065094
The product must comply with the intranet page standards and requirements of ENET Securities. 95% of the product look & feel will be approved by the Architecture group  prior to implementation. The remaining 5% will be corrected and approved within one month of product release.,"not about scalable, increasable or developable","not about scalable, increasable or developable",0.8642070293426514
 The intranet pages should display appropriately in all resolutions  from 800x600 and higher. The display of all the pages will be correct in 95% of the resolutions  prior to implementation. The remaining 5% will be corrected within a week of notification of the incorrect display.,"not about scalable, increasable or developable","not about scalable, increasable or developable",0.8682472705841064
The users should be able to easily use the system to successfully complete their budgets  within the stipulated time for completion. With a week of training prior to product implementation  98% of the users shall complete their budgets within the stipulated time.,"not about scalable, increasable or developable","not about scalable, increasable or developable",0.874610185623169
The product interface should be fast. The response time of the product interface should not exceed 2 seconds 90% of the time. For 10% of the time  the response time should not be more than 10 seconds.not be more than 10 seconds.,"not about scalable, increasable or developable","not about scalable, increasable or developable",0.8642389178276062
