Requirement text,Gold label,Predicated label,ZSL score
The system shall refresh the display every 60 seconds.,not about scablability,scablability,-0.055089645087718964
The application shall match the color of the schema set forth by Department of Homeland Security,not about scablability,scablability,0.13123488426208496
 If projected  the data must be readable.  On a 10x10 projection screen  90% of viewers must be able to read Event / Activity data from a viewing distance of 30,not about scablability,scablability,0.07401163876056671
 The product shall be available during normal business hours. As long as the user has access to the client PC  the system will be available 99% of the time during the first six months of operation.,not about scablability,scablability,0.023162519559264183
 If projected  the data must be understandable. On a 10x10 projection screen  90% of viewers must be able to determine that Events or Activities are occuring in current time from a viewing distance of 100,not about scablability,scablability,0.10855003446340561
The product shall ensure that it can only be accessed by authorized users.  The product will be able to distinguish between authorized and unauthorized users in all access attempts,not about scablability,scablability,0.2860078811645508
The product shall be intuitive and self-explanatory.  :  90% of new users shall be able to start the display of Events or Activities within 90 minutes of using the product.,not about scablability,scablability,0.1773897260427475
The product shall respond fast to keep up-to-date data in the display.,not about scablability,scablability,0.14263787865638733
The look and feel of the system shall conform to the user interface standards of the smart device.,not about scablability,scablability,0.25305092334747314
 The user interface shall have standard menus  buttons for navigation,not about scablability,scablability,0.20420587062835693
The system shall have a professional appearance,not about scablability,scablability,0.38279908895492554
The product shall have a consistent color scheme and fonts.,not about scablability,scablability,0.2113616168498993
The system shall be used by realtors with no training.,not about scablability,not about scablability,0.20659135282039642
The system shall be intuitive and self explanatory.,not about scablability,scablability,0.4120197296142578
The product shall be easy for a realtor to learn.,not about scablability,scablability,0.3140033185482025
The product shall use symbols and words that are naturally understandable by the realtor community.,not about scablability,scablability,0.20765651762485504
The product shall produce search results in an acceptable time,not about scablability,scablability,0.2372349351644516
The search results shall be returned no later 30      seconds  after the user has entered the search criteria,not about scablability,scablability,-0.009839247912168503
The product shall generate a CMA report in an acceptable time.,not about scablability,scablability,0.18702155351638794
The CMA report shall be returned no later 60 seconds after the user has entered the CMA report criteria.,not about scablability,scablability,0.024614345282316208
The product shall synchronize contacts and appointments in an acceptable time.,not about scablability,scablability,0.10509445518255234
The product shall synchronize with the office system every hour.,not about scablability,scablability,-0.037408795207738876
 The product shall be available for use 24 hours per day  365 days  per year,not about scablability,scablability,0.07037713378667831
 Out of 1000 accesses to the system  the system is available 999 times.,not about scablability,not about scablability,0.013104412704706192
The product shall operate in offline mode whenever internet connection is unavailable.,not about scablability,scablability,0.21872712671756744
 The product shall allow the user to view previously downloaded search results  CMA reports  and appointments.,not about scablability,scablability,0.029720449820160866
The product shall retain user preferences in the event of a failure.,not about scablability,scablability,0.45543965697288513
100% of saved user preferences shall be restored when system comes back online.,not about scablability,scablability,0.11141897737979889
The product shall be able to support multiple remote users,scablability,scablability,0.14989708364009857
The product shall be able support 1000 simultaneous users.,scablability,scablability,-0.006518954876810312
The product shall be capable of handling the existing 1000 users. This number is expected to grow 5 times within the next year.,scablability,scablability,-0.0063172997906804085
The product shall be installed by an untrained realtor   without recourse to separately-printed instructions.,not about scablability,not about scablability,0.1887478232383728
90% of untrained realtors shall be able to install the product on their device without printed instructions,not about scablability,not about scablability,0.15378528833389282
The product is expected to run on Windows CE and Palm operating systems.,not about scablability,not about scablability,0.048640668392181396
Only registered realtors shall be able to access the system.,not about scablability,scablability,0.15719802677631378
Every user of the system shall be authenticated and authorized.,not about scablability,scablability,0.23562708497047424
The product shall prevent its data from incorrect data being introduced.,not about scablability,scablability,0.32366079092025757
The system shall be easy to use by the Program Administrators/Nursing Staff Members.,not about scablability,scablability,0.4145629107952118
All of the users shall be able to use the system after one day of training.,not about scablability,scablability,0.06096629425883293
The system shall help the user avoid making mistakes while scheduling classes and clinicals for the nursing students.,not about scablability,scablability,0.08990491926670074
The number of mistakes noted by the students shall be decreased by 50% in the first year.,not about scablability,scablability,-0.03980766981840134
The system shall be intuitive to the Program Administrators/Nursing Staff Members.,not about scablability,scablability,0.2669167220592499
2 out of 3 Program Administrators/Nursing Staff Members shall successfully be able to use the system to manage the scheduling of classes and clinicals.,not about scablability,scablability,0.0657331719994545
The system shall use symbols and words that are naturally understandable by the user community.,not about scablability,scablability,0.23203817009925842
The verbiage used within the system shall be consistent with Standard English and the terminology of the national Nursing Community.,not about scablability,scablability,0.1842021942138672
Staff members shall be able to complete a set of tasks in a timely manner.,not about scablability,scablability,0.30451127886772156
The response time of general student management tasks shall take no longer than 5 seconds and the response time of schedule generation shall take no longer than 30 seconds.,not about scablability,scablability,0.029053619131445885
The system shall be available for use between the hours of 8am and 6pm.,not about scablability,scablability,0.05037430301308632
The system shall achieve 95% up time.,not about scablability,scablability,0.0240615326911211
system shall be able to handle all of the user requests/usage during business hours.,scablability,scablability,0.093926802277565
The system shall cater to 10 simultaneous users from 9am to 5pm.,scablability,scablability,-0.0005024410784244537
The system shall be capable of processing 100% of nursing students and their classes for the next 10 years.,scablability,scablability,-0.06769756972789764
The system shall be expected to manage the nursing program curriculum and class/clinical scheduling for a minimum of 5 years.,scablability,scablability,-0.0312550887465477
The system shall able to operate within a business office environment typical of the Nursing Department at DePaul University.,not about scablability,scablability,0.09523940831422806
The system shall be used within the specifications defined by the computers used by the Program Administrators/Nursing Staff Members.,not about scablability,scablability,0.12762226164340973
The system shall operate within the Windows XP Professional operating system.,not about scablability,scablability,0.11987444758415222
The system shall interface with CampusConnect’s central server,not about scablability,scablability,0.06095583736896515
The system shall interface with the faculty central server.,not about scablability,scablability,0.05049430951476097
The system shall interface with the student master server.,not about scablability,scablability,0.028525184839963913
We must be able to interface with any HTML browser.,not about scablability,scablability,0.1369318664073944
Only authorized users shall have access to clinical site information.,not about scablability,scablability,0.1784290224313736
Program Administrators/Nursing Staff Members are the only people who shall have access to clinical site details.,not about scablability,scablability,0.1957756131887436
Only authorized users shall have access to students’ personal information.,not about scablability,scablability,0.13002625107765198
Dr Susan Poslusny and Dr Julie Donalek are the only people who shall have access to students’ personal information.,not about scablability,scablability,0.20562312006950378
Only authorized users shall have access to the portion of the system that interfaces with CampusConnect.,not about scablability,scablability,0.21368154883384705
Fit Criterion: Dr Susan Poslusny and Karen Sysol are the only people who shall have access to the final class section scheduling for the system that interfaces with CampusConnect.,not about scablability,scablability,0.22510801255702972
The system shall have basic data integrity checking to reduce the possibility of incorrect or invalid data being introduced.,not about scablability,scablability,0.32148477435112
The system shall protect private information in accordance with the organization’s information policy.,not about scablability,scablability,0.23954692482948303
The system shall be built such that it is as secure as possible from malicious interference.,not about scablability,scablability,0.28874674439430237
The system shall use the organization’s standard virus protection software to help monitor threats to itself.,not about scablability,scablability,0.14366255700588226
The Disputes application shall comply with the corporate standards for user interface creation for internally and externally used applications.,not about scablability,scablability,0.25601547956466675
All screens created as part of the Disputes application must comply with corporate standards for interface creation.,not about scablability,scablability,0.13445648550987244
The list of dispute cases that are displayed after a search is performed must be color coded for easy identification of dispute cases based upon the dispute case status.,not about scablability,scablability,0.046467509120702744
100% of the cardmember and merchant services representatives shall use the Disputes application regularly after a 2-day training course.,not about scablability,scablability,-0.030026257038116455
100% of cardmember services representatives shall be able to successfully create a dispute case on the first encounter after completing the training course.,not about scablability,scablability,0.04739530384540558
100% of merchant services representatives shall be able to successfully perform a follow up action on a dispute case on the first encounter after completing the training course.,not about scablability,scablability,0.00024178973399102688
The maximum wait time for a user navigating from one screen to another within the Disputes application shall be no more than 5 seconds.,not about scablability,scablability,0.07052246481180191
The Disputes application shall support 350 concurrent users without any degradation of performance in the application.,not about scablability,scablability,0.29878589510917664
 The Disputes application shall be available 24x7x365  with the exception of the following scheduled maintenance windows.  Monday – Saturday 3:00am to 4:00am EST Sunday 1:00amd to 5:00am EST,not about scablability,scablability,0.22925437986850739
The Disputes application shall interface with the Statement Database. The Statement Database provides the transaction details to the Disputes System. All transaction details must be obtained from the Statement Database,not about scablability,scablability,0.1880248785018921
The Disputes application shall interface with the Cardmember Information Database.  The Cardmember Information Database provides detailed information with regard to a cardmember.  All cardmember detail information must be obtained from the Cardmember Information Database.,not about scablability,scablability,0.18297378718852997
The Disputes applications shall interface with the Merchant Information Database.  The Merchant Information Database provides detailed information with regard to the merchant. All merchant detail information shall be obtained from the Merchant Information Database.,not about scablability,scablability,0.10992909967899323
The Disputes application shall interface with the Letters application.  This will allow the Disputes application to request letters as part of the dispute initiation and dispute follow up process. All letter requests must be sent to the Print Letter Utility application.,not about scablability,scablability,0.045670948922634125
The Disputes application shall interface with the Cardmember Posting and Billing System.  This will allow the Disputes application to request adjustments to cardmember and merchant’s accounts. All adjustment requests must be sent to the Cardmember Posting and Billing System.,not about scablability,scablability,0.08900218456983566
The Disputes application shall ensure that only users with the appropriate access level are allowed to initiate dispute requests.,not about scablability,scablability,0.25612446665763855
Only users with Update access must be able to initiate dispute requests.,not about scablability,scablability,0.22927287220954895
The Disputes application shall ensure that only authorized users are allowed to logon to the application.,not about scablability,scablability,0.19026954472064972
 All authorized users  once authenticated must be able to logon to the Disputes System,not about scablability,scablability,0.1100679263472557
The Disputes System shall generate a User Report that details any new users that have been added and any changes to an existing user’s access level.  The report will be reviewed for auditing purposes.,not about scablability,scablability,0.0640307366847992
All additions of new users and modifications to user’s access shall be recorded on the User Report.,not about scablability,scablability,0.03630784526467323
 If a user account is revoked  it can only be re-instantiated by the System Administrator.,not about scablability,not about scablability,0.19319164752960205
Only the System Administrator shall be able to reset a revoked user logon account,not about scablability,scablability,0.13345876336097717
The Disputes application shall manipulate and view business data. Users will not have direct access to data files or databases.,not about scablability,scablability,0.046160660684108734
All updates to data files or database must be initiated from the Disputes System.,not about scablability,scablability,0.0793682262301445
The Disputes application must conform to the legal requirements as specified by the Merchant Operating Regulations.,not about scablability,scablability,0.1837257593870163
All business rules specified in the Disputes System shall be in compliance with the Merchant Operating Regulations.,not about scablability,scablability,0.1487535536289215
The Disputes application must conform to the legal requirements as specified by Regulation E and Regulation Z that govern credit card disputes processing.,not about scablability,scablability,0.13543717563152313
All business rules specified in the Disputes System shall be in compliance to the guidelines of Regulation E and Regulation Z.,not about scablability,scablability,0.1506877839565277
The Disputes application must maintain a detailed history of every action that a user takes on a dispute case.  This ensures a complete audit trail if questions arise later on with regard to a particular dispute case.,not about scablability,scablability,0.19169744849205017
All actions that modify an existing dispute case must be recorded in the case history.,not about scablability,scablability,0.1560126692056656
The product must support Internet Explorer 5.5 and above.,not about scablability,scablability,0.09800171107053757
The product must support Mozilla Firefox 1.0 and above.,not about scablability,scablability,0.028913140296936035
The product shall interface with the Choice Parts System.  This provides the feed of recycled parts data.,not about scablability,scablability,0.23922491073608398
The product shall run on the existing hardware for all environments.,not about scablability,scablability,0.1581995189189911
The product shall adhere to the corporate Architecture guidelines,not about scablability,scablability,0.20022019743919373
The product shall comply with corporate User Interface Guidelines,not about scablability,scablability,0.2170277237892151
The product shall comply with corporate color scheme,not about scablability,scablability,0.19317995011806488
The appearance of the product shall appear professional,not about scablability,scablability,0.40856367349624634
The product shall be easy to use by Adjusters and Collision Estimators.  95% of Adjusters and Collision Estimators shall find the product easy to use.,not about scablability,scablability,0.36440712213516235
The product shall increase productivity of Collision Estimators. 80% of the Collision Estimators shall agree their productivity has increase within 1 month of using the product.,not about scablability,scablability,-0.052598632872104645
Users shall feel satisfied using the product.  85% of all users will be satisfied with the product.,not about scablability,scablability,0.1948896199464798
The product shall be easy to learn by Adjusters and Collision Estimators.  The product shall be learned with two days onsite training,not about scablability,scablability,0.27722564339637756
The user shall easily locate instructions while using the product.  User help can be found within 90% of the system.,not about scablability,scablability,0.14915743470191956
The search for recycled parts shall take no longer than 15 seconds.  The search results shall be returned in under 15 seconds.,not about scablability,scablability,0.07862583547830582
The search for the preferred repair facility shall take no longer than 8 seconds.  The preferred repair facility is returned within 8 seconds,not about scablability,scablability,0.22264188528060913
The recycled parts audit report shall be returned to the user within 10 seconds.  The audit report shall be returned within 10 seconds.,not about scablability,scablability,0.10590177774429321
The preferred repair facility ratings shall be saved within 5 seconds. The save shall occur within 5 seconds.,not about scablability,scablability,0.17138658463954926
The product shall adhere to the corporate online availability schedule.  The application is brought down only within 98% of the scheduled outages per the availability schedule.,not about scablability,scablability,0.26764973998069763
The product shall achieve a 98% uptime. The product shall not fail more than 2% of the available online time.,not about scablability,scablability,0.10222837328910828
The product shall be able to handle up to 1500 simultaneous users. The system shall perform with 1500 users as a time.,scablability,scablability,-0.03742486611008644
 The average number of recycled parts records per day shall be 50 000.,scablability,scablability,0.05305493250489235
 The product shall be able to handle 10 000 concurrent users within 2 years of the initial launch.,scablability,scablability,-0.07587828487157822
 For estimators  the product shall be able to be operated in a repair facility during dirty and noisy conditions.,not about scablability,scablability,0.2910166382789612
The product shall interface with the ChoiceParts system once per day at approximately 1:00 AM.,not about scablability,scablability,-0.03794137388467789
The maintenance of the product will fall within the established corporate maintenance windows.,not about scablability,scablability,0.16166821122169495
The product shall be supported using the corporate support center.,not about scablability,scablability,0.1380707323551178
Product installations and upgrades shall be handled by the middleware technology team within established launch time frames.,not about scablability,scablability,0.06246499717235565
Only adjusters can request recycled parts audit reports. No users without an adjuster role shall request recycled parts audits.,not about scablability,scablability,0.2656552195549011
Only adjusters with a supervisor role can update preferred repair facility ratings. Users without the supervisor role cannot access the repair facility ratings.,not about scablability,scablability,0.2226230502128601
Only collision estimators shall search for recycled parts.  Users without the collision estimator role shall not have access to the search for recycled parts.,not about scablability,not about scablability,0.2868116497993469
Only valid data shall be entered into the system.  No invalid data shall be entered into the system.,not about scablability,not about scablability,0.3605513870716095
One insurance company shall not be able to view another insurance companys claim data.,not about scablability,not about scablability,0.08645394444465637
The product shall free of computer viruses.,not about scablability,scablability,0.43388131260871887
The system shall prevent malicious attacks including denial of service.,not about scablability,not about scablability,0.30449819564819336
The product must comply with Sarbanes-Oxley.,not about scablability,scablability,0.2564705014228821
The product shall comply with the estimatics laws relating to recycled parts usage.,not about scablability,scablability,0.35429680347442627
The product shall comply with insurance regulations regarding claims processing.,not about scablability,scablability,0.12411849200725555
 The product must work with most database management systems (DBMS) on the market  whether the DBMS is colocated with the product on the same machine or is located on a different machine on the computer network.,not about scablability,scablability,0.13679668307304382
The product will function alongside server software on any operating system where the Java runtime can be installed.,not about scablability,scablability,0.12000517547130585
The product will require collaboration with a database management system (DBMS).  The DBMS may be located on the same machine as the product or on a separate machine residing on the same computer network.,not about scablability,scablability,0.13176891207695007
 The product must make use of web/application server technology.  Open source examples include Apache web server  Tomcat  and the JBoss application server.,not about scablability,scablability,0.18714317679405212
 A database management system such as Oracle  DB2  MySql or HSQL will need to be integrated with the product.,not about scablability,scablability,0.08454711735248566
 The product’s Look and Feel shall be able to incorporate aspects of the customer’s organization such as logo  branding  and identity,not about scablability,scablability,0.04818606376647949
The product shall have a conservative and professional appearance.,not about scablability,scablability,0.5374263525009155
The product shall make the users want to use it. 80% of the users surveyed report they are regularly using the product after the first 2 weeks post-launch.,not about scablability,scablability,-0.05994743853807449
The product shall be easy to use. 90% of users will be able to successfully reserve a conference room within 5 minutes of product use.,not about scablability,scablability,0.17957325279712677
The product shall give users feedback when necessary. 80% of the users surveyed report that the product accurately confirms their actions.,not about scablability,scablability,0.1623416692018509
The product shall allow the user to select a chosen language from one of the target market countries.,not about scablability,scablability,0.08954378962516785
The product shall allow for customization of start page and views preferences.,not about scablability,scablability,0.09551773965358734
 An employee will be able to successfully use the product within a few minutes.  After informally navigating the product for less than 15 minutes  users shall be able to successfully setup meetings and reserve conference rooms.,not about scablability,scablability,0.08987957239151001
The product shall use a standard navigation menu familiar to most web users.,not about scablability,scablability,0.18044628202915192
The product shall allow for intuitive searching of available conference rooms.,not about scablability,scablability,0.1595001220703125
The product shall conform to the Americans with Disabilities Act.,not about scablability,scablability,0.20404241979122162
The response shall be fast enough to avoid interrupting the user’s flow of thought.  90% of tasks shall complete within 5 seconds.  98% of tasks shall complete within 8 seconds.,not about scablability,scablability,0.23638740181922913
 Aside from server failure  the software product shall achieve 99.99% up time.,not about scablability,scablability,0.23699955642223358
The product shall create an exception log of problems encountered within the product for transmission to our company for analysis and resolution.,not about scablability,scablability,0.13939256966114044
 The product shall be capable of handling up to 1 000 concurrent requests.  This number will increase to 2 000 by Release 2.  The concurrency capacity must be able to handle peak scheduling times such as early morning and late afternoon hours.,scablability,scablability,0.045225344598293304
 The product shall be able to process 10 000 transactions per hour within two years of its launch.  This number will increase to 20 000 by Release 2.,scablability,scablability,-0.10554006695747375
The product shall be expected to operate for at least 5 years for each customer installation.,scablability,scablability,-0.024867327883839607
The product shall be used in office environments.,not about scablability,scablability,0.05090728774666786
The product must be able to interface with any HTML browser.  The product shall transmit data between the user and the product without problems. The product shall display HTML properly in 80% of all HTML browsers tested (minimum is to test 8 browsers).,not about scablability,scablability,0.14637582004070282
The product must be able to interface with various database management systems. The product shall communicate successfully with the database management system on 100% of all transactions.,not about scablability,scablability,0.07418530434370041
The product must be able to interface with various email servers. The product shall be able to send email.,not about scablability,scablability,0.03721393644809723
The product shall be available for distribution via the Internet as a binary or ZIP file.,not about scablability,scablability,0.0912284180521965
The product shall be available for distribution as a packaged CD.,not about scablability,scablability,0.12146448343992233
 The product will be available for licensing as a one-server  two-five servers  or five-or-more servers license.,not about scablability,scablability,0.10862806439399719
A new user must be able to be added to the system within 10 minutes.  90% of new users are able to log into the system within 10 minutes.,not about scablability,not about scablability,-0.056674569845199585
The product must be designed using Design Patterns and coding best practices.  90% of maintenance software developers are able to integrate new functionality into the product with 2 working days.,not about scablability,scablability,0.09906112402677536
The product must be highly configurable for use with various database management systems for the end users.  80% of end users are able to integrate new database management systems with the product without changing the product’s software code.,not about scablability,scablability,0.14199423789978027
Maintenance releases will be offered to customers once a year.  The releases shall take no longer than 5 minutes for 80% of the customer base to install.,not about scablability,scablability,-0.007751486264169216
Every registered user will have access to the product’s support site via the Internet.  70% of registered users shall find a solution to their problem within 5 minutes of using the support site.,not about scablability,scablability,0.05318392440676689
The customer shall be able to easily integrate new building maps with the product throughout the product’s lifecycle.  Integration of new maps with the product shall be possible with little to no support from product support staff.,not about scablability,scablability,0.18590350449085236
 The product shall be translated into foreign languages other than the target market countries’ languages in future releases.  For each emerging target market  it shall take no more than 5 days to configure the product for that market’s language.,not about scablability,scablability,-0.015992946922779083
 The product is expected to integrate with multiple database management systems.  The product will operate with Oracle  SQL Server  DB2  MySQL  HSQL  and MS Access.,not about scablability,scablability,0.08138114213943481
The product shall be able to be installed in any operating environment within 2 days.,not about scablability,scablability,0.06473428755998611
The product shall ensure that only company employees or external users with company-approved user IDs may have product access.  100% of all logons shall be by either company employees or external users with company-approved user IDs.,not about scablability,scablability,0.12860625982284546
Only managers are able to perform search queries for reservations by user.  100% of all search queries for reservations by user shall be from logons of only management logons.,not about scablability,scablability,0.11561937630176544
The product shall ensure that the database’s data corresponds to the data entered by the user.  Each conference room reservation in the system will contain the same information as was entered by the user.,not about scablability,scablability,0.09782341867685318
The product shall prevent the input of malicious data.  The product and/or adjacent hardware/software systems’ data shall remain 100% uncorrupted each time malicious data is input into the product.,not about scablability,scablability,0.31592661142349243
The product and/or dependent databases/filesystems shall remain operational as a result of the input of malicious data.  The product and/or dependent databases/filesystems shall not crash 100% of the time that malicious data is input into the product.,not about scablability,scablability,0.3654635548591614
The product shall have the ability to receive automatic software updates as new threats emerge.  100% of customers will be able to receive automatic software updates transmitted to the installed product.,not about scablability,scablability,0.10351783037185669
The language of the product shall accommodate all of the target market countries. 90% of survey respondents from each target market country will find that the language of the product is acceptable.,scablability,scablability,0.10965827852487564
The product shall be able to display calendar dates and times according to the user’s locale.  90% of survey respondents from each target market country will find that the date and time formatting of the product is correct.,not about scablability,scablability,0.06754723936319351
The product must be developed with the J2SE/J2EE programming language libraries,not about scablability,scablability,0.16417258977890015
Recreation of Inventory Quantity Adjustment for the period of previous 30 days shall take no more than 30min.,not about scablability,scablability,0.042937181890010834
The System shall allow for a minimum of  6 users to work at the same time.,not about scablability,scablability,0.16136685013771057
The System shall utilize currently owned computer equipment.,not about scablability,scablability,0.23722486197948456
The System shall be able to automatically backup business data and restore them on demand.,not about scablability,scablability,0.10954755544662476
The System shall maintain consistent security.  Any changes in user passwords and/or permissions should take affect in all parts of the System.,not about scablability,scablability,0.2314990758895874
The System shall granularly control access rights to all major subsystems.  It should be possible to assign access rights to all subsystems independently.,not about scablability,scablability,0.24216647446155548
The System shall meet all applicable accounting standards.  The final version of the System must successfully pass independent audit performed by a certified auditor.,not about scablability,scablability,0.22703835368156433
The System shall not require additional third party licenses resulting in royalty fees.,not about scablability,not about scablability,0.42307910323143005
Administrator shall be able to activate a pre-paid card via the Administration section in under 5 seconds.,not about scablability,scablability,0.06944795697927475
 Customer shall be able to check the status of their prepaid card  by entering in the PIN number  in under 5 seconds.,not about scablability,scablability,0.02083212323486805
System shall let customers register on the website as a “pay as you go” user in under 5 minutes.,not about scablability,scablability,0.03322872519493103
System shall let customers register on the website as a “unlimited movie subscriber” user in under 10 minutes.,not about scablability,scablability,0.01662326231598854
System shall let existing customers log into the website with their email address and password in under 5 seconds.,not about scablability,scablability,-0.011891510337591171
 System shall let customers cancel their account  process shall take no longer than 2 minutes.  Database will mark the account as inactive  and user will not be able to log into the website.,not about scablability,not about scablability,0.04319487139582634
System shall let administrator de-activate a customer account in under 1 minute. Customer will no longer be able to access the website.,not about scablability,scablability,-0.06389074772596359
System shall let administrator add/remove movies on the website in under 5 minutes.  Entered movie information will be stored in the database and will now be available on the website.,not about scablability,scablability,0.059329964220523834
System shall let the administrator add/remove categories on the website in under 5 minutes.,not about scablability,scablability,0.1372361183166504
System shall let Izogn Manager access sales and usage statistics in under 2 minutes.,not about scablability,scablability,0.08521395921707153
System shall let administrators generate unique pre-paid pins in under 2 minutes and generate an Excel file with the generated PINs.,not about scablability,scablability,0.04214676842093468
The website shall be attractive to all audiences.  The website shall appear to be fun and the colors should be bright and vibrant.,not about scablability,scablability,0.18211154639720917
 The website should have an African feel  but should not alienate non-Africans.  The website should use animation on pages which are describing the services  to grab the users attention and encourage them to sign up.,not about scablability,scablability,0.11995037645101547
 The website design should be modern  clean  and concise.,not about scablability,not about scablability,0.36377888917922974
The product should be able to be used by 90% of novice users on the Internet.,not about scablability,scablability,0.04515523836016655
 Users should only have to navigate through a maximum of 4 pages  to create an account with the website.,not about scablability,scablability,0.07976438850164413
Users should be able to access their streaming movies in under 2 clicks after logging into the website.,not about scablability,scablability,0.048818349838256836
An anonymous survey will show that 70% of customers are comfortable purchasing streaming movies after 2 weeks using the website.,not about scablability,scablability,-0.016916312277317047
An anonymous survey will show that 95% of customers are comfortable using and purchasing pre-paid cards after a month of using the system.,not about scablability,scablability,-0.00017141271382570267
The product shall retain the customer’s buying preferences and information.,not about scablability,scablability,0.3141449987888336
The product shall be easy for customers with novice skills on the  Internet to purchase and watch streaming movies.  Customers should be able to purchase and watch a pre-determined movie in under 3 minutes.,not about scablability,scablability,0.14325334131717682
The product shall use symbols and words that are naturally understandable by users familiar with websites,not about scablability,scablability,0.22845637798309326
The website will use standard Internet conventions when interacting with the user.,not about scablability,scablability,0.2373809665441513
 Any interface between a user and the automated system shall have a maximum response time of 5 seconds  unless noted by an exception below.,not about scablability,scablability,0.21037547290325165
 When purchasing a streaming movie or pre-paid card via credit card  the processing time should have a maximum response time of 15 seconds.,not about scablability,scablability,-0.06732673943042755
 When streaming a movie  the buffering time should take no longer than 10 seconds (plus any latency on the user’s connection.),not about scablability,not about scablability,0.11896797269582748
 While streaming a movie  buffering should only occur if there is latency in the user’s connection.,not about scablability,not about scablability,0.20946583151817322
 All credit card information will be secured on the server  and only accessible by authorized Izogn administrators.  Information will be encrypted in the database.,not about scablability,scablability,0.1951238214969635
 The website shall be available for use 24 hours per day  365 days per year.,not about scablability,scablability,0.03034040704369545
The website shall achieve 99.5% up time.,not about scablability,scablability,0.003033863380551338
 All movies shall be streamed on demand  at any time of the day.,not about scablability,scablability,-0.01191827841103077
The website shall continue to operate if the streaming server goes down.,not about scablability,scablability,0.313254177570343
The website shall continue to operate if the payment gateway goes down.,not about scablability,scablability,0.37685325741767883
The streaming server will support 50 simultaneous streaming connections.,scablability,scablability,-0.11257511377334595
The streaming server will support a maximum of 700 movies  new servers can be added to support more movies.,scablability,scablability,-0.030155304819345474
 The server will support a maximum of 1 000 simultaneous users.,scablability,scablability,-0.006025570910423994
 The website shall be capable of supporting 100 000 customers.,scablability,scablability,-0.042051173746585846
The product shall be expected to operate within the maximum maintenance budget for a minimum of 2 years.,not about scablability,scablability,0.1940063238143921
All aspects of the website shall be accessed by a web browser over the Internet.,not about scablability,scablability,0.08753933012485504
The same hardware supporting the current website will be used to support the new system.,not about scablability,scablability,0.139612078666687
 We must be able to interface with the following browsers: IE 5.X  6.0  Netscape 6.x  7.x  8.x and Firefox 1.0.,not about scablability,scablability,0.122370645403862
Website must interface with the CyberSource API to process credit card transactions.,not about scablability,scablability,0.06883663684129715
Website must be fully operational with MSN TV2.,not about scablability,scablability,0.11371447890996933
Movies shall be encoded and streamed via Windows Media Player 9.0.,not about scablability,scablability,-0.00787781085819006
Movies shall be encoded for 56k and 256k streams.,not about scablability,scablability,0.02504749223589897
Promotional updates to the website should take a day to update.,not about scablability,scablability,-0.04232323169708252
Izogn Administrator must be able to update the category listings on the website within 2 minutes.,not about scablability,scablability,0.02147918939590454
Izogn Administrator must be able to add new products to the website within 2 minutes.,not about scablability,scablability,-0.04179000481963158
The system will provide a 24 hour 800 toll free number for support to its customers.,not about scablability,scablability,0.04346456751227379
The website will provide a help section with answers and solutions to common problems.,not about scablability,scablability,0.21946804225444794
 Velkat staff will be available for phone support between 7am-7pm  M-F to provide technical support to the Izogn administrators.,not about scablability,scablability,0.04665166139602661
The product shall be able to be installed in the specified environment within 1 working day.,not about scablability,scablability,0.057015083730220795
Only registered customers can purchase streaming movies.,not about scablability,not about scablability,0.09621243923902512
 A customer can only stream a movie if they purchased it  and are within the 2 day viewing period.,not about scablability,scablability,-0.0034714750945568085
Only authorized personnel can access customer records in the database.,not about scablability,not about scablability,0.15276369452476501
Only administrators can activate a pre-paid card.,not about scablability,scablability,0.1309349685907364
Only authorized personnel can access sales information.,not about scablability,scablability,0.16800159215927124
The website shall prevent its data from being corrupted when incorrect data is entered in.,not about scablability,not about scablability,0.28721845149993896
 The website shall protect itself from intentional abuse  and notify the administrator at all occurrences.,not about scablability,scablability,0.2154970020055771
Data integrity scripts will be run on a weekly basis to verify the integrity of the database.,not about scablability,scablability,0.112643301486969
 The website shall make its user aware of its information practices before collection data from them via a Privacy Policy  accessible on all pages of the website.,not about scablability,scablability,0.07835082709789276
The system shall notify customers of changes to its information policy.,not about scablability,not about scablability,0.08879833668470383
The system shall reveal private information only in compliance with the organization’s information policy.,not about scablability,scablability,0.22202560305595398
 All customer information will be stored on a secure database  accessible only to authorized personnel.,not about scablability,scablability,0.18430984020233154
All credit card information will be encrypted in the database.,not about scablability,scablability,0.008035838603973389
The streaming server will have anti-virus software to prevent infection of malicious viruses.,not about scablability,scablability,0.13166582584381104
The website should cater to all tribes in Nigeria.,not about scablability,scablability,0.03929859772324562
The website shall not be offensive to religious or ethnic groups.,not about scablability,not about scablability,0.4155372083187103
 The website should appeal to all Africans  not only Nigerians.,not about scablability,scablability,0.08298517763614655
The website should use Flash to provide animation on the home page.,not about scablability,scablability,0.01246773824095726
IzognMovies shall meet the licensing requirements set forth by the appropriate organizations in order to stream African movies.,not about scablability,scablability,0.13016445934772491
The website will comply with W3C standards.,not about scablability,scablability,0.3218076229095459
The PHP code will comply with PEAR standards.,not about scablability,scablability,0.32433241605758667
Total lead cycle time must be completed in 5 minutes for 90% of lead volume between the business hours of 8AM CST to 8PM CST  then 3 minutes for 99% of lead volume during off business hours.,not about scablability,scablability,-0.021750153973698616
No lead evaluation will complete in a time period longer than 25 seconds for 97% of all leads processed.,not about scablability,not about scablability,0.046856168657541275
For leads that process longer than 25 seconds the system will record the event and duration,not about scablability,scablability,0.07929489016532898
The process must fit within the processing time conditions set forth by the Auto Rep Assignment process in which a lead is assigned within 3 minutes of the total life cycle.,not about scablability,scablability,0.159299835562706
The lead washing process will operate within the established physical web service structure.,not about scablability,scablability,0.1310218721628189
 The washing process must use a non binding  neutral data format  such as xml  when receiving and processing lead data.,not about scablability,scablability,0.14859935641288757
Defect reports will be available to technical units on a 24x7 basis.,not about scablability,scablability,0.19150540232658386
Washing parameters will be updated during scheduled maintenance hours.,not about scablability,scablability,0.10127641260623932
The product shall simulate the look of ships at sea.,not about scablability,scablability,0.09736322611570358
The product shall display the grids within a circle as a view from a periscope.,not about scablability,scablability,0.041003935039043427
The product shall display each type of ship in a grid using an image of the specific type of ship.,not about scablability,scablability,-0.02522028051316738
 When the offensive player takes a shot  the product shall simulate the sound of a ship at sea.,not about scablability,scablability,0.13228736817836761
 When a shot is marked as a miss  the product shall simulate the sound of a shot missing its target.,not about scablability,scablability,0.344220906496048
 When a shot is marked as a hit  the product shall simulate the sound of a shot hitting its target.,not about scablability,scablability,0.17115864157676697
 When a ship is sunk  the product shall simulate the sound of a sinking ship.,not about scablability,scablability,0.14646244049072266
 The product shall be available 24 hours per day  seven days per week.,not about scablability,scablability,0.06275266408920288
The product shall able to handle a large number of games simultaneously.,not about scablability,scablability,0.10151685774326324
The response time shall be fast enough to maintain the flow of the game.  The response time shall be no more than 2 seconds for 95% of responses and no more than 4% for the remaining responses.,not about scablability,scablability,0.2654966115951538
The product shall protect the identity of the players. The product shall provide players no access to information that might reveal the identity of another player.,not about scablability,not about scablability,0.26009562611579895
The product shall be intuitive and self-explanatory.  Nine out ten users shall be able to successfully complete a game with no training.,not about scablability,scablability,0.36255282163619995
 The product shall be available to players who understand English  Spanish and French.  The product shall allow the user to select the language upon accessing the product.,not about scablability,scablability,0.05625896900892258
The product shall provide players no access to information that might reveal the identity of another player,not about scablability,not about scablability,0.28503748774528503
The response time shall be fast enough to maintain the flow of the game. The response time shall be no more than 2 seconds for 95% of responses and no more than 4% for the remaining responses.,not about scablability,scablability,0.2654966115951538
The system shall be easy to use by callers and supervisors. Callers and supervisors must be able to accomplish any system task within 2 minutes.,not about scablability,scablability,0.23304906487464905
The system shall be easy to learn by callers and supervisors. Callers and supervisors shall learn how to use the system within 10 minutes.,not about scablability,scablability,0.14034663140773773
 The system shall be responsive. At the DePaul TeleServices Center  when a supervisor uses the system to view a callers schedule  the system response time must be no more than 2 seconds 90% of the time and no more than 5 seconds the rest of the time.,not about scablability,scablability,0.12071343511343002
 On a 56k connection  the system response time for all operations must be no more than 6 seconds 90% of the time.,not about scablability,scablability,0.08086300641298294
 On a 112k connection or faster  the system response time for all operations must be no more than 3 seconds 90% of the time.,not about scablability,scablability,0.11916203051805496
The system shall have high availability every day of the year.The system must be available for use between 12:00AM and 6:00PM all days of the year.,not about scablability,scablability,0.040848590433597565
The system must be available for use between 7:00AM and 11:59PM all days of the year.,not about scablability,scablability,0.02422143891453743
The product shall be internet browser independent.The product must run using Internet Explorer and Netscape Navigator.,not about scablability,scablability,0.2209697812795639
The product shall ensure that only supervisors can advertise empty time slots.The product must ensure that supervisors are allowed to access advertise empty time slots.,not about scablability,scablability,0.2802230417728424
The product shall ensure that only supervisors can enter a caller’s schedule.The product must ensure that supervisors are allowed to access advertise empty time slots.,not about scablability,scablability,0.19375787675380707
The product shall ensure that only supervisors can view schedule of all callers.The product must ensure that supervisors are allowed to access advertise empty time slots.,not about scablability,scablability,0.19045275449752808
 The interface shall have a simple look. In the interface and usability survey  90% of beta testers must report that the interface is adequately simple.,not about scablability,scablability,0.4024370312690735
 The interface shall be appealing to callers and supervisors. In the interface and usability survey  80% of beta testers must report that the interface is appealing.,not about scablability,scablability,0.1528964340686798
The product shall provide GUI based Monitoring Services.System Administrators shall monitor message exchanges will predict and determine problems and will also provide internal and external support.,not about scablability,scablability,0.17907625436782837
The product shall comply with City of Chicago Application Development Guide Framework.Application Development Framework will provide structured Graphical User Interface.,not about scablability,scablability,0.16354671120643616
The product shall provide Monitoring Services.The product shall be easy for System Administrators and DBAs to use after two weeks of usage.,not about scablability,scablability,0.24735234677791595
The product shall provide Error Tracking Services.The product shall help the System Administrators and DBAs to resolve transaction errors 99% of the time.,not about scablability,scablability,0.16924089193344116
The product shall provide Portals.The product shall help System Administrators to analyze the transactions with ad-hoc reporting and KPIs (Key Performance Indicators),not about scablability,scablability,0.1063869446516037
The product shall provide Asynchronous Messaging.The product shall provide asynchronous messaging to enable parallel processing and reduce the overhead in communications,not about scablability,scablability,0.15680402517318726
The product shall provide Multi-threading and Load Balancing.The product shall provide multi-threading technology as well as load balancing to overcome data load spikes and traffic.,not about scablability,scablability,0.19934171438217163
The product shall process messages within 2 seconds.The product shall have a maximum message processing time of 2 seconds,not about scablability,scablability,0.025488659739494324
The product shall poll the system for messages every second.The product shall poll the system for new messages at a maximum of every 1 second.,not about scablability,scablability,-0.11247792840003967
The product shall provide Dynamic Change Support and Transparent resource addition.The product shall support Transparent Resource addition and Dynamic Change support to provide scalability and avoid service interruptions of more than 1 day.,not about scablability,scablability,0.23724541068077087
The product shall be available 99% of the time. Rationale: To avoid service interruption during busiest customer service response periods. The product shall be available 99.99% of the time for regular business days.,not about scablability,not about scablability,0.08424478769302368
The product shall be robust.The product shall have fault avoidance based on standards adoption.,not about scablability,scablability,0.3713586628437042
The product shall be robust with fault tolerance.The product shall have fault tolerance by using recovery technique compensatory transaction and routing around failures.,not about scablability,scablability,0.39588022232055664
The product shall be able to process all transactions.The product shall process minimum of 1 million transactions per year.,scablability,scablability,0.1145072802901268
The product shall be platform independent.The product shall enable access to any type of development environment and platform.,not about scablability,scablability,0.298043429851532
The product shall interface CSR and Datastream.The product shall exchange messages between CSR and EAM on a real time basis without any direct interfaces between two systems.,not about scablability,not about scablability,0.25693318247795105
 : The product shall continue to operate during upgrade  change or new resource addition.The product shall be able to continue to operate with no interruption in service due to new resource additions.,not about scablability,scablability,0.3153845965862274
The product shall be updated on a regular basis.The product will have a new major feature introduced every six months and quarterly maintenance releases every six months.,not about scablability,scablability,0.029568225145339966
The product shall operate with every platform.The product shall accommodate any new technology without any change in its architecture.,not about scablability,scablability,0.2231121063232422
 The product shall have security.The product shall provide authentication  and authorization.,not about scablability,scablability,0.23985296487808228
The product shall information Security. The product shall enable privacy by encryption WS-Security and Integrity Checking.,not about scablability,scablability,0.21123971045017242
The product shall have audit capabilities.The product shall store messages for a minimum of one year for audit and transaction tracking purposes.,not about scablability,scablability,0.09564591944217682
The system shall use IBM and CCR branding standards. The interface must have one IBM logo and one CCR logo.,not about scablability,scablability,0.10081373900175095
The system shall be displayable on any work computer a CCR user may have. The system interface shall be formatted to display at 800 by 600 pixel resolution.,not about scablability,scablability,0.028077635914087296
The system interface will use CCR nomenclature. The system must use the same nomenclature used in the existing WCS system and reports,not about scablability,scablability,0.12455840408802032
The interface must summarize the data in a fashion that’s appealing to CCR management. Every report type must have at least one high level summary shown in the results dashboard/interface,not about scablability,scablability,0.1891050934791565
The system must use a point and click interface. 100% of all selection and navigation functionality must be able to be activated/selected by either a mouse or a keyboard,not about scablability,scablability,0.16111481189727783
The interface shall be easy to use. 90% of users should be able to successfully use the system to generate a report on their first use. The interface should adhere to IBM usability standards.,not about scablability,scablability,0.21419912576675415
Rreports must be easy to generate. eports must be generated within one button click and exported within one button click (after selecting the report),not about scablability,scablability,0.3553042411804199
A user shall be able to use the system without instruction after a short amount of time. After one use a user should understand and remember 90% of the system usage and navigation.,not about scablability,scablability,0.307333767414093
All CCR users shall receive training before the WCS system is deployed. One training session will be held for 100% of CCR users before system deployment (based on a CCR user being available),not about scablability,scablability,0.005096491426229477
The WCS system shall use appropriate nomenclature and terminology as defined by the Corporate Community Grants organization. All interfaces and reports will undergo usability tests by CCR users.,not about scablability,scablability,0.1066436916589737
The WCS system shall be available at all times as long as IBM’s internal intranet W3 is accessible. The WCS system will be available 95% of the time IBM’s internal intranet W3 is available.,not about scablability,scablability,0.15364159643650055
The WCS system shall have the ability to connect other designated WCS databases currently not included in the system.,scablability,scablability,0.1503310352563858
The WCS system shall have the ability to include data for regions outside the United States and be accessed by users outside of the United States if approved by CCR management.,scablability,scablability,0.17149585485458374
The WCS system shall be run in a Windows environment. The WCS shall be accessed by users through the Internet on an IBM computer running a Windows 2000 or above operating system.,not about scablability,scablability,0.036323413252830505
The Brio portion of the WCS system must be able to export files in spreadsheet form (Microsoft Excel and Lotus 1-2-3 formats).  Brio will provide buttons in the user interface that produce/export reports in .xls or .123 file formats.,not about scablability,scablability,0.04663977026939392
The WCS system must run queries to the WCS databases once again (on a specified day) to update the available data available to CCR users. Queries must be made to external databases for data refresh once a week.,not about scablability,scablability,-0.04628460109233856
 All changes  updates  and additions to the WCS system shall be updated in the WCS Developer and WCS User Guides. Every change must be reflected in WCS system documentation,not about scablability,scablability,0.07951901853084564
The system shall only be accessed by authorized Corporate Community Grants (CCR) employees. Users must be authenticated using their IBM intranet user name and password.,not about scablability,scablability,0.11007459461688995
The WCS system shall not allow automatic logins by any user. Cookies containing WCS login information about a user will not be stored on a user’s computer.,not about scablability,not about scablability,0.25245949625968933
Each team owner will need to use a username and password in order to be authenticated to reach the team owner’s page,not about scablability,scablability,0.03270067274570465
The Commissioner will be the only authorized user per league to adjust league settings.,not about scablability,scablability,0.21799281239509583
Each page shall contain a navigation menu which shows the index into which the current page is contained.,not about scablability,scablability,0.11281244456768036
Each page shall contain a similar format with action items in one location and navigation buttons in a different location.,not about scablability,scablability,0.23653003573417664
The message board shall contain the 5 most recently posted messages on the league page. The messages will contain up to the first 150 characters of the message.,not about scablability,scablability,-0.13341666758060455
;A new user shall be able to navigate through the league and team pages within 30 seconds of reaching the start-up page.,not about scablability,scablability,-0.09097415208816528
Users shall be able to reach the ‘add’  ‘drop’  and ‘trade player’ pages with one click from the team owner’s page.,not about scablability,scablability,0.18458876013755798
;Users shall be able to view at least 25 NFL player statistics and points on each page.,not about scablability,scablability,-0.011653195135295391
The application shall ask the user to confirm dropping a player or trading a player before performing the action.,not about scablability,scablability,0.1591830998659134
The application shall be able to complete every user transaction within one fourth of a second of receiving the request over the network.,not about scablability,scablability,0.04538146033883095
The application shall have a downtime of at most 10 minutes per year.,not about scablability,scablability,0.17056016623973846
The application shall run on a web application server.,not about scablability,scablability,0.05914626270532608
A primary database will be used to store cached data for active users.,not about scablability,scablability,0.09451504051685333
A secondary database will be used to store historical statistics and data.,not about scablability,scablability,0.05133845657110214
Application updates shall occur between 3AM and 6 AM CST on Wednesday morning during the middle of the NFL season.,not about scablability,scablability,0.01137036643922329
New System version releases shall be released at the beginning of each NFL season.,not about scablability,scablability,-0.12093152105808258
The RFS system should be available 24/7  especially during the budgeting period. The RFS system shall be available 90% of the time all year  and 98% during the budgeting period. 2% of the time  the system will become available within 1 hour of the time that the situation is reported.,not about scablability,scablability,0.11258883774280548
98% of the user workstations shall meet the minimum hardware requirements prior to implementation. Minimum Hard Disk Space:  400MB.,not about scablability,scablability,0.04628823697566986
98% of the user workstations shall meet the minimum software requirements prior to implementation: Microsoft Internet Explorer 5.0. Microsoft .NET Framework 1.1. Microsoft Internet Explorer Web Controls,not about scablability,scablability,0.08685639500617981
The RFS system should be able to easily interface with the BDW environment  in order to load the data. •;7 data files shall be received from the BDW and loaded into the RFS system within 3 hours one day prior to the start of budgeting process  every year. The data will be as of October month-end. ;Test files (7) shall be loaded up to 5 times throughout the year  from the BDW.,not about scablability,scablability,0.07886077463626862
Changes to revenue and expense formulae must be applied to the RFS system  every year  prior to the budgeting process start. Revenue and expense formulae will be updated within one week of their receipt  after which 2 weeks will be allotted to testing of the budget calculations  to be conducted jointly by the project development team and PCG Finance.,not about scablability,scablability,-0.10443969815969467
New branches/complexes/districts/regions and revenue/expense accounts added to the BDW  must be reflected in the RFS system. 100% of the entities (mentioned above) available as of October month-end  will be loaded into the RFS system  prior to the budget start process.,not about scablability,scablability,-0.03999943286180496
Only authorized user shall access the RFS system. ONLY users that exist in the UAS system  with the RFS system assigned to their role(s)  shall access the RFS system and use it.,not about scablability,scablability,0.19321668148040771
;User access should be limited to the permissions granted to their role(s) Each level in the PCG hierarchy will be assigned a role and users will be assigned to these roles. Access to functionality within RFS system is dependent on the privileges/permission assigned to the role..,not about scablability,scablability,0.172129288315773
The product must comply with the intranet page standards and requirements of ENET Securities. 95% of the product look & feel will be approved by the Architecture group  prior to implementation. The remaining 5% will be corrected and approved within one month of product release.,not about scablability,scablability,0.0518399216234684
 The intranet pages should display appropriately in all resolutions  from 800x600 and higher. The display of all the pages will be correct in 95% of the resolutions  prior to implementation. The remaining 5% will be corrected within a week of notification of the incorrect display.,not about scablability,scablability,0.11380304396152496
The users should be able to easily use the system to successfully complete their budgets  within the stipulated time for completion. With a week of training prior to product implementation  98% of the users shall complete their budgets within the stipulated time.,not about scablability,scablability,0.060867566615343094
The product interface should be fast. The response time of the product interface should not exceed 2 seconds 90% of the time. For 10% of the time  the response time should not be more than 10 seconds.not be more than 10 seconds.,not about scablability,scablability,0.1403045952320099
