,precision,recall,f1-score,support
"flexibility, workload, efficiency, optimize, caching, improvement, robust, overhead, adaptability, scalable, or increased",0.09142857142857143,0.7619047619047619,0.163265306122449,21.0
"usability, security, operational, performance, look & feel, legal, fault & tolerance, maintainability, availability, or portability",0.9743589743589743,0.5444126074498568,0.698529411764706,349.0
accuracy,0.5567567567567567,0.5567567567567567,0.5567567567567567,0.5567567567567567
macro avg,0.5328937728937729,0.6531586846773093,0.4308973589435775,370.0
weighted avg,0.9242467082467083,0.5567567567567567,0.6681495571201453,370.0
