,precision,recall,f1-score,support
"flexibility, workload, efficiency, optimize, caching, improvement, robust, overhead, adaptability, scalable, or increased",0.0,0.0,0.0,21.0
"usability, security, operational, performance, look & feel, legal, fault & tolerance, maintainability, availability, or portability",0.9424657534246575,0.9856733524355301,0.9635854341736695,349.0
accuracy,0.9297297297297298,0.9297297297297298,0.9297297297297298,0.9297297297297298
macro avg,0.4712328767123288,0.49283667621776506,0.48179271708683474,370.0
weighted avg,0.8889744539059609,0.9297297297297298,0.9088954500719207,370.0
