Requirement text,Gold label,Predicated label,ZSL score
The system shall refresh the display every 60 seconds.,"not about flexibility, workload, efficiency, or optimize","flexibility, workload, efficiency, or optimize",0.12016095221042633
The application shall match the color of the schema set forth by Department of Homeland Security,"not about flexibility, workload, efficiency, or optimize","flexibility, workload, efficiency, or optimize",0.09846040606498718
 If projected  the data must be readable.  On a 10x10 projection screen  90% of viewers must be able to read Event / Activity data from a viewing distance of 30,"not about flexibility, workload, efficiency, or optimize","not about flexibility, workload, efficiency, or optimize",0.08721010386943817
 The product shall be available during normal business hours. As long as the user has access to the client PC  the system will be available 99% of the time during the first six months of operation.,"not about flexibility, workload, efficiency, or optimize","flexibility, workload, efficiency, or optimize",0.11426100134849548
 If projected  the data must be understandable. On a 10x10 projection screen  90% of viewers must be able to determine that Events or Activities are occuring in current time from a viewing distance of 100,"not about flexibility, workload, efficiency, or optimize","not about flexibility, workload, efficiency, or optimize",0.10161102563142776
The product shall ensure that it can only be accessed by authorized users.  The product will be able to distinguish between authorized and unauthorized users in all access attempts,"not about flexibility, workload, efficiency, or optimize","flexibility, workload, efficiency, or optimize",0.08265551924705505
The product shall be intuitive and self-explanatory.  :  90% of new users shall be able to start the display of Events or Activities within 90 minutes of using the product.,"not about flexibility, workload, efficiency, or optimize","not about flexibility, workload, efficiency, or optimize",0.20620959997177124
The product shall respond fast to keep up-to-date data in the display.,"not about flexibility, workload, efficiency, or optimize","not about flexibility, workload, efficiency, or optimize",0.21979118883609772
The look and feel of the system shall conform to the user interface standards of the smart device.,"not about flexibility, workload, efficiency, or optimize","flexibility, workload, efficiency, or optimize",0.137137770652771
 The user interface shall have standard menus  buttons for navigation,"not about flexibility, workload, efficiency, or optimize","not about flexibility, workload, efficiency, or optimize",0.04957406595349312
The system shall have a professional appearance,"not about flexibility, workload, efficiency, or optimize","flexibility, workload, efficiency, or optimize",0.1861170530319214
The product shall have a consistent color scheme and fonts.,"not about flexibility, workload, efficiency, or optimize","flexibility, workload, efficiency, or optimize",0.22358043491840363
The system shall be used by realtors with no training.,"not about flexibility, workload, efficiency, or optimize","not about flexibility, workload, efficiency, or optimize",0.14572331309318542
The system shall be intuitive and self explanatory.,"not about flexibility, workload, efficiency, or optimize","not about flexibility, workload, efficiency, or optimize",0.32644522190093994
The product shall be easy for a realtor to learn.,"not about flexibility, workload, efficiency, or optimize","not about flexibility, workload, efficiency, or optimize",0.19878612458705902
The product shall use symbols and words that are naturally understandable by the realtor community.,"not about flexibility, workload, efficiency, or optimize","not about flexibility, workload, efficiency, or optimize",0.10068564862012863
The product shall produce search results in an acceptable time,"not about flexibility, workload, efficiency, or optimize","flexibility, workload, efficiency, or optimize",0.24921631813049316
The search results shall be returned no later 30      seconds  after the user has entered the search criteria,"not about flexibility, workload, efficiency, or optimize","flexibility, workload, efficiency, or optimize",0.09161209315061569
The product shall generate a CMA report in an acceptable time.,"not about flexibility, workload, efficiency, or optimize","flexibility, workload, efficiency, or optimize",0.14647065103054047
The CMA report shall be returned no later 60 seconds after the user has entered the CMA report criteria.,"not about flexibility, workload, efficiency, or optimize","flexibility, workload, efficiency, or optimize",0.014437472447752953
The product shall synchronize contacts and appointments in an acceptable time.,"not about flexibility, workload, efficiency, or optimize","flexibility, workload, efficiency, or optimize",0.1454840898513794
The product shall synchronize with the office system every hour.,"not about flexibility, workload, efficiency, or optimize","flexibility, workload, efficiency, or optimize",0.21890857815742493
 The product shall be available for use 24 hours per day  365 days  per year,"not about flexibility, workload, efficiency, or optimize","flexibility, workload, efficiency, or optimize",0.2709239721298218
 Out of 1000 accesses to the system  the system is available 999 times.,"not about flexibility, workload, efficiency, or optimize","not about flexibility, workload, efficiency, or optimize",0.11055751889944077
The product shall operate in offline mode whenever internet connection is unavailable.,"not about flexibility, workload, efficiency, or optimize","flexibility, workload, efficiency, or optimize",0.10205800831317902
 The product shall allow the user to view previously downloaded search results  CMA reports  and appointments.,"not about flexibility, workload, efficiency, or optimize","not about flexibility, workload, efficiency, or optimize",0.08521392196416855
The product shall retain user preferences in the event of a failure.,"not about flexibility, workload, efficiency, or optimize","flexibility, workload, efficiency, or optimize",0.16575250029563904
100% of saved user preferences shall be restored when system comes back online.,"not about flexibility, workload, efficiency, or optimize","flexibility, workload, efficiency, or optimize",0.07894711196422577
The product shall be able to support multiple remote users,"flexibility, workload, efficiency, or optimize","not about flexibility, workload, efficiency, or optimize",0.11641586571931839
The product shall be able support 1000 simultaneous users.,"flexibility, workload, efficiency, or optimize","not about flexibility, workload, efficiency, or optimize",0.19709640741348267
The product shall be capable of handling the existing 1000 users. This number is expected to grow 5 times within the next year.,"flexibility, workload, efficiency, or optimize","not about flexibility, workload, efficiency, or optimize",0.15815924108028412
The product shall be installed by an untrained realtor   without recourse to separately-printed instructions.,"not about flexibility, workload, efficiency, or optimize","not about flexibility, workload, efficiency, or optimize",0.19811509549617767
90% of untrained realtors shall be able to install the product on their device without printed instructions,"not about flexibility, workload, efficiency, or optimize","not about flexibility, workload, efficiency, or optimize",0.19459298253059387
The product is expected to run on Windows CE and Palm operating systems.,"not about flexibility, workload, efficiency, or optimize","not about flexibility, workload, efficiency, or optimize",0.08554922044277191
Only registered realtors shall be able to access the system.,"not about flexibility, workload, efficiency, or optimize","flexibility, workload, efficiency, or optimize",0.024893788620829582
Every user of the system shall be authenticated and authorized.,"not about flexibility, workload, efficiency, or optimize","flexibility, workload, efficiency, or optimize",0.057391516864299774
The product shall prevent its data from incorrect data being introduced.,"not about flexibility, workload, efficiency, or optimize","not about flexibility, workload, efficiency, or optimize",0.10061775892972946
The system shall be easy to use by the Program Administrators/Nursing Staff Members.,"not about flexibility, workload, efficiency, or optimize","not about flexibility, workload, efficiency, or optimize",0.271650493144989
All of the users shall be able to use the system after one day of training.,"not about flexibility, workload, efficiency, or optimize","flexibility, workload, efficiency, or optimize",0.13329006731510162
The system shall help the user avoid making mistakes while scheduling classes and clinicals for the nursing students.,"not about flexibility, workload, efficiency, or optimize","not about flexibility, workload, efficiency, or optimize",0.2135891169309616
The number of mistakes noted by the students shall be decreased by 50% in the first year.,"not about flexibility, workload, efficiency, or optimize","not about flexibility, workload, efficiency, or optimize",-0.02650650590658188
The system shall be intuitive to the Program Administrators/Nursing Staff Members.,"not about flexibility, workload, efficiency, or optimize","not about flexibility, workload, efficiency, or optimize",0.28857138752937317
2 out of 3 Program Administrators/Nursing Staff Members shall successfully be able to use the system to manage the scheduling of classes and clinicals.,"not about flexibility, workload, efficiency, or optimize","flexibility, workload, efficiency, or optimize",0.20265932381153107
The system shall use symbols and words that are naturally understandable by the user community.,"not about flexibility, workload, efficiency, or optimize","not about flexibility, workload, efficiency, or optimize",0.13464172184467316
The verbiage used within the system shall be consistent with Standard English and the terminology of the national Nursing Community.,"not about flexibility, workload, efficiency, or optimize","flexibility, workload, efficiency, or optimize",0.08378615975379944
Staff members shall be able to complete a set of tasks in a timely manner.,"not about flexibility, workload, efficiency, or optimize","flexibility, workload, efficiency, or optimize",0.2932620048522949
The response time of general student management tasks shall take no longer than 5 seconds and the response time of schedule generation shall take no longer than 30 seconds.,"not about flexibility, workload, efficiency, or optimize","not about flexibility, workload, efficiency, or optimize",0.24255338311195374
The system shall be available for use between the hours of 8am and 6pm.,"not about flexibility, workload, efficiency, or optimize","flexibility, workload, efficiency, or optimize",0.1905779391527176
The system shall achieve 95% up time.,"not about flexibility, workload, efficiency, or optimize","flexibility, workload, efficiency, or optimize",0.23056939244270325
system shall be able to handle all of the user requests/usage during business hours.,"flexibility, workload, efficiency, or optimize","flexibility, workload, efficiency, or optimize",0.277645468711853
The system shall cater to 10 simultaneous users from 9am to 5pm.,"flexibility, workload, efficiency, or optimize","not about flexibility, workload, efficiency, or optimize",0.1835869550704956
The system shall be capable of processing 100% of nursing students and their classes for the next 10 years.,"flexibility, workload, efficiency, or optimize","not about flexibility, workload, efficiency, or optimize",0.09336917102336884
The system shall be expected to manage the nursing program curriculum and class/clinical scheduling for a minimum of 5 years.,"flexibility, workload, efficiency, or optimize","not about flexibility, workload, efficiency, or optimize",0.11230842024087906
The system shall able to operate within a business office environment typical of the Nursing Department at DePaul University.,"not about flexibility, workload, efficiency, or optimize","not about flexibility, workload, efficiency, or optimize",0.16351573169231415
The system shall be used within the specifications defined by the computers used by the Program Administrators/Nursing Staff Members.,"not about flexibility, workload, efficiency, or optimize","not about flexibility, workload, efficiency, or optimize",0.18721888959407806
The system shall operate within the Windows XP Professional operating system.,"not about flexibility, workload, efficiency, or optimize","flexibility, workload, efficiency, or optimize",0.08738960325717926
The system shall interface with CampusConnect’s central server,"not about flexibility, workload, efficiency, or optimize","flexibility, workload, efficiency, or optimize",0.12800484895706177
The system shall interface with the faculty central server.,"not about flexibility, workload, efficiency, or optimize","flexibility, workload, efficiency, or optimize",0.15247254073619843
The system shall interface with the student master server.,"not about flexibility, workload, efficiency, or optimize","flexibility, workload, efficiency, or optimize",0.12053760141134262
We must be able to interface with any HTML browser.,"not about flexibility, workload, efficiency, or optimize","not about flexibility, workload, efficiency, or optimize",0.1358155906200409
Only authorized users shall have access to clinical site information.,"not about flexibility, workload, efficiency, or optimize","flexibility, workload, efficiency, or optimize",0.05868053808808327
Program Administrators/Nursing Staff Members are the only people who shall have access to clinical site details.,"not about flexibility, workload, efficiency, or optimize","not about flexibility, workload, efficiency, or optimize",0.11925587803125381
Only authorized users shall have access to students’ personal information.,"not about flexibility, workload, efficiency, or optimize","flexibility, workload, efficiency, or optimize",0.0464957058429718
Dr Susan Poslusny and Dr Julie Donalek are the only people who shall have access to students’ personal information.,"not about flexibility, workload, efficiency, or optimize","not about flexibility, workload, efficiency, or optimize",0.06381316483020782
Only authorized users shall have access to the portion of the system that interfaces with CampusConnect.,"not about flexibility, workload, efficiency, or optimize","flexibility, workload, efficiency, or optimize",0.08144743740558624
Fit Criterion: Dr Susan Poslusny and Karen Sysol are the only people who shall have access to the final class section scheduling for the system that interfaces with CampusConnect.,"not about flexibility, workload, efficiency, or optimize","not about flexibility, workload, efficiency, or optimize",0.25256359577178955
The system shall have basic data integrity checking to reduce the possibility of incorrect or invalid data being introduced.,"not about flexibility, workload, efficiency, or optimize","flexibility, workload, efficiency, or optimize",0.06691775470972061
The system shall protect private information in accordance with the organization’s information policy.,"not about flexibility, workload, efficiency, or optimize","flexibility, workload, efficiency, or optimize",0.11243492364883423
The system shall be built such that it is as secure as possible from malicious interference.,"not about flexibility, workload, efficiency, or optimize","flexibility, workload, efficiency, or optimize",0.15287014842033386
The system shall use the organization’s standard virus protection software to help monitor threats to itself.,"not about flexibility, workload, efficiency, or optimize","not about flexibility, workload, efficiency, or optimize",0.08564803749322891
The Disputes application shall comply with the corporate standards for user interface creation for internally and externally used applications.,"not about flexibility, workload, efficiency, or optimize","flexibility, workload, efficiency, or optimize",0.08551768958568573
All screens created as part of the Disputes application must comply with corporate standards for interface creation.,"not about flexibility, workload, efficiency, or optimize","flexibility, workload, efficiency, or optimize",0.014387463219463825
The list of dispute cases that are displayed after a search is performed must be color coded for easy identification of dispute cases based upon the dispute case status.,"not about flexibility, workload, efficiency, or optimize","flexibility, workload, efficiency, or optimize",0.042030807584524155
100% of the cardmember and merchant services representatives shall use the Disputes application regularly after a 2-day training course.,"not about flexibility, workload, efficiency, or optimize","not about flexibility, workload, efficiency, or optimize",0.10020945966243744
100% of cardmember services representatives shall be able to successfully create a dispute case on the first encounter after completing the training course.,"not about flexibility, workload, efficiency, or optimize","not about flexibility, workload, efficiency, or optimize",0.0032624024897813797
100% of merchant services representatives shall be able to successfully perform a follow up action on a dispute case on the first encounter after completing the training course.,"not about flexibility, workload, efficiency, or optimize","not about flexibility, workload, efficiency, or optimize",0.027064859867095947
The maximum wait time for a user navigating from one screen to another within the Disputes application shall be no more than 5 seconds.,"not about flexibility, workload, efficiency, or optimize","not about flexibility, workload, efficiency, or optimize",0.11892861872911453
The Disputes application shall support 350 concurrent users without any degradation of performance in the application.,"not about flexibility, workload, efficiency, or optimize","not about flexibility, workload, efficiency, or optimize",0.2163226157426834
 The Disputes application shall be available 24x7x365  with the exception of the following scheduled maintenance windows.  Monday – Saturday 3:00am to 4:00am EST Sunday 1:00amd to 5:00am EST,"not about flexibility, workload, efficiency, or optimize","flexibility, workload, efficiency, or optimize",0.2039637565612793
The Disputes application shall interface with the Statement Database. The Statement Database provides the transaction details to the Disputes System. All transaction details must be obtained from the Statement Database,"not about flexibility, workload, efficiency, or optimize","flexibility, workload, efficiency, or optimize",0.07375657558441162
The Disputes application shall interface with the Cardmember Information Database.  The Cardmember Information Database provides detailed information with regard to a cardmember.  All cardmember detail information must be obtained from the Cardmember Information Database.,"not about flexibility, workload, efficiency, or optimize","not about flexibility, workload, efficiency, or optimize",0.07466418296098709
The Disputes applications shall interface with the Merchant Information Database.  The Merchant Information Database provides detailed information with regard to the merchant. All merchant detail information shall be obtained from the Merchant Information Database.,"not about flexibility, workload, efficiency, or optimize","flexibility, workload, efficiency, or optimize",0.09162614494562149
The Disputes application shall interface with the Letters application.  This will allow the Disputes application to request letters as part of the dispute initiation and dispute follow up process. All letter requests must be sent to the Print Letter Utility application.,"not about flexibility, workload, efficiency, or optimize","flexibility, workload, efficiency, or optimize",0.05793824791908264
The Disputes application shall interface with the Cardmember Posting and Billing System.  This will allow the Disputes application to request adjustments to cardmember and merchant’s accounts. All adjustment requests must be sent to the Cardmember Posting and Billing System.,"not about flexibility, workload, efficiency, or optimize","flexibility, workload, efficiency, or optimize",0.09625615924596786
The Disputes application shall ensure that only users with the appropriate access level are allowed to initiate dispute requests.,"not about flexibility, workload, efficiency, or optimize","flexibility, workload, efficiency, or optimize",0.04228869453072548
Only users with Update access must be able to initiate dispute requests.,"not about flexibility, workload, efficiency, or optimize","flexibility, workload, efficiency, or optimize",-0.007933974266052246
The Disputes application shall ensure that only authorized users are allowed to logon to the application.,"not about flexibility, workload, efficiency, or optimize","flexibility, workload, efficiency, or optimize",0.025319639593362808
 All authorized users  once authenticated must be able to logon to the Disputes System,"not about flexibility, workload, efficiency, or optimize","flexibility, workload, efficiency, or optimize",0.04363438859581947
The Disputes System shall generate a User Report that details any new users that have been added and any changes to an existing user’s access level.  The report will be reviewed for auditing purposes.,"not about flexibility, workload, efficiency, or optimize","flexibility, workload, efficiency, or optimize",0.1035139262676239
All additions of new users and modifications to user’s access shall be recorded on the User Report.,"not about flexibility, workload, efficiency, or optimize","flexibility, workload, efficiency, or optimize",0.08818349987268448
 If a user account is revoked  it can only be re-instantiated by the System Administrator.,"not about flexibility, workload, efficiency, or optimize","flexibility, workload, efficiency, or optimize",0.01204677578061819
Only the System Administrator shall be able to reset a revoked user logon account,"not about flexibility, workload, efficiency, or optimize","flexibility, workload, efficiency, or optimize",0.029790319502353668
The Disputes application shall manipulate and view business data. Users will not have direct access to data files or databases.,"not about flexibility, workload, efficiency, or optimize","not about flexibility, workload, efficiency, or optimize",0.17086300253868103
All updates to data files or database must be initiated from the Disputes System.,"not about flexibility, workload, efficiency, or optimize","flexibility, workload, efficiency, or optimize",0.014821935445070267
The Disputes application must conform to the legal requirements as specified by the Merchant Operating Regulations.,"not about flexibility, workload, efficiency, or optimize","flexibility, workload, efficiency, or optimize",0.1430012285709381
All business rules specified in the Disputes System shall be in compliance with the Merchant Operating Regulations.,"not about flexibility, workload, efficiency, or optimize","flexibility, workload, efficiency, or optimize",0.10092853009700775
The Disputes application must conform to the legal requirements as specified by Regulation E and Regulation Z that govern credit card disputes processing.,"not about flexibility, workload, efficiency, or optimize","flexibility, workload, efficiency, or optimize",0.11152637004852295
All business rules specified in the Disputes System shall be in compliance to the guidelines of Regulation E and Regulation Z.,"not about flexibility, workload, efficiency, or optimize","flexibility, workload, efficiency, or optimize",0.11835497617721558
The Disputes application must maintain a detailed history of every action that a user takes on a dispute case.  This ensures a complete audit trail if questions arise later on with regard to a particular dispute case.,"not about flexibility, workload, efficiency, or optimize","flexibility, workload, efficiency, or optimize",0.03656383976340294
All actions that modify an existing dispute case must be recorded in the case history.,"not about flexibility, workload, efficiency, or optimize","flexibility, workload, efficiency, or optimize",-0.03090495616197586
The product must support Internet Explorer 5.5 and above.,"not about flexibility, workload, efficiency, or optimize","not about flexibility, workload, efficiency, or optimize",-0.021884426474571228
The product must support Mozilla Firefox 1.0 and above.,"not about flexibility, workload, efficiency, or optimize","not about flexibility, workload, efficiency, or optimize",-0.01177193969488144
The product shall interface with the Choice Parts System.  This provides the feed of recycled parts data.,"not about flexibility, workload, efficiency, or optimize","flexibility, workload, efficiency, or optimize",0.21650034189224243
The product shall run on the existing hardware for all environments.,"not about flexibility, workload, efficiency, or optimize","not about flexibility, workload, efficiency, or optimize",0.1946123242378235
The product shall adhere to the corporate Architecture guidelines,"not about flexibility, workload, efficiency, or optimize","flexibility, workload, efficiency, or optimize",0.2431647926568985
The product shall comply with corporate User Interface Guidelines,"not about flexibility, workload, efficiency, or optimize","flexibility, workload, efficiency, or optimize",0.2060701847076416
The product shall comply with corporate color scheme,"not about flexibility, workload, efficiency, or optimize","flexibility, workload, efficiency, or optimize",0.1571294665336609
The appearance of the product shall appear professional,"not about flexibility, workload, efficiency, or optimize","flexibility, workload, efficiency, or optimize",0.17803984880447388
The product shall be easy to use by Adjusters and Collision Estimators.  95% of Adjusters and Collision Estimators shall find the product easy to use.,"not about flexibility, workload, efficiency, or optimize","not about flexibility, workload, efficiency, or optimize",0.20404423773288727
The product shall increase productivity of Collision Estimators. 80% of the Collision Estimators shall agree their productivity has increase within 1 month of using the product.,"not about flexibility, workload, efficiency, or optimize","flexibility, workload, efficiency, or optimize",0.26487302780151367
Users shall feel satisfied using the product.  85% of all users will be satisfied with the product.,"not about flexibility, workload, efficiency, or optimize","flexibility, workload, efficiency, or optimize",0.19277003407478333
The product shall be easy to learn by Adjusters and Collision Estimators.  The product shall be learned with two days onsite training,"not about flexibility, workload, efficiency, or optimize","not about flexibility, workload, efficiency, or optimize",0.2669427692890167
The user shall easily locate instructions while using the product.  User help can be found within 90% of the system.,"not about flexibility, workload, efficiency, or optimize","not about flexibility, workload, efficiency, or optimize",0.2241331934928894
The search for recycled parts shall take no longer than 15 seconds.  The search results shall be returned in under 15 seconds.,"not about flexibility, workload, efficiency, or optimize","flexibility, workload, efficiency, or optimize",0.2018100917339325
The search for the preferred repair facility shall take no longer than 8 seconds.  The preferred repair facility is returned within 8 seconds,"not about flexibility, workload, efficiency, or optimize","flexibility, workload, efficiency, or optimize",0.2491094470024109
The recycled parts audit report shall be returned to the user within 10 seconds.  The audit report shall be returned within 10 seconds.,"not about flexibility, workload, efficiency, or optimize","flexibility, workload, efficiency, or optimize",0.11734932661056519
The preferred repair facility ratings shall be saved within 5 seconds. The save shall occur within 5 seconds.,"not about flexibility, workload, efficiency, or optimize","flexibility, workload, efficiency, or optimize",0.20091597735881805
The product shall adhere to the corporate online availability schedule.  The application is brought down only within 98% of the scheduled outages per the availability schedule.,"not about flexibility, workload, efficiency, or optimize","not about flexibility, workload, efficiency, or optimize",0.15454904735088348
The product shall achieve a 98% uptime. The product shall not fail more than 2% of the available online time.,"not about flexibility, workload, efficiency, or optimize","not about flexibility, workload, efficiency, or optimize",0.1749698519706726
The product shall be able to handle up to 1500 simultaneous users. The system shall perform with 1500 users as a time.,"flexibility, workload, efficiency, or optimize","not about flexibility, workload, efficiency, or optimize",0.21791130304336548
 The average number of recycled parts records per day shall be 50 000.,"flexibility, workload, efficiency, or optimize","not about flexibility, workload, efficiency, or optimize",0.0852312371134758
 The product shall be able to handle 10 000 concurrent users within 2 years of the initial launch.,"flexibility, workload, efficiency, or optimize","not about flexibility, workload, efficiency, or optimize",0.14104898273944855
 For estimators  the product shall be able to be operated in a repair facility during dirty and noisy conditions.,"not about flexibility, workload, efficiency, or optimize","not about flexibility, workload, efficiency, or optimize",0.20628997683525085
The product shall interface with the ChoiceParts system once per day at approximately 1:00 AM.,"not about flexibility, workload, efficiency, or optimize","not about flexibility, workload, efficiency, or optimize",0.17650103569030762
The maintenance of the product will fall within the established corporate maintenance windows.,"not about flexibility, workload, efficiency, or optimize","not about flexibility, workload, efficiency, or optimize",0.18965516984462738
The product shall be supported using the corporate support center.,"not about flexibility, workload, efficiency, or optimize","not about flexibility, workload, efficiency, or optimize",0.13338395953178406
Product installations and upgrades shall be handled by the middleware technology team within established launch time frames.,"not about flexibility, workload, efficiency, or optimize","not about flexibility, workload, efficiency, or optimize",0.12664586305618286
Only adjusters can request recycled parts audit reports. No users without an adjuster role shall request recycled parts audits.,"not about flexibility, workload, efficiency, or optimize","not about flexibility, workload, efficiency, or optimize",0.11081624776124954
Only adjusters with a supervisor role can update preferred repair facility ratings. Users without the supervisor role cannot access the repair facility ratings.,"not about flexibility, workload, efficiency, or optimize","flexibility, workload, efficiency, or optimize",0.1333249807357788
Only collision estimators shall search for recycled parts.  Users without the collision estimator role shall not have access to the search for recycled parts.,"not about flexibility, workload, efficiency, or optimize","not about flexibility, workload, efficiency, or optimize",0.14757907390594482
Only valid data shall be entered into the system.  No invalid data shall be entered into the system.,"not about flexibility, workload, efficiency, or optimize","flexibility, workload, efficiency, or optimize",0.09165217727422714
One insurance company shall not be able to view another insurance companys claim data.,"not about flexibility, workload, efficiency, or optimize","not about flexibility, workload, efficiency, or optimize",0.10482674837112427
The product shall free of computer viruses.,"not about flexibility, workload, efficiency, or optimize","flexibility, workload, efficiency, or optimize",0.09287641197443008
The system shall prevent malicious attacks including denial of service.,"not about flexibility, workload, efficiency, or optimize","flexibility, workload, efficiency, or optimize",0.0744563490152359
The product must comply with Sarbanes-Oxley.,"not about flexibility, workload, efficiency, or optimize","flexibility, workload, efficiency, or optimize",0.04215983673930168
The product shall comply with the estimatics laws relating to recycled parts usage.,"not about flexibility, workload, efficiency, or optimize","flexibility, workload, efficiency, or optimize",0.12752646207809448
The product shall comply with insurance regulations regarding claims processing.,"not about flexibility, workload, efficiency, or optimize","flexibility, workload, efficiency, or optimize",0.11842095106840134
 The product must work with most database management systems (DBMS) on the market  whether the DBMS is colocated with the product on the same machine or is located on a different machine on the computer network.,"not about flexibility, workload, efficiency, or optimize","not about flexibility, workload, efficiency, or optimize",0.0867566242814064
The product will function alongside server software on any operating system where the Java runtime can be installed.,"not about flexibility, workload, efficiency, or optimize","not about flexibility, workload, efficiency, or optimize",0.09142910689115524
The product will require collaboration with a database management system (DBMS).  The DBMS may be located on the same machine as the product or on a separate machine residing on the same computer network.,"not about flexibility, workload, efficiency, or optimize","not about flexibility, workload, efficiency, or optimize",0.1382724791765213
 The product must make use of web/application server technology.  Open source examples include Apache web server  Tomcat  and the JBoss application server.,"not about flexibility, workload, efficiency, or optimize","not about flexibility, workload, efficiency, or optimize",0.1120310053229332
 A database management system such as Oracle  DB2  MySql or HSQL will need to be integrated with the product.,"not about flexibility, workload, efficiency, or optimize","not about flexibility, workload, efficiency, or optimize",0.1350027620792389
 The product’s Look and Feel shall be able to incorporate aspects of the customer’s organization such as logo  branding  and identity,"not about flexibility, workload, efficiency, or optimize","not about flexibility, workload, efficiency, or optimize",0.20368988811969757
The product shall have a conservative and professional appearance.,"not about flexibility, workload, efficiency, or optimize","flexibility, workload, efficiency, or optimize",0.23499858379364014
The product shall make the users want to use it. 80% of the users surveyed report they are regularly using the product after the first 2 weeks post-launch.,"not about flexibility, workload, efficiency, or optimize","not about flexibility, workload, efficiency, or optimize",0.14286652207374573
The product shall be easy to use. 90% of users will be able to successfully reserve a conference room within 5 minutes of product use.,"not about flexibility, workload, efficiency, or optimize","not about flexibility, workload, efficiency, or optimize",0.20457205176353455
The product shall give users feedback when necessary. 80% of the users surveyed report that the product accurately confirms their actions.,"not about flexibility, workload, efficiency, or optimize","not about flexibility, workload, efficiency, or optimize",0.11944334208965302
The product shall allow the user to select a chosen language from one of the target market countries.,"not about flexibility, workload, efficiency, or optimize","not about flexibility, workload, efficiency, or optimize",0.1425636112689972
The product shall allow for customization of start page and views preferences.,"not about flexibility, workload, efficiency, or optimize","not about flexibility, workload, efficiency, or optimize",0.18695679306983948
 An employee will be able to successfully use the product within a few minutes.  After informally navigating the product for less than 15 minutes  users shall be able to successfully setup meetings and reserve conference rooms.,"not about flexibility, workload, efficiency, or optimize","not about flexibility, workload, efficiency, or optimize",0.19128954410552979
The product shall use a standard navigation menu familiar to most web users.,"not about flexibility, workload, efficiency, or optimize","not about flexibility, workload, efficiency, or optimize",0.06184963509440422
The product shall allow for intuitive searching of available conference rooms.,"not about flexibility, workload, efficiency, or optimize","not about flexibility, workload, efficiency, or optimize",0.20800326764583588
The product shall conform to the Americans with Disabilities Act.,"not about flexibility, workload, efficiency, or optimize","flexibility, workload, efficiency, or optimize",0.1504518836736679
The response shall be fast enough to avoid interrupting the user’s flow of thought.  90% of tasks shall complete within 5 seconds.  98% of tasks shall complete within 8 seconds.,"not about flexibility, workload, efficiency, or optimize","not about flexibility, workload, efficiency, or optimize",0.22727692127227783
 Aside from server failure  the software product shall achieve 99.99% up time.,"not about flexibility, workload, efficiency, or optimize","not about flexibility, workload, efficiency, or optimize",0.22526007890701294
The product shall create an exception log of problems encountered within the product for transmission to our company for analysis and resolution.,"not about flexibility, workload, efficiency, or optimize","not about flexibility, workload, efficiency, or optimize",0.1718655228614807
 The product shall be capable of handling up to 1 000 concurrent requests.  This number will increase to 2 000 by Release 2.  The concurrency capacity must be able to handle peak scheduling times such as early morning and late afternoon hours.,"flexibility, workload, efficiency, or optimize","flexibility, workload, efficiency, or optimize",0.15375053882598877
 The product shall be able to process 10 000 transactions per hour within two years of its launch.  This number will increase to 20 000 by Release 2.,"flexibility, workload, efficiency, or optimize","not about flexibility, workload, efficiency, or optimize",0.1626570224761963
The product shall be expected to operate for at least 5 years for each customer installation.,"flexibility, workload, efficiency, or optimize","not about flexibility, workload, efficiency, or optimize",0.11039121448993683
The product shall be used in office environments.,"not about flexibility, workload, efficiency, or optimize","flexibility, workload, efficiency, or optimize",0.30184313654899597
The product must be able to interface with any HTML browser.  The product shall transmit data between the user and the product without problems. The product shall display HTML properly in 80% of all HTML browsers tested (minimum is to test 8 browsers).,"not about flexibility, workload, efficiency, or optimize","not about flexibility, workload, efficiency, or optimize",0.10845692455768585
The product must be able to interface with various database management systems. The product shall communicate successfully with the database management system on 100% of all transactions.,"not about flexibility, workload, efficiency, or optimize","not about flexibility, workload, efficiency, or optimize",0.15935422480106354
The product must be able to interface with various email servers. The product shall be able to send email.,"not about flexibility, workload, efficiency, or optimize","not about flexibility, workload, efficiency, or optimize",0.19023364782333374
The product shall be available for distribution via the Internet as a binary or ZIP file.,"not about flexibility, workload, efficiency, or optimize","not about flexibility, workload, efficiency, or optimize",0.09566476196050644
The product shall be available for distribution as a packaged CD.,"not about flexibility, workload, efficiency, or optimize","flexibility, workload, efficiency, or optimize",0.07880998402833939
 The product will be available for licensing as a one-server  two-five servers  or five-or-more servers license.,"not about flexibility, workload, efficiency, or optimize","not about flexibility, workload, efficiency, or optimize",0.0969083234667778
A new user must be able to be added to the system within 10 minutes.  90% of new users are able to log into the system within 10 minutes.,"not about flexibility, workload, efficiency, or optimize","flexibility, workload, efficiency, or optimize",-0.010397497564554214
The product must be designed using Design Patterns and coding best practices.  90% of maintenance software developers are able to integrate new functionality into the product with 2 working days.,"not about flexibility, workload, efficiency, or optimize","flexibility, workload, efficiency, or optimize",0.21509946882724762
The product must be highly configurable for use with various database management systems for the end users.  80% of end users are able to integrate new database management systems with the product without changing the product’s software code.,"not about flexibility, workload, efficiency, or optimize","not about flexibility, workload, efficiency, or optimize",0.12180095165967941
Maintenance releases will be offered to customers once a year.  The releases shall take no longer than 5 minutes for 80% of the customer base to install.,"not about flexibility, workload, efficiency, or optimize","flexibility, workload, efficiency, or optimize",0.08511179685592651
Every registered user will have access to the product’s support site via the Internet.  70% of registered users shall find a solution to their problem within 5 minutes of using the support site.,"not about flexibility, workload, efficiency, or optimize","not about flexibility, workload, efficiency, or optimize",0.15430273115634918
The customer shall be able to easily integrate new building maps with the product throughout the product’s lifecycle.  Integration of new maps with the product shall be possible with little to no support from product support staff.,"not about flexibility, workload, efficiency, or optimize","not about flexibility, workload, efficiency, or optimize",0.13246729969978333
 The product shall be translated into foreign languages other than the target market countries’ languages in future releases.  For each emerging target market  it shall take no more than 5 days to configure the product for that market’s language.,"not about flexibility, workload, efficiency, or optimize","not about flexibility, workload, efficiency, or optimize",0.09732858836650848
 The product is expected to integrate with multiple database management systems.  The product will operate with Oracle  SQL Server  DB2  MySQL  HSQL  and MS Access.,"not about flexibility, workload, efficiency, or optimize","flexibility, workload, efficiency, or optimize",0.1263556182384491
The product shall be able to be installed in any operating environment within 2 days.,"not about flexibility, workload, efficiency, or optimize","not about flexibility, workload, efficiency, or optimize",0.08305242657661438
The product shall ensure that only company employees or external users with company-approved user IDs may have product access.  100% of all logons shall be by either company employees or external users with company-approved user IDs.,"not about flexibility, workload, efficiency, or optimize","not about flexibility, workload, efficiency, or optimize",0.09499827027320862
Only managers are able to perform search queries for reservations by user.  100% of all search queries for reservations by user shall be from logons of only management logons.,"not about flexibility, workload, efficiency, or optimize","not about flexibility, workload, efficiency, or optimize",0.14497166872024536
The product shall ensure that the database’s data corresponds to the data entered by the user.  Each conference room reservation in the system will contain the same information as was entered by the user.,"not about flexibility, workload, efficiency, or optimize","flexibility, workload, efficiency, or optimize",0.13814795017242432
The product shall prevent the input of malicious data.  The product and/or adjacent hardware/software systems’ data shall remain 100% uncorrupted each time malicious data is input into the product.,"not about flexibility, workload, efficiency, or optimize","not about flexibility, workload, efficiency, or optimize",0.16161854565143585
The product and/or dependent databases/filesystems shall remain operational as a result of the input of malicious data.  The product and/or dependent databases/filesystems shall not crash 100% of the time that malicious data is input into the product.,"not about flexibility, workload, efficiency, or optimize","not about flexibility, workload, efficiency, or optimize",0.12681783735752106
The product shall have the ability to receive automatic software updates as new threats emerge.  100% of customers will be able to receive automatic software updates transmitted to the installed product.,"not about flexibility, workload, efficiency, or optimize","not about flexibility, workload, efficiency, or optimize",0.014793433248996735
The language of the product shall accommodate all of the target market countries. 90% of survey respondents from each target market country will find that the language of the product is acceptable.,"flexibility, workload, efficiency, or optimize","not about flexibility, workload, efficiency, or optimize",0.0969303548336029
The product shall be able to display calendar dates and times according to the user’s locale.  90% of survey respondents from each target market country will find that the date and time formatting of the product is correct.,"not about flexibility, workload, efficiency, or optimize","flexibility, workload, efficiency, or optimize",0.058578748255968094
The product must be developed with the J2SE/J2EE programming language libraries,"not about flexibility, workload, efficiency, or optimize","not about flexibility, workload, efficiency, or optimize",0.21655064821243286
Recreation of Inventory Quantity Adjustment for the period of previous 30 days shall take no more than 30min.,"not about flexibility, workload, efficiency, or optimize","not about flexibility, workload, efficiency, or optimize",0.16230233013629913
The System shall allow for a minimum of  6 users to work at the same time.,"not about flexibility, workload, efficiency, or optimize","not about flexibility, workload, efficiency, or optimize",0.2657645344734192
The System shall utilize currently owned computer equipment.,"not about flexibility, workload, efficiency, or optimize","flexibility, workload, efficiency, or optimize",0.2389313280582428
The System shall be able to automatically backup business data and restore them on demand.,"not about flexibility, workload, efficiency, or optimize","not about flexibility, workload, efficiency, or optimize",0.1138223335146904
The System shall maintain consistent security.  Any changes in user passwords and/or permissions should take affect in all parts of the System.,"not about flexibility, workload, efficiency, or optimize","flexibility, workload, efficiency, or optimize",0.09076964855194092
The System shall granularly control access rights to all major subsystems.  It should be possible to assign access rights to all subsystems independently.,"not about flexibility, workload, efficiency, or optimize","flexibility, workload, efficiency, or optimize",0.08529477566480637
The System shall meet all applicable accounting standards.  The final version of the System must successfully pass independent audit performed by a certified auditor.,"not about flexibility, workload, efficiency, or optimize","flexibility, workload, efficiency, or optimize",0.042524080723524094
The System shall not require additional third party licenses resulting in royalty fees.,"not about flexibility, workload, efficiency, or optimize","not about flexibility, workload, efficiency, or optimize",0.11876233667135239
Administrator shall be able to activate a pre-paid card via the Administration section in under 5 seconds.,"not about flexibility, workload, efficiency, or optimize","flexibility, workload, efficiency, or optimize",0.0235515795648098
 Customer shall be able to check the status of their prepaid card  by entering in the PIN number  in under 5 seconds.,"not about flexibility, workload, efficiency, or optimize","not about flexibility, workload, efficiency, or optimize",0.027111869305372238
System shall let customers register on the website as a “pay as you go” user in under 5 minutes.,"not about flexibility, workload, efficiency, or optimize","not about flexibility, workload, efficiency, or optimize",0.06374174356460571
System shall let customers register on the website as a “unlimited movie subscriber” user in under 10 minutes.,"not about flexibility, workload, efficiency, or optimize","not about flexibility, workload, efficiency, or optimize",0.0585947148501873
System shall let existing customers log into the website with their email address and password in under 5 seconds.,"not about flexibility, workload, efficiency, or optimize","not about flexibility, workload, efficiency, or optimize",0.1087547093629837
 System shall let customers cancel their account  process shall take no longer than 2 minutes.  Database will mark the account as inactive  and user will not be able to log into the website.,"not about flexibility, workload, efficiency, or optimize","flexibility, workload, efficiency, or optimize",0.0780332013964653
System shall let administrator de-activate a customer account in under 1 minute. Customer will no longer be able to access the website.,"not about flexibility, workload, efficiency, or optimize","flexibility, workload, efficiency, or optimize",0.08307960629463196
System shall let administrator add/remove movies on the website in under 5 minutes.  Entered movie information will be stored in the database and will now be available on the website.,"not about flexibility, workload, efficiency, or optimize","not about flexibility, workload, efficiency, or optimize",0.0123489610850811
System shall let the administrator add/remove categories on the website in under 5 minutes.,"not about flexibility, workload, efficiency, or optimize","not about flexibility, workload, efficiency, or optimize",0.058699190616607666
System shall let Izogn Manager access sales and usage statistics in under 2 minutes.,"not about flexibility, workload, efficiency, or optimize","not about flexibility, workload, efficiency, or optimize",0.2806147336959839
System shall let administrators generate unique pre-paid pins in under 2 minutes and generate an Excel file with the generated PINs.,"not about flexibility, workload, efficiency, or optimize","not about flexibility, workload, efficiency, or optimize",0.18239693343639374
The website shall be attractive to all audiences.  The website shall appear to be fun and the colors should be bright and vibrant.,"not about flexibility, workload, efficiency, or optimize","not about flexibility, workload, efficiency, or optimize",0.134662464261055
 The website should have an African feel  but should not alienate non-Africans.  The website should use animation on pages which are describing the services  to grab the users attention and encourage them to sign up.,"not about flexibility, workload, efficiency, or optimize","not about flexibility, workload, efficiency, or optimize",0.0571756549179554
 The website design should be modern  clean  and concise.,"not about flexibility, workload, efficiency, or optimize","not about flexibility, workload, efficiency, or optimize",0.2207200676202774
The product should be able to be used by 90% of novice users on the Internet.,"not about flexibility, workload, efficiency, or optimize","not about flexibility, workload, efficiency, or optimize",0.20645037293434143
 Users should only have to navigate through a maximum of 4 pages  to create an account with the website.,"not about flexibility, workload, efficiency, or optimize","not about flexibility, workload, efficiency, or optimize",0.10367780923843384
Users should be able to access their streaming movies in under 2 clicks after logging into the website.,"not about flexibility, workload, efficiency, or optimize","not about flexibility, workload, efficiency, or optimize",0.019894978031516075
An anonymous survey will show that 70% of customers are comfortable purchasing streaming movies after 2 weeks using the website.,"not about flexibility, workload, efficiency, or optimize","not about flexibility, workload, efficiency, or optimize",0.08712001144886017
An anonymous survey will show that 95% of customers are comfortable using and purchasing pre-paid cards after a month of using the system.,"not about flexibility, workload, efficiency, or optimize","not about flexibility, workload, efficiency, or optimize",0.11468811333179474
The product shall retain the customer’s buying preferences and information.,"not about flexibility, workload, efficiency, or optimize","flexibility, workload, efficiency, or optimize",0.24840009212493896
The product shall be easy for customers with novice skills on the  Internet to purchase and watch streaming movies.  Customers should be able to purchase and watch a pre-determined movie in under 3 minutes.,"not about flexibility, workload, efficiency, or optimize","not about flexibility, workload, efficiency, or optimize",0.09341567754745483
The product shall use symbols and words that are naturally understandable by users familiar with websites,"not about flexibility, workload, efficiency, or optimize","not about flexibility, workload, efficiency, or optimize",0.1886301338672638
The website will use standard Internet conventions when interacting with the user.,"not about flexibility, workload, efficiency, or optimize","not about flexibility, workload, efficiency, or optimize",0.07507237046957016
 Any interface between a user and the automated system shall have a maximum response time of 5 seconds  unless noted by an exception below.,"not about flexibility, workload, efficiency, or optimize","not about flexibility, workload, efficiency, or optimize",0.19558262825012207
 When purchasing a streaming movie or pre-paid card via credit card  the processing time should have a maximum response time of 15 seconds.,"not about flexibility, workload, efficiency, or optimize","not about flexibility, workload, efficiency, or optimize",0.06905142217874527
 When streaming a movie  the buffering time should take no longer than 10 seconds (plus any latency on the user’s connection.),"not about flexibility, workload, efficiency, or optimize","not about flexibility, workload, efficiency, or optimize",0.06014928221702576
 While streaming a movie  buffering should only occur if there is latency in the user’s connection.,"not about flexibility, workload, efficiency, or optimize","not about flexibility, workload, efficiency, or optimize",0.07809151709079742
 All credit card information will be secured on the server  and only accessible by authorized Izogn administrators.  Information will be encrypted in the database.,"not about flexibility, workload, efficiency, or optimize","flexibility, workload, efficiency, or optimize",0.04435088485479355
 The website shall be available for use 24 hours per day  365 days per year.,"not about flexibility, workload, efficiency, or optimize","flexibility, workload, efficiency, or optimize",0.21441128849983215
The website shall achieve 99.5% up time.,"not about flexibility, workload, efficiency, or optimize","not about flexibility, workload, efficiency, or optimize",0.2022160440683365
 All movies shall be streamed on demand  at any time of the day.,"not about flexibility, workload, efficiency, or optimize","flexibility, workload, efficiency, or optimize",0.03471262753009796
The website shall continue to operate if the streaming server goes down.,"not about flexibility, workload, efficiency, or optimize","flexibility, workload, efficiency, or optimize",0.04365328326821327
The website shall continue to operate if the payment gateway goes down.,"not about flexibility, workload, efficiency, or optimize","flexibility, workload, efficiency, or optimize",0.02175787463784218
The streaming server will support 50 simultaneous streaming connections.,"flexibility, workload, efficiency, or optimize","flexibility, workload, efficiency, or optimize",0.14709040522575378
The streaming server will support a maximum of 700 movies  new servers can be added to support more movies.,"flexibility, workload, efficiency, or optimize","not about flexibility, workload, efficiency, or optimize",0.0725347101688385
 The server will support a maximum of 1 000 simultaneous users.,"flexibility, workload, efficiency, or optimize","not about flexibility, workload, efficiency, or optimize",0.14940674602985382
 The website shall be capable of supporting 100 000 customers.,"flexibility, workload, efficiency, or optimize","not about flexibility, workload, efficiency, or optimize",0.08584924042224884
The product shall be expected to operate within the maximum maintenance budget for a minimum of 2 years.,"not about flexibility, workload, efficiency, or optimize","not about flexibility, workload, efficiency, or optimize",0.19706937670707703
All aspects of the website shall be accessed by a web browser over the Internet.,"not about flexibility, workload, efficiency, or optimize","flexibility, workload, efficiency, or optimize",0.12958559393882751
The same hardware supporting the current website will be used to support the new system.,"not about flexibility, workload, efficiency, or optimize","flexibility, workload, efficiency, or optimize",0.14510931074619293
 We must be able to interface with the following browsers: IE 5.X  6.0  Netscape 6.x  7.x  8.x and Firefox 1.0.,"not about flexibility, workload, efficiency, or optimize","not about flexibility, workload, efficiency, or optimize",0.11567309498786926
Website must interface with the CyberSource API to process credit card transactions.,"not about flexibility, workload, efficiency, or optimize","not about flexibility, workload, efficiency, or optimize",0.0732167661190033
Website must be fully operational with MSN TV2.,"not about flexibility, workload, efficiency, or optimize","flexibility, workload, efficiency, or optimize",0.07111510634422302
Movies shall be encoded and streamed via Windows Media Player 9.0.,"not about flexibility, workload, efficiency, or optimize","not about flexibility, workload, efficiency, or optimize",-0.017702365294098854
Movies shall be encoded for 56k and 256k streams.,"not about flexibility, workload, efficiency, or optimize","not about flexibility, workload, efficiency, or optimize",0.12257737666368484
Promotional updates to the website should take a day to update.,"not about flexibility, workload, efficiency, or optimize","flexibility, workload, efficiency, or optimize",0.05868205055594444
Izogn Administrator must be able to update the category listings on the website within 2 minutes.,"not about flexibility, workload, efficiency, or optimize","not about flexibility, workload, efficiency, or optimize",0.04088302701711655
Izogn Administrator must be able to add new products to the website within 2 minutes.,"not about flexibility, workload, efficiency, or optimize","not about flexibility, workload, efficiency, or optimize",0.12861722707748413
The system will provide a 24 hour 800 toll free number for support to its customers.,"not about flexibility, workload, efficiency, or optimize","flexibility, workload, efficiency, or optimize",0.0712733343243599
The website will provide a help section with answers and solutions to common problems.,"not about flexibility, workload, efficiency, or optimize","not about flexibility, workload, efficiency, or optimize",0.20204657316207886
 Velkat staff will be available for phone support between 7am-7pm  M-F to provide technical support to the Izogn administrators.,"not about flexibility, workload, efficiency, or optimize","not about flexibility, workload, efficiency, or optimize",0.11693620681762695
The product shall be able to be installed in the specified environment within 1 working day.,"not about flexibility, workload, efficiency, or optimize","not about flexibility, workload, efficiency, or optimize",0.1487089991569519
Only registered customers can purchase streaming movies.,"not about flexibility, workload, efficiency, or optimize","not about flexibility, workload, efficiency, or optimize",0.017397141084074974
 A customer can only stream a movie if they purchased it  and are within the 2 day viewing period.,"not about flexibility, workload, efficiency, or optimize","not about flexibility, workload, efficiency, or optimize",0.09017281234264374
Only authorized personnel can access customer records in the database.,"not about flexibility, workload, efficiency, or optimize","not about flexibility, workload, efficiency, or optimize",0.0810675397515297
Only administrators can activate a pre-paid card.,"not about flexibility, workload, efficiency, or optimize","not about flexibility, workload, efficiency, or optimize",0.04647441953420639
Only authorized personnel can access sales information.,"not about flexibility, workload, efficiency, or optimize","flexibility, workload, efficiency, or optimize",0.12094731628894806
The website shall prevent its data from being corrupted when incorrect data is entered in.,"not about flexibility, workload, efficiency, or optimize","not about flexibility, workload, efficiency, or optimize",0.0344485305249691
 The website shall protect itself from intentional abuse  and notify the administrator at all occurrences.,"not about flexibility, workload, efficiency, or optimize","flexibility, workload, efficiency, or optimize",0.0007620900869369507
Data integrity scripts will be run on a weekly basis to verify the integrity of the database.,"not about flexibility, workload, efficiency, or optimize","flexibility, workload, efficiency, or optimize",0.0641508549451828
 The website shall make its user aware of its information practices before collection data from them via a Privacy Policy  accessible on all pages of the website.,"not about flexibility, workload, efficiency, or optimize","not about flexibility, workload, efficiency, or optimize",0.11465223878622055
The system shall notify customers of changes to its information policy.,"not about flexibility, workload, efficiency, or optimize","flexibility, workload, efficiency, or optimize",0.06761325895786285
The system shall reveal private information only in compliance with the organization’s information policy.,"not about flexibility, workload, efficiency, or optimize","flexibility, workload, efficiency, or optimize",0.11389518529176712
 All customer information will be stored on a secure database  accessible only to authorized personnel.,"not about flexibility, workload, efficiency, or optimize","not about flexibility, workload, efficiency, or optimize",0.08829709142446518
All credit card information will be encrypted in the database.,"not about flexibility, workload, efficiency, or optimize","flexibility, workload, efficiency, or optimize",0.02063174545764923
The streaming server will have anti-virus software to prevent infection of malicious viruses.,"not about flexibility, workload, efficiency, or optimize","not about flexibility, workload, efficiency, or optimize",0.05357282981276512
The website should cater to all tribes in Nigeria.,"not about flexibility, workload, efficiency, or optimize","not about flexibility, workload, efficiency, or optimize",0.08400681614875793
The website shall not be offensive to religious or ethnic groups.,"not about flexibility, workload, efficiency, or optimize","not about flexibility, workload, efficiency, or optimize",0.03332063928246498
 The website should appeal to all Africans  not only Nigerians.,"not about flexibility, workload, efficiency, or optimize","not about flexibility, workload, efficiency, or optimize",0.0033910758793354034
The website should use Flash to provide animation on the home page.,"not about flexibility, workload, efficiency, or optimize","not about flexibility, workload, efficiency, or optimize",0.05544055998325348
IzognMovies shall meet the licensing requirements set forth by the appropriate organizations in order to stream African movies.,"not about flexibility, workload, efficiency, or optimize","not about flexibility, workload, efficiency, or optimize",0.01813775673508644
The website will comply with W3C standards.,"not about flexibility, workload, efficiency, or optimize","flexibility, workload, efficiency, or optimize",0.08535632491111755
The PHP code will comply with PEAR standards.,"not about flexibility, workload, efficiency, or optimize","flexibility, workload, efficiency, or optimize",0.12986066937446594
Total lead cycle time must be completed in 5 minutes for 90% of lead volume between the business hours of 8AM CST to 8PM CST  then 3 minutes for 99% of lead volume during off business hours.,"not about flexibility, workload, efficiency, or optimize","flexibility, workload, efficiency, or optimize",0.06372210383415222
No lead evaluation will complete in a time period longer than 25 seconds for 97% of all leads processed.,"not about flexibility, workload, efficiency, or optimize","not about flexibility, workload, efficiency, or optimize",0.13951215147972107
For leads that process longer than 25 seconds the system will record the event and duration,"not about flexibility, workload, efficiency, or optimize","not about flexibility, workload, efficiency, or optimize",0.12977953255176544
The process must fit within the processing time conditions set forth by the Auto Rep Assignment process in which a lead is assigned within 3 minutes of the total life cycle.,"not about flexibility, workload, efficiency, or optimize","flexibility, workload, efficiency, or optimize",0.1342100203037262
The lead washing process will operate within the established physical web service structure.,"not about flexibility, workload, efficiency, or optimize","not about flexibility, workload, efficiency, or optimize",0.13106784224510193
 The washing process must use a non binding  neutral data format  such as xml  when receiving and processing lead data.,"not about flexibility, workload, efficiency, or optimize","not about flexibility, workload, efficiency, or optimize",0.1431470662355423
Defect reports will be available to technical units on a 24x7 basis.,"not about flexibility, workload, efficiency, or optimize","not about flexibility, workload, efficiency, or optimize",0.24702197313308716
Washing parameters will be updated during scheduled maintenance hours.,"not about flexibility, workload, efficiency, or optimize","flexibility, workload, efficiency, or optimize",0.24605898559093475
The product shall simulate the look of ships at sea.,"not about flexibility, workload, efficiency, or optimize","not about flexibility, workload, efficiency, or optimize",0.08389300107955933
The product shall display the grids within a circle as a view from a periscope.,"not about flexibility, workload, efficiency, or optimize","not about flexibility, workload, efficiency, or optimize",0.13986630737781525
The product shall display each type of ship in a grid using an image of the specific type of ship.,"not about flexibility, workload, efficiency, or optimize","not about flexibility, workload, efficiency, or optimize",0.18388722836971283
 When the offensive player takes a shot  the product shall simulate the sound of a ship at sea.,"not about flexibility, workload, efficiency, or optimize","not about flexibility, workload, efficiency, or optimize",0.09656660258769989
 When a shot is marked as a miss  the product shall simulate the sound of a shot missing its target.,"not about flexibility, workload, efficiency, or optimize","not about flexibility, workload, efficiency, or optimize",0.008665494620800018
 When a shot is marked as a hit  the product shall simulate the sound of a shot hitting its target.,"not about flexibility, workload, efficiency, or optimize","not about flexibility, workload, efficiency, or optimize",0.046329062432050705
 When a ship is sunk  the product shall simulate the sound of a sinking ship.,"not about flexibility, workload, efficiency, or optimize","not about flexibility, workload, efficiency, or optimize",0.06411167979240417
 The product shall be available 24 hours per day  seven days per week.,"not about flexibility, workload, efficiency, or optimize","flexibility, workload, efficiency, or optimize",0.23270630836486816
The product shall able to handle a large number of games simultaneously.,"not about flexibility, workload, efficiency, or optimize","not about flexibility, workload, efficiency, or optimize",0.24367022514343262
The response time shall be fast enough to maintain the flow of the game.  The response time shall be no more than 2 seconds for 95% of responses and no more than 4% for the remaining responses.,"not about flexibility, workload, efficiency, or optimize","not about flexibility, workload, efficiency, or optimize",0.1426372081041336
The product shall protect the identity of the players. The product shall provide players no access to information that might reveal the identity of another player.,"not about flexibility, workload, efficiency, or optimize","not about flexibility, workload, efficiency, or optimize",0.08754520118236542
The product shall be intuitive and self-explanatory.  Nine out ten users shall be able to successfully complete a game with no training.,"not about flexibility, workload, efficiency, or optimize","not about flexibility, workload, efficiency, or optimize",0.2693840563297272
 The product shall be available to players who understand English  Spanish and French.  The product shall allow the user to select the language upon accessing the product.,"not about flexibility, workload, efficiency, or optimize","flexibility, workload, efficiency, or optimize",0.12587548792362213
The product shall provide players no access to information that might reveal the identity of another player,"not about flexibility, workload, efficiency, or optimize","not about flexibility, workload, efficiency, or optimize",0.062400951981544495
The response time shall be fast enough to maintain the flow of the game. The response time shall be no more than 2 seconds for 95% of responses and no more than 4% for the remaining responses.,"not about flexibility, workload, efficiency, or optimize","not about flexibility, workload, efficiency, or optimize",0.1426372081041336
The system shall be easy to use by callers and supervisors. Callers and supervisors must be able to accomplish any system task within 2 minutes.,"not about flexibility, workload, efficiency, or optimize","not about flexibility, workload, efficiency, or optimize",0.27281486988067627
The system shall be easy to learn by callers and supervisors. Callers and supervisors shall learn how to use the system within 10 minutes.,"not about flexibility, workload, efficiency, or optimize","not about flexibility, workload, efficiency, or optimize",0.23698419332504272
 The system shall be responsive. At the DePaul TeleServices Center  when a supervisor uses the system to view a callers schedule  the system response time must be no more than 2 seconds 90% of the time and no more than 5 seconds the rest of the time.,"not about flexibility, workload, efficiency, or optimize","flexibility, workload, efficiency, or optimize",0.1854000985622406
 On a 56k connection  the system response time for all operations must be no more than 6 seconds 90% of the time.,"not about flexibility, workload, efficiency, or optimize","not about flexibility, workload, efficiency, or optimize",0.1848134547472
 On a 112k connection or faster  the system response time for all operations must be no more than 3 seconds 90% of the time.,"not about flexibility, workload, efficiency, or optimize","not about flexibility, workload, efficiency, or optimize",0.16832397878170013
The system shall have high availability every day of the year.The system must be available for use between 12:00AM and 6:00PM all days of the year.,"not about flexibility, workload, efficiency, or optimize","flexibility, workload, efficiency, or optimize",0.13946792483329773
The system must be available for use between 7:00AM and 11:59PM all days of the year.,"not about flexibility, workload, efficiency, or optimize","not about flexibility, workload, efficiency, or optimize",0.15987715125083923
The product shall be internet browser independent.The product must run using Internet Explorer and Netscape Navigator.,"not about flexibility, workload, efficiency, or optimize","not about flexibility, workload, efficiency, or optimize",0.12023191899061203
The product shall ensure that only supervisors can advertise empty time slots.The product must ensure that supervisors are allowed to access advertise empty time slots.,"not about flexibility, workload, efficiency, or optimize","flexibility, workload, efficiency, or optimize",0.15963488817214966
The product shall ensure that only supervisors can enter a caller’s schedule.The product must ensure that supervisors are allowed to access advertise empty time slots.,"not about flexibility, workload, efficiency, or optimize","flexibility, workload, efficiency, or optimize",0.19308942556381226
The product shall ensure that only supervisors can view schedule of all callers.The product must ensure that supervisors are allowed to access advertise empty time slots.,"not about flexibility, workload, efficiency, or optimize","flexibility, workload, efficiency, or optimize",0.18758714199066162
 The interface shall have a simple look. In the interface and usability survey  90% of beta testers must report that the interface is adequately simple.,"not about flexibility, workload, efficiency, or optimize","not about flexibility, workload, efficiency, or optimize",0.19900788366794586
 The interface shall be appealing to callers and supervisors. In the interface and usability survey  80% of beta testers must report that the interface is appealing.,"not about flexibility, workload, efficiency, or optimize","not about flexibility, workload, efficiency, or optimize",0.18380072712898254
The product shall provide GUI based Monitoring Services.System Administrators shall monitor message exchanges will predict and determine problems and will also provide internal and external support.,"not about flexibility, workload, efficiency, or optimize","not about flexibility, workload, efficiency, or optimize",0.12149898707866669
The product shall comply with City of Chicago Application Development Guide Framework.Application Development Framework will provide structured Graphical User Interface.,"not about flexibility, workload, efficiency, or optimize","not about flexibility, workload, efficiency, or optimize",0.12866446375846863
The product shall provide Monitoring Services.The product shall be easy for System Administrators and DBAs to use after two weeks of usage.,"not about flexibility, workload, efficiency, or optimize","not about flexibility, workload, efficiency, or optimize",0.22787055373191833
The product shall provide Error Tracking Services.The product shall help the System Administrators and DBAs to resolve transaction errors 99% of the time.,"not about flexibility, workload, efficiency, or optimize","not about flexibility, workload, efficiency, or optimize",0.14238514006137848
The product shall provide Portals.The product shall help System Administrators to analyze the transactions with ad-hoc reporting and KPIs (Key Performance Indicators),"not about flexibility, workload, efficiency, or optimize","not about flexibility, workload, efficiency, or optimize",0.27128949761390686
The product shall provide Asynchronous Messaging.The product shall provide asynchronous messaging to enable parallel processing and reduce the overhead in communications,"not about flexibility, workload, efficiency, or optimize","not about flexibility, workload, efficiency, or optimize",0.22773377597332
The product shall provide Multi-threading and Load Balancing.The product shall provide multi-threading technology as well as load balancing to overcome data load spikes and traffic.,"not about flexibility, workload, efficiency, or optimize","not about flexibility, workload, efficiency, or optimize",0.24314770102500916
The product shall process messages within 2 seconds.The product shall have a maximum message processing time of 2 seconds,"not about flexibility, workload, efficiency, or optimize","flexibility, workload, efficiency, or optimize",0.23653386533260345
The product shall poll the system for messages every second.The product shall poll the system for new messages at a maximum of every 1 second.,"not about flexibility, workload, efficiency, or optimize","not about flexibility, workload, efficiency, or optimize",0.1829998940229416
The product shall provide Dynamic Change Support and Transparent resource addition.The product shall support Transparent Resource addition and Dynamic Change support to provide scalability and avoid service interruptions of more than 1 day.,"not about flexibility, workload, efficiency, or optimize","flexibility, workload, efficiency, or optimize",0.2719682455062866
The product shall be available 99% of the time. Rationale: To avoid service interruption during busiest customer service response periods. The product shall be available 99.99% of the time for regular business days.,"not about flexibility, workload, efficiency, or optimize","not about flexibility, workload, efficiency, or optimize",0.1261458396911621
The product shall be robust.The product shall have fault avoidance based on standards adoption.,"not about flexibility, workload, efficiency, or optimize","flexibility, workload, efficiency, or optimize",0.20556139945983887
The product shall be robust with fault tolerance.The product shall have fault tolerance by using recovery technique compensatory transaction and routing around failures.,"not about flexibility, workload, efficiency, or optimize","not about flexibility, workload, efficiency, or optimize",0.14713646471500397
The product shall be able to process all transactions.The product shall process minimum of 1 million transactions per year.,"flexibility, workload, efficiency, or optimize","not about flexibility, workload, efficiency, or optimize",0.2494523823261261
The product shall be platform independent.The product shall enable access to any type of development environment and platform.,"not about flexibility, workload, efficiency, or optimize","not about flexibility, workload, efficiency, or optimize",0.26234424114227295
The product shall interface CSR and Datastream.The product shall exchange messages between CSR and EAM on a real time basis without any direct interfaces between two systems.,"not about flexibility, workload, efficiency, or optimize","not about flexibility, workload, efficiency, or optimize",0.139241561293602
 : The product shall continue to operate during upgrade  change or new resource addition.The product shall be able to continue to operate with no interruption in service due to new resource additions.,"not about flexibility, workload, efficiency, or optimize","flexibility, workload, efficiency, or optimize",0.25849393010139465
The product shall be updated on a regular basis.The product will have a new major feature introduced every six months and quarterly maintenance releases every six months.,"not about flexibility, workload, efficiency, or optimize","flexibility, workload, efficiency, or optimize",0.09534530341625214
The product shall operate with every platform.The product shall accommodate any new technology without any change in its architecture.,"not about flexibility, workload, efficiency, or optimize","not about flexibility, workload, efficiency, or optimize",0.22941803932189941
 The product shall have security.The product shall provide authentication  and authorization.,"not about flexibility, workload, efficiency, or optimize","flexibility, workload, efficiency, or optimize",0.1738787591457367
The product shall information Security. The product shall enable privacy by encryption WS-Security and Integrity Checking.,"not about flexibility, workload, efficiency, or optimize","not about flexibility, workload, efficiency, or optimize",0.1882493793964386
The product shall have audit capabilities.The product shall store messages for a minimum of one year for audit and transaction tracking purposes.,"not about flexibility, workload, efficiency, or optimize","not about flexibility, workload, efficiency, or optimize",0.0766727551817894
The system shall use IBM and CCR branding standards. The interface must have one IBM logo and one CCR logo.,"not about flexibility, workload, efficiency, or optimize","not about flexibility, workload, efficiency, or optimize",0.1090279072523117
The system shall be displayable on any work computer a CCR user may have. The system interface shall be formatted to display at 800 by 600 pixel resolution.,"not about flexibility, workload, efficiency, or optimize","flexibility, workload, efficiency, or optimize",0.11607593297958374
The system interface will use CCR nomenclature. The system must use the same nomenclature used in the existing WCS system and reports,"not about flexibility, workload, efficiency, or optimize","flexibility, workload, efficiency, or optimize",0.10258606821298599
The interface must summarize the data in a fashion that’s appealing to CCR management. Every report type must have at least one high level summary shown in the results dashboard/interface,"not about flexibility, workload, efficiency, or optimize","flexibility, workload, efficiency, or optimize",0.09902432560920715
The system must use a point and click interface. 100% of all selection and navigation functionality must be able to be activated/selected by either a mouse or a keyboard,"not about flexibility, workload, efficiency, or optimize","not about flexibility, workload, efficiency, or optimize",0.08382702618837357
The interface shall be easy to use. 90% of users should be able to successfully use the system to generate a report on their first use. The interface should adhere to IBM usability standards.,"not about flexibility, workload, efficiency, or optimize","not about flexibility, workload, efficiency, or optimize",0.21020279824733734
Rreports must be easy to generate. eports must be generated within one button click and exported within one button click (after selecting the report),"not about flexibility, workload, efficiency, or optimize","not about flexibility, workload, efficiency, or optimize",0.10403729230165482
A user shall be able to use the system without instruction after a short amount of time. After one use a user should understand and remember 90% of the system usage and navigation.,"not about flexibility, workload, efficiency, or optimize","not about flexibility, workload, efficiency, or optimize",0.20308080315589905
All CCR users shall receive training before the WCS system is deployed. One training session will be held for 100% of CCR users before system deployment (based on a CCR user being available),"not about flexibility, workload, efficiency, or optimize","flexibility, workload, efficiency, or optimize",0.10067299008369446
The WCS system shall use appropriate nomenclature and terminology as defined by the Corporate Community Grants organization. All interfaces and reports will undergo usability tests by CCR users.,"not about flexibility, workload, efficiency, or optimize","flexibility, workload, efficiency, or optimize",0.17194655537605286
The WCS system shall be available at all times as long as IBM’s internal intranet W3 is accessible. The WCS system will be available 95% of the time IBM’s internal intranet W3 is available.,"not about flexibility, workload, efficiency, or optimize","flexibility, workload, efficiency, or optimize",0.1309991180896759
The WCS system shall have the ability to connect other designated WCS databases currently not included in the system.,"flexibility, workload, efficiency, or optimize","not about flexibility, workload, efficiency, or optimize",0.11341729015111923
The WCS system shall have the ability to include data for regions outside the United States and be accessed by users outside of the United States if approved by CCR management.,"flexibility, workload, efficiency, or optimize","flexibility, workload, efficiency, or optimize",0.06596596539020538
The WCS system shall be run in a Windows environment. The WCS shall be accessed by users through the Internet on an IBM computer running a Windows 2000 or above operating system.,"not about flexibility, workload, efficiency, or optimize","flexibility, workload, efficiency, or optimize",0.04524165391921997
The Brio portion of the WCS system must be able to export files in spreadsheet form (Microsoft Excel and Lotus 1-2-3 formats).  Brio will provide buttons in the user interface that produce/export reports in .xls or .123 file formats.,"not about flexibility, workload, efficiency, or optimize","flexibility, workload, efficiency, or optimize",0.11262527853250504
The WCS system must run queries to the WCS databases once again (on a specified day) to update the available data available to CCR users. Queries must be made to external databases for data refresh once a week.,"not about flexibility, workload, efficiency, or optimize","flexibility, workload, efficiency, or optimize",0.10789324343204498
 All changes  updates  and additions to the WCS system shall be updated in the WCS Developer and WCS User Guides. Every change must be reflected in WCS system documentation,"not about flexibility, workload, efficiency, or optimize","flexibility, workload, efficiency, or optimize",0.020692253485322
The system shall only be accessed by authorized Corporate Community Grants (CCR) employees. Users must be authenticated using their IBM intranet user name and password.,"not about flexibility, workload, efficiency, or optimize","not about flexibility, workload, efficiency, or optimize",0.05465930327773094
The WCS system shall not allow automatic logins by any user. Cookies containing WCS login information about a user will not be stored on a user’s computer.,"not about flexibility, workload, efficiency, or optimize","flexibility, workload, efficiency, or optimize",0.014231077395379543
Each team owner will need to use a username and password in order to be authenticated to reach the team owner’s page,"not about flexibility, workload, efficiency, or optimize","not about flexibility, workload, efficiency, or optimize",0.05628729984164238
The Commissioner will be the only authorized user per league to adjust league settings.,"not about flexibility, workload, efficiency, or optimize","flexibility, workload, efficiency, or optimize",0.13342809677124023
Each page shall contain a navigation menu which shows the index into which the current page is contained.,"not about flexibility, workload, efficiency, or optimize","flexibility, workload, efficiency, or optimize",0.06671245396137238
Each page shall contain a similar format with action items in one location and navigation buttons in a different location.,"not about flexibility, workload, efficiency, or optimize","not about flexibility, workload, efficiency, or optimize",0.09671974182128906
The message board shall contain the 5 most recently posted messages on the league page. The messages will contain up to the first 150 characters of the message.,"not about flexibility, workload, efficiency, or optimize","not about flexibility, workload, efficiency, or optimize",0.095906563103199
;A new user shall be able to navigate through the league and team pages within 30 seconds of reaching the start-up page.,"not about flexibility, workload, efficiency, or optimize","not about flexibility, workload, efficiency, or optimize",0.16739623248577118
Users shall be able to reach the ‘add’  ‘drop’  and ‘trade player’ pages with one click from the team owner’s page.,"not about flexibility, workload, efficiency, or optimize","not about flexibility, workload, efficiency, or optimize",0.10950282216072083
;Users shall be able to view at least 25 NFL player statistics and points on each page.,"not about flexibility, workload, efficiency, or optimize","not about flexibility, workload, efficiency, or optimize",0.14379873871803284
The application shall ask the user to confirm dropping a player or trading a player before performing the action.,"not about flexibility, workload, efficiency, or optimize","not about flexibility, workload, efficiency, or optimize",0.06940688192844391
The application shall be able to complete every user transaction within one fourth of a second of receiving the request over the network.,"not about flexibility, workload, efficiency, or optimize","not about flexibility, workload, efficiency, or optimize",0.1739829182624817
The application shall have a downtime of at most 10 minutes per year.,"not about flexibility, workload, efficiency, or optimize","not about flexibility, workload, efficiency, or optimize",0.12891650199890137
The application shall run on a web application server.,"not about flexibility, workload, efficiency, or optimize","flexibility, workload, efficiency, or optimize",0.1626490354537964
A primary database will be used to store cached data for active users.,"not about flexibility, workload, efficiency, or optimize","flexibility, workload, efficiency, or optimize",0.1115022823214531
A secondary database will be used to store historical statistics and data.,"not about flexibility, workload, efficiency, or optimize","not about flexibility, workload, efficiency, or optimize",0.14288048446178436
Application updates shall occur between 3AM and 6 AM CST on Wednesday morning during the middle of the NFL season.,"not about flexibility, workload, efficiency, or optimize","not about flexibility, workload, efficiency, or optimize",0.09465097635984421
New System version releases shall be released at the beginning of each NFL season.,"not about flexibility, workload, efficiency, or optimize","flexibility, workload, efficiency, or optimize",0.011732440441846848
The RFS system should be available 24/7  especially during the budgeting period. The RFS system shall be available 90% of the time all year  and 98% during the budgeting period. 2% of the time  the system will become available within 1 hour of the time that the situation is reported.,"not about flexibility, workload, efficiency, or optimize","flexibility, workload, efficiency, or optimize",0.11578047275543213
98% of the user workstations shall meet the minimum hardware requirements prior to implementation. Minimum Hard Disk Space:  400MB.,"not about flexibility, workload, efficiency, or optimize","not about flexibility, workload, efficiency, or optimize",0.231270894408226
98% of the user workstations shall meet the minimum software requirements prior to implementation: Microsoft Internet Explorer 5.0. Microsoft .NET Framework 1.1. Microsoft Internet Explorer Web Controls,"not about flexibility, workload, efficiency, or optimize","flexibility, workload, efficiency, or optimize",0.1782553642988205
The RFS system should be able to easily interface with the BDW environment  in order to load the data. •;7 data files shall be received from the BDW and loaded into the RFS system within 3 hours one day prior to the start of budgeting process  every year. The data will be as of October month-end. ;Test files (7) shall be loaded up to 5 times throughout the year  from the BDW.,"not about flexibility, workload, efficiency, or optimize","flexibility, workload, efficiency, or optimize",0.1514384001493454
Changes to revenue and expense formulae must be applied to the RFS system  every year  prior to the budgeting process start. Revenue and expense formulae will be updated within one week of their receipt  after which 2 weeks will be allotted to testing of the budget calculations  to be conducted jointly by the project development team and PCG Finance.,"not about flexibility, workload, efficiency, or optimize","flexibility, workload, efficiency, or optimize",0.1147523745894432
New branches/complexes/districts/regions and revenue/expense accounts added to the BDW  must be reflected in the RFS system. 100% of the entities (mentioned above) available as of October month-end  will be loaded into the RFS system  prior to the budget start process.,"not about flexibility, workload, efficiency, or optimize","flexibility, workload, efficiency, or optimize",0.10572189837694168
Only authorized user shall access the RFS system. ONLY users that exist in the UAS system  with the RFS system assigned to their role(s)  shall access the RFS system and use it.,"not about flexibility, workload, efficiency, or optimize","flexibility, workload, efficiency, or optimize",0.06642673164606094
;User access should be limited to the permissions granted to their role(s) Each level in the PCG hierarchy will be assigned a role and users will be assigned to these roles. Access to functionality within RFS system is dependent on the privileges/permission assigned to the role..,"not about flexibility, workload, efficiency, or optimize","flexibility, workload, efficiency, or optimize",0.11163879185914993
The product must comply with the intranet page standards and requirements of ENET Securities. 95% of the product look & feel will be approved by the Architecture group  prior to implementation. The remaining 5% will be corrected and approved within one month of product release.,"not about flexibility, workload, efficiency, or optimize","not about flexibility, workload, efficiency, or optimize",0.06283284723758698
 The intranet pages should display appropriately in all resolutions  from 800x600 and higher. The display of all the pages will be correct in 95% of the resolutions  prior to implementation. The remaining 5% will be corrected within a week of notification of the incorrect display.,"not about flexibility, workload, efficiency, or optimize","flexibility, workload, efficiency, or optimize",0.08945930749177933
The users should be able to easily use the system to successfully complete their budgets  within the stipulated time for completion. With a week of training prior to product implementation  98% of the users shall complete their budgets within the stipulated time.,"not about flexibility, workload, efficiency, or optimize","flexibility, workload, efficiency, or optimize",0.2745048403739929
The product interface should be fast. The response time of the product interface should not exceed 2 seconds 90% of the time. For 10% of the time  the response time should not be more than 10 seconds.not be more than 10 seconds.,"not about flexibility, workload, efficiency, or optimize","not about flexibility, workload, efficiency, or optimize",0.16497017443180084
