Requirement text,Gold label,Predicated label,ZSL score
The system shall refresh the display every 60 seconds.,"not about flexibility, workload, efficiency, or optimize","flexibility, workload, efficiency, or optimize",0.30738919973373413
The application shall match the color of the schema set forth by Department of Homeland Security,"not about flexibility, workload, efficiency, or optimize","flexibility, workload, efficiency, or optimize",0.2363472878932953
 If projected  the data must be readable.  On a 10x10 projection screen  90% of viewers must be able to read Event / Activity data from a viewing distance of 30,"not about flexibility, workload, efficiency, or optimize","flexibility, workload, efficiency, or optimize",0.35733410716056824
 The product shall be available during normal business hours. As long as the user has access to the client PC  the system will be available 99% of the time during the first six months of operation.,"not about flexibility, workload, efficiency, or optimize","flexibility, workload, efficiency, or optimize",0.31217414140701294
 If projected  the data must be understandable. On a 10x10 projection screen  90% of viewers must be able to determine that Events or Activities are occuring in current time from a viewing distance of 100,"not about flexibility, workload, efficiency, or optimize","flexibility, workload, efficiency, or optimize",0.4295083284378052
The product shall ensure that it can only be accessed by authorized users.  The product will be able to distinguish between authorized and unauthorized users in all access attempts,"not about flexibility, workload, efficiency, or optimize","flexibility, workload, efficiency, or optimize",0.2544817626476288
The product shall be intuitive and self-explanatory.  :  90% of new users shall be able to start the display of Events or Activities within 90 minutes of using the product.,"not about flexibility, workload, efficiency, or optimize","flexibility, workload, efficiency, or optimize",0.5110653638839722
The product shall respond fast to keep up-to-date data in the display.,"not about flexibility, workload, efficiency, or optimize","flexibility, workload, efficiency, or optimize",0.5057770609855652
The look and feel of the system shall conform to the user interface standards of the smart device.,"not about flexibility, workload, efficiency, or optimize","flexibility, workload, efficiency, or optimize",0.4358929991722107
 The user interface shall have standard menus  buttons for navigation,"not about flexibility, workload, efficiency, or optimize","flexibility, workload, efficiency, or optimize",0.2904093861579895
The system shall have a professional appearance,"not about flexibility, workload, efficiency, or optimize","flexibility, workload, efficiency, or optimize",0.482943058013916
The product shall have a consistent color scheme and fonts.,"not about flexibility, workload, efficiency, or optimize","flexibility, workload, efficiency, or optimize",0.3658256530761719
The system shall be used by realtors with no training.,"not about flexibility, workload, efficiency, or optimize","not about flexibility, workload, efficiency, or optimize",0.29351189732551575
The system shall be intuitive and self explanatory.,"not about flexibility, workload, efficiency, or optimize","flexibility, workload, efficiency, or optimize",0.4700057804584503
The product shall be easy for a realtor to learn.,"not about flexibility, workload, efficiency, or optimize","flexibility, workload, efficiency, or optimize",0.4657735824584961
The product shall use symbols and words that are naturally understandable by the realtor community.,"not about flexibility, workload, efficiency, or optimize","flexibility, workload, efficiency, or optimize",0.34634730219841003
The product shall produce search results in an acceptable time,"not about flexibility, workload, efficiency, or optimize","flexibility, workload, efficiency, or optimize",0.5395633578300476
The search results shall be returned no later 30      seconds  after the user has entered the search criteria,"not about flexibility, workload, efficiency, or optimize","flexibility, workload, efficiency, or optimize",0.13440930843353271
The product shall generate a CMA report in an acceptable time.,"not about flexibility, workload, efficiency, or optimize","flexibility, workload, efficiency, or optimize",0.4411081373691559
The CMA report shall be returned no later 60 seconds after the user has entered the CMA report criteria.,"not about flexibility, workload, efficiency, or optimize","flexibility, workload, efficiency, or optimize",0.190140038728714
The product shall synchronize contacts and appointments in an acceptable time.,"not about flexibility, workload, efficiency, or optimize","flexibility, workload, efficiency, or optimize",0.46770012378692627
The product shall synchronize with the office system every hour.,"not about flexibility, workload, efficiency, or optimize","flexibility, workload, efficiency, or optimize",0.3837593197822571
 The product shall be available for use 24 hours per day  365 days  per year,"not about flexibility, workload, efficiency, or optimize","flexibility, workload, efficiency, or optimize",0.3946247100830078
 Out of 1000 accesses to the system  the system is available 999 times.,"not about flexibility, workload, efficiency, or optimize","flexibility, workload, efficiency, or optimize",0.2769283056259155
The product shall operate in offline mode whenever internet connection is unavailable.,"not about flexibility, workload, efficiency, or optimize","flexibility, workload, efficiency, or optimize",0.18482357263565063
 The product shall allow the user to view previously downloaded search results  CMA reports  and appointments.,"not about flexibility, workload, efficiency, or optimize","flexibility, workload, efficiency, or optimize",0.2616136968135834
The product shall retain user preferences in the event of a failure.,"not about flexibility, workload, efficiency, or optimize","flexibility, workload, efficiency, or optimize",0.4553164541721344
100% of saved user preferences shall be restored when system comes back online.,"not about flexibility, workload, efficiency, or optimize","flexibility, workload, efficiency, or optimize",0.3738647699356079
The product shall be able to support multiple remote users,"flexibility, workload, efficiency, or optimize","flexibility, workload, efficiency, or optimize",0.46278056502342224
The product shall be able support 1000 simultaneous users.,"flexibility, workload, efficiency, or optimize","flexibility, workload, efficiency, or optimize",0.3754616975784302
The product shall be capable of handling the existing 1000 users. This number is expected to grow 5 times within the next year.,"flexibility, workload, efficiency, or optimize","flexibility, workload, efficiency, or optimize",0.30980634689331055
The product shall be installed by an untrained realtor   without recourse to separately-printed instructions.,"not about flexibility, workload, efficiency, or optimize","not about flexibility, workload, efficiency, or optimize",0.42606133222579956
90% of untrained realtors shall be able to install the product on their device without printed instructions,"not about flexibility, workload, efficiency, or optimize","not about flexibility, workload, efficiency, or optimize",0.3274407982826233
The product is expected to run on Windows CE and Palm operating systems.,"not about flexibility, workload, efficiency, or optimize","flexibility, workload, efficiency, or optimize",0.18521074950695038
Only registered realtors shall be able to access the system.,"not about flexibility, workload, efficiency, or optimize","not about flexibility, workload, efficiency, or optimize",0.1541343331336975
Every user of the system shall be authenticated and authorized.,"not about flexibility, workload, efficiency, or optimize","flexibility, workload, efficiency, or optimize",0.4082583785057068
The product shall prevent its data from incorrect data being introduced.,"not about flexibility, workload, efficiency, or optimize","flexibility, workload, efficiency, or optimize",0.3892122507095337
The system shall be easy to use by the Program Administrators/Nursing Staff Members.,"not about flexibility, workload, efficiency, or optimize","flexibility, workload, efficiency, or optimize",0.49475425481796265
All of the users shall be able to use the system after one day of training.,"not about flexibility, workload, efficiency, or optimize","flexibility, workload, efficiency, or optimize",0.2691662609577179
The system shall help the user avoid making mistakes while scheduling classes and clinicals for the nursing students.,"not about flexibility, workload, efficiency, or optimize","flexibility, workload, efficiency, or optimize",0.31151703000068665
The number of mistakes noted by the students shall be decreased by 50% in the first year.,"not about flexibility, workload, efficiency, or optimize","not about flexibility, workload, efficiency, or optimize",-0.05898812785744667
The system shall be intuitive to the Program Administrators/Nursing Staff Members.,"not about flexibility, workload, efficiency, or optimize","flexibility, workload, efficiency, or optimize",0.47790443897247314
2 out of 3 Program Administrators/Nursing Staff Members shall successfully be able to use the system to manage the scheduling of classes and clinicals.,"not about flexibility, workload, efficiency, or optimize","flexibility, workload, efficiency, or optimize",0.27313244342803955
The system shall use symbols and words that are naturally understandable by the user community.,"not about flexibility, workload, efficiency, or optimize","flexibility, workload, efficiency, or optimize",0.3512897491455078
The verbiage used within the system shall be consistent with Standard English and the terminology of the national Nursing Community.,"not about flexibility, workload, efficiency, or optimize","flexibility, workload, efficiency, or optimize",0.21574173867702484
Staff members shall be able to complete a set of tasks in a timely manner.,"not about flexibility, workload, efficiency, or optimize","flexibility, workload, efficiency, or optimize",0.6304841041564941
The response time of general student management tasks shall take no longer than 5 seconds and the response time of schedule generation shall take no longer than 30 seconds.,"not about flexibility, workload, efficiency, or optimize","flexibility, workload, efficiency, or optimize",0.17099569737911224
The system shall be available for use between the hours of 8am and 6pm.,"not about flexibility, workload, efficiency, or optimize","flexibility, workload, efficiency, or optimize",0.28680190443992615
The system shall achieve 95% up time.,"not about flexibility, workload, efficiency, or optimize","flexibility, workload, efficiency, or optimize",0.31700360774993896
system shall be able to handle all of the user requests/usage during business hours.,"flexibility, workload, efficiency, or optimize","flexibility, workload, efficiency, or optimize",0.38229891657829285
The system shall cater to 10 simultaneous users from 9am to 5pm.,"flexibility, workload, efficiency, or optimize","flexibility, workload, efficiency, or optimize",0.28874173760414124
The system shall be capable of processing 100% of nursing students and their classes for the next 10 years.,"flexibility, workload, efficiency, or optimize","flexibility, workload, efficiency, or optimize",0.2193424254655838
The system shall be expected to manage the nursing program curriculum and class/clinical scheduling for a minimum of 5 years.,"flexibility, workload, efficiency, or optimize","flexibility, workload, efficiency, or optimize",0.10280182957649231
The system shall able to operate within a business office environment typical of the Nursing Department at DePaul University.,"not about flexibility, workload, efficiency, or optimize","flexibility, workload, efficiency, or optimize",0.27717074751853943
The system shall be used within the specifications defined by the computers used by the Program Administrators/Nursing Staff Members.,"not about flexibility, workload, efficiency, or optimize","flexibility, workload, efficiency, or optimize",0.29616427421569824
The system shall operate within the Windows XP Professional operating system.,"not about flexibility, workload, efficiency, or optimize","flexibility, workload, efficiency, or optimize",0.2911376655101776
The system shall interface with CampusConnect’s central server,"not about flexibility, workload, efficiency, or optimize","flexibility, workload, efficiency, or optimize",0.3179508447647095
The system shall interface with the faculty central server.,"not about flexibility, workload, efficiency, or optimize","flexibility, workload, efficiency, or optimize",0.2987919747829437
The system shall interface with the student master server.,"not about flexibility, workload, efficiency, or optimize","flexibility, workload, efficiency, or optimize",0.24105040729045868
We must be able to interface with any HTML browser.,"not about flexibility, workload, efficiency, or optimize","flexibility, workload, efficiency, or optimize",0.2872277498245239
Only authorized users shall have access to clinical site information.,"not about flexibility, workload, efficiency, or optimize","not about flexibility, workload, efficiency, or optimize",0.11419444531202316
Program Administrators/Nursing Staff Members are the only people who shall have access to clinical site details.,"not about flexibility, workload, efficiency, or optimize","not about flexibility, workload, efficiency, or optimize",0.16903182864189148
Only authorized users shall have access to students’ personal information.,"not about flexibility, workload, efficiency, or optimize","not about flexibility, workload, efficiency, or optimize",0.09876260161399841
Dr Susan Poslusny and Dr Julie Donalek are the only people who shall have access to students’ personal information.,"not about flexibility, workload, efficiency, or optimize","not about flexibility, workload, efficiency, or optimize",0.15492825210094452
Only authorized users shall have access to the portion of the system that interfaces with CampusConnect.,"not about flexibility, workload, efficiency, or optimize","not about flexibility, workload, efficiency, or optimize",0.18058085441589355
Fit Criterion: Dr Susan Poslusny and Karen Sysol are the only people who shall have access to the final class section scheduling for the system that interfaces with CampusConnect.,"not about flexibility, workload, efficiency, or optimize","flexibility, workload, efficiency, or optimize",0.25747519731521606
The system shall have basic data integrity checking to reduce the possibility of incorrect or invalid data being introduced.,"not about flexibility, workload, efficiency, or optimize","flexibility, workload, efficiency, or optimize",0.3479185104370117
The system shall protect private information in accordance with the organization’s information policy.,"not about flexibility, workload, efficiency, or optimize","flexibility, workload, efficiency, or optimize",0.25341275334358215
The system shall be built such that it is as secure as possible from malicious interference.,"not about flexibility, workload, efficiency, or optimize","flexibility, workload, efficiency, or optimize",0.32262054085731506
The system shall use the organization’s standard virus protection software to help monitor threats to itself.,"not about flexibility, workload, efficiency, or optimize","flexibility, workload, efficiency, or optimize",0.14731678366661072
The Disputes application shall comply with the corporate standards for user interface creation for internally and externally used applications.,"not about flexibility, workload, efficiency, or optimize","flexibility, workload, efficiency, or optimize",0.3245980143547058
All screens created as part of the Disputes application must comply with corporate standards for interface creation.,"not about flexibility, workload, efficiency, or optimize","flexibility, workload, efficiency, or optimize",0.22060564160346985
The list of dispute cases that are displayed after a search is performed must be color coded for easy identification of dispute cases based upon the dispute case status.,"not about flexibility, workload, efficiency, or optimize","flexibility, workload, efficiency, or optimize",0.1352929174900055
100% of the cardmember and merchant services representatives shall use the Disputes application regularly after a 2-day training course.,"not about flexibility, workload, efficiency, or optimize","flexibility, workload, efficiency, or optimize",0.1420322060585022
100% of cardmember services representatives shall be able to successfully create a dispute case on the first encounter after completing the training course.,"not about flexibility, workload, efficiency, or optimize","flexibility, workload, efficiency, or optimize",0.23439238965511322
100% of merchant services representatives shall be able to successfully perform a follow up action on a dispute case on the first encounter after completing the training course.,"not about flexibility, workload, efficiency, or optimize","flexibility, workload, efficiency, or optimize",0.25644510984420776
The maximum wait time for a user navigating from one screen to another within the Disputes application shall be no more than 5 seconds.,"not about flexibility, workload, efficiency, or optimize","flexibility, workload, efficiency, or optimize",0.08199631422758102
The Disputes application shall support 350 concurrent users without any degradation of performance in the application.,"not about flexibility, workload, efficiency, or optimize","not about flexibility, workload, efficiency, or optimize",0.3200484812259674
 The Disputes application shall be available 24x7x365  with the exception of the following scheduled maintenance windows.  Monday – Saturday 3:00am to 4:00am EST Sunday 1:00amd to 5:00am EST,"not about flexibility, workload, efficiency, or optimize","flexibility, workload, efficiency, or optimize",0.1709456443786621
The Disputes application shall interface with the Statement Database. The Statement Database provides the transaction details to the Disputes System. All transaction details must be obtained from the Statement Database,"not about flexibility, workload, efficiency, or optimize","flexibility, workload, efficiency, or optimize",0.22263453900814056
The Disputes application shall interface with the Cardmember Information Database.  The Cardmember Information Database provides detailed information with regard to a cardmember.  All cardmember detail information must be obtained from the Cardmember Information Database.,"not about flexibility, workload, efficiency, or optimize","flexibility, workload, efficiency, or optimize",0.21007777750492096
The Disputes applications shall interface with the Merchant Information Database.  The Merchant Information Database provides detailed information with regard to the merchant. All merchant detail information shall be obtained from the Merchant Information Database.,"not about flexibility, workload, efficiency, or optimize","flexibility, workload, efficiency, or optimize",0.18018054962158203
The Disputes application shall interface with the Letters application.  This will allow the Disputes application to request letters as part of the dispute initiation and dispute follow up process. All letter requests must be sent to the Print Letter Utility application.,"not about flexibility, workload, efficiency, or optimize","flexibility, workload, efficiency, or optimize",0.15867598354816437
The Disputes application shall interface with the Cardmember Posting and Billing System.  This will allow the Disputes application to request adjustments to cardmember and merchant’s accounts. All adjustment requests must be sent to the Cardmember Posting and Billing System.,"not about flexibility, workload, efficiency, or optimize","flexibility, workload, efficiency, or optimize",0.23454055190086365
The Disputes application shall ensure that only users with the appropriate access level are allowed to initiate dispute requests.,"not about flexibility, workload, efficiency, or optimize","flexibility, workload, efficiency, or optimize",0.16636253893375397
Only users with Update access must be able to initiate dispute requests.,"not about flexibility, workload, efficiency, or optimize","not about flexibility, workload, efficiency, or optimize",0.19368532299995422
The Disputes application shall ensure that only authorized users are allowed to logon to the application.,"not about flexibility, workload, efficiency, or optimize","not about flexibility, workload, efficiency, or optimize",0.11414830386638641
 All authorized users  once authenticated must be able to logon to the Disputes System,"not about flexibility, workload, efficiency, or optimize","flexibility, workload, efficiency, or optimize",0.1963944435119629
The Disputes System shall generate a User Report that details any new users that have been added and any changes to an existing user’s access level.  The report will be reviewed for auditing purposes.,"not about flexibility, workload, efficiency, or optimize","flexibility, workload, efficiency, or optimize",0.32127222418785095
All additions of new users and modifications to user’s access shall be recorded on the User Report.,"not about flexibility, workload, efficiency, or optimize","flexibility, workload, efficiency, or optimize",0.33515679836273193
 If a user account is revoked  it can only be re-instantiated by the System Administrator.,"not about flexibility, workload, efficiency, or optimize","not about flexibility, workload, efficiency, or optimize",0.1792326122522354
Only the System Administrator shall be able to reset a revoked user logon account,"not about flexibility, workload, efficiency, or optimize","not about flexibility, workload, efficiency, or optimize",0.09502221643924713
The Disputes application shall manipulate and view business data. Users will not have direct access to data files or databases.,"not about flexibility, workload, efficiency, or optimize","not about flexibility, workload, efficiency, or optimize",0.2354980707168579
All updates to data files or database must be initiated from the Disputes System.,"not about flexibility, workload, efficiency, or optimize","flexibility, workload, efficiency, or optimize",0.2273993194103241
The Disputes application must conform to the legal requirements as specified by the Merchant Operating Regulations.,"not about flexibility, workload, efficiency, or optimize","flexibility, workload, efficiency, or optimize",0.2794138193130493
All business rules specified in the Disputes System shall be in compliance with the Merchant Operating Regulations.,"not about flexibility, workload, efficiency, or optimize","flexibility, workload, efficiency, or optimize",0.2455335408449173
The Disputes application must conform to the legal requirements as specified by Regulation E and Regulation Z that govern credit card disputes processing.,"not about flexibility, workload, efficiency, or optimize","flexibility, workload, efficiency, or optimize",0.2293729931116104
All business rules specified in the Disputes System shall be in compliance to the guidelines of Regulation E and Regulation Z.,"not about flexibility, workload, efficiency, or optimize","flexibility, workload, efficiency, or optimize",0.3018193542957306
The Disputes application must maintain a detailed history of every action that a user takes on a dispute case.  This ensures a complete audit trail if questions arise later on with regard to a particular dispute case.,"not about flexibility, workload, efficiency, or optimize","flexibility, workload, efficiency, or optimize",0.34818777441978455
All actions that modify an existing dispute case must be recorded in the case history.,"not about flexibility, workload, efficiency, or optimize","flexibility, workload, efficiency, or optimize",0.3206727206707001
The product must support Internet Explorer 5.5 and above.,"not about flexibility, workload, efficiency, or optimize","flexibility, workload, efficiency, or optimize",0.18588562309741974
The product must support Mozilla Firefox 1.0 and above.,"not about flexibility, workload, efficiency, or optimize","flexibility, workload, efficiency, or optimize",0.16848599910736084
The product shall interface with the Choice Parts System.  This provides the feed of recycled parts data.,"not about flexibility, workload, efficiency, or optimize","flexibility, workload, efficiency, or optimize",0.3803150951862335
The product shall run on the existing hardware for all environments.,"not about flexibility, workload, efficiency, or optimize","flexibility, workload, efficiency, or optimize",0.38164472579956055
The product shall adhere to the corporate Architecture guidelines,"not about flexibility, workload, efficiency, or optimize","flexibility, workload, efficiency, or optimize",0.30800682306289673
The product shall comply with corporate User Interface Guidelines,"not about flexibility, workload, efficiency, or optimize","flexibility, workload, efficiency, or optimize",0.3565315902233124
The product shall comply with corporate color scheme,"not about flexibility, workload, efficiency, or optimize","flexibility, workload, efficiency, or optimize",0.3230903744697571
The appearance of the product shall appear professional,"not about flexibility, workload, efficiency, or optimize","flexibility, workload, efficiency, or optimize",0.5511744022369385
The product shall be easy to use by Adjusters and Collision Estimators.  95% of Adjusters and Collision Estimators shall find the product easy to use.,"not about flexibility, workload, efficiency, or optimize","flexibility, workload, efficiency, or optimize",0.529707670211792
The product shall increase productivity of Collision Estimators. 80% of the Collision Estimators shall agree their productivity has increase within 1 month of using the product.,"not about flexibility, workload, efficiency, or optimize","flexibility, workload, efficiency, or optimize",0.404584139585495
Users shall feel satisfied using the product.  85% of all users will be satisfied with the product.,"not about flexibility, workload, efficiency, or optimize","flexibility, workload, efficiency, or optimize",0.4114062190055847
The product shall be easy to learn by Adjusters and Collision Estimators.  The product shall be learned with two days onsite training,"not about flexibility, workload, efficiency, or optimize","flexibility, workload, efficiency, or optimize",0.45784664154052734
The user shall easily locate instructions while using the product.  User help can be found within 90% of the system.,"not about flexibility, workload, efficiency, or optimize","flexibility, workload, efficiency, or optimize",0.510834276676178
The search for recycled parts shall take no longer than 15 seconds.  The search results shall be returned in under 15 seconds.,"not about flexibility, workload, efficiency, or optimize","flexibility, workload, efficiency, or optimize",0.30895909667015076
The search for the preferred repair facility shall take no longer than 8 seconds.  The preferred repair facility is returned within 8 seconds,"not about flexibility, workload, efficiency, or optimize","flexibility, workload, efficiency, or optimize",0.3544544279575348
The recycled parts audit report shall be returned to the user within 10 seconds.  The audit report shall be returned within 10 seconds.,"not about flexibility, workload, efficiency, or optimize","flexibility, workload, efficiency, or optimize",0.34843334555625916
The preferred repair facility ratings shall be saved within 5 seconds. The save shall occur within 5 seconds.,"not about flexibility, workload, efficiency, or optimize","flexibility, workload, efficiency, or optimize",0.264407217502594
The product shall adhere to the corporate online availability schedule.  The application is brought down only within 98% of the scheduled outages per the availability schedule.,"not about flexibility, workload, efficiency, or optimize","flexibility, workload, efficiency, or optimize",0.32004591822624207
The product shall achieve a 98% uptime. The product shall not fail more than 2% of the available online time.,"not about flexibility, workload, efficiency, or optimize","flexibility, workload, efficiency, or optimize",0.40403929352760315
The product shall be able to handle up to 1500 simultaneous users. The system shall perform with 1500 users as a time.,"flexibility, workload, efficiency, or optimize","flexibility, workload, efficiency, or optimize",0.4650803804397583
 The average number of recycled parts records per day shall be 50 000.,"flexibility, workload, efficiency, or optimize","flexibility, workload, efficiency, or optimize",0.09942890703678131
 The product shall be able to handle 10 000 concurrent users within 2 years of the initial launch.,"flexibility, workload, efficiency, or optimize","flexibility, workload, efficiency, or optimize",0.1947874128818512
 For estimators  the product shall be able to be operated in a repair facility during dirty and noisy conditions.,"not about flexibility, workload, efficiency, or optimize","flexibility, workload, efficiency, or optimize",0.5042470097541809
The product shall interface with the ChoiceParts system once per day at approximately 1:00 AM.,"not about flexibility, workload, efficiency, or optimize","flexibility, workload, efficiency, or optimize",0.2907727360725403
The maintenance of the product will fall within the established corporate maintenance windows.,"not about flexibility, workload, efficiency, or optimize","flexibility, workload, efficiency, or optimize",0.38230228424072266
The product shall be supported using the corporate support center.,"not about flexibility, workload, efficiency, or optimize","flexibility, workload, efficiency, or optimize",0.391397625207901
Product installations and upgrades shall be handled by the middleware technology team within established launch time frames.,"not about flexibility, workload, efficiency, or optimize","flexibility, workload, efficiency, or optimize",0.37562403082847595
Only adjusters can request recycled parts audit reports. No users without an adjuster role shall request recycled parts audits.,"not about flexibility, workload, efficiency, or optimize","not about flexibility, workload, efficiency, or optimize",0.3541533052921295
Only adjusters with a supervisor role can update preferred repair facility ratings. Users without the supervisor role cannot access the repair facility ratings.,"not about flexibility, workload, efficiency, or optimize","not about flexibility, workload, efficiency, or optimize",0.37829524278640747
Only collision estimators shall search for recycled parts.  Users without the collision estimator role shall not have access to the search for recycled parts.,"not about flexibility, workload, efficiency, or optimize","not about flexibility, workload, efficiency, or optimize",0.378797709941864
Only valid data shall be entered into the system.  No invalid data shall be entered into the system.,"not about flexibility, workload, efficiency, or optimize","not about flexibility, workload, efficiency, or optimize",0.32955703139305115
One insurance company shall not be able to view another insurance companys claim data.,"not about flexibility, workload, efficiency, or optimize","not about flexibility, workload, efficiency, or optimize",0.14653494954109192
The product shall free of computer viruses.,"not about flexibility, workload, efficiency, or optimize","not about flexibility, workload, efficiency, or optimize",0.24997946619987488
The system shall prevent malicious attacks including denial of service.,"not about flexibility, workload, efficiency, or optimize","flexibility, workload, efficiency, or optimize",0.18850001692771912
The product must comply with Sarbanes-Oxley.,"not about flexibility, workload, efficiency, or optimize","flexibility, workload, efficiency, or optimize",0.2835535407066345
The product shall comply with the estimatics laws relating to recycled parts usage.,"not about flexibility, workload, efficiency, or optimize","flexibility, workload, efficiency, or optimize",0.44176793098449707
The product shall comply with insurance regulations regarding claims processing.,"not about flexibility, workload, efficiency, or optimize","flexibility, workload, efficiency, or optimize",0.3043607175350189
 The product must work with most database management systems (DBMS) on the market  whether the DBMS is colocated with the product on the same machine or is located on a different machine on the computer network.,"not about flexibility, workload, efficiency, or optimize","flexibility, workload, efficiency, or optimize",0.30493125319480896
The product will function alongside server software on any operating system where the Java runtime can be installed.,"not about flexibility, workload, efficiency, or optimize","flexibility, workload, efficiency, or optimize",0.4044042229652405
The product will require collaboration with a database management system (DBMS).  The DBMS may be located on the same machine as the product or on a separate machine residing on the same computer network.,"not about flexibility, workload, efficiency, or optimize","flexibility, workload, efficiency, or optimize",0.3119978606700897
 The product must make use of web/application server technology.  Open source examples include Apache web server  Tomcat  and the JBoss application server.,"not about flexibility, workload, efficiency, or optimize","flexibility, workload, efficiency, or optimize",0.3225771188735962
 A database management system such as Oracle  DB2  MySql or HSQL will need to be integrated with the product.,"not about flexibility, workload, efficiency, or optimize","flexibility, workload, efficiency, or optimize",0.3237132728099823
 The product’s Look and Feel shall be able to incorporate aspects of the customer’s organization such as logo  branding  and identity,"not about flexibility, workload, efficiency, or optimize","flexibility, workload, efficiency, or optimize",0.41128042340278625
The product shall have a conservative and professional appearance.,"not about flexibility, workload, efficiency, or optimize","flexibility, workload, efficiency, or optimize",0.3436506688594818
The product shall make the users want to use it. 80% of the users surveyed report they are regularly using the product after the first 2 weeks post-launch.,"not about flexibility, workload, efficiency, or optimize","flexibility, workload, efficiency, or optimize",0.23004889488220215
The product shall be easy to use. 90% of users will be able to successfully reserve a conference room within 5 minutes of product use.,"not about flexibility, workload, efficiency, or optimize","flexibility, workload, efficiency, or optimize",0.34706035256385803
The product shall give users feedback when necessary. 80% of the users surveyed report that the product accurately confirms their actions.,"not about flexibility, workload, efficiency, or optimize","flexibility, workload, efficiency, or optimize",0.47029605507850647
The product shall allow the user to select a chosen language from one of the target market countries.,"not about flexibility, workload, efficiency, or optimize","flexibility, workload, efficiency, or optimize",0.27641552686691284
The product shall allow for customization of start page and views preferences.,"not about flexibility, workload, efficiency, or optimize","flexibility, workload, efficiency, or optimize",0.45675769448280334
 An employee will be able to successfully use the product within a few minutes.  After informally navigating the product for less than 15 minutes  users shall be able to successfully setup meetings and reserve conference rooms.,"not about flexibility, workload, efficiency, or optimize","flexibility, workload, efficiency, or optimize",0.4066799283027649
The product shall use a standard navigation menu familiar to most web users.,"not about flexibility, workload, efficiency, or optimize","flexibility, workload, efficiency, or optimize",0.30094829201698303
The product shall allow for intuitive searching of available conference rooms.,"not about flexibility, workload, efficiency, or optimize","flexibility, workload, efficiency, or optimize",0.4790113568305969
The product shall conform to the Americans with Disabilities Act.,"not about flexibility, workload, efficiency, or optimize","flexibility, workload, efficiency, or optimize",0.32372981309890747
The response shall be fast enough to avoid interrupting the user’s flow of thought.  90% of tasks shall complete within 5 seconds.  98% of tasks shall complete within 8 seconds.,"not about flexibility, workload, efficiency, or optimize","flexibility, workload, efficiency, or optimize",0.427306205034256
 Aside from server failure  the software product shall achieve 99.99% up time.,"not about flexibility, workload, efficiency, or optimize","flexibility, workload, efficiency, or optimize",0.3590003550052643
The product shall create an exception log of problems encountered within the product for transmission to our company for analysis and resolution.,"not about flexibility, workload, efficiency, or optimize","flexibility, workload, efficiency, or optimize",0.31258055567741394
 The product shall be capable of handling up to 1 000 concurrent requests.  This number will increase to 2 000 by Release 2.  The concurrency capacity must be able to handle peak scheduling times such as early morning and late afternoon hours.,"flexibility, workload, efficiency, or optimize","flexibility, workload, efficiency, or optimize",0.48100537061691284
 The product shall be able to process 10 000 transactions per hour within two years of its launch.  This number will increase to 20 000 by Release 2.,"flexibility, workload, efficiency, or optimize","flexibility, workload, efficiency, or optimize",0.1946728378534317
The product shall be expected to operate for at least 5 years for each customer installation.,"flexibility, workload, efficiency, or optimize","flexibility, workload, efficiency, or optimize",0.22335492074489594
The product shall be used in office environments.,"not about flexibility, workload, efficiency, or optimize","flexibility, workload, efficiency, or optimize",0.44685184955596924
The product must be able to interface with any HTML browser.  The product shall transmit data between the user and the product without problems. The product shall display HTML properly in 80% of all HTML browsers tested (minimum is to test 8 browsers).,"not about flexibility, workload, efficiency, or optimize","flexibility, workload, efficiency, or optimize",0.3977987766265869
The product must be able to interface with various database management systems. The product shall communicate successfully with the database management system on 100% of all transactions.,"not about flexibility, workload, efficiency, or optimize","flexibility, workload, efficiency, or optimize",0.36678534746170044
The product must be able to interface with various email servers. The product shall be able to send email.,"not about flexibility, workload, efficiency, or optimize","flexibility, workload, efficiency, or optimize",0.2781532108783722
The product shall be available for distribution via the Internet as a binary or ZIP file.,"not about flexibility, workload, efficiency, or optimize","flexibility, workload, efficiency, or optimize",0.16756783425807953
The product shall be available for distribution as a packaged CD.,"not about flexibility, workload, efficiency, or optimize","flexibility, workload, efficiency, or optimize",0.17477722465991974
 The product will be available for licensing as a one-server  two-five servers  or five-or-more servers license.,"not about flexibility, workload, efficiency, or optimize","flexibility, workload, efficiency, or optimize",0.2985346019268036
A new user must be able to be added to the system within 10 minutes.  90% of new users are able to log into the system within 10 minutes.,"not about flexibility, workload, efficiency, or optimize","flexibility, workload, efficiency, or optimize",0.2955973148345947
The product must be designed using Design Patterns and coding best practices.  90% of maintenance software developers are able to integrate new functionality into the product with 2 working days.,"not about flexibility, workload, efficiency, or optimize","flexibility, workload, efficiency, or optimize",0.4002499580383301
The product must be highly configurable for use with various database management systems for the end users.  80% of end users are able to integrate new database management systems with the product without changing the product’s software code.,"not about flexibility, workload, efficiency, or optimize","flexibility, workload, efficiency, or optimize",0.43301302194595337
Maintenance releases will be offered to customers once a year.  The releases shall take no longer than 5 minutes for 80% of the customer base to install.,"not about flexibility, workload, efficiency, or optimize","flexibility, workload, efficiency, or optimize",0.2217990905046463
Every registered user will have access to the product’s support site via the Internet.  70% of registered users shall find a solution to their problem within 5 minutes of using the support site.,"not about flexibility, workload, efficiency, or optimize","flexibility, workload, efficiency, or optimize",0.20158405601978302
The customer shall be able to easily integrate new building maps with the product throughout the product’s lifecycle.  Integration of new maps with the product shall be possible with little to no support from product support staff.,"not about flexibility, workload, efficiency, or optimize","not about flexibility, workload, efficiency, or optimize",0.3189108073711395
 The product shall be translated into foreign languages other than the target market countries’ languages in future releases.  For each emerging target market  it shall take no more than 5 days to configure the product for that market’s language.,"not about flexibility, workload, efficiency, or optimize","flexibility, workload, efficiency, or optimize",0.1294611096382141
 The product is expected to integrate with multiple database management systems.  The product will operate with Oracle  SQL Server  DB2  MySQL  HSQL  and MS Access.,"not about flexibility, workload, efficiency, or optimize","flexibility, workload, efficiency, or optimize",0.26208987832069397
The product shall be able to be installed in any operating environment within 2 days.,"not about flexibility, workload, efficiency, or optimize","flexibility, workload, efficiency, or optimize",0.343128502368927
The product shall ensure that only company employees or external users with company-approved user IDs may have product access.  100% of all logons shall be by either company employees or external users with company-approved user IDs.,"not about flexibility, workload, efficiency, or optimize","flexibility, workload, efficiency, or optimize",0.2343982458114624
Only managers are able to perform search queries for reservations by user.  100% of all search queries for reservations by user shall be from logons of only management logons.,"not about flexibility, workload, efficiency, or optimize","not about flexibility, workload, efficiency, or optimize",0.19192540645599365
The product shall ensure that the database’s data corresponds to the data entered by the user.  Each conference room reservation in the system will contain the same information as was entered by the user.,"not about flexibility, workload, efficiency, or optimize","flexibility, workload, efficiency, or optimize",0.31323426961898804
The product shall prevent the input of malicious data.  The product and/or adjacent hardware/software systems’ data shall remain 100% uncorrupted each time malicious data is input into the product.,"not about flexibility, workload, efficiency, or optimize","not about flexibility, workload, efficiency, or optimize",0.308268666267395
The product and/or dependent databases/filesystems shall remain operational as a result of the input of malicious data.  The product and/or dependent databases/filesystems shall not crash 100% of the time that malicious data is input into the product.,"not about flexibility, workload, efficiency, or optimize","flexibility, workload, efficiency, or optimize",0.4472031593322754
The product shall have the ability to receive automatic software updates as new threats emerge.  100% of customers will be able to receive automatic software updates transmitted to the installed product.,"not about flexibility, workload, efficiency, or optimize","flexibility, workload, efficiency, or optimize",0.4248286783695221
The language of the product shall accommodate all of the target market countries. 90% of survey respondents from each target market country will find that the language of the product is acceptable.,"flexibility, workload, efficiency, or optimize","flexibility, workload, efficiency, or optimize",0.36263522505760193
The product shall be able to display calendar dates and times according to the user’s locale.  90% of survey respondents from each target market country will find that the date and time formatting of the product is correct.,"not about flexibility, workload, efficiency, or optimize","flexibility, workload, efficiency, or optimize",0.34896883368492126
The product must be developed with the J2SE/J2EE programming language libraries,"not about flexibility, workload, efficiency, or optimize","flexibility, workload, efficiency, or optimize",0.2647368311882019
Recreation of Inventory Quantity Adjustment for the period of previous 30 days shall take no more than 30min.,"not about flexibility, workload, efficiency, or optimize","flexibility, workload, efficiency, or optimize",0.2640345096588135
The System shall allow for a minimum of  6 users to work at the same time.,"not about flexibility, workload, efficiency, or optimize","flexibility, workload, efficiency, or optimize",0.48075276613235474
The System shall utilize currently owned computer equipment.,"not about flexibility, workload, efficiency, or optimize","flexibility, workload, efficiency, or optimize",0.3755554258823395
The System shall be able to automatically backup business data and restore them on demand.,"not about flexibility, workload, efficiency, or optimize","flexibility, workload, efficiency, or optimize",0.3740476667881012
The System shall maintain consistent security.  Any changes in user passwords and/or permissions should take affect in all parts of the System.,"not about flexibility, workload, efficiency, or optimize","flexibility, workload, efficiency, or optimize",0.35260632634162903
The System shall granularly control access rights to all major subsystems.  It should be possible to assign access rights to all subsystems independently.,"not about flexibility, workload, efficiency, or optimize","flexibility, workload, efficiency, or optimize",0.3774653375148773
The System shall meet all applicable accounting standards.  The final version of the System must successfully pass independent audit performed by a certified auditor.,"not about flexibility, workload, efficiency, or optimize","flexibility, workload, efficiency, or optimize",0.31309032440185547
The System shall not require additional third party licenses resulting in royalty fees.,"not about flexibility, workload, efficiency, or optimize","not about flexibility, workload, efficiency, or optimize",0.44465434551239014
Administrator shall be able to activate a pre-paid card via the Administration section in under 5 seconds.,"not about flexibility, workload, efficiency, or optimize","flexibility, workload, efficiency, or optimize",0.22529737651348114
 Customer shall be able to check the status of their prepaid card  by entering in the PIN number  in under 5 seconds.,"not about flexibility, workload, efficiency, or optimize","flexibility, workload, efficiency, or optimize",0.08373274654150009
System shall let customers register on the website as a “pay as you go” user in under 5 minutes.,"not about flexibility, workload, efficiency, or optimize","flexibility, workload, efficiency, or optimize",0.10251012444496155
System shall let customers register on the website as a “unlimited movie subscriber” user in under 10 minutes.,"not about flexibility, workload, efficiency, or optimize","flexibility, workload, efficiency, or optimize",0.1658162921667099
System shall let existing customers log into the website with their email address and password in under 5 seconds.,"not about flexibility, workload, efficiency, or optimize","flexibility, workload, efficiency, or optimize",0.05554584413766861
 System shall let customers cancel their account  process shall take no longer than 2 minutes.  Database will mark the account as inactive  and user will not be able to log into the website.,"not about flexibility, workload, efficiency, or optimize","not about flexibility, workload, efficiency, or optimize",0.09309430420398712
System shall let administrator de-activate a customer account in under 1 minute. Customer will no longer be able to access the website.,"not about flexibility, workload, efficiency, or optimize","flexibility, workload, efficiency, or optimize",0.15527650713920593
System shall let administrator add/remove movies on the website in under 5 minutes.  Entered movie information will be stored in the database and will now be available on the website.,"not about flexibility, workload, efficiency, or optimize","flexibility, workload, efficiency, or optimize",0.0649251639842987
System shall let the administrator add/remove categories on the website in under 5 minutes.,"not about flexibility, workload, efficiency, or optimize","flexibility, workload, efficiency, or optimize",0.13535834848880768
System shall let Izogn Manager access sales and usage statistics in under 2 minutes.,"not about flexibility, workload, efficiency, or optimize","flexibility, workload, efficiency, or optimize",0.21356627345085144
System shall let administrators generate unique pre-paid pins in under 2 minutes and generate an Excel file with the generated PINs.,"not about flexibility, workload, efficiency, or optimize","flexibility, workload, efficiency, or optimize",0.22111666202545166
The website shall be attractive to all audiences.  The website shall appear to be fun and the colors should be bright and vibrant.,"not about flexibility, workload, efficiency, or optimize","flexibility, workload, efficiency, or optimize",0.3894493579864502
 The website should have an African feel  but should not alienate non-Africans.  The website should use animation on pages which are describing the services  to grab the users attention and encourage them to sign up.,"not about flexibility, workload, efficiency, or optimize","flexibility, workload, efficiency, or optimize",0.27284878492355347
 The website design should be modern  clean  and concise.,"not about flexibility, workload, efficiency, or optimize","not about flexibility, workload, efficiency, or optimize",0.4360043704509735
The product should be able to be used by 90% of novice users on the Internet.,"not about flexibility, workload, efficiency, or optimize","flexibility, workload, efficiency, or optimize",0.21322159469127655
 Users should only have to navigate through a maximum of 4 pages  to create an account with the website.,"not about flexibility, workload, efficiency, or optimize","not about flexibility, workload, efficiency, or optimize",0.09268373250961304
Users should be able to access their streaming movies in under 2 clicks after logging into the website.,"not about flexibility, workload, efficiency, or optimize","flexibility, workload, efficiency, or optimize",0.11135752499103546
An anonymous survey will show that 70% of customers are comfortable purchasing streaming movies after 2 weeks using the website.,"not about flexibility, workload, efficiency, or optimize","flexibility, workload, efficiency, or optimize",0.010001420974731445
An anonymous survey will show that 95% of customers are comfortable using and purchasing pre-paid cards after a month of using the system.,"not about flexibility, workload, efficiency, or optimize","flexibility, workload, efficiency, or optimize",0.11094721406698227
The product shall retain the customer’s buying preferences and information.,"not about flexibility, workload, efficiency, or optimize","flexibility, workload, efficiency, or optimize",0.34286123514175415
The product shall be easy for customers with novice skills on the  Internet to purchase and watch streaming movies.  Customers should be able to purchase and watch a pre-determined movie in under 3 minutes.,"not about flexibility, workload, efficiency, or optimize","flexibility, workload, efficiency, or optimize",0.1519806832075119
The product shall use symbols and words that are naturally understandable by users familiar with websites,"not about flexibility, workload, efficiency, or optimize","flexibility, workload, efficiency, or optimize",0.36495059728622437
The website will use standard Internet conventions when interacting with the user.,"not about flexibility, workload, efficiency, or optimize","flexibility, workload, efficiency, or optimize",0.2983015179634094
 Any interface between a user and the automated system shall have a maximum response time of 5 seconds  unless noted by an exception below.,"not about flexibility, workload, efficiency, or optimize","flexibility, workload, efficiency, or optimize",0.3176991045475006
 When purchasing a streaming movie or pre-paid card via credit card  the processing time should have a maximum response time of 15 seconds.,"not about flexibility, workload, efficiency, or optimize","flexibility, workload, efficiency, or optimize",0.15212959051132202
 When streaming a movie  the buffering time should take no longer than 10 seconds (plus any latency on the user’s connection.),"not about flexibility, workload, efficiency, or optimize","not about flexibility, workload, efficiency, or optimize",0.2272031456232071
 While streaming a movie  buffering should only occur if there is latency in the user’s connection.,"not about flexibility, workload, efficiency, or optimize","not about flexibility, workload, efficiency, or optimize",0.2038571983575821
 All credit card information will be secured on the server  and only accessible by authorized Izogn administrators.  Information will be encrypted in the database.,"not about flexibility, workload, efficiency, or optimize","not about flexibility, workload, efficiency, or optimize",0.130064457654953
 The website shall be available for use 24 hours per day  365 days per year.,"not about flexibility, workload, efficiency, or optimize","flexibility, workload, efficiency, or optimize",0.28758329153060913
The website shall achieve 99.5% up time.,"not about flexibility, workload, efficiency, or optimize","flexibility, workload, efficiency, or optimize",0.20365917682647705
 All movies shall be streamed on demand  at any time of the day.,"not about flexibility, workload, efficiency, or optimize","flexibility, workload, efficiency, or optimize",0.19445934891700745
The website shall continue to operate if the streaming server goes down.,"not about flexibility, workload, efficiency, or optimize","not about flexibility, workload, efficiency, or optimize",0.14548897743225098
The website shall continue to operate if the payment gateway goes down.,"not about flexibility, workload, efficiency, or optimize","flexibility, workload, efficiency, or optimize",0.2246657907962799
The streaming server will support 50 simultaneous streaming connections.,"flexibility, workload, efficiency, or optimize","flexibility, workload, efficiency, or optimize",0.12446590512990952
The streaming server will support a maximum of 700 movies  new servers can be added to support more movies.,"flexibility, workload, efficiency, or optimize","flexibility, workload, efficiency, or optimize",0.22131489217281342
 The server will support a maximum of 1 000 simultaneous users.,"flexibility, workload, efficiency, or optimize","flexibility, workload, efficiency, or optimize",0.2254171073436737
 The website shall be capable of supporting 100 000 customers.,"flexibility, workload, efficiency, or optimize","flexibility, workload, efficiency, or optimize",0.2362244725227356
The product shall be expected to operate within the maximum maintenance budget for a minimum of 2 years.,"not about flexibility, workload, efficiency, or optimize","flexibility, workload, efficiency, or optimize",0.3691255450248718
All aspects of the website shall be accessed by a web browser over the Internet.,"not about flexibility, workload, efficiency, or optimize","flexibility, workload, efficiency, or optimize",0.14107593894004822
The same hardware supporting the current website will be used to support the new system.,"not about flexibility, workload, efficiency, or optimize","flexibility, workload, efficiency, or optimize",0.37509292364120483
 We must be able to interface with the following browsers: IE 5.X  6.0  Netscape 6.x  7.x  8.x and Firefox 1.0.,"not about flexibility, workload, efficiency, or optimize","flexibility, workload, efficiency, or optimize",0.24090033769607544
Website must interface with the CyberSource API to process credit card transactions.,"not about flexibility, workload, efficiency, or optimize","flexibility, workload, efficiency, or optimize",0.18605506420135498
Website must be fully operational with MSN TV2.,"not about flexibility, workload, efficiency, or optimize","flexibility, workload, efficiency, or optimize",0.23570072650909424
Movies shall be encoded and streamed via Windows Media Player 9.0.,"not about flexibility, workload, efficiency, or optimize","flexibility, workload, efficiency, or optimize",0.10395713895559311
Movies shall be encoded for 56k and 256k streams.,"not about flexibility, workload, efficiency, or optimize","flexibility, workload, efficiency, or optimize",0.01244544330984354
Promotional updates to the website should take a day to update.,"not about flexibility, workload, efficiency, or optimize","flexibility, workload, efficiency, or optimize",0.2503967881202698
Izogn Administrator must be able to update the category listings on the website within 2 minutes.,"not about flexibility, workload, efficiency, or optimize","flexibility, workload, efficiency, or optimize",0.23395663499832153
Izogn Administrator must be able to add new products to the website within 2 minutes.,"not about flexibility, workload, efficiency, or optimize","flexibility, workload, efficiency, or optimize",0.19391345977783203
The system will provide a 24 hour 800 toll free number for support to its customers.,"not about flexibility, workload, efficiency, or optimize","flexibility, workload, efficiency, or optimize",0.30144909024238586
The website will provide a help section with answers and solutions to common problems.,"not about flexibility, workload, efficiency, or optimize","flexibility, workload, efficiency, or optimize",0.3512929677963257
 Velkat staff will be available for phone support between 7am-7pm  M-F to provide technical support to the Izogn administrators.,"not about flexibility, workload, efficiency, or optimize","flexibility, workload, efficiency, or optimize",0.18407759070396423
The product shall be able to be installed in the specified environment within 1 working day.,"not about flexibility, workload, efficiency, or optimize","flexibility, workload, efficiency, or optimize",0.42209547758102417
Only registered customers can purchase streaming movies.,"not about flexibility, workload, efficiency, or optimize","not about flexibility, workload, efficiency, or optimize",0.07787692546844482
 A customer can only stream a movie if they purchased it  and are within the 2 day viewing period.,"not about flexibility, workload, efficiency, or optimize","not about flexibility, workload, efficiency, or optimize",0.024190353229641914
Only authorized personnel can access customer records in the database.,"not about flexibility, workload, efficiency, or optimize","not about flexibility, workload, efficiency, or optimize",0.24941618740558624
Only administrators can activate a pre-paid card.,"not about flexibility, workload, efficiency, or optimize","not about flexibility, workload, efficiency, or optimize",0.21439123153686523
Only authorized personnel can access sales information.,"not about flexibility, workload, efficiency, or optimize","not about flexibility, workload, efficiency, or optimize",0.2684672772884369
The website shall prevent its data from being corrupted when incorrect data is entered in.,"not about flexibility, workload, efficiency, or optimize","not about flexibility, workload, efficiency, or optimize",0.23214997351169586
 The website shall protect itself from intentional abuse  and notify the administrator at all occurrences.,"not about flexibility, workload, efficiency, or optimize","flexibility, workload, efficiency, or optimize",0.18922080099582672
Data integrity scripts will be run on a weekly basis to verify the integrity of the database.,"not about flexibility, workload, efficiency, or optimize","flexibility, workload, efficiency, or optimize",0.23689422011375427
 The website shall make its user aware of its information practices before collection data from them via a Privacy Policy  accessible on all pages of the website.,"not about flexibility, workload, efficiency, or optimize","flexibility, workload, efficiency, or optimize",0.23892514407634735
The system shall notify customers of changes to its information policy.,"not about flexibility, workload, efficiency, or optimize","not about flexibility, workload, efficiency, or optimize",0.1559257060289383
The system shall reveal private information only in compliance with the organization’s information policy.,"not about flexibility, workload, efficiency, or optimize","not about flexibility, workload, efficiency, or optimize",0.16256298124790192
 All customer information will be stored on a secure database  accessible only to authorized personnel.,"not about flexibility, workload, efficiency, or optimize","not about flexibility, workload, efficiency, or optimize",0.2599014639854431
All credit card information will be encrypted in the database.,"not about flexibility, workload, efficiency, or optimize","flexibility, workload, efficiency, or optimize",0.053693532943725586
The streaming server will have anti-virus software to prevent infection of malicious viruses.,"not about flexibility, workload, efficiency, or optimize","flexibility, workload, efficiency, or optimize",0.14938920736312866
The website should cater to all tribes in Nigeria.,"not about flexibility, workload, efficiency, or optimize","flexibility, workload, efficiency, or optimize",0.12157903611660004
The website shall not be offensive to religious or ethnic groups.,"not about flexibility, workload, efficiency, or optimize","not about flexibility, workload, efficiency, or optimize",0.4396711587905884
 The website should appeal to all Africans  not only Nigerians.,"not about flexibility, workload, efficiency, or optimize","flexibility, workload, efficiency, or optimize",0.25201696157455444
The website should use Flash to provide animation on the home page.,"not about flexibility, workload, efficiency, or optimize","flexibility, workload, efficiency, or optimize",0.11993183195590973
IzognMovies shall meet the licensing requirements set forth by the appropriate organizations in order to stream African movies.,"not about flexibility, workload, efficiency, or optimize","flexibility, workload, efficiency, or optimize",0.1762543022632599
The website will comply with W3C standards.,"not about flexibility, workload, efficiency, or optimize","flexibility, workload, efficiency, or optimize",0.37533316016197205
The PHP code will comply with PEAR standards.,"not about flexibility, workload, efficiency, or optimize","flexibility, workload, efficiency, or optimize",0.2291252464056015
Total lead cycle time must be completed in 5 minutes for 90% of lead volume between the business hours of 8AM CST to 8PM CST  then 3 minutes for 99% of lead volume during off business hours.,"not about flexibility, workload, efficiency, or optimize","flexibility, workload, efficiency, or optimize",0.10715914517641068
No lead evaluation will complete in a time period longer than 25 seconds for 97% of all leads processed.,"not about flexibility, workload, efficiency, or optimize","not about flexibility, workload, efficiency, or optimize",0.06217414513230324
For leads that process longer than 25 seconds the system will record the event and duration,"not about flexibility, workload, efficiency, or optimize","flexibility, workload, efficiency, or optimize",0.29012537002563477
The process must fit within the processing time conditions set forth by the Auto Rep Assignment process in which a lead is assigned within 3 minutes of the total life cycle.,"not about flexibility, workload, efficiency, or optimize","flexibility, workload, efficiency, or optimize",0.2871776223182678
The lead washing process will operate within the established physical web service structure.,"not about flexibility, workload, efficiency, or optimize","flexibility, workload, efficiency, or optimize",0.19379349052906036
 The washing process must use a non binding  neutral data format  such as xml  when receiving and processing lead data.,"not about flexibility, workload, efficiency, or optimize","not about flexibility, workload, efficiency, or optimize",0.11736667901277542
Defect reports will be available to technical units on a 24x7 basis.,"not about flexibility, workload, efficiency, or optimize","flexibility, workload, efficiency, or optimize",0.2801690101623535
Washing parameters will be updated during scheduled maintenance hours.,"not about flexibility, workload, efficiency, or optimize","flexibility, workload, efficiency, or optimize",0.3581477105617523
The product shall simulate the look of ships at sea.,"not about flexibility, workload, efficiency, or optimize","flexibility, workload, efficiency, or optimize",0.2966168522834778
The product shall display the grids within a circle as a view from a periscope.,"not about flexibility, workload, efficiency, or optimize","flexibility, workload, efficiency, or optimize",0.28206372261047363
The product shall display each type of ship in a grid using an image of the specific type of ship.,"not about flexibility, workload, efficiency, or optimize","flexibility, workload, efficiency, or optimize",0.23877373337745667
 When the offensive player takes a shot  the product shall simulate the sound of a ship at sea.,"not about flexibility, workload, efficiency, or optimize","flexibility, workload, efficiency, or optimize",0.22042647004127502
 When a shot is marked as a miss  the product shall simulate the sound of a shot missing its target.,"not about flexibility, workload, efficiency, or optimize","flexibility, workload, efficiency, or optimize",0.16539497673511505
 When a shot is marked as a hit  the product shall simulate the sound of a shot hitting its target.,"not about flexibility, workload, efficiency, or optimize","flexibility, workload, efficiency, or optimize",0.315073698759079
 When a ship is sunk  the product shall simulate the sound of a sinking ship.,"not about flexibility, workload, efficiency, or optimize","flexibility, workload, efficiency, or optimize",0.10884828120470047
 The product shall be available 24 hours per day  seven days per week.,"not about flexibility, workload, efficiency, or optimize","flexibility, workload, efficiency, or optimize",0.3262499272823334
The product shall able to handle a large number of games simultaneously.,"not about flexibility, workload, efficiency, or optimize","flexibility, workload, efficiency, or optimize",0.42798590660095215
The response time shall be fast enough to maintain the flow of the game.  The response time shall be no more than 2 seconds for 95% of responses and no more than 4% for the remaining responses.,"not about flexibility, workload, efficiency, or optimize","flexibility, workload, efficiency, or optimize",0.3226020336151123
The product shall protect the identity of the players. The product shall provide players no access to information that might reveal the identity of another player.,"not about flexibility, workload, efficiency, or optimize","not about flexibility, workload, efficiency, or optimize",0.23296615481376648
The product shall be intuitive and self-explanatory.  Nine out ten users shall be able to successfully complete a game with no training.,"not about flexibility, workload, efficiency, or optimize","not about flexibility, workload, efficiency, or optimize",0.3808303773403168
 The product shall be available to players who understand English  Spanish and French.  The product shall allow the user to select the language upon accessing the product.,"not about flexibility, workload, efficiency, or optimize","flexibility, workload, efficiency, or optimize",0.16353926062583923
The product shall provide players no access to information that might reveal the identity of another player,"not about flexibility, workload, efficiency, or optimize","not about flexibility, workload, efficiency, or optimize",0.24010948836803436
The response time shall be fast enough to maintain the flow of the game. The response time shall be no more than 2 seconds for 95% of responses and no more than 4% for the remaining responses.,"not about flexibility, workload, efficiency, or optimize","flexibility, workload, efficiency, or optimize",0.3226020336151123
The system shall be easy to use by callers and supervisors. Callers and supervisors must be able to accomplish any system task within 2 minutes.,"not about flexibility, workload, efficiency, or optimize","flexibility, workload, efficiency, or optimize",0.4384046792984009
The system shall be easy to learn by callers and supervisors. Callers and supervisors shall learn how to use the system within 10 minutes.,"not about flexibility, workload, efficiency, or optimize","flexibility, workload, efficiency, or optimize",0.39058080315589905
 The system shall be responsive. At the DePaul TeleServices Center  when a supervisor uses the system to view a callers schedule  the system response time must be no more than 2 seconds 90% of the time and no more than 5 seconds the rest of the time.,"not about flexibility, workload, efficiency, or optimize","flexibility, workload, efficiency, or optimize",0.3500266969203949
 On a 56k connection  the system response time for all operations must be no more than 6 seconds 90% of the time.,"not about flexibility, workload, efficiency, or optimize","flexibility, workload, efficiency, or optimize",0.23773448169231415
 On a 112k connection or faster  the system response time for all operations must be no more than 3 seconds 90% of the time.,"not about flexibility, workload, efficiency, or optimize","flexibility, workload, efficiency, or optimize",0.2950151860713959
The system shall have high availability every day of the year.The system must be available for use between 12:00AM and 6:00PM all days of the year.,"not about flexibility, workload, efficiency, or optimize","flexibility, workload, efficiency, or optimize",0.308711439371109
The system must be available for use between 7:00AM and 11:59PM all days of the year.,"not about flexibility, workload, efficiency, or optimize","flexibility, workload, efficiency, or optimize",0.19807161390781403
The product shall be internet browser independent.The product must run using Internet Explorer and Netscape Navigator.,"not about flexibility, workload, efficiency, or optimize","not about flexibility, workload, efficiency, or optimize",0.15926450490951538
The product shall ensure that only supervisors can advertise empty time slots.The product must ensure that supervisors are allowed to access advertise empty time slots.,"not about flexibility, workload, efficiency, or optimize","not about flexibility, workload, efficiency, or optimize",0.3029540777206421
The product shall ensure that only supervisors can enter a caller’s schedule.The product must ensure that supervisors are allowed to access advertise empty time slots.,"not about flexibility, workload, efficiency, or optimize","not about flexibility, workload, efficiency, or optimize",0.26969414949417114
The product shall ensure that only supervisors can view schedule of all callers.The product must ensure that supervisors are allowed to access advertise empty time slots.,"not about flexibility, workload, efficiency, or optimize","not about flexibility, workload, efficiency, or optimize",0.2540270984172821
 The interface shall have a simple look. In the interface and usability survey  90% of beta testers must report that the interface is adequately simple.,"not about flexibility, workload, efficiency, or optimize","flexibility, workload, efficiency, or optimize",0.35300445556640625
 The interface shall be appealing to callers and supervisors. In the interface and usability survey  80% of beta testers must report that the interface is appealing.,"not about flexibility, workload, efficiency, or optimize","flexibility, workload, efficiency, or optimize",0.3940562903881073
The product shall provide GUI based Monitoring Services.System Administrators shall monitor message exchanges will predict and determine problems and will also provide internal and external support.,"not about flexibility, workload, efficiency, or optimize","flexibility, workload, efficiency, or optimize",0.33020904660224915
The product shall comply with City of Chicago Application Development Guide Framework.Application Development Framework will provide structured Graphical User Interface.,"not about flexibility, workload, efficiency, or optimize","flexibility, workload, efficiency, or optimize",0.316940575838089
The product shall provide Monitoring Services.The product shall be easy for System Administrators and DBAs to use after two weeks of usage.,"not about flexibility, workload, efficiency, or optimize","flexibility, workload, efficiency, or optimize",0.4300091862678528
The product shall provide Error Tracking Services.The product shall help the System Administrators and DBAs to resolve transaction errors 99% of the time.,"not about flexibility, workload, efficiency, or optimize","flexibility, workload, efficiency, or optimize",0.3314332365989685
The product shall provide Portals.The product shall help System Administrators to analyze the transactions with ad-hoc reporting and KPIs (Key Performance Indicators),"not about flexibility, workload, efficiency, or optimize","flexibility, workload, efficiency, or optimize",0.4073634147644043
The product shall provide Asynchronous Messaging.The product shall provide asynchronous messaging to enable parallel processing and reduce the overhead in communications,"not about flexibility, workload, efficiency, or optimize","flexibility, workload, efficiency, or optimize",0.37615150213241577
The product shall provide Multi-threading and Load Balancing.The product shall provide multi-threading technology as well as load balancing to overcome data load spikes and traffic.,"not about flexibility, workload, efficiency, or optimize","flexibility, workload, efficiency, or optimize",0.5117613077163696
The product shall process messages within 2 seconds.The product shall have a maximum message processing time of 2 seconds,"not about flexibility, workload, efficiency, or optimize","flexibility, workload, efficiency, or optimize",0.28534841537475586
The product shall poll the system for messages every second.The product shall poll the system for new messages at a maximum of every 1 second.,"not about flexibility, workload, efficiency, or optimize","flexibility, workload, efficiency, or optimize",0.18019479513168335
The product shall provide Dynamic Change Support and Transparent resource addition.The product shall support Transparent Resource addition and Dynamic Change support to provide scalability and avoid service interruptions of more than 1 day.,"not about flexibility, workload, efficiency, or optimize","flexibility, workload, efficiency, or optimize",0.6156080961227417
The product shall be available 99% of the time. Rationale: To avoid service interruption during busiest customer service response periods. The product shall be available 99.99% of the time for regular business days.,"not about flexibility, workload, efficiency, or optimize","flexibility, workload, efficiency, or optimize",0.41925227642059326
The product shall be robust.The product shall have fault avoidance based on standards adoption.,"not about flexibility, workload, efficiency, or optimize","flexibility, workload, efficiency, or optimize",0.4484061598777771
The product shall be robust with fault tolerance.The product shall have fault tolerance by using recovery technique compensatory transaction and routing around failures.,"not about flexibility, workload, efficiency, or optimize","flexibility, workload, efficiency, or optimize",0.445687860250473
The product shall be able to process all transactions.The product shall process minimum of 1 million transactions per year.,"flexibility, workload, efficiency, or optimize","flexibility, workload, efficiency, or optimize",0.35982856154441833
The product shall be platform independent.The product shall enable access to any type of development environment and platform.,"not about flexibility, workload, efficiency, or optimize","flexibility, workload, efficiency, or optimize",0.46453917026519775
The product shall interface CSR and Datastream.The product shall exchange messages between CSR and EAM on a real time basis without any direct interfaces between two systems.,"not about flexibility, workload, efficiency, or optimize","not about flexibility, workload, efficiency, or optimize",0.2926841974258423
 : The product shall continue to operate during upgrade  change or new resource addition.The product shall be able to continue to operate with no interruption in service due to new resource additions.,"not about flexibility, workload, efficiency, or optimize","flexibility, workload, efficiency, or optimize",0.5836842656135559
The product shall be updated on a regular basis.The product will have a new major feature introduced every six months and quarterly maintenance releases every six months.,"not about flexibility, workload, efficiency, or optimize","flexibility, workload, efficiency, or optimize",0.32034769654273987
The product shall operate with every platform.The product shall accommodate any new technology without any change in its architecture.,"not about flexibility, workload, efficiency, or optimize","flexibility, workload, efficiency, or optimize",0.4577794373035431
 The product shall have security.The product shall provide authentication  and authorization.,"not about flexibility, workload, efficiency, or optimize","flexibility, workload, efficiency, or optimize",0.3726671040058136
The product shall information Security. The product shall enable privacy by encryption WS-Security and Integrity Checking.,"not about flexibility, workload, efficiency, or optimize","flexibility, workload, efficiency, or optimize",0.27296948432922363
The product shall have audit capabilities.The product shall store messages for a minimum of one year for audit and transaction tracking purposes.,"not about flexibility, workload, efficiency, or optimize","flexibility, workload, efficiency, or optimize",0.3319210112094879
The system shall use IBM and CCR branding standards. The interface must have one IBM logo and one CCR logo.,"not about flexibility, workload, efficiency, or optimize","flexibility, workload, efficiency, or optimize",0.17124909162521362
The system shall be displayable on any work computer a CCR user may have. The system interface shall be formatted to display at 800 by 600 pixel resolution.,"not about flexibility, workload, efficiency, or optimize","flexibility, workload, efficiency, or optimize",0.3186347186565399
The system interface will use CCR nomenclature. The system must use the same nomenclature used in the existing WCS system and reports,"not about flexibility, workload, efficiency, or optimize","flexibility, workload, efficiency, or optimize",0.18979260325431824
The interface must summarize the data in a fashion that’s appealing to CCR management. Every report type must have at least one high level summary shown in the results dashboard/interface,"not about flexibility, workload, efficiency, or optimize","flexibility, workload, efficiency, or optimize",0.386570543050766
The system must use a point and click interface. 100% of all selection and navigation functionality must be able to be activated/selected by either a mouse or a keyboard,"not about flexibility, workload, efficiency, or optimize","flexibility, workload, efficiency, or optimize",0.2693641781806946
The interface shall be easy to use. 90% of users should be able to successfully use the system to generate a report on their first use. The interface should adhere to IBM usability standards.,"not about flexibility, workload, efficiency, or optimize","flexibility, workload, efficiency, or optimize",0.44362330436706543
Rreports must be easy to generate. eports must be generated within one button click and exported within one button click (after selecting the report),"not about flexibility, workload, efficiency, or optimize","flexibility, workload, efficiency, or optimize",0.4259273111820221
A user shall be able to use the system without instruction after a short amount of time. After one use a user should understand and remember 90% of the system usage and navigation.,"not about flexibility, workload, efficiency, or optimize","flexibility, workload, efficiency, or optimize",0.34978410601615906
All CCR users shall receive training before the WCS system is deployed. One training session will be held for 100% of CCR users before system deployment (based on a CCR user being available),"not about flexibility, workload, efficiency, or optimize","flexibility, workload, efficiency, or optimize",0.19654661417007446
The WCS system shall use appropriate nomenclature and terminology as defined by the Corporate Community Grants organization. All interfaces and reports will undergo usability tests by CCR users.,"not about flexibility, workload, efficiency, or optimize","flexibility, workload, efficiency, or optimize",0.20151695609092712
The WCS system shall be available at all times as long as IBM’s internal intranet W3 is accessible. The WCS system will be available 95% of the time IBM’s internal intranet W3 is available.,"not about flexibility, workload, efficiency, or optimize","flexibility, workload, efficiency, or optimize",0.36467820405960083
The WCS system shall have the ability to connect other designated WCS databases currently not included in the system.,"flexibility, workload, efficiency, or optimize","flexibility, workload, efficiency, or optimize",0.303240031003952
The WCS system shall have the ability to include data for regions outside the United States and be accessed by users outside of the United States if approved by CCR management.,"flexibility, workload, efficiency, or optimize","flexibility, workload, efficiency, or optimize",0.29357606172561646
The WCS system shall be run in a Windows environment. The WCS shall be accessed by users through the Internet on an IBM computer running a Windows 2000 or above operating system.,"not about flexibility, workload, efficiency, or optimize","flexibility, workload, efficiency, or optimize",0.1839059293270111
The Brio portion of the WCS system must be able to export files in spreadsheet form (Microsoft Excel and Lotus 1-2-3 formats).  Brio will provide buttons in the user interface that produce/export reports in .xls or .123 file formats.,"not about flexibility, workload, efficiency, or optimize","flexibility, workload, efficiency, or optimize",0.21248038113117218
The WCS system must run queries to the WCS databases once again (on a specified day) to update the available data available to CCR users. Queries must be made to external databases for data refresh once a week.,"not about flexibility, workload, efficiency, or optimize","flexibility, workload, efficiency, or optimize",0.2196543663740158
 All changes  updates  and additions to the WCS system shall be updated in the WCS Developer and WCS User Guides. Every change must be reflected in WCS system documentation,"not about flexibility, workload, efficiency, or optimize","flexibility, workload, efficiency, or optimize",0.35734042525291443
The system shall only be accessed by authorized Corporate Community Grants (CCR) employees. Users must be authenticated using their IBM intranet user name and password.,"not about flexibility, workload, efficiency, or optimize","not about flexibility, workload, efficiency, or optimize",0.19135619699954987
The WCS system shall not allow automatic logins by any user. Cookies containing WCS login information about a user will not be stored on a user’s computer.,"not about flexibility, workload, efficiency, or optimize","not about flexibility, workload, efficiency, or optimize",0.2545914947986603
Each team owner will need to use a username and password in order to be authenticated to reach the team owner’s page,"not about flexibility, workload, efficiency, or optimize","flexibility, workload, efficiency, or optimize",0.10133490711450577
The Commissioner will be the only authorized user per league to adjust league settings.,"not about flexibility, workload, efficiency, or optimize","flexibility, workload, efficiency, or optimize",0.14846134185791016
Each page shall contain a navigation menu which shows the index into which the current page is contained.,"not about flexibility, workload, efficiency, or optimize","flexibility, workload, efficiency, or optimize",0.27871161699295044
Each page shall contain a similar format with action items in one location and navigation buttons in a different location.,"not about flexibility, workload, efficiency, or optimize","flexibility, workload, efficiency, or optimize",0.43003928661346436
The message board shall contain the 5 most recently posted messages on the league page. The messages will contain up to the first 150 characters of the message.,"not about flexibility, workload, efficiency, or optimize","flexibility, workload, efficiency, or optimize",-0.008386090397834778
;A new user shall be able to navigate through the league and team pages within 30 seconds of reaching the start-up page.,"not about flexibility, workload, efficiency, or optimize","flexibility, workload, efficiency, or optimize",0.09742291271686554
Users shall be able to reach the ‘add’  ‘drop’  and ‘trade player’ pages with one click from the team owner’s page.,"not about flexibility, workload, efficiency, or optimize","flexibility, workload, efficiency, or optimize",0.2643205225467682
;Users shall be able to view at least 25 NFL player statistics and points on each page.,"not about flexibility, workload, efficiency, or optimize","flexibility, workload, efficiency, or optimize",0.12304611504077911
The application shall ask the user to confirm dropping a player or trading a player before performing the action.,"not about flexibility, workload, efficiency, or optimize","flexibility, workload, efficiency, or optimize",0.06004251539707184
The application shall be able to complete every user transaction within one fourth of a second of receiving the request over the network.,"not about flexibility, workload, efficiency, or optimize","flexibility, workload, efficiency, or optimize",0.2642216682434082
The application shall have a downtime of at most 10 minutes per year.,"not about flexibility, workload, efficiency, or optimize","flexibility, workload, efficiency, or optimize",0.2548256516456604
The application shall run on a web application server.,"not about flexibility, workload, efficiency, or optimize","flexibility, workload, efficiency, or optimize",0.2290193736553192
A primary database will be used to store cached data for active users.,"not about flexibility, workload, efficiency, or optimize","flexibility, workload, efficiency, or optimize",0.2894444167613983
A secondary database will be used to store historical statistics and data.,"not about flexibility, workload, efficiency, or optimize","flexibility, workload, efficiency, or optimize",0.10223063826560974
Application updates shall occur between 3AM and 6 AM CST on Wednesday morning during the middle of the NFL season.,"not about flexibility, workload, efficiency, or optimize","flexibility, workload, efficiency, or optimize",0.08055512607097626
New System version releases shall be released at the beginning of each NFL season.,"not about flexibility, workload, efficiency, or optimize","flexibility, workload, efficiency, or optimize",-0.004784945398569107
The RFS system should be available 24/7  especially during the budgeting period. The RFS system shall be available 90% of the time all year  and 98% during the budgeting period. 2% of the time  the system will become available within 1 hour of the time that the situation is reported.,"not about flexibility, workload, efficiency, or optimize","flexibility, workload, efficiency, or optimize",0.3413524329662323
98% of the user workstations shall meet the minimum hardware requirements prior to implementation. Minimum Hard Disk Space:  400MB.,"not about flexibility, workload, efficiency, or optimize","flexibility, workload, efficiency, or optimize",0.21943989396095276
98% of the user workstations shall meet the minimum software requirements prior to implementation: Microsoft Internet Explorer 5.0. Microsoft .NET Framework 1.1. Microsoft Internet Explorer Web Controls,"not about flexibility, workload, efficiency, or optimize","flexibility, workload, efficiency, or optimize",0.2699244022369385
The RFS system should be able to easily interface with the BDW environment  in order to load the data. •;7 data files shall be received from the BDW and loaded into the RFS system within 3 hours one day prior to the start of budgeting process  every year. The data will be as of October month-end. ;Test files (7) shall be loaded up to 5 times throughout the year  from the BDW.,"not about flexibility, workload, efficiency, or optimize","flexibility, workload, efficiency, or optimize",0.20602048933506012
Changes to revenue and expense formulae must be applied to the RFS system  every year  prior to the budgeting process start. Revenue and expense formulae will be updated within one week of their receipt  after which 2 weeks will be allotted to testing of the budget calculations  to be conducted jointly by the project development team and PCG Finance.,"not about flexibility, workload, efficiency, or optimize","flexibility, workload, efficiency, or optimize",0.16330522298812866
New branches/complexes/districts/regions and revenue/expense accounts added to the BDW  must be reflected in the RFS system. 100% of the entities (mentioned above) available as of October month-end  will be loaded into the RFS system  prior to the budget start process.,"not about flexibility, workload, efficiency, or optimize","flexibility, workload, efficiency, or optimize",0.20366935431957245
Only authorized user shall access the RFS system. ONLY users that exist in the UAS system  with the RFS system assigned to their role(s)  shall access the RFS system and use it.,"not about flexibility, workload, efficiency, or optimize","not about flexibility, workload, efficiency, or optimize",0.18651899695396423
;User access should be limited to the permissions granted to their role(s) Each level in the PCG hierarchy will be assigned a role and users will be assigned to these roles. Access to functionality within RFS system is dependent on the privileges/permission assigned to the role..,"not about flexibility, workload, efficiency, or optimize","flexibility, workload, efficiency, or optimize",0.20365917682647705
The product must comply with the intranet page standards and requirements of ENET Securities. 95% of the product look & feel will be approved by the Architecture group  prior to implementation. The remaining 5% will be corrected and approved within one month of product release.,"not about flexibility, workload, efficiency, or optimize","flexibility, workload, efficiency, or optimize",0.23355841636657715
 The intranet pages should display appropriately in all resolutions  from 800x600 and higher. The display of all the pages will be correct in 95% of the resolutions  prior to implementation. The remaining 5% will be corrected within a week of notification of the incorrect display.,"not about flexibility, workload, efficiency, or optimize","flexibility, workload, efficiency, or optimize",0.19042786955833435
The users should be able to easily use the system to successfully complete their budgets  within the stipulated time for completion. With a week of training prior to product implementation  98% of the users shall complete their budgets within the stipulated time.,"not about flexibility, workload, efficiency, or optimize","flexibility, workload, efficiency, or optimize",0.42630818486213684
The product interface should be fast. The response time of the product interface should not exceed 2 seconds 90% of the time. For 10% of the time  the response time should not be more than 10 seconds.not be more than 10 seconds.,"not about flexibility, workload, efficiency, or optimize","flexibility, workload, efficiency, or optimize",0.4534972310066223
