Requirement text,Gold label,Predicated label,ZSL score
The system shall refresh the display every 60 seconds.,"not about scalable, increasable or developable","scalable, increasable or developable",0.15199501812458038
The application shall match the color of the schema set forth by Department of Homeland Security,"not about scalable, increasable or developable","scalable, increasable or developable",0.14619730412960052
 If projected  the data must be readable.  On a 10x10 projection screen  90% of viewers must be able to read Event / Activity data from a viewing distance of 30,"not about scalable, increasable or developable","scalable, increasable or developable",0.22890911996364594
 The product shall be available during normal business hours. As long as the user has access to the client PC  the system will be available 99% of the time during the first six months of operation.,"not about scalable, increasable or developable","scalable, increasable or developable",0.19862589240074158
 If projected  the data must be understandable. On a 10x10 projection screen  90% of viewers must be able to determine that Events or Activities are occuring in current time from a viewing distance of 100,"not about scalable, increasable or developable","scalable, increasable or developable",0.31798386573791504
The product shall ensure that it can only be accessed by authorized users.  The product will be able to distinguish between authorized and unauthorized users in all access attempts,"not about scalable, increasable or developable","scalable, increasable or developable",0.36459484696388245
The product shall be intuitive and self-explanatory.  :  90% of new users shall be able to start the display of Events or Activities within 90 minutes of using the product.,"not about scalable, increasable or developable","scalable, increasable or developable",0.35766664147377014
The product shall respond fast to keep up-to-date data in the display.,"not about scalable, increasable or developable","scalable, increasable or developable",0.39539793133735657
The look and feel of the system shall conform to the user interface standards of the smart device.,"not about scalable, increasable or developable","scalable, increasable or developable",0.239131361246109
 The user interface shall have standard menus  buttons for navigation,"not about scalable, increasable or developable","scalable, increasable or developable",0.2588234543800354
The system shall have a professional appearance,"not about scalable, increasable or developable","scalable, increasable or developable",0.35328325629234314
The product shall have a consistent color scheme and fonts.,"not about scalable, increasable or developable","scalable, increasable or developable",0.24127556383609772
The system shall be used by realtors with no training.,"not about scalable, increasable or developable","not about scalable, increasable or developable",0.3067348003387451
The system shall be intuitive and self explanatory.,"not about scalable, increasable or developable","scalable, increasable or developable",0.38608062267303467
The product shall be easy for a realtor to learn.,"not about scalable, increasable or developable","scalable, increasable or developable",0.22419427335262299
The product shall use symbols and words that are naturally understandable by the realtor community.,"not about scalable, increasable or developable","scalable, increasable or developable",0.3149387240409851
The product shall produce search results in an acceptable time,"not about scalable, increasable or developable","scalable, increasable or developable",0.4360201060771942
The search results shall be returned no later 30      seconds  after the user has entered the search criteria,"not about scalable, increasable or developable","scalable, increasable or developable",0.060609906911849976
The product shall generate a CMA report in an acceptable time.,"not about scalable, increasable or developable","scalable, increasable or developable",0.3424144983291626
The CMA report shall be returned no later 60 seconds after the user has entered the CMA report criteria.,"not about scalable, increasable or developable","scalable, increasable or developable",0.16005006432533264
The product shall synchronize contacts and appointments in an acceptable time.,"not about scalable, increasable or developable","scalable, increasable or developable",0.2470148354768753
The product shall synchronize with the office system every hour.,"not about scalable, increasable or developable","scalable, increasable or developable",0.1984473466873169
 The product shall be available for use 24 hours per day  365 days  per year,"not about scalable, increasable or developable","scalable, increasable or developable",0.2351924329996109
 Out of 1000 accesses to the system  the system is available 999 times.,"not about scalable, increasable or developable","scalable, increasable or developable",0.3311747908592224
The product shall operate in offline mode whenever internet connection is unavailable.,"not about scalable, increasable or developable","scalable, increasable or developable",0.26531270146369934
 The product shall allow the user to view previously downloaded search results  CMA reports  and appointments.,"not about scalable, increasable or developable","scalable, increasable or developable",0.2065589874982834
The product shall retain user preferences in the event of a failure.,"not about scalable, increasable or developable","scalable, increasable or developable",0.29461267590522766
100% of saved user preferences shall be restored when system comes back online.,"not about scalable, increasable or developable","scalable, increasable or developable",0.2399812489748001
The product shall be able to support multiple remote users,"scalable, increasable or developable","scalable, increasable or developable",0.44731634855270386
The product shall be able support 1000 simultaneous users.,"scalable, increasable or developable","scalable, increasable or developable",0.364381343126297
The product shall be capable of handling the existing 1000 users. This number is expected to grow 5 times within the next year.,"scalable, increasable or developable","scalable, increasable or developable",0.11695250868797302
The product shall be installed by an untrained realtor   without recourse to separately-printed instructions.,"not about scalable, increasable or developable","not about scalable, increasable or developable",0.3770187199115753
90% of untrained realtors shall be able to install the product on their device without printed instructions,"not about scalable, increasable or developable","not about scalable, increasable or developable",0.3549620509147644
The product is expected to run on Windows CE and Palm operating systems.,"not about scalable, increasable or developable","scalable, increasable or developable",0.20682965219020844
Only registered realtors shall be able to access the system.,"not about scalable, increasable or developable","not about scalable, increasable or developable",0.2398744374513626
Every user of the system shall be authenticated and authorized.,"not about scalable, increasable or developable","scalable, increasable or developable",0.3841682970523834
The product shall prevent its data from incorrect data being introduced.,"not about scalable, increasable or developable","scalable, increasable or developable",0.3344420790672302
The system shall be easy to use by the Program Administrators/Nursing Staff Members.,"not about scalable, increasable or developable","scalable, increasable or developable",0.2545129954814911
All of the users shall be able to use the system after one day of training.,"not about scalable, increasable or developable","scalable, increasable or developable",0.20142067968845367
The system shall help the user avoid making mistakes while scheduling classes and clinicals for the nursing students.,"not about scalable, increasable or developable","not about scalable, increasable or developable",0.026844648644328117
The number of mistakes noted by the students shall be decreased by 50% in the first year.,"not about scalable, increasable or developable","not about scalable, increasable or developable",-0.09994591772556305
The system shall be intuitive to the Program Administrators/Nursing Staff Members.,"not about scalable, increasable or developable","scalable, increasable or developable",0.3160369396209717
2 out of 3 Program Administrators/Nursing Staff Members shall successfully be able to use the system to manage the scheduling of classes and clinicals.,"not about scalable, increasable or developable","scalable, increasable or developable",0.17472326755523682
The system shall use symbols and words that are naturally understandable by the user community.,"not about scalable, increasable or developable","scalable, increasable or developable",0.32105913758277893
The verbiage used within the system shall be consistent with Standard English and the terminology of the national Nursing Community.,"not about scalable, increasable or developable","scalable, increasable or developable",0.18877266347408295
Staff members shall be able to complete a set of tasks in a timely manner.,"not about scalable, increasable or developable","scalable, increasable or developable",0.39554286003112793
The response time of general student management tasks shall take no longer than 5 seconds and the response time of schedule generation shall take no longer than 30 seconds.,"not about scalable, increasable or developable","not about scalable, increasable or developable",0.0003044288605451584
The system shall be available for use between the hours of 8am and 6pm.,"not about scalable, increasable or developable","scalable, increasable or developable",0.197812020778656
The system shall achieve 95% up time.,"not about scalable, increasable or developable","scalable, increasable or developable",0.24336972832679749
system shall be able to handle all of the user requests/usage during business hours.,"scalable, increasable or developable","scalable, increasable or developable",0.26604270935058594
The system shall cater to 10 simultaneous users from 9am to 5pm.,"scalable, increasable or developable","scalable, increasable or developable",0.16051584482192993
The system shall be capable of processing 100% of nursing students and their classes for the next 10 years.,"scalable, increasable or developable","scalable, increasable or developable",0.12197020649909973
The system shall be expected to manage the nursing program curriculum and class/clinical scheduling for a minimum of 5 years.,"scalable, increasable or developable","scalable, increasable or developable",-0.04630976915359497
The system shall able to operate within a business office environment typical of the Nursing Department at DePaul University.,"not about scalable, increasable or developable","scalable, increasable or developable",0.17792949080467224
The system shall be used within the specifications defined by the computers used by the Program Administrators/Nursing Staff Members.,"not about scalable, increasable or developable","scalable, increasable or developable",0.23502349853515625
The system shall operate within the Windows XP Professional operating system.,"not about scalable, increasable or developable","scalable, increasable or developable",0.21195071935653687
The system shall interface with CampusConnect’s central server,"not about scalable, increasable or developable","scalable, increasable or developable",0.265174925327301
The system shall interface with the faculty central server.,"not about scalable, increasable or developable","scalable, increasable or developable",0.2364455759525299
The system shall interface with the student master server.,"not about scalable, increasable or developable","scalable, increasable or developable",0.15598711371421814
We must be able to interface with any HTML browser.,"not about scalable, increasable or developable","scalable, increasable or developable",0.3981770873069763
Only authorized users shall have access to clinical site information.,"not about scalable, increasable or developable","not about scalable, increasable or developable",0.1484525203704834
Program Administrators/Nursing Staff Members are the only people who shall have access to clinical site details.,"not about scalable, increasable or developable","scalable, increasable or developable",0.14473366737365723
Only authorized users shall have access to students’ personal information.,"not about scalable, increasable or developable","not about scalable, increasable or developable",0.1345711499452591
Dr Susan Poslusny and Dr Julie Donalek are the only people who shall have access to students’ personal information.,"not about scalable, increasable or developable","not about scalable, increasable or developable",0.17934349179267883
Only authorized users shall have access to the portion of the system that interfaces with CampusConnect.,"not about scalable, increasable or developable","not about scalable, increasable or developable",0.2593269944190979
Fit Criterion: Dr Susan Poslusny and Karen Sysol are the only people who shall have access to the final class section scheduling for the system that interfaces with CampusConnect.,"not about scalable, increasable or developable","scalable, increasable or developable",0.222900390625
The system shall have basic data integrity checking to reduce the possibility of incorrect or invalid data being introduced.,"not about scalable, increasable or developable","scalable, increasable or developable",0.2384263128042221
The system shall protect private information in accordance with the organization’s information policy.,"not about scalable, increasable or developable","not about scalable, increasable or developable",0.07919777929782867
The system shall be built such that it is as secure as possible from malicious interference.,"not about scalable, increasable or developable","scalable, increasable or developable",0.25736284255981445
The system shall use the organization’s standard virus protection software to help monitor threats to itself.,"not about scalable, increasable or developable","scalable, increasable or developable",0.24385079741477966
The Disputes application shall comply with the corporate standards for user interface creation for internally and externally used applications.,"not about scalable, increasable or developable","scalable, increasable or developable",0.33158791065216064
All screens created as part of the Disputes application must comply with corporate standards for interface creation.,"not about scalable, increasable or developable","scalable, increasable or developable",0.29968634247779846
The list of dispute cases that are displayed after a search is performed must be color coded for easy identification of dispute cases based upon the dispute case status.,"not about scalable, increasable or developable","scalable, increasable or developable",0.1773398071527481
100% of the cardmember and merchant services representatives shall use the Disputes application regularly after a 2-day training course.,"not about scalable, increasable or developable","scalable, increasable or developable",0.08515399694442749
100% of cardmember services representatives shall be able to successfully create a dispute case on the first encounter after completing the training course.,"not about scalable, increasable or developable","scalable, increasable or developable",0.17877614498138428
100% of merchant services representatives shall be able to successfully perform a follow up action on a dispute case on the first encounter after completing the training course.,"not about scalable, increasable or developable","scalable, increasable or developable",0.13554322719573975
The maximum wait time for a user navigating from one screen to another within the Disputes application shall be no more than 5 seconds.,"not about scalable, increasable or developable","not about scalable, increasable or developable",0.09319626539945602
The Disputes application shall support 350 concurrent users without any degradation of performance in the application.,"not about scalable, increasable or developable","not about scalable, increasable or developable",0.26545092463493347
 The Disputes application shall be available 24x7x365  with the exception of the following scheduled maintenance windows.  Monday – Saturday 3:00am to 4:00am EST Sunday 1:00amd to 5:00am EST,"not about scalable, increasable or developable","scalable, increasable or developable",0.22890666127204895
The Disputes application shall interface with the Statement Database. The Statement Database provides the transaction details to the Disputes System. All transaction details must be obtained from the Statement Database,"not about scalable, increasable or developable","scalable, increasable or developable",0.3447323441505432
The Disputes application shall interface with the Cardmember Information Database.  The Cardmember Information Database provides detailed information with regard to a cardmember.  All cardmember detail information must be obtained from the Cardmember Information Database.,"not about scalable, increasable or developable","scalable, increasable or developable",0.3122923672199249
The Disputes applications shall interface with the Merchant Information Database.  The Merchant Information Database provides detailed information with regard to the merchant. All merchant detail information shall be obtained from the Merchant Information Database.,"not about scalable, increasable or developable","scalable, increasable or developable",0.21995070576667786
The Disputes application shall interface with the Letters application.  This will allow the Disputes application to request letters as part of the dispute initiation and dispute follow up process. All letter requests must be sent to the Print Letter Utility application.,"not about scalable, increasable or developable","scalable, increasable or developable",0.2287483811378479
The Disputes application shall interface with the Cardmember Posting and Billing System.  This will allow the Disputes application to request adjustments to cardmember and merchant’s accounts. All adjustment requests must be sent to the Cardmember Posting and Billing System.,"not about scalable, increasable or developable","scalable, increasable or developable",0.21369008719921112
The Disputes application shall ensure that only users with the appropriate access level are allowed to initiate dispute requests.,"not about scalable, increasable or developable","scalable, increasable or developable",0.28369876742362976
Only users with Update access must be able to initiate dispute requests.,"not about scalable, increasable or developable","scalable, increasable or developable",0.28894269466400146
The Disputes application shall ensure that only authorized users are allowed to logon to the application.,"not about scalable, increasable or developable","scalable, increasable or developable",0.25701430439949036
 All authorized users  once authenticated must be able to logon to the Disputes System,"not about scalable, increasable or developable","scalable, increasable or developable",0.3343137502670288
The Disputes System shall generate a User Report that details any new users that have been added and any changes to an existing user’s access level.  The report will be reviewed for auditing purposes.,"not about scalable, increasable or developable","scalable, increasable or developable",0.2596333622932434
All additions of new users and modifications to user’s access shall be recorded on the User Report.,"not about scalable, increasable or developable","scalable, increasable or developable",0.33722758293151855
 If a user account is revoked  it can only be re-instantiated by the System Administrator.,"not about scalable, increasable or developable","scalable, increasable or developable",0.2339612990617752
Only the System Administrator shall be able to reset a revoked user logon account,"not about scalable, increasable or developable","scalable, increasable or developable",0.1215222105383873
The Disputes application shall manipulate and view business data. Users will not have direct access to data files or databases.,"not about scalable, increasable or developable","scalable, increasable or developable",0.2165711522102356
All updates to data files or database must be initiated from the Disputes System.,"not about scalable, increasable or developable","scalable, increasable or developable",0.3632025718688965
The Disputes application must conform to the legal requirements as specified by the Merchant Operating Regulations.,"not about scalable, increasable or developable","scalable, increasable or developable",0.17238399386405945
All business rules specified in the Disputes System shall be in compliance with the Merchant Operating Regulations.,"not about scalable, increasable or developable","scalable, increasable or developable",0.1697252243757248
The Disputes application must conform to the legal requirements as specified by Regulation E and Regulation Z that govern credit card disputes processing.,"not about scalable, increasable or developable","scalable, increasable or developable",0.16102783381938934
All business rules specified in the Disputes System shall be in compliance to the guidelines of Regulation E and Regulation Z.,"not about scalable, increasable or developable","scalable, increasable or developable",0.2124595046043396
The Disputes application must maintain a detailed history of every action that a user takes on a dispute case.  This ensures a complete audit trail if questions arise later on with regard to a particular dispute case.,"not about scalable, increasable or developable","scalable, increasable or developable",0.30491334199905396
All actions that modify an existing dispute case must be recorded in the case history.,"not about scalable, increasable or developable","scalable, increasable or developable",0.3887324035167694
The product must support Internet Explorer 5.5 and above.,"not about scalable, increasable or developable","scalable, increasable or developable",0.20728883147239685
The product must support Mozilla Firefox 1.0 and above.,"not about scalable, increasable or developable","scalable, increasable or developable",0.31880009174346924
The product shall interface with the Choice Parts System.  This provides the feed of recycled parts data.,"not about scalable, increasable or developable","scalable, increasable or developable",0.18685394525527954
The product shall run on the existing hardware for all environments.,"not about scalable, increasable or developable","scalable, increasable or developable",0.48742982745170593
The product shall adhere to the corporate Architecture guidelines,"not about scalable, increasable or developable","scalable, increasable or developable",0.1788492053747177
The product shall comply with corporate User Interface Guidelines,"not about scalable, increasable or developable","scalable, increasable or developable",0.25964611768722534
The product shall comply with corporate color scheme,"not about scalable, increasable or developable","scalable, increasable or developable",0.18203964829444885
The appearance of the product shall appear professional,"not about scalable, increasable or developable","scalable, increasable or developable",0.3647100031375885
The product shall be easy to use by Adjusters and Collision Estimators.  95% of Adjusters and Collision Estimators shall find the product easy to use.,"not about scalable, increasable or developable","scalable, increasable or developable",0.33117344975471497
The product shall increase productivity of Collision Estimators. 80% of the Collision Estimators shall agree their productivity has increase within 1 month of using the product.,"not about scalable, increasable or developable","scalable, increasable or developable",0.22987456619739532
Users shall feel satisfied using the product.  85% of all users will be satisfied with the product.,"not about scalable, increasable or developable","scalable, increasable or developable",0.18642514944076538
The product shall be easy to learn by Adjusters and Collision Estimators.  The product shall be learned with two days onsite training,"not about scalable, increasable or developable","scalable, increasable or developable",0.21765939891338348
The user shall easily locate instructions while using the product.  User help can be found within 90% of the system.,"not about scalable, increasable or developable","scalable, increasable or developable",0.3897281885147095
The search for recycled parts shall take no longer than 15 seconds.  The search results shall be returned in under 15 seconds.,"not about scalable, increasable or developable","scalable, increasable or developable",0.16119953989982605
The search for the preferred repair facility shall take no longer than 8 seconds.  The preferred repair facility is returned within 8 seconds,"not about scalable, increasable or developable","scalable, increasable or developable",0.17503495514392853
The recycled parts audit report shall be returned to the user within 10 seconds.  The audit report shall be returned within 10 seconds.,"not about scalable, increasable or developable","scalable, increasable or developable",0.13651536405086517
The preferred repair facility ratings shall be saved within 5 seconds. The save shall occur within 5 seconds.,"not about scalable, increasable or developable","scalable, increasable or developable",-0.038024209439754486
The product shall adhere to the corporate online availability schedule.  The application is brought down only within 98% of the scheduled outages per the availability schedule.,"not about scalable, increasable or developable","scalable, increasable or developable",0.27798476815223694
The product shall achieve a 98% uptime. The product shall not fail more than 2% of the available online time.,"not about scalable, increasable or developable","scalable, increasable or developable",0.30755484104156494
The product shall be able to handle up to 1500 simultaneous users. The system shall perform with 1500 users as a time.,"scalable, increasable or developable","scalable, increasable or developable",0.2910967469215393
 The average number of recycled parts records per day shall be 50 000.,"scalable, increasable or developable","not about scalable, increasable or developable",0.03359079360961914
 The product shall be able to handle 10 000 concurrent users within 2 years of the initial launch.,"scalable, increasable or developable","scalable, increasable or developable",0.12013993412256241
 For estimators  the product shall be able to be operated in a repair facility during dirty and noisy conditions.,"not about scalable, increasable or developable","scalable, increasable or developable",0.4420705735683441
The product shall interface with the ChoiceParts system once per day at approximately 1:00 AM.,"not about scalable, increasable or developable","scalable, increasable or developable",0.20248928666114807
The maintenance of the product will fall within the established corporate maintenance windows.,"not about scalable, increasable or developable","scalable, increasable or developable",0.27376431226730347
The product shall be supported using the corporate support center.,"not about scalable, increasable or developable","scalable, increasable or developable",0.2680829167366028
Product installations and upgrades shall be handled by the middleware technology team within established launch time frames.,"not about scalable, increasable or developable","scalable, increasable or developable",0.40072357654571533
Only adjusters can request recycled parts audit reports. No users without an adjuster role shall request recycled parts audits.,"not about scalable, increasable or developable","not about scalable, increasable or developable",0.2557744085788727
Only adjusters with a supervisor role can update preferred repair facility ratings. Users without the supervisor role cannot access the repair facility ratings.,"not about scalable, increasable or developable","not about scalable, increasable or developable",0.2268897444009781
Only collision estimators shall search for recycled parts.  Users without the collision estimator role shall not have access to the search for recycled parts.,"not about scalable, increasable or developable","not about scalable, increasable or developable",0.3007453382015228
Only valid data shall be entered into the system.  No invalid data shall be entered into the system.,"not about scalable, increasable or developable","not about scalable, increasable or developable",0.37372472882270813
One insurance company shall not be able to view another insurance companys claim data.,"not about scalable, increasable or developable","not about scalable, increasable or developable",0.14714175462722778
The product shall free of computer viruses.,"not about scalable, increasable or developable","not about scalable, increasable or developable",0.25040125846862793
The system shall prevent malicious attacks including denial of service.,"not about scalable, increasable or developable","not about scalable, increasable or developable",0.1892932653427124
The product must comply with Sarbanes-Oxley.,"not about scalable, increasable or developable","scalable, increasable or developable",0.2769506275653839
The product shall comply with the estimatics laws relating to recycled parts usage.,"not about scalable, increasable or developable","scalable, increasable or developable",0.1888694167137146
The product shall comply with insurance regulations regarding claims processing.,"not about scalable, increasable or developable","scalable, increasable or developable",0.14191144704818726
 The product must work with most database management systems (DBMS) on the market  whether the DBMS is colocated with the product on the same machine or is located on a different machine on the computer network.,"not about scalable, increasable or developable","scalable, increasable or developable",0.36745429039001465
The product will function alongside server software on any operating system where the Java runtime can be installed.,"not about scalable, increasable or developable","scalable, increasable or developable",0.3108835220336914
The product will require collaboration with a database management system (DBMS).  The DBMS may be located on the same machine as the product or on a separate machine residing on the same computer network.,"not about scalable, increasable or developable","scalable, increasable or developable",0.36636418104171753
 The product must make use of web/application server technology.  Open source examples include Apache web server  Tomcat  and the JBoss application server.,"not about scalable, increasable or developable","scalable, increasable or developable",0.41292473673820496
 A database management system such as Oracle  DB2  MySql or HSQL will need to be integrated with the product.,"not about scalable, increasable or developable","scalable, increasable or developable",0.3111170530319214
 The product’s Look and Feel shall be able to incorporate aspects of the customer’s organization such as logo  branding  and identity,"not about scalable, increasable or developable","scalable, increasable or developable",0.23957926034927368
The product shall have a conservative and professional appearance.,"not about scalable, increasable or developable","not about scalable, increasable or developable",0.22754225134849548
The product shall make the users want to use it. 80% of the users surveyed report they are regularly using the product after the first 2 weeks post-launch.,"not about scalable, increasable or developable","scalable, increasable or developable",0.0869828462600708
The product shall be easy to use. 90% of users will be able to successfully reserve a conference room within 5 minutes of product use.,"not about scalable, increasable or developable","scalable, increasable or developable",0.15136922895908356
The product shall give users feedback when necessary. 80% of the users surveyed report that the product accurately confirms their actions.,"not about scalable, increasable or developable","scalable, increasable or developable",0.2962902784347534
The product shall allow the user to select a chosen language from one of the target market countries.,"not about scalable, increasable or developable","scalable, increasable or developable",0.18818295001983643
The product shall allow for customization of start page and views preferences.,"not about scalable, increasable or developable","scalable, increasable or developable",0.3699222207069397
 An employee will be able to successfully use the product within a few minutes.  After informally navigating the product for less than 15 minutes  users shall be able to successfully setup meetings and reserve conference rooms.,"not about scalable, increasable or developable","scalable, increasable or developable",0.20374266803264618
The product shall use a standard navigation menu familiar to most web users.,"not about scalable, increasable or developable","scalable, increasable or developable",0.280318945646286
The product shall allow for intuitive searching of available conference rooms.,"not about scalable, increasable or developable","scalable, increasable or developable",0.40066638588905334
The product shall conform to the Americans with Disabilities Act.,"not about scalable, increasable or developable","scalable, increasable or developable",0.2931346893310547
The response shall be fast enough to avoid interrupting the user’s flow of thought.  90% of tasks shall complete within 5 seconds.  98% of tasks shall complete within 8 seconds.,"not about scalable, increasable or developable","scalable, increasable or developable",0.24644196033477783
 Aside from server failure  the software product shall achieve 99.99% up time.,"not about scalable, increasable or developable","scalable, increasable or developable",0.3957946300506592
The product shall create an exception log of problems encountered within the product for transmission to our company for analysis and resolution.,"not about scalable, increasable or developable","scalable, increasable or developable",0.24975603818893433
 The product shall be capable of handling up to 1 000 concurrent requests.  This number will increase to 2 000 by Release 2.  The concurrency capacity must be able to handle peak scheduling times such as early morning and late afternoon hours.,"scalable, increasable or developable","scalable, increasable or developable",0.4034101963043213
 The product shall be able to process 10 000 transactions per hour within two years of its launch.  This number will increase to 20 000 by Release 2.,"scalable, increasable or developable","scalable, increasable or developable",0.0728963166475296
The product shall be expected to operate for at least 5 years for each customer installation.,"scalable, increasable or developable","scalable, increasable or developable",0.03410932049155235
The product shall be used in office environments.,"not about scalable, increasable or developable","scalable, increasable or developable",0.2981361746788025
The product must be able to interface with any HTML browser.  The product shall transmit data between the user and the product without problems. The product shall display HTML properly in 80% of all HTML browsers tested (minimum is to test 8 browsers).,"not about scalable, increasable or developable","scalable, increasable or developable",0.326972633600235
The product must be able to interface with various database management systems. The product shall communicate successfully with the database management system on 100% of all transactions.,"not about scalable, increasable or developable","scalable, increasable or developable",0.3652629554271698
The product must be able to interface with various email servers. The product shall be able to send email.,"not about scalable, increasable or developable","scalable, increasable or developable",0.21613121032714844
The product shall be available for distribution via the Internet as a binary or ZIP file.,"not about scalable, increasable or developable","scalable, increasable or developable",0.16439495980739594
The product shall be available for distribution as a packaged CD.,"not about scalable, increasable or developable","scalable, increasable or developable",0.22024953365325928
 The product will be available for licensing as a one-server  two-five servers  or five-or-more servers license.,"not about scalable, increasable or developable","scalable, increasable or developable",0.20435890555381775
A new user must be able to be added to the system within 10 minutes.  90% of new users are able to log into the system within 10 minutes.,"not about scalable, increasable or developable","scalable, increasable or developable",0.25067996978759766
The product must be designed using Design Patterns and coding best practices.  90% of maintenance software developers are able to integrate new functionality into the product with 2 working days.,"not about scalable, increasable or developable","scalable, increasable or developable",0.32042786478996277
The product must be highly configurable for use with various database management systems for the end users.  80% of end users are able to integrate new database management systems with the product without changing the product’s software code.,"not about scalable, increasable or developable","scalable, increasable or developable",0.39168083667755127
Maintenance releases will be offered to customers once a year.  The releases shall take no longer than 5 minutes for 80% of the customer base to install.,"not about scalable, increasable or developable","scalable, increasable or developable",-0.012431282550096512
Every registered user will have access to the product’s support site via the Internet.  70% of registered users shall find a solution to their problem within 5 minutes of using the support site.,"not about scalable, increasable or developable","scalable, increasable or developable",0.09419336169958115
The customer shall be able to easily integrate new building maps with the product throughout the product’s lifecycle.  Integration of new maps with the product shall be possible with little to no support from product support staff.,"not about scalable, increasable or developable","scalable, increasable or developable",0.2829051613807678
 The product shall be translated into foreign languages other than the target market countries’ languages in future releases.  For each emerging target market  it shall take no more than 5 days to configure the product for that market’s language.,"not about scalable, increasable or developable","scalable, increasable or developable",0.07910070568323135
 The product is expected to integrate with multiple database management systems.  The product will operate with Oracle  SQL Server  DB2  MySQL  HSQL  and MS Access.,"not about scalable, increasable or developable","scalable, increasable or developable",0.2440928816795349
The product shall be able to be installed in any operating environment within 2 days.,"not about scalable, increasable or developable","scalable, increasable or developable",0.26787373423576355
The product shall ensure that only company employees or external users with company-approved user IDs may have product access.  100% of all logons shall be by either company employees or external users with company-approved user IDs.,"not about scalable, increasable or developable","scalable, increasable or developable",0.25392934679985046
Only managers are able to perform search queries for reservations by user.  100% of all search queries for reservations by user shall be from logons of only management logons.,"not about scalable, increasable or developable","scalable, increasable or developable",0.174042746424675
The product shall ensure that the database’s data corresponds to the data entered by the user.  Each conference room reservation in the system will contain the same information as was entered by the user.,"not about scalable, increasable or developable","scalable, increasable or developable",0.2107463777065277
The product shall prevent the input of malicious data.  The product and/or adjacent hardware/software systems’ data shall remain 100% uncorrupted each time malicious data is input into the product.,"not about scalable, increasable or developable","scalable, increasable or developable",0.36671334505081177
The product and/or dependent databases/filesystems shall remain operational as a result of the input of malicious data.  The product and/or dependent databases/filesystems shall not crash 100% of the time that malicious data is input into the product.,"not about scalable, increasable or developable","scalable, increasable or developable",0.39646509289741516
The product shall have the ability to receive automatic software updates as new threats emerge.  100% of customers will be able to receive automatic software updates transmitted to the installed product.,"not about scalable, increasable or developable","scalable, increasable or developable",0.35089585185050964
The language of the product shall accommodate all of the target market countries. 90% of survey respondents from each target market country will find that the language of the product is acceptable.,"scalable, increasable or developable","scalable, increasable or developable",0.24600034952163696
The product shall be able to display calendar dates and times according to the user’s locale.  90% of survey respondents from each target market country will find that the date and time formatting of the product is correct.,"not about scalable, increasable or developable","scalable, increasable or developable",0.18146955966949463
The product must be developed with the J2SE/J2EE programming language libraries,"not about scalable, increasable or developable","scalable, increasable or developable",0.3343276381492615
Recreation of Inventory Quantity Adjustment for the period of previous 30 days shall take no more than 30min.,"not about scalable, increasable or developable","not about scalable, increasable or developable",0.09422685205936432
The System shall allow for a minimum of  6 users to work at the same time.,"not about scalable, increasable or developable","scalable, increasable or developable",0.29396069049835205
The System shall utilize currently owned computer equipment.,"not about scalable, increasable or developable","scalable, increasable or developable",0.4415662884712219
The System shall be able to automatically backup business data and restore them on demand.,"not about scalable, increasable or developable","scalable, increasable or developable",0.2059752643108368
The System shall maintain consistent security.  Any changes in user passwords and/or permissions should take affect in all parts of the System.,"not about scalable, increasable or developable","scalable, increasable or developable",0.2889101505279541
The System shall granularly control access rights to all major subsystems.  It should be possible to assign access rights to all subsystems independently.,"not about scalable, increasable or developable","scalable, increasable or developable",0.48053863644599915
The System shall meet all applicable accounting standards.  The final version of the System must successfully pass independent audit performed by a certified auditor.,"not about scalable, increasable or developable","scalable, increasable or developable",0.17543214559555054
The System shall not require additional third party licenses resulting in royalty fees.,"not about scalable, increasable or developable","not about scalable, increasable or developable",0.42844635248184204
Administrator shall be able to activate a pre-paid card via the Administration section in under 5 seconds.,"not about scalable, increasable or developable","scalable, increasable or developable",0.09471189975738525
 Customer shall be able to check the status of their prepaid card  by entering in the PIN number  in under 5 seconds.,"not about scalable, increasable or developable","scalable, increasable or developable",-0.08760063350200653
System shall let customers register on the website as a “pay as you go” user in under 5 minutes.,"not about scalable, increasable or developable","scalable, increasable or developable",-0.05044692009687424
System shall let customers register on the website as a “unlimited movie subscriber” user in under 10 minutes.,"not about scalable, increasable or developable","scalable, increasable or developable",0.12842592597007751
System shall let existing customers log into the website with their email address and password in under 5 seconds.,"not about scalable, increasable or developable","scalable, increasable or developable",-0.03899500519037247
 System shall let customers cancel their account  process shall take no longer than 2 minutes.  Database will mark the account as inactive  and user will not be able to log into the website.,"not about scalable, increasable or developable","not about scalable, increasable or developable",0.0492575503885746
System shall let administrator de-activate a customer account in under 1 minute. Customer will no longer be able to access the website.,"not about scalable, increasable or developable","scalable, increasable or developable",0.11096475273370743
System shall let administrator add/remove movies on the website in under 5 minutes.  Entered movie information will be stored in the database and will now be available on the website.,"not about scalable, increasable or developable","scalable, increasable or developable",0.05012417957186699
System shall let the administrator add/remove categories on the website in under 5 minutes.,"not about scalable, increasable or developable","scalable, increasable or developable",0.07503683865070343
System shall let Izogn Manager access sales and usage statistics in under 2 minutes.,"not about scalable, increasable or developable","scalable, increasable or developable",0.03852513059973717
System shall let administrators generate unique pre-paid pins in under 2 minutes and generate an Excel file with the generated PINs.,"not about scalable, increasable or developable","scalable, increasable or developable",0.16972926259040833
The website shall be attractive to all audiences.  The website shall appear to be fun and the colors should be bright and vibrant.,"not about scalable, increasable or developable","scalable, increasable or developable",0.2467956393957138
 The website should have an African feel  but should not alienate non-Africans.  The website should use animation on pages which are describing the services  to grab the users attention and encourage them to sign up.,"not about scalable, increasable or developable","scalable, increasable or developable",0.1917324960231781
 The website design should be modern  clean  and concise.,"not about scalable, increasable or developable","not about scalable, increasable or developable",0.3703433573246002
The product should be able to be used by 90% of novice users on the Internet.,"not about scalable, increasable or developable","scalable, increasable or developable",0.18978676199913025
 Users should only have to navigate through a maximum of 4 pages  to create an account with the website.,"not about scalable, increasable or developable","not about scalable, increasable or developable",0.1374722421169281
Users should be able to access their streaming movies in under 2 clicks after logging into the website.,"not about scalable, increasable or developable","scalable, increasable or developable",0.047130681574344635
An anonymous survey will show that 70% of customers are comfortable purchasing streaming movies after 2 weeks using the website.,"not about scalable, increasable or developable","scalable, increasable or developable",-0.07563981413841248
An anonymous survey will show that 95% of customers are comfortable using and purchasing pre-paid cards after a month of using the system.,"not about scalable, increasable or developable","scalable, increasable or developable",-0.07732155174016953
The product shall retain the customer’s buying preferences and information.,"not about scalable, increasable or developable","not about scalable, increasable or developable",0.1238589808344841
The product shall be easy for customers with novice skills on the  Internet to purchase and watch streaming movies.  Customers should be able to purchase and watch a pre-determined movie in under 3 minutes.,"not about scalable, increasable or developable","scalable, increasable or developable",0.10334347188472748
The product shall use symbols and words that are naturally understandable by users familiar with websites,"not about scalable, increasable or developable","scalable, increasable or developable",0.3580628037452698
The website will use standard Internet conventions when interacting with the user.,"not about scalable, increasable or developable","scalable, increasable or developable",0.27012553811073303
 Any interface between a user and the automated system shall have a maximum response time of 5 seconds  unless noted by an exception below.,"not about scalable, increasable or developable","scalable, increasable or developable",0.25201547145843506
 When purchasing a streaming movie or pre-paid card via credit card  the processing time should have a maximum response time of 15 seconds.,"not about scalable, increasable or developable","scalable, increasable or developable",0.06230873614549637
 When streaming a movie  the buffering time should take no longer than 10 seconds (plus any latency on the user’s connection.),"not about scalable, increasable or developable","not about scalable, increasable or developable",0.14117735624313354
 While streaming a movie  buffering should only occur if there is latency in the user’s connection.,"not about scalable, increasable or developable","not about scalable, increasable or developable",0.2277488261461258
 All credit card information will be secured on the server  and only accessible by authorized Izogn administrators.  Information will be encrypted in the database.,"not about scalable, increasable or developable","scalable, increasable or developable",0.22094833850860596
 The website shall be available for use 24 hours per day  365 days per year.,"not about scalable, increasable or developable","scalable, increasable or developable",0.17656846344470978
The website shall achieve 99.5% up time.,"not about scalable, increasable or developable","scalable, increasable or developable",0.1563013792037964
 All movies shall be streamed on demand  at any time of the day.,"not about scalable, increasable or developable","scalable, increasable or developable",0.18769395351409912
The website shall continue to operate if the streaming server goes down.,"not about scalable, increasable or developable","scalable, increasable or developable",0.1304139792919159
The website shall continue to operate if the payment gateway goes down.,"not about scalable, increasable or developable","scalable, increasable or developable",0.1388341337442398
The streaming server will support 50 simultaneous streaming connections.,"scalable, increasable or developable","scalable, increasable or developable",0.02319660224020481
The streaming server will support a maximum of 700 movies  new servers can be added to support more movies.,"scalable, increasable or developable","scalable, increasable or developable",0.14132149517536163
 The server will support a maximum of 1 000 simultaneous users.,"scalable, increasable or developable","scalable, increasable or developable",0.29047125577926636
 The website shall be capable of supporting 100 000 customers.,"scalable, increasable or developable","scalable, increasable or developable",0.16544851660728455
The product shall be expected to operate within the maximum maintenance budget for a minimum of 2 years.,"not about scalable, increasable or developable","scalable, increasable or developable",0.19166913628578186
All aspects of the website shall be accessed by a web browser over the Internet.,"not about scalable, increasable or developable","scalable, increasable or developable",0.20199993252754211
The same hardware supporting the current website will be used to support the new system.,"not about scalable, increasable or developable","scalable, increasable or developable",0.32057738304138184
 We must be able to interface with the following browsers: IE 5.X  6.0  Netscape 6.x  7.x  8.x and Firefox 1.0.,"not about scalable, increasable or developable","scalable, increasable or developable",0.2551356554031372
Website must interface with the CyberSource API to process credit card transactions.,"not about scalable, increasable or developable","scalable, increasable or developable",0.2041512131690979
Website must be fully operational with MSN TV2.,"not about scalable, increasable or developable","scalable, increasable or developable",0.28931358456611633
Movies shall be encoded and streamed via Windows Media Player 9.0.,"not about scalable, increasable or developable","scalable, increasable or developable",0.15879924595355988
Movies shall be encoded for 56k and 256k streams.,"not about scalable, increasable or developable","scalable, increasable or developable",0.12737227976322174
Promotional updates to the website should take a day to update.,"not about scalable, increasable or developable","scalable, increasable or developable",0.1493811309337616
Izogn Administrator must be able to update the category listings on the website within 2 minutes.,"not about scalable, increasable or developable","scalable, increasable or developable",0.1527746170759201
Izogn Administrator must be able to add new products to the website within 2 minutes.,"not about scalable, increasable or developable","scalable, increasable or developable",0.15550832450389862
The system will provide a 24 hour 800 toll free number for support to its customers.,"not about scalable, increasable or developable","scalable, increasable or developable",0.07678160071372986
The website will provide a help section with answers and solutions to common problems.,"not about scalable, increasable or developable","scalable, increasable or developable",0.23449864983558655
 Velkat staff will be available for phone support between 7am-7pm  M-F to provide technical support to the Izogn administrators.,"not about scalable, increasable or developable","scalable, increasable or developable",0.18105800449848175
The product shall be able to be installed in the specified environment within 1 working day.,"not about scalable, increasable or developable","scalable, increasable or developable",0.3178228735923767
Only registered customers can purchase streaming movies.,"not about scalable, increasable or developable","not about scalable, increasable or developable",0.1126493588089943
 A customer can only stream a movie if they purchased it  and are within the 2 day viewing period.,"not about scalable, increasable or developable","not about scalable, increasable or developable",-0.03584562614560127
Only authorized personnel can access customer records in the database.,"not about scalable, increasable or developable","not about scalable, increasable or developable",0.21391913294792175
Only administrators can activate a pre-paid card.,"not about scalable, increasable or developable","not about scalable, increasable or developable",0.19693626463413239
Only authorized personnel can access sales information.,"not about scalable, increasable or developable","not about scalable, increasable or developable",0.2287956178188324
The website shall prevent its data from being corrupted when incorrect data is entered in.,"not about scalable, increasable or developable","not about scalable, increasable or developable",0.22953371703624725
 The website shall protect itself from intentional abuse  and notify the administrator at all occurrences.,"not about scalable, increasable or developable","scalable, increasable or developable",0.1689637303352356
Data integrity scripts will be run on a weekly basis to verify the integrity of the database.,"not about scalable, increasable or developable","scalable, increasable or developable",0.17989908158779144
 The website shall make its user aware of its information practices before collection data from them via a Privacy Policy  accessible on all pages of the website.,"not about scalable, increasable or developable","scalable, increasable or developable",0.1010068729519844
The system shall notify customers of changes to its information policy.,"not about scalable, increasable or developable","not about scalable, increasable or developable",0.1521271914243698
The system shall reveal private information only in compliance with the organization’s information policy.,"not about scalable, increasable or developable","not about scalable, increasable or developable",0.16425491869449615
 All customer information will be stored on a secure database  accessible only to authorized personnel.,"not about scalable, increasable or developable","not about scalable, increasable or developable",0.19737209379673004
All credit card information will be encrypted in the database.,"not about scalable, increasable or developable","scalable, increasable or developable",0.20971617102622986
The streaming server will have anti-virus software to prevent infection of malicious viruses.,"not about scalable, increasable or developable","scalable, increasable or developable",0.13965511322021484
The website should cater to all tribes in Nigeria.,"not about scalable, increasable or developable","scalable, increasable or developable",0.11878646165132523
The website shall not be offensive to religious or ethnic groups.,"not about scalable, increasable or developable","not about scalable, increasable or developable",0.3223920464515686
 The website should appeal to all Africans  not only Nigerians.,"not about scalable, increasable or developable","scalable, increasable or developable",0.24821427464485168
The website should use Flash to provide animation on the home page.,"not about scalable, increasable or developable","scalable, increasable or developable",0.17206242680549622
IzognMovies shall meet the licensing requirements set forth by the appropriate organizations in order to stream African movies.,"not about scalable, increasable or developable","scalable, increasable or developable",0.11177124083042145
The website will comply with W3C standards.,"not about scalable, increasable or developable","scalable, increasable or developable",0.28925642371177673
The PHP code will comply with PEAR standards.,"not about scalable, increasable or developable","scalable, increasable or developable",0.13803690671920776
Total lead cycle time must be completed in 5 minutes for 90% of lead volume between the business hours of 8AM CST to 8PM CST  then 3 minutes for 99% of lead volume during off business hours.,"not about scalable, increasable or developable","scalable, increasable or developable",0.007389817386865616
No lead evaluation will complete in a time period longer than 25 seconds for 97% of all leads processed.,"not about scalable, increasable or developable","not about scalable, increasable or developable",0.11068598926067352
For leads that process longer than 25 seconds the system will record the event and duration,"not about scalable, increasable or developable","scalable, increasable or developable",0.22061342000961304
The process must fit within the processing time conditions set forth by the Auto Rep Assignment process in which a lead is assigned within 3 minutes of the total life cycle.,"not about scalable, increasable or developable","scalable, increasable or developable",0.22277721762657166
The lead washing process will operate within the established physical web service structure.,"not about scalable, increasable or developable","scalable, increasable or developable",0.26026350259780884
 The washing process must use a non binding  neutral data format  such as xml  when receiving and processing lead data.,"not about scalable, increasable or developable","scalable, increasable or developable",0.16292691230773926
Defect reports will be available to technical units on a 24x7 basis.,"not about scalable, increasable or developable","scalable, increasable or developable",0.33656054735183716
Washing parameters will be updated during scheduled maintenance hours.,"not about scalable, increasable or developable","scalable, increasable or developable",0.14470049738883972
The product shall simulate the look of ships at sea.,"not about scalable, increasable or developable","scalable, increasable or developable",0.14220884442329407
The product shall display the grids within a circle as a view from a periscope.,"not about scalable, increasable or developable","scalable, increasable or developable",0.16338364779949188
The product shall display each type of ship in a grid using an image of the specific type of ship.,"not about scalable, increasable or developable","scalable, increasable or developable",0.1878209114074707
 When the offensive player takes a shot  the product shall simulate the sound of a ship at sea.,"not about scalable, increasable or developable","scalable, increasable or developable",0.2527421712875366
 When a shot is marked as a miss  the product shall simulate the sound of a shot missing its target.,"not about scalable, increasable or developable","scalable, increasable or developable",0.2100653052330017
 When a shot is marked as a hit  the product shall simulate the sound of a shot hitting its target.,"not about scalable, increasable or developable","scalable, increasable or developable",0.28495490550994873
 When a ship is sunk  the product shall simulate the sound of a sinking ship.,"not about scalable, increasable or developable","scalable, increasable or developable",0.06988420337438583
 The product shall be available 24 hours per day  seven days per week.,"not about scalable, increasable or developable","scalable, increasable or developable",0.22369763255119324
The product shall able to handle a large number of games simultaneously.,"not about scalable, increasable or developable","scalable, increasable or developable",0.49737346172332764
The response time shall be fast enough to maintain the flow of the game.  The response time shall be no more than 2 seconds for 95% of responses and no more than 4% for the remaining responses.,"not about scalable, increasable or developable","scalable, increasable or developable",0.2731258273124695
The product shall protect the identity of the players. The product shall provide players no access to information that might reveal the identity of another player.,"not about scalable, increasable or developable","not about scalable, increasable or developable",0.1872740387916565
The product shall be intuitive and self-explanatory.  Nine out ten users shall be able to successfully complete a game with no training.,"not about scalable, increasable or developable","scalable, increasable or developable",0.39293617010116577
 The product shall be available to players who understand English  Spanish and French.  The product shall allow the user to select the language upon accessing the product.,"not about scalable, increasable or developable","scalable, increasable or developable",0.1537037193775177
The product shall provide players no access to information that might reveal the identity of another player,"not about scalable, increasable or developable","not about scalable, increasable or developable",0.3478087782859802
The response time shall be fast enough to maintain the flow of the game. The response time shall be no more than 2 seconds for 95% of responses and no more than 4% for the remaining responses.,"not about scalable, increasable or developable","scalable, increasable or developable",0.2731258273124695
The system shall be easy to use by callers and supervisors. Callers and supervisors must be able to accomplish any system task within 2 minutes.,"not about scalable, increasable or developable","scalable, increasable or developable",0.20689313113689423
The system shall be easy to learn by callers and supervisors. Callers and supervisors shall learn how to use the system within 10 minutes.,"not about scalable, increasable or developable","scalable, increasable or developable",0.1880357265472412
 The system shall be responsive. At the DePaul TeleServices Center  when a supervisor uses the system to view a callers schedule  the system response time must be no more than 2 seconds 90% of the time and no more than 5 seconds the rest of the time.,"not about scalable, increasable or developable","scalable, increasable or developable",0.1755342334508896
 On a 56k connection  the system response time for all operations must be no more than 6 seconds 90% of the time.,"not about scalable, increasable or developable","scalable, increasable or developable",0.2086758017539978
 On a 112k connection or faster  the system response time for all operations must be no more than 3 seconds 90% of the time.,"not about scalable, increasable or developable","scalable, increasable or developable",0.28249719738960266
The system shall have high availability every day of the year.The system must be available for use between 12:00AM and 6:00PM all days of the year.,"not about scalable, increasable or developable","scalable, increasable or developable",0.2706000506877899
The system must be available for use between 7:00AM and 11:59PM all days of the year.,"not about scalable, increasable or developable","scalable, increasable or developable",0.18427060544490814
The product shall be internet browser independent.The product must run using Internet Explorer and Netscape Navigator.,"not about scalable, increasable or developable","not about scalable, increasable or developable",0.17000387609004974
The product shall ensure that only supervisors can advertise empty time slots.The product must ensure that supervisors are allowed to access advertise empty time slots.,"not about scalable, increasable or developable","scalable, increasable or developable",0.20964953303337097
The product shall ensure that only supervisors can enter a caller’s schedule.The product must ensure that supervisors are allowed to access advertise empty time slots.,"not about scalable, increasable or developable","scalable, increasable or developable",0.1952456831932068
The product shall ensure that only supervisors can view schedule of all callers.The product must ensure that supervisors are allowed to access advertise empty time slots.,"not about scalable, increasable or developable","scalable, increasable or developable",0.186105877161026
 The interface shall have a simple look. In the interface and usability survey  90% of beta testers must report that the interface is adequately simple.,"not about scalable, increasable or developable","scalable, increasable or developable",0.31492701172828674
 The interface shall be appealing to callers and supervisors. In the interface and usability survey  80% of beta testers must report that the interface is appealing.,"not about scalable, increasable or developable","scalable, increasable or developable",0.32635870575904846
The product shall provide GUI based Monitoring Services.System Administrators shall monitor message exchanges will predict and determine problems and will also provide internal and external support.,"not about scalable, increasable or developable","scalable, increasable or developable",0.33635878562927246
The product shall comply with City of Chicago Application Development Guide Framework.Application Development Framework will provide structured Graphical User Interface.,"not about scalable, increasable or developable","scalable, increasable or developable",0.1787445992231369
The product shall provide Monitoring Services.The product shall be easy for System Administrators and DBAs to use after two weeks of usage.,"not about scalable, increasable or developable","scalable, increasable or developable",0.18862231075763702
The product shall provide Error Tracking Services.The product shall help the System Administrators and DBAs to resolve transaction errors 99% of the time.,"not about scalable, increasable or developable","scalable, increasable or developable",0.32182520627975464
The product shall provide Portals.The product shall help System Administrators to analyze the transactions with ad-hoc reporting and KPIs (Key Performance Indicators),"not about scalable, increasable or developable","scalable, increasable or developable",0.32835882902145386
The product shall provide Asynchronous Messaging.The product shall provide asynchronous messaging to enable parallel processing and reduce the overhead in communications,"not about scalable, increasable or developable","scalable, increasable or developable",0.29251939058303833
The product shall provide Multi-threading and Load Balancing.The product shall provide multi-threading technology as well as load balancing to overcome data load spikes and traffic.,"not about scalable, increasable or developable","scalable, increasable or developable",0.4265351891517639
The product shall process messages within 2 seconds.The product shall have a maximum message processing time of 2 seconds,"not about scalable, increasable or developable","scalable, increasable or developable",0.17577289044857025
The product shall poll the system for messages every second.The product shall poll the system for new messages at a maximum of every 1 second.,"not about scalable, increasable or developable","scalable, increasable or developable",0.16110922396183014
The product shall provide Dynamic Change Support and Transparent resource addition.The product shall support Transparent Resource addition and Dynamic Change support to provide scalability and avoid service interruptions of more than 1 day.,"not about scalable, increasable or developable","scalable, increasable or developable",0.4682825803756714
The product shall be available 99% of the time. Rationale: To avoid service interruption during busiest customer service response periods. The product shall be available 99.99% of the time for regular business days.,"not about scalable, increasable or developable","scalable, increasable or developable",0.26062825322151184
The product shall be robust.The product shall have fault avoidance based on standards adoption.,"not about scalable, increasable or developable","scalable, increasable or developable",0.3501940667629242
The product shall be robust with fault tolerance.The product shall have fault tolerance by using recovery technique compensatory transaction and routing around failures.,"not about scalable, increasable or developable","scalable, increasable or developable",0.3587995767593384
The product shall be able to process all transactions.The product shall process minimum of 1 million transactions per year.,"scalable, increasable or developable","scalable, increasable or developable",0.3463224172592163
The product shall be platform independent.The product shall enable access to any type of development environment and platform.,"not about scalable, increasable or developable","scalable, increasable or developable",0.48632100224494934
The product shall interface CSR and Datastream.The product shall exchange messages between CSR and EAM on a real time basis without any direct interfaces between two systems.,"not about scalable, increasable or developable","not about scalable, increasable or developable",0.4001077115535736
 : The product shall continue to operate during upgrade  change or new resource addition.The product shall be able to continue to operate with no interruption in service due to new resource additions.,"not about scalable, increasable or developable","scalable, increasable or developable",0.3891623020172119
The product shall be updated on a regular basis.The product will have a new major feature introduced every six months and quarterly maintenance releases every six months.,"not about scalable, increasable or developable","scalable, increasable or developable",0.22181709110736847
The product shall operate with every platform.The product shall accommodate any new technology without any change in its architecture.,"not about scalable, increasable or developable","scalable, increasable or developable",0.46607398986816406
 The product shall have security.The product shall provide authentication  and authorization.,"not about scalable, increasable or developable","scalable, increasable or developable",0.299580454826355
The product shall information Security. The product shall enable privacy by encryption WS-Security and Integrity Checking.,"not about scalable, increasable or developable","scalable, increasable or developable",0.2251863181591034
The product shall have audit capabilities.The product shall store messages for a minimum of one year for audit and transaction tracking purposes.,"not about scalable, increasable or developable","scalable, increasable or developable",0.20683544874191284
The system shall use IBM and CCR branding standards. The interface must have one IBM logo and one CCR logo.,"not about scalable, increasable or developable","scalable, increasable or developable",0.20552262663841248
The system shall be displayable on any work computer a CCR user may have. The system interface shall be formatted to display at 800 by 600 pixel resolution.,"not about scalable, increasable or developable","scalable, increasable or developable",0.28644368052482605
The system interface will use CCR nomenclature. The system must use the same nomenclature used in the existing WCS system and reports,"not about scalable, increasable or developable","scalable, increasable or developable",0.2441641390323639
The interface must summarize the data in a fashion that’s appealing to CCR management. Every report type must have at least one high level summary shown in the results dashboard/interface,"not about scalable, increasable or developable","scalable, increasable or developable",0.3419116139411926
The system must use a point and click interface. 100% of all selection and navigation functionality must be able to be activated/selected by either a mouse or a keyboard,"not about scalable, increasable or developable","scalable, increasable or developable",0.3679924011230469
The interface shall be easy to use. 90% of users should be able to successfully use the system to generate a report on their first use. The interface should adhere to IBM usability standards.,"not about scalable, increasable or developable","scalable, increasable or developable",0.27695223689079285
Rreports must be easy to generate. eports must be generated within one button click and exported within one button click (after selecting the report),"not about scalable, increasable or developable","scalable, increasable or developable",0.3909229636192322
A user shall be able to use the system without instruction after a short amount of time. After one use a user should understand and remember 90% of the system usage and navigation.,"not about scalable, increasable or developable","scalable, increasable or developable",0.2705932557582855
All CCR users shall receive training before the WCS system is deployed. One training session will be held for 100% of CCR users before system deployment (based on a CCR user being available),"not about scalable, increasable or developable","scalable, increasable or developable",0.16820155084133148
The WCS system shall use appropriate nomenclature and terminology as defined by the Corporate Community Grants organization. All interfaces and reports will undergo usability tests by CCR users.,"not about scalable, increasable or developable","scalable, increasable or developable",0.2706620693206787
The WCS system shall be available at all times as long as IBM’s internal intranet W3 is accessible. The WCS system will be available 95% of the time IBM’s internal intranet W3 is available.,"not about scalable, increasable or developable","scalable, increasable or developable",0.3076324462890625
The WCS system shall have the ability to connect other designated WCS databases currently not included in the system.,"scalable, increasable or developable","scalable, increasable or developable",0.33994096517562866
The WCS system shall have the ability to include data for regions outside the United States and be accessed by users outside of the United States if approved by CCR management.,"scalable, increasable or developable","scalable, increasable or developable",0.3118461072444916
The WCS system shall be run in a Windows environment. The WCS shall be accessed by users through the Internet on an IBM computer running a Windows 2000 or above operating system.,"not about scalable, increasable or developable","scalable, increasable or developable",0.1744585782289505
The Brio portion of the WCS system must be able to export files in spreadsheet form (Microsoft Excel and Lotus 1-2-3 formats).  Brio will provide buttons in the user interface that produce/export reports in .xls or .123 file formats.,"not about scalable, increasable or developable","scalable, increasable or developable",0.29839059710502625
The WCS system must run queries to the WCS databases once again (on a specified day) to update the available data available to CCR users. Queries must be made to external databases for data refresh once a week.,"not about scalable, increasable or developable","scalable, increasable or developable",0.15439534187316895
 All changes  updates  and additions to the WCS system shall be updated in the WCS Developer and WCS User Guides. Every change must be reflected in WCS system documentation,"not about scalable, increasable or developable","scalable, increasable or developable",0.33450981974601746
The system shall only be accessed by authorized Corporate Community Grants (CCR) employees. Users must be authenticated using their IBM intranet user name and password.,"not about scalable, increasable or developable","not about scalable, increasable or developable",0.18234233558177948
The WCS system shall not allow automatic logins by any user. Cookies containing WCS login information about a user will not be stored on a user’s computer.,"not about scalable, increasable or developable","not about scalable, increasable or developable",0.2932603359222412
Each team owner will need to use a username and password in order to be authenticated to reach the team owner’s page,"not about scalable, increasable or developable","scalable, increasable or developable",0.10398979485034943
The Commissioner will be the only authorized user per league to adjust league settings.,"not about scalable, increasable or developable","scalable, increasable or developable",0.15813308954238892
Each page shall contain a navigation menu which shows the index into which the current page is contained.,"not about scalable, increasable or developable","scalable, increasable or developable",0.2194475531578064
Each page shall contain a similar format with action items in one location and navigation buttons in a different location.,"not about scalable, increasable or developable","scalable, increasable or developable",0.4108656644821167
The message board shall contain the 5 most recently posted messages on the league page. The messages will contain up to the first 150 characters of the message.,"not about scalable, increasable or developable","scalable, increasable or developable",-0.06565643101930618
;A new user shall be able to navigate through the league and team pages within 30 seconds of reaching the start-up page.,"not about scalable, increasable or developable","scalable, increasable or developable",-0.00852266140282154
Users shall be able to reach the ‘add’  ‘drop’  and ‘trade player’ pages with one click from the team owner’s page.,"not about scalable, increasable or developable","scalable, increasable or developable",0.24287715554237366
;Users shall be able to view at least 25 NFL player statistics and points on each page.,"not about scalable, increasable or developable","scalable, increasable or developable",0.006723988801240921
The application shall ask the user to confirm dropping a player or trading a player before performing the action.,"not about scalable, increasable or developable","scalable, increasable or developable",0.10931244492530823
The application shall be able to complete every user transaction within one fourth of a second of receiving the request over the network.,"not about scalable, increasable or developable","scalable, increasable or developable",0.23668016493320465
The application shall have a downtime of at most 10 minutes per year.,"not about scalable, increasable or developable","scalable, increasable or developable",0.21413211524486542
The application shall run on a web application server.,"not about scalable, increasable or developable","scalable, increasable or developable",0.2486710548400879
A primary database will be used to store cached data for active users.,"not about scalable, increasable or developable","scalable, increasable or developable",0.3366987705230713
A secondary database will be used to store historical statistics and data.,"not about scalable, increasable or developable","scalable, increasable or developable",0.018108461052179337
Application updates shall occur between 3AM and 6 AM CST on Wednesday morning during the middle of the NFL season.,"not about scalable, increasable or developable","scalable, increasable or developable",0.08433891832828522
New System version releases shall be released at the beginning of each NFL season.,"not about scalable, increasable or developable","scalable, increasable or developable",0.008846189826726913
The RFS system should be available 24/7  especially during the budgeting period. The RFS system shall be available 90% of the time all year  and 98% during the budgeting period. 2% of the time  the system will become available within 1 hour of the time that the situation is reported.,"not about scalable, increasable or developable","scalable, increasable or developable",0.1973961591720581
98% of the user workstations shall meet the minimum hardware requirements prior to implementation. Minimum Hard Disk Space:  400MB.,"not about scalable, increasable or developable","scalable, increasable or developable",0.2419096678495407
98% of the user workstations shall meet the minimum software requirements prior to implementation: Microsoft Internet Explorer 5.0. Microsoft .NET Framework 1.1. Microsoft Internet Explorer Web Controls,"not about scalable, increasable or developable","scalable, increasable or developable",0.23084355890750885
The RFS system should be able to easily interface with the BDW environment  in order to load the data. •;7 data files shall be received from the BDW and loaded into the RFS system within 3 hours one day prior to the start of budgeting process  every year. The data will be as of October month-end. ;Test files (7) shall be loaded up to 5 times throughout the year  from the BDW.,"not about scalable, increasable or developable","scalable, increasable or developable",0.14977684617042542
Changes to revenue and expense formulae must be applied to the RFS system  every year  prior to the budgeting process start. Revenue and expense formulae will be updated within one week of their receipt  after which 2 weeks will be allotted to testing of the budget calculations  to be conducted jointly by the project development team and PCG Finance.,"not about scalable, increasable or developable","scalable, increasable or developable",0.04217724874615669
New branches/complexes/districts/regions and revenue/expense accounts added to the BDW  must be reflected in the RFS system. 100% of the entities (mentioned above) available as of October month-end  will be loaded into the RFS system  prior to the budget start process.,"not about scalable, increasable or developable","scalable, increasable or developable",0.145628422498703
Only authorized user shall access the RFS system. ONLY users that exist in the UAS system  with the RFS system assigned to their role(s)  shall access the RFS system and use it.,"not about scalable, increasable or developable","not about scalable, increasable or developable",0.23819157481193542
;User access should be limited to the permissions granted to their role(s) Each level in the PCG hierarchy will be assigned a role and users will be assigned to these roles. Access to functionality within RFS system is dependent on the privileges/permission assigned to the role..,"not about scalable, increasable or developable","scalable, increasable or developable",0.2741468548774719
The product must comply with the intranet page standards and requirements of ENET Securities. 95% of the product look & feel will be approved by the Architecture group  prior to implementation. The remaining 5% will be corrected and approved within one month of product release.,"not about scalable, increasable or developable","scalable, increasable or developable",0.11463170498609543
 The intranet pages should display appropriately in all resolutions  from 800x600 and higher. The display of all the pages will be correct in 95% of the resolutions  prior to implementation. The remaining 5% will be corrected within a week of notification of the incorrect display.,"not about scalable, increasable or developable","scalable, increasable or developable",0.1770167201757431
The users should be able to easily use the system to successfully complete their budgets  within the stipulated time for completion. With a week of training prior to product implementation  98% of the users shall complete their budgets within the stipulated time.,"not about scalable, increasable or developable","scalable, increasable or developable",0.2134198546409607
The product interface should be fast. The response time of the product interface should not exceed 2 seconds 90% of the time. For 10% of the time  the response time should not be more than 10 seconds.not be more than 10 seconds.,"not about scalable, increasable or developable","scalable, increasable or developable",0.33582741022109985
