,precision,recall,f1-score,support
"flexibility, workload, efficiency, or optimize",0.06557377049180328,0.5714285714285714,0.11764705882352942,21.0
"usability, security, operational, performance, look & feel, legal, fault & tolerance, maintainability, availability, or portability",0.9518716577540107,0.5100286532951289,0.6641791044776119,349.0
accuracy,0.5135135135135135,0.5135135135135135,0.5135135135135135,0.5135135135135135
macro avg,0.508722714122907,0.5407286123618502,0.39091308165057065,370.0
weighted avg,0.901568264152642,0.5135135135135135,0.6331597181026504,370.0
