Requirement text,Gold label,Predicated label,ZSL score
The system shall refresh the display every 60 seconds.,"not about scalable, increasable or developable","scalable, increasable or developable",0.750449001789093
The application shall match the color of the schema set forth by Department of Homeland Security,"not about scalable, increasable or developable","not about scalable, increasable or developable",0.6417701840400696
 If projected  the data must be readable.  On a 10x10 projection screen  90% of viewers must be able to read Event / Activity data from a viewing distance of 30,"not about scalable, increasable or developable","not about scalable, increasable or developable",0.5509977340698242
 The product shall be available during normal business hours. As long as the user has access to the client PC  the system will be available 99% of the time during the first six months of operation.,"not about scalable, increasable or developable","not about scalable, increasable or developable",0.4962618947029114
 If projected  the data must be understandable. On a 10x10 projection screen  90% of viewers must be able to determine that Events or Activities are occuring in current time from a viewing distance of 100,"not about scalable, increasable or developable","not about scalable, increasable or developable",0.5088860392570496
The product shall ensure that it can only be accessed by authorized users.  The product will be able to distinguish between authorized and unauthorized users in all access attempts,"not about scalable, increasable or developable","not about scalable, increasable or developable",0.5568393468856812
The product shall be intuitive and self-explanatory.  :  90% of new users shall be able to start the display of Events or Activities within 90 minutes of using the product.,"not about scalable, increasable or developable","not about scalable, increasable or developable",0.48594149947166443
The product shall respond fast to keep up-to-date data in the display.,"not about scalable, increasable or developable","not about scalable, increasable or developable",0.6725640892982483
The look and feel of the system shall conform to the user interface standards of the smart device.,"not about scalable, increasable or developable","not about scalable, increasable or developable",0.5550441741943359
 The user interface shall have standard menus  buttons for navigation,"not about scalable, increasable or developable","not about scalable, increasable or developable",0.7334628105163574
The system shall have a professional appearance,"not about scalable, increasable or developable","scalable, increasable or developable",0.7371251583099365
The product shall have a consistent color scheme and fonts.,"not about scalable, increasable or developable","not about scalable, increasable or developable",0.6755070090293884
The system shall be used by realtors with no training.,"not about scalable, increasable or developable","scalable, increasable or developable",0.712594747543335
The system shall be intuitive and self explanatory.,"not about scalable, increasable or developable","scalable, increasable or developable",0.724888801574707
The product shall be easy for a realtor to learn.,"not about scalable, increasable or developable","not about scalable, increasable or developable",0.656352698802948
The product shall use symbols and words that are naturally understandable by the realtor community.,"not about scalable, increasable or developable","not about scalable, increasable or developable",0.6618754267692566
The product shall produce search results in an acceptable time,"not about scalable, increasable or developable","scalable, increasable or developable",0.7390917539596558
The search results shall be returned no later 30      seconds  after the user has entered the search criteria,"not about scalable, increasable or developable","not about scalable, increasable or developable",0.5970125198364258
The product shall generate a CMA report in an acceptable time.,"not about scalable, increasable or developable","not about scalable, increasable or developable",0.7361732721328735
The CMA report shall be returned no later 60 seconds after the user has entered the CMA report criteria.,"not about scalable, increasable or developable","not about scalable, increasable or developable",0.638668417930603
The product shall synchronize contacts and appointments in an acceptable time.,"not about scalable, increasable or developable","not about scalable, increasable or developable",0.7304344773292542
The product shall synchronize with the office system every hour.,"not about scalable, increasable or developable","not about scalable, increasable or developable",0.7541778087615967
 The product shall be available for use 24 hours per day  365 days  per year,"not about scalable, increasable or developable","not about scalable, increasable or developable",0.7372239232063293
 Out of 1000 accesses to the system  the system is available 999 times.,"not about scalable, increasable or developable","not about scalable, increasable or developable",0.6326646208763123
The product shall operate in offline mode whenever internet connection is unavailable.,"not about scalable, increasable or developable","not about scalable, increasable or developable",0.6997290849685669
 The product shall allow the user to view previously downloaded search results  CMA reports  and appointments.,"not about scalable, increasable or developable","not about scalable, increasable or developable",0.6644529700279236
The product shall retain user preferences in the event of a failure.,"not about scalable, increasable or developable","not about scalable, increasable or developable",0.7139665484428406
100% of saved user preferences shall be restored when system comes back online.,"not about scalable, increasable or developable","not about scalable, increasable or developable",0.7251515984535217
The product shall be able to support multiple remote users,"scalable, increasable or developable","scalable, increasable or developable",0.6870787739753723
The product shall be able support 1000 simultaneous users.,"scalable, increasable or developable","scalable, increasable or developable",0.7470661401748657
The product shall be capable of handling the existing 1000 users. This number is expected to grow 5 times within the next year.,"scalable, increasable or developable","not about scalable, increasable or developable",0.574486494064331
The product shall be installed by an untrained realtor   without recourse to separately-printed instructions.,"not about scalable, increasable or developable","not about scalable, increasable or developable",0.6782969832420349
90% of untrained realtors shall be able to install the product on their device without printed instructions,"not about scalable, increasable or developable","not about scalable, increasable or developable",0.6362828016281128
The product is expected to run on Windows CE and Palm operating systems.,"not about scalable, increasable or developable","not about scalable, increasable or developable",0.6995011568069458
Only registered realtors shall be able to access the system.,"not about scalable, increasable or developable","scalable, increasable or developable",0.6722257733345032
Every user of the system shall be authenticated and authorized.,"not about scalable, increasable or developable","not about scalable, increasable or developable",0.7029790282249451
The product shall prevent its data from incorrect data being introduced.,"not about scalable, increasable or developable","not about scalable, increasable or developable",0.7091981768608093
The system shall be easy to use by the Program Administrators/Nursing Staff Members.,"not about scalable, increasable or developable","not about scalable, increasable or developable",0.6675208210945129
All of the users shall be able to use the system after one day of training.,"not about scalable, increasable or developable","not about scalable, increasable or developable",0.5428628325462341
The system shall help the user avoid making mistakes while scheduling classes and clinicals for the nursing students.,"not about scalable, increasable or developable","not about scalable, increasable or developable",0.6714253425598145
The number of mistakes noted by the students shall be decreased by 50% in the first year.,"not about scalable, increasable or developable","not about scalable, increasable or developable",0.6095110177993774
The system shall be intuitive to the Program Administrators/Nursing Staff Members.,"not about scalable, increasable or developable","not about scalable, increasable or developable",0.7282266616821289
2 out of 3 Program Administrators/Nursing Staff Members shall successfully be able to use the system to manage the scheduling of classes and clinicals.,"not about scalable, increasable or developable","not about scalable, increasable or developable",0.5298107862472534
The system shall use symbols and words that are naturally understandable by the user community.,"not about scalable, increasable or developable","not about scalable, increasable or developable",0.6609340906143188
The verbiage used within the system shall be consistent with Standard English and the terminology of the national Nursing Community.,"not about scalable, increasable or developable","not about scalable, increasable or developable",0.5557090640068054
Staff members shall be able to complete a set of tasks in a timely manner.,"not about scalable, increasable or developable","not about scalable, increasable or developable",0.6170608401298523
The response time of general student management tasks shall take no longer than 5 seconds and the response time of schedule generation shall take no longer than 30 seconds.,"not about scalable, increasable or developable","not about scalable, increasable or developable",0.5314267873764038
The system shall be available for use between the hours of 8am and 6pm.,"not about scalable, increasable or developable","not about scalable, increasable or developable",0.6088710427284241
The system shall achieve 95% up time.,"not about scalable, increasable or developable","scalable, increasable or developable",0.8058886528015137
system shall be able to handle all of the user requests/usage during business hours.,"scalable, increasable or developable","not about scalable, increasable or developable",0.7011491060256958
The system shall cater to 10 simultaneous users from 9am to 5pm.,"scalable, increasable or developable","not about scalable, increasable or developable",0.6911900639533997
The system shall be capable of processing 100% of nursing students and their classes for the next 10 years.,"scalable, increasable or developable","not about scalable, increasable or developable",0.6078240275382996
The system shall be expected to manage the nursing program curriculum and class/clinical scheduling for a minimum of 5 years.,"scalable, increasable or developable","not about scalable, increasable or developable",0.5846356153488159
The system shall able to operate within a business office environment typical of the Nursing Department at DePaul University.,"not about scalable, increasable or developable","not about scalable, increasable or developable",0.6084371209144592
The system shall be used within the specifications defined by the computers used by the Program Administrators/Nursing Staff Members.,"not about scalable, increasable or developable","not about scalable, increasable or developable",0.5993911623954773
The system shall operate within the Windows XP Professional operating system.,"not about scalable, increasable or developable","not about scalable, increasable or developable",0.786896824836731
The system shall interface with CampusConnect’s central server,"not about scalable, increasable or developable","not about scalable, increasable or developable",0.832838773727417
The system shall interface with the faculty central server.,"not about scalable, increasable or developable","not about scalable, increasable or developable",0.7693734169006348
The system shall interface with the student master server.,"not about scalable, increasable or developable","not about scalable, increasable or developable",0.7585030794143677
We must be able to interface with any HTML browser.,"not about scalable, increasable or developable","scalable, increasable or developable",0.6520020961761475
Only authorized users shall have access to clinical site information.,"not about scalable, increasable or developable","scalable, increasable or developable",0.7114121913909912
Program Administrators/Nursing Staff Members are the only people who shall have access to clinical site details.,"not about scalable, increasable or developable","not about scalable, increasable or developable",0.6533087491989136
Only authorized users shall have access to students’ personal information.,"not about scalable, increasable or developable","scalable, increasable or developable",0.7042909860610962
Dr Susan Poslusny and Dr Julie Donalek are the only people who shall have access to students’ personal information.,"not about scalable, increasable or developable","not about scalable, increasable or developable",0.5823667049407959
Only authorized users shall have access to the portion of the system that interfaces with CampusConnect.,"not about scalable, increasable or developable","not about scalable, increasable or developable",0.6163480281829834
Fit Criterion: Dr Susan Poslusny and Karen Sysol are the only people who shall have access to the final class section scheduling for the system that interfaces with CampusConnect.,"not about scalable, increasable or developable","not about scalable, increasable or developable",0.4981722831726074
The system shall have basic data integrity checking to reduce the possibility of incorrect or invalid data being introduced.,"not about scalable, increasable or developable","not about scalable, increasable or developable",0.6316759586334229
The system shall protect private information in accordance with the organization’s information policy.,"not about scalable, increasable or developable","not about scalable, increasable or developable",0.7115922570228577
The system shall be built such that it is as secure as possible from malicious interference.,"not about scalable, increasable or developable","not about scalable, increasable or developable",0.6466660499572754
The system shall use the organization’s standard virus protection software to help monitor threats to itself.,"not about scalable, increasable or developable","not about scalable, increasable or developable",0.6383481025695801
The Disputes application shall comply with the corporate standards for user interface creation for internally and externally used applications.,"not about scalable, increasable or developable","not about scalable, increasable or developable",0.6263535618782043
All screens created as part of the Disputes application must comply with corporate standards for interface creation.,"not about scalable, increasable or developable","not about scalable, increasable or developable",0.6836168169975281
The list of dispute cases that are displayed after a search is performed must be color coded for easy identification of dispute cases based upon the dispute case status.,"not about scalable, increasable or developable","not about scalable, increasable or developable",0.5173912048339844
100% of the cardmember and merchant services representatives shall use the Disputes application regularly after a 2-day training course.,"not about scalable, increasable or developable","not about scalable, increasable or developable",0.5990309119224548
100% of cardmember services representatives shall be able to successfully create a dispute case on the first encounter after completing the training course.,"not about scalable, increasable or developable","not about scalable, increasable or developable",0.5822767615318298
100% of merchant services representatives shall be able to successfully perform a follow up action on a dispute case on the first encounter after completing the training course.,"not about scalable, increasable or developable","not about scalable, increasable or developable",0.5463690161705017
The maximum wait time for a user navigating from one screen to another within the Disputes application shall be no more than 5 seconds.,"not about scalable, increasable or developable","not about scalable, increasable or developable",0.5868350863456726
The Disputes application shall support 350 concurrent users without any degradation of performance in the application.,"not about scalable, increasable or developable","not about scalable, increasable or developable",0.6720827221870422
 The Disputes application shall be available 24x7x365  with the exception of the following scheduled maintenance windows.  Monday – Saturday 3:00am to 4:00am EST Sunday 1:00amd to 5:00am EST,"not about scalable, increasable or developable","not about scalable, increasable or developable",0.5212500095367432
The Disputes application shall interface with the Statement Database. The Statement Database provides the transaction details to the Disputes System. All transaction details must be obtained from the Statement Database,"not about scalable, increasable or developable","not about scalable, increasable or developable",0.5572170615196228
The Disputes application shall interface with the Cardmember Information Database.  The Cardmember Information Database provides detailed information with regard to a cardmember.  All cardmember detail information must be obtained from the Cardmember Information Database.,"not about scalable, increasable or developable","not about scalable, increasable or developable",0.4643998444080353
The Disputes applications shall interface with the Merchant Information Database.  The Merchant Information Database provides detailed information with regard to the merchant. All merchant detail information shall be obtained from the Merchant Information Database.,"not about scalable, increasable or developable","not about scalable, increasable or developable",0.44539597630500793
The Disputes application shall interface with the Letters application.  This will allow the Disputes application to request letters as part of the dispute initiation and dispute follow up process. All letter requests must be sent to the Print Letter Utility application.,"not about scalable, increasable or developable","not about scalable, increasable or developable",0.4890007972717285
The Disputes application shall interface with the Cardmember Posting and Billing System.  This will allow the Disputes application to request adjustments to cardmember and merchant’s accounts. All adjustment requests must be sent to the Cardmember Posting and Billing System.,"not about scalable, increasable or developable","not about scalable, increasable or developable",0.4915669858455658
The Disputes application shall ensure that only users with the appropriate access level are allowed to initiate dispute requests.,"not about scalable, increasable or developable","not about scalable, increasable or developable",0.6576086282730103
Only users with Update access must be able to initiate dispute requests.,"not about scalable, increasable or developable","not about scalable, increasable or developable",0.7120413184165955
The Disputes application shall ensure that only authorized users are allowed to logon to the application.,"not about scalable, increasable or developable","not about scalable, increasable or developable",0.6611348390579224
 All authorized users  once authenticated must be able to logon to the Disputes System,"not about scalable, increasable or developable","not about scalable, increasable or developable",0.7098546028137207
The Disputes System shall generate a User Report that details any new users that have been added and any changes to an existing user’s access level.  The report will be reviewed for auditing purposes.,"not about scalable, increasable or developable","not about scalable, increasable or developable",0.520095944404602
All additions of new users and modifications to user’s access shall be recorded on the User Report.,"not about scalable, increasable or developable","not about scalable, increasable or developable",0.6297467947006226
 If a user account is revoked  it can only be re-instantiated by the System Administrator.,"not about scalable, increasable or developable","not about scalable, increasable or developable",0.6385549306869507
Only the System Administrator shall be able to reset a revoked user logon account,"not about scalable, increasable or developable","not about scalable, increasable or developable",0.7271286845207214
The Disputes application shall manipulate and view business data. Users will not have direct access to data files or databases.,"not about scalable, increasable or developable","not about scalable, increasable or developable",0.6528112292289734
All updates to data files or database must be initiated from the Disputes System.,"not about scalable, increasable or developable","not about scalable, increasable or developable",0.6927364468574524
The Disputes application must conform to the legal requirements as specified by the Merchant Operating Regulations.,"not about scalable, increasable or developable","not about scalable, increasable or developable",0.613412618637085
All business rules specified in the Disputes System shall be in compliance with the Merchant Operating Regulations.,"not about scalable, increasable or developable","not about scalable, increasable or developable",0.5808126926422119
The Disputes application must conform to the legal requirements as specified by Regulation E and Regulation Z that govern credit card disputes processing.,"not about scalable, increasable or developable","not about scalable, increasable or developable",0.595575213432312
All business rules specified in the Disputes System shall be in compliance to the guidelines of Regulation E and Regulation Z.,"not about scalable, increasable or developable","not about scalable, increasable or developable",0.5600042343139648
The Disputes application must maintain a detailed history of every action that a user takes on a dispute case.  This ensures a complete audit trail if questions arise later on with regard to a particular dispute case.,"not about scalable, increasable or developable","not about scalable, increasable or developable",0.49152037501335144
All actions that modify an existing dispute case must be recorded in the case history.,"not about scalable, increasable or developable","not about scalable, increasable or developable",0.654653787612915
The product must support Internet Explorer 5.5 and above.,"not about scalable, increasable or developable","not about scalable, increasable or developable",0.7080405354499817
The product must support Mozilla Firefox 1.0 and above.,"not about scalable, increasable or developable","not about scalable, increasable or developable",0.7668740749359131
The product shall interface with the Choice Parts System.  This provides the feed of recycled parts data.,"not about scalable, increasable or developable","not about scalable, increasable or developable",0.6711282730102539
The product shall run on the existing hardware for all environments.,"not about scalable, increasable or developable","not about scalable, increasable or developable",0.7292324304580688
The product shall adhere to the corporate Architecture guidelines,"not about scalable, increasable or developable","scalable, increasable or developable",0.7463833093643188
The product shall comply with corporate User Interface Guidelines,"not about scalable, increasable or developable","not about scalable, increasable or developable",0.8132017254829407
The product shall comply with corporate color scheme,"not about scalable, increasable or developable","scalable, increasable or developable",0.7972447872161865
The appearance of the product shall appear professional,"not about scalable, increasable or developable","scalable, increasable or developable",0.7487815618515015
The product shall be easy to use by Adjusters and Collision Estimators.  95% of Adjusters and Collision Estimators shall find the product easy to use.,"not about scalable, increasable or developable","not about scalable, increasable or developable",0.5167142748832703
The product shall increase productivity of Collision Estimators. 80% of the Collision Estimators shall agree their productivity has increase within 1 month of using the product.,"not about scalable, increasable or developable","not about scalable, increasable or developable",0.5632998943328857
Users shall feel satisfied using the product.  85% of all users will be satisfied with the product.,"not about scalable, increasable or developable","not about scalable, increasable or developable",0.6261311173439026
The product shall be easy to learn by Adjusters and Collision Estimators.  The product shall be learned with two days onsite training,"not about scalable, increasable or developable","not about scalable, increasable or developable",0.6192172169685364
The user shall easily locate instructions while using the product.  User help can be found within 90% of the system.,"not about scalable, increasable or developable","not about scalable, increasable or developable",0.5750963687896729
The search for recycled parts shall take no longer than 15 seconds.  The search results shall be returned in under 15 seconds.,"not about scalable, increasable or developable","not about scalable, increasable or developable",0.6228533983230591
The search for the preferred repair facility shall take no longer than 8 seconds.  The preferred repair facility is returned within 8 seconds,"not about scalable, increasable or developable","not about scalable, increasable or developable",0.6143871545791626
The recycled parts audit report shall be returned to the user within 10 seconds.  The audit report shall be returned within 10 seconds.,"not about scalable, increasable or developable","not about scalable, increasable or developable",0.5970644354820251
The preferred repair facility ratings shall be saved within 5 seconds. The save shall occur within 5 seconds.,"not about scalable, increasable or developable","not about scalable, increasable or developable",0.661346971988678
The product shall adhere to the corporate online availability schedule.  The application is brought down only within 98% of the scheduled outages per the availability schedule.,"not about scalable, increasable or developable","not about scalable, increasable or developable",0.5464957356452942
The product shall achieve a 98% uptime. The product shall not fail more than 2% of the available online time.,"not about scalable, increasable or developable","not about scalable, increasable or developable",0.5975884199142456
The product shall be able to handle up to 1500 simultaneous users. The system shall perform with 1500 users as a time.,"scalable, increasable or developable","not about scalable, increasable or developable",0.5957432389259338
 The average number of recycled parts records per day shall be 50 000.,"scalable, increasable or developable","not about scalable, increasable or developable",0.7348970174789429
 The product shall be able to handle 10 000 concurrent users within 2 years of the initial launch.,"scalable, increasable or developable","not about scalable, increasable or developable",0.651317298412323
 For estimators  the product shall be able to be operated in a repair facility during dirty and noisy conditions.,"not about scalable, increasable or developable","not about scalable, increasable or developable",0.5721228122711182
The product shall interface with the ChoiceParts system once per day at approximately 1:00 AM.,"not about scalable, increasable or developable","not about scalable, increasable or developable",0.7004902362823486
The maintenance of the product will fall within the established corporate maintenance windows.,"not about scalable, increasable or developable","not about scalable, increasable or developable",0.6866816878318787
The product shall be supported using the corporate support center.,"not about scalable, increasable or developable","not about scalable, increasable or developable",0.7015231847763062
Product installations and upgrades shall be handled by the middleware technology team within established launch time frames.,"not about scalable, increasable or developable","not about scalable, increasable or developable",0.6796015501022339
Only adjusters can request recycled parts audit reports. No users without an adjuster role shall request recycled parts audits.,"not about scalable, increasable or developable","not about scalable, increasable or developable",0.6474655866622925
Only adjusters with a supervisor role can update preferred repair facility ratings. Users without the supervisor role cannot access the repair facility ratings.,"not about scalable, increasable or developable","not about scalable, increasable or developable",0.5927108526229858
Only collision estimators shall search for recycled parts.  Users without the collision estimator role shall not have access to the search for recycled parts.,"not about scalable, increasable or developable","not about scalable, increasable or developable",0.5702598690986633
Only valid data shall be entered into the system.  No invalid data shall be entered into the system.,"not about scalable, increasable or developable","not about scalable, increasable or developable",0.6727836728096008
One insurance company shall not be able to view another insurance companys claim data.,"not about scalable, increasable or developable","not about scalable, increasable or developable",0.7238490581512451
The product shall free of computer viruses.,"not about scalable, increasable or developable","scalable, increasable or developable",0.7392148971557617
The system shall prevent malicious attacks including denial of service.,"not about scalable, increasable or developable","not about scalable, increasable or developable",0.7917317152023315
The product must comply with Sarbanes-Oxley.,"not about scalable, increasable or developable","not about scalable, increasable or developable",0.7831407785415649
The product shall comply with the estimatics laws relating to recycled parts usage.,"not about scalable, increasable or developable","not about scalable, increasable or developable",0.7347602844238281
The product shall comply with insurance regulations regarding claims processing.,"not about scalable, increasable or developable","not about scalable, increasable or developable",0.8052994012832642
 The product must work with most database management systems (DBMS) on the market  whether the DBMS is colocated with the product on the same machine or is located on a different machine on the computer network.,"not about scalable, increasable or developable","not about scalable, increasable or developable",0.4652765989303589
The product will function alongside server software on any operating system where the Java runtime can be installed.,"not about scalable, increasable or developable","not about scalable, increasable or developable",0.6364880800247192
The product will require collaboration with a database management system (DBMS).  The DBMS may be located on the same machine as the product or on a separate machine residing on the same computer network.,"not about scalable, increasable or developable","not about scalable, increasable or developable",0.48231440782546997
 The product must make use of web/application server technology.  Open source examples include Apache web server  Tomcat  and the JBoss application server.,"not about scalable, increasable or developable","not about scalable, increasable or developable",0.5279887914657593
 A database management system such as Oracle  DB2  MySql or HSQL will need to be integrated with the product.,"not about scalable, increasable or developable","not about scalable, increasable or developable",0.5919917225837708
 The product’s Look and Feel shall be able to incorporate aspects of the customer’s organization such as logo  branding  and identity,"not about scalable, increasable or developable","not about scalable, increasable or developable",0.5782264471054077
The product shall have a conservative and professional appearance.,"not about scalable, increasable or developable","scalable, increasable or developable",0.7183159589767456
The product shall make the users want to use it. 80% of the users surveyed report they are regularly using the product after the first 2 weeks post-launch.,"not about scalable, increasable or developable","not about scalable, increasable or developable",0.46565502882003784
The product shall be easy to use. 90% of users will be able to successfully reserve a conference room within 5 minutes of product use.,"not about scalable, increasable or developable","not about scalable, increasable or developable",0.5203807950019836
The product shall give users feedback when necessary. 80% of the users surveyed report that the product accurately confirms their actions.,"not about scalable, increasable or developable","not about scalable, increasable or developable",0.5736531615257263
The product shall allow the user to select a chosen language from one of the target market countries.,"not about scalable, increasable or developable","not about scalable, increasable or developable",0.6251054406166077
The product shall allow for customization of start page and views preferences.,"not about scalable, increasable or developable","not about scalable, increasable or developable",0.6697264909744263
 An employee will be able to successfully use the product within a few minutes.  After informally navigating the product for less than 15 minutes  users shall be able to successfully setup meetings and reserve conference rooms.,"not about scalable, increasable or developable","not about scalable, increasable or developable",0.49912339448928833
The product shall use a standard navigation menu familiar to most web users.,"not about scalable, increasable or developable","not about scalable, increasable or developable",0.6800500154495239
The product shall allow for intuitive searching of available conference rooms.,"not about scalable, increasable or developable","not about scalable, increasable or developable",0.7081689238548279
The product shall conform to the Americans with Disabilities Act.,"not about scalable, increasable or developable","not about scalable, increasable or developable",0.7572822570800781
The response shall be fast enough to avoid interrupting the user’s flow of thought.  90% of tasks shall complete within 5 seconds.  98% of tasks shall complete within 8 seconds.,"not about scalable, increasable or developable","not about scalable, increasable or developable",0.5156279802322388
 Aside from server failure  the software product shall achieve 99.99% up time.,"not about scalable, increasable or developable","not about scalable, increasable or developable",0.753890335559845
The product shall create an exception log of problems encountered within the product for transmission to our company for analysis and resolution.,"not about scalable, increasable or developable","not about scalable, increasable or developable",0.577841579914093
 The product shall be capable of handling up to 1 000 concurrent requests.  This number will increase to 2 000 by Release 2.  The concurrency capacity must be able to handle peak scheduling times such as early morning and late afternoon hours.,"scalable, increasable or developable","not about scalable, increasable or developable",0.5079530477523804
 The product shall be able to process 10 000 transactions per hour within two years of its launch.  This number will increase to 20 000 by Release 2.,"scalable, increasable or developable","not about scalable, increasable or developable",0.5754720568656921
The product shall be expected to operate for at least 5 years for each customer installation.,"scalable, increasable or developable","not about scalable, increasable or developable",0.6391685605049133
The product shall be used in office environments.,"not about scalable, increasable or developable","scalable, increasable or developable",0.758632242679596
The product must be able to interface with any HTML browser.  The product shall transmit data between the user and the product without problems. The product shall display HTML properly in 80% of all HTML browsers tested (minimum is to test 8 browsers).,"not about scalable, increasable or developable","not about scalable, increasable or developable",0.4829348623752594
The product must be able to interface with various database management systems. The product shall communicate successfully with the database management system on 100% of all transactions.,"not about scalable, increasable or developable","not about scalable, increasable or developable",0.5742039084434509
The product must be able to interface with various email servers. The product shall be able to send email.,"not about scalable, increasable or developable","not about scalable, increasable or developable",0.5833221673965454
The product shall be available for distribution via the Internet as a binary or ZIP file.,"not about scalable, increasable or developable","not about scalable, increasable or developable",0.6878092885017395
The product shall be available for distribution as a packaged CD.,"not about scalable, increasable or developable","not about scalable, increasable or developable",0.717339813709259
 The product will be available for licensing as a one-server  two-five servers  or five-or-more servers license.,"not about scalable, increasable or developable","not about scalable, increasable or developable",0.5682969093322754
A new user must be able to be added to the system within 10 minutes.  90% of new users are able to log into the system within 10 minutes.,"not about scalable, increasable or developable","not about scalable, increasable or developable",0.4860175549983978
The product must be designed using Design Patterns and coding best practices.  90% of maintenance software developers are able to integrate new functionality into the product with 2 working days.,"not about scalable, increasable or developable","not about scalable, increasable or developable",0.5391133427619934
The product must be highly configurable for use with various database management systems for the end users.  80% of end users are able to integrate new database management systems with the product without changing the product’s software code.,"not about scalable, increasable or developable","not about scalable, increasable or developable",0.49516040086746216
Maintenance releases will be offered to customers once a year.  The releases shall take no longer than 5 minutes for 80% of the customer base to install.,"not about scalable, increasable or developable","not about scalable, increasable or developable",0.5613016486167908
Every registered user will have access to the product’s support site via the Internet.  70% of registered users shall find a solution to their problem within 5 minutes of using the support site.,"not about scalable, increasable or developable","not about scalable, increasable or developable",0.4999735653400421
The customer shall be able to easily integrate new building maps with the product throughout the product’s lifecycle.  Integration of new maps with the product shall be possible with little to no support from product support staff.,"not about scalable, increasable or developable","not about scalable, increasable or developable",0.47923287749290466
 The product shall be translated into foreign languages other than the target market countries’ languages in future releases.  For each emerging target market  it shall take no more than 5 days to configure the product for that market’s language.,"not about scalable, increasable or developable","not about scalable, increasable or developable",0.49462229013442993
 The product is expected to integrate with multiple database management systems.  The product will operate with Oracle  SQL Server  DB2  MySQL  HSQL  and MS Access.,"not about scalable, increasable or developable","not about scalable, increasable or developable",0.4873565435409546
The product shall be able to be installed in any operating environment within 2 days.,"not about scalable, increasable or developable","not about scalable, increasable or developable",0.6400805115699768
The product shall ensure that only company employees or external users with company-approved user IDs may have product access.  100% of all logons shall be by either company employees or external users with company-approved user IDs.,"not about scalable, increasable or developable","not about scalable, increasable or developable",0.49765780568122864
Only managers are able to perform search queries for reservations by user.  100% of all search queries for reservations by user shall be from logons of only management logons.,"not about scalable, increasable or developable","not about scalable, increasable or developable",0.5231848955154419
The product shall ensure that the database’s data corresponds to the data entered by the user.  Each conference room reservation in the system will contain the same information as was entered by the user.,"not about scalable, increasable or developable","not about scalable, increasable or developable",0.48301398754119873
The product shall prevent the input of malicious data.  The product and/or adjacent hardware/software systems’ data shall remain 100% uncorrupted each time malicious data is input into the product.,"not about scalable, increasable or developable","not about scalable, increasable or developable",0.4887048900127411
The product and/or dependent databases/filesystems shall remain operational as a result of the input of malicious data.  The product and/or dependent databases/filesystems shall not crash 100% of the time that malicious data is input into the product.,"not about scalable, increasable or developable","not about scalable, increasable or developable",0.4608606696128845
The product shall have the ability to receive automatic software updates as new threats emerge.  100% of customers will be able to receive automatic software updates transmitted to the installed product.,"not about scalable, increasable or developable","not about scalable, increasable or developable",0.48887863755226135
The language of the product shall accommodate all of the target market countries. 90% of survey respondents from each target market country will find that the language of the product is acceptable.,"scalable, increasable or developable","not about scalable, increasable or developable",0.4581657648086548
The product shall be able to display calendar dates and times according to the user’s locale.  90% of survey respondents from each target market country will find that the date and time formatting of the product is correct.,"not about scalable, increasable or developable","not about scalable, increasable or developable",0.44595998525619507
The product must be developed with the J2SE/J2EE programming language libraries,"not about scalable, increasable or developable","not about scalable, increasable or developable",0.710160493850708
Recreation of Inventory Quantity Adjustment for the period of previous 30 days shall take no more than 30min.,"not about scalable, increasable or developable","not about scalable, increasable or developable",0.6444602012634277
The System shall allow for a minimum of  6 users to work at the same time.,"not about scalable, increasable or developable","not about scalable, increasable or developable",0.6350306868553162
The System shall utilize currently owned computer equipment.,"not about scalable, increasable or developable","scalable, increasable or developable",0.8337900638580322
The System shall be able to automatically backup business data and restore them on demand.,"not about scalable, increasable or developable","not about scalable, increasable or developable",0.6295763254165649
The System shall maintain consistent security.  Any changes in user passwords and/or permissions should take affect in all parts of the System.,"not about scalable, increasable or developable","not about scalable, increasable or developable",0.5880488753318787
The System shall granularly control access rights to all major subsystems.  It should be possible to assign access rights to all subsystems independently.,"not about scalable, increasable or developable","not about scalable, increasable or developable",0.572014331817627
The System shall meet all applicable accounting standards.  The final version of the System must successfully pass independent audit performed by a certified auditor.,"not about scalable, increasable or developable","not about scalable, increasable or developable",0.5781248211860657
The System shall not require additional third party licenses resulting in royalty fees.,"not about scalable, increasable or developable","not about scalable, increasable or developable",0.7582696080207825
Administrator shall be able to activate a pre-paid card via the Administration section in under 5 seconds.,"not about scalable, increasable or developable","not about scalable, increasable or developable",0.6249347925186157
 Customer shall be able to check the status of their prepaid card  by entering in the PIN number  in under 5 seconds.,"not about scalable, increasable or developable","not about scalable, increasable or developable",0.5704905986785889
System shall let customers register on the website as a “pay as you go” user in under 5 minutes.,"not about scalable, increasable or developable","not about scalable, increasable or developable",0.6430784463882446
System shall let customers register on the website as a “unlimited movie subscriber” user in under 10 minutes.,"not about scalable, increasable or developable","not about scalable, increasable or developable",0.6587467789649963
System shall let existing customers log into the website with their email address and password in under 5 seconds.,"not about scalable, increasable or developable","not about scalable, increasable or developable",0.6312727332115173
 System shall let customers cancel their account  process shall take no longer than 2 minutes.  Database will mark the account as inactive  and user will not be able to log into the website.,"not about scalable, increasable or developable","not about scalable, increasable or developable",0.5233491063117981
System shall let administrator de-activate a customer account in under 1 minute. Customer will no longer be able to access the website.,"not about scalable, increasable or developable","not about scalable, increasable or developable",0.6153376698493958
System shall let administrator add/remove movies on the website in under 5 minutes.  Entered movie information will be stored in the database and will now be available on the website.,"not about scalable, increasable or developable","not about scalable, increasable or developable",0.5146319270133972
System shall let the administrator add/remove categories on the website in under 5 minutes.,"not about scalable, increasable or developable","not about scalable, increasable or developable",0.6707158088684082
System shall let Izogn Manager access sales and usage statistics in under 2 minutes.,"not about scalable, increasable or developable","not about scalable, increasable or developable",0.7575120329856873
System shall let administrators generate unique pre-paid pins in under 2 minutes and generate an Excel file with the generated PINs.,"not about scalable, increasable or developable","not about scalable, increasable or developable",0.6160386204719543
The website shall be attractive to all audiences.  The website shall appear to be fun and the colors should be bright and vibrant.,"not about scalable, increasable or developable","not about scalable, increasable or developable",0.563514232635498
 The website should have an African feel  but should not alienate non-Africans.  The website should use animation on pages which are describing the services  to grab the users attention and encourage them to sign up.,"not about scalable, increasable or developable","not about scalable, increasable or developable",0.4702879786491394
 The website design should be modern  clean  and concise.,"not about scalable, increasable or developable","not about scalable, increasable or developable",0.7591075301170349
The product should be able to be used by 90% of novice users on the Internet.,"not about scalable, increasable or developable","not about scalable, increasable or developable",0.588928759098053
 Users should only have to navigate through a maximum of 4 pages  to create an account with the website.,"not about scalable, increasable or developable","not about scalable, increasable or developable",0.5657910704612732
Users should be able to access their streaming movies in under 2 clicks after logging into the website.,"not about scalable, increasable or developable","not about scalable, increasable or developable",0.6438024640083313
An anonymous survey will show that 70% of customers are comfortable purchasing streaming movies after 2 weeks using the website.,"not about scalable, increasable or developable","not about scalable, increasable or developable",0.632371187210083
An anonymous survey will show that 95% of customers are comfortable using and purchasing pre-paid cards after a month of using the system.,"not about scalable, increasable or developable","not about scalable, increasable or developable",0.5559736490249634
The product shall retain the customer’s buying preferences and information.,"not about scalable, increasable or developable","not about scalable, increasable or developable",0.769010603427887
The product shall be easy for customers with novice skills on the  Internet to purchase and watch streaming movies.  Customers should be able to purchase and watch a pre-determined movie in under 3 minutes.,"not about scalable, increasable or developable","not about scalable, increasable or developable",0.4700278043746948
The product shall use symbols and words that are naturally understandable by users familiar with websites,"not about scalable, increasable or developable","not about scalable, increasable or developable",0.6840411424636841
The website will use standard Internet conventions when interacting with the user.,"not about scalable, increasable or developable","not about scalable, increasable or developable",0.727910041809082
 Any interface between a user and the automated system shall have a maximum response time of 5 seconds  unless noted by an exception below.,"not about scalable, increasable or developable","not about scalable, increasable or developable",0.5794718861579895
 When purchasing a streaming movie or pre-paid card via credit card  the processing time should have a maximum response time of 15 seconds.,"not about scalable, increasable or developable","not about scalable, increasable or developable",0.571370542049408
 When streaming a movie  the buffering time should take no longer than 10 seconds (plus any latency on the user’s connection.),"not about scalable, increasable or developable","not about scalable, increasable or developable",0.620964765548706
 While streaming a movie  buffering should only occur if there is latency in the user’s connection.,"not about scalable, increasable or developable","not about scalable, increasable or developable",0.6187035441398621
 All credit card information will be secured on the server  and only accessible by authorized Izogn administrators.  Information will be encrypted in the database.,"not about scalable, increasable or developable","not about scalable, increasable or developable",0.5674397945404053
 The website shall be available for use 24 hours per day  365 days per year.,"not about scalable, increasable or developable","not about scalable, increasable or developable",0.7197557687759399
The website shall achieve 99.5% up time.,"not about scalable, increasable or developable","scalable, increasable or developable",0.775556743144989
 All movies shall be streamed on demand  at any time of the day.,"not about scalable, increasable or developable","not about scalable, increasable or developable",0.7154953479766846
The website shall continue to operate if the streaming server goes down.,"not about scalable, increasable or developable","not about scalable, increasable or developable",0.7110728621482849
The website shall continue to operate if the payment gateway goes down.,"not about scalable, increasable or developable","not about scalable, increasable or developable",0.7460945844650269
The streaming server will support 50 simultaneous streaming connections.,"scalable, increasable or developable","scalable, increasable or developable",0.7237544059753418
The streaming server will support a maximum of 700 movies  new servers can be added to support more movies.,"scalable, increasable or developable","not about scalable, increasable or developable",0.6432978510856628
 The server will support a maximum of 1 000 simultaneous users.,"scalable, increasable or developable","not about scalable, increasable or developable",0.7006245255470276
 The website shall be capable of supporting 100 000 customers.,"scalable, increasable or developable","not about scalable, increasable or developable",0.7548848390579224
The product shall be expected to operate within the maximum maintenance budget for a minimum of 2 years.,"not about scalable, increasable or developable","not about scalable, increasable or developable",0.6678048372268677
All aspects of the website shall be accessed by a web browser over the Internet.,"not about scalable, increasable or developable","not about scalable, increasable or developable",0.6518154740333557
The same hardware supporting the current website will be used to support the new system.,"not about scalable, increasable or developable","not about scalable, increasable or developable",0.6204959750175476
 We must be able to interface with the following browsers: IE 5.X  6.0  Netscape 6.x  7.x  8.x and Firefox 1.0.,"not about scalable, increasable or developable","not about scalable, increasable or developable",0.5426183938980103
Website must interface with the CyberSource API to process credit card transactions.,"not about scalable, increasable or developable","not about scalable, increasable or developable",0.7304271459579468
Website must be fully operational with MSN TV2.,"not about scalable, increasable or developable","not about scalable, increasable or developable",0.7663908004760742
Movies shall be encoded and streamed via Windows Media Player 9.0.,"not about scalable, increasable or developable","not about scalable, increasable or developable",0.7777671217918396
Movies shall be encoded for 56k and 256k streams.,"not about scalable, increasable or developable","not about scalable, increasable or developable",0.7767332792282104
Promotional updates to the website should take a day to update.,"not about scalable, increasable or developable","not about scalable, increasable or developable",0.6157474517822266
Izogn Administrator must be able to update the category listings on the website within 2 minutes.,"not about scalable, increasable or developable","not about scalable, increasable or developable",0.6399977207183838
Izogn Administrator must be able to add new products to the website within 2 minutes.,"not about scalable, increasable or developable","not about scalable, increasable or developable",0.6254624128341675
The system will provide a 24 hour 800 toll free number for support to its customers.,"not about scalable, increasable or developable","not about scalable, increasable or developable",0.6299481987953186
The website will provide a help section with answers and solutions to common problems.,"not about scalable, increasable or developable","not about scalable, increasable or developable",0.6395246982574463
 Velkat staff will be available for phone support between 7am-7pm  M-F to provide technical support to the Izogn administrators.,"not about scalable, increasable or developable","not about scalable, increasable or developable",0.606730043888092
The product shall be able to be installed in the specified environment within 1 working day.,"not about scalable, increasable or developable","not about scalable, increasable or developable",0.6134437322616577
Only registered customers can purchase streaming movies.,"not about scalable, increasable or developable","scalable, increasable or developable",0.7305110096931458
 A customer can only stream a movie if they purchased it  and are within the 2 day viewing period.,"not about scalable, increasable or developable","not about scalable, increasable or developable",0.5932965874671936
Only authorized personnel can access customer records in the database.,"not about scalable, increasable or developable","scalable, increasable or developable",0.6814376711845398
Only administrators can activate a pre-paid card.,"not about scalable, increasable or developable","scalable, increasable or developable",0.7578856945037842
Only authorized personnel can access sales information.,"not about scalable, increasable or developable","scalable, increasable or developable",0.738702118396759
The website shall prevent its data from being corrupted when incorrect data is entered in.,"not about scalable, increasable or developable","not about scalable, increasable or developable",0.6701697707176208
 The website shall protect itself from intentional abuse  and notify the administrator at all occurrences.,"not about scalable, increasable or developable","not about scalable, increasable or developable",0.681855320930481
Data integrity scripts will be run on a weekly basis to verify the integrity of the database.,"not about scalable, increasable or developable","not about scalable, increasable or developable",0.6365457773208618
 The website shall make its user aware of its information practices before collection data from them via a Privacy Policy  accessible on all pages of the website.,"not about scalable, increasable or developable","not about scalable, increasable or developable",0.5484793186187744
The system shall notify customers of changes to its information policy.,"not about scalable, increasable or developable","not about scalable, increasable or developable",0.6661098599433899
The system shall reveal private information only in compliance with the organization’s information policy.,"not about scalable, increasable or developable","not about scalable, increasable or developable",0.6934951543807983
 All customer information will be stored on a secure database  accessible only to authorized personnel.,"not about scalable, increasable or developable","not about scalable, increasable or developable",0.6988052129745483
All credit card information will be encrypted in the database.,"not about scalable, increasable or developable","not about scalable, increasable or developable",0.630142092704773
The streaming server will have anti-virus software to prevent infection of malicious viruses.,"not about scalable, increasable or developable","not about scalable, increasable or developable",0.6529403328895569
The website should cater to all tribes in Nigeria.,"not about scalable, increasable or developable","not about scalable, increasable or developable",0.6967847943305969
The website shall not be offensive to religious or ethnic groups.,"not about scalable, increasable or developable","not about scalable, increasable or developable",0.7226920127868652
 The website should appeal to all Africans  not only Nigerians.,"not about scalable, increasable or developable","not about scalable, increasable or developable",0.7543171644210815
The website should use Flash to provide animation on the home page.,"not about scalable, increasable or developable","not about scalable, increasable or developable",0.6599447131156921
IzognMovies shall meet the licensing requirements set forth by the appropriate organizations in order to stream African movies.,"not about scalable, increasable or developable","not about scalable, increasable or developable",0.6237905621528625
The website will comply with W3C standards.,"not about scalable, increasable or developable","scalable, increasable or developable",0.7635980248451233
The PHP code will comply with PEAR standards.,"not about scalable, increasable or developable","not about scalable, increasable or developable",0.8076978921890259
Total lead cycle time must be completed in 5 minutes for 90% of lead volume between the business hours of 8AM CST to 8PM CST  then 3 minutes for 99% of lead volume during off business hours.,"not about scalable, increasable or developable","not about scalable, increasable or developable",0.48926791548728943
No lead evaluation will complete in a time period longer than 25 seconds for 97% of all leads processed.,"not about scalable, increasable or developable","not about scalable, increasable or developable",0.6691399812698364
For leads that process longer than 25 seconds the system will record the event and duration,"not about scalable, increasable or developable","not about scalable, increasable or developable",0.6585721969604492
The process must fit within the processing time conditions set forth by the Auto Rep Assignment process in which a lead is assigned within 3 minutes of the total life cycle.,"not about scalable, increasable or developable","not about scalable, increasable or developable",0.5138710737228394
The lead washing process will operate within the established physical web service structure.,"not about scalable, increasable or developable","not about scalable, increasable or developable",0.7688602805137634
 The washing process must use a non binding  neutral data format  such as xml  when receiving and processing lead data.,"not about scalable, increasable or developable","not about scalable, increasable or developable",0.6159681677818298
Defect reports will be available to technical units on a 24x7 basis.,"not about scalable, increasable or developable","not about scalable, increasable or developable",0.7279167771339417
Washing parameters will be updated during scheduled maintenance hours.,"not about scalable, increasable or developable","not about scalable, increasable or developable",0.7676708698272705
The product shall simulate the look of ships at sea.,"not about scalable, increasable or developable","not about scalable, increasable or developable",0.7511698603630066
The product shall display the grids within a circle as a view from a periscope.,"not about scalable, increasable or developable","not about scalable, increasable or developable",0.6714317202568054
The product shall display each type of ship in a grid using an image of the specific type of ship.,"not about scalable, increasable or developable","not about scalable, increasable or developable",0.5289183259010315
 When the offensive player takes a shot  the product shall simulate the sound of a ship at sea.,"not about scalable, increasable or developable","not about scalable, increasable or developable",0.5754793882369995
 When a shot is marked as a miss  the product shall simulate the sound of a shot missing its target.,"not about scalable, increasable or developable","not about scalable, increasable or developable",0.5611592531204224
 When a shot is marked as a hit  the product shall simulate the sound of a shot hitting its target.,"not about scalable, increasable or developable","not about scalable, increasable or developable",0.5785776376724243
 When a ship is sunk  the product shall simulate the sound of a sinking ship.,"not about scalable, increasable or developable","not about scalable, increasable or developable",0.5821061134338379
 The product shall be available 24 hours per day  seven days per week.,"not about scalable, increasable or developable","not about scalable, increasable or developable",0.7809545397758484
The product shall able to handle a large number of games simultaneously.,"not about scalable, increasable or developable","not about scalable, increasable or developable",0.6627870798110962
The response time shall be fast enough to maintain the flow of the game.  The response time shall be no more than 2 seconds for 95% of responses and no more than 4% for the remaining responses.,"not about scalable, increasable or developable","not about scalable, increasable or developable",0.49451419711112976
The product shall protect the identity of the players. The product shall provide players no access to information that might reveal the identity of another player.,"not about scalable, increasable or developable","not about scalable, increasable or developable",0.540745198726654
The product shall be intuitive and self-explanatory.  Nine out ten users shall be able to successfully complete a game with no training.,"not about scalable, increasable or developable","not about scalable, increasable or developable",0.6101354956626892
 The product shall be available to players who understand English  Spanish and French.  The product shall allow the user to select the language upon accessing the product.,"not about scalable, increasable or developable","not about scalable, increasable or developable",0.5314216613769531
The product shall provide players no access to information that might reveal the identity of another player,"not about scalable, increasable or developable","not about scalable, increasable or developable",0.6464999318122864
The response time shall be fast enough to maintain the flow of the game. The response time shall be no more than 2 seconds for 95% of responses and no more than 4% for the remaining responses.,"not about scalable, increasable or developable","not about scalable, increasable or developable",0.48795270919799805
The system shall be easy to use by callers and supervisors. Callers and supervisors must be able to accomplish any system task within 2 minutes.,"not about scalable, increasable or developable","not about scalable, increasable or developable",0.5294893980026245
The system shall be easy to learn by callers and supervisors. Callers and supervisors shall learn how to use the system within 10 minutes.,"not about scalable, increasable or developable","not about scalable, increasable or developable",0.5439454913139343
 The system shall be responsive. At the DePaul TeleServices Center  when a supervisor uses the system to view a callers schedule  the system response time must be no more than 2 seconds 90% of the time and no more than 5 seconds the rest of the time.,"not about scalable, increasable or developable","not about scalable, increasable or developable",0.4462289810180664
 On a 56k connection  the system response time for all operations must be no more than 6 seconds 90% of the time.,"not about scalable, increasable or developable","not about scalable, increasable or developable",0.5724070072174072
 On a 112k connection or faster  the system response time for all operations must be no more than 3 seconds 90% of the time.,"not about scalable, increasable or developable","not about scalable, increasable or developable",0.5344576239585876
The system shall have high availability every day of the year.The system must be available for use between 12:00AM and 6:00PM all days of the year.,"not about scalable, increasable or developable","not about scalable, increasable or developable",0.5202949643135071
The system must be available for use between 7:00AM and 11:59PM all days of the year.,"not about scalable, increasable or developable","not about scalable, increasable or developable",0.5827764868736267
The product shall be internet browser independent.The product must run using Internet Explorer and Netscape Navigator.,"not about scalable, increasable or developable","not about scalable, increasable or developable",0.701753556728363
The product shall ensure that only supervisors can advertise empty time slots.The product must ensure that supervisors are allowed to access advertise empty time slots.,"not about scalable, increasable or developable","not about scalable, increasable or developable",0.5489886999130249
The product shall ensure that only supervisors can enter a caller’s schedule.The product must ensure that supervisors are allowed to access advertise empty time slots.,"not about scalable, increasable or developable","not about scalable, increasable or developable",0.550581693649292
The product shall ensure that only supervisors can view schedule of all callers.The product must ensure that supervisors are allowed to access advertise empty time slots.,"not about scalable, increasable or developable","not about scalable, increasable or developable",0.5411704182624817
 The interface shall have a simple look. In the interface and usability survey  90% of beta testers must report that the interface is adequately simple.,"not about scalable, increasable or developable","not about scalable, increasable or developable",0.5413706302642822
 The interface shall be appealing to callers and supervisors. In the interface and usability survey  80% of beta testers must report that the interface is appealing.,"not about scalable, increasable or developable","not about scalable, increasable or developable",0.527746319770813
The product shall provide GUI based Monitoring Services.System Administrators shall monitor message exchanges will predict and determine problems and will also provide internal and external support.,"not about scalable, increasable or developable","not about scalable, increasable or developable",0.5852255821228027
The product shall comply with City of Chicago Application Development Guide Framework.Application Development Framework will provide structured Graphical User Interface.,"not about scalable, increasable or developable","not about scalable, increasable or developable",0.5822725296020508
The product shall provide Monitoring Services.The product shall be easy for System Administrators and DBAs to use after two weeks of usage.,"not about scalable, increasable or developable","not about scalable, increasable or developable",0.5934082865715027
The product shall provide Error Tracking Services.The product shall help the System Administrators and DBAs to resolve transaction errors 99% of the time.,"not about scalable, increasable or developable","not about scalable, increasable or developable",0.5825071334838867
The product shall provide Portals.The product shall help System Administrators to analyze the transactions with ad-hoc reporting and KPIs (Key Performance Indicators),"not about scalable, increasable or developable","not about scalable, increasable or developable",0.5888866186141968
The product shall provide Asynchronous Messaging.The product shall provide asynchronous messaging to enable parallel processing and reduce the overhead in communications,"not about scalable, increasable or developable","not about scalable, increasable or developable",0.6171579957008362
The product shall provide Multi-threading and Load Balancing.The product shall provide multi-threading technology as well as load balancing to overcome data load spikes and traffic.,"not about scalable, increasable or developable","not about scalable, increasable or developable",0.5301437377929688
The product shall process messages within 2 seconds.The product shall have a maximum message processing time of 2 seconds,"not about scalable, increasable or developable","not about scalable, increasable or developable",0.6637117266654968
The product shall poll the system for messages every second.The product shall poll the system for new messages at a maximum of every 1 second.,"not about scalable, increasable or developable","not about scalable, increasable or developable",0.5643487572669983
The product shall provide Dynamic Change Support and Transparent resource addition.The product shall support Transparent Resource addition and Dynamic Change support to provide scalability and avoid service interruptions of more than 1 day.,"not about scalable, increasable or developable","not about scalable, increasable or developable",0.5017335414886475
The product shall be available 99% of the time. Rationale: To avoid service interruption during busiest customer service response periods. The product shall be available 99.99% of the time for regular business days.,"not about scalable, increasable or developable","not about scalable, increasable or developable",0.5293735265731812
The product shall be robust.The product shall have fault avoidance based on standards adoption.,"not about scalable, increasable or developable","not about scalable, increasable or developable",0.7046201825141907
The product shall be robust with fault tolerance.The product shall have fault tolerance by using recovery technique compensatory transaction and routing around failures.,"not about scalable, increasable or developable","not about scalable, increasable or developable",0.5892894268035889
The product shall be able to process all transactions.The product shall process minimum of 1 million transactions per year.,"scalable, increasable or developable","not about scalable, increasable or developable",0.6607999801635742
The product shall be platform independent.The product shall enable access to any type of development environment and platform.,"not about scalable, increasable or developable","not about scalable, increasable or developable",0.6370290517807007
The product shall interface CSR and Datastream.The product shall exchange messages between CSR and EAM on a real time basis without any direct interfaces between two systems.,"not about scalable, increasable or developable","not about scalable, increasable or developable",0.539701521396637
 : The product shall continue to operate during upgrade  change or new resource addition.The product shall be able to continue to operate with no interruption in service due to new resource additions.,"not about scalable, increasable or developable","not about scalable, increasable or developable",0.5490084290504456
The product shall be updated on a regular basis.The product will have a new major feature introduced every six months and quarterly maintenance releases every six months.,"not about scalable, increasable or developable","not about scalable, increasable or developable",0.5718937516212463
The product shall operate with every platform.The product shall accommodate any new technology without any change in its architecture.,"not about scalable, increasable or developable","not about scalable, increasable or developable",0.6722468137741089
 The product shall have security.The product shall provide authentication  and authorization.,"not about scalable, increasable or developable","not about scalable, increasable or developable",0.7161587476730347
The product shall information Security. The product shall enable privacy by encryption WS-Security and Integrity Checking.,"not about scalable, increasable or developable","not about scalable, increasable or developable",0.6603685021400452
The product shall have audit capabilities.The product shall store messages for a minimum of one year for audit and transaction tracking purposes.,"not about scalable, increasable or developable","not about scalable, increasable or developable",0.5732200145721436
The system shall use IBM and CCR branding standards. The interface must have one IBM logo and one CCR logo.,"not about scalable, increasable or developable","not about scalable, increasable or developable",0.6413570046424866
The system shall be displayable on any work computer a CCR user may have. The system interface shall be formatted to display at 800 by 600 pixel resolution.,"not about scalable, increasable or developable","not about scalable, increasable or developable",0.5721035003662109
The system interface will use CCR nomenclature. The system must use the same nomenclature used in the existing WCS system and reports,"not about scalable, increasable or developable","not about scalable, increasable or developable",0.6046233177185059
The interface must summarize the data in a fashion that’s appealing to CCR management. Every report type must have at least one high level summary shown in the results dashboard/interface,"not about scalable, increasable or developable","not about scalable, increasable or developable",0.5560206770896912
The system must use a point and click interface. 100% of all selection and navigation functionality must be able to be activated/selected by either a mouse or a keyboard,"not about scalable, increasable or developable","not about scalable, increasable or developable",0.4903940260410309
The interface shall be easy to use. 90% of users should be able to successfully use the system to generate a report on their first use. The interface should adhere to IBM usability standards.,"not about scalable, increasable or developable","not about scalable, increasable or developable",0.483722984790802
Rreports must be easy to generate. eports must be generated within one button click and exported within one button click (after selecting the report),"not about scalable, increasable or developable","not about scalable, increasable or developable",0.5846935510635376
A user shall be able to use the system without instruction after a short amount of time. After one use a user should understand and remember 90% of the system usage and navigation.,"not about scalable, increasable or developable","not about scalable, increasable or developable",0.46261459589004517
All CCR users shall receive training before the WCS system is deployed. One training session will be held for 100% of CCR users before system deployment (based on a CCR user being available),"not about scalable, increasable or developable","not about scalable, increasable or developable",0.5309642553329468
The WCS system shall use appropriate nomenclature and terminology as defined by the Corporate Community Grants organization. All interfaces and reports will undergo usability tests by CCR users.,"not about scalable, increasable or developable","not about scalable, increasable or developable",0.5360040664672852
The WCS system shall be available at all times as long as IBM’s internal intranet W3 is accessible. The WCS system will be available 95% of the time IBM’s internal intranet W3 is available.,"not about scalable, increasable or developable","not about scalable, increasable or developable",0.4977014362812042
The WCS system shall have the ability to connect other designated WCS databases currently not included in the system.,"scalable, increasable or developable","not about scalable, increasable or developable",0.6200403571128845
The WCS system shall have the ability to include data for regions outside the United States and be accessed by users outside of the United States if approved by CCR management.,"scalable, increasable or developable","not about scalable, increasable or developable",0.48766353726387024
The WCS system shall be run in a Windows environment. The WCS shall be accessed by users through the Internet on an IBM computer running a Windows 2000 or above operating system.,"not about scalable, increasable or developable","not about scalable, increasable or developable",0.5386994481086731
The Brio portion of the WCS system must be able to export files in spreadsheet form (Microsoft Excel and Lotus 1-2-3 formats).  Brio will provide buttons in the user interface that produce/export reports in .xls or .123 file formats.,"not about scalable, increasable or developable","not about scalable, increasable or developable",0.4578275680541992
The WCS system must run queries to the WCS databases once again (on a specified day) to update the available data available to CCR users. Queries must be made to external databases for data refresh once a week.,"not about scalable, increasable or developable","not about scalable, increasable or developable",0.5132541060447693
 All changes  updates  and additions to the WCS system shall be updated in the WCS Developer and WCS User Guides. Every change must be reflected in WCS system documentation,"not about scalable, increasable or developable","not about scalable, increasable or developable",0.5457571744918823
The system shall only be accessed by authorized Corporate Community Grants (CCR) employees. Users must be authenticated using their IBM intranet user name and password.,"not about scalable, increasable or developable","not about scalable, increasable or developable",0.5705091953277588
The WCS system shall not allow automatic logins by any user. Cookies containing WCS login information about a user will not be stored on a user’s computer.,"not about scalable, increasable or developable","not about scalable, increasable or developable",0.5648580193519592
Each team owner will need to use a username and password in order to be authenticated to reach the team owner’s page,"not about scalable, increasable or developable","not about scalable, increasable or developable",0.5628293752670288
The Commissioner will be the only authorized user per league to adjust league settings.,"not about scalable, increasable or developable","not about scalable, increasable or developable",0.7070769667625427
Each page shall contain a navigation menu which shows the index into which the current page is contained.,"not about scalable, increasable or developable","not about scalable, increasable or developable",0.6391894817352295
Each page shall contain a similar format with action items in one location and navigation buttons in a different location.,"not about scalable, increasable or developable","not about scalable, increasable or developable",0.611581563949585
The message board shall contain the 5 most recently posted messages on the league page. The messages will contain up to the first 150 characters of the message.,"not about scalable, increasable or developable","not about scalable, increasable or developable",0.5155773162841797
;A new user shall be able to navigate through the league and team pages within 30 seconds of reaching the start-up page.,"not about scalable, increasable or developable","not about scalable, increasable or developable",0.5652645230293274
Users shall be able to reach the ‘add’  ‘drop’  and ‘trade player’ pages with one click from the team owner’s page.,"not about scalable, increasable or developable","not about scalable, increasable or developable",0.5124596357345581
;Users shall be able to view at least 25 NFL player statistics and points on each page.,"not about scalable, increasable or developable","not about scalable, increasable or developable",0.6526952981948853
The application shall ask the user to confirm dropping a player or trading a player before performing the action.,"not about scalable, increasable or developable","not about scalable, increasable or developable",0.5923052430152893
The application shall be able to complete every user transaction within one fourth of a second of receiving the request over the network.,"not about scalable, increasable or developable","not about scalable, increasable or developable",0.5642741918563843
The application shall have a downtime of at most 10 minutes per year.,"not about scalable, increasable or developable","not about scalable, increasable or developable",0.6983503103256226
The application shall run on a web application server.,"not about scalable, increasable or developable","scalable, increasable or developable",0.7262729406356812
A primary database will be used to store cached data for active users.,"not about scalable, increasable or developable","not about scalable, increasable or developable",0.703636109828949
A secondary database will be used to store historical statistics and data.,"not about scalable, increasable or developable","not about scalable, increasable or developable",0.7153899073600769
Application updates shall occur between 3AM and 6 AM CST on Wednesday morning during the middle of the NFL season.,"not about scalable, increasable or developable","not about scalable, increasable or developable",0.6258326172828674
New System version releases shall be released at the beginning of each NFL season.,"not about scalable, increasable or developable","not about scalable, increasable or developable",0.7235492467880249
The RFS system should be available 24/7  especially during the budgeting period. The RFS system shall be available 90% of the time all year  and 98% during the budgeting period. 2% of the time  the system will become available within 1 hour of the time that the situation is reported.,"not about scalable, increasable or developable","not about scalable, increasable or developable",0.44236472249031067
98% of the user workstations shall meet the minimum hardware requirements prior to implementation. Minimum Hard Disk Space:  400MB.,"not about scalable, increasable or developable","not about scalable, increasable or developable",0.5727132558822632
98% of the user workstations shall meet the minimum software requirements prior to implementation: Microsoft Internet Explorer 5.0. Microsoft .NET Framework 1.1. Microsoft Internet Explorer Web Controls,"not about scalable, increasable or developable","not about scalable, increasable or developable",0.545551598072052
The RFS system should be able to easily interface with the BDW environment  in order to load the data. •;7 data files shall be received from the BDW and loaded into the RFS system within 3 hours one day prior to the start of budgeting process  every year. The data will be as of October month-end. ;Test files (7) shall be loaded up to 5 times throughout the year  from the BDW.,"not about scalable, increasable or developable","not about scalable, increasable or developable",0.4267718195915222
Changes to revenue and expense formulae must be applied to the RFS system  every year  prior to the budgeting process start. Revenue and expense formulae will be updated within one week of their receipt  after which 2 weeks will be allotted to testing of the budget calculations  to be conducted jointly by the project development team and PCG Finance.,"not about scalable, increasable or developable","not about scalable, increasable or developable",0.43325385451316833
New branches/complexes/districts/regions and revenue/expense accounts added to the BDW  must be reflected in the RFS system. 100% of the entities (mentioned above) available as of October month-end  will be loaded into the RFS system  prior to the budget start process.,"not about scalable, increasable or developable","not about scalable, increasable or developable",0.430663526058197
Only authorized user shall access the RFS system. ONLY users that exist in the UAS system  with the RFS system assigned to their role(s)  shall access the RFS system and use it.,"not about scalable, increasable or developable","not about scalable, increasable or developable",0.504416823387146
;User access should be limited to the permissions granted to their role(s) Each level in the PCG hierarchy will be assigned a role and users will be assigned to these roles. Access to functionality within RFS system is dependent on the privileges/permission assigned to the role..,"not about scalable, increasable or developable","not about scalable, increasable or developable",0.4786268472671509
The product must comply with the intranet page standards and requirements of ENET Securities. 95% of the product look & feel will be approved by the Architecture group  prior to implementation. The remaining 5% will be corrected and approved within one month of product release.,"not about scalable, increasable or developable","not about scalable, increasable or developable",0.4564144015312195
 The intranet pages should display appropriately in all resolutions  from 800x600 and higher. The display of all the pages will be correct in 95% of the resolutions  prior to implementation. The remaining 5% will be corrected within a week of notification of the incorrect display.,"not about scalable, increasable or developable","not about scalable, increasable or developable",0.43633827567100525
The users should be able to easily use the system to successfully complete their budgets  within the stipulated time for completion. With a week of training prior to product implementation  98% of the users shall complete their budgets within the stipulated time.,"not about scalable, increasable or developable","not about scalable, increasable or developable",0.4563828408718109
The product interface should be fast. The response time of the product interface should not exceed 2 seconds 90% of the time. For 10% of the time  the response time should not be more than 10 seconds.not be more than 10 seconds.,"not about scalable, increasable or developable","not about scalable, increasable or developable",0.4432430863380432
