,precision,recall,f1-score,support
"flexibility, workload, efficiency, optimize, caching, improvement, robust, overhead, adaptability, scalable, or increased",0.03333333333333333,0.047619047619047616,0.0392156862745098,21.0
"usability, security, operational, performance, look & feel, legal, fault & tolerance, maintainability, availability, or portability",0.9411764705882353,0.9169054441260746,0.9288824383164006,349.0
accuracy,0.8675675675675676,0.8675675675675676,0.8675675675675676,0.8675675675675676
macro avg,0.4872549019607843,0.48226224587256106,0.4840490622954552,370.0
weighted avg,0.8896502384737678,0.8675675675675676,0.8783878388761851,370.0
