,precision,recall,f1-score,support
"flexibility, workload, efficiency, optimize, caching, improvement, robust, overhead, adaptability, scalable, or increased",0.13,0.6190476190476191,0.21487603305785125,21.0
"usability, security, operational, performance, look & feel, legal, fault & tolerance, maintainability, availability, or portability",0.9703703703703703,0.7507163323782235,0.8465266558966075,349.0
accuracy,0.7432432432432432,0.7432432432432432,0.7432432432432432,0.7432432432432432
macro avg,0.5501851851851851,0.6848819757129213,0.5307013444772294,370.0
weighted avg,0.9226736736736738,0.7432432432432432,0.8106762151408944,370.0
