,precision,recall,f1-score,support
"accessibility, aesthetic, contextual, experience, satisfaction, HCI, UX, questionnaire, ease, or ergonomics",0.7857142857142857,0.4925373134328358,0.6055045871559633,67.0
"vulnerability, securing. protecting, protection, cybersecurity, assurance, cyber, countermeasure, threat, privacy, authentication, prevention, or confidentiality",0.3333333333333333,0.35294117647058826,0.34285714285714286,17.0
"throughput, reliability, scalability, responsiveness, efficiency, workload, benchmark, latency, speed, improvement, or accuracy",0.4878048780487805,0.3225806451612903,0.3883495145631068,62.0
"environmental, organizational, coordination, systemic, or logistics",0.3541666666666667,0.8095238095238095,0.4927536231884058,21.0
"graphical, gui, ui, widget, interaction, habit, prefer, comfortable, friendly, feeling, experience, or familiar",0.7857142857142857,0.2894736842105263,0.423076923076923,38.0
"liability, litigation, jurisdiction, regulation, copyright, legislation, enforcement, governmental, directive,civil, right, patentability, claim, violate, infringement, or counsel",0.5,0.5384615384615384,0.5185185185185186,13.0
"tolerance, failure, tolerant, byzantine, deadlock, exploiting, reliability, isolation, fault, guarantee, or dependable",0.15454545454545454,0.8095238095238095,0.2595419847328244,21.0
"adaptability, effectiveness, agility, preventive, or dependability",0.56,0.5185185185185185,0.5384615384615384,54.0
"flexibility, workload, efficiency, or optimize",1.0,0.5,0.6666666666666666,10.0
"reliability, dependability, resilience",0.9629629629629629,0.3939393939393939,0.5591397849462365,66.0
accuracy,0.46070460704607047,0.46070460704607047,0.46070460704607047,0.46070460704607047
macro avg,0.592424186698577,0.502749988924231,0.47948702841673274,369.0
weighted avg,0.6487508921590817,0.46070460704607047,0.4925141891734,369.0
