,precision,recall,f1-score,support
"instructive, easy, helpful, useful, learnable, explainable, affordable, intuitive, or understandable",0.7058823529411765,0.631578947368421,0.6666666666666667,38.0
"security, authorization, or protection",0.5405405405405406,0.9523809523809523,0.6896551724137931,21.0
periodic execution or efficacy performance,1.0,0.40298507462686567,0.5744680851063829,67.0
"working, running, connecting, interfacing, or operative environment",0.35135135135135137,1.0,0.52,13.0
"appearance, interface, look & feel",0.6190476190476191,0.7647058823529411,0.6842105263157895,17.0
"legal, law, or rules",0.7,0.6481481481481481,0.673076923076923,54.0
system recovery & fault tolerance,0.5714285714285714,0.5714285714285714,0.5714285714285714,21.0
"maintaining, fixing, running or updating",0.8026315789473685,0.9242424242424242,0.8591549295774648,66.0
"scalable, increasable or developable",0.24,0.6,0.34285714285714286,10.0
avaliable or timely achievable,0.7804878048780488,0.5161290322580645,0.6213592233009708,62.0
accuracy,0.6585365853658537,0.6585365853658537,0.6585365853658537,0.6585365853658537
macro avg,0.6311369819134677,0.7011599032806387,0.6202877240743705,369.0
weighted avg,0.7420872248440611,0.6585365853658537,0.6604342955962526,369.0
