,precision,recall,f1-score,support
"accessibility, aesthetic, contextual, experience, satisfaction, HCI, UX, questionnaire, ease, ergonomics, designer, evaluate, multimodal, practitioner, prototyping, preference, personalization, suitability, focus, clarity, responsiveness, judgement, feel, or helpful",1.0,0.029850746268656716,0.05797101449275362,67.0
"vulnerability, security, protection, cybersecurity, assurance, countermeasure, threat, privacy, authentication, prevention, confidentiality, trusted, intrusion, compromise, safety, insecure, defensive, breach, proactive, tampering, penetration, policy, phishing, vulnerable, authorization, dependability, or certification",0.36666666666666664,0.6470588235294118,0.46808510638297873,17.0
"throughput, reliability, scalability, responsiveness, efficiency, workload, benchmark, latency, speed, improvement, accuracy, achieve, tuning, bottleneck, better, high, optimize, effectiveness, low, enhances, reducing, incresaed, quality, faster, or degrades",0.21653543307086615,0.8870967741935484,0.34810126582278483,62.0
"environmental, organizational, coordination, systemic, logistics, coordination, or automation",0.23529411764705882,0.19047619047619047,0.21052631578947367,21.0
"graphical, gui, ui, widget, interaction, habit, prefer, comfortable, friendly, feeling, experience, familiar, desire, customize, intent, disability, or impression",1.0,0.4473684210526316,0.6181818181818182,38.0
"liability, litigation, jurisdiction, regulation, copyright, legislation, enforcement, governmental, directive,civil, right, patentability, claim, violate, infringement, counsel, holder, dispute, illegal, judicial, ruling, agreement, ownership, comply, authority, law, accountability, abuse, intellectual, obligation, invention, court, ethical, concern, or policy",0.0,0.0,0.0,13.0
"tolerance, failure, tolerant, byzantine, deadlock, exploiting, reliability, isolation, fault, guarantee, dependable, countermeasure, resilience, defensive, corruption, weakness, malfunction, robustness, or stability",1.0,0.7619047619047619,0.8648648648648648,21.0
"adaptability, effectiveness, agility, preventive, dependability, correcting, reuse, defect, mitigation, validated, resilience, achievable, remedy, assessing, or maintaining",0.30303030303030304,0.18518518518518517,0.22988505747126436,54.0
"flexibility, workload, efficiency, optimize, caching, improvement, robust, overhead, adaptability, scalable, or increased",0.0,0.0,0.0,10.0
"reliability, dependability, resilience, flexibility, accountability, ensur, disruption, timely, or standby",0.0,0.0,0.0,66.0
accuracy,0.3116531165311653,0.3116531165311653,0.3116531165311653,0.3116531165311653
macro avg,0.41215265204148943,0.3148940902610386,0.2797615443005938,369.0
weighted avg,0.45247518433049216,0.3116531165311653,0.24908319850578933,369.0
