,precision,recall,f1-score,support
"accessibility, aesthetic, contextual, experience, satisfaction, HCI, UX, questionnaire, ease, or ergonomics",1.0,0.05970149253731343,0.11267605633802817,67.0
"vulnerability, securing. protecting, protection, cybersecurity, assurance, cyber, countermeasure, threat, privacy, authentication, prevention, or confidentiality",0.6666666666666666,0.47058823529411764,0.5517241379310345,17.0
"throughput, reliability, scalability, responsiveness, efficiency, workload, benchmark, latency, speed, improvement, or accuracy",0.25287356321839083,0.7096774193548387,0.3728813559322034,62.0
"environmental, organizational, coordination, systemic, or logistics",0.14285714285714285,0.047619047619047616,0.07142857142857142,21.0
"graphical, gui, ui, widget, interaction, habit, prefer, comfortable, friendly, feeling, experience, or familiar",0.32558139534883723,0.3684210526315789,0.34567901234567905,38.0
"liability, litigation, jurisdiction, regulation, copyright, legislation, enforcement, governmental, directive,civil, right, patentability, claim, violate, infringement, or counsel",0.0,0.0,0.0,13.0
"tolerance, failure, tolerant, byzantine, deadlock, exploiting, reliability, isolation, fault, guarantee, or dependable",0.24074074074074073,0.6190476190476191,0.3466666666666667,21.0
"adaptability, effectiveness, agility, preventive, or dependability",1.0,0.12962962962962962,0.22950819672131148,54.0
"flexibility, workload, efficiency, or optimize",0.05263157894736842,0.1,0.06896551724137931,10.0
"reliability, dependability, resilience",0.5,0.2727272727272727,0.3529411764705882,66.0
accuracy,0.2981029810298103,0.2981029810298103,0.2981029810298103,0.2981029810298103
macro avg,0.4181351087779147,0.2777411768841418,0.24524706910754626,369.0
weighted avg,0.5473318661820016,0.2981029810298103,0.26650479159574886,369.0
