,precision,recall,f1-score,support
"instructive, easy, helpful, useful, learnable, explainable, affordable, intuitive, or understandable",0.6285714285714286,0.5789473684210527,0.6027397260273972,38.0
"security, authorization, or protection",0.4,0.5714285714285714,0.47058823529411764,21.0
periodic execution or efficacy performance,0.2913907284768212,0.6567164179104478,0.40366972477064217,67.0
"working, running, connecting, interfacing, or operative environment",0.0,0.0,0.0,13.0
"appearance, interface, look & feel",1.0,0.11764705882352941,0.21052631578947367,17.0
"legal, law, or rules",0.8333333333333334,0.09259259259259259,0.16666666666666666,54.0
system recovery & fault tolerance,1.0,0.047619047619047616,0.0909090909090909,21.0
"maintaining, fixing, running or updating",0.0,0.0,0.0,66.0
"scalable, increasable or developable",0.0,0.0,0.0,10.0
avaliable or timely achievable,0.34965034965034963,0.8064516129032258,0.4878048780487804,62.0
accuracy,0.3685636856368564,0.3685636856368564,0.3685636856368564,0.3685636856368564
macro avg,0.45029458400319333,0.28714026696984674,0.24329046375061686,369.0
weighted avg,0.4240845928780027,0.3685636856368564,0.28337201844549303,369.0
