,precision,recall,f1-score,support
"accessibility, aesthetic, contextual, experience, satisfaction, HCI, UX, questionnaire, ease, ergonomics, designer, evaluate, multimodal, practitioner, prototyping, preference, personalization, suitability, focus, clarity, responsiveness, judgement, feel, or helpful",0.0,0.0,0.0,67.0
"vulnerability, security, protection, cybersecurity, assurance, countermeasure, threat, privacy, authentication, prevention, confidentiality, trusted, intrusion, compromise, safety, insecure, defensive, breach, proactive, tampering, penetration, policy, phishing, vulnerable, authorization, dependability, or certification",0.24324324324324326,0.5294117647058824,0.33333333333333337,17.0
"throughput, reliability, scalability, responsiveness, efficiency, workload, benchmark, latency, speed, improvement, accuracy, achieve, tuning, bottleneck, better, high, optimize, effectiveness, low, enhances, reducing, incresaed, quality, faster, or degrades",0.42105263157894735,0.7741935483870968,0.5454545454545454,62.0
"environmental, organizational, coordination, systemic, logistics, coordination, or automation",1.0,0.9523809523809523,0.975609756097561,21.0
"graphical, gui, ui, widget, interaction, habit, prefer, comfortable, friendly, feeling, experience, familiar, desire, customize, intent, disability, or impression",0.0,0.0,0.0,38.0
"liability, litigation, jurisdiction, regulation, copyright, legislation, enforcement, governmental, directive,civil, right, patentability, claim, violate, infringement, counsel, holder, dispute, illegal, judicial, ruling, agreement, ownership, comply, authority, law, accountability, abuse, intellectual, obligation, invention, court, ethical, concern, or policy",0.0,0.0,0.0,13.0
"tolerance, failure, tolerant, byzantine, deadlock, exploiting, reliability, isolation, fault, guarantee, dependable, countermeasure, resilience, defensive, corruption, weakness, malfunction, robustness, or stability",0.10471204188481675,0.9523809523809523,0.18867924528301885,21.0
"adaptability, effectiveness, agility, preventive, dependability, correcting, reuse, defect, mitigation, validated, resilience, achievable, remedy, assessing, or maintaining",0.0,0.0,0.0,54.0
"flexibility, workload, efficiency, optimize, caching, improvement, robust, overhead, adaptability, scalable, or increased",0.25,0.1,0.14285714285714288,10.0
"reliability, dependability, resilience, flexibility, accountability, ensur, disruption, timely, or standby",0.0,0.0,0.0,66.0
accuracy,0.26558265582655827,0.26558265582655827,0.26558265582655827,0.26558265582655827
macro avg,0.20190079167070074,0.33083672178548834,0.21859340230256014,369.0
weighted avg,0.1515971576493524,0.26558265582655827,0.17713682640220074,369.0
