,precision,recall,f1-score,support
"accessibility, aesthetic, contextual, experience, satisfaction, HCI, UX, questionnaire, ease, or ergonomics",0.7647058823529411,0.3880597014925373,0.5148514851485149,67.0
"vulnerability, securing. protecting, protection, cybersecurity, assurance, cyber, countermeasure, threat, privacy, authentication, prevention, or confidentiality",0.36363636363636365,0.47058823529411764,0.41025641025641024,17.0
"throughput, reliability, scalability, responsiveness, efficiency, workload, benchmark, latency, speed, improvement, or accuracy",0.8,0.3870967741935484,0.5217391304347827,62.0
"environmental, organizational, coordination, systemic, or logistics",0.3617021276595745,0.8095238095238095,0.5,21.0
"graphical, gui, ui, widget, interaction, habit, prefer, comfortable, friendly, feeling, experience, or familiar",0.6774193548387096,0.5526315789473685,0.6086956521739131,38.0
"liability, litigation, jurisdiction, regulation, copyright, legislation, enforcement, governmental, directive,civil, right, patentability, claim, violate, infringement, or counsel",0.38461538461538464,0.38461538461538464,0.38461538461538464,13.0
"tolerance, failure, tolerant, byzantine, deadlock, exploiting, reliability, isolation, fault, guarantee, or dependable",0.5,0.14285714285714285,0.22222222222222224,21.0
"adaptability, effectiveness, agility, preventive, or dependability",0.4074074074074074,0.8148148148148148,0.5432098765432098,54.0
"flexibility, workload, efficiency, or optimize",0.21052631578947367,0.4,0.27586206896551724,10.0
"reliability, dependability, resilience",0.7966101694915254,0.7121212121212122,0.7520000000000001,66.0
accuracy,0.5392953929539296,0.5392953929539296,0.5392953929539296,0.5392953929539296
macro avg,0.526662300579138,0.5062308653859936,0.47334522303599547,369.0
weighted avg,0.630179747448571,0.5392953929539296,0.5388571545759617,369.0
