Requirement text,Gold label,Predicated label,ZSL score,Top-n recalled labels,Gold label position,Diff. sim scores
The system shall refresh the display every 60 seconds.,performance,performance,0.8189495801925659,"['look & feel', 'fault tolerance', 'performance']",3,0.059105098247528076
The application shall match the color of the schema set forth by Department of Homeland Security,look & feel,look & feel,0.849306046962738,"['look & feel', 'fault tolerance', 'maintainability']",1,-1
 If projected  the data must be readable.  On a 10x10 projection screen  90% of viewers must be able to read Event / Activity data from a viewing distance of 30,usability,look & feel,0.8300842642784119,"['look & feel', 'fault tolerance', 'maintainability']",10,-2
 The product shall be available during normal business hours. As long as the user has access to the client PC  the system will be available 99% of the time during the first six months of operation.,availability,look & feel,0.8274492621421814,"['look & feel', 'fault tolerance', 'maintainability']",6,-2
 If projected  the data must be understandable. On a 10x10 projection screen  90% of viewers must be able to determine that Events or Activities are occuring in current time from a viewing distance of 100,usability,look & feel,0.8266729712486267,"['look & feel', 'fault tolerance', 'maintainability']",10,-2
The product shall ensure that it can only be accessed by authorized users.  The product will be able to distinguish between authorized and unauthorized users in all access attempts,security,look & feel,0.8297332525253296,"['look & feel', 'fault tolerance', 'operational']",8,-2
The product shall be intuitive and self-explanatory.  :  90% of new users shall be able to start the display of Events or Activities within 90 minutes of using the product.,usability,look & feel,0.8309752345085144,"['look & feel', 'fault tolerance', 'maintainability']",9,-2
The product shall respond fast to keep up-to-date data in the display.,performance,look & feel,0.849677324295044,"['look & feel', 'fault tolerance', 'maintainability']",9,-2
The look and feel of the system shall conform to the user interface standards of the smart device.,look & feel,look & feel,0.8631782531738281,"['look & feel', 'fault tolerance', 'maintainability']",1,-1
 The user interface shall have standard menus  buttons for navigation,look & feel,look & feel,0.8780472278594971,"['look & feel', 'fault tolerance', 'performance']",1,-1
The system shall have a professional appearance,look & feel,look & feel,0.8861409425735474,"['look & feel', 'fault tolerance', 'performance']",1,-1
The product shall have a consistent color scheme and fonts.,look & feel,look & feel,0.8706377148628235,"['look & feel', 'fault tolerance', 'maintainability']",1,-1
The system shall be used by realtors with no training.,usability,look & feel,0.8593366146087646,"['look & feel', 'fault tolerance', 'maintainability']",7,-2
The system shall be intuitive and self explanatory.,usability,look & feel,0.8762775659561157,"['look & feel', 'fault tolerance', 'maintainability']",9,-2
The product shall be easy for a realtor to learn.,usability,look & feel,0.8644981980323792,"['look & feel', 'fault tolerance', 'maintainability']",7,-2
The product shall use symbols and words that are naturally understandable by the realtor community.,usability,look & feel,0.851023256778717,"['look & feel', 'fault tolerance', 'maintainability']",10,-2
The product shall produce search results in an acceptable time,performance,look & feel,0.8708747625350952,"['look & feel', 'fault tolerance', 'maintainability']",4,-2
The search results shall be returned no later 30      seconds  after the user has entered the search criteria,performance,look & feel,0.8449403643608093,"['look & feel', 'fault tolerance', 'maintainability']",5,-2
The product shall generate a CMA report in an acceptable time.,performance,performance,0.806709885597229,"['look & feel', 'fault tolerance', 'performance']",3,0.05006766319274902
The CMA report shall be returned no later 60 seconds after the user has entered the CMA report criteria.,performance,look & feel,0.8232575058937073,"['look & feel', 'fault tolerance', 'operational']",6,-2
The product shall synchronize contacts and appointments in an acceptable time.,performance,look & feel,0.8630195260047913,"['look & feel', 'fault tolerance', 'maintainability']",5,-2
The product shall synchronize with the office system every hour.,performance,look & feel,0.869950532913208,"['look & feel', 'fault tolerance', 'maintainability']",4,-2
 The product shall be available for use 24 hours per day  365 days  per year,availability,look & feel,0.8418514132499695,"['look & feel', 'fault tolerance', 'maintainability']",9,-2
 Out of 1000 accesses to the system  the system is available 999 times.,availability,look & feel,0.8462383151054382,"['look & feel', 'fault tolerance', 'scalability']",10,-2
The product shall operate in offline mode whenever internet connection is unavailable.,fault tolerance,fault tolerance,0.8332811594009399,"['look & feel', 'fault tolerance', 'maintainability']",2,0.02544158697128296
 The product shall allow the user to view previously downloaded search results  CMA reports  and appointments.,fault tolerance,fault tolerance,0.8064229488372803,"['look & feel', 'fault tolerance', 'maintainability']",2,0.02747929096221924
The product shall retain user preferences in the event of a failure.,fault tolerance,fault tolerance,0.829927921295166,"['look & feel', 'fault tolerance', 'maintainability']",2,0.037803471088409424
100% of saved user preferences shall be restored when system comes back online.,fault tolerance,fault tolerance,0.8259453177452087,"['look & feel', 'fault tolerance', 'maintainability']",2,0.025881707668304443
The product shall be able to support multiple remote users,scalability,look & feel,0.8754414916038513,"['look & feel', 'fault tolerance', 'maintainability']",8,-2
The product shall be able support 1000 simultaneous users.,scalability,look & feel,0.8780109882354736,"['look & feel', 'fault tolerance', 'maintainability']",9,-2
The product shall be capable of handling the existing 1000 users. This number is expected to grow 5 times within the next year.,scalability,look & feel,0.8345377445220947,"['look & feel', 'fault tolerance', 'maintainability']",4,-2
The product shall be installed by an untrained realtor   without recourse to separately-printed instructions.,usability,look & feel,0.848057210445404,"['look & feel', 'fault tolerance', 'maintainability']",10,-2
90% of untrained realtors shall be able to install the product on their device without printed instructions,usability,look & feel,0.8433207273483276,"['look & feel', 'fault tolerance', 'maintainability']",9,-2
Only registered realtors shall be able to access the system.,security,look & feel,0.8662133812904358,"['look & feel', 'fault tolerance', 'maintainability']",9,-2
Every user of the system shall be authenticated and authorized.,security,look & feel,0.8605637550354004,"['look & feel', 'fault tolerance', 'maintainability']",9,-2
The product shall prevent its data from incorrect data being introduced.,security,look & feel,0.8638460636138916,"['look & feel', 'fault tolerance', 'maintainability']",10,-2
The system shall be easy to use by the Program Administrators/Nursing Staff Members.,usability,look & feel,0.8377593755722046,"['look & feel', 'fault tolerance', 'maintainability']",10,-2
All of the users shall be able to use the system after one day of training.,usability,look & feel,0.839023768901825,"['look & feel', 'fault tolerance', 'maintainability']",10,-2
The system shall help the user avoid making mistakes while scheduling classes and clinicals for the nursing students.,usability,look & feel,0.8360556364059448,"['look & feel', 'fault tolerance', 'maintainability']",10,-2
The number of mistakes noted by the students shall be decreased by 50% in the first year.,usability,look & feel,0.8425723314285278,"['look & feel', 'fault tolerance', 'maintainability']",8,-2
The system shall be intuitive to the Program Administrators/Nursing Staff Members.,usability,look & feel,0.8487028479576111,"['look & feel', 'fault tolerance', 'maintainability']",8,-2
2 out of 3 Program Administrators/Nursing Staff Members shall successfully be able to use the system to manage the scheduling of classes and clinicals.,usability,look & feel,0.8235655426979065,"['look & feel', 'fault tolerance', 'maintainability']",10,-2
The system shall use symbols and words that are naturally understandable by the user community.,usability,look & feel,0.8533756732940674,"['look & feel', 'fault tolerance', 'maintainability']",8,-2
The verbiage used within the system shall be consistent with Standard English and the terminology of the national Nursing Community.,usability,look & feel,0.8435318470001221,"['look & feel', 'fault tolerance', 'maintainability']",10,-2
Staff members shall be able to complete a set of tasks in a timely manner.,performance,look & feel,0.8433810472488403,"['look & feel', 'fault tolerance', 'maintainability']",8,-2
The response time of general student management tasks shall take no longer than 5 seconds and the response time of schedule generation shall take no longer than 30 seconds.,performance,look & feel,0.8275390267372131,"['look & feel', 'fault tolerance', 'maintainability']",7,-2
The system shall be available for use between the hours of 8am and 6pm.,availability,look & feel,0.850614607334137,"['look & feel', 'fault tolerance', 'maintainability']",10,-2
The system shall achieve 95% up time.,availability,look & feel,0.8790328502655029,"['look & feel', 'fault tolerance', 'maintainability']",9,-2
system shall be able to handle all of the user requests/usage during business hours.,scalability,look & feel,0.8426482677459717,"['look & feel', 'fault tolerance', 'maintainability']",5,-2
The system shall cater to 10 simultaneous users from 9am to 5pm.,scalability,look & feel,0.8662362098693848,"['look & feel', 'fault tolerance', 'maintainability']",7,-2
The system shall be capable of processing 100% of nursing students and their classes for the next 10 years.,scalability,look & feel,0.8306821584701538,"['look & feel', 'fault tolerance', 'maintainability']",5,-2
The system shall be expected to manage the nursing program curriculum and class/clinical scheduling for a minimum of 5 years.,scalability,look & feel,0.8235188126564026,"['look & feel', 'fault tolerance', 'operational']",5,-2
The system shall able to operate within a business office environment typical of the Nursing Department at DePaul University.,operational,look & feel,0.837070107460022,"['look & feel', 'fault tolerance', 'maintainability']",4,-2
The system shall be used within the specifications defined by the computers used by the Program Administrators/Nursing Staff Members.,operational,look & feel,0.833727240562439,"['look & feel', 'fault tolerance', 'maintainability']",4,-2
The system shall operate within the Windows XP Professional operating system.,operational,look & feel,0.8650420904159546,"['look & feel', 'fault tolerance', 'maintainability']",5,-2
The system shall interface with CampusConnect’s central server,operational,operational,0.8134967088699341,"['look & feel', 'fault tolerance', 'operational']",3,0.05537217855453491
The system shall interface with the faculty central server.,operational,look & feel,0.8832246661186218,"['look & feel', 'fault tolerance', 'maintainability']",4,-2
The system shall interface with the student master server.,operational,look & feel,0.8901808857917786,"['look & feel', 'fault tolerance', 'maintainability']",5,-2
We must be able to interface with any HTML browser.,operational,look & feel,0.8696577548980713,"['look & feel', 'fault tolerance', 'maintainability']",4,-2
Only authorized users shall have access to clinical site information.,security,look & feel,0.8620843291282654,"['look & feel', 'fault tolerance', 'maintainability']",8,-2
Program Administrators/Nursing Staff Members are the only people who shall have access to clinical site details.,security,look & feel,0.8384919166564941,"['look & feel', 'fault tolerance', 'maintainability']",8,-2
Only authorized users shall have access to students’ personal information.,security,look & feel,0.8553177118301392,"['look & feel', 'fault tolerance', 'maintainability']",8,-2
Dr Susan Poslusny and Dr Julie Donalek are the only people who shall have access to students’ personal information.,security,look & feel,0.827345609664917,"['look & feel', 'fault tolerance', 'maintainability']",6,-2
Only authorized users shall have access to the portion of the system that interfaces with CampusConnect.,security,look & feel,0.8434652090072632,"['look & feel', 'fault tolerance', 'maintainability']",7,-2
Fit Criterion: Dr Susan Poslusny and Karen Sysol are the only people who shall have access to the final class section scheduling for the system that interfaces with CampusConnect.,security,look & feel,0.8196651339530945,"['look & feel', 'fault tolerance', 'operational']",8,-2
The system shall have basic data integrity checking to reduce the possibility of incorrect or invalid data being introduced.,security,look & feel,0.8452597856521606,"['look & feel', 'fault tolerance', 'maintainability']",7,-2
The system shall protect private information in accordance with the organization’s information policy.,security,look & feel,0.8519550561904907,"['look & feel', 'fault tolerance', 'maintainability']",10,-2
The system shall be built such that it is as secure as possible from malicious interference.,security,look & feel,0.8417305946350098,"['look & feel', 'fault tolerance', 'maintainability']",9,-2
The system shall use the organization’s standard virus protection software to help monitor threats to itself.,security,look & feel,0.837017834186554,"['look & feel', 'fault tolerance', 'maintainability']",9,-2
The Disputes application shall comply with the corporate standards for user interface creation for internally and externally used applications.,look & feel,look & feel,0.8545805215835571,"['look & feel', 'fault tolerance', 'maintainability']",1,-1
All screens created as part of the Disputes application must comply with corporate standards for interface creation.,look & feel,look & feel,0.8589600324630737,"['look & feel', 'fault tolerance', 'maintainability']",1,-1
The list of dispute cases that are displayed after a search is performed must be color coded for easy identification of dispute cases based upon the dispute case status.,usability,look & feel,0.8396053314208984,"['look & feel', 'fault tolerance', 'maintainability']",10,-2
100% of the cardmember and merchant services representatives shall use the Disputes application regularly after a 2-day training course.,usability,look & feel,0.8343132138252258,"['look & feel', 'fault tolerance', 'operational']",10,-2
100% of cardmember services representatives shall be able to successfully create a dispute case on the first encounter after completing the training course.,usability,look & feel,0.8405116200447083,"['look & feel', 'fault tolerance', 'operational']",10,-2
100% of merchant services representatives shall be able to successfully perform a follow up action on a dispute case on the first encounter after completing the training course.,usability,look & feel,0.838154673576355,"['look & feel', 'fault tolerance', 'maintainability']",10,-2
The maximum wait time for a user navigating from one screen to another within the Disputes application shall be no more than 5 seconds.,performance,look & feel,0.8364660143852234,"['look & feel', 'fault tolerance', 'maintainability']",8,-2
The Disputes application shall support 350 concurrent users without any degradation of performance in the application.,performance,look & feel,0.8542810678482056,"['look & feel', 'fault tolerance', 'maintainability']",5,-2
 The Disputes application shall be available 24x7x365  with the exception of the following scheduled maintenance windows.  Monday – Saturday 3:00am to 4:00am EST Sunday 1:00amd to 5:00am EST,operational,look & feel,0.8262950778007507,"['look & feel', 'fault tolerance', 'maintainability']",4,-2
The Disputes application shall interface with the Statement Database. The Statement Database provides the transaction details to the Disputes System. All transaction details must be obtained from the Statement Database,operational,look & feel,0.8458747267723083,"['look & feel', 'fault tolerance', 'maintainability']",4,-2
The Disputes application shall interface with the Cardmember Information Database.  The Cardmember Information Database provides detailed information with regard to a cardmember.  All cardmember detail information must be obtained from the Cardmember Information Database.,operational,look & feel,0.828750491142273,"['look & feel', 'fault tolerance', 'maintainability']",4,-2
The Disputes applications shall interface with the Merchant Information Database.  The Merchant Information Database provides detailed information with regard to the merchant. All merchant detail information shall be obtained from the Merchant Information Database.,operational,operational,0.7796540260314941,"['look & feel', 'fault tolerance', 'operational']",3,0.05125969648361206
The Disputes application shall interface with the Letters application.  This will allow the Disputes application to request letters as part of the dispute initiation and dispute follow up process. All letter requests must be sent to the Print Letter Utility application.,operational,look & feel,0.8292022943496704,"['look & feel', 'fault tolerance', 'maintainability']",4,-2
The Disputes application shall interface with the Cardmember Posting and Billing System.  This will allow the Disputes application to request adjustments to cardmember and merchant’s accounts. All adjustment requests must be sent to the Cardmember Posting and Billing System.,operational,look & feel,0.8265339732170105,"['look & feel', 'fault tolerance', 'maintainability']",5,-2
The Disputes application shall ensure that only users with the appropriate access level are allowed to initiate dispute requests.,security,look & feel,0.8524851202964783,"['look & feel', 'fault tolerance', 'maintainability']",6,-2
Only users with Update access must be able to initiate dispute requests.,security,look & feel,0.8686228394508362,"['look & feel', 'fault tolerance', 'maintainability']",6,-2
The Disputes application shall ensure that only authorized users are allowed to logon to the application.,security,look & feel,0.8468535542488098,"['look & feel', 'fault tolerance', 'maintainability']",8,-2
 All authorized users  once authenticated must be able to logon to the Disputes System,security,look & feel,0.852365255355835,"['look & feel', 'fault tolerance', 'maintainability']",8,-2
The Disputes System shall generate a User Report that details any new users that have been added and any changes to an existing user’s access level.  The report will be reviewed for auditing purposes.,security,look & feel,0.831116259098053,"['look & feel', 'fault tolerance', 'maintainability']",7,-2
All additions of new users and modifications to user’s access shall be recorded on the User Report.,security,look & feel,0.8437602519989014,"['look & feel', 'fault tolerance', 'maintainability']",6,-2
 If a user account is revoked  it can only be re-instantiated by the System Administrator.,security,look & feel,0.8551838397979736,"['look & feel', 'fault tolerance', 'maintainability']",9,-2
Only the System Administrator shall be able to reset a revoked user logon account,security,look & feel,0.8571041822433472,"['look & feel', 'fault tolerance', 'maintainability']",8,-2
The Disputes application shall manipulate and view business data. Users will not have direct access to data files or databases.,security,look & feel,0.846332311630249,"['look & feel', 'fault tolerance', 'maintainability']",6,-2
All updates to data files or database must be initiated from the Disputes System.,security,look & feel,0.8640143275260925,"['look & feel', 'fault tolerance', 'maintainability']",7,-2
The Disputes application must conform to the legal requirements as specified by the Merchant Operating Regulations.,legal,look & feel,0.8567933440208435,"['look & feel', 'fault tolerance', 'maintainability']",4,-2
All business rules specified in the Disputes System shall be in compliance with the Merchant Operating Regulations.,legal,look & feel,0.8588496446609497,"['look & feel', 'fault tolerance', 'maintainability']",6,-2
The Disputes application must conform to the legal requirements as specified by Regulation E and Regulation Z that govern credit card disputes processing.,legal,look & feel,0.8362722992897034,"['look & feel', 'fault tolerance', 'maintainability']",5,-2
All business rules specified in the Disputes System shall be in compliance to the guidelines of Regulation E and Regulation Z.,legal,look & feel,0.8437429070472717,"['look & feel', 'fault tolerance', 'maintainability']",6,-2
The Disputes application must maintain a detailed history of every action that a user takes on a dispute case.  This ensures a complete audit trail if questions arise later on with regard to a particular dispute case.,legal,look & feel,0.8261296153068542,"['look & feel', 'fault tolerance', 'maintainability']",5,-2
All actions that modify an existing dispute case must be recorded in the case history.,legal,look & feel,0.8537914752960205,"['look & feel', 'fault tolerance', 'maintainability']",8,-2
The product must support Internet Explorer 5.5 and above.,operational,look & feel,0.8579275608062744,"['look & feel', 'fault tolerance', 'maintainability']",6,-2
The product must support Mozilla Firefox 1.0 and above.,operational,look & feel,0.8608344793319702,"['look & feel', 'fault tolerance', 'maintainability']",7,-2
The product shall interface with the Choice Parts System.  This provides the feed of recycled parts data.,operational,look & feel,0.8617766499519348,"['look & feel', 'fault tolerance', 'maintainability']",5,-2
The product shall run on the existing hardware for all environments.,operational,look & feel,0.8657141327857971,"['look & feel', 'fault tolerance', 'performance']",5,-2
The product shall adhere to the corporate Architecture guidelines,operational,look & feel,0.8762035965919495,"['look & feel', 'fault tolerance', 'performance']",5,-2
The product shall comply with corporate User Interface Guidelines,look & feel,look & feel,0.870765745639801,"['look & feel', 'fault tolerance', 'performance']",1,-1
The product shall comply with corporate color scheme,look & feel,look & feel,0.8764191269874573,"['look & feel', 'fault tolerance', 'performance']",1,-1
The appearance of the product shall appear professional,look & feel,look & feel,0.8917849659919739,"['look & feel', 'fault tolerance', 'operational']",1,-1
The product shall be easy to use by Adjusters and Collision Estimators.  95% of Adjusters and Collision Estimators shall find the product easy to use.,usability,look & feel,0.8211339712142944,"['look & feel', 'fault tolerance', 'maintainability']",10,-2
The product shall increase productivity of Collision Estimators. 80% of the Collision Estimators shall agree their productivity has increase within 1 month of using the product.,usability,look & feel,0.8318764567375183,"['look & feel', 'fault tolerance', 'maintainability']",10,-2
Users shall feel satisfied using the product.  85% of all users will be satisfied with the product.,usability,look & feel,0.8507795929908752,"['look & feel', 'fault tolerance', 'maintainability']",10,-2
The product shall be easy to learn by Adjusters and Collision Estimators.  The product shall be learned with two days onsite training,usability,look & feel,0.8310273885726929,"['look & feel', 'fault tolerance', 'maintainability']",10,-2
The user shall easily locate instructions while using the product.  User help can be found within 90% of the system.,usability,look & feel,0.835679292678833,"['look & feel', 'fault tolerance', 'maintainability']",10,-2
The search for recycled parts shall take no longer than 15 seconds.  The search results shall be returned in under 15 seconds.,performance,look & feel,0.8331264853477478,"['look & feel', 'fault tolerance', 'maintainability']",5,-2
The search for the preferred repair facility shall take no longer than 8 seconds.  The preferred repair facility is returned within 8 seconds,performance,look & feel,0.8359043002128601,"['look & feel', 'fault tolerance', 'maintainability']",7,-2
The recycled parts audit report shall be returned to the user within 10 seconds.  The audit report shall be returned within 10 seconds.,performance,look & feel,0.8268955945968628,"['look & feel', 'fault tolerance', 'maintainability']",7,-2
The preferred repair facility ratings shall be saved within 5 seconds. The save shall occur within 5 seconds.,performance,look & feel,0.8347439169883728,"['look & feel', 'fault tolerance', 'maintainability']",7,-2
The product shall adhere to the corporate online availability schedule.  The application is brought down only within 98% of the scheduled outages per the availability schedule.,availability,look & feel,0.8336625695228577,"['look & feel', 'fault tolerance', 'maintainability']",4,-2
The product shall achieve a 98% uptime. The product shall not fail more than 2% of the available online time.,availability,look & feel,0.8306117057800293,"['look & feel', 'fault tolerance', 'maintainability']",10,-2
The product shall be able to handle up to 1500 simultaneous users. The system shall perform with 1500 users as a time.,scalability,look & feel,0.8400598764419556,"['look & feel', 'fault tolerance', 'maintainability']",5,-2
 The average number of recycled parts records per day shall be 50 000.,scalability,look & feel,0.8630328178405762,"['look & feel', 'fault tolerance', 'maintainability']",6,-2
 The product shall be able to handle 10 000 concurrent users within 2 years of the initial launch.,scalability,look & feel,0.8520808219909668,"['look & feel', 'fault tolerance', 'maintainability']",5,-2
 For estimators  the product shall be able to be operated in a repair facility during dirty and noisy conditions.,operational,look & feel,0.8353297114372253,"['look & feel', 'fault tolerance', 'maintainability']",4,-2
The product shall interface with the ChoiceParts system once per day at approximately 1:00 AM.,operational,look & feel,0.8389355540275574,"['look & feel', 'fault tolerance', 'maintainability']",4,-2
The maintenance of the product will fall within the established corporate maintenance windows.,operational,look & feel,0.8654858469963074,"['look & feel', 'fault tolerance', 'maintainability']",5,-2
The product shall be supported using the corporate support center.,operational,look & feel,0.8677582740783691,"['look & feel', 'fault tolerance', 'maintainability']",4,-2
Product installations and upgrades shall be handled by the middleware technology team within established launch time frames.,operational,look & feel,0.8493759036064148,"['look & feel', 'fault tolerance', 'maintainability']",4,-2
Only adjusters can request recycled parts audit reports. No users without an adjuster role shall request recycled parts audits.,security,look & feel,0.8317741751670837,"['look & feel', 'fault tolerance', 'maintainability']",7,-2
Only adjusters with a supervisor role can update preferred repair facility ratings. Users without the supervisor role cannot access the repair facility ratings.,security,look & feel,0.8334710597991943,"['look & feel', 'fault tolerance', 'maintainability']",8,-2
Only collision estimators shall search for recycled parts.  Users without the collision estimator role shall not have access to the search for recycled parts.,security,look & feel,0.8356097340583801,"['look & feel', 'fault tolerance', 'maintainability']",8,-2
Only valid data shall be entered into the system.  No invalid data shall be entered into the system.,security,look & feel,0.8378633856773376,"['look & feel', 'fault tolerance', 'maintainability']",8,-2
One insurance company shall not be able to view another insurance companys claim data.,security,look & feel,0.8485413789749146,"['look & feel', 'fault tolerance', 'maintainability']",7,-2
The product shall free of computer viruses.,security,look & feel,0.8931735157966614,"['look & feel', 'fault tolerance', 'maintainability']",10,-2
The system shall prevent malicious attacks including denial of service.,security,look & feel,0.8721271753311157,"['look & feel', 'fault tolerance', 'maintainability']",7,-2
The product must comply with Sarbanes-Oxley.,legal,look & feel,0.8645584583282471,"['look & feel', 'fault tolerance', 'maintainability']",4,-2
The product shall comply with the estimatics laws relating to recycled parts usage.,legal,look & feel,0.8537237048149109,"['look & feel', 'fault tolerance', 'maintainability']",5,-2
The product shall comply with insurance regulations regarding claims processing.,legal,look & feel,0.8617541790008545,"['look & feel', 'fault tolerance', 'maintainability']",5,-2
 The product must work with most database management systems (DBMS) on the market  whether the DBMS is colocated with the product on the same machine or is located on a different machine on the computer network.,operational,look & feel,0.8206894397735596,"['look & feel', 'fault tolerance', 'maintainability']",5,-2
The product will function alongside server software on any operating system where the Java runtime can be installed.,operational,look & feel,0.8542245030403137,"['look & feel', 'fault tolerance', 'maintainability']",4,-2
The product will require collaboration with a database management system (DBMS).  The DBMS may be located on the same machine as the product or on a separate machine residing on the same computer network.,operational,look & feel,0.8298189640045166,"['look & feel', 'fault tolerance', 'maintainability']",7,-2
 The product must make use of web/application server technology.  Open source examples include Apache web server  Tomcat  and the JBoss application server.,operational,look & feel,0.8365296721458435,"['look & feel', 'fault tolerance', 'maintainability']",4,-2
 A database management system such as Oracle  DB2  MySql or HSQL will need to be integrated with the product.,operational,look & feel,0.8377289772033691,"['look & feel', 'fault tolerance', 'maintainability']",5,-2
 The product’s Look and Feel shall be able to incorporate aspects of the customer’s organization such as logo  branding  and identity,look & feel,look & feel,0.8220627903938293,"['look & feel', 'fault tolerance', 'maintainability']",1,-1
The product shall have a conservative and professional appearance.,look & feel,look & feel,0.8752127885818481,"['look & feel', 'fault tolerance', 'performance']",1,-1
The product shall make the users want to use it. 80% of the users surveyed report they are regularly using the product after the first 2 weeks post-launch.,usability,look & feel,0.8299817442893982,"['look & feel', 'fault tolerance', 'maintainability']",10,-2
The product shall be easy to use. 90% of users will be able to successfully reserve a conference room within 5 minutes of product use.,usability,look & feel,0.8368595242500305,"['look & feel', 'fault tolerance', 'maintainability']",9,-2
The product shall give users feedback when necessary. 80% of the users surveyed report that the product accurately confirms their actions.,usability,look & feel,0.8350507616996765,"['look & feel', 'fault tolerance', 'maintainability']",9,-2
The product shall allow the user to select a chosen language from one of the target market countries.,usability,look & feel,0.8497830033302307,"['look & feel', 'fault tolerance', 'maintainability']",9,-2
The product shall allow for customization of start page and views preferences.,usability,look & feel,0.8585574626922607,"['look & feel', 'fault tolerance', 'maintainability']",7,-2
 An employee will be able to successfully use the product within a few minutes.  After informally navigating the product for less than 15 minutes  users shall be able to successfully setup meetings and reserve conference rooms.,usability,look & feel,0.825709879398346,"['look & feel', 'fault tolerance', 'maintainability']",10,-2
The product shall use a standard navigation menu familiar to most web users.,usability,look & feel,0.8618330359458923,"['look & feel', 'fault tolerance', 'maintainability']",9,-2
The product shall allow for intuitive searching of available conference rooms.,usability,look & feel,0.8504942059516907,"['look & feel', 'fault tolerance', 'maintainability']",9,-2
The product shall conform to the Americans with Disabilities Act.,usability,look & feel,0.8645626902580261,"['look & feel', 'fault tolerance', 'maintainability']",10,-2
The response shall be fast enough to avoid interrupting the user’s flow of thought.  90% of tasks shall complete within 5 seconds.  98% of tasks shall complete within 8 seconds.,performance,look & feel,0.8239442110061646,"['look & feel', 'fault tolerance', 'maintainability']",9,-2
 Aside from server failure  the software product shall achieve 99.99% up time.,availability,look & feel,0.8479734063148499,"['look & feel', 'fault tolerance', 'maintainability']",5,-2
The product shall create an exception log of problems encountered within the product for transmission to our company for analysis and resolution.,fault tolerance,fault tolerance,0.8149627447128296,"['look & feel', 'fault tolerance', 'maintainability']",2,0.013300895690917969
 The product shall be capable of handling up to 1 000 concurrent requests.  This number will increase to 2 000 by Release 2.  The concurrency capacity must be able to handle peak scheduling times such as early morning and late afternoon hours.,scalability,look & feel,0.8112058639526367,"['look & feel', 'fault tolerance', 'maintainability']",7,-2
 The product shall be able to process 10 000 transactions per hour within two years of its launch.  This number will increase to 20 000 by Release 2.,scalability,look & feel,0.8294413089752197,"['look & feel', 'fault tolerance', 'maintainability']",6,-2
The product shall be expected to operate for at least 5 years for each customer installation.,scalability,look & feel,0.8348868489265442,"['look & feel', 'fault tolerance', 'maintainability']",4,-2
The product shall be used in office environments.,operational,look & feel,0.8796879649162292,"['look & feel', 'fault tolerance', 'performance']",6,-2
The product must be able to interface with any HTML browser.  The product shall transmit data between the user and the product without problems. The product shall display HTML properly in 80% of all HTML browsers tested (minimum is to test 8 browsers).,operational,look & feel,0.8143912553787231,"['look & feel', 'fault tolerance', 'maintainability']",4,-2
The product must be able to interface with various database management systems. The product shall communicate successfully with the database management system on 100% of all transactions.,operational,look & feel,0.8359159231185913,"['look & feel', 'fault tolerance', 'maintainability']",4,-2
The product must be able to interface with various email servers. The product shall be able to send email.,operational,look & feel,0.8453340530395508,"['look & feel', 'fault tolerance', 'maintainability']",4,-2
The product shall be available for distribution via the Internet as a binary or ZIP file.,operational,look & feel,0.8449441194534302,"['look & feel', 'fault tolerance', 'maintainability']",5,-2
The product shall be available for distribution as a packaged CD.,operational,look & feel,0.8612731695175171,"['look & feel', 'fault tolerance', 'maintainability']",6,-2
 The product will be available for licensing as a one-server  two-five servers  or five-or-more servers license.,operational,look & feel,0.8318926095962524,"['look & feel', 'fault tolerance', 'maintainability']",4,-2
A new user must be able to be added to the system within 10 minutes.  90% of new users are able to log into the system within 10 minutes.,usability,look & feel,0.8276754021644592,"['look & feel', 'fault tolerance', 'maintainability']",10,-2
The product must be designed using Design Patterns and coding best practices.  90% of maintenance software developers are able to integrate new functionality into the product with 2 working days.,maintainability,maintainability,0.7836609482765198,"['look & feel', 'fault tolerance', 'maintainability']",3,0.04066842794418335
The product must be highly configurable for use with various database management systems for the end users.  80% of end users are able to integrate new database management systems with the product without changing the product’s software code.,maintainability,maintainability,0.777035653591156,"['look & feel', 'fault tolerance', 'maintainability']",3,0.038603127002716064
Maintenance releases will be offered to customers once a year.  The releases shall take no longer than 5 minutes for 80% of the customer base to install.,maintainability,maintainability,0.7918319702148438,"['look & feel', 'fault tolerance', 'maintainability']",3,0.04862678050994873
Every registered user will have access to the product’s support site via the Internet.  70% of registered users shall find a solution to their problem within 5 minutes of using the support site.,usability,look & feel,0.825507402420044,"['look & feel', 'fault tolerance', 'maintainability']",10,-2
The customer shall be able to easily integrate new building maps with the product throughout the product’s lifecycle.  Integration of new maps with the product shall be possible with little to no support from product support staff.,maintainability,maintainability,0.7829403877258301,"['look & feel', 'fault tolerance', 'maintainability']",3,0.03334522247314453
 The product shall be translated into foreign languages other than the target market countries’ languages in future releases.  For each emerging target market  it shall take no more than 5 days to configure the product for that market’s language.,usability,look & feel,0.8252928853034973,"['look & feel', 'fault tolerance', 'maintainability']",9,-2
 The product is expected to integrate with multiple database management systems.  The product will operate with Oracle  SQL Server  DB2  MySQL  HSQL  and MS Access.,operational,look & feel,0.8265773057937622,"['look & feel', 'fault tolerance', 'maintainability']",8,-2
The product shall be able to be installed in any operating environment within 2 days.,operational,look & feel,0.8487223982810974,"['look & feel', 'fault tolerance', 'maintainability']",4,-2
The product shall ensure that only company employees or external users with company-approved user IDs may have product access.  100% of all logons shall be by either company employees or external users with company-approved user IDs.,security,look & feel,0.8280561566352844,"['look & feel', 'fault tolerance', 'maintainability']",5,-2
Only managers are able to perform search queries for reservations by user.  100% of all search queries for reservations by user shall be from logons of only management logons.,security,look & feel,0.8246901631355286,"['look & feel', 'fault tolerance', 'maintainability']",6,-2
The product shall ensure that the database’s data corresponds to the data entered by the user.  Each conference room reservation in the system will contain the same information as was entered by the user.,security,look & feel,0.8235501646995544,"['look & feel', 'fault tolerance', 'maintainability']",6,-2
The product shall prevent the input of malicious data.  The product and/or adjacent hardware/software systems’ data shall remain 100% uncorrupted each time malicious data is input into the product.,security,look & feel,0.8165502548217773,"['look & feel', 'fault tolerance', 'maintainability']",7,-2
The product and/or dependent databases/filesystems shall remain operational as a result of the input of malicious data.  The product and/or dependent databases/filesystems shall not crash 100% of the time that malicious data is input into the product.,fault tolerance,fault tolerance,0.801798939704895,"['look & feel', 'fault tolerance', 'maintainability']",2,0.013001799583435059
The product shall have the ability to receive automatic software updates as new threats emerge.  100% of customers will be able to receive automatic software updates transmitted to the installed product.,security,look & feel,0.8253772854804993,"['look & feel', 'fault tolerance', 'maintainability']",4,-2
The language of the product shall accommodate all of the target market countries. 90% of survey respondents from each target market country will find that the language of the product is acceptable.,scalability,look & feel,0.831355094909668,"['look & feel', 'fault tolerance', 'maintainability']",5,-2
The product shall be able to display calendar dates and times according to the user’s locale.  90% of survey respondents from each target market country will find that the date and time formatting of the product is correct.,usability,look & feel,0.8171749711036682,"['look & feel', 'fault tolerance', 'maintainability']",10,-2
The product must be developed with the J2SE/J2EE programming language libraries,operational,operational,0.8079977035522461,"['look & feel', 'fault tolerance', 'operational']",3,0.04907256364822388
Recreation of Inventory Quantity Adjustment for the period of previous 30 days shall take no more than 30min.,performance,look & feel,0.8375777006149292,"['look & feel', 'fault tolerance', 'maintainability']",9,-2
The System shall allow for a minimum of  6 users to work at the same time.,performance,look & feel,0.8581042885780334,"['look & feel', 'fault tolerance', 'maintainability']",8,-2
The System shall utilize currently owned computer equipment.,operational,look & feel,0.8952746391296387,"['look & feel', 'fault tolerance', 'maintainability']",7,-2
The System shall be able to automatically backup business data and restore them on demand.,operational,look & feel,0.8442122340202332,"['look & feel', 'fault tolerance', 'maintainability']",4,-2
The System shall maintain consistent security.  Any changes in user passwords and/or permissions should take affect in all parts of the System.,security,look & feel,0.8450431823730469,"['look & feel', 'fault tolerance', 'maintainability']",6,-2
The System shall granularly control access rights to all major subsystems.  It should be possible to assign access rights to all subsystems independently.,security,look & feel,0.8411707878112793,"['look & feel', 'fault tolerance', 'maintainability']",7,-2
The System shall meet all applicable accounting standards.  The final version of the System must successfully pass independent audit performed by a certified auditor.,legal,look & feel,0.844307541847229,"['look & feel', 'fault tolerance', 'maintainability']",8,-2
The System shall not require additional third party licenses resulting in royalty fees.,operational,look & feel,0.8580512404441833,"['look & feel', 'fault tolerance', 'maintainability']",6,-2
Administrator shall be able to activate a pre-paid card via the Administration section in under 5 seconds.,performance,look & feel,0.8319830298423767,"['look & feel', 'fault tolerance', 'maintainability']",8,-2
 Customer shall be able to check the status of their prepaid card  by entering in the PIN number  in under 5 seconds.,performance,look & feel,0.832550048828125,"['look & feel', 'fault tolerance', 'operational']",6,-2
System shall let customers register on the website as a “pay as you go” user in under 5 minutes.,performance,look & feel,0.8372926712036133,"['look & feel', 'fault tolerance', 'maintainability']",8,-2
System shall let customers register on the website as a “unlimited movie subscriber” user in under 10 minutes.,performance,look & feel,0.8458132743835449,"['look & feel', 'fault tolerance', 'maintainability']",9,-2
System shall let existing customers log into the website with their email address and password in under 5 seconds.,performance,look & feel,0.8475337028503418,"['look & feel', 'fault tolerance', 'maintainability']",7,-2
 System shall let customers cancel their account  process shall take no longer than 2 minutes.  Database will mark the account as inactive  and user will not be able to log into the website.,performance,look & feel,0.832550048828125,"['look & feel', 'fault tolerance', 'maintainability']",7,-2
System shall let administrator de-activate a customer account in under 1 minute. Customer will no longer be able to access the website.,performance,look & feel,0.8348063230514526,"['look & feel', 'fault tolerance', 'maintainability']",9,-2
System shall let administrator add/remove movies on the website in under 5 minutes.  Entered movie information will be stored in the database and will now be available on the website.,performance,look & feel,0.826844334602356,"['look & feel', 'fault tolerance', 'maintainability']",7,-2
System shall let the administrator add/remove categories on the website in under 5 minutes.,performance,look & feel,0.8425953388214111,"['look & feel', 'fault tolerance', 'maintainability']",6,-2
System shall let Izogn Manager access sales and usage statistics in under 2 minutes.,performance,look & feel,0.8499108552932739,"['look & feel', 'fault tolerance', 'maintainability']",7,-2
System shall let administrators generate unique pre-paid pins in under 2 minutes and generate an Excel file with the generated PINs.,performance,look & feel,0.8365615010261536,"['look & feel', 'fault tolerance', 'operational']",7,-2
The website shall be attractive to all audiences.  The website shall appear to be fun and the colors should be bright and vibrant.,look & feel,look & feel,0.8222582340240479,"['look & feel', 'fault tolerance', 'maintainability']",1,-1
 The website should have an African feel  but should not alienate non-Africans.  The website should use animation on pages which are describing the services  to grab the users attention and encourage them to sign up.,look & feel,look & feel,0.8247418403625488,"['look & feel', 'fault tolerance', 'maintainability']",1,-1
 The website design should be modern  clean  and concise.,look & feel,look & feel,0.8786448240280151,"['look & feel', 'fault tolerance', 'maintainability']",1,-1
The product should be able to be used by 90% of novice users on the Internet.,usability,look & feel,0.8392041325569153,"['look & feel', 'fault tolerance', 'maintainability']",10,-2
 Users should only have to navigate through a maximum of 4 pages  to create an account with the website.,usability,look & feel,0.8389136791229248,"['look & feel', 'fault tolerance', 'maintainability']",10,-2
Users should be able to access their streaming movies in under 2 clicks after logging into the website.,usability,look & feel,0.8383606672286987,"['look & feel', 'fault tolerance', 'maintainability']",10,-2
An anonymous survey will show that 70% of customers are comfortable purchasing streaming movies after 2 weeks using the website.,usability,look & feel,0.8352658748626709,"['look & feel', 'fault tolerance', 'maintainability']",10,-2
An anonymous survey will show that 95% of customers are comfortable using and purchasing pre-paid cards after a month of using the system.,usability,look & feel,0.835415780544281,"['look & feel', 'fault tolerance', 'maintainability']",10,-2
The product shall retain the customer’s buying preferences and information.,usability,look & feel,0.857520580291748,"['look & feel', 'fault tolerance', 'maintainability']",10,-2
The product shall be easy for customers with novice skills on the  Internet to purchase and watch streaming movies.  Customers should be able to purchase and watch a pre-determined movie in under 3 minutes.,usability,look & feel,0.8176277279853821,"['look & feel', 'fault tolerance', 'maintainability']",10,-2
The product shall use symbols and words that are naturally understandable by users familiar with websites,usability,look & feel,0.8553109765052795,"['look & feel', 'fault tolerance', 'maintainability']",10,-2
The website will use standard Internet conventions when interacting with the user.,usability,look & feel,0.8677088022232056,"['look & feel', 'fault tolerance', 'maintainability']",10,-2
 Any interface between a user and the automated system shall have a maximum response time of 5 seconds  unless noted by an exception below.,performance,look & feel,0.8259794116020203,"['look & feel', 'fault tolerance', 'operational']",6,-2
 When purchasing a streaming movie or pre-paid card via credit card  the processing time should have a maximum response time of 15 seconds.,performance,look & feel,0.8297522068023682,"['look & feel', 'fault tolerance', 'maintainability']",9,-2
 When streaming a movie  the buffering time should take no longer than 10 seconds (plus any latency on the user’s connection.),performance,look & feel,0.8415345549583435,"['look & feel', 'fault tolerance', 'maintainability']",7,-2
 While streaming a movie  buffering should only occur if there is latency in the user’s connection.,performance,look & feel,0.8446823358535767,"['look & feel', 'fault tolerance', 'maintainability']",5,-2
 All credit card information will be secured on the server  and only accessible by authorized Izogn administrators.  Information will be encrypted in the database.,security,look & feel,0.8318102955818176,"['look & feel', 'fault tolerance', 'maintainability']",8,-2
 The website shall be available for use 24 hours per day  365 days per year.,availability,look & feel,0.8391790986061096,"['look & feel', 'fault tolerance', 'maintainability']",9,-2
The website shall achieve 99.5% up time.,availability,look & feel,0.8629220724105835,"['look & feel', 'fault tolerance', 'maintainability']",8,-2
 All movies shall be streamed on demand  at any time of the day.,availability,look & feel,0.8609481453895569,"['look & feel', 'fault tolerance', 'maintainability']",9,-2
The website shall continue to operate if the streaming server goes down.,fault tolerance,fault tolerance,0.8402665853500366,"['look & feel', 'fault tolerance', 'maintainability']",2,0.0270388126373291
The website shall continue to operate if the payment gateway goes down.,fault tolerance,fault tolerance,0.8390963673591614,"['look & feel', 'fault tolerance', 'maintainability']",2,0.024915874004364014
The streaming server will support 50 simultaneous streaming connections.,scalability,look & feel,0.8730218410491943,"['look & feel', 'fault tolerance', 'maintainability']",5,-2
The streaming server will support a maximum of 700 movies; new servers can be added to support more movies.,scalability,look & feel,0.8374117612838745,"['look & feel', 'fault tolerance', 'operational']",5,-2
 The server will support a maximum of 1 000 simultaneous users.,scalability,look & feel,0.8709911108016968,"['look & feel', 'fault tolerance', 'maintainability']",7,-2
 The website shall be capable of supporting 100 000 customers.,scalability,look & feel,0.8658013939857483,"['look & feel', 'fault tolerance', 'maintainability']",7,-2
The product shall be expected to operate within the maximum maintenance budget for a minimum of 2 years.,maintainability,maintainability,0.7902555465698242,"['look & feel', 'fault tolerance', 'maintainability']",3,0.0503808856010437
All aspects of the website shall be accessed by a web browser over the Internet.,operational,look & feel,0.8469557166099548,"['look & feel', 'fault tolerance', 'maintainability']",4,-2
The same hardware supporting the current website will be used to support the new system.,operational,look & feel,0.8520721197128296,"['look & feel', 'fault tolerance', 'maintainability']",4,-2
 We must be able to interface with the following browsers: IE 5.X  6.0  Netscape 6.x  7.x  8.x and Firefox 1.0.,operational,look & feel,0.8228797912597656,"['look & feel', 'fault tolerance', 'maintainability']",5,-2
Website must interface with the CyberSource API to process credit card transactions.,operational,look & feel,0.8614046573638916,"['look & feel', 'fault tolerance', 'maintainability']",4,-2
Website must be fully operational with MSN TV2.,operational,operational,0.835168182849884,"['look & feel', 'fault tolerance', 'operational']",3,0.041975975036621094
Movies shall be encoded and streamed via Windows Media Player 9.0.,operational,look & feel,0.8523856401443481,"['look & feel', 'fault tolerance', 'maintainability']",6,-2
Movies shall be encoded for 56k and 256k streams.,operational,look & feel,0.8543410897254944,"['look & feel', 'fault tolerance', 'maintainability']",6,-2
Promotional updates to the website should take a day to update.,maintainability,maintainability,0.801088273525238,"['look & feel', 'fault tolerance', 'maintainability']",3,0.043084561824798584
Izogn Administrator must be able to update the category listings on the website within 2 minutes.,performance,look & feel,0.838786244392395,"['look & feel', 'fault tolerance', 'maintainability']",9,-2
Izogn Administrator must be able to add new products to the website within 2 minutes.,performance,look & feel,0.8387213349342346,"['look & feel', 'fault tolerance', 'maintainability']",9,-2
The system will provide a 24 hour 800 toll free number for support to its customers.,availability,look & feel,0.8422533273696899,"['look & feel', 'fault tolerance', 'maintainability']",9,-2
The website will provide a help section with answers and solutions to common problems.,usability,look & feel,0.8538439869880676,"['look & feel', 'fault tolerance', 'maintainability']",9,-2
 Velkat staff will be available for phone support between 7am-7pm  M-F to provide technical support to the Izogn administrators.,availability,look & feel,0.8208743333816528,"['look & feel', 'fault tolerance', 'maintainability']",7,-2
The product shall be able to be installed in the specified environment within 1 working day.,operational,look & feel,0.8497734069824219,"['look & feel', 'fault tolerance', 'maintainability']",4,-2
Only registered customers can purchase streaming movies.,security,look & feel,0.8784370422363281,"['look & feel', 'fault tolerance', 'scalability']",8,-2
 A customer can only stream a movie if they purchased it  and are within the 2 day viewing period.,security,look & feel,0.8402442336082458,"['look & feel', 'fault tolerance', 'maintainability']",9,-2
Only authorized personnel can access customer records in the database.,security,look & feel,0.8694173097610474,"['look & feel', 'fault tolerance', 'maintainability']",10,-2
Only administrators can activate a pre-paid card.,security,look & feel,0.8616811037063599,"['look & feel', 'fault tolerance', 'maintainability']",10,-2
Only authorized personnel can access sales information.,security,look & feel,0.8763687014579773,"['look & feel', 'fault tolerance', 'maintainability']",10,-2
The website shall prevent its data from being corrupted when incorrect data is entered in.,security,look & feel,0.8501862287521362,"['look & feel', 'fault tolerance', 'maintainability']",10,-2
 The website shall protect itself from intentional abuse  and notify the administrator at all occurrences.,security,look & feel,0.8478465676307678,"['look & feel', 'fault tolerance', 'maintainability']",10,-2
Data integrity scripts will be run on a weekly basis to verify the integrity of the database.,security,look & feel,0.8390209078788757,"['look & feel', 'fault tolerance', 'maintainability']",7,-2
 The website shall make its user aware of its information practices before collection data from them via a Privacy Policy  accessible on all pages of the website.,security,look & feel,0.834876298904419,"['look & feel', 'fault tolerance', 'maintainability']",8,-2
The system shall notify customers of changes to its information policy.,security,look & feel,0.8529332280158997,"['look & feel', 'fault tolerance', 'maintainability']",9,-2
The system shall reveal private information only in compliance with the organization’s information policy.,security,look & feel,0.8445415496826172,"['look & feel', 'fault tolerance', 'maintainability']",10,-2
 All customer information will be stored on a secure database  accessible only to authorized personnel.,security,look & feel,0.8402665853500366,"['look & feel', 'fault tolerance', 'maintainability']",9,-2
All credit card information will be encrypted in the database.,security,look & feel,0.8650283813476562,"['look & feel', 'fault tolerance', 'maintainability']",9,-2
The streaming server will have anti-virus software to prevent infection of malicious viruses.,security,look & feel,0.8481121063232422,"['look & feel', 'fault tolerance', 'maintainability']",10,-2
The website should cater to all tribes in Nigeria.,look & feel,look & feel,0.8567004203796387,"['look & feel', 'fault tolerance', 'maintainability']",1,-1
The website shall not be offensive to religious or ethnic groups.,look & feel,look & feel,0.8492809534072876,"['look & feel', 'fault tolerance', 'maintainability']",1,-1
 The website should appeal to all Africans  not only Nigerians.,look & feel,look & feel,0.8614316582679749,"['look & feel', 'fault tolerance', 'maintainability']",1,-1
The website should use Flash to provide animation on the home page.,operational,look & feel,0.8568090796470642,"['look & feel', 'fault tolerance', 'maintainability']",8,-2
IzognMovies shall meet the licensing requirements set forth by the appropriate organizations in order to stream African movies.,legal,look & feel,0.8347600102424622,"['look & feel', 'fault tolerance', 'operational']",8,-2
The website will comply with W3C standards.,legal,look & feel,0.8795405030250549,"['look & feel', 'fault tolerance', 'maintainability']",4,-2
The PHP code will comply with PEAR standards.,legal,look & feel,0.8738990426063538,"['look & feel', 'fault tolerance', 'maintainability']",5,-2
Total lead cycle time must be completed in 5 minutes for 90% of lead volume between the business hours of 8AM CST to 8PM CST; then 3 minutes for 99% of lead volume during off business hours.,performance,look & feel,0.8120870590209961,"['look & feel', 'fault tolerance', 'maintainability']",9,-2
No lead evaluation will complete in a time period longer than 25 seconds for 97% of all leads processed.,performance,look & feel,0.8366562724113464,"['look & feel', 'fault tolerance', 'scalability']",6,-2
For leads that process longer than 25 seconds the system will record the event and duration,performance,look & feel,0.8477258682250977,"['look & feel', 'fault tolerance', 'scalability']",7,-2
The process must fit within the processing time conditions set forth by the Auto Rep Assignment process in which a lead is assigned within 3 minutes of the total life cycle.,performance,look & feel,0.8261823058128357,"['look & feel', 'fault tolerance', 'scalability']",7,-2
The lead washing process will operate within the established physical web service structure.,operational,look & feel,0.8586635589599609,"['look & feel', 'fault tolerance', 'performance']",5,-2
 The washing process must use a non binding  neutral data format  such as xml  when receiving and processing lead data.,operational,look & feel,0.8376184701919556,"['look & feel', 'fault tolerance', 'maintainability']",5,-2
Defect reports will be available to technical units on a 24x7 basis.,availability,look & feel,0.8521817326545715,"['look & feel', 'fault tolerance', 'maintainability']",8,-2
Washing parameters will be updated during scheduled maintenance hours.,maintainability,look & feel,0.8772261142730713,"['look & feel', 'fault tolerance', 'operational']",4,-2
The product shall simulate the look of ships at sea.,look & feel,look & feel,0.8778784871101379,"['look & feel', 'fault tolerance', 'maintainability']",1,-1
The product shall display the grids within a circle as a view from a periscope.,look & feel,look & feel,0.850285530090332,"['look & feel', 'fault tolerance', 'maintainability']",1,-1
The product shall display each type of ship in a grid using an image of the specific type of ship.,look & feel,look & feel,0.8388224840164185,"['look & feel', 'fault tolerance', 'maintainability']",1,-1
 When the offensive player takes a shot  the product shall simulate the sound of a ship at sea.,look & feel,look & feel,0.8378180861473083,"['look & feel', 'fault tolerance', 'maintainability']",1,-1
 When a shot is marked as a miss  the product shall simulate the sound of a shot missing its target.,look & feel,look & feel,0.8389950394630432,"['look & feel', 'fault tolerance', 'maintainability']",1,-1
 When a shot is marked as a hit  the product shall simulate the sound of a shot hitting its target.,look & feel,look & feel,0.84024977684021,"['look & feel', 'fault tolerance', 'maintainability']",1,-1
 When a ship is sunk  the product shall simulate the sound of a sinking ship.,look & feel,look & feel,0.8393747806549072,"['look & feel', 'fault tolerance', 'maintainability']",1,-1
 The product shall be available 24 hours per day  seven days per week.,availability,look & feel,0.8498180508613586,"['look & feel', 'fault tolerance', 'maintainability']",9,-2
The product shall able to handle a large number of games simultaneously.,performance,look & feel,0.8607907891273499,"['look & feel', 'fault tolerance', 'maintainability']",6,-2
The response time shall be fast enough to maintain the flow of the game.  The response time shall be no more than 2 seconds for 95% of responses and no more than 4% for the remaining responses.,performance,look & feel,0.8220216631889343,"['look & feel', 'fault tolerance', 'maintainability']",8,-2
The product shall protect the identity of the players. The product shall provide players no access to information that might reveal the identity of another player.,performance,look & feel,0.8328081965446472,"['look & feel', 'fault tolerance', 'maintainability']",8,-2
The product shall be intuitive and self-explanatory.  Nine out ten users shall be able to successfully complete a game with no training.,usability,look & feel,0.8314136266708374,"['look & feel', 'fault tolerance', 'maintainability']",7,-2
 The product shall be available to players who understand English  Spanish and French.  The product shall allow the user to select the language upon accessing the product.,usability,look & feel,0.8301359415054321,"['look & feel', 'fault tolerance', 'maintainability']",10,-2
The product shall provide players no access to information that might reveal the identity of another player,security,look & feel,0.8360897302627563,"['look & feel', 'fault tolerance', 'maintainability']",9,-2
The response time shall be fast enough to maintain the flow of the game. The response time shall be no more than 2 seconds for 95% of responses and no more than 4% for the remaining responses.,performance,look & feel,0.8220216631889343,"['look & feel', 'fault tolerance', 'maintainability']",8,-2
The system shall be easy to use by callers and supervisors. Callers and supervisors must be able to accomplish any system task within 2 minutes.,usability,look & feel,0.8287704586982727,"['look & feel', 'fault tolerance', 'maintainability']",10,-2
The system shall be easy to learn by callers and supervisors. Callers and supervisors shall learn how to use the system within 10 minutes.,usability,look & feel,0.828605592250824,"['look & feel', 'fault tolerance', 'maintainability']",9,-2
 The system shall be responsive. At the DePaul TeleServices Center  when a supervisor uses the system to view a callers schedule  the system response time must be no more than 2 seconds 90% of the time and no more than 5 seconds the rest of the time.,performance,look & feel,0.8102965354919434,"['look & feel', 'fault tolerance', 'maintainability']",6,-2
 On a 56k connection  the system response time for all operations must be no more than 6 seconds 90% of the time.,performance,look & feel,0.8279287815093994,"['look & feel', 'fault tolerance', 'maintainability']",9,-2
 On a 112k connection or faster  the system response time for all operations must be no more than 3 seconds 90% of the time.,performance,look & feel,0.8329465985298157,"['look & feel', 'fault tolerance', 'maintainability']",8,-2
The system shall have high availability every day of the year.The system must be available for use between 12:00AM and 6:00PM all days of the year.,availability,look & feel,0.8289180397987366,"['look & feel', 'fault tolerance', 'maintainability']",6,-2
The system must be available for use between 7:00AM and 11:59PM all days of the year.,availability,look & feel,0.8341386318206787,"['look & feel', 'fault tolerance', 'maintainability']",8,-2
The product shall be internet browser independent.The product must run using Internet Explorer and Netscape Navigator.,maintainability,maintainability,0.8010603189468384,"['look & feel', 'fault tolerance', 'maintainability']",3,0.03994405269622803
The product shall ensure that only supervisors can advertise empty time slots.The product must ensure that supervisors are allowed to access advertise empty time slots.,security,look & feel,0.8243868350982666,"['look & feel', 'fault tolerance', 'maintainability']",8,-2
The product shall ensure that only supervisors can enter a caller’s schedule.The product must ensure that supervisors are allowed to access advertise empty time slots.,security,look & feel,0.8301699757575989,"['look & feel', 'fault tolerance', 'maintainability']",6,-2
The product shall ensure that only supervisors can view schedule of all callers.The product must ensure that supervisors are allowed to access advertise empty time slots.,security,look & feel,0.8325687646865845,"['look & feel', 'fault tolerance', 'maintainability']",8,-2
 The interface shall have a simple look. In the interface and usability survey  90% of beta testers must report that the interface is adequately simple.,look & feel,look & feel,0.8440861701965332,"['look & feel', 'fault tolerance', 'maintainability']",1,-1
 The interface shall be appealing to callers and supervisors. In the interface and usability survey  80% of beta testers must report that the interface is appealing.,look & feel,look & feel,0.8393362760543823,"['look & feel', 'fault tolerance', 'maintainability']",1,-1
The product shall provide GUI based Monitoring Services.System Administrators shall monitor message exchanges will predict and determine problems and will also provide internal and external support.,look & feel,look & feel,0.8290896415710449,"['look & feel', 'fault tolerance', 'maintainability']",1,-1
The product shall comply with City of Chicago Application Development Guide Framework.Application Development Framework will provide structured Graphical User Interface.,look & feel,look & feel,0.8318776488304138,"['look & feel', 'fault tolerance', 'maintainability']",1,-1
The product shall provide Monitoring Services.The product shall be easy for System Administrators and DBAs to use after two weeks of usage.,usability,look & feel,0.8296070694923401,"['look & feel', 'fault tolerance', 'maintainability']",10,-2
The product shall provide Error Tracking Services.The product shall help the System Administrators and DBAs to resolve transaction errors 99% of the time.,usability,look & feel,0.8412602543830872,"['look & feel', 'fault tolerance', 'maintainability']",10,-2
The product shall provide Portals.The product shall help System Administrators to analyze the transactions with ad-hoc reporting and KPIs (Key Performance Indicators),usability,look & feel,0.8260883688926697,"['look & feel', 'fault tolerance', 'maintainability']",10,-2
The product shall provide Asynchronous Messaging.The product shall provide asynchronous messaging to enable parallel processing and reduce the overhead in communications,performance,look & feel,0.8252955079078674,"['look & feel', 'fault tolerance', 'maintainability']",10,-2
The product shall provide Multi-threading and Load Balancing.The product shall provide multi-threading technology as well as load balancing to overcome data load spikes and traffic.,performance,look & feel,0.8237363696098328,"['look & feel', 'fault tolerance', 'maintainability']",6,-2
The product shall process messages within 2 seconds.The product shall have a maximum message processing time of 2 seconds,performance,look & feel,0.8325880169868469,"['look & feel', 'fault tolerance', 'maintainability']",8,-2
The product shall poll the system for messages every second.The product shall poll the system for new messages at a maximum of every 1 second.,performance,look & feel,0.8340680599212646,"['look & feel', 'fault tolerance', 'maintainability']",5,-2
The product shall provide Dynamic Change Support and Transparent resource addition.The product shall support Transparent Resource addition and Dynamic Change support to provide scalability and avoid service interruptions of more than 1 day.,performance,look & feel,0.8074983358383179,"['look & feel', 'fault tolerance', 'maintainability']",9,-2
The product shall be available 99% of the time. Rationale: To avoid service interruption during busiest customer service response periods. The product shall be available 99.99% of the time for regular business days.,availability,look & feel,0.824440598487854,"['look & feel', 'fault tolerance', 'maintainability']",8,-2
The product shall be robust.The product shall have fault avoidance based on standards adoption.,fault tolerance,fault tolerance,0.8119139075279236,"['look & feel', 'fault tolerance', 'maintainability']",2,0.02643042802810669
The product shall be robust with fault tolerance.The product shall have fault tolerance by using recovery technique compensatory transaction and routing around failures.,fault tolerance,fault tolerance,0.8272667527198792,"['look & feel', 'fault tolerance', 'maintainability']",2,0.003170311450958252
The product shall be able to process all transactions.The product shall process minimum of 1 million transactions per year.,scalability,look & feel,0.8282575607299805,"['look & feel', 'fault tolerance', 'maintainability']",5,-2
The product shall be platform independent.The product shall enable access to any type of development environment and platform.,operational,look & feel,0.8282793760299683,"['look & feel', 'fault tolerance', 'maintainability']",4,-2
The product shall interface CSR and Datastream.The product shall exchange messages between CSR and EAM on a real time basis without any direct interfaces between two systems.,operational,look & feel,0.8278451561927795,"['look & feel', 'fault tolerance', 'maintainability']",4,-2
 : The product shall continue to operate during upgrade  change or new resource addition.The product shall be able to continue to operate with no interruption in service due to new resource additions.,maintainability,maintainability,0.7855505347251892,"['look & feel', 'fault tolerance', 'maintainability']",3,0.04254913330078125
The product shall be updated on a regular basis.The product will have a new major feature introduced every six months and quarterly maintenance releases every six months.,maintainability,maintainability,0.7911636829376221,"['look & feel', 'fault tolerance', 'maintainability']",3,0.04251366853713989
The product shall operate with every platform.The product shall accommodate any new technology without any change in its architecture.,maintainability,maintainability,0.798816978931427,"['look & feel', 'fault tolerance', 'maintainability']",3,0.043384671211242676
 The product shall have security.The product shall provide authentication  and authorization.,security,look & feel,0.8484351634979248,"['look & feel', 'fault tolerance', 'maintainability']",4,-2
The product shall information Security. The product shall enable privacy by encryption WS-Security and Integrity Checking.,security,look & feel,0.8342058658599854,"['look & feel', 'fault tolerance', 'maintainability']",8,-2
The product shall have audit capabilities.The product shall store messages for a minimum of one year for audit and transaction tracking purposes.,security,look & feel,0.8222856521606445,"['look & feel', 'fault tolerance', 'maintainability']",7,-2
The system shall use IBM and CCR branding standards. The interface must have one IBM logo and one CCR logo.,look & feel,look & feel,0.8266010880470276,"['look & feel', 'fault tolerance', 'maintainability']",1,-1
The system shall be displayable on any work computer a CCR user may have. The system interface shall be formatted to display at 800 by 600 pixel resolution.,look & feel,look & feel,0.8405695557594299,"['look & feel', 'fault tolerance', 'maintainability']",1,-1
The system interface will use CCR nomenclature. The system must use the same nomenclature used in the existing WCS system and reports,look & feel,look & feel,0.8409296274185181,"['look & feel', 'fault tolerance', 'maintainability']",1,-1
The interface must summarize the data in a fashion that’s appealing to CCR management. Every report type must have at least one high level summary shown in the results dashboard/interface,look & feel,look & feel,0.8226832747459412,"['look & feel', 'fault tolerance', 'maintainability']",1,-1
The system must use a point and click interface. 100% of all selection and navigation functionality must be able to be activated/selected by either a mouse or a keyboard,usability,look & feel,0.8319172263145447,"['look & feel', 'fault tolerance', 'maintainability']",10,-2
The interface shall be easy to use. 90% of users should be able to successfully use the system to generate a report on their first use. The interface should adhere to IBM usability standards.,usability,look & feel,0.8246250748634338,"['look & feel', 'fault tolerance', 'maintainability']",8,-2
Rreports must be easy to generate. eports must be generated within one button click and exported within one button click (after selecting the report),usability,look & feel,0.8250845074653625,"['look & feel', 'fault tolerance', 'maintainability']",10,-2
A user shall be able to use the system without instruction after a short amount of time. After one use a user should understand and remember 90% of the system usage and navigation.,usability,look & feel,0.8174167275428772,"['look & feel', 'fault tolerance', 'maintainability']",10,-2
All CCR users shall receive training before the WCS system is deployed. One training session will be held for 100% of CCR users before system deployment (based on a CCR user being available),usability,look & feel,0.8240867853164673,"['look & feel', 'fault tolerance', 'maintainability']",10,-2
The WCS system shall use appropriate nomenclature and terminology as defined by the Corporate Community Grants organization. All interfaces and reports will undergo usability tests by CCR users.,usability,look & feel,0.8402910828590393,"['look & feel', 'fault tolerance', 'maintainability']",10,-2
The WCS system shall be available at all times as long as IBM’s internal intranet W3 is accessible. The WCS system will be available 95% of the time IBM’s internal intranet W3 is available.,availability,look & feel,0.818428635597229,"['look & feel', 'fault tolerance', 'maintainability']",9,-2
The WCS system shall have the ability to connect other designated WCS databases currently not included in the system.,scalability,look & feel,0.8426141738891602,"['look & feel', 'fault tolerance', 'maintainability']",6,-2
The WCS system shall have the ability to include data for regions outside the United States and be accessed by users outside of the United States if approved by CCR management.,scalability,look & feel,0.832732617855072,"['look & feel', 'fault tolerance', 'maintainability']",8,-2
The WCS system shall be run in a Windows environment. The WCS shall be accessed by users through the Internet on an IBM computer running a Windows 2000 or above operating system.,operational,look & feel,0.8356117606163025,"['look & feel', 'fault tolerance', 'maintainability']",4,-2
The Brio portion of the WCS system must be able to export files in spreadsheet form (Microsoft Excel and Lotus 1-2-3 formats).  Brio will provide buttons in the user interface that produce/export reports in .xls or .123 file formats.,operational,look & feel,0.8096624612808228,"['look & feel', 'fault tolerance', 'maintainability']",4,-2
The WCS system must run queries to the WCS databases once again (on a specified day) to update the available data available to CCR users. Queries must be made to external databases for data refresh once a week.,maintainability,maintainability,0.7751190066337585,"['look & feel', 'fault tolerance', 'maintainability']",3,0.04407310485839844
 All changes  updates  and additions to the WCS system shall be updated in the WCS Developer and WCS User Guides. Every change must be reflected in WCS system documentation,maintainability,maintainability,0.771453857421875,"['look & feel', 'fault tolerance', 'maintainability']",3,0.04858976602554321
The system shall only be accessed by authorized Corporate Community Grants (CCR) employees. Users must be authenticated using their IBM intranet user name and password.,security,look & feel,0.8387219309806824,"['look & feel', 'fault tolerance', 'maintainability']",6,-2
The WCS system shall not allow automatic logins by any user. Cookies containing WCS login information about a user will not be stored on a user’s computer.,security,look & feel,0.8328152894973755,"['look & feel', 'fault tolerance', 'maintainability']",7,-2
Each team owner will need to use a username and password in order to be authenticated to reach the team owner’s page,security,look & feel,0.8133996725082397,"['look & feel', 'fault tolerance', 'maintainability']",9,-2
The Commissioner will be the only authorized user per league to adjust league settings.,security,look & feel,0.8467540740966797,"['look & feel', 'fault tolerance', 'maintainability']",9,-2
Each page shall contain a navigation menu which shows the index into which the current page is contained.,look & feel,look & feel,0.8375477194786072,"['look & feel', 'fault tolerance', 'operational']",1,-1
Each page shall contain a similar format with action items in one location and navigation buttons in a different location.,look & feel,look & feel,0.8266255259513855,"['look & feel', 'fault tolerance', 'maintainability']",1,-1
The message board shall contain the 5 most recently posted messages on the league page. The messages will contain up to the first 150 characters of the message.,look & feel,look & feel,0.8428335785865784,"['look & feel', 'fault tolerance', 'maintainability']",1,-1
	A new user shall be able to navigate through the league and team pages within 30 seconds of reaching the start-up page.,usability,look & feel,0.8371314406394958,"['look & feel', 'fault tolerance', 'maintainability']",10,-2
 	Users shall be able to reach the ‘add’  ‘drop’  and ‘trade player’ pages with one click from the team owner’s page.,usability,look & feel,0.827991783618927,"['look & feel', 'fault tolerance', 'maintainability']",10,-2
	Users shall be able to view at least 25 NFL player statistics and points on each page.,usability,look & feel,0.840997576713562,"['look & feel', 'fault tolerance', 'maintainability']",9,-2
The application shall ask the user to confirm dropping a player or trading a player before performing the action.,usability,look & feel,0.8410846590995789,"['look & feel', 'fault tolerance', 'maintainability']",10,-2
The application shall be able to complete every user transaction within one fourth of a second of receiving the request over the network.,performance,look & feel,0.8344518542289734,"['look & feel', 'fault tolerance', 'maintainability']",8,-2
The application shall have a downtime of at most 10 minutes per year.,availability,look & feel,0.8527204990386963,"['look & feel', 'fault tolerance', 'maintainability']",9,-2
The application shall run on a web application server.,operational,look & feel,0.8656824231147766,"['look & feel', 'fault tolerance', 'performance']",5,-2
A primary database will be used to store cached data for active users.,operational,look & feel,0.8533185720443726,"['look & feel', 'fault tolerance', 'maintainability']",6,-2
A secondary database will be used to store historical statistics and data.,operational,look & feel,0.8490241765975952,"['look & feel', 'fault tolerance', 'maintainability']",6,-2
Application updates shall occur between 3AM and 6 AM CST on Wednesday morning during the middle of the NFL season.,maintainability,maintainability,0.7973884344100952,"['look & feel', 'fault tolerance', 'maintainability']",3,0.040287137031555176
New System version releases shall be released at the beginning of each NFL season.,maintainability,maintainability,0.8007708191871643,"['look & feel', 'fault tolerance', 'maintainability']",3,0.05725806951522827
 	The RFS system should be available 24/7  especially during the budgeting period. The RFS system shall be available 90% of the time all year  and 98% during the budgeting period. 2% of the time  the system will become available within 1 hour of the time that the situation is reported.,availability,look & feel,0.7977014780044556,"['look & feel', 'fault tolerance', 'maintainability']",6,-2
98% of the user workstations shall meet the minimum hardware requirements prior to implementation. Minimum Hard Disk Space:  400MB.,operational,look & feel,0.8351162075996399,"['look & feel', 'fault tolerance', 'maintainability']",4,-2
98% of the user workstations shall meet the minimum software requirements prior to implementation: Microsoft Internet Explorer 5.0. Microsoft .NET Framework 1.1. Microsoft Internet Explorer Web Controls,operational,look & feel,0.8209478259086609,"['look & feel', 'fault tolerance', 'maintainability']",6,-2
 	The RFS system should be able to easily interface with the BDW environment  in order to load the data. •	7 data files shall be received from the BDW and loaded into the RFS system within 3 hours one day prior to the start of budgeting process  every year. The data will be as of October month-end. 	Test files (7) shall be loaded up to 5 times throughout the year  from the BDW.,operational,look & feel,0.7988283038139343,"['look & feel', 'fault tolerance', 'maintainability']",4,-2
 	Changes to revenue and expense formulae must be applied to the RFS system  every year  prior to the budgeting process start. Revenue and expense formulae will be updated within one week of their receipt  after which 2 weeks will be allotted to testing of the budget calculations  to be conducted jointly by the project development team and PCG Finance.,maintainability,maintainability,0.7558186054229736,"['look & feel', 'fault tolerance', 'maintainability']",3,0.039955317974090576
 	New branches/complexes/districts/regions and revenue/expense accounts added to the BDW  must be reflected in the RFS system. 100% of the entities (mentioned above) available as of October month-end  will be loaded into the RFS system  prior to the budget start process.,maintainability,maintainability,0.7597869634628296,"['look & feel', 'fault tolerance', 'maintainability']",3,0.04113954305648804
 	Only authorized user shall access the RFS system. ONLY users that exist in the UAS system  with the RFS system assigned to their role(s)  shall access the RFS system and use it.,security,look & feel,0.8007792830467224,"['look & feel', 'fault tolerance', 'maintainability']",8,-2
	User access should be limited to the permissions granted to their role(s) Each level in the PCG hierarchy will be assigned a role and users will be assigned to these roles. Access to functionality within RFS system is dependent on the privileges/permission assigned to the role..,security,look & feel,0.8035054802894592,"['look & feel', 'fault tolerance', 'maintainability']",9,-2
 	The product must comply with the intranet page standards and requirements of ENET Securities. 95% of the product look & feel will be approved by the Architecture group  prior to implementation. The remaining 5% will be corrected and approved within one month of product release.,look & feel,look & feel,0.8229612112045288,"['look & feel', 'fault tolerance', 'maintainability']",1,-1
 The intranet pages should display appropriately in all resolutions  from 800x600 and higher. The display of all the pages will be correct in 95% of the resolutions  prior to implementation. The remaining 5% will be corrected within a week of notification of the incorrect display.,look & feel,look & feel,0.8228970170021057,"['look & feel', 'fault tolerance', 'maintainability']",1,-1
 	The users should be able to easily use the system to successfully complete their budgets  within the stipulated time for completion. With a week of training prior to product implementation  98% of the users shall complete their budgets within the stipulated time.,usability,look & feel,0.8195154666900635,"['look & feel', 'fault tolerance', 'maintainability']",9,-2
 	The product interface should be fast. The response time of the product interface should not exceed 2 seconds 90% of the time. For 10% of the time  the response time should not be more than 10 seconds.not be more than 10 seconds.,performance,look & feel,0.8110390305519104,"['look & feel', 'fault tolerance', 'maintainability']",9,-2
