,precision,recall,f1-score,support
"accessibility, aesthetic, contextual, experience, satisfaction, HCI, UX, questionnaire, ease, or ergonomics",0.5454545454545454,0.6268656716417911,0.5833333333333334,67.0
"vulnerability, securing. protecting, protection, cybersecurity, assurance, cyber, countermeasure, threat, privacy, authentication, prevention, or confidentiality",0.06422018348623854,0.4117647058823529,0.11111111111111112,17.0
"throughput, reliability, scalability, responsiveness, efficiency, workload, benchmark, latency, speed, improvement, or accuracy",0.5970149253731343,0.6451612903225806,0.6201550387596899,62.0
"environmental, organizational, coordination, systemic, or logistics",1.0,0.14285714285714285,0.25,21.0
"graphical, gui, ui, widget, interaction, habit, prefer, comfortable, friendly, feeling, experience, or familiar",0.0,0.0,0.0,38.0
"liability, litigation, jurisdiction, regulation, copyright, legislation, enforcement, governmental, directive,civil, right, patentability, claim, violate, infringement, or counsel",0.02040816326530612,0.07692307692307693,0.03225806451612903,13.0
"tolerance, failure, tolerant, byzantine, deadlock, exploiting, reliability, isolation, fault, guarantee, or dependable",0.2,0.14285714285714285,0.16666666666666666,21.0
"adaptability, effectiveness, agility, preventive, or dependability",0.0,0.0,0.0,54.0
"flexibility, workload, efficiency, or optimize",0.125,0.2,0.15384615384615385,10.0
"reliability, dependability, resilience",0.6363636363636364,0.3181818181818182,0.4242424242424242,66.0
accuracy,0.3224932249322493,0.3224932249322493,0.3224932249322493,0.3224932249322493
macro avg,0.3188461453942861,0.2564610848665906,0.23416127924755084,369.0
weighted avg,0.38852961832060684,0.3224932249322493,0.3201345555623149,369.0
