Requirement text,Gold label,Predicated label,ZSL score,Top-n recalled labels,Gold label position,Diff. sim scores
The system shall refresh the display every 60 seconds.,performance,performance,0.2160598635673523,"['availability', 'performance', 'operational']",2,0.022608667612075806
The application shall match the color of the schema set forth by Department of Homeland Security,look & feel,look & feel,0.20949673652648926,"['security', 'operational', 'look & feel']",3,0.06051003932952881
 If projected  the data must be readable.  On a 10x10 projection screen  90% of viewers must be able to read Event / Activity data from a viewing distance of 30,usability,usability,0.15104930102825165,"['performance', 'scalability', 'usability']",3,0.02667953073978424
 The product shall be available during normal business hours. As long as the user has access to the client PC  the system will be available 99% of the time during the first six months of operation.,availability,availability,0.3320431709289551,"['availability', 'legal', 'operational']",1,-1
 If projected  the data must be understandable. On a 10x10 projection screen  90% of viewers must be able to determine that Events or Activities are occuring in current time from a viewing distance of 100,usability,usability,0.15037983655929565,"['performance', 'usability', 'scalability']",2,0.06386275589466095
The product shall ensure that it can only be accessed by authorized users.  The product will be able to distinguish between authorized and unauthorized users in all access attempts,security,security,0.36498188972473145,"['security', 'legal', 'availability']",1,-1
The product shall be intuitive and self-explanatory.  :  90% of new users shall be able to start the display of Events or Activities within 90 minutes of using the product.,usability,usability,0.23088403046131134,"['availability', 'usability', 'operational']",2,0.02065502107143402
The product shall respond fast to keep up-to-date data in the display.,performance,performance,0.33559006452560425,"['performance', 'scalability', 'availability']",1,-1
The look and feel of the system shall conform to the user interface standards of the smart device.,look & feel,look & feel,0.23330393433570862,"['usability', 'maintainability', 'look & feel']",3,0.036105453968048096
 The user interface shall have standard menus  buttons for navigation,look & feel,usability,0.1682973951101303,"['usability', 'fault tolerance', 'operational']",9,-2
The system shall have a professional appearance,look & feel,look & feel,0.28478994965553284,"['look & feel', 'scalability', 'maintainability']",1,-1
The product shall have a consistent color scheme and fonts.,look & feel,maintainability,0.28965824842453003,"['maintainability', 'availability', 'scalability']",6,-2
The system shall be used by realtors with no training.,usability,legal,0.1607624888420105,"['legal', 'availability', 'scalability']",9,-2
The system shall be intuitive and self explanatory.,usability,usability,0.26483044028282166,"['usability', 'scalability', 'availability']",1,-1
The product shall be easy for a realtor to learn.,usability,usability,0.1809988170862198,"['scalability', 'maintainability', 'usability']",3,0.04758720099925995
The product shall use symbols and words that are naturally understandable by the realtor community.,usability,maintainability,0.17195530235767365,"['maintainability', 'look & feel', 'scalability']",7,-2
The product shall produce search results in an acceptable time,performance,performance,0.21628135442733765,"['availability', 'operational', 'performance']",3,0.08750373125076294
The search results shall be returned no later 30      seconds  after the user has entered the search criteria,performance,performance,0.054058365523815155,"['availability', 'operational', 'performance']",3,0.045433975756168365
The product shall generate a CMA report in an acceptable time.,performance,fault tolerance,0.17201311886310577,"['fault tolerance', 'availability', 'operational']",6,-2
The CMA report shall be returned no later 60 seconds after the user has entered the CMA report criteria.,performance,fault tolerance,0.09730991721153259,"['fault tolerance', 'availability', 'operational']",6,-2
The product shall synchronize contacts and appointments in an acceptable time.,performance,availability,0.26211029291152954,"['availability', 'fault tolerance', 'maintainability']",8,-2
The product shall synchronize with the office system every hour.,performance,availability,0.2852749824523926,"['availability', 'scalability', 'operational']",7,-2
 The product shall be available for use 24 hours per day  365 days  per year,availability,availability,0.3357197940349579,"['availability', 'legal', 'operational']",1,-1
 Out of 1000 accesses to the system  the system is available 999 times.,availability,availability,0.2507293224334717,"['security', 'availability', 'scalability']",2,0.014555156230926514
The product shall operate in offline mode whenever internet connection is unavailable.,fault tolerance,availability,0.3538028597831726,"['availability', 'operational', 'legal']",4,-2
 The product shall allow the user to view previously downloaded search results  CMA reports  and appointments.,fault tolerance,availability,0.08442027866840363,"['availability', 'performance', 'usability']",10,-2
The product shall retain user preferences in the event of a failure.,fault tolerance,fault tolerance,0.3477918803691864,"['fault tolerance', 'maintainability', 'availability']",1,-1
100% of saved user preferences shall be restored when system comes back online.,fault tolerance,fault tolerance,0.15172047913074493,"['maintainability', 'availability', 'fault tolerance']",3,0.034157559275627136
The product shall be able to support multiple remote users,scalability,scalability,0.27494680881500244,"['scalability', 'availability', 'security']",1,-1
The product shall be able support 1000 simultaneous users.,scalability,scalability,0.3626747727394104,"['scalability', 'performance', 'availability']",1,-1
The product shall be capable of handling the existing 1000 users. This number is expected to grow 5 times within the next year.,scalability,scalability,0.29300612211227417,"['scalability', 'availability', 'performance']",1,-1
The product shall be installed by an untrained realtor   without recourse to separately-printed instructions.,usability,operational,0.2031514197587967,"['operational', 'legal', 'maintainability']",9,-2
90% of untrained realtors shall be able to install the product on their device without printed instructions,usability,operational,0.20089076459407806,"['operational', 'legal', 'maintainability']",8,-2
Only registered realtors shall be able to access the system.,security,security,0.1747146099805832,"['legal', 'security', 'availability']",2,0.015516117215156555
Every user of the system shall be authenticated and authorized.,security,security,0.3650611937046051,"['security', 'legal', 'fault tolerance']",1,-1
The product shall prevent its data from incorrect data being introduced.,security,security,0.21214336156845093,"['fault tolerance', 'security', 'maintainability']",2,0.06767982244491577
The system shall be easy to use by the Program Administrators/Nursing Staff Members.,usability,usability,0.20052728056907654,"['usability', 'maintainability', 'security']",1,-1
All of the users shall be able to use the system after one day of training.,usability,availability,0.23301176726818085,"['availability', 'security', 'fault tolerance']",7,-2
The system shall help the user avoid making mistakes while scheduling classes and clinicals for the nursing students.,usability,fault tolerance,0.21676059067249298,"['fault tolerance', 'maintainability', 'security']",6,-2
The number of mistakes noted by the students shall be decreased by 50% in the first year.,usability,fault tolerance,0.17242997884750366,"['fault tolerance', 'performance', 'maintainability']",4,-2
The system shall be intuitive to the Program Administrators/Nursing Staff Members.,usability,usability,0.20082634687423706,"['usability', 'maintainability', 'security']",1,-1
2 out of 3 Program Administrators/Nursing Staff Members shall successfully be able to use the system to manage the scheduling of classes and clinicals.,usability,availability,0.1896650493144989,"['availability', 'fault tolerance', 'scalability']",8,-2
The system shall use symbols and words that are naturally understandable by the user community.,usability,usability,0.23522816598415375,"['maintainability', 'usability', 'scalability']",2,0.006596177816390991
The verbiage used within the system shall be consistent with Standard English and the terminology of the national Nursing Community.,usability,maintainability,0.21994346380233765,"['maintainability', 'availability', 'operational']",6,-2
Staff members shall be able to complete a set of tasks in a timely manner.,performance,fault tolerance,0.25919103622436523,"['fault tolerance', 'operational', 'availability']",6,-2
The response time of general student management tasks shall take no longer than 5 seconds and the response time of schedule generation shall take no longer than 30 seconds.,performance,performance,0.2277623564004898,"['performance', 'fault tolerance', 'scalability']",1,-1
The system shall be available for use between the hours of 8am and 6pm.,availability,availability,0.25186148285865784,"['availability', 'legal', 'operational']",1,-1
The system shall achieve 95% up time.,availability,availability,0.26935142278671265,"['availability', 'performance', 'fault tolerance']",1,-1
system shall be able to handle all of the user requests/usage during business hours.,scalability,scalability,0.21596398949623108,"['availability', 'security', 'scalability']",3,0.05596601963043213
The system shall cater to 10 simultaneous users from 9am to 5pm.,scalability,scalability,0.17431947588920593,"['availability', 'scalability', 'security']",2,0.005725935101509094
The system shall be capable of processing 100% of nursing students and their classes for the next 10 years.,scalability,scalability,0.14138098061084747,"['scalability', 'availability', 'performance']",1,-1
The system shall be expected to manage the nursing program curriculum and class/clinical scheduling for a minimum of 5 years.,scalability,scalability,0.08715999126434326,"['scalability', 'maintainability', 'fault tolerance']",1,-1
The system shall able to operate within a business office environment typical of the Nursing Department at DePaul University.,operational,operational,0.18501365184783936,"['operational', 'scalability', 'availability']",1,-1
The system shall be used within the specifications defined by the computers used by the Program Administrators/Nursing Staff Members.,operational,fault tolerance,0.20982316136360168,"['fault tolerance', 'scalability', 'security']",8,-2
The system shall operate within the Windows XP Professional operating system.,operational,fault tolerance,0.14750796556472778,"['fault tolerance', 'scalability', 'availability']",5,-2
The system shall interface with CampusConnect’s central server,operational,scalability,0.23543216288089752,"['scalability', 'availability', 'fault tolerance']",5,-2
The system shall interface with the faculty central server.,operational,scalability,0.2846928536891937,"['scalability', 'availability', 'security']",4,-2
The system shall interface with the student master server.,operational,scalability,0.23418760299682617,"['scalability', 'availability', 'fault tolerance']",7,-2
We must be able to interface with any HTML browser.,operational,usability,0.26253068447113037,"['usability', 'scalability', 'availability']",6,-2
Only authorized users shall have access to clinical site information.,security,security,0.20485898852348328,"['security', 'legal', 'operational']",1,-1
Program Administrators/Nursing Staff Members are the only people who shall have access to clinical site details.,security,security,0.14506970345973969,"['security', 'legal', 'operational']",1,-1
Only authorized users shall have access to students’ personal information.,security,security,0.31972336769104004,"['security', 'legal', 'usability']",1,-1
Dr Susan Poslusny and Dr Julie Donalek are the only people who shall have access to students’ personal information.,security,security,0.16671830415725708,"['security', 'legal', 'usability']",1,-1
Only authorized users shall have access to the portion of the system that interfaces with CampusConnect.,security,security,0.27279186248779297,"['security', 'legal', 'availability']",1,-1
Fit Criterion: Dr Susan Poslusny and Karen Sysol are the only people who shall have access to the final class section scheduling for the system that interfaces with CampusConnect.,security,availability,0.280998170375824,"['availability', 'fault tolerance', 'operational']",5,-2
The system shall have basic data integrity checking to reduce the possibility of incorrect or invalid data being introduced.,security,security,0.2313050925731659,"['fault tolerance', 'maintainability', 'security']",3,0.16611340641975403
The system shall protect private information in accordance with the organization’s information policy.,security,security,0.35284921526908875,"['security', 'maintainability', 'fault tolerance']",1,-1
The system shall be built such that it is as secure as possible from malicious interference.,security,security,0.44811344146728516,"['security', 'fault tolerance', 'scalability']",1,-1
The system shall use the organization’s standard virus protection software to help monitor threats to itself.,security,security,0.3253614008426666,"['security', 'fault tolerance', 'scalability']",1,-1
The Disputes application shall comply with the corporate standards for user interface creation for internally and externally used applications.,look & feel,fault tolerance,0.25220367312431335,"['fault tolerance', 'maintainability', 'usability']",10,-2
All screens created as part of the Disputes application must comply with corporate standards for interface creation.,look & feel,fault tolerance,0.19912898540496826,"['fault tolerance', 'maintainability', 'legal']",10,-2
The list of dispute cases that are displayed after a search is performed must be color coded for easy identification of dispute cases based upon the dispute case status.,usability,availability,0.11462265253067017,"['availability', 'operational', 'fault tolerance']",9,-2
100% of the cardmember and merchant services representatives shall use the Disputes application regularly after a 2-day training course.,usability,availability,0.16060051321983337,"['availability', 'operational', 'legal']",9,-2
100% of cardmember services representatives shall be able to successfully create a dispute case on the first encounter after completing the training course.,usability,availability,0.15577247738838196,"['availability', 'fault tolerance', 'operational']",9,-2
100% of merchant services representatives shall be able to successfully perform a follow up action on a dispute case on the first encounter after completing the training course.,usability,availability,0.21613384783267975,"['availability', 'operational', 'fault tolerance']",8,-2
The maximum wait time for a user navigating from one screen to another within the Disputes application shall be no more than 5 seconds.,performance,fault tolerance,0.20146603882312775,"['fault tolerance', 'availability', 'scalability']",5,-2
The Disputes application shall support 350 concurrent users without any degradation of performance in the application.,performance,performance,0.2889776825904846,"['fault tolerance', 'scalability', 'performance']",3,0.045413315296173096
 The Disputes application shall be available 24x7x365  with the exception of the following scheduled maintenance windows.  Monday – Saturday 3:00am to 4:00am EST Sunday 1:00amd to 5:00am EST,operational,operational,0.25168275833129883,"['fault tolerance', 'availability', 'operational']",3,0.060947537422180176
The Disputes application shall interface with the Statement Database. The Statement Database provides the transaction details to the Disputes System. All transaction details must be obtained from the Statement Database,operational,fault tolerance,0.18615129590034485,"['fault tolerance', 'scalability', 'availability']",6,-2
The Disputes application shall interface with the Cardmember Information Database.  The Cardmember Information Database provides detailed information with regard to a cardmember.  All cardmember detail information must be obtained from the Cardmember Information Database.,operational,fault tolerance,0.125117227435112,"['fault tolerance', 'scalability', 'availability']",7,-2
The Disputes applications shall interface with the Merchant Information Database.  The Merchant Information Database provides detailed information with regard to the merchant. All merchant detail information shall be obtained from the Merchant Information Database.,operational,fault tolerance,0.10215851664543152,"['fault tolerance', 'availability', 'scalability']",9,-2
The Disputes application shall interface with the Letters application.  This will allow the Disputes application to request letters as part of the dispute initiation and dispute follow up process. All letter requests must be sent to the Print Letter Utility application.,operational,operational,0.08469626307487488,"['fault tolerance', 'availability', 'operational']",3,0.0412602424621582
The Disputes application shall interface with the Cardmember Posting and Billing System.  This will allow the Disputes application to request adjustments to cardmember and merchant’s accounts. All adjustment requests must be sent to the Cardmember Posting and Billing System.,operational,fault tolerance,0.20462675392627716,"['fault tolerance', 'availability', 'legal']",5,-2
The Disputes application shall ensure that only users with the appropriate access level are allowed to initiate dispute requests.,security,security,0.1749262809753418,"['fault tolerance', 'security', 'legal']",2,0.022089794278144836
Only users with Update access must be able to initiate dispute requests.,security,security,0.19617843627929688,"['fault tolerance', 'security', 'maintainability']",2,0.054925233125686646
The Disputes application shall ensure that only authorized users are allowed to logon to the application.,security,security,0.233429417014122,"['security', 'legal', 'fault tolerance']",1,-1
 All authorized users  once authenticated must be able to logon to the Disputes System,security,security,0.24285244941711426,"['legal', 'security', 'fault tolerance']",2,0.013477742671966553
The Disputes System shall generate a User Report that details any new users that have been added and any changes to an existing user’s access level.  The report will be reviewed for auditing purposes.,security,security,0.2293872982263565,"['security', 'fault tolerance', 'usability']",1,-1
All additions of new users and modifications to user’s access shall be recorded on the User Report.,security,security,0.17189626395702362,"['security', 'usability', 'maintainability']",1,-1
 If a user account is revoked  it can only be re-instantiated by the System Administrator.,security,security,0.07971081882715225,"['security', 'legal', 'fault tolerance']",1,-1
Only the System Administrator shall be able to reset a revoked user logon account,security,security,0.13006241619586945,"['fault tolerance', 'security', 'legal']",2,0.007234901189804077
The Disputes application shall manipulate and view business data. Users will not have direct access to data files or databases.,security,security,0.20805250108242035,"['security', 'fault tolerance', 'legal']",1,-1
All updates to data files or database must be initiated from the Disputes System.,security,fault tolerance,0.22433993220329285,"['fault tolerance', 'maintainability', 'operational']",7,-2
The Disputes application must conform to the legal requirements as specified by the Merchant Operating Regulations.,legal,legal,0.1788547933101654,"['fault tolerance', 'legal', 'maintainability']",2,0.04330599308013916
All business rules specified in the Disputes System shall be in compliance with the Merchant Operating Regulations.,legal,legal,0.21359768509864807,"['fault tolerance', 'legal', 'operational']",2,0.026936709880828857
The Disputes application must conform to the legal requirements as specified by Regulation E and Regulation Z that govern credit card disputes processing.,legal,legal,0.18349610269069672,"['fault tolerance', 'legal', 'operational']",2,0.03455473482608795
All business rules specified in the Disputes System shall be in compliance to the guidelines of Regulation E and Regulation Z.,legal,legal,0.22623464465141296,"['legal', 'fault tolerance', 'operational']",1,-1
The Disputes application must maintain a detailed history of every action that a user takes on a dispute case.  This ensures a complete audit trail if questions arise later on with regard to a particular dispute case.,legal,legal,0.10064715147018433,"['maintainability', 'fault tolerance', 'legal']",3,0.10625825822353363
All actions that modify an existing dispute case must be recorded in the case history.,legal,legal,0.10345368087291718,"['fault tolerance', 'legal', 'maintainability']",2,0.02691441774368286
The product must support Internet Explorer 5.5 and above.,operational,scalability,0.11255666613578796,"['scalability', 'usability', 'availability']",6,-2
The product must support Mozilla Firefox 1.0 and above.,operational,scalability,0.11267310380935669,"['scalability', 'usability', 'maintainability']",6,-2
The product shall interface with the Choice Parts System.  This provides the feed of recycled parts data.,operational,availability,0.1882154643535614,"['availability', 'maintainability', 'fault tolerance']",7,-2
The product shall run on the existing hardware for all environments.,operational,fault tolerance,0.2641998827457428,"['fault tolerance', 'scalability', 'availability']",6,-2
The product shall adhere to the corporate Architecture guidelines,operational,maintainability,0.30476251244544983,"['maintainability', 'scalability', 'fault tolerance']",5,-2
The product shall comply with corporate User Interface Guidelines,look & feel,usability,0.3263874351978302,"['usability', 'maintainability', 'fault tolerance']",10,-2
The product shall comply with corporate color scheme,look & feel,operational,0.2291628122329712,"['operational', 'maintainability', 'fault tolerance']",6,-2
The appearance of the product shall appear professional,look & feel,look & feel,0.32512325048446655,"['look & feel', 'usability', 'maintainability']",1,-1
The product shall be easy to use by Adjusters and Collision Estimators.  95% of Adjusters and Collision Estimators shall find the product easy to use.,usability,fault tolerance,0.19577156007289886,"['fault tolerance', 'look & feel', 'maintainability']",4,-2
The product shall increase productivity of Collision Estimators. 80% of the Collision Estimators shall agree their productivity has increase within 1 month of using the product.,usability,performance,0.2579262852668762,"['performance', 'availability', 'scalability']",7,-2
Users shall feel satisfied using the product.  85% of all users will be satisfied with the product.,usability,usability,0.2211291491985321,"['availability', 'usability', 'look & feel']",2,0.031233638525009155
The product shall be easy to learn by Adjusters and Collision Estimators.  The product shall be learned with two days onsite training,usability,scalability,0.23480379581451416,"['scalability', 'fault tolerance', 'operational']",7,-2
The user shall easily locate instructions while using the product.  User help can be found within 90% of the system.,usability,usability,0.17278267443180084,"['usability', 'maintainability', 'security']",1,-1
The search for recycled parts shall take no longer than 15 seconds.  The search results shall be returned in under 15 seconds.,performance,fault tolerance,0.15410947799682617,"['fault tolerance', 'operational', 'availability']",4,-2
The search for the preferred repair facility shall take no longer than 8 seconds.  The preferred repair facility is returned within 8 seconds,performance,fault tolerance,0.30553725361824036,"['fault tolerance', 'availability', 'operational']",6,-2
The recycled parts audit report shall be returned to the user within 10 seconds.  The audit report shall be returned within 10 seconds.,performance,fault tolerance,0.17622888088226318,"['fault tolerance', 'legal', 'maintainability']",9,-2
The preferred repair facility ratings shall be saved within 5 seconds. The save shall occur within 5 seconds.,performance,fault tolerance,0.3301868736743927,"['fault tolerance', 'maintainability', 'availability']",5,-2
The product shall adhere to the corporate online availability schedule.  The application is brought down only within 98% of the scheduled outages per the availability schedule.,availability,availability,0.4611375331878662,"['availability', 'operational', 'fault tolerance']",1,-1
The product shall achieve a 98% uptime. The product shall not fail more than 2% of the available online time.,availability,availability,0.39209967851638794,"['availability', 'fault tolerance', 'maintainability']",1,-1
The product shall be able to handle up to 1500 simultaneous users. The system shall perform with 1500 users as a time.,scalability,scalability,0.296027272939682,"['scalability', 'performance', 'fault tolerance']",1,-1
 The average number of recycled parts records per day shall be 50 000.,scalability,fault tolerance,0.11625868082046509,"['fault tolerance', 'availability', 'maintainability']",5,-2
 The product shall be able to handle 10 000 concurrent users within 2 years of the initial launch.,scalability,scalability,0.2908336818218231,"['scalability', 'fault tolerance', 'availability']",1,-1
 For estimators  the product shall be able to be operated in a repair facility during dirty and noisy conditions.,operational,operational,0.31061533093452454,"['operational', 'availability', 'fault tolerance']",1,-1
The product shall interface with the ChoiceParts system once per day at approximately 1:00 AM.,operational,availability,0.2633504867553711,"['availability', 'legal', 'fault tolerance']",4,-2
The maintenance of the product will fall within the established corporate maintenance windows.,operational,maintainability,0.3854677379131317,"['maintainability', 'fault tolerance', 'availability']",4,-2
The product shall be supported using the corporate support center.,operational,availability,0.21684889495372772,"['availability', 'fault tolerance', 'maintainability']",5,-2
Product installations and upgrades shall be handled by the middleware technology team within established launch time frames.,operational,fault tolerance,0.26156294345855713,"['fault tolerance', 'availability', 'scalability']",5,-2
Only adjusters can request recycled parts audit reports. No users without an adjuster role shall request recycled parts audits.,security,fault tolerance,0.19685566425323486,"['fault tolerance', 'legal', 'maintainability']",4,-2
Only adjusters with a supervisor role can update preferred repair facility ratings. Users without the supervisor role cannot access the repair facility ratings.,security,fault tolerance,0.20352521538734436,"['fault tolerance', 'maintainability', 'availability']",5,-2
Only collision estimators shall search for recycled parts.  Users without the collision estimator role shall not have access to the search for recycled parts.,security,fault tolerance,0.2240566611289978,"['fault tolerance', 'maintainability', 'availability']",5,-2
Only valid data shall be entered into the system.  No invalid data shall be entered into the system.,security,security,0.28464728593826294,"['fault tolerance', 'security', 'availability']",2,0.03363746404647827
One insurance company shall not be able to view another insurance companys claim data.,security,security,0.1920657455921173,"['security', 'legal', 'fault tolerance']",1,-1
The product shall free of computer viruses.,security,security,0.33306950330734253,"['security', 'scalability', 'fault tolerance']",1,-1
The system shall prevent malicious attacks including denial of service.,security,security,0.398894339799881,"['security', 'fault tolerance', 'scalability']",1,-1
The product must comply with Sarbanes-Oxley.,legal,operational,0.2417071908712387,"['operational', 'maintainability', 'fault tolerance']",5,-2
The product shall comply with the estimatics laws relating to recycled parts usage.,legal,legal,0.15968143939971924,"['maintainability', 'fault tolerance', 'legal']",3,0.020668789744377136
The product shall comply with insurance regulations regarding claims processing.,legal,legal,0.2220728099346161,"['fault tolerance', 'legal', 'maintainability']",2,0.048544466495513916
 The product must work with most database management systems (DBMS) on the market  whether the DBMS is colocated with the product on the same machine or is located on a different machine on the computer network.,operational,scalability,0.2257082760334015,"['scalability', 'availability', 'fault tolerance']",8,-2
The product will function alongside server software on any operating system where the Java runtime can be installed.,operational,scalability,0.17185410857200623,"['scalability', 'fault tolerance', 'performance']",8,-2
The product will require collaboration with a database management system (DBMS).  The DBMS may be located on the same machine as the product or on a separate machine residing on the same computer network.,operational,scalability,0.25072458386421204,"['scalability', 'availability', 'maintainability']",7,-2
 The product must make use of web/application server technology.  Open source examples include Apache web server  Tomcat  and the JBoss application server.,operational,scalability,0.14961151778697968,"['scalability', 'availability', 'maintainability']",9,-2
 A database management system such as Oracle  DB2  MySql or HSQL will need to be integrated with the product.,operational,scalability,0.19196775555610657,"['scalability', 'availability', 'fault tolerance']",8,-2
 The product’s Look and Feel shall be able to incorporate aspects of the customer’s organization such as logo  branding  and identity,look & feel,look & feel,0.2536611557006836,"['look & feel', 'maintainability', 'usability']",1,-1
The product shall have a conservative and professional appearance.,look & feel,look & feel,0.2854674160480499,"['look & feel', 'operational', 'legal']",1,-1
The product shall make the users want to use it. 80% of the users surveyed report they are regularly using the product after the first 2 weeks post-launch.,usability,usability,0.20705640316009521,"['availability', 'usability', 'maintainability']",2,0.07580599188804626
The product shall be easy to use. 90% of users will be able to successfully reserve a conference room within 5 minutes of product use.,usability,usability,0.2162189483642578,"['availability', 'usability', 'performance']",2,0.036920011043548584
The product shall give users feedback when necessary. 80% of the users surveyed report that the product accurately confirms their actions.,usability,maintainability,0.27228352427482605,"['maintainability', 'availability', 'performance']",4,-2
The product shall allow the user to select a chosen language from one of the target market countries.,usability,availability,0.1440364420413971,"['availability', 'legal', 'scalability']",8,-2
The product shall allow for customization of start page and views preferences.,usability,usability,0.16048702597618103,"['usability', 'look & feel', 'maintainability']",1,-1
 An employee will be able to successfully use the product within a few minutes.  After informally navigating the product for less than 15 minutes  users shall be able to successfully setup meetings and reserve conference rooms.,usability,usability,0.18754999339580536,"['availability', 'performance', 'usability']",3,0.07644210755825043
The product shall use a standard navigation menu familiar to most web users.,usability,usability,0.17135421931743622,"['usability', 'maintainability', 'security']",1,-1
The product shall allow for intuitive searching of available conference rooms.,usability,usability,0.14339888095855713,"['availability', 'usability', 'scalability']",2,0.008580505847930908
The product shall conform to the Americans with Disabilities Act.,usability,legal,0.2376329004764557,"['legal', 'fault tolerance', 'security']",7,-2
The response shall be fast enough to avoid interrupting the user’s flow of thought.  90% of tasks shall complete within 5 seconds.  98% of tasks shall complete within 8 seconds.,performance,performance,0.27765318751335144,"['performance', 'fault tolerance', 'scalability']",1,-1
 Aside from server failure  the software product shall achieve 99.99% up time.,availability,availability,0.3278239667415619,"['availability', 'fault tolerance', 'performance']",1,-1
The product shall create an exception log of problems encountered within the product for transmission to our company for analysis and resolution.,fault tolerance,fault tolerance,0.34783560037612915,"['fault tolerance', 'maintainability', 'availability']",1,-1
 The product shall be capable of handling up to 1 000 concurrent requests.  This number will increase to 2 000 by Release 2.  The concurrency capacity must be able to handle peak scheduling times such as early morning and late afternoon hours.,scalability,scalability,0.2673177421092987,"['fault tolerance', 'scalability', 'availability']",2,0.010057032108306885
 The product shall be able to process 10 000 transactions per hour within two years of its launch.  This number will increase to 20 000 by Release 2.,scalability,scalability,0.22835205495357513,"['performance', 'availability', 'scalability']",3,0.033385589718818665
The product shall be expected to operate for at least 5 years for each customer installation.,scalability,availability,0.21492505073547363,"['availability', 'fault tolerance', 'operational']",5,-2
The product shall be used in office environments.,operational,operational,0.26585692167282104,"['operational', 'availability', 'maintainability']",1,-1
The product must be able to interface with any HTML browser.  The product shall transmit data between the user and the product without problems. The product shall display HTML properly in 80% of all HTML browsers tested (minimum is to test 8 browsers).,operational,scalability,0.21584194898605347,"['scalability', 'availability', 'usability']",9,-2
The product must be able to interface with various database management systems. The product shall communicate successfully with the database management system on 100% of all transactions.,operational,availability,0.24311263859272003,"['availability', 'scalability', 'fault tolerance']",6,-2
The product must be able to interface with various email servers. The product shall be able to send email.,operational,availability,0.2236841470003128,"['availability', 'scalability', 'fault tolerance']",5,-2
The product shall be available for distribution via the Internet as a binary or ZIP file.,operational,availability,0.24290163815021515,"['availability', 'legal', 'scalability']",4,-2
The product shall be available for distribution as a packaged CD.,operational,operational,0.17716164886951447,"['availability', 'legal', 'operational']",3,0.061143189668655396
 The product will be available for licensing as a one-server  two-five servers  or five-or-more servers license.,operational,availability,0.24445722997188568,"['availability', 'legal', 'scalability']",5,-2
A new user must be able to be added to the system within 10 minutes.  90% of new users are able to log into the system within 10 minutes.,usability,security,0.15472924709320068,"['security', 'fault tolerance', 'availability']",6,-2
The product must be designed using Design Patterns and coding best practices.  90% of maintenance software developers are able to integrate new functionality into the product with 2 working days.,maintainability,maintainability,0.29853206872940063,"['maintainability', 'fault tolerance', 'availability']",1,-1
The product must be highly configurable for use with various database management systems for the end users.  80% of end users are able to integrate new database management systems with the product without changing the product’s software code.,maintainability,maintainability,0.1667630821466446,"['maintainability', 'scalability', 'availability']",1,-1
Maintenance releases will be offered to customers once a year.  The releases shall take no longer than 5 minutes for 80% of the customer base to install.,maintainability,maintainability,0.2373133897781372,"['availability', 'maintainability', 'fault tolerance']",2,0.023726344108581543
Every registered user will have access to the product’s support site via the Internet.  70% of registered users shall find a solution to their problem within 5 minutes of using the support site.,usability,availability,0.29460301995277405,"['availability', 'fault tolerance', 'security']",7,-2
The customer shall be able to easily integrate new building maps with the product throughout the product’s lifecycle.  Integration of new maps with the product shall be possible with little to no support from product support staff.,maintainability,maintainability,0.2312203347682953,"['maintainability', 'scalability', 'availability']",1,-1
 The product shall be translated into foreign languages other than the target market countries’ languages in future releases.  For each emerging target market  it shall take no more than 5 days to configure the product for that market’s language.,usability,availability,0.12008894979953766,"['availability', 'performance', 'scalability']",8,-2
 The product is expected to integrate with multiple database management systems.  The product will operate with Oracle  SQL Server  DB2  MySQL  HSQL  and MS Access.,operational,availability,0.18344606459140778,"['availability', 'scalability', 'performance']",9,-2
The product shall be able to be installed in any operating environment within 2 days.,operational,operational,0.18168050050735474,"['availability', 'fault tolerance', 'operational']",3,0.060906052589416504
The product shall ensure that only company employees or external users with company-approved user IDs may have product access.  100% of all logons shall be by either company employees or external users with company-approved user IDs.,security,security,0.25777679681777954,"['security', 'legal', 'fault tolerance']",1,-1
Only managers are able to perform search queries for reservations by user.  100% of all search queries for reservations by user shall be from logons of only management logons.,security,security,0.13983669877052307,"['availability', 'security', 'scalability']",2,0.04781784117221832
The product shall ensure that the database’s data corresponds to the data entered by the user.  Each conference room reservation in the system will contain the same information as was entered by the user.,security,availability,0.2607002556324005,"['availability', 'scalability', 'performance']",5,-2
The product shall prevent the input of malicious data.  The product and/or adjacent hardware/software systems’ data shall remain 100% uncorrupted each time malicious data is input into the product.,security,security,0.32537540793418884,"['security', 'fault tolerance', 'scalability']",1,-1
The product and/or dependent databases/filesystems shall remain operational as a result of the input of malicious data.  The product and/or dependent databases/filesystems shall not crash 100% of the time that malicious data is input into the product.,fault tolerance,fault tolerance,0.36068278551101685,"['fault tolerance', 'scalability', 'security']",1,-1
The product shall have the ability to receive automatic software updates as new threats emerge.  100% of customers will be able to receive automatic software updates transmitted to the installed product.,security,security,0.24375669658184052,"['security', 'availability', 'fault tolerance']",1,-1
The language of the product shall accommodate all of the target market countries. 90% of survey respondents from each target market country will find that the language of the product is acceptable.,scalability,availability,0.1643678992986679,"['availability', 'fault tolerance', 'legal']",5,-2
The product shall be able to display calendar dates and times according to the user’s locale.  90% of survey respondents from each target market country will find that the date and time formatting of the product is correct.,usability,usability,0.09854437410831451,"['availability', 'performance', 'usability']",3,0.07123363018035889
The product must be developed with the J2SE/J2EE programming language libraries,operational,availability,0.19175943732261658,"['availability', 'scalability', 'maintainability']",8,-2
Recreation of Inventory Quantity Adjustment for the period of previous 30 days shall take no more than 30min.,performance,availability,0.19775214791297913,"['availability', 'fault tolerance', 'operational']",6,-2
The System shall allow for a minimum of  6 users to work at the same time.,performance,fault tolerance,0.2514587938785553,"['fault tolerance', 'availability', 'scalability']",8,-2
The System shall utilize currently owned computer equipment.,operational,fault tolerance,0.2802996337413788,"['fault tolerance', 'security', 'scalability']",6,-2
The System shall be able to automatically backup business data and restore them on demand.,operational,availability,0.2089151293039322,"['availability', 'fault tolerance', 'scalability']",6,-2
The System shall maintain consistent security.  Any changes in user passwords and/or permissions should take affect in all parts of the System.,security,security,0.40142762660980225,"['security', 'fault tolerance', 'maintainability']",1,-1
The System shall granularly control access rights to all major subsystems.  It should be possible to assign access rights to all subsystems independently.,security,security,0.23676492273807526,"['security', 'fault tolerance', 'scalability']",1,-1
The System shall meet all applicable accounting standards.  The final version of the System must successfully pass independent audit performed by a certified auditor.,legal,fault tolerance,0.21255025267601013,"['fault tolerance', 'maintainability', 'availability']",4,-2
The System shall not require additional third party licenses resulting in royalty fees.,operational,legal,0.20974087715148926,"['legal', 'fault tolerance', 'security']",8,-2
Administrator shall be able to activate a pre-paid card via the Administration section in under 5 seconds.,performance,operational,0.16344234347343445,"['operational', 'legal', 'security']",5,-2
 Customer shall be able to check the status of their prepaid card  by entering in the PIN number  in under 5 seconds.,performance,availability,0.19119596481323242,"['availability', 'operational', 'legal']",5,-2
System shall let customers register on the website as a “pay as you go” user in under 5 minutes.,performance,legal,0.2279665470123291,"['legal', 'availability', 'security']",8,-2
System shall let customers register on the website as a “unlimited movie subscriber” user in under 10 minutes.,performance,legal,0.24390284717082977,"['legal', 'availability', 'scalability']",7,-2
System shall let existing customers log into the website with their email address and password in under 5 seconds.,performance,security,0.23988932371139526,"['security', 'availability', 'usability']",6,-2
 System shall let customers cancel their account  process shall take no longer than 2 minutes.  Database will mark the account as inactive  and user will not be able to log into the website.,performance,fault tolerance,0.16965742409229279,"['fault tolerance', 'availability', 'operational']",6,-2
System shall let administrator de-activate a customer account in under 1 minute. Customer will no longer be able to access the website.,performance,operational,0.17896856367588043,"['operational', 'security', 'legal']",7,-2
System shall let administrator add/remove movies on the website in under 5 minutes.  Entered movie information will be stored in the database and will now be available on the website.,performance,performance,0.1255928874015808,"['security', 'performance', 'legal']",2,0.01230071485042572
System shall let the administrator add/remove categories on the website in under 5 minutes.,performance,performance,0.112140953540802,"['legal', 'performance', 'scalability']",2,0.024120956659317017
System shall let Izogn Manager access sales and usage statistics in under 2 minutes.,performance,performance,0.2477727085351944,"['performance', 'availability', 'scalability']",1,-1
System shall let administrators generate unique pre-paid pins in under 2 minutes and generate an Excel file with the generated PINs.,performance,legal,0.17922347784042358,"['legal', 'security', 'scalability']",8,-2
The website shall be attractive to all audiences.  The website shall appear to be fun and the colors should be bright and vibrant.,look & feel,usability,0.27009662985801697,"['usability', 'scalability', 'performance']",5,-2
 The website should have an African feel  but should not alienate non-Africans.  The website should use animation on pages which are describing the services  to grab the users attention and encourage them to sign up.,look & feel,look & feel,0.12787634134292603,"['security', 'usability', 'look & feel']",3,0.03019784390926361
 The website design should be modern  clean  and concise.,look & feel,usability,0.33796584606170654,"['usability', 'maintainability', 'performance']",5,-2
The product should be able to be used by 90% of novice users on the Internet.,usability,usability,0.24526217579841614,"['usability', 'availability', 'security']",1,-1
 Users should only have to navigate through a maximum of 4 pages  to create an account with the website.,usability,usability,0.048642538487911224,"['security', 'legal', 'usability']",3,0.013834372162818909
Users should be able to access their streaming movies in under 2 clicks after logging into the website.,usability,legal,0.1701643466949463,"['legal', 'availability', 'security']",4,-2
An anonymous survey will show that 70% of customers are comfortable purchasing streaming movies after 2 weeks using the website.,usability,usability,0.18090051412582397,"['availability', 'performance', 'usability']",3,0.0812678337097168
An anonymous survey will show that 95% of customers are comfortable using and purchasing pre-paid cards after a month of using the system.,usability,usability,0.14009246230125427,"['availability', 'performance', 'usability']",3,0.0728256106376648
The product shall retain the customer’s buying preferences and information.,usability,usability,0.17835216224193573,"['maintainability', 'availability', 'usability']",3,0.13062627613544464
The product shall be easy for customers with novice skills on the  Internet to purchase and watch streaming movies.  Customers should be able to purchase and watch a pre-determined movie in under 3 minutes.,usability,availability,0.20328296720981598,"['availability', 'legal', 'performance']",5,-2
The product shall use symbols and words that are naturally understandable by users familiar with websites,usability,usability,0.2762639820575714,"['usability', 'maintainability', 'look & feel']",1,-1
The website will use standard Internet conventions when interacting with the user.,usability,usability,0.2564336359500885,"['usability', 'security', 'scalability']",1,-1
 Any interface between a user and the automated system shall have a maximum response time of 5 seconds  unless noted by an exception below.,performance,performance,0.18803678452968597,"['fault tolerance', 'performance', 'scalability']",2,0.07451801002025604
 When purchasing a streaming movie or pre-paid card via credit card  the processing time should have a maximum response time of 15 seconds.,performance,performance,0.19105616211891174,"['performance', 'legal', 'scalability']",1,-1
 When streaming a movie  the buffering time should take no longer than 10 seconds (plus any latency on the user’s connection.),performance,performance,0.2017803192138672,"['performance', 'availability', 'scalability']",1,-1
 While streaming a movie  buffering should only occur if there is latency in the user’s connection.,performance,performance,0.18300090730190277,"['availability', 'performance', 'scalability']",2,0.012202650308609009
 All credit card information will be secured on the server  and only accessible by authorized Izogn administrators.  Information will be encrypted in the database.,security,security,0.32101622223854065,"['security', 'maintainability', 'availability']",1,-1
 The website shall be available for use 24 hours per day  365 days per year.,availability,availability,0.25481516122817993,"['availability', 'legal', 'performance']",1,-1
The website shall achieve 99.5% up time.,availability,availability,0.24231676757335663,"['performance', 'availability', 'scalability']",2,0.0371902734041214
 All movies shall be streamed on demand  at any time of the day.,availability,availability,0.24648089706897736,"['availability', 'legal', 'scalability']",1,-1
The website shall continue to operate if the streaming server goes down.,fault tolerance,availability,0.3343411982059479,"['availability', 'maintainability', 'scalability']",5,-2
The website shall continue to operate if the payment gateway goes down.,fault tolerance,fault tolerance,0.1745806634426117,"['availability', 'maintainability', 'fault tolerance']",3,0.10857897996902466
The streaming server will support 50 simultaneous streaming connections.,scalability,scalability,0.22740662097930908,"['scalability', 'availability', 'performance']",1,-1
The streaming server will support a maximum of 700 movies; new servers can be added to support more movies.,scalability,scalability,0.22414642572402954,"['scalability', 'availability', 'performance']",1,-1
 The server will support a maximum of 1 000 simultaneous users.,scalability,scalability,0.31718766689300537,"['scalability', 'performance', 'fault tolerance']",1,-1
 The website shall be capable of supporting 100 000 customers.,scalability,scalability,0.2274811565876007,"['scalability', 'availability', 'performance']",1,-1
The product shall be expected to operate within the maximum maintenance budget for a minimum of 2 years.,maintainability,maintainability,0.2831440567970276,"['maintainability', 'fault tolerance', 'availability']",1,-1
All aspects of the website shall be accessed by a web browser over the Internet.,operational,usability,0.19062016904354095,"['usability', 'security', 'legal']",7,-2
The same hardware supporting the current website will be used to support the new system.,operational,scalability,0.21443548798561096,"['scalability', 'performance', 'usability']",10,-2
 We must be able to interface with the following browsers: IE 5.X  6.0  Netscape 6.x  7.x  8.x and Firefox 1.0.,operational,scalability,0.18543283641338348,"['scalability', 'usability', 'availability']",7,-2
Website must interface with the CyberSource API to process credit card transactions.,operational,security,0.16961735486984253,"['security', 'availability', 'usability']",6,-2
Website must be fully operational with MSN TV2.,operational,operational,0.2522971034049988,"['availability', 'operational', 'usability']",2,0.04585108160972595
Movies shall be encoded and streamed via Windows Media Player 9.0.,operational,legal,0.16197732090950012,"['legal', 'availability', 'performance']",7,-2
Movies shall be encoded for 56k and 256k streams.,operational,scalability,0.31480836868286133,"['scalability', 'performance', 'legal']",8,-2
Promotional updates to the website should take a day to update.,maintainability,performance,0.2060098499059677,"['performance', 'availability', 'usability']",5,-2
Izogn Administrator must be able to update the category listings on the website within 2 minutes.,performance,operational,0.1362975835800171,"['operational', 'maintainability', 'availability']",6,-2
Izogn Administrator must be able to add new products to the website within 2 minutes.,performance,legal,0.1747831404209137,"['legal', 'availability', 'operational']",9,-2
The system will provide a 24 hour 800 toll free number for support to its customers.,availability,availability,0.17019709944725037,"['availability', 'security', 'fault tolerance']",1,-1
The website will provide a help section with answers and solutions to common problems.,usability,fault tolerance,0.2321133017539978,"['fault tolerance', 'availability', 'maintainability']",4,-2
 Velkat staff will be available for phone support between 7am-7pm  M-F to provide technical support to the Izogn administrators.,availability,availability,0.17702387273311615,"['availability', 'operational', 'fault tolerance']",1,-1
The product shall be able to be installed in the specified environment within 1 working day.,operational,operational,0.22895480692386627,"['availability', 'operational', 'fault tolerance']",2,0.04313884675502777
Only registered customers can purchase streaming movies.,security,security,0.11884701997041702,"['legal', 'availability', 'security']",3,0.12223983556032181
 A customer can only stream a movie if they purchased it  and are within the 2 day viewing period.,security,security,0.1324043571949005,"['legal', 'availability', 'security']",3,0.1272953450679779
Only authorized personnel can access customer records in the database.,security,security,0.20968028903007507,"['security', 'legal', 'availability']",1,-1
Only administrators can activate a pre-paid card.,security,security,0.17094646394252777,"['legal', 'security', 'operational']",2,0.020792990922927856
Only authorized personnel can access sales information.,security,security,0.21635077893733978,"['security', 'legal', 'availability']",1,-1
The website shall prevent its data from being corrupted when incorrect data is entered in.,security,security,0.263277143239975,"['fault tolerance', 'security', 'maintainability']",2,0.006560921669006348
 The website shall protect itself from intentional abuse  and notify the administrator at all occurrences.,security,security,0.33434128761291504,"['security', 'legal', 'fault tolerance']",1,-1
Data integrity scripts will be run on a weekly basis to verify the integrity of the database.,security,security,0.20138801634311676,"['fault tolerance', 'maintainability', 'security']",3,0.035775646567344666
 The website shall make its user aware of its information practices before collection data from them via a Privacy Policy  accessible on all pages of the website.,security,security,0.2507573366165161,"['security', 'legal', 'usability']",1,-1
The system shall notify customers of changes to its information policy.,security,fault tolerance,0.20415011048316956,"['fault tolerance', 'maintainability', 'availability']",4,-2
The system shall reveal private information only in compliance with the organization’s information policy.,security,security,0.26208755373954773,"['security', 'legal', 'fault tolerance']",1,-1
 All customer information will be stored on a secure database  accessible only to authorized personnel.,security,security,0.34076640009880066,"['security', 'legal', 'maintainability']",1,-1
All credit card information will be encrypted in the database.,security,security,0.23625221848487854,"['security', 'legal', 'maintainability']",1,-1
The streaming server will have anti-virus software to prevent infection of malicious viruses.,security,security,0.2669594883918762,"['security', 'scalability', 'fault tolerance']",1,-1
The website should cater to all tribes in Nigeria.,look & feel,usability,0.14174899458885193,"['usability', 'legal', 'availability']",9,-2
The website shall not be offensive to religious or ethnic groups.,look & feel,legal,0.20751306414604187,"['legal', 'security', 'operational']",4,-2
 The website should appeal to all Africans  not only Nigerians.,look & feel,legal,0.17565244436264038,"['legal', 'usability', 'security']",4,-2
The website should use Flash to provide animation on the home page.,operational,usability,0.18900570273399353,"['usability', 'performance', 'legal']",6,-2
IzognMovies shall meet the licensing requirements set forth by the appropriate organizations in order to stream African movies.,legal,legal,0.1991410106420517,"['legal', 'availability', 'scalability']",1,-1
The website will comply with W3C standards.,legal,legal,0.19764354825019836,"['maintainability', 'security', 'legal']",3,0.010015666484832764
The PHP code will comply with PEAR standards.,legal,security,0.18973268568515778,"['security', 'fault tolerance', 'maintainability']",7,-2
Total lead cycle time must be completed in 5 minutes for 90% of lead volume between the business hours of 8AM CST to 8PM CST; then 3 minutes for 99% of lead volume during off business hours.,performance,performance,0.03487399220466614,"['fault tolerance', 'availability', 'performance']",3,0.048017531633377075
No lead evaluation will complete in a time period longer than 25 seconds for 97% of all leads processed.,performance,performance,0.17402887344360352,"['performance', 'operational', 'fault tolerance']",1,-1
For leads that process longer than 25 seconds the system will record the event and duration,performance,performance,0.16784733533859253,"['performance', 'fault tolerance', 'operational']",1,-1
The process must fit within the processing time conditions set forth by the Auto Rep Assignment process in which a lead is assigned within 3 minutes of the total life cycle.,performance,fault tolerance,0.22578197717666626,"['fault tolerance', 'availability', 'operational']",5,-2
The lead washing process will operate within the established physical web service structure.,operational,operational,0.1535775363445282,"['scalability', 'operational', 'security']",2,0.009120762348175049
 The washing process must use a non binding  neutral data format  such as xml  when receiving and processing lead data.,operational,operational,0.09545525908470154,"['maintainability', 'fault tolerance', 'operational']",3,0.032642871141433716
Defect reports will be available to technical units on a 24x7 basis.,availability,availability,0.14731933176517487,"['fault tolerance', 'operational', 'availability']",3,0.13603393733501434
Washing parameters will be updated during scheduled maintenance hours.,maintainability,maintainability,0.24280425906181335,"['maintainability', 'fault tolerance', 'operational']",1,-1
The product shall simulate the look of ships at sea.,look & feel,look & feel,0.24136070907115936,"['look & feel', 'operational', 'availability']",1,-1
The product shall display the grids within a circle as a view from a periscope.,look & feel,look & feel,0.13707557320594788,"['availability', 'look & feel', 'scalability']",2,0.00923687219619751
The product shall display each type of ship in a grid using an image of the specific type of ship.,look & feel,scalability,0.18686725199222565,"['scalability', 'availability', 'operational']",4,-2
 When the offensive player takes a shot  the product shall simulate the sound of a ship at sea.,look & feel,look & feel,0.18983380496501923,"['operational', 'legal', 'look & feel']",3,0.035348206758499146
 When a shot is marked as a miss  the product shall simulate the sound of a shot missing its target.,look & feel,look & feel,0.18351367115974426,"['availability', 'fault tolerance', 'look & feel']",3,0.012034401297569275
 When a shot is marked as a hit  the product shall simulate the sound of a shot hitting its target.,look & feel,look & feel,0.20159190893173218,"['look & feel', 'operational', 'fault tolerance']",1,-1
 When a ship is sunk  the product shall simulate the sound of a sinking ship.,look & feel,availability,0.2259039580821991,"['availability', 'operational', 'fault tolerance']",4,-2
 The product shall be available 24 hours per day  seven days per week.,availability,availability,0.2813429832458496,"['availability', 'legal', 'operational']",1,-1
The product shall able to handle a large number of games simultaneously.,performance,performance,0.3169032633304596,"['scalability', 'performance', 'availability']",2,0.03067159652709961
The response time shall be fast enough to maintain the flow of the game.  The response time shall be no more than 2 seconds for 95% of responses and no more than 4% for the remaining responses.,performance,performance,0.2699485719203949,"['performance', 'availability', 'fault tolerance']",1,-1
The product shall protect the identity of the players. The product shall provide players no access to information that might reveal the identity of another player.,performance,security,0.3670516610145569,"['security', 'legal', 'availability']",7,-2
The product shall be intuitive and self-explanatory.  Nine out ten users shall be able to successfully complete a game with no training.,usability,operational,0.2856491208076477,"['operational', 'availability', 'performance']",6,-2
 The product shall be available to players who understand English  Spanish and French.  The product shall allow the user to select the language upon accessing the product.,usability,availability,0.20147646963596344,"['availability', 'legal', 'operational']",10,-2
The product shall provide players no access to information that might reveal the identity of another player,security,security,0.34116658568382263,"['security', 'legal', 'availability']",1,-1
The response time shall be fast enough to maintain the flow of the game. The response time shall be no more than 2 seconds for 95% of responses and no more than 4% for the remaining responses.,performance,performance,0.2699485719203949,"['performance', 'availability', 'fault tolerance']",1,-1
The system shall be easy to use by callers and supervisors. Callers and supervisors must be able to accomplish any system task within 2 minutes.,usability,fault tolerance,0.2858053743839264,"['fault tolerance', 'scalability', 'availability']",7,-2
The system shall be easy to learn by callers and supervisors. Callers and supervisors shall learn how to use the system within 10 minutes.,usability,usability,0.18324610590934753,"['scalability', 'usability', 'fault tolerance']",2,0.02683955430984497
 The system shall be responsive. At the DePaul TeleServices Center  when a supervisor uses the system to view a callers schedule  the system response time must be no more than 2 seconds 90% of the time and no more than 5 seconds the rest of the time.,performance,availability,0.2162540704011917,"['availability', 'fault tolerance', 'operational']",5,-2
 On a 56k connection  the system response time for all operations must be no more than 6 seconds 90% of the time.,performance,performance,0.26239681243896484,"['performance', 'scalability', 'fault tolerance']",1,-1
 On a 112k connection or faster  the system response time for all operations must be no more than 3 seconds 90% of the time.,performance,performance,0.27037182450294495,"['performance', 'fault tolerance', 'scalability']",1,-1
The system shall have high availability every day of the year.The system must be available for use between 12:00AM and 6:00PM all days of the year.,availability,availability,0.38233682513237,"['availability', 'fault tolerance', 'operational']",1,-1
The system must be available for use between 7:00AM and 11:59PM all days of the year.,availability,availability,0.2679959237575531,"['availability', 'legal', 'fault tolerance']",1,-1
The product shall be internet browser independent.The product must run using Internet Explorer and Netscape Navigator.,maintainability,availability,0.20664474368095398,"['availability', 'scalability', 'operational']",7,-2
The product shall ensure that only supervisors can advertise empty time slots.The product must ensure that supervisors are allowed to access advertise empty time slots.,security,security,0.1902749091386795,"['availability', 'fault tolerance', 'security']",3,0.07826720178127289
The product shall ensure that only supervisors can enter a caller’s schedule.The product must ensure that supervisors are allowed to access advertise empty time slots.,security,security,0.22816787660121918,"['availability', 'security', 'fault tolerance']",2,0.03082345426082611
The product shall ensure that only supervisors can view schedule of all callers.The product must ensure that supervisors are allowed to access advertise empty time slots.,security,security,0.22632762789726257,"['availability', 'security', 'fault tolerance']",2,0.02313971519470215
 The interface shall have a simple look. In the interface and usability survey  90% of beta testers must report that the interface is adequately simple.,look & feel,usability,0.2588200271129608,"['usability', 'maintainability', 'performance']",8,-2
 The interface shall be appealing to callers and supervisors. In the interface and usability survey  80% of beta testers must report that the interface is appealing.,look & feel,usability,0.2615034878253937,"['usability', 'performance', 'availability']",7,-2
The product shall provide GUI based Monitoring Services.System Administrators shall monitor message exchanges will predict and determine problems and will also provide internal and external support.,look & feel,fault tolerance,0.2901689410209656,"['fault tolerance', 'scalability', 'security']",10,-2
The product shall comply with City of Chicago Application Development Guide Framework.Application Development Framework will provide structured Graphical User Interface.,look & feel,fault tolerance,0.15726888179779053,"['fault tolerance', 'maintainability', 'availability']",7,-2
The product shall provide Monitoring Services.The product shall be easy for System Administrators and DBAs to use after two weeks of usage.,usability,availability,0.2740894556045532,"['availability', 'fault tolerance', 'security']",8,-2
The product shall provide Error Tracking Services.The product shall help the System Administrators and DBAs to resolve transaction errors 99% of the time.,usability,fault tolerance,0.39050182700157166,"['fault tolerance', 'availability', 'maintainability']",8,-2
The product shall provide Portals.The product shall help System Administrators to analyze the transactions with ad-hoc reporting and KPIs (Key Performance Indicators),usability,performance,0.2944512963294983,"['performance', 'scalability', 'security']",7,-2
The product shall provide Asynchronous Messaging.The product shall provide asynchronous messaging to enable parallel processing and reduce the overhead in communications,performance,availability,0.33004847168922424,"['availability', 'scalability', 'fault tolerance']",4,-2
The product shall provide Multi-threading and Load Balancing.The product shall provide multi-threading technology as well as load balancing to overcome data load spikes and traffic.,performance,performance,0.27979913353919983,"['scalability', 'performance', 'availability']",2,0.06130683422088623
The product shall process messages within 2 seconds.The product shall have a maximum message processing time of 2 seconds,performance,fault tolerance,0.2444489598274231,"['fault tolerance', 'availability', 'scalability']",4,-2
The product shall poll the system for messages every second.The product shall poll the system for new messages at a maximum of every 1 second.,performance,availability,0.2787497639656067,"['availability', 'scalability', 'fault tolerance']",4,-2
The product shall provide Dynamic Change Support and Transparent resource addition.The product shall support Transparent Resource addition and Dynamic Change support to provide scalability and avoid service interruptions of more than 1 day.,performance,availability,0.35370078682899475,"['availability', 'maintainability', 'scalability']",4,-2
The product shall be available 99% of the time. Rationale: To avoid service interruption during busiest customer service response periods. The product shall be available 99.99% of the time for regular business days.,availability,availability,0.35495564341545105,"['availability', 'operational', 'maintainability']",1,-1
The product shall be robust.The product shall have fault avoidance based on standards adoption.,fault tolerance,fault tolerance,0.54012131690979,"['fault tolerance', 'maintainability', 'availability']",1,-1
The product shall be robust with fault tolerance.The product shall have fault tolerance by using recovery technique compensatory transaction and routing around failures.,fault tolerance,fault tolerance,0.6178475618362427,"['fault tolerance', 'availability', 'maintainability']",1,-1
The product shall be able to process all transactions.The product shall process minimum of 1 million transactions per year.,scalability,scalability,0.2819575071334839,"['fault tolerance', 'scalability', 'availability']",2,0.0019053518772125244
The product shall be platform independent.The product shall enable access to any type of development environment and platform.,operational,availability,0.27312785387039185,"['availability', 'scalability', 'fault tolerance']",7,-2
The product shall interface CSR and Datastream.The product shall exchange messages between CSR and EAM on a real time basis without any direct interfaces between two systems.,operational,availability,0.24640965461730957,"['availability', 'scalability', 'fault tolerance']",6,-2
 : The product shall continue to operate during upgrade  change or new resource addition.The product shall be able to continue to operate with no interruption in service due to new resource additions.,maintainability,maintainability,0.28788524866104126,"['availability', 'maintainability', 'fault tolerance']",2,0.05831459164619446
The product shall be updated on a regular basis.The product will have a new major feature introduced every six months and quarterly maintenance releases every six months.,maintainability,maintainability,0.27026915550231934,"['maintainability', 'availability', 'fault tolerance']",1,-1
The product shall operate with every platform.The product shall accommodate any new technology without any change in its architecture.,maintainability,scalability,0.27473366260528564,"['scalability', 'availability', 'fault tolerance']",4,-2
 The product shall have security.The product shall provide authentication  and authorization.,security,security,0.4870609641075134,"['security', 'legal', 'availability']",1,-1
The product shall information Security. The product shall enable privacy by encryption WS-Security and Integrity Checking.,security,security,0.447908490896225,"['security', 'fault tolerance', 'scalability']",1,-1
The product shall have audit capabilities.The product shall store messages for a minimum of one year for audit and transaction tracking purposes.,security,fault tolerance,0.24734121561050415,"['fault tolerance', 'maintainability', 'availability']",4,-2
The system shall use IBM and CCR branding standards. The interface must have one IBM logo and one CCR logo.,look & feel,fault tolerance,0.16694624722003937,"['fault tolerance', 'availability', 'scalability']",9,-2
The system shall be displayable on any work computer a CCR user may have. The system interface shall be formatted to display at 800 by 600 pixel resolution.,look & feel,performance,0.21393978595733643,"['performance', 'scalability', 'fault tolerance']",10,-2
The system interface will use CCR nomenclature. The system must use the same nomenclature used in the existing WCS system and reports,look & feel,fault tolerance,0.10232299566268921,"['fault tolerance', 'operational', 'availability']",10,-2
The interface must summarize the data in a fashion that’s appealing to CCR management. Every report type must have at least one high level summary shown in the results dashboard/interface,look & feel,performance,0.055994484573602676,"['performance', 'maintainability', 'usability']",9,-2
The system must use a point and click interface. 100% of all selection and navigation functionality must be able to be activated/selected by either a mouse or a keyboard,usability,usability,0.08465170860290527,"['operational', 'availability', 'usability']",3,0.05164584517478943
The interface shall be easy to use. 90% of users should be able to successfully use the system to generate a report on their first use. The interface should adhere to IBM usability standards.,usability,usability,0.28729984164237976,"['usability', 'performance', 'maintainability']",1,-1
Rreports must be easy to generate. eports must be generated within one button click and exported within one button click (after selecting the report),usability,usability,0.004091400653123856,"['usability', 'performance', 'fault tolerance']",1,-1
A user shall be able to use the system without instruction after a short amount of time. After one use a user should understand and remember 90% of the system usage and navigation.,usability,usability,0.22765125334262848,"['maintainability', 'usability', 'performance']",2,0.00867299735546112
All CCR users shall receive training before the WCS system is deployed. One training session will be held for 100% of CCR users before system deployment (based on a CCR user being available),usability,operational,0.1790909469127655,"['operational', 'availability', 'security']",9,-2
The WCS system shall use appropriate nomenclature and terminology as defined by the Corporate Community Grants organization. All interfaces and reports will undergo usability tests by CCR users.,usability,usability,0.1522941291332245,"['maintainability', 'usability', 'availability']",2,0.00282171368598938
The WCS system shall be available at all times as long as IBM’s internal intranet W3 is accessible. The WCS system will be available 95% of the time IBM’s internal intranet W3 is available.,availability,availability,0.2842167019844055,"['availability', 'scalability', 'security']",1,-1
The WCS system shall have the ability to connect other designated WCS databases currently not included in the system.,scalability,scalability,0.10687771439552307,"['availability', 'scalability', 'security']",2,0.052030593156814575
The WCS system shall have the ability to include data for regions outside the United States and be accessed by users outside of the United States if approved by CCR management.,scalability,availability,0.13368584215641022,"['availability', 'security', 'legal']",4,-2
The WCS system shall be run in a Windows environment. The WCS shall be accessed by users through the Internet on an IBM computer running a Windows 2000 or above operating system.,operational,scalability,0.12316007912158966,"['scalability', 'availability', 'security']",7,-2
The Brio portion of the WCS system must be able to export files in spreadsheet form (Microsoft Excel and Lotus 1-2-3 formats).  Brio will provide buttons in the user interface that produce/export reports in .xls or .123 file formats.,operational,operational,0.09609125554561615,"['operational', 'scalability', 'availability']",1,-1
The WCS system must run queries to the WCS databases once again (on a specified day) to update the available data available to CCR users. Queries must be made to external databases for data refresh once a week.,maintainability,availability,0.19165976345539093,"['availability', 'operational', 'scalability']",4,-2
 All changes  updates  and additions to the WCS system shall be updated in the WCS Developer and WCS User Guides. Every change must be reflected in WCS system documentation,maintainability,maintainability,0.09264595806598663,"['maintainability', 'availability', 'fault tolerance']",1,-1
The system shall only be accessed by authorized Corporate Community Grants (CCR) employees. Users must be authenticated using their IBM intranet user name and password.,security,security,0.23835720121860504,"['security', 'legal', 'availability']",1,-1
The WCS system shall not allow automatic logins by any user. Cookies containing WCS login information about a user will not be stored on a user’s computer.,security,security,0.22771935164928436,"['security', 'legal', 'operational']",1,-1
Each team owner will need to use a username and password in order to be authenticated to reach the team owner’s page,security,security,0.2515751123428345,"['security', 'legal', 'scalability']",1,-1
The Commissioner will be the only authorized user per league to adjust league settings.,security,security,0.1853417605161667,"['legal', 'security', 'operational']",2,0.03127998113632202
Each page shall contain a navigation menu which shows the index into which the current page is contained.,look & feel,performance,0.09972363710403442,"['performance', 'usability', 'operational']",6,-2
Each page shall contain a similar format with action items in one location and navigation buttons in a different location.,look & feel,usability,0.14009445905685425,"['usability', 'operational', 'performance']",4,-2
The message board shall contain the 5 most recently posted messages on the league page. The messages will contain up to the first 150 characters of the message.,look & feel,scalability,0.12289788573980331,"['scalability', 'operational', 'availability']",6,-2
	A new user shall be able to navigate through the league and team pages within 30 seconds of reaching the start-up page.,usability,operational,0.17011356353759766,"['operational', 'legal', 'availability']",6,-2
 	Users shall be able to reach the ‘add’  ‘drop’  and ‘trade player’ pages with one click from the team owner’s page.,usability,legal,0.2020752727985382,"['legal', 'availability', 'operational']",8,-2
	Users shall be able to view at least 25 NFL player statistics and points on each page.,usability,performance,0.14915268123149872,"['performance', 'look & feel', 'scalability']",6,-2
The application shall ask the user to confirm dropping a player or trading a player before performing the action.,usability,legal,0.24794715642929077,"['legal', 'availability', 'operational']",10,-2
The application shall be able to complete every user transaction within one fourth of a second of receiving the request over the network.,performance,performance,0.2473614513874054,"['performance', 'scalability', 'availability']",1,-1
The application shall have a downtime of at most 10 minutes per year.,availability,availability,0.19913338124752045,"['availability', 'fault tolerance', 'operational']",1,-1
The application shall run on a web application server.,operational,scalability,0.26510384678840637,"['scalability', 'availability', 'usability']",5,-2
A primary database will be used to store cached data for active users.,operational,maintainability,0.19910474121570587,"['maintainability', 'availability', 'scalability']",8,-2
A secondary database will be used to store historical statistics and data.,operational,availability,0.17926430702209473,"['availability', 'maintainability', 'performance']",8,-2
Application updates shall occur between 3AM and 6 AM CST on Wednesday morning during the middle of the NFL season.,maintainability,operational,0.1336364895105362,"['operational', 'availability', 'security']",6,-2
New System version releases shall be released at the beginning of each NFL season.,maintainability,fault tolerance,0.13824285566806793,"['fault tolerance', 'availability', 'legal']",4,-2
 	The RFS system should be available 24/7  especially during the budgeting period. The RFS system shall be available 90% of the time all year  and 98% during the budgeting period. 2% of the time  the system will become available within 1 hour of the time that the situation is reported.,availability,availability,0.23549526929855347,"['availability', 'fault tolerance', 'operational']",1,-1
98% of the user workstations shall meet the minimum hardware requirements prior to implementation. Minimum Hard Disk Space:  400MB.,operational,fault tolerance,0.29539772868156433,"['fault tolerance', 'scalability', 'performance']",8,-2
98% of the user workstations shall meet the minimum software requirements prior to implementation: Microsoft Internet Explorer 5.0. Microsoft .NET Framework 1.1. Microsoft Internet Explorer Web Controls,operational,scalability,0.22342343628406525,"['scalability', 'fault tolerance', 'usability']",8,-2
 	The RFS system should be able to easily interface with the BDW environment  in order to load the data. •	7 data files shall be received from the BDW and loaded into the RFS system within 3 hours one day prior to the start of budgeting process  every year. The data will be as of October month-end. 	Test files (7) shall be loaded up to 5 times throughout the year  from the BDW.,operational,availability,0.1507152020931244,"['availability', 'performance', 'scalability']",4,-2
 	Changes to revenue and expense formulae must be applied to the RFS system  every year  prior to the budgeting process start. Revenue and expense formulae will be updated within one week of their receipt  after which 2 weeks will be allotted to testing of the budget calculations  to be conducted jointly by the project development team and PCG Finance.,maintainability,maintainability,0.07232103496789932,"['performance', 'maintainability', 'fault tolerance']",2,0.003349974751472473
 	New branches/complexes/districts/regions and revenue/expense accounts added to the BDW  must be reflected in the RFS system. 100% of the entities (mentioned above) available as of October month-end  will be loaded into the RFS system  prior to the budget start process.,maintainability,maintainability,0.05943717807531357,"['availability', 'operational', 'maintainability']",3,0.06395518779754639
 	Only authorized user shall access the RFS system. ONLY users that exist in the UAS system  with the RFS system assigned to their role(s)  shall access the RFS system and use it.,security,security,0.26742348074913025,"['security', 'availability', 'operational']",1,-1
	User access should be limited to the permissions granted to their role(s) Each level in the PCG hierarchy will be assigned a role and users will be assigned to these roles. Access to functionality within RFS system is dependent on the privileges/permission assigned to the role..,security,security,0.24680785834789276,"['security', 'fault tolerance', 'operational']",1,-1
 	The product must comply with the intranet page standards and requirements of ENET Securities. 95% of the product look & feel will be approved by the Architecture group  prior to implementation. The remaining 5% will be corrected and approved within one month of product release.,look & feel,maintainability,0.19916607439517975,"['maintainability', 'availability', 'fault tolerance']",6,-2
 The intranet pages should display appropriately in all resolutions  from 800x600 and higher. The display of all the pages will be correct in 95% of the resolutions  prior to implementation. The remaining 5% will be corrected within a week of notification of the incorrect display.,look & feel,performance,0.18674418330192566,"['performance', 'scalability', 'usability']",10,-2
 	The users should be able to easily use the system to successfully complete their budgets  within the stipulated time for completion. With a week of training prior to product implementation  98% of the users shall complete their budgets within the stipulated time.,usability,availability,0.2359919250011444,"['availability', 'fault tolerance', 'maintainability']",7,-2
 	The product interface should be fast. The response time of the product interface should not exceed 2 seconds 90% of the time. For 10% of the time  the response time should not be more than 10 seconds.not be more than 10 seconds.,performance,performance,0.2658005654811859,"['performance', 'availability', 'scalability']",1,-1
