,precision,recall,f1-score,support
"instructive, easy, helpful, useful, learnable, explainable, affordable, intuitive, or understandable",0.9285714285714286,0.34210526315789475,0.5,38.0
"security, authorization, or protection",0.0,0.0,0.0,21.0
periodic execution or efficacy performance,0.2835820895522388,0.8507462686567164,0.4253731343283582,67.0
"working, running, connecting, interfacing, or operative environment",0.5,0.3076923076923077,0.380952380952381,13.0
"appearance, interface, look & feel",0.0,0.0,0.0,17.0
"legal, law, or rules",0.4,0.18518518518518517,0.2531645569620253,54.0
system recovery & fault tolerance,0.3333333333333333,0.7142857142857143,0.4545454545454545,21.0
"maintaining, fixing, running or updating",0.0,0.0,0.0,66.0
"scalable, increasable or developable",0.0,0.0,0.0,10.0
avaliable or timely achievable,0.618421052631579,0.7580645161290323,0.6811594202898551,62.0
accuracy,0.3956639566395664,0.3956639566395664,0.3956639566395664,0.3956639566395664
macro avg,0.30639079040885797,0.31580792551068504,0.2695194947078074,369.0
weighted avg,0.346145852435968,0.3956639566395664,0.3195138364004224,369.0
