Requirement text,Gold label,Predicated label,ZSL score,Top-n recalled labels,Gold label position,Diff. sim scores
The system shall refresh the display every 60 seconds.,performance,maintainability,0.5453053116798401,"['maintainability', 'scalability', 'look & feel']",4,-2
The application shall match the color of the schema set forth by Department of Homeland Security,look & feel,maintainability,0.4306134581565857,"['maintainability', 'performance', 'scalability']",5,-2
 If projected  the data must be readable.  On a 10x10 projection screen  90% of viewers must be able to read Event / Activity data from a viewing distance of 30,usability,maintainability,0.4513230323791504,"['maintainability', 'performance', 'scalability']",4,-2
 The product shall be available during normal business hours. As long as the user has access to the client PC  the system will be available 99% of the time during the first six months of operation.,availability,maintainability,0.3931271731853485,"['maintainability', 'security', 'look & feel']",10,-2
 If projected  the data must be understandable. On a 10x10 projection screen  90% of viewers must be able to determine that Events or Activities are occuring in current time from a viewing distance of 100,usability,maintainability,0.40869149565696716,"['maintainability', 'performance', 'security']",4,-2
The product shall ensure that it can only be accessed by authorized users.  The product will be able to distinguish between authorized and unauthorized users in all access attempts,security,maintainability,0.43009957671165466,"['maintainability', 'look & feel', 'scalability']",4,-2
The product shall be intuitive and self-explanatory.  :  90% of new users shall be able to start the display of Events or Activities within 90 minutes of using the product.,usability,maintainability,0.3682759702205658,"['maintainability', 'performance', 'look & feel']",4,-2
The product shall respond fast to keep up-to-date data in the display.,performance,performance,0.3896799087524414,"['maintainability', 'look & feel', 'performance']",3,0.05079564452171326
The look and feel of the system shall conform to the user interface standards of the smart device.,look & feel,look & feel,0.3179265558719635,"['maintainability', 'look & feel', 'performance']",2,0.030290186405181885
 The user interface shall have standard menus  buttons for navigation,look & feel,look & feel,0.47352659702301025,"['maintainability', 'scalability', 'look & feel']",3,0.10261547565460205
The system shall have a professional appearance,look & feel,look & feel,0.4919089078903198,"['maintainability', 'look & feel', 'scalability']",2,0.027436137199401855
The product shall have a consistent color scheme and fonts.,look & feel,look & feel,0.39492732286453247,"['maintainability', 'look & feel', 'performance']",2,0.05340668559074402
The system shall be used by realtors with no training.,usability,maintainability,0.5071254968643188,"['maintainability', 'look & feel', 'scalability']",5,-2
The system shall be intuitive and self explanatory.,usability,maintainability,0.4973801374435425,"['maintainability', 'look & feel', 'performance']",6,-2
The product shall be easy for a realtor to learn.,usability,maintainability,0.4465973377227783,"['maintainability', 'look & feel', 'scalability']",4,-2
The product shall use symbols and words that are naturally understandable by the realtor community.,usability,usability,0.33931586146354675,"['maintainability', 'performance', 'usability']",3,0.08927172422409058
The product shall produce search results in an acceptable time,performance,performance,0.4471949338912964,"['maintainability', 'look & feel', 'performance']",3,0.06795555353164673
The search results shall be returned no later 30      seconds  after the user has entered the search criteria,performance,performance,0.3469788134098053,"['maintainability', 'performance', 'scalability']",2,0.08799028396606445
The product shall generate a CMA report in an acceptable time.,performance,performance,0.4253140985965729,"['maintainability', 'performance', 'look & feel']",2,0.06995692849159241
The CMA report shall be returned no later 60 seconds after the user has entered the CMA report criteria.,performance,performance,0.3742515444755554,"['maintainability', 'performance', 'scalability']",2,0.07666873931884766
The product shall synchronize contacts and appointments in an acceptable time.,performance,performance,0.4167802929878235,"['maintainability', 'look & feel', 'performance']",3,0.06366944313049316
The product shall synchronize with the office system every hour.,performance,maintainability,0.522283136844635,"['maintainability', 'look & feel', 'scalability']",4,-2
 The product shall be available for use 24 hours per day  365 days  per year,availability,maintainability,0.5413978099822998,"['maintainability', 'scalability', 'look & feel']",9,-2
 Out of 1000 accesses to the system  the system is available 999 times.,availability,maintainability,0.419813334941864,"['maintainability', 'look & feel', 'performance']",7,-2
The product shall operate in offline mode whenever internet connection is unavailable.,fault tolerance,maintainability,0.5229174494743347,"['maintainability', 'look & feel', 'scalability']",8,-2
 The product shall allow the user to view previously downloaded search results  CMA reports  and appointments.,fault tolerance,maintainability,0.42667099833488464,"['maintainability', 'performance', 'scalability']",8,-2
The product shall retain user preferences in the event of a failure.,fault tolerance,maintainability,0.48437047004699707,"['maintainability', 'look & feel', 'performance']",8,-2
100% of saved user preferences shall be restored when system comes back online.,fault tolerance,maintainability,0.4545125663280487,"['maintainability', 'look & feel', 'performance']",9,-2
The product shall be able to support multiple remote users,scalability,scalability,0.4552743136882782,"['look & feel', 'maintainability', 'scalability']",3,0.024008512496948242
The product shall be able support 1000 simultaneous users.,scalability,scalability,0.47589096426963806,"['maintainability', 'scalability', 'look & feel']",2,0.0666455328464508
The product shall be capable of handling the existing 1000 users. This number is expected to grow 5 times within the next year.,scalability,scalability,0.40576910972595215,"['maintainability', 'look & feel', 'scalability']",3,0.035859525203704834
The product shall be installed by an untrained realtor   without recourse to separately-printed instructions.,usability,maintainability,0.435329794883728,"['maintainability', 'performance', 'operational']",5,-2
90% of untrained realtors shall be able to install the product on their device without printed instructions,usability,maintainability,0.4060673117637634,"['maintainability', 'look & feel', 'performance']",5,-2
Only registered realtors shall be able to access the system.,security,look & feel,0.46620479226112366,"['look & feel', 'maintainability', 'scalability']",8,-2
Every user of the system shall be authenticated and authorized.,security,maintainability,0.4486153721809387,"['maintainability', 'look & feel', 'performance']",7,-2
The product shall prevent its data from incorrect data being introduced.,security,maintainability,0.5559509992599487,"['maintainability', 'scalability', 'look & feel']",7,-2
The system shall be easy to use by the Program Administrators/Nursing Staff Members.,usability,maintainability,0.4255724251270294,"['maintainability', 'performance', 'scalability']",5,-2
All of the users shall be able to use the system after one day of training.,usability,usability,0.35793811082839966,"['look & feel', 'maintainability', 'usability']",3,0.03383859992027283
The system shall help the user avoid making mistakes while scheduling classes and clinicals for the nursing students.,usability,maintainability,0.4496803879737854,"['maintainability', 'performance', 'scalability']",5,-2
The number of mistakes noted by the students shall be decreased by 50% in the first year.,usability,maintainability,0.40186089277267456,"['maintainability', 'look & feel', 'performance']",5,-2
The system shall be intuitive to the Program Administrators/Nursing Staff Members.,usability,maintainability,0.44516026973724365,"['maintainability', 'performance', 'scalability']",4,-2
2 out of 3 Program Administrators/Nursing Staff Members shall successfully be able to use the system to manage the scheduling of classes and clinicals.,usability,usability,0.3142138421535492,"['maintainability', 'performance', 'usability']",3,0.07529318332672119
The system shall use symbols and words that are naturally understandable by the user community.,usability,maintainability,0.4474644958972931,"['maintainability', 'look & feel', 'scalability']",5,-2
The verbiage used within the system shall be consistent with Standard English and the terminology of the national Nursing Community.,usability,usability,0.2576163411140442,"['maintainability', 'performance', 'usability']",3,0.0902208685874939
Staff members shall be able to complete a set of tasks in a timely manner.,performance,performance,0.3178681433200836,"['maintainability', 'look & feel', 'performance']",3,0.03912988305091858
The response time of general student management tasks shall take no longer than 5 seconds and the response time of schedule generation shall take no longer than 30 seconds.,performance,maintainability,0.40824049711227417,"['maintainability', 'look & feel', 'scalability']",5,-2
The system shall be available for use between the hours of 8am and 6pm.,availability,maintainability,0.40877437591552734,"['maintainability', 'look & feel', 'security']",8,-2
The system shall achieve 95% up time.,availability,maintainability,0.6136074662208557,"['maintainability', 'look & feel', 'scalability']",7,-2
system shall be able to handle all of the user requests/usage during business hours.,scalability,scalability,0.42524489760398865,"['maintainability', 'look & feel', 'scalability']",3,0.0517861545085907
The system shall cater to 10 simultaneous users from 9am to 5pm.,scalability,scalability,0.4019871652126312,"['maintainability', 'look & feel', 'scalability']",3,0.05004003643989563
The system shall be capable of processing 100% of nursing students and their classes for the next 10 years.,scalability,scalability,0.3580207824707031,"['maintainability', 'look & feel', 'scalability']",3,0.055659979581832886
The system shall be expected to manage the nursing program curriculum and class/clinical scheduling for a minimum of 5 years.,scalability,maintainability,0.41009873151779175,"['maintainability', 'performance', 'usability']",4,-2
The system shall able to operate within a business office environment typical of the Nursing Department at DePaul University.,operational,operational,0.29874539375305176,"['maintainability', 'performance', 'operational']",3,0.09424537420272827
The system shall be used within the specifications defined by the computers used by the Program Administrators/Nursing Staff Members.,operational,maintainability,0.4094458818435669,"['maintainability', 'performance', 'usability']",5,-2
The system shall operate within the Windows XP Professional operating system.,operational,maintainability,0.5355349183082581,"['maintainability', 'performance', 'scalability']",5,-2
The system shall interface with CampusConnect’s central server,operational,maintainability,0.5761255025863647,"['maintainability', 'scalability', 'performance']",4,-2
The system shall interface with the faculty central server.,operational,maintainability,0.5277387499809265,"['maintainability', 'performance', 'scalability']",6,-2
The system shall interface with the student master server.,operational,maintainability,0.5215380191802979,"['maintainability', 'performance', 'scalability']",6,-2
We must be able to interface with any HTML browser.,operational,look & feel,0.47081258893013,"['look & feel', 'scalability', 'maintainability']",5,-2
Only authorized users shall have access to clinical site information.,security,maintainability,0.49657124280929565,"['maintainability', 'look & feel', 'scalability']",8,-2
Program Administrators/Nursing Staff Members are the only people who shall have access to clinical site details.,security,maintainability,0.4537971317768097,"['maintainability', 'performance', 'scalability']",8,-2
Only authorized users shall have access to students’ personal information.,security,maintainability,0.4705600440502167,"['maintainability', 'look & feel', 'scalability']",8,-2
Dr Susan Poslusny and Dr Julie Donalek are the only people who shall have access to students’ personal information.,security,maintainability,0.4168337285518646,"['maintainability', 'performance', 'operational']",9,-2
Only authorized users shall have access to the portion of the system that interfaces with CampusConnect.,security,maintainability,0.39560455083847046,"['maintainability', 'look & feel', 'performance']",5,-2
Fit Criterion: Dr Susan Poslusny and Karen Sysol are the only people who shall have access to the final class section scheduling for the system that interfaces with CampusConnect.,security,maintainability,0.3969016969203949,"['maintainability', 'performance', 'usability']",7,-2
The system shall have basic data integrity checking to reduce the possibility of incorrect or invalid data being introduced.,security,maintainability,0.433795303106308,"['maintainability', 'look & feel', 'performance']",7,-2
The system shall protect private information in accordance with the organization’s information policy.,security,maintainability,0.46385008096694946,"['maintainability', 'performance', 'look & feel']",8,-2
The system shall be built such that it is as secure as possible from malicious interference.,security,security,0.3526267409324646,"['maintainability', 'look & feel', 'security']",3,0.04615241289138794
The system shall use the organization’s standard virus protection software to help monitor threats to itself.,security,maintainability,0.42627474665641785,"['maintainability', 'look & feel', 'performance']",5,-2
The Disputes application shall comply with the corporate standards for user interface creation for internally and externally used applications.,look & feel,maintainability,0.446544885635376,"['maintainability', 'performance', 'scalability']",7,-2
All screens created as part of the Disputes application must comply with corporate standards for interface creation.,look & feel,maintainability,0.4547724723815918,"['maintainability', 'performance', 'scalability']",5,-2
The list of dispute cases that are displayed after a search is performed must be color coded for easy identification of dispute cases based upon the dispute case status.,usability,maintainability,0.4055851399898529,"['maintainability', 'performance', 'scalability']",4,-2
100% of the cardmember and merchant services representatives shall use the Disputes application regularly after a 2-day training course.,usability,usability,0.31839749217033386,"['maintainability', 'performance', 'usability']",3,0.08918789029121399
100% of cardmember services representatives shall be able to successfully create a dispute case on the first encounter after completing the training course.,usability,maintainability,0.3884403109550476,"['maintainability', 'performance', 'look & feel']",4,-2
100% of merchant services representatives shall be able to successfully perform a follow up action on a dispute case on the first encounter after completing the training course.,usability,maintainability,0.393636018037796,"['maintainability', 'performance', 'look & feel']",4,-2
The maximum wait time for a user navigating from one screen to another within the Disputes application shall be no more than 5 seconds.,performance,maintainability,0.4182698428630829,"['maintainability', 'look & feel', 'scalability']",8,-2
The Disputes application shall support 350 concurrent users without any degradation of performance in the application.,performance,performance,0.35143420100212097,"['maintainability', 'performance', 'scalability']",2,0.07199674844741821
 The Disputes application shall be available 24x7x365  with the exception of the following scheduled maintenance windows.  Monday – Saturday 3:00am to 4:00am EST Sunday 1:00amd to 5:00am EST,operational,maintainability,0.4608179032802582,"['maintainability', 'performance', 'scalability']",4,-2
The Disputes application shall interface with the Statement Database. The Statement Database provides the transaction details to the Disputes System. All transaction details must be obtained from the Statement Database,operational,maintainability,0.42889493703842163,"['maintainability', 'performance', 'usability']",4,-2
The Disputes application shall interface with the Cardmember Information Database.  The Cardmember Information Database provides detailed information with regard to a cardmember.  All cardmember detail information must be obtained from the Cardmember Information Database.,operational,operational,0.29260724782943726,"['maintainability', 'performance', 'operational']",3,0.08942168951034546
The Disputes applications shall interface with the Merchant Information Database.  The Merchant Information Database provides detailed information with regard to the merchant. All merchant detail information shall be obtained from the Merchant Information Database.,operational,operational,0.28199470043182373,"['maintainability', 'performance', 'operational']",3,0.09356936812400818
The Disputes application shall interface with the Letters application.  This will allow the Disputes application to request letters as part of the dispute initiation and dispute follow up process. All letter requests must be sent to the Print Letter Utility application.,operational,maintainability,0.4007616639137268,"['maintainability', 'performance', 'fault tolerance']",5,-2
The Disputes application shall interface with the Cardmember Posting and Billing System.  This will allow the Disputes application to request adjustments to cardmember and merchant’s accounts. All adjustment requests must be sent to the Cardmember Posting and Billing System.,operational,maintainability,0.404894083738327,"['maintainability', 'performance', 'fault tolerance']",4,-2
The Disputes application shall ensure that only users with the appropriate access level are allowed to initiate dispute requests.,security,maintainability,0.4168873727321625,"['maintainability', 'performance', 'look & feel']",7,-2
Only users with Update access must be able to initiate dispute requests.,security,maintainability,0.48466596007347107,"['maintainability', 'look & feel', 'scalability']",7,-2
The Disputes application shall ensure that only authorized users are allowed to logon to the application.,security,maintainability,0.3829761743545532,"['maintainability', 'look & feel', 'performance']",6,-2
 All authorized users  once authenticated must be able to logon to the Disputes System,security,maintainability,0.42863020300865173,"['maintainability', 'performance', 'look & feel']",9,-2
The Disputes System shall generate a User Report that details any new users that have been added and any changes to an existing user’s access level.  The report will be reviewed for auditing purposes.,security,security,0.37283265590667725,"['maintainability', 'security', 'look & feel']",2,0.03668498992919922
All additions of new users and modifications to user’s access shall be recorded on the User Report.,security,maintainability,0.4092564880847931,"['maintainability', 'performance', 'look & feel']",5,-2
 If a user account is revoked  it can only be re-instantiated by the System Administrator.,security,maintainability,0.4839492440223694,"['maintainability', 'scalability', 'performance']",7,-2
Only the System Administrator shall be able to reset a revoked user logon account,security,maintainability,0.4375138282775879,"['maintainability', 'performance', 'look & feel']",8,-2
The Disputes application shall manipulate and view business data. Users will not have direct access to data files or databases.,security,maintainability,0.4709879457950592,"['maintainability', 'look & feel', 'scalability']",4,-2
All updates to data files or database must be initiated from the Disputes System.,security,maintainability,0.417344868183136,"['maintainability', 'look & feel', 'performance']",5,-2
The Disputes application must conform to the legal requirements as specified by the Merchant Operating Regulations.,legal,maintainability,0.3974887728691101,"['maintainability', 'performance', 'scalability']",10,-2
All business rules specified in the Disputes System shall be in compliance with the Merchant Operating Regulations.,legal,maintainability,0.38226133584976196,"['maintainability', 'performance', 'usability']",10,-2
The Disputes application must conform to the legal requirements as specified by Regulation E and Regulation Z that govern credit card disputes processing.,legal,maintainability,0.3976421356201172,"['maintainability', 'performance', 'operational']",10,-2
All business rules specified in the Disputes System shall be in compliance to the guidelines of Regulation E and Regulation Z.,legal,maintainability,0.35354554653167725,"['maintainability', 'performance', 'usability']",10,-2
The Disputes application must maintain a detailed history of every action that a user takes on a dispute case.  This ensures a complete audit trail if questions arise later on with regard to a particular dispute case.,legal,maintainability,0.38357529044151306,"['maintainability', 'performance', 'usability']",10,-2
All actions that modify an existing dispute case must be recorded in the case history.,legal,maintainability,0.3974853754043579,"['maintainability', 'look & feel', 'scalability']",10,-2
The product must support Internet Explorer 5.5 and above.,operational,maintainability,0.5759890675544739,"['maintainability', 'look & feel', 'scalability']",6,-2
The product must support Mozilla Firefox 1.0 and above.,operational,maintainability,0.5613783001899719,"['maintainability', 'scalability', 'look & feel']",5,-2
The product shall interface with the Choice Parts System.  This provides the feed of recycled parts data.,operational,maintainability,0.49602898955345154,"['maintainability', 'performance', 'scalability']",4,-2
The product shall run on the existing hardware for all environments.,operational,maintainability,0.5166465640068054,"['maintainability', 'look & feel', 'scalability']",6,-2
The product shall adhere to the corporate Architecture guidelines,operational,maintainability,0.49865734577178955,"['maintainability', 'performance', 'scalability']",7,-2
The product shall comply with corporate User Interface Guidelines,look & feel,maintainability,0.5477487444877625,"['maintainability', 'performance', 'scalability']",8,-2
The product shall comply with corporate color scheme,look & feel,maintainability,0.5995535850524902,"['maintainability', 'scalability', 'performance']",4,-2
The appearance of the product shall appear professional,look & feel,look & feel,0.4750598073005676,"['maintainability', 'look & feel', 'performance']",2,0.09106367826461792
The product shall be easy to use by Adjusters and Collision Estimators.  95% of Adjusters and Collision Estimators shall find the product easy to use.,usability,maintainability,0.38678306341171265,"['maintainability', 'performance', 'scalability']",4,-2
The product shall increase productivity of Collision Estimators. 80% of the Collision Estimators shall agree their productivity has increase within 1 month of using the product.,usability,usability,0.36129456758499146,"['maintainability', 'performance', 'usability']",3,0.07164514064788818
Users shall feel satisfied using the product.  85% of all users will be satisfied with the product.,usability,maintainability,0.4412241578102112,"['maintainability', 'look & feel', 'scalability']",6,-2
The product shall be easy to learn by Adjusters and Collision Estimators.  The product shall be learned with two days onsite training,usability,maintainability,0.4477027952671051,"['maintainability', 'performance', 'scalability']",5,-2
The user shall easily locate instructions while using the product.  User help can be found within 90% of the system.,usability,maintainability,0.4379173517227173,"['maintainability', 'look & feel', 'scalability']",5,-2
The search for recycled parts shall take no longer than 15 seconds.  The search results shall be returned in under 15 seconds.,performance,maintainability,0.4776783585548401,"['maintainability', 'scalability', 'look & feel']",5,-2
The search for the preferred repair facility shall take no longer than 8 seconds.  The preferred repair facility is returned within 8 seconds,performance,maintainability,0.4812493324279785,"['maintainability', 'scalability', 'look & feel']",4,-2
The recycled parts audit report shall be returned to the user within 10 seconds.  The audit report shall be returned within 10 seconds.,performance,performance,0.3532108962535858,"['maintainability', 'performance', 'scalability']",2,0.06635749340057373
The preferred repair facility ratings shall be saved within 5 seconds. The save shall occur within 5 seconds.,performance,maintainability,0.46064794063568115,"['maintainability', 'look & feel', 'scalability']",5,-2
The product shall adhere to the corporate online availability schedule.  The application is brought down only within 98% of the scheduled outages per the availability schedule.,availability,maintainability,0.41014739871025085,"['maintainability', 'performance', 'scalability']",9,-2
The product shall achieve a 98% uptime. The product shall not fail more than 2% of the available online time.,availability,maintainability,0.4348326623439789,"['maintainability', 'look & feel', 'security']",10,-2
The product shall be able to handle up to 1500 simultaneous users. The system shall perform with 1500 users as a time.,scalability,maintainability,0.42768415808677673,"['maintainability', 'look & feel', 'performance']",5,-2
 The average number of recycled parts records per day shall be 50 000.,scalability,scalability,0.3967750370502472,"['maintainability', 'performance', 'scalability']",3,0.11022815108299255
 The product shall be able to handle 10 000 concurrent users within 2 years of the initial launch.,scalability,maintainability,0.4121447503566742,"['maintainability', 'performance', 'look & feel']",4,-2
 For estimators  the product shall be able to be operated in a repair facility during dirty and noisy conditions.,operational,maintainability,0.35851556062698364,"['maintainability', 'performance', 'usability']",4,-2
The product shall interface with the ChoiceParts system once per day at approximately 1:00 AM.,operational,maintainability,0.5144055485725403,"['maintainability', 'scalability', 'performance']",4,-2
The maintenance of the product will fall within the established corporate maintenance windows.,operational,maintainability,0.4095429480075836,"['maintainability', 'performance', 'usability']",8,-2
The product shall be supported using the corporate support center.,operational,maintainability,0.485986590385437,"['maintainability', 'look & feel', 'scalability']",6,-2
Product installations and upgrades shall be handled by the middleware technology team within established launch time frames.,operational,operational,0.3578559160232544,"['maintainability', 'performance', 'operational']",3,0.09571808576583862
Only adjusters can request recycled parts audit reports. No users without an adjuster role shall request recycled parts audits.,security,maintainability,0.47751930356025696,"['maintainability', 'performance', 'scalability']",9,-2
Only adjusters with a supervisor role can update preferred repair facility ratings. Users without the supervisor role cannot access the repair facility ratings.,security,maintainability,0.4354683756828308,"['maintainability', 'performance', 'operational']",9,-2
Only collision estimators shall search for recycled parts.  Users without the collision estimator role shall not have access to the search for recycled parts.,security,maintainability,0.44476643204689026,"['maintainability', 'performance', 'scalability']",8,-2
Only valid data shall be entered into the system.  No invalid data shall be entered into the system.,security,maintainability,0.48239248991012573,"['maintainability', 'scalability', 'performance']",7,-2
One insurance company shall not be able to view another insurance companys claim data.,security,maintainability,0.4624496102333069,"['maintainability', 'performance', 'look & feel']",7,-2
The product shall free of computer viruses.,security,maintainability,0.5895000696182251,"['maintainability', 'look & feel', 'performance']",8,-2
The system shall prevent malicious attacks including denial of service.,security,maintainability,0.5676623582839966,"['maintainability', 'performance', 'scalability']",9,-2
The product must comply with Sarbanes-Oxley.,legal,maintainability,0.539139986038208,"['maintainability', 'scalability', 'performance']",10,-2
The product shall comply with the estimatics laws relating to recycled parts usage.,legal,maintainability,0.4496784806251526,"['maintainability', 'performance', 'operational']",10,-2
The product shall comply with insurance regulations regarding claims processing.,legal,maintainability,0.5968137979507446,"['maintainability', 'performance', 'scalability']",10,-2
 The product must work with most database management systems (DBMS) on the market  whether the DBMS is colocated with the product on the same machine or is located on a different machine on the computer network.,operational,maintainability,0.3837399184703827,"['maintainability', 'performance', 'security']",7,-2
The product will function alongside server software on any operating system where the Java runtime can be installed.,operational,maintainability,0.4312824606895447,"['maintainability', 'look & feel', 'scalability']",7,-2
The product will require collaboration with a database management system (DBMS).  The DBMS may be located on the same machine as the product or on a separate machine residing on the same computer network.,operational,maintainability,0.37241536378860474,"['maintainability', 'performance', 'usability']",6,-2
 The product must make use of web/application server technology.  Open source examples include Apache web server  Tomcat  and the JBoss application server.,operational,operational,0.3427172303199768,"['maintainability', 'performance', 'operational']",3,0.08992081880569458
 A database management system such as Oracle  DB2  MySql or HSQL will need to be integrated with the product.,operational,maintainability,0.41591566801071167,"['maintainability', 'performance', 'scalability']",4,-2
 The product’s Look and Feel shall be able to incorporate aspects of the customer’s organization such as logo  branding  and identity,look & feel,maintainability,0.41607892513275146,"['maintainability', 'performance', 'usability']",9,-2
The product shall have a conservative and professional appearance.,look & feel,look & feel,0.3890842795372009,"['maintainability', 'look & feel', 'performance']",2,0.06508022546768188
The product shall make the users want to use it. 80% of the users surveyed report they are regularly using the product after the first 2 weeks post-launch.,usability,maintainability,0.36797571182250977,"['maintainability', 'look & feel', 'security']",4,-2
The product shall be easy to use. 90% of users will be able to successfully reserve a conference room within 5 minutes of product use.,usability,maintainability,0.38626259565353394,"['maintainability', 'look & feel', 'security']",5,-2
The product shall give users feedback when necessary. 80% of the users surveyed report that the product accurately confirms their actions.,usability,maintainability,0.41171056032180786,"['maintainability', 'performance', 'look & feel']",5,-2
The product shall allow the user to select a chosen language from one of the target market countries.,usability,usability,0.35533884167671204,"['maintainability', 'look & feel', 'usability']",3,0.04250383377075195
The product shall allow for customization of start page and views preferences.,usability,usability,0.4044913947582245,"['maintainability', 'look & feel', 'usability']",3,0.06586739420890808
 An employee will be able to successfully use the product within a few minutes.  After informally navigating the product for less than 15 minutes  users shall be able to successfully setup meetings and reserve conference rooms.,usability,maintainability,0.40280681848526,"['maintainability', 'performance', 'scalability']",4,-2
The product shall use a standard navigation menu familiar to most web users.,usability,maintainability,0.4606369733810425,"['maintainability', 'look & feel', 'scalability']",4,-2
The product shall allow for intuitive searching of available conference rooms.,usability,maintainability,0.544170081615448,"['maintainability', 'scalability', 'look & feel']",4,-2
The product shall conform to the Americans with Disabilities Act.,usability,maintainability,0.477714478969574,"['maintainability', 'performance', 'scalability']",7,-2
The response shall be fast enough to avoid interrupting the user’s flow of thought.  90% of tasks shall complete within 5 seconds.  98% of tasks shall complete within 8 seconds.,performance,performance,0.3668992817401886,"['maintainability', 'scalability', 'performance']",3,0.04822668433189392
 Aside from server failure  the software product shall achieve 99.99% up time.,availability,maintainability,0.5332958698272705,"['maintainability', 'performance', 'scalability']",8,-2
The product shall create an exception log of problems encountered within the product for transmission to our company for analysis and resolution.,fault tolerance,maintainability,0.41340965032577515,"['maintainability', 'look & feel', 'performance']",8,-2
 The product shall be capable of handling up to 1 000 concurrent requests.  This number will increase to 2 000 by Release 2.  The concurrency capacity must be able to handle peak scheduling times such as early morning and late afternoon hours.,scalability,maintainability,0.44175395369529724,"['maintainability', 'performance', 'fault tolerance']",5,-2
 The product shall be able to process 10 000 transactions per hour within two years of its launch.  This number will increase to 20 000 by Release 2.,scalability,scalability,0.39584437012672424,"['maintainability', 'performance', 'scalability']",3,0.04980522394180298
The product shall be expected to operate for at least 5 years for each customer installation.,scalability,scalability,0.4022274315357208,"['maintainability', 'look & feel', 'scalability']",3,0.03935587406158447
The product shall be used in office environments.,operational,maintainability,0.5309578776359558,"['maintainability', 'look & feel', 'scalability']",7,-2
The product must be able to interface with any HTML browser.  The product shall transmit data between the user and the product without problems. The product shall display HTML properly in 80% of all HTML browsers tested (minimum is to test 8 browsers).,operational,maintainability,0.41408398747444153,"['maintainability', 'performance', 'usability']",4,-2
The product must be able to interface with various database management systems. The product shall communicate successfully with the database management system on 100% of all transactions.,operational,maintainability,0.4516715109348297,"['maintainability', 'scalability', 'performance']",6,-2
The product must be able to interface with various email servers. The product shall be able to send email.,operational,maintainability,0.42393842339515686,"['maintainability', 'look & feel', 'scalability']",8,-2
The product shall be available for distribution via the Internet as a binary or ZIP file.,operational,maintainability,0.4266377091407776,"['maintainability', 'performance', 'usability']",7,-2
The product shall be available for distribution as a packaged CD.,operational,maintainability,0.4705889821052551,"['maintainability', 'performance', 'look & feel']",7,-2
 The product will be available for licensing as a one-server  two-five servers  or five-or-more servers license.,operational,maintainability,0.4359099268913269,"['maintainability', 'performance', 'scalability']",5,-2
A new user must be able to be added to the system within 10 minutes.  90% of new users are able to log into the system within 10 minutes.,usability,look & feel,0.3719980716705322,"['look & feel', 'maintainability', 'security']",5,-2
The product must be designed using Design Patterns and coding best practices.  90% of maintenance software developers are able to integrate new functionality into the product with 2 working days.,maintainability,maintainability,0.4280921220779419,"['maintainability', 'performance', 'look & feel']",1,-1
The product must be highly configurable for use with various database management systems for the end users.  80% of end users are able to integrate new database management systems with the product without changing the product’s software code.,maintainability,maintainability,0.4208240211009979,"['maintainability', 'security', 'usability']",1,-1
Maintenance releases will be offered to customers once a year.  The releases shall take no longer than 5 minutes for 80% of the customer base to install.,maintainability,maintainability,0.4463382363319397,"['maintainability', 'look & feel', 'security']",1,-1
Every registered user will have access to the product’s support site via the Internet.  70% of registered users shall find a solution to their problem within 5 minutes of using the support site.,usability,maintainability,0.41498076915740967,"['maintainability', 'look & feel', 'security']",5,-2
The customer shall be able to easily integrate new building maps with the product throughout the product’s lifecycle.  Integration of new maps with the product shall be possible with little to no support from product support staff.,maintainability,maintainability,0.3721015751361847,"['maintainability', 'security', 'look & feel']",1,-1
 The product shall be translated into foreign languages other than the target market countries’ languages in future releases.  For each emerging target market  it shall take no more than 5 days to configure the product for that market’s language.,usability,maintainability,0.411216676235199,"['maintainability', 'performance', 'scalability']",4,-2
 The product is expected to integrate with multiple database management systems.  The product will operate with Oracle  SQL Server  DB2  MySQL  HSQL  and MS Access.,operational,operational,0.32673558592796326,"['maintainability', 'performance', 'operational']",3,0.09395313262939453
The product shall be able to be installed in any operating environment within 2 days.,operational,maintainability,0.38501155376434326,"['maintainability', 'look & feel', 'security']",7,-2
The product shall ensure that only company employees or external users with company-approved user IDs may have product access.  100% of all logons shall be by either company employees or external users with company-approved user IDs.,security,maintainability,0.4203210175037384,"['maintainability', 'performance', 'scalability']",8,-2
Only managers are able to perform search queries for reservations by user.  100% of all search queries for reservations by user shall be from logons of only management logons.,security,maintainability,0.45452791452407837,"['maintainability', 'scalability', 'performance']",8,-2
The product shall ensure that the database’s data corresponds to the data entered by the user.  Each conference room reservation in the system will contain the same information as was entered by the user.,security,security,0.3454087972640991,"['maintainability', 'performance', 'security']",3,0.051376134157180786
The product shall prevent the input of malicious data.  The product and/or adjacent hardware/software systems’ data shall remain 100% uncorrupted each time malicious data is input into the product.,security,maintainability,0.4253704845905304,"['maintainability', 'performance', 'usability']",7,-2
The product and/or dependent databases/filesystems shall remain operational as a result of the input of malicious data.  The product and/or dependent databases/filesystems shall not crash 100% of the time that malicious data is input into the product.,fault tolerance,maintainability,0.40984439849853516,"['maintainability', 'performance', 'usability']",6,-2
The product shall have the ability to receive automatic software updates as new threats emerge.  100% of customers will be able to receive automatic software updates transmitted to the installed product.,security,security,0.3498719036579132,"['maintainability', 'look & feel', 'security']",3,0.028307288885116577
The language of the product shall accommodate all of the target market countries. 90% of survey respondents from each target market country will find that the language of the product is acceptable.,scalability,maintainability,0.36162814497947693,"['maintainability', 'security', 'performance']",6,-2
The product shall be able to display calendar dates and times according to the user’s locale.  90% of survey respondents from each target market country will find that the date and time formatting of the product is correct.,usability,maintainability,0.34885621070861816,"['maintainability', 'security', 'performance']",5,-2
The product must be developed with the J2SE/J2EE programming language libraries,operational,maintainability,0.46137601137161255,"['maintainability', 'scalability', 'performance']",4,-2
Recreation of Inventory Quantity Adjustment for the period of previous 30 days shall take no more than 30min.,performance,performance,0.3935701251029968,"['maintainability', 'performance', 'scalability']",2,0.09786859154701233
The System shall allow for a minimum of  6 users to work at the same time.,performance,maintainability,0.42536577582359314,"['maintainability', 'look & feel', 'usability']",5,-2
The System shall utilize currently owned computer equipment.,operational,maintainability,0.6471914052963257,"['maintainability', 'scalability', 'performance']",4,-2
The System shall be able to automatically backup business data and restore them on demand.,operational,look & feel,0.38915249705314636,"['look & feel', 'maintainability', 'usability']",7,-2
The System shall maintain consistent security.  Any changes in user passwords and/or permissions should take affect in all parts of the System.,security,maintainability,0.44214439392089844,"['maintainability', 'performance', 'look & feel']",8,-2
The System shall granularly control access rights to all major subsystems.  It should be possible to assign access rights to all subsystems independently.,security,maintainability,0.438286691904068,"['maintainability', 'performance', 'scalability']",8,-2
The System shall meet all applicable accounting standards.  The final version of the System must successfully pass independent audit performed by a certified auditor.,legal,maintainability,0.4601566195487976,"['maintainability', 'performance', 'scalability']",10,-2
The System shall not require additional third party licenses resulting in royalty fees.,operational,maintainability,0.513489305973053,"['maintainability', 'performance', 'scalability']",4,-2
Administrator shall be able to activate a pre-paid card via the Administration section in under 5 seconds.,performance,performance,0.35302451252937317,"['maintainability', 'performance', 'look & feel']",2,0.0654030442237854
 Customer shall be able to check the status of their prepaid card  by entering in the PIN number  in under 5 seconds.,performance,performance,0.34825941920280457,"['maintainability', 'performance', 'look & feel']",2,0.05800768733024597
System shall let customers register on the website as a “pay as you go” user in under 5 minutes.,performance,maintainability,0.4662978947162628,"['maintainability', 'scalability', 'look & feel']",4,-2
System shall let customers register on the website as a “unlimited movie subscriber” user in under 10 minutes.,performance,performance,0.3945317566394806,"['maintainability', 'scalability', 'performance']",3,0.07629069685935974
System shall let existing customers log into the website with their email address and password in under 5 seconds.,performance,maintainability,0.447971373796463,"['maintainability', 'look & feel', 'scalability']",6,-2
 System shall let customers cancel their account  process shall take no longer than 2 minutes.  Database will mark the account as inactive  and user will not be able to log into the website.,performance,maintainability,0.41719233989715576,"['maintainability', 'look & feel', 'scalability']",4,-2
System shall let administrator de-activate a customer account in under 1 minute. Customer will no longer be able to access the website.,performance,maintainability,0.4691072106361389,"['maintainability', 'look & feel', 'scalability']",5,-2
System shall let administrator add/remove movies on the website in under 5 minutes.  Entered movie information will be stored in the database and will now be available on the website.,performance,maintainability,0.39507296681404114,"['maintainability', 'look & feel', 'security']",5,-2
System shall let the administrator add/remove categories on the website in under 5 minutes.,performance,performance,0.39883407950401306,"['maintainability', 'performance', 'scalability']",2,0.06923410296440125
System shall let Izogn Manager access sales and usage statistics in under 2 minutes.,performance,performance,0.412553071975708,"['maintainability', 'performance', 'scalability']",2,0.0898858904838562
System shall let administrators generate unique pre-paid pins in under 2 minutes and generate an Excel file with the generated PINs.,performance,performance,0.35341745615005493,"['maintainability', 'performance', 'scalability']",2,0.07598024606704712
The website shall be attractive to all audiences.  The website shall appear to be fun and the colors should be bright and vibrant.,look & feel,look & feel,0.33508065342903137,"['maintainability', 'performance', 'look & feel']",3,0.04906964302062988
 The website should have an African feel  but should not alienate non-Africans.  The website should use animation on pages which are describing the services  to grab the users attention and encourage them to sign up.,look & feel,maintainability,0.38459599018096924,"['maintainability', 'security', 'performance']",4,-2
 The website design should be modern  clean  and concise.,look & feel,maintainability,0.48559921979904175,"['maintainability', 'performance', 'scalability']",4,-2
The product should be able to be used by 90% of novice users on the Internet.,usability,maintainability,0.3851394057273865,"['maintainability', 'look & feel', 'security']",5,-2
 Users should only have to navigate through a maximum of 4 pages  to create an account with the website.,usability,look & feel,0.3731527328491211,"['look & feel', 'maintainability', 'security']",4,-2
Users should be able to access their streaming movies in under 2 clicks after logging into the website.,usability,maintainability,0.4105472266674042,"['maintainability', 'look & feel', 'scalability']",5,-2
An anonymous survey will show that 70% of customers are comfortable purchasing streaming movies after 2 weeks using the website.,usability,maintainability,0.4297342598438263,"['maintainability', 'look & feel', 'scalability']",6,-2
An anonymous survey will show that 95% of customers are comfortable using and purchasing pre-paid cards after a month of using the system.,usability,maintainability,0.38885563611984253,"['maintainability', 'look & feel', 'security']",5,-2
The product shall retain the customer’s buying preferences and information.,usability,maintainability,0.477649986743927,"['maintainability', 'performance', 'look & feel']",5,-2
The product shall be easy for customers with novice skills on the  Internet to purchase and watch streaming movies.  Customers should be able to purchase and watch a pre-determined movie in under 3 minutes.,usability,maintainability,0.3605820834636688,"['maintainability', 'look & feel', 'security']",5,-2
The product shall use symbols and words that are naturally understandable by users familiar with websites,usability,maintainability,0.45179909467697144,"['maintainability', 'performance', 'look & feel']",5,-2
The website will use standard Internet conventions when interacting with the user.,usability,maintainability,0.5093047022819519,"['maintainability', 'look & feel', 'scalability']",5,-2
 Any interface between a user and the automated system shall have a maximum response time of 5 seconds  unless noted by an exception below.,performance,performance,0.3631097376346588,"['maintainability', 'performance', 'look & feel']",2,0.058177947998046875
 When purchasing a streaming movie or pre-paid card via credit card  the processing time should have a maximum response time of 15 seconds.,performance,performance,0.34260571002960205,"['maintainability', 'performance', 'look & feel']",2,0.04964184761047363
 When streaming a movie  the buffering time should take no longer than 10 seconds (plus any latency on the user’s connection.),performance,maintainability,0.43595102429389954,"['maintainability', 'look & feel', 'security']",5,-2
 While streaming a movie  buffering should only occur if there is latency in the user’s connection.,performance,maintainability,0.41173192858695984,"['maintainability', 'look & feel', 'security']",6,-2
 All credit card information will be secured on the server  and only accessible by authorized Izogn administrators.  Information will be encrypted in the database.,security,security,0.3471061587333679,"['maintainability', 'performance', 'security']",3,0.07386738061904907
 The website shall be available for use 24 hours per day  365 days per year.,availability,maintainability,0.5245965123176575,"['maintainability', 'scalability', 'look & feel']",10,-2
The website shall achieve 99.5% up time.,availability,maintainability,0.6180568337440491,"['maintainability', 'look & feel', 'scalability']",8,-2
 All movies shall be streamed on demand  at any time of the day.,availability,maintainability,0.42184120416641235,"['maintainability', 'look & feel', 'performance']",8,-2
The website shall continue to operate if the streaming server goes down.,fault tolerance,maintainability,0.44608205556869507,"['maintainability', 'look & feel', 'scalability']",10,-2
The website shall continue to operate if the payment gateway goes down.,fault tolerance,maintainability,0.49296557903289795,"['maintainability', 'look & feel', 'scalability']",10,-2
The streaming server will support 50 simultaneous streaming connections.,scalability,scalability,0.46729013323783875,"['maintainability', 'scalability', 'performance']",2,0.05994686484336853
The streaming server will support a maximum of 700 movies; new servers can be added to support more movies.,scalability,scalability,0.42334461212158203,"['maintainability', 'look & feel', 'scalability']",3,0.020946592092514038
 The server will support a maximum of 1 000 simultaneous users.,scalability,maintainability,0.5336712002754211,"['maintainability', 'performance', 'look & feel']",4,-2
 The website shall be capable of supporting 100 000 customers.,scalability,scalability,0.4627962112426758,"['maintainability', 'look & feel', 'scalability']",3,0.09414905309677124
The product shall be expected to operate within the maximum maintenance budget for a minimum of 2 years.,maintainability,maintainability,0.4488441050052643,"['maintainability', 'performance', 'look & feel']",1,-1
All aspects of the website shall be accessed by a web browser over the Internet.,operational,maintainability,0.4288084805011749,"['maintainability', 'look & feel', 'usability']",7,-2
The same hardware supporting the current website will be used to support the new system.,operational,look & feel,0.41317218542099,"['look & feel', 'security', 'scalability']",9,-2
 We must be able to interface with the following browsers: IE 5.X  6.0  Netscape 6.x  7.x  8.x and Firefox 1.0.,operational,maintainability,0.4676764905452728,"['maintainability', 'scalability', 'look & feel']",4,-2
Website must interface with the CyberSource API to process credit card transactions.,operational,maintainability,0.47087958455085754,"['maintainability', 'performance', 'scalability']",5,-2
Website must be fully operational with MSN TV2.,operational,maintainability,0.5712872743606567,"['maintainability', 'scalability', 'look & feel']",5,-2
Movies shall be encoded and streamed via Windows Media Player 9.0.,operational,maintainability,0.549719512462616,"['maintainability', 'scalability', 'performance']",4,-2
Movies shall be encoded for 56k and 256k streams.,operational,maintainability,0.49333351850509644,"['maintainability', 'performance', 'scalability']",4,-2
Promotional updates to the website should take a day to update.,maintainability,maintainability,0.42563575506210327,"['look & feel', 'maintainability', 'usability']",2,0.017896801233291626
Izogn Administrator must be able to update the category listings on the website within 2 minutes.,performance,maintainability,0.4089774489402771,"['maintainability', 'look & feel', 'scalability']",4,-2
Izogn Administrator must be able to add new products to the website within 2 minutes.,performance,maintainability,0.4043005406856537,"['maintainability', 'look & feel', 'scalability']",4,-2
The system will provide a 24 hour 800 toll free number for support to its customers.,availability,maintainability,0.4560180604457855,"['maintainability', 'look & feel', 'scalability']",10,-2
The website will provide a help section with answers and solutions to common problems.,usability,look & feel,0.43434634804725647,"['look & feel', 'maintainability', 'scalability']",5,-2
 Velkat staff will be available for phone support between 7am-7pm  M-F to provide technical support to the Izogn administrators.,availability,maintainability,0.46392256021499634,"['maintainability', 'performance', 'scalability']",9,-2
The product shall be able to be installed in the specified environment within 1 working day.,operational,maintainability,0.37881994247436523,"['maintainability', 'look & feel', 'performance']",7,-2
Only registered customers can purchase streaming movies.,security,maintainability,0.6040586829185486,"['maintainability', 'look & feel', 'scalability']",9,-2
 A customer can only stream a movie if they purchased it  and are within the 2 day viewing period.,security,maintainability,0.4085289239883423,"['maintainability', 'look & feel', 'scalability']",4,-2
Only authorized personnel can access customer records in the database.,security,maintainability,0.5173535943031311,"['maintainability', 'performance', 'look & feel']",9,-2
Only administrators can activate a pre-paid card.,security,maintainability,0.5226884484291077,"['maintainability', 'look & feel', 'scalability']",8,-2
Only authorized personnel can access sales information.,security,maintainability,0.606867253780365,"['maintainability', 'look & feel', 'scalability']",10,-2
The website shall prevent its data from being corrupted when incorrect data is entered in.,security,maintainability,0.47451573610305786,"['maintainability', 'look & feel', 'scalability']",5,-2
 The website shall protect itself from intentional abuse  and notify the administrator at all occurrences.,security,maintainability,0.4467778205871582,"['maintainability', 'performance', 'scalability']",8,-2
Data integrity scripts will be run on a weekly basis to verify the integrity of the database.,security,maintainability,0.3945474326610565,"['maintainability', 'performance', 'look & feel']",6,-2
 The website shall make its user aware of its information practices before collection data from them via a Privacy Policy  accessible on all pages of the website.,security,maintainability,0.4137866199016571,"['maintainability', 'usability', 'performance']",7,-2
The system shall notify customers of changes to its information policy.,security,maintainability,0.502923846244812,"['maintainability', 'look & feel', 'scalability']",7,-2
The system shall reveal private information only in compliance with the organization’s information policy.,security,maintainability,0.447102814912796,"['maintainability', 'performance', 'look & feel']",8,-2
 All customer information will be stored on a secure database  accessible only to authorized personnel.,security,maintainability,0.42864370346069336,"['maintainability', 'performance', 'look & feel']",6,-2
All credit card information will be encrypted in the database.,security,maintainability,0.44913801550865173,"['maintainability', 'look & feel', 'scalability']",7,-2
The streaming server will have anti-virus software to prevent infection of malicious viruses.,security,maintainability,0.412843257188797,"['maintainability', 'performance', 'look & feel']",6,-2
The website should cater to all tribes in Nigeria.,look & feel,maintainability,0.48888200521469116,"['maintainability', 'performance', 'scalability']",4,-2
The website shall not be offensive to religious or ethnic groups.,look & feel,look & feel,0.35790079832077026,"['maintainability', 'performance', 'look & feel']",3,0.06347587704658508
 The website should appeal to all Africans  not only Nigerians.,look & feel,maintainability,0.503583550453186,"['maintainability', 'performance', 'scalability']",5,-2
The website should use Flash to provide animation on the home page.,operational,look & feel,0.45634809136390686,"['look & feel', 'maintainability', 'scalability']",9,-2
IzognMovies shall meet the licensing requirements set forth by the appropriate organizations in order to stream African movies.,legal,maintainability,0.4149220883846283,"['maintainability', 'performance', 'scalability']",10,-2
The website will comply with W3C standards.,legal,maintainability,0.5489616990089417,"['maintainability', 'scalability', 'look & feel']",9,-2
The PHP code will comply with PEAR standards.,legal,maintainability,0.5702636241912842,"['maintainability', 'scalability', 'performance']",10,-2
Total lead cycle time must be completed in 5 minutes for 90% of lead volume between the business hours of 8AM CST to 8PM CST; then 3 minutes for 99% of lead volume during off business hours.,performance,performance,0.37689322233200073,"['maintainability', 'look & feel', 'performance']",3,0.04354751110076904
No lead evaluation will complete in a time period longer than 25 seconds for 97% of all leads processed.,performance,maintainability,0.5260608196258545,"['maintainability', 'scalability', 'look & feel']",4,-2
For leads that process longer than 25 seconds the system will record the event and duration,performance,maintainability,0.4296063780784607,"['maintainability', 'look & feel', 'security']",6,-2
The process must fit within the processing time conditions set forth by the Auto Rep Assignment process in which a lead is assigned within 3 minutes of the total life cycle.,performance,performance,0.3434596359729767,"['maintainability', 'performance', 'look & feel']",2,0.060933858156204224
The lead washing process will operate within the established physical web service structure.,operational,maintainability,0.5079652070999146,"['maintainability', 'performance', 'scalability']",6,-2
 The washing process must use a non binding  neutral data format  such as xml  when receiving and processing lead data.,operational,maintainability,0.4687647223472595,"['maintainability', 'performance', 'scalability']",4,-2
Defect reports will be available to technical units on a 24x7 basis.,availability,maintainability,0.4721302390098572,"['maintainability', 'look & feel', 'performance']",8,-2
Washing parameters will be updated during scheduled maintenance hours.,maintainability,maintainability,0.5852702260017395,"['maintainability', 'scalability', 'look & feel']",1,-1
The product shall simulate the look of ships at sea.,look & feel,maintainability,0.48170822858810425,"['maintainability', 'performance', 'usability']",5,-2
The product shall display the grids within a circle as a view from a periscope.,look & feel,maintainability,0.3911920487880707,"['maintainability', 'performance', 'usability']",4,-2
The product shall display each type of ship in a grid using an image of the specific type of ship.,look & feel,look & feel,0.29593485593795776,"['maintainability', 'look & feel', 'performance']",2,0.04504704475402832
 When the offensive player takes a shot  the product shall simulate the sound of a ship at sea.,look & feel,maintainability,0.3606276512145996,"['maintainability', 'performance', 'usability']",7,-2
 When a shot is marked as a miss  the product shall simulate the sound of a shot missing its target.,look & feel,maintainability,0.38284701108932495,"['maintainability', 'performance', 'usability']",5,-2
 When a shot is marked as a hit  the product shall simulate the sound of a shot hitting its target.,look & feel,maintainability,0.3937620520591736,"['maintainability', 'performance', 'usability']",5,-2
 When a ship is sunk  the product shall simulate the sound of a sinking ship.,look & feel,maintainability,0.364352285861969,"['maintainability', 'performance', 'usability']",8,-2
 The product shall be available 24 hours per day  seven days per week.,availability,maintainability,0.5115644931793213,"['maintainability', 'scalability', 'look & feel']",9,-2
The product shall able to handle a large number of games simultaneously.,performance,performance,0.3507435917854309,"['maintainability', 'look & feel', 'performance']",3,0.04886496067047119
The response time shall be fast enough to maintain the flow of the game.  The response time shall be no more than 2 seconds for 95% of responses and no more than 4% for the remaining responses.,performance,maintainability,0.4076739549636841,"['maintainability', 'look & feel', 'security']",6,-2
The product shall protect the identity of the players. The product shall provide players no access to information that might reveal the identity of another player.,performance,performance,0.36857089400291443,"['maintainability', 'performance', 'usability']",2,0.04793655872344971
The product shall be intuitive and self-explanatory.  Nine out ten users shall be able to successfully complete a game with no training.,usability,maintainability,0.4521309733390808,"['maintainability', 'performance', 'scalability']",5,-2
 The product shall be available to players who understand English  Spanish and French.  The product shall allow the user to select the language upon accessing the product.,usability,maintainability,0.40197882056236267,"['maintainability', 'performance', 'security']",4,-2
The product shall provide players no access to information that might reveal the identity of another player,security,maintainability,0.4181089401245117,"['maintainability', 'look & feel', 'performance']",5,-2
The response time shall be fast enough to maintain the flow of the game. The response time shall be no more than 2 seconds for 95% of responses and no more than 4% for the remaining responses.,performance,maintainability,0.4006466865539551,"['maintainability', 'look & feel', 'security']",6,-2
The system shall be easy to use by callers and supervisors. Callers and supervisors must be able to accomplish any system task within 2 minutes.,usability,maintainability,0.3857472836971283,"['maintainability', 'look & feel', 'scalability']",6,-2
The system shall be easy to learn by callers and supervisors. Callers and supervisors shall learn how to use the system within 10 minutes.,usability,maintainability,0.38061362504959106,"['maintainability', 'look & feel', 'performance']",6,-2
 The system shall be responsive. At the DePaul TeleServices Center  when a supervisor uses the system to view a callers schedule  the system response time must be no more than 2 seconds 90% of the time and no more than 5 seconds the rest of the time.,performance,performance,0.3421984016895294,"['maintainability', 'security', 'performance']",3,0.03190881013870239
 On a 56k connection  the system response time for all operations must be no more than 6 seconds 90% of the time.,performance,maintainability,0.4312290549278259,"['maintainability', 'look & feel', 'scalability']",6,-2
 On a 112k connection or faster  the system response time for all operations must be no more than 3 seconds 90% of the time.,performance,maintainability,0.4095379114151001,"['maintainability', 'look & feel', 'scalability']",7,-2
The system shall have high availability every day of the year.The system must be available for use between 12:00AM and 6:00PM all days of the year.,availability,maintainability,0.43301549553871155,"['maintainability', 'look & feel', 'security']",10,-2
The system must be available for use between 7:00AM and 11:59PM all days of the year.,availability,maintainability,0.4384028911590576,"['maintainability', 'look & feel', 'scalability']",10,-2
The product shall be internet browser independent.The product must run using Internet Explorer and Netscape Navigator.,maintainability,maintainability,0.4892093539237976,"['maintainability', 'scalability', 'performance']",1,-1
The product shall ensure that only supervisors can advertise empty time slots.The product must ensure that supervisors are allowed to access advertise empty time slots.,security,maintainability,0.43514734506607056,"['maintainability', 'performance', 'usability']",7,-2
The product shall ensure that only supervisors can enter a caller’s schedule.The product must ensure that supervisors are allowed to access advertise empty time slots.,security,maintainability,0.4319923222064972,"['maintainability', 'scalability', 'usability']",6,-2
The product shall ensure that only supervisors can view schedule of all callers.The product must ensure that supervisors are allowed to access advertise empty time slots.,security,maintainability,0.4282797574996948,"['maintainability', 'usability', 'look & feel']",6,-2
 The interface shall have a simple look. In the interface and usability survey  90% of beta testers must report that the interface is adequately simple.,look & feel,look & feel,0.3676634430885315,"['maintainability', 'look & feel', 'usability']",2,0.052343666553497314
 The interface shall be appealing to callers and supervisors. In the interface and usability survey  80% of beta testers must report that the interface is appealing.,look & feel,maintainability,0.3927169144153595,"['maintainability', 'performance', 'usability']",4,-2
The product shall provide GUI based Monitoring Services.System Administrators shall monitor message exchanges will predict and determine problems and will also provide internal and external support.,look & feel,maintainability,0.44384995102882385,"['maintainability', 'performance', 'scalability']",7,-2
The product shall comply with City of Chicago Application Development Guide Framework.Application Development Framework will provide structured Graphical User Interface.,look & feel,maintainability,0.4438803791999817,"['maintainability', 'performance', 'operational']",9,-2
The product shall provide Monitoring Services.The product shall be easy for System Administrators and DBAs to use after two weeks of usage.,usability,maintainability,0.4451492428779602,"['maintainability', 'look & feel', 'scalability']",5,-2
The product shall provide Error Tracking Services.The product shall help the System Administrators and DBAs to resolve transaction errors 99% of the time.,usability,usability,0.36076608300209045,"['maintainability', 'performance', 'usability']",3,0.07698017358779907
The product shall provide Portals.The product shall help System Administrators to analyze the transactions with ad-hoc reporting and KPIs (Key Performance Indicators),usability,maintainability,0.45279374718666077,"['maintainability', 'performance', 'operational']",6,-2
The product shall provide Asynchronous Messaging.The product shall provide asynchronous messaging to enable parallel processing and reduce the overhead in communications,performance,performance,0.37897616624832153,"['maintainability', 'performance', 'scalability']",2,0.07872021198272705
The product shall provide Multi-threading and Load Balancing.The product shall provide multi-threading technology as well as load balancing to overcome data load spikes and traffic.,performance,performance,0.3609287738800049,"['maintainability', 'performance', 'usability']",2,0.0702790915966034
The product shall process messages within 2 seconds.The product shall have a maximum message processing time of 2 seconds,performance,maintainability,0.46108901500701904,"['maintainability', 'look & feel', 'scalability']",4,-2
The product shall poll the system for messages every second.The product shall poll the system for new messages at a maximum of every 1 second.,performance,maintainability,0.44617629051208496,"['maintainability', 'look & feel', 'scalability']",6,-2
The product shall provide Dynamic Change Support and Transparent resource addition.The product shall support Transparent Resource addition and Dynamic Change support to provide scalability and avoid service interruptions of more than 1 day.,performance,performance,0.3647041916847229,"['maintainability', 'performance', 'operational']",2,0.06032261252403259
The product shall be available 99% of the time. Rationale: To avoid service interruption during busiest customer service response periods. The product shall be available 99.99% of the time for regular business days.,availability,maintainability,0.4530394971370697,"['maintainability', 'performance', 'usability']",9,-2
The product shall be robust.The product shall have fault avoidance based on standards adoption.,fault tolerance,maintainability,0.467185914516449,"['maintainability', 'performance', 'scalability']",6,-2
The product shall be robust with fault tolerance.The product shall have fault tolerance by using recovery technique compensatory transaction and routing around failures.,fault tolerance,maintainability,0.44321754574775696,"['maintainability', 'performance', 'scalability']",6,-2
The product shall be able to process all transactions.The product shall process minimum of 1 million transactions per year.,scalability,scalability,0.4076788127422333,"['maintainability', 'performance', 'scalability']",3,0.06495717167854309
The product shall be platform independent.The product shall enable access to any type of development environment and platform.,operational,maintainability,0.4395527243614197,"['maintainability', 'look & feel', 'performance']",6,-2
The product shall interface CSR and Datastream.The product shall exchange messages between CSR and EAM on a real time basis without any direct interfaces between two systems.,operational,maintainability,0.4078477621078491,"['maintainability', 'performance', 'usability']",4,-2
 : The product shall continue to operate during upgrade  change or new resource addition.The product shall be able to continue to operate with no interruption in service due to new resource additions.,maintainability,maintainability,0.42673641443252563,"['maintainability', 'performance', 'security']",1,-1
The product shall be updated on a regular basis.The product will have a new major feature introduced every six months and quarterly maintenance releases every six months.,maintainability,maintainability,0.4260666072368622,"['maintainability', 'security', 'performance']",1,-1
The product shall operate with every platform.The product shall accommodate any new technology without any change in its architecture.,maintainability,maintainability,0.48616334795951843,"['maintainability', 'scalability', 'look & feel']",1,-1
 The product shall have security.The product shall provide authentication  and authorization.,security,maintainability,0.49645569920539856,"['maintainability', 'scalability', 'look & feel']",6,-2
The product shall information Security. The product shall enable privacy by encryption WS-Security and Integrity Checking.,security,maintainability,0.4781408905982971,"['maintainability', 'performance', 'scalability']",9,-2
The product shall have audit capabilities.The product shall store messages for a minimum of one year for audit and transaction tracking purposes.,security,maintainability,0.42110711336135864,"['maintainability', 'performance', 'usability']",6,-2
The system shall use IBM and CCR branding standards. The interface must have one IBM logo and one CCR logo.,look & feel,maintainability,0.45560339093208313,"['maintainability', 'performance', 'scalability']",5,-2
The system shall be displayable on any work computer a CCR user may have. The system interface shall be formatted to display at 800 by 600 pixel resolution.,look & feel,look & feel,0.3901105225086212,"['maintainability', 'look & feel', 'scalability']",2,0.038078874349594116
The system interface will use CCR nomenclature. The system must use the same nomenclature used in the existing WCS system and reports,look & feel,look & feel,0.40003299713134766,"['maintainability', 'look & feel', 'performance']",2,0.044159263372421265
The interface must summarize the data in a fashion that’s appealing to CCR management. Every report type must have at least one high level summary shown in the results dashboard/interface,look & feel,maintainability,0.44443410634994507,"['maintainability', 'performance', 'scalability']",4,-2
The system must use a point and click interface. 100% of all selection and navigation functionality must be able to be activated/selected by either a mouse or a keyboard,usability,look & feel,0.3850092887878418,"['look & feel', 'maintainability', 'security']",4,-2
The interface shall be easy to use. 90% of users should be able to successfully use the system to generate a report on their first use. The interface should adhere to IBM usability standards.,usability,maintainability,0.3795589804649353,"['maintainability', 'look & feel', 'security']",6,-2
Rreports must be easy to generate. eports must be generated within one button click and exported within one button click (after selecting the report),usability,maintainability,0.4096657633781433,"['maintainability', 'performance', 'operational']",7,-2
A user shall be able to use the system without instruction after a short amount of time. After one use a user should understand and remember 90% of the system usage and navigation.,usability,look & feel,0.3705015182495117,"['look & feel', 'maintainability', 'security']",4,-2
All CCR users shall receive training before the WCS system is deployed. One training session will be held for 100% of CCR users before system deployment (based on a CCR user being available),usability,usability,0.3647846281528473,"['maintainability', 'performance', 'usability']",3,0.07350948452949524
The WCS system shall use appropriate nomenclature and terminology as defined by the Corporate Community Grants organization. All interfaces and reports will undergo usability tests by CCR users.,usability,maintainability,0.433294415473938,"['maintainability', 'performance', 'operational']",5,-2
The WCS system shall be available at all times as long as IBM’s internal intranet W3 is accessible. The WCS system will be available 95% of the time IBM’s internal intranet W3 is available.,availability,maintainability,0.4126631021499634,"['maintainability', 'scalability', 'usability']",10,-2
The WCS system shall have the ability to connect other designated WCS databases currently not included in the system.,scalability,maintainability,0.41727373003959656,"['maintainability', 'look & feel', 'performance']",5,-2
The WCS system shall have the ability to include data for regions outside the United States and be accessed by users outside of the United States if approved by CCR management.,scalability,maintainability,0.36675238609313965,"['maintainability', 'performance', 'usability']",5,-2
The WCS system shall be run in a Windows environment. The WCS shall be accessed by users through the Internet on an IBM computer running a Windows 2000 or above operating system.,operational,maintainability,0.4126867949962616,"['maintainability', 'performance', 'usability']",7,-2
The Brio portion of the WCS system must be able to export files in spreadsheet form (Microsoft Excel and Lotus 1-2-3 formats).  Brio will provide buttons in the user interface that produce/export reports in .xls or .123 file formats.,operational,maintainability,0.3950740098953247,"['maintainability', 'performance', 'scalability']",4,-2
The WCS system must run queries to the WCS databases once again (on a specified day) to update the available data available to CCR users. Queries must be made to external databases for data refresh once a week.,maintainability,maintainability,0.41081035137176514,"['maintainability', 'look & feel', 'performance']",1,-1
 All changes  updates  and additions to the WCS system shall be updated in the WCS Developer and WCS User Guides. Every change must be reflected in WCS system documentation,maintainability,maintainability,0.41702941060066223,"['maintainability', 'performance', 'security']",1,-1
The system shall only be accessed by authorized Corporate Community Grants (CCR) employees. Users must be authenticated using their IBM intranet user name and password.,security,maintainability,0.4426136612892151,"['maintainability', 'performance', 'scalability']",8,-2
The WCS system shall not allow automatic logins by any user. Cookies containing WCS login information about a user will not be stored on a user’s computer.,security,maintainability,0.4418875277042389,"['maintainability', 'performance', 'scalability']",6,-2
Each team owner will need to use a username and password in order to be authenticated to reach the team owner’s page,security,security,0.3524204194545746,"['maintainability', 'look & feel', 'security']",3,0.01753288507461548
The Commissioner will be the only authorized user per league to adjust league settings.,security,maintainability,0.4385809004306793,"['maintainability', 'performance', 'scalability']",6,-2
Each page shall contain a navigation menu which shows the index into which the current page is contained.,look & feel,look & feel,0.40019914507865906,"['maintainability', 'look & feel', 'scalability']",2,0.047968506813049316
Each page shall contain a similar format with action items in one location and navigation buttons in a different location.,look & feel,look & feel,0.3946060836315155,"['maintainability', 'look & feel', 'security']",2,0.017178833484649658
The message board shall contain the 5 most recently posted messages on the league page. The messages will contain up to the first 150 characters of the message.,look & feel,look & feel,0.3416399359703064,"['maintainability', 'security', 'look & feel']",3,0.023447394371032715
	A new user shall be able to navigate through the league and team pages within 30 seconds of reaching the start-up page.,usability,maintainability,0.40103012323379517,"['maintainability', 'look & feel', 'performance']",5,-2
 	Users shall be able to reach the ‘add’  ‘drop’  and ‘trade player’ pages with one click from the team owner’s page.,usability,maintainability,0.3984015882015228,"['maintainability', 'performance', 'operational']",6,-2
	Users shall be able to view at least 25 NFL player statistics and points on each page.,usability,maintainability,0.4116176664829254,"['maintainability', 'performance', 'look & feel']",6,-2
The application shall ask the user to confirm dropping a player or trading a player before performing the action.,usability,maintainability,0.34569114446640015,"['maintainability', 'performance', 'look & feel']",4,-2
The application shall be able to complete every user transaction within one fourth of a second of receiving the request over the network.,performance,performance,0.3281276226043701,"['maintainability', 'look & feel', 'performance']",3,0.04140734672546387
The application shall have a downtime of at most 10 minutes per year.,availability,maintainability,0.4213191270828247,"['maintainability', 'look & feel', 'scalability']",8,-2
The application shall run on a web application server.,operational,maintainability,0.4850817620754242,"['maintainability', 'look & feel', 'scalability']",7,-2
A primary database will be used to store cached data for active users.,operational,maintainability,0.5051929354667664,"['maintainability', 'look & feel', 'scalability']",8,-2
A secondary database will be used to store historical statistics and data.,operational,maintainability,0.4585103988647461,"['maintainability', 'look & feel', 'scalability']",8,-2
Application updates shall occur between 3AM and 6 AM CST on Wednesday morning during the middle of the NFL season.,maintainability,maintainability,0.4292168617248535,"['maintainability', 'performance', 'usability']",1,-1
New System version releases shall be released at the beginning of each NFL season.,maintainability,maintainability,0.43660473823547363,"['maintainability', 'performance', 'look & feel']",1,-1
 	The RFS system should be available 24/7  especially during the budgeting period. The RFS system shall be available 90% of the time all year  and 98% during the budgeting period. 2% of the time  the system will become available within 1 hour of the time that the situation is reported.,availability,maintainability,0.39992913603782654,"['maintainability', 'security', 'performance']",10,-2
98% of the user workstations shall meet the minimum hardware requirements prior to implementation. Minimum Hard Disk Space:  400MB.,operational,maintainability,0.4652705788612366,"['maintainability', 'performance', 'scalability']",4,-2
98% of the user workstations shall meet the minimum software requirements prior to implementation: Microsoft Internet Explorer 5.0. Microsoft .NET Framework 1.1. Microsoft Internet Explorer Web Controls,operational,maintainability,0.4917092025279999,"['maintainability', 'performance', 'scalability']",5,-2
 	The RFS system should be able to easily interface with the BDW environment  in order to load the data. •	7 data files shall be received from the BDW and loaded into the RFS system within 3 hours one day prior to the start of budgeting process  every year. The data will be as of October month-end. 	Test files (7) shall be loaded up to 5 times throughout the year  from the BDW.,operational,maintainability,0.3810245096683502,"['maintainability', 'performance', 'security']",7,-2
 	Changes to revenue and expense formulae must be applied to the RFS system  every year  prior to the budgeting process start. Revenue and expense formulae will be updated within one week of their receipt  after which 2 weeks will be allotted to testing of the budget calculations  to be conducted jointly by the project development team and PCG Finance.,maintainability,maintainability,0.3877231776714325,"['maintainability', 'performance', 'fault tolerance']",1,-1
 	New branches/complexes/districts/regions and revenue/expense accounts added to the BDW  must be reflected in the RFS system. 100% of the entities (mentioned above) available as of October month-end  will be loaded into the RFS system  prior to the budget start process.,maintainability,maintainability,0.3931080996990204,"['maintainability', 'performance', 'fault tolerance']",1,-1
 	Only authorized user shall access the RFS system. ONLY users that exist in the UAS system  with the RFS system assigned to their role(s)  shall access the RFS system and use it.,security,maintainability,0.41168856620788574,"['maintainability', 'performance', 'scalability']",6,-2
	User access should be limited to the permissions granted to their role(s) Each level in the PCG hierarchy will be assigned a role and users will be assigned to these roles. Access to functionality within RFS system is dependent on the privileges/permission assigned to the role..,security,maintainability,0.4015277922153473,"['maintainability', 'performance', 'fault tolerance']",4,-2
 	The product must comply with the intranet page standards and requirements of ENET Securities. 95% of the product look & feel will be approved by the Architecture group  prior to implementation. The remaining 5% will be corrected and approved within one month of product release.,look & feel,maintainability,0.4054994285106659,"['maintainability', 'performance', 'usability']",8,-2
 The intranet pages should display appropriately in all resolutions  from 800x600 and higher. The display of all the pages will be correct in 95% of the resolutions  prior to implementation. The remaining 5% will be corrected within a week of notification of the incorrect display.,look & feel,maintainability,0.3775995075702667,"['maintainability', 'performance', 'security']",5,-2
 	The users should be able to easily use the system to successfully complete their budgets  within the stipulated time for completion. With a week of training prior to product implementation  98% of the users shall complete their budgets within the stipulated time.,usability,usability,0.3274334669113159,"['maintainability', 'performance', 'usability']",3,0.057029932737350464
 	The product interface should be fast. The response time of the product interface should not exceed 2 seconds 90% of the time. For 10% of the time  the response time should not be more than 10 seconds.not be more than 10 seconds.,performance,maintainability,0.3812284469604492,"['maintainability', 'security', 'look & feel']",9,-2
