,precision,recall,f1-score,support
"accessibility, aesthetic, contextual, experience, satisfaction, HCI, UX, questionnaire, ease, ergonomics, designer, evaluate, multimodal, practitioner, prototyping, preference, personalization, suitability, focus, clarity, responsiveness, judgement, feel, or helpful",0.8181818181818182,0.40298507462686567,0.54,67.0
"vulnerability, security, protection, cybersecurity, assurance, countermeasure, threat, privacy, authentication, prevention, confidentiality, trusted, intrusion, compromise, safety, insecure, defensive, breach, proactive, tampering, penetration, policy, phishing, vulnerable, authorization, dependability, or certification",0.5714285714285714,0.47058823529411764,0.5161290322580646,17.0
"throughput, reliability, scalability, responsiveness, efficiency, workload, benchmark, latency, speed, improvement, accuracy, achieve, tuning, bottleneck, better, high, optimize, effectiveness, low, enhances, reducing, incresaed, quality, faster, or degrades",0.6338028169014085,0.7258064516129032,0.6766917293233083,62.0
"environmental, organizational, coordination, systemic, logistics, coordination, or automation",0.2463768115942029,0.8095238095238095,0.3777777777777778,21.0
"graphical, gui, ui, widget, interaction, habit, prefer, comfortable, friendly, feeling, experience, familiar, desire, customize, intent, disability, or impression",0.4583333333333333,0.5789473684210527,0.5116279069767442,38.0
"liability, litigation, jurisdiction, regulation, copyright, legislation, enforcement, governmental, directive,civil, right, patentability, claim, violate, infringement, counsel, holder, dispute, illegal, judicial, ruling, agreement, ownership, comply, authority, law, accountability, abuse, intellectual, obligation, invention, court, ethical, concern, or policy",0.42857142857142855,0.23076923076923078,0.3,13.0
"tolerance, failure, tolerant, byzantine, deadlock, exploiting, reliability, isolation, fault, guarantee, dependable, countermeasure, resilience, defensive, corruption, weakness, malfunction, robustness, or stability",0.3333333333333333,0.7619047619047619,0.463768115942029,21.0
"adaptability, effectiveness, agility, preventive, dependability, correcting, reuse, defect, mitigation, validated, resilience, achievable, remedy, assessing, or maintaining",0.8064516129032258,0.46296296296296297,0.5882352941176471,54.0
"flexibility, workload, efficiency, optimize, caching, improvement, robust, overhead, adaptability, scalable, or increased",0.6666666666666666,0.4,0.5,10.0
"reliability, dependability, resilience, flexibility, accountability, ensur, disruption, timely, or standby",0.9047619047619048,0.5757575757575758,0.7037037037037038,66.0
accuracy,0.5555555555555556,0.5555555555555556,0.5555555555555556,0.5555555555555556
macro avg,0.5867908297675893,0.5419245470873281,0.5177933560099275,369.0
weighted avg,0.67457883452481,0.5555555555555556,0.5721749466841785,369.0
