Requirement text,Gold label,Predicated label,ZSL score,Top-n recalled labels,Gold label position,Diff. sim scores
The system shall refresh the display every 60 seconds.,performance,performance,0.27594080567359924,"['operational', 'performance', 'scalability']",2,0.00994303822517395
The application shall match the color of the schema set forth by Department of Homeland Security,look & feel,look & feel,0.32421445846557617,"['maintainability', 'look & feel', 'availability']",2,0.04465174674987793
 If projected  the data must be readable.  On a 10x10 projection screen  90% of viewers must be able to read Event / Activity data from a viewing distance of 30,usability,usability,0.25248655676841736,"['performance', 'operational', 'usability']",3,0.056119948625564575
 The product shall be available during normal business hours. As long as the user has access to the client PC  the system will be available 99% of the time during the first six months of operation.,availability,operational,0.304684042930603,"['operational', 'usability', 'scalability']",4,-2
 If projected  the data must be understandable. On a 10x10 projection screen  90% of viewers must be able to determine that Events or Activities are occuring in current time from a viewing distance of 100,usability,usability,0.3494417071342468,"['usability', 'scalability', 'performance']",1,-1
The product shall ensure that it can only be accessed by authorized users.  The product will be able to distinguish between authorized and unauthorized users in all access attempts,security,security,0.38038572669029236,"['security', 'fault tolerance', 'maintainability']",1,-1
The product shall be intuitive and self-explanatory.  :  90% of new users shall be able to start the display of Events or Activities within 90 minutes of using the product.,usability,usability,0.42108145356178284,"['usability', 'availability', 'operational']",1,-1
The product shall respond fast to keep up-to-date data in the display.,performance,maintainability,0.4633723199367523,"['maintainability', 'usability', 'scalability']",7,-2
The look and feel of the system shall conform to the user interface standards of the smart device.,look & feel,maintainability,0.4448685050010681,"['maintainability', 'usability', 'security']",7,-2
 The user interface shall have standard menus  buttons for navigation,look & feel,scalability,0.3297700583934784,"['scalability', 'maintainability', 'usability']",8,-2
The system shall have a professional appearance,look & feel,maintainability,0.6786751747131348,"['maintainability', 'operational', 'usability']",9,-2
The product shall have a consistent color scheme and fonts.,look & feel,maintainability,0.5042716860771179,"['maintainability', 'scalability', 'usability']",4,-2
The system shall be used by realtors with no training.,usability,security,0.1949201375246048,"['security', 'operational', 'legal']",7,-2
The system shall be intuitive and self explanatory.,usability,usability,0.49788233637809753,"['maintainability', 'usability', 'availability']",2,0.04525884985923767
The product shall be easy for a realtor to learn.,usability,usability,0.4111801087856293,"['maintainability', 'usability', 'availability']",2,0.019027799367904663
The product shall use symbols and words that are naturally understandable by the realtor community.,usability,usability,0.32133662700653076,"['maintainability', 'usability', 'scalability']",2,0.08145171403884888
The product shall produce search results in an acceptable time,performance,availability,0.5002365708351135,"['availability', 'maintainability', 'usability']",9,-2
The search results shall be returned no later 30      seconds  after the user has entered the search criteria,performance,performance,0.1895637810230255,"['performance', 'operational', 'fault tolerance']",1,-1
The product shall generate a CMA report in an acceptable time.,performance,maintainability,0.4164075553417206,"['maintainability', 'operational', 'availability']",8,-2
The CMA report shall be returned no later 60 seconds after the user has entered the CMA report criteria.,performance,performance,0.29545798897743225,"['performance', 'operational', 'availability']",1,-1
The product shall synchronize contacts and appointments in an acceptable time.,performance,availability,0.3582972288131714,"['availability', 'security', 'scalability']",9,-2
The product shall synchronize with the office system every hour.,performance,operational,0.3480929732322693,"['operational', 'scalability', 'security']",8,-2
 The product shall be available for use 24 hours per day  365 days  per year,availability,operational,0.42483803629875183,"['operational', 'maintainability', 'usability']",4,-2
 Out of 1000 accesses to the system  the system is available 999 times.,availability,availability,0.25986868143081665,"['scalability', 'operational', 'availability']",3,0.11265179514884949
The product shall operate in offline mode whenever internet connection is unavailable.,fault tolerance,security,0.2773404121398926,"['security', 'availability', 'operational']",4,-2
 The product shall allow the user to view previously downloaded search results  CMA reports  and appointments.,fault tolerance,performance,0.28304749727249146,"['performance', 'look & feel', 'availability']",10,-2
The product shall retain user preferences in the event of a failure.,fault tolerance,fault tolerance,0.5550076365470886,"['maintainability', 'fault tolerance', 'availability']",2,0.02122265100479126
100% of saved user preferences shall be restored when system comes back online.,fault tolerance,usability,0.3283694386482239,"['usability', 'scalability', 'maintainability']",6,-2
The product shall be able to support multiple remote users,scalability,scalability,0.39571404457092285,"['availability', 'usability', 'scalability']",3,0.025516211986541748
The product shall be able support 1000 simultaneous users.,scalability,scalability,0.4421592354774475,"['scalability', 'operational', 'usability']",1,-1
The product shall be capable of handling the existing 1000 users. This number is expected to grow 5 times within the next year.,scalability,scalability,0.1887785792350769,"['scalability', 'usability', 'operational']",1,-1
The product shall be installed by an untrained realtor   without recourse to separately-printed instructions.,usability,security,0.18559738993644714,"['security', 'operational', 'maintainability']",4,-2
90% of untrained realtors shall be able to install the product on their device without printed instructions,usability,security,0.13058343529701233,"['security', 'scalability', 'operational']",4,-2
Only registered realtors shall be able to access the system.,security,security,0.23520660400390625,"['security', 'legal', 'operational']",1,-1
Every user of the system shall be authenticated and authorized.,security,maintainability,0.5009021759033203,"['maintainability', 'operational', 'usability']",6,-2
The product shall prevent its data from incorrect data being introduced.,security,security,0.5232117176055908,"['maintainability', 'security', 'fault tolerance']",2,0.009173929691314697
The system shall be easy to use by the Program Administrators/Nursing Staff Members.,usability,usability,0.5026828050613403,"['maintainability', 'usability', 'availability']",2,0.0032379627227783203
All of the users shall be able to use the system after one day of training.,usability,operational,0.32368895411491394,"['operational', 'performance', 'availability']",8,-2
The system shall help the user avoid making mistakes while scheduling classes and clinicals for the nursing students.,usability,fault tolerance,0.2513427436351776,"['fault tolerance', 'maintainability', 'security']",5,-2
The number of mistakes noted by the students shall be decreased by 50% in the first year.,usability,fault tolerance,0.17470046877861023,"['fault tolerance', 'performance', 'availability']",6,-2
The system shall be intuitive to the Program Administrators/Nursing Staff Members.,usability,usability,0.4148029386997223,"['maintainability', 'usability', 'availability']",2,0.0263444185256958
2 out of 3 Program Administrators/Nursing Staff Members shall successfully be able to use the system to manage the scheduling of classes and clinicals.,usability,operational,0.23009687662124634,"['operational', 'performance', 'scalability']",6,-2
The system shall use symbols and words that are naturally understandable by the user community.,usability,usability,0.3485090732574463,"['maintainability', 'fault tolerance', 'usability']",3,0.07227244973182678
The verbiage used within the system shall be consistent with Standard English and the terminology of the national Nursing Community.,usability,maintainability,0.41442152857780457,"['maintainability', 'fault tolerance', 'scalability']",5,-2
Staff members shall be able to complete a set of tasks in a timely manner.,performance,maintainability,0.6352203488349915,"['maintainability', 'usability', 'operational']",9,-2
The response time of general student management tasks shall take no longer than 5 seconds and the response time of schedule generation shall take no longer than 30 seconds.,performance,performance,0.1832468956708908,"['fault tolerance', 'performance', 'availability']",2,0.0009404420852661133
The system shall be available for use between the hours of 8am and 6pm.,availability,performance,0.2832176685333252,"['performance', 'look & feel', 'operational']",5,-2
The system shall achieve 95% up time.,availability,operational,0.3923156261444092,"['operational', 'scalability', 'look & feel']",6,-2
system shall be able to handle all of the user requests/usage during business hours.,scalability,scalability,0.31926196813583374,"['operational', 'scalability', 'security']",2,0.07453614473342896
The system shall cater to 10 simultaneous users from 9am to 5pm.,scalability,scalability,0.16828663647174835,"['look & feel', 'performance', 'scalability']",3,0.029224291443824768
The system shall be capable of processing 100% of nursing students and their classes for the next 10 years.,scalability,scalability,0.2214130163192749,"['scalability', 'operational', 'usability']",1,-1
The system shall be expected to manage the nursing program curriculum and class/clinical scheduling for a minimum of 5 years.,scalability,performance,0.13766367733478546,"['performance', 'operational', 'security']",9,-2
The system shall able to operate within a business office environment typical of the Nursing Department at DePaul University.,operational,operational,0.32361772656440735,"['operational', 'scalability', 'maintainability']",1,-1
The system shall be used within the specifications defined by the computers used by the Program Administrators/Nursing Staff Members.,operational,operational,0.32005974650382996,"['operational', 'maintainability', 'security']",1,-1
The system shall operate within the Windows XP Professional operating system.,operational,operational,0.46750009059906006,"['operational', 'maintainability', 'security']",1,-1
The system shall interface with CampusConnect’s central server,operational,operational,0.32833755016326904,"['security', 'operational', 'availability']",2,0.04688253998756409
The system shall interface with the faculty central server.,operational,operational,0.2680124342441559,"['security', 'availability', 'operational']",3,0.04185798764228821
The system shall interface with the student master server.,operational,operational,0.18551470339298248,"['security', 'performance', 'operational']",3,0.08482266962528229
We must be able to interface with any HTML browser.,operational,availability,0.30764883756637573,"['availability', 'scalability', 'usability']",6,-2
Only authorized users shall have access to clinical site information.,security,security,0.15924307703971863,"['fault tolerance', 'availability', 'security']",3,0.012172862887382507
Program Administrators/Nursing Staff Members are the only people who shall have access to clinical site details.,security,security,0.20341914892196655,"['maintainability', 'fault tolerance', 'security']",3,0.03948579728603363
Only authorized users shall have access to students’ personal information.,security,security,0.23447169363498688,"['security', 'availability', 'fault tolerance']",1,-1
Dr Susan Poslusny and Dr Julie Donalek are the only people who shall have access to students’ personal information.,security,security,0.22410929203033447,"['security', 'availability', 'look & feel']",1,-1
Only authorized users shall have access to the portion of the system that interfaces with CampusConnect.,security,security,0.3023141920566559,"['security', 'availability', 'fault tolerance']",1,-1
Fit Criterion: Dr Susan Poslusny and Karen Sysol are the only people who shall have access to the final class section scheduling for the system that interfaces with CampusConnect.,security,fault tolerance,0.27506569027900696,"['fault tolerance', 'availability', 'legal']",8,-2
The system shall have basic data integrity checking to reduce the possibility of incorrect or invalid data being introduced.,security,security,0.3986361622810364,"['maintainability', 'fault tolerance', 'security']",3,0.14675337076187134
The system shall protect private information in accordance with the organization’s information policy.,security,security,0.4801979959011078,"['security', 'maintainability', 'fault tolerance']",1,-1
The system shall be built such that it is as secure as possible from malicious interference.,security,security,0.537641167640686,"['maintainability', 'security', 'fault tolerance']",2,0.022939622402191162
The system shall use the organization’s standard virus protection software to help monitor threats to itself.,security,security,0.3712073862552643,"['security', 'fault tolerance', 'maintainability']",1,-1
The Disputes application shall comply with the corporate standards for user interface creation for internally and externally used applications.,look & feel,maintainability,0.47324511408805847,"['maintainability', 'fault tolerance', 'usability']",8,-2
All screens created as part of the Disputes application must comply with corporate standards for interface creation.,look & feel,maintainability,0.33718252182006836,"['maintainability', 'security', 'operational']",8,-2
The list of dispute cases that are displayed after a search is performed must be color coded for easy identification of dispute cases based upon the dispute case status.,usability,look & feel,0.21642735600471497,"['look & feel', 'maintainability', 'fault tolerance']",9,-2
100% of the cardmember and merchant services representatives shall use the Disputes application regularly after a 2-day training course.,usability,operational,0.15017756819725037,"['operational', 'legal', 'look & feel']",9,-2
100% of cardmember services representatives shall be able to successfully create a dispute case on the first encounter after completing the training course.,usability,operational,0.2870140075683594,"['operational', 'legal', 'maintainability']",5,-2
100% of merchant services representatives shall be able to successfully perform a follow up action on a dispute case on the first encounter after completing the training course.,usability,maintainability,0.2300560623407364,"['maintainability', 'operational', 'scalability']",5,-2
The maximum wait time for a user navigating from one screen to another within the Disputes application shall be no more than 5 seconds.,performance,performance,0.1496562957763672,"['performance', 'fault tolerance', 'legal']",1,-1
The Disputes application shall support 350 concurrent users without any degradation of performance in the application.,performance,fault tolerance,0.35166075825691223,"['fault tolerance', 'availability', 'usability']",7,-2
 The Disputes application shall be available 24x7x365  with the exception of the following scheduled maintenance windows.  Monday – Saturday 3:00am to 4:00am EST Sunday 1:00amd to 5:00am EST,operational,maintainability,0.2989473342895508,"['maintainability', 'fault tolerance', 'legal']",8,-2
The Disputes application shall interface with the Statement Database. The Statement Database provides the transaction details to the Disputes System. All transaction details must be obtained from the Statement Database,operational,maintainability,0.3133823573589325,"['maintainability', 'legal', 'look & feel']",4,-2
The Disputes application shall interface with the Cardmember Information Database.  The Cardmember Information Database provides detailed information with regard to a cardmember.  All cardmember detail information must be obtained from the Cardmember Information Database.,operational,legal,0.30920132994651794,"['legal', 'maintainability', 'look & feel']",7,-2
The Disputes applications shall interface with the Merchant Information Database.  The Merchant Information Database provides detailed information with regard to the merchant. All merchant detail information shall be obtained from the Merchant Information Database.,operational,legal,0.21647752821445465,"['legal', 'maintainability', 'security']",10,-2
The Disputes application shall interface with the Letters application.  This will allow the Disputes application to request letters as part of the dispute initiation and dispute follow up process. All letter requests must be sent to the Print Letter Utility application.,operational,look & feel,0.2871825695037842,"['look & feel', 'fault tolerance', 'legal']",6,-2
The Disputes application shall interface with the Cardmember Posting and Billing System.  This will allow the Disputes application to request adjustments to cardmember and merchant’s accounts. All adjustment requests must be sent to the Cardmember Posting and Billing System.,operational,fault tolerance,0.2189142107963562,"['fault tolerance', 'security', 'look & feel']",9,-2
The Disputes application shall ensure that only users with the appropriate access level are allowed to initiate dispute requests.,security,security,0.24657979607582092,"['fault tolerance', 'security', 'availability']",2,0.10661986470222473
Only users with Update access must be able to initiate dispute requests.,security,fault tolerance,0.28903502225875854,"['fault tolerance', 'availability', 'maintainability']",6,-2
The Disputes application shall ensure that only authorized users are allowed to logon to the application.,security,fault tolerance,0.3033503293991089,"['fault tolerance', 'look & feel', 'legal']",4,-2
 All authorized users  once authenticated must be able to logon to the Disputes System,security,look & feel,0.3039221167564392,"['look & feel', 'operational', 'fault tolerance']",8,-2
The Disputes System shall generate a User Report that details any new users that have been added and any changes to an existing user’s access level.  The report will be reviewed for auditing purposes.,security,security,0.2549059987068176,"['performance', 'fault tolerance', 'security']",3,0.058654189109802246
All additions of new users and modifications to user’s access shall be recorded on the User Report.,security,performance,0.31450074911117554,"['performance', 'look & feel', 'operational']",6,-2
 If a user account is revoked  it can only be re-instantiated by the System Administrator.,security,security,0.21572862565517426,"['fault tolerance', 'security', 'performance']",2,0.08553366363048553
Only the System Administrator shall be able to reset a revoked user logon account,security,fault tolerance,0.2706833481788635,"['fault tolerance', 'maintainability', 'operational']",4,-2
The Disputes application shall manipulate and view business data. Users will not have direct access to data files or databases.,security,security,0.22789844870567322,"['security', 'performance', 'legal']",1,-1
All updates to data files or database must be initiated from the Disputes System.,security,look & feel,0.28016936779022217,"['look & feel', 'operational', 'fault tolerance']",7,-2
The Disputes application must conform to the legal requirements as specified by the Merchant Operating Regulations.,legal,legal,0.4478357434272766,"['legal', 'maintainability', 'security']",1,-1
All business rules specified in the Disputes System shall be in compliance with the Merchant Operating Regulations.,legal,maintainability,0.33682432770729065,"['maintainability', 'fault tolerance', 'security']",4,-2
The Disputes application must conform to the legal requirements as specified by Regulation E and Regulation Z that govern credit card disputes processing.,legal,legal,0.4812794327735901,"['legal', 'maintainability', 'fault tolerance']",1,-1
All business rules specified in the Disputes System shall be in compliance to the guidelines of Regulation E and Regulation Z.,legal,maintainability,0.3606685400009155,"['maintainability', 'fault tolerance', 'operational']",4,-2
The Disputes application must maintain a detailed history of every action that a user takes on a dispute case.  This ensures a complete audit trail if questions arise later on with regard to a particular dispute case.,legal,maintainability,0.45581772923469543,"['maintainability', 'fault tolerance', 'operational']",8,-2
All actions that modify an existing dispute case must be recorded in the case history.,legal,legal,0.3673628270626068,"['legal', 'performance', 'look & feel']",1,-1
The product must support Internet Explorer 5.5 and above.,operational,usability,0.2025902271270752,"['usability', 'availability', 'fault tolerance']",8,-2
The product must support Mozilla Firefox 1.0 and above.,operational,operational,0.14207951724529266,"['scalability', 'usability', 'operational']",3,0.09633325040340424
The product shall interface with the Choice Parts System.  This provides the feed of recycled parts data.,operational,fault tolerance,0.28136688470840454,"['fault tolerance', 'maintainability', 'availability']",8,-2
The product shall run on the existing hardware for all environments.,operational,operational,0.41881462931632996,"['operational', 'scalability', 'usability']",1,-1
The product shall adhere to the corporate Architecture guidelines,operational,operational,0.3501536250114441,"['maintainability', 'operational', 'security']",2,0.16348057985305786
The product shall comply with corporate User Interface Guidelines,look & feel,maintainability,0.5038723945617676,"['maintainability', 'operational', 'usability']",7,-2
The product shall comply with corporate color scheme,look & feel,maintainability,0.488314688205719,"['maintainability', 'scalability', 'security']",6,-2
The appearance of the product shall appear professional,look & feel,maintainability,0.6801521182060242,"['maintainability', 'usability', 'operational']",9,-2
The product shall be easy to use by Adjusters and Collision Estimators.  95% of Adjusters and Collision Estimators shall find the product easy to use.,usability,usability,0.5100376605987549,"['usability', 'fault tolerance', 'maintainability']",1,-1
The product shall increase productivity of Collision Estimators. 80% of the Collision Estimators shall agree their productivity has increase within 1 month of using the product.,usability,usability,0.1857178658246994,"['scalability', 'usability', 'fault tolerance']",2,0.04614977538585663
Users shall feel satisfied using the product.  85% of all users will be satisfied with the product.,usability,usability,0.3502778708934784,"['fault tolerance', 'usability', 'maintainability']",2,0.004584819078445435
The product shall be easy to learn by Adjusters and Collision Estimators.  The product shall be learned with two days onsite training,usability,usability,0.3324781358242035,"['fault tolerance', 'usability', 'maintainability']",2,0.07010433077812195
The user shall easily locate instructions while using the product.  User help can be found within 90% of the system.,usability,usability,0.3738189935684204,"['operational', 'scalability', 'usability']",3,0.00798887014389038
The search for recycled parts shall take no longer than 15 seconds.  The search results shall be returned in under 15 seconds.,performance,legal,0.1761527955532074,"['legal', 'scalability', 'fault tolerance']",8,-2
The search for the preferred repair facility shall take no longer than 8 seconds.  The preferred repair facility is returned within 8 seconds,performance,fault tolerance,0.38203638792037964,"['fault tolerance', 'security', 'maintainability']",7,-2
The recycled parts audit report shall be returned to the user within 10 seconds.  The audit report shall be returned within 10 seconds.,performance,fault tolerance,0.2633735239505768,"['fault tolerance', 'maintainability', 'usability']",6,-2
The preferred repair facility ratings shall be saved within 5 seconds. The save shall occur within 5 seconds.,performance,fault tolerance,0.32806265354156494,"['fault tolerance', 'maintainability', 'usability']",5,-2
The product shall adhere to the corporate online availability schedule.  The application is brought down only within 98% of the scheduled outages per the availability schedule.,availability,fault tolerance,0.33929744362831116,"['fault tolerance', 'maintainability', 'usability']",4,-2
The product shall achieve a 98% uptime. The product shall not fail more than 2% of the available online time.,availability,availability,0.30175235867500305,"['scalability', 'usability', 'availability']",3,0.044208407402038574
The product shall be able to handle up to 1500 simultaneous users. The system shall perform with 1500 users as a time.,scalability,scalability,0.3635709285736084,"['scalability', 'operational', 'usability']",1,-1
 The average number of recycled parts records per day shall be 50 000.,scalability,fault tolerance,0.1678987592458725,"['fault tolerance', 'usability', 'legal']",6,-2
 The product shall be able to handle 10 000 concurrent users within 2 years of the initial launch.,scalability,scalability,0.18750521540641785,"['operational', 'look & feel', 'scalability']",3,0.007556363940238953
 For estimators  the product shall be able to be operated in a repair facility during dirty and noisy conditions.,operational,maintainability,0.44762668013572693,"['maintainability', 'fault tolerance', 'usability']",4,-2
The product shall interface with the ChoiceParts system once per day at approximately 1:00 AM.,operational,operational,0.28029510378837585,"['operational', 'look & feel', 'availability']",1,-1
The maintenance of the product will fall within the established corporate maintenance windows.,operational,operational,0.4660138189792633,"['maintainability', 'operational', 'security']",2,0.006773144006729126
The product shall be supported using the corporate support center.,operational,operational,0.37455254793167114,"['maintainability', 'operational', 'scalability']",2,0.07803186774253845
Product installations and upgrades shall be handled by the middleware technology team within established launch time frames.,operational,operational,0.334573358297348,"['operational', 'security', 'maintainability']",1,-1
Only adjusters can request recycled parts audit reports. No users without an adjuster role shall request recycled parts audits.,security,fault tolerance,0.3175232708454132,"['fault tolerance', 'maintainability', 'usability']",10,-2
Only adjusters with a supervisor role can update preferred repair facility ratings. Users without the supervisor role cannot access the repair facility ratings.,security,fault tolerance,0.3785668611526489,"['fault tolerance', 'maintainability', 'performance']",8,-2
Only collision estimators shall search for recycled parts.  Users without the collision estimator role shall not have access to the search for recycled parts.,security,fault tolerance,0.23980310559272766,"['fault tolerance', 'usability', 'maintainability']",8,-2
Only valid data shall be entered into the system.  No invalid data shall be entered into the system.,security,security,0.33217653632164,"['maintainability', 'security', 'fault tolerance']",2,0.0012698173522949219
One insurance company shall not be able to view another insurance companys claim data.,security,security,0.24701304733753204,"['security', 'legal', 'maintainability']",1,-1
The product shall free of computer viruses.,security,fault tolerance,0.4071718156337738,"['fault tolerance', 'usability', 'maintainability']",4,-2
The system shall prevent malicious attacks including denial of service.,security,security,0.4562796652317047,"['security', 'fault tolerance', 'maintainability']",1,-1
The product must comply with Sarbanes-Oxley.,legal,maintainability,0.5065121650695801,"['maintainability', 'scalability', 'usability']",9,-2
The product shall comply with the estimatics laws relating to recycled parts usage.,legal,maintainability,0.4758961498737335,"['maintainability', 'fault tolerance', 'usability']",7,-2
The product shall comply with insurance regulations regarding claims processing.,legal,maintainability,0.412740021944046,"['maintainability', 'operational', 'security']",8,-2
 The product must work with most database management systems (DBMS) on the market  whether the DBMS is colocated with the product on the same machine or is located on a different machine on the computer network.,operational,scalability,0.2520730495452881,"['scalability', 'fault tolerance', 'usability']",6,-2
The product will function alongside server software on any operating system where the Java runtime can be installed.,operational,operational,0.2602623999118805,"['maintainability', 'availability', 'operational']",3,0.01828739047050476
The product will require collaboration with a database management system (DBMS).  The DBMS may be located on the same machine as the product or on a separate machine residing on the same computer network.,operational,scalability,0.2512716054916382,"['scalability', 'security', 'maintainability']",8,-2
 The product must make use of web/application server technology.  Open source examples include Apache web server  Tomcat  and the JBoss application server.,operational,maintainability,0.3088945746421814,"['maintainability', 'usability', 'security']",6,-2
 A database management system such as Oracle  DB2  MySql or HSQL will need to be integrated with the product.,operational,operational,0.2714901566505432,"['scalability', 'maintainability', 'operational']",3,0.02516302466392517
 The product’s Look and Feel shall be able to incorporate aspects of the customer’s organization such as logo  branding  and identity,look & feel,look & feel,0.32637688517570496,"['maintainability', 'look & feel', 'security']",2,0.06301894783973694
The product shall have a conservative and professional appearance.,look & feel,maintainability,0.5796205997467041,"['maintainability', 'fault tolerance', 'usability']",8,-2
The product shall make the users want to use it. 80% of the users surveyed report they are regularly using the product after the first 2 weeks post-launch.,usability,look & feel,0.19726544618606567,"['look & feel', 'operational', 'fault tolerance']",4,-2
The product shall be easy to use. 90% of users will be able to successfully reserve a conference room within 5 minutes of product use.,usability,usability,0.3075997233390808,"['usability', 'availability', 'scalability']",1,-1
The product shall give users feedback when necessary. 80% of the users surveyed report that the product accurately confirms their actions.,usability,usability,0.3867763876914978,"['fault tolerance', 'maintainability', 'usability']",3,0.03253817558288574
The product shall allow the user to select a chosen language from one of the target market countries.,usability,look & feel,0.2613236904144287,"['look & feel', 'fault tolerance', 'availability']",9,-2
The product shall allow for customization of start page and views preferences.,usability,look & feel,0.37602749466896057,"['look & feel', 'availability', 'performance']",4,-2
 An employee will be able to successfully use the product within a few minutes.  After informally navigating the product for less than 15 minutes  users shall be able to successfully setup meetings and reserve conference rooms.,usability,usability,0.2165924310684204,"['availability', 'usability', 'operational']",2,0.012109369039535522
The product shall use a standard navigation menu familiar to most web users.,usability,availability,0.3332657516002655,"['availability', 'scalability', 'maintainability']",4,-2
The product shall allow for intuitive searching of available conference rooms.,usability,usability,0.4080197513103485,"['scalability', 'usability', 'security']",2,0.010118335485458374
The product shall conform to the Americans with Disabilities Act.,usability,usability,0.36793771386146545,"['maintainability', 'usability', 'scalability']",2,0.059338778257369995
The response shall be fast enough to avoid interrupting the user’s flow of thought.  90% of tasks shall complete within 5 seconds.  98% of tasks shall complete within 8 seconds.,performance,fault tolerance,0.38995397090911865,"['fault tolerance', 'usability', 'maintainability']",8,-2
 Aside from server failure  the software product shall achieve 99.99% up time.,availability,usability,0.3406706154346466,"['usability', 'scalability', 'fault tolerance']",5,-2
The product shall create an exception log of problems encountered within the product for transmission to our company for analysis and resolution.,fault tolerance,fault tolerance,0.38071152567863464,"['fault tolerance', 'maintainability', 'security']",1,-1
 The product shall be capable of handling up to 1 000 concurrent requests.  This number will increase to 2 000 by Release 2.  The concurrency capacity must be able to handle peak scheduling times such as early morning and late afternoon hours.,scalability,scalability,0.4046372175216675,"['scalability', 'operational', 'usability']",1,-1
 The product shall be able to process 10 000 transactions per hour within two years of its launch.  This number will increase to 20 000 by Release 2.,scalability,scalability,0.11329467594623566,"['look & feel', 'scalability', 'operational']",2,0.02236504852771759
The product shall be expected to operate for at least 5 years for each customer installation.,scalability,operational,0.20841167867183685,"['operational', 'performance', 'look & feel']",10,-2
The product shall be used in office environments.,operational,operational,0.418362021446228,"['operational', 'security', 'scalability']",1,-1
The product must be able to interface with any HTML browser.  The product shall transmit data between the user and the product without problems. The product shall display HTML properly in 80% of all HTML browsers tested (minimum is to test 8 browsers).,operational,fault tolerance,0.33034828305244446,"['fault tolerance', 'usability', 'maintainability']",6,-2
The product must be able to interface with various database management systems. The product shall communicate successfully with the database management system on 100% of all transactions.,operational,operational,0.33705705404281616,"['scalability', 'operational', 'usability']",2,0.07083767652511597
The product must be able to interface with various email servers. The product shall be able to send email.,operational,operational,0.2139662206172943,"['security', 'operational', 'maintainability']",2,0.05412071943283081
The product shall be available for distribution via the Internet as a binary or ZIP file.,operational,availability,0.2877243757247925,"['availability', 'look & feel', 'usability']",5,-2
The product shall be available for distribution as a packaged CD.,operational,availability,0.299299955368042,"['availability', 'look & feel', 'usability']",6,-2
 The product will be available for licensing as a one-server  two-five servers  or five-or-more servers license.,operational,performance,0.24237264692783356,"['performance', 'availability', 'usability']",8,-2
A new user must be able to be added to the system within 10 minutes.  90% of new users are able to log into the system within 10 minutes.,usability,scalability,0.22080309689044952,"['scalability', 'operational', 'security']",5,-2
The product must be designed using Design Patterns and coding best practices.  90% of maintenance software developers are able to integrate new functionality into the product with 2 working days.,maintainability,maintainability,0.2296755313873291,"['fault tolerance', 'operational', 'maintainability']",3,0.02256566286087036
The product must be highly configurable for use with various database management systems for the end users.  80% of end users are able to integrate new database management systems with the product without changing the product’s software code.,maintainability,scalability,0.3433610200881958,"['scalability', 'usability', 'security']",5,-2
Maintenance releases will be offered to customers once a year.  The releases shall take no longer than 5 minutes for 80% of the customer base to install.,maintainability,maintainability,0.12554161250591278,"['fault tolerance', 'maintainability', 'operational']",2,0.07222405076026917
Every registered user will have access to the product’s support site via the Internet.  70% of registered users shall find a solution to their problem within 5 minutes of using the support site.,usability,usability,0.12702037394046783,"['fault tolerance', 'availability', 'usability']",3,0.028972938656806946
The customer shall be able to easily integrate new building maps with the product throughout the product’s lifecycle.  Integration of new maps with the product shall be possible with little to no support from product support staff.,maintainability,maintainability,0.2056621015071869,"['security', 'usability', 'maintainability']",3,0.029360860586166382
 The product shall be translated into foreign languages other than the target market countries’ languages in future releases.  For each emerging target market  it shall take no more than 5 days to configure the product for that market’s language.,usability,legal,0.13518014550209045,"['legal', 'fault tolerance', 'security']",6,-2
 The product is expected to integrate with multiple database management systems.  The product will operate with Oracle  SQL Server  DB2  MySQL  HSQL  and MS Access.,operational,operational,0.2903243601322174,"['scalability', 'operational', 'look & feel']",2,0.0008974075317382812
The product shall be able to be installed in any operating environment within 2 days.,operational,operational,0.36337268352508545,"['operational', 'usability', 'availability']",1,-1
The product shall ensure that only company employees or external users with company-approved user IDs may have product access.  100% of all logons shall be by either company employees or external users with company-approved user IDs.,security,security,0.21505574882030487,"['fault tolerance', 'maintainability', 'security']",3,0.05931521952152252
Only managers are able to perform search queries for reservations by user.  100% of all search queries for reservations by user shall be from logons of only management logons.,security,security,0.1502068042755127,"['fault tolerance', 'security', 'scalability']",2,0.01805146038532257
The product shall ensure that the database’s data corresponds to the data entered by the user.  Each conference room reservation in the system will contain the same information as was entered by the user.,security,security,0.3075762391090393,"['security', 'maintainability', 'availability']",1,-1
The product shall prevent the input of malicious data.  The product and/or adjacent hardware/software systems’ data shall remain 100% uncorrupted each time malicious data is input into the product.,security,fault tolerance,0.41308778524398804,"['fault tolerance', 'maintainability', 'usability']",5,-2
The product and/or dependent databases/filesystems shall remain operational as a result of the input of malicious data.  The product and/or dependent databases/filesystems shall not crash 100% of the time that malicious data is input into the product.,fault tolerance,fault tolerance,0.42491427063941956,"['maintainability', 'fault tolerance', 'usability']",2,0.06267711520195007
The product shall have the ability to receive automatic software updates as new threats emerge.  100% of customers will be able to receive automatic software updates transmitted to the installed product.,security,usability,0.34469351172447205,"['usability', 'maintainability', 'fault tolerance']",7,-2
The language of the product shall accommodate all of the target market countries. 90% of survey respondents from each target market country will find that the language of the product is acceptable.,scalability,scalability,0.28520551323890686,"['fault tolerance', 'usability', 'scalability']",3,0.013256430625915527
The product shall be able to display calendar dates and times according to the user’s locale.  90% of survey respondents from each target market country will find that the date and time formatting of the product is correct.,usability,usability,0.29684513807296753,"['usability', 'availability', 'maintainability']",1,-1
The product must be developed with the J2SE/J2EE programming language libraries,operational,maintainability,0.21665024757385254,"['maintainability', 'fault tolerance', 'availability']",8,-2
Recreation of Inventory Quantity Adjustment for the period of previous 30 days shall take no more than 30min.,performance,performance,0.19856077432632446,"['operational', 'fault tolerance', 'performance']",3,0.019494086503982544
The System shall allow for a minimum of  6 users to work at the same time.,performance,maintainability,0.3778529763221741,"['maintainability', 'operational', 'fault tolerance']",5,-2
The System shall utilize currently owned computer equipment.,operational,operational,0.45819416642189026,"['operational', 'maintainability', 'security']",1,-1
The System shall be able to automatically backup business data and restore them on demand.,operational,operational,0.2943305969238281,"['maintainability', 'operational', 'usability']",2,0.03586229681968689
The System shall maintain consistent security.  Any changes in user passwords and/or permissions should take affect in all parts of the System.,security,security,0.5467652082443237,"['security', 'maintainability', 'fault tolerance']",1,-1
The System shall granularly control access rights to all major subsystems.  It should be possible to assign access rights to all subsystems independently.,security,scalability,0.3852251172065735,"['scalability', 'maintainability', 'fault tolerance']",7,-2
The System shall meet all applicable accounting standards.  The final version of the System must successfully pass independent audit performed by a certified auditor.,legal,maintainability,0.4525526165962219,"['maintainability', 'fault tolerance', 'operational']",9,-2
The System shall not require additional third party licenses resulting in royalty fees.,operational,scalability,0.3144032955169678,"['scalability', 'maintainability', 'legal']",7,-2
Administrator shall be able to activate a pre-paid card via the Administration section in under 5 seconds.,performance,performance,0.1789841204881668,"['security', 'availability', 'performance']",3,0.016024470329284668
 Customer shall be able to check the status of their prepaid card  by entering in the PIN number  in under 5 seconds.,performance,security,0.14609725773334503,"['security', 'fault tolerance', 'maintainability']",6,-2
System shall let customers register on the website as a “pay as you go” user in under 5 minutes.,performance,performance,0.14717872440814972,"['performance', 'fault tolerance', 'look & feel']",1,-1
System shall let customers register on the website as a “unlimited movie subscriber” user in under 10 minutes.,performance,performance,0.18100999295711517,"['look & feel', 'availability', 'performance']",3,0.009007200598716736
System shall let existing customers log into the website with their email address and password in under 5 seconds.,performance,performance,0.035314712673425674,"['security', 'fault tolerance', 'performance']",3,0.08128384128212929
 System shall let customers cancel their account  process shall take no longer than 2 minutes.  Database will mark the account as inactive  and user will not be able to log into the website.,performance,performance,0.04703295975923538,"['fault tolerance', 'security', 'performance']",3,0.049976080656051636
System shall let administrator de-activate a customer account in under 1 minute. Customer will no longer be able to access the website.,performance,performance,0.0836649239063263,"['security', 'operational', 'performance']",3,0.0728733092546463
System shall let administrator add/remove movies on the website in under 5 minutes.  Entered movie information will be stored in the database and will now be available on the website.,performance,performance,0.14518135786056519,"['fault tolerance', 'performance', 'look & feel']",2,0.022238105535507202
System shall let the administrator add/remove categories on the website in under 5 minutes.,performance,performance,0.13638049364089966,"['fault tolerance', 'performance', 'security']",2,0.11477723717689514
System shall let Izogn Manager access sales and usage statistics in under 2 minutes.,performance,operational,0.1484883725643158,"['operational', 'look & feel', 'fault tolerance']",5,-2
System shall let administrators generate unique pre-paid pins in under 2 minutes and generate an Excel file with the generated PINs.,performance,fault tolerance,0.18657734990119934,"['fault tolerance', 'look & feel', 'operational']",4,-2
The website shall be attractive to all audiences.  The website shall appear to be fun and the colors should be bright and vibrant.,look & feel,usability,0.3760475814342499,"['usability', 'availability', 'maintainability']",5,-2
 The website should have an African feel  but should not alienate non-Africans.  The website should use animation on pages which are describing the services  to grab the users attention and encourage them to sign up.,look & feel,look & feel,0.1869160234928131,"['maintainability', 'fault tolerance', 'look & feel']",3,0.03710748255252838
 The website design should be modern  clean  and concise.,look & feel,maintainability,0.4437757432460785,"['maintainability', 'usability', 'scalability']",9,-2
The product should be able to be used by 90% of novice users on the Internet.,usability,security,0.1721169352531433,"['security', 'operational', 'fault tolerance']",4,-2
 Users should only have to navigate through a maximum of 4 pages  to create an account with the website.,usability,scalability,0.15069936215877533,"['scalability', 'security', 'operational']",6,-2
Users should be able to access their streaming movies in under 2 clicks after logging into the website.,usability,look & feel,0.14414633810520172,"['look & feel', 'fault tolerance', 'performance']",5,-2
An anonymous survey will show that 70% of customers are comfortable purchasing streaming movies after 2 weeks using the website.,usability,performance,0.04155661165714264,"['performance', 'look & feel', 'fault tolerance']",6,-2
An anonymous survey will show that 95% of customers are comfortable using and purchasing pre-paid cards after a month of using the system.,usability,fault tolerance,0.1079244539141655,"['fault tolerance', 'availability', 'security']",7,-2
The product shall retain the customer’s buying preferences and information.,usability,maintainability,0.445438414812088,"['maintainability', 'availability', 'fault tolerance']",5,-2
The product shall be easy for customers with novice skills on the  Internet to purchase and watch streaming movies.  Customers should be able to purchase and watch a pre-determined movie in under 3 minutes.,usability,usability,0.21726234257221222,"['availability', 'usability', 'fault tolerance']",2,0.018364444375038147
The product shall use symbols and words that are naturally understandable by users familiar with websites,usability,usability,0.34249579906463623,"['maintainability', 'usability', 'availability']",2,0.017674237489700317
The website will use standard Internet conventions when interacting with the user.,usability,security,0.38686156272888184,"['security', 'maintainability', 'availability']",5,-2
 Any interface between a user and the automated system shall have a maximum response time of 5 seconds  unless noted by an exception below.,performance,performance,0.2315906137228012,"['fault tolerance', 'performance', 'security']",2,0.1304355412721634
 When purchasing a streaming movie or pre-paid card via credit card  the processing time should have a maximum response time of 15 seconds.,performance,legal,0.12102720141410828,"['legal', 'fault tolerance', 'availability']",4,-2
 When streaming a movie  the buffering time should take no longer than 10 seconds (plus any latency on the user’s connection.),performance,fault tolerance,0.23032458126544952,"['fault tolerance', 'usability', 'security']",4,-2
 While streaming a movie  buffering should only occur if there is latency in the user’s connection.,performance,fault tolerance,0.29270821809768677,"['fault tolerance', 'security', 'availability']",5,-2
 All credit card information will be secured on the server  and only accessible by authorized Izogn administrators.  Information will be encrypted in the database.,security,security,0.3042554259300232,"['security', 'maintainability', 'scalability']",1,-1
 The website shall be available for use 24 hours per day  365 days per year.,availability,operational,0.35527175664901733,"['operational', 'maintainability', 'scalability']",4,-2
The website shall achieve 99.5% up time.,availability,availability,0.2003270983695984,"['scalability', 'availability', 'usability']",2,0.008148759603500366
 All movies shall be streamed on demand  at any time of the day.,availability,availability,0.25253549218177795,"['operational', 'availability', 'look & feel']",2,0.012304425239562988
The website shall continue to operate if the streaming server goes down.,fault tolerance,fault tolerance,0.28162887692451477,"['maintainability', 'fault tolerance', 'availability']",2,0.07119214534759521
The website shall continue to operate if the payment gateway goes down.,fault tolerance,fault tolerance,0.2938559055328369,"['maintainability', 'fault tolerance', 'availability']",2,0.098512202501297
The streaming server will support 50 simultaneous streaming connections.,scalability,scalability,0.14130978286266327,"['availability', 'scalability', 'look & feel']",2,0.09208832681179047
The streaming server will support a maximum of 700 movies; new servers can be added to support more movies.,scalability,scalability,0.22979635000228882,"['scalability', 'operational', 'performance']",1,-1
 The server will support a maximum of 1 000 simultaneous users.,scalability,scalability,0.36477553844451904,"['scalability', 'operational', 'availability']",1,-1
 The website shall be capable of supporting 100 000 customers.,scalability,scalability,0.3113035261631012,"['scalability', 'usability', 'operational']",1,-1
The product shall be expected to operate within the maximum maintenance budget for a minimum of 2 years.,maintainability,maintainability,0.3349764943122864,"['maintainability', 'operational', 'fault tolerance']",1,-1
All aspects of the website shall be accessed by a web browser over the Internet.,operational,availability,0.2015293836593628,"['availability', 'security', 'look & feel']",4,-2
The same hardware supporting the current website will be used to support the new system.,operational,usability,0.38045111298561096,"['usability', 'scalability', 'maintainability']",4,-2
 We must be able to interface with the following browsers: IE 5.X  6.0  Netscape 6.x  7.x  8.x and Firefox 1.0.,operational,maintainability,0.2139187455177307,"['maintainability', 'availability', 'usability']",7,-2
Website must interface with the CyberSource API to process credit card transactions.,operational,security,0.27318453788757324,"['security', 'legal', 'scalability']",4,-2
Website must be fully operational with MSN TV2.,operational,operational,0.42040297389030457,"['operational', 'scalability', 'usability']",1,-1
Movies shall be encoded and streamed via Windows Media Player 9.0.,operational,operational,0.16764478385448456,"['look & feel', 'operational', 'scalability']",2,0.036634936928749084
Movies shall be encoded for 56k and 256k streams.,operational,look & feel,0.1749969869852066,"['look & feel', 'scalability', 'legal']",9,-2
Promotional updates to the website should take a day to update.,maintainability,operational,0.22082912921905518,"['operational', 'security', 'performance']",6,-2
Izogn Administrator must be able to update the category listings on the website within 2 minutes.,performance,look & feel,0.17274515330791473,"['look & feel', 'operational', 'availability']",6,-2
Izogn Administrator must be able to add new products to the website within 2 minutes.,performance,security,0.10046976804733276,"['security', 'operational', 'usability']",5,-2
The system will provide a 24 hour 800 toll free number for support to its customers.,availability,availability,0.28242361545562744,"['availability', 'scalability', 'maintainability']",1,-1
The website will provide a help section with answers and solutions to common problems.,usability,fault tolerance,0.3203026056289673,"['fault tolerance', 'availability', 'maintainability']",4,-2
 Velkat staff will be available for phone support between 7am-7pm  M-F to provide technical support to the Izogn administrators.,availability,operational,0.2576739192008972,"['operational', 'security', 'maintainability']",8,-2
The product shall be able to be installed in the specified environment within 1 working day.,operational,operational,0.40627172589302063,"['operational', 'usability', 'scalability']",1,-1
Only registered customers can purchase streaming movies.,security,security,0.05582164600491524,"['availability', 'usability', 'security']",3,0.03487870469689369
 A customer can only stream a movie if they purchased it  and are within the 2 day viewing period.,security,availability,0.05276933312416077,"['availability', 'performance', 'fault tolerance']",7,-2
Only authorized personnel can access customer records in the database.,security,security,0.2687076926231384,"['security', 'operational', 'legal']",1,-1
Only administrators can activate a pre-paid card.,security,security,0.2316543161869049,"['security', 'availability', 'operational']",1,-1
Only authorized personnel can access sales information.,security,security,0.1891103833913803,"['availability', 'security', 'operational']",2,0.0029958337545394897
The website shall prevent its data from being corrupted when incorrect data is entered in.,security,security,0.36581742763519287,"['fault tolerance', 'security', 'maintainability']",2,0.00148850679397583
 The website shall protect itself from intentional abuse  and notify the administrator at all occurrences.,security,security,0.4699857532978058,"['security', 'maintainability', 'fault tolerance']",1,-1
Data integrity scripts will be run on a weekly basis to verify the integrity of the database.,security,maintainability,0.38724201917648315,"['maintainability', 'fault tolerance', 'operational']",6,-2
 The website shall make its user aware of its information practices before collection data from them via a Privacy Policy  accessible on all pages of the website.,security,security,0.4116279184818268,"['security', 'maintainability', 'fault tolerance']",1,-1
The system shall notify customers of changes to its information policy.,security,security,0.32500749826431274,"['security', 'performance', 'look & feel']",1,-1
The system shall reveal private information only in compliance with the organization’s information policy.,security,security,0.35065796971321106,"['security', 'maintainability', 'look & feel']",1,-1
 All customer information will be stored on a secure database  accessible only to authorized personnel.,security,security,0.3998667001724243,"['security', 'operational', 'maintainability']",1,-1
All credit card information will be encrypted in the database.,security,security,0.22596332430839539,"['security', 'scalability', 'operational']",1,-1
The streaming server will have anti-virus software to prevent infection of malicious viruses.,security,security,0.34661421179771423,"['security', 'fault tolerance', 'maintainability']",1,-1
The website should cater to all tribes in Nigeria.,look & feel,look & feel,0.17002224922180176,"['fault tolerance', 'availability', 'look & feel']",3,0.023505136370658875
The website shall not be offensive to religious or ethnic groups.,look & feel,maintainability,0.41232821345329285,"['maintainability', 'security', 'usability']",7,-2
 The website should appeal to all Africans  not only Nigerians.,look & feel,usability,0.28746873140335083,"['usability', 'scalability', 'availability']",5,-2
The website should use Flash to provide animation on the home page.,operational,usability,0.09548250585794449,"['usability', 'look & feel', 'fault tolerance']",7,-2
IzognMovies shall meet the licensing requirements set forth by the appropriate organizations in order to stream African movies.,legal,maintainability,0.22797611355781555,"['maintainability', 'usability', 'look & feel']",6,-2
The website will comply with W3C standards.,legal,maintainability,0.5830740928649902,"['maintainability', 'usability', 'scalability']",9,-2
The PHP code will comply with PEAR standards.,legal,maintainability,0.4637491703033447,"['maintainability', 'fault tolerance', 'availability']",7,-2
Total lead cycle time must be completed in 5 minutes for 90% of lead volume between the business hours of 8AM CST to 8PM CST; then 3 minutes for 99% of lead volume during off business hours.,performance,fault tolerance,0.09633003175258636,"['fault tolerance', 'scalability', 'look & feel']",7,-2
No lead evaluation will complete in a time period longer than 25 seconds for 97% of all leads processed.,performance,performance,0.07769674062728882,"['fault tolerance', 'usability', 'performance']",3,0.008766718208789825
For leads that process longer than 25 seconds the system will record the event and duration,performance,performance,0.37260711193084717,"['performance', 'look & feel', 'scalability']",1,-1
The process must fit within the processing time conditions set forth by the Auto Rep Assignment process in which a lead is assigned within 3 minutes of the total life cycle.,performance,maintainability,0.296899676322937,"['maintainability', 'operational', 'usability']",6,-2
The lead washing process will operate within the established physical web service structure.,operational,scalability,0.28160595893859863,"['scalability', 'maintainability', 'look & feel']",4,-2
 The washing process must use a non binding  neutral data format  such as xml  when receiving and processing lead data.,operational,maintainability,0.21741381287574768,"['maintainability', 'fault tolerance', 'security']",9,-2
Defect reports will be available to technical units on a 24x7 basis.,availability,maintainability,0.33325105905532837,"['maintainability', 'operational', 'fault tolerance']",8,-2
Washing parameters will be updated during scheduled maintenance hours.,maintainability,maintainability,0.37776118516921997,"['maintainability', 'operational', 'performance']",1,-1
The product shall simulate the look of ships at sea.,look & feel,look & feel,0.3075968623161316,"['look & feel', 'security', 'maintainability']",1,-1
The product shall display the grids within a circle as a view from a periscope.,look & feel,look & feel,0.3168841004371643,"['look & feel', 'performance', 'operational']",1,-1
The product shall display each type of ship in a grid using an image of the specific type of ship.,look & feel,look & feel,0.20660725235939026,"['operational', 'look & feel', 'scalability']",2,0.008028119802474976
 When the offensive player takes a shot  the product shall simulate the sound of a ship at sea.,look & feel,look & feel,0.2706901729106903,"['look & feel', 'fault tolerance', 'performance']",1,-1
 When a shot is marked as a miss  the product shall simulate the sound of a shot missing its target.,look & feel,fault tolerance,0.4535430073738098,"['fault tolerance', 'maintainability', 'performance']",5,-2
 When a shot is marked as a hit  the product shall simulate the sound of a shot hitting its target.,look & feel,look & feel,0.35811445116996765,"['fault tolerance', 'look & feel', 'performance']",2,0.005497664213180542
 When a ship is sunk  the product shall simulate the sound of a sinking ship.,look & feel,look & feel,0.16099660098552704,"['fault tolerance', 'look & feel', 'maintainability']",2,0.11331607401371002
 The product shall be available 24 hours per day  seven days per week.,availability,operational,0.36741307377815247,"['operational', 'maintainability', 'look & feel']",5,-2
The product shall able to handle a large number of games simultaneously.,performance,scalability,0.4149407148361206,"['scalability', 'availability', 'usability']",6,-2
The response time shall be fast enough to maintain the flow of the game.  The response time shall be no more than 2 seconds for 95% of responses and no more than 4% for the remaining responses.,performance,fault tolerance,0.32793474197387695,"['fault tolerance', 'maintainability', 'usability']",9,-2
The product shall protect the identity of the players. The product shall provide players no access to information that might reveal the identity of another player.,performance,security,0.38937050104141235,"['security', 'maintainability', 'fault tolerance']",9,-2
The product shall be intuitive and self-explanatory.  Nine out ten users shall be able to successfully complete a game with no training.,usability,usability,0.34282827377319336,"['usability', 'maintainability', 'fault tolerance']",1,-1
 The product shall be available to players who understand English  Spanish and French.  The product shall allow the user to select the language upon accessing the product.,usability,look & feel,0.21787481009960175,"['look & feel', 'fault tolerance', 'availability']",7,-2
The product shall provide players no access to information that might reveal the identity of another player,security,security,0.23155394196510315,"['security', 'maintainability', 'availability']",1,-1
The response time shall be fast enough to maintain the flow of the game. The response time shall be no more than 2 seconds for 95% of responses and no more than 4% for the remaining responses.,performance,fault tolerance,0.32793474197387695,"['fault tolerance', 'maintainability', 'usability']",9,-2
The system shall be easy to use by callers and supervisors. Callers and supervisors must be able to accomplish any system task within 2 minutes.,usability,usability,0.3732309639453888,"['usability', 'availability', 'maintainability']",1,-1
The system shall be easy to learn by callers and supervisors. Callers and supervisors shall learn how to use the system within 10 minutes.,usability,usability,0.27438583970069885,"['fault tolerance', 'usability', 'maintainability']",2,0.009932190179824829
 The system shall be responsive. At the DePaul TeleServices Center  when a supervisor uses the system to view a callers schedule  the system response time must be no more than 2 seconds 90% of the time and no more than 5 seconds the rest of the time.,performance,fault tolerance,0.24015231430530548,"['fault tolerance', 'operational', 'usability']",4,-2
 On a 56k connection  the system response time for all operations must be no more than 6 seconds 90% of the time.,performance,performance,0.1727125644683838,"['fault tolerance', 'scalability', 'performance']",3,0.024866729974746704
 On a 112k connection or faster  the system response time for all operations must be no more than 3 seconds 90% of the time.,performance,performance,0.18026012182235718,"['scalability', 'usability', 'performance']",3,0.10836032032966614
The system shall have high availability every day of the year.The system must be available for use between 12:00AM and 6:00PM all days of the year.,availability,availability,0.3311927616596222,"['operational', 'maintainability', 'availability']",3,0.03467056155204773
The system must be available for use between 7:00AM and 11:59PM all days of the year.,availability,operational,0.31508928537368774,"['operational', 'security', 'maintainability']",6,-2
The product shall be internet browser independent.The product must run using Internet Explorer and Netscape Navigator.,maintainability,maintainability,0.21053655445575714,"['maintainability', 'security', 'fault tolerance']",1,-1
The product shall ensure that only supervisors can advertise empty time slots.The product must ensure that supervisors are allowed to access advertise empty time slots.,security,security,0.20270827412605286,"['fault tolerance', 'maintainability', 'security']",3,0.16936838626861572
The product shall ensure that only supervisors can enter a caller’s schedule.The product must ensure that supervisors are allowed to access advertise empty time slots.,security,security,0.2444879710674286,"['fault tolerance', 'security', 'maintainability']",2,0.03728139400482178
The product shall ensure that only supervisors can view schedule of all callers.The product must ensure that supervisors are allowed to access advertise empty time slots.,security,security,0.22243668138980865,"['fault tolerance', 'maintainability', 'security']",3,0.07513128221035004
 The interface shall have a simple look. In the interface and usability survey  90% of beta testers must report that the interface is adequately simple.,look & feel,maintainability,0.42860084772109985,"['maintainability', 'usability', 'scalability']",7,-2
 The interface shall be appealing to callers and supervisors. In the interface and usability survey  80% of beta testers must report that the interface is appealing.,look & feel,usability,0.33507275581359863,"['usability', 'fault tolerance', 'maintainability']",7,-2
The product shall provide GUI based Monitoring Services.System Administrators shall monitor message exchanges will predict and determine problems and will also provide internal and external support.,look & feel,maintainability,0.37005868554115295,"['maintainability', 'fault tolerance', 'security']",5,-2
The product shall comply with City of Chicago Application Development Guide Framework.Application Development Framework will provide structured Graphical User Interface.,look & feel,maintainability,0.30653074383735657,"['maintainability', 'availability', 'usability']",5,-2
The product shall provide Monitoring Services.The product shall be easy for System Administrators and DBAs to use after two weeks of usage.,usability,usability,0.35068583488464355,"['maintainability', 'fault tolerance', 'usability']",3,0.05308520793914795
The product shall provide Error Tracking Services.The product shall help the System Administrators and DBAs to resolve transaction errors 99% of the time.,usability,usability,0.29470735788345337,"['fault tolerance', 'usability', 'maintainability']",2,0.05995583534240723
The product shall provide Portals.The product shall help System Administrators to analyze the transactions with ad-hoc reporting and KPIs (Key Performance Indicators),usability,security,0.312164843082428,"['security', 'maintainability', 'look & feel']",8,-2
The product shall provide Asynchronous Messaging.The product shall provide asynchronous messaging to enable parallel processing and reduce the overhead in communications,performance,fault tolerance,0.28771355748176575,"['fault tolerance', 'scalability', 'usability']",9,-2
The product shall provide Multi-threading and Load Balancing.The product shall provide multi-threading technology as well as load balancing to overcome data load spikes and traffic.,performance,scalability,0.4276217818260193,"['scalability', 'maintainability', 'usability']",9,-2
The product shall process messages within 2 seconds.The product shall have a maximum message processing time of 2 seconds,performance,look & feel,0.20811724662780762,"['look & feel', 'operational', 'fault tolerance']",9,-2
The product shall poll the system for messages every second.The product shall poll the system for new messages at a maximum of every 1 second.,performance,performance,0.10652533173561096,"['look & feel', 'operational', 'performance']",3,0.05422079563140869
The product shall provide Dynamic Change Support and Transparent resource addition.The product shall support Transparent Resource addition and Dynamic Change support to provide scalability and avoid service interruptions of more than 1 day.,performance,scalability,0.49289631843566895,"['scalability', 'maintainability', 'usability']",8,-2
The product shall be available 99% of the time. Rationale: To avoid service interruption during busiest customer service response periods. The product shall be available 99.99% of the time for regular business days.,availability,scalability,0.35884687304496765,"['scalability', 'usability', 'maintainability']",4,-2
The product shall be robust.The product shall have fault avoidance based on standards adoption.,fault tolerance,fault tolerance,0.5488839745521545,"['fault tolerance', 'maintainability', 'usability']",1,-1
The product shall be robust with fault tolerance.The product shall have fault tolerance by using recovery technique compensatory transaction and routing around failures.,fault tolerance,fault tolerance,0.6755742430686951,"['fault tolerance', 'maintainability', 'usability']",1,-1
The product shall be able to process all transactions.The product shall process minimum of 1 million transactions per year.,scalability,scalability,0.37519893050193787,"['scalability', 'operational', 'usability']",1,-1
The product shall be platform independent.The product shall enable access to any type of development environment and platform.,operational,maintainability,0.4412943124771118,"['maintainability', 'usability', 'scalability']",5,-2
The product shall interface CSR and Datastream.The product shall exchange messages between CSR and EAM on a real time basis without any direct interfaces between two systems.,operational,operational,0.17090582847595215,"['security', 'scalability', 'operational']",3,0.07369701564311981
 : The product shall continue to operate during upgrade  change or new resource addition.The product shall be able to continue to operate with no interruption in service due to new resource additions.,maintainability,maintainability,0.5600196123123169,"['maintainability', 'scalability', 'usability']",1,-1
The product shall be updated on a regular basis.The product will have a new major feature introduced every six months and quarterly maintenance releases every six months.,maintainability,maintainability,0.37758341431617737,"['maintainability', 'operational', 'look & feel']",1,-1
The product shall operate with every platform.The product shall accommodate any new technology without any change in its architecture.,maintainability,usability,0.39853909611701965,"['usability', 'scalability', 'operational']",4,-2
 The product shall have security.The product shall provide authentication  and authorization.,security,security,0.6392739415168762,"['security', 'maintainability', 'usability']",1,-1
The product shall information Security. The product shall enable privacy by encryption WS-Security and Integrity Checking.,security,security,0.5948672890663147,"['security', 'maintainability', 'usability']",1,-1
The product shall have audit capabilities.The product shall store messages for a minimum of one year for audit and transaction tracking purposes.,security,security,0.2921338677406311,"['maintainability', 'operational', 'security']",3,0.07638135552406311
The system shall use IBM and CCR branding standards. The interface must have one IBM logo and one CCR logo.,look & feel,look & feel,0.26865270733833313,"['look & feel', 'maintainability', 'operational']",1,-1
The system shall be displayable on any work computer a CCR user may have. The system interface shall be formatted to display at 800 by 600 pixel resolution.,look & feel,look & feel,0.2858448624610901,"['look & feel', 'scalability', 'operational']",1,-1
The system interface will use CCR nomenclature. The system must use the same nomenclature used in the existing WCS system and reports,look & feel,look & feel,0.3324275016784668,"['look & feel', 'maintainability', 'usability']",1,-1
The interface must summarize the data in a fashion that’s appealing to CCR management. Every report type must have at least one high level summary shown in the results dashboard/interface,look & feel,maintainability,0.39752331376075745,"['maintainability', 'usability', 'fault tolerance']",6,-2
The system must use a point and click interface. 100% of all selection and navigation functionality must be able to be activated/selected by either a mouse or a keyboard,usability,usability,0.26806357502937317,"['scalability', 'usability', 'operational']",2,0.05711492896080017
The interface shall be easy to use. 90% of users should be able to successfully use the system to generate a report on their first use. The interface should adhere to IBM usability standards.,usability,usability,0.38327836990356445,"['usability', 'maintainability', 'operational']",1,-1
Rreports must be easy to generate. eports must be generated within one button click and exported within one button click (after selecting the report),usability,usability,0.4443835914134979,"['usability', 'availability', 'fault tolerance']",1,-1
A user shall be able to use the system without instruction after a short amount of time. After one use a user should understand and remember 90% of the system usage and navigation.,usability,usability,0.2791650891304016,"['fault tolerance', 'maintainability', 'usability']",3,0.1260247826576233
All CCR users shall receive training before the WCS system is deployed. One training session will be held for 100% of CCR users before system deployment (based on a CCR user being available),usability,operational,0.24173325300216675,"['operational', 'look & feel', 'maintainability']",5,-2
The WCS system shall use appropriate nomenclature and terminology as defined by the Corporate Community Grants organization. All interfaces and reports will undergo usability tests by CCR users.,usability,usability,0.24564549326896667,"['maintainability', 'look & feel', 'usability']",3,0.083184152841568
The WCS system shall be available at all times as long as IBM’s internal intranet W3 is accessible. The WCS system will be available 95% of the time IBM’s internal intranet W3 is available.,availability,availability,0.3798940181732178,"['availability', 'maintainability', 'operational']",1,-1
The WCS system shall have the ability to connect other designated WCS databases currently not included in the system.,scalability,scalability,0.2752673923969269,"['availability', 'maintainability', 'scalability']",3,0.06979182362556458
The WCS system shall have the ability to include data for regions outside the United States and be accessed by users outside of the United States if approved by CCR management.,scalability,security,0.31836840510368347,"['security', 'availability', 'usability']",8,-2
The WCS system shall be run in a Windows environment. The WCS shall be accessed by users through the Internet on an IBM computer running a Windows 2000 or above operating system.,operational,operational,0.18371698260307312,"['operational', 'security', 'usability']",1,-1
The Brio portion of the WCS system must be able to export files in spreadsheet form (Microsoft Excel and Lotus 1-2-3 formats).  Brio will provide buttons in the user interface that produce/export reports in .xls or .123 file formats.,operational,scalability,0.2416706383228302,"['scalability', 'look & feel', 'maintainability']",4,-2
The WCS system must run queries to the WCS databases once again (on a specified day) to update the available data available to CCR users. Queries must be made to external databases for data refresh once a week.,maintainability,maintainability,0.18282034993171692,"['maintainability', 'look & feel', 'operational']",1,-1
 All changes  updates  and additions to the WCS system shall be updated in the WCS Developer and WCS User Guides. Every change must be reflected in WCS system documentation,maintainability,maintainability,0.3380345404148102,"['maintainability', 'operational', 'fault tolerance']",1,-1
The system shall only be accessed by authorized Corporate Community Grants (CCR) employees. Users must be authenticated using their IBM intranet user name and password.,security,security,0.22268900275230408,"['security', 'operational', 'maintainability']",1,-1
The WCS system shall not allow automatic logins by any user. Cookies containing WCS login information about a user will not be stored on a user’s computer.,security,security,0.15003855526447296,"['security', 'maintainability', 'scalability']",1,-1
Each team owner will need to use a username and password in order to be authenticated to reach the team owner’s page,security,security,0.23644796013832092,"['security', 'maintainability', 'operational']",1,-1
The Commissioner will be the only authorized user per league to adjust league settings.,security,fault tolerance,0.27945488691329956,"['fault tolerance', 'usability', 'availability']",6,-2
Each page shall contain a navigation menu which shows the index into which the current page is contained.,look & feel,look & feel,0.22841988503932953,"['availability', 'operational', 'look & feel']",3,0.03813748061656952
Each page shall contain a similar format with action items in one location and navigation buttons in a different location.,look & feel,look & feel,0.4598207175731659,"['look & feel', 'scalability', 'availability']",1,-1
The message board shall contain the 5 most recently posted messages on the league page. The messages will contain up to the first 150 characters of the message.,look & feel,look & feel,0.0978551059961319,"['look & feel', 'performance', 'legal']",1,-1
	A new user shall be able to navigate through the league and team pages within 30 seconds of reaching the start-up page.,usability,operational,0.14110073447227478,"['operational', 'performance', 'availability']",5,-2
 	Users shall be able to reach the ‘add’  ‘drop’  and ‘trade player’ pages with one click from the team owner’s page.,usability,look & feel,0.29239216446876526,"['look & feel', 'fault tolerance', 'performance']",8,-2
	Users shall be able to view at least 25 NFL player statistics and points on each page.,usability,usability,0.1550883650779724,"['usability', 'maintainability', 'operational']",1,-1
The application shall ask the user to confirm dropping a player or trading a player before performing the action.,usability,fault tolerance,0.2350631207227707,"['fault tolerance', 'performance', 'look & feel']",9,-2
The application shall be able to complete every user transaction within one fourth of a second of receiving the request over the network.,performance,operational,0.29868489503860474,"['operational', 'availability', 'usability']",5,-2
The application shall have a downtime of at most 10 minutes per year.,availability,fault tolerance,0.2976958453655243,"['fault tolerance', 'performance', 'scalability']",4,-2
The application shall run on a web application server.,operational,operational,0.19217056035995483,"['security', 'operational', 'availability']",2,0.004032790660858154
A primary database will be used to store cached data for active users.,operational,operational,0.31947481632232666,"['operational', 'scalability', 'availability']",1,-1
A secondary database will be used to store historical statistics and data.,operational,performance,0.23513424396514893,"['performance', 'look & feel', 'fault tolerance']",4,-2
Application updates shall occur between 3AM and 6 AM CST on Wednesday morning during the middle of the NFL season.,maintainability,operational,0.16190633177757263,"['operational', 'performance', 'legal']",4,-2
New System version releases shall be released at the beginning of each NFL season.,maintainability,operational,0.1634701043367386,"['operational', 'security', 'look & feel']",9,-2
 	The RFS system should be available 24/7  especially during the budgeting period. The RFS system shall be available 90% of the time all year  and 98% during the budgeting period. 2% of the time  the system will become available within 1 hour of the time that the situation is reported.,availability,operational,0.3191589415073395,"['operational', 'maintainability', 'scalability']",6,-2
98% of the user workstations shall meet the minimum hardware requirements prior to implementation. Minimum Hard Disk Space:  400MB.,operational,operational,0.21746627986431122,"['scalability', 'usability', 'operational']",3,0.049543336033821106
98% of the user workstations shall meet the minimum software requirements prior to implementation: Microsoft Internet Explorer 5.0. Microsoft .NET Framework 1.1. Microsoft Internet Explorer Web Controls,operational,operational,0.22410458326339722,"['operational', 'usability', 'maintainability']",1,-1
 	The RFS system should be able to easily interface with the BDW environment  in order to load the data. •	7 data files shall be received from the BDW and loaded into the RFS system within 3 hours one day prior to the start of budgeting process  every year. The data will be as of October month-end. 	Test files (7) shall be loaded up to 5 times throughout the year  from the BDW.,operational,operational,0.21595627069473267,"['operational', 'fault tolerance', 'performance']",1,-1
 	Changes to revenue and expense formulae must be applied to the RFS system  every year  prior to the budgeting process start. Revenue and expense formulae will be updated within one week of their receipt  after which 2 weeks will be allotted to testing of the budget calculations  to be conducted jointly by the project development team and PCG Finance.,maintainability,operational,0.15758579969406128,"['operational', 'performance', 'look & feel']",8,-2
 	New branches/complexes/districts/regions and revenue/expense accounts added to the BDW  must be reflected in the RFS system. 100% of the entities (mentioned above) available as of October month-end  will be loaded into the RFS system  prior to the budget start process.,maintainability,operational,0.2797347903251648,"['operational', 'performance', 'look & feel']",5,-2
 	Only authorized user shall access the RFS system. ONLY users that exist in the UAS system  with the RFS system assigned to their role(s)  shall access the RFS system and use it.,security,security,0.21748942136764526,"['operational', 'security', 'usability']",2,0.07706841826438904
	User access should be limited to the permissions granted to their role(s) Each level in the PCG hierarchy will be assigned a role and users will be assigned to these roles. Access to functionality within RFS system is dependent on the privileges/permission assigned to the role..,security,security,0.2577778100967407,"['security', 'fault tolerance', 'maintainability']",1,-1
 	The product must comply with the intranet page standards and requirements of ENET Securities. 95% of the product look & feel will be approved by the Architecture group  prior to implementation. The remaining 5% will be corrected and approved within one month of product release.,look & feel,maintainability,0.2551879286766052,"['maintainability', 'security', 'fault tolerance']",6,-2
 The intranet pages should display appropriately in all resolutions  from 800x600 and higher. The display of all the pages will be correct in 95% of the resolutions  prior to implementation. The remaining 5% will be corrected within a week of notification of the incorrect display.,look & feel,look & feel,0.1604890078306198,"['fault tolerance', 'look & feel', 'maintainability']",2,0.15541742742061615
 	The users should be able to easily use the system to successfully complete their budgets  within the stipulated time for completion. With a week of training prior to product implementation  98% of the users shall complete their budgets within the stipulated time.,usability,usability,0.32145944237709045,"['usability', 'operational', 'scalability']",1,-1
 	The product interface should be fast. The response time of the product interface should not exceed 2 seconds 90% of the time. For 10% of the time  the response time should not be more than 10 seconds.not be more than 10 seconds.,performance,fault tolerance,0.3202899098396301,"['fault tolerance', 'usability', 'scalability']",10,-2
