,precision,recall,f1-score,support
"instructive, easy, helpful, useful, learnable, explainable, affordable, intuitive, or understandable",0.5471698113207547,0.7631578947368421,0.6373626373626373,38.0
"security, authorization, or protection",0.8333333333333334,0.23809523809523808,0.37037037037037035,21.0
periodic execution or efficacy performance,0.8717948717948718,0.5074626865671642,0.6415094339622641,67.0
"working, running, connecting, interfacing, or operative environment",1.0,0.3076923076923077,0.47058823529411764,13.0
"appearance, interface, look & feel",0.42105263157894735,0.9411764705882353,0.5818181818181818,17.0
"legal, law, or rules",0.6166666666666667,0.6851851851851852,0.6491228070175439,54.0
system recovery & fault tolerance,0.5454545454545454,0.2857142857142857,0.37499999999999994,21.0
"maintaining, fixing, running or updating",0.8723404255319149,0.6212121212121212,0.7256637168141593,66.0
"scalable, increasable or developable",0.1956521739130435,0.9,0.3214285714285714,10.0
avaliable or timely achievable,0.7076923076923077,0.7419354838709677,0.7244094488188977,62.0
accuracy,0.6151761517615176,0.6151761517615176,0.6151761517615176,0.6151761517615176
macro avg,0.6611156767286387,0.5991631673662348,0.5497273402886742,369.0
weighted avg,0.7182196811192211,0.6151761517615176,0.6231337524458038,369.0
