,precision,recall,f1-score,support
"accessibility, aesthetic, contextual, experience, satisfaction, HCI, UX, questionnaire, ease, ergonomics, designer, evaluate, multimodal, practitioner, prototyping, preference, personalization, suitability, focus, clarity, responsiveness, judgement, feel, or helpful",1.0,0.3582089552238806,0.5274725274725275,67.0
"vulnerability, security, protection, cybersecurity, assurance, countermeasure, threat, privacy, authentication, prevention, confidentiality, trusted, intrusion, compromise, safety, insecure, defensive, breach, proactive, tampering, penetration, policy, phishing, vulnerable, authorization, dependability, or certification",0.09090909090909091,0.5882352941176471,0.15748031496062992,17.0
"throughput, reliability, scalability, responsiveness, efficiency, workload, benchmark, latency, speed, improvement, accuracy, achieve, tuning, bottleneck, better, high, optimize, effectiveness, low, enhances, reducing, incresaed, quality, faster, or degrades",0.3188405797101449,0.3548387096774194,0.33587786259541985,62.0
"environmental, organizational, coordination, systemic, logistics, coordination, or automation",0.2222222222222222,0.38095238095238093,0.2807017543859649,21.0
"graphical, gui, ui, widget, interaction, habit, prefer, comfortable, friendly, feeling, experience, familiar, desire, customize, intent, disability, or impression",0.75,0.3157894736842105,0.44444444444444436,38.0
"liability, litigation, jurisdiction, regulation, copyright, legislation, enforcement, governmental, directive,civil, right, patentability, claim, violate, infringement, counsel, holder, dispute, illegal, judicial, ruling, agreement, ownership, comply, authority, law, accountability, abuse, intellectual, obligation, invention, court, ethical, concern, or policy",1.0,0.3076923076923077,0.47058823529411764,13.0
"tolerance, failure, tolerant, byzantine, deadlock, exploiting, reliability, isolation, fault, guarantee, dependable, countermeasure, resilience, defensive, corruption, weakness, malfunction, robustness, or stability",0.29577464788732394,1.0,0.45652173913043476,21.0
"adaptability, effectiveness, agility, preventive, dependability, correcting, reuse, defect, mitigation, validated, resilience, achievable, remedy, assessing, or maintaining",1.0,0.3333333333333333,0.5,54.0
"flexibility, workload, efficiency, optimize, caching, improvement, robust, overhead, adaptability, scalable, or increased",1.0,0.6,0.7499999999999999,10.0
"reliability, dependability, resilience, flexibility, accountability, ensur, disruption, timely, or standby",1.0,0.22727272727272727,0.37037037037037035,66.0
accuracy,0.3794037940379404,0.3794037940379404,0.3794037940379404,0.3794037940379404
macro avg,0.6677746540728782,0.44663231819539073,0.4293457248653909,369.0
weighted avg,0.7335813137121517,0.3794037940379404,0.42350928436831253,369.0
