,precision,recall,f1-score,support
"working, running, connecting, interfacing, or operative environment",0.8461538461538461,0.8214285714285714,0.8336079077429984,308.0
"not about working, running, connecting, interfacing, or operative environment",0.22535211267605634,0.25806451612903225,0.24060150375939848,62.0
accuracy,0.727027027027027,0.727027027027027,0.727027027027027,0.727027027027027
macro avg,0.5357529794149513,0.5397465437788018,0.5371047057511984,370.0
weighted avg,0.7421276097332435,0.727027027027027,0.7342392670754764,370.0
