,precision,recall,f1-score,support
"environmental, organizational, coordination, systemic, or logistics",0.18674698795180722,0.5,0.2719298245614035,62.0
"usability, security, performance, look & feel, legal, fault & tolerance, maintainability, scalability, availability, or portability",0.8480392156862745,0.5616883116883117,0.67578125,308.0
accuracy,0.5513513513513514,0.5513513513513514,0.5513513513513514,0.5513513513513514
macro avg,0.5173931018190409,0.5308441558441559,0.47385553728070173,370.0
weighted avg,0.7372280856334718,0.5513513513513514,0.6081088489805595,370.0
