,precision,recall,f1-score,support
"environmental, organizational, coordination, systemic, logistics, coordination, or automation",0.19889502762430938,0.5806451612903226,0.2962962962962963,62.0
"usability, security, performance, look & feel, legal, fault & tolerance, maintainability, scalability, availability, or portability",0.8624338624338624,0.5292207792207793,0.6559356136820925,308.0
accuracy,0.5378378378378378,0.5378378378378378,0.5378378378378378,0.5378378378378378
macro avg,0.5306644450290859,0.554932970255551,0.4761159549891944,370.0
weighted avg,0.7512462738982076,0.5378378378378378,0.5956717280660943,370.0
