,precision,recall,f1-score,support
"working, running, connecting, interfacing, or operative environment",0.8731707317073171,0.5811688311688312,0.6978557504873295,308.0
"not about working, running, connecting, interfacing, or operative environment",0.21818181818181817,0.5806451612903226,0.3171806167400881,62.0
accuracy,0.581081081081081,0.581081081081081,0.581081081081081,0.581081081081081
macro avg,0.5456762749445676,0.580906996229577,0.5075181836137088,370.0
weighted avg,0.7634158326841253,0.5810810810810811,0.6340669442918457,370.0
