,precision,recall,f1-score,support
"environmental, organizational, coordination, systemic, or logistics",0.19480519480519481,0.967741935483871,0.32432432432432434,62.0
"not about environmental, organizational, coordination, systemic, or logistics",0.967741935483871,0.19480519480519481,0.32432432432432434,308.0
accuracy,0.32432432432432434,0.32432432432432434,0.32432432432432434,0.32432432432432434
macro avg,0.5812735651445329,0.5812735651445329,0.32432432432432434,370.0
weighted avg,0.8382228059647415,0.32432432432432434,0.32432432432432434,370.0
