,precision,recall,f1-score,support
"environmental, organizational, coordination, systemic, or logistics",0.2542372881355932,0.24193548387096775,0.24793388429752067,62.0
"usability, security, performance, look & feel, legal, fault & tolerance, maintainability, scalability, availability, or portability",0.8488745980707395,0.8571428571428571,0.8529886914378029,308.0
accuracy,0.754054054054054,0.754054054054054,0.754054054054054,0.754054054054054
macro avg,0.5515559431031664,0.5495391705069124,0.5504612878676618,370.0
weighted avg,0.7492326704599852,0.754054054054054,0.7516011291602421,370.0
