,precision,recall,f1-score,support
"environmental, organizational, coordination, systemic, logistics, coordination, or automation",0.224,0.45161290322580644,0.2994652406417112,62.0
"usability, security, performance, look & feel, legal, fault & tolerance, maintainability, scalability, availability, or portability",0.8612244897959184,0.685064935064935,0.7631103074141049,308.0
accuracy,0.6459459459459459,0.6459459459459459,0.6459459459459459,0.6459459459459459
macro avg,0.5426122448979592,0.5683389191453707,0.531287774027908,370.0
weighted avg,0.754446332046332,0.6459459459459459,0.6854184313603525,370.0
