,precision,recall,f1-score,support
"environmental, organizational, coordination, systemic, or logistics",0.1907514450867052,0.532258064516129,0.28085106382978725,62.0
"not about environmental, organizational, coordination, systemic, or logistics",0.8527918781725888,0.5454545454545454,0.6653465346534654,308.0
accuracy,0.5432432432432432,0.5432432432432432,0.5432432432432432,0.5432432432432432
macro avg,0.521771661629647,0.5388563049853372,0.47309879924162634,370.0
weighted avg,0.7418553731690083,0.5432432432432432,0.6009175638667951,370.0
