,precision,recall,f1-score,support
"environmental, organizational, coordination, systemic, or logistics",0.16538461538461538,0.6935483870967742,0.2670807453416149,62.0
"usability, security, performance, look & feel, legal, fault & tolerance, maintainability, scalability, availability, or portability",0.8272727272727273,0.29545454545454547,0.4354066985645933,308.0
accuracy,0.3621621621621622,0.3621621621621622,0.3621621621621622,0.3621621621621622
macro avg,0.4963286713286713,0.49450146627565983,0.3512437219531041,370.0
weighted avg,0.7163617463617464,0.3621621621621622,0.40720072802452667,370.0
