Requirement text,Gold label,Predicated label,ZSL score
The system shall refresh the display every 60 seconds.,not about operational,not about operational,0.8736144304275513
The application shall match the color of the schema set forth by Department of Homeland Security,not about operational,not about operational,0.8504265546798706
 If projected  the data must be readable.  On a 10x10 projection screen  90% of viewers must be able to read Event / Activity data from a viewing distance of 30,not about operational,not about operational,0.8222020268440247
 The product shall be available during normal business hours. As long as the user has access to the client PC  the system will be available 99% of the time during the first six months of operation.,not about operational,not about operational,0.8284468054771423
 If projected  the data must be understandable. On a 10x10 projection screen  90% of viewers must be able to determine that Events or Activities are occuring in current time from a viewing distance of 100,not about operational,not about operational,0.8241543769836426
The product shall ensure that it can only be accessed by authorized users.  The product will be able to distinguish between authorized and unauthorized users in all access attempts,not about operational,not about operational,0.8326980471611023
The product shall be intuitive and self-explanatory.  :  90% of new users shall be able to start the display of Events or Activities within 90 minutes of using the product.,not about operational,not about operational,0.8334581851959229
The product shall respond fast to keep up-to-date data in the display.,not about operational,not about operational,0.8370241522789001
The look and feel of the system shall conform to the user interface standards of the smart device.,not about operational,not about operational,0.8440142273902893
 The user interface shall have standard menus  buttons for navigation,not about operational,not about operational,0.8671477437019348
The system shall have a professional appearance,not about operational,not about operational,0.8858698606491089
The product shall have a consistent color scheme and fonts.,not about operational,not about operational,0.8611301183700562
The system shall be used by realtors with no training.,not about operational,not about operational,0.8644238114356995
The system shall be intuitive and self explanatory.,not about operational,not about operational,0.8743558526039124
The product shall be easy for a realtor to learn.,not about operational,not about operational,0.8538352251052856
The product shall use symbols and words that are naturally understandable by the realtor community.,not about operational,not about operational,0.8480660915374756
The product shall produce search results in an acceptable time,not about operational,not about operational,0.862989604473114
The search results shall be returned no later 30      seconds  after the user has entered the search criteria,not about operational,not about operational,0.8366336822509766
The product shall generate a CMA report in an acceptable time.,not about operational,not about operational,0.8615398406982422
The CMA report shall be returned no later 60 seconds after the user has entered the CMA report criteria.,not about operational,not about operational,0.834112823009491
The product shall synchronize contacts and appointments in an acceptable time.,not about operational,not about operational,0.8556627631187439
The product shall synchronize with the office system every hour.,not about operational,not about operational,0.8672886490821838
 The product shall be available for use 24 hours per day  365 days  per year,not about operational,not about operational,0.8455638885498047
 Out of 1000 accesses to the system  the system is available 999 times.,not about operational,not about operational,0.8532302379608154
The product shall operate in offline mode whenever internet connection is unavailable.,not about operational,not about operational,0.8621968626976013
 The product shall allow the user to view previously downloaded search results  CMA reports  and appointments.,not about operational,not about operational,0.8239380717277527
The product shall retain user preferences in the event of a failure.,not about operational,not about operational,0.8566351532936096
100% of saved user preferences shall be restored when system comes back online.,not about operational,not about operational,0.8527289032936096
The product shall be able to support multiple remote users,not about operational,not about operational,0.8660144209861755
The product shall be able support 1000 simultaneous users.,not about operational,not about operational,0.8688327670097351
The product shall be capable of handling the existing 1000 users. This number is expected to grow 5 times within the next year.,not about operational,not about operational,0.831981360912323
The product shall be installed by an untrained realtor   without recourse to separately-printed instructions.,not about operational,not about operational,0.8382086157798767
90% of untrained realtors shall be able to install the product on their device without printed instructions,not about operational,not about operational,0.8360490202903748
The product is expected to run on Windows CE and Palm operating systems.,not about operational,not about operational,0.8514372110366821
Only registered realtors shall be able to access the system.,not about operational,not about operational,0.8614943623542786
Every user of the system shall be authenticated and authorized.,not about operational,not about operational,0.8640535473823547
The product shall prevent its data from incorrect data being introduced.,not about operational,not about operational,0.8553104400634766
The system shall be easy to use by the Program Administrators/Nursing Staff Members.,not about operational,not about operational,0.8284766674041748
All of the users shall be able to use the system after one day of training.,not about operational,not about operational,0.8408986330032349
The system shall help the user avoid making mistakes while scheduling classes and clinicals for the nursing students.,not about operational,not about operational,0.8332961797714233
The number of mistakes noted by the students shall be decreased by 50% in the first year.,not about operational,not about operational,0.8400495052337646
The system shall be intuitive to the Program Administrators/Nursing Staff Members.,not about operational,not about operational,0.8343529105186462
2 out of 3 Program Administrators/Nursing Staff Members shall successfully be able to use the system to manage the scheduling of classes and clinicals.,not about operational,not about operational,0.822858452796936
The system shall use symbols and words that are naturally understandable by the user community.,not about operational,not about operational,0.8494328856468201
The verbiage used within the system shall be consistent with Standard English and the terminology of the national Nursing Community.,not about operational,not about operational,0.8473666310310364
Staff members shall be able to complete a set of tasks in a timely manner.,not about operational,not about operational,0.8308524489402771
The response time of general student management tasks shall take no longer than 5 seconds and the response time of schedule generation shall take no longer than 30 seconds.,not about operational,not about operational,0.8329214453697205
The system shall be available for use between the hours of 8am and 6pm.,not about operational,not about operational,0.8467532992362976
The system shall achieve 95% up time.,not about operational,not about operational,0.8804142475128174
system shall be able to handle all of the user requests/usage during business hours.,not about operational,not about operational,0.8368103504180908
The system shall cater to 10 simultaneous users from 9am to 5pm.,not about operational,not about operational,0.8640684485435486
The system shall be capable of processing 100% of nursing students and their classes for the next 10 years.,not about operational,not about operational,0.8417811393737793
The system shall be expected to manage the nursing program curriculum and class/clinical scheduling for a minimum of 5 years.,not about operational,not about operational,0.8326180577278137
The system shall able to operate within a business office environment typical of the Nursing Department at DePaul University.,operational,not about operational,0.841361403465271
The system shall be used within the specifications defined by the computers used by the Program Administrators/Nursing Staff Members.,operational,not about operational,0.8347692489624023
The system shall operate within the Windows XP Professional operating system.,operational,not about operational,0.8623278737068176
The system shall interface with CampusConnect’s central server,operational,not about operational,0.8758686184883118
The system shall interface with the faculty central server.,operational,not about operational,0.8823920488357544
The system shall interface with the student master server.,operational,not about operational,0.8843797445297241
We must be able to interface with any HTML browser.,operational,not about operational,0.8672335743904114
Only authorized users shall have access to clinical site information.,not about operational,not about operational,0.8514020442962646
Program Administrators/Nursing Staff Members are the only people who shall have access to clinical site details.,not about operational,not about operational,0.8276810050010681
Only authorized users shall have access to students’ personal information.,not about operational,not about operational,0.8428268432617188
Dr Susan Poslusny and Dr Julie Donalek are the only people who shall have access to students’ personal information.,not about operational,not about operational,0.822573721408844
Only authorized users shall have access to the portion of the system that interfaces with CampusConnect.,not about operational,not about operational,0.8433123826980591
Fit Criterion: Dr Susan Poslusny and Karen Sysol are the only people who shall have access to the final class section scheduling for the system that interfaces with CampusConnect.,not about operational,not about operational,0.8201594948768616
The system shall have basic data integrity checking to reduce the possibility of incorrect or invalid data being introduced.,not about operational,not about operational,0.8340774774551392
The system shall protect private information in accordance with the organization’s information policy.,not about operational,not about operational,0.8406701683998108
The system shall be built such that it is as secure as possible from malicious interference.,not about operational,not about operational,0.8430679440498352
The system shall use the organization’s standard virus protection software to help monitor threats to itself.,not about operational,not about operational,0.8323697447776794
The Disputes application shall comply with the corporate standards for user interface creation for internally and externally used applications.,not about operational,not about operational,0.85797518491745
All screens created as part of the Disputes application must comply with corporate standards for interface creation.,not about operational,not about operational,0.8597148060798645
The list of dispute cases that are displayed after a search is performed must be color coded for easy identification of dispute cases based upon the dispute case status.,not about operational,not about operational,0.8357044458389282
100% of the cardmember and merchant services representatives shall use the Disputes application regularly after a 2-day training course.,not about operational,not about operational,0.8464483618736267
100% of cardmember services representatives shall be able to successfully create a dispute case on the first encounter after completing the training course.,not about operational,not about operational,0.8441345691680908
100% of merchant services representatives shall be able to successfully perform a follow up action on a dispute case on the first encounter after completing the training course.,not about operational,not about operational,0.8380854725837708
The maximum wait time for a user navigating from one screen to another within the Disputes application shall be no more than 5 seconds.,not about operational,not about operational,0.8403117060661316
The Disputes application shall support 350 concurrent users without any degradation of performance in the application.,not about operational,not about operational,0.8566964864730835
 The Disputes application shall be available 24x7x365  with the exception of the following scheduled maintenance windows.  Monday – Saturday 3:00am to 4:00am EST Sunday 1:00amd to 5:00am EST,operational,not about operational,0.8275928497314453
The Disputes application shall interface with the Statement Database. The Statement Database provides the transaction details to the Disputes System. All transaction details must be obtained from the Statement Database,operational,not about operational,0.8362866044044495
The Disputes application shall interface with the Cardmember Information Database.  The Cardmember Information Database provides detailed information with regard to a cardmember.  All cardmember detail information must be obtained from the Cardmember Information Database.,operational,not about operational,0.821321427822113
The Disputes applications shall interface with the Merchant Information Database.  The Merchant Information Database provides detailed information with regard to the merchant. All merchant detail information shall be obtained from the Merchant Information Database.,operational,not about operational,0.8305743336677551
The Disputes application shall interface with the Letters application.  This will allow the Disputes application to request letters as part of the dispute initiation and dispute follow up process. All letter requests must be sent to the Print Letter Utility application.,operational,not about operational,0.8321300148963928
The Disputes application shall interface with the Cardmember Posting and Billing System.  This will allow the Disputes application to request adjustments to cardmember and merchant’s accounts. All adjustment requests must be sent to the Cardmember Posting and Billing System.,operational,not about operational,0.8202901482582092
The Disputes application shall ensure that only users with the appropriate access level are allowed to initiate dispute requests.,not about operational,not about operational,0.850213885307312
Only users with Update access must be able to initiate dispute requests.,not about operational,not about operational,0.8614122867584229
The Disputes application shall ensure that only authorized users are allowed to logon to the application.,not about operational,not about operational,0.8465265035629272
 All authorized users  once authenticated must be able to logon to the Disputes System,not about operational,not about operational,0.8479609489440918
The Disputes System shall generate a User Report that details any new users that have been added and any changes to an existing user’s access level.  The report will be reviewed for auditing purposes.,not about operational,not about operational,0.8301353454589844
All additions of new users and modifications to user’s access shall be recorded on the User Report.,not about operational,not about operational,0.8367675542831421
 If a user account is revoked  it can only be re-instantiated by the System Administrator.,not about operational,not about operational,0.8450605869293213
Only the System Administrator shall be able to reset a revoked user logon account,not about operational,not about operational,0.8523279428482056
The Disputes application shall manipulate and view business data. Users will not have direct access to data files or databases.,not about operational,not about operational,0.8472934365272522
All updates to data files or database must be initiated from the Disputes System.,not about operational,not about operational,0.847749650478363
The Disputes application must conform to the legal requirements as specified by the Merchant Operating Regulations.,not about operational,not about operational,0.8545606136322021
All business rules specified in the Disputes System shall be in compliance with the Merchant Operating Regulations.,not about operational,not about operational,0.8521702885627747
The Disputes application must conform to the legal requirements as specified by Regulation E and Regulation Z that govern credit card disputes processing.,not about operational,not about operational,0.8356339335441589
All business rules specified in the Disputes System shall be in compliance to the guidelines of Regulation E and Regulation Z.,not about operational,not about operational,0.8398392200469971
The Disputes application must maintain a detailed history of every action that a user takes on a dispute case.  This ensures a complete audit trail if questions arise later on with regard to a particular dispute case.,not about operational,not about operational,0.8266807794570923
All actions that modify an existing dispute case must be recorded in the case history.,not about operational,not about operational,0.8501245975494385
The product must support Internet Explorer 5.5 and above.,operational,not about operational,0.8474780917167664
The product must support Mozilla Firefox 1.0 and above.,operational,not about operational,0.8433231115341187
The product shall interface with the Choice Parts System.  This provides the feed of recycled parts data.,operational,not about operational,0.8551185131072998
The product shall run on the existing hardware for all environments.,operational,not about operational,0.8590646386146545
The product shall adhere to the corporate Architecture guidelines,operational,not about operational,0.8628624081611633
The product shall comply with corporate User Interface Guidelines,not about operational,not about operational,0.8796058893203735
The product shall comply with corporate color scheme,not about operational,not about operational,0.8858175277709961
The appearance of the product shall appear professional,not about operational,not about operational,0.8917415142059326
The product shall be easy to use by Adjusters and Collision Estimators.  95% of Adjusters and Collision Estimators shall find the product easy to use.,not about operational,not about operational,0.8150807619094849
The product shall increase productivity of Collision Estimators. 80% of the Collision Estimators shall agree their productivity has increase within 1 month of using the product.,not about operational,not about operational,0.8341088891029358
Users shall feel satisfied using the product.  85% of all users will be satisfied with the product.,not about operational,not about operational,0.8466678261756897
The product shall be easy to learn by Adjusters and Collision Estimators.  The product shall be learned with two days onsite training,not about operational,not about operational,0.8291985988616943
The user shall easily locate instructions while using the product.  User help can be found within 90% of the system.,not about operational,not about operational,0.8388407230377197
The search for recycled parts shall take no longer than 15 seconds.  The search results shall be returned in under 15 seconds.,not about operational,not about operational,0.8322777152061462
The search for the preferred repair facility shall take no longer than 8 seconds.  The preferred repair facility is returned within 8 seconds,not about operational,not about operational,0.8376282453536987
The recycled parts audit report shall be returned to the user within 10 seconds.  The audit report shall be returned within 10 seconds.,not about operational,not about operational,0.8270172476768494
The preferred repair facility ratings shall be saved within 5 seconds. The save shall occur within 5 seconds.,not about operational,not about operational,0.8363861441612244
The product shall adhere to the corporate online availability schedule.  The application is brought down only within 98% of the scheduled outages per the availability schedule.,not about operational,not about operational,0.8319600820541382
The product shall achieve a 98% uptime. The product shall not fail more than 2% of the available online time.,not about operational,not about operational,0.8416678309440613
The product shall be able to handle up to 1500 simultaneous users. The system shall perform with 1500 users as a time.,not about operational,not about operational,0.8324555158615112
 The average number of recycled parts records per day shall be 50 000.,not about operational,not about operational,0.8569533824920654
 The product shall be able to handle 10 000 concurrent users within 2 years of the initial launch.,not about operational,not about operational,0.8495769500732422
 For estimators  the product shall be able to be operated in a repair facility during dirty and noisy conditions.,operational,not about operational,0.8298737406730652
The product shall interface with the ChoiceParts system once per day at approximately 1:00 AM.,operational,not about operational,0.843788743019104
The maintenance of the product will fall within the established corporate maintenance windows.,operational,not about operational,0.8579691052436829
The product shall be supported using the corporate support center.,operational,not about operational,0.8742965459823608
Product installations and upgrades shall be handled by the middleware technology team within established launch time frames.,operational,not about operational,0.8390954732894897
Only adjusters can request recycled parts audit reports. No users without an adjuster role shall request recycled parts audits.,not about operational,not about operational,0.8298541307449341
Only adjusters with a supervisor role can update preferred repair facility ratings. Users without the supervisor role cannot access the repair facility ratings.,not about operational,not about operational,0.8345139026641846
Only collision estimators shall search for recycled parts.  Users without the collision estimator role shall not have access to the search for recycled parts.,not about operational,not about operational,0.8326791524887085
Only valid data shall be entered into the system.  No invalid data shall be entered into the system.,not about operational,not about operational,0.8299874067306519
One insurance company shall not be able to view another insurance companys claim data.,not about operational,not about operational,0.8492887616157532
The product shall free of computer viruses.,not about operational,not about operational,0.8826993703842163
The system shall prevent malicious attacks including denial of service.,not about operational,not about operational,0.8753818273544312
The product must comply with Sarbanes-Oxley.,not about operational,not about operational,0.8592492938041687
The product shall comply with the estimatics laws relating to recycled parts usage.,not about operational,not about operational,0.851263165473938
The product shall comply with insurance regulations regarding claims processing.,not about operational,not about operational,0.8610859513282776
 The product must work with most database management systems (DBMS) on the market  whether the DBMS is colocated with the product on the same machine or is located on a different machine on the computer network.,operational,not about operational,0.8208822011947632
The product will function alongside server software on any operating system where the Java runtime can be installed.,operational,not about operational,0.8543959259986877
The product will require collaboration with a database management system (DBMS).  The DBMS may be located on the same machine as the product or on a separate machine residing on the same computer network.,operational,not about operational,0.8263534307479858
 The product must make use of web/application server technology.  Open source examples include Apache web server  Tomcat  and the JBoss application server.,operational,not about operational,0.83879554271698
 A database management system such as Oracle  DB2  MySql or HSQL will need to be integrated with the product.,operational,not about operational,0.8354536294937134
 The product’s Look and Feel shall be able to incorporate aspects of the customer’s organization such as logo  branding  and identity,not about operational,not about operational,0.8313652276992798
The product shall have a conservative and professional appearance.,not about operational,not about operational,0.8719961047172546
The product shall make the users want to use it. 80% of the users surveyed report they are regularly using the product after the first 2 weeks post-launch.,not about operational,not about operational,0.830575168132782
The product shall be easy to use. 90% of users will be able to successfully reserve a conference room within 5 minutes of product use.,not about operational,not about operational,0.8300669193267822
The product shall give users feedback when necessary. 80% of the users surveyed report that the product accurately confirms their actions.,not about operational,not about operational,0.8406895399093628
The product shall allow the user to select a chosen language from one of the target market countries.,not about operational,not about operational,0.8428133130073547
The product shall allow for customization of start page and views preferences.,not about operational,not about operational,0.8497934341430664
 An employee will be able to successfully use the product within a few minutes.  After informally navigating the product for less than 15 minutes  users shall be able to successfully setup meetings and reserve conference rooms.,not about operational,not about operational,0.822912871837616
The product shall use a standard navigation menu familiar to most web users.,not about operational,not about operational,0.8496464490890503
The product shall allow for intuitive searching of available conference rooms.,not about operational,not about operational,0.8514392375946045
The product shall conform to the Americans with Disabilities Act.,not about operational,not about operational,0.8607125878334045
The response shall be fast enough to avoid interrupting the user’s flow of thought.  90% of tasks shall complete within 5 seconds.  98% of tasks shall complete within 8 seconds.,not about operational,not about operational,0.8252326250076294
 Aside from server failure  the software product shall achieve 99.99% up time.,not about operational,not about operational,0.8395425081253052
The product shall create an exception log of problems encountered within the product for transmission to our company for analysis and resolution.,not about operational,not about operational,0.8329000473022461
 The product shall be capable of handling up to 1 000 concurrent requests.  This number will increase to 2 000 by Release 2.  The concurrency capacity must be able to handle peak scheduling times such as early morning and late afternoon hours.,not about operational,not about operational,0.81110680103302
 The product shall be able to process 10 000 transactions per hour within two years of its launch.  This number will increase to 20 000 by Release 2.,not about operational,not about operational,0.8304697275161743
The product shall be expected to operate for at least 5 years for each customer installation.,not about operational,not about operational,0.834586501121521
The product shall be used in office environments.,operational,not about operational,0.8723121881484985
The product must be able to interface with any HTML browser.  The product shall transmit data between the user and the product without problems. The product shall display HTML properly in 80% of all HTML browsers tested (minimum is to test 8 browsers).,operational,not about operational,0.8062065839767456
The product must be able to interface with various database management systems. The product shall communicate successfully with the database management system on 100% of all transactions.,operational,not about operational,0.830855667591095
The product must be able to interface with various email servers. The product shall be able to send email.,operational,not about operational,0.8329420685768127
The product shall be available for distribution via the Internet as a binary or ZIP file.,operational,not about operational,0.8383570909500122
The product shall be available for distribution as a packaged CD.,operational,not about operational,0.8495063781738281
 The product will be available for licensing as a one-server  two-five servers  or five-or-more servers license.,operational,not about operational,0.8352707624435425
A new user must be able to be added to the system within 10 minutes.  90% of new users are able to log into the system within 10 minutes.,not about operational,not about operational,0.8236919045448303
The product must be designed using Design Patterns and coding best practices.  90% of maintenance software developers are able to integrate new functionality into the product with 2 working days.,not about operational,not about operational,0.8265212774276733
The product must be highly configurable for use with various database management systems for the end users.  80% of end users are able to integrate new database management systems with the product without changing the product’s software code.,not about operational,not about operational,0.8096842765808105
Maintenance releases will be offered to customers once a year.  The releases shall take no longer than 5 minutes for 80% of the customer base to install.,not about operational,not about operational,0.8393482565879822
Every registered user will have access to the product’s support site via the Internet.  70% of registered users shall find a solution to their problem within 5 minutes of using the support site.,not about operational,not about operational,0.8238269686698914
The customer shall be able to easily integrate new building maps with the product throughout the product’s lifecycle.  Integration of new maps with the product shall be possible with little to no support from product support staff.,not about operational,not about operational,0.817431628704071
 The product shall be translated into foreign languages other than the target market countries’ languages in future releases.  For each emerging target market  it shall take no more than 5 days to configure the product for that market’s language.,not about operational,not about operational,0.8285480737686157
 The product is expected to integrate with multiple database management systems.  The product will operate with Oracle  SQL Server  DB2  MySQL  HSQL  and MS Access.,operational,not about operational,0.8218129873275757
The product shall be able to be installed in any operating environment within 2 days.,operational,not about operational,0.8438812494277954
The product shall ensure that only company employees or external users with company-approved user IDs may have product access.  100% of all logons shall be by either company employees or external users with company-approved user IDs.,not about operational,not about operational,0.8218554258346558
Only managers are able to perform search queries for reservations by user.  100% of all search queries for reservations by user shall be from logons of only management logons.,not about operational,not about operational,0.822830319404602
The product shall ensure that the database’s data corresponds to the data entered by the user.  Each conference room reservation in the system will contain the same information as was entered by the user.,not about operational,not about operational,0.8222293257713318
The product shall prevent the input of malicious data.  The product and/or adjacent hardware/software systems’ data shall remain 100% uncorrupted each time malicious data is input into the product.,not about operational,not about operational,0.8144398927688599
The product and/or dependent databases/filesystems shall remain operational as a result of the input of malicious data.  The product and/or dependent databases/filesystems shall not crash 100% of the time that malicious data is input into the product.,not about operational,not about operational,0.8205689787864685
The product shall have the ability to receive automatic software updates as new threats emerge.  100% of customers will be able to receive automatic software updates transmitted to the installed product.,not about operational,not about operational,0.8207625150680542
The language of the product shall accommodate all of the target market countries. 90% of survey respondents from each target market country will find that the language of the product is acceptable.,not about operational,not about operational,0.8361265063285828
The product shall be able to display calendar dates and times according to the user’s locale.  90% of survey respondents from each target market country will find that the date and time formatting of the product is correct.,not about operational,not about operational,0.82076495885849
The product must be developed with the J2SE/J2EE programming language libraries,operational,not about operational,0.8539490699768066
Recreation of Inventory Quantity Adjustment for the period of previous 30 days shall take no more than 30min.,not about operational,not about operational,0.8409532904624939
The System shall allow for a minimum of  6 users to work at the same time.,not about operational,not about operational,0.8458948731422424
The System shall utilize currently owned computer equipment.,operational,not about operational,0.87127286195755
The System shall be able to automatically backup business data and restore them on demand.,operational,not about operational,0.8386999368667603
The System shall maintain consistent security.  Any changes in user passwords and/or permissions should take affect in all parts of the System.,not about operational,not about operational,0.8334655165672302
The System shall granularly control access rights to all major subsystems.  It should be possible to assign access rights to all subsystems independently.,not about operational,not about operational,0.8251992464065552
The System shall meet all applicable accounting standards.  The final version of the System must successfully pass independent audit performed by a certified auditor.,not about operational,not about operational,0.8321965336799622
The System shall not require additional third party licenses resulting in royalty fees.,operational,not about operational,0.856067419052124
Administrator shall be able to activate a pre-paid card via the Administration section in under 5 seconds.,not about operational,not about operational,0.8322310447692871
 Customer shall be able to check the status of their prepaid card  by entering in the PIN number  in under 5 seconds.,not about operational,not about operational,0.8385565876960754
System shall let customers register on the website as a “pay as you go” user in under 5 minutes.,not about operational,not about operational,0.831426203250885
System shall let customers register on the website as a “unlimited movie subscriber” user in under 10 minutes.,not about operational,not about operational,0.8387530446052551
System shall let existing customers log into the website with their email address and password in under 5 seconds.,not about operational,not about operational,0.8447169065475464
 System shall let customers cancel their account  process shall take no longer than 2 minutes.  Database will mark the account as inactive  and user will not be able to log into the website.,not about operational,not about operational,0.8387230038642883
System shall let administrator de-activate a customer account in under 1 minute. Customer will no longer be able to access the website.,not about operational,not about operational,0.8385796546936035
System shall let administrator add/remove movies on the website in under 5 minutes.  Entered movie information will be stored in the database and will now be available on the website.,not about operational,not about operational,0.8340592980384827
System shall let the administrator add/remove categories on the website in under 5 minutes.,not about operational,not about operational,0.8478103280067444
System shall let Izogn Manager access sales and usage statistics in under 2 minutes.,not about operational,not about operational,0.8482270240783691
System shall let administrators generate unique pre-paid pins in under 2 minutes and generate an Excel file with the generated PINs.,not about operational,not about operational,0.8426553010940552
The website shall be attractive to all audiences.  The website shall appear to be fun and the colors should be bright and vibrant.,not about operational,not about operational,0.818536639213562
 The website should have an African feel  but should not alienate non-Africans.  The website should use animation on pages which are describing the services  to grab the users attention and encourage them to sign up.,not about operational,not about operational,0.8158197999000549
 The website design should be modern  clean  and concise.,not about operational,not about operational,0.8650392293930054
The product should be able to be used by 90% of novice users on the Internet.,not about operational,not about operational,0.833885669708252
 Users should only have to navigate through a maximum of 4 pages  to create an account with the website.,not about operational,not about operational,0.8337595462799072
Users should be able to access their streaming movies in under 2 clicks after logging into the website.,not about operational,not about operational,0.8413339257240295
An anonymous survey will show that 70% of customers are comfortable purchasing streaming movies after 2 weeks using the website.,not about operational,not about operational,0.843241274356842
An anonymous survey will show that 95% of customers are comfortable using and purchasing pre-paid cards after a month of using the system.,not about operational,not about operational,0.8440631031990051
The product shall retain the customer’s buying preferences and information.,not about operational,not about operational,0.8577044606208801
The product shall be easy for customers with novice skills on the  Internet to purchase and watch streaming movies.  Customers should be able to purchase and watch a pre-determined movie in under 3 minutes.,not about operational,not about operational,0.812698483467102
The product shall use symbols and words that are naturally understandable by users familiar with websites,not about operational,not about operational,0.8555769324302673
The website will use standard Internet conventions when interacting with the user.,not about operational,not about operational,0.8523724675178528
 Any interface between a user and the automated system shall have a maximum response time of 5 seconds  unless noted by an exception below.,not about operational,not about operational,0.833488941192627
 When purchasing a streaming movie or pre-paid card via credit card  the processing time should have a maximum response time of 15 seconds.,not about operational,not about operational,0.8324570655822754
 When streaming a movie  the buffering time should take no longer than 10 seconds (plus any latency on the user’s connection.),not about operational,not about operational,0.8408398628234863
 While streaming a movie  buffering should only occur if there is latency in the user’s connection.,not about operational,not about operational,0.8383007049560547
 All credit card information will be secured on the server  and only accessible by authorized Izogn administrators.  Information will be encrypted in the database.,not about operational,not about operational,0.830177903175354
 The website shall be available for use 24 hours per day  365 days per year.,not about operational,not about operational,0.8388023972511292
The website shall achieve 99.5% up time.,not about operational,not about operational,0.859107255935669
 All movies shall be streamed on demand  at any time of the day.,not about operational,not about operational,0.865466833114624
The website shall continue to operate if the streaming server goes down.,not about operational,not about operational,0.8602375984191895
The website shall continue to operate if the payment gateway goes down.,not about operational,not about operational,0.8610669374465942
The streaming server will support 50 simultaneous streaming connections.,not about operational,not about operational,0.8688153624534607
The streaming server will support a maximum of 700 movies  new servers can be added to support more movies.,not about operational,not about operational,0.840770423412323
 The server will support a maximum of 1 000 simultaneous users.,not about operational,not about operational,0.8614258766174316
 The website shall be capable of supporting 100 000 customers.,not about operational,not about operational,0.8661641478538513
The product shall be expected to operate within the maximum maintenance budget for a minimum of 2 years.,not about operational,not about operational,0.8379924297332764
All aspects of the website shall be accessed by a web browser over the Internet.,operational,not about operational,0.8459823131561279
The same hardware supporting the current website will be used to support the new system.,operational,not about operational,0.8491568565368652
 We must be able to interface with the following browsers: IE 5.X  6.0  Netscape 6.x  7.x  8.x and Firefox 1.0.,operational,not about operational,0.8162810802459717
Website must interface with the CyberSource API to process credit card transactions.,operational,not about operational,0.8564071655273438
Website must be fully operational with MSN TV2.,operational,not about operational,0.8795913457870483
Movies shall be encoded and streamed via Windows Media Player 9.0.,operational,not about operational,0.8371667265892029
Movies shall be encoded for 56k and 256k streams.,operational,not about operational,0.8541840314865112
Promotional updates to the website should take a day to update.,not about operational,not about operational,0.844867467880249
Izogn Administrator must be able to update the category listings on the website within 2 minutes.,not about operational,not about operational,0.8392272591590881
Izogn Administrator must be able to add new products to the website within 2 minutes.,not about operational,not about operational,0.837023138999939
The system will provide a 24 hour 800 toll free number for support to its customers.,not about operational,not about operational,0.8409061431884766
The website will provide a help section with answers and solutions to common problems.,not about operational,not about operational,0.845726490020752
 Velkat staff will be available for phone support between 7am-7pm  M-F to provide technical support to the Izogn administrators.,not about operational,not about operational,0.8266899585723877
The product shall be able to be installed in the specified environment within 1 working day.,operational,not about operational,0.8376643061637878
Only registered customers can purchase streaming movies.,not about operational,not about operational,0.8641472458839417
 A customer can only stream a movie if they purchased it  and are within the 2 day viewing period.,not about operational,not about operational,0.844775915145874
Only authorized personnel can access customer records in the database.,not about operational,not about operational,0.8658412098884583
Only administrators can activate a pre-paid card.,not about operational,not about operational,0.8570979237556458
Only authorized personnel can access sales information.,not about operational,not about operational,0.8665959239006042
The website shall prevent its data from being corrupted when incorrect data is entered in.,not about operational,not about operational,0.8408424854278564
 The website shall protect itself from intentional abuse  and notify the administrator at all occurrences.,not about operational,not about operational,0.8394327163696289
Data integrity scripts will be run on a weekly basis to verify the integrity of the database.,not about operational,not about operational,0.8342776298522949
 The website shall make its user aware of its information practices before collection data from them via a Privacy Policy  accessible on all pages of the website.,not about operational,not about operational,0.8297944068908691
The system shall notify customers of changes to its information policy.,not about operational,not about operational,0.8480396270751953
The system shall reveal private information only in compliance with the organization’s information policy.,not about operational,not about operational,0.8337615132331848
 All customer information will be stored on a secure database  accessible only to authorized personnel.,not about operational,not about operational,0.8413152694702148
All credit card information will be encrypted in the database.,not about operational,not about operational,0.85970139503479
The streaming server will have anti-virus software to prevent infection of malicious viruses.,not about operational,not about operational,0.8406617045402527
The website should cater to all tribes in Nigeria.,not about operational,not about operational,0.842208743095398
The website shall not be offensive to religious or ethnic groups.,not about operational,not about operational,0.857147753238678
 The website should appeal to all Africans  not only Nigerians.,not about operational,not about operational,0.8541121482849121
The website should use Flash to provide animation on the home page.,operational,not about operational,0.838195264339447
IzognMovies shall meet the licensing requirements set forth by the appropriate organizations in order to stream African movies.,not about operational,not about operational,0.8399608731269836
The website will comply with W3C standards.,not about operational,not about operational,0.8712656497955322
The PHP code will comply with PEAR standards.,not about operational,not about operational,0.8732053637504578
Total lead cycle time must be completed in 5 minutes for 90% of lead volume between the business hours of 8AM CST to 8PM CST  then 3 minutes for 99% of lead volume during off business hours.,not about operational,not about operational,0.815048098564148
No lead evaluation will complete in a time period longer than 25 seconds for 97% of all leads processed.,not about operational,not about operational,0.8390761613845825
For leads that process longer than 25 seconds the system will record the event and duration,not about operational,not about operational,0.8565648794174194
The process must fit within the processing time conditions set forth by the Auto Rep Assignment process in which a lead is assigned within 3 minutes of the total life cycle.,not about operational,not about operational,0.8323190212249756
The lead washing process will operate within the established physical web service structure.,operational,not about operational,0.8520500063896179
 The washing process must use a non binding  neutral data format  such as xml  when receiving and processing lead data.,operational,not about operational,0.8285344243049622
Defect reports will be available to technical units on a 24x7 basis.,not about operational,not about operational,0.8510559797286987
Washing parameters will be updated during scheduled maintenance hours.,not about operational,not about operational,0.8729829788208008
The product shall simulate the look of ships at sea.,not about operational,not about operational,0.8645868301391602
The product shall display the grids within a circle as a view from a periscope.,not about operational,not about operational,0.8404592275619507
The product shall display each type of ship in a grid using an image of the specific type of ship.,not about operational,not about operational,0.8438982367515564
 When the offensive player takes a shot  the product shall simulate the sound of a ship at sea.,not about operational,not about operational,0.835628867149353
 When a shot is marked as a miss  the product shall simulate the sound of a shot missing its target.,not about operational,not about operational,0.8307875990867615
 When a shot is marked as a hit  the product shall simulate the sound of a shot hitting its target.,not about operational,not about operational,0.8306536078453064
 When a ship is sunk  the product shall simulate the sound of a sinking ship.,not about operational,not about operational,0.8383933305740356
 The product shall be available 24 hours per day  seven days per week.,not about operational,not about operational,0.8503978252410889
The product shall able to handle a large number of games simultaneously.,not about operational,not about operational,0.861064076423645
The response time shall be fast enough to maintain the flow of the game.  The response time shall be no more than 2 seconds for 95% of responses and no more than 4% for the remaining responses.,not about operational,not about operational,0.8254863023757935
The product shall protect the identity of the players. The product shall provide players no access to information that might reveal the identity of another player.,not about operational,not about operational,0.8313972353935242
The product shall be intuitive and self-explanatory.  Nine out ten users shall be able to successfully complete a game with no training.,not about operational,not about operational,0.8303495049476624
 The product shall be available to players who understand English  Spanish and French.  The product shall allow the user to select the language upon accessing the product.,not about operational,not about operational,0.8277329206466675
The product shall provide players no access to information that might reveal the identity of another player,not about operational,not about operational,0.8365263342857361
The response time shall be fast enough to maintain the flow of the game. The response time shall be no more than 2 seconds for 95% of responses and no more than 4% for the remaining responses.,not about operational,not about operational,0.8254863023757935
The system shall be easy to use by callers and supervisors. Callers and supervisors must be able to accomplish any system task within 2 minutes.,not about operational,not about operational,0.8231924176216125
The system shall be easy to learn by callers and supervisors. Callers and supervisors shall learn how to use the system within 10 minutes.,not about operational,not about operational,0.8227362632751465
 The system shall be responsive. At the DePaul TeleServices Center  when a supervisor uses the system to view a callers schedule  the system response time must be no more than 2 seconds 90% of the time and no more than 5 seconds the rest of the time.,not about operational,not about operational,0.8159822225570679
 On a 56k connection  the system response time for all operations must be no more than 6 seconds 90% of the time.,not about operational,not about operational,0.840652585029602
 On a 112k connection or faster  the system response time for all operations must be no more than 3 seconds 90% of the time.,not about operational,not about operational,0.8355547189712524
The system shall have high availability every day of the year.The system must be available for use between 12:00AM and 6:00PM all days of the year.,not about operational,not about operational,0.8293817639350891
The system must be available for use between 7:00AM and 11:59PM all days of the year.,not about operational,not about operational,0.8358449935913086
The product shall be internet browser independent.The product must run using Internet Explorer and Netscape Navigator.,not about operational,not about operational,0.8361639976501465
The product shall ensure that only supervisors can advertise empty time slots.The product must ensure that supervisors are allowed to access advertise empty time slots.,not about operational,not about operational,0.8172256350517273
The product shall ensure that only supervisors can enter a caller’s schedule.The product must ensure that supervisors are allowed to access advertise empty time slots.,not about operational,not about operational,0.8244262933731079
The product shall ensure that only supervisors can view schedule of all callers.The product must ensure that supervisors are allowed to access advertise empty time slots.,not about operational,not about operational,0.824813961982727
 The interface shall have a simple look. In the interface and usability survey  90% of beta testers must report that the interface is adequately simple.,not about operational,not about operational,0.8411039710044861
 The interface shall be appealing to callers and supervisors. In the interface and usability survey  80% of beta testers must report that the interface is appealing.,not about operational,not about operational,0.8432747721672058
The product shall provide GUI based Monitoring Services.System Administrators shall monitor message exchanges will predict and determine problems and will also provide internal and external support.,not about operational,not about operational,0.8260158896446228
The product shall comply with City of Chicago Application Development Guide Framework.Application Development Framework will provide structured Graphical User Interface.,not about operational,not about operational,0.8324977159500122
The product shall provide Monitoring Services.The product shall be easy for System Administrators and DBAs to use after two weeks of usage.,not about operational,not about operational,0.8304045796394348
The product shall provide Error Tracking Services.The product shall help the System Administrators and DBAs to resolve transaction errors 99% of the time.,not about operational,not about operational,0.8347804546356201
The product shall provide Portals.The product shall help System Administrators to analyze the transactions with ad-hoc reporting and KPIs (Key Performance Indicators),not about operational,not about operational,0.8233439922332764
The product shall provide Asynchronous Messaging.The product shall provide asynchronous messaging to enable parallel processing and reduce the overhead in communications,not about operational,not about operational,0.8328045010566711
The product shall provide Multi-threading and Load Balancing.The product shall provide multi-threading technology as well as load balancing to overcome data load spikes and traffic.,not about operational,not about operational,0.8178926706314087
The product shall process messages within 2 seconds.The product shall have a maximum message processing time of 2 seconds,not about operational,not about operational,0.8431231379508972
The product shall poll the system for messages every second.The product shall poll the system for new messages at a maximum of every 1 second.,not about operational,not about operational,0.8269829750061035
The product shall provide Dynamic Change Support and Transparent resource addition.The product shall support Transparent Resource addition and Dynamic Change support to provide scalability and avoid service interruptions of more than 1 day.,not about operational,not about operational,0.8150932192802429
The product shall be available 99% of the time. Rationale: To avoid service interruption during busiest customer service response periods. The product shall be available 99.99% of the time for regular business days.,not about operational,not about operational,0.8232119679450989
The product shall be robust.The product shall have fault avoidance based on standards adoption.,not about operational,not about operational,0.826401948928833
The product shall be robust with fault tolerance.The product shall have fault tolerance by using recovery technique compensatory transaction and routing around failures.,not about operational,not about operational,0.8327433466911316
The product shall be able to process all transactions.The product shall process minimum of 1 million transactions per year.,not about operational,not about operational,0.82421875
The product shall be platform independent.The product shall enable access to any type of development environment and platform.,operational,not about operational,0.8204753994941711
The product shall interface CSR and Datastream.The product shall exchange messages between CSR and EAM on a real time basis without any direct interfaces between two systems.,operational,not about operational,0.828769862651825
 : The product shall continue to operate during upgrade  change or new resource addition.The product shall be able to continue to operate with no interruption in service due to new resource additions.,not about operational,not about operational,0.822813868522644
The product shall be updated on a regular basis.The product will have a new major feature introduced every six months and quarterly maintenance releases every six months.,not about operational,not about operational,0.828697919845581
The product shall operate with every platform.The product shall accommodate any new technology without any change in its architecture.,not about operational,not about operational,0.8333524465560913
 The product shall have security.The product shall provide authentication  and authorization.,not about operational,not about operational,0.8430184721946716
The product shall information Security. The product shall enable privacy by encryption WS-Security and Integrity Checking.,not about operational,not about operational,0.8303256630897522
The product shall have audit capabilities.The product shall store messages for a minimum of one year for audit and transaction tracking purposes.,not about operational,not about operational,0.8259258270263672
The system shall use IBM and CCR branding standards. The interface must have one IBM logo and one CCR logo.,not about operational,not about operational,0.8220161199569702
The system shall be displayable on any work computer a CCR user may have. The system interface shall be formatted to display at 800 by 600 pixel resolution.,not about operational,not about operational,0.838637113571167
The system interface will use CCR nomenclature. The system must use the same nomenclature used in the existing WCS system and reports,not about operational,not about operational,0.8414548635482788
The interface must summarize the data in a fashion that’s appealing to CCR management. Every report type must have at least one high level summary shown in the results dashboard/interface,not about operational,not about operational,0.8216898441314697
The system must use a point and click interface. 100% of all selection and navigation functionality must be able to be activated/selected by either a mouse or a keyboard,not about operational,not about operational,0.8302783966064453
The interface shall be easy to use. 90% of users should be able to successfully use the system to generate a report on their first use. The interface should adhere to IBM usability standards.,not about operational,not about operational,0.8178306221961975
Rreports must be easy to generate. eports must be generated within one button click and exported within one button click (after selecting the report),not about operational,not about operational,0.8259859681129456
A user shall be able to use the system without instruction after a short amount of time. After one use a user should understand and remember 90% of the system usage and navigation.,not about operational,not about operational,0.8191381096839905
All CCR users shall receive training before the WCS system is deployed. One training session will be held for 100% of CCR users before system deployment (based on a CCR user being available),not about operational,not about operational,0.8257688283920288
The WCS system shall use appropriate nomenclature and terminology as defined by the Corporate Community Grants organization. All interfaces and reports will undergo usability tests by CCR users.,not about operational,not about operational,0.8400276899337769
The WCS system shall be available at all times as long as IBM’s internal intranet W3 is accessible. The WCS system will be available 95% of the time IBM’s internal intranet W3 is available.,not about operational,not about operational,0.8243991732597351
The WCS system shall have the ability to connect other designated WCS databases currently not included in the system.,not about operational,not about operational,0.8388150930404663
The WCS system shall have the ability to include data for regions outside the United States and be accessed by users outside of the United States if approved by CCR management.,not about operational,not about operational,0.8314055800437927
The WCS system shall be run in a Windows environment. The WCS shall be accessed by users through the Internet on an IBM computer running a Windows 2000 or above operating system.,operational,not about operational,0.8315811157226562
The Brio portion of the WCS system must be able to export files in spreadsheet form (Microsoft Excel and Lotus 1-2-3 formats).  Brio will provide buttons in the user interface that produce/export reports in .xls or .123 file formats.,operational,not about operational,0.8109538555145264
The WCS system must run queries to the WCS databases once again (on a specified day) to update the available data available to CCR users. Queries must be made to external databases for data refresh once a week.,not about operational,not about operational,0.8101580739021301
 All changes  updates  and additions to the WCS system shall be updated in the WCS Developer and WCS User Guides. Every change must be reflected in WCS system documentation,not about operational,not about operational,0.8182455897331238
The system shall only be accessed by authorized Corporate Community Grants (CCR) employees. Users must be authenticated using their IBM intranet user name and password.,not about operational,not about operational,0.8351253271102905
The WCS system shall not allow automatic logins by any user. Cookies containing WCS login information about a user will not be stored on a user’s computer.,not about operational,not about operational,0.838437020778656
Each team owner will need to use a username and password in order to be authenticated to reach the team owner’s page,not about operational,not about operational,0.8095914721488953
The Commissioner will be the only authorized user per league to adjust league settings.,not about operational,not about operational,0.8397733569145203
Each page shall contain a navigation menu which shows the index into which the current page is contained.,not about operational,not about operational,0.8405551910400391
Each page shall contain a similar format with action items in one location and navigation buttons in a different location.,not about operational,not about operational,0.833039402961731
The message board shall contain the 5 most recently posted messages on the league page. The messages will contain up to the first 150 characters of the message.,not about operational,not about operational,0.840277373790741
;A new user shall be able to navigate through the league and team pages within 30 seconds of reaching the start-up page.,not about operational,not about operational,0.8342092037200928
Users shall be able to reach the ‘add’  ‘drop’  and ‘trade player’ pages with one click from the team owner’s page.,not about operational,not about operational,0.829776406288147
;Users shall be able to view at least 25 NFL player statistics and points on each page.,not about operational,not about operational,0.8339409828186035
The application shall ask the user to confirm dropping a player or trading a player before performing the action.,not about operational,not about operational,0.8351641893386841
The application shall be able to complete every user transaction within one fourth of a second of receiving the request over the network.,not about operational,not about operational,0.8359988331794739
The application shall have a downtime of at most 10 minutes per year.,not about operational,not about operational,0.8514796495437622
The application shall run on a web application server.,operational,not about operational,0.8774354457855225
A primary database will be used to store cached data for active users.,operational,not about operational,0.8516088128089905
A secondary database will be used to store historical statistics and data.,operational,not about operational,0.8458527326583862
Application updates shall occur between 3AM and 6 AM CST on Wednesday morning during the middle of the NFL season.,not about operational,not about operational,0.839247465133667
New System version releases shall be released at the beginning of each NFL season.,not about operational,not about operational,0.853033721446991
The RFS system should be available 24/7  especially during the budgeting period. The RFS system shall be available 90% of the time all year  and 98% during the budgeting period. 2% of the time  the system will become available within 1 hour of the time that the situation is reported.,not about operational,not about operational,0.8070239424705505
98% of the user workstations shall meet the minimum hardware requirements prior to implementation. Minimum Hard Disk Space:  400MB.,operational,not about operational,0.8340027928352356
98% of the user workstations shall meet the minimum software requirements prior to implementation: Microsoft Internet Explorer 5.0. Microsoft .NET Framework 1.1. Microsoft Internet Explorer Web Controls,operational,not about operational,0.8165165185928345
The RFS system should be able to easily interface with the BDW environment  in order to load the data. •;7 data files shall be received from the BDW and loaded into the RFS system within 3 hours one day prior to the start of budgeting process  every year. The data will be as of October month-end. ;Test files (7) shall be loaded up to 5 times throughout the year  from the BDW.,operational,not about operational,0.7998546361923218
Changes to revenue and expense formulae must be applied to the RFS system  every year  prior to the budgeting process start. Revenue and expense formulae will be updated within one week of their receipt  after which 2 weeks will be allotted to testing of the budget calculations  to be conducted jointly by the project development team and PCG Finance.,not about operational,not about operational,0.7982172966003418
New branches/complexes/districts/regions and revenue/expense accounts added to the BDW  must be reflected in the RFS system. 100% of the entities (mentioned above) available as of October month-end  will be loaded into the RFS system  prior to the budget start process.,not about operational,not about operational,0.8039137125015259
Only authorized user shall access the RFS system. ONLY users that exist in the UAS system  with the RFS system assigned to their role(s)  shall access the RFS system and use it.,not about operational,not about operational,0.8030787706375122
;User access should be limited to the permissions granted to their role(s) Each level in the PCG hierarchy will be assigned a role and users will be assigned to these roles. Access to functionality within RFS system is dependent on the privileges/permission assigned to the role..,not about operational,not about operational,0.8040688633918762
The product must comply with the intranet page standards and requirements of ENET Securities. 95% of the product look & feel will be approved by the Architecture group  prior to implementation. The remaining 5% will be corrected and approved within one month of product release.,not about operational,not about operational,0.8135122060775757
 The intranet pages should display appropriately in all resolutions  from 800x600 and higher. The display of all the pages will be correct in 95% of the resolutions  prior to implementation. The remaining 5% will be corrected within a week of notification of the incorrect display.,not about operational,not about operational,0.8207601308822632
The users should be able to easily use the system to successfully complete their budgets  within the stipulated time for completion. With a week of training prior to product implementation  98% of the users shall complete their budgets within the stipulated time.,not about operational,not about operational,0.817000687122345
The product interface should be fast. The response time of the product interface should not exceed 2 seconds 90% of the time. For 10% of the time  the response time should not be more than 10 seconds.not be more than 10 seconds.,not about operational,not about operational,0.823601484298706
