Requirement text,Gold label,Predicated label,ZSL score
The system shall refresh the display every 60 seconds.,not about operational,operational,0.2858837842941284
The application shall match the color of the schema set forth by Department of Homeland Security,not about operational,operational,0.23750440776348114
 If projected  the data must be readable.  On a 10x10 projection screen  90% of viewers must be able to read Event / Activity data from a viewing distance of 30,not about operational,operational,0.28797098994255066
 The product shall be available during normal business hours. As long as the user has access to the client PC  the system will be available 99% of the time during the first six months of operation.,not about operational,operational,0.304684042930603
 If projected  the data must be understandable. On a 10x10 projection screen  90% of viewers must be able to determine that Events or Activities are occuring in current time from a viewing distance of 100,not about operational,operational,0.2936803996562958
The product shall ensure that it can only be accessed by authorized users.  The product will be able to distinguish between authorized and unauthorized users in all access attempts,not about operational,operational,0.1973501592874527
The product shall be intuitive and self-explanatory.  :  90% of new users shall be able to start the display of Events or Activities within 90 minutes of using the product.,not about operational,operational,0.3435000777244568
The product shall respond fast to keep up-to-date data in the display.,not about operational,operational,0.38934507966041565
The look and feel of the system shall conform to the user interface standards of the smart device.,not about operational,operational,0.2701137661933899
 The user interface shall have standard menus  buttons for navigation,not about operational,operational,0.25686612725257874
The system shall have a professional appearance,not about operational,operational,0.5466389656066895
The product shall have a consistent color scheme and fonts.,not about operational,operational,0.28381991386413574
The system shall be used by realtors with no training.,not about operational,not about operational,0.3408486843109131
The system shall be intuitive and self explanatory.,not about operational,operational,0.308342307806015
The product shall be easy for a realtor to learn.,not about operational,operational,0.2520962059497833
The product shall use symbols and words that are naturally understandable by the realtor community.,not about operational,operational,0.20632795989513397
The product shall produce search results in an acceptable time,not about operational,operational,0.4087386727333069
The search results shall be returned no later 30      seconds  after the user has entered the search criteria,not about operational,operational,0.17261706292629242
The product shall generate a CMA report in an acceptable time.,not about operational,operational,0.39588332176208496
The CMA report shall be returned no later 60 seconds after the user has entered the CMA report criteria.,not about operational,operational,0.19832110404968262
The product shall synchronize contacts and appointments in an acceptable time.,not about operational,operational,0.3123079836368561
The product shall synchronize with the office system every hour.,not about operational,operational,0.3480929136276245
 The product shall be available for use 24 hours per day  365 days  per year,not about operational,operational,0.42483797669410706
 Out of 1000 accesses to the system  the system is available 999 times.,not about operational,operational,0.3249967694282532
The product shall operate in offline mode whenever internet connection is unavailable.,not about operational,not about operational,0.30091673135757446
 The product shall allow the user to view previously downloaded search results  CMA reports  and appointments.,not about operational,operational,0.19211483001708984
The product shall retain user preferences in the event of a failure.,not about operational,operational,0.24607878923416138
100% of saved user preferences shall be restored when system comes back online.,not about operational,operational,0.25696271657943726
The product shall be able to support multiple remote users,not about operational,operational,0.31463778018951416
The product shall be able support 1000 simultaneous users.,not about operational,operational,0.3245568871498108
The product shall be capable of handling the existing 1000 users. This number is expected to grow 5 times within the next year.,not about operational,operational,0.16653494536876678
The product shall be installed by an untrained realtor   without recourse to separately-printed instructions.,not about operational,not about operational,0.3197847306728363
90% of untrained realtors shall be able to install the product on their device without printed instructions,not about operational,not about operational,0.25569722056388855
The product is expected to run on Windows CE and Palm operating systems.,not about operational,operational,0.28442996740341187
Only registered realtors shall be able to access the system.,not about operational,not about operational,0.22779299318790436
Every user of the system shall be authenticated and authorized.,not about operational,operational,0.49375614523887634
The product shall prevent its data from incorrect data being introduced.,not about operational,operational,0.27000686526298523
The system shall be easy to use by the Program Administrators/Nursing Staff Members.,not about operational,operational,0.3282596170902252
All of the users shall be able to use the system after one day of training.,not about operational,operational,0.32368895411491394
The system shall help the user avoid making mistakes while scheduling classes and clinicals for the nursing students.,not about operational,not about operational,0.13034206628799438
The number of mistakes noted by the students shall be decreased by 50% in the first year.,not about operational,not about operational,-0.04866091161966324
The system shall be intuitive to the Program Administrators/Nursing Staff Members.,not about operational,operational,0.3158484995365143
2 out of 3 Program Administrators/Nursing Staff Members shall successfully be able to use the system to manage the scheduling of classes and clinicals.,not about operational,operational,0.23009687662124634
The system shall use symbols and words that are naturally understandable by the user community.,not about operational,operational,0.21685059368610382
The verbiage used within the system shall be consistent with Standard English and the terminology of the national Nursing Community.,not about operational,operational,0.2812598645687103
Staff members shall be able to complete a set of tasks in a timely manner.,not about operational,operational,0.5225119590759277
The response time of general student management tasks shall take no longer than 5 seconds and the response time of schedule generation shall take no longer than 30 seconds.,not about operational,not about operational,0.07895314693450928
The system shall be available for use between the hours of 8am and 6pm.,not about operational,operational,0.26029419898986816
The system shall achieve 95% up time.,not about operational,operational,0.392315536737442
system shall be able to handle all of the user requests/usage during business hours.,not about operational,operational,0.3937981128692627
The system shall cater to 10 simultaneous users from 9am to 5pm.,not about operational,operational,0.13117793202400208
The system shall be capable of processing 100% of nursing students and their classes for the next 10 years.,not about operational,operational,0.19501610100269318
The system shall be expected to manage the nursing program curriculum and class/clinical scheduling for a minimum of 5 years.,not about operational,operational,0.13743819296360016
The system shall able to operate within a business office environment typical of the Nursing Department at DePaul University.,operational,operational,0.32361772656440735
The system shall be used within the specifications defined by the computers used by the Program Administrators/Nursing Staff Members.,operational,operational,0.32005974650382996
The system shall operate within the Windows XP Professional operating system.,operational,operational,0.46750006079673767
The system shall interface with CampusConnect’s central server,operational,operational,0.3283376097679138
The system shall interface with the faculty central server.,operational,operational,0.26801246404647827
The system shall interface with the student master server.,operational,operational,0.18551474809646606
We must be able to interface with any HTML browser.,operational,operational,0.22013632953166962
Only authorized users shall have access to clinical site information.,not about operational,not about operational,0.19204436242580414
Program Administrators/Nursing Staff Members are the only people who shall have access to clinical site details.,not about operational,operational,0.17632538080215454
Only authorized users shall have access to students’ personal information.,not about operational,not about operational,0.09922060370445251
Dr Susan Poslusny and Dr Julie Donalek are the only people who shall have access to students’ personal information.,not about operational,not about operational,0.12810057401657104
Only authorized users shall have access to the portion of the system that interfaces with CampusConnect.,not about operational,not about operational,0.2646825313568115
Fit Criterion: Dr Susan Poslusny and Karen Sysol are the only people who shall have access to the final class section scheduling for the system that interfaces with CampusConnect.,not about operational,operational,0.13172262907028198
The system shall have basic data integrity checking to reduce the possibility of incorrect or invalid data being introduced.,not about operational,operational,0.22437424957752228
The system shall protect private information in accordance with the organization’s information policy.,not about operational,operational,0.19488728046417236
The system shall be built such that it is as secure as possible from malicious interference.,not about operational,operational,0.23455911874771118
The system shall use the organization’s standard virus protection software to help monitor threats to itself.,not about operational,operational,0.15720698237419128
The Disputes application shall comply with the corporate standards for user interface creation for internally and externally used applications.,not about operational,operational,0.28367382287979126
All screens created as part of the Disputes application must comply with corporate standards for interface creation.,not about operational,operational,0.26555734872817993
The list of dispute cases that are displayed after a search is performed must be color coded for easy identification of dispute cases based upon the dispute case status.,not about operational,operational,0.08212769776582718
100% of the cardmember and merchant services representatives shall use the Disputes application regularly after a 2-day training course.,not about operational,operational,0.15017756819725037
100% of cardmember services representatives shall be able to successfully create a dispute case on the first encounter after completing the training course.,not about operational,operational,0.2870140075683594
100% of merchant services representatives shall be able to successfully perform a follow up action on a dispute case on the first encounter after completing the training course.,not about operational,operational,0.22478199005126953
The maximum wait time for a user navigating from one screen to another within the Disputes application shall be no more than 5 seconds.,not about operational,not about operational,0.10924803465604782
The Disputes application shall support 350 concurrent users without any degradation of performance in the application.,not about operational,operational,0.193116694688797
 The Disputes application shall be available 24x7x365  with the exception of the following scheduled maintenance windows.  Monday – Saturday 3:00am to 4:00am EST Sunday 1:00amd to 5:00am EST,operational,operational,0.15721532702445984
The Disputes application shall interface with the Statement Database. The Statement Database provides the transaction details to the Disputes System. All transaction details must be obtained from the Statement Database,operational,operational,0.2400239109992981
The Disputes application shall interface with the Cardmember Information Database.  The Cardmember Information Database provides detailed information with regard to a cardmember.  All cardmember detail information must be obtained from the Cardmember Information Database.,operational,operational,0.192043736577034
The Disputes applications shall interface with the Merchant Information Database.  The Merchant Information Database provides detailed information with regard to the merchant. All merchant detail information shall be obtained from the Merchant Information Database.,operational,operational,0.07067976146936417
The Disputes application shall interface with the Letters application.  This will allow the Disputes application to request letters as part of the dispute initiation and dispute follow up process. All letter requests must be sent to the Print Letter Utility application.,operational,operational,0.14891833066940308
The Disputes application shall interface with the Cardmember Posting and Billing System.  This will allow the Disputes application to request adjustments to cardmember and merchant’s accounts. All adjustment requests must be sent to the Cardmember Posting and Billing System.,operational,operational,0.10773970186710358
The Disputes application shall ensure that only users with the appropriate access level are allowed to initiate dispute requests.,not about operational,not about operational,0.18147939443588257
Only users with Update access must be able to initiate dispute requests.,not about operational,not about operational,0.23991233110427856
The Disputes application shall ensure that only authorized users are allowed to logon to the application.,not about operational,not about operational,0.14478249847888947
 All authorized users  once authenticated must be able to logon to the Disputes System,not about operational,operational,0.3013511896133423
The Disputes System shall generate a User Report that details any new users that have been added and any changes to an existing user’s access level.  The report will be reviewed for auditing purposes.,not about operational,operational,0.21503287553787231
All additions of new users and modifications to user’s access shall be recorded on the User Report.,not about operational,operational,0.2702367901802063
 If a user account is revoked  it can only be re-instantiated by the System Administrator.,not about operational,not about operational,0.2617039382457733
Only the System Administrator shall be able to reset a revoked user logon account,not about operational,not about operational,0.14707627892494202
The Disputes application shall manipulate and view business data. Users will not have direct access to data files or databases.,not about operational,not about operational,0.24117298424243927
All updates to data files or database must be initiated from the Disputes System.,not about operational,operational,0.2651766240596771
The Disputes application must conform to the legal requirements as specified by the Merchant Operating Regulations.,not about operational,operational,0.19270998239517212
All business rules specified in the Disputes System shall be in compliance with the Merchant Operating Regulations.,not about operational,operational,0.24045883119106293
The Disputes application must conform to the legal requirements as specified by Regulation E and Regulation Z that govern credit card disputes processing.,not about operational,operational,0.15972308814525604
All business rules specified in the Disputes System shall be in compliance to the guidelines of Regulation E and Regulation Z.,not about operational,operational,0.29210683703422546
The Disputes application must maintain a detailed history of every action that a user takes on a dispute case.  This ensures a complete audit trail if questions arise later on with regard to a particular dispute case.,not about operational,operational,0.3216274678707123
All actions that modify an existing dispute case must be recorded in the case history.,not about operational,operational,0.3117346167564392
The product must support Internet Explorer 5.5 and above.,operational,operational,0.08995170891284943
The product must support Mozilla Firefox 1.0 and above.,operational,operational,0.14207956194877625
The product shall interface with the Choice Parts System.  This provides the feed of recycled parts data.,operational,operational,0.1681247502565384
The product shall run on the existing hardware for all environments.,operational,operational,0.4188145697116852
The product shall adhere to the corporate Architecture guidelines,operational,operational,0.35015371441841125
The product shall comply with corporate User Interface Guidelines,not about operational,operational,0.3615701496601105
The product shall comply with corporate color scheme,not about operational,operational,0.3297136127948761
The appearance of the product shall appear professional,not about operational,operational,0.47275885939598083
The product shall be easy to use by Adjusters and Collision Estimators.  95% of Adjusters and Collision Estimators shall find the product easy to use.,not about operational,operational,0.29265096783638
The product shall increase productivity of Collision Estimators. 80% of the Collision Estimators shall agree their productivity has increase within 1 month of using the product.,not about operational,operational,0.17494216561317444
Users shall feel satisfied using the product.  85% of all users will be satisfied with the product.,not about operational,operational,0.21203941106796265
The product shall be easy to learn by Adjusters and Collision Estimators.  The product shall be learned with two days onsite training,not about operational,operational,0.2291528880596161
The user shall easily locate instructions while using the product.  User help can be found within 90% of the system.,not about operational,operational,0.3818078637123108
The search for recycled parts shall take no longer than 15 seconds.  The search results shall be returned in under 15 seconds.,not about operational,operational,0.13020393252372742
The search for the preferred repair facility shall take no longer than 8 seconds.  The preferred repair facility is returned within 8 seconds,not about operational,operational,0.19523701071739197
The recycled parts audit report shall be returned to the user within 10 seconds.  The audit report shall be returned within 10 seconds.,not about operational,operational,0.18034623563289642
The preferred repair facility ratings shall be saved within 5 seconds. The save shall occur within 5 seconds.,not about operational,operational,0.042562443763017654
The product shall adhere to the corporate online availability schedule.  The application is brought down only within 98% of the scheduled outages per the availability schedule.,not about operational,operational,0.25330841541290283
The product shall achieve a 98% uptime. The product shall not fail more than 2% of the available online time.,not about operational,operational,0.26816341280937195
The product shall be able to handle up to 1500 simultaneous users. The system shall perform with 1500 users as a time.,not about operational,operational,0.3050819933414459
 The average number of recycled parts records per day shall be 50 000.,not about operational,operational,0.02528391033411026
 The product shall be able to handle 10 000 concurrent users within 2 years of the initial launch.,not about operational,operational,0.1950615793466568
 For estimators  the product shall be able to be operated in a repair facility during dirty and noisy conditions.,operational,operational,0.3342810273170471
The product shall interface with the ChoiceParts system once per day at approximately 1:00 AM.,operational,operational,0.28029510378837585
The maintenance of the product will fall within the established corporate maintenance windows.,operational,operational,0.46601396799087524
The product shall be supported using the corporate support center.,operational,operational,0.37455251812934875
Product installations and upgrades shall be handled by the middleware technology team within established launch time frames.,operational,operational,0.334573358297348
Only adjusters can request recycled parts audit reports. No users without an adjuster role shall request recycled parts audits.,not about operational,not about operational,0.23615899682044983
Only adjusters with a supervisor role can update preferred repair facility ratings. Users without the supervisor role cannot access the repair facility ratings.,not about operational,not about operational,0.2986195981502533
Only collision estimators shall search for recycled parts.  Users without the collision estimator role shall not have access to the search for recycled parts.,not about operational,not about operational,0.221559077501297
Only valid data shall be entered into the system.  No invalid data shall be entered into the system.,not about operational,not about operational,0.26851052045822144
One insurance company shall not be able to view another insurance companys claim data.,not about operational,not about operational,0.2790266275405884
The product shall free of computer viruses.,not about operational,not about operational,0.11290857195854187
The system shall prevent malicious attacks including denial of service.,not about operational,not about operational,0.19869928061962128
The product must comply with Sarbanes-Oxley.,not about operational,operational,0.32223331928253174
The product shall comply with the estimatics laws relating to recycled parts usage.,not about operational,operational,0.24619005620479584
The product shall comply with insurance regulations regarding claims processing.,not about operational,operational,0.35258108377456665
 The product must work with most database management systems (DBMS) on the market  whether the DBMS is colocated with the product on the same machine or is located on a different machine on the computer network.,operational,operational,0.17150649428367615
The product will function alongside server software on any operating system where the Java runtime can be installed.,operational,operational,0.2602623999118805
The product will require collaboration with a database management system (DBMS).  The DBMS may be located on the same machine as the product or on a separate machine residing on the same computer network.,operational,operational,0.14385312795639038
 The product must make use of web/application server technology.  Open source examples include Apache web server  Tomcat  and the JBoss application server.,operational,operational,0.2214292734861374
 A database management system such as Oracle  DB2  MySql or HSQL will need to be integrated with the product.,operational,operational,0.2714901566505432
 The product’s Look and Feel shall be able to incorporate aspects of the customer’s organization such as logo  branding  and identity,not about operational,operational,0.3106883764266968
The product shall have a conservative and professional appearance.,not about operational,operational,0.2990841269493103
The product shall make the users want to use it. 80% of the users surveyed report they are regularly using the product after the first 2 weeks post-launch.,not about operational,operational,0.1886196881532669
The product shall be easy to use. 90% of users will be able to successfully reserve a conference room within 5 minutes of product use.,not about operational,operational,0.15895038843154907
The product shall give users feedback when necessary. 80% of the users surveyed report that the product accurately confirms their actions.,not about operational,operational,0.3331974148750305
The product shall allow the user to select a chosen language from one of the target market countries.,not about operational,operational,0.15453527867794037
The product shall allow for customization of start page and views preferences.,not about operational,operational,0.2278764694929123
 An employee will be able to successfully use the product within a few minutes.  After informally navigating the product for less than 15 minutes  users shall be able to successfully setup meetings and reserve conference rooms.,not about operational,operational,0.2158132791519165
The product shall use a standard navigation menu familiar to most web users.,not about operational,operational,0.2542472183704376
The product shall allow for intuitive searching of available conference rooms.,not about operational,operational,0.3199138045310974
The product shall conform to the Americans with Disabilities Act.,not about operational,operational,0.23962165415287018
The response shall be fast enough to avoid interrupting the user’s flow of thought.  90% of tasks shall complete within 5 seconds.  98% of tasks shall complete within 8 seconds.,not about operational,operational,0.2230127453804016
 Aside from server failure  the software product shall achieve 99.99% up time.,not about operational,operational,0.19712813198566437
The product shall create an exception log of problems encountered within the product for transmission to our company for analysis and resolution.,not about operational,operational,0.16494329273700714
 The product shall be capable of handling up to 1 000 concurrent requests.  This number will increase to 2 000 by Release 2.  The concurrency capacity must be able to handle peak scheduling times such as early morning and late afternoon hours.,not about operational,operational,0.3363248109817505
 The product shall be able to process 10 000 transactions per hour within two years of its launch.  This number will increase to 20 000 by Release 2.,not about operational,operational,0.11311010271310806
The product shall be expected to operate for at least 5 years for each customer installation.,not about operational,operational,0.20841167867183685
The product shall be used in office environments.,operational,operational,0.4183621108531952
The product must be able to interface with any HTML browser.  The product shall transmit data between the user and the product without problems. The product shall display HTML properly in 80% of all HTML browsers tested (minimum is to test 8 browsers).,operational,operational,0.24372106790542603
The product must be able to interface with various database management systems. The product shall communicate successfully with the database management system on 100% of all transactions.,operational,operational,0.33705705404281616
The product must be able to interface with various email servers. The product shall be able to send email.,operational,operational,0.2139662206172943
The product shall be available for distribution via the Internet as a binary or ZIP file.,operational,operational,0.11878101527690887
The product shall be available for distribution as a packaged CD.,operational,operational,0.2278635948896408
 The product will be available for licensing as a one-server  two-five servers  or five-or-more servers license.,operational,operational,0.18524174392223358
A new user must be able to be added to the system within 10 minutes.  90% of new users are able to log into the system within 10 minutes.,not about operational,operational,0.20305576920509338
The product must be designed using Design Patterns and coding best practices.  90% of maintenance software developers are able to integrate new functionality into the product with 2 working days.,not about operational,operational,0.2461804747581482
The product must be highly configurable for use with various database management systems for the end users.  80% of end users are able to integrate new database management systems with the product without changing the product’s software code.,not about operational,operational,0.25998616218566895
Maintenance releases will be offered to customers once a year.  The releases shall take no longer than 5 minutes for 80% of the customer base to install.,not about operational,operational,0.1118752583861351
Every registered user will have access to the product’s support site via the Internet.  70% of registered users shall find a solution to their problem within 5 minutes of using the support site.,not about operational,operational,0.08463180810213089
The customer shall be able to easily integrate new building maps with the product throughout the product’s lifecycle.  Integration of new maps with the product shall be possible with little to no support from product support staff.,not about operational,not about operational,0.16903898119926453
 The product shall be translated into foreign languages other than the target market countries’ languages in future releases.  For each emerging target market  it shall take no more than 5 days to configure the product for that market’s language.,not about operational,operational,0.0052728732116520405
 The product is expected to integrate with multiple database management systems.  The product will operate with Oracle  SQL Server  DB2  MySQL  HSQL  and MS Access.,operational,operational,0.2903243601322174
The product shall be able to be installed in any operating environment within 2 days.,operational,operational,0.36337268352508545
The product shall ensure that only company employees or external users with company-approved user IDs may have product access.  100% of all logons shall be by either company employees or external users with company-approved user IDs.,not about operational,operational,0.18315985798835754
Only managers are able to perform search queries for reservations by user.  100% of all search queries for reservations by user shall be from logons of only management logons.,not about operational,not about operational,0.16571637988090515
The product shall ensure that the database’s data corresponds to the data entered by the user.  Each conference room reservation in the system will contain the same information as was entered by the user.,not about operational,operational,0.23762953281402588
The product shall prevent the input of malicious data.  The product and/or adjacent hardware/software systems’ data shall remain 100% uncorrupted each time malicious data is input into the product.,not about operational,operational,0.21228300034999847
The product and/or dependent databases/filesystems shall remain operational as a result of the input of malicious data.  The product and/or dependent databases/filesystems shall not crash 100% of the time that malicious data is input into the product.,not about operational,operational,0.255449503660202
The product shall have the ability to receive automatic software updates as new threats emerge.  100% of customers will be able to receive automatic software updates transmitted to the installed product.,not about operational,operational,0.3353005349636078
The language of the product shall accommodate all of the target market countries. 90% of survey respondents from each target market country will find that the language of the product is acceptable.,not about operational,operational,0.2134198546409607
The product shall be able to display calendar dates and times according to the user’s locale.  90% of survey respondents from each target market country will find that the date and time formatting of the product is correct.,not about operational,operational,0.26143354177474976
The product must be developed with the J2SE/J2EE programming language libraries,operational,operational,0.1687995195388794
Recreation of Inventory Quantity Adjustment for the period of previous 30 days shall take no more than 30min.,not about operational,operational,0.218054860830307
The System shall allow for a minimum of  6 users to work at the same time.,not about operational,operational,0.32141828536987305
The System shall utilize currently owned computer equipment.,operational,operational,0.4581942856311798
The System shall be able to automatically backup business data and restore them on demand.,operational,operational,0.29433056712150574
The System shall maintain consistent security.  Any changes in user passwords and/or permissions should take affect in all parts of the System.,not about operational,operational,0.28491607308387756
The System shall granularly control access rights to all major subsystems.  It should be possible to assign access rights to all subsystems independently.,not about operational,operational,0.2586396336555481
The System shall meet all applicable accounting standards.  The final version of the System must successfully pass independent audit performed by a certified auditor.,not about operational,operational,0.3789297938346863
The System shall not require additional third party licenses resulting in royalty fees.,operational,not about operational,0.27664172649383545
Administrator shall be able to activate a pre-paid card via the Administration section in under 5 seconds.,not about operational,operational,0.1754046380519867
 Customer shall be able to check the status of their prepaid card  by entering in the PIN number  in under 5 seconds.,not about operational,operational,0.02967970445752144
System shall let customers register on the website as a “pay as you go” user in under 5 minutes.,not about operational,operational,-0.005861304700374603
System shall let customers register on the website as a “unlimited movie subscriber” user in under 10 minutes.,not about operational,operational,0.13181103765964508
System shall let existing customers log into the website with their email address and password in under 5 seconds.,not about operational,operational,0.016456007957458496
 System shall let customers cancel their account  process shall take no longer than 2 minutes.  Database will mark the account as inactive  and user will not be able to log into the website.,not about operational,not about operational,0.18829026818275452
System shall let administrator de-activate a customer account in under 1 minute. Customer will no longer be able to access the website.,not about operational,operational,0.1528628021478653
System shall let administrator add/remove movies on the website in under 5 minutes.  Entered movie information will be stored in the database and will now be available on the website.,not about operational,operational,0.02726396918296814
System shall let the administrator add/remove categories on the website in under 5 minutes.,not about operational,operational,0.04066121578216553
System shall let Izogn Manager access sales and usage statistics in under 2 minutes.,not about operational,operational,0.1484883725643158
System shall let administrators generate unique pre-paid pins in under 2 minutes and generate an Excel file with the generated PINs.,not about operational,operational,0.13687334954738617
The website shall be attractive to all audiences.  The website shall appear to be fun and the colors should be bright and vibrant.,not about operational,operational,0.14751599729061127
 The website should have an African feel  but should not alienate non-Africans.  The website should use animation on pages which are describing the services  to grab the users attention and encourage them to sign up.,not about operational,operational,0.05543966218829155
 The website design should be modern  clean  and concise.,not about operational,operational,0.29215821623802185
The product should be able to be used by 90% of novice users on the Internet.,not about operational,operational,0.17169663310050964
 Users should only have to navigate through a maximum of 4 pages  to create an account with the website.,not about operational,not about operational,0.10047450661659241
Users should be able to access their streaming movies in under 2 clicks after logging into the website.,not about operational,operational,0.06543760001659393
An anonymous survey will show that 70% of customers are comfortable purchasing streaming movies after 2 weeks using the website.,not about operational,operational,-0.009442484006285667
An anonymous survey will show that 95% of customers are comfortable using and purchasing pre-paid cards after a month of using the system.,not about operational,operational,0.05465763434767723
The product shall retain the customer’s buying preferences and information.,not about operational,operational,0.1531214565038681
The product shall be easy for customers with novice skills on the  Internet to purchase and watch streaming movies.  Customers should be able to purchase and watch a pre-determined movie in under 3 minutes.,not about operational,operational,0.06381070613861084
The product shall use symbols and words that are naturally understandable by users familiar with websites,not about operational,operational,0.2210739105939865
The website will use standard Internet conventions when interacting with the user.,not about operational,operational,0.2332334816455841
 Any interface between a user and the automated system shall have a maximum response time of 5 seconds  unless noted by an exception below.,not about operational,not about operational,0.12319035828113556
 When purchasing a streaming movie or pre-paid card via credit card  the processing time should have a maximum response time of 15 seconds.,not about operational,operational,0.06029296666383743
 When streaming a movie  the buffering time should take no longer than 10 seconds (plus any latency on the user’s connection.),not about operational,not about operational,0.1251530796289444
 While streaming a movie  buffering should only occur if there is latency in the user’s connection.,not about operational,not about operational,0.2013324350118637
 All credit card information will be secured on the server  and only accessible by authorized Izogn administrators.  Information will be encrypted in the database.,not about operational,operational,0.1433277428150177
 The website shall be available for use 24 hours per day  365 days per year.,not about operational,operational,0.35527169704437256
The website shall achieve 99.5% up time.,not about operational,operational,0.12313234806060791
 All movies shall be streamed on demand  at any time of the day.,not about operational,operational,0.26483988761901855
The website shall continue to operate if the streaming server goes down.,not about operational,not about operational,0.1912086308002472
The website shall continue to operate if the payment gateway goes down.,not about operational,not about operational,0.21527200937271118
The streaming server will support 50 simultaneous streaming connections.,not about operational,operational,0.1083541065454483
The streaming server will support a maximum of 700 movies  new servers can be added to support more movies.,not about operational,operational,0.2213319092988968
 The server will support a maximum of 1 000 simultaneous users.,not about operational,operational,0.2712709307670593
 The website shall be capable of supporting 100 000 customers.,not about operational,operational,0.24989113211631775
The product shall be expected to operate within the maximum maintenance budget for a minimum of 2 years.,not about operational,operational,0.3039607107639313
All aspects of the website shall be accessed by a web browser over the Internet.,operational,operational,0.14682471752166748
The same hardware supporting the current website will be used to support the new system.,operational,operational,0.2977966368198395
 We must be able to interface with the following browsers: IE 5.X  6.0  Netscape 6.x  7.x  8.x and Firefox 1.0.,operational,operational,0.16869843006134033
Website must interface with the CyberSource API to process credit card transactions.,operational,operational,0.14069253206253052
Website must be fully operational with MSN TV2.,operational,operational,0.42040276527404785
Movies shall be encoded and streamed via Windows Media Player 9.0.,operational,operational,0.16764476895332336
Movies shall be encoded for 56k and 256k streams.,operational,operational,0.045879412442445755
Promotional updates to the website should take a day to update.,not about operational,operational,0.22082918882369995
Izogn Administrator must be able to update the category listings on the website within 2 minutes.,not about operational,operational,0.16118644177913666
Izogn Administrator must be able to add new products to the website within 2 minutes.,not about operational,operational,0.09977752715349197
The system will provide a 24 hour 800 toll free number for support to its customers.,not about operational,operational,0.19029338657855988
The website will provide a help section with answers and solutions to common problems.,not about operational,operational,0.12001600861549377
 Velkat staff will be available for phone support between 7am-7pm  M-F to provide technical support to the Izogn administrators.,not about operational,operational,0.2576739192008972
The product shall be able to be installed in the specified environment within 1 working day.,operational,operational,0.40627172589302063
Only registered customers can purchase streaming movies.,not about operational,not about operational,0.13921938836574554
 A customer can only stream a movie if they purchased it  and are within the 2 day viewing period.,not about operational,not about operational,0.0437764972448349
Only authorized personnel can access customer records in the database.,not about operational,not about operational,0.26020070910453796
Only administrators can activate a pre-paid card.,not about operational,not about operational,0.23555965721607208
Only authorized personnel can access sales information.,not about operational,not about operational,0.2756463289260864
The website shall prevent its data from being corrupted when incorrect data is entered in.,not about operational,not about operational,0.2003147453069687
 The website shall protect itself from intentional abuse  and notify the administrator at all occurrences.,not about operational,not about operational,0.19611579179763794
Data integrity scripts will be run on a weekly basis to verify the integrity of the database.,not about operational,operational,0.21837188303470612
 The website shall make its user aware of its information practices before collection data from them via a Privacy Policy  accessible on all pages of the website.,not about operational,operational,0.14173521101474762
The system shall notify customers of changes to its information policy.,not about operational,not about operational,0.3573569655418396
The system shall reveal private information only in compliance with the organization’s information policy.,not about operational,not about operational,0.26581478118896484
 All customer information will be stored on a secure database  accessible only to authorized personnel.,not about operational,operational,0.2797539234161377
All credit card information will be encrypted in the database.,not about operational,operational,0.18181639909744263
The streaming server will have anti-virus software to prevent infection of malicious viruses.,not about operational,operational,0.02362167462706566
The website should cater to all tribes in Nigeria.,not about operational,operational,0.09055332839488983
The website shall not be offensive to religious or ethnic groups.,not about operational,not about operational,0.2838061451911926
 The website should appeal to all Africans  not only Nigerians.,not about operational,operational,0.13149552047252655
The website should use Flash to provide animation on the home page.,operational,operational,0.04522554203867912
IzognMovies shall meet the licensing requirements set forth by the appropriate organizations in order to stream African movies.,not about operational,operational,0.09695722162723541
The website will comply with W3C standards.,not about operational,operational,0.3444090783596039
The PHP code will comply with PEAR standards.,not about operational,operational,0.16028635203838348
Total lead cycle time must be completed in 5 minutes for 90% of lead volume between the business hours of 8AM CST to 8PM CST  then 3 minutes for 99% of lead volume during off business hours.,not about operational,operational,0.02340131811797619
No lead evaluation will complete in a time period longer than 25 seconds for 97% of all leads processed.,not about operational,not about operational,0.07634758204221725
For leads that process longer than 25 seconds the system will record the event and duration,not about operational,operational,0.20894354581832886
The process must fit within the processing time conditions set forth by the Auto Rep Assignment process in which a lead is assigned within 3 minutes of the total life cycle.,not about operational,operational,0.28736916184425354
The lead washing process will operate within the established physical web service structure.,operational,operational,0.2133418172597885
 The washing process must use a non binding  neutral data format  such as xml  when receiving and processing lead data.,operational,not about operational,0.09222210198640823
Defect reports will be available to technical units on a 24x7 basis.,not about operational,operational,0.28366148471832275
Washing parameters will be updated during scheduled maintenance hours.,not about operational,operational,0.31475934386253357
The product shall simulate the look of ships at sea.,not about operational,operational,0.2636050283908844
The product shall display the grids within a circle as a view from a periscope.,not about operational,operational,0.24335631728172302
The product shall display each type of ship in a grid using an image of the specific type of ship.,not about operational,operational,0.21463537216186523
 When the offensive player takes a shot  the product shall simulate the sound of a ship at sea.,not about operational,operational,0.16478729248046875
 When a shot is marked as a miss  the product shall simulate the sound of a shot missing its target.,not about operational,not about operational,0.1820002794265747
 When a shot is marked as a hit  the product shall simulate the sound of a shot hitting its target.,not about operational,operational,0.22342553734779358
 When a ship is sunk  the product shall simulate the sound of a sinking ship.,not about operational,operational,0.04647182300686836
 The product shall be available 24 hours per day  seven days per week.,not about operational,operational,0.3674130141735077
The product shall able to handle a large number of games simultaneously.,not about operational,operational,0.3419806957244873
The response time shall be fast enough to maintain the flow of the game.  The response time shall be no more than 2 seconds for 95% of responses and no more than 4% for the remaining responses.,not about operational,operational,0.22481824457645416
The product shall protect the identity of the players. The product shall provide players no access to information that might reveal the identity of another player.,not about operational,not about operational,0.20419491827487946
The product shall be intuitive and self-explanatory.  Nine out ten users shall be able to successfully complete a game with no training.,not about operational,not about operational,0.23395653069019318
 The product shall be available to players who understand English  Spanish and French.  The product shall allow the user to select the language upon accessing the product.,not about operational,operational,0.06869375705718994
The product shall provide players no access to information that might reveal the identity of another player,not about operational,not about operational,0.3846983313560486
The response time shall be fast enough to maintain the flow of the game. The response time shall be no more than 2 seconds for 95% of responses and no more than 4% for the remaining responses.,not about operational,operational,0.22481824457645416
The system shall be easy to use by callers and supervisors. Callers and supervisors must be able to accomplish any system task within 2 minutes.,not about operational,operational,0.3010006546974182
The system shall be easy to learn by callers and supervisors. Callers and supervisors shall learn how to use the system within 10 minutes.,not about operational,operational,0.23215351998806
 The system shall be responsive. At the DePaul TeleServices Center  when a supervisor uses the system to view a callers schedule  the system response time must be no more than 2 seconds 90% of the time and no more than 5 seconds the rest of the time.,not about operational,operational,0.23598913848400116
 On a 56k connection  the system response time for all operations must be no more than 6 seconds 90% of the time.,not about operational,operational,0.15323247015476227
 On a 112k connection or faster  the system response time for all operations must be no more than 3 seconds 90% of the time.,not about operational,operational,0.17986446619033813
The system shall have high availability every day of the year.The system must be available for use between 12:00AM and 6:00PM all days of the year.,not about operational,operational,0.3658633232116699
The system must be available for use between 7:00AM and 11:59PM all days of the year.,not about operational,operational,0.31508928537368774
The product shall be internet browser independent.The product must run using Internet Explorer and Netscape Navigator.,not about operational,not about operational,0.1960844099521637
The product shall ensure that only supervisors can advertise empty time slots.The product must ensure that supervisors are allowed to access advertise empty time slots.,not about operational,not about operational,0.25958451628685
The product shall ensure that only supervisors can enter a caller’s schedule.The product must ensure that supervisors are allowed to access advertise empty time slots.,not about operational,not about operational,0.2798837125301361
The product shall ensure that only supervisors can view schedule of all callers.The product must ensure that supervisors are allowed to access advertise empty time slots.,not about operational,not about operational,0.25836440920829773
 The interface shall have a simple look. In the interface and usability survey  90% of beta testers must report that the interface is adequately simple.,not about operational,operational,0.2719539999961853
 The interface shall be appealing to callers and supervisors. In the interface and usability survey  80% of beta testers must report that the interface is appealing.,not about operational,operational,0.23990000784397125
The product shall provide GUI based Monitoring Services.System Administrators shall monitor message exchanges will predict and determine problems and will also provide internal and external support.,not about operational,operational,0.2581842541694641
The product shall comply with City of Chicago Application Development Guide Framework.Application Development Framework will provide structured Graphical User Interface.,not about operational,operational,0.22349302470684052
The product shall provide Monitoring Services.The product shall be easy for System Administrators and DBAs to use after two weeks of usage.,not about operational,operational,0.3030700981616974
The product shall provide Error Tracking Services.The product shall help the System Administrators and DBAs to resolve transaction errors 99% of the time.,not about operational,operational,0.20341062545776367
The product shall provide Portals.The product shall help System Administrators to analyze the transactions with ad-hoc reporting and KPIs (Key Performance Indicators),not about operational,operational,0.28399959206581116
The product shall provide Asynchronous Messaging.The product shall provide asynchronous messaging to enable parallel processing and reduce the overhead in communications,not about operational,operational,0.1735784411430359
The product shall provide Multi-threading and Load Balancing.The product shall provide multi-threading technology as well as load balancing to overcome data load spikes and traffic.,not about operational,operational,0.26373791694641113
The product shall process messages within 2 seconds.The product shall have a maximum message processing time of 2 seconds,not about operational,operational,0.20537005364894867
The product shall poll the system for messages every second.The product shall poll the system for new messages at a maximum of every 1 second.,not about operational,operational,0.13193491101264954
The product shall provide Dynamic Change Support and Transparent resource addition.The product shall support Transparent Resource addition and Dynamic Change support to provide scalability and avoid service interruptions of more than 1 day.,not about operational,operational,0.38519638776779175
The product shall be available 99% of the time. Rationale: To avoid service interruption during busiest customer service response periods. The product shall be available 99.99% of the time for regular business days.,not about operational,operational,0.3007330596446991
The product shall be robust.The product shall have fault avoidance based on standards adoption.,not about operational,operational,0.27616387605667114
The product shall be robust with fault tolerance.The product shall have fault tolerance by using recovery technique compensatory transaction and routing around failures.,not about operational,operational,0.2222989946603775
The product shall be able to process all transactions.The product shall process minimum of 1 million transactions per year.,not about operational,operational,0.3472057580947876
The product shall be platform independent.The product shall enable access to any type of development environment and platform.,operational,operational,0.3753076493740082
The product shall interface CSR and Datastream.The product shall exchange messages between CSR and EAM on a real time basis without any direct interfaces between two systems.,operational,not about operational,0.326122909784317
 : The product shall continue to operate during upgrade  change or new resource addition.The product shall be able to continue to operate with no interruption in service due to new resource additions.,not about operational,operational,0.40772753953933716
The product shall be updated on a regular basis.The product will have a new major feature introduced every six months and quarterly maintenance releases every six months.,not about operational,operational,0.3717440068721771
The product shall operate with every platform.The product shall accommodate any new technology without any change in its architecture.,not about operational,operational,0.3687886893749237
 The product shall have security.The product shall provide authentication  and authorization.,not about operational,operational,0.31903716921806335
The product shall information Security. The product shall enable privacy by encryption WS-Security and Integrity Checking.,not about operational,operational,0.20073649287223816
The product shall have audit capabilities.The product shall store messages for a minimum of one year for audit and transaction tracking purposes.,not about operational,operational,0.33199089765548706
The system shall use IBM and CCR branding standards. The interface must have one IBM logo and one CCR logo.,not about operational,operational,0.20718885958194733
The system shall be displayable on any work computer a CCR user may have. The system interface shall be formatted to display at 800 by 600 pixel resolution.,not about operational,operational,0.2641073763370514
The system interface will use CCR nomenclature. The system must use the same nomenclature used in the existing WCS system and reports,not about operational,operational,0.2141234576702118
The interface must summarize the data in a fashion that’s appealing to CCR management. Every report type must have at least one high level summary shown in the results dashboard/interface,not about operational,operational,0.3188612163066864
The system must use a point and click interface. 100% of all selection and navigation functionality must be able to be activated/selected by either a mouse or a keyboard,not about operational,operational,0.2611539959907532
The interface shall be easy to use. 90% of users should be able to successfully use the system to generate a report on their first use. The interface should adhere to IBM usability standards.,not about operational,operational,0.3393227458000183
Rreports must be easy to generate. eports must be generated within one button click and exported within one button click (after selecting the report),not about operational,operational,0.2952813506126404
A user shall be able to use the system without instruction after a short amount of time. After one use a user should understand and remember 90% of the system usage and navigation.,not about operational,operational,0.26774725317955017
All CCR users shall receive training before the WCS system is deployed. One training session will be held for 100% of CCR users before system deployment (based on a CCR user being available),not about operational,operational,0.24173325300216675
The WCS system shall use appropriate nomenclature and terminology as defined by the Corporate Community Grants organization. All interfaces and reports will undergo usability tests by CCR users.,not about operational,operational,0.2332455813884735
The WCS system shall be available at all times as long as IBM’s internal intranet W3 is accessible. The WCS system will be available 95% of the time IBM’s internal intranet W3 is available.,not about operational,operational,0.35351285338401794
The WCS system shall have the ability to connect other designated WCS databases currently not included in the system.,not about operational,operational,0.15472806990146637
The WCS system shall have the ability to include data for regions outside the United States and be accessed by users outside of the United States if approved by CCR management.,not about operational,operational,0.18262508511543274
The WCS system shall be run in a Windows environment. The WCS shall be accessed by users through the Internet on an IBM computer running a Windows 2000 or above operating system.,operational,operational,0.18371698260307312
The Brio portion of the WCS system must be able to export files in spreadsheet form (Microsoft Excel and Lotus 1-2-3 formats).  Brio will provide buttons in the user interface that produce/export reports in .xls or .123 file formats.,operational,operational,0.13863758742809296
The WCS system must run queries to the WCS databases once again (on a specified day) to update the available data available to CCR users. Queries must be made to external databases for data refresh once a week.,not about operational,operational,0.15345022082328796
 All changes  updates  and additions to the WCS system shall be updated in the WCS Developer and WCS User Guides. Every change must be reflected in WCS system documentation,not about operational,operational,0.2857867479324341
The system shall only be accessed by authorized Corporate Community Grants (CCR) employees. Users must be authenticated using their IBM intranet user name and password.,not about operational,not about operational,0.1772661656141281
The WCS system shall not allow automatic logins by any user. Cookies containing WCS login information about a user will not be stored on a user’s computer.,not about operational,not about operational,0.3259478807449341
Each team owner will need to use a username and password in order to be authenticated to reach the team owner’s page,not about operational,operational,0.1208995133638382
The Commissioner will be the only authorized user per league to adjust league settings.,not about operational,not about operational,0.12196620553731918
Each page shall contain a navigation menu which shows the index into which the current page is contained.,not about operational,operational,0.23833408951759338
Each page shall contain a similar format with action items in one location and navigation buttons in a different location.,not about operational,operational,0.30090633034706116
The message board shall contain the 5 most recently posted messages on the league page. The messages will contain up to the first 150 characters of the message.,not about operational,operational,-0.028023263439536095
;A new user shall be able to navigate through the league and team pages within 30 seconds of reaching the start-up page.,not about operational,operational,0.14763423800468445
Users shall be able to reach the ‘add’  ‘drop’  and ‘trade player’ pages with one click from the team owner’s page.,not about operational,operational,0.1480083167552948
;Users shall be able to view at least 25 NFL player statistics and points on each page.,not about operational,operational,0.12327638268470764
The application shall ask the user to confirm dropping a player or trading a player before performing the action.,not about operational,not about operational,0.091371551156044
The application shall be able to complete every user transaction within one fourth of a second of receiving the request over the network.,not about operational,operational,0.29868489503860474
The application shall have a downtime of at most 10 minutes per year.,not about operational,not about operational,0.1267567127943039
The application shall run on a web application server.,operational,operational,0.19217059016227722
A primary database will be used to store cached data for active users.,operational,operational,0.31947487592697144
A secondary database will be used to store historical statistics and data.,operational,operational,0.11794763058423996
Application updates shall occur between 3AM and 6 AM CST on Wednesday morning during the middle of the NFL season.,not about operational,operational,0.16190633177757263
New System version releases shall be released at the beginning of each NFL season.,not about operational,operational,0.1634700745344162
The RFS system should be available 24/7  especially during the budgeting period. The RFS system shall be available 90% of the time all year  and 98% during the budgeting period. 2% of the time  the system will become available within 1 hour of the time that the situation is reported.,not about operational,operational,0.3191589415073395
98% of the user workstations shall meet the minimum hardware requirements prior to implementation. Minimum Hard Disk Space:  400MB.,operational,operational,0.21746627986431122
98% of the user workstations shall meet the minimum software requirements prior to implementation: Microsoft Internet Explorer 5.0. Microsoft .NET Framework 1.1. Microsoft Internet Explorer Web Controls,operational,operational,0.22410458326339722
The RFS system should be able to easily interface with the BDW environment  in order to load the data. •;7 data files shall be received from the BDW and loaded into the RFS system within 3 hours one day prior to the start of budgeting process  every year. The data will be as of October month-end. ;Test files (7) shall be loaded up to 5 times throughout the year  from the BDW.,operational,operational,0.2181016504764557
Changes to revenue and expense formulae must be applied to the RFS system  every year  prior to the budgeting process start. Revenue and expense formulae will be updated within one week of their receipt  after which 2 weeks will be allotted to testing of the budget calculations  to be conducted jointly by the project development team and PCG Finance.,not about operational,operational,0.15758579969406128
New branches/complexes/districts/regions and revenue/expense accounts added to the BDW  must be reflected in the RFS system. 100% of the entities (mentioned above) available as of October month-end  will be loaded into the RFS system  prior to the budget start process.,not about operational,operational,0.2797347903251648
Only authorized user shall access the RFS system. ONLY users that exist in the UAS system  with the RFS system assigned to their role(s)  shall access the RFS system and use it.,not about operational,operational,0.2945578396320343
;User access should be limited to the permissions granted to their role(s) Each level in the PCG hierarchy will be assigned a role and users will be assigned to these roles. Access to functionality within RFS system is dependent on the privileges/permission assigned to the role..,not about operational,not about operational,0.2548077404499054
The product must comply with the intranet page standards and requirements of ENET Securities. 95% of the product look & feel will be approved by the Architecture group  prior to implementation. The remaining 5% will be corrected and approved within one month of product release.,not about operational,operational,0.17402751743793488
 The intranet pages should display appropriately in all resolutions  from 800x600 and higher. The display of all the pages will be correct in 95% of the resolutions  prior to implementation. The remaining 5% will be corrected within a week of notification of the incorrect display.,not about operational,operational,0.05095099285244942
The users should be able to easily use the system to successfully complete their budgets  within the stipulated time for completion. With a week of training prior to product implementation  98% of the users shall complete their budgets within the stipulated time.,not about operational,operational,0.31638506054878235
The product interface should be fast. The response time of the product interface should not exceed 2 seconds 90% of the time. For 10% of the time  the response time should not be more than 10 seconds.not be more than 10 seconds.,not about operational,operational,0.1419815868139267
