,precision,recall,f1-score,support
"environmental, organizational, coordination, systemic, or logistics",0.2,0.5806451612903226,0.2975206611570248,62.0
"usability, security, performance, look & feel, legal, fault & tolerance, maintainability, scalability, availability, or portability",0.8631578947368421,0.5324675324675324,0.6586345381526104,308.0
accuracy,0.5405405405405406,0.5405405405405406,0.5405405405405406,0.5405405405405406
macro avg,0.531578947368421,0.5565563468789275,0.4780775996548176,370.0
weighted avg,0.7520341394025604,0.5405405405405406,0.5981235641695664,370.0
