,precision,recall,f1-score,support
"environmental, organizational, coordination, systemic, or logistics",0.32857142857142857,0.3709677419354839,0.34848484848484845,62.0
"not about environmental, organizational, coordination, systemic, or logistics",0.87,0.8474025974025974,0.8585526315789473,308.0
accuracy,0.7675675675675676,0.7675675675675676,0.7675675675675676,0.7675675675675676
macro avg,0.5992857142857143,0.6091851696690407,0.6035187400318979,370.0
weighted avg,0.7792741312741313,0.7675675675675676,0.7730818138712876,370.0
