,precision,recall,f1-score,support
"working, running, connecting, interfacing, or operative environment",0.9516129032258065,0.19155844155844157,0.318918918918919,308.0
"not about working, running, connecting, interfacing, or operative environment",0.19155844155844157,0.9516129032258065,0.318918918918919,62.0
accuracy,0.31891891891891894,0.31891891891891894,0.31891891891891894,0.31891891891891894
macro avg,0.571585672392124,0.571585672392124,0.318918918918919,370.0
weighted avg,0.8242524258653292,0.31891891891891894,0.318918918918919,370.0
