,precision,recall,f1-score,support
"working, running, connecting, interfacing, or operative environment",0.8328358208955224,0.9058441558441559,0.8678071539657853,308.0
"not about working, running, connecting, interfacing, or operative environment",0.17142857142857143,0.0967741935483871,0.12371134020618557,62.0
accuracy,0.7702702702702703,0.7702702702702703,0.7702702702702703,0.7702702702702703
macro avg,0.502132196162047,0.5013091746962715,0.49575924708598545,370.0
weighted avg,0.7220054169307902,0.7702702702702703,0.7431208284168794,370.0
