,precision,recall,f1-score,support
"environmental, organizational, coordination, systemic, or logistics",0.29310344827586204,0.27419354838709675,0.28333333333333327,62.0
"not about environmental, organizational, coordination, systemic, or logistics",0.8557692307692307,0.8668831168831169,0.8612903225806452,308.0
accuracy,0.7675675675675676,0.7675675675675676,0.7675675675675676,0.7675675675675676
macro avg,0.5744363395225464,0.5705383326351068,0.5723118279569892,370.0
weighted avg,0.7614846942433148,0.7675675675675676,0.7644434757337983,370.0
