,precision,recall,f1-score,support
"environmental, organizational, coordination, systemic, logistics, coordination, or automation",0.16666666666666666,0.7096774193548387,0.26993865030674846,62.0
"usability, security, performance, look & feel, legal, fault & tolerance, maintainability, scalability, availability, or portability",0.8301886792452831,0.2857142857142857,0.42512077294685985,308.0
accuracy,0.3567567567567568,0.3567567567567568,0.3567567567567568,0.3567567567567568
macro avg,0.49842767295597484,0.4976958525345622,0.3475297116268041,370.0
weighted avg,0.7190039095699473,0.3567567567567568,0.39911728212608444,370.0
