,precision,recall,f1-score,support
"environmental, organizational, coordination, systemic, logistics, coordination, or automation",0.15267175572519084,0.3225806451612903,0.2072538860103627,62.0
"usability, security, performance, look & feel, legal, fault & tolerance, maintainability, scalability, availability, or portability",0.8242677824267782,0.6396103896103896,0.7202925045703839,308.0
accuracy,0.5864864864864865,0.5864864864864865,0.5864864864864865,0.5864864864864865
macro avg,0.48846976907598455,0.48109551738584,0.4637731952903733,370.0
weighted avg,0.71173006984435,0.5864864864864865,0.634323871190056,370.0
