,precision,recall,f1-score,support
"accessibility, aesthetic, contextual, experience, satisfaction, HCI, UX, questionnaire, ease, ergonomics, designer, evaluate, multimodal, practitioner, prototyping, preference, personalization, suitability, focus, clarity, responsiveness, judgement, feel, or helpful",0.45454545454545453,0.29850746268656714,0.36036036036036034,67.0
"security, performance, operational, look & feel, legal, fault & tolerance, maintainability, scalability, availability, or portability",0.7707317073170732,0.8681318681318682,0.8165374677002584,182.0
accuracy,0.714859437751004,0.714859437751004,0.714859437751004,0.714859437751004
macro avg,0.6126385809312639,0.5833196654092176,0.5884489140303093,249.0
weighted avg,0.6856534786596498,0.714859437751004,0.6937910171308883,249.0
