,precision,recall,f1-score,support
"accessibility, aesthetic, contextual, experience, satisfaction, HCI, UX, questionnaire, ease, or ergonomics",0.6140350877192983,0.5223880597014925,0.5645161290322579,67.0
"security, performance, operational, look & feel, legal, fault & tolerance, maintainability, scalability, availability, or portability",0.8333333333333334,0.8791208791208791,0.8556149732620321,182.0
accuracy,0.7831325301204819,0.7831325301204819,0.7831325301204819,0.7831325301204819
macro avg,0.7236842105263158,0.7007544694111858,0.710065551147145,249.0
weighted avg,0.774325371662087,0.7831325301204819,0.777287171802615,249.0
