,precision,recall,f1-score,support
"accessibility, aesthetic, contextual, experience, satisfaction, HCI, UX, questionnaire, ease, ergonomics, designer, evaluate, multimodal, practitioner, prototyping, preference, personalization, suitability, focus, clarity, responsiveness, judgement, feel, or helpful",0.0,0.0,0.0,67.0
"security, performance, operational, look & feel, legal, fault & tolerance, maintainability, scalability, availability, or portability",0.7298387096774194,0.9945054945054945,0.8418604651162791,182.0
accuracy,0.7269076305220884,0.7269076305220884,0.7269076305220884,0.7269076305220884
macro avg,0.3649193548387097,0.49725274725274726,0.42093023255813955,249.0
weighted avg,0.5334564062702423,0.7269076305220884,0.6153357616512561,249.0
