,precision,recall,f1-score,support
"accessibility, aesthetic, contextual, experience, satisfaction, HCI, UX, questionnaire, ease, or ergonomics",0.20930232558139536,0.6716417910447762,0.3191489361702128,67.0
"not about accessibility, aesthetic, contextual, experience, satisfaction, HCI, UX, questionnaire, ease, or ergonomics",0.35294117647058826,0.06593406593406594,0.1111111111111111,182.0
accuracy,0.2289156626506024,0.2289156626506024,0.2289156626506024,0.2289156626506024
macro avg,0.2811217510259918,0.36878792848942105,0.21513002364066194,249.0
weighted avg,0.3142913651871508,0.2289156626506024,0.16708916042420272,249.0
