,precision,recall,f1-score,support
"accessibility, aesthetic, contextual, experience, satisfaction, HCI, UX, questionnaire, ease, or ergonomics",0.19130434782608696,0.3283582089552239,0.2417582417582417,67.0
"security, performance, operational, look & feel, legal, fault & tolerance, maintainability, scalability, availability, or portability",0.664179104477612,0.489010989010989,0.5632911392405063,182.0
accuracy,0.4457831325301205,0.4457831325301205,0.4457831325301205,0.4457831325301205
macro avg,0.42774172615184947,0.40868459898310644,0.402524690499374,249.0
weighted avg,0.5369397121255952,0.4457831325301205,0.4767742551790134,249.0
