Requirement text,Gold label,Predicated label,ZSL score
The system shall refresh the display every 60 seconds.,"security, performance, operational, look & feel, legal, fault & tolerance, maintainability, scalability, availability, or portability","accessibility, aesthetic, contextual, experience, satisfaction, HCI, UX, questionnaire, ease, or ergonomics",0.5058574676513672
 If projected  the data must be readable.  On a 10x10 projection screen  90% of viewers must be able to read Event / Activity data from a viewing distance of 30,"accessibility, aesthetic, contextual, experience, satisfaction, HCI, UX, questionnaire, ease, or ergonomics","security, performance, operational, look & feel, legal, fault & tolerance, maintainability, scalability, availability, or portability",0.7016834616661072
 If projected  the data must be understandable. On a 10x10 projection screen  90% of viewers must be able to determine that Events or Activities are occuring in current time from a viewing distance of 100,"accessibility, aesthetic, contextual, experience, satisfaction, HCI, UX, questionnaire, ease, or ergonomics","security, performance, operational, look & feel, legal, fault & tolerance, maintainability, scalability, availability, or portability",0.6873020529747009
The product shall ensure that it can only be accessed by authorized users.  The product will be able to distinguish between authorized and unauthorized users in all access attempts,"security, performance, operational, look & feel, legal, fault & tolerance, maintainability, scalability, availability, or portability","security, performance, operational, look & feel, legal, fault & tolerance, maintainability, scalability, availability, or portability",0.6769709587097168
The product shall be intuitive and self-explanatory.  :  90% of new users shall be able to start the display of Events or Activities within 90 minutes of using the product.,"accessibility, aesthetic, contextual, experience, satisfaction, HCI, UX, questionnaire, ease, or ergonomics","security, performance, operational, look & feel, legal, fault & tolerance, maintainability, scalability, availability, or portability",0.6948148608207703
The product shall respond fast to keep up-to-date data in the display.,"security, performance, operational, look & feel, legal, fault & tolerance, maintainability, scalability, availability, or portability","accessibility, aesthetic, contextual, experience, satisfaction, HCI, UX, questionnaire, ease, or ergonomics",0.5585923194885254
The system shall be used by realtors with no training.,"accessibility, aesthetic, contextual, experience, satisfaction, HCI, UX, questionnaire, ease, or ergonomics","accessibility, aesthetic, contextual, experience, satisfaction, HCI, UX, questionnaire, ease, or ergonomics",0.47021201252937317
The system shall be intuitive and self explanatory.,"accessibility, aesthetic, contextual, experience, satisfaction, HCI, UX, questionnaire, ease, or ergonomics","accessibility, aesthetic, contextual, experience, satisfaction, HCI, UX, questionnaire, ease, or ergonomics",0.4437410533428192
The product shall be easy for a realtor to learn.,"accessibility, aesthetic, contextual, experience, satisfaction, HCI, UX, questionnaire, ease, or ergonomics","accessibility, aesthetic, contextual, experience, satisfaction, HCI, UX, questionnaire, ease, or ergonomics",0.43847107887268066
The product shall use symbols and words that are naturally understandable by the realtor community.,"accessibility, aesthetic, contextual, experience, satisfaction, HCI, UX, questionnaire, ease, or ergonomics","accessibility, aesthetic, contextual, experience, satisfaction, HCI, UX, questionnaire, ease, or ergonomics",0.5678056478500366
The product shall produce search results in an acceptable time,"security, performance, operational, look & feel, legal, fault & tolerance, maintainability, scalability, availability, or portability","accessibility, aesthetic, contextual, experience, satisfaction, HCI, UX, questionnaire, ease, or ergonomics",0.4791979491710663
The search results shall be returned no later 30      seconds  after the user has entered the search criteria,"security, performance, operational, look & feel, legal, fault & tolerance, maintainability, scalability, availability, or portability","accessibility, aesthetic, contextual, experience, satisfaction, HCI, UX, questionnaire, ease, or ergonomics",0.7195061445236206
The product shall generate a CMA report in an acceptable time.,"security, performance, operational, look & feel, legal, fault & tolerance, maintainability, scalability, availability, or portability","accessibility, aesthetic, contextual, experience, satisfaction, HCI, UX, questionnaire, ease, or ergonomics",0.5121152997016907
The CMA report shall be returned no later 60 seconds after the user has entered the CMA report criteria.,"security, performance, operational, look & feel, legal, fault & tolerance, maintainability, scalability, availability, or portability","accessibility, aesthetic, contextual, experience, satisfaction, HCI, UX, questionnaire, ease, or ergonomics",0.6387833952903748
The product shall synchronize contacts and appointments in an acceptable time.,"security, performance, operational, look & feel, legal, fault & tolerance, maintainability, scalability, availability, or portability","accessibility, aesthetic, contextual, experience, satisfaction, HCI, UX, questionnaire, ease, or ergonomics",0.5240562558174133
The product shall synchronize with the office system every hour.,"security, performance, operational, look & feel, legal, fault & tolerance, maintainability, scalability, availability, or portability","accessibility, aesthetic, contextual, experience, satisfaction, HCI, UX, questionnaire, ease, or ergonomics",0.5057458877563477
The product shall be installed by an untrained realtor   without recourse to separately-printed instructions.,"accessibility, aesthetic, contextual, experience, satisfaction, HCI, UX, questionnaire, ease, or ergonomics","accessibility, aesthetic, contextual, experience, satisfaction, HCI, UX, questionnaire, ease, or ergonomics",0.6872066259384155
90% of untrained realtors shall be able to install the product on their device without printed instructions,"accessibility, aesthetic, contextual, experience, satisfaction, HCI, UX, questionnaire, ease, or ergonomics","accessibility, aesthetic, contextual, experience, satisfaction, HCI, UX, questionnaire, ease, or ergonomics",0.5435053110122681
Only registered realtors shall be able to access the system.,"security, performance, operational, look & feel, legal, fault & tolerance, maintainability, scalability, availability, or portability","accessibility, aesthetic, contextual, experience, satisfaction, HCI, UX, questionnaire, ease, or ergonomics",0.4490858018398285
Every user of the system shall be authenticated and authorized.,"security, performance, operational, look & feel, legal, fault & tolerance, maintainability, scalability, availability, or portability","accessibility, aesthetic, contextual, experience, satisfaction, HCI, UX, questionnaire, ease, or ergonomics",0.46889567375183105
The product shall prevent its data from incorrect data being introduced.,"security, performance, operational, look & feel, legal, fault & tolerance, maintainability, scalability, availability, or portability","accessibility, aesthetic, contextual, experience, satisfaction, HCI, UX, questionnaire, ease, or ergonomics",0.5000557899475098
The system shall be easy to use by the Program Administrators/Nursing Staff Members.,"accessibility, aesthetic, contextual, experience, satisfaction, HCI, UX, questionnaire, ease, or ergonomics","accessibility, aesthetic, contextual, experience, satisfaction, HCI, UX, questionnaire, ease, or ergonomics",0.5769453644752502
All of the users shall be able to use the system after one day of training.,"accessibility, aesthetic, contextual, experience, satisfaction, HCI, UX, questionnaire, ease, or ergonomics","accessibility, aesthetic, contextual, experience, satisfaction, HCI, UX, questionnaire, ease, or ergonomics",0.42006999254226685
The system shall help the user avoid making mistakes while scheduling classes and clinicals for the nursing students.,"accessibility, aesthetic, contextual, experience, satisfaction, HCI, UX, questionnaire, ease, or ergonomics","accessibility, aesthetic, contextual, experience, satisfaction, HCI, UX, questionnaire, ease, or ergonomics",0.6538416743278503
The number of mistakes noted by the students shall be decreased by 50% in the first year.,"accessibility, aesthetic, contextual, experience, satisfaction, HCI, UX, questionnaire, ease, or ergonomics","accessibility, aesthetic, contextual, experience, satisfaction, HCI, UX, questionnaire, ease, or ergonomics",0.6046174764633179
The system shall be intuitive to the Program Administrators/Nursing Staff Members.,"accessibility, aesthetic, contextual, experience, satisfaction, HCI, UX, questionnaire, ease, or ergonomics","accessibility, aesthetic, contextual, experience, satisfaction, HCI, UX, questionnaire, ease, or ergonomics",0.5885382294654846
2 out of 3 Program Administrators/Nursing Staff Members shall successfully be able to use the system to manage the scheduling of classes and clinicals.,"accessibility, aesthetic, contextual, experience, satisfaction, HCI, UX, questionnaire, ease, or ergonomics","security, performance, operational, look & feel, legal, fault & tolerance, maintainability, scalability, availability, or portability",0.6542076468467712
The system shall use symbols and words that are naturally understandable by the user community.,"accessibility, aesthetic, contextual, experience, satisfaction, HCI, UX, questionnaire, ease, or ergonomics","accessibility, aesthetic, contextual, experience, satisfaction, HCI, UX, questionnaire, ease, or ergonomics",0.5361222624778748
The verbiage used within the system shall be consistent with Standard English and the terminology of the national Nursing Community.,"accessibility, aesthetic, contextual, experience, satisfaction, HCI, UX, questionnaire, ease, or ergonomics","accessibility, aesthetic, contextual, experience, satisfaction, HCI, UX, questionnaire, ease, or ergonomics",0.6245611906051636
Staff members shall be able to complete a set of tasks in a timely manner.,"security, performance, operational, look & feel, legal, fault & tolerance, maintainability, scalability, availability, or portability","accessibility, aesthetic, contextual, experience, satisfaction, HCI, UX, questionnaire, ease, or ergonomics",0.5132948756217957
The response time of general student management tasks shall take no longer than 5 seconds and the response time of schedule generation shall take no longer than 30 seconds.,"security, performance, operational, look & feel, legal, fault & tolerance, maintainability, scalability, availability, or portability","security, performance, operational, look & feel, legal, fault & tolerance, maintainability, scalability, availability, or portability",0.6438581347465515
The system shall able to operate within a business office environment typical of the Nursing Department at DePaul University.,"security, performance, operational, look & feel, legal, fault & tolerance, maintainability, scalability, availability, or portability","accessibility, aesthetic, contextual, experience, satisfaction, HCI, UX, questionnaire, ease, or ergonomics",0.6436052918434143
The system shall be used within the specifications defined by the computers used by the Program Administrators/Nursing Staff Members.,"security, performance, operational, look & feel, legal, fault & tolerance, maintainability, scalability, availability, or portability","accessibility, aesthetic, contextual, experience, satisfaction, HCI, UX, questionnaire, ease, or ergonomics",0.7041516900062561
The system shall operate within the Windows XP Professional operating system.,"security, performance, operational, look & feel, legal, fault & tolerance, maintainability, scalability, availability, or portability","accessibility, aesthetic, contextual, experience, satisfaction, HCI, UX, questionnaire, ease, or ergonomics",0.5589828491210938
The system shall interface with CampusConnect’s central server,"security, performance, operational, look & feel, legal, fault & tolerance, maintainability, scalability, availability, or portability","accessibility, aesthetic, contextual, experience, satisfaction, HCI, UX, questionnaire, ease, or ergonomics",0.568504273891449
The system shall interface with the faculty central server.,"security, performance, operational, look & feel, legal, fault & tolerance, maintainability, scalability, availability, or portability","accessibility, aesthetic, contextual, experience, satisfaction, HCI, UX, questionnaire, ease, or ergonomics",0.5130363702774048
The system shall interface with the student master server.,"security, performance, operational, look & feel, legal, fault & tolerance, maintainability, scalability, availability, or portability","accessibility, aesthetic, contextual, experience, satisfaction, HCI, UX, questionnaire, ease, or ergonomics",0.498828262090683
We must be able to interface with any HTML browser.,"security, performance, operational, look & feel, legal, fault & tolerance, maintainability, scalability, availability, or portability","accessibility, aesthetic, contextual, experience, satisfaction, HCI, UX, questionnaire, ease, or ergonomics",0.40255388617515564
Only authorized users shall have access to clinical site information.,"security, performance, operational, look & feel, legal, fault & tolerance, maintainability, scalability, availability, or portability","accessibility, aesthetic, contextual, experience, satisfaction, HCI, UX, questionnaire, ease, or ergonomics",0.46466076374053955
Program Administrators/Nursing Staff Members are the only people who shall have access to clinical site details.,"security, performance, operational, look & feel, legal, fault & tolerance, maintainability, scalability, availability, or portability","accessibility, aesthetic, contextual, experience, satisfaction, HCI, UX, questionnaire, ease, or ergonomics",0.6723256707191467
Only authorized users shall have access to students’ personal information.,"security, performance, operational, look & feel, legal, fault & tolerance, maintainability, scalability, availability, or portability","accessibility, aesthetic, contextual, experience, satisfaction, HCI, UX, questionnaire, ease, or ergonomics",0.4842013716697693
Dr Susan Poslusny and Dr Julie Donalek are the only people who shall have access to students’ personal information.,"security, performance, operational, look & feel, legal, fault & tolerance, maintainability, scalability, availability, or portability","accessibility, aesthetic, contextual, experience, satisfaction, HCI, UX, questionnaire, ease, or ergonomics",0.7337852716445923
Only authorized users shall have access to the portion of the system that interfaces with CampusConnect.,"security, performance, operational, look & feel, legal, fault & tolerance, maintainability, scalability, availability, or portability","accessibility, aesthetic, contextual, experience, satisfaction, HCI, UX, questionnaire, ease, or ergonomics",0.5500504374504089
Fit Criterion: Dr Susan Poslusny and Karen Sysol are the only people who shall have access to the final class section scheduling for the system that interfaces with CampusConnect.,"security, performance, operational, look & feel, legal, fault & tolerance, maintainability, scalability, availability, or portability","security, performance, operational, look & feel, legal, fault & tolerance, maintainability, scalability, availability, or portability",0.7493569850921631
The system shall have basic data integrity checking to reduce the possibility of incorrect or invalid data being introduced.,"security, performance, operational, look & feel, legal, fault & tolerance, maintainability, scalability, availability, or portability","accessibility, aesthetic, contextual, experience, satisfaction, HCI, UX, questionnaire, ease, or ergonomics",0.5837289094924927
The system shall protect private information in accordance with the organization’s information policy.,"security, performance, operational, look & feel, legal, fault & tolerance, maintainability, scalability, availability, or portability","accessibility, aesthetic, contextual, experience, satisfaction, HCI, UX, questionnaire, ease, or ergonomics",0.5920679569244385
The system shall be built such that it is as secure as possible from malicious interference.,"security, performance, operational, look & feel, legal, fault & tolerance, maintainability, scalability, availability, or portability","accessibility, aesthetic, contextual, experience, satisfaction, HCI, UX, questionnaire, ease, or ergonomics",0.5485525727272034
The system shall use the organization’s standard virus protection software to help monitor threats to itself.,"security, performance, operational, look & feel, legal, fault & tolerance, maintainability, scalability, availability, or portability","accessibility, aesthetic, contextual, experience, satisfaction, HCI, UX, questionnaire, ease, or ergonomics",0.5969449281692505
The list of dispute cases that are displayed after a search is performed must be color coded for easy identification of dispute cases based upon the dispute case status.,"accessibility, aesthetic, contextual, experience, satisfaction, HCI, UX, questionnaire, ease, or ergonomics","security, performance, operational, look & feel, legal, fault & tolerance, maintainability, scalability, availability, or portability",0.6878056526184082
100% of the cardmember and merchant services representatives shall use the Disputes application regularly after a 2-day training course.,"accessibility, aesthetic, contextual, experience, satisfaction, HCI, UX, questionnaire, ease, or ergonomics","accessibility, aesthetic, contextual, experience, satisfaction, HCI, UX, questionnaire, ease, or ergonomics",0.6711116433143616
100% of cardmember services representatives shall be able to successfully create a dispute case on the first encounter after completing the training course.,"accessibility, aesthetic, contextual, experience, satisfaction, HCI, UX, questionnaire, ease, or ergonomics","security, performance, operational, look & feel, legal, fault & tolerance, maintainability, scalability, availability, or portability",0.6644495129585266
100% of merchant services representatives shall be able to successfully perform a follow up action on a dispute case on the first encounter after completing the training course.,"accessibility, aesthetic, contextual, experience, satisfaction, HCI, UX, questionnaire, ease, or ergonomics","security, performance, operational, look & feel, legal, fault & tolerance, maintainability, scalability, availability, or portability",0.662196934223175
The maximum wait time for a user navigating from one screen to another within the Disputes application shall be no more than 5 seconds.,"security, performance, operational, look & feel, legal, fault & tolerance, maintainability, scalability, availability, or portability","security, performance, operational, look & feel, legal, fault & tolerance, maintainability, scalability, availability, or portability",0.6153185367584229
The Disputes application shall support 350 concurrent users without any degradation of performance in the application.,"security, performance, operational, look & feel, legal, fault & tolerance, maintainability, scalability, availability, or portability","accessibility, aesthetic, contextual, experience, satisfaction, HCI, UX, questionnaire, ease, or ergonomics",0.6233100891113281
 The Disputes application shall be available 24x7x365  with the exception of the following scheduled maintenance windows.  Monday – Saturday 3:00am to 4:00am EST Sunday 1:00amd to 5:00am EST,"security, performance, operational, look & feel, legal, fault & tolerance, maintainability, scalability, availability, or portability","security, performance, operational, look & feel, legal, fault & tolerance, maintainability, scalability, availability, or portability",0.6923542618751526
The Disputes application shall interface with the Statement Database. The Statement Database provides the transaction details to the Disputes System. All transaction details must be obtained from the Statement Database,"security, performance, operational, look & feel, legal, fault & tolerance, maintainability, scalability, availability, or portability","security, performance, operational, look & feel, legal, fault & tolerance, maintainability, scalability, availability, or portability",0.7527657151222229
The Disputes application shall interface with the Cardmember Information Database.  The Cardmember Information Database provides detailed information with regard to a cardmember.  All cardmember detail information must be obtained from the Cardmember Information Database.,"security, performance, operational, look & feel, legal, fault & tolerance, maintainability, scalability, availability, or portability","security, performance, operational, look & feel, legal, fault & tolerance, maintainability, scalability, availability, or portability",0.7096297144889832
The Disputes applications shall interface with the Merchant Information Database.  The Merchant Information Database provides detailed information with regard to the merchant. All merchant detail information shall be obtained from the Merchant Information Database.,"security, performance, operational, look & feel, legal, fault & tolerance, maintainability, scalability, availability, or portability","security, performance, operational, look & feel, legal, fault & tolerance, maintainability, scalability, availability, or portability",0.6868298053741455
The Disputes application shall interface with the Letters application.  This will allow the Disputes application to request letters as part of the dispute initiation and dispute follow up process. All letter requests must be sent to the Print Letter Utility application.,"security, performance, operational, look & feel, legal, fault & tolerance, maintainability, scalability, availability, or portability","security, performance, operational, look & feel, legal, fault & tolerance, maintainability, scalability, availability, or portability",0.7130326628684998
The Disputes application shall interface with the Cardmember Posting and Billing System.  This will allow the Disputes application to request adjustments to cardmember and merchant’s accounts. All adjustment requests must be sent to the Cardmember Posting and Billing System.,"security, performance, operational, look & feel, legal, fault & tolerance, maintainability, scalability, availability, or portability","security, performance, operational, look & feel, legal, fault & tolerance, maintainability, scalability, availability, or portability",0.695520281791687
The Disputes application shall ensure that only users with the appropriate access level are allowed to initiate dispute requests.,"security, performance, operational, look & feel, legal, fault & tolerance, maintainability, scalability, availability, or portability","accessibility, aesthetic, contextual, experience, satisfaction, HCI, UX, questionnaire, ease, or ergonomics",0.6706936955451965
Only users with Update access must be able to initiate dispute requests.,"security, performance, operational, look & feel, legal, fault & tolerance, maintainability, scalability, availability, or portability","accessibility, aesthetic, contextual, experience, satisfaction, HCI, UX, questionnaire, ease, or ergonomics",0.4612869620323181
The Disputes application shall ensure that only authorized users are allowed to logon to the application.,"security, performance, operational, look & feel, legal, fault & tolerance, maintainability, scalability, availability, or portability","accessibility, aesthetic, contextual, experience, satisfaction, HCI, UX, questionnaire, ease, or ergonomics",0.5732720494270325
 All authorized users  once authenticated must be able to logon to the Disputes System,"security, performance, operational, look & feel, legal, fault & tolerance, maintainability, scalability, availability, or portability","accessibility, aesthetic, contextual, experience, satisfaction, HCI, UX, questionnaire, ease, or ergonomics",0.54124915599823
The Disputes System shall generate a User Report that details any new users that have been added and any changes to an existing user’s access level.  The report will be reviewed for auditing purposes.,"security, performance, operational, look & feel, legal, fault & tolerance, maintainability, scalability, availability, or portability","security, performance, operational, look & feel, legal, fault & tolerance, maintainability, scalability, availability, or portability",0.672999382019043
All additions of new users and modifications to user’s access shall be recorded on the User Report.,"security, performance, operational, look & feel, legal, fault & tolerance, maintainability, scalability, availability, or portability","accessibility, aesthetic, contextual, experience, satisfaction, HCI, UX, questionnaire, ease, or ergonomics",0.5956850051879883
 If a user account is revoked  it can only be re-instantiated by the System Administrator.,"security, performance, operational, look & feel, legal, fault & tolerance, maintainability, scalability, availability, or portability","security, performance, operational, look & feel, legal, fault & tolerance, maintainability, scalability, availability, or portability",0.6175995469093323
Only the System Administrator shall be able to reset a revoked user logon account,"security, performance, operational, look & feel, legal, fault & tolerance, maintainability, scalability, availability, or portability","accessibility, aesthetic, contextual, experience, satisfaction, HCI, UX, questionnaire, ease, or ergonomics",0.548330545425415
The Disputes application shall manipulate and view business data. Users will not have direct access to data files or databases.,"security, performance, operational, look & feel, legal, fault & tolerance, maintainability, scalability, availability, or portability","security, performance, operational, look & feel, legal, fault & tolerance, maintainability, scalability, availability, or portability",0.6060725450515747
All updates to data files or database must be initiated from the Disputes System.,"security, performance, operational, look & feel, legal, fault & tolerance, maintainability, scalability, availability, or portability","accessibility, aesthetic, contextual, experience, satisfaction, HCI, UX, questionnaire, ease, or ergonomics",0.4942684769630432
The product must support Internet Explorer 5.5 and above.,"security, performance, operational, look & feel, legal, fault & tolerance, maintainability, scalability, availability, or portability","accessibility, aesthetic, contextual, experience, satisfaction, HCI, UX, questionnaire, ease, or ergonomics",0.4856303334236145
The product must support Mozilla Firefox 1.0 and above.,"security, performance, operational, look & feel, legal, fault & tolerance, maintainability, scalability, availability, or portability","accessibility, aesthetic, contextual, experience, satisfaction, HCI, UX, questionnaire, ease, or ergonomics",0.5778138041496277
The product shall interface with the Choice Parts System.  This provides the feed of recycled parts data.,"security, performance, operational, look & feel, legal, fault & tolerance, maintainability, scalability, availability, or portability","accessibility, aesthetic, contextual, experience, satisfaction, HCI, UX, questionnaire, ease, or ergonomics",0.658258318901062
The product shall run on the existing hardware for all environments.,"security, performance, operational, look & feel, legal, fault & tolerance, maintainability, scalability, availability, or portability","accessibility, aesthetic, contextual, experience, satisfaction, HCI, UX, questionnaire, ease, or ergonomics",0.5014949440956116
The product shall adhere to the corporate Architecture guidelines,"security, performance, operational, look & feel, legal, fault & tolerance, maintainability, scalability, availability, or portability","accessibility, aesthetic, contextual, experience, satisfaction, HCI, UX, questionnaire, ease, or ergonomics",0.513244092464447
The product shall be easy to use by Adjusters and Collision Estimators.  95% of Adjusters and Collision Estimators shall find the product easy to use.,"accessibility, aesthetic, contextual, experience, satisfaction, HCI, UX, questionnaire, ease, or ergonomics","security, performance, operational, look & feel, legal, fault & tolerance, maintainability, scalability, availability, or portability",0.630282998085022
The product shall increase productivity of Collision Estimators. 80% of the Collision Estimators shall agree their productivity has increase within 1 month of using the product.,"accessibility, aesthetic, contextual, experience, satisfaction, HCI, UX, questionnaire, ease, or ergonomics","security, performance, operational, look & feel, legal, fault & tolerance, maintainability, scalability, availability, or portability",0.7168580889701843
Users shall feel satisfied using the product.  85% of all users will be satisfied with the product.,"accessibility, aesthetic, contextual, experience, satisfaction, HCI, UX, questionnaire, ease, or ergonomics","security, performance, operational, look & feel, legal, fault & tolerance, maintainability, scalability, availability, or portability",0.6004281640052795
The product shall be easy to learn by Adjusters and Collision Estimators.  The product shall be learned with two days onsite training,"accessibility, aesthetic, contextual, experience, satisfaction, HCI, UX, questionnaire, ease, or ergonomics","accessibility, aesthetic, contextual, experience, satisfaction, HCI, UX, questionnaire, ease, or ergonomics",0.7053249478340149
The user shall easily locate instructions while using the product.  User help can be found within 90% of the system.,"accessibility, aesthetic, contextual, experience, satisfaction, HCI, UX, questionnaire, ease, or ergonomics","security, performance, operational, look & feel, legal, fault & tolerance, maintainability, scalability, availability, or portability",0.5832884907722473
The search for recycled parts shall take no longer than 15 seconds.  The search results shall be returned in under 15 seconds.,"security, performance, operational, look & feel, legal, fault & tolerance, maintainability, scalability, availability, or portability","security, performance, operational, look & feel, legal, fault & tolerance, maintainability, scalability, availability, or portability",0.6362901329994202
The search for the preferred repair facility shall take no longer than 8 seconds.  The preferred repair facility is returned within 8 seconds,"security, performance, operational, look & feel, legal, fault & tolerance, maintainability, scalability, availability, or portability","security, performance, operational, look & feel, legal, fault & tolerance, maintainability, scalability, availability, or portability",0.6655570864677429
The recycled parts audit report shall be returned to the user within 10 seconds.  The audit report shall be returned within 10 seconds.,"security, performance, operational, look & feel, legal, fault & tolerance, maintainability, scalability, availability, or portability","security, performance, operational, look & feel, legal, fault & tolerance, maintainability, scalability, availability, or portability",0.6848989725112915
The preferred repair facility ratings shall be saved within 5 seconds. The save shall occur within 5 seconds.,"security, performance, operational, look & feel, legal, fault & tolerance, maintainability, scalability, availability, or portability","accessibility, aesthetic, contextual, experience, satisfaction, HCI, UX, questionnaire, ease, or ergonomics",0.6263387203216553
 For estimators  the product shall be able to be operated in a repair facility during dirty and noisy conditions.,"security, performance, operational, look & feel, legal, fault & tolerance, maintainability, scalability, availability, or portability","accessibility, aesthetic, contextual, experience, satisfaction, HCI, UX, questionnaire, ease, or ergonomics",0.646347165107727
The product shall interface with the ChoiceParts system once per day at approximately 1:00 AM.,"security, performance, operational, look & feel, legal, fault & tolerance, maintainability, scalability, availability, or portability","accessibility, aesthetic, contextual, experience, satisfaction, HCI, UX, questionnaire, ease, or ergonomics",0.6689686179161072
The maintenance of the product will fall within the established corporate maintenance windows.,"security, performance, operational, look & feel, legal, fault & tolerance, maintainability, scalability, availability, or portability","accessibility, aesthetic, contextual, experience, satisfaction, HCI, UX, questionnaire, ease, or ergonomics",0.5666291117668152
The product shall be supported using the corporate support center.,"security, performance, operational, look & feel, legal, fault & tolerance, maintainability, scalability, availability, or portability","accessibility, aesthetic, contextual, experience, satisfaction, HCI, UX, questionnaire, ease, or ergonomics",0.48379507660865784
Product installations and upgrades shall be handled by the middleware technology team within established launch time frames.,"security, performance, operational, look & feel, legal, fault & tolerance, maintainability, scalability, availability, or portability","accessibility, aesthetic, contextual, experience, satisfaction, HCI, UX, questionnaire, ease, or ergonomics",0.7111221551895142
Only adjusters can request recycled parts audit reports. No users without an adjuster role shall request recycled parts audits.,"security, performance, operational, look & feel, legal, fault & tolerance, maintainability, scalability, availability, or portability","accessibility, aesthetic, contextual, experience, satisfaction, HCI, UX, questionnaire, ease, or ergonomics",0.690660834312439
Only adjusters with a supervisor role can update preferred repair facility ratings. Users without the supervisor role cannot access the repair facility ratings.,"security, performance, operational, look & feel, legal, fault & tolerance, maintainability, scalability, availability, or portability","accessibility, aesthetic, contextual, experience, satisfaction, HCI, UX, questionnaire, ease, or ergonomics",0.6658076047897339
Only collision estimators shall search for recycled parts.  Users without the collision estimator role shall not have access to the search for recycled parts.,"security, performance, operational, look & feel, legal, fault & tolerance, maintainability, scalability, availability, or portability","security, performance, operational, look & feel, legal, fault & tolerance, maintainability, scalability, availability, or portability",0.6833869814872742
Only valid data shall be entered into the system.  No invalid data shall be entered into the system.,"security, performance, operational, look & feel, legal, fault & tolerance, maintainability, scalability, availability, or portability","security, performance, operational, look & feel, legal, fault & tolerance, maintainability, scalability, availability, or portability",0.6195663213729858
One insurance company shall not be able to view another insurance companys claim data.,"security, performance, operational, look & feel, legal, fault & tolerance, maintainability, scalability, availability, or portability","accessibility, aesthetic, contextual, experience, satisfaction, HCI, UX, questionnaire, ease, or ergonomics",0.5765635967254639
The product shall free of computer viruses.,"security, performance, operational, look & feel, legal, fault & tolerance, maintainability, scalability, availability, or portability","accessibility, aesthetic, contextual, experience, satisfaction, HCI, UX, questionnaire, ease, or ergonomics",0.4748382568359375
The system shall prevent malicious attacks including denial of service.,"security, performance, operational, look & feel, legal, fault & tolerance, maintainability, scalability, availability, or portability","accessibility, aesthetic, contextual, experience, satisfaction, HCI, UX, questionnaire, ease, or ergonomics",0.5948262214660645
 The product must work with most database management systems (DBMS) on the market  whether the DBMS is colocated with the product on the same machine or is located on a different machine on the computer network.,"security, performance, operational, look & feel, legal, fault & tolerance, maintainability, scalability, availability, or portability","security, performance, operational, look & feel, legal, fault & tolerance, maintainability, scalability, availability, or portability",0.652978241443634
The product will function alongside server software on any operating system where the Java runtime can be installed.,"security, performance, operational, look & feel, legal, fault & tolerance, maintainability, scalability, availability, or portability","accessibility, aesthetic, contextual, experience, satisfaction, HCI, UX, questionnaire, ease, or ergonomics",0.5772706270217896
The product will require collaboration with a database management system (DBMS).  The DBMS may be located on the same machine as the product or on a separate machine residing on the same computer network.,"security, performance, operational, look & feel, legal, fault & tolerance, maintainability, scalability, availability, or portability","security, performance, operational, look & feel, legal, fault & tolerance, maintainability, scalability, availability, or portability",0.7002729773521423
 The product must make use of web/application server technology.  Open source examples include Apache web server  Tomcat  and the JBoss application server.,"security, performance, operational, look & feel, legal, fault & tolerance, maintainability, scalability, availability, or portability","security, performance, operational, look & feel, legal, fault & tolerance, maintainability, scalability, availability, or portability",0.72738116979599
 A database management system such as Oracle  DB2  MySql or HSQL will need to be integrated with the product.,"security, performance, operational, look & feel, legal, fault & tolerance, maintainability, scalability, availability, or portability","security, performance, operational, look & feel, legal, fault & tolerance, maintainability, scalability, availability, or portability",0.7089845538139343
The product shall make the users want to use it. 80% of the users surveyed report they are regularly using the product after the first 2 weeks post-launch.,"accessibility, aesthetic, contextual, experience, satisfaction, HCI, UX, questionnaire, ease, or ergonomics","security, performance, operational, look & feel, legal, fault & tolerance, maintainability, scalability, availability, or portability",0.595360279083252
The product shall be easy to use. 90% of users will be able to successfully reserve a conference room within 5 minutes of product use.,"accessibility, aesthetic, contextual, experience, satisfaction, HCI, UX, questionnaire, ease, or ergonomics","security, performance, operational, look & feel, legal, fault & tolerance, maintainability, scalability, availability, or portability",0.5466317534446716
The product shall give users feedback when necessary. 80% of the users surveyed report that the product accurately confirms their actions.,"accessibility, aesthetic, contextual, experience, satisfaction, HCI, UX, questionnaire, ease, or ergonomics","security, performance, operational, look & feel, legal, fault & tolerance, maintainability, scalability, availability, or portability",0.6195986866950989
The product shall allow the user to select a chosen language from one of the target market countries.,"accessibility, aesthetic, contextual, experience, satisfaction, HCI, UX, questionnaire, ease, or ergonomics","accessibility, aesthetic, contextual, experience, satisfaction, HCI, UX, questionnaire, ease, or ergonomics",0.5675375461578369
The product shall allow for customization of start page and views preferences.,"accessibility, aesthetic, contextual, experience, satisfaction, HCI, UX, questionnaire, ease, or ergonomics","accessibility, aesthetic, contextual, experience, satisfaction, HCI, UX, questionnaire, ease, or ergonomics",0.49388477206230164
 An employee will be able to successfully use the product within a few minutes.  After informally navigating the product for less than 15 minutes  users shall be able to successfully setup meetings and reserve conference rooms.,"accessibility, aesthetic, contextual, experience, satisfaction, HCI, UX, questionnaire, ease, or ergonomics","security, performance, operational, look & feel, legal, fault & tolerance, maintainability, scalability, availability, or portability",0.7066580057144165
The product shall use a standard navigation menu familiar to most web users.,"accessibility, aesthetic, contextual, experience, satisfaction, HCI, UX, questionnaire, ease, or ergonomics","accessibility, aesthetic, contextual, experience, satisfaction, HCI, UX, questionnaire, ease, or ergonomics",0.5048219561576843
The product shall allow for intuitive searching of available conference rooms.,"accessibility, aesthetic, contextual, experience, satisfaction, HCI, UX, questionnaire, ease, or ergonomics","accessibility, aesthetic, contextual, experience, satisfaction, HCI, UX, questionnaire, ease, or ergonomics",0.5133008360862732
The product shall conform to the Americans with Disabilities Act.,"accessibility, aesthetic, contextual, experience, satisfaction, HCI, UX, questionnaire, ease, or ergonomics","accessibility, aesthetic, contextual, experience, satisfaction, HCI, UX, questionnaire, ease, or ergonomics",0.5510631799697876
The response shall be fast enough to avoid interrupting the user’s flow of thought.  90% of tasks shall complete within 5 seconds.  98% of tasks shall complete within 8 seconds.,"security, performance, operational, look & feel, legal, fault & tolerance, maintainability, scalability, availability, or portability","security, performance, operational, look & feel, legal, fault & tolerance, maintainability, scalability, availability, or portability",0.6708292961120605
The product shall be used in office environments.,"security, performance, operational, look & feel, legal, fault & tolerance, maintainability, scalability, availability, or portability","accessibility, aesthetic, contextual, experience, satisfaction, HCI, UX, questionnaire, ease, or ergonomics",0.4690057039260864
The product must be able to interface with any HTML browser.  The product shall transmit data between the user and the product without problems. The product shall display HTML properly in 80% of all HTML browsers tested (minimum is to test 8 browsers).,"security, performance, operational, look & feel, legal, fault & tolerance, maintainability, scalability, availability, or portability","security, performance, operational, look & feel, legal, fault & tolerance, maintainability, scalability, availability, or portability",0.6682068109512329
The product must be able to interface with various database management systems. The product shall communicate successfully with the database management system on 100% of all transactions.,"security, performance, operational, look & feel, legal, fault & tolerance, maintainability, scalability, availability, or portability","security, performance, operational, look & feel, legal, fault & tolerance, maintainability, scalability, availability, or portability",0.6588480472564697
The product must be able to interface with various email servers. The product shall be able to send email.,"security, performance, operational, look & feel, legal, fault & tolerance, maintainability, scalability, availability, or portability","security, performance, operational, look & feel, legal, fault & tolerance, maintainability, scalability, availability, or portability",0.49640733003616333
The product shall be available for distribution via the Internet as a binary or ZIP file.,"security, performance, operational, look & feel, legal, fault & tolerance, maintainability, scalability, availability, or portability","accessibility, aesthetic, contextual, experience, satisfaction, HCI, UX, questionnaire, ease, or ergonomics",0.6397217512130737
The product shall be available for distribution as a packaged CD.,"security, performance, operational, look & feel, legal, fault & tolerance, maintainability, scalability, availability, or portability","accessibility, aesthetic, contextual, experience, satisfaction, HCI, UX, questionnaire, ease, or ergonomics",0.5051237344741821
 The product will be available for licensing as a one-server  two-five servers  or five-or-more servers license.,"security, performance, operational, look & feel, legal, fault & tolerance, maintainability, scalability, availability, or portability","security, performance, operational, look & feel, legal, fault & tolerance, maintainability, scalability, availability, or portability",0.7090361714363098
A new user must be able to be added to the system within 10 minutes.  90% of new users are able to log into the system within 10 minutes.,"accessibility, aesthetic, contextual, experience, satisfaction, HCI, UX, questionnaire, ease, or ergonomics","security, performance, operational, look & feel, legal, fault & tolerance, maintainability, scalability, availability, or portability",0.5293912291526794
Every registered user will have access to the product’s support site via the Internet.  70% of registered users shall find a solution to their problem within 5 minutes of using the support site.,"accessibility, aesthetic, contextual, experience, satisfaction, HCI, UX, questionnaire, ease, or ergonomics","security, performance, operational, look & feel, legal, fault & tolerance, maintainability, scalability, availability, or portability",0.6262666583061218
 The product shall be translated into foreign languages other than the target market countries’ languages in future releases.  For each emerging target market  it shall take no more than 5 days to configure the product for that market’s language.,"accessibility, aesthetic, contextual, experience, satisfaction, HCI, UX, questionnaire, ease, or ergonomics","security, performance, operational, look & feel, legal, fault & tolerance, maintainability, scalability, availability, or portability",0.6937201619148254
 The product is expected to integrate with multiple database management systems.  The product will operate with Oracle  SQL Server  DB2  MySQL  HSQL  and MS Access.,"security, performance, operational, look & feel, legal, fault & tolerance, maintainability, scalability, availability, or portability","security, performance, operational, look & feel, legal, fault & tolerance, maintainability, scalability, availability, or portability",0.699508786201477
The product shall be able to be installed in any operating environment within 2 days.,"security, performance, operational, look & feel, legal, fault & tolerance, maintainability, scalability, availability, or portability","accessibility, aesthetic, contextual, experience, satisfaction, HCI, UX, questionnaire, ease, or ergonomics",0.5021294951438904
The product shall ensure that only company employees or external users with company-approved user IDs may have product access.  100% of all logons shall be by either company employees or external users with company-approved user IDs.,"security, performance, operational, look & feel, legal, fault & tolerance, maintainability, scalability, availability, or portability","security, performance, operational, look & feel, legal, fault & tolerance, maintainability, scalability, availability, or portability",0.7023468613624573
Only managers are able to perform search queries for reservations by user.  100% of all search queries for reservations by user shall be from logons of only management logons.,"security, performance, operational, look & feel, legal, fault & tolerance, maintainability, scalability, availability, or portability","security, performance, operational, look & feel, legal, fault & tolerance, maintainability, scalability, availability, or portability",0.6283595561981201
The product shall ensure that the database’s data corresponds to the data entered by the user.  Each conference room reservation in the system will contain the same information as was entered by the user.,"security, performance, operational, look & feel, legal, fault & tolerance, maintainability, scalability, availability, or portability","security, performance, operational, look & feel, legal, fault & tolerance, maintainability, scalability, availability, or portability",0.6892569661140442
The product shall prevent the input of malicious data.  The product and/or adjacent hardware/software systems’ data shall remain 100% uncorrupted each time malicious data is input into the product.,"security, performance, operational, look & feel, legal, fault & tolerance, maintainability, scalability, availability, or portability","security, performance, operational, look & feel, legal, fault & tolerance, maintainability, scalability, availability, or portability",0.7109264135360718
The product shall have the ability to receive automatic software updates as new threats emerge.  100% of customers will be able to receive automatic software updates transmitted to the installed product.,"security, performance, operational, look & feel, legal, fault & tolerance, maintainability, scalability, availability, or portability","security, performance, operational, look & feel, legal, fault & tolerance, maintainability, scalability, availability, or portability",0.6284118294715881
The product shall be able to display calendar dates and times according to the user’s locale.  90% of survey respondents from each target market country will find that the date and time formatting of the product is correct.,"accessibility, aesthetic, contextual, experience, satisfaction, HCI, UX, questionnaire, ease, or ergonomics","security, performance, operational, look & feel, legal, fault & tolerance, maintainability, scalability, availability, or portability",0.6238464117050171
The product must be developed with the J2SE/J2EE programming language libraries,"security, performance, operational, look & feel, legal, fault & tolerance, maintainability, scalability, availability, or portability","accessibility, aesthetic, contextual, experience, satisfaction, HCI, UX, questionnaire, ease, or ergonomics",0.6549071073532104
Recreation of Inventory Quantity Adjustment for the period of previous 30 days shall take no more than 30min.,"security, performance, operational, look & feel, legal, fault & tolerance, maintainability, scalability, availability, or portability","accessibility, aesthetic, contextual, experience, satisfaction, HCI, UX, questionnaire, ease, or ergonomics",0.7042307257652283
The System shall allow for a minimum of  6 users to work at the same time.,"security, performance, operational, look & feel, legal, fault & tolerance, maintainability, scalability, availability, or portability","accessibility, aesthetic, contextual, experience, satisfaction, HCI, UX, questionnaire, ease, or ergonomics",0.5577011704444885
The System shall utilize currently owned computer equipment.,"security, performance, operational, look & feel, legal, fault & tolerance, maintainability, scalability, availability, or portability","accessibility, aesthetic, contextual, experience, satisfaction, HCI, UX, questionnaire, ease, or ergonomics",0.5437756776809692
The System shall be able to automatically backup business data and restore them on demand.,"security, performance, operational, look & feel, legal, fault & tolerance, maintainability, scalability, availability, or portability","accessibility, aesthetic, contextual, experience, satisfaction, HCI, UX, questionnaire, ease, or ergonomics",0.48250943422317505
The System shall maintain consistent security.  Any changes in user passwords and/or permissions should take affect in all parts of the System.,"security, performance, operational, look & feel, legal, fault & tolerance, maintainability, scalability, availability, or portability","security, performance, operational, look & feel, legal, fault & tolerance, maintainability, scalability, availability, or portability",0.6635058522224426
The System shall granularly control access rights to all major subsystems.  It should be possible to assign access rights to all subsystems independently.,"security, performance, operational, look & feel, legal, fault & tolerance, maintainability, scalability, availability, or portability","security, performance, operational, look & feel, legal, fault & tolerance, maintainability, scalability, availability, or portability",0.6327722072601318
The System shall not require additional third party licenses resulting in royalty fees.,"security, performance, operational, look & feel, legal, fault & tolerance, maintainability, scalability, availability, or portability","accessibility, aesthetic, contextual, experience, satisfaction, HCI, UX, questionnaire, ease, or ergonomics",0.6548890471458435
Administrator shall be able to activate a pre-paid card via the Administration section in under 5 seconds.,"security, performance, operational, look & feel, legal, fault & tolerance, maintainability, scalability, availability, or portability","accessibility, aesthetic, contextual, experience, satisfaction, HCI, UX, questionnaire, ease, or ergonomics",0.6779807209968567
 Customer shall be able to check the status of their prepaid card  by entering in the PIN number  in under 5 seconds.,"security, performance, operational, look & feel, legal, fault & tolerance, maintainability, scalability, availability, or portability","security, performance, operational, look & feel, legal, fault & tolerance, maintainability, scalability, availability, or portability",0.6341997981071472
System shall let customers register on the website as a “pay as you go” user in under 5 minutes.,"security, performance, operational, look & feel, legal, fault & tolerance, maintainability, scalability, availability, or portability","security, performance, operational, look & feel, legal, fault & tolerance, maintainability, scalability, availability, or portability",0.668789803981781
System shall let customers register on the website as a “unlimited movie subscriber” user in under 10 minutes.,"security, performance, operational, look & feel, legal, fault & tolerance, maintainability, scalability, availability, or portability","accessibility, aesthetic, contextual, experience, satisfaction, HCI, UX, questionnaire, ease, or ergonomics",0.6751691102981567
System shall let existing customers log into the website with their email address and password in under 5 seconds.,"security, performance, operational, look & feel, legal, fault & tolerance, maintainability, scalability, availability, or portability","accessibility, aesthetic, contextual, experience, satisfaction, HCI, UX, questionnaire, ease, or ergonomics",0.5847862958908081
 System shall let customers cancel their account  process shall take no longer than 2 minutes.  Database will mark the account as inactive  and user will not be able to log into the website.,"security, performance, operational, look & feel, legal, fault & tolerance, maintainability, scalability, availability, or portability","security, performance, operational, look & feel, legal, fault & tolerance, maintainability, scalability, availability, or portability",0.7111741900444031
System shall let administrator de-activate a customer account in under 1 minute. Customer will no longer be able to access the website.,"security, performance, operational, look & feel, legal, fault & tolerance, maintainability, scalability, availability, or portability","security, performance, operational, look & feel, legal, fault & tolerance, maintainability, scalability, availability, or portability",0.610745906829834
System shall let administrator add/remove movies on the website in under 5 minutes.  Entered movie information will be stored in the database and will now be available on the website.,"security, performance, operational, look & feel, legal, fault & tolerance, maintainability, scalability, availability, or portability","security, performance, operational, look & feel, legal, fault & tolerance, maintainability, scalability, availability, or portability",0.6642990112304688
System shall let the administrator add/remove categories on the website in under 5 minutes.,"security, performance, operational, look & feel, legal, fault & tolerance, maintainability, scalability, availability, or portability","accessibility, aesthetic, contextual, experience, satisfaction, HCI, UX, questionnaire, ease, or ergonomics",0.6242077350616455
System shall let Izogn Manager access sales and usage statistics in under 2 minutes.,"security, performance, operational, look & feel, legal, fault & tolerance, maintainability, scalability, availability, or portability","accessibility, aesthetic, contextual, experience, satisfaction, HCI, UX, questionnaire, ease, or ergonomics",0.6154502034187317
System shall let administrators generate unique pre-paid pins in under 2 minutes and generate an Excel file with the generated PINs.,"security, performance, operational, look & feel, legal, fault & tolerance, maintainability, scalability, availability, or portability","security, performance, operational, look & feel, legal, fault & tolerance, maintainability, scalability, availability, or portability",0.7113047242164612
The product should be able to be used by 90% of novice users on the Internet.,"accessibility, aesthetic, contextual, experience, satisfaction, HCI, UX, questionnaire, ease, or ergonomics","accessibility, aesthetic, contextual, experience, satisfaction, HCI, UX, questionnaire, ease, or ergonomics",0.49678629636764526
 Users should only have to navigate through a maximum of 4 pages  to create an account with the website.,"accessibility, aesthetic, contextual, experience, satisfaction, HCI, UX, questionnaire, ease, or ergonomics","security, performance, operational, look & feel, legal, fault & tolerance, maintainability, scalability, availability, or portability",0.48907554149627686
Users should be able to access their streaming movies in under 2 clicks after logging into the website.,"accessibility, aesthetic, contextual, experience, satisfaction, HCI, UX, questionnaire, ease, or ergonomics","accessibility, aesthetic, contextual, experience, satisfaction, HCI, UX, questionnaire, ease, or ergonomics",0.5318377614021301
An anonymous survey will show that 70% of customers are comfortable purchasing streaming movies after 2 weeks using the website.,"accessibility, aesthetic, contextual, experience, satisfaction, HCI, UX, questionnaire, ease, or ergonomics","security, performance, operational, look & feel, legal, fault & tolerance, maintainability, scalability, availability, or portability",0.6215724349021912
An anonymous survey will show that 95% of customers are comfortable using and purchasing pre-paid cards after a month of using the system.,"accessibility, aesthetic, contextual, experience, satisfaction, HCI, UX, questionnaire, ease, or ergonomics","security, performance, operational, look & feel, legal, fault & tolerance, maintainability, scalability, availability, or portability",0.6308943033218384
The product shall retain the customer’s buying preferences and information.,"accessibility, aesthetic, contextual, experience, satisfaction, HCI, UX, questionnaire, ease, or ergonomics","accessibility, aesthetic, contextual, experience, satisfaction, HCI, UX, questionnaire, ease, or ergonomics",0.5940498113632202
The product shall be easy for customers with novice skills on the  Internet to purchase and watch streaming movies.  Customers should be able to purchase and watch a pre-determined movie in under 3 minutes.,"accessibility, aesthetic, contextual, experience, satisfaction, HCI, UX, questionnaire, ease, or ergonomics","security, performance, operational, look & feel, legal, fault & tolerance, maintainability, scalability, availability, or portability",0.6370875239372253
The product shall use symbols and words that are naturally understandable by users familiar with websites,"accessibility, aesthetic, contextual, experience, satisfaction, HCI, UX, questionnaire, ease, or ergonomics","accessibility, aesthetic, contextual, experience, satisfaction, HCI, UX, questionnaire, ease, or ergonomics",0.5884374976158142
The website will use standard Internet conventions when interacting with the user.,"accessibility, aesthetic, contextual, experience, satisfaction, HCI, UX, questionnaire, ease, or ergonomics","accessibility, aesthetic, contextual, experience, satisfaction, HCI, UX, questionnaire, ease, or ergonomics",0.5099273324012756
 Any interface between a user and the automated system shall have a maximum response time of 5 seconds  unless noted by an exception below.,"security, performance, operational, look & feel, legal, fault & tolerance, maintainability, scalability, availability, or portability","accessibility, aesthetic, contextual, experience, satisfaction, HCI, UX, questionnaire, ease, or ergonomics",0.6723103523254395
 When purchasing a streaming movie or pre-paid card via credit card  the processing time should have a maximum response time of 15 seconds.,"security, performance, operational, look & feel, legal, fault & tolerance, maintainability, scalability, availability, or portability","security, performance, operational, look & feel, legal, fault & tolerance, maintainability, scalability, availability, or portability",0.6911255121231079
 When streaming a movie  the buffering time should take no longer than 10 seconds (plus any latency on the user’s connection.),"security, performance, operational, look & feel, legal, fault & tolerance, maintainability, scalability, availability, or portability","security, performance, operational, look & feel, legal, fault & tolerance, maintainability, scalability, availability, or portability",0.68834388256073
 While streaming a movie  buffering should only occur if there is latency in the user’s connection.,"security, performance, operational, look & feel, legal, fault & tolerance, maintainability, scalability, availability, or portability","security, performance, operational, look & feel, legal, fault & tolerance, maintainability, scalability, availability, or portability",0.5936790704727173
 All credit card information will be secured on the server  and only accessible by authorized Izogn administrators.  Information will be encrypted in the database.,"security, performance, operational, look & feel, legal, fault & tolerance, maintainability, scalability, availability, or portability","security, performance, operational, look & feel, legal, fault & tolerance, maintainability, scalability, availability, or portability",0.710590124130249
All aspects of the website shall be accessed by a web browser over the Internet.,"security, performance, operational, look & feel, legal, fault & tolerance, maintainability, scalability, availability, or portability","accessibility, aesthetic, contextual, experience, satisfaction, HCI, UX, questionnaire, ease, or ergonomics",0.53466796875
The same hardware supporting the current website will be used to support the new system.,"security, performance, operational, look & feel, legal, fault & tolerance, maintainability, scalability, availability, or portability","accessibility, aesthetic, contextual, experience, satisfaction, HCI, UX, questionnaire, ease, or ergonomics",0.4679962396621704
 We must be able to interface with the following browsers: IE 5.X  6.0  Netscape 6.x  7.x  8.x and Firefox 1.0.,"security, performance, operational, look & feel, legal, fault & tolerance, maintainability, scalability, availability, or portability","security, performance, operational, look & feel, legal, fault & tolerance, maintainability, scalability, availability, or portability",0.6407917737960815
Website must interface with the CyberSource API to process credit card transactions.,"security, performance, operational, look & feel, legal, fault & tolerance, maintainability, scalability, availability, or portability","accessibility, aesthetic, contextual, experience, satisfaction, HCI, UX, questionnaire, ease, or ergonomics",0.6040816903114319
Website must be fully operational with MSN TV2.,"security, performance, operational, look & feel, legal, fault & tolerance, maintainability, scalability, availability, or portability","accessibility, aesthetic, contextual, experience, satisfaction, HCI, UX, questionnaire, ease, or ergonomics",0.5023685693740845
Movies shall be encoded and streamed via Windows Media Player 9.0.,"security, performance, operational, look & feel, legal, fault & tolerance, maintainability, scalability, availability, or portability","accessibility, aesthetic, contextual, experience, satisfaction, HCI, UX, questionnaire, ease, or ergonomics",0.5946399569511414
Movies shall be encoded for 56k and 256k streams.,"security, performance, operational, look & feel, legal, fault & tolerance, maintainability, scalability, availability, or portability","accessibility, aesthetic, contextual, experience, satisfaction, HCI, UX, questionnaire, ease, or ergonomics",0.5907208919525146
Izogn Administrator must be able to update the category listings on the website within 2 minutes.,"security, performance, operational, look & feel, legal, fault & tolerance, maintainability, scalability, availability, or portability","accessibility, aesthetic, contextual, experience, satisfaction, HCI, UX, questionnaire, ease, or ergonomics",0.5758664011955261
Izogn Administrator must be able to add new products to the website within 2 minutes.,"security, performance, operational, look & feel, legal, fault & tolerance, maintainability, scalability, availability, or portability","accessibility, aesthetic, contextual, experience, satisfaction, HCI, UX, questionnaire, ease, or ergonomics",0.5169291496276855
The website will provide a help section with answers and solutions to common problems.,"accessibility, aesthetic, contextual, experience, satisfaction, HCI, UX, questionnaire, ease, or ergonomics","accessibility, aesthetic, contextual, experience, satisfaction, HCI, UX, questionnaire, ease, or ergonomics",0.4556350111961365
The product shall be able to be installed in the specified environment within 1 working day.,"security, performance, operational, look & feel, legal, fault & tolerance, maintainability, scalability, availability, or portability","accessibility, aesthetic, contextual, experience, satisfaction, HCI, UX, questionnaire, ease, or ergonomics",0.4968111515045166
Only registered customers can purchase streaming movies.,"security, performance, operational, look & feel, legal, fault & tolerance, maintainability, scalability, availability, or portability","accessibility, aesthetic, contextual, experience, satisfaction, HCI, UX, questionnaire, ease, or ergonomics",0.42776694893836975
 A customer can only stream a movie if they purchased it  and are within the 2 day viewing period.,"security, performance, operational, look & feel, legal, fault & tolerance, maintainability, scalability, availability, or portability","security, performance, operational, look & feel, legal, fault & tolerance, maintainability, scalability, availability, or portability",0.5999748110771179
Only authorized personnel can access customer records in the database.,"security, performance, operational, look & feel, legal, fault & tolerance, maintainability, scalability, availability, or portability","accessibility, aesthetic, contextual, experience, satisfaction, HCI, UX, questionnaire, ease, or ergonomics",0.4916565418243408
Only administrators can activate a pre-paid card.,"security, performance, operational, look & feel, legal, fault & tolerance, maintainability, scalability, availability, or portability","accessibility, aesthetic, contextual, experience, satisfaction, HCI, UX, questionnaire, ease, or ergonomics",0.4851604700088501
Only authorized personnel can access sales information.,"security, performance, operational, look & feel, legal, fault & tolerance, maintainability, scalability, availability, or portability","accessibility, aesthetic, contextual, experience, satisfaction, HCI, UX, questionnaire, ease, or ergonomics",0.42728614807128906
The website shall prevent its data from being corrupted when incorrect data is entered in.,"security, performance, operational, look & feel, legal, fault & tolerance, maintainability, scalability, availability, or portability","accessibility, aesthetic, contextual, experience, satisfaction, HCI, UX, questionnaire, ease, or ergonomics",0.5360970497131348
 The website shall protect itself from intentional abuse  and notify the administrator at all occurrences.,"security, performance, operational, look & feel, legal, fault & tolerance, maintainability, scalability, availability, or portability","accessibility, aesthetic, contextual, experience, satisfaction, HCI, UX, questionnaire, ease, or ergonomics",0.6892049312591553
Data integrity scripts will be run on a weekly basis to verify the integrity of the database.,"security, performance, operational, look & feel, legal, fault & tolerance, maintainability, scalability, availability, or portability","accessibility, aesthetic, contextual, experience, satisfaction, HCI, UX, questionnaire, ease, or ergonomics",0.5826320052146912
 The website shall make its user aware of its information practices before collection data from them via a Privacy Policy  accessible on all pages of the website.,"security, performance, operational, look & feel, legal, fault & tolerance, maintainability, scalability, availability, or portability","security, performance, operational, look & feel, legal, fault & tolerance, maintainability, scalability, availability, or portability",0.6834244728088379
The system shall notify customers of changes to its information policy.,"security, performance, operational, look & feel, legal, fault & tolerance, maintainability, scalability, availability, or portability","accessibility, aesthetic, contextual, experience, satisfaction, HCI, UX, questionnaire, ease, or ergonomics",0.46251675486564636
The system shall reveal private information only in compliance with the organization’s information policy.,"security, performance, operational, look & feel, legal, fault & tolerance, maintainability, scalability, availability, or portability","accessibility, aesthetic, contextual, experience, satisfaction, HCI, UX, questionnaire, ease, or ergonomics",0.6051170229911804
 All customer information will be stored on a secure database  accessible only to authorized personnel.,"security, performance, operational, look & feel, legal, fault & tolerance, maintainability, scalability, availability, or portability","accessibility, aesthetic, contextual, experience, satisfaction, HCI, UX, questionnaire, ease, or ergonomics",0.5754268765449524
All credit card information will be encrypted in the database.,"security, performance, operational, look & feel, legal, fault & tolerance, maintainability, scalability, availability, or portability","accessibility, aesthetic, contextual, experience, satisfaction, HCI, UX, questionnaire, ease, or ergonomics",0.45883193612098694
The streaming server will have anti-virus software to prevent infection of malicious viruses.,"security, performance, operational, look & feel, legal, fault & tolerance, maintainability, scalability, availability, or portability","accessibility, aesthetic, contextual, experience, satisfaction, HCI, UX, questionnaire, ease, or ergonomics",0.5778795480728149
The website should use Flash to provide animation on the home page.,"security, performance, operational, look & feel, legal, fault & tolerance, maintainability, scalability, availability, or portability","accessibility, aesthetic, contextual, experience, satisfaction, HCI, UX, questionnaire, ease, or ergonomics",0.44109341502189636
Total lead cycle time must be completed in 5 minutes for 90% of lead volume between the business hours of 8AM CST to 8PM CST  then 3 minutes for 99% of lead volume during off business hours.,"security, performance, operational, look & feel, legal, fault & tolerance, maintainability, scalability, availability, or portability","security, performance, operational, look & feel, legal, fault & tolerance, maintainability, scalability, availability, or portability",0.6411040425300598
No lead evaluation will complete in a time period longer than 25 seconds for 97% of all leads processed.,"security, performance, operational, look & feel, legal, fault & tolerance, maintainability, scalability, availability, or portability","security, performance, operational, look & feel, legal, fault & tolerance, maintainability, scalability, availability, or portability",0.6362401247024536
For leads that process longer than 25 seconds the system will record the event and duration,"security, performance, operational, look & feel, legal, fault & tolerance, maintainability, scalability, availability, or portability","accessibility, aesthetic, contextual, experience, satisfaction, HCI, UX, questionnaire, ease, or ergonomics",0.538561999797821
The process must fit within the processing time conditions set forth by the Auto Rep Assignment process in which a lead is assigned within 3 minutes of the total life cycle.,"security, performance, operational, look & feel, legal, fault & tolerance, maintainability, scalability, availability, or portability","security, performance, operational, look & feel, legal, fault & tolerance, maintainability, scalability, availability, or portability",0.7210074663162231
The lead washing process will operate within the established physical web service structure.,"security, performance, operational, look & feel, legal, fault & tolerance, maintainability, scalability, availability, or portability","accessibility, aesthetic, contextual, experience, satisfaction, HCI, UX, questionnaire, ease, or ergonomics",0.5965794920921326
 The washing process must use a non binding  neutral data format  such as xml  when receiving and processing lead data.,"security, performance, operational, look & feel, legal, fault & tolerance, maintainability, scalability, availability, or portability","security, performance, operational, look & feel, legal, fault & tolerance, maintainability, scalability, availability, or portability",0.7244007587432861
The product shall able to handle a large number of games simultaneously.,"security, performance, operational, look & feel, legal, fault & tolerance, maintainability, scalability, availability, or portability","accessibility, aesthetic, contextual, experience, satisfaction, HCI, UX, questionnaire, ease, or ergonomics",0.46647003293037415
The response time shall be fast enough to maintain the flow of the game.  The response time shall be no more than 2 seconds for 95% of responses and no more than 4% for the remaining responses.,"security, performance, operational, look & feel, legal, fault & tolerance, maintainability, scalability, availability, or portability","security, performance, operational, look & feel, legal, fault & tolerance, maintainability, scalability, availability, or portability",0.6318150162696838
The product shall protect the identity of the players. The product shall provide players no access to information that might reveal the identity of another player.,"security, performance, operational, look & feel, legal, fault & tolerance, maintainability, scalability, availability, or portability","security, performance, operational, look & feel, legal, fault & tolerance, maintainability, scalability, availability, or portability",0.6377935409545898
The product shall be intuitive and self-explanatory.  Nine out ten users shall be able to successfully complete a game with no training.,"accessibility, aesthetic, contextual, experience, satisfaction, HCI, UX, questionnaire, ease, or ergonomics","security, performance, operational, look & feel, legal, fault & tolerance, maintainability, scalability, availability, or portability",0.6768965125083923
 The product shall be available to players who understand English  Spanish and French.  The product shall allow the user to select the language upon accessing the product.,"accessibility, aesthetic, contextual, experience, satisfaction, HCI, UX, questionnaire, ease, or ergonomics","security, performance, operational, look & feel, legal, fault & tolerance, maintainability, scalability, availability, or portability",0.7025682926177979
The product shall provide players no access to information that might reveal the identity of another player,"security, performance, operational, look & feel, legal, fault & tolerance, maintainability, scalability, availability, or portability","accessibility, aesthetic, contextual, experience, satisfaction, HCI, UX, questionnaire, ease, or ergonomics",0.548693835735321
The response time shall be fast enough to maintain the flow of the game. The response time shall be no more than 2 seconds for 95% of responses and no more than 4% for the remaining responses.,"security, performance, operational, look & feel, legal, fault & tolerance, maintainability, scalability, availability, or portability","security, performance, operational, look & feel, legal, fault & tolerance, maintainability, scalability, availability, or portability",0.6263056397438049
The system shall be easy to use by callers and supervisors. Callers and supervisors must be able to accomplish any system task within 2 minutes.,"accessibility, aesthetic, contextual, experience, satisfaction, HCI, UX, questionnaire, ease, or ergonomics","security, performance, operational, look & feel, legal, fault & tolerance, maintainability, scalability, availability, or portability",0.5508143901824951
The system shall be easy to learn by callers and supervisors. Callers and supervisors shall learn how to use the system within 10 minutes.,"accessibility, aesthetic, contextual, experience, satisfaction, HCI, UX, questionnaire, ease, or ergonomics","security, performance, operational, look & feel, legal, fault & tolerance, maintainability, scalability, availability, or portability",0.5860809087753296
 The system shall be responsive. At the DePaul TeleServices Center  when a supervisor uses the system to view a callers schedule  the system response time must be no more than 2 seconds 90% of the time and no more than 5 seconds the rest of the time.,"security, performance, operational, look & feel, legal, fault & tolerance, maintainability, scalability, availability, or portability","security, performance, operational, look & feel, legal, fault & tolerance, maintainability, scalability, availability, or portability",0.615035891532898
 On a 56k connection  the system response time for all operations must be no more than 6 seconds 90% of the time.,"security, performance, operational, look & feel, legal, fault & tolerance, maintainability, scalability, availability, or portability","security, performance, operational, look & feel, legal, fault & tolerance, maintainability, scalability, availability, or portability",0.60809725522995
 On a 112k connection or faster  the system response time for all operations must be no more than 3 seconds 90% of the time.,"security, performance, operational, look & feel, legal, fault & tolerance, maintainability, scalability, availability, or portability","security, performance, operational, look & feel, legal, fault & tolerance, maintainability, scalability, availability, or portability",0.5875173211097717
The product shall ensure that only supervisors can advertise empty time slots.The product must ensure that supervisors are allowed to access advertise empty time slots.,"security, performance, operational, look & feel, legal, fault & tolerance, maintainability, scalability, availability, or portability","security, performance, operational, look & feel, legal, fault & tolerance, maintainability, scalability, availability, or portability",0.6420577764511108
The product shall ensure that only supervisors can enter a caller’s schedule.The product must ensure that supervisors are allowed to access advertise empty time slots.,"security, performance, operational, look & feel, legal, fault & tolerance, maintainability, scalability, availability, or portability","security, performance, operational, look & feel, legal, fault & tolerance, maintainability, scalability, availability, or portability",0.6692071557044983
The product shall ensure that only supervisors can view schedule of all callers.The product must ensure that supervisors are allowed to access advertise empty time slots.,"security, performance, operational, look & feel, legal, fault & tolerance, maintainability, scalability, availability, or portability","security, performance, operational, look & feel, legal, fault & tolerance, maintainability, scalability, availability, or portability",0.6343857645988464
The product shall provide Monitoring Services.The product shall be easy for System Administrators and DBAs to use after two weeks of usage.,"accessibility, aesthetic, contextual, experience, satisfaction, HCI, UX, questionnaire, ease, or ergonomics","security, performance, operational, look & feel, legal, fault & tolerance, maintainability, scalability, availability, or portability",0.6271206140518188
The product shall provide Error Tracking Services.The product shall help the System Administrators and DBAs to resolve transaction errors 99% of the time.,"accessibility, aesthetic, contextual, experience, satisfaction, HCI, UX, questionnaire, ease, or ergonomics","security, performance, operational, look & feel, legal, fault & tolerance, maintainability, scalability, availability, or portability",0.7098880410194397
The product shall provide Portals.The product shall help System Administrators to analyze the transactions with ad-hoc reporting and KPIs (Key Performance Indicators),"accessibility, aesthetic, contextual, experience, satisfaction, HCI, UX, questionnaire, ease, or ergonomics","security, performance, operational, look & feel, legal, fault & tolerance, maintainability, scalability, availability, or portability",0.7630473375320435
The product shall provide Asynchronous Messaging.The product shall provide asynchronous messaging to enable parallel processing and reduce the overhead in communications,"security, performance, operational, look & feel, legal, fault & tolerance, maintainability, scalability, availability, or portability","accessibility, aesthetic, contextual, experience, satisfaction, HCI, UX, questionnaire, ease, or ergonomics",0.7127494812011719
The product shall provide Multi-threading and Load Balancing.The product shall provide multi-threading technology as well as load balancing to overcome data load spikes and traffic.,"security, performance, operational, look & feel, legal, fault & tolerance, maintainability, scalability, availability, or portability","security, performance, operational, look & feel, legal, fault & tolerance, maintainability, scalability, availability, or portability",0.7514201402664185
The product shall process messages within 2 seconds.The product shall have a maximum message processing time of 2 seconds,"security, performance, operational, look & feel, legal, fault & tolerance, maintainability, scalability, availability, or portability","accessibility, aesthetic, contextual, experience, satisfaction, HCI, UX, questionnaire, ease, or ergonomics",0.6759740710258484
The product shall poll the system for messages every second.The product shall poll the system for new messages at a maximum of every 1 second.,"security, performance, operational, look & feel, legal, fault & tolerance, maintainability, scalability, availability, or portability","security, performance, operational, look & feel, legal, fault & tolerance, maintainability, scalability, availability, or portability",0.6285694241523743
The product shall provide Dynamic Change Support and Transparent resource addition.The product shall support Transparent Resource addition and Dynamic Change support to provide scalability and avoid service interruptions of more than 1 day.,"security, performance, operational, look & feel, legal, fault & tolerance, maintainability, scalability, availability, or portability","security, performance, operational, look & feel, legal, fault & tolerance, maintainability, scalability, availability, or portability",0.7229173183441162
The product shall be platform independent.The product shall enable access to any type of development environment and platform.,"security, performance, operational, look & feel, legal, fault & tolerance, maintainability, scalability, availability, or portability","accessibility, aesthetic, contextual, experience, satisfaction, HCI, UX, questionnaire, ease, or ergonomics",0.594346284866333
The product shall interface CSR and Datastream.The product shall exchange messages between CSR and EAM on a real time basis without any direct interfaces between two systems.,"security, performance, operational, look & feel, legal, fault & tolerance, maintainability, scalability, availability, or portability","security, performance, operational, look & feel, legal, fault & tolerance, maintainability, scalability, availability, or portability",0.7509641647338867
 The product shall have security.The product shall provide authentication  and authorization.,"security, performance, operational, look & feel, legal, fault & tolerance, maintainability, scalability, availability, or portability","accessibility, aesthetic, contextual, experience, satisfaction, HCI, UX, questionnaire, ease, or ergonomics",0.5527070164680481
The product shall information Security. The product shall enable privacy by encryption WS-Security and Integrity Checking.,"security, performance, operational, look & feel, legal, fault & tolerance, maintainability, scalability, availability, or portability","accessibility, aesthetic, contextual, experience, satisfaction, HCI, UX, questionnaire, ease, or ergonomics",0.7020444273948669
The product shall have audit capabilities.The product shall store messages for a minimum of one year for audit and transaction tracking purposes.,"security, performance, operational, look & feel, legal, fault & tolerance, maintainability, scalability, availability, or portability","security, performance, operational, look & feel, legal, fault & tolerance, maintainability, scalability, availability, or portability",0.6671128869056702
The system must use a point and click interface. 100% of all selection and navigation functionality must be able to be activated/selected by either a mouse or a keyboard,"accessibility, aesthetic, contextual, experience, satisfaction, HCI, UX, questionnaire, ease, or ergonomics","security, performance, operational, look & feel, legal, fault & tolerance, maintainability, scalability, availability, or portability",0.5494734048843384
The interface shall be easy to use. 90% of users should be able to successfully use the system to generate a report on their first use. The interface should adhere to IBM usability standards.,"accessibility, aesthetic, contextual, experience, satisfaction, HCI, UX, questionnaire, ease, or ergonomics","security, performance, operational, look & feel, legal, fault & tolerance, maintainability, scalability, availability, or portability",0.5457704663276672
Rreports must be easy to generate. eports must be generated within one button click and exported within one button click (after selecting the report),"accessibility, aesthetic, contextual, experience, satisfaction, HCI, UX, questionnaire, ease, or ergonomics","security, performance, operational, look & feel, legal, fault & tolerance, maintainability, scalability, availability, or portability",0.6855285167694092
A user shall be able to use the system without instruction after a short amount of time. After one use a user should understand and remember 90% of the system usage and navigation.,"accessibility, aesthetic, contextual, experience, satisfaction, HCI, UX, questionnaire, ease, or ergonomics","security, performance, operational, look & feel, legal, fault & tolerance, maintainability, scalability, availability, or portability",0.5335462093353271
All CCR users shall receive training before the WCS system is deployed. One training session will be held for 100% of CCR users before system deployment (based on a CCR user being available),"accessibility, aesthetic, contextual, experience, satisfaction, HCI, UX, questionnaire, ease, or ergonomics","security, performance, operational, look & feel, legal, fault & tolerance, maintainability, scalability, availability, or portability",0.7195348143577576
The WCS system shall use appropriate nomenclature and terminology as defined by the Corporate Community Grants organization. All interfaces and reports will undergo usability tests by CCR users.,"accessibility, aesthetic, contextual, experience, satisfaction, HCI, UX, questionnaire, ease, or ergonomics","security, performance, operational, look & feel, legal, fault & tolerance, maintainability, scalability, availability, or portability",0.7428786754608154
The WCS system shall be run in a Windows environment. The WCS shall be accessed by users through the Internet on an IBM computer running a Windows 2000 or above operating system.,"security, performance, operational, look & feel, legal, fault & tolerance, maintainability, scalability, availability, or portability","security, performance, operational, look & feel, legal, fault & tolerance, maintainability, scalability, availability, or portability",0.7192951440811157
The Brio portion of the WCS system must be able to export files in spreadsheet form (Microsoft Excel and Lotus 1-2-3 formats).  Brio will provide buttons in the user interface that produce/export reports in .xls or .123 file formats.,"security, performance, operational, look & feel, legal, fault & tolerance, maintainability, scalability, availability, or portability","security, performance, operational, look & feel, legal, fault & tolerance, maintainability, scalability, availability, or portability",0.6230549216270447
The system shall only be accessed by authorized Corporate Community Grants (CCR) employees. Users must be authenticated using their IBM intranet user name and password.,"security, performance, operational, look & feel, legal, fault & tolerance, maintainability, scalability, availability, or portability","security, performance, operational, look & feel, legal, fault & tolerance, maintainability, scalability, availability, or portability",0.7217926383018494
The WCS system shall not allow automatic logins by any user. Cookies containing WCS login information about a user will not be stored on a user’s computer.,"security, performance, operational, look & feel, legal, fault & tolerance, maintainability, scalability, availability, or portability","security, performance, operational, look & feel, legal, fault & tolerance, maintainability, scalability, availability, or portability",0.7185562252998352
Each team owner will need to use a username and password in order to be authenticated to reach the team owner’s page,"security, performance, operational, look & feel, legal, fault & tolerance, maintainability, scalability, availability, or portability","accessibility, aesthetic, contextual, experience, satisfaction, HCI, UX, questionnaire, ease, or ergonomics",0.554233193397522
The Commissioner will be the only authorized user per league to adjust league settings.,"security, performance, operational, look & feel, legal, fault & tolerance, maintainability, scalability, availability, or portability","accessibility, aesthetic, contextual, experience, satisfaction, HCI, UX, questionnaire, ease, or ergonomics",0.5936281681060791
;A new user shall be able to navigate through the league and team pages within 30 seconds of reaching the start-up page.,"accessibility, aesthetic, contextual, experience, satisfaction, HCI, UX, questionnaire, ease, or ergonomics","security, performance, operational, look & feel, legal, fault & tolerance, maintainability, scalability, availability, or portability",0.6437118053436279
Users shall be able to reach the ‘add’  ‘drop’  and ‘trade player’ pages with one click from the team owner’s page.,"accessibility, aesthetic, contextual, experience, satisfaction, HCI, UX, questionnaire, ease, or ergonomics","security, performance, operational, look & feel, legal, fault & tolerance, maintainability, scalability, availability, or portability",0.7318251729011536
;Users shall be able to view at least 25 NFL player statistics and points on each page.,"accessibility, aesthetic, contextual, experience, satisfaction, HCI, UX, questionnaire, ease, or ergonomics","accessibility, aesthetic, contextual, experience, satisfaction, HCI, UX, questionnaire, ease, or ergonomics",0.5749225616455078
The application shall ask the user to confirm dropping a player or trading a player before performing the action.,"accessibility, aesthetic, contextual, experience, satisfaction, HCI, UX, questionnaire, ease, or ergonomics","accessibility, aesthetic, contextual, experience, satisfaction, HCI, UX, questionnaire, ease, or ergonomics",0.6122666001319885
The application shall be able to complete every user transaction within one fourth of a second of receiving the request over the network.,"security, performance, operational, look & feel, legal, fault & tolerance, maintainability, scalability, availability, or portability","security, performance, operational, look & feel, legal, fault & tolerance, maintainability, scalability, availability, or portability",0.5927712917327881
The application shall run on a web application server.,"security, performance, operational, look & feel, legal, fault & tolerance, maintainability, scalability, availability, or portability","accessibility, aesthetic, contextual, experience, satisfaction, HCI, UX, questionnaire, ease, or ergonomics",0.4865642786026001
A primary database will be used to store cached data for active users.,"security, performance, operational, look & feel, legal, fault & tolerance, maintainability, scalability, availability, or portability","accessibility, aesthetic, contextual, experience, satisfaction, HCI, UX, questionnaire, ease, or ergonomics",0.4879820644855499
A secondary database will be used to store historical statistics and data.,"security, performance, operational, look & feel, legal, fault & tolerance, maintainability, scalability, availability, or portability","accessibility, aesthetic, contextual, experience, satisfaction, HCI, UX, questionnaire, ease, or ergonomics",0.47203153371810913
98% of the user workstations shall meet the minimum hardware requirements prior to implementation. Minimum Hard Disk Space:  400MB.,"security, performance, operational, look & feel, legal, fault & tolerance, maintainability, scalability, availability, or portability","accessibility, aesthetic, contextual, experience, satisfaction, HCI, UX, questionnaire, ease, or ergonomics",0.6895005106925964
98% of the user workstations shall meet the minimum software requirements prior to implementation: Microsoft Internet Explorer 5.0. Microsoft .NET Framework 1.1. Microsoft Internet Explorer Web Controls,"security, performance, operational, look & feel, legal, fault & tolerance, maintainability, scalability, availability, or portability","security, performance, operational, look & feel, legal, fault & tolerance, maintainability, scalability, availability, or portability",0.679000198841095
The RFS system should be able to easily interface with the BDW environment  in order to load the data. •;7 data files shall be received from the BDW and loaded into the RFS system within 3 hours one day prior to the start of budgeting process  every year. The data will be as of October month-end. ;Test files (7) shall be loaded up to 5 times throughout the year  from the BDW.,"security, performance, operational, look & feel, legal, fault & tolerance, maintainability, scalability, availability, or portability","security, performance, operational, look & feel, legal, fault & tolerance, maintainability, scalability, availability, or portability",0.5537101030349731
Only authorized user shall access the RFS system. ONLY users that exist in the UAS system  with the RFS system assigned to their role(s)  shall access the RFS system and use it.,"security, performance, operational, look & feel, legal, fault & tolerance, maintainability, scalability, availability, or portability","security, performance, operational, look & feel, legal, fault & tolerance, maintainability, scalability, availability, or portability",0.6936595439910889
;User access should be limited to the permissions granted to their role(s) Each level in the PCG hierarchy will be assigned a role and users will be assigned to these roles. Access to functionality within RFS system is dependent on the privileges/permission assigned to the role..,"security, performance, operational, look & feel, legal, fault & tolerance, maintainability, scalability, availability, or portability","security, performance, operational, look & feel, legal, fault & tolerance, maintainability, scalability, availability, or portability",0.6352484226226807
The users should be able to easily use the system to successfully complete their budgets  within the stipulated time for completion. With a week of training prior to product implementation  98% of the users shall complete their budgets within the stipulated time.,"accessibility, aesthetic, contextual, experience, satisfaction, HCI, UX, questionnaire, ease, or ergonomics","security, performance, operational, look & feel, legal, fault & tolerance, maintainability, scalability, availability, or portability",0.6559797525405884
The product interface should be fast. The response time of the product interface should not exceed 2 seconds 90% of the time. For 10% of the time  the response time should not be more than 10 seconds.not be more than 10 seconds.,"security, performance, operational, look & feel, legal, fault & tolerance, maintainability, scalability, availability, or portability","security, performance, operational, look & feel, legal, fault & tolerance, maintainability, scalability, availability, or portability",0.5697367787361145
