,precision,recall,f1-score,support
"accessibility, aesthetic, contextual, experience, satisfaction, HCI, UX, questionnaire, ease, or ergonomics",0.1794871794871795,0.31343283582089554,0.22826086956521738,67.0
"not about accessibility, aesthetic, contextual, experience, satisfaction, HCI, UX, questionnaire, ease, or ergonomics",0.6515151515151515,0.4725274725274725,0.5477707006369427,182.0
accuracy,0.42971887550200805,0.42971887550200805,0.42971887550200805,0.42971887550200805
macro avg,0.4155011655011655,0.392980154174184,0.38801578510108004,249.0
weighted avg,0.5245036088409583,0.42971887550200805,0.4617981758104142,249.0
