,precision,recall,f1-score,support
"instructive, easy, helpful, useful, learnable, explainable, affordable, intuitive, or understandable",0.23756906077348067,0.6417910447761194,0.3467741935483871,67.0
"not about instructive, easy, helpful, useful, learnable, explainable, affordable, intuitive, or understandable",0.6470588235294118,0.24175824175824176,0.352,182.0
accuracy,0.3493975903614458,0.3493975903614458,0.3493975903614458,0.3493975903614458
macro avg,0.44231394215144626,0.4417746432671806,0.34938709677419355,249.0
weighted avg,0.5368748311412697,0.3493975903614458,0.35059385930820053,249.0
