Requirement text,Gold label,Predicated label,ZSL score
The system shall refresh the display every 60 seconds.,not about usability,usability,0.23345477879047394
 If projected  the data must be readable.  On a 10x10 projection screen  90% of viewers must be able to read Event / Activity data from a viewing distance of 30,usability,usability,0.25248655676841736
 If projected  the data must be understandable. On a 10x10 projection screen  90% of viewers must be able to determine that Events or Activities are occuring in current time from a viewing distance of 100,usability,usability,0.3494417071342468
The product shall ensure that it can only be accessed by authorized users.  The product will be able to distinguish between authorized and unauthorized users in all access attempts,not about usability,usability,0.29003623127937317
The product shall be intuitive and self-explanatory.  :  90% of new users shall be able to start the display of Events or Activities within 90 minutes of using the product.,usability,usability,0.42108145356178284
The product shall respond fast to keep up-to-date data in the display.,not about usability,usability,0.4436427652835846
The system shall be used by realtors with no training.,usability,not about usability,0.2400805801153183
The system shall be intuitive and self explanatory.,usability,usability,0.49788224697113037
The product shall be easy for a realtor to learn.,usability,usability,0.4111800193786621
The product shall use symbols and words that are naturally understandable by the realtor community.,usability,usability,0.32133662700653076
The product shall produce search results in an acceptable time,not about usability,usability,0.44570618867874146
The search results shall be returned no later 30      seconds  after the user has entered the search criteria,not about usability,usability,0.08679738640785217
The product shall generate a CMA report in an acceptable time.,not about usability,usability,0.38907498121261597
The CMA report shall be returned no later 60 seconds after the user has entered the CMA report criteria.,not about usability,usability,0.14928479492664337
The product shall synchronize contacts and appointments in an acceptable time.,not about usability,usability,0.29777300357818604
The product shall synchronize with the office system every hour.,not about usability,usability,0.18510811030864716
The product shall be installed by an untrained realtor   without recourse to separately-printed instructions.,usability,not about usability,0.23046785593032837
90% of untrained realtors shall be able to install the product on their device without printed instructions,usability,not about usability,0.23812539875507355
Only registered realtors shall be able to access the system.,not about usability,not about usability,0.1935756951570511
Every user of the system shall be authenticated and authorized.,not about usability,usability,0.49192577600479126
The product shall prevent its data from incorrect data being introduced.,not about usability,usability,0.36879590153694153
The system shall be easy to use by the Program Administrators/Nursing Staff Members.,usability,usability,0.5026826858520508
All of the users shall be able to use the system after one day of training.,usability,usability,0.184828519821167
The system shall help the user avoid making mistakes while scheduling classes and clinicals for the nursing students.,usability,usability,0.10140135139226913
The number of mistakes noted by the students shall be decreased by 50% in the first year.,usability,not about usability,-0.027790360152721405
The system shall be intuitive to the Program Administrators/Nursing Staff Members.,usability,usability,0.41480302810668945
2 out of 3 Program Administrators/Nursing Staff Members shall successfully be able to use the system to manage the scheduling of classes and clinicals.,usability,usability,0.16369688510894775
The system shall use symbols and words that are naturally understandable by the user community.,usability,usability,0.3485090732574463
The verbiage used within the system shall be consistent with Standard English and the terminology of the national Nursing Community.,usability,usability,0.26346999406814575
Staff members shall be able to complete a set of tasks in a timely manner.,not about usability,usability,0.5237625241279602
The response time of general student management tasks shall take no longer than 5 seconds and the response time of schedule generation shall take no longer than 30 seconds.,not about usability,usability,0.03669998049736023
The system shall able to operate within a business office environment typical of the Nursing Department at DePaul University.,not about usability,usability,0.14862485229969025
The system shall be used within the specifications defined by the computers used by the Program Administrators/Nursing Staff Members.,not about usability,usability,0.21148383617401123
The system shall operate within the Windows XP Professional operating system.,not about usability,usability,0.2704791724681854
The system shall interface with CampusConnect’s central server,not about usability,usability,0.26045334339141846
The system shall interface with the faculty central server.,not about usability,usability,0.19337531924247742
The system shall interface with the student master server.,not about usability,usability,0.11358462274074554
We must be able to interface with any HTML browser.,not about usability,usability,0.2717346251010895
Only authorized users shall have access to clinical site information.,not about usability,not about usability,0.14388218522071838
Program Administrators/Nursing Staff Members are the only people who shall have access to clinical site details.,not about usability,usability,0.13852915167808533
Only authorized users shall have access to students’ personal information.,not about usability,not about usability,0.14312976598739624
Dr Susan Poslusny and Dr Julie Donalek are the only people who shall have access to students’ personal information.,not about usability,usability,0.14935722947120667
Only authorized users shall have access to the portion of the system that interfaces with CampusConnect.,not about usability,not about usability,0.21531280875205994
Fit Criterion: Dr Susan Poslusny and Karen Sysol are the only people who shall have access to the final class section scheduling for the system that interfaces with CampusConnect.,not about usability,usability,0.1990332007408142
The system shall have basic data integrity checking to reduce the possibility of incorrect or invalid data being introduced.,not about usability,usability,0.31546005606651306
The system shall protect private information in accordance with the organization’s information policy.,not about usability,usability,0.22257739305496216
The system shall be built such that it is as secure as possible from malicious interference.,not about usability,usability,0.36158350110054016
The system shall use the organization’s standard virus protection software to help monitor threats to itself.,not about usability,usability,0.20300450921058655
The list of dispute cases that are displayed after a search is performed must be color coded for easy identification of dispute cases based upon the dispute case status.,usability,usability,0.09479473531246185
100% of the cardmember and merchant services representatives shall use the Disputes application regularly after a 2-day training course.,usability,usability,0.04595862329006195
100% of cardmember services representatives shall be able to successfully create a dispute case on the first encounter after completing the training course.,usability,usability,0.2012602686882019
100% of merchant services representatives shall be able to successfully perform a follow up action on a dispute case on the first encounter after completing the training course.,usability,usability,0.16773399710655212
The maximum wait time for a user navigating from one screen to another within the Disputes application shall be no more than 5 seconds.,not about usability,not about usability,0.06168347969651222
The Disputes application shall support 350 concurrent users without any degradation of performance in the application.,not about usability,usability,0.30034834146499634
 The Disputes application shall be available 24x7x365  with the exception of the following scheduled maintenance windows.  Monday – Saturday 3:00am to 4:00am EST Sunday 1:00amd to 5:00am EST,not about usability,usability,0.159759983420372
The Disputes application shall interface with the Statement Database. The Statement Database provides the transaction details to the Disputes System. All transaction details must be obtained from the Statement Database,not about usability,usability,0.18188273906707764
The Disputes application shall interface with the Cardmember Information Database.  The Cardmember Information Database provides detailed information with regard to a cardmember.  All cardmember detail information must be obtained from the Cardmember Information Database.,not about usability,usability,0.1692705601453781
The Disputes applications shall interface with the Merchant Information Database.  The Merchant Information Database provides detailed information with regard to the merchant. All merchant detail information shall be obtained from the Merchant Information Database.,not about usability,usability,0.09566295146942139
The Disputes application shall interface with the Letters application.  This will allow the Disputes application to request letters as part of the dispute initiation and dispute follow up process. All letter requests must be sent to the Print Letter Utility application.,not about usability,usability,0.08310767263174057
The Disputes application shall interface with the Cardmember Posting and Billing System.  This will allow the Disputes application to request adjustments to cardmember and merchant’s accounts. All adjustment requests must be sent to the Cardmember Posting and Billing System.,not about usability,usability,0.08217954635620117
The Disputes application shall ensure that only users with the appropriate access level are allowed to initiate dispute requests.,not about usability,usability,0.15997949242591858
Only users with Update access must be able to initiate dispute requests.,not about usability,not about usability,0.22688160836696625
The Disputes application shall ensure that only authorized users are allowed to logon to the application.,not about usability,usability,0.13807538151741028
 All authorized users  once authenticated must be able to logon to the Disputes System,not about usability,usability,0.27029484510421753
The Disputes System shall generate a User Report that details any new users that have been added and any changes to an existing user’s access level.  The report will be reviewed for auditing purposes.,not about usability,usability,0.11693505197763443
All additions of new users and modifications to user’s access shall be recorded on the User Report.,not about usability,usability,0.20950347185134888
 If a user account is revoked  it can only be re-instantiated by the System Administrator.,not about usability,not about usability,0.18777182698249817
Only the System Administrator shall be able to reset a revoked user logon account,not about usability,not about usability,0.07799172401428223
The Disputes application shall manipulate and view business data. Users will not have direct access to data files or databases.,not about usability,not about usability,0.030075784772634506
All updates to data files or database must be initiated from the Disputes System.,not about usability,usability,0.19616006314754486
The product must support Internet Explorer 5.5 and above.,not about usability,usability,0.20259033143520355
The product must support Mozilla Firefox 1.0 and above.,not about usability,usability,0.1675037443637848
The product shall interface with the Choice Parts System.  This provides the feed of recycled parts data.,not about usability,usability,0.21621595323085785
The product shall run on the existing hardware for all environments.,not about usability,usability,0.37935706973075867
The product shall adhere to the corporate Architecture guidelines,not about usability,usability,0.2864440083503723
The product shall be easy to use by Adjusters and Collision Estimators.  95% of Adjusters and Collision Estimators shall find the product easy to use.,usability,usability,0.5100376605987549
The product shall increase productivity of Collision Estimators. 80% of the Collision Estimators shall agree their productivity has increase within 1 month of using the product.,usability,usability,0.1857178658246994
Users shall feel satisfied using the product.  85% of all users will be satisfied with the product.,usability,usability,0.3502778708934784
The product shall be easy to learn by Adjusters and Collision Estimators.  The product shall be learned with two days onsite training,usability,usability,0.3324781358242035
The user shall easily locate instructions while using the product.  User help can be found within 90% of the system.,usability,usability,0.3738189935684204
The search for recycled parts shall take no longer than 15 seconds.  The search results shall be returned in under 15 seconds.,not about usability,usability,0.14908286929130554
The search for the preferred repair facility shall take no longer than 8 seconds.  The preferred repair facility is returned within 8 seconds,not about usability,usability,0.15174198150634766
The recycled parts audit report shall be returned to the user within 10 seconds.  The audit report shall be returned within 10 seconds.,not about usability,usability,0.21234960854053497
The preferred repair facility ratings shall be saved within 5 seconds. The save shall occur within 5 seconds.,not about usability,usability,0.14267365634441376
 For estimators  the product shall be able to be operated in a repair facility during dirty and noisy conditions.,not about usability,usability,0.3624161183834076
The product shall interface with the ChoiceParts system once per day at approximately 1:00 AM.,not about usability,usability,0.1760818213224411
The maintenance of the product will fall within the established corporate maintenance windows.,not about usability,usability,0.23493771255016327
The product shall be supported using the corporate support center.,not about usability,usability,0.30478668212890625
Product installations and upgrades shall be handled by the middleware technology team within established launch time frames.,not about usability,usability,0.2534462809562683
Only adjusters can request recycled parts audit reports. No users without an adjuster role shall request recycled parts audits.,not about usability,not about usability,0.22320766746997833
Only adjusters with a supervisor role can update preferred repair facility ratings. Users without the supervisor role cannot access the repair facility ratings.,not about usability,not about usability,0.17650429904460907
Only collision estimators shall search for recycled parts.  Users without the collision estimator role shall not have access to the search for recycled parts.,not about usability,not about usability,0.27873125672340393
Only valid data shall be entered into the system.  No invalid data shall be entered into the system.,not about usability,not about usability,0.3336978852748871
One insurance company shall not be able to view another insurance companys claim data.,not about usability,not about usability,0.14260901510715485
The product shall free of computer viruses.,not about usability,usability,0.3690032362937927
The system shall prevent malicious attacks including denial of service.,not about usability,usability,0.26058250665664673
 The product must work with most database management systems (DBMS) on the market  whether the DBMS is colocated with the product on the same machine or is located on a different machine on the computer network.,not about usability,usability,0.21236379444599152
The product will function alongside server software on any operating system where the Java runtime can be installed.,not about usability,usability,0.25922060012817383
The product will require collaboration with a database management system (DBMS).  The DBMS may be located on the same machine as the product or on a separate machine residing on the same computer network.,not about usability,usability,0.19280210137367249
 The product must make use of web/application server technology.  Open source examples include Apache web server  Tomcat  and the JBoss application server.,not about usability,usability,0.29082146286964417
 A database management system such as Oracle  DB2  MySql or HSQL will need to be integrated with the product.,not about usability,usability,0.22441107034683228
The product shall make the users want to use it. 80% of the users surveyed report they are regularly using the product after the first 2 weeks post-launch.,usability,usability,0.13753357529640198
The product shall be easy to use. 90% of users will be able to successfully reserve a conference room within 5 minutes of product use.,usability,usability,0.3075997233390808
The product shall give users feedback when necessary. 80% of the users surveyed report that the product accurately confirms their actions.,usability,usability,0.3867763876914978
The product shall allow the user to select a chosen language from one of the target market countries.,usability,usability,0.1517646759748459
The product shall allow for customization of start page and views preferences.,usability,usability,0.30870071053504944
 An employee will be able to successfully use the product within a few minutes.  After informally navigating the product for less than 15 minutes  users shall be able to successfully setup meetings and reserve conference rooms.,usability,usability,0.2165924310684204
The product shall use a standard navigation menu familiar to most web users.,usability,usability,0.28538450598716736
The product shall allow for intuitive searching of available conference rooms.,usability,usability,0.40801969170570374
The product shall conform to the Americans with Disabilities Act.,usability,usability,0.36793771386146545
The response shall be fast enough to avoid interrupting the user’s flow of thought.  90% of tasks shall complete within 5 seconds.  98% of tasks shall complete within 8 seconds.,not about usability,usability,0.33497369289398193
The product shall be used in office environments.,not about usability,usability,0.20477209985256195
The product must be able to interface with any HTML browser.  The product shall transmit data between the user and the product without problems. The product shall display HTML properly in 80% of all HTML browsers tested (minimum is to test 8 browsers).,not about usability,usability,0.2892518937587738
The product must be able to interface with various database management systems. The product shall communicate successfully with the database management system on 100% of all transactions.,not about usability,usability,0.33573925495147705
The product must be able to interface with various email servers. The product shall be able to send email.,not about usability,usability,0.16377009451389313
The product shall be available for distribution via the Internet as a binary or ZIP file.,not about usability,usability,0.16540543735027313
The product shall be available for distribution as a packaged CD.,not about usability,usability,0.2832341194152832
 The product will be available for licensing as a one-server  two-five servers  or five-or-more servers license.,not about usability,usability,0.21844162046909332
A new user must be able to be added to the system within 10 minutes.  90% of new users are able to log into the system within 10 minutes.,usability,usability,0.15123192965984344
Every registered user will have access to the product’s support site via the Internet.  70% of registered users shall find a solution to their problem within 5 minutes of using the support site.,usability,usability,0.12702037394046783
 The product shall be translated into foreign languages other than the target market countries’ languages in future releases.  For each emerging target market  it shall take no more than 5 days to configure the product for that market’s language.,usability,usability,0.03683728724718094
 The product is expected to integrate with multiple database management systems.  The product will operate with Oracle  SQL Server  DB2  MySQL  HSQL  and MS Access.,not about usability,usability,0.18098309636116028
The product shall be able to be installed in any operating environment within 2 days.,not about usability,usability,0.2711418569087982
The product shall ensure that only company employees or external users with company-approved user IDs may have product access.  100% of all logons shall be by either company employees or external users with company-approved user IDs.,not about usability,usability,0.18512865900993347
Only managers are able to perform search queries for reservations by user.  100% of all search queries for reservations by user shall be from logons of only management logons.,not about usability,usability,0.08297159522771835
The product shall ensure that the database’s data corresponds to the data entered by the user.  Each conference room reservation in the system will contain the same information as was entered by the user.,not about usability,usability,0.22642502188682556
The product shall prevent the input of malicious data.  The product and/or adjacent hardware/software systems’ data shall remain 100% uncorrupted each time malicious data is input into the product.,not about usability,usability,0.3288648724555969
The product shall have the ability to receive automatic software updates as new threats emerge.  100% of customers will be able to receive automatic software updates transmitted to the installed product.,not about usability,usability,0.34469351172447205
The product shall be able to display calendar dates and times according to the user’s locale.  90% of survey respondents from each target market country will find that the date and time formatting of the product is correct.,usability,usability,0.29684513807296753
The product must be developed with the J2SE/J2EE programming language libraries,not about usability,usability,0.1898946464061737
Recreation of Inventory Quantity Adjustment for the period of previous 30 days shall take no more than 30min.,not about usability,usability,0.08151125907897949
The System shall allow for a minimum of  6 users to work at the same time.,not about usability,usability,0.26323190331459045
The System shall utilize currently owned computer equipment.,not about usability,usability,0.33642277121543884
The System shall be able to automatically backup business data and restore them on demand.,not about usability,usability,0.2734353244304657
The System shall maintain consistent security.  Any changes in user passwords and/or permissions should take affect in all parts of the System.,not about usability,usability,0.31404218077659607
The System shall granularly control access rights to all major subsystems.  It should be possible to assign access rights to all subsystems independently.,not about usability,usability,0.318676620721817
The System shall not require additional third party licenses resulting in royalty fees.,not about usability,not about usability,0.41858547925949097
Administrator shall be able to activate a pre-paid card via the Administration section in under 5 seconds.,not about usability,usability,0.11077792197465897
 Customer shall be able to check the status of their prepaid card  by entering in the PIN number  in under 5 seconds.,not about usability,usability,0.01045648381114006
System shall let customers register on the website as a “pay as you go” user in under 5 minutes.,not about usability,usability,-0.002698013326153159
System shall let customers register on the website as a “unlimited movie subscriber” user in under 10 minutes.,not about usability,usability,0.14682087302207947
System shall let existing customers log into the website with their email address and password in under 5 seconds.,not about usability,usability,-0.013565323315560818
 System shall let customers cancel their account  process shall take no longer than 2 minutes.  Database will mark the account as inactive  and user will not be able to log into the website.,not about usability,not about usability,0.028157243505120277
System shall let administrator de-activate a customer account in under 1 minute. Customer will no longer be able to access the website.,not about usability,usability,0.014957837760448456
System shall let administrator add/remove movies on the website in under 5 minutes.  Entered movie information will be stored in the database and will now be available on the website.,not about usability,usability,-0.007397424895316362
System shall let the administrator add/remove categories on the website in under 5 minutes.,not about usability,usability,0.0422716923058033
System shall let Izogn Manager access sales and usage statistics in under 2 minutes.,not about usability,usability,0.08768884837627411
System shall let administrators generate unique pre-paid pins in under 2 minutes and generate an Excel file with the generated PINs.,not about usability,usability,0.0658503994345665
The product should be able to be used by 90% of novice users on the Internet.,usability,usability,0.1463305801153183
 Users should only have to navigate through a maximum of 4 pages  to create an account with the website.,usability,usability,0.08255635201931
Users should be able to access their streaming movies in under 2 clicks after logging into the website.,usability,usability,0.09787364304065704
An anonymous survey will show that 70% of customers are comfortable purchasing streaming movies after 2 weeks using the website.,usability,usability,-0.0028734742663800716
An anonymous survey will show that 95% of customers are comfortable using and purchasing pre-paid cards after a month of using the system.,usability,usability,-0.002974613569676876
The product shall retain the customer’s buying preferences and information.,usability,usability,0.2903776168823242
The product shall be easy for customers with novice skills on the  Internet to purchase and watch streaming movies.  Customers should be able to purchase and watch a pre-determined movie in under 3 minutes.,usability,usability,0.21726234257221222
The product shall use symbols and words that are naturally understandable by users familiar with websites,usability,usability,0.34249579906463623
The website will use standard Internet conventions when interacting with the user.,usability,usability,0.29941892623901367
 Any interface between a user and the automated system shall have a maximum response time of 5 seconds  unless noted by an exception below.,not about usability,usability,0.20238657295703888
 When purchasing a streaming movie or pre-paid card via credit card  the processing time should have a maximum response time of 15 seconds.,not about usability,usability,0.04375199228525162
 When streaming a movie  the buffering time should take no longer than 10 seconds (plus any latency on the user’s connection.),not about usability,not about usability,0.17750467360019684
 While streaming a movie  buffering should only occur if there is latency in the user’s connection.,not about usability,not about usability,0.2319849282503128
 All credit card information will be secured on the server  and only accessible by authorized Izogn administrators.  Information will be encrypted in the database.,not about usability,usability,0.1377851366996765
All aspects of the website shall be accessed by a web browser over the Internet.,not about usability,usability,0.11137479543685913
The same hardware supporting the current website will be used to support the new system.,not about usability,usability,0.38045111298561096
 We must be able to interface with the following browsers: IE 5.X  6.0  Netscape 6.x  7.x  8.x and Firefox 1.0.,not about usability,usability,0.20334580540657043
Website must interface with the CyberSource API to process credit card transactions.,not about usability,usability,0.10023558139801025
Website must be fully operational with MSN TV2.,not about usability,usability,0.3005978465080261
Movies shall be encoded and streamed via Windows Media Player 9.0.,not about usability,usability,0.1407623440027237
Movies shall be encoded for 56k and 256k streams.,not about usability,usability,0.12639331817626953
Izogn Administrator must be able to update the category listings on the website within 2 minutes.,not about usability,usability,0.13196341693401337
Izogn Administrator must be able to add new products to the website within 2 minutes.,not about usability,usability,0.08491288125514984
The website will provide a help section with answers and solutions to common problems.,usability,usability,0.2690916359424591
The product shall be able to be installed in the specified environment within 1 working day.,not about usability,usability,0.29591643810272217
Only registered customers can purchase streaming movies.,not about usability,not about usability,0.1541178822517395
 A customer can only stream a movie if they purchased it  and are within the 2 day viewing period.,not about usability,not about usability,0.026804231107234955
Only authorized personnel can access customer records in the database.,not about usability,not about usability,0.1677289605140686
Only administrators can activate a pre-paid card.,not about usability,not about usability,0.1533343344926834
Only authorized personnel can access sales information.,not about usability,not about usability,0.1847943365573883
The website shall prevent its data from being corrupted when incorrect data is entered in.,not about usability,not about usability,0.22585754096508026
 The website shall protect itself from intentional abuse  and notify the administrator at all occurrences.,not about usability,usability,0.21134436130523682
Data integrity scripts will be run on a weekly basis to verify the integrity of the database.,not about usability,usability,0.17701882123947144
 The website shall make its user aware of its information practices before collection data from them via a Privacy Policy  accessible on all pages of the website.,not about usability,usability,0.16180971264839172
The system shall notify customers of changes to its information policy.,not about usability,not about usability,0.12710879743099213
The system shall reveal private information only in compliance with the organization’s information policy.,not about usability,not about usability,0.15117770433425903
 All customer information will be stored on a secure database  accessible only to authorized personnel.,not about usability,usability,0.22335216403007507
All credit card information will be encrypted in the database.,not about usability,usability,0.09812473505735397
The streaming server will have anti-virus software to prevent infection of malicious viruses.,not about usability,usability,0.19753757119178772
The website should use Flash to provide animation on the home page.,not about usability,usability,0.09548264741897583
Total lead cycle time must be completed in 5 minutes for 90% of lead volume between the business hours of 8AM CST to 8PM CST  then 3 minutes for 99% of lead volume during off business hours.,not about usability,usability,0.01298581250011921
No lead evaluation will complete in a time period longer than 25 seconds for 97% of all leads processed.,not about usability,not about usability,0.11716598272323608
For leads that process longer than 25 seconds the system will record the event and duration,not about usability,usability,0.25898298621177673
The process must fit within the processing time conditions set forth by the Auto Rep Assignment process in which a lead is assigned within 3 minutes of the total life cycle.,not about usability,usability,0.25401583313941956
The lead washing process will operate within the established physical web service structure.,not about usability,usability,0.17869219183921814
 The washing process must use a non binding  neutral data format  such as xml  when receiving and processing lead data.,not about usability,not about usability,0.12664377689361572
The product shall able to handle a large number of games simultaneously.,not about usability,usability,0.3878050446510315
The response time shall be fast enough to maintain the flow of the game.  The response time shall be no more than 2 seconds for 95% of responses and no more than 4% for the remaining responses.,not about usability,usability,0.32178226113319397
The product shall protect the identity of the players. The product shall provide players no access to information that might reveal the identity of another player.,not about usability,not about usability,0.25361087918281555
The product shall be intuitive and self-explanatory.  Nine out ten users shall be able to successfully complete a game with no training.,usability,usability,0.34282827377319336
 The product shall be available to players who understand English  Spanish and French.  The product shall allow the user to select the language upon accessing the product.,usability,usability,0.1406017392873764
The product shall provide players no access to information that might reveal the identity of another player,not about usability,not about usability,0.3280649483203888
The response time shall be fast enough to maintain the flow of the game. The response time shall be no more than 2 seconds for 95% of responses and no more than 4% for the remaining responses.,not about usability,usability,0.32178226113319397
The system shall be easy to use by callers and supervisors. Callers and supervisors must be able to accomplish any system task within 2 minutes.,usability,usability,0.3732309639453888
The system shall be easy to learn by callers and supervisors. Callers and supervisors shall learn how to use the system within 10 minutes.,usability,usability,0.27438583970069885
 The system shall be responsive. At the DePaul TeleServices Center  when a supervisor uses the system to view a callers schedule  the system response time must be no more than 2 seconds 90% of the time and no more than 5 seconds the rest of the time.,not about usability,usability,0.22822515666484833
 On a 56k connection  the system response time for all operations must be no more than 6 seconds 90% of the time.,not about usability,usability,0.13749048113822937
 On a 112k connection or faster  the system response time for all operations must be no more than 3 seconds 90% of the time.,not about usability,usability,0.18883287906646729
The product shall ensure that only supervisors can advertise empty time slots.The product must ensure that supervisors are allowed to access advertise empty time slots.,not about usability,not about usability,0.1714603751897812
The product shall ensure that only supervisors can enter a caller’s schedule.The product must ensure that supervisors are allowed to access advertise empty time slots.,not about usability,not about usability,0.11762934178113937
The product shall ensure that only supervisors can view schedule of all callers.The product must ensure that supervisors are allowed to access advertise empty time slots.,not about usability,usability,0.11037781834602356
The product shall provide Monitoring Services.The product shall be easy for System Administrators and DBAs to use after two weeks of usage.,usability,usability,0.35068583488464355
The product shall provide Error Tracking Services.The product shall help the System Administrators and DBAs to resolve transaction errors 99% of the time.,usability,usability,0.29470735788345337
The product shall provide Portals.The product shall help System Administrators to analyze the transactions with ad-hoc reporting and KPIs (Key Performance Indicators),usability,usability,0.2753082513809204
The product shall provide Asynchronous Messaging.The product shall provide asynchronous messaging to enable parallel processing and reduce the overhead in communications,not about usability,usability,0.2365388572216034
The product shall provide Multi-threading and Load Balancing.The product shall provide multi-threading technology as well as load balancing to overcome data load spikes and traffic.,not about usability,usability,0.3223126530647278
The product shall process messages within 2 seconds.The product shall have a maximum message processing time of 2 seconds,not about usability,usability,0.1580418050289154
The product shall poll the system for messages every second.The product shall poll the system for new messages at a maximum of every 1 second.,not about usability,usability,0.05924833193421364
The product shall provide Dynamic Change Support and Transparent resource addition.The product shall support Transparent Resource addition and Dynamic Change support to provide scalability and avoid service interruptions of more than 1 day.,not about usability,usability,0.42729151248931885
The product shall be platform independent.The product shall enable access to any type of development environment and platform.,not about usability,usability,0.4330309331417084
The product shall interface CSR and Datastream.The product shall exchange messages between CSR and EAM on a real time basis without any direct interfaces between two systems.,not about usability,not about usability,0.2854822874069214
 The product shall have security.The product shall provide authentication  and authorization.,not about usability,usability,0.37564945220947266
The product shall information Security. The product shall enable privacy by encryption WS-Security and Integrity Checking.,not about usability,usability,0.2815547585487366
The product shall have audit capabilities.The product shall store messages for a minimum of one year for audit and transaction tracking purposes.,not about usability,usability,0.18694926798343658
The system must use a point and click interface. 100% of all selection and navigation functionality must be able to be activated/selected by either a mouse or a keyboard,usability,usability,0.26806357502937317
The interface shall be easy to use. 90% of users should be able to successfully use the system to generate a report on their first use. The interface should adhere to IBM usability standards.,usability,usability,0.38327836990356445
Rreports must be easy to generate. eports must be generated within one button click and exported within one button click (after selecting the report),usability,usability,0.4443835914134979
A user shall be able to use the system without instruction after a short amount of time. After one use a user should understand and remember 90% of the system usage and navigation.,usability,usability,0.2791650891304016
All CCR users shall receive training before the WCS system is deployed. One training session will be held for 100% of CCR users before system deployment (based on a CCR user being available),usability,usability,0.16268615424633026
The WCS system shall use appropriate nomenclature and terminology as defined by the Corporate Community Grants organization. All interfaces and reports will undergo usability tests by CCR users.,usability,usability,0.24564549326896667
The WCS system shall be run in a Windows environment. The WCS shall be accessed by users through the Internet on an IBM computer running a Windows 2000 or above operating system.,not about usability,usability,0.15887035429477692
The Brio portion of the WCS system must be able to export files in spreadsheet form (Microsoft Excel and Lotus 1-2-3 formats).  Brio will provide buttons in the user interface that produce/export reports in .xls or .123 file formats.,not about usability,usability,0.13138699531555176
The system shall only be accessed by authorized Corporate Community Grants (CCR) employees. Users must be authenticated using their IBM intranet user name and password.,not about usability,not about usability,0.11995264887809753
The WCS system shall not allow automatic logins by any user. Cookies containing WCS login information about a user will not be stored on a user’s computer.,not about usability,not about usability,0.24389106035232544
Each team owner will need to use a username and password in order to be authenticated to reach the team owner’s page,not about usability,usability,0.07850037515163422
The Commissioner will be the only authorized user per league to adjust league settings.,not about usability,usability,0.17372645437717438
;A new user shall be able to navigate through the league and team pages within 30 seconds of reaching the start-up page.,usability,usability,0.08471084386110306
Users shall be able to reach the ‘add’  ‘drop’  and ‘trade player’ pages with one click from the team owner’s page.,usability,usability,0.12042587995529175
;Users shall be able to view at least 25 NFL player statistics and points on each page.,usability,usability,0.1515563279390335
The application shall ask the user to confirm dropping a player or trading a player before performing the action.,usability,usability,-0.015579349361360073
The application shall be able to complete every user transaction within one fourth of a second of receiving the request over the network.,not about usability,usability,0.22825883328914642
The application shall run on a web application server.,not about usability,usability,0.11543160676956177
A primary database will be used to store cached data for active users.,not about usability,usability,0.18233336508274078
A secondary database will be used to store historical statistics and data.,not about usability,usability,0.012974729761481285
98% of the user workstations shall meet the minimum hardware requirements prior to implementation. Minimum Hard Disk Space:  400MB.,not about usability,usability,0.22691911458969116
98% of the user workstations shall meet the minimum software requirements prior to implementation: Microsoft Internet Explorer 5.0. Microsoft .NET Framework 1.1. Microsoft Internet Explorer Web Controls,not about usability,usability,0.20948843657970428
The RFS system should be able to easily interface with the BDW environment  in order to load the data. •;7 data files shall be received from the BDW and loaded into the RFS system within 3 hours one day prior to the start of budgeting process  every year. The data will be as of October month-end. ;Test files (7) shall be loaded up to 5 times throughout the year  from the BDW.,not about usability,usability,0.1409619301557541
Only authorized user shall access the RFS system. ONLY users that exist in the UAS system  with the RFS system assigned to their role(s)  shall access the RFS system and use it.,not about usability,not about usability,0.20919199287891388
;User access should be limited to the permissions granted to their role(s) Each level in the PCG hierarchy will be assigned a role and users will be assigned to these roles. Access to functionality within RFS system is dependent on the privileges/permission assigned to the role..,not about usability,not about usability,0.12292390316724777
The users should be able to easily use the system to successfully complete their budgets  within the stipulated time for completion. With a week of training prior to product implementation  98% of the users shall complete their budgets within the stipulated time.,usability,usability,0.32145944237709045
The product interface should be fast. The response time of the product interface should not exceed 2 seconds 90% of the time. For 10% of the time  the response time should not be more than 10 seconds.not be more than 10 seconds.,not about usability,usability,0.30487197637557983
