,precision,recall,f1-score,support
"instructive, easy, helpful, useful, learnable, explainable, affordable, intuitive, or understandable",0.17647058823529413,0.22388059701492538,0.1973684210526316,67.0
"not about instructive, easy, helpful, useful, learnable, explainable, affordable, intuitive, or understandable",0.6829268292682927,0.6153846153846154,0.6473988439306357,182.0
accuracy,0.5100401606425703,0.5100401606425703,0.5100401606425703,0.5100401606425703
macro avg,0.42969870875179345,0.4196326061997704,0.4223836324916337,249.0
weighted avg,0.5466514551750762,0.5100401606425703,0.5263063205056306,249.0
