,precision,recall,f1-score,support
"instructive, easy, helpful, useful, learnable, explainable, affordable, intuitive, or understandable",0.3072916666666667,0.8805970149253731,0.4555984555984557,67.0
"not about instructive, easy, helpful, useful, learnable, explainable, affordable, intuitive, or understandable",0.8596491228070176,0.2692307692307692,0.4100418410041841,182.0
accuracy,0.43373493975903615,0.43373493975903615,0.43373493975903615,0.43373493975903615
macro avg,0.5834703947368421,0.5749138920780712,0.4328201483013199,249.0
weighted avg,0.7110228193475657,0.43373493975903615,0.42230004653758246,249.0
