Requirement text,Gold label,Predicated label,ZSL score
The system shall refresh the display every 60 seconds.,"security, performance, operational, look & feel, legal, fault & tolerance, maintainability, scalability, availability, or portability","accessibility, aesthetic, contextual, experience, satisfaction, HCI, UX, questionnaire, ease, or ergonomics",0.8829047679901123
 If projected  the data must be readable.  On a 10x10 projection screen  90% of viewers must be able to read Event / Activity data from a viewing distance of 30,"accessibility, aesthetic, contextual, experience, satisfaction, HCI, UX, questionnaire, ease, or ergonomics","security, performance, operational, look & feel, legal, fault & tolerance, maintainability, scalability, availability, or portability",0.9413473606109619
 If projected  the data must be understandable. On a 10x10 projection screen  90% of viewers must be able to determine that Events or Activities are occuring in current time from a viewing distance of 100,"accessibility, aesthetic, contextual, experience, satisfaction, HCI, UX, questionnaire, ease, or ergonomics","security, performance, operational, look & feel, legal, fault & tolerance, maintainability, scalability, availability, or portability",0.9367341995239258
The product shall ensure that it can only be accessed by authorized users.  The product will be able to distinguish between authorized and unauthorized users in all access attempts,"security, performance, operational, look & feel, legal, fault & tolerance, maintainability, scalability, availability, or portability","security, performance, operational, look & feel, legal, fault & tolerance, maintainability, scalability, availability, or portability",0.9317957162857056
The product shall be intuitive and self-explanatory.  :  90% of new users shall be able to start the display of Events or Activities within 90 minutes of using the product.,"accessibility, aesthetic, contextual, experience, satisfaction, HCI, UX, questionnaire, ease, or ergonomics","security, performance, operational, look & feel, legal, fault & tolerance, maintainability, scalability, availability, or portability",0.9299626350402832
The product shall respond fast to keep up-to-date data in the display.,"security, performance, operational, look & feel, legal, fault & tolerance, maintainability, scalability, availability, or portability","security, performance, operational, look & feel, legal, fault & tolerance, maintainability, scalability, availability, or portability",0.9226345419883728
The system shall be used by realtors with no training.,"accessibility, aesthetic, contextual, experience, satisfaction, HCI, UX, questionnaire, ease, or ergonomics","accessibility, aesthetic, contextual, experience, satisfaction, HCI, UX, questionnaire, ease, or ergonomics",0.9096457362174988
The system shall be intuitive and self explanatory.,"accessibility, aesthetic, contextual, experience, satisfaction, HCI, UX, questionnaire, ease, or ergonomics","accessibility, aesthetic, contextual, experience, satisfaction, HCI, UX, questionnaire, ease, or ergonomics",0.8877583146095276
The product shall be easy for a realtor to learn.,"accessibility, aesthetic, contextual, experience, satisfaction, HCI, UX, questionnaire, ease, or ergonomics","accessibility, aesthetic, contextual, experience, satisfaction, HCI, UX, questionnaire, ease, or ergonomics",0.9065108299255371
The product shall use symbols and words that are naturally understandable by the realtor community.,"accessibility, aesthetic, contextual, experience, satisfaction, HCI, UX, questionnaire, ease, or ergonomics","accessibility, aesthetic, contextual, experience, satisfaction, HCI, UX, questionnaire, ease, or ergonomics",0.9272531270980835
The product shall produce search results in an acceptable time,"security, performance, operational, look & feel, legal, fault & tolerance, maintainability, scalability, availability, or portability","accessibility, aesthetic, contextual, experience, satisfaction, HCI, UX, questionnaire, ease, or ergonomics",0.8971320986747742
The search results shall be returned no later 30      seconds  after the user has entered the search criteria,"security, performance, operational, look & feel, legal, fault & tolerance, maintainability, scalability, availability, or portability","accessibility, aesthetic, contextual, experience, satisfaction, HCI, UX, questionnaire, ease, or ergonomics",0.9285529255867004
The product shall generate a CMA report in an acceptable time.,"security, performance, operational, look & feel, legal, fault & tolerance, maintainability, scalability, availability, or portability","accessibility, aesthetic, contextual, experience, satisfaction, HCI, UX, questionnaire, ease, or ergonomics",0.9142167568206787
The CMA report shall be returned no later 60 seconds after the user has entered the CMA report criteria.,"security, performance, operational, look & feel, legal, fault & tolerance, maintainability, scalability, availability, or portability","accessibility, aesthetic, contextual, experience, satisfaction, HCI, UX, questionnaire, ease, or ergonomics",0.9392105340957642
The product shall synchronize contacts and appointments in an acceptable time.,"security, performance, operational, look & feel, legal, fault & tolerance, maintainability, scalability, availability, or portability","accessibility, aesthetic, contextual, experience, satisfaction, HCI, UX, questionnaire, ease, or ergonomics",0.905116856098175
The product shall synchronize with the office system every hour.,"security, performance, operational, look & feel, legal, fault & tolerance, maintainability, scalability, availability, or portability","accessibility, aesthetic, contextual, experience, satisfaction, HCI, UX, questionnaire, ease, or ergonomics",0.8882981538772583
The product shall be installed by an untrained realtor   without recourse to separately-printed instructions.,"accessibility, aesthetic, contextual, experience, satisfaction, HCI, UX, questionnaire, ease, or ergonomics","accessibility, aesthetic, contextual, experience, satisfaction, HCI, UX, questionnaire, ease, or ergonomics",0.9277253150939941
90% of untrained realtors shall be able to install the product on their device without printed instructions,"accessibility, aesthetic, contextual, experience, satisfaction, HCI, UX, questionnaire, ease, or ergonomics","security, performance, operational, look & feel, legal, fault & tolerance, maintainability, scalability, availability, or portability",0.9315081834793091
Only registered realtors shall be able to access the system.,"security, performance, operational, look & feel, legal, fault & tolerance, maintainability, scalability, availability, or portability","accessibility, aesthetic, contextual, experience, satisfaction, HCI, UX, questionnaire, ease, or ergonomics",0.910310685634613
Every user of the system shall be authenticated and authorized.,"security, performance, operational, look & feel, legal, fault & tolerance, maintainability, scalability, availability, or portability","accessibility, aesthetic, contextual, experience, satisfaction, HCI, UX, questionnaire, ease, or ergonomics",0.8964431285858154
The product shall prevent its data from incorrect data being introduced.,"security, performance, operational, look & feel, legal, fault & tolerance, maintainability, scalability, availability, or portability","accessibility, aesthetic, contextual, experience, satisfaction, HCI, UX, questionnaire, ease, or ergonomics",0.9090011119842529
The system shall be easy to use by the Program Administrators/Nursing Staff Members.,"accessibility, aesthetic, contextual, experience, satisfaction, HCI, UX, questionnaire, ease, or ergonomics","accessibility, aesthetic, contextual, experience, satisfaction, HCI, UX, questionnaire, ease, or ergonomics",0.928787112236023
All of the users shall be able to use the system after one day of training.,"accessibility, aesthetic, contextual, experience, satisfaction, HCI, UX, questionnaire, ease, or ergonomics","accessibility, aesthetic, contextual, experience, satisfaction, HCI, UX, questionnaire, ease, or ergonomics",0.9144420623779297
The system shall help the user avoid making mistakes while scheduling classes and clinicals for the nursing students.,"accessibility, aesthetic, contextual, experience, satisfaction, HCI, UX, questionnaire, ease, or ergonomics","security, performance, operational, look & feel, legal, fault & tolerance, maintainability, scalability, availability, or portability",0.9310887455940247
The number of mistakes noted by the students shall be decreased by 50% in the first year.,"accessibility, aesthetic, contextual, experience, satisfaction, HCI, UX, questionnaire, ease, or ergonomics","security, performance, operational, look & feel, legal, fault & tolerance, maintainability, scalability, availability, or portability",0.9266914129257202
The system shall be intuitive to the Program Administrators/Nursing Staff Members.,"accessibility, aesthetic, contextual, experience, satisfaction, HCI, UX, questionnaire, ease, or ergonomics","accessibility, aesthetic, contextual, experience, satisfaction, HCI, UX, questionnaire, ease, or ergonomics",0.9244020581245422
2 out of 3 Program Administrators/Nursing Staff Members shall successfully be able to use the system to manage the scheduling of classes and clinicals.,"accessibility, aesthetic, contextual, experience, satisfaction, HCI, UX, questionnaire, ease, or ergonomics","security, performance, operational, look & feel, legal, fault & tolerance, maintainability, scalability, availability, or portability",0.9369067549705505
The system shall use symbols and words that are naturally understandable by the user community.,"accessibility, aesthetic, contextual, experience, satisfaction, HCI, UX, questionnaire, ease, or ergonomics","accessibility, aesthetic, contextual, experience, satisfaction, HCI, UX, questionnaire, ease, or ergonomics",0.9247056245803833
The verbiage used within the system shall be consistent with Standard English and the terminology of the national Nursing Community.,"accessibility, aesthetic, contextual, experience, satisfaction, HCI, UX, questionnaire, ease, or ergonomics","security, performance, operational, look & feel, legal, fault & tolerance, maintainability, scalability, availability, or portability",0.9243196249008179
Staff members shall be able to complete a set of tasks in a timely manner.,"security, performance, operational, look & feel, legal, fault & tolerance, maintainability, scalability, availability, or portability","accessibility, aesthetic, contextual, experience, satisfaction, HCI, UX, questionnaire, ease, or ergonomics",0.9273973703384399
The response time of general student management tasks shall take no longer than 5 seconds and the response time of schedule generation shall take no longer than 30 seconds.,"security, performance, operational, look & feel, legal, fault & tolerance, maintainability, scalability, availability, or portability","security, performance, operational, look & feel, legal, fault & tolerance, maintainability, scalability, availability, or portability",0.927386462688446
The system shall able to operate within a business office environment typical of the Nursing Department at DePaul University.,"security, performance, operational, look & feel, legal, fault & tolerance, maintainability, scalability, availability, or portability","security, performance, operational, look & feel, legal, fault & tolerance, maintainability, scalability, availability, or portability",0.9312191009521484
The system shall be used within the specifications defined by the computers used by the Program Administrators/Nursing Staff Members.,"security, performance, operational, look & feel, legal, fault & tolerance, maintainability, scalability, availability, or portability","security, performance, operational, look & feel, legal, fault & tolerance, maintainability, scalability, availability, or portability",0.9352405071258545
The system shall operate within the Windows XP Professional operating system.,"security, performance, operational, look & feel, legal, fault & tolerance, maintainability, scalability, availability, or portability","accessibility, aesthetic, contextual, experience, satisfaction, HCI, UX, questionnaire, ease, or ergonomics",0.8970467448234558
The system shall interface with CampusConnect’s central server,"security, performance, operational, look & feel, legal, fault & tolerance, maintainability, scalability, availability, or portability","accessibility, aesthetic, contextual, experience, satisfaction, HCI, UX, questionnaire, ease, or ergonomics",0.900297999382019
The system shall interface with the faculty central server.,"security, performance, operational, look & feel, legal, fault & tolerance, maintainability, scalability, availability, or portability","accessibility, aesthetic, contextual, experience, satisfaction, HCI, UX, questionnaire, ease, or ergonomics",0.8842681050300598
The system shall interface with the student master server.,"security, performance, operational, look & feel, legal, fault & tolerance, maintainability, scalability, availability, or portability","accessibility, aesthetic, contextual, experience, satisfaction, HCI, UX, questionnaire, ease, or ergonomics",0.892372727394104
We must be able to interface with any HTML browser.,"security, performance, operational, look & feel, legal, fault & tolerance, maintainability, scalability, availability, or portability","accessibility, aesthetic, contextual, experience, satisfaction, HCI, UX, questionnaire, ease, or ergonomics",0.9033912420272827
Only authorized users shall have access to clinical site information.,"security, performance, operational, look & feel, legal, fault & tolerance, maintainability, scalability, availability, or portability","accessibility, aesthetic, contextual, experience, satisfaction, HCI, UX, questionnaire, ease, or ergonomics",0.9050017595291138
Program Administrators/Nursing Staff Members are the only people who shall have access to clinical site details.,"security, performance, operational, look & feel, legal, fault & tolerance, maintainability, scalability, availability, or portability","accessibility, aesthetic, contextual, experience, satisfaction, HCI, UX, questionnaire, ease, or ergonomics",0.9382414221763611
Only authorized users shall have access to students’ personal information.,"security, performance, operational, look & feel, legal, fault & tolerance, maintainability, scalability, availability, or portability","accessibility, aesthetic, contextual, experience, satisfaction, HCI, UX, questionnaire, ease, or ergonomics",0.9126357436180115
Dr Susan Poslusny and Dr Julie Donalek are the only people who shall have access to students’ personal information.,"security, performance, operational, look & feel, legal, fault & tolerance, maintainability, scalability, availability, or portability","security, performance, operational, look & feel, legal, fault & tolerance, maintainability, scalability, availability, or portability",0.9370667934417725
Only authorized users shall have access to the portion of the system that interfaces with CampusConnect.,"security, performance, operational, look & feel, legal, fault & tolerance, maintainability, scalability, availability, or portability","accessibility, aesthetic, contextual, experience, satisfaction, HCI, UX, questionnaire, ease, or ergonomics",0.9238551259040833
Fit Criterion: Dr Susan Poslusny and Karen Sysol are the only people who shall have access to the final class section scheduling for the system that interfaces with CampusConnect.,"security, performance, operational, look & feel, legal, fault & tolerance, maintainability, scalability, availability, or portability","security, performance, operational, look & feel, legal, fault & tolerance, maintainability, scalability, availability, or portability",0.9265691637992859
The system shall have basic data integrity checking to reduce the possibility of incorrect or invalid data being introduced.,"security, performance, operational, look & feel, legal, fault & tolerance, maintainability, scalability, availability, or portability","accessibility, aesthetic, contextual, experience, satisfaction, HCI, UX, questionnaire, ease, or ergonomics",0.9336450695991516
The system shall protect private information in accordance with the organization’s information policy.,"security, performance, operational, look & feel, legal, fault & tolerance, maintainability, scalability, availability, or portability","accessibility, aesthetic, contextual, experience, satisfaction, HCI, UX, questionnaire, ease, or ergonomics",0.9145371317863464
The system shall be built such that it is as secure as possible from malicious interference.,"security, performance, operational, look & feel, legal, fault & tolerance, maintainability, scalability, availability, or portability","accessibility, aesthetic, contextual, experience, satisfaction, HCI, UX, questionnaire, ease, or ergonomics",0.924479603767395
The system shall use the organization’s standard virus protection software to help monitor threats to itself.,"security, performance, operational, look & feel, legal, fault & tolerance, maintainability, scalability, availability, or portability","accessibility, aesthetic, contextual, experience, satisfaction, HCI, UX, questionnaire, ease, or ergonomics",0.9269129037857056
The list of dispute cases that are displayed after a search is performed must be color coded for easy identification of dispute cases based upon the dispute case status.,"accessibility, aesthetic, contextual, experience, satisfaction, HCI, UX, questionnaire, ease, or ergonomics","security, performance, operational, look & feel, legal, fault & tolerance, maintainability, scalability, availability, or portability",0.9351254105567932
100% of the cardmember and merchant services representatives shall use the Disputes application regularly after a 2-day training course.,"accessibility, aesthetic, contextual, experience, satisfaction, HCI, UX, questionnaire, ease, or ergonomics","security, performance, operational, look & feel, legal, fault & tolerance, maintainability, scalability, availability, or portability",0.9337347149848938
100% of cardmember services representatives shall be able to successfully create a dispute case on the first encounter after completing the training course.,"accessibility, aesthetic, contextual, experience, satisfaction, HCI, UX, questionnaire, ease, or ergonomics","security, performance, operational, look & feel, legal, fault & tolerance, maintainability, scalability, availability, or portability",0.9389805793762207
100% of merchant services representatives shall be able to successfully perform a follow up action on a dispute case on the first encounter after completing the training course.,"accessibility, aesthetic, contextual, experience, satisfaction, HCI, UX, questionnaire, ease, or ergonomics","security, performance, operational, look & feel, legal, fault & tolerance, maintainability, scalability, availability, or portability",0.9378427267074585
The maximum wait time for a user navigating from one screen to another within the Disputes application shall be no more than 5 seconds.,"security, performance, operational, look & feel, legal, fault & tolerance, maintainability, scalability, availability, or portability","security, performance, operational, look & feel, legal, fault & tolerance, maintainability, scalability, availability, or portability",0.9394094944000244
The Disputes application shall support 350 concurrent users without any degradation of performance in the application.,"security, performance, operational, look & feel, legal, fault & tolerance, maintainability, scalability, availability, or portability","security, performance, operational, look & feel, legal, fault & tolerance, maintainability, scalability, availability, or portability",0.9219355583190918
 The Disputes application shall be available 24x7x365  with the exception of the following scheduled maintenance windows.  Monday – Saturday 3:00am to 4:00am EST Sunday 1:00amd to 5:00am EST,"security, performance, operational, look & feel, legal, fault & tolerance, maintainability, scalability, availability, or portability","security, performance, operational, look & feel, legal, fault & tolerance, maintainability, scalability, availability, or portability",0.9255645871162415
The Disputes application shall interface with the Statement Database. The Statement Database provides the transaction details to the Disputes System. All transaction details must be obtained from the Statement Database,"security, performance, operational, look & feel, legal, fault & tolerance, maintainability, scalability, availability, or portability","security, performance, operational, look & feel, legal, fault & tolerance, maintainability, scalability, availability, or portability",0.9255409240722656
The Disputes application shall interface with the Cardmember Information Database.  The Cardmember Information Database provides detailed information with regard to a cardmember.  All cardmember detail information must be obtained from the Cardmember Information Database.,"security, performance, operational, look & feel, legal, fault & tolerance, maintainability, scalability, availability, or portability","security, performance, operational, look & feel, legal, fault & tolerance, maintainability, scalability, availability, or portability",0.9205611944198608
The Disputes applications shall interface with the Merchant Information Database.  The Merchant Information Database provides detailed information with regard to the merchant. All merchant detail information shall be obtained from the Merchant Information Database.,"security, performance, operational, look & feel, legal, fault & tolerance, maintainability, scalability, availability, or portability","security, performance, operational, look & feel, legal, fault & tolerance, maintainability, scalability, availability, or portability",0.9192467927932739
The Disputes application shall interface with the Letters application.  This will allow the Disputes application to request letters as part of the dispute initiation and dispute follow up process. All letter requests must be sent to the Print Letter Utility application.,"security, performance, operational, look & feel, legal, fault & tolerance, maintainability, scalability, availability, or portability","security, performance, operational, look & feel, legal, fault & tolerance, maintainability, scalability, availability, or portability",0.9204432964324951
The Disputes application shall interface with the Cardmember Posting and Billing System.  This will allow the Disputes application to request adjustments to cardmember and merchant’s accounts. All adjustment requests must be sent to the Cardmember Posting and Billing System.,"security, performance, operational, look & feel, legal, fault & tolerance, maintainability, scalability, availability, or portability","security, performance, operational, look & feel, legal, fault & tolerance, maintainability, scalability, availability, or portability",0.9200382232666016
The Disputes application shall ensure that only users with the appropriate access level are allowed to initiate dispute requests.,"security, performance, operational, look & feel, legal, fault & tolerance, maintainability, scalability, availability, or portability","security, performance, operational, look & feel, legal, fault & tolerance, maintainability, scalability, availability, or portability",0.9377557039260864
Only users with Update access must be able to initiate dispute requests.,"security, performance, operational, look & feel, legal, fault & tolerance, maintainability, scalability, availability, or portability","accessibility, aesthetic, contextual, experience, satisfaction, HCI, UX, questionnaire, ease, or ergonomics",0.9122406840324402
The Disputes application shall ensure that only authorized users are allowed to logon to the application.,"security, performance, operational, look & feel, legal, fault & tolerance, maintainability, scalability, availability, or portability","accessibility, aesthetic, contextual, experience, satisfaction, HCI, UX, questionnaire, ease, or ergonomics",0.9189555644989014
 All authorized users  once authenticated must be able to logon to the Disputes System,"security, performance, operational, look & feel, legal, fault & tolerance, maintainability, scalability, availability, or portability","accessibility, aesthetic, contextual, experience, satisfaction, HCI, UX, questionnaire, ease, or ergonomics",0.9125753045082092
The Disputes System shall generate a User Report that details any new users that have been added and any changes to an existing user’s access level.  The report will be reviewed for auditing purposes.,"security, performance, operational, look & feel, legal, fault & tolerance, maintainability, scalability, availability, or portability","security, performance, operational, look & feel, legal, fault & tolerance, maintainability, scalability, availability, or portability",0.9338703751564026
All additions of new users and modifications to user’s access shall be recorded on the User Report.,"security, performance, operational, look & feel, legal, fault & tolerance, maintainability, scalability, availability, or portability","accessibility, aesthetic, contextual, experience, satisfaction, HCI, UX, questionnaire, ease, or ergonomics",0.9367853403091431
 If a user account is revoked  it can only be re-instantiated by the System Administrator.,"security, performance, operational, look & feel, legal, fault & tolerance, maintainability, scalability, availability, or portability","accessibility, aesthetic, contextual, experience, satisfaction, HCI, UX, questionnaire, ease, or ergonomics",0.929842472076416
Only the System Administrator shall be able to reset a revoked user logon account,"security, performance, operational, look & feel, legal, fault & tolerance, maintainability, scalability, availability, or portability","accessibility, aesthetic, contextual, experience, satisfaction, HCI, UX, questionnaire, ease, or ergonomics",0.920017659664154
The Disputes application shall manipulate and view business data. Users will not have direct access to data files or databases.,"security, performance, operational, look & feel, legal, fault & tolerance, maintainability, scalability, availability, or portability","security, performance, operational, look & feel, legal, fault & tolerance, maintainability, scalability, availability, or portability",0.9355454444885254
All updates to data files or database must be initiated from the Disputes System.,"security, performance, operational, look & feel, legal, fault & tolerance, maintainability, scalability, availability, or portability","accessibility, aesthetic, contextual, experience, satisfaction, HCI, UX, questionnaire, ease, or ergonomics",0.923695981502533
The product must support Internet Explorer 5.5 and above.,"security, performance, operational, look & feel, legal, fault & tolerance, maintainability, scalability, availability, or portability","accessibility, aesthetic, contextual, experience, satisfaction, HCI, UX, questionnaire, ease, or ergonomics",0.903684139251709
The product must support Mozilla Firefox 1.0 and above.,"security, performance, operational, look & feel, legal, fault & tolerance, maintainability, scalability, availability, or portability","accessibility, aesthetic, contextual, experience, satisfaction, HCI, UX, questionnaire, ease, or ergonomics",0.9063334465026855
The product shall interface with the Choice Parts System.  This provides the feed of recycled parts data.,"security, performance, operational, look & feel, legal, fault & tolerance, maintainability, scalability, availability, or portability","security, performance, operational, look & feel, legal, fault & tolerance, maintainability, scalability, availability, or portability",0.9341257214546204
The product shall run on the existing hardware for all environments.,"security, performance, operational, look & feel, legal, fault & tolerance, maintainability, scalability, availability, or portability","accessibility, aesthetic, contextual, experience, satisfaction, HCI, UX, questionnaire, ease, or ergonomics",0.9077032804489136
The product shall adhere to the corporate Architecture guidelines,"security, performance, operational, look & feel, legal, fault & tolerance, maintainability, scalability, availability, or portability","accessibility, aesthetic, contextual, experience, satisfaction, HCI, UX, questionnaire, ease, or ergonomics",0.8787801861763
The product shall be easy to use by Adjusters and Collision Estimators.  95% of Adjusters and Collision Estimators shall find the product easy to use.,"accessibility, aesthetic, contextual, experience, satisfaction, HCI, UX, questionnaire, ease, or ergonomics","security, performance, operational, look & feel, legal, fault & tolerance, maintainability, scalability, availability, or portability",0.920947253704071
The product shall increase productivity of Collision Estimators. 80% of the Collision Estimators shall agree their productivity has increase within 1 month of using the product.,"accessibility, aesthetic, contextual, experience, satisfaction, HCI, UX, questionnaire, ease, or ergonomics","security, performance, operational, look & feel, legal, fault & tolerance, maintainability, scalability, availability, or portability",0.9232034087181091
Users shall feel satisfied using the product.  85% of all users will be satisfied with the product.,"accessibility, aesthetic, contextual, experience, satisfaction, HCI, UX, questionnaire, ease, or ergonomics","security, performance, operational, look & feel, legal, fault & tolerance, maintainability, scalability, availability, or portability",0.9237267971038818
The product shall be easy to learn by Adjusters and Collision Estimators.  The product shall be learned with two days onsite training,"accessibility, aesthetic, contextual, experience, satisfaction, HCI, UX, questionnaire, ease, or ergonomics","security, performance, operational, look & feel, legal, fault & tolerance, maintainability, scalability, availability, or portability",0.933462917804718
The user shall easily locate instructions while using the product.  User help can be found within 90% of the system.,"accessibility, aesthetic, contextual, experience, satisfaction, HCI, UX, questionnaire, ease, or ergonomics","security, performance, operational, look & feel, legal, fault & tolerance, maintainability, scalability, availability, or portability",0.9289982318878174
The search for recycled parts shall take no longer than 15 seconds.  The search results shall be returned in under 15 seconds.,"security, performance, operational, look & feel, legal, fault & tolerance, maintainability, scalability, availability, or portability","security, performance, operational, look & feel, legal, fault & tolerance, maintainability, scalability, availability, or portability",0.9390338063240051
The search for the preferred repair facility shall take no longer than 8 seconds.  The preferred repair facility is returned within 8 seconds,"security, performance, operational, look & feel, legal, fault & tolerance, maintainability, scalability, availability, or portability","security, performance, operational, look & feel, legal, fault & tolerance, maintainability, scalability, availability, or portability",0.9329390525817871
The recycled parts audit report shall be returned to the user within 10 seconds.  The audit report shall be returned within 10 seconds.,"security, performance, operational, look & feel, legal, fault & tolerance, maintainability, scalability, availability, or portability","security, performance, operational, look & feel, legal, fault & tolerance, maintainability, scalability, availability, or portability",0.9345041513442993
The preferred repair facility ratings shall be saved within 5 seconds. The save shall occur within 5 seconds.,"security, performance, operational, look & feel, legal, fault & tolerance, maintainability, scalability, availability, or portability","accessibility, aesthetic, contextual, experience, satisfaction, HCI, UX, questionnaire, ease, or ergonomics",0.9199121594429016
 For estimators  the product shall be able to be operated in a repair facility during dirty and noisy conditions.,"security, performance, operational, look & feel, legal, fault & tolerance, maintainability, scalability, availability, or portability","accessibility, aesthetic, contextual, experience, satisfaction, HCI, UX, questionnaire, ease, or ergonomics",0.9339056015014648
The product shall interface with the ChoiceParts system once per day at approximately 1:00 AM.,"security, performance, operational, look & feel, legal, fault & tolerance, maintainability, scalability, availability, or portability","security, performance, operational, look & feel, legal, fault & tolerance, maintainability, scalability, availability, or portability",0.9373146295547485
The maintenance of the product will fall within the established corporate maintenance windows.,"security, performance, operational, look & feel, legal, fault & tolerance, maintainability, scalability, availability, or portability","accessibility, aesthetic, contextual, experience, satisfaction, HCI, UX, questionnaire, ease, or ergonomics",0.898971676826477
The product shall be supported using the corporate support center.,"security, performance, operational, look & feel, legal, fault & tolerance, maintainability, scalability, availability, or portability","accessibility, aesthetic, contextual, experience, satisfaction, HCI, UX, questionnaire, ease, or ergonomics",0.8957386612892151
Product installations and upgrades shall be handled by the middleware technology team within established launch time frames.,"security, performance, operational, look & feel, legal, fault & tolerance, maintainability, scalability, availability, or portability","accessibility, aesthetic, contextual, experience, satisfaction, HCI, UX, questionnaire, ease, or ergonomics",0.9197540283203125
Only adjusters can request recycled parts audit reports. No users without an adjuster role shall request recycled parts audits.,"security, performance, operational, look & feel, legal, fault & tolerance, maintainability, scalability, availability, or portability","security, performance, operational, look & feel, legal, fault & tolerance, maintainability, scalability, availability, or portability",0.9289199113845825
Only adjusters with a supervisor role can update preferred repair facility ratings. Users without the supervisor role cannot access the repair facility ratings.,"security, performance, operational, look & feel, legal, fault & tolerance, maintainability, scalability, availability, or portability","security, performance, operational, look & feel, legal, fault & tolerance, maintainability, scalability, availability, or portability",0.9300528764724731
Only collision estimators shall search for recycled parts.  Users without the collision estimator role shall not have access to the search for recycled parts.,"security, performance, operational, look & feel, legal, fault & tolerance, maintainability, scalability, availability, or portability","security, performance, operational, look & feel, legal, fault & tolerance, maintainability, scalability, availability, or portability",0.9269155859947205
Only valid data shall be entered into the system.  No invalid data shall be entered into the system.,"security, performance, operational, look & feel, legal, fault & tolerance, maintainability, scalability, availability, or portability","accessibility, aesthetic, contextual, experience, satisfaction, HCI, UX, questionnaire, ease, or ergonomics",0.9221552610397339
One insurance company shall not be able to view another insurance companys claim data.,"security, performance, operational, look & feel, legal, fault & tolerance, maintainability, scalability, availability, or portability","accessibility, aesthetic, contextual, experience, satisfaction, HCI, UX, questionnaire, ease, or ergonomics",0.9221538305282593
The product shall free of computer viruses.,"security, performance, operational, look & feel, legal, fault & tolerance, maintainability, scalability, availability, or portability","accessibility, aesthetic, contextual, experience, satisfaction, HCI, UX, questionnaire, ease, or ergonomics",0.8748924732208252
The system shall prevent malicious attacks including denial of service.,"security, performance, operational, look & feel, legal, fault & tolerance, maintainability, scalability, availability, or portability","accessibility, aesthetic, contextual, experience, satisfaction, HCI, UX, questionnaire, ease, or ergonomics",0.9052857756614685
 The product must work with most database management systems (DBMS) on the market  whether the DBMS is colocated with the product on the same machine or is located on a different machine on the computer network.,"security, performance, operational, look & feel, legal, fault & tolerance, maintainability, scalability, availability, or portability","security, performance, operational, look & feel, legal, fault & tolerance, maintainability, scalability, availability, or portability",0.9172676801681519
The product will function alongside server software on any operating system where the Java runtime can be installed.,"security, performance, operational, look & feel, legal, fault & tolerance, maintainability, scalability, availability, or portability","accessibility, aesthetic, contextual, experience, satisfaction, HCI, UX, questionnaire, ease, or ergonomics",0.931663453578949
The product will require collaboration with a database management system (DBMS).  The DBMS may be located on the same machine as the product or on a separate machine residing on the same computer network.,"security, performance, operational, look & feel, legal, fault & tolerance, maintainability, scalability, availability, or portability","security, performance, operational, look & feel, legal, fault & tolerance, maintainability, scalability, availability, or portability",0.925862729549408
 The product must make use of web/application server technology.  Open source examples include Apache web server  Tomcat  and the JBoss application server.,"security, performance, operational, look & feel, legal, fault & tolerance, maintainability, scalability, availability, or portability","security, performance, operational, look & feel, legal, fault & tolerance, maintainability, scalability, availability, or portability",0.9319499135017395
 A database management system such as Oracle  DB2  MySql or HSQL will need to be integrated with the product.,"security, performance, operational, look & feel, legal, fault & tolerance, maintainability, scalability, availability, or portability","accessibility, aesthetic, contextual, experience, satisfaction, HCI, UX, questionnaire, ease, or ergonomics",0.9405713677406311
The product shall make the users want to use it. 80% of the users surveyed report they are regularly using the product after the first 2 weeks post-launch.,"accessibility, aesthetic, contextual, experience, satisfaction, HCI, UX, questionnaire, ease, or ergonomics","security, performance, operational, look & feel, legal, fault & tolerance, maintainability, scalability, availability, or portability",0.928002119064331
The product shall be easy to use. 90% of users will be able to successfully reserve a conference room within 5 minutes of product use.,"accessibility, aesthetic, contextual, experience, satisfaction, HCI, UX, questionnaire, ease, or ergonomics","security, performance, operational, look & feel, legal, fault & tolerance, maintainability, scalability, availability, or portability",0.9407439231872559
The product shall give users feedback when necessary. 80% of the users surveyed report that the product accurately confirms their actions.,"accessibility, aesthetic, contextual, experience, satisfaction, HCI, UX, questionnaire, ease, or ergonomics","security, performance, operational, look & feel, legal, fault & tolerance, maintainability, scalability, availability, or portability",0.9381119608879089
The product shall allow the user to select a chosen language from one of the target market countries.,"accessibility, aesthetic, contextual, experience, satisfaction, HCI, UX, questionnaire, ease, or ergonomics","accessibility, aesthetic, contextual, experience, satisfaction, HCI, UX, questionnaire, ease, or ergonomics",0.9251960515975952
The product shall allow for customization of start page and views preferences.,"accessibility, aesthetic, contextual, experience, satisfaction, HCI, UX, questionnaire, ease, or ergonomics","accessibility, aesthetic, contextual, experience, satisfaction, HCI, UX, questionnaire, ease, or ergonomics",0.9085289835929871
 An employee will be able to successfully use the product within a few minutes.  After informally navigating the product for less than 15 minutes  users shall be able to successfully setup meetings and reserve conference rooms.,"accessibility, aesthetic, contextual, experience, satisfaction, HCI, UX, questionnaire, ease, or ergonomics","security, performance, operational, look & feel, legal, fault & tolerance, maintainability, scalability, availability, or portability",0.9330449104309082
The product shall use a standard navigation menu familiar to most web users.,"accessibility, aesthetic, contextual, experience, satisfaction, HCI, UX, questionnaire, ease, or ergonomics","accessibility, aesthetic, contextual, experience, satisfaction, HCI, UX, questionnaire, ease, or ergonomics",0.9169061779975891
The product shall allow for intuitive searching of available conference rooms.,"accessibility, aesthetic, contextual, experience, satisfaction, HCI, UX, questionnaire, ease, or ergonomics","accessibility, aesthetic, contextual, experience, satisfaction, HCI, UX, questionnaire, ease, or ergonomics",0.9096267819404602
The product shall conform to the Americans with Disabilities Act.,"accessibility, aesthetic, contextual, experience, satisfaction, HCI, UX, questionnaire, ease, or ergonomics","accessibility, aesthetic, contextual, experience, satisfaction, HCI, UX, questionnaire, ease, or ergonomics",0.912247359752655
The response shall be fast enough to avoid interrupting the user’s flow of thought.  90% of tasks shall complete within 5 seconds.  98% of tasks shall complete within 8 seconds.,"security, performance, operational, look & feel, legal, fault & tolerance, maintainability, scalability, availability, or portability","security, performance, operational, look & feel, legal, fault & tolerance, maintainability, scalability, availability, or portability",0.9297705292701721
The product shall be used in office environments.,"security, performance, operational, look & feel, legal, fault & tolerance, maintainability, scalability, availability, or portability","accessibility, aesthetic, contextual, experience, satisfaction, HCI, UX, questionnaire, ease, or ergonomics",0.890724778175354
The product must be able to interface with any HTML browser.  The product shall transmit data between the user and the product without problems. The product shall display HTML properly in 80% of all HTML browsers tested (minimum is to test 8 browsers).,"security, performance, operational, look & feel, legal, fault & tolerance, maintainability, scalability, availability, or portability","security, performance, operational, look & feel, legal, fault & tolerance, maintainability, scalability, availability, or portability",0.9142799377441406
The product must be able to interface with various database management systems. The product shall communicate successfully with the database management system on 100% of all transactions.,"security, performance, operational, look & feel, legal, fault & tolerance, maintainability, scalability, availability, or portability","security, performance, operational, look & feel, legal, fault & tolerance, maintainability, scalability, availability, or portability",0.9355100989341736
The product must be able to interface with various email servers. The product shall be able to send email.,"security, performance, operational, look & feel, legal, fault & tolerance, maintainability, scalability, availability, or portability","accessibility, aesthetic, contextual, experience, satisfaction, HCI, UX, questionnaire, ease, or ergonomics",0.9273815155029297
The product shall be available for distribution via the Internet as a binary or ZIP file.,"security, performance, operational, look & feel, legal, fault & tolerance, maintainability, scalability, availability, or portability","accessibility, aesthetic, contextual, experience, satisfaction, HCI, UX, questionnaire, ease, or ergonomics",0.9281589984893799
The product shall be available for distribution as a packaged CD.,"security, performance, operational, look & feel, legal, fault & tolerance, maintainability, scalability, availability, or portability","accessibility, aesthetic, contextual, experience, satisfaction, HCI, UX, questionnaire, ease, or ergonomics",0.9061204791069031
 The product will be available for licensing as a one-server  two-five servers  or five-or-more servers license.,"security, performance, operational, look & feel, legal, fault & tolerance, maintainability, scalability, availability, or portability","security, performance, operational, look & feel, legal, fault & tolerance, maintainability, scalability, availability, or portability",0.9290330410003662
A new user must be able to be added to the system within 10 minutes.  90% of new users are able to log into the system within 10 minutes.,"accessibility, aesthetic, contextual, experience, satisfaction, HCI, UX, questionnaire, ease, or ergonomics","security, performance, operational, look & feel, legal, fault & tolerance, maintainability, scalability, availability, or portability",0.9316884875297546
Every registered user will have access to the product’s support site via the Internet.  70% of registered users shall find a solution to their problem within 5 minutes of using the support site.,"accessibility, aesthetic, contextual, experience, satisfaction, HCI, UX, questionnaire, ease, or ergonomics","security, performance, operational, look & feel, legal, fault & tolerance, maintainability, scalability, availability, or portability",0.9323621988296509
 The product shall be translated into foreign languages other than the target market countries’ languages in future releases.  For each emerging target market  it shall take no more than 5 days to configure the product for that market’s language.,"accessibility, aesthetic, contextual, experience, satisfaction, HCI, UX, questionnaire, ease, or ergonomics","security, performance, operational, look & feel, legal, fault & tolerance, maintainability, scalability, availability, or portability",0.9248473048210144
 The product is expected to integrate with multiple database management systems.  The product will operate with Oracle  SQL Server  DB2  MySQL  HSQL  and MS Access.,"security, performance, operational, look & feel, legal, fault & tolerance, maintainability, scalability, availability, or portability","security, performance, operational, look & feel, legal, fault & tolerance, maintainability, scalability, availability, or portability",0.9333373308181763
The product shall be able to be installed in any operating environment within 2 days.,"security, performance, operational, look & feel, legal, fault & tolerance, maintainability, scalability, availability, or portability","accessibility, aesthetic, contextual, experience, satisfaction, HCI, UX, questionnaire, ease, or ergonomics",0.9222492575645447
The product shall ensure that only company employees or external users with company-approved user IDs may have product access.  100% of all logons shall be by either company employees or external users with company-approved user IDs.,"security, performance, operational, look & feel, legal, fault & tolerance, maintainability, scalability, availability, or portability","security, performance, operational, look & feel, legal, fault & tolerance, maintainability, scalability, availability, or portability",0.916249692440033
Only managers are able to perform search queries for reservations by user.  100% of all search queries for reservations by user shall be from logons of only management logons.,"security, performance, operational, look & feel, legal, fault & tolerance, maintainability, scalability, availability, or portability","security, performance, operational, look & feel, legal, fault & tolerance, maintainability, scalability, availability, or portability",0.9349380135536194
The product shall ensure that the database’s data corresponds to the data entered by the user.  Each conference room reservation in the system will contain the same information as was entered by the user.,"security, performance, operational, look & feel, legal, fault & tolerance, maintainability, scalability, availability, or portability","security, performance, operational, look & feel, legal, fault & tolerance, maintainability, scalability, availability, or portability",0.9208251237869263
The product shall prevent the input of malicious data.  The product and/or adjacent hardware/software systems’ data shall remain 100% uncorrupted each time malicious data is input into the product.,"security, performance, operational, look & feel, legal, fault & tolerance, maintainability, scalability, availability, or portability","security, performance, operational, look & feel, legal, fault & tolerance, maintainability, scalability, availability, or portability",0.9306238293647766
The product shall have the ability to receive automatic software updates as new threats emerge.  100% of customers will be able to receive automatic software updates transmitted to the installed product.,"security, performance, operational, look & feel, legal, fault & tolerance, maintainability, scalability, availability, or portability","security, performance, operational, look & feel, legal, fault & tolerance, maintainability, scalability, availability, or portability",0.9319568276405334
The product shall be able to display calendar dates and times according to the user’s locale.  90% of survey respondents from each target market country will find that the date and time formatting of the product is correct.,"accessibility, aesthetic, contextual, experience, satisfaction, HCI, UX, questionnaire, ease, or ergonomics","security, performance, operational, look & feel, legal, fault & tolerance, maintainability, scalability, availability, or portability",0.9238956570625305
The product must be developed with the J2SE/J2EE programming language libraries,"security, performance, operational, look & feel, legal, fault & tolerance, maintainability, scalability, availability, or portability","accessibility, aesthetic, contextual, experience, satisfaction, HCI, UX, questionnaire, ease, or ergonomics",0.8996478319168091
Recreation of Inventory Quantity Adjustment for the period of previous 30 days shall take no more than 30min.,"security, performance, operational, look & feel, legal, fault & tolerance, maintainability, scalability, availability, or portability","security, performance, operational, look & feel, legal, fault & tolerance, maintainability, scalability, availability, or portability",0.9373824596405029
The System shall allow for a minimum of  6 users to work at the same time.,"security, performance, operational, look & feel, legal, fault & tolerance, maintainability, scalability, availability, or portability","accessibility, aesthetic, contextual, experience, satisfaction, HCI, UX, questionnaire, ease, or ergonomics",0.9258227348327637
The System shall utilize currently owned computer equipment.,"security, performance, operational, look & feel, legal, fault & tolerance, maintainability, scalability, availability, or portability","accessibility, aesthetic, contextual, experience, satisfaction, HCI, UX, questionnaire, ease, or ergonomics",0.8894354104995728
The System shall be able to automatically backup business data and restore them on demand.,"security, performance, operational, look & feel, legal, fault & tolerance, maintainability, scalability, availability, or portability","accessibility, aesthetic, contextual, experience, satisfaction, HCI, UX, questionnaire, ease, or ergonomics",0.9202706813812256
The System shall maintain consistent security.  Any changes in user passwords and/or permissions should take affect in all parts of the System.,"security, performance, operational, look & feel, legal, fault & tolerance, maintainability, scalability, availability, or portability","security, performance, operational, look & feel, legal, fault & tolerance, maintainability, scalability, availability, or portability",0.9323930740356445
The System shall granularly control access rights to all major subsystems.  It should be possible to assign access rights to all subsystems independently.,"security, performance, operational, look & feel, legal, fault & tolerance, maintainability, scalability, availability, or portability","security, performance, operational, look & feel, legal, fault & tolerance, maintainability, scalability, availability, or portability",0.9324346780776978
The System shall not require additional third party licenses resulting in royalty fees.,"security, performance, operational, look & feel, legal, fault & tolerance, maintainability, scalability, availability, or portability","security, performance, operational, look & feel, legal, fault & tolerance, maintainability, scalability, availability, or portability",0.9184743762016296
Administrator shall be able to activate a pre-paid card via the Administration section in under 5 seconds.,"security, performance, operational, look & feel, legal, fault & tolerance, maintainability, scalability, availability, or portability","security, performance, operational, look & feel, legal, fault & tolerance, maintainability, scalability, availability, or portability",0.9278435111045837
 Customer shall be able to check the status of their prepaid card  by entering in the PIN number  in under 5 seconds.,"security, performance, operational, look & feel, legal, fault & tolerance, maintainability, scalability, availability, or portability","security, performance, operational, look & feel, legal, fault & tolerance, maintainability, scalability, availability, or portability",0.9353793263435364
System shall let customers register on the website as a “pay as you go” user in under 5 minutes.,"security, performance, operational, look & feel, legal, fault & tolerance, maintainability, scalability, availability, or portability","accessibility, aesthetic, contextual, experience, satisfaction, HCI, UX, questionnaire, ease, or ergonomics",0.9346433877944946
System shall let customers register on the website as a “unlimited movie subscriber” user in under 10 minutes.,"security, performance, operational, look & feel, legal, fault & tolerance, maintainability, scalability, availability, or portability","accessibility, aesthetic, contextual, experience, satisfaction, HCI, UX, questionnaire, ease, or ergonomics",0.9351358413696289
System shall let existing customers log into the website with their email address and password in under 5 seconds.,"security, performance, operational, look & feel, legal, fault & tolerance, maintainability, scalability, availability, or portability","accessibility, aesthetic, contextual, experience, satisfaction, HCI, UX, questionnaire, ease, or ergonomics",0.9304805994033813
 System shall let customers cancel their account  process shall take no longer than 2 minutes.  Database will mark the account as inactive  and user will not be able to log into the website.,"security, performance, operational, look & feel, legal, fault & tolerance, maintainability, scalability, availability, or portability","security, performance, operational, look & feel, legal, fault & tolerance, maintainability, scalability, availability, or portability",0.9282862544059753
System shall let administrator de-activate a customer account in under 1 minute. Customer will no longer be able to access the website.,"security, performance, operational, look & feel, legal, fault & tolerance, maintainability, scalability, availability, or portability","security, performance, operational, look & feel, legal, fault & tolerance, maintainability, scalability, availability, or portability",0.9419294595718384
System shall let administrator add/remove movies on the website in under 5 minutes.  Entered movie information will be stored in the database and will now be available on the website.,"security, performance, operational, look & feel, legal, fault & tolerance, maintainability, scalability, availability, or portability","security, performance, operational, look & feel, legal, fault & tolerance, maintainability, scalability, availability, or portability",0.9305421113967896
System shall let the administrator add/remove categories on the website in under 5 minutes.,"security, performance, operational, look & feel, legal, fault & tolerance, maintainability, scalability, availability, or portability","accessibility, aesthetic, contextual, experience, satisfaction, HCI, UX, questionnaire, ease, or ergonomics",0.917429506778717
System shall let Izogn Manager access sales and usage statistics in under 2 minutes.,"security, performance, operational, look & feel, legal, fault & tolerance, maintainability, scalability, availability, or portability","accessibility, aesthetic, contextual, experience, satisfaction, HCI, UX, questionnaire, ease, or ergonomics",0.9247159361839294
System shall let administrators generate unique pre-paid pins in under 2 minutes and generate an Excel file with the generated PINs.,"security, performance, operational, look & feel, legal, fault & tolerance, maintainability, scalability, availability, or portability","security, performance, operational, look & feel, legal, fault & tolerance, maintainability, scalability, availability, or portability",0.9304941296577454
The product should be able to be used by 90% of novice users on the Internet.,"accessibility, aesthetic, contextual, experience, satisfaction, HCI, UX, questionnaire, ease, or ergonomics","accessibility, aesthetic, contextual, experience, satisfaction, HCI, UX, questionnaire, ease, or ergonomics",0.9257984161376953
 Users should only have to navigate through a maximum of 4 pages  to create an account with the website.,"accessibility, aesthetic, contextual, experience, satisfaction, HCI, UX, questionnaire, ease, or ergonomics","accessibility, aesthetic, contextual, experience, satisfaction, HCI, UX, questionnaire, ease, or ergonomics",0.927327036857605
Users should be able to access their streaming movies in under 2 clicks after logging into the website.,"accessibility, aesthetic, contextual, experience, satisfaction, HCI, UX, questionnaire, ease, or ergonomics","security, performance, operational, look & feel, legal, fault & tolerance, maintainability, scalability, availability, or portability",0.9265902638435364
An anonymous survey will show that 70% of customers are comfortable purchasing streaming movies after 2 weeks using the website.,"accessibility, aesthetic, contextual, experience, satisfaction, HCI, UX, questionnaire, ease, or ergonomics","security, performance, operational, look & feel, legal, fault & tolerance, maintainability, scalability, availability, or portability",0.9324989914894104
An anonymous survey will show that 95% of customers are comfortable using and purchasing pre-paid cards after a month of using the system.,"accessibility, aesthetic, contextual, experience, satisfaction, HCI, UX, questionnaire, ease, or ergonomics","security, performance, operational, look & feel, legal, fault & tolerance, maintainability, scalability, availability, or portability",0.9324109554290771
The product shall retain the customer’s buying preferences and information.,"accessibility, aesthetic, contextual, experience, satisfaction, HCI, UX, questionnaire, ease, or ergonomics","accessibility, aesthetic, contextual, experience, satisfaction, HCI, UX, questionnaire, ease, or ergonomics",0.910021185874939
The product shall be easy for customers with novice skills on the  Internet to purchase and watch streaming movies.  Customers should be able to purchase and watch a pre-determined movie in under 3 minutes.,"accessibility, aesthetic, contextual, experience, satisfaction, HCI, UX, questionnaire, ease, or ergonomics","security, performance, operational, look & feel, legal, fault & tolerance, maintainability, scalability, availability, or portability",0.9190356731414795
The product shall use symbols and words that are naturally understandable by users familiar with websites,"accessibility, aesthetic, contextual, experience, satisfaction, HCI, UX, questionnaire, ease, or ergonomics","accessibility, aesthetic, contextual, experience, satisfaction, HCI, UX, questionnaire, ease, or ergonomics",0.9280385375022888
The website will use standard Internet conventions when interacting with the user.,"accessibility, aesthetic, contextual, experience, satisfaction, HCI, UX, questionnaire, ease, or ergonomics","accessibility, aesthetic, contextual, experience, satisfaction, HCI, UX, questionnaire, ease, or ergonomics",0.9112200140953064
 Any interface between a user and the automated system shall have a maximum response time of 5 seconds  unless noted by an exception below.,"security, performance, operational, look & feel, legal, fault & tolerance, maintainability, scalability, availability, or portability","security, performance, operational, look & feel, legal, fault & tolerance, maintainability, scalability, availability, or portability",0.9308633208274841
 When purchasing a streaming movie or pre-paid card via credit card  the processing time should have a maximum response time of 15 seconds.,"security, performance, operational, look & feel, legal, fault & tolerance, maintainability, scalability, availability, or portability","security, performance, operational, look & feel, legal, fault & tolerance, maintainability, scalability, availability, or portability",0.9385904669761658
 When streaming a movie  the buffering time should take no longer than 10 seconds (plus any latency on the user’s connection.),"security, performance, operational, look & feel, legal, fault & tolerance, maintainability, scalability, availability, or portability","security, performance, operational, look & feel, legal, fault & tolerance, maintainability, scalability, availability, or portability",0.9405397176742554
 While streaming a movie  buffering should only occur if there is latency in the user’s connection.,"security, performance, operational, look & feel, legal, fault & tolerance, maintainability, scalability, availability, or portability","accessibility, aesthetic, contextual, experience, satisfaction, HCI, UX, questionnaire, ease, or ergonomics",0.9302523136138916
 All credit card information will be secured on the server  and only accessible by authorized Izogn administrators.  Information will be encrypted in the database.,"security, performance, operational, look & feel, legal, fault & tolerance, maintainability, scalability, availability, or portability","security, performance, operational, look & feel, legal, fault & tolerance, maintainability, scalability, availability, or portability",0.9394281506538391
All aspects of the website shall be accessed by a web browser over the Internet.,"security, performance, operational, look & feel, legal, fault & tolerance, maintainability, scalability, availability, or portability","accessibility, aesthetic, contextual, experience, satisfaction, HCI, UX, questionnaire, ease, or ergonomics",0.9236375689506531
The same hardware supporting the current website will be used to support the new system.,"security, performance, operational, look & feel, legal, fault & tolerance, maintainability, scalability, availability, or portability","security, performance, operational, look & feel, legal, fault & tolerance, maintainability, scalability, availability, or portability",0.9222579002380371
 We must be able to interface with the following browsers: IE 5.X  6.0  Netscape 6.x  7.x  8.x and Firefox 1.0.,"security, performance, operational, look & feel, legal, fault & tolerance, maintainability, scalability, availability, or portability","security, performance, operational, look & feel, legal, fault & tolerance, maintainability, scalability, availability, or portability",0.9264916181564331
Website must interface with the CyberSource API to process credit card transactions.,"security, performance, operational, look & feel, legal, fault & tolerance, maintainability, scalability, availability, or portability","accessibility, aesthetic, contextual, experience, satisfaction, HCI, UX, questionnaire, ease, or ergonomics",0.9146496653556824
Website must be fully operational with MSN TV2.,"security, performance, operational, look & feel, legal, fault & tolerance, maintainability, scalability, availability, or portability","accessibility, aesthetic, contextual, experience, satisfaction, HCI, UX, questionnaire, ease, or ergonomics",0.8851855397224426
Movies shall be encoded and streamed via Windows Media Player 9.0.,"security, performance, operational, look & feel, legal, fault & tolerance, maintainability, scalability, availability, or portability","accessibility, aesthetic, contextual, experience, satisfaction, HCI, UX, questionnaire, ease, or ergonomics",0.916165828704834
Movies shall be encoded for 56k and 256k streams.,"security, performance, operational, look & feel, legal, fault & tolerance, maintainability, scalability, availability, or portability","accessibility, aesthetic, contextual, experience, satisfaction, HCI, UX, questionnaire, ease, or ergonomics",0.9025743007659912
Izogn Administrator must be able to update the category listings on the website within 2 minutes.,"security, performance, operational, look & feel, legal, fault & tolerance, maintainability, scalability, availability, or portability","accessibility, aesthetic, contextual, experience, satisfaction, HCI, UX, questionnaire, ease, or ergonomics",0.9228155016899109
Izogn Administrator must be able to add new products to the website within 2 minutes.,"security, performance, operational, look & feel, legal, fault & tolerance, maintainability, scalability, availability, or portability","accessibility, aesthetic, contextual, experience, satisfaction, HCI, UX, questionnaire, ease, or ergonomics",0.9233182668685913
The website will provide a help section with answers and solutions to common problems.,"accessibility, aesthetic, contextual, experience, satisfaction, HCI, UX, questionnaire, ease, or ergonomics","accessibility, aesthetic, contextual, experience, satisfaction, HCI, UX, questionnaire, ease, or ergonomics",0.9097611904144287
The product shall be able to be installed in the specified environment within 1 working day.,"security, performance, operational, look & feel, legal, fault & tolerance, maintainability, scalability, availability, or portability","accessibility, aesthetic, contextual, experience, satisfaction, HCI, UX, questionnaire, ease, or ergonomics",0.9238736629486084
Only registered customers can purchase streaming movies.,"security, performance, operational, look & feel, legal, fault & tolerance, maintainability, scalability, availability, or portability","accessibility, aesthetic, contextual, experience, satisfaction, HCI, UX, questionnaire, ease, or ergonomics",0.87343430519104
 A customer can only stream a movie if they purchased it  and are within the 2 day viewing period.,"security, performance, operational, look & feel, legal, fault & tolerance, maintainability, scalability, availability, or portability","accessibility, aesthetic, contextual, experience, satisfaction, HCI, UX, questionnaire, ease, or ergonomics",0.9334217309951782
Only authorized personnel can access customer records in the database.,"security, performance, operational, look & feel, legal, fault & tolerance, maintainability, scalability, availability, or portability","accessibility, aesthetic, contextual, experience, satisfaction, HCI, UX, questionnaire, ease, or ergonomics",0.8948280215263367
Only administrators can activate a pre-paid card.,"security, performance, operational, look & feel, legal, fault & tolerance, maintainability, scalability, availability, or portability","accessibility, aesthetic, contextual, experience, satisfaction, HCI, UX, questionnaire, ease, or ergonomics",0.87846839427948
Only authorized personnel can access sales information.,"security, performance, operational, look & feel, legal, fault & tolerance, maintainability, scalability, availability, or portability","accessibility, aesthetic, contextual, experience, satisfaction, HCI, UX, questionnaire, ease, or ergonomics",0.8784662485122681
The website shall prevent its data from being corrupted when incorrect data is entered in.,"security, performance, operational, look & feel, legal, fault & tolerance, maintainability, scalability, availability, or portability","accessibility, aesthetic, contextual, experience, satisfaction, HCI, UX, questionnaire, ease, or ergonomics",0.9210283756256104
 The website shall protect itself from intentional abuse  and notify the administrator at all occurrences.,"security, performance, operational, look & feel, legal, fault & tolerance, maintainability, scalability, availability, or portability","accessibility, aesthetic, contextual, experience, satisfaction, HCI, UX, questionnaire, ease, or ergonomics",0.9227207899093628
Data integrity scripts will be run on a weekly basis to verify the integrity of the database.,"security, performance, operational, look & feel, legal, fault & tolerance, maintainability, scalability, availability, or portability","accessibility, aesthetic, contextual, experience, satisfaction, HCI, UX, questionnaire, ease, or ergonomics",0.9233905673027039
 The website shall make its user aware of its information practices before collection data from them via a Privacy Policy  accessible on all pages of the website.,"security, performance, operational, look & feel, legal, fault & tolerance, maintainability, scalability, availability, or portability","security, performance, operational, look & feel, legal, fault & tolerance, maintainability, scalability, availability, or portability",0.9446395635604858
The system shall notify customers of changes to its information policy.,"security, performance, operational, look & feel, legal, fault & tolerance, maintainability, scalability, availability, or portability","accessibility, aesthetic, contextual, experience, satisfaction, HCI, UX, questionnaire, ease, or ergonomics",0.9035078287124634
The system shall reveal private information only in compliance with the organization’s information policy.,"security, performance, operational, look & feel, legal, fault & tolerance, maintainability, scalability, availability, or portability","security, performance, operational, look & feel, legal, fault & tolerance, maintainability, scalability, availability, or portability",0.9178186655044556
 All customer information will be stored on a secure database  accessible only to authorized personnel.,"security, performance, operational, look & feel, legal, fault & tolerance, maintainability, scalability, availability, or portability","accessibility, aesthetic, contextual, experience, satisfaction, HCI, UX, questionnaire, ease, or ergonomics",0.9314815998077393
All credit card information will be encrypted in the database.,"security, performance, operational, look & feel, legal, fault & tolerance, maintainability, scalability, availability, or portability","accessibility, aesthetic, contextual, experience, satisfaction, HCI, UX, questionnaire, ease, or ergonomics",0.9009044170379639
The streaming server will have anti-virus software to prevent infection of malicious viruses.,"security, performance, operational, look & feel, legal, fault & tolerance, maintainability, scalability, availability, or portability","security, performance, operational, look & feel, legal, fault & tolerance, maintainability, scalability, availability, or portability",0.9282962679862976
The website should use Flash to provide animation on the home page.,"security, performance, operational, look & feel, legal, fault & tolerance, maintainability, scalability, availability, or portability","accessibility, aesthetic, contextual, experience, satisfaction, HCI, UX, questionnaire, ease, or ergonomics",0.9074104428291321
Total lead cycle time must be completed in 5 minutes for 90% of lead volume between the business hours of 8AM CST to 8PM CST  then 3 minutes for 99% of lead volume during off business hours.,"security, performance, operational, look & feel, legal, fault & tolerance, maintainability, scalability, availability, or portability","security, performance, operational, look & feel, legal, fault & tolerance, maintainability, scalability, availability, or portability",0.9241793751716614
No lead evaluation will complete in a time period longer than 25 seconds for 97% of all leads processed.,"security, performance, operational, look & feel, legal, fault & tolerance, maintainability, scalability, availability, or portability","security, performance, operational, look & feel, legal, fault & tolerance, maintainability, scalability, availability, or portability",0.9406732320785522
For leads that process longer than 25 seconds the system will record the event and duration,"security, performance, operational, look & feel, legal, fault & tolerance, maintainability, scalability, availability, or portability","security, performance, operational, look & feel, legal, fault & tolerance, maintainability, scalability, availability, or portability",0.9192513823509216
The process must fit within the processing time conditions set forth by the Auto Rep Assignment process in which a lead is assigned within 3 minutes of the total life cycle.,"security, performance, operational, look & feel, legal, fault & tolerance, maintainability, scalability, availability, or portability","security, performance, operational, look & feel, legal, fault & tolerance, maintainability, scalability, availability, or portability",0.9317932724952698
The lead washing process will operate within the established physical web service structure.,"security, performance, operational, look & feel, legal, fault & tolerance, maintainability, scalability, availability, or portability","accessibility, aesthetic, contextual, experience, satisfaction, HCI, UX, questionnaire, ease, or ergonomics",0.9074428677558899
 The washing process must use a non binding  neutral data format  such as xml  when receiving and processing lead data.,"security, performance, operational, look & feel, legal, fault & tolerance, maintainability, scalability, availability, or portability","accessibility, aesthetic, contextual, experience, satisfaction, HCI, UX, questionnaire, ease, or ergonomics",0.9391100406646729
The product shall able to handle a large number of games simultaneously.,"security, performance, operational, look & feel, legal, fault & tolerance, maintainability, scalability, availability, or portability","accessibility, aesthetic, contextual, experience, satisfaction, HCI, UX, questionnaire, ease, or ergonomics",0.9088321328163147
The response time shall be fast enough to maintain the flow of the game.  The response time shall be no more than 2 seconds for 95% of responses and no more than 4% for the remaining responses.,"security, performance, operational, look & feel, legal, fault & tolerance, maintainability, scalability, availability, or portability","security, performance, operational, look & feel, legal, fault & tolerance, maintainability, scalability, availability, or portability",0.9204954504966736
The product shall protect the identity of the players. The product shall provide players no access to information that might reveal the identity of another player.,"security, performance, operational, look & feel, legal, fault & tolerance, maintainability, scalability, availability, or portability","security, performance, operational, look & feel, legal, fault & tolerance, maintainability, scalability, availability, or portability",0.9350908994674683
The product shall be intuitive and self-explanatory.  Nine out ten users shall be able to successfully complete a game with no training.,"accessibility, aesthetic, contextual, experience, satisfaction, HCI, UX, questionnaire, ease, or ergonomics","security, performance, operational, look & feel, legal, fault & tolerance, maintainability, scalability, availability, or portability",0.9336596727371216
 The product shall be available to players who understand English  Spanish and French.  The product shall allow the user to select the language upon accessing the product.,"accessibility, aesthetic, contextual, experience, satisfaction, HCI, UX, questionnaire, ease, or ergonomics","security, performance, operational, look & feel, legal, fault & tolerance, maintainability, scalability, availability, or portability",0.9293451309204102
The product shall provide players no access to information that might reveal the identity of another player,"security, performance, operational, look & feel, legal, fault & tolerance, maintainability, scalability, availability, or portability","accessibility, aesthetic, contextual, experience, satisfaction, HCI, UX, questionnaire, ease, or ergonomics",0.923435389995575
The response time shall be fast enough to maintain the flow of the game. The response time shall be no more than 2 seconds for 95% of responses and no more than 4% for the remaining responses.,"security, performance, operational, look & feel, legal, fault & tolerance, maintainability, scalability, availability, or portability","security, performance, operational, look & feel, legal, fault & tolerance, maintainability, scalability, availability, or portability",0.9204954504966736
The system shall be easy to use by callers and supervisors. Callers and supervisors must be able to accomplish any system task within 2 minutes.,"accessibility, aesthetic, contextual, experience, satisfaction, HCI, UX, questionnaire, ease, or ergonomics","security, performance, operational, look & feel, legal, fault & tolerance, maintainability, scalability, availability, or portability",0.9250333309173584
The system shall be easy to learn by callers and supervisors. Callers and supervisors shall learn how to use the system within 10 minutes.,"accessibility, aesthetic, contextual, experience, satisfaction, HCI, UX, questionnaire, ease, or ergonomics","security, performance, operational, look & feel, legal, fault & tolerance, maintainability, scalability, availability, or portability",0.9264068007469177
 The system shall be responsive. At the DePaul TeleServices Center  when a supervisor uses the system to view a callers schedule  the system response time must be no more than 2 seconds 90% of the time and no more than 5 seconds the rest of the time.,"security, performance, operational, look & feel, legal, fault & tolerance, maintainability, scalability, availability, or portability","security, performance, operational, look & feel, legal, fault & tolerance, maintainability, scalability, availability, or portability",0.9031552076339722
 On a 56k connection  the system response time for all operations must be no more than 6 seconds 90% of the time.,"security, performance, operational, look & feel, legal, fault & tolerance, maintainability, scalability, availability, or portability","security, performance, operational, look & feel, legal, fault & tolerance, maintainability, scalability, availability, or portability",0.9377181529998779
 On a 112k connection or faster  the system response time for all operations must be no more than 3 seconds 90% of the time.,"security, performance, operational, look & feel, legal, fault & tolerance, maintainability, scalability, availability, or portability","security, performance, operational, look & feel, legal, fault & tolerance, maintainability, scalability, availability, or portability",0.9424051642417908
The product shall ensure that only supervisors can advertise empty time slots.The product must ensure that supervisors are allowed to access advertise empty time slots.,"security, performance, operational, look & feel, legal, fault & tolerance, maintainability, scalability, availability, or portability","security, performance, operational, look & feel, legal, fault & tolerance, maintainability, scalability, availability, or portability",0.9356903433799744
The product shall ensure that only supervisors can enter a caller’s schedule.The product must ensure that supervisors are allowed to access advertise empty time slots.,"security, performance, operational, look & feel, legal, fault & tolerance, maintainability, scalability, availability, or portability","security, performance, operational, look & feel, legal, fault & tolerance, maintainability, scalability, availability, or portability",0.936923086643219
The product shall ensure that only supervisors can view schedule of all callers.The product must ensure that supervisors are allowed to access advertise empty time slots.,"security, performance, operational, look & feel, legal, fault & tolerance, maintainability, scalability, availability, or portability","security, performance, operational, look & feel, legal, fault & tolerance, maintainability, scalability, availability, or portability",0.9359725713729858
The product shall provide Monitoring Services.The product shall be easy for System Administrators and DBAs to use after two weeks of usage.,"accessibility, aesthetic, contextual, experience, satisfaction, HCI, UX, questionnaire, ease, or ergonomics","security, performance, operational, look & feel, legal, fault & tolerance, maintainability, scalability, availability, or portability",0.9319465160369873
The product shall provide Error Tracking Services.The product shall help the System Administrators and DBAs to resolve transaction errors 99% of the time.,"accessibility, aesthetic, contextual, experience, satisfaction, HCI, UX, questionnaire, ease, or ergonomics","security, performance, operational, look & feel, legal, fault & tolerance, maintainability, scalability, availability, or portability",0.9318097829818726
The product shall provide Portals.The product shall help System Administrators to analyze the transactions with ad-hoc reporting and KPIs (Key Performance Indicators),"accessibility, aesthetic, contextual, experience, satisfaction, HCI, UX, questionnaire, ease, or ergonomics","security, performance, operational, look & feel, legal, fault & tolerance, maintainability, scalability, availability, or portability",0.9207352995872498
The product shall provide Asynchronous Messaging.The product shall provide asynchronous messaging to enable parallel processing and reduce the overhead in communications,"security, performance, operational, look & feel, legal, fault & tolerance, maintainability, scalability, availability, or portability","security, performance, operational, look & feel, legal, fault & tolerance, maintainability, scalability, availability, or portability",0.9224035739898682
The product shall provide Multi-threading and Load Balancing.The product shall provide multi-threading technology as well as load balancing to overcome data load spikes and traffic.,"security, performance, operational, look & feel, legal, fault & tolerance, maintainability, scalability, availability, or portability","security, performance, operational, look & feel, legal, fault & tolerance, maintainability, scalability, availability, or portability",0.9221701622009277
The product shall process messages within 2 seconds.The product shall have a maximum message processing time of 2 seconds,"security, performance, operational, look & feel, legal, fault & tolerance, maintainability, scalability, availability, or portability","accessibility, aesthetic, contextual, experience, satisfaction, HCI, UX, questionnaire, ease, or ergonomics",0.9251149892807007
The product shall poll the system for messages every second.The product shall poll the system for new messages at a maximum of every 1 second.,"security, performance, operational, look & feel, legal, fault & tolerance, maintainability, scalability, availability, or portability","security, performance, operational, look & feel, legal, fault & tolerance, maintainability, scalability, availability, or portability",0.9314013123512268
The product shall provide Dynamic Change Support and Transparent resource addition.The product shall support Transparent Resource addition and Dynamic Change support to provide scalability and avoid service interruptions of more than 1 day.,"security, performance, operational, look & feel, legal, fault & tolerance, maintainability, scalability, availability, or portability","security, performance, operational, look & feel, legal, fault & tolerance, maintainability, scalability, availability, or portability",0.9241198301315308
The product shall be platform independent.The product shall enable access to any type of development environment and platform.,"security, performance, operational, look & feel, legal, fault & tolerance, maintainability, scalability, availability, or portability","accessibility, aesthetic, contextual, experience, satisfaction, HCI, UX, questionnaire, ease, or ergonomics",0.9244871735572815
The product shall interface CSR and Datastream.The product shall exchange messages between CSR and EAM on a real time basis without any direct interfaces between two systems.,"security, performance, operational, look & feel, legal, fault & tolerance, maintainability, scalability, availability, or portability","security, performance, operational, look & feel, legal, fault & tolerance, maintainability, scalability, availability, or portability",0.9321430325508118
 The product shall have security.The product shall provide authentication  and authorization.,"security, performance, operational, look & feel, legal, fault & tolerance, maintainability, scalability, availability, or portability","accessibility, aesthetic, contextual, experience, satisfaction, HCI, UX, questionnaire, ease, or ergonomics",0.9071704149246216
The product shall information Security. The product shall enable privacy by encryption WS-Security and Integrity Checking.,"security, performance, operational, look & feel, legal, fault & tolerance, maintainability, scalability, availability, or portability","accessibility, aesthetic, contextual, experience, satisfaction, HCI, UX, questionnaire, ease, or ergonomics",0.9251092672348022
The product shall have audit capabilities.The product shall store messages for a minimum of one year for audit and transaction tracking purposes.,"security, performance, operational, look & feel, legal, fault & tolerance, maintainability, scalability, availability, or portability","security, performance, operational, look & feel, legal, fault & tolerance, maintainability, scalability, availability, or portability",0.9359497427940369
The system must use a point and click interface. 100% of all selection and navigation functionality must be able to be activated/selected by either a mouse or a keyboard,"accessibility, aesthetic, contextual, experience, satisfaction, HCI, UX, questionnaire, ease, or ergonomics","security, performance, operational, look & feel, legal, fault & tolerance, maintainability, scalability, availability, or portability",0.937027633190155
The interface shall be easy to use. 90% of users should be able to successfully use the system to generate a report on their first use. The interface should adhere to IBM usability standards.,"accessibility, aesthetic, contextual, experience, satisfaction, HCI, UX, questionnaire, ease, or ergonomics","security, performance, operational, look & feel, legal, fault & tolerance, maintainability, scalability, availability, or portability",0.9312268495559692
Rreports must be easy to generate. eports must be generated within one button click and exported within one button click (after selecting the report),"accessibility, aesthetic, contextual, experience, satisfaction, HCI, UX, questionnaire, ease, or ergonomics","security, performance, operational, look & feel, legal, fault & tolerance, maintainability, scalability, availability, or portability",0.9291494488716125
A user shall be able to use the system without instruction after a short amount of time. After one use a user should understand and remember 90% of the system usage and navigation.,"accessibility, aesthetic, contextual, experience, satisfaction, HCI, UX, questionnaire, ease, or ergonomics","security, performance, operational, look & feel, legal, fault & tolerance, maintainability, scalability, availability, or portability",0.9263721704483032
All CCR users shall receive training before the WCS system is deployed. One training session will be held for 100% of CCR users before system deployment (based on a CCR user being available),"accessibility, aesthetic, contextual, experience, satisfaction, HCI, UX, questionnaire, ease, or ergonomics","security, performance, operational, look & feel, legal, fault & tolerance, maintainability, scalability, availability, or portability",0.9327447414398193
The WCS system shall use appropriate nomenclature and terminology as defined by the Corporate Community Grants organization. All interfaces and reports will undergo usability tests by CCR users.,"accessibility, aesthetic, contextual, experience, satisfaction, HCI, UX, questionnaire, ease, or ergonomics","security, performance, operational, look & feel, legal, fault & tolerance, maintainability, scalability, availability, or portability",0.9327701330184937
The WCS system shall be run in a Windows environment. The WCS shall be accessed by users through the Internet on an IBM computer running a Windows 2000 or above operating system.,"security, performance, operational, look & feel, legal, fault & tolerance, maintainability, scalability, availability, or portability","security, performance, operational, look & feel, legal, fault & tolerance, maintainability, scalability, availability, or portability",0.9322879314422607
The Brio portion of the WCS system must be able to export files in spreadsheet form (Microsoft Excel and Lotus 1-2-3 formats).  Brio will provide buttons in the user interface that produce/export reports in .xls or .123 file formats.,"security, performance, operational, look & feel, legal, fault & tolerance, maintainability, scalability, availability, or portability","security, performance, operational, look & feel, legal, fault & tolerance, maintainability, scalability, availability, or portability",0.9115140438079834
The system shall only be accessed by authorized Corporate Community Grants (CCR) employees. Users must be authenticated using their IBM intranet user name and password.,"security, performance, operational, look & feel, legal, fault & tolerance, maintainability, scalability, availability, or portability","security, performance, operational, look & feel, legal, fault & tolerance, maintainability, scalability, availability, or portability",0.9369090795516968
The WCS system shall not allow automatic logins by any user. Cookies containing WCS login information about a user will not be stored on a user’s computer.,"security, performance, operational, look & feel, legal, fault & tolerance, maintainability, scalability, availability, or portability","security, performance, operational, look & feel, legal, fault & tolerance, maintainability, scalability, availability, or portability",0.9408235549926758
Each team owner will need to use a username and password in order to be authenticated to reach the team owner’s page,"security, performance, operational, look & feel, legal, fault & tolerance, maintainability, scalability, availability, or portability","security, performance, operational, look & feel, legal, fault & tolerance, maintainability, scalability, availability, or portability",0.928507387638092
The Commissioner will be the only authorized user per league to adjust league settings.,"security, performance, operational, look & feel, legal, fault & tolerance, maintainability, scalability, availability, or portability","security, performance, operational, look & feel, legal, fault & tolerance, maintainability, scalability, availability, or portability",0.9261007905006409
;A new user shall be able to navigate through the league and team pages within 30 seconds of reaching the start-up page.,"accessibility, aesthetic, contextual, experience, satisfaction, HCI, UX, questionnaire, ease, or ergonomics","security, performance, operational, look & feel, legal, fault & tolerance, maintainability, scalability, availability, or portability",0.94256991147995
Users shall be able to reach the ‘add’  ‘drop’  and ‘trade player’ pages with one click from the team owner’s page.,"accessibility, aesthetic, contextual, experience, satisfaction, HCI, UX, questionnaire, ease, or ergonomics","security, performance, operational, look & feel, legal, fault & tolerance, maintainability, scalability, availability, or portability",0.9372398853302002
;Users shall be able to view at least 25 NFL player statistics and points on each page.,"accessibility, aesthetic, contextual, experience, satisfaction, HCI, UX, questionnaire, ease, or ergonomics","accessibility, aesthetic, contextual, experience, satisfaction, HCI, UX, questionnaire, ease, or ergonomics",0.9331411123275757
The application shall ask the user to confirm dropping a player or trading a player before performing the action.,"accessibility, aesthetic, contextual, experience, satisfaction, HCI, UX, questionnaire, ease, or ergonomics","accessibility, aesthetic, contextual, experience, satisfaction, HCI, UX, questionnaire, ease, or ergonomics",0.9332818388938904
The application shall be able to complete every user transaction within one fourth of a second of receiving the request over the network.,"security, performance, operational, look & feel, legal, fault & tolerance, maintainability, scalability, availability, or portability","accessibility, aesthetic, contextual, experience, satisfaction, HCI, UX, questionnaire, ease, or ergonomics",0.929561972618103
The application shall run on a web application server.,"security, performance, operational, look & feel, legal, fault & tolerance, maintainability, scalability, availability, or portability","accessibility, aesthetic, contextual, experience, satisfaction, HCI, UX, questionnaire, ease, or ergonomics",0.8767507076263428
A primary database will be used to store cached data for active users.,"security, performance, operational, look & feel, legal, fault & tolerance, maintainability, scalability, availability, or portability","accessibility, aesthetic, contextual, experience, satisfaction, HCI, UX, questionnaire, ease, or ergonomics",0.923531174659729
A secondary database will be used to store historical statistics and data.,"security, performance, operational, look & feel, legal, fault & tolerance, maintainability, scalability, availability, or portability","accessibility, aesthetic, contextual, experience, satisfaction, HCI, UX, questionnaire, ease, or ergonomics",0.9163758158683777
98% of the user workstations shall meet the minimum hardware requirements prior to implementation. Minimum Hard Disk Space:  400MB.,"security, performance, operational, look & feel, legal, fault & tolerance, maintainability, scalability, availability, or portability","security, performance, operational, look & feel, legal, fault & tolerance, maintainability, scalability, availability, or portability",0.9376213550567627
98% of the user workstations shall meet the minimum software requirements prior to implementation: Microsoft Internet Explorer 5.0. Microsoft .NET Framework 1.1. Microsoft Internet Explorer Web Controls,"security, performance, operational, look & feel, legal, fault & tolerance, maintainability, scalability, availability, or portability","security, performance, operational, look & feel, legal, fault & tolerance, maintainability, scalability, availability, or portability",0.9296138286590576
The RFS system should be able to easily interface with the BDW environment  in order to load the data. •;7 data files shall be received from the BDW and loaded into the RFS system within 3 hours one day prior to the start of budgeting process  every year. The data will be as of October month-end. ;Test files (7) shall be loaded up to 5 times throughout the year  from the BDW.,"security, performance, operational, look & feel, legal, fault & tolerance, maintainability, scalability, availability, or portability","security, performance, operational, look & feel, legal, fault & tolerance, maintainability, scalability, availability, or portability",0.884229302406311
Only authorized user shall access the RFS system. ONLY users that exist in the UAS system  with the RFS system assigned to their role(s)  shall access the RFS system and use it.,"security, performance, operational, look & feel, legal, fault & tolerance, maintainability, scalability, availability, or portability","security, performance, operational, look & feel, legal, fault & tolerance, maintainability, scalability, availability, or portability",0.9045586585998535
;User access should be limited to the permissions granted to their role(s) Each level in the PCG hierarchy will be assigned a role and users will be assigned to these roles. Access to functionality within RFS system is dependent on the privileges/permission assigned to the role..,"security, performance, operational, look & feel, legal, fault & tolerance, maintainability, scalability, availability, or portability","security, performance, operational, look & feel, legal, fault & tolerance, maintainability, scalability, availability, or portability",0.903296947479248
The users should be able to easily use the system to successfully complete their budgets  within the stipulated time for completion. With a week of training prior to product implementation  98% of the users shall complete their budgets within the stipulated time.,"accessibility, aesthetic, contextual, experience, satisfaction, HCI, UX, questionnaire, ease, or ergonomics","security, performance, operational, look & feel, legal, fault & tolerance, maintainability, scalability, availability, or portability",0.9231724739074707
The product interface should be fast. The response time of the product interface should not exceed 2 seconds 90% of the time. For 10% of the time  the response time should not be more than 10 seconds.not be more than 10 seconds.,"security, performance, operational, look & feel, legal, fault & tolerance, maintainability, scalability, availability, or portability","security, performance, operational, look & feel, legal, fault & tolerance, maintainability, scalability, availability, or portability",0.9117431044578552
