Requirement text,Gold label,Predicated label,ZSL score
The system shall refresh the display every 60 seconds.,not about usability,not about usability,0.5206156969070435
 If projected  the data must be readable.  On a 10x10 projection screen  90% of viewers must be able to read Event / Activity data from a viewing distance of 30,usability,not about usability,0.4074326157569885
 If projected  the data must be understandable. On a 10x10 projection screen  90% of viewers must be able to determine that Events or Activities are occuring in current time from a viewing distance of 100,usability,not about usability,0.37427181005477905
The product shall ensure that it can only be accessed by authorized users.  The product will be able to distinguish between authorized and unauthorized users in all access attempts,not about usability,not about usability,0.42031076550483704
The product shall be intuitive and self-explanatory.  :  90% of new users shall be able to start the display of Events or Activities within 90 minutes of using the product.,usability,not about usability,0.34273064136505127
The product shall respond fast to keep up-to-date data in the display.,not about usability,not about usability,0.42861244082450867
The system shall be used by realtors with no training.,usability,not about usability,0.5047969818115234
The system shall be intuitive and self explanatory.,usability,not about usability,0.5013675689697266
The product shall be easy for a realtor to learn.,usability,not about usability,0.4712468385696411
The product shall use symbols and words that are naturally understandable by the realtor community.,usability,not about usability,0.3708874583244324
The product shall produce search results in an acceptable time,not about usability,not about usability,0.5024081468582153
The search results shall be returned no later 30      seconds  after the user has entered the search criteria,not about usability,not about usability,0.3534609079360962
The product shall generate a CMA report in an acceptable time.,not about usability,not about usability,0.46038544178009033
The CMA report shall be returned no later 60 seconds after the user has entered the CMA report criteria.,not about usability,not about usability,0.38615474104881287
The product shall synchronize contacts and appointments in an acceptable time.,not about usability,not about usability,0.45490920543670654
The product shall synchronize with the office system every hour.,not about usability,not about usability,0.5160717964172363
The product shall be installed by an untrained realtor   without recourse to separately-printed instructions.,usability,not about usability,0.3475813865661621
90% of untrained realtors shall be able to install the product on their device without printed instructions,usability,not about usability,0.40946340560913086
Only registered realtors shall be able to access the system.,not about usability,not about usability,0.4963991940021515
Every user of the system shall be authenticated and authorized.,not about usability,not about usability,0.4326155185699463
The product shall prevent its data from incorrect data being introduced.,not about usability,not about usability,0.5248161554336548
The system shall be easy to use by the Program Administrators/Nursing Staff Members.,usability,not about usability,0.3718516230583191
All of the users shall be able to use the system after one day of training.,usability,not about usability,0.40990158915519714
The system shall help the user avoid making mistakes while scheduling classes and clinicals for the nursing students.,usability,not about usability,0.3953441381454468
The number of mistakes noted by the students shall be decreased by 50% in the first year.,usability,not about usability,0.37887194752693176
The system shall be intuitive to the Program Administrators/Nursing Staff Members.,usability,not about usability,0.35908880829811096
2 out of 3 Program Administrators/Nursing Staff Members shall successfully be able to use the system to manage the scheduling of classes and clinicals.,usability,not about usability,0.34695953130722046
The system shall use symbols and words that are naturally understandable by the user community.,usability,not about usability,0.4128085672855377
The verbiage used within the system shall be consistent with Standard English and the terminology of the national Nursing Community.,usability,not about usability,0.2934408187866211
Staff members shall be able to complete a set of tasks in a timely manner.,not about usability,not about usability,0.3676875829696655
The response time of general student management tasks shall take no longer than 5 seconds and the response time of schedule generation shall take no longer than 30 seconds.,not about usability,not about usability,0.3872588872909546
The system shall able to operate within a business office environment typical of the Nursing Department at DePaul University.,not about usability,not about usability,0.3283228278160095
The system shall be used within the specifications defined by the computers used by the Program Administrators/Nursing Staff Members.,not about usability,not about usability,0.3422771990299225
The system shall operate within the Windows XP Professional operating system.,not about usability,not about usability,0.449236661195755
The system shall interface with CampusConnect’s central server,not about usability,not about usability,0.49035897850990295
The system shall interface with the faculty central server.,not about usability,not about usability,0.47653257846832275
The system shall interface with the student master server.,not about usability,not about usability,0.48896780610084534
We must be able to interface with any HTML browser.,not about usability,not about usability,0.4919556677341461
Only authorized users shall have access to clinical site information.,not about usability,not about usability,0.49666842818260193
Program Administrators/Nursing Staff Members are the only people who shall have access to clinical site details.,not about usability,not about usability,0.38886991143226624
Only authorized users shall have access to students’ personal information.,not about usability,not about usability,0.47703349590301514
Dr Susan Poslusny and Dr Julie Donalek are the only people who shall have access to students’ personal information.,not about usability,not about usability,0.3419512212276459
Only authorized users shall have access to the portion of the system that interfaces with CampusConnect.,not about usability,not about usability,0.3826243579387665
Fit Criterion: Dr Susan Poslusny and Karen Sysol are the only people who shall have access to the final class section scheduling for the system that interfaces with CampusConnect.,not about usability,not about usability,0.324352502822876
The system shall have basic data integrity checking to reduce the possibility of incorrect or invalid data being introduced.,not about usability,not about usability,0.39592039585113525
The system shall protect private information in accordance with the organization’s information policy.,not about usability,not about usability,0.4265889525413513
The system shall be built such that it is as secure as possible from malicious interference.,not about usability,not about usability,0.4039609432220459
The system shall use the organization’s standard virus protection software to help monitor threats to itself.,not about usability,not about usability,0.40036237239837646
The list of dispute cases that are displayed after a search is performed must be color coded for easy identification of dispute cases based upon the dispute case status.,usability,not about usability,0.3463185727596283
100% of the cardmember and merchant services representatives shall use the Disputes application regularly after a 2-day training course.,usability,not about usability,0.3480653166770935
100% of cardmember services representatives shall be able to successfully create a dispute case on the first encounter after completing the training course.,usability,not about usability,0.35105419158935547
100% of merchant services representatives shall be able to successfully perform a follow up action on a dispute case on the first encounter after completing the training course.,usability,not about usability,0.3683219850063324
The maximum wait time for a user navigating from one screen to another within the Disputes application shall be no more than 5 seconds.,not about usability,not about usability,0.4262516498565674
The Disputes application shall support 350 concurrent users without any degradation of performance in the application.,not about usability,not about usability,0.3760426938533783
 The Disputes application shall be available 24x7x365  with the exception of the following scheduled maintenance windows.  Monday – Saturday 3:00am to 4:00am EST Sunday 1:00amd to 5:00am EST,not about usability,not about usability,0.39564111828804016
The Disputes application shall interface with the Statement Database. The Statement Database provides the transaction details to the Disputes System. All transaction details must be obtained from the Statement Database,not about usability,not about usability,0.36079615354537964
The Disputes application shall interface with the Cardmember Information Database.  The Cardmember Information Database provides detailed information with regard to a cardmember.  All cardmember detail information must be obtained from the Cardmember Information Database.,not about usability,not about usability,0.2934597134590149
The Disputes applications shall interface with the Merchant Information Database.  The Merchant Information Database provides detailed information with regard to the merchant. All merchant detail information shall be obtained from the Merchant Information Database.,not about usability,not about usability,0.2824708819389343
The Disputes application shall interface with the Letters application.  This will allow the Disputes application to request letters as part of the dispute initiation and dispute follow up process. All letter requests must be sent to the Print Letter Utility application.,not about usability,not about usability,0.3563331663608551
The Disputes application shall interface with the Cardmember Posting and Billing System.  This will allow the Disputes application to request adjustments to cardmember and merchant’s accounts. All adjustment requests must be sent to the Cardmember Posting and Billing System.,not about usability,not about usability,0.35675111413002014
The Disputes application shall ensure that only users with the appropriate access level are allowed to initiate dispute requests.,not about usability,not about usability,0.3757284879684448
Only users with Update access must be able to initiate dispute requests.,not about usability,not about usability,0.49658358097076416
The Disputes application shall ensure that only authorized users are allowed to logon to the application.,not about usability,not about usability,0.3669348657131195
 All authorized users  once authenticated must be able to logon to the Disputes System,not about usability,not about usability,0.4057982861995697
The Disputes System shall generate a User Report that details any new users that have been added and any changes to an existing user’s access level.  The report will be reviewed for auditing purposes.,not about usability,not about usability,0.39366358518600464
All additions of new users and modifications to user’s access shall be recorded on the User Report.,not about usability,not about usability,0.3807618021965027
 If a user account is revoked  it can only be re-instantiated by the System Administrator.,not about usability,not about usability,0.43769609928131104
Only the System Administrator shall be able to reset a revoked user logon account,not about usability,not about usability,0.42108502984046936
The Disputes application shall manipulate and view business data. Users will not have direct access to data files or databases.,not about usability,not about usability,0.45830926299095154
All updates to data files or database must be initiated from the Disputes System.,not about usability,not about usability,0.4162600040435791
The product must support Internet Explorer 5.5 and above.,not about usability,not about usability,0.5543328523635864
The product must support Mozilla Firefox 1.0 and above.,not about usability,not about usability,0.49028280377388
The product shall interface with the Choice Parts System.  This provides the feed of recycled parts data.,not about usability,not about usability,0.4402187764644623
The product shall run on the existing hardware for all environments.,not about usability,not about usability,0.4842982590198517
The product shall adhere to the corporate Architecture guidelines,not about usability,not about usability,0.41131874918937683
The product shall be easy to use by Adjusters and Collision Estimators.  95% of Adjusters and Collision Estimators shall find the product easy to use.,usability,not about usability,0.3486468493938446
The product shall increase productivity of Collision Estimators. 80% of the Collision Estimators shall agree their productivity has increase within 1 month of using the product.,usability,not about usability,0.3800658881664276
Users shall feel satisfied using the product.  85% of all users will be satisfied with the product.,usability,not about usability,0.4294528663158417
The product shall be easy to learn by Adjusters and Collision Estimators.  The product shall be learned with two days onsite training,usability,not about usability,0.38926297426223755
The user shall easily locate instructions while using the product.  User help can be found within 90% of the system.,usability,not about usability,0.43240028619766235
The search for recycled parts shall take no longer than 15 seconds.  The search results shall be returned in under 15 seconds.,not about usability,not about usability,0.4435252845287323
The search for the preferred repair facility shall take no longer than 8 seconds.  The preferred repair facility is returned within 8 seconds,not about usability,not about usability,0.4233434200286865
The recycled parts audit report shall be returned to the user within 10 seconds.  The audit report shall be returned within 10 seconds.,not about usability,not about usability,0.3784874975681305
The preferred repair facility ratings shall be saved within 5 seconds. The save shall occur within 5 seconds.,not about usability,not about usability,0.4224323034286499
 For estimators  the product shall be able to be operated in a repair facility during dirty and noisy conditions.,not about usability,not about usability,0.30425509810447693
The product shall interface with the ChoiceParts system once per day at approximately 1:00 AM.,not about usability,not about usability,0.45613691210746765
The maintenance of the product will fall within the established corporate maintenance windows.,not about usability,not about usability,0.33943289518356323
The product shall be supported using the corporate support center.,not about usability,not about usability,0.4819493293762207
Product installations and upgrades shall be handled by the middleware technology team within established launch time frames.,not about usability,not about usability,0.38012540340423584
Only adjusters can request recycled parts audit reports. No users without an adjuster role shall request recycled parts audits.,not about usability,not about usability,0.3889366388320923
Only adjusters with a supervisor role can update preferred repair facility ratings. Users without the supervisor role cannot access the repair facility ratings.,not about usability,not about usability,0.37935110926628113
Only collision estimators shall search for recycled parts.  Users without the collision estimator role shall not have access to the search for recycled parts.,not about usability,not about usability,0.3770084083080292
Only valid data shall be entered into the system.  No invalid data shall be entered into the system.,not about usability,not about usability,0.44270941615104675
One insurance company shall not be able to view another insurance companys claim data.,not about usability,not about usability,0.41773533821105957
The product shall free of computer viruses.,not about usability,not about usability,0.533475935459137
The system shall prevent malicious attacks including denial of service.,not about usability,not about usability,0.4570329487323761
 The product must work with most database management systems (DBMS) on the market  whether the DBMS is colocated with the product on the same machine or is located on a different machine on the computer network.,not about usability,not about usability,0.36030006408691406
The product will function alongside server software on any operating system where the Java runtime can be installed.,not about usability,not about usability,0.42342275381088257
The product will require collaboration with a database management system (DBMS).  The DBMS may be located on the same machine as the product or on a separate machine residing on the same computer network.,not about usability,not about usability,0.3430016338825226
 The product must make use of web/application server technology.  Open source examples include Apache web server  Tomcat  and the JBoss application server.,not about usability,not about usability,0.34372884035110474
 A database management system such as Oracle  DB2  MySql or HSQL will need to be integrated with the product.,not about usability,not about usability,0.33958157896995544
The product shall make the users want to use it. 80% of the users surveyed report they are regularly using the product after the first 2 weeks post-launch.,usability,not about usability,0.3694681227207184
The product shall be easy to use. 90% of users will be able to successfully reserve a conference room within 5 minutes of product use.,usability,not about usability,0.3972834348678589
The product shall give users feedback when necessary. 80% of the users surveyed report that the product accurately confirms their actions.,usability,not about usability,0.38398316502571106
The product shall allow the user to select a chosen language from one of the target market countries.,usability,not about usability,0.4079664647579193
The product shall allow for customization of start page and views preferences.,usability,not about usability,0.44780218601226807
 An employee will be able to successfully use the product within a few minutes.  After informally navigating the product for less than 15 minutes  users shall be able to successfully setup meetings and reserve conference rooms.,usability,not about usability,0.3641822338104248
The product shall use a standard navigation menu familiar to most web users.,usability,not about usability,0.46344128251075745
The product shall allow for intuitive searching of available conference rooms.,usability,not about usability,0.47838184237480164
The product shall conform to the Americans with Disabilities Act.,usability,not about usability,0.3825226128101349
The response shall be fast enough to avoid interrupting the user’s flow of thought.  90% of tasks shall complete within 5 seconds.  98% of tasks shall complete within 8 seconds.,not about usability,not about usability,0.3860895335674286
The product shall be used in office environments.,not about usability,not about usability,0.49711549282073975
The product must be able to interface with any HTML browser.  The product shall transmit data between the user and the product without problems. The product shall display HTML properly in 80% of all HTML browsers tested (minimum is to test 8 browsers).,not about usability,not about usability,0.37946075201034546
The product must be able to interface with various database management systems. The product shall communicate successfully with the database management system on 100% of all transactions.,not about usability,not about usability,0.4199126064777374
The product must be able to interface with various email servers. The product shall be able to send email.,not about usability,not about usability,0.4381321668624878
The product shall be available for distribution via the Internet as a binary or ZIP file.,not about usability,not about usability,0.37062573432922363
The product shall be available for distribution as a packaged CD.,not about usability,not about usability,0.4030752182006836
 The product will be available for licensing as a one-server  two-five servers  or five-or-more servers license.,not about usability,not about usability,0.3692716956138611
A new user must be able to be added to the system within 10 minutes.  90% of new users are able to log into the system within 10 minutes.,usability,not about usability,0.39218670129776
Every registered user will have access to the product’s support site via the Internet.  70% of registered users shall find a solution to their problem within 5 minutes of using the support site.,usability,not about usability,0.41789019107818604
 The product shall be translated into foreign languages other than the target market countries’ languages in future releases.  For each emerging target market  it shall take no more than 5 days to configure the product for that market’s language.,usability,not about usability,0.3705959618091583
 The product is expected to integrate with multiple database management systems.  The product will operate with Oracle  SQL Server  DB2  MySQL  HSQL  and MS Access.,not about usability,not about usability,0.31622403860092163
The product shall be able to be installed in any operating environment within 2 days.,not about usability,not about usability,0.4158347547054291
The product shall ensure that only company employees or external users with company-approved user IDs may have product access.  100% of all logons shall be by either company employees or external users with company-approved user IDs.,not about usability,not about usability,0.36893442273139954
Only managers are able to perform search queries for reservations by user.  100% of all search queries for reservations by user shall be from logons of only management logons.,not about usability,not about usability,0.41146156191825867
The product shall ensure that the database’s data corresponds to the data entered by the user.  Each conference room reservation in the system will contain the same information as was entered by the user.,not about usability,not about usability,0.3651706576347351
The product shall prevent the input of malicious data.  The product and/or adjacent hardware/software systems’ data shall remain 100% uncorrupted each time malicious data is input into the product.,not about usability,not about usability,0.35582244396209717
The product shall have the ability to receive automatic software updates as new threats emerge.  100% of customers will be able to receive automatic software updates transmitted to the installed product.,not about usability,not about usability,0.3756956160068512
The product shall be able to display calendar dates and times according to the user’s locale.  90% of survey respondents from each target market country will find that the date and time formatting of the product is correct.,usability,not about usability,0.34450381994247437
The product must be developed with the J2SE/J2EE programming language libraries,not about usability,not about usability,0.39429038763046265
Recreation of Inventory Quantity Adjustment for the period of previous 30 days shall take no more than 30min.,not about usability,not about usability,0.4026484191417694
The System shall allow for a minimum of  6 users to work at the same time.,not about usability,not about usability,0.43567487597465515
The System shall utilize currently owned computer equipment.,not about usability,not about usability,0.5328390002250671
The System shall be able to automatically backup business data and restore them on demand.,not about usability,not about usability,0.42151421308517456
The System shall maintain consistent security.  Any changes in user passwords and/or permissions should take affect in all parts of the System.,not about usability,not about usability,0.4134495258331299
The System shall granularly control access rights to all major subsystems.  It should be possible to assign access rights to all subsystems independently.,not about usability,not about usability,0.3848676383495331
The System shall not require additional third party licenses resulting in royalty fees.,not about usability,not about usability,0.37480586767196655
Administrator shall be able to activate a pre-paid card via the Administration section in under 5 seconds.,not about usability,not about usability,0.38136324286460876
 Customer shall be able to check the status of their prepaid card  by entering in the PIN number  in under 5 seconds.,not about usability,not about usability,0.37880608439445496
System shall let customers register on the website as a “pay as you go” user in under 5 minutes.,not about usability,not about usability,0.4301368296146393
System shall let customers register on the website as a “unlimited movie subscriber” user in under 10 minutes.,not about usability,not about usability,0.4234904646873474
System shall let existing customers log into the website with their email address and password in under 5 seconds.,not about usability,not about usability,0.44315239787101746
 System shall let customers cancel their account  process shall take no longer than 2 minutes.  Database will mark the account as inactive  and user will not be able to log into the website.,not about usability,not about usability,0.3995251953601837
System shall let administrator de-activate a customer account in under 1 minute. Customer will no longer be able to access the website.,not about usability,not about usability,0.4584365487098694
System shall let administrator add/remove movies on the website in under 5 minutes.  Entered movie information will be stored in the database and will now be available on the website.,not about usability,not about usability,0.3943972587585449
System shall let the administrator add/remove categories on the website in under 5 minutes.,not about usability,not about usability,0.41803696751594543
System shall let Izogn Manager access sales and usage statistics in under 2 minutes.,not about usability,not about usability,0.42919182777404785
System shall let administrators generate unique pre-paid pins in under 2 minutes and generate an Excel file with the generated PINs.,not about usability,not about usability,0.36672988533973694
The product should be able to be used by 90% of novice users on the Internet.,usability,not about usability,0.4054844081401825
 Users should only have to navigate through a maximum of 4 pages  to create an account with the website.,usability,not about usability,0.39642593264579773
Users should be able to access their streaming movies in under 2 clicks after logging into the website.,usability,not about usability,0.43491512537002563
An anonymous survey will show that 70% of customers are comfortable purchasing streaming movies after 2 weeks using the website.,usability,not about usability,0.42011502385139465
An anonymous survey will show that 95% of customers are comfortable using and purchasing pre-paid cards after a month of using the system.,usability,not about usability,0.3846375346183777
The product shall retain the customer’s buying preferences and information.,usability,not about usability,0.4136609435081482
The product shall be easy for customers with novice skills on the  Internet to purchase and watch streaming movies.  Customers should be able to purchase and watch a pre-determined movie in under 3 minutes.,usability,not about usability,0.3534388244152069
The product shall use symbols and words that are naturally understandable by users familiar with websites,usability,not about usability,0.3969946503639221
The website will use standard Internet conventions when interacting with the user.,usability,not about usability,0.48661983013153076
 Any interface between a user and the automated system shall have a maximum response time of 5 seconds  unless noted by an exception below.,not about usability,not about usability,0.3799577057361603
 When purchasing a streaming movie or pre-paid card via credit card  the processing time should have a maximum response time of 15 seconds.,not about usability,not about usability,0.3694778084754944
 When streaming a movie  the buffering time should take no longer than 10 seconds (plus any latency on the user’s connection.),not about usability,not about usability,0.42206841707229614
 While streaming a movie  buffering should only occur if there is latency in the user’s connection.,not about usability,not about usability,0.40545251965522766
 All credit card information will be secured on the server  and only accessible by authorized Izogn administrators.  Information will be encrypted in the database.,not about usability,not about usability,0.37910401821136475
All aspects of the website shall be accessed by a web browser over the Internet.,not about usability,not about usability,0.41533225774765015
The same hardware supporting the current website will be used to support the new system.,not about usability,not about usability,0.44317716360092163
 We must be able to interface with the following browsers: IE 5.X  6.0  Netscape 6.x  7.x  8.x and Firefox 1.0.,not about usability,not about usability,0.43727976083755493
Website must interface with the CyberSource API to process credit card transactions.,not about usability,not about usability,0.40904542803764343
Website must be fully operational with MSN TV2.,not about usability,not about usability,0.49846404790878296
Movies shall be encoded and streamed via Windows Media Player 9.0.,not about usability,not about usability,0.4621623158454895
Movies shall be encoded for 56k and 256k streams.,not about usability,not about usability,0.37885066866874695
Izogn Administrator must be able to update the category listings on the website within 2 minutes.,not about usability,not about usability,0.4087487459182739
Izogn Administrator must be able to add new products to the website within 2 minutes.,not about usability,not about usability,0.4249049127101898
The website will provide a help section with answers and solutions to common problems.,usability,not about usability,0.4642142653465271
The product shall be able to be installed in the specified environment within 1 working day.,not about usability,not about usability,0.4001789391040802
Only registered customers can purchase streaming movies.,not about usability,not about usability,0.6122581362724304
 A customer can only stream a movie if they purchased it  and are within the 2 day viewing period.,not about usability,not about usability,0.41530272364616394
Only authorized personnel can access customer records in the database.,not about usability,not about usability,0.4542180895805359
Only administrators can activate a pre-paid card.,not about usability,not about usability,0.4812678098678589
Only authorized personnel can access sales information.,not about usability,not about usability,0.5529837012290955
The website shall prevent its data from being corrupted when incorrect data is entered in.,not about usability,not about usability,0.4615420401096344
 The website shall protect itself from intentional abuse  and notify the administrator at all occurrences.,not about usability,not about usability,0.36002254486083984
Data integrity scripts will be run on a weekly basis to verify the integrity of the database.,not about usability,not about usability,0.3681907057762146
 The website shall make its user aware of its information practices before collection data from them via a Privacy Policy  accessible on all pages of the website.,not about usability,not about usability,0.38942623138427734
The system shall notify customers of changes to its information policy.,not about usability,not about usability,0.5139914751052856
The system shall reveal private information only in compliance with the organization’s information policy.,not about usability,not about usability,0.41016384959220886
 All customer information will be stored on a secure database  accessible only to authorized personnel.,not about usability,not about usability,0.4082280993461609
All credit card information will be encrypted in the database.,not about usability,not about usability,0.47219833731651306
The streaming server will have anti-virus software to prevent infection of malicious viruses.,not about usability,not about usability,0.3464784324169159
The website should use Flash to provide animation on the home page.,not about usability,not about usability,0.48140645027160645
Total lead cycle time must be completed in 5 minutes for 90% of lead volume between the business hours of 8AM CST to 8PM CST  then 3 minutes for 99% of lead volume during off business hours.,not about usability,not about usability,0.3891797959804535
No lead evaluation will complete in a time period longer than 25 seconds for 97% of all leads processed.,not about usability,not about usability,0.4845231771469116
For leads that process longer than 25 seconds the system will record the event and duration,not about usability,not about usability,0.4455564618110657
The process must fit within the processing time conditions set forth by the Auto Rep Assignment process in which a lead is assigned within 3 minutes of the total life cycle.,not about usability,not about usability,0.36751869320869446
The lead washing process will operate within the established physical web service structure.,not about usability,not about usability,0.4597415030002594
 The washing process must use a non binding  neutral data format  such as xml  when receiving and processing lead data.,not about usability,not about usability,0.3960750699043274
The product shall able to handle a large number of games simultaneously.,not about usability,not about usability,0.41602280735969543
The response time shall be fast enough to maintain the flow of the game.  The response time shall be no more than 2 seconds for 95% of responses and no more than 4% for the remaining responses.,not about usability,not about usability,0.400751531124115
The product shall protect the identity of the players. The product shall provide players no access to information that might reveal the identity of another player.,not about usability,not about usability,0.3876623511314392
The product shall be intuitive and self-explanatory.  Nine out ten users shall be able to successfully complete a game with no training.,usability,not about usability,0.41736915707588196
 The product shall be available to players who understand English  Spanish and French.  The product shall allow the user to select the language upon accessing the product.,usability,not about usability,0.36311253905296326
The product shall provide players no access to information that might reveal the identity of another player,not about usability,not about usability,0.4182337820529938
The response time shall be fast enough to maintain the flow of the game. The response time shall be no more than 2 seconds for 95% of responses and no more than 4% for the remaining responses.,not about usability,not about usability,0.3940974473953247
The system shall be easy to use by callers and supervisors. Callers and supervisors must be able to accomplish any system task within 2 minutes.,usability,not about usability,0.39200520515441895
The system shall be easy to learn by callers and supervisors. Callers and supervisors shall learn how to use the system within 10 minutes.,usability,not about usability,0.3825491666793823
 The system shall be responsive. At the DePaul TeleServices Center  when a supervisor uses the system to view a callers schedule  the system response time must be no more than 2 seconds 90% of the time and no more than 5 seconds the rest of the time.,not about usability,not about usability,0.3599809408187866
 On a 56k connection  the system response time for all operations must be no more than 6 seconds 90% of the time.,not about usability,not about usability,0.4230659306049347
 On a 112k connection or faster  the system response time for all operations must be no more than 3 seconds 90% of the time.,not about usability,not about usability,0.40792638063430786
The product shall ensure that only supervisors can advertise empty time slots.The product must ensure that supervisors are allowed to access advertise empty time slots.,not about usability,not about usability,0.3806003928184509
The product shall ensure that only supervisors can enter a caller’s schedule.The product must ensure that supervisors are allowed to access advertise empty time slots.,not about usability,not about usability,0.3965487778186798
The product shall ensure that only supervisors can view schedule of all callers.The product must ensure that supervisors are allowed to access advertise empty time slots.,not about usability,not about usability,0.3935527801513672
The product shall provide Monitoring Services.The product shall be easy for System Administrators and DBAs to use after two weeks of usage.,usability,not about usability,0.4198490083217621
The product shall provide Error Tracking Services.The product shall help the System Administrators and DBAs to resolve transaction errors 99% of the time.,usability,not about usability,0.3899097144603729
The product shall provide Portals.The product shall help System Administrators to analyze the transactions with ad-hoc reporting and KPIs (Key Performance Indicators),usability,not about usability,0.37458330392837524
The product shall provide Asynchronous Messaging.The product shall provide asynchronous messaging to enable parallel processing and reduce the overhead in communications,not about usability,not about usability,0.38323044776916504
The product shall provide Multi-threading and Load Balancing.The product shall provide multi-threading technology as well as load balancing to overcome data load spikes and traffic.,not about usability,not about usability,0.34777045249938965
The product shall process messages within 2 seconds.The product shall have a maximum message processing time of 2 seconds,not about usability,not about usability,0.43138790130615234
The product shall poll the system for messages every second.The product shall poll the system for new messages at a maximum of every 1 second.,not about usability,not about usability,0.42851534485816956
The product shall provide Dynamic Change Support and Transparent resource addition.The product shall support Transparent Resource addition and Dynamic Change support to provide scalability and avoid service interruptions of more than 1 day.,not about usability,not about usability,0.3502437472343445
The product shall be platform independent.The product shall enable access to any type of development environment and platform.,not about usability,not about usability,0.4228828549385071
The product shall interface CSR and Datastream.The product shall exchange messages between CSR and EAM on a real time basis without any direct interfaces between two systems.,not about usability,not about usability,0.3547379970550537
 The product shall have security.The product shall provide authentication  and authorization.,not about usability,not about usability,0.4453381896018982
The product shall information Security. The product shall enable privacy by encryption WS-Security and Integrity Checking.,not about usability,not about usability,0.3818735182285309
The product shall have audit capabilities.The product shall store messages for a minimum of one year for audit and transaction tracking purposes.,not about usability,not about usability,0.3726697564125061
The system must use a point and click interface. 100% of all selection and navigation functionality must be able to be activated/selected by either a mouse or a keyboard,usability,not about usability,0.39981627464294434
The interface shall be easy to use. 90% of users should be able to successfully use the system to generate a report on their first use. The interface should adhere to IBM usability standards.,usability,not about usability,0.3930775821208954
Rreports must be easy to generate. eports must be generated within one button click and exported within one button click (after selecting the report),usability,not about usability,0.3892101049423218
A user shall be able to use the system without instruction after a short amount of time. After one use a user should understand and remember 90% of the system usage and navigation.,usability,not about usability,0.38794559240341187
All CCR users shall receive training before the WCS system is deployed. One training session will be held for 100% of CCR users before system deployment (based on a CCR user being available),usability,not about usability,0.382362425327301
The WCS system shall use appropriate nomenclature and terminology as defined by the Corporate Community Grants organization. All interfaces and reports will undergo usability tests by CCR users.,usability,not about usability,0.34404659271240234
The WCS system shall be run in a Windows environment. The WCS shall be accessed by users through the Internet on an IBM computer running a Windows 2000 or above operating system.,not about usability,not about usability,0.3740680515766144
The Brio portion of the WCS system must be able to export files in spreadsheet form (Microsoft Excel and Lotus 1-2-3 formats).  Brio will provide buttons in the user interface that produce/export reports in .xls or .123 file formats.,not about usability,not about usability,0.35056018829345703
The system shall only be accessed by authorized Corporate Community Grants (CCR) employees. Users must be authenticated using their IBM intranet user name and password.,not about usability,not about usability,0.3723566234111786
The WCS system shall not allow automatic logins by any user. Cookies containing WCS login information about a user will not be stored on a user’s computer.,not about usability,not about usability,0.4134058356285095
Each team owner will need to use a username and password in order to be authenticated to reach the team owner’s page,not about usability,not about usability,0.3888457417488098
The Commissioner will be the only authorized user per league to adjust league settings.,not about usability,not about usability,0.41199761629104614
;A new user shall be able to navigate through the league and team pages within 30 seconds of reaching the start-up page.,usability,not about usability,0.38832592964172363
Users shall be able to reach the ‘add’  ‘drop’  and ‘trade player’ pages with one click from the team owner’s page.,usability,not about usability,0.34111785888671875
;Users shall be able to view at least 25 NFL player statistics and points on each page.,usability,not about usability,0.40370601415634155
The application shall ask the user to confirm dropping a player or trading a player before performing the action.,usability,not about usability,0.32519081234931946
The application shall be able to complete every user transaction within one fourth of a second of receiving the request over the network.,not about usability,not about usability,0.37907275557518005
The application shall run on a web application server.,not about usability,not about usability,0.503854513168335
A primary database will be used to store cached data for active users.,not about usability,not about usability,0.504758358001709
A secondary database will be used to store historical statistics and data.,not about usability,not about usability,0.4693296551704407
98% of the user workstations shall meet the minimum hardware requirements prior to implementation. Minimum Hard Disk Space:  400MB.,not about usability,not about usability,0.36439570784568787
98% of the user workstations shall meet the minimum software requirements prior to implementation: Microsoft Internet Explorer 5.0. Microsoft .NET Framework 1.1. Microsoft Internet Explorer Web Controls,not about usability,not about usability,0.421433687210083
The RFS system should be able to easily interface with the BDW environment  in order to load the data. •;7 data files shall be received from the BDW and loaded into the RFS system within 3 hours one day prior to the start of budgeting process  every year. The data will be as of October month-end. ;Test files (7) shall be loaded up to 5 times throughout the year  from the BDW.,not about usability,not about usability,0.37325969338417053
Only authorized user shall access the RFS system. ONLY users that exist in the UAS system  with the RFS system assigned to their role(s)  shall access the RFS system and use it.,not about usability,not about usability,0.37030255794525146
;User access should be limited to the permissions granted to their role(s) Each level in the PCG hierarchy will be assigned a role and users will be assigned to these roles. Access to functionality within RFS system is dependent on the privileges/permission assigned to the role..,not about usability,not about usability,0.37424641847610474
The users should be able to easily use the system to successfully complete their budgets  within the stipulated time for completion. With a week of training prior to product implementation  98% of the users shall complete their budgets within the stipulated time.,usability,not about usability,0.34279942512512207
The product interface should be fast. The response time of the product interface should not exceed 2 seconds 90% of the time. For 10% of the time  the response time should not be more than 10 seconds.not be more than 10 seconds.,not about usability,not about usability,0.38086313009262085
