,precision,recall,f1-score,support
"accessibility, aesthetic, contextual, experience, satisfaction, HCI, UX, questionnaire, ease, or ergonomics",0.2358974358974359,0.6865671641791045,0.3511450381679389,67.0
"not about accessibility, aesthetic, contextual, experience, satisfaction, HCI, UX, questionnaire, ease, or ergonomics",0.6111111111111112,0.1813186813186813,0.2796610169491525,182.0
accuracy,0.3172690763052209,0.3172690763052209,0.3172690763052209,0.3172690763052209
macro avg,0.42350427350427355,0.4339429227488929,0.3154030275585457,249.0
weighted avg,0.5101500017162668,0.3172690763052209,0.2988956732610348,249.0
