,precision,recall,f1-score,support
"accessibility, aesthetic, contextual, experience, satisfaction, HCI, UX, questionnaire, ease, or ergonomics",0.31313131313131315,0.9253731343283582,0.4679245283018868,67.0
"not about accessibility, aesthetic, contextual, experience, satisfaction, HCI, UX, questionnaire, ease, or ergonomics",0.9019607843137255,0.25274725274725274,0.39484978540772536,182.0
accuracy,0.43373493975903615,0.43373493975903615,0.43373493975903615,0.43373493975903615
macro avg,0.6075460487225193,0.5890601935378055,0.4313871568548061,249.0
weighted avg,0.7435207258027953,0.43373493975903615,0.4145124672306523,249.0
