Requirement text,Gold label,Predicated label,ZSL score
The system shall refresh the display every 60 seconds.,not about usability,not about usability,0.8741030693054199
 If projected  the data must be readable.  On a 10x10 projection screen  90% of viewers must be able to read Event / Activity data from a viewing distance of 30,usability,not about usability,0.8195820450782776
 If projected  the data must be understandable. On a 10x10 projection screen  90% of viewers must be able to determine that Events or Activities are occuring in current time from a viewing distance of 100,usability,not about usability,0.8211495876312256
The product shall ensure that it can only be accessed by authorized users.  The product will be able to distinguish between authorized and unauthorized users in all access attempts,not about usability,not about usability,0.829082727432251
The product shall be intuitive and self-explanatory.  :  90% of new users shall be able to start the display of Events or Activities within 90 minutes of using the product.,usability,not about usability,0.8314851522445679
The product shall respond fast to keep up-to-date data in the display.,not about usability,not about usability,0.841096818447113
The system shall be used by realtors with no training.,usability,not about usability,0.8636131286621094
The system shall be intuitive and self explanatory.,usability,not about usability,0.874644935131073
The product shall be easy for a realtor to learn.,usability,not about usability,0.8537707924842834
The product shall use symbols and words that are naturally understandable by the realtor community.,usability,not about usability,0.8485448956489563
The product shall produce search results in an acceptable time,not about usability,not about usability,0.8613433837890625
The search results shall be returned no later 30      seconds  after the user has entered the search criteria,not about usability,not about usability,0.8278140425682068
The product shall generate a CMA report in an acceptable time.,not about usability,not about usability,0.8569456338882446
The CMA report shall be returned no later 60 seconds after the user has entered the CMA report criteria.,not about usability,not about usability,0.8223954439163208
The product shall synchronize contacts and appointments in an acceptable time.,not about usability,not about usability,0.8549237251281738
The product shall synchronize with the office system every hour.,not about usability,not about usability,0.8697202801704407
The product shall be installed by an untrained realtor   without recourse to separately-printed instructions.,usability,not about usability,0.8340321183204651
90% of untrained realtors shall be able to install the product on their device without printed instructions,usability,not about usability,0.8363187909126282
Only registered realtors shall be able to access the system.,not about usability,not about usability,0.8571745157241821
Every user of the system shall be authenticated and authorized.,not about usability,not about usability,0.8610938787460327
The product shall prevent its data from incorrect data being introduced.,not about usability,not about usability,0.8612604141235352
The system shall be easy to use by the Program Administrators/Nursing Staff Members.,usability,not about usability,0.8245798349380493
All of the users shall be able to use the system after one day of training.,usability,not about usability,0.8364190459251404
The system shall help the user avoid making mistakes while scheduling classes and clinicals for the nursing students.,usability,not about usability,0.8269756436347961
The number of mistakes noted by the students shall be decreased by 50% in the first year.,usability,not about usability,0.8390085101127625
The system shall be intuitive to the Program Administrators/Nursing Staff Members.,usability,not about usability,0.8341761231422424
2 out of 3 Program Administrators/Nursing Staff Members shall successfully be able to use the system to manage the scheduling of classes and clinicals.,usability,not about usability,0.8202269077301025
The system shall use symbols and words that are naturally understandable by the user community.,usability,not about usability,0.8504634499549866
The verbiage used within the system shall be consistent with Standard English and the terminology of the national Nursing Community.,usability,not about usability,0.8389145135879517
Staff members shall be able to complete a set of tasks in a timely manner.,not about usability,not about usability,0.8334507942199707
The response time of general student management tasks shall take no longer than 5 seconds and the response time of schedule generation shall take no longer than 30 seconds.,not about usability,not about usability,0.8296311497688293
The system shall able to operate within a business office environment typical of the Nursing Department at DePaul University.,not about usability,not about usability,0.8336445093154907
The system shall be used within the specifications defined by the computers used by the Program Administrators/Nursing Staff Members.,not about usability,not about usability,0.8259837627410889
The system shall operate within the Windows XP Professional operating system.,not about usability,not about usability,0.8621670007705688
The system shall interface with CampusConnect’s central server,not about usability,not about usability,0.8700993657112122
The system shall interface with the faculty central server.,not about usability,not about usability,0.8798997402191162
The system shall interface with the student master server.,not about usability,not about usability,0.8841182589530945
We must be able to interface with any HTML browser.,not about usability,not about usability,0.863327145576477
Only authorized users shall have access to clinical site information.,not about usability,not about usability,0.856989860534668
Program Administrators/Nursing Staff Members are the only people who shall have access to clinical site details.,not about usability,not about usability,0.8260796070098877
Only authorized users shall have access to students’ personal information.,not about usability,not about usability,0.8471174836158752
Dr Susan Poslusny and Dr Julie Donalek are the only people who shall have access to students’ personal information.,not about usability,not about usability,0.8191521167755127
Only authorized users shall have access to the portion of the system that interfaces with CampusConnect.,not about usability,not about usability,0.8428774476051331
Fit Criterion: Dr Susan Poslusny and Karen Sysol are the only people who shall have access to the final class section scheduling for the system that interfaces with CampusConnect.,not about usability,not about usability,0.8153811097145081
The system shall have basic data integrity checking to reduce the possibility of incorrect or invalid data being introduced.,not about usability,not about usability,0.8376943469047546
The system shall protect private information in accordance with the organization’s information policy.,not about usability,not about usability,0.8388507962226868
The system shall be built such that it is as secure as possible from malicious interference.,not about usability,not about usability,0.842179000377655
The system shall use the organization’s standard virus protection software to help monitor threats to itself.,not about usability,not about usability,0.8319368362426758
The list of dispute cases that are displayed after a search is performed must be color coded for easy identification of dispute cases based upon the dispute case status.,usability,not about usability,0.8286073803901672
100% of the cardmember and merchant services representatives shall use the Disputes application regularly after a 2-day training course.,usability,not about usability,0.8436415791511536
100% of cardmember services representatives shall be able to successfully create a dispute case on the first encounter after completing the training course.,usability,not about usability,0.8418428897857666
100% of merchant services representatives shall be able to successfully perform a follow up action on a dispute case on the first encounter after completing the training course.,usability,not about usability,0.8349322080612183
The maximum wait time for a user navigating from one screen to another within the Disputes application shall be no more than 5 seconds.,not about usability,not about usability,0.8350914716720581
The Disputes application shall support 350 concurrent users without any degradation of performance in the application.,not about usability,not about usability,0.8499229550361633
 The Disputes application shall be available 24x7x365  with the exception of the following scheduled maintenance windows.  Monday – Saturday 3:00am to 4:00am EST Sunday 1:00amd to 5:00am EST,not about usability,not about usability,0.8237242698669434
The Disputes application shall interface with the Statement Database. The Statement Database provides the transaction details to the Disputes System. All transaction details must be obtained from the Statement Database,not about usability,not about usability,0.8285818696022034
The Disputes application shall interface with the Cardmember Information Database.  The Cardmember Information Database provides detailed information with regard to a cardmember.  All cardmember detail information must be obtained from the Cardmember Information Database.,not about usability,not about usability,0.8220773339271545
The Disputes applications shall interface with the Merchant Information Database.  The Merchant Information Database provides detailed information with regard to the merchant. All merchant detail information shall be obtained from the Merchant Information Database.,not about usability,not about usability,0.8284783363342285
The Disputes application shall interface with the Letters application.  This will allow the Disputes application to request letters as part of the dispute initiation and dispute follow up process. All letter requests must be sent to the Print Letter Utility application.,not about usability,not about usability,0.8250494003295898
The Disputes application shall interface with the Cardmember Posting and Billing System.  This will allow the Disputes application to request adjustments to cardmember and merchant’s accounts. All adjustment requests must be sent to the Cardmember Posting and Billing System.,not about usability,not about usability,0.8160103559494019
The Disputes application shall ensure that only users with the appropriate access level are allowed to initiate dispute requests.,not about usability,not about usability,0.8446999788284302
Only users with Update access must be able to initiate dispute requests.,not about usability,not about usability,0.8552199602127075
The Disputes application shall ensure that only authorized users are allowed to logon to the application.,not about usability,not about usability,0.8439905643463135
 All authorized users  once authenticated must be able to logon to the Disputes System,not about usability,not about usability,0.8413191437721252
The Disputes System shall generate a User Report that details any new users that have been added and any changes to an existing user’s access level.  The report will be reviewed for auditing purposes.,not about usability,not about usability,0.8243227005004883
All additions of new users and modifications to user’s access shall be recorded on the User Report.,not about usability,not about usability,0.8315858244895935
 If a user account is revoked  it can only be re-instantiated by the System Administrator.,not about usability,not about usability,0.8451473712921143
Only the System Administrator shall be able to reset a revoked user logon account,not about usability,not about usability,0.8453646302223206
The Disputes application shall manipulate and view business data. Users will not have direct access to data files or databases.,not about usability,not about usability,0.8446658253669739
All updates to data files or database must be initiated from the Disputes System.,not about usability,not about usability,0.841052770614624
The product must support Internet Explorer 5.5 and above.,not about usability,not about usability,0.8483820557594299
The product must support Mozilla Firefox 1.0 and above.,not about usability,not about usability,0.8415767550468445
The product shall interface with the Choice Parts System.  This provides the feed of recycled parts data.,not about usability,not about usability,0.8548101782798767
The product shall run on the existing hardware for all environments.,not about usability,not about usability,0.8568909764289856
The product shall adhere to the corporate Architecture guidelines,not about usability,not about usability,0.8624195456504822
The product shall be easy to use by Adjusters and Collision Estimators.  95% of Adjusters and Collision Estimators shall find the product easy to use.,usability,not about usability,0.8126611113548279
The product shall increase productivity of Collision Estimators. 80% of the Collision Estimators shall agree their productivity has increase within 1 month of using the product.,usability,not about usability,0.8338218927383423
Users shall feel satisfied using the product.  85% of all users will be satisfied with the product.,usability,not about usability,0.8428357839584351
The product shall be easy to learn by Adjusters and Collision Estimators.  The product shall be learned with two days onsite training,usability,not about usability,0.8243677616119385
The user shall easily locate instructions while using the product.  User help can be found within 90% of the system.,usability,not about usability,0.8371779918670654
The search for recycled parts shall take no longer than 15 seconds.  The search results shall be returned in under 15 seconds.,not about usability,not about usability,0.8271566033363342
The search for the preferred repair facility shall take no longer than 8 seconds.  The preferred repair facility is returned within 8 seconds,not about usability,not about usability,0.8342779874801636
The recycled parts audit report shall be returned to the user within 10 seconds.  The audit report shall be returned within 10 seconds.,not about usability,not about usability,0.8206828832626343
The preferred repair facility ratings shall be saved within 5 seconds. The save shall occur within 5 seconds.,not about usability,not about usability,0.8344208598136902
 For estimators  the product shall be able to be operated in a repair facility during dirty and noisy conditions.,not about usability,not about usability,0.8251218199729919
The product shall interface with the ChoiceParts system once per day at approximately 1:00 AM.,not about usability,not about usability,0.8405736684799194
The maintenance of the product will fall within the established corporate maintenance windows.,not about usability,not about usability,0.8602988123893738
The product shall be supported using the corporate support center.,not about usability,not about usability,0.8658456802368164
Product installations and upgrades shall be handled by the middleware technology team within established launch time frames.,not about usability,not about usability,0.8348703980445862
Only adjusters can request recycled parts audit reports. No users without an adjuster role shall request recycled parts audits.,not about usability,not about usability,0.8293206691741943
Only adjusters with a supervisor role can update preferred repair facility ratings. Users without the supervisor role cannot access the repair facility ratings.,not about usability,not about usability,0.8294707536697388
Only collision estimators shall search for recycled parts.  Users without the collision estimator role shall not have access to the search for recycled parts.,not about usability,not about usability,0.8281699419021606
Only valid data shall be entered into the system.  No invalid data shall be entered into the system.,not about usability,not about usability,0.8292970061302185
One insurance company shall not be able to view another insurance companys claim data.,not about usability,not about usability,0.8473926782608032
The product shall free of computer viruses.,not about usability,not about usability,0.8873688578605652
The system shall prevent malicious attacks including denial of service.,not about usability,not about usability,0.8760502338409424
 The product must work with most database management systems (DBMS) on the market  whether the DBMS is colocated with the product on the same machine or is located on a different machine on the computer network.,not about usability,not about usability,0.8178356885910034
The product will function alongside server software on any operating system where the Java runtime can be installed.,not about usability,not about usability,0.8509005308151245
The product will require collaboration with a database management system (DBMS).  The DBMS may be located on the same machine as the product or on a separate machine residing on the same computer network.,not about usability,not about usability,0.8275299668312073
 The product must make use of web/application server technology.  Open source examples include Apache web server  Tomcat  and the JBoss application server.,not about usability,not about usability,0.8361988663673401
 A database management system such as Oracle  DB2  MySql or HSQL will need to be integrated with the product.,not about usability,not about usability,0.8301100730895996
The product shall make the users want to use it. 80% of the users surveyed report they are regularly using the product after the first 2 weeks post-launch.,usability,not about usability,0.8262441158294678
The product shall be easy to use. 90% of users will be able to successfully reserve a conference room within 5 minutes of product use.,usability,not about usability,0.8308583498001099
The product shall give users feedback when necessary. 80% of the users surveyed report that the product accurately confirms their actions.,usability,not about usability,0.8382415175437927
The product shall allow the user to select a chosen language from one of the target market countries.,usability,not about usability,0.8415266275405884
The product shall allow for customization of start page and views preferences.,usability,not about usability,0.854861319065094
 An employee will be able to successfully use the product within a few minutes.  After informally navigating the product for less than 15 minutes  users shall be able to successfully setup meetings and reserve conference rooms.,usability,not about usability,0.8178072571754456
The product shall use a standard navigation menu familiar to most web users.,usability,not about usability,0.8520649671554565
The product shall allow for intuitive searching of available conference rooms.,usability,not about usability,0.8456418514251709
The product shall conform to the Americans with Disabilities Act.,usability,not about usability,0.862263023853302
The response shall be fast enough to avoid interrupting the user’s flow of thought.  90% of tasks shall complete within 5 seconds.  98% of tasks shall complete within 8 seconds.,not about usability,not about usability,0.8263441920280457
The product shall be used in office environments.,not about usability,not about usability,0.8737529516220093
The product must be able to interface with any HTML browser.  The product shall transmit data between the user and the product without problems. The product shall display HTML properly in 80% of all HTML browsers tested (minimum is to test 8 browsers).,not about usability,not about usability,0.8058679103851318
The product must be able to interface with various database management systems. The product shall communicate successfully with the database management system on 100% of all transactions.,not about usability,not about usability,0.8303266167640686
The product must be able to interface with various email servers. The product shall be able to send email.,not about usability,not about usability,0.8282492756843567
The product shall be available for distribution via the Internet as a binary or ZIP file.,not about usability,not about usability,0.8342559933662415
The product shall be available for distribution as a packaged CD.,not about usability,not about usability,0.8479999303817749
 The product will be available for licensing as a one-server  two-five servers  or five-or-more servers license.,not about usability,not about usability,0.829209566116333
A new user must be able to be added to the system within 10 minutes.  90% of new users are able to log into the system within 10 minutes.,usability,not about usability,0.8189733028411865
Every registered user will have access to the product’s support site via the Internet.  70% of registered users shall find a solution to their problem within 5 minutes of using the support site.,usability,not about usability,0.820190966129303
 The product shall be translated into foreign languages other than the target market countries’ languages in future releases.  For each emerging target market  it shall take no more than 5 days to configure the product for that market’s language.,usability,not about usability,0.8244792819023132
 The product is expected to integrate with multiple database management systems.  The product will operate with Oracle  SQL Server  DB2  MySQL  HSQL  and MS Access.,not about usability,not about usability,0.8216225504875183
The product shall be able to be installed in any operating environment within 2 days.,not about usability,not about usability,0.838806688785553
The product shall ensure that only company employees or external users with company-approved user IDs may have product access.  100% of all logons shall be by either company employees or external users with company-approved user IDs.,not about usability,not about usability,0.8216646313667297
Only managers are able to perform search queries for reservations by user.  100% of all search queries for reservations by user shall be from logons of only management logons.,not about usability,not about usability,0.8193204402923584
The product shall ensure that the database’s data corresponds to the data entered by the user.  Each conference room reservation in the system will contain the same information as was entered by the user.,not about usability,not about usability,0.8192318081855774
The product shall prevent the input of malicious data.  The product and/or adjacent hardware/software systems’ data shall remain 100% uncorrupted each time malicious data is input into the product.,not about usability,not about usability,0.8125887513160706
The product shall have the ability to receive automatic software updates as new threats emerge.  100% of customers will be able to receive automatic software updates transmitted to the installed product.,not about usability,not about usability,0.8204554319381714
The product shall be able to display calendar dates and times according to the user’s locale.  90% of survey respondents from each target market country will find that the date and time formatting of the product is correct.,usability,not about usability,0.8170310258865356
The product must be developed with the J2SE/J2EE programming language libraries,not about usability,not about usability,0.8412017822265625
Recreation of Inventory Quantity Adjustment for the period of previous 30 days shall take no more than 30min.,not about usability,not about usability,0.8371753096580505
The System shall allow for a minimum of  6 users to work at the same time.,not about usability,not about usability,0.843235969543457
The System shall utilize currently owned computer equipment.,not about usability,not about usability,0.8825669288635254
The System shall be able to automatically backup business data and restore them on demand.,not about usability,not about usability,0.8325821161270142
The System shall maintain consistent security.  Any changes in user passwords and/or permissions should take affect in all parts of the System.,not about usability,not about usability,0.8318231701850891
The System shall granularly control access rights to all major subsystems.  It should be possible to assign access rights to all subsystems independently.,not about usability,not about usability,0.8215175867080688
The System shall not require additional third party licenses resulting in royalty fees.,not about usability,not about usability,0.8630602955818176
Administrator shall be able to activate a pre-paid card via the Administration section in under 5 seconds.,not about usability,not about usability,0.8295974135398865
 Customer shall be able to check the status of their prepaid card  by entering in the PIN number  in under 5 seconds.,not about usability,not about usability,0.8348796367645264
System shall let customers register on the website as a “pay as you go” user in under 5 minutes.,not about usability,not about usability,0.8265600204467773
System shall let customers register on the website as a “unlimited movie subscriber” user in under 10 minutes.,not about usability,not about usability,0.8351377248764038
System shall let existing customers log into the website with their email address and password in under 5 seconds.,not about usability,not about usability,0.8414095044136047
 System shall let customers cancel their account  process shall take no longer than 2 minutes.  Database will mark the account as inactive  and user will not be able to log into the website.,not about usability,not about usability,0.8331078290939331
System shall let administrator de-activate a customer account in under 1 minute. Customer will no longer be able to access the website.,not about usability,not about usability,0.8314804434776306
System shall let administrator add/remove movies on the website in under 5 minutes.  Entered movie information will be stored in the database and will now be available on the website.,not about usability,not about usability,0.8255810141563416
System shall let the administrator add/remove categories on the website in under 5 minutes.,not about usability,not about usability,0.8435396552085876
System shall let Izogn Manager access sales and usage statistics in under 2 minutes.,not about usability,not about usability,0.8456114530563354
System shall let administrators generate unique pre-paid pins in under 2 minutes and generate an Excel file with the generated PINs.,not about usability,not about usability,0.8374034762382507
The product should be able to be used by 90% of novice users on the Internet.,usability,not about usability,0.8306629657745361
 Users should only have to navigate through a maximum of 4 pages  to create an account with the website.,usability,not about usability,0.8287233114242554
Users should be able to access their streaming movies in under 2 clicks after logging into the website.,usability,not about usability,0.837005615234375
An anonymous survey will show that 70% of customers are comfortable purchasing streaming movies after 2 weeks using the website.,usability,not about usability,0.8382101655006409
An anonymous survey will show that 95% of customers are comfortable using and purchasing pre-paid cards after a month of using the system.,usability,not about usability,0.8419304490089417
The product shall retain the customer’s buying preferences and information.,usability,not about usability,0.8524675369262695
The product shall be easy for customers with novice skills on the  Internet to purchase and watch streaming movies.  Customers should be able to purchase and watch a pre-determined movie in under 3 minutes.,usability,not about usability,0.8104803562164307
The product shall use symbols and words that are naturally understandable by users familiar with websites,usability,not about usability,0.8551450967788696
The website will use standard Internet conventions when interacting with the user.,usability,not about usability,0.8543273210525513
 Any interface between a user and the automated system shall have a maximum response time of 5 seconds  unless noted by an exception below.,not about usability,not about usability,0.8254658579826355
 When purchasing a streaming movie or pre-paid card via credit card  the processing time should have a maximum response time of 15 seconds.,not about usability,not about usability,0.8303190469741821
 When streaming a movie  the buffering time should take no longer than 10 seconds (plus any latency on the user’s connection.),not about usability,not about usability,0.8367694020271301
 While streaming a movie  buffering should only occur if there is latency in the user’s connection.,not about usability,not about usability,0.8399361371994019
 All credit card information will be secured on the server  and only accessible by authorized Izogn administrators.  Information will be encrypted in the database.,not about usability,not about usability,0.8254972696304321
All aspects of the website shall be accessed by a web browser over the Internet.,not about usability,not about usability,0.8428630232810974
The same hardware supporting the current website will be used to support the new system.,not about usability,not about usability,0.842712938785553
 We must be able to interface with the following browsers: IE 5.X  6.0  Netscape 6.x  7.x  8.x and Firefox 1.0.,not about usability,not about usability,0.8143604397773743
Website must interface with the CyberSource API to process credit card transactions.,not about usability,not about usability,0.8539153933525085
Website must be fully operational with MSN TV2.,not about usability,not about usability,0.8726763725280762
Movies shall be encoded and streamed via Windows Media Player 9.0.,not about usability,not about usability,0.8407425880432129
Movies shall be encoded for 56k and 256k streams.,not about usability,not about usability,0.85433429479599
Izogn Administrator must be able to update the category listings on the website within 2 minutes.,not about usability,not about usability,0.8336591124534607
Izogn Administrator must be able to add new products to the website within 2 minutes.,not about usability,not about usability,0.8308813571929932
The website will provide a help section with answers and solutions to common problems.,usability,not about usability,0.8508794903755188
The product shall be able to be installed in the specified environment within 1 working day.,not about usability,not about usability,0.8322237730026245
Only registered customers can purchase streaming movies.,not about usability,not about usability,0.8641795516014099
 A customer can only stream a movie if they purchased it  and are within the 2 day viewing period.,not about usability,not about usability,0.8406733870506287
Only authorized personnel can access customer records in the database.,not about usability,not about usability,0.8691943883895874
Only administrators can activate a pre-paid card.,not about usability,not about usability,0.8625373840332031
Only authorized personnel can access sales information.,not about usability,not about usability,0.8718691468238831
The website shall prevent its data from being corrupted when incorrect data is entered in.,not about usability,not about usability,0.8482075929641724
 The website shall protect itself from intentional abuse  and notify the administrator at all occurrences.,not about usability,not about usability,0.8406355977058411
Data integrity scripts will be run on a weekly basis to verify the integrity of the database.,not about usability,not about usability,0.8365336060523987
 The website shall make its user aware of its information practices before collection data from them via a Privacy Policy  accessible on all pages of the website.,not about usability,not about usability,0.8282994627952576
The system shall notify customers of changes to its information policy.,not about usability,not about usability,0.8535449504852295
The system shall reveal private information only in compliance with the organization’s information policy.,not about usability,not about usability,0.8340709209442139
 All customer information will be stored on a secure database  accessible only to authorized personnel.,not about usability,not about usability,0.8383359909057617
All credit card information will be encrypted in the database.,not about usability,not about usability,0.8592630624771118
The streaming server will have anti-virus software to prevent infection of malicious viruses.,not about usability,not about usability,0.8447647094726562
The website should use Flash to provide animation on the home page.,not about usability,not about usability,0.8406071662902832
Total lead cycle time must be completed in 5 minutes for 90% of lead volume between the business hours of 8AM CST to 8PM CST  then 3 minutes for 99% of lead volume during off business hours.,not about usability,not about usability,0.8128445148468018
No lead evaluation will complete in a time period longer than 25 seconds for 97% of all leads processed.,not about usability,not about usability,0.8369064331054688
For leads that process longer than 25 seconds the system will record the event and duration,not about usability,not about usability,0.8486706018447876
The process must fit within the processing time conditions set forth by the Auto Rep Assignment process in which a lead is assigned within 3 minutes of the total life cycle.,not about usability,not about usability,0.8258764743804932
The lead washing process will operate within the established physical web service structure.,not about usability,not about usability,0.8542848825454712
 The washing process must use a non binding  neutral data format  such as xml  when receiving and processing lead data.,not about usability,not about usability,0.8279491662979126
The product shall able to handle a large number of games simultaneously.,not about usability,not about usability,0.8582055568695068
The response time shall be fast enough to maintain the flow of the game.  The response time shall be no more than 2 seconds for 95% of responses and no more than 4% for the remaining responses.,not about usability,not about usability,0.8262203931808472
The product shall protect the identity of the players. The product shall provide players no access to information that might reveal the identity of another player.,not about usability,not about usability,0.827853262424469
The product shall be intuitive and self-explanatory.  Nine out ten users shall be able to successfully complete a game with no training.,usability,not about usability,0.83021080493927
 The product shall be available to players who understand English  Spanish and French.  The product shall allow the user to select the language upon accessing the product.,usability,not about usability,0.82269686460495
The product shall provide players no access to information that might reveal the identity of another player,not about usability,not about usability,0.8335826396942139
The response time shall be fast enough to maintain the flow of the game. The response time shall be no more than 2 seconds for 95% of responses and no more than 4% for the remaining responses.,not about usability,not about usability,0.8262203931808472
The system shall be easy to use by callers and supervisors. Callers and supervisors must be able to accomplish any system task within 2 minutes.,usability,not about usability,0.820200502872467
The system shall be easy to learn by callers and supervisors. Callers and supervisors shall learn how to use the system within 10 minutes.,usability,not about usability,0.8207935094833374
 The system shall be responsive. At the DePaul TeleServices Center  when a supervisor uses the system to view a callers schedule  the system response time must be no more than 2 seconds 90% of the time and no more than 5 seconds the rest of the time.,not about usability,not about usability,0.8105341792106628
 On a 56k connection  the system response time for all operations must be no more than 6 seconds 90% of the time.,not about usability,not about usability,0.836042046546936
 On a 112k connection or faster  the system response time for all operations must be no more than 3 seconds 90% of the time.,not about usability,not about usability,0.8318672180175781
The product shall ensure that only supervisors can advertise empty time slots.The product must ensure that supervisors are allowed to access advertise empty time slots.,not about usability,not about usability,0.8150814771652222
The product shall ensure that only supervisors can enter a caller’s schedule.The product must ensure that supervisors are allowed to access advertise empty time slots.,not about usability,not about usability,0.8204266428947449
The product shall ensure that only supervisors can view schedule of all callers.The product must ensure that supervisors are allowed to access advertise empty time slots.,not about usability,not about usability,0.8224369883537292
The product shall provide Monitoring Services.The product shall be easy for System Administrators and DBAs to use after two weeks of usage.,usability,not about usability,0.8260786533355713
The product shall provide Error Tracking Services.The product shall help the System Administrators and DBAs to resolve transaction errors 99% of the time.,usability,not about usability,0.8357769250869751
The product shall provide Portals.The product shall help System Administrators to analyze the transactions with ad-hoc reporting and KPIs (Key Performance Indicators),usability,not about usability,0.8228560090065002
The product shall provide Asynchronous Messaging.The product shall provide asynchronous messaging to enable parallel processing and reduce the overhead in communications,not about usability,not about usability,0.8271569013595581
The product shall provide Multi-threading and Load Balancing.The product shall provide multi-threading technology as well as load balancing to overcome data load spikes and traffic.,not about usability,not about usability,0.8188610076904297
The product shall process messages within 2 seconds.The product shall have a maximum message processing time of 2 seconds,not about usability,not about usability,0.838249683380127
The product shall poll the system for messages every second.The product shall poll the system for new messages at a maximum of every 1 second.,not about usability,not about usability,0.8272887468338013
The product shall provide Dynamic Change Support and Transparent resource addition.The product shall support Transparent Resource addition and Dynamic Change support to provide scalability and avoid service interruptions of more than 1 day.,not about usability,not about usability,0.8084940910339355
The product shall be platform independent.The product shall enable access to any type of development environment and platform.,not about usability,not about usability,0.8215140104293823
The product shall interface CSR and Datastream.The product shall exchange messages between CSR and EAM on a real time basis without any direct interfaces between two systems.,not about usability,not about usability,0.821943461894989
 The product shall have security.The product shall provide authentication  and authorization.,not about usability,not about usability,0.8439677953720093
The product shall information Security. The product shall enable privacy by encryption WS-Security and Integrity Checking.,not about usability,not about usability,0.8289713859558105
The product shall have audit capabilities.The product shall store messages for a minimum of one year for audit and transaction tracking purposes.,not about usability,not about usability,0.8227933645248413
The system must use a point and click interface. 100% of all selection and navigation functionality must be able to be activated/selected by either a mouse or a keyboard,usability,not about usability,0.8189926147460938
The interface shall be easy to use. 90% of users should be able to successfully use the system to generate a report on their first use. The interface should adhere to IBM usability standards.,usability,not about usability,0.821196973323822
Rreports must be easy to generate. eports must be generated within one button click and exported within one button click (after selecting the report),usability,not about usability,0.81740403175354
A user shall be able to use the system without instruction after a short amount of time. After one use a user should understand and remember 90% of the system usage and navigation.,usability,not about usability,0.8160215616226196
All CCR users shall receive training before the WCS system is deployed. One training session will be held for 100% of CCR users before system deployment (based on a CCR user being available),usability,not about usability,0.8230775594711304
The WCS system shall use appropriate nomenclature and terminology as defined by the Corporate Community Grants organization. All interfaces and reports will undergo usability tests by CCR users.,usability,not about usability,0.8376685380935669
The WCS system shall be run in a Windows environment. The WCS shall be accessed by users through the Internet on an IBM computer running a Windows 2000 or above operating system.,not about usability,not about usability,0.8284210562705994
The Brio portion of the WCS system must be able to export files in spreadsheet form (Microsoft Excel and Lotus 1-2-3 formats).  Brio will provide buttons in the user interface that produce/export reports in .xls or .123 file formats.,not about usability,not about usability,0.8084489107131958
The system shall only be accessed by authorized Corporate Community Grants (CCR) employees. Users must be authenticated using their IBM intranet user name and password.,not about usability,not about usability,0.830141007900238
The WCS system shall not allow automatic logins by any user. Cookies containing WCS login information about a user will not be stored on a user’s computer.,not about usability,not about usability,0.8322312831878662
Each team owner will need to use a username and password in order to be authenticated to reach the team owner’s page,not about usability,not about usability,0.8057074546813965
The Commissioner will be the only authorized user per league to adjust league settings.,not about usability,not about usability,0.8351467847824097
;A new user shall be able to navigate through the league and team pages within 30 seconds of reaching the start-up page.,usability,not about usability,0.8280881643295288
Users shall be able to reach the ‘add’  ‘drop’  and ‘trade player’ pages with one click from the team owner’s page.,usability,not about usability,0.8214155435562134
;Users shall be able to view at least 25 NFL player statistics and points on each page.,usability,not about usability,0.8287983536720276
The application shall ask the user to confirm dropping a player or trading a player before performing the action.,usability,not about usability,0.8283677697181702
The application shall be able to complete every user transaction within one fourth of a second of receiving the request over the network.,not about usability,not about usability,0.8312333822250366
The application shall run on a web application server.,not about usability,not about usability,0.8749495148658752
A primary database will be used to store cached data for active users.,not about usability,not about usability,0.8497671484947205
A secondary database will be used to store historical statistics and data.,not about usability,not about usability,0.8444141745567322
98% of the user workstations shall meet the minimum hardware requirements prior to implementation. Minimum Hard Disk Space:  400MB.,not about usability,not about usability,0.8294498920440674
98% of the user workstations shall meet the minimum software requirements prior to implementation: Microsoft Internet Explorer 5.0. Microsoft .NET Framework 1.1. Microsoft Internet Explorer Web Controls,not about usability,not about usability,0.8168756365776062
The RFS system should be able to easily interface with the BDW environment  in order to load the data. •;7 data files shall be received from the BDW and loaded into the RFS system within 3 hours one day prior to the start of budgeting process  every year. The data will be as of October month-end. ;Test files (7) shall be loaded up to 5 times throughout the year  from the BDW.,not about usability,not about usability,0.7933551669120789
Only authorized user shall access the RFS system. ONLY users that exist in the UAS system  with the RFS system assigned to their role(s)  shall access the RFS system and use it.,not about usability,not about usability,0.8022578954696655
;User access should be limited to the permissions granted to their role(s) Each level in the PCG hierarchy will be assigned a role and users will be assigned to these roles. Access to functionality within RFS system is dependent on the privileges/permission assigned to the role..,not about usability,not about usability,0.799142062664032
The users should be able to easily use the system to successfully complete their budgets  within the stipulated time for completion. With a week of training prior to product implementation  98% of the users shall complete their budgets within the stipulated time.,usability,not about usability,0.8171204328536987
The product interface should be fast. The response time of the product interface should not exceed 2 seconds 90% of the time. For 10% of the time  the response time should not be more than 10 seconds.not be more than 10 seconds.,not about usability,not about usability,0.8192434310913086
