Requirement text,Gold label,Predicated label,ZSL score
The system shall refresh the display every 60 seconds.,"not about instructive, easy, helpful, useful, learnable, explainable, affordable, intuitive, or understandable","instructive, easy, helpful, useful, learnable, explainable, affordable, intuitive, or understandable",0.4702940583229065
 If projected  the data must be readable.  On a 10x10 projection screen  90% of viewers must be able to read Event / Activity data from a viewing distance of 30,"instructive, easy, helpful, useful, learnable, explainable, affordable, intuitive, or understandable","instructive, easy, helpful, useful, learnable, explainable, affordable, intuitive, or understandable",0.6701177358627319
 If projected  the data must be understandable. On a 10x10 projection screen  90% of viewers must be able to determine that Events or Activities are occuring in current time from a viewing distance of 100,"instructive, easy, helpful, useful, learnable, explainable, affordable, intuitive, or understandable","not about instructive, easy, helpful, useful, learnable, explainable, affordable, intuitive, or understandable",0.668569028377533
The product shall ensure that it can only be accessed by authorized users.  The product will be able to distinguish between authorized and unauthorized users in all access attempts,"not about instructive, easy, helpful, useful, learnable, explainable, affordable, intuitive, or understandable","instructive, easy, helpful, useful, learnable, explainable, affordable, intuitive, or understandable",0.6847941875457764
The product shall be intuitive and self-explanatory.  :  90% of new users shall be able to start the display of Events or Activities within 90 minutes of using the product.,"instructive, easy, helpful, useful, learnable, explainable, affordable, intuitive, or understandable","instructive, easy, helpful, useful, learnable, explainable, affordable, intuitive, or understandable",0.6654531955718994
The product shall respond fast to keep up-to-date data in the display.,"not about instructive, easy, helpful, useful, learnable, explainable, affordable, intuitive, or understandable","instructive, easy, helpful, useful, learnable, explainable, affordable, intuitive, or understandable",0.5835869908332825
The system shall be used by realtors with no training.,"instructive, easy, helpful, useful, learnable, explainable, affordable, intuitive, or understandable","instructive, easy, helpful, useful, learnable, explainable, affordable, intuitive, or understandable",0.4609636664390564
The system shall be intuitive and self explanatory.,"instructive, easy, helpful, useful, learnable, explainable, affordable, intuitive, or understandable","instructive, easy, helpful, useful, learnable, explainable, affordable, intuitive, or understandable",0.401793897151947
The product shall be easy for a realtor to learn.,"instructive, easy, helpful, useful, learnable, explainable, affordable, intuitive, or understandable","not about instructive, easy, helpful, useful, learnable, explainable, affordable, intuitive, or understandable",0.44628939032554626
The product shall use symbols and words that are naturally understandable by the realtor community.,"instructive, easy, helpful, useful, learnable, explainable, affordable, intuitive, or understandable","instructive, easy, helpful, useful, learnable, explainable, affordable, intuitive, or understandable",0.5541518926620483
The product shall produce search results in an acceptable time,"not about instructive, easy, helpful, useful, learnable, explainable, affordable, intuitive, or understandable","instructive, easy, helpful, useful, learnable, explainable, affordable, intuitive, or understandable",0.44029659032821655
The search results shall be returned no later 30      seconds  after the user has entered the search criteria,"not about instructive, easy, helpful, useful, learnable, explainable, affordable, intuitive, or understandable","instructive, easy, helpful, useful, learnable, explainable, affordable, intuitive, or understandable",0.6696505546569824
The product shall generate a CMA report in an acceptable time.,"not about instructive, easy, helpful, useful, learnable, explainable, affordable, intuitive, or understandable","instructive, easy, helpful, useful, learnable, explainable, affordable, intuitive, or understandable",0.48304086923599243
The CMA report shall be returned no later 60 seconds after the user has entered the CMA report criteria.,"not about instructive, easy, helpful, useful, learnable, explainable, affordable, intuitive, or understandable","instructive, easy, helpful, useful, learnable, explainable, affordable, intuitive, or understandable",0.62723308801651
The product shall synchronize contacts and appointments in an acceptable time.,"not about instructive, easy, helpful, useful, learnable, explainable, affordable, intuitive, or understandable","instructive, easy, helpful, useful, learnable, explainable, affordable, intuitive, or understandable",0.5124399065971375
The product shall synchronize with the office system every hour.,"not about instructive, easy, helpful, useful, learnable, explainable, affordable, intuitive, or understandable","instructive, easy, helpful, useful, learnable, explainable, affordable, intuitive, or understandable",0.4805697202682495
The product shall be installed by an untrained realtor   without recourse to separately-printed instructions.,"instructive, easy, helpful, useful, learnable, explainable, affordable, intuitive, or understandable","instructive, easy, helpful, useful, learnable, explainable, affordable, intuitive, or understandable",0.6399937868118286
90% of untrained realtors shall be able to install the product on their device without printed instructions,"instructive, easy, helpful, useful, learnable, explainable, affordable, intuitive, or understandable","instructive, easy, helpful, useful, learnable, explainable, affordable, intuitive, or understandable",0.5816612839698792
Only registered realtors shall be able to access the system.,"not about instructive, easy, helpful, useful, learnable, explainable, affordable, intuitive, or understandable","instructive, easy, helpful, useful, learnable, explainable, affordable, intuitive, or understandable",0.4412846267223358
Every user of the system shall be authenticated and authorized.,"not about instructive, easy, helpful, useful, learnable, explainable, affordable, intuitive, or understandable","instructive, easy, helpful, useful, learnable, explainable, affordable, intuitive, or understandable",0.4347470998764038
The product shall prevent its data from incorrect data being introduced.,"not about instructive, easy, helpful, useful, learnable, explainable, affordable, intuitive, or understandable","instructive, easy, helpful, useful, learnable, explainable, affordable, intuitive, or understandable",0.4613887667655945
The system shall be easy to use by the Program Administrators/Nursing Staff Members.,"instructive, easy, helpful, useful, learnable, explainable, affordable, intuitive, or understandable","instructive, easy, helpful, useful, learnable, explainable, affordable, intuitive, or understandable",0.5600992441177368
All of the users shall be able to use the system after one day of training.,"instructive, easy, helpful, useful, learnable, explainable, affordable, intuitive, or understandable","instructive, easy, helpful, useful, learnable, explainable, affordable, intuitive, or understandable",0.469049870967865
The system shall help the user avoid making mistakes while scheduling classes and clinicals for the nursing students.,"instructive, easy, helpful, useful, learnable, explainable, affordable, intuitive, or understandable","instructive, easy, helpful, useful, learnable, explainable, affordable, intuitive, or understandable",0.63465416431427
The number of mistakes noted by the students shall be decreased by 50% in the first year.,"instructive, easy, helpful, useful, learnable, explainable, affordable, intuitive, or understandable","instructive, easy, helpful, useful, learnable, explainable, affordable, intuitive, or understandable",0.6289867758750916
The system shall be intuitive to the Program Administrators/Nursing Staff Members.,"instructive, easy, helpful, useful, learnable, explainable, affordable, intuitive, or understandable","instructive, easy, helpful, useful, learnable, explainable, affordable, intuitive, or understandable",0.5454034209251404
2 out of 3 Program Administrators/Nursing Staff Members shall successfully be able to use the system to manage the scheduling of classes and clinicals.,"instructive, easy, helpful, useful, learnable, explainable, affordable, intuitive, or understandable","instructive, easy, helpful, useful, learnable, explainable, affordable, intuitive, or understandable",0.649986982345581
The system shall use symbols and words that are naturally understandable by the user community.,"instructive, easy, helpful, useful, learnable, explainable, affordable, intuitive, or understandable","instructive, easy, helpful, useful, learnable, explainable, affordable, intuitive, or understandable",0.5338518619537354
The verbiage used within the system shall be consistent with Standard English and the terminology of the national Nursing Community.,"instructive, easy, helpful, useful, learnable, explainable, affordable, intuitive, or understandable","instructive, easy, helpful, useful, learnable, explainable, affordable, intuitive, or understandable",0.6346869468688965
Staff members shall be able to complete a set of tasks in a timely manner.,"not about instructive, easy, helpful, useful, learnable, explainable, affordable, intuitive, or understandable","instructive, easy, helpful, useful, learnable, explainable, affordable, intuitive, or understandable",0.5336902737617493
The response time of general student management tasks shall take no longer than 5 seconds and the response time of schedule generation shall take no longer than 30 seconds.,"not about instructive, easy, helpful, useful, learnable, explainable, affordable, intuitive, or understandable","instructive, easy, helpful, useful, learnable, explainable, affordable, intuitive, or understandable",0.6454474925994873
The system shall able to operate within a business office environment typical of the Nursing Department at DePaul University.,"not about instructive, easy, helpful, useful, learnable, explainable, affordable, intuitive, or understandable","instructive, easy, helpful, useful, learnable, explainable, affordable, intuitive, or understandable",0.6238241791725159
The system shall be used within the specifications defined by the computers used by the Program Administrators/Nursing Staff Members.,"not about instructive, easy, helpful, useful, learnable, explainable, affordable, intuitive, or understandable","instructive, easy, helpful, useful, learnable, explainable, affordable, intuitive, or understandable",0.6933867931365967
The system shall operate within the Windows XP Professional operating system.,"not about instructive, easy, helpful, useful, learnable, explainable, affordable, intuitive, or understandable","instructive, easy, helpful, useful, learnable, explainable, affordable, intuitive, or understandable",0.49266764521598816
The system shall interface with CampusConnect’s central server,"not about instructive, easy, helpful, useful, learnable, explainable, affordable, intuitive, or understandable","instructive, easy, helpful, useful, learnable, explainable, affordable, intuitive, or understandable",0.4978685975074768
The system shall interface with the faculty central server.,"not about instructive, easy, helpful, useful, learnable, explainable, affordable, intuitive, or understandable","instructive, easy, helpful, useful, learnable, explainable, affordable, intuitive, or understandable",0.46277281641960144
The system shall interface with the student master server.,"not about instructive, easy, helpful, useful, learnable, explainable, affordable, intuitive, or understandable","instructive, easy, helpful, useful, learnable, explainable, affordable, intuitive, or understandable",0.44764989614486694
We must be able to interface with any HTML browser.,"not about instructive, easy, helpful, useful, learnable, explainable, affordable, intuitive, or understandable","not about instructive, easy, helpful, useful, learnable, explainable, affordable, intuitive, or understandable",0.4155246615409851
Only authorized users shall have access to clinical site information.,"not about instructive, easy, helpful, useful, learnable, explainable, affordable, intuitive, or understandable","instructive, easy, helpful, useful, learnable, explainable, affordable, intuitive, or understandable",0.4212588965892792
Program Administrators/Nursing Staff Members are the only people who shall have access to clinical site details.,"not about instructive, easy, helpful, useful, learnable, explainable, affordable, intuitive, or understandable","instructive, easy, helpful, useful, learnable, explainable, affordable, intuitive, or understandable",0.6448527574539185
Only authorized users shall have access to students’ personal information.,"not about instructive, easy, helpful, useful, learnable, explainable, affordable, intuitive, or understandable","instructive, easy, helpful, useful, learnable, explainable, affordable, intuitive, or understandable",0.4522717297077179
Dr Susan Poslusny and Dr Julie Donalek are the only people who shall have access to students’ personal information.,"not about instructive, easy, helpful, useful, learnable, explainable, affordable, intuitive, or understandable","instructive, easy, helpful, useful, learnable, explainable, affordable, intuitive, or understandable",0.6883507370948792
Only authorized users shall have access to the portion of the system that interfaces with CampusConnect.,"not about instructive, easy, helpful, useful, learnable, explainable, affordable, intuitive, or understandable","instructive, easy, helpful, useful, learnable, explainable, affordable, intuitive, or understandable",0.5630791783332825
Fit Criterion: Dr Susan Poslusny and Karen Sysol are the only people who shall have access to the final class section scheduling for the system that interfaces with CampusConnect.,"not about instructive, easy, helpful, useful, learnable, explainable, affordable, intuitive, or understandable","instructive, easy, helpful, useful, learnable, explainable, affordable, intuitive, or understandable",0.6854115128517151
The system shall have basic data integrity checking to reduce the possibility of incorrect or invalid data being introduced.,"not about instructive, easy, helpful, useful, learnable, explainable, affordable, intuitive, or understandable","instructive, easy, helpful, useful, learnable, explainable, affordable, intuitive, or understandable",0.5759536027908325
The system shall protect private information in accordance with the organization’s information policy.,"not about instructive, easy, helpful, useful, learnable, explainable, affordable, intuitive, or understandable","instructive, easy, helpful, useful, learnable, explainable, affordable, intuitive, or understandable",0.5708408951759338
The system shall be built such that it is as secure as possible from malicious interference.,"not about instructive, easy, helpful, useful, learnable, explainable, affordable, intuitive, or understandable","not about instructive, easy, helpful, useful, learnable, explainable, affordable, intuitive, or understandable",0.5899843573570251
The system shall use the organization’s standard virus protection software to help monitor threats to itself.,"not about instructive, easy, helpful, useful, learnable, explainable, affordable, intuitive, or understandable","instructive, easy, helpful, useful, learnable, explainable, affordable, intuitive, or understandable",0.5851619243621826
The list of dispute cases that are displayed after a search is performed must be color coded for easy identification of dispute cases based upon the dispute case status.,"instructive, easy, helpful, useful, learnable, explainable, affordable, intuitive, or understandable","instructive, easy, helpful, useful, learnable, explainable, affordable, intuitive, or understandable",0.6648646593093872
100% of the cardmember and merchant services representatives shall use the Disputes application regularly after a 2-day training course.,"instructive, easy, helpful, useful, learnable, explainable, affordable, intuitive, or understandable","instructive, easy, helpful, useful, learnable, explainable, affordable, intuitive, or understandable",0.6471139192581177
100% of cardmember services representatives shall be able to successfully create a dispute case on the first encounter after completing the training course.,"instructive, easy, helpful, useful, learnable, explainable, affordable, intuitive, or understandable","instructive, easy, helpful, useful, learnable, explainable, affordable, intuitive, or understandable",0.6763750910758972
100% of merchant services representatives shall be able to successfully perform a follow up action on a dispute case on the first encounter after completing the training course.,"instructive, easy, helpful, useful, learnable, explainable, affordable, intuitive, or understandable","instructive, easy, helpful, useful, learnable, explainable, affordable, intuitive, or understandable",0.6603226661682129
The maximum wait time for a user navigating from one screen to another within the Disputes application shall be no more than 5 seconds.,"not about instructive, easy, helpful, useful, learnable, explainable, affordable, intuitive, or understandable","instructive, easy, helpful, useful, learnable, explainable, affordable, intuitive, or understandable",0.663926362991333
The Disputes application shall support 350 concurrent users without any degradation of performance in the application.,"not about instructive, easy, helpful, useful, learnable, explainable, affordable, intuitive, or understandable","instructive, easy, helpful, useful, learnable, explainable, affordable, intuitive, or understandable",0.6050375699996948
 The Disputes application shall be available 24x7x365  with the exception of the following scheduled maintenance windows.  Monday – Saturday 3:00am to 4:00am EST Sunday 1:00amd to 5:00am EST,"not about instructive, easy, helpful, useful, learnable, explainable, affordable, intuitive, or understandable","instructive, easy, helpful, useful, learnable, explainable, affordable, intuitive, or understandable",0.624031662940979
The Disputes application shall interface with the Statement Database. The Statement Database provides the transaction details to the Disputes System. All transaction details must be obtained from the Statement Database,"not about instructive, easy, helpful, useful, learnable, explainable, affordable, intuitive, or understandable","instructive, easy, helpful, useful, learnable, explainable, affordable, intuitive, or understandable",0.726889431476593
The Disputes application shall interface with the Cardmember Information Database.  The Cardmember Information Database provides detailed information with regard to a cardmember.  All cardmember detail information must be obtained from the Cardmember Information Database.,"not about instructive, easy, helpful, useful, learnable, explainable, affordable, intuitive, or understandable","instructive, easy, helpful, useful, learnable, explainable, affordable, intuitive, or understandable",0.6220699548721313
The Disputes applications shall interface with the Merchant Information Database.  The Merchant Information Database provides detailed information with regard to the merchant. All merchant detail information shall be obtained from the Merchant Information Database.,"not about instructive, easy, helpful, useful, learnable, explainable, affordable, intuitive, or understandable","instructive, easy, helpful, useful, learnable, explainable, affordable, intuitive, or understandable",0.6084915995597839
The Disputes application shall interface with the Letters application.  This will allow the Disputes application to request letters as part of the dispute initiation and dispute follow up process. All letter requests must be sent to the Print Letter Utility application.,"not about instructive, easy, helpful, useful, learnable, explainable, affordable, intuitive, or understandable","not about instructive, easy, helpful, useful, learnable, explainable, affordable, intuitive, or understandable",0.677829921245575
The Disputes application shall interface with the Cardmember Posting and Billing System.  This will allow the Disputes application to request adjustments to cardmember and merchant’s accounts. All adjustment requests must be sent to the Cardmember Posting and Billing System.,"not about instructive, easy, helpful, useful, learnable, explainable, affordable, intuitive, or understandable","instructive, easy, helpful, useful, learnable, explainable, affordable, intuitive, or understandable",0.6492170095443726
The Disputes application shall ensure that only users with the appropriate access level are allowed to initiate dispute requests.,"not about instructive, easy, helpful, useful, learnable, explainable, affordable, intuitive, or understandable","instructive, easy, helpful, useful, learnable, explainable, affordable, intuitive, or understandable",0.6960084438323975
Only users with Update access must be able to initiate dispute requests.,"not about instructive, easy, helpful, useful, learnable, explainable, affordable, intuitive, or understandable","instructive, easy, helpful, useful, learnable, explainable, affordable, intuitive, or understandable",0.4734063148498535
The Disputes application shall ensure that only authorized users are allowed to logon to the application.,"not about instructive, easy, helpful, useful, learnable, explainable, affordable, intuitive, or understandable","instructive, easy, helpful, useful, learnable, explainable, affordable, intuitive, or understandable",0.5982897877693176
 All authorized users  once authenticated must be able to logon to the Disputes System,"not about instructive, easy, helpful, useful, learnable, explainable, affordable, intuitive, or understandable","instructive, easy, helpful, useful, learnable, explainable, affordable, intuitive, or understandable",0.5350887775421143
The Disputes System shall generate a User Report that details any new users that have been added and any changes to an existing user’s access level.  The report will be reviewed for auditing purposes.,"not about instructive, easy, helpful, useful, learnable, explainable, affordable, intuitive, or understandable","not about instructive, easy, helpful, useful, learnable, explainable, affordable, intuitive, or understandable",0.660695493221283
All additions of new users and modifications to user’s access shall be recorded on the User Report.,"not about instructive, easy, helpful, useful, learnable, explainable, affordable, intuitive, or understandable","instructive, easy, helpful, useful, learnable, explainable, affordable, intuitive, or understandable",0.6263184547424316
 If a user account is revoked  it can only be re-instantiated by the System Administrator.,"not about instructive, easy, helpful, useful, learnable, explainable, affordable, intuitive, or understandable","instructive, easy, helpful, useful, learnable, explainable, affordable, intuitive, or understandable",0.6218627095222473
Only the System Administrator shall be able to reset a revoked user logon account,"not about instructive, easy, helpful, useful, learnable, explainable, affordable, intuitive, or understandable","instructive, easy, helpful, useful, learnable, explainable, affordable, intuitive, or understandable",0.5383598208427429
The Disputes application shall manipulate and view business data. Users will not have direct access to data files or databases.,"not about instructive, easy, helpful, useful, learnable, explainable, affordable, intuitive, or understandable","instructive, easy, helpful, useful, learnable, explainable, affordable, intuitive, or understandable",0.6352568864822388
All updates to data files or database must be initiated from the Disputes System.,"not about instructive, easy, helpful, useful, learnable, explainable, affordable, intuitive, or understandable","instructive, easy, helpful, useful, learnable, explainable, affordable, intuitive, or understandable",0.5340899229049683
The product must support Internet Explorer 5.5 and above.,"not about instructive, easy, helpful, useful, learnable, explainable, affordable, intuitive, or understandable","instructive, easy, helpful, useful, learnable, explainable, affordable, intuitive, or understandable",0.4598105251789093
The product must support Mozilla Firefox 1.0 and above.,"not about instructive, easy, helpful, useful, learnable, explainable, affordable, intuitive, or understandable","instructive, easy, helpful, useful, learnable, explainable, affordable, intuitive, or understandable",0.5489578247070312
The product shall interface with the Choice Parts System.  This provides the feed of recycled parts data.,"not about instructive, easy, helpful, useful, learnable, explainable, affordable, intuitive, or understandable","instructive, easy, helpful, useful, learnable, explainable, affordable, intuitive, or understandable",0.6420707702636719
The product shall run on the existing hardware for all environments.,"not about instructive, easy, helpful, useful, learnable, explainable, affordable, intuitive, or understandable","instructive, easy, helpful, useful, learnable, explainable, affordable, intuitive, or understandable",0.46744996309280396
The product shall adhere to the corporate Architecture guidelines,"not about instructive, easy, helpful, useful, learnable, explainable, affordable, intuitive, or understandable","instructive, easy, helpful, useful, learnable, explainable, affordable, intuitive, or understandable",0.42921268939971924
The product shall be easy to use by Adjusters and Collision Estimators.  95% of Adjusters and Collision Estimators shall find the product easy to use.,"instructive, easy, helpful, useful, learnable, explainable, affordable, intuitive, or understandable","instructive, easy, helpful, useful, learnable, explainable, affordable, intuitive, or understandable",0.6364225149154663
The product shall increase productivity of Collision Estimators. 80% of the Collision Estimators shall agree their productivity has increase within 1 month of using the product.,"instructive, easy, helpful, useful, learnable, explainable, affordable, intuitive, or understandable","instructive, easy, helpful, useful, learnable, explainable, affordable, intuitive, or understandable",0.6898813247680664
Users shall feel satisfied using the product.  85% of all users will be satisfied with the product.,"instructive, easy, helpful, useful, learnable, explainable, affordable, intuitive, or understandable","instructive, easy, helpful, useful, learnable, explainable, affordable, intuitive, or understandable",0.6251283884048462
The product shall be easy to learn by Adjusters and Collision Estimators.  The product shall be learned with two days onsite training,"instructive, easy, helpful, useful, learnable, explainable, affordable, intuitive, or understandable","instructive, easy, helpful, useful, learnable, explainable, affordable, intuitive, or understandable",0.721534252166748
The user shall easily locate instructions while using the product.  User help can be found within 90% of the system.,"instructive, easy, helpful, useful, learnable, explainable, affordable, intuitive, or understandable","instructive, easy, helpful, useful, learnable, explainable, affordable, intuitive, or understandable",0.6064976453781128
The search for recycled parts shall take no longer than 15 seconds.  The search results shall be returned in under 15 seconds.,"not about instructive, easy, helpful, useful, learnable, explainable, affordable, intuitive, or understandable","instructive, easy, helpful, useful, learnable, explainable, affordable, intuitive, or understandable",0.645931601524353
The search for the preferred repair facility shall take no longer than 8 seconds.  The preferred repair facility is returned within 8 seconds,"not about instructive, easy, helpful, useful, learnable, explainable, affordable, intuitive, or understandable","instructive, easy, helpful, useful, learnable, explainable, affordable, intuitive, or understandable",0.6741048097610474
The recycled parts audit report shall be returned to the user within 10 seconds.  The audit report shall be returned within 10 seconds.,"not about instructive, easy, helpful, useful, learnable, explainable, affordable, intuitive, or understandable","instructive, easy, helpful, useful, learnable, explainable, affordable, intuitive, or understandable",0.7074509859085083
The preferred repair facility ratings shall be saved within 5 seconds. The save shall occur within 5 seconds.,"not about instructive, easy, helpful, useful, learnable, explainable, affordable, intuitive, or understandable","instructive, easy, helpful, useful, learnable, explainable, affordable, intuitive, or understandable",0.6442909240722656
 For estimators  the product shall be able to be operated in a repair facility during dirty and noisy conditions.,"not about instructive, easy, helpful, useful, learnable, explainable, affordable, intuitive, or understandable","instructive, easy, helpful, useful, learnable, explainable, affordable, intuitive, or understandable",0.6469814777374268
The product shall interface with the ChoiceParts system once per day at approximately 1:00 AM.,"not about instructive, easy, helpful, useful, learnable, explainable, affordable, intuitive, or understandable","instructive, easy, helpful, useful, learnable, explainable, affordable, intuitive, or understandable",0.6480203866958618
The maintenance of the product will fall within the established corporate maintenance windows.,"not about instructive, easy, helpful, useful, learnable, explainable, affordable, intuitive, or understandable","instructive, easy, helpful, useful, learnable, explainable, affordable, intuitive, or understandable",0.528327226638794
The product shall be supported using the corporate support center.,"not about instructive, easy, helpful, useful, learnable, explainable, affordable, intuitive, or understandable","instructive, easy, helpful, useful, learnable, explainable, affordable, intuitive, or understandable",0.4580448269844055
Product installations and upgrades shall be handled by the middleware technology team within established launch time frames.,"not about instructive, easy, helpful, useful, learnable, explainable, affordable, intuitive, or understandable","instructive, easy, helpful, useful, learnable, explainable, affordable, intuitive, or understandable",0.6765649914741516
Only adjusters can request recycled parts audit reports. No users without an adjuster role shall request recycled parts audits.,"not about instructive, easy, helpful, useful, learnable, explainable, affordable, intuitive, or understandable","instructive, easy, helpful, useful, learnable, explainable, affordable, intuitive, or understandable",0.6090012192726135
Only adjusters with a supervisor role can update preferred repair facility ratings. Users without the supervisor role cannot access the repair facility ratings.,"not about instructive, easy, helpful, useful, learnable, explainable, affordable, intuitive, or understandable","instructive, easy, helpful, useful, learnable, explainable, affordable, intuitive, or understandable",0.6627523899078369
Only collision estimators shall search for recycled parts.  Users without the collision estimator role shall not have access to the search for recycled parts.,"not about instructive, easy, helpful, useful, learnable, explainable, affordable, intuitive, or understandable","instructive, easy, helpful, useful, learnable, explainable, affordable, intuitive, or understandable",0.6573116183280945
Only valid data shall be entered into the system.  No invalid data shall be entered into the system.,"not about instructive, easy, helpful, useful, learnable, explainable, affordable, intuitive, or understandable","instructive, easy, helpful, useful, learnable, explainable, affordable, intuitive, or understandable",0.6418639421463013
One insurance company shall not be able to view another insurance companys claim data.,"not about instructive, easy, helpful, useful, learnable, explainable, affordable, intuitive, or understandable","instructive, easy, helpful, useful, learnable, explainable, affordable, intuitive, or understandable",0.5779447555541992
The product shall free of computer viruses.,"not about instructive, easy, helpful, useful, learnable, explainable, affordable, intuitive, or understandable","instructive, easy, helpful, useful, learnable, explainable, affordable, intuitive, or understandable",0.4089536666870117
The system shall prevent malicious attacks including denial of service.,"not about instructive, easy, helpful, useful, learnable, explainable, affordable, intuitive, or understandable","instructive, easy, helpful, useful, learnable, explainable, affordable, intuitive, or understandable",0.5110033750534058
 The product must work with most database management systems (DBMS) on the market  whether the DBMS is colocated with the product on the same machine or is located on a different machine on the computer network.,"not about instructive, easy, helpful, useful, learnable, explainable, affordable, intuitive, or understandable","not about instructive, easy, helpful, useful, learnable, explainable, affordable, intuitive, or understandable",0.6384819746017456
The product will function alongside server software on any operating system where the Java runtime can be installed.,"not about instructive, easy, helpful, useful, learnable, explainable, affordable, intuitive, or understandable","instructive, easy, helpful, useful, learnable, explainable, affordable, intuitive, or understandable",0.6121693849563599
The product will require collaboration with a database management system (DBMS).  The DBMS may be located on the same machine as the product or on a separate machine residing on the same computer network.,"not about instructive, easy, helpful, useful, learnable, explainable, affordable, intuitive, or understandable","not about instructive, easy, helpful, useful, learnable, explainable, affordable, intuitive, or understandable",0.66607666015625
 The product must make use of web/application server technology.  Open source examples include Apache web server  Tomcat  and the JBoss application server.,"not about instructive, easy, helpful, useful, learnable, explainable, affordable, intuitive, or understandable","instructive, easy, helpful, useful, learnable, explainable, affordable, intuitive, or understandable",0.6416220664978027
 A database management system such as Oracle  DB2  MySql or HSQL will need to be integrated with the product.,"not about instructive, easy, helpful, useful, learnable, explainable, affordable, intuitive, or understandable","instructive, easy, helpful, useful, learnable, explainable, affordable, intuitive, or understandable",0.6857467889785767
The product shall make the users want to use it. 80% of the users surveyed report they are regularly using the product after the first 2 weeks post-launch.,"instructive, easy, helpful, useful, learnable, explainable, affordable, intuitive, or understandable","not about instructive, easy, helpful, useful, learnable, explainable, affordable, intuitive, or understandable",0.6023131608963013
The product shall be easy to use. 90% of users will be able to successfully reserve a conference room within 5 minutes of product use.,"instructive, easy, helpful, useful, learnable, explainable, affordable, intuitive, or understandable","instructive, easy, helpful, useful, learnable, explainable, affordable, intuitive, or understandable",0.6031495332717896
The product shall give users feedback when necessary. 80% of the users surveyed report that the product accurately confirms their actions.,"instructive, easy, helpful, useful, learnable, explainable, affordable, intuitive, or understandable","instructive, easy, helpful, useful, learnable, explainable, affordable, intuitive, or understandable",0.6262935996055603
The product shall allow the user to select a chosen language from one of the target market countries.,"instructive, easy, helpful, useful, learnable, explainable, affordable, intuitive, or understandable","instructive, easy, helpful, useful, learnable, explainable, affordable, intuitive, or understandable",0.5909278392791748
The product shall allow for customization of start page and views preferences.,"instructive, easy, helpful, useful, learnable, explainable, affordable, intuitive, or understandable","instructive, easy, helpful, useful, learnable, explainable, affordable, intuitive, or understandable",0.47786468267440796
 An employee will be able to successfully use the product within a few minutes.  After informally navigating the product for less than 15 minutes  users shall be able to successfully setup meetings and reserve conference rooms.,"instructive, easy, helpful, useful, learnable, explainable, affordable, intuitive, or understandable","instructive, easy, helpful, useful, learnable, explainable, affordable, intuitive, or understandable",0.6519350409507751
The product shall use a standard navigation menu familiar to most web users.,"instructive, easy, helpful, useful, learnable, explainable, affordable, intuitive, or understandable","instructive, easy, helpful, useful, learnable, explainable, affordable, intuitive, or understandable",0.5145636200904846
The product shall allow for intuitive searching of available conference rooms.,"instructive, easy, helpful, useful, learnable, explainable, affordable, intuitive, or understandable","instructive, easy, helpful, useful, learnable, explainable, affordable, intuitive, or understandable",0.4589611291885376
The product shall conform to the Americans with Disabilities Act.,"instructive, easy, helpful, useful, learnable, explainable, affordable, intuitive, or understandable","instructive, easy, helpful, useful, learnable, explainable, affordable, intuitive, or understandable",0.4865867495536804
The response shall be fast enough to avoid interrupting the user’s flow of thought.  90% of tasks shall complete within 5 seconds.  98% of tasks shall complete within 8 seconds.,"not about instructive, easy, helpful, useful, learnable, explainable, affordable, intuitive, or understandable","instructive, easy, helpful, useful, learnable, explainable, affordable, intuitive, or understandable",0.6325236558914185
The product shall be used in office environments.,"not about instructive, easy, helpful, useful, learnable, explainable, affordable, intuitive, or understandable","instructive, easy, helpful, useful, learnable, explainable, affordable, intuitive, or understandable",0.42971593141555786
The product must be able to interface with any HTML browser.  The product shall transmit data between the user and the product without problems. The product shall display HTML properly in 80% of all HTML browsers tested (minimum is to test 8 browsers).,"not about instructive, easy, helpful, useful, learnable, explainable, affordable, intuitive, or understandable","not about instructive, easy, helpful, useful, learnable, explainable, affordable, intuitive, or understandable",0.634325385093689
The product must be able to interface with various database management systems. The product shall communicate successfully with the database management system on 100% of all transactions.,"not about instructive, easy, helpful, useful, learnable, explainable, affordable, intuitive, or understandable","instructive, easy, helpful, useful, learnable, explainable, affordable, intuitive, or understandable",0.6627380847930908
The product must be able to interface with various email servers. The product shall be able to send email.,"not about instructive, easy, helpful, useful, learnable, explainable, affordable, intuitive, or understandable","instructive, easy, helpful, useful, learnable, explainable, affordable, intuitive, or understandable",0.536005973815918
The product shall be available for distribution via the Internet as a binary or ZIP file.,"not about instructive, easy, helpful, useful, learnable, explainable, affordable, intuitive, or understandable","instructive, easy, helpful, useful, learnable, explainable, affordable, intuitive, or understandable",0.6373193860054016
The product shall be available for distribution as a packaged CD.,"not about instructive, easy, helpful, useful, learnable, explainable, affordable, intuitive, or understandable","instructive, easy, helpful, useful, learnable, explainable, affordable, intuitive, or understandable",0.4635900855064392
 The product will be available for licensing as a one-server  two-five servers  or five-or-more servers license.,"not about instructive, easy, helpful, useful, learnable, explainable, affordable, intuitive, or understandable","instructive, easy, helpful, useful, learnable, explainable, affordable, intuitive, or understandable",0.6726309061050415
A new user must be able to be added to the system within 10 minutes.  90% of new users are able to log into the system within 10 minutes.,"instructive, easy, helpful, useful, learnable, explainable, affordable, intuitive, or understandable","not about instructive, easy, helpful, useful, learnable, explainable, affordable, intuitive, or understandable",0.5791022181510925
Every registered user will have access to the product’s support site via the Internet.  70% of registered users shall find a solution to their problem within 5 minutes of using the support site.,"instructive, easy, helpful, useful, learnable, explainable, affordable, intuitive, or understandable","not about instructive, easy, helpful, useful, learnable, explainable, affordable, intuitive, or understandable",0.6109744310379028
 The product shall be translated into foreign languages other than the target market countries’ languages in future releases.  For each emerging target market  it shall take no more than 5 days to configure the product for that market’s language.,"instructive, easy, helpful, useful, learnable, explainable, affordable, intuitive, or understandable","instructive, easy, helpful, useful, learnable, explainable, affordable, intuitive, or understandable",0.6401283740997314
 The product is expected to integrate with multiple database management systems.  The product will operate with Oracle  SQL Server  DB2  MySQL  HSQL  and MS Access.,"not about instructive, easy, helpful, useful, learnable, explainable, affordable, intuitive, or understandable","instructive, easy, helpful, useful, learnable, explainable, affordable, intuitive, or understandable",0.5977758765220642
The product shall be able to be installed in any operating environment within 2 days.,"not about instructive, easy, helpful, useful, learnable, explainable, affordable, intuitive, or understandable","instructive, easy, helpful, useful, learnable, explainable, affordable, intuitive, or understandable",0.5579401850700378
The product shall ensure that only company employees or external users with company-approved user IDs may have product access.  100% of all logons shall be by either company employees or external users with company-approved user IDs.,"not about instructive, easy, helpful, useful, learnable, explainable, affordable, intuitive, or understandable","instructive, easy, helpful, useful, learnable, explainable, affordable, intuitive, or understandable",0.6289661526679993
Only managers are able to perform search queries for reservations by user.  100% of all search queries for reservations by user shall be from logons of only management logons.,"not about instructive, easy, helpful, useful, learnable, explainable, affordable, intuitive, or understandable","instructive, easy, helpful, useful, learnable, explainable, affordable, intuitive, or understandable",0.5833337306976318
The product shall ensure that the database’s data corresponds to the data entered by the user.  Each conference room reservation in the system will contain the same information as was entered by the user.,"not about instructive, easy, helpful, useful, learnable, explainable, affordable, intuitive, or understandable","not about instructive, easy, helpful, useful, learnable, explainable, affordable, intuitive, or understandable",0.6639533042907715
The product shall prevent the input of malicious data.  The product and/or adjacent hardware/software systems’ data shall remain 100% uncorrupted each time malicious data is input into the product.,"not about instructive, easy, helpful, useful, learnable, explainable, affordable, intuitive, or understandable","instructive, easy, helpful, useful, learnable, explainable, affordable, intuitive, or understandable",0.6366069316864014
The product shall have the ability to receive automatic software updates as new threats emerge.  100% of customers will be able to receive automatic software updates transmitted to the installed product.,"not about instructive, easy, helpful, useful, learnable, explainable, affordable, intuitive, or understandable","not about instructive, easy, helpful, useful, learnable, explainable, affordable, intuitive, or understandable",0.6272726058959961
The product shall be able to display calendar dates and times according to the user’s locale.  90% of survey respondents from each target market country will find that the date and time formatting of the product is correct.,"instructive, easy, helpful, useful, learnable, explainable, affordable, intuitive, or understandable","not about instructive, easy, helpful, useful, learnable, explainable, affordable, intuitive, or understandable",0.6335411071777344
The product must be developed with the J2SE/J2EE programming language libraries,"not about instructive, easy, helpful, useful, learnable, explainable, affordable, intuitive, or understandable","instructive, easy, helpful, useful, learnable, explainable, affordable, intuitive, or understandable",0.6198970079421997
Recreation of Inventory Quantity Adjustment for the period of previous 30 days shall take no more than 30min.,"not about instructive, easy, helpful, useful, learnable, explainable, affordable, intuitive, or understandable","instructive, easy, helpful, useful, learnable, explainable, affordable, intuitive, or understandable",0.6570072770118713
The System shall allow for a minimum of  6 users to work at the same time.,"not about instructive, easy, helpful, useful, learnable, explainable, affordable, intuitive, or understandable","not about instructive, easy, helpful, useful, learnable, explainable, affordable, intuitive, or understandable",0.6005434989929199
The System shall utilize currently owned computer equipment.,"not about instructive, easy, helpful, useful, learnable, explainable, affordable, intuitive, or understandable","instructive, easy, helpful, useful, learnable, explainable, affordable, intuitive, or understandable",0.4616050124168396
The System shall be able to automatically backup business data and restore them on demand.,"not about instructive, easy, helpful, useful, learnable, explainable, affordable, intuitive, or understandable","instructive, easy, helpful, useful, learnable, explainable, affordable, intuitive, or understandable",0.5257198810577393
The System shall maintain consistent security.  Any changes in user passwords and/or permissions should take affect in all parts of the System.,"not about instructive, easy, helpful, useful, learnable, explainable, affordable, intuitive, or understandable","instructive, easy, helpful, useful, learnable, explainable, affordable, intuitive, or understandable",0.6690511703491211
The System shall granularly control access rights to all major subsystems.  It should be possible to assign access rights to all subsystems independently.,"not about instructive, easy, helpful, useful, learnable, explainable, affordable, intuitive, or understandable","instructive, easy, helpful, useful, learnable, explainable, affordable, intuitive, or understandable",0.6481508016586304
The System shall not require additional third party licenses resulting in royalty fees.,"not about instructive, easy, helpful, useful, learnable, explainable, affordable, intuitive, or understandable","instructive, easy, helpful, useful, learnable, explainable, affordable, intuitive, or understandable",0.5585998892784119
Administrator shall be able to activate a pre-paid card via the Administration section in under 5 seconds.,"not about instructive, easy, helpful, useful, learnable, explainable, affordable, intuitive, or understandable","instructive, easy, helpful, useful, learnable, explainable, affordable, intuitive, or understandable",0.6688998937606812
 Customer shall be able to check the status of their prepaid card  by entering in the PIN number  in under 5 seconds.,"not about instructive, easy, helpful, useful, learnable, explainable, affordable, intuitive, or understandable","instructive, easy, helpful, useful, learnable, explainable, affordable, intuitive, or understandable",0.6447446346282959
System shall let customers register on the website as a “pay as you go” user in under 5 minutes.,"not about instructive, easy, helpful, useful, learnable, explainable, affordable, intuitive, or understandable","instructive, easy, helpful, useful, learnable, explainable, affordable, intuitive, or understandable",0.6557359099388123
System shall let customers register on the website as a “unlimited movie subscriber” user in under 10 minutes.,"not about instructive, easy, helpful, useful, learnable, explainable, affordable, intuitive, or understandable","instructive, easy, helpful, useful, learnable, explainable, affordable, intuitive, or understandable",0.6378347873687744
System shall let existing customers log into the website with their email address and password in under 5 seconds.,"not about instructive, easy, helpful, useful, learnable, explainable, affordable, intuitive, or understandable","instructive, easy, helpful, useful, learnable, explainable, affordable, intuitive, or understandable",0.5863685607910156
 System shall let customers cancel their account  process shall take no longer than 2 minutes.  Database will mark the account as inactive  and user will not be able to log into the website.,"not about instructive, easy, helpful, useful, learnable, explainable, affordable, intuitive, or understandable","not about instructive, easy, helpful, useful, learnable, explainable, affordable, intuitive, or understandable",0.6839050650596619
System shall let administrator de-activate a customer account in under 1 minute. Customer will no longer be able to access the website.,"not about instructive, easy, helpful, useful, learnable, explainable, affordable, intuitive, or understandable","instructive, easy, helpful, useful, learnable, explainable, affordable, intuitive, or understandable",0.643065333366394
System shall let administrator add/remove movies on the website in under 5 minutes.  Entered movie information will be stored in the database and will now be available on the website.,"not about instructive, easy, helpful, useful, learnable, explainable, affordable, intuitive, or understandable","instructive, easy, helpful, useful, learnable, explainable, affordable, intuitive, or understandable",0.6597729921340942
System shall let the administrator add/remove categories on the website in under 5 minutes.,"not about instructive, easy, helpful, useful, learnable, explainable, affordable, intuitive, or understandable","instructive, easy, helpful, useful, learnable, explainable, affordable, intuitive, or understandable",0.5964998006820679
System shall let Izogn Manager access sales and usage statistics in under 2 minutes.,"not about instructive, easy, helpful, useful, learnable, explainable, affordable, intuitive, or understandable","instructive, easy, helpful, useful, learnable, explainable, affordable, intuitive, or understandable",0.5676800608634949
System shall let administrators generate unique pre-paid pins in under 2 minutes and generate an Excel file with the generated PINs.,"not about instructive, easy, helpful, useful, learnable, explainable, affordable, intuitive, or understandable","instructive, easy, helpful, useful, learnable, explainable, affordable, intuitive, or understandable",0.7035222053527832
The product should be able to be used by 90% of novice users on the Internet.,"instructive, easy, helpful, useful, learnable, explainable, affordable, intuitive, or understandable","instructive, easy, helpful, useful, learnable, explainable, affordable, intuitive, or understandable",0.5558941960334778
 Users should only have to navigate through a maximum of 4 pages  to create an account with the website.,"instructive, easy, helpful, useful, learnable, explainable, affordable, intuitive, or understandable","instructive, easy, helpful, useful, learnable, explainable, affordable, intuitive, or understandable",0.5501783490180969
Users should be able to access their streaming movies in under 2 clicks after logging into the website.,"instructive, easy, helpful, useful, learnable, explainable, affordable, intuitive, or understandable","instructive, easy, helpful, useful, learnable, explainable, affordable, intuitive, or understandable",0.5791215896606445
An anonymous survey will show that 70% of customers are comfortable purchasing streaming movies after 2 weeks using the website.,"instructive, easy, helpful, useful, learnable, explainable, affordable, intuitive, or understandable","instructive, easy, helpful, useful, learnable, explainable, affordable, intuitive, or understandable",0.6281282305717468
An anonymous survey will show that 95% of customers are comfortable using and purchasing pre-paid cards after a month of using the system.,"instructive, easy, helpful, useful, learnable, explainable, affordable, intuitive, or understandable","not about instructive, easy, helpful, useful, learnable, explainable, affordable, intuitive, or understandable",0.6479246616363525
The product shall retain the customer’s buying preferences and information.,"instructive, easy, helpful, useful, learnable, explainable, affordable, intuitive, or understandable","instructive, easy, helpful, useful, learnable, explainable, affordable, intuitive, or understandable",0.5616536140441895
The product shall be easy for customers with novice skills on the  Internet to purchase and watch streaming movies.  Customers should be able to purchase and watch a pre-determined movie in under 3 minutes.,"instructive, easy, helpful, useful, learnable, explainable, affordable, intuitive, or understandable","not about instructive, easy, helpful, useful, learnable, explainable, affordable, intuitive, or understandable",0.629386305809021
The product shall use symbols and words that are naturally understandable by users familiar with websites,"instructive, easy, helpful, useful, learnable, explainable, affordable, intuitive, or understandable","instructive, easy, helpful, useful, learnable, explainable, affordable, intuitive, or understandable",0.5720947980880737
The website will use standard Internet conventions when interacting with the user.,"instructive, easy, helpful, useful, learnable, explainable, affordable, intuitive, or understandable","instructive, easy, helpful, useful, learnable, explainable, affordable, intuitive, or understandable",0.49612557888031006
 Any interface between a user and the automated system shall have a maximum response time of 5 seconds  unless noted by an exception below.,"not about instructive, easy, helpful, useful, learnable, explainable, affordable, intuitive, or understandable","instructive, easy, helpful, useful, learnable, explainable, affordable, intuitive, or understandable",0.6566656827926636
 When purchasing a streaming movie or pre-paid card via credit card  the processing time should have a maximum response time of 15 seconds.,"not about instructive, easy, helpful, useful, learnable, explainable, affordable, intuitive, or understandable","instructive, easy, helpful, useful, learnable, explainable, affordable, intuitive, or understandable",0.698835015296936
 When streaming a movie  the buffering time should take no longer than 10 seconds (plus any latency on the user’s connection.),"not about instructive, easy, helpful, useful, learnable, explainable, affordable, intuitive, or understandable","instructive, easy, helpful, useful, learnable, explainable, affordable, intuitive, or understandable",0.7144911289215088
 While streaming a movie  buffering should only occur if there is latency in the user’s connection.,"not about instructive, easy, helpful, useful, learnable, explainable, affordable, intuitive, or understandable","instructive, easy, helpful, useful, learnable, explainable, affordable, intuitive, or understandable",0.623524010181427
 All credit card information will be secured on the server  and only accessible by authorized Izogn administrators.  Information will be encrypted in the database.,"not about instructive, easy, helpful, useful, learnable, explainable, affordable, intuitive, or understandable","instructive, easy, helpful, useful, learnable, explainable, affordable, intuitive, or understandable",0.7268667817115784
All aspects of the website shall be accessed by a web browser over the Internet.,"not about instructive, easy, helpful, useful, learnable, explainable, affordable, intuitive, or understandable","instructive, easy, helpful, useful, learnable, explainable, affordable, intuitive, or understandable",0.5530031323432922
The same hardware supporting the current website will be used to support the new system.,"not about instructive, easy, helpful, useful, learnable, explainable, affordable, intuitive, or understandable","not about instructive, easy, helpful, useful, learnable, explainable, affordable, intuitive, or understandable",0.5405052900314331
 We must be able to interface with the following browsers: IE 5.X  6.0  Netscape 6.x  7.x  8.x and Firefox 1.0.,"not about instructive, easy, helpful, useful, learnable, explainable, affordable, intuitive, or understandable","instructive, easy, helpful, useful, learnable, explainable, affordable, intuitive, or understandable",0.6070963740348816
Website must interface with the CyberSource API to process credit card transactions.,"not about instructive, easy, helpful, useful, learnable, explainable, affordable, intuitive, or understandable","instructive, easy, helpful, useful, learnable, explainable, affordable, intuitive, or understandable",0.5724843144416809
Website must be fully operational with MSN TV2.,"not about instructive, easy, helpful, useful, learnable, explainable, affordable, intuitive, or understandable","instructive, easy, helpful, useful, learnable, explainable, affordable, intuitive, or understandable",0.4613772928714752
Movies shall be encoded and streamed via Windows Media Player 9.0.,"not about instructive, easy, helpful, useful, learnable, explainable, affordable, intuitive, or understandable","instructive, easy, helpful, useful, learnable, explainable, affordable, intuitive, or understandable",0.535800576210022
Movies shall be encoded for 56k and 256k streams.,"not about instructive, easy, helpful, useful, learnable, explainable, affordable, intuitive, or understandable","instructive, easy, helpful, useful, learnable, explainable, affordable, intuitive, or understandable",0.5029360055923462
Izogn Administrator must be able to update the category listings on the website within 2 minutes.,"not about instructive, easy, helpful, useful, learnable, explainable, affordable, intuitive, or understandable","instructive, easy, helpful, useful, learnable, explainable, affordable, intuitive, or understandable",0.609015941619873
Izogn Administrator must be able to add new products to the website within 2 minutes.,"not about instructive, easy, helpful, useful, learnable, explainable, affordable, intuitive, or understandable","instructive, easy, helpful, useful, learnable, explainable, affordable, intuitive, or understandable",0.5543653964996338
The website will provide a help section with answers and solutions to common problems.,"instructive, easy, helpful, useful, learnable, explainable, affordable, intuitive, or understandable","not about instructive, easy, helpful, useful, learnable, explainable, affordable, intuitive, or understandable",0.4840817451477051
The product shall be able to be installed in the specified environment within 1 working day.,"not about instructive, easy, helpful, useful, learnable, explainable, affordable, intuitive, or understandable","instructive, easy, helpful, useful, learnable, explainable, affordable, intuitive, or understandable",0.5460447072982788
Only registered customers can purchase streaming movies.,"not about instructive, easy, helpful, useful, learnable, explainable, affordable, intuitive, or understandable","instructive, easy, helpful, useful, learnable, explainable, affordable, intuitive, or understandable",0.36134839057922363
 A customer can only stream a movie if they purchased it  and are within the 2 day viewing period.,"not about instructive, easy, helpful, useful, learnable, explainable, affordable, intuitive, or understandable","instructive, easy, helpful, useful, learnable, explainable, affordable, intuitive, or understandable",0.6393022537231445
Only authorized personnel can access customer records in the database.,"not about instructive, easy, helpful, useful, learnable, explainable, affordable, intuitive, or understandable","instructive, easy, helpful, useful, learnable, explainable, affordable, intuitive, or understandable",0.43584930896759033
Only administrators can activate a pre-paid card.,"not about instructive, easy, helpful, useful, learnable, explainable, affordable, intuitive, or understandable","instructive, easy, helpful, useful, learnable, explainable, affordable, intuitive, or understandable",0.4410996437072754
Only authorized personnel can access sales information.,"not about instructive, easy, helpful, useful, learnable, explainable, affordable, intuitive, or understandable","instructive, easy, helpful, useful, learnable, explainable, affordable, intuitive, or understandable",0.35060665011405945
The website shall prevent its data from being corrupted when incorrect data is entered in.,"not about instructive, easy, helpful, useful, learnable, explainable, affordable, intuitive, or understandable","instructive, easy, helpful, useful, learnable, explainable, affordable, intuitive, or understandable",0.5415419936180115
 The website shall protect itself from intentional abuse  and notify the administrator at all occurrences.,"not about instructive, easy, helpful, useful, learnable, explainable, affordable, intuitive, or understandable","instructive, easy, helpful, useful, learnable, explainable, affordable, intuitive, or understandable",0.6368356347084045
Data integrity scripts will be run on a weekly basis to verify the integrity of the database.,"not about instructive, easy, helpful, useful, learnable, explainable, affordable, intuitive, or understandable","instructive, easy, helpful, useful, learnable, explainable, affordable, intuitive, or understandable",0.5948624014854431
 The website shall make its user aware of its information practices before collection data from them via a Privacy Policy  accessible on all pages of the website.,"not about instructive, easy, helpful, useful, learnable, explainable, affordable, intuitive, or understandable","instructive, easy, helpful, useful, learnable, explainable, affordable, intuitive, or understandable",0.6625849008560181
The system shall notify customers of changes to its information policy.,"not about instructive, easy, helpful, useful, learnable, explainable, affordable, intuitive, or understandable","instructive, easy, helpful, useful, learnable, explainable, affordable, intuitive, or understandable",0.44388192892074585
The system shall reveal private information only in compliance with the organization’s information policy.,"not about instructive, easy, helpful, useful, learnable, explainable, affordable, intuitive, or understandable","instructive, easy, helpful, useful, learnable, explainable, affordable, intuitive, or understandable",0.5959883332252502
 All customer information will be stored on a secure database  accessible only to authorized personnel.,"not about instructive, easy, helpful, useful, learnable, explainable, affordable, intuitive, or understandable","instructive, easy, helpful, useful, learnable, explainable, affordable, intuitive, or understandable",0.5825401544570923
All credit card information will be encrypted in the database.,"not about instructive, easy, helpful, useful, learnable, explainable, affordable, intuitive, or understandable","instructive, easy, helpful, useful, learnable, explainable, affordable, intuitive, or understandable",0.4600997567176819
The streaming server will have anti-virus software to prevent infection of malicious viruses.,"not about instructive, easy, helpful, useful, learnable, explainable, affordable, intuitive, or understandable","instructive, easy, helpful, useful, learnable, explainable, affordable, intuitive, or understandable",0.5306167006492615
The website should use Flash to provide animation on the home page.,"not about instructive, easy, helpful, useful, learnable, explainable, affordable, intuitive, or understandable","instructive, easy, helpful, useful, learnable, explainable, affordable, intuitive, or understandable",0.4624178111553192
Total lead cycle time must be completed in 5 minutes for 90% of lead volume between the business hours of 8AM CST to 8PM CST  then 3 minutes for 99% of lead volume during off business hours.,"not about instructive, easy, helpful, useful, learnable, explainable, affordable, intuitive, or understandable","instructive, easy, helpful, useful, learnable, explainable, affordable, intuitive, or understandable",0.6045500040054321
No lead evaluation will complete in a time period longer than 25 seconds for 97% of all leads processed.,"not about instructive, easy, helpful, useful, learnable, explainable, affordable, intuitive, or understandable","instructive, easy, helpful, useful, learnable, explainable, affordable, intuitive, or understandable",0.6146014928817749
For leads that process longer than 25 seconds the system will record the event and duration,"not about instructive, easy, helpful, useful, learnable, explainable, affordable, intuitive, or understandable","instructive, easy, helpful, useful, learnable, explainable, affordable, intuitive, or understandable",0.5629258751869202
The process must fit within the processing time conditions set forth by the Auto Rep Assignment process in which a lead is assigned within 3 minutes of the total life cycle.,"not about instructive, easy, helpful, useful, learnable, explainable, affordable, intuitive, or understandable","instructive, easy, helpful, useful, learnable, explainable, affordable, intuitive, or understandable",0.6826092600822449
The lead washing process will operate within the established physical web service structure.,"not about instructive, easy, helpful, useful, learnable, explainable, affordable, intuitive, or understandable","instructive, easy, helpful, useful, learnable, explainable, affordable, intuitive, or understandable",0.5680587887763977
 The washing process must use a non binding  neutral data format  such as xml  when receiving and processing lead data.,"not about instructive, easy, helpful, useful, learnable, explainable, affordable, intuitive, or understandable","instructive, easy, helpful, useful, learnable, explainable, affordable, intuitive, or understandable",0.6734118461608887
The product shall able to handle a large number of games simultaneously.,"not about instructive, easy, helpful, useful, learnable, explainable, affordable, intuitive, or understandable","instructive, easy, helpful, useful, learnable, explainable, affordable, intuitive, or understandable",0.47742748260498047
The response time shall be fast enough to maintain the flow of the game.  The response time shall be no more than 2 seconds for 95% of responses and no more than 4% for the remaining responses.,"not about instructive, easy, helpful, useful, learnable, explainable, affordable, intuitive, or understandable","not about instructive, easy, helpful, useful, learnable, explainable, affordable, intuitive, or understandable",0.6359015703201294
The product shall protect the identity of the players. The product shall provide players no access to information that might reveal the identity of another player.,"not about instructive, easy, helpful, useful, learnable, explainable, affordable, intuitive, or understandable","instructive, easy, helpful, useful, learnable, explainable, affordable, intuitive, or understandable",0.6552009582519531
The product shall be intuitive and self-explanatory.  Nine out ten users shall be able to successfully complete a game with no training.,"instructive, easy, helpful, useful, learnable, explainable, affordable, intuitive, or understandable","instructive, easy, helpful, useful, learnable, explainable, affordable, intuitive, or understandable",0.6924346089363098
 The product shall be available to players who understand English  Spanish and French.  The product shall allow the user to select the language upon accessing the product.,"instructive, easy, helpful, useful, learnable, explainable, affordable, intuitive, or understandable","instructive, easy, helpful, useful, learnable, explainable, affordable, intuitive, or understandable",0.6846297383308411
The product shall provide players no access to information that might reveal the identity of another player,"not about instructive, easy, helpful, useful, learnable, explainable, affordable, intuitive, or understandable","instructive, easy, helpful, useful, learnable, explainable, affordable, intuitive, or understandable",0.5446102023124695
The response time shall be fast enough to maintain the flow of the game. The response time shall be no more than 2 seconds for 95% of responses and no more than 4% for the remaining responses.,"not about instructive, easy, helpful, useful, learnable, explainable, affordable, intuitive, or understandable","not about instructive, easy, helpful, useful, learnable, explainable, affordable, intuitive, or understandable",0.638100266456604
The system shall be easy to use by callers and supervisors. Callers and supervisors must be able to accomplish any system task within 2 minutes.,"instructive, easy, helpful, useful, learnable, explainable, affordable, intuitive, or understandable","instructive, easy, helpful, useful, learnable, explainable, affordable, intuitive, or understandable",0.6106491088867188
The system shall be easy to learn by callers and supervisors. Callers and supervisors shall learn how to use the system within 10 minutes.,"instructive, easy, helpful, useful, learnable, explainable, affordable, intuitive, or understandable","instructive, easy, helpful, useful, learnable, explainable, affordable, intuitive, or understandable",0.6483772397041321
 The system shall be responsive. At the DePaul TeleServices Center  when a supervisor uses the system to view a callers schedule  the system response time must be no more than 2 seconds 90% of the time and no more than 5 seconds the rest of the time.,"not about instructive, easy, helpful, useful, learnable, explainable, affordable, intuitive, or understandable","not about instructive, easy, helpful, useful, learnable, explainable, affordable, intuitive, or understandable",0.6201573610305786
 On a 56k connection  the system response time for all operations must be no more than 6 seconds 90% of the time.,"not about instructive, easy, helpful, useful, learnable, explainable, affordable, intuitive, or understandable","instructive, easy, helpful, useful, learnable, explainable, affordable, intuitive, or understandable",0.647937536239624
 On a 112k connection or faster  the system response time for all operations must be no more than 3 seconds 90% of the time.,"not about instructive, easy, helpful, useful, learnable, explainable, affordable, intuitive, or understandable","not about instructive, easy, helpful, useful, learnable, explainable, affordable, intuitive, or understandable",0.6205328702926636
The product shall ensure that only supervisors can advertise empty time slots.The product must ensure that supervisors are allowed to access advertise empty time slots.,"not about instructive, easy, helpful, useful, learnable, explainable, affordable, intuitive, or understandable","instructive, easy, helpful, useful, learnable, explainable, affordable, intuitive, or understandable",0.6451799869537354
The product shall ensure that only supervisors can enter a caller’s schedule.The product must ensure that supervisors are allowed to access advertise empty time slots.,"not about instructive, easy, helpful, useful, learnable, explainable, affordable, intuitive, or understandable","instructive, easy, helpful, useful, learnable, explainable, affordable, intuitive, or understandable",0.6643530130386353
The product shall ensure that only supervisors can view schedule of all callers.The product must ensure that supervisors are allowed to access advertise empty time slots.,"not about instructive, easy, helpful, useful, learnable, explainable, affordable, intuitive, or understandable","instructive, easy, helpful, useful, learnable, explainable, affordable, intuitive, or understandable",0.6423377394676208
The product shall provide Monitoring Services.The product shall be easy for System Administrators and DBAs to use after two weeks of usage.,"instructive, easy, helpful, useful, learnable, explainable, affordable, intuitive, or understandable","instructive, easy, helpful, useful, learnable, explainable, affordable, intuitive, or understandable",0.6523652076721191
The product shall provide Error Tracking Services.The product shall help the System Administrators and DBAs to resolve transaction errors 99% of the time.,"instructive, easy, helpful, useful, learnable, explainable, affordable, intuitive, or understandable","instructive, easy, helpful, useful, learnable, explainable, affordable, intuitive, or understandable",0.7052188515663147
The product shall provide Portals.The product shall help System Administrators to analyze the transactions with ad-hoc reporting and KPIs (Key Performance Indicators),"instructive, easy, helpful, useful, learnable, explainable, affordable, intuitive, or understandable","instructive, easy, helpful, useful, learnable, explainable, affordable, intuitive, or understandable",0.7067118883132935
The product shall provide Asynchronous Messaging.The product shall provide asynchronous messaging to enable parallel processing and reduce the overhead in communications,"not about instructive, easy, helpful, useful, learnable, explainable, affordable, intuitive, or understandable","instructive, easy, helpful, useful, learnable, explainable, affordable, intuitive, or understandable",0.6666702628135681
The product shall provide Multi-threading and Load Balancing.The product shall provide multi-threading technology as well as load balancing to overcome data load spikes and traffic.,"not about instructive, easy, helpful, useful, learnable, explainable, affordable, intuitive, or understandable","instructive, easy, helpful, useful, learnable, explainable, affordable, intuitive, or understandable",0.6702581644058228
The product shall process messages within 2 seconds.The product shall have a maximum message processing time of 2 seconds,"not about instructive, easy, helpful, useful, learnable, explainable, affordable, intuitive, or understandable","instructive, easy, helpful, useful, learnable, explainable, affordable, intuitive, or understandable",0.6873438358306885
The product shall poll the system for messages every second.The product shall poll the system for new messages at a maximum of every 1 second.,"not about instructive, easy, helpful, useful, learnable, explainable, affordable, intuitive, or understandable","instructive, easy, helpful, useful, learnable, explainable, affordable, intuitive, or understandable",0.647020161151886
The product shall provide Dynamic Change Support and Transparent resource addition.The product shall support Transparent Resource addition and Dynamic Change support to provide scalability and avoid service interruptions of more than 1 day.,"not about instructive, easy, helpful, useful, learnable, explainable, affordable, intuitive, or understandable","instructive, easy, helpful, useful, learnable, explainable, affordable, intuitive, or understandable",0.6440114974975586
The product shall be platform independent.The product shall enable access to any type of development environment and platform.,"not about instructive, easy, helpful, useful, learnable, explainable, affordable, intuitive, or understandable","instructive, easy, helpful, useful, learnable, explainable, affordable, intuitive, or understandable",0.6352275013923645
The product shall interface CSR and Datastream.The product shall exchange messages between CSR and EAM on a real time basis without any direct interfaces between two systems.,"not about instructive, easy, helpful, useful, learnable, explainable, affordable, intuitive, or understandable","instructive, easy, helpful, useful, learnable, explainable, affordable, intuitive, or understandable",0.6919970512390137
 The product shall have security.The product shall provide authentication  and authorization.,"not about instructive, easy, helpful, useful, learnable, explainable, affordable, intuitive, or understandable","instructive, easy, helpful, useful, learnable, explainable, affordable, intuitive, or understandable",0.5327288508415222
The product shall information Security. The product shall enable privacy by encryption WS-Security and Integrity Checking.,"not about instructive, easy, helpful, useful, learnable, explainable, affordable, intuitive, or understandable","instructive, easy, helpful, useful, learnable, explainable, affordable, intuitive, or understandable",0.6359893083572388
The product shall have audit capabilities.The product shall store messages for a minimum of one year for audit and transaction tracking purposes.,"not about instructive, easy, helpful, useful, learnable, explainable, affordable, intuitive, or understandable","instructive, easy, helpful, useful, learnable, explainable, affordable, intuitive, or understandable",0.6643993258476257
The system must use a point and click interface. 100% of all selection and navigation functionality must be able to be activated/selected by either a mouse or a keyboard,"instructive, easy, helpful, useful, learnable, explainable, affordable, intuitive, or understandable","not about instructive, easy, helpful, useful, learnable, explainable, affordable, intuitive, or understandable",0.5832883715629578
The interface shall be easy to use. 90% of users should be able to successfully use the system to generate a report on their first use. The interface should adhere to IBM usability standards.,"instructive, easy, helpful, useful, learnable, explainable, affordable, intuitive, or understandable","instructive, easy, helpful, useful, learnable, explainable, affordable, intuitive, or understandable",0.5734854936599731
Rreports must be easy to generate. eports must be generated within one button click and exported within one button click (after selecting the report),"instructive, easy, helpful, useful, learnable, explainable, affordable, intuitive, or understandable","instructive, easy, helpful, useful, learnable, explainable, affordable, intuitive, or understandable",0.7163684964179993
A user shall be able to use the system without instruction after a short amount of time. After one use a user should understand and remember 90% of the system usage and navigation.,"instructive, easy, helpful, useful, learnable, explainable, affordable, intuitive, or understandable","not about instructive, easy, helpful, useful, learnable, explainable, affordable, intuitive, or understandable",0.5670851469039917
All CCR users shall receive training before the WCS system is deployed. One training session will be held for 100% of CCR users before system deployment (based on a CCR user being available),"instructive, easy, helpful, useful, learnable, explainable, affordable, intuitive, or understandable","instructive, easy, helpful, useful, learnable, explainable, affordable, intuitive, or understandable",0.6588051319122314
The WCS system shall use appropriate nomenclature and terminology as defined by the Corporate Community Grants organization. All interfaces and reports will undergo usability tests by CCR users.,"instructive, easy, helpful, useful, learnable, explainable, affordable, intuitive, or understandable","instructive, easy, helpful, useful, learnable, explainable, affordable, intuitive, or understandable",0.666071891784668
The WCS system shall be run in a Windows environment. The WCS shall be accessed by users through the Internet on an IBM computer running a Windows 2000 or above operating system.,"not about instructive, easy, helpful, useful, learnable, explainable, affordable, intuitive, or understandable","instructive, easy, helpful, useful, learnable, explainable, affordable, intuitive, or understandable",0.6979889869689941
The Brio portion of the WCS system must be able to export files in spreadsheet form (Microsoft Excel and Lotus 1-2-3 formats).  Brio will provide buttons in the user interface that produce/export reports in .xls or .123 file formats.,"not about instructive, easy, helpful, useful, learnable, explainable, affordable, intuitive, or understandable","instructive, easy, helpful, useful, learnable, explainable, affordable, intuitive, or understandable",0.5732560157775879
The system shall only be accessed by authorized Corporate Community Grants (CCR) employees. Users must be authenticated using their IBM intranet user name and password.,"not about instructive, easy, helpful, useful, learnable, explainable, affordable, intuitive, or understandable","instructive, easy, helpful, useful, learnable, explainable, affordable, intuitive, or understandable",0.6703563928604126
The WCS system shall not allow automatic logins by any user. Cookies containing WCS login information about a user will not be stored on a user’s computer.,"not about instructive, easy, helpful, useful, learnable, explainable, affordable, intuitive, or understandable","instructive, easy, helpful, useful, learnable, explainable, affordable, intuitive, or understandable",0.6878824234008789
Each team owner will need to use a username and password in order to be authenticated to reach the team owner’s page,"not about instructive, easy, helpful, useful, learnable, explainable, affordable, intuitive, or understandable","not about instructive, easy, helpful, useful, learnable, explainable, affordable, intuitive, or understandable",0.6169736981391907
The Commissioner will be the only authorized user per league to adjust league settings.,"not about instructive, easy, helpful, useful, learnable, explainable, affordable, intuitive, or understandable","instructive, easy, helpful, useful, learnable, explainable, affordable, intuitive, or understandable",0.6192382574081421
;A new user shall be able to navigate through the league and team pages within 30 seconds of reaching the start-up page.,"instructive, easy, helpful, useful, learnable, explainable, affordable, intuitive, or understandable","not about instructive, easy, helpful, useful, learnable, explainable, affordable, intuitive, or understandable",0.6914590001106262
Users shall be able to reach the ‘add’  ‘drop’  and ‘trade player’ pages with one click from the team owner’s page.,"instructive, easy, helpful, useful, learnable, explainable, affordable, intuitive, or understandable","instructive, easy, helpful, useful, learnable, explainable, affordable, intuitive, or understandable",0.6636520028114319
;Users shall be able to view at least 25 NFL player statistics and points on each page.,"instructive, easy, helpful, useful, learnable, explainable, affordable, intuitive, or understandable","instructive, easy, helpful, useful, learnable, explainable, affordable, intuitive, or understandable",0.6007922291755676
The application shall ask the user to confirm dropping a player or trading a player before performing the action.,"instructive, easy, helpful, useful, learnable, explainable, affordable, intuitive, or understandable","instructive, easy, helpful, useful, learnable, explainable, affordable, intuitive, or understandable",0.6354076862335205
The application shall be able to complete every user transaction within one fourth of a second of receiving the request over the network.,"not about instructive, easy, helpful, useful, learnable, explainable, affordable, intuitive, or understandable","instructive, easy, helpful, useful, learnable, explainable, affordable, intuitive, or understandable",0.6389196515083313
The application shall run on a web application server.,"not about instructive, easy, helpful, useful, learnable, explainable, affordable, intuitive, or understandable","instructive, easy, helpful, useful, learnable, explainable, affordable, intuitive, or understandable",0.45773640275001526
A primary database will be used to store cached data for active users.,"not about instructive, easy, helpful, useful, learnable, explainable, affordable, intuitive, or understandable","instructive, easy, helpful, useful, learnable, explainable, affordable, intuitive, or understandable",0.5184451341629028
A secondary database will be used to store historical statistics and data.,"not about instructive, easy, helpful, useful, learnable, explainable, affordable, intuitive, or understandable","instructive, easy, helpful, useful, learnable, explainable, affordable, intuitive, or understandable",0.5051398873329163
98% of the user workstations shall meet the minimum hardware requirements prior to implementation. Minimum Hard Disk Space:  400MB.,"not about instructive, easy, helpful, useful, learnable, explainable, affordable, intuitive, or understandable","instructive, easy, helpful, useful, learnable, explainable, affordable, intuitive, or understandable",0.6250677108764648
98% of the user workstations shall meet the minimum software requirements prior to implementation: Microsoft Internet Explorer 5.0. Microsoft .NET Framework 1.1. Microsoft Internet Explorer Web Controls,"not about instructive, easy, helpful, useful, learnable, explainable, affordable, intuitive, or understandable","instructive, easy, helpful, useful, learnable, explainable, affordable, intuitive, or understandable",0.6146066188812256
The RFS system should be able to easily interface with the BDW environment  in order to load the data. •;7 data files shall be received from the BDW and loaded into the RFS system within 3 hours one day prior to the start of budgeting process  every year. The data will be as of October month-end. ;Test files (7) shall be loaded up to 5 times throughout the year  from the BDW.,"not about instructive, easy, helpful, useful, learnable, explainable, affordable, intuitive, or understandable","not about instructive, easy, helpful, useful, learnable, explainable, affordable, intuitive, or understandable",0.5720268487930298
Only authorized user shall access the RFS system. ONLY users that exist in the UAS system  with the RFS system assigned to their role(s)  shall access the RFS system and use it.,"not about instructive, easy, helpful, useful, learnable, explainable, affordable, intuitive, or understandable","instructive, easy, helpful, useful, learnable, explainable, affordable, intuitive, or understandable",0.6591747403144836
;User access should be limited to the permissions granted to their role(s) Each level in the PCG hierarchy will be assigned a role and users will be assigned to these roles. Access to functionality within RFS system is dependent on the privileges/permission assigned to the role..,"not about instructive, easy, helpful, useful, learnable, explainable, affordable, intuitive, or understandable","not about instructive, easy, helpful, useful, learnable, explainable, affordable, intuitive, or understandable",0.623300313949585
The users should be able to easily use the system to successfully complete their budgets  within the stipulated time for completion. With a week of training prior to product implementation  98% of the users shall complete their budgets within the stipulated time.,"instructive, easy, helpful, useful, learnable, explainable, affordable, intuitive, or understandable","not about instructive, easy, helpful, useful, learnable, explainable, affordable, intuitive, or understandable",0.6334710121154785
The product interface should be fast. The response time of the product interface should not exceed 2 seconds 90% of the time. For 10% of the time  the response time should not be more than 10 seconds.not be more than 10 seconds.,"not about instructive, easy, helpful, useful, learnable, explainable, affordable, intuitive, or understandable","not about instructive, easy, helpful, useful, learnable, explainable, affordable, intuitive, or understandable",0.5877183079719543
