,precision,recall,f1-score,support
"accessibility, aesthetic, contextual, experience, satisfaction, HCI, UX, questionnaire, ease, ergonomics, designer, evaluate, multimodal, practitioner, prototyping, preference, personalization, suitability, focus, clarity, responsiveness, judgement, feel, or helpful",0.7333333333333333,0.4925373134328358,0.5892857142857143,67.0
"security, performance, operational, look & feel, legal, fault & tolerance, maintainability, scalability, availability, or portability",0.8333333333333334,0.9340659340659341,0.8808290155440415,182.0
accuracy,0.8152610441767069,0.8152610441767069,0.8152610441767069,0.8152610441767069
macro avg,0.7833333333333333,0.713301623749385,0.7350573649148779,249.0
weighted avg,0.806425702811245,0.8152610441767069,0.8023816212295519,249.0
