,precision,recall,f1-score,support
"accessibility, aesthetic, contextual, experience, satisfaction, HCI, UX, questionnaire, ease, or ergonomics",0.5362318840579711,0.5522388059701493,0.5441176470588235,67.0
"security, performance, operational, look & feel, legal, fault & tolerance, maintainability, scalability, availability, or portability",0.8333333333333334,0.8241758241758241,0.8287292817679559,182.0
accuracy,0.751004016064257,0.751004016064257,0.751004016064257,0.751004016064257
macro avg,0.6847826086956522,0.6882073150729867,0.6864234644133898,249.0
weighted avg,0.7533903730865492,0.751004016064257,0.7521470346775468,249.0
