Requirement text,Gold label,Predicated label,ZSL score
The system shall refresh the display every 60 seconds.,"not about instructive, easy, helpful, useful, learnable, explainable, affordable, intuitive, or understandable","instructive, easy, helpful, useful, learnable, explainable, affordable, intuitive, or understandable",0.15979695320129395
 If projected  the data must be readable.  On a 10x10 projection screen  90% of viewers must be able to read Event / Activity data from a viewing distance of 30,"instructive, easy, helpful, useful, learnable, explainable, affordable, intuitive, or understandable","instructive, easy, helpful, useful, learnable, explainable, affordable, intuitive, or understandable",0.27029603719711304
 If projected  the data must be understandable. On a 10x10 projection screen  90% of viewers must be able to determine that Events or Activities are occuring in current time from a viewing distance of 100,"instructive, easy, helpful, useful, learnable, explainable, affordable, intuitive, or understandable","instructive, easy, helpful, useful, learnable, explainable, affordable, intuitive, or understandable",0.38267746567726135
The product shall ensure that it can only be accessed by authorized users.  The product will be able to distinguish between authorized and unauthorized users in all access attempts,"not about instructive, easy, helpful, useful, learnable, explainable, affordable, intuitive, or understandable","instructive, easy, helpful, useful, learnable, explainable, affordable, intuitive, or understandable",0.27511924505233765
The product shall be intuitive and self-explanatory.  :  90% of new users shall be able to start the display of Events or Activities within 90 minutes of using the product.,"instructive, easy, helpful, useful, learnable, explainable, affordable, intuitive, or understandable","instructive, easy, helpful, useful, learnable, explainable, affordable, intuitive, or understandable",0.5997097492218018
The product shall respond fast to keep up-to-date data in the display.,"not about instructive, easy, helpful, useful, learnable, explainable, affordable, intuitive, or understandable","instructive, easy, helpful, useful, learnable, explainable, affordable, intuitive, or understandable",0.34318408370018005
The system shall be used by realtors with no training.,"instructive, easy, helpful, useful, learnable, explainable, affordable, intuitive, or understandable","not about instructive, easy, helpful, useful, learnable, explainable, affordable, intuitive, or understandable",0.24442699551582336
The system shall be intuitive and self explanatory.,"instructive, easy, helpful, useful, learnable, explainable, affordable, intuitive, or understandable","instructive, easy, helpful, useful, learnable, explainable, affordable, intuitive, or understandable",0.6252079606056213
The product shall be easy for a realtor to learn.,"instructive, easy, helpful, useful, learnable, explainable, affordable, intuitive, or understandable","instructive, easy, helpful, useful, learnable, explainable, affordable, intuitive, or understandable",0.6100434064865112
The product shall use symbols and words that are naturally understandable by the realtor community.,"instructive, easy, helpful, useful, learnable, explainable, affordable, intuitive, or understandable","instructive, easy, helpful, useful, learnable, explainable, affordable, intuitive, or understandable",0.4088954031467438
The product shall produce search results in an acceptable time,"not about instructive, easy, helpful, useful, learnable, explainable, affordable, intuitive, or understandable","instructive, easy, helpful, useful, learnable, explainable, affordable, intuitive, or understandable",0.4516245424747467
The search results shall be returned no later 30      seconds  after the user has entered the search criteria,"not about instructive, easy, helpful, useful, learnable, explainable, affordable, intuitive, or understandable","instructive, easy, helpful, useful, learnable, explainable, affordable, intuitive, or understandable",0.05402737110853195
The product shall generate a CMA report in an acceptable time.,"not about instructive, easy, helpful, useful, learnable, explainable, affordable, intuitive, or understandable","instructive, easy, helpful, useful, learnable, explainable, affordable, intuitive, or understandable",0.29020756483078003
The CMA report shall be returned no later 60 seconds after the user has entered the CMA report criteria.,"not about instructive, easy, helpful, useful, learnable, explainable, affordable, intuitive, or understandable","instructive, easy, helpful, useful, learnable, explainable, affordable, intuitive, or understandable",0.048342470079660416
The product shall synchronize contacts and appointments in an acceptable time.,"not about instructive, easy, helpful, useful, learnable, explainable, affordable, intuitive, or understandable","instructive, easy, helpful, useful, learnable, explainable, affordable, intuitive, or understandable",0.33769819140434265
The product shall synchronize with the office system every hour.,"not about instructive, easy, helpful, useful, learnable, explainable, affordable, intuitive, or understandable","instructive, easy, helpful, useful, learnable, explainable, affordable, intuitive, or understandable",0.15995168685913086
The product shall be installed by an untrained realtor   without recourse to separately-printed instructions.,"instructive, easy, helpful, useful, learnable, explainable, affordable, intuitive, or understandable","not about instructive, easy, helpful, useful, learnable, explainable, affordable, intuitive, or understandable",0.2911190390586853
90% of untrained realtors shall be able to install the product on their device without printed instructions,"instructive, easy, helpful, useful, learnable, explainable, affordable, intuitive, or understandable","not about instructive, easy, helpful, useful, learnable, explainable, affordable, intuitive, or understandable",0.24281860888004303
Only registered realtors shall be able to access the system.,"not about instructive, easy, helpful, useful, learnable, explainable, affordable, intuitive, or understandable","not about instructive, easy, helpful, useful, learnable, explainable, affordable, intuitive, or understandable",0.1300625205039978
Every user of the system shall be authenticated and authorized.,"not about instructive, easy, helpful, useful, learnable, explainable, affordable, intuitive, or understandable","instructive, easy, helpful, useful, learnable, explainable, affordable, intuitive, or understandable",0.42449191212654114
The product shall prevent its data from incorrect data being introduced.,"not about instructive, easy, helpful, useful, learnable, explainable, affordable, intuitive, or understandable","instructive, easy, helpful, useful, learnable, explainable, affordable, intuitive, or understandable",0.36701637506484985
The system shall be easy to use by the Program Administrators/Nursing Staff Members.,"instructive, easy, helpful, useful, learnable, explainable, affordable, intuitive, or understandable","instructive, easy, helpful, useful, learnable, explainable, affordable, intuitive, or understandable",0.6880110502243042
All of the users shall be able to use the system after one day of training.,"instructive, easy, helpful, useful, learnable, explainable, affordable, intuitive, or understandable","instructive, easy, helpful, useful, learnable, explainable, affordable, intuitive, or understandable",0.20020663738250732
The system shall help the user avoid making mistakes while scheduling classes and clinicals for the nursing students.,"instructive, easy, helpful, useful, learnable, explainable, affordable, intuitive, or understandable","instructive, easy, helpful, useful, learnable, explainable, affordable, intuitive, or understandable",0.27830544114112854
The number of mistakes noted by the students shall be decreased by 50% in the first year.,"instructive, easy, helpful, useful, learnable, explainable, affordable, intuitive, or understandable","not about instructive, easy, helpful, useful, learnable, explainable, affordable, intuitive, or understandable",0.05005035176873207
The system shall be intuitive to the Program Administrators/Nursing Staff Members.,"instructive, easy, helpful, useful, learnable, explainable, affordable, intuitive, or understandable","instructive, easy, helpful, useful, learnable, explainable, affordable, intuitive, or understandable",0.5440223217010498
2 out of 3 Program Administrators/Nursing Staff Members shall successfully be able to use the system to manage the scheduling of classes and clinicals.,"instructive, easy, helpful, useful, learnable, explainable, affordable, intuitive, or understandable","instructive, easy, helpful, useful, learnable, explainable, affordable, intuitive, or understandable",0.15048615634441376
The system shall use symbols and words that are naturally understandable by the user community.,"instructive, easy, helpful, useful, learnable, explainable, affordable, intuitive, or understandable","instructive, easy, helpful, useful, learnable, explainable, affordable, intuitive, or understandable",0.47130486369132996
The verbiage used within the system shall be consistent with Standard English and the terminology of the national Nursing Community.,"instructive, easy, helpful, useful, learnable, explainable, affordable, intuitive, or understandable","instructive, easy, helpful, useful, learnable, explainable, affordable, intuitive, or understandable",0.2878044843673706
Staff members shall be able to complete a set of tasks in a timely manner.,"not about instructive, easy, helpful, useful, learnable, explainable, affordable, intuitive, or understandable","instructive, easy, helpful, useful, learnable, explainable, affordable, intuitive, or understandable",0.5756121873855591
The response time of general student management tasks shall take no longer than 5 seconds and the response time of schedule generation shall take no longer than 30 seconds.,"not about instructive, easy, helpful, useful, learnable, explainable, affordable, intuitive, or understandable","not about instructive, easy, helpful, useful, learnable, explainable, affordable, intuitive, or understandable",0.06410113722085953
The system shall able to operate within a business office environment typical of the Nursing Department at DePaul University.,"not about instructive, easy, helpful, useful, learnable, explainable, affordable, intuitive, or understandable","instructive, easy, helpful, useful, learnable, explainable, affordable, intuitive, or understandable",0.14783790707588196
The system shall be used within the specifications defined by the computers used by the Program Administrators/Nursing Staff Members.,"not about instructive, easy, helpful, useful, learnable, explainable, affordable, intuitive, or understandable","instructive, easy, helpful, useful, learnable, explainable, affordable, intuitive, or understandable",0.18525119125843048
The system shall operate within the Windows XP Professional operating system.,"not about instructive, easy, helpful, useful, learnable, explainable, affordable, intuitive, or understandable","instructive, easy, helpful, useful, learnable, explainable, affordable, intuitive, or understandable",0.18708612024784088
The system shall interface with CampusConnect’s central server,"not about instructive, easy, helpful, useful, learnable, explainable, affordable, intuitive, or understandable","instructive, easy, helpful, useful, learnable, explainable, affordable, intuitive, or understandable",0.18594999611377716
The system shall interface with the faculty central server.,"not about instructive, easy, helpful, useful, learnable, explainable, affordable, intuitive, or understandable","instructive, easy, helpful, useful, learnable, explainable, affordable, intuitive, or understandable",0.18329395353794098
The system shall interface with the student master server.,"not about instructive, easy, helpful, useful, learnable, explainable, affordable, intuitive, or understandable","instructive, easy, helpful, useful, learnable, explainable, affordable, intuitive, or understandable",0.1695946455001831
We must be able to interface with any HTML browser.,"not about instructive, easy, helpful, useful, learnable, explainable, affordable, intuitive, or understandable","instructive, easy, helpful, useful, learnable, explainable, affordable, intuitive, or understandable",0.2564581632614136
Only authorized users shall have access to clinical site information.,"not about instructive, easy, helpful, useful, learnable, explainable, affordable, intuitive, or understandable","not about instructive, easy, helpful, useful, learnable, explainable, affordable, intuitive, or understandable",0.15587164461612701
Program Administrators/Nursing Staff Members are the only people who shall have access to clinical site details.,"not about instructive, easy, helpful, useful, learnable, explainable, affordable, intuitive, or understandable","not about instructive, easy, helpful, useful, learnable, explainable, affordable, intuitive, or understandable",0.1442287415266037
Only authorized users shall have access to students’ personal information.,"not about instructive, easy, helpful, useful, learnable, explainable, affordable, intuitive, or understandable","not about instructive, easy, helpful, useful, learnable, explainable, affordable, intuitive, or understandable",0.21910372376441956
Dr Susan Poslusny and Dr Julie Donalek are the only people who shall have access to students’ personal information.,"not about instructive, easy, helpful, useful, learnable, explainable, affordable, intuitive, or understandable","not about instructive, easy, helpful, useful, learnable, explainable, affordable, intuitive, or understandable",0.2099914699792862
Only authorized users shall have access to the portion of the system that interfaces with CampusConnect.,"not about instructive, easy, helpful, useful, learnable, explainable, affordable, intuitive, or understandable","not about instructive, easy, helpful, useful, learnable, explainable, affordable, intuitive, or understandable",0.19741055369377136
Fit Criterion: Dr Susan Poslusny and Karen Sysol are the only people who shall have access to the final class section scheduling for the system that interfaces with CampusConnect.,"not about instructive, easy, helpful, useful, learnable, explainable, affordable, intuitive, or understandable","instructive, easy, helpful, useful, learnable, explainable, affordable, intuitive, or understandable",0.17334981262683868
The system shall have basic data integrity checking to reduce the possibility of incorrect or invalid data being introduced.,"not about instructive, easy, helpful, useful, learnable, explainable, affordable, intuitive, or understandable","instructive, easy, helpful, useful, learnable, explainable, affordable, intuitive, or understandable",0.3904336094856262
The system shall protect private information in accordance with the organization’s information policy.,"not about instructive, easy, helpful, useful, learnable, explainable, affordable, intuitive, or understandable","instructive, easy, helpful, useful, learnable, explainable, affordable, intuitive, or understandable",0.2425423115491867
The system shall be built such that it is as secure as possible from malicious interference.,"not about instructive, easy, helpful, useful, learnable, explainable, affordable, intuitive, or understandable","instructive, easy, helpful, useful, learnable, explainable, affordable, intuitive, or understandable",0.3484722673892975
The system shall use the organization’s standard virus protection software to help monitor threats to itself.,"not about instructive, easy, helpful, useful, learnable, explainable, affordable, intuitive, or understandable","instructive, easy, helpful, useful, learnable, explainable, affordable, intuitive, or understandable",0.1733601838350296
The list of dispute cases that are displayed after a search is performed must be color coded for easy identification of dispute cases based upon the dispute case status.,"instructive, easy, helpful, useful, learnable, explainable, affordable, intuitive, or understandable","instructive, easy, helpful, useful, learnable, explainable, affordable, intuitive, or understandable",0.12638691067695618
100% of the cardmember and merchant services representatives shall use the Disputes application regularly after a 2-day training course.,"instructive, easy, helpful, useful, learnable, explainable, affordable, intuitive, or understandable","instructive, easy, helpful, useful, learnable, explainable, affordable, intuitive, or understandable",0.049065399914979935
100% of cardmember services representatives shall be able to successfully create a dispute case on the first encounter after completing the training course.,"instructive, easy, helpful, useful, learnable, explainable, affordable, intuitive, or understandable","instructive, easy, helpful, useful, learnable, explainable, affordable, intuitive, or understandable",0.22352109849452972
100% of merchant services representatives shall be able to successfully perform a follow up action on a dispute case on the first encounter after completing the training course.,"instructive, easy, helpful, useful, learnable, explainable, affordable, intuitive, or understandable","instructive, easy, helpful, useful, learnable, explainable, affordable, intuitive, or understandable",0.20121943950653076
The maximum wait time for a user navigating from one screen to another within the Disputes application shall be no more than 5 seconds.,"not about instructive, easy, helpful, useful, learnable, explainable, affordable, intuitive, or understandable","not about instructive, easy, helpful, useful, learnable, explainable, affordable, intuitive, or understandable",0.011328741908073425
The Disputes application shall support 350 concurrent users without any degradation of performance in the application.,"not about instructive, easy, helpful, useful, learnable, explainable, affordable, intuitive, or understandable","instructive, easy, helpful, useful, learnable, explainable, affordable, intuitive, or understandable",0.3253839612007141
 The Disputes application shall be available 24x7x365  with the exception of the following scheduled maintenance windows.  Monday – Saturday 3:00am to 4:00am EST Sunday 1:00amd to 5:00am EST,"not about instructive, easy, helpful, useful, learnable, explainable, affordable, intuitive, or understandable","instructive, easy, helpful, useful, learnable, explainable, affordable, intuitive, or understandable",0.14260068535804749
The Disputes application shall interface with the Statement Database. The Statement Database provides the transaction details to the Disputes System. All transaction details must be obtained from the Statement Database,"not about instructive, easy, helpful, useful, learnable, explainable, affordable, intuitive, or understandable","instructive, easy, helpful, useful, learnable, explainable, affordable, intuitive, or understandable",0.14860787987709045
The Disputes application shall interface with the Cardmember Information Database.  The Cardmember Information Database provides detailed information with regard to a cardmember.  All cardmember detail information must be obtained from the Cardmember Information Database.,"not about instructive, easy, helpful, useful, learnable, explainable, affordable, intuitive, or understandable","instructive, easy, helpful, useful, learnable, explainable, affordable, intuitive, or understandable",0.1565980762243271
The Disputes applications shall interface with the Merchant Information Database.  The Merchant Information Database provides detailed information with regard to the merchant. All merchant detail information shall be obtained from the Merchant Information Database.,"not about instructive, easy, helpful, useful, learnable, explainable, affordable, intuitive, or understandable","instructive, easy, helpful, useful, learnable, explainable, affordable, intuitive, or understandable",0.10558205842971802
The Disputes application shall interface with the Letters application.  This will allow the Disputes application to request letters as part of the dispute initiation and dispute follow up process. All letter requests must be sent to the Print Letter Utility application.,"not about instructive, easy, helpful, useful, learnable, explainable, affordable, intuitive, or understandable","instructive, easy, helpful, useful, learnable, explainable, affordable, intuitive, or understandable",0.06414147466421127
The Disputes application shall interface with the Cardmember Posting and Billing System.  This will allow the Disputes application to request adjustments to cardmember and merchant’s accounts. All adjustment requests must be sent to the Cardmember Posting and Billing System.,"not about instructive, easy, helpful, useful, learnable, explainable, affordable, intuitive, or understandable","instructive, easy, helpful, useful, learnable, explainable, affordable, intuitive, or understandable",0.11653797328472137
The Disputes application shall ensure that only users with the appropriate access level are allowed to initiate dispute requests.,"not about instructive, easy, helpful, useful, learnable, explainable, affordable, intuitive, or understandable","not about instructive, easy, helpful, useful, learnable, explainable, affordable, intuitive, or understandable",0.2014148086309433
Only users with Update access must be able to initiate dispute requests.,"not about instructive, easy, helpful, useful, learnable, explainable, affordable, intuitive, or understandable","not about instructive, easy, helpful, useful, learnable, explainable, affordable, intuitive, or understandable",0.23889519274234772
The Disputes application shall ensure that only authorized users are allowed to logon to the application.,"not about instructive, easy, helpful, useful, learnable, explainable, affordable, intuitive, or understandable","not about instructive, easy, helpful, useful, learnable, explainable, affordable, intuitive, or understandable",0.14139977097511292
 All authorized users  once authenticated must be able to logon to the Disputes System,"not about instructive, easy, helpful, useful, learnable, explainable, affordable, intuitive, or understandable","instructive, easy, helpful, useful, learnable, explainable, affordable, intuitive, or understandable",0.18956880271434784
The Disputes System shall generate a User Report that details any new users that have been added and any changes to an existing user’s access level.  The report will be reviewed for auditing purposes.,"not about instructive, easy, helpful, useful, learnable, explainable, affordable, intuitive, or understandable","instructive, easy, helpful, useful, learnable, explainable, affordable, intuitive, or understandable",0.16450749337673187
All additions of new users and modifications to user’s access shall be recorded on the User Report.,"not about instructive, easy, helpful, useful, learnable, explainable, affordable, intuitive, or understandable","instructive, easy, helpful, useful, learnable, explainable, affordable, intuitive, or understandable",0.21156056225299835
 If a user account is revoked  it can only be re-instantiated by the System Administrator.,"not about instructive, easy, helpful, useful, learnable, explainable, affordable, intuitive, or understandable","not about instructive, easy, helpful, useful, learnable, explainable, affordable, intuitive, or understandable",0.1905461847782135
Only the System Administrator shall be able to reset a revoked user logon account,"not about instructive, easy, helpful, useful, learnable, explainable, affordable, intuitive, or understandable","not about instructive, easy, helpful, useful, learnable, explainable, affordable, intuitive, or understandable",0.09079968929290771
The Disputes application shall manipulate and view business data. Users will not have direct access to data files or databases.,"not about instructive, easy, helpful, useful, learnable, explainable, affordable, intuitive, or understandable","not about instructive, easy, helpful, useful, learnable, explainable, affordable, intuitive, or understandable",0.14023754000663757
All updates to data files or database must be initiated from the Disputes System.,"not about instructive, easy, helpful, useful, learnable, explainable, affordable, intuitive, or understandable","instructive, easy, helpful, useful, learnable, explainable, affordable, intuitive, or understandable",0.13487300276756287
The product must support Internet Explorer 5.5 and above.,"not about instructive, easy, helpful, useful, learnable, explainable, affordable, intuitive, or understandable","instructive, easy, helpful, useful, learnable, explainable, affordable, intuitive, or understandable",0.15123388171195984
The product must support Mozilla Firefox 1.0 and above.,"not about instructive, easy, helpful, useful, learnable, explainable, affordable, intuitive, or understandable","instructive, easy, helpful, useful, learnable, explainable, affordable, intuitive, or understandable",0.12053820490837097
The product shall interface with the Choice Parts System.  This provides the feed of recycled parts data.,"not about instructive, easy, helpful, useful, learnable, explainable, affordable, intuitive, or understandable","instructive, easy, helpful, useful, learnable, explainable, affordable, intuitive, or understandable",0.2068176120519638
The product shall run on the existing hardware for all environments.,"not about instructive, easy, helpful, useful, learnable, explainable, affordable, intuitive, or understandable","instructive, easy, helpful, useful, learnable, explainable, affordable, intuitive, or understandable",0.2315508872270584
The product shall adhere to the corporate Architecture guidelines,"not about instructive, easy, helpful, useful, learnable, explainable, affordable, intuitive, or understandable","instructive, easy, helpful, useful, learnable, explainable, affordable, intuitive, or understandable",0.20745162665843964
The product shall be easy to use by Adjusters and Collision Estimators.  95% of Adjusters and Collision Estimators shall find the product easy to use.,"instructive, easy, helpful, useful, learnable, explainable, affordable, intuitive, or understandable","instructive, easy, helpful, useful, learnable, explainable, affordable, intuitive, or understandable",0.7045662999153137
The product shall increase productivity of Collision Estimators. 80% of the Collision Estimators shall agree their productivity has increase within 1 month of using the product.,"instructive, easy, helpful, useful, learnable, explainable, affordable, intuitive, or understandable","instructive, easy, helpful, useful, learnable, explainable, affordable, intuitive, or understandable",0.27746036648750305
Users shall feel satisfied using the product.  85% of all users will be satisfied with the product.,"instructive, easy, helpful, useful, learnable, explainable, affordable, intuitive, or understandable","instructive, easy, helpful, useful, learnable, explainable, affordable, intuitive, or understandable",0.49658888578414917
The product shall be easy to learn by Adjusters and Collision Estimators.  The product shall be learned with two days onsite training,"instructive, easy, helpful, useful, learnable, explainable, affordable, intuitive, or understandable","instructive, easy, helpful, useful, learnable, explainable, affordable, intuitive, or understandable",0.4946911334991455
The user shall easily locate instructions while using the product.  User help can be found within 90% of the system.,"instructive, easy, helpful, useful, learnable, explainable, affordable, intuitive, or understandable","instructive, easy, helpful, useful, learnable, explainable, affordable, intuitive, or understandable",0.4588411748409271
The search for recycled parts shall take no longer than 15 seconds.  The search results shall be returned in under 15 seconds.,"not about instructive, easy, helpful, useful, learnable, explainable, affordable, intuitive, or understandable","instructive, easy, helpful, useful, learnable, explainable, affordable, intuitive, or understandable",0.15438801050186157
The search for the preferred repair facility shall take no longer than 8 seconds.  The preferred repair facility is returned within 8 seconds,"not about instructive, easy, helpful, useful, learnable, explainable, affordable, intuitive, or understandable","instructive, easy, helpful, useful, learnable, explainable, affordable, intuitive, or understandable",0.19176910817623138
The recycled parts audit report shall be returned to the user within 10 seconds.  The audit report shall be returned within 10 seconds.,"not about instructive, easy, helpful, useful, learnable, explainable, affordable, intuitive, or understandable","instructive, easy, helpful, useful, learnable, explainable, affordable, intuitive, or understandable",0.2764882743358612
The preferred repair facility ratings shall be saved within 5 seconds. The save shall occur within 5 seconds.,"not about instructive, easy, helpful, useful, learnable, explainable, affordable, intuitive, or understandable","instructive, easy, helpful, useful, learnable, explainable, affordable, intuitive, or understandable",0.16882634162902832
 For estimators  the product shall be able to be operated in a repair facility during dirty and noisy conditions.,"not about instructive, easy, helpful, useful, learnable, explainable, affordable, intuitive, or understandable","instructive, easy, helpful, useful, learnable, explainable, affordable, intuitive, or understandable",0.33896544575691223
The product shall interface with the ChoiceParts system once per day at approximately 1:00 AM.,"not about instructive, easy, helpful, useful, learnable, explainable, affordable, intuitive, or understandable","instructive, easy, helpful, useful, learnable, explainable, affordable, intuitive, or understandable",0.16258324682712555
The maintenance of the product will fall within the established corporate maintenance windows.,"not about instructive, easy, helpful, useful, learnable, explainable, affordable, intuitive, or understandable","instructive, easy, helpful, useful, learnable, explainable, affordable, intuitive, or understandable",0.17360685765743256
The product shall be supported using the corporate support center.,"not about instructive, easy, helpful, useful, learnable, explainable, affordable, intuitive, or understandable","instructive, easy, helpful, useful, learnable, explainable, affordable, intuitive, or understandable",0.23535776138305664
Product installations and upgrades shall be handled by the middleware technology team within established launch time frames.,"not about instructive, easy, helpful, useful, learnable, explainable, affordable, intuitive, or understandable","instructive, easy, helpful, useful, learnable, explainable, affordable, intuitive, or understandable",0.18701069056987762
Only adjusters can request recycled parts audit reports. No users without an adjuster role shall request recycled parts audits.,"not about instructive, easy, helpful, useful, learnable, explainable, affordable, intuitive, or understandable","not about instructive, easy, helpful, useful, learnable, explainable, affordable, intuitive, or understandable",0.2579788863658905
Only adjusters with a supervisor role can update preferred repair facility ratings. Users without the supervisor role cannot access the repair facility ratings.,"not about instructive, easy, helpful, useful, learnable, explainable, affordable, intuitive, or understandable","not about instructive, easy, helpful, useful, learnable, explainable, affordable, intuitive, or understandable",0.3336854577064514
Only collision estimators shall search for recycled parts.  Users without the collision estimator role shall not have access to the search for recycled parts.,"not about instructive, easy, helpful, useful, learnable, explainable, affordable, intuitive, or understandable","not about instructive, easy, helpful, useful, learnable, explainable, affordable, intuitive, or understandable",0.3293505012989044
Only valid data shall be entered into the system.  No invalid data shall be entered into the system.,"not about instructive, easy, helpful, useful, learnable, explainable, affordable, intuitive, or understandable","not about instructive, easy, helpful, useful, learnable, explainable, affordable, intuitive, or understandable",0.33629047870635986
One insurance company shall not be able to view another insurance companys claim data.,"not about instructive, easy, helpful, useful, learnable, explainable, affordable, intuitive, or understandable","not about instructive, easy, helpful, useful, learnable, explainable, affordable, intuitive, or understandable",0.023871909826993942
The product shall free of computer viruses.,"not about instructive, easy, helpful, useful, learnable, explainable, affordable, intuitive, or understandable","instructive, easy, helpful, useful, learnable, explainable, affordable, intuitive, or understandable",0.4318622946739197
The system shall prevent malicious attacks including denial of service.,"not about instructive, easy, helpful, useful, learnable, explainable, affordable, intuitive, or understandable","instructive, easy, helpful, useful, learnable, explainable, affordable, intuitive, or understandable",0.2899106442928314
 The product must work with most database management systems (DBMS) on the market  whether the DBMS is colocated with the product on the same machine or is located on a different machine on the computer network.,"not about instructive, easy, helpful, useful, learnable, explainable, affordable, intuitive, or understandable","instructive, easy, helpful, useful, learnable, explainable, affordable, intuitive, or understandable",0.19741085171699524
The product will function alongside server software on any operating system where the Java runtime can be installed.,"not about instructive, easy, helpful, useful, learnable, explainable, affordable, intuitive, or understandable","instructive, easy, helpful, useful, learnable, explainable, affordable, intuitive, or understandable",0.2909933924674988
The product will require collaboration with a database management system (DBMS).  The DBMS may be located on the same machine as the product or on a separate machine residing on the same computer network.,"not about instructive, easy, helpful, useful, learnable, explainable, affordable, intuitive, or understandable","instructive, easy, helpful, useful, learnable, explainable, affordable, intuitive, or understandable",0.19243831932544708
 The product must make use of web/application server technology.  Open source examples include Apache web server  Tomcat  and the JBoss application server.,"not about instructive, easy, helpful, useful, learnable, explainable, affordable, intuitive, or understandable","instructive, easy, helpful, useful, learnable, explainable, affordable, intuitive, or understandable",0.26117220520973206
 A database management system such as Oracle  DB2  MySql or HSQL will need to be integrated with the product.,"not about instructive, easy, helpful, useful, learnable, explainable, affordable, intuitive, or understandable","instructive, easy, helpful, useful, learnable, explainable, affordable, intuitive, or understandable",0.21753047406673431
The product shall make the users want to use it. 80% of the users surveyed report they are regularly using the product after the first 2 weeks post-launch.,"instructive, easy, helpful, useful, learnable, explainable, affordable, intuitive, or understandable","instructive, easy, helpful, useful, learnable, explainable, affordable, intuitive, or understandable",0.15392723679542542
The product shall be easy to use. 90% of users will be able to successfully reserve a conference room within 5 minutes of product use.,"instructive, easy, helpful, useful, learnable, explainable, affordable, intuitive, or understandable","instructive, easy, helpful, useful, learnable, explainable, affordable, intuitive, or understandable",0.409184992313385
The product shall give users feedback when necessary. 80% of the users surveyed report that the product accurately confirms their actions.,"instructive, easy, helpful, useful, learnable, explainable, affordable, intuitive, or understandable","instructive, easy, helpful, useful, learnable, explainable, affordable, intuitive, or understandable",0.46615538001060486
The product shall allow the user to select a chosen language from one of the target market countries.,"instructive, easy, helpful, useful, learnable, explainable, affordable, intuitive, or understandable","instructive, easy, helpful, useful, learnable, explainable, affordable, intuitive, or understandable",0.21394741535186768
The product shall allow for customization of start page and views preferences.,"instructive, easy, helpful, useful, learnable, explainable, affordable, intuitive, or understandable","instructive, easy, helpful, useful, learnable, explainable, affordable, intuitive, or understandable",0.2844697833061218
 An employee will be able to successfully use the product within a few minutes.  After informally navigating the product for less than 15 minutes  users shall be able to successfully setup meetings and reserve conference rooms.,"instructive, easy, helpful, useful, learnable, explainable, affordable, intuitive, or understandable","instructive, easy, helpful, useful, learnable, explainable, affordable, intuitive, or understandable",0.297280490398407
The product shall use a standard navigation menu familiar to most web users.,"instructive, easy, helpful, useful, learnable, explainable, affordable, intuitive, or understandable","instructive, easy, helpful, useful, learnable, explainable, affordable, intuitive, or understandable",0.335006982088089
The product shall allow for intuitive searching of available conference rooms.,"instructive, easy, helpful, useful, learnable, explainable, affordable, intuitive, or understandable","instructive, easy, helpful, useful, learnable, explainable, affordable, intuitive, or understandable",0.4069675803184509
The product shall conform to the Americans with Disabilities Act.,"instructive, easy, helpful, useful, learnable, explainable, affordable, intuitive, or understandable","instructive, easy, helpful, useful, learnable, explainable, affordable, intuitive, or understandable",0.31355583667755127
The response shall be fast enough to avoid interrupting the user’s flow of thought.  90% of tasks shall complete within 5 seconds.  98% of tasks shall complete within 8 seconds.,"not about instructive, easy, helpful, useful, learnable, explainable, affordable, intuitive, or understandable","instructive, easy, helpful, useful, learnable, explainable, affordable, intuitive, or understandable",0.4461052417755127
The product shall be used in office environments.,"not about instructive, easy, helpful, useful, learnable, explainable, affordable, intuitive, or understandable","instructive, easy, helpful, useful, learnable, explainable, affordable, intuitive, or understandable",0.1833241730928421
The product must be able to interface with any HTML browser.  The product shall transmit data between the user and the product without problems. The product shall display HTML properly in 80% of all HTML browsers tested (minimum is to test 8 browsers).,"not about instructive, easy, helpful, useful, learnable, explainable, affordable, intuitive, or understandable","instructive, easy, helpful, useful, learnable, explainable, affordable, intuitive, or understandable",0.39980053901672363
The product must be able to interface with various database management systems. The product shall communicate successfully with the database management system on 100% of all transactions.,"not about instructive, easy, helpful, useful, learnable, explainable, affordable, intuitive, or understandable","instructive, easy, helpful, useful, learnable, explainable, affordable, intuitive, or understandable",0.3494957387447357
The product must be able to interface with various email servers. The product shall be able to send email.,"not about instructive, easy, helpful, useful, learnable, explainable, affordable, intuitive, or understandable","instructive, easy, helpful, useful, learnable, explainable, affordable, intuitive, or understandable",0.17552632093429565
The product shall be available for distribution via the Internet as a binary or ZIP file.,"not about instructive, easy, helpful, useful, learnable, explainable, affordable, intuitive, or understandable","instructive, easy, helpful, useful, learnable, explainable, affordable, intuitive, or understandable",0.12546676397323608
The product shall be available for distribution as a packaged CD.,"not about instructive, easy, helpful, useful, learnable, explainable, affordable, intuitive, or understandable","instructive, easy, helpful, useful, learnable, explainable, affordable, intuitive, or understandable",0.18146242201328278
 The product will be available for licensing as a one-server  two-five servers  or five-or-more servers license.,"not about instructive, easy, helpful, useful, learnable, explainable, affordable, intuitive, or understandable","instructive, easy, helpful, useful, learnable, explainable, affordable, intuitive, or understandable",0.16685202717781067
A new user must be able to be added to the system within 10 minutes.  90% of new users are able to log into the system within 10 minutes.,"instructive, easy, helpful, useful, learnable, explainable, affordable, intuitive, or understandable","instructive, easy, helpful, useful, learnable, explainable, affordable, intuitive, or understandable",0.21720336377620697
Every registered user will have access to the product’s support site via the Internet.  70% of registered users shall find a solution to their problem within 5 minutes of using the support site.,"instructive, easy, helpful, useful, learnable, explainable, affordable, intuitive, or understandable","instructive, easy, helpful, useful, learnable, explainable, affordable, intuitive, or understandable",0.1629093587398529
 The product shall be translated into foreign languages other than the target market countries’ languages in future releases.  For each emerging target market  it shall take no more than 5 days to configure the product for that market’s language.,"instructive, easy, helpful, useful, learnable, explainable, affordable, intuitive, or understandable","not about instructive, easy, helpful, useful, learnable, explainable, affordable, intuitive, or understandable",0.0768730565905571
 The product is expected to integrate with multiple database management systems.  The product will operate with Oracle  SQL Server  DB2  MySQL  HSQL  and MS Access.,"not about instructive, easy, helpful, useful, learnable, explainable, affordable, intuitive, or understandable","instructive, easy, helpful, useful, learnable, explainable, affordable, intuitive, or understandable",0.19082927703857422
The product shall be able to be installed in any operating environment within 2 days.,"not about instructive, easy, helpful, useful, learnable, explainable, affordable, intuitive, or understandable","instructive, easy, helpful, useful, learnable, explainable, affordable, intuitive, or understandable",0.18607985973358154
The product shall ensure that only company employees or external users with company-approved user IDs may have product access.  100% of all logons shall be by either company employees or external users with company-approved user IDs.,"not about instructive, easy, helpful, useful, learnable, explainable, affordable, intuitive, or understandable","instructive, easy, helpful, useful, learnable, explainable, affordable, intuitive, or understandable",0.2140297293663025
Only managers are able to perform search queries for reservations by user.  100% of all search queries for reservations by user shall be from logons of only management logons.,"not about instructive, easy, helpful, useful, learnable, explainable, affordable, intuitive, or understandable","not about instructive, easy, helpful, useful, learnable, explainable, affordable, intuitive, or understandable",0.16835767030715942
The product shall ensure that the database’s data corresponds to the data entered by the user.  Each conference room reservation in the system will contain the same information as was entered by the user.,"not about instructive, easy, helpful, useful, learnable, explainable, affordable, intuitive, or understandable","instructive, easy, helpful, useful, learnable, explainable, affordable, intuitive, or understandable",0.2517421841621399
The product shall prevent the input of malicious data.  The product and/or adjacent hardware/software systems’ data shall remain 100% uncorrupted each time malicious data is input into the product.,"not about instructive, easy, helpful, useful, learnable, explainable, affordable, intuitive, or understandable","instructive, easy, helpful, useful, learnable, explainable, affordable, intuitive, or understandable",0.38386601209640503
The product shall have the ability to receive automatic software updates as new threats emerge.  100% of customers will be able to receive automatic software updates transmitted to the installed product.,"not about instructive, easy, helpful, useful, learnable, explainable, affordable, intuitive, or understandable","instructive, easy, helpful, useful, learnable, explainable, affordable, intuitive, or understandable",0.38644200563430786
The product shall be able to display calendar dates and times according to the user’s locale.  90% of survey respondents from each target market country will find that the date and time formatting of the product is correct.,"instructive, easy, helpful, useful, learnable, explainable, affordable, intuitive, or understandable","instructive, easy, helpful, useful, learnable, explainable, affordable, intuitive, or understandable",0.3465486764907837
The product must be developed with the J2SE/J2EE programming language libraries,"not about instructive, easy, helpful, useful, learnable, explainable, affordable, intuitive, or understandable","instructive, easy, helpful, useful, learnable, explainable, affordable, intuitive, or understandable",0.1895095854997635
Recreation of Inventory Quantity Adjustment for the period of previous 30 days shall take no more than 30min.,"not about instructive, easy, helpful, useful, learnable, explainable, affordable, intuitive, or understandable","not about instructive, easy, helpful, useful, learnable, explainable, affordable, intuitive, or understandable",0.07934883236885071
The System shall allow for a minimum of  6 users to work at the same time.,"not about instructive, easy, helpful, useful, learnable, explainable, affordable, intuitive, or understandable","instructive, easy, helpful, useful, learnable, explainable, affordable, intuitive, or understandable",0.2557011842727661
The System shall utilize currently owned computer equipment.,"not about instructive, easy, helpful, useful, learnable, explainable, affordable, intuitive, or understandable","instructive, easy, helpful, useful, learnable, explainable, affordable, intuitive, or understandable",0.20113831758499146
The System shall be able to automatically backup business data and restore them on demand.,"not about instructive, easy, helpful, useful, learnable, explainable, affordable, intuitive, or understandable","instructive, easy, helpful, useful, learnable, explainable, affordable, intuitive, or understandable",0.2703014612197876
The System shall maintain consistent security.  Any changes in user passwords and/or permissions should take affect in all parts of the System.,"not about instructive, easy, helpful, useful, learnable, explainable, affordable, intuitive, or understandable","instructive, easy, helpful, useful, learnable, explainable, affordable, intuitive, or understandable",0.35259807109832764
The System shall granularly control access rights to all major subsystems.  It should be possible to assign access rights to all subsystems independently.,"not about instructive, easy, helpful, useful, learnable, explainable, affordable, intuitive, or understandable","instructive, easy, helpful, useful, learnable, explainable, affordable, intuitive, or understandable",0.276907742023468
The System shall not require additional third party licenses resulting in royalty fees.,"not about instructive, easy, helpful, useful, learnable, explainable, affordable, intuitive, or understandable","not about instructive, easy, helpful, useful, learnable, explainable, affordable, intuitive, or understandable",0.3365824818611145
Administrator shall be able to activate a pre-paid card via the Administration section in under 5 seconds.,"not about instructive, easy, helpful, useful, learnable, explainable, affordable, intuitive, or understandable","instructive, easy, helpful, useful, learnable, explainable, affordable, intuitive, or understandable",0.1284925937652588
 Customer shall be able to check the status of their prepaid card  by entering in the PIN number  in under 5 seconds.,"not about instructive, easy, helpful, useful, learnable, explainable, affordable, intuitive, or understandable","instructive, easy, helpful, useful, learnable, explainable, affordable, intuitive, or understandable",0.07558240741491318
System shall let customers register on the website as a “pay as you go” user in under 5 minutes.,"not about instructive, easy, helpful, useful, learnable, explainable, affordable, intuitive, or understandable","instructive, easy, helpful, useful, learnable, explainable, affordable, intuitive, or understandable",0.02909132093191147
System shall let customers register on the website as a “unlimited movie subscriber” user in under 10 minutes.,"not about instructive, easy, helpful, useful, learnable, explainable, affordable, intuitive, or understandable","instructive, easy, helpful, useful, learnable, explainable, affordable, intuitive, or understandable",0.18141302466392517
System shall let existing customers log into the website with their email address and password in under 5 seconds.,"not about instructive, easy, helpful, useful, learnable, explainable, affordable, intuitive, or understandable","instructive, easy, helpful, useful, learnable, explainable, affordable, intuitive, or understandable",0.013013497926294804
 System shall let customers cancel their account  process shall take no longer than 2 minutes.  Database will mark the account as inactive  and user will not be able to log into the website.,"not about instructive, easy, helpful, useful, learnable, explainable, affordable, intuitive, or understandable","not about instructive, easy, helpful, useful, learnable, explainable, affordable, intuitive, or understandable",0.02754071354866028
System shall let administrator de-activate a customer account in under 1 minute. Customer will no longer be able to access the website.,"not about instructive, easy, helpful, useful, learnable, explainable, affordable, intuitive, or understandable","not about instructive, easy, helpful, useful, learnable, explainable, affordable, intuitive, or understandable",0.08451437950134277
System shall let administrator add/remove movies on the website in under 5 minutes.  Entered movie information will be stored in the database and will now be available on the website.,"not about instructive, easy, helpful, useful, learnable, explainable, affordable, intuitive, or understandable","instructive, easy, helpful, useful, learnable, explainable, affordable, intuitive, or understandable",-0.03791986405849457
System shall let the administrator add/remove categories on the website in under 5 minutes.,"not about instructive, easy, helpful, useful, learnable, explainable, affordable, intuitive, or understandable","instructive, easy, helpful, useful, learnable, explainable, affordable, intuitive, or understandable",0.054858237504959106
System shall let Izogn Manager access sales and usage statistics in under 2 minutes.,"not about instructive, easy, helpful, useful, learnable, explainable, affordable, intuitive, or understandable","instructive, easy, helpful, useful, learnable, explainable, affordable, intuitive, or understandable",0.10171825438737869
System shall let administrators generate unique pre-paid pins in under 2 minutes and generate an Excel file with the generated PINs.,"not about instructive, easy, helpful, useful, learnable, explainable, affordable, intuitive, or understandable","instructive, easy, helpful, useful, learnable, explainable, affordable, intuitive, or understandable",0.13303078711032867
The product should be able to be used by 90% of novice users on the Internet.,"instructive, easy, helpful, useful, learnable, explainable, affordable, intuitive, or understandable","instructive, easy, helpful, useful, learnable, explainable, affordable, intuitive, or understandable",0.2664772570133209
 Users should only have to navigate through a maximum of 4 pages  to create an account with the website.,"instructive, easy, helpful, useful, learnable, explainable, affordable, intuitive, or understandable","not about instructive, easy, helpful, useful, learnable, explainable, affordable, intuitive, or understandable",0.07355064898729324
Users should be able to access their streaming movies in under 2 clicks after logging into the website.,"instructive, easy, helpful, useful, learnable, explainable, affordable, intuitive, or understandable","instructive, easy, helpful, useful, learnable, explainable, affordable, intuitive, or understandable",0.06975707411766052
An anonymous survey will show that 70% of customers are comfortable purchasing streaming movies after 2 weeks using the website.,"instructive, easy, helpful, useful, learnable, explainable, affordable, intuitive, or understandable","instructive, easy, helpful, useful, learnable, explainable, affordable, intuitive, or understandable",0.036949656903743744
An anonymous survey will show that 95% of customers are comfortable using and purchasing pre-paid cards after a month of using the system.,"instructive, easy, helpful, useful, learnable, explainable, affordable, intuitive, or understandable","instructive, easy, helpful, useful, learnable, explainable, affordable, intuitive, or understandable",0.14634181559085846
The product shall retain the customer’s buying preferences and information.,"instructive, easy, helpful, useful, learnable, explainable, affordable, intuitive, or understandable","instructive, easy, helpful, useful, learnable, explainable, affordable, intuitive, or understandable",0.33006012439727783
The product shall be easy for customers with novice skills on the  Internet to purchase and watch streaming movies.  Customers should be able to purchase and watch a pre-determined movie in under 3 minutes.,"instructive, easy, helpful, useful, learnable, explainable, affordable, intuitive, or understandable","instructive, easy, helpful, useful, learnable, explainable, affordable, intuitive, or understandable",0.29151222109794617
The product shall use symbols and words that are naturally understandable by users familiar with websites,"instructive, easy, helpful, useful, learnable, explainable, affordable, intuitive, or understandable","instructive, easy, helpful, useful, learnable, explainable, affordable, intuitive, or understandable",0.4634040892124176
The website will use standard Internet conventions when interacting with the user.,"instructive, easy, helpful, useful, learnable, explainable, affordable, intuitive, or understandable","instructive, easy, helpful, useful, learnable, explainable, affordable, intuitive, or understandable",0.33392947912216187
 Any interface between a user and the automated system shall have a maximum response time of 5 seconds  unless noted by an exception below.,"not about instructive, easy, helpful, useful, learnable, explainable, affordable, intuitive, or understandable","instructive, easy, helpful, useful, learnable, explainable, affordable, intuitive, or understandable",0.17378035187721252
 When purchasing a streaming movie or pre-paid card via credit card  the processing time should have a maximum response time of 15 seconds.,"not about instructive, easy, helpful, useful, learnable, explainable, affordable, intuitive, or understandable","instructive, easy, helpful, useful, learnable, explainable, affordable, intuitive, or understandable",0.0278086569160223
 When streaming a movie  the buffering time should take no longer than 10 seconds (plus any latency on the user’s connection.),"not about instructive, easy, helpful, useful, learnable, explainable, affordable, intuitive, or understandable","not about instructive, easy, helpful, useful, learnable, explainable, affordable, intuitive, or understandable",0.20117557048797607
 While streaming a movie  buffering should only occur if there is latency in the user’s connection.,"not about instructive, easy, helpful, useful, learnable, explainable, affordable, intuitive, or understandable","not about instructive, easy, helpful, useful, learnable, explainable, affordable, intuitive, or understandable",0.2288840264081955
 All credit card information will be secured on the server  and only accessible by authorized Izogn administrators.  Information will be encrypted in the database.,"not about instructive, easy, helpful, useful, learnable, explainable, affordable, intuitive, or understandable","not about instructive, easy, helpful, useful, learnable, explainable, affordable, intuitive, or understandable",0.1497015357017517
All aspects of the website shall be accessed by a web browser over the Internet.,"not about instructive, easy, helpful, useful, learnable, explainable, affordable, intuitive, or understandable","instructive, easy, helpful, useful, learnable, explainable, affordable, intuitive, or understandable",0.1173332929611206
The same hardware supporting the current website will be used to support the new system.,"not about instructive, easy, helpful, useful, learnable, explainable, affordable, intuitive, or understandable","instructive, easy, helpful, useful, learnable, explainable, affordable, intuitive, or understandable",0.36814576387405396
 We must be able to interface with the following browsers: IE 5.X  6.0  Netscape 6.x  7.x  8.x and Firefox 1.0.,"not about instructive, easy, helpful, useful, learnable, explainable, affordable, intuitive, or understandable","instructive, easy, helpful, useful, learnable, explainable, affordable, intuitive, or understandable",0.20012350380420685
Website must interface with the CyberSource API to process credit card transactions.,"not about instructive, easy, helpful, useful, learnable, explainable, affordable, intuitive, or understandable","instructive, easy, helpful, useful, learnable, explainable, affordable, intuitive, or understandable",0.10996502637863159
Website must be fully operational with MSN TV2.,"not about instructive, easy, helpful, useful, learnable, explainable, affordable, intuitive, or understandable","instructive, easy, helpful, useful, learnable, explainable, affordable, intuitive, or understandable",0.16538956761360168
Movies shall be encoded and streamed via Windows Media Player 9.0.,"not about instructive, easy, helpful, useful, learnable, explainable, affordable, intuitive, or understandable","instructive, easy, helpful, useful, learnable, explainable, affordable, intuitive, or understandable",0.06382125616073608
Movies shall be encoded for 56k and 256k streams.,"not about instructive, easy, helpful, useful, learnable, explainable, affordable, intuitive, or understandable","instructive, easy, helpful, useful, learnable, explainable, affordable, intuitive, or understandable",-0.001799105666577816
Izogn Administrator must be able to update the category listings on the website within 2 minutes.,"not about instructive, easy, helpful, useful, learnable, explainable, affordable, intuitive, or understandable","instructive, easy, helpful, useful, learnable, explainable, affordable, intuitive, or understandable",0.15328480303287506
Izogn Administrator must be able to add new products to the website within 2 minutes.,"not about instructive, easy, helpful, useful, learnable, explainable, affordable, intuitive, or understandable","instructive, easy, helpful, useful, learnable, explainable, affordable, intuitive, or understandable",0.06816365569829941
The website will provide a help section with answers and solutions to common problems.,"instructive, easy, helpful, useful, learnable, explainable, affordable, intuitive, or understandable","instructive, easy, helpful, useful, learnable, explainable, affordable, intuitive, or understandable",0.442445307970047
The product shall be able to be installed in the specified environment within 1 working day.,"not about instructive, easy, helpful, useful, learnable, explainable, affordable, intuitive, or understandable","instructive, easy, helpful, useful, learnable, explainable, affordable, intuitive, or understandable",0.2393689900636673
Only registered customers can purchase streaming movies.,"not about instructive, easy, helpful, useful, learnable, explainable, affordable, intuitive, or understandable","not about instructive, easy, helpful, useful, learnable, explainable, affordable, intuitive, or understandable",0.10287301242351532
 A customer can only stream a movie if they purchased it  and are within the 2 day viewing period.,"not about instructive, easy, helpful, useful, learnable, explainable, affordable, intuitive, or understandable","not about instructive, easy, helpful, useful, learnable, explainable, affordable, intuitive, or understandable",0.0176292285323143
Only authorized personnel can access customer records in the database.,"not about instructive, easy, helpful, useful, learnable, explainable, affordable, intuitive, or understandable","not about instructive, easy, helpful, useful, learnable, explainable, affordable, intuitive, or understandable",0.2060416340827942
Only administrators can activate a pre-paid card.,"not about instructive, easy, helpful, useful, learnable, explainable, affordable, intuitive, or understandable","not about instructive, easy, helpful, useful, learnable, explainable, affordable, intuitive, or understandable",0.1746545135974884
Only authorized personnel can access sales information.,"not about instructive, easy, helpful, useful, learnable, explainable, affordable, intuitive, or understandable","not about instructive, easy, helpful, useful, learnable, explainable, affordable, intuitive, or understandable",0.20372891426086426
The website shall prevent its data from being corrupted when incorrect data is entered in.,"not about instructive, easy, helpful, useful, learnable, explainable, affordable, intuitive, or understandable","not about instructive, easy, helpful, useful, learnable, explainable, affordable, intuitive, or understandable",0.3126516044139862
 The website shall protect itself from intentional abuse  and notify the administrator at all occurrences.,"not about instructive, easy, helpful, useful, learnable, explainable, affordable, intuitive, or understandable","instructive, easy, helpful, useful, learnable, explainable, affordable, intuitive, or understandable",0.27938416600227356
Data integrity scripts will be run on a weekly basis to verify the integrity of the database.,"not about instructive, easy, helpful, useful, learnable, explainable, affordable, intuitive, or understandable","instructive, easy, helpful, useful, learnable, explainable, affordable, intuitive, or understandable",0.17077207565307617
 The website shall make its user aware of its information practices before collection data from them via a Privacy Policy  accessible on all pages of the website.,"not about instructive, easy, helpful, useful, learnable, explainable, affordable, intuitive, or understandable","instructive, easy, helpful, useful, learnable, explainable, affordable, intuitive, or understandable",0.20453575253486633
The system shall notify customers of changes to its information policy.,"not about instructive, easy, helpful, useful, learnable, explainable, affordable, intuitive, or understandable","not about instructive, easy, helpful, useful, learnable, explainable, affordable, intuitive, or understandable",0.11551526933908463
The system shall reveal private information only in compliance with the organization’s information policy.,"not about instructive, easy, helpful, useful, learnable, explainable, affordable, intuitive, or understandable","not about instructive, easy, helpful, useful, learnable, explainable, affordable, intuitive, or understandable",0.15137915313243866
 All customer information will be stored on a secure database  accessible only to authorized personnel.,"not about instructive, easy, helpful, useful, learnable, explainable, affordable, intuitive, or understandable","instructive, easy, helpful, useful, learnable, explainable, affordable, intuitive, or understandable",0.21878355741500854
All credit card information will be encrypted in the database.,"not about instructive, easy, helpful, useful, learnable, explainable, affordable, intuitive, or understandable","instructive, easy, helpful, useful, learnable, explainable, affordable, intuitive, or understandable",0.05754455551505089
The streaming server will have anti-virus software to prevent infection of malicious viruses.,"not about instructive, easy, helpful, useful, learnable, explainable, affordable, intuitive, or understandable","instructive, easy, helpful, useful, learnable, explainable, affordable, intuitive, or understandable",0.2445051372051239
The website should use Flash to provide animation on the home page.,"not about instructive, easy, helpful, useful, learnable, explainable, affordable, intuitive, or understandable","instructive, easy, helpful, useful, learnable, explainable, affordable, intuitive, or understandable",0.09992574900388718
Total lead cycle time must be completed in 5 minutes for 90% of lead volume between the business hours of 8AM CST to 8PM CST  then 3 minutes for 99% of lead volume during off business hours.,"not about instructive, easy, helpful, useful, learnable, explainable, affordable, intuitive, or understandable","instructive, easy, helpful, useful, learnable, explainable, affordable, intuitive, or understandable",0.03579559549689293
No lead evaluation will complete in a time period longer than 25 seconds for 97% of all leads processed.,"not about instructive, easy, helpful, useful, learnable, explainable, affordable, intuitive, or understandable","not about instructive, easy, helpful, useful, learnable, explainable, affordable, intuitive, or understandable",0.11179683357477188
For leads that process longer than 25 seconds the system will record the event and duration,"not about instructive, easy, helpful, useful, learnable, explainable, affordable, intuitive, or understandable","instructive, easy, helpful, useful, learnable, explainable, affordable, intuitive, or understandable",0.1535811573266983
The process must fit within the processing time conditions set forth by the Auto Rep Assignment process in which a lead is assigned within 3 minutes of the total life cycle.,"not about instructive, easy, helpful, useful, learnable, explainable, affordable, intuitive, or understandable","instructive, easy, helpful, useful, learnable, explainable, affordable, intuitive, or understandable",0.15635457634925842
The lead washing process will operate within the established physical web service structure.,"not about instructive, easy, helpful, useful, learnable, explainable, affordable, intuitive, or understandable","instructive, easy, helpful, useful, learnable, explainable, affordable, intuitive, or understandable",0.11811842769384384
 The washing process must use a non binding  neutral data format  such as xml  when receiving and processing lead data.,"not about instructive, easy, helpful, useful, learnable, explainable, affordable, intuitive, or understandable","not about instructive, easy, helpful, useful, learnable, explainable, affordable, intuitive, or understandable",0.14898447692394257
The product shall able to handle a large number of games simultaneously.,"not about instructive, easy, helpful, useful, learnable, explainable, affordable, intuitive, or understandable","instructive, easy, helpful, useful, learnable, explainable, affordable, intuitive, or understandable",0.3098086416721344
The response time shall be fast enough to maintain the flow of the game.  The response time shall be no more than 2 seconds for 95% of responses and no more than 4% for the remaining responses.,"not about instructive, easy, helpful, useful, learnable, explainable, affordable, intuitive, or understandable","instructive, easy, helpful, useful, learnable, explainable, affordable, intuitive, or understandable",0.3327038884162903
The product shall protect the identity of the players. The product shall provide players no access to information that might reveal the identity of another player.,"not about instructive, easy, helpful, useful, learnable, explainable, affordable, intuitive, or understandable","not about instructive, easy, helpful, useful, learnable, explainable, affordable, intuitive, or understandable",0.29338589310646057
The product shall be intuitive and self-explanatory.  Nine out ten users shall be able to successfully complete a game with no training.,"instructive, easy, helpful, useful, learnable, explainable, affordable, intuitive, or understandable","not about instructive, easy, helpful, useful, learnable, explainable, affordable, intuitive, or understandable",0.5465402007102966
 The product shall be available to players who understand English  Spanish and French.  The product shall allow the user to select the language upon accessing the product.,"instructive, easy, helpful, useful, learnable, explainable, affordable, intuitive, or understandable","instructive, easy, helpful, useful, learnable, explainable, affordable, intuitive, or understandable",0.20270070433616638
The product shall provide players no access to information that might reveal the identity of another player,"not about instructive, easy, helpful, useful, learnable, explainable, affordable, intuitive, or understandable","not about instructive, easy, helpful, useful, learnable, explainable, affordable, intuitive, or understandable",0.2514059543609619
The response time shall be fast enough to maintain the flow of the game. The response time shall be no more than 2 seconds for 95% of responses and no more than 4% for the remaining responses.,"not about instructive, easy, helpful, useful, learnable, explainable, affordable, intuitive, or understandable","instructive, easy, helpful, useful, learnable, explainable, affordable, intuitive, or understandable",0.3327038884162903
The system shall be easy to use by callers and supervisors. Callers and supervisors must be able to accomplish any system task within 2 minutes.,"instructive, easy, helpful, useful, learnable, explainable, affordable, intuitive, or understandable","instructive, easy, helpful, useful, learnable, explainable, affordable, intuitive, or understandable",0.5047364830970764
The system shall be easy to learn by callers and supervisors. Callers and supervisors shall learn how to use the system within 10 minutes.,"instructive, easy, helpful, useful, learnable, explainable, affordable, intuitive, or understandable","instructive, easy, helpful, useful, learnable, explainable, affordable, intuitive, or understandable",0.49417632818222046
 The system shall be responsive. At the DePaul TeleServices Center  when a supervisor uses the system to view a callers schedule  the system response time must be no more than 2 seconds 90% of the time and no more than 5 seconds the rest of the time.,"not about instructive, easy, helpful, useful, learnable, explainable, affordable, intuitive, or understandable","instructive, easy, helpful, useful, learnable, explainable, affordable, intuitive, or understandable",0.3029531240463257
 On a 56k connection  the system response time for all operations must be no more than 6 seconds 90% of the time.,"not about instructive, easy, helpful, useful, learnable, explainable, affordable, intuitive, or understandable","not about instructive, easy, helpful, useful, learnable, explainable, affordable, intuitive, or understandable",0.07597517222166061
 On a 112k connection or faster  the system response time for all operations must be no more than 3 seconds 90% of the time.,"not about instructive, easy, helpful, useful, learnable, explainable, affordable, intuitive, or understandable","not about instructive, easy, helpful, useful, learnable, explainable, affordable, intuitive, or understandable",0.1967257261276245
The product shall ensure that only supervisors can advertise empty time slots.The product must ensure that supervisors are allowed to access advertise empty time slots.,"not about instructive, easy, helpful, useful, learnable, explainable, affordable, intuitive, or understandable","not about instructive, easy, helpful, useful, learnable, explainable, affordable, intuitive, or understandable",0.24940171837806702
The product shall ensure that only supervisors can enter a caller’s schedule.The product must ensure that supervisors are allowed to access advertise empty time slots.,"not about instructive, easy, helpful, useful, learnable, explainable, affordable, intuitive, or understandable","not about instructive, easy, helpful, useful, learnable, explainable, affordable, intuitive, or understandable",0.20192976295948029
The product shall ensure that only supervisors can view schedule of all callers.The product must ensure that supervisors are allowed to access advertise empty time slots.,"not about instructive, easy, helpful, useful, learnable, explainable, affordable, intuitive, or understandable","not about instructive, easy, helpful, useful, learnable, explainable, affordable, intuitive, or understandable",0.18240702152252197
The product shall provide Monitoring Services.The product shall be easy for System Administrators and DBAs to use after two weeks of usage.,"instructive, easy, helpful, useful, learnable, explainable, affordable, intuitive, or understandable","instructive, easy, helpful, useful, learnable, explainable, affordable, intuitive, or understandable",0.48080694675445557
The product shall provide Error Tracking Services.The product shall help the System Administrators and DBAs to resolve transaction errors 99% of the time.,"instructive, easy, helpful, useful, learnable, explainable, affordable, intuitive, or understandable","instructive, easy, helpful, useful, learnable, explainable, affordable, intuitive, or understandable",0.38428255915641785
The product shall provide Portals.The product shall help System Administrators to analyze the transactions with ad-hoc reporting and KPIs (Key Performance Indicators),"instructive, easy, helpful, useful, learnable, explainable, affordable, intuitive, or understandable","instructive, easy, helpful, useful, learnable, explainable, affordable, intuitive, or understandable",0.29447686672210693
The product shall provide Asynchronous Messaging.The product shall provide asynchronous messaging to enable parallel processing and reduce the overhead in communications,"not about instructive, easy, helpful, useful, learnable, explainable, affordable, intuitive, or understandable","instructive, easy, helpful, useful, learnable, explainable, affordable, intuitive, or understandable",0.30787333846092224
The product shall provide Multi-threading and Load Balancing.The product shall provide multi-threading technology as well as load balancing to overcome data load spikes and traffic.,"not about instructive, easy, helpful, useful, learnable, explainable, affordable, intuitive, or understandable","instructive, easy, helpful, useful, learnable, explainable, affordable, intuitive, or understandable",0.3616608679294586
The product shall process messages within 2 seconds.The product shall have a maximum message processing time of 2 seconds,"not about instructive, easy, helpful, useful, learnable, explainable, affordable, intuitive, or understandable","instructive, easy, helpful, useful, learnable, explainable, affordable, intuitive, or understandable",0.1275981366634369
The product shall poll the system for messages every second.The product shall poll the system for new messages at a maximum of every 1 second.,"not about instructive, easy, helpful, useful, learnable, explainable, affordable, intuitive, or understandable","instructive, easy, helpful, useful, learnable, explainable, affordable, intuitive, or understandable",0.08606624603271484
The product shall provide Dynamic Change Support and Transparent resource addition.The product shall support Transparent Resource addition and Dynamic Change support to provide scalability and avoid service interruptions of more than 1 day.,"not about instructive, easy, helpful, useful, learnable, explainable, affordable, intuitive, or understandable","instructive, easy, helpful, useful, learnable, explainable, affordable, intuitive, or understandable",0.4894477427005768
The product shall be platform independent.The product shall enable access to any type of development environment and platform.,"not about instructive, easy, helpful, useful, learnable, explainable, affordable, intuitive, or understandable","instructive, easy, helpful, useful, learnable, explainable, affordable, intuitive, or understandable",0.3802744150161743
The product shall interface CSR and Datastream.The product shall exchange messages between CSR and EAM on a real time basis without any direct interfaces between two systems.,"not about instructive, easy, helpful, useful, learnable, explainable, affordable, intuitive, or understandable","not about instructive, easy, helpful, useful, learnable, explainable, affordable, intuitive, or understandable",0.26395946741104126
 The product shall have security.The product shall provide authentication  and authorization.,"not about instructive, easy, helpful, useful, learnable, explainable, affordable, intuitive, or understandable","instructive, easy, helpful, useful, learnable, explainable, affordable, intuitive, or understandable",0.376463919878006
The product shall information Security. The product shall enable privacy by encryption WS-Security and Integrity Checking.,"not about instructive, easy, helpful, useful, learnable, explainable, affordable, intuitive, or understandable","instructive, easy, helpful, useful, learnable, explainable, affordable, intuitive, or understandable",0.31440961360931396
The product shall have audit capabilities.The product shall store messages for a minimum of one year for audit and transaction tracking purposes.,"not about instructive, easy, helpful, useful, learnable, explainable, affordable, intuitive, or understandable","instructive, easy, helpful, useful, learnable, explainable, affordable, intuitive, or understandable",0.24868622422218323
The system must use a point and click interface. 100% of all selection and navigation functionality must be able to be activated/selected by either a mouse or a keyboard,"instructive, easy, helpful, useful, learnable, explainable, affordable, intuitive, or understandable","instructive, easy, helpful, useful, learnable, explainable, affordable, intuitive, or understandable",0.2886638939380646
The interface shall be easy to use. 90% of users should be able to successfully use the system to generate a report on their first use. The interface should adhere to IBM usability standards.,"instructive, easy, helpful, useful, learnable, explainable, affordable, intuitive, or understandable","instructive, easy, helpful, useful, learnable, explainable, affordable, intuitive, or understandable",0.511555552482605
Rreports must be easy to generate. eports must be generated within one button click and exported within one button click (after selecting the report),"instructive, easy, helpful, useful, learnable, explainable, affordable, intuitive, or understandable","instructive, easy, helpful, useful, learnable, explainable, affordable, intuitive, or understandable",0.5792245268821716
A user shall be able to use the system without instruction after a short amount of time. After one use a user should understand and remember 90% of the system usage and navigation.,"instructive, easy, helpful, useful, learnable, explainable, affordable, intuitive, or understandable","instructive, easy, helpful, useful, learnable, explainable, affordable, intuitive, or understandable",0.38345950841903687
All CCR users shall receive training before the WCS system is deployed. One training session will be held for 100% of CCR users before system deployment (based on a CCR user being available),"instructive, easy, helpful, useful, learnable, explainable, affordable, intuitive, or understandable","instructive, easy, helpful, useful, learnable, explainable, affordable, intuitive, or understandable",0.14668315649032593
The WCS system shall use appropriate nomenclature and terminology as defined by the Corporate Community Grants organization. All interfaces and reports will undergo usability tests by CCR users.,"instructive, easy, helpful, useful, learnable, explainable, affordable, intuitive, or understandable","instructive, easy, helpful, useful, learnable, explainable, affordable, intuitive, or understandable",0.15803395211696625
The WCS system shall be run in a Windows environment. The WCS shall be accessed by users through the Internet on an IBM computer running a Windows 2000 or above operating system.,"not about instructive, easy, helpful, useful, learnable, explainable, affordable, intuitive, or understandable","instructive, easy, helpful, useful, learnable, explainable, affordable, intuitive, or understandable",0.13080115616321564
The Brio portion of the WCS system must be able to export files in spreadsheet form (Microsoft Excel and Lotus 1-2-3 formats).  Brio will provide buttons in the user interface that produce/export reports in .xls or .123 file formats.,"not about instructive, easy, helpful, useful, learnable, explainable, affordable, intuitive, or understandable","instructive, easy, helpful, useful, learnable, explainable, affordable, intuitive, or understandable",0.14167217910289764
The system shall only be accessed by authorized Corporate Community Grants (CCR) employees. Users must be authenticated using their IBM intranet user name and password.,"not about instructive, easy, helpful, useful, learnable, explainable, affordable, intuitive, or understandable","not about instructive, easy, helpful, useful, learnable, explainable, affordable, intuitive, or understandable",0.12772731482982635
The WCS system shall not allow automatic logins by any user. Cookies containing WCS login information about a user will not be stored on a user’s computer.,"not about instructive, easy, helpful, useful, learnable, explainable, affordable, intuitive, or understandable","not about instructive, easy, helpful, useful, learnable, explainable, affordable, intuitive, or understandable",0.1954748034477234
Each team owner will need to use a username and password in order to be authenticated to reach the team owner’s page,"not about instructive, easy, helpful, useful, learnable, explainable, affordable, intuitive, or understandable","instructive, easy, helpful, useful, learnable, explainable, affordable, intuitive, or understandable",0.11597587913274765
The Commissioner will be the only authorized user per league to adjust league settings.,"not about instructive, easy, helpful, useful, learnable, explainable, affordable, intuitive, or understandable","instructive, easy, helpful, useful, learnable, explainable, affordable, intuitive, or understandable",0.15004883706569672
;A new user shall be able to navigate through the league and team pages within 30 seconds of reaching the start-up page.,"instructive, easy, helpful, useful, learnable, explainable, affordable, intuitive, or understandable","instructive, easy, helpful, useful, learnable, explainable, affordable, intuitive, or understandable",0.07101938873529434
Users shall be able to reach the ‘add’  ‘drop’  and ‘trade player’ pages with one click from the team owner’s page.,"instructive, easy, helpful, useful, learnable, explainable, affordable, intuitive, or understandable","instructive, easy, helpful, useful, learnable, explainable, affordable, intuitive, or understandable",0.14854171872138977
;Users shall be able to view at least 25 NFL player statistics and points on each page.,"instructive, easy, helpful, useful, learnable, explainable, affordable, intuitive, or understandable","instructive, easy, helpful, useful, learnable, explainable, affordable, intuitive, or understandable",0.09966793656349182
The application shall ask the user to confirm dropping a player or trading a player before performing the action.,"instructive, easy, helpful, useful, learnable, explainable, affordable, intuitive, or understandable","not about instructive, easy, helpful, useful, learnable, explainable, affordable, intuitive, or understandable",-0.013396788388490677
The application shall be able to complete every user transaction within one fourth of a second of receiving the request over the network.,"not about instructive, easy, helpful, useful, learnable, explainable, affordable, intuitive, or understandable","instructive, easy, helpful, useful, learnable, explainable, affordable, intuitive, or understandable",0.17137989401817322
The application shall run on a web application server.,"not about instructive, easy, helpful, useful, learnable, explainable, affordable, intuitive, or understandable","instructive, easy, helpful, useful, learnable, explainable, affordable, intuitive, or understandable",0.10032977163791656
A primary database will be used to store cached data for active users.,"not about instructive, easy, helpful, useful, learnable, explainable, affordable, intuitive, or understandable","instructive, easy, helpful, useful, learnable, explainable, affordable, intuitive, or understandable",0.15885765850543976
A secondary database will be used to store historical statistics and data.,"not about instructive, easy, helpful, useful, learnable, explainable, affordable, intuitive, or understandable","instructive, easy, helpful, useful, learnable, explainable, affordable, intuitive, or understandable",0.010640716180205345
98% of the user workstations shall meet the minimum hardware requirements prior to implementation. Minimum Hard Disk Space:  400MB.,"not about instructive, easy, helpful, useful, learnable, explainable, affordable, intuitive, or understandable","instructive, easy, helpful, useful, learnable, explainable, affordable, intuitive, or understandable",0.16660092771053314
98% of the user workstations shall meet the minimum software requirements prior to implementation: Microsoft Internet Explorer 5.0. Microsoft .NET Framework 1.1. Microsoft Internet Explorer Web Controls,"not about instructive, easy, helpful, useful, learnable, explainable, affordable, intuitive, or understandable","instructive, easy, helpful, useful, learnable, explainable, affordable, intuitive, or understandable",0.25933653116226196
The RFS system should be able to easily interface with the BDW environment  in order to load the data. •;7 data files shall be received from the BDW and loaded into the RFS system within 3 hours one day prior to the start of budgeting process  every year. The data will be as of October month-end. ;Test files (7) shall be loaded up to 5 times throughout the year  from the BDW.,"not about instructive, easy, helpful, useful, learnable, explainable, affordable, intuitive, or understandable","instructive, easy, helpful, useful, learnable, explainable, affordable, intuitive, or understandable",0.13120616972446442
Only authorized user shall access the RFS system. ONLY users that exist in the UAS system  with the RFS system assigned to their role(s)  shall access the RFS system and use it.,"not about instructive, easy, helpful, useful, learnable, explainable, affordable, intuitive, or understandable","not about instructive, easy, helpful, useful, learnable, explainable, affordable, intuitive, or understandable",0.2205956131219864
;User access should be limited to the permissions granted to their role(s) Each level in the PCG hierarchy will be assigned a role and users will be assigned to these roles. Access to functionality within RFS system is dependent on the privileges/permission assigned to the role..,"not about instructive, easy, helpful, useful, learnable, explainable, affordable, intuitive, or understandable","not about instructive, easy, helpful, useful, learnable, explainable, affordable, intuitive, or understandable",0.20945021510124207
The users should be able to easily use the system to successfully complete their budgets  within the stipulated time for completion. With a week of training prior to product implementation  98% of the users shall complete their budgets within the stipulated time.,"instructive, easy, helpful, useful, learnable, explainable, affordable, intuitive, or understandable","instructive, easy, helpful, useful, learnable, explainable, affordable, intuitive, or understandable",0.36043235659599304
The product interface should be fast. The response time of the product interface should not exceed 2 seconds 90% of the time. For 10% of the time  the response time should not be more than 10 seconds.not be more than 10 seconds.,"not about instructive, easy, helpful, useful, learnable, explainable, affordable, intuitive, or understandable","instructive, easy, helpful, useful, learnable, explainable, affordable, intuitive, or understandable",0.34028360247612
