Requirement text,Gold label,Predicated label,ZSL score
The system shall refresh the display every 60 seconds.,"not about instructive, easy, helpful, useful, learnable, explainable, affordable, intuitive, or understandable","instructive, easy, helpful, useful, learnable, explainable, affordable, intuitive, or understandable",0.12471509724855423
 If projected  the data must be readable.  On a 10x10 projection screen  90% of viewers must be able to read Event / Activity data from a viewing distance of 30,"instructive, easy, helpful, useful, learnable, explainable, affordable, intuitive, or understandable","instructive, easy, helpful, useful, learnable, explainable, affordable, intuitive, or understandable",0.09995350986719131
 If projected  the data must be understandable. On a 10x10 projection screen  90% of viewers must be able to determine that Events or Activities are occuring in current time from a viewing distance of 100,"instructive, easy, helpful, useful, learnable, explainable, affordable, intuitive, or understandable","instructive, easy, helpful, useful, learnable, explainable, affordable, intuitive, or understandable",0.1111634224653244
The product shall ensure that it can only be accessed by authorized users.  The product will be able to distinguish between authorized and unauthorized users in all access attempts,"not about instructive, easy, helpful, useful, learnable, explainable, affordable, intuitive, or understandable","instructive, easy, helpful, useful, learnable, explainable, affordable, intuitive, or understandable",0.12615400552749634
The product shall be intuitive and self-explanatory.  :  90% of new users shall be able to start the display of Events or Activities within 90 minutes of using the product.,"instructive, easy, helpful, useful, learnable, explainable, affordable, intuitive, or understandable","not about instructive, easy, helpful, useful, learnable, explainable, affordable, intuitive, or understandable",0.2606506049633026
The product shall respond fast to keep up-to-date data in the display.,"not about instructive, easy, helpful, useful, learnable, explainable, affordable, intuitive, or understandable","instructive, easy, helpful, useful, learnable, explainable, affordable, intuitive, or understandable",0.2309824675321579
The system shall be used by realtors with no training.,"instructive, easy, helpful, useful, learnable, explainable, affordable, intuitive, or understandable","not about instructive, easy, helpful, useful, learnable, explainable, affordable, intuitive, or understandable",0.197111114859581
The system shall be intuitive and self explanatory.,"instructive, easy, helpful, useful, learnable, explainable, affordable, intuitive, or understandable","instructive, easy, helpful, useful, learnable, explainable, affordable, intuitive, or understandable",0.3954204022884369
The product shall be easy for a realtor to learn.,"instructive, easy, helpful, useful, learnable, explainable, affordable, intuitive, or understandable","instructive, easy, helpful, useful, learnable, explainable, affordable, intuitive, or understandable",0.3938271105289459
The product shall use symbols and words that are naturally understandable by the realtor community.,"instructive, easy, helpful, useful, learnable, explainable, affordable, intuitive, or understandable","instructive, easy, helpful, useful, learnable, explainable, affordable, intuitive, or understandable",0.34768426418304443
The product shall produce search results in an acceptable time,"not about instructive, easy, helpful, useful, learnable, explainable, affordable, intuitive, or understandable","instructive, easy, helpful, useful, learnable, explainable, affordable, intuitive, or understandable",0.20893660187721252
The search results shall be returned no later 30      seconds  after the user has entered the search criteria,"not about instructive, easy, helpful, useful, learnable, explainable, affordable, intuitive, or understandable","instructive, easy, helpful, useful, learnable, explainable, affordable, intuitive, or understandable",0.11826017498970032
The product shall generate a CMA report in an acceptable time.,"not about instructive, easy, helpful, useful, learnable, explainable, affordable, intuitive, or understandable","instructive, easy, helpful, useful, learnable, explainable, affordable, intuitive, or understandable",0.11617129296064377
The CMA report shall be returned no later 60 seconds after the user has entered the CMA report criteria.,"not about instructive, easy, helpful, useful, learnable, explainable, affordable, intuitive, or understandable","instructive, easy, helpful, useful, learnable, explainable, affordable, intuitive, or understandable",0.0036392156034708023
The product shall synchronize contacts and appointments in an acceptable time.,"not about instructive, easy, helpful, useful, learnable, explainable, affordable, intuitive, or understandable","instructive, easy, helpful, useful, learnable, explainable, affordable, intuitive, or understandable",0.0629405528306961
The product shall synchronize with the office system every hour.,"not about instructive, easy, helpful, useful, learnable, explainable, affordable, intuitive, or understandable","instructive, easy, helpful, useful, learnable, explainable, affordable, intuitive, or understandable",0.10215561091899872
The product shall be installed by an untrained realtor   without recourse to separately-printed instructions.,"instructive, easy, helpful, useful, learnable, explainable, affordable, intuitive, or understandable","not about instructive, easy, helpful, useful, learnable, explainable, affordable, intuitive, or understandable",0.2360495775938034
90% of untrained realtors shall be able to install the product on their device without printed instructions,"instructive, easy, helpful, useful, learnable, explainable, affordable, intuitive, or understandable","not about instructive, easy, helpful, useful, learnable, explainable, affordable, intuitive, or understandable",0.235178604722023
Only registered realtors shall be able to access the system.,"not about instructive, easy, helpful, useful, learnable, explainable, affordable, intuitive, or understandable","not about instructive, easy, helpful, useful, learnable, explainable, affordable, intuitive, or understandable",0.07338456809520721
Every user of the system shall be authenticated and authorized.,"not about instructive, easy, helpful, useful, learnable, explainable, affordable, intuitive, or understandable","instructive, easy, helpful, useful, learnable, explainable, affordable, intuitive, or understandable",0.06089603900909424
The product shall prevent its data from incorrect data being introduced.,"not about instructive, easy, helpful, useful, learnable, explainable, affordable, intuitive, or understandable","not about instructive, easy, helpful, useful, learnable, explainable, affordable, intuitive, or understandable",0.14213788509368896
The system shall be easy to use by the Program Administrators/Nursing Staff Members.,"instructive, easy, helpful, useful, learnable, explainable, affordable, intuitive, or understandable","instructive, easy, helpful, useful, learnable, explainable, affordable, intuitive, or understandable",0.34595245122909546
All of the users shall be able to use the system after one day of training.,"instructive, easy, helpful, useful, learnable, explainable, affordable, intuitive, or understandable","instructive, easy, helpful, useful, learnable, explainable, affordable, intuitive, or understandable",0.13206058740615845
The system shall help the user avoid making mistakes while scheduling classes and clinicals for the nursing students.,"instructive, easy, helpful, useful, learnable, explainable, affordable, intuitive, or understandable","not about instructive, easy, helpful, useful, learnable, explainable, affordable, intuitive, or understandable",0.16853788495063782
The number of mistakes noted by the students shall be decreased by 50% in the first year.,"instructive, easy, helpful, useful, learnable, explainable, affordable, intuitive, or understandable","instructive, easy, helpful, useful, learnable, explainable, affordable, intuitive, or understandable",0.09237788617610931
The system shall be intuitive to the Program Administrators/Nursing Staff Members.,"instructive, easy, helpful, useful, learnable, explainable, affordable, intuitive, or understandable","instructive, easy, helpful, useful, learnable, explainable, affordable, intuitive, or understandable",0.33178842067718506
2 out of 3 Program Administrators/Nursing Staff Members shall successfully be able to use the system to manage the scheduling of classes and clinicals.,"instructive, easy, helpful, useful, learnable, explainable, affordable, intuitive, or understandable","instructive, easy, helpful, useful, learnable, explainable, affordable, intuitive, or understandable",0.10159604251384735
The system shall use symbols and words that are naturally understandable by the user community.,"instructive, easy, helpful, useful, learnable, explainable, affordable, intuitive, or understandable","instructive, easy, helpful, useful, learnable, explainable, affordable, intuitive, or understandable",0.4029332995414734
The verbiage used within the system shall be consistent with Standard English and the terminology of the national Nursing Community.,"instructive, easy, helpful, useful, learnable, explainable, affordable, intuitive, or understandable","instructive, easy, helpful, useful, learnable, explainable, affordable, intuitive, or understandable",0.1426207572221756
Staff members shall be able to complete a set of tasks in a timely manner.,"not about instructive, easy, helpful, useful, learnable, explainable, affordable, intuitive, or understandable","instructive, easy, helpful, useful, learnable, explainable, affordable, intuitive, or understandable",0.13237828016281128
The response time of general student management tasks shall take no longer than 5 seconds and the response time of schedule generation shall take no longer than 30 seconds.,"not about instructive, easy, helpful, useful, learnable, explainable, affordable, intuitive, or understandable","not about instructive, easy, helpful, useful, learnable, explainable, affordable, intuitive, or understandable",0.09715935587882996
The system shall able to operate within a business office environment typical of the Nursing Department at DePaul University.,"not about instructive, easy, helpful, useful, learnable, explainable, affordable, intuitive, or understandable","not about instructive, easy, helpful, useful, learnable, explainable, affordable, intuitive, or understandable",0.08125109225511551
The system shall be used within the specifications defined by the computers used by the Program Administrators/Nursing Staff Members.,"not about instructive, easy, helpful, useful, learnable, explainable, affordable, intuitive, or understandable","instructive, easy, helpful, useful, learnable, explainable, affordable, intuitive, or understandable",0.11745820194482803
The system shall operate within the Windows XP Professional operating system.,"not about instructive, easy, helpful, useful, learnable, explainable, affordable, intuitive, or understandable","instructive, easy, helpful, useful, learnable, explainable, affordable, intuitive, or understandable",0.16041946411132812
The system shall interface with CampusConnect’s central server,"not about instructive, easy, helpful, useful, learnable, explainable, affordable, intuitive, or understandable","instructive, easy, helpful, useful, learnable, explainable, affordable, intuitive, or understandable",0.14773771166801453
The system shall interface with the faculty central server.,"not about instructive, easy, helpful, useful, learnable, explainable, affordable, intuitive, or understandable","instructive, easy, helpful, useful, learnable, explainable, affordable, intuitive, or understandable",0.1783113181591034
The system shall interface with the student master server.,"not about instructive, easy, helpful, useful, learnable, explainable, affordable, intuitive, or understandable","instructive, easy, helpful, useful, learnable, explainable, affordable, intuitive, or understandable",0.16240134835243225
We must be able to interface with any HTML browser.,"not about instructive, easy, helpful, useful, learnable, explainable, affordable, intuitive, or understandable","instructive, easy, helpful, useful, learnable, explainable, affordable, intuitive, or understandable",0.22117255628108978
Only authorized users shall have access to clinical site information.,"not about instructive, easy, helpful, useful, learnable, explainable, affordable, intuitive, or understandable","not about instructive, easy, helpful, useful, learnable, explainable, affordable, intuitive, or understandable",0.13007484376430511
Program Administrators/Nursing Staff Members are the only people who shall have access to clinical site details.,"not about instructive, easy, helpful, useful, learnable, explainable, affordable, intuitive, or understandable","not about instructive, easy, helpful, useful, learnable, explainable, affordable, intuitive, or understandable",0.09669987112283707
Only authorized users shall have access to students’ personal information.,"not about instructive, easy, helpful, useful, learnable, explainable, affordable, intuitive, or understandable","not about instructive, easy, helpful, useful, learnable, explainable, affordable, intuitive, or understandable",0.12746962904930115
Dr Susan Poslusny and Dr Julie Donalek are the only people who shall have access to students’ personal information.,"not about instructive, easy, helpful, useful, learnable, explainable, affordable, intuitive, or understandable","not about instructive, easy, helpful, useful, learnable, explainable, affordable, intuitive, or understandable",0.07697548717260361
Only authorized users shall have access to the portion of the system that interfaces with CampusConnect.,"not about instructive, easy, helpful, useful, learnable, explainable, affordable, intuitive, or understandable","not about instructive, easy, helpful, useful, learnable, explainable, affordable, intuitive, or understandable",0.05318857356905937
Fit Criterion: Dr Susan Poslusny and Karen Sysol are the only people who shall have access to the final class section scheduling for the system that interfaces with CampusConnect.,"not about instructive, easy, helpful, useful, learnable, explainable, affordable, intuitive, or understandable","not about instructive, easy, helpful, useful, learnable, explainable, affordable, intuitive, or understandable",0.07946495711803436
The system shall have basic data integrity checking to reduce the possibility of incorrect or invalid data being introduced.,"not about instructive, easy, helpful, useful, learnable, explainable, affordable, intuitive, or understandable","instructive, easy, helpful, useful, learnable, explainable, affordable, intuitive, or understandable",0.1407238394021988
The system shall protect private information in accordance with the organization’s information policy.,"not about instructive, easy, helpful, useful, learnable, explainable, affordable, intuitive, or understandable","instructive, easy, helpful, useful, learnable, explainable, affordable, intuitive, or understandable",0.05962697044014931
The system shall be built such that it is as secure as possible from malicious interference.,"not about instructive, easy, helpful, useful, learnable, explainable, affordable, intuitive, or understandable","instructive, easy, helpful, useful, learnable, explainable, affordable, intuitive, or understandable",0.10488568246364594
The system shall use the organization’s standard virus protection software to help monitor threats to itself.,"not about instructive, easy, helpful, useful, learnable, explainable, affordable, intuitive, or understandable","instructive, easy, helpful, useful, learnable, explainable, affordable, intuitive, or understandable",0.11036255955696106
The list of dispute cases that are displayed after a search is performed must be color coded for easy identification of dispute cases based upon the dispute case status.,"instructive, easy, helpful, useful, learnable, explainable, affordable, intuitive, or understandable","instructive, easy, helpful, useful, learnable, explainable, affordable, intuitive, or understandable",0.06021871790289879
100% of the cardmember and merchant services representatives shall use the Disputes application regularly after a 2-day training course.,"instructive, easy, helpful, useful, learnable, explainable, affordable, intuitive, or understandable","instructive, easy, helpful, useful, learnable, explainable, affordable, intuitive, or understandable",0.04908321797847748
100% of cardmember services representatives shall be able to successfully create a dispute case on the first encounter after completing the training course.,"instructive, easy, helpful, useful, learnable, explainable, affordable, intuitive, or understandable","instructive, easy, helpful, useful, learnable, explainable, affordable, intuitive, or understandable",0.02577034942805767
100% of merchant services representatives shall be able to successfully perform a follow up action on a dispute case on the first encounter after completing the training course.,"instructive, easy, helpful, useful, learnable, explainable, affordable, intuitive, or understandable","instructive, easy, helpful, useful, learnable, explainable, affordable, intuitive, or understandable",0.04380033537745476
The maximum wait time for a user navigating from one screen to another within the Disputes application shall be no more than 5 seconds.,"not about instructive, easy, helpful, useful, learnable, explainable, affordable, intuitive, or understandable","not about instructive, easy, helpful, useful, learnable, explainable, affordable, intuitive, or understandable",0.005735940299928188
The Disputes application shall support 350 concurrent users without any degradation of performance in the application.,"not about instructive, easy, helpful, useful, learnable, explainable, affordable, intuitive, or understandable","not about instructive, easy, helpful, useful, learnable, explainable, affordable, intuitive, or understandable",0.033130887895822525
 The Disputes application shall be available 24x7x365  with the exception of the following scheduled maintenance windows.  Monday – Saturday 3:00am to 4:00am EST Sunday 1:00amd to 5:00am EST,"not about instructive, easy, helpful, useful, learnable, explainable, affordable, intuitive, or understandable","not about instructive, easy, helpful, useful, learnable, explainable, affordable, intuitive, or understandable",0.04666396975517273
The Disputes application shall interface with the Statement Database. The Statement Database provides the transaction details to the Disputes System. All transaction details must be obtained from the Statement Database,"not about instructive, easy, helpful, useful, learnable, explainable, affordable, intuitive, or understandable","instructive, easy, helpful, useful, learnable, explainable, affordable, intuitive, or understandable",-0.0003065485507249832
The Disputes application shall interface with the Cardmember Information Database.  The Cardmember Information Database provides detailed information with regard to a cardmember.  All cardmember detail information must be obtained from the Cardmember Information Database.,"not about instructive, easy, helpful, useful, learnable, explainable, affordable, intuitive, or understandable","not about instructive, easy, helpful, useful, learnable, explainable, affordable, intuitive, or understandable",0.07140259444713593
The Disputes applications shall interface with the Merchant Information Database.  The Merchant Information Database provides detailed information with regard to the merchant. All merchant detail information shall be obtained from the Merchant Information Database.,"not about instructive, easy, helpful, useful, learnable, explainable, affordable, intuitive, or understandable","instructive, easy, helpful, useful, learnable, explainable, affordable, intuitive, or understandable",0.06027911603450775
The Disputes application shall interface with the Letters application.  This will allow the Disputes application to request letters as part of the dispute initiation and dispute follow up process. All letter requests must be sent to the Print Letter Utility application.,"not about instructive, easy, helpful, useful, learnable, explainable, affordable, intuitive, or understandable","not about instructive, easy, helpful, useful, learnable, explainable, affordable, intuitive, or understandable",0.03285336494445801
The Disputes application shall interface with the Cardmember Posting and Billing System.  This will allow the Disputes application to request adjustments to cardmember and merchant’s accounts. All adjustment requests must be sent to the Cardmember Posting and Billing System.,"not about instructive, easy, helpful, useful, learnable, explainable, affordable, intuitive, or understandable","instructive, easy, helpful, useful, learnable, explainable, affordable, intuitive, or understandable",0.01756918430328369
The Disputes application shall ensure that only users with the appropriate access level are allowed to initiate dispute requests.,"not about instructive, easy, helpful, useful, learnable, explainable, affordable, intuitive, or understandable","not about instructive, easy, helpful, useful, learnable, explainable, affordable, intuitive, or understandable",0.06496553868055344
Only users with Update access must be able to initiate dispute requests.,"not about instructive, easy, helpful, useful, learnable, explainable, affordable, intuitive, or understandable","instructive, easy, helpful, useful, learnable, explainable, affordable, intuitive, or understandable",0.07625637948513031
The Disputes application shall ensure that only authorized users are allowed to logon to the application.,"not about instructive, easy, helpful, useful, learnable, explainable, affordable, intuitive, or understandable","not about instructive, easy, helpful, useful, learnable, explainable, affordable, intuitive, or understandable",0.018823757767677307
 All authorized users  once authenticated must be able to logon to the Disputes System,"not about instructive, easy, helpful, useful, learnable, explainable, affordable, intuitive, or understandable","instructive, easy, helpful, useful, learnable, explainable, affordable, intuitive, or understandable",0.04851236194372177
The Disputes System shall generate a User Report that details any new users that have been added and any changes to an existing user’s access level.  The report will be reviewed for auditing purposes.,"not about instructive, easy, helpful, useful, learnable, explainable, affordable, intuitive, or understandable","instructive, easy, helpful, useful, learnable, explainable, affordable, intuitive, or understandable",0.09553198516368866
All additions of new users and modifications to user’s access shall be recorded on the User Report.,"not about instructive, easy, helpful, useful, learnable, explainable, affordable, intuitive, or understandable","instructive, easy, helpful, useful, learnable, explainable, affordable, intuitive, or understandable",0.09897449612617493
 If a user account is revoked  it can only be re-instantiated by the System Administrator.,"not about instructive, easy, helpful, useful, learnable, explainable, affordable, intuitive, or understandable","instructive, easy, helpful, useful, learnable, explainable, affordable, intuitive, or understandable",0.10311029851436615
Only the System Administrator shall be able to reset a revoked user logon account,"not about instructive, easy, helpful, useful, learnable, explainable, affordable, intuitive, or understandable","not about instructive, easy, helpful, useful, learnable, explainable, affordable, intuitive, or understandable",0.06257730722427368
The Disputes application shall manipulate and view business data. Users will not have direct access to data files or databases.,"not about instructive, easy, helpful, useful, learnable, explainable, affordable, intuitive, or understandable","not about instructive, easy, helpful, useful, learnable, explainable, affordable, intuitive, or understandable",0.11129205673933029
All updates to data files or database must be initiated from the Disputes System.,"not about instructive, easy, helpful, useful, learnable, explainable, affordable, intuitive, or understandable","instructive, easy, helpful, useful, learnable, explainable, affordable, intuitive, or understandable",-0.004602398723363876
The product must support Internet Explorer 5.5 and above.,"not about instructive, easy, helpful, useful, learnable, explainable, affordable, intuitive, or understandable","instructive, easy, helpful, useful, learnable, explainable, affordable, intuitive, or understandable",0.08808478713035583
The product must support Mozilla Firefox 1.0 and above.,"not about instructive, easy, helpful, useful, learnable, explainable, affordable, intuitive, or understandable","instructive, easy, helpful, useful, learnable, explainable, affordable, intuitive, or understandable",0.08572935312986374
The product shall interface with the Choice Parts System.  This provides the feed of recycled parts data.,"not about instructive, easy, helpful, useful, learnable, explainable, affordable, intuitive, or understandable","instructive, easy, helpful, useful, learnable, explainable, affordable, intuitive, or understandable",0.19099552929401398
The product shall run on the existing hardware for all environments.,"not about instructive, easy, helpful, useful, learnable, explainable, affordable, intuitive, or understandable","not about instructive, easy, helpful, useful, learnable, explainable, affordable, intuitive, or understandable",0.09161718189716339
The product shall adhere to the corporate Architecture guidelines,"not about instructive, easy, helpful, useful, learnable, explainable, affordable, intuitive, or understandable","instructive, easy, helpful, useful, learnable, explainable, affordable, intuitive, or understandable",0.19921964406967163
The product shall be easy to use by Adjusters and Collision Estimators.  95% of Adjusters and Collision Estimators shall find the product easy to use.,"instructive, easy, helpful, useful, learnable, explainable, affordable, intuitive, or understandable","not about instructive, easy, helpful, useful, learnable, explainable, affordable, intuitive, or understandable",0.27723559737205505
The product shall increase productivity of Collision Estimators. 80% of the Collision Estimators shall agree their productivity has increase within 1 month of using the product.,"instructive, easy, helpful, useful, learnable, explainable, affordable, intuitive, or understandable","instructive, easy, helpful, useful, learnable, explainable, affordable, intuitive, or understandable",0.14607341587543488
Users shall feel satisfied using the product.  85% of all users will be satisfied with the product.,"instructive, easy, helpful, useful, learnable, explainable, affordable, intuitive, or understandable","instructive, easy, helpful, useful, learnable, explainable, affordable, intuitive, or understandable",0.16437213122844696
The product shall be easy to learn by Adjusters and Collision Estimators.  The product shall be learned with two days onsite training,"instructive, easy, helpful, useful, learnable, explainable, affordable, intuitive, or understandable","not about instructive, easy, helpful, useful, learnable, explainable, affordable, intuitive, or understandable",0.33746564388275146
The user shall easily locate instructions while using the product.  User help can be found within 90% of the system.,"instructive, easy, helpful, useful, learnable, explainable, affordable, intuitive, or understandable","instructive, easy, helpful, useful, learnable, explainable, affordable, intuitive, or understandable",0.38627922534942627
The search for recycled parts shall take no longer than 15 seconds.  The search results shall be returned in under 15 seconds.,"not about instructive, easy, helpful, useful, learnable, explainable, affordable, intuitive, or understandable","instructive, easy, helpful, useful, learnable, explainable, affordable, intuitive, or understandable",0.1249430850148201
The search for the preferred repair facility shall take no longer than 8 seconds.  The preferred repair facility is returned within 8 seconds,"not about instructive, easy, helpful, useful, learnable, explainable, affordable, intuitive, or understandable","instructive, easy, helpful, useful, learnable, explainable, affordable, intuitive, or understandable",0.1335052251815796
The recycled parts audit report shall be returned to the user within 10 seconds.  The audit report shall be returned within 10 seconds.,"not about instructive, easy, helpful, useful, learnable, explainable, affordable, intuitive, or understandable","instructive, easy, helpful, useful, learnable, explainable, affordable, intuitive, or understandable",0.10109896957874298
The preferred repair facility ratings shall be saved within 5 seconds. The save shall occur within 5 seconds.,"not about instructive, easy, helpful, useful, learnable, explainable, affordable, intuitive, or understandable","instructive, easy, helpful, useful, learnable, explainable, affordable, intuitive, or understandable",0.13557937741279602
 For estimators  the product shall be able to be operated in a repair facility during dirty and noisy conditions.,"not about instructive, easy, helpful, useful, learnable, explainable, affordable, intuitive, or understandable","instructive, easy, helpful, useful, learnable, explainable, affordable, intuitive, or understandable",0.1328856647014618
The product shall interface with the ChoiceParts system once per day at approximately 1:00 AM.,"not about instructive, easy, helpful, useful, learnable, explainable, affordable, intuitive, or understandable","instructive, easy, helpful, useful, learnable, explainable, affordable, intuitive, or understandable",0.08689132332801819
The maintenance of the product will fall within the established corporate maintenance windows.,"not about instructive, easy, helpful, useful, learnable, explainable, affordable, intuitive, or understandable","instructive, easy, helpful, useful, learnable, explainable, affordable, intuitive, or understandable",0.1204148381948471
The product shall be supported using the corporate support center.,"not about instructive, easy, helpful, useful, learnable, explainable, affordable, intuitive, or understandable","instructive, easy, helpful, useful, learnable, explainable, affordable, intuitive, or understandable",0.1600024551153183
Product installations and upgrades shall be handled by the middleware technology team within established launch time frames.,"not about instructive, easy, helpful, useful, learnable, explainable, affordable, intuitive, or understandable","instructive, easy, helpful, useful, learnable, explainable, affordable, intuitive, or understandable",0.04678057134151459
Only adjusters can request recycled parts audit reports. No users without an adjuster role shall request recycled parts audits.,"not about instructive, easy, helpful, useful, learnable, explainable, affordable, intuitive, or understandable","instructive, easy, helpful, useful, learnable, explainable, affordable, intuitive, or understandable",0.09235440939664841
Only adjusters with a supervisor role can update preferred repair facility ratings. Users without the supervisor role cannot access the repair facility ratings.,"not about instructive, easy, helpful, useful, learnable, explainable, affordable, intuitive, or understandable","not about instructive, easy, helpful, useful, learnable, explainable, affordable, intuitive, or understandable",0.042821429669857025
Only collision estimators shall search for recycled parts.  Users without the collision estimator role shall not have access to the search for recycled parts.,"not about instructive, easy, helpful, useful, learnable, explainable, affordable, intuitive, or understandable","not about instructive, easy, helpful, useful, learnable, explainable, affordable, intuitive, or understandable",0.09179091453552246
Only valid data shall be entered into the system.  No invalid data shall be entered into the system.,"not about instructive, easy, helpful, useful, learnable, explainable, affordable, intuitive, or understandable","instructive, easy, helpful, useful, learnable, explainable, affordable, intuitive, or understandable",0.1353292316198349
One insurance company shall not be able to view another insurance companys claim data.,"not about instructive, easy, helpful, useful, learnable, explainable, affordable, intuitive, or understandable","not about instructive, easy, helpful, useful, learnable, explainable, affordable, intuitive, or understandable",0.12954682111740112
The product shall free of computer viruses.,"not about instructive, easy, helpful, useful, learnable, explainable, affordable, intuitive, or understandable","instructive, easy, helpful, useful, learnable, explainable, affordable, intuitive, or understandable",0.18504604697227478
The system shall prevent malicious attacks including denial of service.,"not about instructive, easy, helpful, useful, learnable, explainable, affordable, intuitive, or understandable","instructive, easy, helpful, useful, learnable, explainable, affordable, intuitive, or understandable",0.08942745625972748
 The product must work with most database management systems (DBMS) on the market  whether the DBMS is colocated with the product on the same machine or is located on a different machine on the computer network.,"not about instructive, easy, helpful, useful, learnable, explainable, affordable, intuitive, or understandable","instructive, easy, helpful, useful, learnable, explainable, affordable, intuitive, or understandable",0.08848337084054947
The product will function alongside server software on any operating system where the Java runtime can be installed.,"not about instructive, easy, helpful, useful, learnable, explainable, affordable, intuitive, or understandable","instructive, easy, helpful, useful, learnable, explainable, affordable, intuitive, or understandable",0.0033811498433351517
The product will require collaboration with a database management system (DBMS).  The DBMS may be located on the same machine as the product or on a separate machine residing on the same computer network.,"not about instructive, easy, helpful, useful, learnable, explainable, affordable, intuitive, or understandable","instructive, easy, helpful, useful, learnable, explainable, affordable, intuitive, or understandable",0.11363250762224197
 The product must make use of web/application server technology.  Open source examples include Apache web server  Tomcat  and the JBoss application server.,"not about instructive, easy, helpful, useful, learnable, explainable, affordable, intuitive, or understandable","instructive, easy, helpful, useful, learnable, explainable, affordable, intuitive, or understandable",0.12915447354316711
 A database management system such as Oracle  DB2  MySql or HSQL will need to be integrated with the product.,"not about instructive, easy, helpful, useful, learnable, explainable, affordable, intuitive, or understandable","instructive, easy, helpful, useful, learnable, explainable, affordable, intuitive, or understandable",0.1437765657901764
The product shall make the users want to use it. 80% of the users surveyed report they are regularly using the product after the first 2 weeks post-launch.,"instructive, easy, helpful, useful, learnable, explainable, affordable, intuitive, or understandable","not about instructive, easy, helpful, useful, learnable, explainable, affordable, intuitive, or understandable",0.16974377632141113
The product shall be easy to use. 90% of users will be able to successfully reserve a conference room within 5 minutes of product use.,"instructive, easy, helpful, useful, learnable, explainable, affordable, intuitive, or understandable","not about instructive, easy, helpful, useful, learnable, explainable, affordable, intuitive, or understandable",0.23954826593399048
The product shall give users feedback when necessary. 80% of the users surveyed report that the product accurately confirms their actions.,"instructive, easy, helpful, useful, learnable, explainable, affordable, intuitive, or understandable","instructive, easy, helpful, useful, learnable, explainable, affordable, intuitive, or understandable",0.19829736649990082
The product shall allow the user to select a chosen language from one of the target market countries.,"instructive, easy, helpful, useful, learnable, explainable, affordable, intuitive, or understandable","not about instructive, easy, helpful, useful, learnable, explainable, affordable, intuitive, or understandable",0.15337024629116058
The product shall allow for customization of start page and views preferences.,"instructive, easy, helpful, useful, learnable, explainable, affordable, intuitive, or understandable","instructive, easy, helpful, useful, learnable, explainable, affordable, intuitive, or understandable",0.2083187997341156
 An employee will be able to successfully use the product within a few minutes.  After informally navigating the product for less than 15 minutes  users shall be able to successfully setup meetings and reserve conference rooms.,"instructive, easy, helpful, useful, learnable, explainable, affordable, intuitive, or understandable","not about instructive, easy, helpful, useful, learnable, explainable, affordable, intuitive, or understandable",0.11698956787586212
The product shall use a standard navigation menu familiar to most web users.,"instructive, easy, helpful, useful, learnable, explainable, affordable, intuitive, or understandable","instructive, easy, helpful, useful, learnable, explainable, affordable, intuitive, or understandable",0.20850752294063568
The product shall allow for intuitive searching of available conference rooms.,"instructive, easy, helpful, useful, learnable, explainable, affordable, intuitive, or understandable","not about instructive, easy, helpful, useful, learnable, explainable, affordable, intuitive, or understandable",0.25932765007019043
The product shall conform to the Americans with Disabilities Act.,"instructive, easy, helpful, useful, learnable, explainable, affordable, intuitive, or understandable","not about instructive, easy, helpful, useful, learnable, explainable, affordable, intuitive, or understandable",0.1529724895954132
The response shall be fast enough to avoid interrupting the user’s flow of thought.  90% of tasks shall complete within 5 seconds.  98% of tasks shall complete within 8 seconds.,"not about instructive, easy, helpful, useful, learnable, explainable, affordable, intuitive, or understandable","instructive, easy, helpful, useful, learnable, explainable, affordable, intuitive, or understandable",0.12088388949632645
The product shall be used in office environments.,"not about instructive, easy, helpful, useful, learnable, explainable, affordable, intuitive, or understandable","instructive, easy, helpful, useful, learnable, explainable, affordable, intuitive, or understandable",0.2593158781528473
The product must be able to interface with any HTML browser.  The product shall transmit data between the user and the product without problems. The product shall display HTML properly in 80% of all HTML browsers tested (minimum is to test 8 browsers).,"not about instructive, easy, helpful, useful, learnable, explainable, affordable, intuitive, or understandable","instructive, easy, helpful, useful, learnable, explainable, affordable, intuitive, or understandable",0.10642074048519135
The product must be able to interface with various database management systems. The product shall communicate successfully with the database management system on 100% of all transactions.,"not about instructive, easy, helpful, useful, learnable, explainable, affordable, intuitive, or understandable","instructive, easy, helpful, useful, learnable, explainable, affordable, intuitive, or understandable",0.1628686785697937
The product must be able to interface with various email servers. The product shall be able to send email.,"not about instructive, easy, helpful, useful, learnable, explainable, affordable, intuitive, or understandable","instructive, easy, helpful, useful, learnable, explainable, affordable, intuitive, or understandable",0.17218200862407684
The product shall be available for distribution via the Internet as a binary or ZIP file.,"not about instructive, easy, helpful, useful, learnable, explainable, affordable, intuitive, or understandable","instructive, easy, helpful, useful, learnable, explainable, affordable, intuitive, or understandable",0.14428378641605377
The product shall be available for distribution as a packaged CD.,"not about instructive, easy, helpful, useful, learnable, explainable, affordable, intuitive, or understandable","instructive, easy, helpful, useful, learnable, explainable, affordable, intuitive, or understandable",0.16666138172149658
 The product will be available for licensing as a one-server  two-five servers  or five-or-more servers license.,"not about instructive, easy, helpful, useful, learnable, explainable, affordable, intuitive, or understandable","instructive, easy, helpful, useful, learnable, explainable, affordable, intuitive, or understandable",0.06543541699647903
A new user must be able to be added to the system within 10 minutes.  90% of new users are able to log into the system within 10 minutes.,"instructive, easy, helpful, useful, learnable, explainable, affordable, intuitive, or understandable","instructive, easy, helpful, useful, learnable, explainable, affordable, intuitive, or understandable",0.06619662791490555
Every registered user will have access to the product’s support site via the Internet.  70% of registered users shall find a solution to their problem within 5 minutes of using the support site.,"instructive, easy, helpful, useful, learnable, explainable, affordable, intuitive, or understandable","instructive, easy, helpful, useful, learnable, explainable, affordable, intuitive, or understandable",0.2012832760810852
 The product shall be translated into foreign languages other than the target market countries’ languages in future releases.  For each emerging target market  it shall take no more than 5 days to configure the product for that market’s language.,"instructive, easy, helpful, useful, learnable, explainable, affordable, intuitive, or understandable","not about instructive, easy, helpful, useful, learnable, explainable, affordable, intuitive, or understandable",0.021100381389260292
 The product is expected to integrate with multiple database management systems.  The product will operate with Oracle  SQL Server  DB2  MySQL  HSQL  and MS Access.,"not about instructive, easy, helpful, useful, learnable, explainable, affordable, intuitive, or understandable","instructive, easy, helpful, useful, learnable, explainable, affordable, intuitive, or understandable",0.10803372412919998
The product shall be able to be installed in any operating environment within 2 days.,"not about instructive, easy, helpful, useful, learnable, explainable, affordable, intuitive, or understandable","instructive, easy, helpful, useful, learnable, explainable, affordable, intuitive, or understandable",0.09301915764808655
The product shall ensure that only company employees or external users with company-approved user IDs may have product access.  100% of all logons shall be by either company employees or external users with company-approved user IDs.,"not about instructive, easy, helpful, useful, learnable, explainable, affordable, intuitive, or understandable","instructive, easy, helpful, useful, learnable, explainable, affordable, intuitive, or understandable",0.07444271445274353
Only managers are able to perform search queries for reservations by user.  100% of all search queries for reservations by user shall be from logons of only management logons.,"not about instructive, easy, helpful, useful, learnable, explainable, affordable, intuitive, or understandable","not about instructive, easy, helpful, useful, learnable, explainable, affordable, intuitive, or understandable",0.0913667157292366
The product shall ensure that the database’s data corresponds to the data entered by the user.  Each conference room reservation in the system will contain the same information as was entered by the user.,"not about instructive, easy, helpful, useful, learnable, explainable, affordable, intuitive, or understandable","instructive, easy, helpful, useful, learnable, explainable, affordable, intuitive, or understandable",0.07776571810245514
The product shall prevent the input of malicious data.  The product and/or adjacent hardware/software systems’ data shall remain 100% uncorrupted each time malicious data is input into the product.,"not about instructive, easy, helpful, useful, learnable, explainable, affordable, intuitive, or understandable","instructive, easy, helpful, useful, learnable, explainable, affordable, intuitive, or understandable",0.1478186845779419
The product shall have the ability to receive automatic software updates as new threats emerge.  100% of customers will be able to receive automatic software updates transmitted to the installed product.,"not about instructive, easy, helpful, useful, learnable, explainable, affordable, intuitive, or understandable","instructive, easy, helpful, useful, learnable, explainable, affordable, intuitive, or understandable",0.1083640605211258
The product shall be able to display calendar dates and times according to the user’s locale.  90% of survey respondents from each target market country will find that the date and time formatting of the product is correct.,"instructive, easy, helpful, useful, learnable, explainable, affordable, intuitive, or understandable","instructive, easy, helpful, useful, learnable, explainable, affordable, intuitive, or understandable",0.06434225291013718
The product must be developed with the J2SE/J2EE programming language libraries,"not about instructive, easy, helpful, useful, learnable, explainable, affordable, intuitive, or understandable","instructive, easy, helpful, useful, learnable, explainable, affordable, intuitive, or understandable",0.17876864969730377
Recreation of Inventory Quantity Adjustment for the period of previous 30 days shall take no more than 30min.,"not about instructive, easy, helpful, useful, learnable, explainable, affordable, intuitive, or understandable","instructive, easy, helpful, useful, learnable, explainable, affordable, intuitive, or understandable",0.10536231100559235
The System shall allow for a minimum of  6 users to work at the same time.,"not about instructive, easy, helpful, useful, learnable, explainable, affordable, intuitive, or understandable","instructive, easy, helpful, useful, learnable, explainable, affordable, intuitive, or understandable",0.09379605948925018
The System shall utilize currently owned computer equipment.,"not about instructive, easy, helpful, useful, learnable, explainable, affordable, intuitive, or understandable","instructive, easy, helpful, useful, learnable, explainable, affordable, intuitive, or understandable",0.17566563189029694
The System shall be able to automatically backup business data and restore them on demand.,"not about instructive, easy, helpful, useful, learnable, explainable, affordable, intuitive, or understandable","instructive, easy, helpful, useful, learnable, explainable, affordable, intuitive, or understandable",0.09624020755290985
The System shall maintain consistent security.  Any changes in user passwords and/or permissions should take affect in all parts of the System.,"not about instructive, easy, helpful, useful, learnable, explainable, affordable, intuitive, or understandable","instructive, easy, helpful, useful, learnable, explainable, affordable, intuitive, or understandable",0.09812270104885101
The System shall granularly control access rights to all major subsystems.  It should be possible to assign access rights to all subsystems independently.,"not about instructive, easy, helpful, useful, learnable, explainable, affordable, intuitive, or understandable","instructive, easy, helpful, useful, learnable, explainable, affordable, intuitive, or understandable",-0.014160219579935074
The System shall not require additional third party licenses resulting in royalty fees.,"not about instructive, easy, helpful, useful, learnable, explainable, affordable, intuitive, or understandable","not about instructive, easy, helpful, useful, learnable, explainable, affordable, intuitive, or understandable",0.13071361184120178
Administrator shall be able to activate a pre-paid card via the Administration section in under 5 seconds.,"not about instructive, easy, helpful, useful, learnable, explainable, affordable, intuitive, or understandable","instructive, easy, helpful, useful, learnable, explainable, affordable, intuitive, or understandable",0.06595965474843979
 Customer shall be able to check the status of their prepaid card  by entering in the PIN number  in under 5 seconds.,"not about instructive, easy, helpful, useful, learnable, explainable, affordable, intuitive, or understandable","instructive, easy, helpful, useful, learnable, explainable, affordable, intuitive, or understandable",0.04960029944777489
System shall let customers register on the website as a “pay as you go” user in under 5 minutes.,"not about instructive, easy, helpful, useful, learnable, explainable, affordable, intuitive, or understandable","instructive, easy, helpful, useful, learnable, explainable, affordable, intuitive, or understandable",0.0724782794713974
System shall let customers register on the website as a “unlimited movie subscriber” user in under 10 minutes.,"not about instructive, easy, helpful, useful, learnable, explainable, affordable, intuitive, or understandable","instructive, easy, helpful, useful, learnable, explainable, affordable, intuitive, or understandable",0.039081938564777374
System shall let existing customers log into the website with their email address and password in under 5 seconds.,"not about instructive, easy, helpful, useful, learnable, explainable, affordable, intuitive, or understandable","instructive, easy, helpful, useful, learnable, explainable, affordable, intuitive, or understandable",0.0752650573849678
 System shall let customers cancel their account  process shall take no longer than 2 minutes.  Database will mark the account as inactive  and user will not be able to log into the website.,"not about instructive, easy, helpful, useful, learnable, explainable, affordable, intuitive, or understandable","not about instructive, easy, helpful, useful, learnable, explainable, affordable, intuitive, or understandable",0.014933193102478981
System shall let administrator de-activate a customer account in under 1 minute. Customer will no longer be able to access the website.,"not about instructive, easy, helpful, useful, learnable, explainable, affordable, intuitive, or understandable","instructive, easy, helpful, useful, learnable, explainable, affordable, intuitive, or understandable",0.039145953953266144
System shall let administrator add/remove movies on the website in under 5 minutes.  Entered movie information will be stored in the database and will now be available on the website.,"not about instructive, easy, helpful, useful, learnable, explainable, affordable, intuitive, or understandable","instructive, easy, helpful, useful, learnable, explainable, affordable, intuitive, or understandable",0.06201033294200897
System shall let the administrator add/remove categories on the website in under 5 minutes.,"not about instructive, easy, helpful, useful, learnable, explainable, affordable, intuitive, or understandable","instructive, easy, helpful, useful, learnable, explainable, affordable, intuitive, or understandable",0.11249567568302155
System shall let Izogn Manager access sales and usage statistics in under 2 minutes.,"not about instructive, easy, helpful, useful, learnable, explainable, affordable, intuitive, or understandable","instructive, easy, helpful, useful, learnable, explainable, affordable, intuitive, or understandable",0.10159160196781158
System shall let administrators generate unique pre-paid pins in under 2 minutes and generate an Excel file with the generated PINs.,"not about instructive, easy, helpful, useful, learnable, explainable, affordable, intuitive, or understandable","not about instructive, easy, helpful, useful, learnable, explainable, affordable, intuitive, or understandable",0.11781471967697144
The product should be able to be used by 90% of novice users on the Internet.,"instructive, easy, helpful, useful, learnable, explainable, affordable, intuitive, or understandable","not about instructive, easy, helpful, useful, learnable, explainable, affordable, intuitive, or understandable",0.32737427949905396
 Users should only have to navigate through a maximum of 4 pages  to create an account with the website.,"instructive, easy, helpful, useful, learnable, explainable, affordable, intuitive, or understandable","not about instructive, easy, helpful, useful, learnable, explainable, affordable, intuitive, or understandable",0.11108540743589401
Users should be able to access their streaming movies in under 2 clicks after logging into the website.,"instructive, easy, helpful, useful, learnable, explainable, affordable, intuitive, or understandable","not about instructive, easy, helpful, useful, learnable, explainable, affordable, intuitive, or understandable",0.10245153307914734
An anonymous survey will show that 70% of customers are comfortable purchasing streaming movies after 2 weeks using the website.,"instructive, easy, helpful, useful, learnable, explainable, affordable, intuitive, or understandable","not about instructive, easy, helpful, useful, learnable, explainable, affordable, intuitive, or understandable",0.12492997944355011
An anonymous survey will show that 95% of customers are comfortable using and purchasing pre-paid cards after a month of using the system.,"instructive, easy, helpful, useful, learnable, explainable, affordable, intuitive, or understandable","not about instructive, easy, helpful, useful, learnable, explainable, affordable, intuitive, or understandable",0.10239516198635101
The product shall retain the customer’s buying preferences and information.,"instructive, easy, helpful, useful, learnable, explainable, affordable, intuitive, or understandable","instructive, easy, helpful, useful, learnable, explainable, affordable, intuitive, or understandable",0.22646449506282806
The product shall be easy for customers with novice skills on the  Internet to purchase and watch streaming movies.  Customers should be able to purchase and watch a pre-determined movie in under 3 minutes.,"instructive, easy, helpful, useful, learnable, explainable, affordable, intuitive, or understandable","not about instructive, easy, helpful, useful, learnable, explainable, affordable, intuitive, or understandable",0.16878527402877808
The product shall use symbols and words that are naturally understandable by users familiar with websites,"instructive, easy, helpful, useful, learnable, explainable, affordable, intuitive, or understandable","instructive, easy, helpful, useful, learnable, explainable, affordable, intuitive, or understandable",0.4446659982204437
The website will use standard Internet conventions when interacting with the user.,"instructive, easy, helpful, useful, learnable, explainable, affordable, intuitive, or understandable","instructive, easy, helpful, useful, learnable, explainable, affordable, intuitive, or understandable",0.23629312217235565
 Any interface between a user and the automated system shall have a maximum response time of 5 seconds  unless noted by an exception below.,"not about instructive, easy, helpful, useful, learnable, explainable, affordable, intuitive, or understandable","instructive, easy, helpful, useful, learnable, explainable, affordable, intuitive, or understandable",0.10014539211988449
 When purchasing a streaming movie or pre-paid card via credit card  the processing time should have a maximum response time of 15 seconds.,"not about instructive, easy, helpful, useful, learnable, explainable, affordable, intuitive, or understandable","not about instructive, easy, helpful, useful, learnable, explainable, affordable, intuitive, or understandable",0.030093342065811157
 When streaming a movie  the buffering time should take no longer than 10 seconds (plus any latency on the user’s connection.),"not about instructive, easy, helpful, useful, learnable, explainable, affordable, intuitive, or understandable","instructive, easy, helpful, useful, learnable, explainable, affordable, intuitive, or understandable",0.07508083432912827
 While streaming a movie  buffering should only occur if there is latency in the user’s connection.,"not about instructive, easy, helpful, useful, learnable, explainable, affordable, intuitive, or understandable","instructive, easy, helpful, useful, learnable, explainable, affordable, intuitive, or understandable",0.07263041287660599
 All credit card information will be secured on the server  and only accessible by authorized Izogn administrators.  Information will be encrypted in the database.,"not about instructive, easy, helpful, useful, learnable, explainable, affordable, intuitive, or understandable","instructive, easy, helpful, useful, learnable, explainable, affordable, intuitive, or understandable",0.06489958614110947
All aspects of the website shall be accessed by a web browser over the Internet.,"not about instructive, easy, helpful, useful, learnable, explainable, affordable, intuitive, or understandable","instructive, easy, helpful, useful, learnable, explainable, affordable, intuitive, or understandable",0.1655285507440567
The same hardware supporting the current website will be used to support the new system.,"not about instructive, easy, helpful, useful, learnable, explainable, affordable, intuitive, or understandable","instructive, easy, helpful, useful, learnable, explainable, affordable, intuitive, or understandable",0.1268099546432495
 We must be able to interface with the following browsers: IE 5.X  6.0  Netscape 6.x  7.x  8.x and Firefox 1.0.,"not about instructive, easy, helpful, useful, learnable, explainable, affordable, intuitive, or understandable","instructive, easy, helpful, useful, learnable, explainable, affordable, intuitive, or understandable",0.13056452572345734
Website must interface with the CyberSource API to process credit card transactions.,"not about instructive, easy, helpful, useful, learnable, explainable, affordable, intuitive, or understandable","instructive, easy, helpful, useful, learnable, explainable, affordable, intuitive, or understandable",0.11893412470817566
Website must be fully operational with MSN TV2.,"not about instructive, easy, helpful, useful, learnable, explainable, affordable, intuitive, or understandable","instructive, easy, helpful, useful, learnable, explainable, affordable, intuitive, or understandable",0.17035208642482758
Movies shall be encoded and streamed via Windows Media Player 9.0.,"not about instructive, easy, helpful, useful, learnable, explainable, affordable, intuitive, or understandable","instructive, easy, helpful, useful, learnable, explainable, affordable, intuitive, or understandable",0.10360845178365707
Movies shall be encoded for 56k and 256k streams.,"not about instructive, easy, helpful, useful, learnable, explainable, affordable, intuitive, or understandable","instructive, easy, helpful, useful, learnable, explainable, affordable, intuitive, or understandable",0.1569148749113083
Izogn Administrator must be able to update the category listings on the website within 2 minutes.,"not about instructive, easy, helpful, useful, learnable, explainable, affordable, intuitive, or understandable","not about instructive, easy, helpful, useful, learnable, explainable, affordable, intuitive, or understandable",0.11490263044834137
Izogn Administrator must be able to add new products to the website within 2 minutes.,"not about instructive, easy, helpful, useful, learnable, explainable, affordable, intuitive, or understandable","instructive, easy, helpful, useful, learnable, explainable, affordable, intuitive, or understandable",0.17640195786952972
The website will provide a help section with answers and solutions to common problems.,"instructive, easy, helpful, useful, learnable, explainable, affordable, intuitive, or understandable","instructive, easy, helpful, useful, learnable, explainable, affordable, intuitive, or understandable",0.23011945188045502
The product shall be able to be installed in the specified environment within 1 working day.,"not about instructive, easy, helpful, useful, learnable, explainable, affordable, intuitive, or understandable","instructive, easy, helpful, useful, learnable, explainable, affordable, intuitive, or understandable",0.11643970012664795
Only registered customers can purchase streaming movies.,"not about instructive, easy, helpful, useful, learnable, explainable, affordable, intuitive, or understandable","not about instructive, easy, helpful, useful, learnable, explainable, affordable, intuitive, or understandable",0.12131941318511963
 A customer can only stream a movie if they purchased it  and are within the 2 day viewing period.,"not about instructive, easy, helpful, useful, learnable, explainable, affordable, intuitive, or understandable","not about instructive, easy, helpful, useful, learnable, explainable, affordable, intuitive, or understandable",0.09982920438051224
Only authorized personnel can access customer records in the database.,"not about instructive, easy, helpful, useful, learnable, explainable, affordable, intuitive, or understandable","not about instructive, easy, helpful, useful, learnable, explainable, affordable, intuitive, or understandable",0.0920839011669159
Only administrators can activate a pre-paid card.,"not about instructive, easy, helpful, useful, learnable, explainable, affordable, intuitive, or understandable","not about instructive, easy, helpful, useful, learnable, explainable, affordable, intuitive, or understandable",0.15655046701431274
Only authorized personnel can access sales information.,"not about instructive, easy, helpful, useful, learnable, explainable, affordable, intuitive, or understandable","not about instructive, easy, helpful, useful, learnable, explainable, affordable, intuitive, or understandable",0.11439231783151627
The website shall prevent its data from being corrupted when incorrect data is entered in.,"not about instructive, easy, helpful, useful, learnable, explainable, affordable, intuitive, or understandable","instructive, easy, helpful, useful, learnable, explainable, affordable, intuitive, or understandable",0.11796850711107254
 The website shall protect itself from intentional abuse  and notify the administrator at all occurrences.,"not about instructive, easy, helpful, useful, learnable, explainable, affordable, intuitive, or understandable","instructive, easy, helpful, useful, learnable, explainable, affordable, intuitive, or understandable",0.09550576657056808
Data integrity scripts will be run on a weekly basis to verify the integrity of the database.,"not about instructive, easy, helpful, useful, learnable, explainable, affordable, intuitive, or understandable","instructive, easy, helpful, useful, learnable, explainable, affordable, intuitive, or understandable",0.0580952912569046
 The website shall make its user aware of its information practices before collection data from them via a Privacy Policy  accessible on all pages of the website.,"not about instructive, easy, helpful, useful, learnable, explainable, affordable, intuitive, or understandable","not about instructive, easy, helpful, useful, learnable, explainable, affordable, intuitive, or understandable",0.07358667254447937
The system shall notify customers of changes to its information policy.,"not about instructive, easy, helpful, useful, learnable, explainable, affordable, intuitive, or understandable","instructive, easy, helpful, useful, learnable, explainable, affordable, intuitive, or understandable",0.117536261677742
The system shall reveal private information only in compliance with the organization’s information policy.,"not about instructive, easy, helpful, useful, learnable, explainable, affordable, intuitive, or understandable","not about instructive, easy, helpful, useful, learnable, explainable, affordable, intuitive, or understandable",0.05267702415585518
 All customer information will be stored on a secure database  accessible only to authorized personnel.,"not about instructive, easy, helpful, useful, learnable, explainable, affordable, intuitive, or understandable","instructive, easy, helpful, useful, learnable, explainable, affordable, intuitive, or understandable",0.06783244013786316
All credit card information will be encrypted in the database.,"not about instructive, easy, helpful, useful, learnable, explainable, affordable, intuitive, or understandable","instructive, easy, helpful, useful, learnable, explainable, affordable, intuitive, or understandable",0.12570637464523315
The streaming server will have anti-virus software to prevent infection of malicious viruses.,"not about instructive, easy, helpful, useful, learnable, explainable, affordable, intuitive, or understandable","instructive, easy, helpful, useful, learnable, explainable, affordable, intuitive, or understandable",0.12837699055671692
The website should use Flash to provide animation on the home page.,"not about instructive, easy, helpful, useful, learnable, explainable, affordable, intuitive, or understandable","instructive, easy, helpful, useful, learnable, explainable, affordable, intuitive, or understandable",0.17010921239852905
Total lead cycle time must be completed in 5 minutes for 90% of lead volume between the business hours of 8AM CST to 8PM CST  then 3 minutes for 99% of lead volume during off business hours.,"not about instructive, easy, helpful, useful, learnable, explainable, affordable, intuitive, or understandable","instructive, easy, helpful, useful, learnable, explainable, affordable, intuitive, or understandable",-0.07475679367780685
No lead evaluation will complete in a time period longer than 25 seconds for 97% of all leads processed.,"not about instructive, easy, helpful, useful, learnable, explainable, affordable, intuitive, or understandable","not about instructive, easy, helpful, useful, learnable, explainable, affordable, intuitive, or understandable",0.07225920259952545
For leads that process longer than 25 seconds the system will record the event and duration,"not about instructive, easy, helpful, useful, learnable, explainable, affordable, intuitive, or understandable","instructive, easy, helpful, useful, learnable, explainable, affordable, intuitive, or understandable",0.06572183966636658
The process must fit within the processing time conditions set forth by the Auto Rep Assignment process in which a lead is assigned within 3 minutes of the total life cycle.,"not about instructive, easy, helpful, useful, learnable, explainable, affordable, intuitive, or understandable","instructive, easy, helpful, useful, learnable, explainable, affordable, intuitive, or understandable",0.013042017817497253
The lead washing process will operate within the established physical web service structure.,"not about instructive, easy, helpful, useful, learnable, explainable, affordable, intuitive, or understandable","instructive, easy, helpful, useful, learnable, explainable, affordable, intuitive, or understandable",0.09641510248184204
 The washing process must use a non binding  neutral data format  such as xml  when receiving and processing lead data.,"not about instructive, easy, helpful, useful, learnable, explainable, affordable, intuitive, or understandable","instructive, easy, helpful, useful, learnable, explainable, affordable, intuitive, or understandable",0.1331031173467636
The product shall able to handle a large number of games simultaneously.,"not about instructive, easy, helpful, useful, learnable, explainable, affordable, intuitive, or understandable","not about instructive, easy, helpful, useful, learnable, explainable, affordable, intuitive, or understandable",0.10105025768280029
The response time shall be fast enough to maintain the flow of the game.  The response time shall be no more than 2 seconds for 95% of responses and no more than 4% for the remaining responses.,"not about instructive, easy, helpful, useful, learnable, explainable, affordable, intuitive, or understandable","instructive, easy, helpful, useful, learnable, explainable, affordable, intuitive, or understandable",0.09580773860216141
The product shall protect the identity of the players. The product shall provide players no access to information that might reveal the identity of another player.,"not about instructive, easy, helpful, useful, learnable, explainable, affordable, intuitive, or understandable","instructive, easy, helpful, useful, learnable, explainable, affordable, intuitive, or understandable",0.0944598913192749
The product shall be intuitive and self-explanatory.  Nine out ten users shall be able to successfully complete a game with no training.,"instructive, easy, helpful, useful, learnable, explainable, affordable, intuitive, or understandable","not about instructive, easy, helpful, useful, learnable, explainable, affordable, intuitive, or understandable",0.3811770975589752
 The product shall be available to players who understand English  Spanish and French.  The product shall allow the user to select the language upon accessing the product.,"instructive, easy, helpful, useful, learnable, explainable, affordable, intuitive, or understandable","instructive, easy, helpful, useful, learnable, explainable, affordable, intuitive, or understandable",0.16761575639247894
The product shall provide players no access to information that might reveal the identity of another player,"not about instructive, easy, helpful, useful, learnable, explainable, affordable, intuitive, or understandable","not about instructive, easy, helpful, useful, learnable, explainable, affordable, intuitive, or understandable",0.14558646082878113
The response time shall be fast enough to maintain the flow of the game. The response time shall be no more than 2 seconds for 95% of responses and no more than 4% for the remaining responses.,"not about instructive, easy, helpful, useful, learnable, explainable, affordable, intuitive, or understandable","instructive, easy, helpful, useful, learnable, explainable, affordable, intuitive, or understandable",0.09580773860216141
The system shall be easy to use by callers and supervisors. Callers and supervisors must be able to accomplish any system task within 2 minutes.,"instructive, easy, helpful, useful, learnable, explainable, affordable, intuitive, or understandable","instructive, easy, helpful, useful, learnable, explainable, affordable, intuitive, or understandable",0.2164452224969864
The system shall be easy to learn by callers and supervisors. Callers and supervisors shall learn how to use the system within 10 minutes.,"instructive, easy, helpful, useful, learnable, explainable, affordable, intuitive, or understandable","instructive, easy, helpful, useful, learnable, explainable, affordable, intuitive, or understandable",0.31140416860580444
 The system shall be responsive. At the DePaul TeleServices Center  when a supervisor uses the system to view a callers schedule  the system response time must be no more than 2 seconds 90% of the time and no more than 5 seconds the rest of the time.,"not about instructive, easy, helpful, useful, learnable, explainable, affordable, intuitive, or understandable","not about instructive, easy, helpful, useful, learnable, explainable, affordable, intuitive, or understandable",0.07292936742305756
 On a 56k connection  the system response time for all operations must be no more than 6 seconds 90% of the time.,"not about instructive, easy, helpful, useful, learnable, explainable, affordable, intuitive, or understandable","instructive, easy, helpful, useful, learnable, explainable, affordable, intuitive, or understandable",0.08615359663963318
 On a 112k connection or faster  the system response time for all operations must be no more than 3 seconds 90% of the time.,"not about instructive, easy, helpful, useful, learnable, explainable, affordable, intuitive, or understandable","instructive, easy, helpful, useful, learnable, explainable, affordable, intuitive, or understandable",0.07774582505226135
The product shall ensure that only supervisors can advertise empty time slots.The product must ensure that supervisors are allowed to access advertise empty time slots.,"not about instructive, easy, helpful, useful, learnable, explainable, affordable, intuitive, or understandable","not about instructive, easy, helpful, useful, learnable, explainable, affordable, intuitive, or understandable",0.045919422060251236
The product shall ensure that only supervisors can enter a caller’s schedule.The product must ensure that supervisors are allowed to access advertise empty time slots.,"not about instructive, easy, helpful, useful, learnable, explainable, affordable, intuitive, or understandable","not about instructive, easy, helpful, useful, learnable, explainable, affordable, intuitive, or understandable",0.07478289306163788
The product shall ensure that only supervisors can view schedule of all callers.The product must ensure that supervisors are allowed to access advertise empty time slots.,"not about instructive, easy, helpful, useful, learnable, explainable, affordable, intuitive, or understandable","not about instructive, easy, helpful, useful, learnable, explainable, affordable, intuitive, or understandable",0.07323768734931946
The product shall provide Monitoring Services.The product shall be easy for System Administrators and DBAs to use after two weeks of usage.,"instructive, easy, helpful, useful, learnable, explainable, affordable, intuitive, or understandable","instructive, easy, helpful, useful, learnable, explainable, affordable, intuitive, or understandable",0.26628321409225464
The product shall provide Error Tracking Services.The product shall help the System Administrators and DBAs to resolve transaction errors 99% of the time.,"instructive, easy, helpful, useful, learnable, explainable, affordable, intuitive, or understandable","instructive, easy, helpful, useful, learnable, explainable, affordable, intuitive, or understandable",0.18597617745399475
The product shall provide Portals.The product shall help System Administrators to analyze the transactions with ad-hoc reporting and KPIs (Key Performance Indicators),"instructive, easy, helpful, useful, learnable, explainable, affordable, intuitive, or understandable","instructive, easy, helpful, useful, learnable, explainable, affordable, intuitive, or understandable",0.2234637588262558
The product shall provide Asynchronous Messaging.The product shall provide asynchronous messaging to enable parallel processing and reduce the overhead in communications,"not about instructive, easy, helpful, useful, learnable, explainable, affordable, intuitive, or understandable","instructive, easy, helpful, useful, learnable, explainable, affordable, intuitive, or understandable",0.10261328518390656
The product shall provide Multi-threading and Load Balancing.The product shall provide multi-threading technology as well as load balancing to overcome data load spikes and traffic.,"not about instructive, easy, helpful, useful, learnable, explainable, affordable, intuitive, or understandable","instructive, easy, helpful, useful, learnable, explainable, affordable, intuitive, or understandable",0.05905739217996597
The product shall process messages within 2 seconds.The product shall have a maximum message processing time of 2 seconds,"not about instructive, easy, helpful, useful, learnable, explainable, affordable, intuitive, or understandable","instructive, easy, helpful, useful, learnable, explainable, affordable, intuitive, or understandable",0.10840615630149841
The product shall poll the system for messages every second.The product shall poll the system for new messages at a maximum of every 1 second.,"not about instructive, easy, helpful, useful, learnable, explainable, affordable, intuitive, or understandable","instructive, easy, helpful, useful, learnable, explainable, affordable, intuitive, or understandable",0.08395475894212723
The product shall provide Dynamic Change Support and Transparent resource addition.The product shall support Transparent Resource addition and Dynamic Change support to provide scalability and avoid service interruptions of more than 1 day.,"not about instructive, easy, helpful, useful, learnable, explainable, affordable, intuitive, or understandable","instructive, easy, helpful, useful, learnable, explainable, affordable, intuitive, or understandable",0.2323962152004242
The product shall be platform independent.The product shall enable access to any type of development environment and platform.,"not about instructive, easy, helpful, useful, learnable, explainable, affordable, intuitive, or understandable","instructive, easy, helpful, useful, learnable, explainable, affordable, intuitive, or understandable",0.18983405828475952
The product shall interface CSR and Datastream.The product shall exchange messages between CSR and EAM on a real time basis without any direct interfaces between two systems.,"not about instructive, easy, helpful, useful, learnable, explainable, affordable, intuitive, or understandable","instructive, easy, helpful, useful, learnable, explainable, affordable, intuitive, or understandable",0.07952112704515457
 The product shall have security.The product shall provide authentication  and authorization.,"not about instructive, easy, helpful, useful, learnable, explainable, affordable, intuitive, or understandable","instructive, easy, helpful, useful, learnable, explainable, affordable, intuitive, or understandable",0.24553611874580383
The product shall information Security. The product shall enable privacy by encryption WS-Security and Integrity Checking.,"not about instructive, easy, helpful, useful, learnable, explainable, affordable, intuitive, or understandable","instructive, easy, helpful, useful, learnable, explainable, affordable, intuitive, or understandable",0.2207029163837433
The product shall have audit capabilities.The product shall store messages for a minimum of one year for audit and transaction tracking purposes.,"not about instructive, easy, helpful, useful, learnable, explainable, affordable, intuitive, or understandable","instructive, easy, helpful, useful, learnable, explainable, affordable, intuitive, or understandable",0.087153859436512
The system must use a point and click interface. 100% of all selection and navigation functionality must be able to be activated/selected by either a mouse or a keyboard,"instructive, easy, helpful, useful, learnable, explainable, affordable, intuitive, or understandable","not about instructive, easy, helpful, useful, learnable, explainable, affordable, intuitive, or understandable",0.11254215240478516
The interface shall be easy to use. 90% of users should be able to successfully use the system to generate a report on their first use. The interface should adhere to IBM usability standards.,"instructive, easy, helpful, useful, learnable, explainable, affordable, intuitive, or understandable","instructive, easy, helpful, useful, learnable, explainable, affordable, intuitive, or understandable",0.26088160276412964
Rreports must be easy to generate. eports must be generated within one button click and exported within one button click (after selecting the report),"instructive, easy, helpful, useful, learnable, explainable, affordable, intuitive, or understandable","not about instructive, easy, helpful, useful, learnable, explainable, affordable, intuitive, or understandable",0.09308761358261108
A user shall be able to use the system without instruction after a short amount of time. After one use a user should understand and remember 90% of the system usage and navigation.,"instructive, easy, helpful, useful, learnable, explainable, affordable, intuitive, or understandable","not about instructive, easy, helpful, useful, learnable, explainable, affordable, intuitive, or understandable",0.2529886066913605
All CCR users shall receive training before the WCS system is deployed. One training session will be held for 100% of CCR users before system deployment (based on a CCR user being available),"instructive, easy, helpful, useful, learnable, explainable, affordable, intuitive, or understandable","instructive, easy, helpful, useful, learnable, explainable, affordable, intuitive, or understandable",0.05025532841682434
The WCS system shall use appropriate nomenclature and terminology as defined by the Corporate Community Grants organization. All interfaces and reports will undergo usability tests by CCR users.,"instructive, easy, helpful, useful, learnable, explainable, affordable, intuitive, or understandable","instructive, easy, helpful, useful, learnable, explainable, affordable, intuitive, or understandable",0.17103496193885803
The WCS system shall be run in a Windows environment. The WCS shall be accessed by users through the Internet on an IBM computer running a Windows 2000 or above operating system.,"not about instructive, easy, helpful, useful, learnable, explainable, affordable, intuitive, or understandable","instructive, easy, helpful, useful, learnable, explainable, affordable, intuitive, or understandable",-0.0058597177267074585
The Brio portion of the WCS system must be able to export files in spreadsheet form (Microsoft Excel and Lotus 1-2-3 formats).  Brio will provide buttons in the user interface that produce/export reports in .xls or .123 file formats.,"not about instructive, easy, helpful, useful, learnable, explainable, affordable, intuitive, or understandable","instructive, easy, helpful, useful, learnable, explainable, affordable, intuitive, or understandable",0.02340061590075493
The system shall only be accessed by authorized Corporate Community Grants (CCR) employees. Users must be authenticated using their IBM intranet user name and password.,"not about instructive, easy, helpful, useful, learnable, explainable, affordable, intuitive, or understandable","instructive, easy, helpful, useful, learnable, explainable, affordable, intuitive, or understandable",0.03251844644546509
The WCS system shall not allow automatic logins by any user. Cookies containing WCS login information about a user will not be stored on a user’s computer.,"not about instructive, easy, helpful, useful, learnable, explainable, affordable, intuitive, or understandable","instructive, easy, helpful, useful, learnable, explainable, affordable, intuitive, or understandable",-0.017498116940259933
Each team owner will need to use a username and password in order to be authenticated to reach the team owner’s page,"not about instructive, easy, helpful, useful, learnable, explainable, affordable, intuitive, or understandable","instructive, easy, helpful, useful, learnable, explainable, affordable, intuitive, or understandable",-0.016135089099407196
The Commissioner will be the only authorized user per league to adjust league settings.,"not about instructive, easy, helpful, useful, learnable, explainable, affordable, intuitive, or understandable","instructive, easy, helpful, useful, learnable, explainable, affordable, intuitive, or understandable",0.043557338416576385
;A new user shall be able to navigate through the league and team pages within 30 seconds of reaching the start-up page.,"instructive, easy, helpful, useful, learnable, explainable, affordable, intuitive, or understandable","instructive, easy, helpful, useful, learnable, explainable, affordable, intuitive, or understandable",0.1221100389957428
Users shall be able to reach the ‘add’  ‘drop’  and ‘trade player’ pages with one click from the team owner’s page.,"instructive, easy, helpful, useful, learnable, explainable, affordable, intuitive, or understandable","instructive, easy, helpful, useful, learnable, explainable, affordable, intuitive, or understandable",0.08925668150186539
;Users shall be able to view at least 25 NFL player statistics and points on each page.,"instructive, easy, helpful, useful, learnable, explainable, affordable, intuitive, or understandable","instructive, easy, helpful, useful, learnable, explainable, affordable, intuitive, or understandable",0.09562326222658157
The application shall ask the user to confirm dropping a player or trading a player before performing the action.,"instructive, easy, helpful, useful, learnable, explainable, affordable, intuitive, or understandable","instructive, easy, helpful, useful, learnable, explainable, affordable, intuitive, or understandable",0.10436299443244934
The application shall be able to complete every user transaction within one fourth of a second of receiving the request over the network.,"not about instructive, easy, helpful, useful, learnable, explainable, affordable, intuitive, or understandable","instructive, easy, helpful, useful, learnable, explainable, affordable, intuitive, or understandable",0.05266861617565155
The application shall run on a web application server.,"not about instructive, easy, helpful, useful, learnable, explainable, affordable, intuitive, or understandable","instructive, easy, helpful, useful, learnable, explainable, affordable, intuitive, or understandable",0.13303029537200928
A primary database will be used to store cached data for active users.,"not about instructive, easy, helpful, useful, learnable, explainable, affordable, intuitive, or understandable","instructive, easy, helpful, useful, learnable, explainable, affordable, intuitive, or understandable",0.11982695758342743
A secondary database will be used to store historical statistics and data.,"not about instructive, easy, helpful, useful, learnable, explainable, affordable, intuitive, or understandable","instructive, easy, helpful, useful, learnable, explainable, affordable, intuitive, or understandable",0.08814594149589539
98% of the user workstations shall meet the minimum hardware requirements prior to implementation. Minimum Hard Disk Space:  400MB.,"not about instructive, easy, helpful, useful, learnable, explainable, affordable, intuitive, or understandable","not about instructive, easy, helpful, useful, learnable, explainable, affordable, intuitive, or understandable",0.07241442054510117
98% of the user workstations shall meet the minimum software requirements prior to implementation: Microsoft Internet Explorer 5.0. Microsoft .NET Framework 1.1. Microsoft Internet Explorer Web Controls,"not about instructive, easy, helpful, useful, learnable, explainable, affordable, intuitive, or understandable","instructive, easy, helpful, useful, learnable, explainable, affordable, intuitive, or understandable",0.15912958979606628
The RFS system should be able to easily interface with the BDW environment  in order to load the data. •;7 data files shall be received from the BDW and loaded into the RFS system within 3 hours one day prior to the start of budgeting process  every year. The data will be as of October month-end. ;Test files (7) shall be loaded up to 5 times throughout the year  from the BDW.,"not about instructive, easy, helpful, useful, learnable, explainable, affordable, intuitive, or understandable","instructive, easy, helpful, useful, learnable, explainable, affordable, intuitive, or understandable",0.07844510674476624
Only authorized user shall access the RFS system. ONLY users that exist in the UAS system  with the RFS system assigned to their role(s)  shall access the RFS system and use it.,"not about instructive, easy, helpful, useful, learnable, explainable, affordable, intuitive, or understandable","instructive, easy, helpful, useful, learnable, explainable, affordable, intuitive, or understandable",0.006413563154637814
;User access should be limited to the permissions granted to their role(s) Each level in the PCG hierarchy will be assigned a role and users will be assigned to these roles. Access to functionality within RFS system is dependent on the privileges/permission assigned to the role..,"not about instructive, easy, helpful, useful, learnable, explainable, affordable, intuitive, or understandable","instructive, easy, helpful, useful, learnable, explainable, affordable, intuitive, or understandable",0.04227026551961899
The users should be able to easily use the system to successfully complete their budgets  within the stipulated time for completion. With a week of training prior to product implementation  98% of the users shall complete their budgets within the stipulated time.,"instructive, easy, helpful, useful, learnable, explainable, affordable, intuitive, or understandable","instructive, easy, helpful, useful, learnable, explainable, affordable, intuitive, or understandable",0.2005329728126526
The product interface should be fast. The response time of the product interface should not exceed 2 seconds 90% of the time. For 10% of the time  the response time should not be more than 10 seconds.not be more than 10 seconds.,"not about instructive, easy, helpful, useful, learnable, explainable, affordable, intuitive, or understandable","instructive, easy, helpful, useful, learnable, explainable, affordable, intuitive, or understandable",0.09715113788843155
