,precision,recall,f1-score,support
"instructive, easy, helpful, useful, learnable, explainable, affordable, intuitive, or understandable",0.25,0.8059701492537313,0.381625441696113,67.0
"not about instructive, easy, helpful, useful, learnable, explainable, affordable, intuitive, or understandable",0.6060606060606061,0.10989010989010989,0.186046511627907,182.0
accuracy,0.2971887550200803,0.2971887550200803,0.2971887550200803,0.2971887550200803
macro avg,0.42803030303030304,0.4579301295719206,0.28383597666201,249.0
weighted avg,0.5102531337471097,0.2971887550200803,0.23867216750971343,249.0
