,precision,recall,f1-score,support
"accessibility, aesthetic, contextual, experience, satisfaction, HCI, UX, questionnaire, ease, or ergonomics",0.208955223880597,0.417910447761194,0.2786069651741293,67.0
"security, performance, operational, look & feel, legal, fault & tolerance, maintainability, scalability, availability, or portability",0.6608695652173913,0.4175824175824176,0.5117845117845118,182.0
accuracy,0.41767068273092367,0.41767068273092367,0.41767068273092367,0.41767068273092367
macro avg,0.4349123945489941,0.4177464326718058,0.39519573847932055,249.0
weighted avg,0.5392701239741574,0.41767068273092367,0.4490419590821197,249.0
