Requirement text,Gold label,Predicated label,ZSL score
The system shall refresh the display every 60 seconds.,"not about instructive, easy, helpful, useful, learnable, explainable, affordable, intuitive, or understandable","instructive, easy, helpful, useful, learnable, explainable, affordable, intuitive, or understandable",0.8945750594139099
 If projected  the data must be readable.  On a 10x10 projection screen  90% of viewers must be able to read Event / Activity data from a viewing distance of 30,"instructive, easy, helpful, useful, learnable, explainable, affordable, intuitive, or understandable","not about instructive, easy, helpful, useful, learnable, explainable, affordable, intuitive, or understandable",0.9379289746284485
 If projected  the data must be understandable. On a 10x10 projection screen  90% of viewers must be able to determine that Events or Activities are occuring in current time from a viewing distance of 100,"instructive, easy, helpful, useful, learnable, explainable, affordable, intuitive, or understandable","not about instructive, easy, helpful, useful, learnable, explainable, affordable, intuitive, or understandable",0.9339724779129028
The product shall ensure that it can only be accessed by authorized users.  The product will be able to distinguish between authorized and unauthorized users in all access attempts,"not about instructive, easy, helpful, useful, learnable, explainable, affordable, intuitive, or understandable","not about instructive, easy, helpful, useful, learnable, explainable, affordable, intuitive, or understandable",0.9293805956840515
The product shall be intuitive and self-explanatory.  :  90% of new users shall be able to start the display of Events or Activities within 90 minutes of using the product.,"instructive, easy, helpful, useful, learnable, explainable, affordable, intuitive, or understandable","not about instructive, easy, helpful, useful, learnable, explainable, affordable, intuitive, or understandable",0.929240345954895
The product shall respond fast to keep up-to-date data in the display.,"not about instructive, easy, helpful, useful, learnable, explainable, affordable, intuitive, or understandable","instructive, easy, helpful, useful, learnable, explainable, affordable, intuitive, or understandable",0.9234076142311096
The system shall be used by realtors with no training.,"instructive, easy, helpful, useful, learnable, explainable, affordable, intuitive, or understandable","instructive, easy, helpful, useful, learnable, explainable, affordable, intuitive, or understandable",0.9186190962791443
The system shall be intuitive and self explanatory.,"instructive, easy, helpful, useful, learnable, explainable, affordable, intuitive, or understandable","instructive, easy, helpful, useful, learnable, explainable, affordable, intuitive, or understandable",0.8998159170150757
The product shall be easy for a realtor to learn.,"instructive, easy, helpful, useful, learnable, explainable, affordable, intuitive, or understandable","instructive, easy, helpful, useful, learnable, explainable, affordable, intuitive, or understandable",0.9147404432296753
The product shall use symbols and words that are naturally understandable by the realtor community.,"instructive, easy, helpful, useful, learnable, explainable, affordable, intuitive, or understandable","not about instructive, easy, helpful, useful, learnable, explainable, affordable, intuitive, or understandable",0.9341816306114197
The product shall produce search results in an acceptable time,"not about instructive, easy, helpful, useful, learnable, explainable, affordable, intuitive, or understandable","instructive, easy, helpful, useful, learnable, explainable, affordable, intuitive, or understandable",0.9060261845588684
The search results shall be returned no later 30      seconds  after the user has entered the search criteria,"not about instructive, easy, helpful, useful, learnable, explainable, affordable, intuitive, or understandable","not about instructive, easy, helpful, useful, learnable, explainable, affordable, intuitive, or understandable",0.9322537183761597
The product shall generate a CMA report in an acceptable time.,"not about instructive, easy, helpful, useful, learnable, explainable, affordable, intuitive, or understandable","instructive, easy, helpful, useful, learnable, explainable, affordable, intuitive, or understandable",0.922057032585144
The CMA report shall be returned no later 60 seconds after the user has entered the CMA report criteria.,"not about instructive, easy, helpful, useful, learnable, explainable, affordable, intuitive, or understandable","not about instructive, easy, helpful, useful, learnable, explainable, affordable, intuitive, or understandable",0.9411973357200623
The product shall synchronize contacts and appointments in an acceptable time.,"not about instructive, easy, helpful, useful, learnable, explainable, affordable, intuitive, or understandable","instructive, easy, helpful, useful, learnable, explainable, affordable, intuitive, or understandable",0.913554847240448
The product shall synchronize with the office system every hour.,"not about instructive, easy, helpful, useful, learnable, explainable, affordable, intuitive, or understandable","instructive, easy, helpful, useful, learnable, explainable, affordable, intuitive, or understandable",0.899195671081543
The product shall be installed by an untrained realtor   without recourse to separately-printed instructions.,"instructive, easy, helpful, useful, learnable, explainable, affordable, intuitive, or understandable","not about instructive, easy, helpful, useful, learnable, explainable, affordable, intuitive, or understandable",0.9325501918792725
90% of untrained realtors shall be able to install the product on their device without printed instructions,"instructive, easy, helpful, useful, learnable, explainable, affordable, intuitive, or understandable","not about instructive, easy, helpful, useful, learnable, explainable, affordable, intuitive, or understandable",0.9351282119750977
Only registered realtors shall be able to access the system.,"not about instructive, easy, helpful, useful, learnable, explainable, affordable, intuitive, or understandable","instructive, easy, helpful, useful, learnable, explainable, affordable, intuitive, or understandable",0.9199867248535156
Every user of the system shall be authenticated and authorized.,"not about instructive, easy, helpful, useful, learnable, explainable, affordable, intuitive, or understandable","instructive, easy, helpful, useful, learnable, explainable, affordable, intuitive, or understandable",0.9083756804466248
The product shall prevent its data from incorrect data being introduced.,"not about instructive, easy, helpful, useful, learnable, explainable, affordable, intuitive, or understandable","instructive, easy, helpful, useful, learnable, explainable, affordable, intuitive, or understandable",0.916491687297821
The system shall be easy to use by the Program Administrators/Nursing Staff Members.,"instructive, easy, helpful, useful, learnable, explainable, affordable, intuitive, or understandable","instructive, easy, helpful, useful, learnable, explainable, affordable, intuitive, or understandable",0.9341120719909668
All of the users shall be able to use the system after one day of training.,"instructive, easy, helpful, useful, learnable, explainable, affordable, intuitive, or understandable","instructive, easy, helpful, useful, learnable, explainable, affordable, intuitive, or understandable",0.9238705635070801
The system shall help the user avoid making mistakes while scheduling classes and clinicals for the nursing students.,"instructive, easy, helpful, useful, learnable, explainable, affordable, intuitive, or understandable","not about instructive, easy, helpful, useful, learnable, explainable, affordable, intuitive, or understandable",0.9352330565452576
The number of mistakes noted by the students shall be decreased by 50% in the first year.,"instructive, easy, helpful, useful, learnable, explainable, affordable, intuitive, or understandable","not about instructive, easy, helpful, useful, learnable, explainable, affordable, intuitive, or understandable",0.9334113597869873
The system shall be intuitive to the Program Administrators/Nursing Staff Members.,"instructive, easy, helpful, useful, learnable, explainable, affordable, intuitive, or understandable","instructive, easy, helpful, useful, learnable, explainable, affordable, intuitive, or understandable",0.9323912262916565
2 out of 3 Program Administrators/Nursing Staff Members shall successfully be able to use the system to manage the scheduling of classes and clinicals.,"instructive, easy, helpful, useful, learnable, explainable, affordable, intuitive, or understandable","not about instructive, easy, helpful, useful, learnable, explainable, affordable, intuitive, or understandable",0.9358877539634705
The system shall use symbols and words that are naturally understandable by the user community.,"instructive, easy, helpful, useful, learnable, explainable, affordable, intuitive, or understandable","instructive, easy, helpful, useful, learnable, explainable, affordable, intuitive, or understandable",0.9321992993354797
The verbiage used within the system shall be consistent with Standard English and the terminology of the national Nursing Community.,"instructive, easy, helpful, useful, learnable, explainable, affordable, intuitive, or understandable","not about instructive, easy, helpful, useful, learnable, explainable, affordable, intuitive, or understandable",0.9283590912818909
Staff members shall be able to complete a set of tasks in a timely manner.,"not about instructive, easy, helpful, useful, learnable, explainable, affordable, intuitive, or understandable","instructive, easy, helpful, useful, learnable, explainable, affordable, intuitive, or understandable",0.9343364238739014
The response time of general student management tasks shall take no longer than 5 seconds and the response time of schedule generation shall take no longer than 30 seconds.,"not about instructive, easy, helpful, useful, learnable, explainable, affordable, intuitive, or understandable","not about instructive, easy, helpful, useful, learnable, explainable, affordable, intuitive, or understandable",0.9301494359970093
The system shall able to operate within a business office environment typical of the Nursing Department at DePaul University.,"not about instructive, easy, helpful, useful, learnable, explainable, affordable, intuitive, or understandable","not about instructive, easy, helpful, useful, learnable, explainable, affordable, intuitive, or understandable",0.9359039068222046
The system shall be used within the specifications defined by the computers used by the Program Administrators/Nursing Staff Members.,"not about instructive, easy, helpful, useful, learnable, explainable, affordable, intuitive, or understandable","not about instructive, easy, helpful, useful, learnable, explainable, affordable, intuitive, or understandable",0.937411904335022
The system shall operate within the Windows XP Professional operating system.,"not about instructive, easy, helpful, useful, learnable, explainable, affordable, intuitive, or understandable","instructive, easy, helpful, useful, learnable, explainable, affordable, intuitive, or understandable",0.9068989753723145
The system shall interface with CampusConnect’s central server,"not about instructive, easy, helpful, useful, learnable, explainable, affordable, intuitive, or understandable","instructive, easy, helpful, useful, learnable, explainable, affordable, intuitive, or understandable",0.9050131440162659
The system shall interface with the faculty central server.,"not about instructive, easy, helpful, useful, learnable, explainable, affordable, intuitive, or understandable","instructive, easy, helpful, useful, learnable, explainable, affordable, intuitive, or understandable",0.8946166038513184
The system shall interface with the student master server.,"not about instructive, easy, helpful, useful, learnable, explainable, affordable, intuitive, or understandable","instructive, easy, helpful, useful, learnable, explainable, affordable, intuitive, or understandable",0.9013143181800842
We must be able to interface with any HTML browser.,"not about instructive, easy, helpful, useful, learnable, explainable, affordable, intuitive, or understandable","instructive, easy, helpful, useful, learnable, explainable, affordable, intuitive, or understandable",0.9125850200653076
Only authorized users shall have access to clinical site information.,"not about instructive, easy, helpful, useful, learnable, explainable, affordable, intuitive, or understandable","instructive, easy, helpful, useful, learnable, explainable, affordable, intuitive, or understandable",0.9158112406730652
Program Administrators/Nursing Staff Members are the only people who shall have access to clinical site details.,"not about instructive, easy, helpful, useful, learnable, explainable, affordable, intuitive, or understandable","not about instructive, easy, helpful, useful, learnable, explainable, affordable, intuitive, or understandable",0.9426064491271973
Only authorized users shall have access to students’ personal information.,"not about instructive, easy, helpful, useful, learnable, explainable, affordable, intuitive, or understandable","instructive, easy, helpful, useful, learnable, explainable, affordable, intuitive, or understandable",0.9210494160652161
Dr Susan Poslusny and Dr Julie Donalek are the only people who shall have access to students’ personal information.,"not about instructive, easy, helpful, useful, learnable, explainable, affordable, intuitive, or understandable","not about instructive, easy, helpful, useful, learnable, explainable, affordable, intuitive, or understandable",0.9388625025749207
Only authorized users shall have access to the portion of the system that interfaces with CampusConnect.,"not about instructive, easy, helpful, useful, learnable, explainable, affordable, intuitive, or understandable","not about instructive, easy, helpful, useful, learnable, explainable, affordable, intuitive, or understandable",0.9295811653137207
Fit Criterion: Dr Susan Poslusny and Karen Sysol are the only people who shall have access to the final class section scheduling for the system that interfaces with CampusConnect.,"not about instructive, easy, helpful, useful, learnable, explainable, affordable, intuitive, or understandable","not about instructive, easy, helpful, useful, learnable, explainable, affordable, intuitive, or understandable",0.9203742742538452
The system shall have basic data integrity checking to reduce the possibility of incorrect or invalid data being introduced.,"not about instructive, easy, helpful, useful, learnable, explainable, affordable, intuitive, or understandable","not about instructive, easy, helpful, useful, learnable, explainable, affordable, intuitive, or understandable",0.9371500015258789
The system shall protect private information in accordance with the organization’s information policy.,"not about instructive, easy, helpful, useful, learnable, explainable, affordable, intuitive, or understandable","instructive, easy, helpful, useful, learnable, explainable, affordable, intuitive, or understandable",0.9207619428634644
The system shall be built such that it is as secure as possible from malicious interference.,"not about instructive, easy, helpful, useful, learnable, explainable, affordable, intuitive, or understandable","not about instructive, easy, helpful, useful, learnable, explainable, affordable, intuitive, or understandable",0.9328869581222534
The system shall use the organization’s standard virus protection software to help monitor threats to itself.,"not about instructive, easy, helpful, useful, learnable, explainable, affordable, intuitive, or understandable","instructive, easy, helpful, useful, learnable, explainable, affordable, intuitive, or understandable",0.9321596622467041
The list of dispute cases that are displayed after a search is performed must be color coded for easy identification of dispute cases based upon the dispute case status.,"instructive, easy, helpful, useful, learnable, explainable, affordable, intuitive, or understandable","not about instructive, easy, helpful, useful, learnable, explainable, affordable, intuitive, or understandable",0.9336336851119995
100% of the cardmember and merchant services representatives shall use the Disputes application regularly after a 2-day training course.,"instructive, easy, helpful, useful, learnable, explainable, affordable, intuitive, or understandable","not about instructive, easy, helpful, useful, learnable, explainable, affordable, intuitive, or understandable",0.9382102489471436
100% of cardmember services representatives shall be able to successfully create a dispute case on the first encounter after completing the training course.,"instructive, easy, helpful, useful, learnable, explainable, affordable, intuitive, or understandable","not about instructive, easy, helpful, useful, learnable, explainable, affordable, intuitive, or understandable",0.9420803189277649
100% of merchant services representatives shall be able to successfully perform a follow up action on a dispute case on the first encounter after completing the training course.,"instructive, easy, helpful, useful, learnable, explainable, affordable, intuitive, or understandable","not about instructive, easy, helpful, useful, learnable, explainable, affordable, intuitive, or understandable",0.9382389783859253
The maximum wait time for a user navigating from one screen to another within the Disputes application shall be no more than 5 seconds.,"not about instructive, easy, helpful, useful, learnable, explainable, affordable, intuitive, or understandable","not about instructive, easy, helpful, useful, learnable, explainable, affordable, intuitive, or understandable",0.937333881855011
The Disputes application shall support 350 concurrent users without any degradation of performance in the application.,"not about instructive, easy, helpful, useful, learnable, explainable, affordable, intuitive, or understandable","not about instructive, easy, helpful, useful, learnable, explainable, affordable, intuitive, or understandable",0.9272876977920532
 The Disputes application shall be available 24x7x365  with the exception of the following scheduled maintenance windows.  Monday – Saturday 3:00am to 4:00am EST Sunday 1:00amd to 5:00am EST,"not about instructive, easy, helpful, useful, learnable, explainable, affordable, intuitive, or understandable","not about instructive, easy, helpful, useful, learnable, explainable, affordable, intuitive, or understandable",0.921150803565979
The Disputes application shall interface with the Statement Database. The Statement Database provides the transaction details to the Disputes System. All transaction details must be obtained from the Statement Database,"not about instructive, easy, helpful, useful, learnable, explainable, affordable, intuitive, or understandable","not about instructive, easy, helpful, useful, learnable, explainable, affordable, intuitive, or understandable",0.9208112359046936
The Disputes application shall interface with the Cardmember Information Database.  The Cardmember Information Database provides detailed information with regard to a cardmember.  All cardmember detail information must be obtained from the Cardmember Information Database.,"not about instructive, easy, helpful, useful, learnable, explainable, affordable, intuitive, or understandable","not about instructive, easy, helpful, useful, learnable, explainable, affordable, intuitive, or understandable",0.9121577739715576
The Disputes applications shall interface with the Merchant Information Database.  The Merchant Information Database provides detailed information with regard to the merchant. All merchant detail information shall be obtained from the Merchant Information Database.,"not about instructive, easy, helpful, useful, learnable, explainable, affordable, intuitive, or understandable","not about instructive, easy, helpful, useful, learnable, explainable, affordable, intuitive, or understandable",0.9139019250869751
The Disputes application shall interface with the Letters application.  This will allow the Disputes application to request letters as part of the dispute initiation and dispute follow up process. All letter requests must be sent to the Print Letter Utility application.,"not about instructive, easy, helpful, useful, learnable, explainable, affordable, intuitive, or understandable","not about instructive, easy, helpful, useful, learnable, explainable, affordable, intuitive, or understandable",0.9162553548812866
The Disputes application shall interface with the Cardmember Posting and Billing System.  This will allow the Disputes application to request adjustments to cardmember and merchant’s accounts. All adjustment requests must be sent to the Cardmember Posting and Billing System.,"not about instructive, easy, helpful, useful, learnable, explainable, affordable, intuitive, or understandable","not about instructive, easy, helpful, useful, learnable, explainable, affordable, intuitive, or understandable",0.9130730032920837
The Disputes application shall ensure that only users with the appropriate access level are allowed to initiate dispute requests.,"not about instructive, easy, helpful, useful, learnable, explainable, affordable, intuitive, or understandable","not about instructive, easy, helpful, useful, learnable, explainable, affordable, intuitive, or understandable",0.9402662515640259
Only users with Update access must be able to initiate dispute requests.,"not about instructive, easy, helpful, useful, learnable, explainable, affordable, intuitive, or understandable","instructive, easy, helpful, useful, learnable, explainable, affordable, intuitive, or understandable",0.9229791760444641
The Disputes application shall ensure that only authorized users are allowed to logon to the application.,"not about instructive, easy, helpful, useful, learnable, explainable, affordable, intuitive, or understandable","not about instructive, easy, helpful, useful, learnable, explainable, affordable, intuitive, or understandable",0.9223100543022156
 All authorized users  once authenticated must be able to logon to the Disputes System,"not about instructive, easy, helpful, useful, learnable, explainable, affordable, intuitive, or understandable","instructive, easy, helpful, useful, learnable, explainable, affordable, intuitive, or understandable",0.9179940819740295
The Disputes System shall generate a User Report that details any new users that have been added and any changes to an existing user’s access level.  The report will be reviewed for auditing purposes.,"not about instructive, easy, helpful, useful, learnable, explainable, affordable, intuitive, or understandable","not about instructive, easy, helpful, useful, learnable, explainable, affordable, intuitive, or understandable",0.9280642867088318
All additions of new users and modifications to user’s access shall be recorded on the User Report.,"not about instructive, easy, helpful, useful, learnable, explainable, affordable, intuitive, or understandable","not about instructive, easy, helpful, useful, learnable, explainable, affordable, intuitive, or understandable",0.9414809346199036
 If a user account is revoked  it can only be re-instantiated by the System Administrator.,"not about instructive, easy, helpful, useful, learnable, explainable, affordable, intuitive, or understandable","instructive, easy, helpful, useful, learnable, explainable, affordable, intuitive, or understandable",0.9341758489608765
Only the System Administrator shall be able to reset a revoked user logon account,"not about instructive, easy, helpful, useful, learnable, explainable, affordable, intuitive, or understandable","instructive, easy, helpful, useful, learnable, explainable, affordable, intuitive, or understandable",0.9250627160072327
The Disputes application shall manipulate and view business data. Users will not have direct access to data files or databases.,"not about instructive, easy, helpful, useful, learnable, explainable, affordable, intuitive, or understandable","not about instructive, easy, helpful, useful, learnable, explainable, affordable, intuitive, or understandable",0.9367599487304688
All updates to data files or database must be initiated from the Disputes System.,"not about instructive, easy, helpful, useful, learnable, explainable, affordable, intuitive, or understandable","instructive, easy, helpful, useful, learnable, explainable, affordable, intuitive, or understandable",0.926597535610199
The product must support Internet Explorer 5.5 and above.,"not about instructive, easy, helpful, useful, learnable, explainable, affordable, intuitive, or understandable","instructive, easy, helpful, useful, learnable, explainable, affordable, intuitive, or understandable",0.9121129512786865
The product must support Mozilla Firefox 1.0 and above.,"not about instructive, easy, helpful, useful, learnable, explainable, affordable, intuitive, or understandable","instructive, easy, helpful, useful, learnable, explainable, affordable, intuitive, or understandable",0.9123638868331909
The product shall interface with the Choice Parts System.  This provides the feed of recycled parts data.,"not about instructive, easy, helpful, useful, learnable, explainable, affordable, intuitive, or understandable","not about instructive, easy, helpful, useful, learnable, explainable, affordable, intuitive, or understandable",0.9406519532203674
The product shall run on the existing hardware for all environments.,"not about instructive, easy, helpful, useful, learnable, explainable, affordable, intuitive, or understandable","instructive, easy, helpful, useful, learnable, explainable, affordable, intuitive, or understandable",0.9143804311752319
The product shall adhere to the corporate Architecture guidelines,"not about instructive, easy, helpful, useful, learnable, explainable, affordable, intuitive, or understandable","instructive, easy, helpful, useful, learnable, explainable, affordable, intuitive, or understandable",0.8890894651412964
The product shall be easy to use by Adjusters and Collision Estimators.  95% of Adjusters and Collision Estimators shall find the product easy to use.,"instructive, easy, helpful, useful, learnable, explainable, affordable, intuitive, or understandable","not about instructive, easy, helpful, useful, learnable, explainable, affordable, intuitive, or understandable",0.9215055704116821
The product shall increase productivity of Collision Estimators. 80% of the Collision Estimators shall agree their productivity has increase within 1 month of using the product.,"instructive, easy, helpful, useful, learnable, explainable, affordable, intuitive, or understandable","not about instructive, easy, helpful, useful, learnable, explainable, affordable, intuitive, or understandable",0.9253309369087219
Users shall feel satisfied using the product.  85% of all users will be satisfied with the product.,"instructive, easy, helpful, useful, learnable, explainable, affordable, intuitive, or understandable","not about instructive, easy, helpful, useful, learnable, explainable, affordable, intuitive, or understandable",0.9305448532104492
The product shall be easy to learn by Adjusters and Collision Estimators.  The product shall be learned with two days onsite training,"instructive, easy, helpful, useful, learnable, explainable, affordable, intuitive, or understandable","not about instructive, easy, helpful, useful, learnable, explainable, affordable, intuitive, or understandable",0.935076892375946
The user shall easily locate instructions while using the product.  User help can be found within 90% of the system.,"instructive, easy, helpful, useful, learnable, explainable, affordable, intuitive, or understandable","not about instructive, easy, helpful, useful, learnable, explainable, affordable, intuitive, or understandable",0.9343788027763367
The search for recycled parts shall take no longer than 15 seconds.  The search results shall be returned in under 15 seconds.,"not about instructive, easy, helpful, useful, learnable, explainable, affordable, intuitive, or understandable","not about instructive, easy, helpful, useful, learnable, explainable, affordable, intuitive, or understandable",0.9427174925804138
The search for the preferred repair facility shall take no longer than 8 seconds.  The preferred repair facility is returned within 8 seconds,"not about instructive, easy, helpful, useful, learnable, explainable, affordable, intuitive, or understandable","not about instructive, easy, helpful, useful, learnable, explainable, affordable, intuitive, or understandable",0.9364509582519531
The recycled parts audit report shall be returned to the user within 10 seconds.  The audit report shall be returned within 10 seconds.,"not about instructive, easy, helpful, useful, learnable, explainable, affordable, intuitive, or understandable","not about instructive, easy, helpful, useful, learnable, explainable, affordable, intuitive, or understandable",0.936204731464386
The preferred repair facility ratings shall be saved within 5 seconds. The save shall occur within 5 seconds.,"not about instructive, easy, helpful, useful, learnable, explainable, affordable, intuitive, or understandable","not about instructive, easy, helpful, useful, learnable, explainable, affordable, intuitive, or understandable",0.9276478290557861
 For estimators  the product shall be able to be operated in a repair facility during dirty and noisy conditions.,"not about instructive, easy, helpful, useful, learnable, explainable, affordable, intuitive, or understandable","not about instructive, easy, helpful, useful, learnable, explainable, affordable, intuitive, or understandable",0.9372007846832275
The product shall interface with the ChoiceParts system once per day at approximately 1:00 AM.,"not about instructive, easy, helpful, useful, learnable, explainable, affordable, intuitive, or understandable","not about instructive, easy, helpful, useful, learnable, explainable, affordable, intuitive, or understandable",0.9412209987640381
The maintenance of the product will fall within the established corporate maintenance windows.,"not about instructive, easy, helpful, useful, learnable, explainable, affordable, intuitive, or understandable","instructive, easy, helpful, useful, learnable, explainable, affordable, intuitive, or understandable",0.907210648059845
The product shall be supported using the corporate support center.,"not about instructive, easy, helpful, useful, learnable, explainable, affordable, intuitive, or understandable","instructive, easy, helpful, useful, learnable, explainable, affordable, intuitive, or understandable",0.9034720659255981
Product installations and upgrades shall be handled by the middleware technology team within established launch time frames.,"not about instructive, easy, helpful, useful, learnable, explainable, affordable, intuitive, or understandable","not about instructive, easy, helpful, useful, learnable, explainable, affordable, intuitive, or understandable",0.9201439619064331
Only adjusters can request recycled parts audit reports. No users without an adjuster role shall request recycled parts audits.,"not about instructive, easy, helpful, useful, learnable, explainable, affordable, intuitive, or understandable","not about instructive, easy, helpful, useful, learnable, explainable, affordable, intuitive, or understandable",0.9331737160682678
Only adjusters with a supervisor role can update preferred repair facility ratings. Users without the supervisor role cannot access the repair facility ratings.,"not about instructive, easy, helpful, useful, learnable, explainable, affordable, intuitive, or understandable","not about instructive, easy, helpful, useful, learnable, explainable, affordable, intuitive, or understandable",0.9328281879425049
Only collision estimators shall search for recycled parts.  Users without the collision estimator role shall not have access to the search for recycled parts.,"not about instructive, easy, helpful, useful, learnable, explainable, affordable, intuitive, or understandable","not about instructive, easy, helpful, useful, learnable, explainable, affordable, intuitive, or understandable",0.9271178245544434
Only valid data shall be entered into the system.  No invalid data shall be entered into the system.,"not about instructive, easy, helpful, useful, learnable, explainable, affordable, intuitive, or understandable","not about instructive, easy, helpful, useful, learnable, explainable, affordable, intuitive, or understandable",0.9265367984771729
One insurance company shall not be able to view another insurance companys claim data.,"not about instructive, easy, helpful, useful, learnable, explainable, affordable, intuitive, or understandable","not about instructive, easy, helpful, useful, learnable, explainable, affordable, intuitive, or understandable",0.9265232086181641
The product shall free of computer viruses.,"not about instructive, easy, helpful, useful, learnable, explainable, affordable, intuitive, or understandable","instructive, easy, helpful, useful, learnable, explainable, affordable, intuitive, or understandable",0.8879698514938354
The system shall prevent malicious attacks including denial of service.,"not about instructive, easy, helpful, useful, learnable, explainable, affordable, intuitive, or understandable","instructive, easy, helpful, useful, learnable, explainable, affordable, intuitive, or understandable",0.9189545512199402
 The product must work with most database management systems (DBMS) on the market  whether the DBMS is colocated with the product on the same machine or is located on a different machine on the computer network.,"not about instructive, easy, helpful, useful, learnable, explainable, affordable, intuitive, or understandable","not about instructive, easy, helpful, useful, learnable, explainable, affordable, intuitive, or understandable",0.9134954810142517
The product will function alongside server software on any operating system where the Java runtime can be installed.,"not about instructive, easy, helpful, useful, learnable, explainable, affordable, intuitive, or understandable","not about instructive, easy, helpful, useful, learnable, explainable, affordable, intuitive, or understandable",0.9353679418563843
The product will require collaboration with a database management system (DBMS).  The DBMS may be located on the same machine as the product or on a separate machine residing on the same computer network.,"not about instructive, easy, helpful, useful, learnable, explainable, affordable, intuitive, or understandable","not about instructive, easy, helpful, useful, learnable, explainable, affordable, intuitive, or understandable",0.9241513013839722
 The product must make use of web/application server technology.  Open source examples include Apache web server  Tomcat  and the JBoss application server.,"not about instructive, easy, helpful, useful, learnable, explainable, affordable, intuitive, or understandable","not about instructive, easy, helpful, useful, learnable, explainable, affordable, intuitive, or understandable",0.9330094456672668
 A database management system such as Oracle  DB2  MySql or HSQL will need to be integrated with the product.,"not about instructive, easy, helpful, useful, learnable, explainable, affordable, intuitive, or understandable","not about instructive, easy, helpful, useful, learnable, explainable, affordable, intuitive, or understandable",0.9432083368301392
The product shall make the users want to use it. 80% of the users surveyed report they are regularly using the product after the first 2 weeks post-launch.,"instructive, easy, helpful, useful, learnable, explainable, affordable, intuitive, or understandable","not about instructive, easy, helpful, useful, learnable, explainable, affordable, intuitive, or understandable",0.9242063760757446
The product shall be easy to use. 90% of users will be able to successfully reserve a conference room within 5 minutes of product use.,"instructive, easy, helpful, useful, learnable, explainable, affordable, intuitive, or understandable","not about instructive, easy, helpful, useful, learnable, explainable, affordable, intuitive, or understandable",0.9402358531951904
The product shall give users feedback when necessary. 80% of the users surveyed report that the product accurately confirms their actions.,"instructive, easy, helpful, useful, learnable, explainable, affordable, intuitive, or understandable","not about instructive, easy, helpful, useful, learnable, explainable, affordable, intuitive, or understandable",0.9396183490753174
The product shall allow the user to select a chosen language from one of the target market countries.,"instructive, easy, helpful, useful, learnable, explainable, affordable, intuitive, or understandable","not about instructive, easy, helpful, useful, learnable, explainable, affordable, intuitive, or understandable",0.9304825067520142
The product shall allow for customization of start page and views preferences.,"instructive, easy, helpful, useful, learnable, explainable, affordable, intuitive, or understandable","instructive, easy, helpful, useful, learnable, explainable, affordable, intuitive, or understandable",0.917702853679657
 An employee will be able to successfully use the product within a few minutes.  After informally navigating the product for less than 15 minutes  users shall be able to successfully setup meetings and reserve conference rooms.,"instructive, easy, helpful, useful, learnable, explainable, affordable, intuitive, or understandable","not about instructive, easy, helpful, useful, learnable, explainable, affordable, intuitive, or understandable",0.9258420467376709
The product shall use a standard navigation menu familiar to most web users.,"instructive, easy, helpful, useful, learnable, explainable, affordable, intuitive, or understandable","instructive, easy, helpful, useful, learnable, explainable, affordable, intuitive, or understandable",0.9205350875854492
The product shall allow for intuitive searching of available conference rooms.,"instructive, easy, helpful, useful, learnable, explainable, affordable, intuitive, or understandable","instructive, easy, helpful, useful, learnable, explainable, affordable, intuitive, or understandable",0.9222851395606995
The product shall conform to the Americans with Disabilities Act.,"instructive, easy, helpful, useful, learnable, explainable, affordable, intuitive, or understandable","instructive, easy, helpful, useful, learnable, explainable, affordable, intuitive, or understandable",0.9204177856445312
The response shall be fast enough to avoid interrupting the user’s flow of thought.  90% of tasks shall complete within 5 seconds.  98% of tasks shall complete within 8 seconds.,"not about instructive, easy, helpful, useful, learnable, explainable, affordable, intuitive, or understandable","not about instructive, easy, helpful, useful, learnable, explainable, affordable, intuitive, or understandable",0.9281855821609497
The product shall be used in office environments.,"not about instructive, easy, helpful, useful, learnable, explainable, affordable, intuitive, or understandable","instructive, easy, helpful, useful, learnable, explainable, affordable, intuitive, or understandable",0.9039226174354553
The product must be able to interface with any HTML browser.  The product shall transmit data between the user and the product without problems. The product shall display HTML properly in 80% of all HTML browsers tested (minimum is to test 8 browsers).,"not about instructive, easy, helpful, useful, learnable, explainable, affordable, intuitive, or understandable","not about instructive, easy, helpful, useful, learnable, explainable, affordable, intuitive, or understandable",0.9054513573646545
The product must be able to interface with various database management systems. The product shall communicate successfully with the database management system on 100% of all transactions.,"not about instructive, easy, helpful, useful, learnable, explainable, affordable, intuitive, or understandable","not about instructive, easy, helpful, useful, learnable, explainable, affordable, intuitive, or understandable",0.9304574728012085
The product must be able to interface with various email servers. The product shall be able to send email.,"not about instructive, easy, helpful, useful, learnable, explainable, affordable, intuitive, or understandable","not about instructive, easy, helpful, useful, learnable, explainable, affordable, intuitive, or understandable",0.9290706515312195
The product shall be available for distribution via the Internet as a binary or ZIP file.,"not about instructive, easy, helpful, useful, learnable, explainable, affordable, intuitive, or understandable","instructive, easy, helpful, useful, learnable, explainable, affordable, intuitive, or understandable",0.9335178732872009
The product shall be available for distribution as a packaged CD.,"not about instructive, easy, helpful, useful, learnable, explainable, affordable, intuitive, or understandable","instructive, easy, helpful, useful, learnable, explainable, affordable, intuitive, or understandable",0.9121280908584595
 The product will be available for licensing as a one-server  two-five servers  or five-or-more servers license.,"not about instructive, easy, helpful, useful, learnable, explainable, affordable, intuitive, or understandable","not about instructive, easy, helpful, useful, learnable, explainable, affordable, intuitive, or understandable",0.9324977397918701
A new user must be able to be added to the system within 10 minutes.  90% of new users are able to log into the system within 10 minutes.,"instructive, easy, helpful, useful, learnable, explainable, affordable, intuitive, or understandable","not about instructive, easy, helpful, useful, learnable, explainable, affordable, intuitive, or understandable",0.9256619215011597
Every registered user will have access to the product’s support site via the Internet.  70% of registered users shall find a solution to their problem within 5 minutes of using the support site.,"instructive, easy, helpful, useful, learnable, explainable, affordable, intuitive, or understandable","not about instructive, easy, helpful, useful, learnable, explainable, affordable, intuitive, or understandable",0.9257327318191528
 The product shall be translated into foreign languages other than the target market countries’ languages in future releases.  For each emerging target market  it shall take no more than 5 days to configure the product for that market’s language.,"instructive, easy, helpful, useful, learnable, explainable, affordable, intuitive, or understandable","not about instructive, easy, helpful, useful, learnable, explainable, affordable, intuitive, or understandable",0.9209904074668884
 The product is expected to integrate with multiple database management systems.  The product will operate with Oracle  SQL Server  DB2  MySQL  HSQL  and MS Access.,"not about instructive, easy, helpful, useful, learnable, explainable, affordable, intuitive, or understandable","not about instructive, easy, helpful, useful, learnable, explainable, affordable, intuitive, or understandable",0.9325007200241089
The product shall be able to be installed in any operating environment within 2 days.,"not about instructive, easy, helpful, useful, learnable, explainable, affordable, intuitive, or understandable","instructive, easy, helpful, useful, learnable, explainable, affordable, intuitive, or understandable",0.9312535524368286
The product shall ensure that only company employees or external users with company-approved user IDs may have product access.  100% of all logons shall be by either company employees or external users with company-approved user IDs.,"not about instructive, easy, helpful, useful, learnable, explainable, affordable, intuitive, or understandable","not about instructive, easy, helpful, useful, learnable, explainable, affordable, intuitive, or understandable",0.9086317420005798
Only managers are able to perform search queries for reservations by user.  100% of all search queries for reservations by user shall be from logons of only management logons.,"not about instructive, easy, helpful, useful, learnable, explainable, affordable, intuitive, or understandable","not about instructive, easy, helpful, useful, learnable, explainable, affordable, intuitive, or understandable",0.9287856221199036
The product shall ensure that the database’s data corresponds to the data entered by the user.  Each conference room reservation in the system will contain the same information as was entered by the user.,"not about instructive, easy, helpful, useful, learnable, explainable, affordable, intuitive, or understandable","not about instructive, easy, helpful, useful, learnable, explainable, affordable, intuitive, or understandable",0.9147180914878845
The product shall prevent the input of malicious data.  The product and/or adjacent hardware/software systems’ data shall remain 100% uncorrupted each time malicious data is input into the product.,"not about instructive, easy, helpful, useful, learnable, explainable, affordable, intuitive, or understandable","not about instructive, easy, helpful, useful, learnable, explainable, affordable, intuitive, or understandable",0.9248270392417908
The product shall have the ability to receive automatic software updates as new threats emerge.  100% of customers will be able to receive automatic software updates transmitted to the installed product.,"not about instructive, easy, helpful, useful, learnable, explainable, affordable, intuitive, or understandable","not about instructive, easy, helpful, useful, learnable, explainable, affordable, intuitive, or understandable",0.9288209676742554
The product shall be able to display calendar dates and times according to the user’s locale.  90% of survey respondents from each target market country will find that the date and time formatting of the product is correct.,"instructive, easy, helpful, useful, learnable, explainable, affordable, intuitive, or understandable","not about instructive, easy, helpful, useful, learnable, explainable, affordable, intuitive, or understandable",0.918758749961853
The product must be developed with the J2SE/J2EE programming language libraries,"not about instructive, easy, helpful, useful, learnable, explainable, affordable, intuitive, or understandable","instructive, easy, helpful, useful, learnable, explainable, affordable, intuitive, or understandable",0.9047715067863464
Recreation of Inventory Quantity Adjustment for the period of previous 30 days shall take no more than 30min.,"not about instructive, easy, helpful, useful, learnable, explainable, affordable, intuitive, or understandable","not about instructive, easy, helpful, useful, learnable, explainable, affordable, intuitive, or understandable",0.9436747431755066
The System shall allow for a minimum of  6 users to work at the same time.,"not about instructive, easy, helpful, useful, learnable, explainable, affordable, intuitive, or understandable","instructive, easy, helpful, useful, learnable, explainable, affordable, intuitive, or understandable",0.9328650832176208
The System shall utilize currently owned computer equipment.,"not about instructive, easy, helpful, useful, learnable, explainable, affordable, intuitive, or understandable","instructive, easy, helpful, useful, learnable, explainable, affordable, intuitive, or understandable",0.903189480304718
The System shall be able to automatically backup business data and restore them on demand.,"not about instructive, easy, helpful, useful, learnable, explainable, affordable, intuitive, or understandable","instructive, easy, helpful, useful, learnable, explainable, affordable, intuitive, or understandable",0.9252504110336304
The System shall maintain consistent security.  Any changes in user passwords and/or permissions should take affect in all parts of the System.,"not about instructive, easy, helpful, useful, learnable, explainable, affordable, intuitive, or understandable","not about instructive, easy, helpful, useful, learnable, explainable, affordable, intuitive, or understandable",0.9350699186325073
The System shall granularly control access rights to all major subsystems.  It should be possible to assign access rights to all subsystems independently.,"not about instructive, easy, helpful, useful, learnable, explainable, affordable, intuitive, or understandable","not about instructive, easy, helpful, useful, learnable, explainable, affordable, intuitive, or understandable",0.9293388724327087
The System shall not require additional third party licenses resulting in royalty fees.,"not about instructive, easy, helpful, useful, learnable, explainable, affordable, intuitive, or understandable","instructive, easy, helpful, useful, learnable, explainable, affordable, intuitive, or understandable",0.9302760362625122
Administrator shall be able to activate a pre-paid card via the Administration section in under 5 seconds.,"not about instructive, easy, helpful, useful, learnable, explainable, affordable, intuitive, or understandable","not about instructive, easy, helpful, useful, learnable, explainable, affordable, intuitive, or understandable",0.9310355186462402
 Customer shall be able to check the status of their prepaid card  by entering in the PIN number  in under 5 seconds.,"not about instructive, easy, helpful, useful, learnable, explainable, affordable, intuitive, or understandable","not about instructive, easy, helpful, useful, learnable, explainable, affordable, intuitive, or understandable",0.937156617641449
System shall let customers register on the website as a “pay as you go” user in under 5 minutes.,"not about instructive, easy, helpful, useful, learnable, explainable, affordable, intuitive, or understandable","not about instructive, easy, helpful, useful, learnable, explainable, affordable, intuitive, or understandable",0.937962532043457
System shall let customers register on the website as a “unlimited movie subscriber” user in under 10 minutes.,"not about instructive, easy, helpful, useful, learnable, explainable, affordable, intuitive, or understandable","not about instructive, easy, helpful, useful, learnable, explainable, affordable, intuitive, or understandable",0.9380233287811279
System shall let existing customers log into the website with their email address and password in under 5 seconds.,"not about instructive, easy, helpful, useful, learnable, explainable, affordable, intuitive, or understandable","not about instructive, easy, helpful, useful, learnable, explainable, affordable, intuitive, or understandable",0.9387370347976685
 System shall let customers cancel their account  process shall take no longer than 2 minutes.  Database will mark the account as inactive  and user will not be able to log into the website.,"not about instructive, easy, helpful, useful, learnable, explainable, affordable, intuitive, or understandable","not about instructive, easy, helpful, useful, learnable, explainable, affordable, intuitive, or understandable",0.9280686974525452
System shall let administrator de-activate a customer account in under 1 minute. Customer will no longer be able to access the website.,"not about instructive, easy, helpful, useful, learnable, explainable, affordable, intuitive, or understandable","not about instructive, easy, helpful, useful, learnable, explainable, affordable, intuitive, or understandable",0.9448815584182739
System shall let administrator add/remove movies on the website in under 5 minutes.  Entered movie information will be stored in the database and will now be available on the website.,"not about instructive, easy, helpful, useful, learnable, explainable, affordable, intuitive, or understandable","not about instructive, easy, helpful, useful, learnable, explainable, affordable, intuitive, or understandable",0.9317672252655029
System shall let the administrator add/remove categories on the website in under 5 minutes.,"not about instructive, easy, helpful, useful, learnable, explainable, affordable, intuitive, or understandable","not about instructive, easy, helpful, useful, learnable, explainable, affordable, intuitive, or understandable",0.9297376275062561
System shall let Izogn Manager access sales and usage statistics in under 2 minutes.,"not about instructive, easy, helpful, useful, learnable, explainable, affordable, intuitive, or understandable","instructive, easy, helpful, useful, learnable, explainable, affordable, intuitive, or understandable",0.934868335723877
System shall let administrators generate unique pre-paid pins in under 2 minutes and generate an Excel file with the generated PINs.,"not about instructive, easy, helpful, useful, learnable, explainable, affordable, intuitive, or understandable","not about instructive, easy, helpful, useful, learnable, explainable, affordable, intuitive, or understandable",0.9326610565185547
The product should be able to be used by 90% of novice users on the Internet.,"instructive, easy, helpful, useful, learnable, explainable, affordable, intuitive, or understandable","not about instructive, easy, helpful, useful, learnable, explainable, affordable, intuitive, or understandable",0.9309509992599487
 Users should only have to navigate through a maximum of 4 pages  to create an account with the website.,"instructive, easy, helpful, useful, learnable, explainable, affordable, intuitive, or understandable","not about instructive, easy, helpful, useful, learnable, explainable, affordable, intuitive, or understandable",0.9331080317497253
Users should be able to access their streaming movies in under 2 clicks after logging into the website.,"instructive, easy, helpful, useful, learnable, explainable, affordable, intuitive, or understandable","not about instructive, easy, helpful, useful, learnable, explainable, affordable, intuitive, or understandable",0.9325522184371948
An anonymous survey will show that 70% of customers are comfortable purchasing streaming movies after 2 weeks using the website.,"instructive, easy, helpful, useful, learnable, explainable, affordable, intuitive, or understandable","not about instructive, easy, helpful, useful, learnable, explainable, affordable, intuitive, or understandable",0.9384996891021729
An anonymous survey will show that 95% of customers are comfortable using and purchasing pre-paid cards after a month of using the system.,"instructive, easy, helpful, useful, learnable, explainable, affordable, intuitive, or understandable","not about instructive, easy, helpful, useful, learnable, explainable, affordable, intuitive, or understandable",0.9323152899742126
The product shall retain the customer’s buying preferences and information.,"instructive, easy, helpful, useful, learnable, explainable, affordable, intuitive, or understandable","instructive, easy, helpful, useful, learnable, explainable, affordable, intuitive, or understandable",0.9181311130523682
The product shall be easy for customers with novice skills on the  Internet to purchase and watch streaming movies.  Customers should be able to purchase and watch a pre-determined movie in under 3 minutes.,"instructive, easy, helpful, useful, learnable, explainable, affordable, intuitive, or understandable","not about instructive, easy, helpful, useful, learnable, explainable, affordable, intuitive, or understandable",0.9137634634971619
The product shall use symbols and words that are naturally understandable by users familiar with websites,"instructive, easy, helpful, useful, learnable, explainable, affordable, intuitive, or understandable","instructive, easy, helpful, useful, learnable, explainable, affordable, intuitive, or understandable",0.9335072040557861
The website will use standard Internet conventions when interacting with the user.,"instructive, easy, helpful, useful, learnable, explainable, affordable, intuitive, or understandable","instructive, easy, helpful, useful, learnable, explainable, affordable, intuitive, or understandable",0.9156704545021057
 Any interface between a user and the automated system shall have a maximum response time of 5 seconds  unless noted by an exception below.,"not about instructive, easy, helpful, useful, learnable, explainable, affordable, intuitive, or understandable","not about instructive, easy, helpful, useful, learnable, explainable, affordable, intuitive, or understandable",0.9334118366241455
 When purchasing a streaming movie or pre-paid card via credit card  the processing time should have a maximum response time of 15 seconds.,"not about instructive, easy, helpful, useful, learnable, explainable, affordable, intuitive, or understandable","not about instructive, easy, helpful, useful, learnable, explainable, affordable, intuitive, or understandable",0.938793420791626
 When streaming a movie  the buffering time should take no longer than 10 seconds (plus any latency on the user’s connection.),"not about instructive, easy, helpful, useful, learnable, explainable, affordable, intuitive, or understandable","not about instructive, easy, helpful, useful, learnable, explainable, affordable, intuitive, or understandable",0.9372324347496033
 While streaming a movie  buffering should only occur if there is latency in the user’s connection.,"not about instructive, easy, helpful, useful, learnable, explainable, affordable, intuitive, or understandable","instructive, easy, helpful, useful, learnable, explainable, affordable, intuitive, or understandable",0.9334671497344971
 All credit card information will be secured on the server  and only accessible by authorized Izogn administrators.  Information will be encrypted in the database.,"not about instructive, easy, helpful, useful, learnable, explainable, affordable, intuitive, or understandable","not about instructive, easy, helpful, useful, learnable, explainable, affordable, intuitive, or understandable",0.9414796829223633
All aspects of the website shall be accessed by a web browser over the Internet.,"not about instructive, easy, helpful, useful, learnable, explainable, affordable, intuitive, or understandable","not about instructive, easy, helpful, useful, learnable, explainable, affordable, intuitive, or understandable",0.9322452545166016
The same hardware supporting the current website will be used to support the new system.,"not about instructive, easy, helpful, useful, learnable, explainable, affordable, intuitive, or understandable","not about instructive, easy, helpful, useful, learnable, explainable, affordable, intuitive, or understandable",0.9289785623550415
 We must be able to interface with the following browsers: IE 5.X  6.0  Netscape 6.x  7.x  8.x and Firefox 1.0.,"not about instructive, easy, helpful, useful, learnable, explainable, affordable, intuitive, or understandable","not about instructive, easy, helpful, useful, learnable, explainable, affordable, intuitive, or understandable",0.9262709617614746
Website must interface with the CyberSource API to process credit card transactions.,"not about instructive, easy, helpful, useful, learnable, explainable, affordable, intuitive, or understandable","instructive, easy, helpful, useful, learnable, explainable, affordable, intuitive, or understandable",0.922292172908783
Website must be fully operational with MSN TV2.,"not about instructive, easy, helpful, useful, learnable, explainable, affordable, intuitive, or understandable","instructive, easy, helpful, useful, learnable, explainable, affordable, intuitive, or understandable",0.8944770097732544
Movies shall be encoded and streamed via Windows Media Player 9.0.,"not about instructive, easy, helpful, useful, learnable, explainable, affordable, intuitive, or understandable","instructive, easy, helpful, useful, learnable, explainable, affordable, intuitive, or understandable",0.9263811111450195
Movies shall be encoded for 56k and 256k streams.,"not about instructive, easy, helpful, useful, learnable, explainable, affordable, intuitive, or understandable","instructive, easy, helpful, useful, learnable, explainable, affordable, intuitive, or understandable",0.9146316051483154
Izogn Administrator must be able to update the category listings on the website within 2 minutes.,"not about instructive, easy, helpful, useful, learnable, explainable, affordable, intuitive, or understandable","not about instructive, easy, helpful, useful, learnable, explainable, affordable, intuitive, or understandable",0.9276285171508789
Izogn Administrator must be able to add new products to the website within 2 minutes.,"not about instructive, easy, helpful, useful, learnable, explainable, affordable, intuitive, or understandable","instructive, easy, helpful, useful, learnable, explainable, affordable, intuitive, or understandable",0.9294832944869995
The website will provide a help section with answers and solutions to common problems.,"instructive, easy, helpful, useful, learnable, explainable, affordable, intuitive, or understandable","instructive, easy, helpful, useful, learnable, explainable, affordable, intuitive, or understandable",0.9174231290817261
The product shall be able to be installed in the specified environment within 1 working day.,"not about instructive, easy, helpful, useful, learnable, explainable, affordable, intuitive, or understandable","instructive, easy, helpful, useful, learnable, explainable, affordable, intuitive, or understandable",0.9303954839706421
Only registered customers can purchase streaming movies.,"not about instructive, easy, helpful, useful, learnable, explainable, affordable, intuitive, or understandable","instructive, easy, helpful, useful, learnable, explainable, affordable, intuitive, or understandable",0.888935923576355
 A customer can only stream a movie if they purchased it  and are within the 2 day viewing period.,"not about instructive, easy, helpful, useful, learnable, explainable, affordable, intuitive, or understandable","not about instructive, easy, helpful, useful, learnable, explainable, affordable, intuitive, or understandable",0.9358662366867065
Only authorized personnel can access customer records in the database.,"not about instructive, easy, helpful, useful, learnable, explainable, affordable, intuitive, or understandable","instructive, easy, helpful, useful, learnable, explainable, affordable, intuitive, or understandable",0.9058811664581299
Only administrators can activate a pre-paid card.,"not about instructive, easy, helpful, useful, learnable, explainable, affordable, intuitive, or understandable","instructive, easy, helpful, useful, learnable, explainable, affordable, intuitive, or understandable",0.8912628293037415
Only authorized personnel can access sales information.,"not about instructive, easy, helpful, useful, learnable, explainable, affordable, intuitive, or understandable","instructive, easy, helpful, useful, learnable, explainable, affordable, intuitive, or understandable",0.8897268176078796
The website shall prevent its data from being corrupted when incorrect data is entered in.,"not about instructive, easy, helpful, useful, learnable, explainable, affordable, intuitive, or understandable","instructive, easy, helpful, useful, learnable, explainable, affordable, intuitive, or understandable",0.9263042211532593
 The website shall protect itself from intentional abuse  and notify the administrator at all occurrences.,"not about instructive, easy, helpful, useful, learnable, explainable, affordable, intuitive, or understandable","instructive, easy, helpful, useful, learnable, explainable, affordable, intuitive, or understandable",0.9291917681694031
Data integrity scripts will be run on a weekly basis to verify the integrity of the database.,"not about instructive, easy, helpful, useful, learnable, explainable, affordable, intuitive, or understandable","not about instructive, easy, helpful, useful, learnable, explainable, affordable, intuitive, or understandable",0.9286449551582336
 The website shall make its user aware of its information practices before collection data from them via a Privacy Policy  accessible on all pages of the website.,"not about instructive, easy, helpful, useful, learnable, explainable, affordable, intuitive, or understandable","not about instructive, easy, helpful, useful, learnable, explainable, affordable, intuitive, or understandable",0.9431208372116089
The system shall notify customers of changes to its information policy.,"not about instructive, easy, helpful, useful, learnable, explainable, affordable, intuitive, or understandable","instructive, easy, helpful, useful, learnable, explainable, affordable, intuitive, or understandable",0.9148831367492676
The system shall reveal private information only in compliance with the organization’s information policy.,"not about instructive, easy, helpful, useful, learnable, explainable, affordable, intuitive, or understandable","instructive, easy, helpful, useful, learnable, explainable, affordable, intuitive, or understandable",0.9246118068695068
 All customer information will be stored on a secure database  accessible only to authorized personnel.,"not about instructive, easy, helpful, useful, learnable, explainable, affordable, intuitive, or understandable","instructive, easy, helpful, useful, learnable, explainable, affordable, intuitive, or understandable",0.9389488697052002
All credit card information will be encrypted in the database.,"not about instructive, easy, helpful, useful, learnable, explainable, affordable, intuitive, or understandable","instructive, easy, helpful, useful, learnable, explainable, affordable, intuitive, or understandable",0.9131242632865906
The streaming server will have anti-virus software to prevent infection of malicious viruses.,"not about instructive, easy, helpful, useful, learnable, explainable, affordable, intuitive, or understandable","instructive, easy, helpful, useful, learnable, explainable, affordable, intuitive, or understandable",0.9370688199996948
The website should use Flash to provide animation on the home page.,"not about instructive, easy, helpful, useful, learnable, explainable, affordable, intuitive, or understandable","instructive, easy, helpful, useful, learnable, explainable, affordable, intuitive, or understandable",0.9126465916633606
Total lead cycle time must be completed in 5 minutes for 90% of lead volume between the business hours of 8AM CST to 8PM CST  then 3 minutes for 99% of lead volume during off business hours.,"not about instructive, easy, helpful, useful, learnable, explainable, affordable, intuitive, or understandable","not about instructive, easy, helpful, useful, learnable, explainable, affordable, intuitive, or understandable",0.9183701276779175
No lead evaluation will complete in a time period longer than 25 seconds for 97% of all leads processed.,"not about instructive, easy, helpful, useful, learnable, explainable, affordable, intuitive, or understandable","not about instructive, easy, helpful, useful, learnable, explainable, affordable, intuitive, or understandable",0.9444262385368347
For leads that process longer than 25 seconds the system will record the event and duration,"not about instructive, easy, helpful, useful, learnable, explainable, affordable, intuitive, or understandable","instructive, easy, helpful, useful, learnable, explainable, affordable, intuitive, or understandable",0.9255962371826172
The process must fit within the processing time conditions set forth by the Auto Rep Assignment process in which a lead is assigned within 3 minutes of the total life cycle.,"not about instructive, easy, helpful, useful, learnable, explainable, affordable, intuitive, or understandable","not about instructive, easy, helpful, useful, learnable, explainable, affordable, intuitive, or understandable",0.9285706281661987
The lead washing process will operate within the established physical web service structure.,"not about instructive, easy, helpful, useful, learnable, explainable, affordable, intuitive, or understandable","instructive, easy, helpful, useful, learnable, explainable, affordable, intuitive, or understandable",0.917469322681427
 The washing process must use a non binding  neutral data format  such as xml  when receiving and processing lead data.,"not about instructive, easy, helpful, useful, learnable, explainable, affordable, intuitive, or understandable","not about instructive, easy, helpful, useful, learnable, explainable, affordable, intuitive, or understandable",0.9388365745544434
The product shall able to handle a large number of games simultaneously.,"not about instructive, easy, helpful, useful, learnable, explainable, affordable, intuitive, or understandable","instructive, easy, helpful, useful, learnable, explainable, affordable, intuitive, or understandable",0.9220566749572754
The response time shall be fast enough to maintain the flow of the game.  The response time shall be no more than 2 seconds for 95% of responses and no more than 4% for the remaining responses.,"not about instructive, easy, helpful, useful, learnable, explainable, affordable, intuitive, or understandable","not about instructive, easy, helpful, useful, learnable, explainable, affordable, intuitive, or understandable",0.9194106459617615
The product shall protect the identity of the players. The product shall provide players no access to information that might reveal the identity of another player.,"not about instructive, easy, helpful, useful, learnable, explainable, affordable, intuitive, or understandable","not about instructive, easy, helpful, useful, learnable, explainable, affordable, intuitive, or understandable",0.9350115060806274
The product shall be intuitive and self-explanatory.  Nine out ten users shall be able to successfully complete a game with no training.,"instructive, easy, helpful, useful, learnable, explainable, affordable, intuitive, or understandable","not about instructive, easy, helpful, useful, learnable, explainable, affordable, intuitive, or understandable",0.9389351606369019
 The product shall be available to players who understand English  Spanish and French.  The product shall allow the user to select the language upon accessing the product.,"instructive, easy, helpful, useful, learnable, explainable, affordable, intuitive, or understandable","not about instructive, easy, helpful, useful, learnable, explainable, affordable, intuitive, or understandable",0.9274169206619263
The product shall provide players no access to information that might reveal the identity of another player,"not about instructive, easy, helpful, useful, learnable, explainable, affordable, intuitive, or understandable","instructive, easy, helpful, useful, learnable, explainable, affordable, intuitive, or understandable",0.9289641976356506
The response time shall be fast enough to maintain the flow of the game. The response time shall be no more than 2 seconds for 95% of responses and no more than 4% for the remaining responses.,"not about instructive, easy, helpful, useful, learnable, explainable, affordable, intuitive, or understandable","not about instructive, easy, helpful, useful, learnable, explainable, affordable, intuitive, or understandable",0.9194106459617615
The system shall be easy to use by callers and supervisors. Callers and supervisors must be able to accomplish any system task within 2 minutes.,"instructive, easy, helpful, useful, learnable, explainable, affordable, intuitive, or understandable","not about instructive, easy, helpful, useful, learnable, explainable, affordable, intuitive, or understandable",0.9277156591415405
The system shall be easy to learn by callers and supervisors. Callers and supervisors shall learn how to use the system within 10 minutes.,"instructive, easy, helpful, useful, learnable, explainable, affordable, intuitive, or understandable","not about instructive, easy, helpful, useful, learnable, explainable, affordable, intuitive, or understandable",0.930809736251831
 The system shall be responsive. At the DePaul TeleServices Center  when a supervisor uses the system to view a callers schedule  the system response time must be no more than 2 seconds 90% of the time and no more than 5 seconds the rest of the time.,"not about instructive, easy, helpful, useful, learnable, explainable, affordable, intuitive, or understandable","not about instructive, easy, helpful, useful, learnable, explainable, affordable, intuitive, or understandable",0.8984078168869019
 On a 56k connection  the system response time for all operations must be no more than 6 seconds 90% of the time.,"not about instructive, easy, helpful, useful, learnable, explainable, affordable, intuitive, or understandable","not about instructive, easy, helpful, useful, learnable, explainable, affordable, intuitive, or understandable",0.9386521577835083
 On a 112k connection or faster  the system response time for all operations must be no more than 3 seconds 90% of the time.,"not about instructive, easy, helpful, useful, learnable, explainable, affordable, intuitive, or understandable","not about instructive, easy, helpful, useful, learnable, explainable, affordable, intuitive, or understandable",0.9403374791145325
The product shall ensure that only supervisors can advertise empty time slots.The product must ensure that supervisors are allowed to access advertise empty time slots.,"not about instructive, easy, helpful, useful, learnable, explainable, affordable, intuitive, or understandable","not about instructive, easy, helpful, useful, learnable, explainable, affordable, intuitive, or understandable",0.9332969188690186
The product shall ensure that only supervisors can enter a caller’s schedule.The product must ensure that supervisors are allowed to access advertise empty time slots.,"not about instructive, easy, helpful, useful, learnable, explainable, affordable, intuitive, or understandable","not about instructive, easy, helpful, useful, learnable, explainable, affordable, intuitive, or understandable",0.9345955848693848
The product shall ensure that only supervisors can view schedule of all callers.The product must ensure that supervisors are allowed to access advertise empty time slots.,"not about instructive, easy, helpful, useful, learnable, explainable, affordable, intuitive, or understandable","not about instructive, easy, helpful, useful, learnable, explainable, affordable, intuitive, or understandable",0.9339842796325684
The product shall provide Monitoring Services.The product shall be easy for System Administrators and DBAs to use after two weeks of usage.,"instructive, easy, helpful, useful, learnable, explainable, affordable, intuitive, or understandable","not about instructive, easy, helpful, useful, learnable, explainable, affordable, intuitive, or understandable",0.9349234104156494
The product shall provide Error Tracking Services.The product shall help the System Administrators and DBAs to resolve transaction errors 99% of the time.,"instructive, easy, helpful, useful, learnable, explainable, affordable, intuitive, or understandable","not about instructive, easy, helpful, useful, learnable, explainable, affordable, intuitive, or understandable",0.9318812489509583
The product shall provide Portals.The product shall help System Administrators to analyze the transactions with ad-hoc reporting and KPIs (Key Performance Indicators),"instructive, easy, helpful, useful, learnable, explainable, affordable, intuitive, or understandable","not about instructive, easy, helpful, useful, learnable, explainable, affordable, intuitive, or understandable",0.9211726188659668
The product shall provide Asynchronous Messaging.The product shall provide asynchronous messaging to enable parallel processing and reduce the overhead in communications,"not about instructive, easy, helpful, useful, learnable, explainable, affordable, intuitive, or understandable","not about instructive, easy, helpful, useful, learnable, explainable, affordable, intuitive, or understandable",0.9237662553787231
The product shall provide Multi-threading and Load Balancing.The product shall provide multi-threading technology as well as load balancing to overcome data load spikes and traffic.,"not about instructive, easy, helpful, useful, learnable, explainable, affordable, intuitive, or understandable","not about instructive, easy, helpful, useful, learnable, explainable, affordable, intuitive, or understandable",0.9187625646591187
The product shall process messages within 2 seconds.The product shall have a maximum message processing time of 2 seconds,"not about instructive, easy, helpful, useful, learnable, explainable, affordable, intuitive, or understandable","not about instructive, easy, helpful, useful, learnable, explainable, affordable, intuitive, or understandable",0.9299807548522949
The product shall poll the system for messages every second.The product shall poll the system for new messages at a maximum of every 1 second.,"not about instructive, easy, helpful, useful, learnable, explainable, affordable, intuitive, or understandable","not about instructive, easy, helpful, useful, learnable, explainable, affordable, intuitive, or understandable",0.9315291047096252
The product shall provide Dynamic Change Support and Transparent resource addition.The product shall support Transparent Resource addition and Dynamic Change support to provide scalability and avoid service interruptions of more than 1 day.,"not about instructive, easy, helpful, useful, learnable, explainable, affordable, intuitive, or understandable","not about instructive, easy, helpful, useful, learnable, explainable, affordable, intuitive, or understandable",0.9166049957275391
The product shall be platform independent.The product shall enable access to any type of development environment and platform.,"not about instructive, easy, helpful, useful, learnable, explainable, affordable, intuitive, or understandable","not about instructive, easy, helpful, useful, learnable, explainable, affordable, intuitive, or understandable",0.9271341562271118
The product shall interface CSR and Datastream.The product shall exchange messages between CSR and EAM on a real time basis without any direct interfaces between two systems.,"not about instructive, easy, helpful, useful, learnable, explainable, affordable, intuitive, or understandable","not about instructive, easy, helpful, useful, learnable, explainable, affordable, intuitive, or understandable",0.9284631013870239
 The product shall have security.The product shall provide authentication  and authorization.,"not about instructive, easy, helpful, useful, learnable, explainable, affordable, intuitive, or understandable","instructive, easy, helpful, useful, learnable, explainable, affordable, intuitive, or understandable",0.9125359058380127
The product shall information Security. The product shall enable privacy by encryption WS-Security and Integrity Checking.,"not about instructive, easy, helpful, useful, learnable, explainable, affordable, intuitive, or understandable","not about instructive, easy, helpful, useful, learnable, explainable, affordable, intuitive, or understandable",0.9279530048370361
The product shall have audit capabilities.The product shall store messages for a minimum of one year for audit and transaction tracking purposes.,"not about instructive, easy, helpful, useful, learnable, explainable, affordable, intuitive, or understandable","not about instructive, easy, helpful, useful, learnable, explainable, affordable, intuitive, or understandable",0.9388636350631714
The system must use a point and click interface. 100% of all selection and navigation functionality must be able to be activated/selected by either a mouse or a keyboard,"instructive, easy, helpful, useful, learnable, explainable, affordable, intuitive, or understandable","not about instructive, easy, helpful, useful, learnable, explainable, affordable, intuitive, or understandable",0.9329275488853455
The interface shall be easy to use. 90% of users should be able to successfully use the system to generate a report on their first use. The interface should adhere to IBM usability standards.,"instructive, easy, helpful, useful, learnable, explainable, affordable, intuitive, or understandable","not about instructive, easy, helpful, useful, learnable, explainable, affordable, intuitive, or understandable",0.925255298614502
Rreports must be easy to generate. eports must be generated within one button click and exported within one button click (after selecting the report),"instructive, easy, helpful, useful, learnable, explainable, affordable, intuitive, or understandable","not about instructive, easy, helpful, useful, learnable, explainable, affordable, intuitive, or understandable",0.925136148929596
A user shall be able to use the system without instruction after a short amount of time. After one use a user should understand and remember 90% of the system usage and navigation.,"instructive, easy, helpful, useful, learnable, explainable, affordable, intuitive, or understandable","not about instructive, easy, helpful, useful, learnable, explainable, affordable, intuitive, or understandable",0.9232437610626221
All CCR users shall receive training before the WCS system is deployed. One training session will be held for 100% of CCR users before system deployment (based on a CCR user being available),"instructive, easy, helpful, useful, learnable, explainable, affordable, intuitive, or understandable","not about instructive, easy, helpful, useful, learnable, explainable, affordable, intuitive, or understandable",0.9266371726989746
The WCS system shall use appropriate nomenclature and terminology as defined by the Corporate Community Grants organization. All interfaces and reports will undergo usability tests by CCR users.,"instructive, easy, helpful, useful, learnable, explainable, affordable, intuitive, or understandable","not about instructive, easy, helpful, useful, learnable, explainable, affordable, intuitive, or understandable",0.9314828515052795
The WCS system shall be run in a Windows environment. The WCS shall be accessed by users through the Internet on an IBM computer running a Windows 2000 or above operating system.,"not about instructive, easy, helpful, useful, learnable, explainable, affordable, intuitive, or understandable","not about instructive, easy, helpful, useful, learnable, explainable, affordable, intuitive, or understandable",0.9333009719848633
The Brio portion of the WCS system must be able to export files in spreadsheet form (Microsoft Excel and Lotus 1-2-3 formats).  Brio will provide buttons in the user interface that produce/export reports in .xls or .123 file formats.,"not about instructive, easy, helpful, useful, learnable, explainable, affordable, intuitive, or understandable","not about instructive, easy, helpful, useful, learnable, explainable, affordable, intuitive, or understandable",0.906934916973114
The system shall only be accessed by authorized Corporate Community Grants (CCR) employees. Users must be authenticated using their IBM intranet user name and password.,"not about instructive, easy, helpful, useful, learnable, explainable, affordable, intuitive, or understandable","not about instructive, easy, helpful, useful, learnable, explainable, affordable, intuitive, or understandable",0.9347260594367981
The WCS system shall not allow automatic logins by any user. Cookies containing WCS login information about a user will not be stored on a user’s computer.,"not about instructive, easy, helpful, useful, learnable, explainable, affordable, intuitive, or understandable","not about instructive, easy, helpful, useful, learnable, explainable, affordable, intuitive, or understandable",0.9405316114425659
Each team owner will need to use a username and password in order to be authenticated to reach the team owner’s page,"not about instructive, easy, helpful, useful, learnable, explainable, affordable, intuitive, or understandable","not about instructive, easy, helpful, useful, learnable, explainable, affordable, intuitive, or understandable",0.9288784861564636
The Commissioner will be the only authorized user per league to adjust league settings.,"not about instructive, easy, helpful, useful, learnable, explainable, affordable, intuitive, or understandable","instructive, easy, helpful, useful, learnable, explainable, affordable, intuitive, or understandable",0.9347912073135376
;A new user shall be able to navigate through the league and team pages within 30 seconds of reaching the start-up page.,"instructive, easy, helpful, useful, learnable, explainable, affordable, intuitive, or understandable","not about instructive, easy, helpful, useful, learnable, explainable, affordable, intuitive, or understandable",0.9390573501586914
Users shall be able to reach the ‘add’  ‘drop’  and ‘trade player’ pages with one click from the team owner’s page.,"instructive, easy, helpful, useful, learnable, explainable, affordable, intuitive, or understandable","not about instructive, easy, helpful, useful, learnable, explainable, affordable, intuitive, or understandable",0.9354132413864136
;Users shall be able to view at least 25 NFL player statistics and points on each page.,"instructive, easy, helpful, useful, learnable, explainable, affordable, intuitive, or understandable","not about instructive, easy, helpful, useful, learnable, explainable, affordable, intuitive, or understandable",0.9365422129631042
The application shall ask the user to confirm dropping a player or trading a player before performing the action.,"instructive, easy, helpful, useful, learnable, explainable, affordable, intuitive, or understandable","not about instructive, easy, helpful, useful, learnable, explainable, affordable, intuitive, or understandable",0.9355638027191162
The application shall be able to complete every user transaction within one fourth of a second of receiving the request over the network.,"not about instructive, easy, helpful, useful, learnable, explainable, affordable, intuitive, or understandable","not about instructive, easy, helpful, useful, learnable, explainable, affordable, intuitive, or understandable",0.9355249404907227
The application shall run on a web application server.,"not about instructive, easy, helpful, useful, learnable, explainable, affordable, intuitive, or understandable","instructive, easy, helpful, useful, learnable, explainable, affordable, intuitive, or understandable",0.8875272870063782
A primary database will be used to store cached data for active users.,"not about instructive, easy, helpful, useful, learnable, explainable, affordable, intuitive, or understandable","instructive, easy, helpful, useful, learnable, explainable, affordable, intuitive, or understandable",0.9283691644668579
A secondary database will be used to store historical statistics and data.,"not about instructive, easy, helpful, useful, learnable, explainable, affordable, intuitive, or understandable","instructive, easy, helpful, useful, learnable, explainable, affordable, intuitive, or understandable",0.9226170182228088
98% of the user workstations shall meet the minimum hardware requirements prior to implementation. Minimum Hard Disk Space:  400MB.,"not about instructive, easy, helpful, useful, learnable, explainable, affordable, intuitive, or understandable","not about instructive, easy, helpful, useful, learnable, explainable, affordable, intuitive, or understandable",0.9399051070213318
98% of the user workstations shall meet the minimum software requirements prior to implementation: Microsoft Internet Explorer 5.0. Microsoft .NET Framework 1.1. Microsoft Internet Explorer Web Controls,"not about instructive, easy, helpful, useful, learnable, explainable, affordable, intuitive, or understandable","not about instructive, easy, helpful, useful, learnable, explainable, affordable, intuitive, or understandable",0.9289757609367371
The RFS system should be able to easily interface with the BDW environment  in order to load the data. •;7 data files shall be received from the BDW and loaded into the RFS system within 3 hours one day prior to the start of budgeting process  every year. The data will be as of October month-end. ;Test files (7) shall be loaded up to 5 times throughout the year  from the BDW.,"not about instructive, easy, helpful, useful, learnable, explainable, affordable, intuitive, or understandable","not about instructive, easy, helpful, useful, learnable, explainable, affordable, intuitive, or understandable",0.8772463798522949
Only authorized user shall access the RFS system. ONLY users that exist in the UAS system  with the RFS system assigned to their role(s)  shall access the RFS system and use it.,"not about instructive, easy, helpful, useful, learnable, explainable, affordable, intuitive, or understandable","not about instructive, easy, helpful, useful, learnable, explainable, affordable, intuitive, or understandable",0.8982632160186768
;User access should be limited to the permissions granted to their role(s) Each level in the PCG hierarchy will be assigned a role and users will be assigned to these roles. Access to functionality within RFS system is dependent on the privileges/permission assigned to the role..,"not about instructive, easy, helpful, useful, learnable, explainable, affordable, intuitive, or understandable","not about instructive, easy, helpful, useful, learnable, explainable, affordable, intuitive, or understandable",0.8959476947784424
The users should be able to easily use the system to successfully complete their budgets  within the stipulated time for completion. With a week of training prior to product implementation  98% of the users shall complete their budgets within the stipulated time.,"instructive, easy, helpful, useful, learnable, explainable, affordable, intuitive, or understandable","not about instructive, easy, helpful, useful, learnable, explainable, affordable, intuitive, or understandable",0.9167900085449219
The product interface should be fast. The response time of the product interface should not exceed 2 seconds 90% of the time. For 10% of the time  the response time should not be more than 10 seconds.not be more than 10 seconds.,"not about instructive, easy, helpful, useful, learnable, explainable, affordable, intuitive, or understandable","not about instructive, easy, helpful, useful, learnable, explainable, affordable, intuitive, or understandable",0.9061874151229858
