,precision,recall,f1-score,support
"accessibility, aesthetic, contextual, experience, satisfaction, HCI, UX, questionnaire, ease, ergonomics, designer, evaluate, multimodal, practitioner, prototyping, preference, personalization, suitability, focus, clarity, responsiveness, judgement, feel, or helpful",0.0,0.0,0.0,67.0
"security, performance, operational, look & feel, legal, fault & tolerance, maintainability, scalability, availability, or portability",0.7231404958677686,0.9615384615384616,0.8254716981132076,182.0
accuracy,0.7028112449799196,0.7028112449799196,0.7028112449799196,0.7028112449799196
macro avg,0.3615702479338843,0.4807692307692308,0.4127358490566038,249.0
weighted avg,0.5285605230840719,0.7028112449799196,0.6033568235204971,249.0
