,precision,recall,f1-score,support
"accessibility, aesthetic, contextual, experience, satisfaction, HCI, UX, questionnaire, ease, or ergonomics",0.2777777777777778,0.07462686567164178,0.11764705882352941,67.0
"vulnerability, securing. protecting, protection, cybersecurity, assurance, cyber, countermeasure, threat, privacy, authentication, prevention, or confidentiality",0.09090909090909091,0.17647058823529413,0.12000000000000001,17.0
"throughput, reliability, scalability, responsiveness, efficiency, workload, benchmark, latency, speed, improvement, or accuracy",0.5238095238095238,0.1774193548387097,0.26506024096385544,62.0
"environmental, organizational, coordination, systemic, or logistics",0.05357142857142857,0.14285714285714285,0.0779220779220779,21.0
"graphical, gui, ui, widget, interaction, habit, prefer, comfortable, friendly, feeling, experience, or familiar",0.28,0.18421052631578946,0.2222222222222222,38.0
"liability, litigation, jurisdiction, regulation, copyright, legislation, enforcement, governmental, directive,civil, right, patentability, claim, violate, infringement, or counsel",0.14285714285714285,0.23076923076923078,0.17647058823529413,13.0
"tolerance, failure, tolerant, byzantine, deadlock, exploiting, reliability, isolation, fault, guarantee, or dependable",0.0,0.0,0.0,21.0
"adaptability, effectiveness, agility, preventive, or dependability",0.14782608695652175,0.3148148148148148,0.20118343195266275,54.0
"flexibility, workload, efficiency, or optimize",0.08695652173913043,0.2,0.12121212121212122,10.0
"reliability, dependability, resilience",0.5686274509803921,0.4393939393939394,0.4957264957264957,66.0
accuracy,0.21680216802168023,0.21680216802168023,0.21680216802168023,0.21680216802168023
macro avg,0.21723350236010086,0.1940562462896563,0.17974442370582588,369.0
weighted avg,0.3052479259285863,0.21680216802168023,0.22635498337213042,369.0
