Requirement text,Gold label,Predicated label,ZSL score
The system shall refresh the display every 60 seconds.,Performance,Look-feel,0.5680397748947144
The application shall match the color of the schema set forth by Department of Homeland Security,Look-feel,Maintainability,0.42780429124832153
 If projected  the data must be readable.  On a 10x10 projection screen  90% of viewers must be able to read Event / Activity data from a viewing distance of 30,Usability,Maintainability,0.4532957077026367
 The product shall be available during normal business hours. As long as the user has access to the client PC  the system will be available 99% of the time during the first six months of operation.,Availability,Maintainability,0.4037002921104431
 If projected  the data must be understandable. On a 10x10 projection screen  90% of viewers must be able to determine that Events or Activities are occuring in current time from a viewing distance of 100,Usability,Maintainability,0.41892480850219727
The product shall ensure that it can only be accessed by authorized users.  The product will be able to distinguish between authorized and unauthorized users in all access attempts,Security,Maintainability,0.43649908900260925
The product shall be intuitive and self-explanatory.  :  90% of new users shall be able to start the display of Events or Activities within 90 minutes of using the product.,Usability,Maintainability,0.37415555119514465
The product shall respond fast to keep up-to-date data in the display.,Performance,Look-feel,0.4626418352127075
The look and feel of the system shall conform to the user interface standards of the smart device.,Look-feel,Look-feel,0.3642863929271698
 The user interface shall have standard menus  buttons for navigation,Look-feel,Maintainability,0.5787703990936279
The system shall have a professional appearance,Look-feel,Look-feel,0.5925388932228088
The product shall have a consistent color scheme and fonts.,Look-feel,Look-feel,0.4786490499973297
The system shall be used by realtors with no training.,Usability,Maintainability,0.5369890928268433
The system shall be intuitive and self explanatory.,Usability,Look-feel,0.5501152873039246
The product shall be easy for a realtor to learn.,Usability,Look-feel,0.48992231488227844
The product shall use symbols and words that are naturally understandable by the realtor community.,Usability,Maintainability,0.43047043681144714
The product shall produce search results in an acceptable time,Performance,Look-feel,0.5549853444099426
The search results shall be returned no later 30      seconds  after the user has entered the search criteria,Performance,Maintainability,0.42234116792678833
The product shall generate a CMA report in an acceptable time.,Performance,Maintainability,0.5118584036827087
The CMA report shall be returned no later 60 seconds after the user has entered the CMA report criteria.,Performance,Maintainability,0.4481700360774994
The product shall synchronize contacts and appointments in an acceptable time.,Performance,Maintainability,0.4980088472366333
The product shall synchronize with the office system every hour.,Performance,Look-feel,0.5410611033439636
 The product shall be available for use 24 hours per day  365 days  per year,Availability,Maintainability,0.5466333627700806
 Out of 1000 accesses to the system  the system is available 999 times.,Availability,Look-feel,0.44397151470184326
The product shall operate in offline mode whenever internet connection is unavailable.,Fault & tolerance,Maintainability,0.5336849093437195
 The product shall allow the user to view previously downloaded search results  CMA reports  and appointments.,Fault & tolerance,Maintainability,0.4251648187637329
The product shall retain user preferences in the event of a failure.,Fault & tolerance,Maintainability,0.49469998478889465
100% of saved user preferences shall be restored when system comes back online.,Fault & tolerance,Maintainability,0.47176027297973633
The product shall be able to support multiple remote users,Scalability,Fault & tolerance,0.5205488801002502
The product shall be able support 1000 simultaneous users.,Scalability,Maintainability,0.5577611327171326
The product shall be capable of handling the existing 1000 users. This number is expected to grow 5 times within the next year.,Scalability,Maintainability,0.44677168130874634
The product shall be installed by an untrained realtor   without recourse to separately-printed instructions.,Usability,Maintainability,0.4362035393714905
90% of untrained realtors shall be able to install the product on their device without printed instructions,Usability,Maintainability,0.426794171333313
Only registered realtors shall be able to access the system.,Security,Look-feel,0.5099266171455383
Every user of the system shall be authenticated and authorized.,Security,Look-feel,0.4815727472305298
The product shall prevent its data from incorrect data being introduced.,Security,Fault & tolerance,0.5600676536560059
The system shall be easy to use by the Program Administrators/Nursing Staff Members.,Usability,Maintainability,0.43366438150405884
All of the users shall be able to use the system after one day of training.,Usability,Look-feel,0.4156269431114197
The system shall help the user avoid making mistakes while scheduling classes and clinicals for the nursing students.,Usability,Maintainability,0.45206815004348755
The number of mistakes noted by the students shall be decreased by 50% in the first year.,Usability,Maintainability,0.4099871516227722
The system shall be intuitive to the Program Administrators/Nursing Staff Members.,Usability,Maintainability,0.4509601593017578
2 out of 3 Program Administrators/Nursing Staff Members shall successfully be able to use the system to manage the scheduling of classes and clinicals.,Usability,Maintainability,0.39240702986717224
The system shall use symbols and words that are naturally understandable by the user community.,Usability,Maintainability,0.4542369842529297
The verbiage used within the system shall be consistent with Standard English and the terminology of the national Nursing Community.,Usability,Maintainability,0.3572846055030823
Staff members shall be able to complete a set of tasks in a timely manner.,Performance,Look-feel,0.39064204692840576
The response time of general student management tasks shall take no longer than 5 seconds and the response time of schedule generation shall take no longer than 30 seconds.,Performance,Maintainability,0.40317922830581665
The system shall be available for use between the hours of 8am and 6pm.,Availability,Look-feel,0.4349125027656555
The system shall achieve 95% up time.,Availability,Maintainability,0.6266632080078125
system shall be able to handle all of the user requests/usage during business hours.,Scalability,Maintainability,0.4878065884113312
The system shall cater to 10 simultaneous users from 9am to 5pm.,Scalability,Fault & tolerance,0.4649706780910492
The system shall be capable of processing 100% of nursing students and their classes for the next 10 years.,Scalability,Maintainability,0.4267733097076416
The system shall be expected to manage the nursing program curriculum and class/clinical scheduling for a minimum of 5 years.,Scalability,Maintainability,0.4090472459793091
The system shall able to operate within a business office environment typical of the Nursing Department at DePaul University.,Operational,Maintainability,0.40199512243270874
The system shall be used within the specifications defined by the computers used by the Program Administrators/Nursing Staff Members.,Operational,Maintainability,0.4094184935092926
The system shall operate within the Windows XP Professional operating system.,Operational,Maintainability,0.5329029560089111
The system shall interface with CampusConnect’s central server,Operational,Maintainability,0.5786685943603516
The system shall interface with the faculty central server.,Operational,Maintainability,0.5477039217948914
The system shall interface with the student master server.,Operational,Maintainability,0.5409053564071655
We must be able to interface with any HTML browser.,Operational,Look-feel,0.496265709400177
Only authorized users shall have access to clinical site information.,Security,Fault & tolerance,0.5319796204566956
Program Administrators/Nursing Staff Members are the only people who shall have access to clinical site details.,Security,Maintainability,0.4427085518836975
Only authorized users shall have access to students’ personal information.,Security,Fault & tolerance,0.507283627986908
Dr Susan Poslusny and Dr Julie Donalek are the only people who shall have access to students’ personal information.,Security,Maintainability,0.4081634283065796
Only authorized users shall have access to the portion of the system that interfaces with CampusConnect.,Security,Look-feel,0.4087483286857605
Fit Criterion: Dr Susan Poslusny and Karen Sysol are the only people who shall have access to the final class section scheduling for the system that interfaces with CampusConnect.,Security,Maintainability,0.3894768953323364
The system shall have basic data integrity checking to reduce the possibility of incorrect or invalid data being introduced.,Security,Maintainability,0.43923306465148926
The system shall protect private information in accordance with the organization’s information policy.,Security,Maintainability,0.47252383828163147
The system shall be built such that it is as secure as possible from malicious interference.,Security,Maintainability,0.41603490710258484
The system shall use the organization’s standard virus protection software to help monitor threats to itself.,Security,Look-feel,0.43192657828330994
The Disputes application shall comply with the corporate standards for user interface creation for internally and externally used applications.,Look-feel,Maintainability,0.4375462532043457
All screens created as part of the Disputes application must comply with corporate standards for interface creation.,Look-feel,Maintainability,0.45391079783439636
The list of dispute cases that are displayed after a search is performed must be color coded for easy identification of dispute cases based upon the dispute case status.,Usability,Maintainability,0.4069802761077881
100% of the cardmember and merchant services representatives shall use the Disputes application regularly after a 2-day training course.,Usability,Maintainability,0.4032333195209503
100% of cardmember services representatives shall be able to successfully create a dispute case on the first encounter after completing the training course.,Usability,Maintainability,0.3962480425834656
100% of merchant services representatives shall be able to successfully perform a follow up action on a dispute case on the first encounter after completing the training course.,Usability,Maintainability,0.40196868777275085
The maximum wait time for a user navigating from one screen to another within the Disputes application shall be no more than 5 seconds.,Performance,Maintainability,0.42313113808631897
The Disputes application shall support 350 concurrent users without any degradation of performance in the application.,Performance,Maintainability,0.42274239659309387
 The Disputes application shall be available 24x7x365  with the exception of the following scheduled maintenance windows.  Monday – Saturday 3:00am to 4:00am EST Sunday 1:00amd to 5:00am EST,Operational,Maintainability,0.4540390372276306
The Disputes application shall interface with the Statement Database. The Statement Database provides the transaction details to the Disputes System. All transaction details must be obtained from the Statement Database,Operational,Maintainability,0.4287642538547516
The Disputes application shall interface with the Cardmember Information Database.  The Cardmember Information Database provides detailed information with regard to a cardmember.  All cardmember detail information must be obtained from the Cardmember Information Database.,Operational,Maintainability,0.3769528269767761
The Disputes applications shall interface with the Merchant Information Database.  The Merchant Information Database provides detailed information with regard to the merchant. All merchant detail information shall be obtained from the Merchant Information Database.,Operational,Maintainability,0.37030255794525146
The Disputes application shall interface with the Letters application.  This will allow the Disputes application to request letters as part of the dispute initiation and dispute follow up process. All letter requests must be sent to the Print Letter Utility application.,Operational,Maintainability,0.4028385281562805
The Disputes application shall interface with the Cardmember Posting and Billing System.  This will allow the Disputes application to request adjustments to cardmember and merchant’s accounts. All adjustment requests must be sent to the Cardmember Posting and Billing System.,Operational,Maintainability,0.4076288342475891
The Disputes application shall ensure that only users with the appropriate access level are allowed to initiate dispute requests.,Security,Maintainability,0.41881322860717773
Only users with Update access must be able to initiate dispute requests.,Security,Look-feel,0.5160073637962341
The Disputes application shall ensure that only authorized users are allowed to logon to the application.,Security,Look-feel,0.39294135570526123
 All authorized users  once authenticated must be able to logon to the Disputes System,Security,Maintainability,0.44768616557121277
The Disputes System shall generate a User Report that details any new users that have been added and any changes to an existing user’s access level.  The report will be reviewed for auditing purposes.,Security,Maintainability,0.4184236526489258
All additions of new users and modifications to user’s access shall be recorded on the User Report.,Security,Maintainability,0.41652026772499084
 If a user account is revoked  it can only be re-instantiated by the System Administrator.,Security,Maintainability,0.4860406517982483
Only the System Administrator shall be able to reset a revoked user logon account,Security,Maintainability,0.46021804213523865
The Disputes application shall manipulate and view business data. Users will not have direct access to data files or databases.,Security,Maintainability,0.47707346081733704
All updates to data files or database must be initiated from the Disputes System.,Security,Look-feel,0.4456644654273987
The Disputes application must conform to the legal requirements as specified by the Merchant Operating Regulations.,Legal,Maintainability,0.3926481604576111
All business rules specified in the Disputes System shall be in compliance with the Merchant Operating Regulations.,Legal,Maintainability,0.3839849829673767
The Disputes application must conform to the legal requirements as specified by Regulation E and Regulation Z that govern credit card disputes processing.,Legal,Maintainability,0.39286428689956665
All business rules specified in the Disputes System shall be in compliance to the guidelines of Regulation E and Regulation Z.,Legal,Maintainability,0.35812070965766907
The Disputes application must maintain a detailed history of every action that a user takes on a dispute case.  This ensures a complete audit trail if questions arise later on with regard to a particular dispute case.,Legal,Maintainability,0.3912893235683441
All actions that modify an existing dispute case must be recorded in the case history.,Legal,Maintainability,0.41313377022743225
The product must support Internet Explorer 5.5 and above.,Operational,Fault & tolerance,0.585087239742279
The product must support Mozilla Firefox 1.0 and above.,Operational,Maintainability,0.5675991177558899
The product shall interface with the Choice Parts System.  This provides the feed of recycled parts data.,Operational,Maintainability,0.4995274841785431
The product shall run on the existing hardware for all environments.,Operational,Maintainability,0.5189663767814636
The product shall adhere to the corporate Architecture guidelines,Operational,Look-feel,0.5166997909545898
The product shall comply with corporate User Interface Guidelines,Look-feel,Maintainability,0.5517272353172302
The product shall comply with corporate color scheme,Look-feel,Maintainability,0.6111418604850769
The appearance of the product shall appear professional,Look-feel,Look-feel,0.5996379256248474
The product shall be easy to use by Adjusters and Collision Estimators.  95% of Adjusters and Collision Estimators shall find the product easy to use.,Usability,Maintainability,0.38875630497932434
The product shall increase productivity of Collision Estimators. 80% of the Collision Estimators shall agree their productivity has increase within 1 month of using the product.,Usability,Maintainability,0.432319700717926
Users shall feel satisfied using the product.  85% of all users will be satisfied with the product.,Usability,Maintainability,0.445254385471344
The product shall be easy to learn by Adjusters and Collision Estimators.  The product shall be learned with two days onsite training,Usability,Maintainability,0.45293763279914856
The user shall easily locate instructions while using the product.  User help can be found within 90% of the system.,Usability,Maintainability,0.44298118352890015
The search for recycled parts shall take no longer than 15 seconds.  The search results shall be returned in under 15 seconds.,Performance,Maintainability,0.479366660118103
The search for the preferred repair facility shall take no longer than 8 seconds.  The preferred repair facility is returned within 8 seconds,Performance,Maintainability,0.4836391806602478
The recycled parts audit report shall be returned to the user within 10 seconds.  The audit report shall be returned within 10 seconds.,Performance,Maintainability,0.42898234724998474
The preferred repair facility ratings shall be saved within 5 seconds. The save shall occur within 5 seconds.,Performance,Maintainability,0.47143033146858215
The product shall adhere to the corporate online availability schedule.  The application is brought down only within 98% of the scheduled outages per the availability schedule.,Availability,Maintainability,0.41050800681114197
The product shall achieve a 98% uptime. The product shall not fail more than 2% of the available online time.,Availability,Maintainability,0.44165223836898804
The product shall be able to handle up to 1500 simultaneous users. The system shall perform with 1500 users as a time.,Scalability,Maintainability,0.44167590141296387
 The average number of recycled parts records per day shall be 50 000.,Scalability,Maintainability,0.5199806690216064
 The product shall be able to handle 10 000 concurrent users within 2 years of the initial launch.,Scalability,Maintainability,0.4210503101348877
 For estimators  the product shall be able to be operated in a repair facility during dirty and noisy conditions.,Operational,Maintainability,0.3702872395515442
The product shall interface with the ChoiceParts system once per day at approximately 1:00 AM.,Operational,Maintainability,0.5094959139823914
The maintenance of the product will fall within the established corporate maintenance windows.,Operational,Maintainability,0.42074301838874817
The product shall be supported using the corporate support center.,Operational,Look-feel,0.512499213218689
Product installations and upgrades shall be handled by the middleware technology team within established launch time frames.,Operational,Maintainability,0.45410698652267456
Only adjusters can request recycled parts audit reports. No users without an adjuster role shall request recycled parts audits.,Security,Maintainability,0.4698481261730194
Only adjusters with a supervisor role can update preferred repair facility ratings. Users without the supervisor role cannot access the repair facility ratings.,Security,Maintainability,0.4347255825996399
Only collision estimators shall search for recycled parts.  Users without the collision estimator role shall not have access to the search for recycled parts.,Security,Maintainability,0.44328588247299194
Only valid data shall be entered into the system.  No invalid data shall be entered into the system.,Security,Maintainability,0.48739394545555115
One insurance company shall not be able to view another insurance companys claim data.,Security,Maintainability,0.4812864363193512
The product shall free of computer viruses.,Security,Look-feel,0.6111442446708679
The system shall prevent malicious attacks including denial of service.,Security,Maintainability,0.5678421258926392
The product must comply with Sarbanes-Oxley.,Legal,Maintainability,0.5317356586456299
The product shall comply with the estimatics laws relating to recycled parts usage.,Legal,Maintainability,0.4529983401298523
The product shall comply with insurance regulations regarding claims processing.,Legal,Maintainability,0.5920970439910889
 The product must work with most database management systems (DBMS) on the market  whether the DBMS is colocated with the product on the same machine or is located on a different machine on the computer network.,Operational,Maintainability,0.3828158974647522
The product will function alongside server software on any operating system where the Java runtime can be installed.,Operational,Fault & tolerance,0.44037240743637085
The product will require collaboration with a database management system (DBMS).  The DBMS may be located on the same machine as the product or on a separate machine residing on the same computer network.,Operational,Maintainability,0.3712967038154602
 The product must make use of web/application server technology.  Open source examples include Apache web server  Tomcat  and the JBoss application server.,Operational,Maintainability,0.41980642080307007
 A database management system such as Oracle  DB2  MySql or HSQL will need to be integrated with the product.,Operational,Maintainability,0.4141154885292053
 The product’s Look and Feel shall be able to incorporate aspects of the customer’s organization such as logo  branding  and identity,Look-feel,Maintainability,0.4151582717895508
The product shall have a conservative and professional appearance.,Look-feel,Look-feel,0.48531627655029297
The product shall make the users want to use it. 80% of the users surveyed report they are regularly using the product after the first 2 weeks post-launch.,Usability,Look-feel,0.3689368963241577
The product shall be easy to use. 90% of users will be able to successfully reserve a conference room within 5 minutes of product use.,Usability,Look-feel,0.39952385425567627
The product shall give users feedback when necessary. 80% of the users surveyed report that the product accurately confirms their actions.,Usability,Maintainability,0.4083210825920105
The product shall allow the user to select a chosen language from one of the target market countries.,Usability,Maintainability,0.4129040837287903
The product shall allow for customization of start page and views preferences.,Usability,Look-feel,0.4897691607475281
 An employee will be able to successfully use the product within a few minutes.  After informally navigating the product for less than 15 minutes  users shall be able to successfully setup meetings and reserve conference rooms.,Usability,Maintainability,0.4013066589832306
The product shall use a standard navigation menu familiar to most web users.,Usability,Look-feel,0.48253995180130005
The product shall allow for intuitive searching of available conference rooms.,Usability,Maintainability,0.5534831881523132
The product shall conform to the Americans with Disabilities Act.,Usability,Maintainability,0.47809919714927673
The response shall be fast enough to avoid interrupting the user’s flow of thought.  90% of tasks shall complete within 5 seconds.  98% of tasks shall complete within 8 seconds.,Performance,Maintainability,0.416853666305542
 Aside from server failure  the software product shall achieve 99.99% up time.,Availability,Maintainability,0.5262682437896729
The product shall create an exception log of problems encountered within the product for transmission to our company for analysis and resolution.,Fault & tolerance,Maintainability,0.4163055419921875
 The product shall be capable of handling up to 1 000 concurrent requests.  This number will increase to 2 000 by Release 2.  The concurrency capacity must be able to handle peak scheduling times such as early morning and late afternoon hours.,Scalability,Maintainability,0.4454230070114136
 The product shall be able to process 10 000 transactions per hour within two years of its launch.  This number will increase to 20 000 by Release 2.,Scalability,Maintainability,0.45209068059921265
The product shall be expected to operate for at least 5 years for each customer installation.,Scalability,Look-feel,0.45671626925468445
The product shall be used in office environments.,Operational,Maintainability,0.550738513469696
The product must be able to interface with any HTML browser.  The product shall transmit data between the user and the product without problems. The product shall display HTML properly in 80% of all HTML browsers tested (minimum is to test 8 browsers).,Operational,Maintainability,0.41581350564956665
The product must be able to interface with various database management systems. The product shall communicate successfully with the database management system on 100% of all transactions.,Operational,Maintainability,0.45509088039398193
The product must be able to interface with various email servers. The product shall be able to send email.,Operational,Fault & tolerance,0.4434374272823334
The product shall be available for distribution via the Internet as a binary or ZIP file.,Operational,Maintainability,0.4403824508190155
The product shall be available for distribution as a packaged CD.,Operational,Maintainability,0.49481073021888733
 The product will be available for licensing as a one-server  two-five servers  or five-or-more servers license.,Operational,Maintainability,0.43414583802223206
A new user must be able to be added to the system within 10 minutes.  90% of new users are able to log into the system within 10 minutes.,Usability,Look-feel,0.3733518421649933
The product must be designed using Design Patterns and coding best practices.  90% of maintenance software developers are able to integrate new functionality into the product with 2 working days.,Maintainability,Maintainability,0.4324299395084381
The product must be highly configurable for use with various database management systems for the end users.  80% of end users are able to integrate new database management systems with the product without changing the product’s software code.,Maintainability,Maintainability,0.41814500093460083
Maintenance releases will be offered to customers once a year.  The releases shall take no longer than 5 minutes for 80% of the customer base to install.,Maintainability,Maintainability,0.4534328579902649
Every registered user will have access to the product’s support site via the Internet.  70% of registered users shall find a solution to their problem within 5 minutes of using the support site.,Usability,Maintainability,0.41540956497192383
The customer shall be able to easily integrate new building maps with the product throughout the product’s lifecycle.  Integration of new maps with the product shall be possible with little to no support from product support staff.,Maintainability,Maintainability,0.3749392032623291
 The product shall be translated into foreign languages other than the target market countries’ languages in future releases.  For each emerging target market  it shall take no more than 5 days to configure the product for that market’s language.,Usability,Maintainability,0.4103091359138489
 The product is expected to integrate with multiple database management systems.  The product will operate with Oracle  SQL Server  DB2  MySQL  HSQL  and MS Access.,Operational,Maintainability,0.4075896739959717
The product shall be able to be installed in any operating environment within 2 days.,Operational,Look-feel,0.4135115444660187
The product shall ensure that only company employees or external users with company-approved user IDs may have product access.  100% of all logons shall be by either company employees or external users with company-approved user IDs.,Security,Maintainability,0.41910648345947266
Only managers are able to perform search queries for reservations by user.  100% of all search queries for reservations by user shall be from logons of only management logons.,Security,Maintainability,0.4546656310558319
The product shall ensure that the database’s data corresponds to the data entered by the user.  Each conference room reservation in the system will contain the same information as was entered by the user.,Security,Maintainability,0.3980531692504883
The product shall prevent the input of malicious data.  The product and/or adjacent hardware/software systems’ data shall remain 100% uncorrupted each time malicious data is input into the product.,Security,Maintainability,0.4148579239845276
The product and/or dependent databases/filesystems shall remain operational as a result of the input of malicious data.  The product and/or dependent databases/filesystems shall not crash 100% of the time that malicious data is input into the product.,Fault & tolerance,Maintainability,0.4038074016571045
The product shall have the ability to receive automatic software updates as new threats emerge.  100% of customers will be able to receive automatic software updates transmitted to the installed product.,Security,Maintainability,0.38372480869293213
The language of the product shall accommodate all of the target market countries. 90% of survey respondents from each target market country will find that the language of the product is acceptable.,Scalability,Maintainability,0.3660224974155426
The product shall be able to display calendar dates and times according to the user’s locale.  90% of survey respondents from each target market country will find that the date and time formatting of the product is correct.,Usability,Maintainability,0.35837864875793457
The product must be developed with the J2SE/J2EE programming language libraries,Operational,Maintainability,0.45636653900146484
Recreation of Inventory Quantity Adjustment for the period of previous 30 days shall take no more than 30min.,Performance,Maintainability,0.4857420325279236
The System shall allow for a minimum of  6 users to work at the same time.,Performance,Look-feel,0.44334325194358826
The System shall utilize currently owned computer equipment.,Operational,Maintainability,0.6494543552398682
The System shall be able to automatically backup business data and restore them on demand.,Operational,Look-feel,0.4242940843105316
The System shall maintain consistent security.  Any changes in user passwords and/or permissions should take affect in all parts of the System.,Security,Maintainability,0.44494813680648804
The System shall granularly control access rights to all major subsystems.  It should be possible to assign access rights to all subsystems independently.,Security,Maintainability,0.44775354862213135
The System shall meet all applicable accounting standards.  The final version of the System must successfully pass independent audit performed by a certified auditor.,Legal,Maintainability,0.4606952667236328
The System shall not require additional third party licenses resulting in royalty fees.,Operational,Maintainability,0.5059911012649536
Administrator shall be able to activate a pre-paid card via the Administration section in under 5 seconds.,Performance,Maintainability,0.4222521185874939
 Customer shall be able to check the status of their prepaid card  by entering in the PIN number  in under 5 seconds.,Performance,Maintainability,0.4122260808944702
System shall let customers register on the website as a “pay as you go” user in under 5 minutes.,Performance,Maintainability,0.46596911549568176
System shall let customers register on the website as a “unlimited movie subscriber” user in under 10 minutes.,Performance,Maintainability,0.4662315249443054
System shall let existing customers log into the website with their email address and password in under 5 seconds.,Performance,Maintainability,0.45168280601501465
 System shall let customers cancel their account  process shall take no longer than 2 minutes.  Database will mark the account as inactive  and user will not be able to log into the website.,Performance,Maintainability,0.41817009449005127
System shall let administrator de-activate a customer account in under 1 minute. Customer will no longer be able to access the website.,Performance,Maintainability,0.47466886043548584
System shall let administrator add/remove movies on the website in under 5 minutes.  Entered movie information will be stored in the database and will now be available on the website.,Performance,Maintainability,0.4006546139717102
System shall let the administrator add/remove categories on the website in under 5 minutes.,Performance,Maintainability,0.4611614942550659
System shall let Izogn Manager access sales and usage statistics in under 2 minutes.,Performance,Maintainability,0.5018222332000732
System shall let administrators generate unique pre-paid pins in under 2 minutes and generate an Excel file with the generated PINs.,Performance,Maintainability,0.4266524910926819
The website shall be attractive to all audiences.  The website shall appear to be fun and the colors should be bright and vibrant.,Look-feel,Maintainability,0.40079396963119507
 The website should have an African feel  but should not alienate non-Africans.  The website should use animation on pages which are describing the services  to grab the users attention and encourage them to sign up.,Look-feel,Maintainability,0.38491520285606384
 The website design should be modern  clean  and concise.,Look-feel,Maintainability,0.5010830163955688
The product should be able to be used by 90% of novice users on the Internet.,Usability,Look-feel,0.412367582321167
 Users should only have to navigate through a maximum of 4 pages  to create an account with the website.,Usability,Look-feel,0.3940966725349426
Users should be able to access their streaming movies in under 2 clicks after logging into the website.,Usability,Look-feel,0.43167075514793396
An anonymous survey will show that 70% of customers are comfortable purchasing streaming movies after 2 weeks using the website.,Usability,Maintainability,0.42903244495391846
An anonymous survey will show that 95% of customers are comfortable using and purchasing pre-paid cards after a month of using the system.,Usability,Maintainability,0.3945564329624176
The product shall retain the customer’s buying preferences and information.,Usability,Maintainability,0.47658780217170715
The product shall be easy for customers with novice skills on the  Internet to purchase and watch streaming movies.  Customers should be able to purchase and watch a pre-determined movie in under 3 minutes.,Usability,Maintainability,0.37070727348327637
The product shall use symbols and words that are naturally understandable by users familiar with websites,Usability,Maintainability,0.4496326744556427
The website will use standard Internet conventions when interacting with the user.,Usability,Look-feel,0.5183407664299011
 Any interface between a user and the automated system shall have a maximum response time of 5 seconds  unless noted by an exception below.,Performance,Maintainability,0.42158180475234985
 When purchasing a streaming movie or pre-paid card via credit card  the processing time should have a maximum response time of 15 seconds.,Performance,Maintainability,0.3990821838378906
 When streaming a movie  the buffering time should take no longer than 10 seconds (plus any latency on the user’s connection.),Performance,Maintainability,0.4375811219215393
 While streaming a movie  buffering should only occur if there is latency in the user’s connection.,Performance,Maintainability,0.4267725348472595
 All credit card information will be secured on the server  and only accessible by authorized Izogn administrators.  Information will be encrypted in the database.,Security,Maintainability,0.4302937388420105
 The website shall be available for use 24 hours per day  365 days per year.,Availability,Maintainability,0.5328204035758972
The website shall achieve 99.5% up time.,Availability,Maintainability,0.629806399345398
 All movies shall be streamed on demand  at any time of the day.,Availability,Maintainability,0.4356269836425781
The website shall continue to operate if the streaming server goes down.,Fault & tolerance,Look-feel,0.4718266725540161
The website shall continue to operate if the payment gateway goes down.,Fault & tolerance,Look-feel,0.5082541108131409
The streaming server will support 50 simultaneous streaming connections.,Scalability,Look-feel,0.5609944462776184
The streaming server will support a maximum of 700 movies; new servers can be added to support more movies.,Scalability,Fault & tolerance,0.4598245918750763
 The server will support a maximum of 1 000 simultaneous users.,Scalability,Maintainability,0.5481665134429932
 The website shall be capable of supporting 100 000 customers.,Scalability,Maintainability,0.5750961303710938
The product shall be expected to operate within the maximum maintenance budget for a minimum of 2 years.,Maintainability,Maintainability,0.45914405584335327
All aspects of the website shall be accessed by a web browser over the Internet.,Operational,Maintainability,0.44212064146995544
The same hardware supporting the current website will be used to support the new system.,Operational,Look-feel,0.430492639541626
 We must be able to interface with the following browsers: IE 5.X  6.0  Netscape 6.x  7.x  8.x and Firefox 1.0.,Operational,Maintainability,0.47144752740859985
Website must interface with the CyberSource API to process credit card transactions.,Operational,Maintainability,0.4788033068180084
Website must be fully operational with MSN TV2.,Operational,Maintainability,0.5814651250839233
Movies shall be encoded and streamed via Windows Media Player 9.0.,Operational,Maintainability,0.5585969686508179
Movies shall be encoded for 56k and 256k streams.,Operational,Maintainability,0.5034066438674927
Promotional updates to the website should take a day to update.,Maintainability,Look-feel,0.4685228765010834
Izogn Administrator must be able to update the category listings on the website within 2 minutes.,Performance,Fault & tolerance,0.41744983196258545
Izogn Administrator must be able to add new products to the website within 2 minutes.,Performance,Fault & tolerance,0.4297921061515808
The system will provide a 24 hour 800 toll free number for support to its customers.,Availability,Look-feel,0.4784703254699707
The website will provide a help section with answers and solutions to common problems.,Usability,Look-feel,0.4724081754684448
 Velkat staff will be available for phone support between 7am-7pm  M-F to provide technical support to the Izogn administrators.,Availability,Maintainability,0.46499890089035034
The product shall be able to be installed in the specified environment within 1 working day.,Operational,Look-feel,0.407658189535141
Only registered customers can purchase streaming movies.,Security,Fault & tolerance,0.6569589376449585
 A customer can only stream a movie if they purchased it  and are within the 2 day viewing period.,Security,Fault & tolerance,0.415210098028183
Only authorized personnel can access customer records in the database.,Security,Look-feel,0.5218276977539062
Only administrators can activate a pre-paid card.,Security,Look-feel,0.5494409799575806
Only authorized personnel can access sales information.,Security,Fault & tolerance,0.6441699266433716
The website shall prevent its data from being corrupted when incorrect data is entered in.,Security,Maintainability,0.4812394976615906
 The website shall protect itself from intentional abuse  and notify the administrator at all occurrences.,Security,Maintainability,0.43633413314819336
Data integrity scripts will be run on a weekly basis to verify the integrity of the database.,Security,Maintainability,0.40670645236968994
 The website shall make its user aware of its information practices before collection data from them via a Privacy Policy  accessible on all pages of the website.,Security,Maintainability,0.4140913188457489
The system shall notify customers of changes to its information policy.,Security,Look-feel,0.5362920761108398
The system shall reveal private information only in compliance with the organization’s information policy.,Security,Maintainability,0.45516151189804077
 All customer information will be stored on a secure database  accessible only to authorized personnel.,Security,Maintainability,0.44168537855148315
All credit card information will be encrypted in the database.,Security,Look-feel,0.4795989990234375
The streaming server will have anti-virus software to prevent infection of malicious viruses.,Security,Maintainability,0.423261821269989
The website should cater to all tribes in Nigeria.,Look-feel,Look-feel,0.5046322345733643
The website shall not be offensive to religious or ethnic groups.,Look-feel,Look-feel,0.4553584158420563
 The website should appeal to all Africans  not only Nigerians.,Look-feel,Maintainability,0.5124180912971497
The website should use Flash to provide animation on the home page.,Operational,Look-feel,0.4949871301651001
IzognMovies shall meet the licensing requirements set forth by the appropriate organizations in order to stream African movies.,Legal,Maintainability,0.40449392795562744
The website will comply with W3C standards.,Legal,Look-feel,0.5618897080421448
The PHP code will comply with PEAR standards.,Legal,Maintainability,0.579410195350647
Total lead cycle time must be completed in 5 minutes for 90% of lead volume between the business hours of 8AM CST to 8PM CST; then 3 minutes for 99% of lead volume during off business hours.,Performance,Maintainability,0.4269683063030243
No lead evaluation will complete in a time period longer than 25 seconds for 97% of all leads processed.,Performance,Maintainability,0.526066243648529
For leads that process longer than 25 seconds the system will record the event and duration,Performance,Look-feel,0.4455261826515198
The process must fit within the processing time conditions set forth by the Auto Rep Assignment process in which a lead is assigned within 3 minutes of the total life cycle.,Performance,Maintainability,0.4063587188720703
The lead washing process will operate within the established physical web service structure.,Operational,Maintainability,0.5146201252937317
 The washing process must use a non binding  neutral data format  such as xml  when receiving and processing lead data.,Operational,Maintainability,0.46274104714393616
Defect reports will be available to technical units on a 24x7 basis.,Availability,Maintainability,0.4901922345161438
Washing parameters will be updated during scheduled maintenance hours.,Maintainability,Maintainability,0.5988382697105408
The product shall simulate the look of ships at sea.,Look-feel,Maintainability,0.497996985912323
The product shall display the grids within a circle as a view from a periscope.,Look-feel,Maintainability,0.4113073945045471
The product shall display each type of ship in a grid using an image of the specific type of ship.,Look-feel,Maintainability,0.35274937748908997
 When the offensive player takes a shot  the product shall simulate the sound of a ship at sea.,Look-feel,Maintainability,0.3649471402168274
 When a shot is marked as a miss  the product shall simulate the sound of a shot missing its target.,Look-feel,Maintainability,0.39067211747169495
 When a shot is marked as a hit  the product shall simulate the sound of a shot hitting its target.,Look-feel,Maintainability,0.40249818563461304
 When a ship is sunk  the product shall simulate the sound of a sinking ship.,Look-feel,Maintainability,0.37214282155036926
 The product shall be available 24 hours per day  seven days per week.,Availability,Maintainability,0.5231419205665588
The product shall able to handle a large number of games simultaneously.,Performance,Look-feel,0.43739134073257446
The response time shall be fast enough to maintain the flow of the game.  The response time shall be no more than 2 seconds for 95% of responses and no more than 4% for the remaining responses.,Performance,Maintainability,0.41390982270240784
The product shall protect the identity of the players. The product shall provide players no access to information that might reveal the identity of another player.,Performance,Maintainability,0.42407581210136414
The product shall be intuitive and self-explanatory.  Nine out ten users shall be able to successfully complete a game with no training.,Usability,Maintainability,0.4552057385444641
 The product shall be available to players who understand English  Spanish and French.  The product shall allow the user to select the language upon accessing the product.,Usability,Maintainability,0.4028545618057251
The product shall provide players no access to information that might reveal the identity of another player,Security,Look-feel,0.44107067584991455
The response time shall be fast enough to maintain the flow of the game. The response time shall be no more than 2 seconds for 95% of responses and no more than 4% for the remaining responses.,Performance,Maintainability,0.4075372517108917
The system shall be easy to use by callers and supervisors. Callers and supervisors must be able to accomplish any system task within 2 minutes.,Usability,Maintainability,0.40205031633377075
The system shall be easy to learn by callers and supervisors. Callers and supervisors shall learn how to use the system within 10 minutes.,Usability,Maintainability,0.3926529884338379
 The system shall be responsive. At the DePaul TeleServices Center  when a supervisor uses the system to view a callers schedule  the system response time must be no more than 2 seconds 90% of the time and no more than 5 seconds the rest of the time.,Performance,Maintainability,0.3801109194755554
 On a 56k connection  the system response time for all operations must be no more than 6 seconds 90% of the time.,Performance,Maintainability,0.4403437376022339
 On a 112k connection or faster  the system response time for all operations must be no more than 3 seconds 90% of the time.,Performance,Maintainability,0.4175770878791809
The system shall have high availability every day of the year.The system must be available for use between 12:00AM and 6:00PM all days of the year.,Availability,Maintainability,0.4347948133945465
The system must be available for use between 7:00AM and 11:59PM all days of the year.,Availability,Look-feel,0.4472622275352478
The product shall be internet browser independent.The product must run using Internet Explorer and Netscape Navigator.,Maintainability,Maintainability,0.48880648612976074
The product shall ensure that only supervisors can advertise empty time slots.The product must ensure that supervisors are allowed to access advertise empty time slots.,Security,Maintainability,0.4347023665904999
The product shall ensure that only supervisors can enter a caller’s schedule.The product must ensure that supervisors are allowed to access advertise empty time slots.,Security,Maintainability,0.4330996572971344
The product shall ensure that only supervisors can view schedule of all callers.The product must ensure that supervisors are allowed to access advertise empty time slots.,Security,Maintainability,0.4306164085865021
 The interface shall have a simple look. In the interface and usability survey  90% of beta testers must report that the interface is adequately simple.,Look-feel,Maintainability,0.42387524247169495
 The interface shall be appealing to callers and supervisors. In the interface and usability survey  80% of beta testers must report that the interface is appealing.,Look-feel,Maintainability,0.4011034369468689
The product shall provide GUI based Monitoring Services.System Administrators shall monitor message exchanges will predict and determine problems and will also provide internal and external support.,Look-feel,Maintainability,0.4428287744522095
The product shall comply with City of Chicago Application Development Guide Framework.Application Development Framework will provide structured Graphical User Interface.,Look-feel,Maintainability,0.43752095103263855
The product shall provide Monitoring Services.The product shall be easy for System Administrators and DBAs to use after two weeks of usage.,Usability,Maintainability,0.44870638847351074
The product shall provide Error Tracking Services.The product shall help the System Administrators and DBAs to resolve transaction errors 99% of the time.,Usability,Maintainability,0.4400388300418854
The product shall provide Portals.The product shall help System Administrators to analyze the transactions with ad-hoc reporting and KPIs (Key Performance Indicators),Usability,Maintainability,0.44763728976249695
The product shall provide Asynchronous Messaging.The product shall provide asynchronous messaging to enable parallel processing and reduce the overhead in communications,Performance,Maintainability,0.45549365878105164
The product shall provide Multi-threading and Load Balancing.The product shall provide multi-threading technology as well as load balancing to overcome data load spikes and traffic.,Performance,Maintainability,0.42774441838264465
The product shall process messages within 2 seconds.The product shall have a maximum message processing time of 2 seconds,Performance,Maintainability,0.4637424051761627
The product shall poll the system for messages every second.The product shall poll the system for new messages at a maximum of every 1 second.,Performance,Maintainability,0.44878625869750977
The product shall provide Dynamic Change Support and Transparent resource addition.The product shall support Transparent Resource addition and Dynamic Change support to provide scalability and avoid service interruptions of more than 1 day.,Performance,Maintainability,0.4214882254600525
The product shall be available 99% of the time. Rationale: To avoid service interruption during busiest customer service response periods. The product shall be available 99.99% of the time for regular business days.,Availability,Maintainability,0.4582897126674652
The product shall be robust.The product shall have fault avoidance based on standards adoption.,Fault & tolerance,Maintainability,0.46678826212882996
The product shall be robust with fault tolerance.The product shall have fault tolerance by using recovery technique compensatory transaction and routing around failures.,Fault & tolerance,Maintainability,0.4448491036891937
The product shall be able to process all transactions.The product shall process minimum of 1 million transactions per year.,Scalability,Maintainability,0.4794304668903351
The product shall be platform independent.The product shall enable access to any type of development environment and platform.,Operational,Maintainability,0.45384085178375244
The product shall interface CSR and Datastream.The product shall exchange messages between CSR and EAM on a real time basis without any direct interfaces between two systems.,Operational,Maintainability,0.40142062306404114
 : The product shall continue to operate during upgrade  change or new resource addition.The product shall be able to continue to operate with no interruption in service due to new resource additions.,Maintainability,Maintainability,0.43302321434020996
The product shall be updated on a regular basis.The product will have a new major feature introduced every six months and quarterly maintenance releases every six months.,Maintainability,Maintainability,0.42853450775146484
The product shall operate with every platform.The product shall accommodate any new technology without any change in its architecture.,Maintainability,Maintainability,0.4884260296821594
 The product shall have security.The product shall provide authentication  and authorization.,Security,Maintainability,0.4989619553089142
The product shall information Security. The product shall enable privacy by encryption WS-Security and Integrity Checking.,Security,Maintainability,0.4694456458091736
The product shall have audit capabilities.The product shall store messages for a minimum of one year for audit and transaction tracking purposes.,Security,Maintainability,0.4260837733745575
The system shall use IBM and CCR branding standards. The interface must have one IBM logo and one CCR logo.,Look-feel,Maintainability,0.45233410596847534
The system shall be displayable on any work computer a CCR user may have. The system interface shall be formatted to display at 800 by 600 pixel resolution.,Look-feel,Maintainability,0.4398450553417206
The system interface will use CCR nomenclature. The system must use the same nomenclature used in the existing WCS system and reports,Look-feel,Maintainability,0.44534265995025635
The interface must summarize the data in a fashion that’s appealing to CCR management. Every report type must have at least one high level summary shown in the results dashboard/interface,Look-feel,Maintainability,0.4407808184623718
The system must use a point and click interface. 100% of all selection and navigation functionality must be able to be activated/selected by either a mouse or a keyboard,Usability,Maintainability,0.3994862735271454
The interface shall be easy to use. 90% of users should be able to successfully use the system to generate a report on their first use. The interface should adhere to IBM usability standards.,Usability,Maintainability,0.3918137848377228
Rreports must be easy to generate. eports must be generated within one button click and exported within one button click (after selecting the report),Usability,Maintainability,0.4188856780529022
A user shall be able to use the system without instruction after a short amount of time. After one use a user should understand and remember 90% of the system usage and navigation.,Usability,Look-feel,0.37705039978027344
All CCR users shall receive training before the WCS system is deployed. One training session will be held for 100% of CCR users before system deployment (based on a CCR user being available),Usability,Maintainability,0.4365900158882141
The WCS system shall use appropriate nomenclature and terminology as defined by the Corporate Community Grants organization. All interfaces and reports will undergo usability tests by CCR users.,Usability,Maintainability,0.42329850792884827
The WCS system shall be available at all times as long as IBM’s internal intranet W3 is accessible. The WCS system will be available 95% of the time IBM’s internal intranet W3 is available.,Availability,Maintainability,0.41684937477111816
The WCS system shall have the ability to connect other designated WCS databases currently not included in the system.,Scalability,Maintainability,0.42017337679862976
The WCS system shall have the ability to include data for regions outside the United States and be accessed by users outside of the United States if approved by CCR management.,Scalability,Maintainability,0.36839887499809265
The WCS system shall be run in a Windows environment. The WCS shall be accessed by users through the Internet on an IBM computer running a Windows 2000 or above operating system.,Operational,Maintainability,0.42014387249946594
The Brio portion of the WCS system must be able to export files in spreadsheet form (Microsoft Excel and Lotus 1-2-3 formats).  Brio will provide buttons in the user interface that produce/export reports in .xls or .123 file formats.,Operational,Maintainability,0.3897872865200043
The WCS system must run queries to the WCS databases once again (on a specified day) to update the available data available to CCR users. Queries must be made to external databases for data refresh once a week.,Maintainability,Maintainability,0.41846925020217896
 All changes  updates  and additions to the WCS system shall be updated in the WCS Developer and WCS User Guides. Every change must be reflected in WCS system documentation,Maintainability,Maintainability,0.4181019961833954
The system shall only be accessed by authorized Corporate Community Grants (CCR) employees. Users must be authenticated using their IBM intranet user name and password.,Security,Maintainability,0.44356459379196167
The WCS system shall not allow automatic logins by any user. Cookies containing WCS login information about a user will not be stored on a user’s computer.,Security,Maintainability,0.44909006357192993
Each team owner will need to use a username and password in order to be authenticated to reach the team owner’s page,Security,Look-feel,0.39490193128585815
The Commissioner will be the only authorized user per league to adjust league settings.,Security,Maintainability,0.4550498127937317
Each page shall contain a navigation menu which shows the index into which the current page is contained.,Look-feel,Maintainability,0.4542611837387085
Each page shall contain a similar format with action items in one location and navigation buttons in a different location.,Look-feel,Maintainability,0.4245930314064026
The message board shall contain the 5 most recently posted messages on the league page. The messages will contain up to the first 150 characters of the message.,Look-feel,Maintainability,0.37079495191574097
	A new user shall be able to navigate through the league and team pages within 30 seconds of reaching the start-up page.,Usability,Maintainability,0.4117046296596527
 	Users shall be able to reach the ‘add’  ‘drop’  and ‘trade player’ pages with one click from the team owner’s page.,Usability,Maintainability,0.3902125954627991
	Users shall be able to view at least 25 NFL player statistics and points on each page.,Usability,Maintainability,0.42567914724349976
The application shall ask the user to confirm dropping a player or trading a player before performing the action.,Usability,Maintainability,0.35803502798080444
The application shall be able to complete every user transaction within one fourth of a second of receiving the request over the network.,Performance,Look-feel,0.3827422857284546
The application shall have a downtime of at most 10 minutes per year.,Availability,Look-feel,0.43960726261138916
The application shall run on a web application server.,Operational,Look-feel,0.5341554880142212
A primary database will be used to store cached data for active users.,Operational,Maintainability,0.5272098779678345
A secondary database will be used to store historical statistics and data.,Operational,Look-feel,0.4859410226345062
Application updates shall occur between 3AM and 6 AM CST on Wednesday morning during the middle of the NFL season.,Maintainability,Maintainability,0.4251807928085327
New System version releases shall be released at the beginning of each NFL season.,Maintainability,Maintainability,0.44842860102653503
 	The RFS system should be available 24/7  especially during the budgeting period. The RFS system shall be available 90% of the time all year  and 98% during the budgeting period. 2% of the time  the system will become available within 1 hour of the time that the situation is reported.,Availability,Maintainability,0.4046926200389862
98% of the user workstations shall meet the minimum hardware requirements prior to implementation. Minimum Hard Disk Space:  400MB.,Operational,Maintainability,0.4527197480201721
98% of the user workstations shall meet the minimum software requirements prior to implementation: Microsoft Internet Explorer 5.0. Microsoft .NET Framework 1.1. Microsoft Internet Explorer Web Controls,Operational,Maintainability,0.48034408688545227
 	The RFS system should be able to easily interface with the BDW environment  in order to load the data. •	7 data files shall be received from the BDW and loaded into the RFS system within 3 hours one day prior to the start of budgeting process  every year. The data will be as of October month-end. 	Test files (7) shall be loaded up to 5 times throughout the year  from the BDW.,Operational,Maintainability,0.38679757714271545
 	Changes to revenue and expense formulae must be applied to the RFS system  every year  prior to the budgeting process start. Revenue and expense formulae will be updated within one week of their receipt  after which 2 weeks will be allotted to testing of the budget calculations  to be conducted jointly by the project development team and PCG Finance.,Maintainability,Maintainability,0.3897956609725952
 	New branches/complexes/districts/regions and revenue/expense accounts added to the BDW  must be reflected in the RFS system. 100% of the entities (mentioned above) available as of October month-end  will be loaded into the RFS system  prior to the budget start process.,Maintainability,Maintainability,0.3882423937320709
 	Only authorized user shall access the RFS system. ONLY users that exist in the UAS system  with the RFS system assigned to their role(s)  shall access the RFS system and use it.,Security,Maintainability,0.4137769341468811
	User access should be limited to the permissions granted to their role(s) Each level in the PCG hierarchy will be assigned a role and users will be assigned to these roles. Access to functionality within RFS system is dependent on the privileges/permission assigned to the role..,Security,Maintainability,0.4103637933731079
 	The product must comply with the intranet page standards and requirements of ENET Securities. 95% of the product look & feel will be approved by the Architecture group  prior to implementation. The remaining 5% will be corrected and approved within one month of product release.,Look-feel,Maintainability,0.4052969813346863
 The intranet pages should display appropriately in all resolutions  from 800x600 and higher. The display of all the pages will be correct in 95% of the resolutions  prior to implementation. The remaining 5% will be corrected within a week of notification of the incorrect display.,Look-feel,Maintainability,0.3883099853992462
 	The users should be able to easily use the system to successfully complete their budgets  within the stipulated time for completion. With a week of training prior to product implementation  98% of the users shall complete their budgets within the stipulated time.,Usability,Maintainability,0.3890994191169739
 	The product interface should be fast. The response time of the product interface should not exceed 2 seconds 90% of the time. For 10% of the time  the response time should not be more than 10 seconds.not be more than 10 seconds.,Performance,Maintainability,0.3912864327430725
