,precision,recall,f1-score,support
"instructive, easy, helpful, useful, learnable, explainable, affordable, intuitive, or understandable",0.4864864864864865,0.47368421052631576,0.4799999999999999,38.0
"security, authorization, or protection",0.02857142857142857,0.047619047619047616,0.03571428571428571,21.0
periodic execution or efficacy performance,1.0,0.13432835820895522,0.2368421052631579,67.0
"working, running, connecting, interfacing, or operative environment",0.1956521739130435,0.6923076923076923,0.3050847457627119,13.0
"appearance, interface, look & feel",0.45454545454545453,0.5882352941176471,0.5128205128205129,17.0
"legal, law, or rules",0.29411764705882354,0.18518518518518517,0.22727272727272727,54.0
system recovery & fault tolerance,0.20588235294117646,0.3333333333333333,0.2545454545454545,21.0
"maintaining, fixing, running or updating",0.7301587301587301,0.696969696969697,0.7131782945736433,66.0
"scalable, increasable or developable",0.10714285714285714,0.6,0.18181818181818182,10.0
avaliable or timely achievableavaliable or timely achievable,0.5757575757575758,0.3064516129032258,0.39999999999999997,62.0
accuracy,0.36585365853658536,0.36585365853658536,0.36585365853658536,0.36585365853658536
macro avg,0.40783147065755765,0.4058114431171099,0.3347276307770675,369.0
weighted avg,0.5461300658169226,0.36585365853658536,0.37628347572823756,369.0
