,precision,recall,f1-score,support
"accessibility, aesthetic, contextual, experience, satisfaction, HCI, UX, questionnaire, ease, ergonomics, designer, evaluate, multimodal, practitioner, prototyping, preference, personalization, suitability, focus, clarity, responsiveness, judgement, feel, or helpful",0.0,0.0,0.0,67.0
"vulnerability, security, protection, cybersecurity, assurance, countermeasure, threat, privacy, authentication, prevention, confidentiality, trusted, intrusion, compromise, safety, insecure, defensive, breach, proactive, tampering, penetration, policy, phishing, vulnerable, authorization, dependability, or certification",0.030303030303030304,0.058823529411764705,0.04,17.0
"throughput, reliability, scalability, responsiveness, efficiency, workload, benchmark, latency, speed, improvement, accuracy, achieve, tuning, bottleneck, better, high, optimize, effectiveness, low, enhances, reducing, incresaed, quality, faster, or degrades",0.15734265734265734,0.7258064516129032,0.25862068965517243,62.0
"environmental, organizational, coordination, systemic, logistics, coordination, or automation",0.0,0.0,0.0,21.0
"graphical, gui, ui, widget, interaction, habit, prefer, comfortable, friendly, feeling, experience, familiar, desire, customize, intent, disability, or impression",0.0,0.0,0.0,38.0
"liability, litigation, jurisdiction, regulation, copyright, legislation, enforcement, governmental, directive,civil, right, patentability, claim, violate, infringement, counsel, holder, dispute, illegal, judicial, ruling, agreement, ownership, comply, authority, law, accountability, abuse, intellectual, obligation, invention, court, ethical, concern, or policy",0.0,0.0,0.0,13.0
"tolerance, failure, tolerant, byzantine, deadlock, exploiting, reliability, isolation, fault, guarantee, dependable, countermeasure, resilience, defensive, corruption, weakness, malfunction, robustness, or stability",0.0,0.0,0.0,21.0
"adaptability, effectiveness, agility, preventive, dependability, correcting, reuse, defect, mitigation, validated, resilience, achievable, remedy, assessing, or maintaining",0.19444444444444445,0.12962962962962962,0.15555555555555556,54.0
"flexibility, workload, efficiency, optimize, caching, improvement, robust, overhead, adaptability, scalable, or increased",0.0,0.0,0.0,10.0
"reliability, dependability, resilience, flexibility, accountability, ensur, disruption, timely, or standby",0.0,0.0,0.0,66.0
accuracy,0.14363143631436315,0.14363143631436315,0.14363143631436315,0.14363143631436315
macro avg,0.03820901320901321,0.09142596106542976,0.0454176245210728,369.0
weighted avg,0.05628833677614165,0.14363143631436315,0.06806092888515092,369.0
