,precision,recall,f1-score,support
"instructive, easy, helpful, useful, learnable, explainable, affordable, intuitive, or understandable",0.1,0.07894736842105263,0.08823529411764706,38.0
"security, authorization, or protection",0.017543859649122806,0.09523809523809523,0.02962962962962963,21.0
periodic execution or efficacy performance,0.24299065420560748,0.3880597014925373,0.29885057471264365,67.0
"working, running, connecting, interfacing, or operative environment",0.0,0.0,0.0,13.0
"appearance, interface, look & feel",0.0,0.0,0.0,17.0
"legal, law, or rules",0.0,0.0,0.0,54.0
system recovery & fault tolerance,0.0,0.0,0.0,21.0
"maintaining, fixing, running or updating",0.0,0.0,0.0,66.0
"scalable, increasable or developable",0.0,0.0,0.0,10.0
avaliable or timely achievableavaliable or timely achievable,0.18269230769230768,0.3064516129032258,0.22891566265060243,62.0
accuracy,0.13550135501355012,0.13550135501355012,0.13550135501355012,0.13550135501355012
macro avg,0.054322682154703796,0.08686967780549111,0.06456311611105228,369.0
weighted avg,0.08611305680577333,0.13550135501355012,0.1034984362839493,369.0
