,precision,recall,f1-score,support
"accessibility, aesthetic, contextual, experience, satisfaction, HCI, UX, questionnaire, ease, ergonomics, designer, evaluate, multimodal, practitioner, prototyping, preference, personalization, suitability, focus, clarity, responsiveness, judgement, feel, or helpful",1.0,0.014925373134328358,0.029411764705882353,67.0
"vulnerability, security, protection, cybersecurity, assurance, countermeasure, threat, privacy, authentication, prevention, confidentiality, trusted, intrusion, compromise, safety, insecure, defensive, breach, proactive, tampering, penetration, policy, phishing, vulnerable, authorization, dependability, or certification",0.05333333333333334,0.47058823529411764,0.09580838323353294,17.0
"throughput, reliability, scalability, responsiveness, efficiency, workload, benchmark, latency, speed, improvement, accuracy, achieve, tuning, bottleneck, better, high, optimize, effectiveness, low, enhances, reducing, incresaed, quality, faster, or degrades",0.16216216216216217,0.1935483870967742,0.1764705882352941,62.0
"environmental, organizational, coordination, systemic, logistics, coordination, or automation",0.022727272727272728,0.047619047619047616,0.030769230769230767,21.0
"graphical, gui, ui, widget, interaction, habit, prefer, comfortable, friendly, feeling, experience, familiar, desire, customize, intent, disability, or impression",0.0,0.0,0.0,38.0
"liability, litigation, jurisdiction, regulation, copyright, legislation, enforcement, governmental, directive,civil, right, patentability, claim, violate, infringement, counsel, holder, dispute, illegal, judicial, ruling, agreement, ownership, comply, authority, law, accountability, abuse, intellectual, obligation, invention, court, ethical, concern, or policy",0.0,0.0,0.0,13.0
"tolerance, failure, tolerant, byzantine, deadlock, exploiting, reliability, isolation, fault, guarantee, dependable, countermeasure, resilience, defensive, corruption, weakness, malfunction, robustness, or stability",0.11956521739130435,0.5238095238095238,0.19469026548672566,21.0
"adaptability, effectiveness, agility, preventive, dependability, correcting, reuse, defect, mitigation, validated, resilience, achievable, remedy, assessing, or maintaining",1.0,0.018518518518518517,0.03636363636363636,54.0
"flexibility, workload, efficiency, optimize, caching, improvement, robust, overhead, adaptability, scalable, or increased",1.0,0.2,0.33333333333333337,10.0
"reliability, dependability, resilience, flexibility, accountability, ensur, disruption, timely, or standby",1.0,0.015151515151515152,0.02985074626865672,66.0
accuracy,0.1002710027100271,0.1002710027100271,0.1002710027100271,0.1002710027100271
macro avg,0.4357787985614072,0.14841606006238253,0.09266979483962923,369.0
weighted avg,0.5716771355371567,0.1002710027100271,0.07193028615969795,369.0
