,precision,recall,f1-score,support
"accessibility, aesthetic, contextual, experience, satisfaction, HCI, UX, questionnaire, ease, or ergonomics",0.0,0.0,0.0,67.0
"vulnerability, securing. protecting, protection, cybersecurity, assurance, cyber, countermeasure, threat, privacy, authentication, prevention, or confidentiality",0.0,0.0,0.0,17.0
"throughput, reliability, scalability, responsiveness, efficiency, workload, benchmark, latency, speed, improvement, or accuracy",0.15508021390374332,0.46774193548387094,0.23293172690763053,62.0
"environmental, organizational, coordination, systemic, or logistics",0.125,0.047619047619047616,0.06896551724137931,21.0
"graphical, gui, ui, widget, interaction, habit, prefer, comfortable, friendly, feeling, experience, or familiar",0.18604651162790697,0.21052631578947367,0.19753086419753085,38.0
"liability, litigation, jurisdiction, regulation, copyright, legislation, enforcement, governmental, directive,civil, right, patentability, claim, violate, infringement, or counsel",0.0,0.0,0.0,13.0
"tolerance, failure, tolerant, byzantine, deadlock, exploiting, reliability, isolation, fault, guarantee, or dependable",0.06896551724137931,0.19047619047619047,0.10126582278481011,21.0
"adaptability, effectiveness, agility, preventive, or dependability",0.0,0.0,0.0,54.0
"flexibility, workload, efficiency, or optimize",0.0,0.0,0.0,10.0
"reliability, dependability, resilience",0.16,0.06060606060606061,0.0879120879120879,66.0
accuracy,0.12466124661246612,0.12466124661246612,0.12466124661246612,0.12466124661246612
macro avg,0.06950922427730297,0.09769695499746434,0.06886060190434387,369.0
weighted avg,0.08487267362049193,0.12466124661246612,0.084891587670805,369.0
