Requirement text,Gold label,Predicated label,ZSL score
The system shall refresh the display every 60 seconds.,Performance,Operational,0.28588372468948364
The application shall match the color of the schema set forth by Department of Homeland Security,Look-feel,Maintainability,0.36886635422706604
 If projected  the data must be readable.  On a 10x10 projection screen  90% of viewers must be able to read Event / Activity data from a viewing distance of 30,Usability,Performance,0.3086065351963043
 The product shall be available during normal business hours. As long as the user has access to the client PC  the system will be available 99% of the time during the first six months of operation.,Availability,Operational,0.3046838641166687
 If projected  the data must be understandable. On a 10x10 projection screen  90% of viewers must be able to determine that Events or Activities are occuring in current time from a viewing distance of 100,Usability,Usability,0.34944167733192444
The product shall ensure that it can only be accessed by authorized users.  The product will be able to distinguish between authorized and unauthorized users in all access attempts,Security,Security,0.3803858757019043
The product shall be intuitive and self-explanatory.  :  90% of new users shall be able to start the display of Events or Activities within 90 minutes of using the product.,Usability,Usability,0.4210816025733948
The product shall respond fast to keep up-to-date data in the display.,Performance,Maintainability,0.46337243914604187
The look and feel of the system shall conform to the user interface standards of the smart device.,Look-feel,Maintainability,0.4448685646057129
 The user interface shall have standard menus  buttons for navigation,Look-feel,Scalability,0.3297700881958008
The system shall have a professional appearance,Look-feel,Maintainability,0.67867511510849
The product shall have a consistent color scheme and fonts.,Look-feel,Maintainability,0.5042717456817627
The system shall be used by realtors with no training.,Usability,Security,0.19492030143737793
The system shall be intuitive and self explanatory.,Usability,Maintainability,0.54314124584198
The product shall be easy for a realtor to learn.,Usability,Maintainability,0.43020787835121155
The product shall use symbols and words that are naturally understandable by the realtor community.,Usability,Maintainability,0.4027882516384125
The product shall produce search results in an acceptable time,Performance,Availability,0.5002367496490479
The search results shall be returned no later 30      seconds  after the user has entered the search criteria,Performance,Performance,0.18956385552883148
The product shall generate a CMA report in an acceptable time.,Performance,Maintainability,0.41640758514404297
The CMA report shall be returned no later 60 seconds after the user has entered the CMA report criteria.,Performance,Performance,0.2954578995704651
The product shall synchronize contacts and appointments in an acceptable time.,Performance,Availability,0.3582971692085266
The product shall synchronize with the office system every hour.,Performance,Operational,0.34809282422065735
 The product shall be available for use 24 hours per day  365 days  per year,Availability,Operational,0.4248380661010742
 Out of 1000 accesses to the system  the system is available 999 times.,Availability,Scalability,0.3725205361843109
The product shall operate in offline mode whenever internet connection is unavailable.,Fault & tolerance,Security,0.27734050154685974
 The product shall allow the user to view previously downloaded search results  CMA reports  and appointments.,Fault & tolerance,Performance,0.283047616481781
The product shall retain user preferences in the event of a failure.,Fault & tolerance,Maintainability,0.5762304663658142
100% of saved user preferences shall be restored when system comes back online.,Fault & tolerance,Usability,0.3283694386482239
The product shall be able to support multiple remote users,Scalability,Availability,0.4212302565574646
The product shall be able support 1000 simultaneous users.,Scalability,Scalability,0.4421592950820923
The product shall be capable of handling the existing 1000 users. This number is expected to grow 5 times within the next year.,Scalability,Scalability,0.1887786090373993
The product shall be installed by an untrained realtor   without recourse to separately-printed instructions.,Usability,Security,0.18559753894805908
90% of untrained realtors shall be able to install the product on their device without printed instructions,Usability,Security,0.13058358430862427
Only registered realtors shall be able to access the system.,Security,Security,0.23520666360855103
Every user of the system shall be authenticated and authorized.,Security,Maintainability,0.5009022355079651
The product shall prevent its data from incorrect data being introduced.,Security,Maintainability,0.5323857069015503
The system shall be easy to use by the Program Administrators/Nursing Staff Members.,Usability,Maintainability,0.5059207677841187
All of the users shall be able to use the system after one day of training.,Usability,Operational,0.3236887753009796
The system shall help the user avoid making mistakes while scheduling classes and clinicals for the nursing students.,Usability,Maintainability,0.22927559912204742
The number of mistakes noted by the students shall be decreased by 50% in the first year.,Usability,Fault & tolerance,0.20314013957977295
The system shall be intuitive to the Program Administrators/Nursing Staff Members.,Usability,Maintainability,0.44114744663238525
2 out of 3 Program Administrators/Nursing Staff Members shall successfully be able to use the system to manage the scheduling of classes and clinicals.,Usability,Operational,0.23009690642356873
The system shall use symbols and words that are naturally understandable by the user community.,Usability,Maintainability,0.42078161239624023
The verbiage used within the system shall be consistent with Standard English and the terminology of the national Nursing Community.,Usability,Maintainability,0.41442158818244934
Staff members shall be able to complete a set of tasks in a timely manner.,Performance,Maintainability,0.6352203488349915
The response time of general student management tasks shall take no longer than 5 seconds and the response time of schedule generation shall take no longer than 30 seconds.,Performance,Performance,0.183246910572052
The system shall be available for use between the hours of 8am and 6pm.,Availability,Performance,0.2832176983356476
The system shall achieve 95% up time.,Availability,Operational,0.39231541752815247
system shall be able to handle all of the user requests/usage during business hours.,Scalability,Operational,0.3937980532646179
The system shall cater to 10 simultaneous users from 9am to 5pm.,Scalability,Performance,0.1973668336868286
The system shall be capable of processing 100% of nursing students and their classes for the next 10 years.,Scalability,Scalability,0.22141307592391968
The system shall be expected to manage the nursing program curriculum and class/clinical scheduling for a minimum of 5 years.,Scalability,Performance,0.13766372203826904
The system shall able to operate within a business office environment typical of the Nursing Department at DePaul University.,Operational,Operational,0.32361772656440735
The system shall be used within the specifications defined by the computers used by the Program Administrators/Nursing Staff Members.,Operational,Operational,0.32005980610847473
The system shall operate within the Windows XP Professional operating system.,Operational,Operational,0.46750009059906006
The system shall interface with CampusConnect’s central server,Operational,Security,0.37522009015083313
The system shall interface with the faculty central server.,Operational,Security,0.3098703920841217
The system shall interface with the student master server.,Operational,Security,0.2703375220298767
We must be able to interface with any HTML browser.,Operational,Availability,0.30764883756637573
Only authorized users shall have access to clinical site information.,Security,Fault & tolerance,0.20595115423202515
Program Administrators/Nursing Staff Members are the only people who shall have access to clinical site details.,Security,Maintainability,0.24290478229522705
Only authorized users shall have access to students’ personal information.,Security,Security,0.23447184264659882
Dr Susan Poslusny and Dr Julie Donalek are the only people who shall have access to students’ personal information.,Security,Security,0.22410938143730164
Only authorized users shall have access to the portion of the system that interfaces with CampusConnect.,Security,Security,0.30231425166130066
Fit Criterion: Dr Susan Poslusny and Karen Sysol are the only people who shall have access to the final class section scheduling for the system that interfaces with CampusConnect.,Security,Fault & tolerance,0.2949223220348358
The system shall have basic data integrity checking to reduce the possibility of incorrect or invalid data being introduced.,Security,Maintainability,0.5453894734382629
The system shall protect private information in accordance with the organization’s information policy.,Security,Security,0.4801979660987854
The system shall be built such that it is as secure as possible from malicious interference.,Security,Maintainability,0.560580849647522
The system shall use the organization’s standard virus protection software to help monitor threats to itself.,Security,Security,0.37120744585990906
The Disputes application shall comply with the corporate standards for user interface creation for internally and externally used applications.,Look-feel,Maintainability,0.47324517369270325
All screens created as part of the Disputes application must comply with corporate standards for interface creation.,Look-feel,Maintainability,0.33718255162239075
The list of dispute cases that are displayed after a search is performed must be color coded for easy identification of dispute cases based upon the dispute case status.,Usability,Look-feel,0.2236403524875641
100% of the cardmember and merchant services representatives shall use the Disputes application regularly after a 2-day training course.,Usability,Operational,0.1501775085926056
100% of cardmember services representatives shall be able to successfully create a dispute case on the first encounter after completing the training course.,Usability,Operational,0.2870139181613922
100% of merchant services representatives shall be able to successfully perform a follow up action on a dispute case on the first encounter after completing the training course.,Usability,Maintainability,0.2300560176372528
The maximum wait time for a user navigating from one screen to another within the Disputes application shall be no more than 5 seconds.,Performance,Fault & tolerance,0.15174376964569092
The Disputes application shall support 350 concurrent users without any degradation of performance in the application.,Performance,Fault & tolerance,0.32522088289260864
 The Disputes application shall be available 24x7x365  with the exception of the following scheduled maintenance windows.  Monday – Saturday 3:00am to 4:00am EST Sunday 1:00amd to 5:00am EST,Operational,Fault & tolerance,0.302115797996521
The Disputes application shall interface with the Statement Database. The Statement Database provides the transaction details to the Disputes System. All transaction details must be obtained from the Statement Database,Operational,Maintainability,0.3133823275566101
The Disputes application shall interface with the Cardmember Information Database.  The Cardmember Information Database provides detailed information with regard to a cardmember.  All cardmember detail information must be obtained from the Cardmember Information Database.,Operational,Legal,0.30920130014419556
The Disputes applications shall interface with the Merchant Information Database.  The Merchant Information Database provides detailed information with regard to the merchant. All merchant detail information shall be obtained from the Merchant Information Database.,Operational,Legal,0.21647749841213226
The Disputes application shall interface with the Letters application.  This will allow the Disputes application to request letters as part of the dispute initiation and dispute follow up process. All letter requests must be sent to the Print Letter Utility application.,Operational,Fault & tolerance,0.26626208424568176
The Disputes application shall interface with the Cardmember Posting and Billing System.  This will allow the Disputes application to request adjustments to cardmember and merchant’s accounts. All adjustment requests must be sent to the Cardmember Posting and Billing System.,Operational,Fault & tolerance,0.24254141747951508
The Disputes application shall ensure that only users with the appropriate access level are allowed to initiate dispute requests.,Security,Fault & tolerance,0.41418689489364624
Only users with Update access must be able to initiate dispute requests.,Security,Fault & tolerance,0.3224509656429291
The Disputes application shall ensure that only authorized users are allowed to logon to the application.,Security,Fault & tolerance,0.371246337890625
 All authorized users  once authenticated must be able to logon to the Disputes System,Security,Fault & tolerance,0.31502383947372437
The Disputes System shall generate a User Report that details any new users that have been added and any changes to an existing user’s access level.  The report will be reviewed for auditing purposes.,Security,Performance,0.3135601878166199
All additions of new users and modifications to user’s access shall be recorded on the User Report.,Security,Performance,0.31450074911117554
 If a user account is revoked  it can only be re-instantiated by the System Administrator.,Security,Fault & tolerance,0.3036684989929199
Only the System Administrator shall be able to reset a revoked user logon account,Security,Fault & tolerance,0.29834112524986267
The Disputes application shall manipulate and view business data. Users will not have direct access to data files or databases.,Security,Security,0.22789855301380157
All updates to data files or database must be initiated from the Disputes System.,Security,Fault & tolerance,0.2680453360080719
The Disputes application must conform to the legal requirements as specified by the Merchant Operating Regulations.,Legal,Legal,0.4478358030319214
All business rules specified in the Disputes System shall be in compliance with the Merchant Operating Regulations.,Legal,Maintainability,0.33682432770729065
The Disputes application must conform to the legal requirements as specified by Regulation E and Regulation Z that govern credit card disputes processing.,Legal,Legal,0.4812793731689453
All business rules specified in the Disputes System shall be in compliance to the guidelines of Regulation E and Regulation Z.,Legal,Maintainability,0.36066848039627075
The Disputes application must maintain a detailed history of every action that a user takes on a dispute case.  This ensures a complete audit trail if questions arise later on with regard to a particular dispute case.,Legal,Maintainability,0.45581763982772827
All actions that modify an existing dispute case must be recorded in the case history.,Legal,Legal,0.36736270785331726
The product must support Internet Explorer 5.5 and above.,Operational,Usability,0.20259025692939758
The product must support Mozilla Firefox 1.0 and above.,Operational,Scalability,0.2384127676486969
The product shall interface with the Choice Parts System.  This provides the feed of recycled parts data.,Operational,Maintainability,0.2692009210586548
The product shall run on the existing hardware for all environments.,Operational,Operational,0.4188145399093628
The product shall adhere to the corporate Architecture guidelines,Operational,Maintainability,0.5136342644691467
The product shall comply with corporate User Interface Guidelines,Look-feel,Maintainability,0.5038723945617676
The product shall comply with corporate color scheme,Look-feel,Maintainability,0.4883146584033966
The appearance of the product shall appear professional,Look-feel,Maintainability,0.680152177810669
The product shall be easy to use by Adjusters and Collision Estimators.  95% of Adjusters and Collision Estimators shall find the product easy to use.,Usability,Usability,0.5100377202033997
The product shall increase productivity of Collision Estimators. 80% of the Collision Estimators shall agree their productivity has increase within 1 month of using the product.,Usability,Scalability,0.2318677008152008
Users shall feel satisfied using the product.  85% of all users will be satisfied with the product.,Usability,Usability,0.3502778708934784
The product shall be easy to learn by Adjusters and Collision Estimators.  The product shall be learned with two days onsite training,Usability,Usability,0.33247819542884827
The user shall easily locate instructions while using the product.  User help can be found within 90% of the system.,Usability,Operational,0.38180777430534363
The search for recycled parts shall take no longer than 15 seconds.  The search results shall be returned in under 15 seconds.,Performance,Legal,0.1761527955532074
The search for the preferred repair facility shall take no longer than 8 seconds.  The preferred repair facility is returned within 8 seconds,Performance,Fault & tolerance,0.3319603204727173
The recycled parts audit report shall be returned to the user within 10 seconds.  The audit report shall be returned within 10 seconds.,Performance,Maintainability,0.23953785002231598
The preferred repair facility ratings shall be saved within 5 seconds. The save shall occur within 5 seconds.,Performance,Fault & tolerance,0.2574703097343445
The product shall adhere to the corporate online availability schedule.  The application is brought down only within 98% of the scheduled outages per the availability schedule.,Availability,Maintainability,0.3230529725551605
The product shall achieve a 98% uptime. The product shall not fail more than 2% of the available online time.,Availability,Scalability,0.34596073627471924
The product shall be able to handle up to 1500 simultaneous users. The system shall perform with 1500 users as a time.,Scalability,Scalability,0.3635709881782532
 The average number of recycled parts records per day shall be 50 000.,Scalability,Fault & tolerance,0.14606168866157532
 The product shall be able to handle 10 000 concurrent users within 2 years of the initial launch.,Scalability,Operational,0.1950615793466568
 For estimators  the product shall be able to be operated in a repair facility during dirty and noisy conditions.,Operational,Maintainability,0.4476265609264374
The product shall interface with the ChoiceParts system once per day at approximately 1:00 AM.,Operational,Operational,0.28029510378837585
The maintenance of the product will fall within the established corporate maintenance windows.,Operational,Maintainability,0.47278696298599243
The product shall be supported using the corporate support center.,Operational,Maintainability,0.45258429646492004
Product installations and upgrades shall be handled by the middleware technology team within established launch time frames.,Operational,Operational,0.33457332849502563
Only adjusters can request recycled parts audit reports. No users without an adjuster role shall request recycled parts audits.,Security,Fault & tolerance,0.30132922530174255
Only adjusters with a supervisor role can update preferred repair facility ratings. Users without the supervisor role cannot access the repair facility ratings.,Security,Fault & tolerance,0.3315521478652954
Only collision estimators shall search for recycled parts.  Users without the collision estimator role shall not have access to the search for recycled parts.,Security,Fault & tolerance,0.22214849293231964
Only valid data shall be entered into the system.  No invalid data shall be entered into the system.,Security,Maintainability,0.33344635367393494
One insurance company shall not be able to view another insurance companys claim data.,Security,Security,0.24701309204101562
The product shall free of computer viruses.,Security,Usability,0.36900317668914795
The system shall prevent malicious attacks including denial of service.,Security,Security,0.4562796652317047
The product must comply with Sarbanes-Oxley.,Legal,Maintainability,0.5065120458602905
The product shall comply with the estimatics laws relating to recycled parts usage.,Legal,Maintainability,0.4758961796760559
The product shall comply with insurance regulations regarding claims processing.,Legal,Maintainability,0.4127400517463684
 The product must work with most database management systems (DBMS) on the market  whether the DBMS is colocated with the product on the same machine or is located on a different machine on the computer network.,Operational,Scalability,0.2520730793476105
The product will function alongside server software on any operating system where the Java runtime can be installed.,Operational,Maintainability,0.27854976058006287
The product will require collaboration with a database management system (DBMS).  The DBMS may be located on the same machine as the product or on a separate machine residing on the same computer network.,Operational,Scalability,0.2512715458869934
 The product must make use of web/application server technology.  Open source examples include Apache web server  Tomcat  and the JBoss application server.,Operational,Maintainability,0.3088945150375366
 A database management system such as Oracle  DB2  MySql or HSQL will need to be integrated with the product.,Operational,Scalability,0.29665321111679077
 The product’s Look and Feel shall be able to incorporate aspects of the customer’s organization such as logo  branding  and identity,Look-feel,Maintainability,0.3893958032131195
The product shall have a conservative and professional appearance.,Look-feel,Maintainability,0.5796205401420593
The product shall make the users want to use it. 80% of the users surveyed report they are regularly using the product after the first 2 weeks post-launch.,Usability,Operational,0.18861961364746094
The product shall be easy to use. 90% of users will be able to successfully reserve a conference room within 5 minutes of product use.,Usability,Usability,0.307599812746048
The product shall give users feedback when necessary. 80% of the users surveyed report that the product accurately confirms their actions.,Usability,Maintainability,0.39974796772003174
The product shall allow the user to select a chosen language from one of the target market countries.,Usability,Look-feel,0.2605088949203491
The product shall allow for customization of start page and views preferences.,Usability,Look-feel,0.3696015179157257
 An employee will be able to successfully use the product within a few minutes.  After informally navigating the product for less than 15 minutes  users shall be able to successfully setup meetings and reserve conference rooms.,Usability,Availability,0.22870193421840668
The product shall use a standard navigation menu familiar to most web users.,Usability,Availability,0.33326587080955505
The product shall allow for intuitive searching of available conference rooms.,Usability,Scalability,0.41813796758651733
The product shall conform to the Americans with Disabilities Act.,Usability,Maintainability,0.42727646231651306
The response shall be fast enough to avoid interrupting the user’s flow of thought.  90% of tasks shall complete within 5 seconds.  98% of tasks shall complete within 8 seconds.,Performance,Usability,0.3349737226963043
 Aside from server failure  the software product shall achieve 99.99% up time.,Availability,Usability,0.3406705856323242
The product shall create an exception log of problems encountered within the product for transmission to our company for analysis and resolution.,Fault & tolerance,Fault & tolerance,0.3680737018585205
 The product shall be capable of handling up to 1 000 concurrent requests.  This number will increase to 2 000 by Release 2.  The concurrency capacity must be able to handle peak scheduling times such as early morning and late afternoon hours.,Scalability,Scalability,0.40463724732398987
 The product shall be able to process 10 000 transactions per hour within two years of its launch.  This number will increase to 20 000 by Release 2.,Scalability,Scalability,0.11329465359449387
The product shall be expected to operate for at least 5 years for each customer installation.,Scalability,Operational,0.20841167867183685
The product shall be used in office environments.,Operational,Operational,0.418362021446228
The product must be able to interface with any HTML browser.  The product shall transmit data between the user and the product without problems. The product shall display HTML properly in 80% of all HTML browsers tested (minimum is to test 8 browsers).,Operational,Usability,0.2892519235610962
The product must be able to interface with various database management systems. The product shall communicate successfully with the database management system on 100% of all transactions.,Operational,Scalability,0.40789473056793213
The product must be able to interface with various email servers. The product shall be able to send email.,Operational,Security,0.26808688044548035
The product shall be available for distribution via the Internet as a binary or ZIP file.,Operational,Availability,0.28772425651550293
The product shall be available for distribution as a packaged CD.,Operational,Availability,0.2992999851703644
 The product will be available for licensing as a one-server  two-five servers  or five-or-more servers license.,Operational,Performance,0.24237264692783356
A new user must be able to be added to the system within 10 minutes.  90% of new users are able to log into the system within 10 minutes.,Usability,Scalability,0.22080308198928833
The product must be designed using Design Patterns and coding best practices.  90% of maintenance software developers are able to integrate new functionality into the product with 2 working days.,Maintainability,Operational,0.24618053436279297
The product must be highly configurable for use with various database management systems for the end users.  80% of end users are able to integrate new database management systems with the product without changing the product’s software code.,Maintainability,Scalability,0.3433610498905182
Maintenance releases will be offered to customers once a year.  The releases shall take no longer than 5 minutes for 80% of the customer base to install.,Maintainability,Maintainability,0.1255415678024292
Every registered user will have access to the product’s support site via the Internet.  70% of registered users shall find a solution to their problem within 5 minutes of using the support site.,Usability,Fault & tolerance,0.1302977055311203
The customer shall be able to easily integrate new building maps with the product throughout the product’s lifecycle.  Integration of new maps with the product shall be possible with little to no support from product support staff.,Maintainability,Security,0.23502308130264282
 The product shall be translated into foreign languages other than the target market countries’ languages in future releases.  For each emerging target market  it shall take no more than 5 days to configure the product for that market’s language.,Usability,Legal,0.13518020510673523
 The product is expected to integrate with multiple database management systems.  The product will operate with Oracle  SQL Server  DB2  MySQL  HSQL  and MS Access.,Operational,Scalability,0.29122185707092285
The product shall be able to be installed in any operating environment within 2 days.,Operational,Operational,0.3633726239204407
The product shall ensure that only company employees or external users with company-approved user IDs may have product access.  100% of all logons shall be by either company employees or external users with company-approved user IDs.,Security,Fault & tolerance,0.24727417528629303
Only managers are able to perform search queries for reservations by user.  100% of all search queries for reservations by user shall be from logons of only management logons.,Security,Fault & tolerance,0.16421721875667572
The product shall ensure that the database’s data corresponds to the data entered by the user.  Each conference room reservation in the system will contain the same information as was entered by the user.,Security,Security,0.3075762391090393
The product shall prevent the input of malicious data.  The product and/or adjacent hardware/software systems’ data shall remain 100% uncorrupted each time malicious data is input into the product.,Security,Maintainability,0.41184407472610474
The product and/or dependent databases/filesystems shall remain operational as a result of the input of malicious data.  The product and/or dependent databases/filesystems shall not crash 100% of the time that malicious data is input into the product.,Fault & tolerance,Maintainability,0.487591415643692
The product shall have the ability to receive automatic software updates as new threats emerge.  100% of customers will be able to receive automatic software updates transmitted to the installed product.,Security,Usability,0.34469345211982727
The language of the product shall accommodate all of the target market countries. 90% of survey respondents from each target market country will find that the language of the product is acceptable.,Scalability,Usability,0.291799932718277
The product shall be able to display calendar dates and times according to the user’s locale.  90% of survey respondents from each target market country will find that the date and time formatting of the product is correct.,Usability,Usability,0.29684513807296753
The product must be developed with the J2SE/J2EE programming language libraries,Operational,Maintainability,0.216650128364563
Recreation of Inventory Quantity Adjustment for the period of previous 30 days shall take no more than 30min.,Performance,Operational,0.2180548459291458
The System shall allow for a minimum of  6 users to work at the same time.,Performance,Maintainability,0.3778529465198517
The System shall utilize currently owned computer equipment.,Operational,Operational,0.4581943154335022
The System shall be able to automatically backup business data and restore them on demand.,Operational,Maintainability,0.33019280433654785
The System shall maintain consistent security.  Any changes in user passwords and/or permissions should take affect in all parts of the System.,Security,Security,0.5467653274536133
The System shall granularly control access rights to all major subsystems.  It should be possible to assign access rights to all subsystems independently.,Security,Scalability,0.38522517681121826
The System shall meet all applicable accounting standards.  The final version of the System must successfully pass independent audit performed by a certified auditor.,Legal,Maintainability,0.4525526165962219
The System shall not require additional third party licenses resulting in royalty fees.,Operational,Scalability,0.314403235912323
Administrator shall be able to activate a pre-paid card via the Administration section in under 5 seconds.,Performance,Security,0.19500866532325745
 Customer shall be able to check the status of their prepaid card  by entering in the PIN number  in under 5 seconds.,Performance,Security,0.14609728753566742
System shall let customers register on the website as a “pay as you go” user in under 5 minutes.,Performance,Look-feel,0.17224232852458954
System shall let customers register on the website as a “unlimited movie subscriber” user in under 10 minutes.,Performance,Availability,0.18386267125606537
System shall let existing customers log into the website with their email address and password in under 5 seconds.,Performance,Security,0.11659862101078033
 System shall let customers cancel their account  process shall take no longer than 2 minutes.  Database will mark the account as inactive  and user will not be able to log into the website.,Performance,Fault & tolerance,0.17187710106372833
System shall let administrator de-activate a customer account in under 1 minute. Customer will no longer be able to access the website.,Performance,Security,0.15653839707374573
System shall let administrator add/remove movies on the website in under 5 minutes.  Entered movie information will be stored in the database and will now be available on the website.,Performance,Fault & tolerance,0.190646231174469
System shall let the administrator add/remove categories on the website in under 5 minutes.,Performance,Fault & tolerance,0.2534402906894684
System shall let Izogn Manager access sales and usage statistics in under 2 minutes.,Performance,Look-feel,0.15048544108867645
System shall let administrators generate unique pre-paid pins in under 2 minutes and generate an Excel file with the generated PINs.,Performance,Fault & tolerance,0.15773893892765045
The website shall be attractive to all audiences.  The website shall appear to be fun and the colors should be bright and vibrant.,Look-feel,Usability,0.37604767084121704
 The website should have an African feel  but should not alienate non-Africans.  The website should use animation on pages which are describing the services  to grab the users attention and encourage them to sign up.,Look-feel,Look-feel,0.22705022990703583
 The website design should be modern  clean  and concise.,Look-feel,Maintainability,0.4437757134437561
The product should be able to be used by 90% of novice users on the Internet.,Usability,Security,0.1721169799566269
 Users should only have to navigate through a maximum of 4 pages  to create an account with the website.,Usability,Scalability,0.15069939196109772
Users should be able to access their streaming movies in under 2 clicks after logging into the website.,Usability,Look-feel,0.15176747739315033
An anonymous survey will show that 70% of customers are comfortable purchasing streaming movies after 2 weeks using the website.,Usability,Performance,0.04155650734901428
An anonymous survey will show that 95% of customers are comfortable using and purchasing pre-paid cards after a month of using the system.,Usability,Fault & tolerance,0.08970709145069122
The product shall retain the customer’s buying preferences and information.,Usability,Maintainability,0.44543856382369995
The product shall be easy for customers with novice skills on the  Internet to purchase and watch streaming movies.  Customers should be able to purchase and watch a pre-determined movie in under 3 minutes.,Usability,Availability,0.23562677204608917
The product shall use symbols and words that are naturally understandable by users familiar with websites,Usability,Maintainability,0.36017000675201416
The website will use standard Internet conventions when interacting with the user.,Usability,Security,0.386861652135849
 Any interface between a user and the automated system shall have a maximum response time of 5 seconds  unless noted by an exception below.,Performance,Fault & tolerance,0.32345160841941833
 When purchasing a streaming movie or pre-paid card via credit card  the processing time should have a maximum response time of 15 seconds.,Performance,Legal,0.12102717906236649
 When streaming a movie  the buffering time should take no longer than 10 seconds (plus any latency on the user’s connection.),Performance,Fault & tolerance,0.16004684567451477
 While streaming a movie  buffering should only occur if there is latency in the user’s connection.,Performance,Fault & tolerance,0.26017796993255615
 All credit card information will be secured on the server  and only accessible by authorized Izogn administrators.  Information will be encrypted in the database.,Security,Security,0.30425551533699036
 The website shall be available for use 24 hours per day  365 days per year.,Availability,Operational,0.3552716374397278
The website shall achieve 99.5% up time.,Availability,Scalability,0.20847579836845398
 All movies shall be streamed on demand  at any time of the day.,Availability,Operational,0.26483985781669617
The website shall continue to operate if the streaming server goes down.,Fault & tolerance,Maintainability,0.35282111167907715
The website shall continue to operate if the payment gateway goes down.,Fault & tolerance,Maintainability,0.3923681080341339
The streaming server will support 50 simultaneous streaming connections.,Scalability,Availability,0.23339800536632538
The streaming server will support a maximum of 700 movies; new servers can be added to support more movies.,Scalability,Scalability,0.22979627549648285
 The server will support a maximum of 1 000 simultaneous users.,Scalability,Scalability,0.36477556824684143
 The website shall be capable of supporting 100 000 customers.,Scalability,Scalability,0.3113035559654236
The product shall be expected to operate within the maximum maintenance budget for a minimum of 2 years.,Maintainability,Maintainability,0.3349764049053192
All aspects of the website shall be accessed by a web browser over the Internet.,Operational,Availability,0.2015293538570404
The same hardware supporting the current website will be used to support the new system.,Operational,Usability,0.38045117259025574
 We must be able to interface with the following browsers: IE 5.X  6.0  Netscape 6.x  7.x  8.x and Firefox 1.0.,Operational,Maintainability,0.2139188051223755
Website must interface with the CyberSource API to process credit card transactions.,Operational,Security,0.27318453788757324
Website must be fully operational with MSN TV2.,Operational,Operational,0.420402854681015
Movies shall be encoded and streamed via Windows Media Player 9.0.,Operational,Look-feel,0.1690046191215515
Movies shall be encoded for 56k and 256k streams.,Operational,Scalability,0.16522789001464844
Promotional updates to the website should take a day to update.,Maintainability,Operational,0.22082914412021637
Izogn Administrator must be able to update the category listings on the website within 2 minutes.,Performance,Operational,0.1611863523721695
Izogn Administrator must be able to add new products to the website within 2 minutes.,Performance,Security,0.10046980530023575
The system will provide a 24 hour 800 toll free number for support to its customers.,Availability,Availability,0.28242361545562744
The website will provide a help section with answers and solutions to common problems.,Usability,Fault & tolerance,0.3103165030479431
 Velkat staff will be available for phone support between 7am-7pm  M-F to provide technical support to the Izogn administrators.,Availability,Operational,0.25767382979393005
The product shall be able to be installed in the specified environment within 1 working day.,Operational,Operational,0.40627169609069824
Only registered customers can purchase streaming movies.,Security,Availability,0.09070025384426117
 A customer can only stream a movie if they purchased it  and are within the 2 day viewing period.,Security,Availability,0.05276930332183838
Only authorized personnel can access customer records in the database.,Security,Security,0.26870787143707275
Only administrators can activate a pre-paid card.,Security,Security,0.231654554605484
Only authorized personnel can access sales information.,Security,Availability,0.1921062171459198
The website shall prevent its data from being corrupted when incorrect data is entered in.,Security,Security,0.3658173680305481
 The website shall protect itself from intentional abuse  and notify the administrator at all occurrences.,Security,Security,0.4699857831001282
Data integrity scripts will be run on a weekly basis to verify the integrity of the database.,Security,Maintainability,0.38724198937416077
 The website shall make its user aware of its information practices before collection data from them via a Privacy Policy  accessible on all pages of the website.,Security,Security,0.41162794828414917
The system shall notify customers of changes to its information policy.,Security,Security,0.3250075578689575
The system shall reveal private information only in compliance with the organization’s information policy.,Security,Security,0.35065799951553345
 All customer information will be stored on a secure database  accessible only to authorized personnel.,Security,Security,0.3998667597770691
All credit card information will be encrypted in the database.,Security,Security,0.22596342861652374
The streaming server will have anti-virus software to prevent infection of malicious viruses.,Security,Security,0.34661412239074707
The website should cater to all tribes in Nigeria.,Look-feel,Fault & tolerance,0.19374044239521027
The website shall not be offensive to religious or ethnic groups.,Look-feel,Maintainability,0.4123282730579376
 The website should appeal to all Africans  not only Nigerians.,Look-feel,Usability,0.2874687612056732
The website should use Flash to provide animation on the home page.,Operational,Look-feel,0.13127267360687256
IzognMovies shall meet the licensing requirements set forth by the appropriate organizations in order to stream African movies.,Legal,Maintainability,0.22797618806362152
The website will comply with W3C standards.,Legal,Maintainability,0.5830740928649902
The PHP code will comply with PEAR standards.,Legal,Maintainability,0.4637491703033447
Total lead cycle time must be completed in 5 minutes for 90% of lead volume between the business hours of 8AM CST to 8PM CST; then 3 minutes for 99% of lead volume during off business hours.,Performance,Fault & tolerance,0.07010399550199509
No lead evaluation will complete in a time period longer than 25 seconds for 97% of all leads processed.,Performance,Fault & tolerance,0.1137193888425827
For leads that process longer than 25 seconds the system will record the event and duration,Performance,Performance,0.37260711193084717
The process must fit within the processing time conditions set forth by the Auto Rep Assignment process in which a lead is assigned within 3 minutes of the total life cycle.,Performance,Maintainability,0.29689958691596985
The lead washing process will operate within the established physical web service structure.,Operational,Scalability,0.281605988740921
 The washing process must use a non binding  neutral data format  such as xml  when receiving and processing lead data.,Operational,Maintainability,0.2174137830734253
Defect reports will be available to technical units on a 24x7 basis.,Availability,Maintainability,0.3332509994506836
Washing parameters will be updated during scheduled maintenance hours.,Maintainability,Maintainability,0.37776124477386475
The product shall simulate the look of ships at sea.,Look-feel,Security,0.2748594582080841
The product shall display the grids within a circle as a view from a periscope.,Look-feel,Look-feel,0.33238863945007324
The product shall display each type of ship in a grid using an image of the specific type of ship.,Look-feel,Operational,0.21463537216186523
 When the offensive player takes a shot  the product shall simulate the sound of a ship at sea.,Look-feel,Look-feel,0.27757638692855835
 When a shot is marked as a miss  the product shall simulate the sound of a shot missing its target.,Look-feel,Fault & tolerance,0.4572272002696991
 When a shot is marked as a hit  the product shall simulate the sound of a shot hitting its target.,Look-feel,Look-feel,0.39100539684295654
 When a ship is sunk  the product shall simulate the sound of a sinking ship.,Look-feel,Fault & tolerance,0.2974998652935028
 The product shall be available 24 hours per day  seven days per week.,Availability,Operational,0.3674129247665405
The product shall able to handle a large number of games simultaneously.,Performance,Scalability,0.4149407148361206
The response time shall be fast enough to maintain the flow of the game.  The response time shall be no more than 2 seconds for 95% of responses and no more than 4% for the remaining responses.,Performance,Maintainability,0.3226766586303711
The product shall protect the identity of the players. The product shall provide players no access to information that might reveal the identity of another player.,Performance,Security,0.38937056064605713
The product shall be intuitive and self-explanatory.  Nine out ten users shall be able to successfully complete a game with no training.,Usability,Usability,0.3428283631801605
 The product shall be available to players who understand English  Spanish and French.  The product shall allow the user to select the language upon accessing the product.,Usability,Look-feel,0.21647420525550842
The product shall provide players no access to information that might reveal the identity of another player,Security,Security,0.2315540462732315
The response time shall be fast enough to maintain the flow of the game. The response time shall be no more than 2 seconds for 95% of responses and no more than 4% for the remaining responses.,Performance,Maintainability,0.3226766586303711
The system shall be easy to use by callers and supervisors. Callers and supervisors must be able to accomplish any system task within 2 minutes.,Usability,Usability,0.373230904340744
The system shall be easy to learn by callers and supervisors. Callers and supervisors shall learn how to use the system within 10 minutes.,Usability,Usability,0.2743859589099884
 The system shall be responsive. At the DePaul TeleServices Center  when a supervisor uses the system to view a callers schedule  the system response time must be no more than 2 seconds 90% of the time and no more than 5 seconds the rest of the time.,Performance,Operational,0.23598912358283997
 On a 56k connection  the system response time for all operations must be no more than 6 seconds 90% of the time.,Performance,Scalability,0.19644950330257416
 On a 112k connection or faster  the system response time for all operations must be no more than 3 seconds 90% of the time.,Performance,Scalability,0.2886204421520233
The system shall have high availability every day of the year.The system must be available for use between 12:00AM and 6:00PM all days of the year.,Availability,Operational,0.3658631145954132
The system must be available for use between 7:00AM and 11:59PM all days of the year.,Availability,Operational,0.31508928537368774
The product shall be internet browser independent.The product must run using Internet Explorer and Netscape Navigator.,Maintainability,Maintainability,0.21053656935691833
The product shall ensure that only supervisors can advertise empty time slots.The product must ensure that supervisors are allowed to access advertise empty time slots.,Security,Fault & tolerance,0.3508205711841583
The product shall ensure that only supervisors can enter a caller’s schedule.The product must ensure that supervisors are allowed to access advertise empty time slots.,Security,Fault & tolerance,0.27293068170547485
The product shall ensure that only supervisors can view schedule of all callers.The product must ensure that supervisors are allowed to access advertise empty time slots.,Security,Fault & tolerance,0.29501864314079285
 The interface shall have a simple look. In the interface and usability survey  90% of beta testers must report that the interface is adequately simple.,Look-feel,Maintainability,0.42860087752342224
 The interface shall be appealing to callers and supervisors. In the interface and usability survey  80% of beta testers must report that the interface is appealing.,Look-feel,Usability,0.3350728750228882
The product shall provide GUI based Monitoring Services.System Administrators shall monitor message exchanges will predict and determine problems and will also provide internal and external support.,Look-feel,Maintainability,0.3700585961341858
The product shall comply with City of Chicago Application Development Guide Framework.Application Development Framework will provide structured Graphical User Interface.,Look-feel,Maintainability,0.3065306842327118
The product shall provide Monitoring Services.The product shall be easy for System Administrators and DBAs to use after two weeks of usage.,Usability,Maintainability,0.4037708342075348
The product shall provide Error Tracking Services.The product shall help the System Administrators and DBAs to resolve transaction errors 99% of the time.,Usability,Fault & tolerance,0.29824694991111755
The product shall provide Portals.The product shall help System Administrators to analyze the transactions with ad-hoc reporting and KPIs (Key Performance Indicators),Usability,Security,0.3121647536754608
The product shall provide Asynchronous Messaging.The product shall provide asynchronous messaging to enable parallel processing and reduce the overhead in communications,Performance,Scalability,0.2741367220878601
The product shall provide Multi-threading and Load Balancing.The product shall provide multi-threading technology as well as load balancing to overcome data load spikes and traffic.,Performance,Scalability,0.4276217520236969
The product shall process messages within 2 seconds.The product shall have a maximum message processing time of 2 seconds,Performance,Operational,0.20537006855010986
The product shall poll the system for messages every second.The product shall poll the system for new messages at a maximum of every 1 second.,Performance,Operational,0.13193489611148834
The product shall provide Dynamic Change Support and Transparent resource addition.The product shall support Transparent Resource addition and Dynamic Change support to provide scalability and avoid service interruptions of more than 1 day.,Performance,Scalability,0.49289625883102417
The product shall be available 99% of the time. Rationale: To avoid service interruption during busiest customer service response periods. The product shall be available 99.99% of the time for regular business days.,Availability,Scalability,0.3588469326496124
The product shall be robust.The product shall have fault avoidance based on standards adoption.,Fault & tolerance,Maintainability,0.5284036993980408
The product shall be robust with fault tolerance.The product shall have fault tolerance by using recovery technique compensatory transaction and routing around failures.,Fault & tolerance,Fault & tolerance,0.5964809656143188
The product shall be able to process all transactions.The product shall process minimum of 1 million transactions per year.,Scalability,Scalability,0.3751989006996155
The product shall be platform independent.The product shall enable access to any type of development environment and platform.,Operational,Maintainability,0.4412941336631775
The product shall interface CSR and Datastream.The product shall exchange messages between CSR and EAM on a real time basis without any direct interfaces between two systems.,Operational,Security,0.24460293352603912
 : The product shall continue to operate during upgrade  change or new resource addition.The product shall be able to continue to operate with no interruption in service due to new resource additions.,Maintainability,Maintainability,0.5600196123123169
The product shall be updated on a regular basis.The product will have a new major feature introduced every six months and quarterly maintenance releases every six months.,Maintainability,Maintainability,0.3775833547115326
The product shall operate with every platform.The product shall accommodate any new technology without any change in its architecture.,Maintainability,Usability,0.39853912591934204
 The product shall have security.The product shall provide authentication  and authorization.,Security,Security,0.6392738223075867
The product shall information Security. The product shall enable privacy by encryption WS-Security and Integrity Checking.,Security,Security,0.5948672890663147
The product shall have audit capabilities.The product shall store messages for a minimum of one year for audit and transaction tracking purposes.,Security,Maintainability,0.36851516366004944
The system shall use IBM and CCR branding standards. The interface must have one IBM logo and one CCR logo.,Look-feel,Maintainability,0.23020794987678528
The system shall be displayable on any work computer a CCR user may have. The system interface shall be formatted to display at 800 by 600 pixel resolution.,Look-feel,Scalability,0.2746225893497467
The system interface will use CCR nomenclature. The system must use the same nomenclature used in the existing WCS system and reports,Look-feel,Maintainability,0.31873977184295654
The interface must summarize the data in a fashion that’s appealing to CCR management. Every report type must have at least one high level summary shown in the results dashboard/interface,Look-feel,Maintainability,0.3975234031677246
The system must use a point and click interface. 100% of all selection and navigation functionality must be able to be activated/selected by either a mouse or a keyboard,Usability,Scalability,0.3251785933971405
The interface shall be easy to use. 90% of users should be able to successfully use the system to generate a report on their first use. The interface should adhere to IBM usability standards.,Usability,Usability,0.38327842950820923
Rreports must be easy to generate. eports must be generated within one button click and exported within one button click (after selecting the report),Usability,Usability,0.4443836510181427
A user shall be able to use the system without instruction after a short amount of time. After one use a user should understand and remember 90% of the system usage and navigation.,Usability,Fault & tolerance,0.34226080775260925
All CCR users shall receive training before the WCS system is deployed. One training session will be held for 100% of CCR users before system deployment (based on a CCR user being available),Usability,Operational,0.24173323810100555
The WCS system shall use appropriate nomenclature and terminology as defined by the Corporate Community Grants organization. All interfaces and reports will undergo usability tests by CCR users.,Usability,Maintainability,0.3288295269012451
The WCS system shall be available at all times as long as IBM’s internal intranet W3 is accessible. The WCS system will be available 95% of the time IBM’s internal intranet W3 is available.,Availability,Availability,0.379893958568573
The WCS system shall have the ability to connect other designated WCS databases currently not included in the system.,Scalability,Availability,0.34505921602249146
The WCS system shall have the ability to include data for regions outside the United States and be accessed by users outside of the United States if approved by CCR management.,Scalability,Security,0.3183683753013611
The WCS system shall be run in a Windows environment. The WCS shall be accessed by users through the Internet on an IBM computer running a Windows 2000 or above operating system.,Operational,Operational,0.18371690809726715
The Brio portion of the WCS system must be able to export files in spreadsheet form (Microsoft Excel and Lotus 1-2-3 formats).  Brio will provide buttons in the user interface that produce/export reports in .xls or .123 file formats.,Operational,Scalability,0.2416706681251526
The WCS system must run queries to the WCS databases once again (on a specified day) to update the available data available to CCR users. Queries must be made to external databases for data refresh once a week.,Maintainability,Maintainability,0.18282023072242737
 All changes  updates  and additions to the WCS system shall be updated in the WCS Developer and WCS User Guides. Every change must be reflected in WCS system documentation,Maintainability,Maintainability,0.33803442120552063
The system shall only be accessed by authorized Corporate Community Grants (CCR) employees. Users must be authenticated using their IBM intranet user name and password.,Security,Security,0.22268912196159363
The WCS system shall not allow automatic logins by any user. Cookies containing WCS login information about a user will not be stored on a user’s computer.,Security,Security,0.1500387340784073
Each team owner will need to use a username and password in order to be authenticated to reach the team owner’s page,Security,Security,0.23644806444644928
The Commissioner will be the only authorized user per league to adjust league settings.,Security,Fault & tolerance,0.262510746717453
Each page shall contain a navigation menu which shows the index into which the current page is contained.,Look-feel,Availability,0.2665574848651886
Each page shall contain a similar format with action items in one location and navigation buttons in a different location.,Look-feel,Scalability,0.3836560845375061
The message board shall contain the 5 most recently posted messages on the league page. The messages will contain up to the first 150 characters of the message.,Look-feel,Look-feel,0.08918891847133636
	A new user shall be able to navigate through the league and team pages within 30 seconds of reaching the start-up page.,Usability,Operational,0.1411007046699524
 	Users shall be able to reach the ‘add’  ‘drop’  and ‘trade player’ pages with one click from the team owner’s page.,Usability,Look-feel,0.30764564871788025
	Users shall be able to view at least 25 NFL player statistics and points on each page.,Usability,Usability,0.1550884246826172
The application shall ask the user to confirm dropping a player or trading a player before performing the action.,Usability,Fault & tolerance,0.3075392544269562
The application shall be able to complete every user transaction within one fourth of a second of receiving the request over the network.,Performance,Operational,0.29868486523628235
The application shall have a downtime of at most 10 minutes per year.,Availability,Fault & tolerance,0.2955840528011322
The application shall run on a web application server.,Operational,Security,0.19620323181152344
A primary database will be used to store cached data for active users.,Operational,Operational,0.31947487592697144
A secondary database will be used to store historical statistics and data.,Operational,Performance,0.23513425886631012
Application updates shall occur between 3AM and 6 AM CST on Wednesday morning during the middle of the NFL season.,Maintainability,Operational,0.16190625727176666
New System version releases shall be released at the beginning of each NFL season.,Maintainability,Operational,0.1634701043367386
 	The RFS system should be available 24/7  especially during the budgeting period. The RFS system shall be available 90% of the time all year  and 98% during the budgeting period. 2% of the time  the system will become available within 1 hour of the time that the situation is reported.,Availability,Operational,0.3191589117050171
98% of the user workstations shall meet the minimum hardware requirements prior to implementation. Minimum Hard Disk Space:  400MB.,Operational,Scalability,0.2670096755027771
98% of the user workstations shall meet the minimum software requirements prior to implementation: Microsoft Internet Explorer 5.0. Microsoft .NET Framework 1.1. Microsoft Internet Explorer Web Controls,Operational,Operational,0.22410458326339722
 	The RFS system should be able to easily interface with the BDW environment  in order to load the data. •	7 data files shall be received from the BDW and loaded into the RFS system within 3 hours one day prior to the start of budgeting process  every year. The data will be as of October month-end. 	Test files (7) shall be loaded up to 5 times throughout the year  from the BDW.,Operational,Operational,0.21595628559589386
 	Changes to revenue and expense formulae must be applied to the RFS system  every year  prior to the budgeting process start. Revenue and expense formulae will be updated within one week of their receipt  after which 2 weeks will be allotted to testing of the budget calculations  to be conducted jointly by the project development team and PCG Finance.,Maintainability,Operational,0.15758585929870605
 	New branches/complexes/districts/regions and revenue/expense accounts added to the BDW  must be reflected in the RFS system. 100% of the entities (mentioned above) available as of October month-end  will be loaded into the RFS system  prior to the budget start process.,Maintainability,Operational,0.2797347605228424
 	Only authorized user shall access the RFS system. ONLY users that exist in the UAS system  with the RFS system assigned to their role(s)  shall access the RFS system and use it.,Security,Operational,0.2945578098297119
	User access should be limited to the permissions granted to their role(s) Each level in the PCG hierarchy will be assigned a role and users will be assigned to these roles. Access to functionality within RFS system is dependent on the privileges/permission assigned to the role..,Security,Fault & tolerance,0.2609417736530304
 	The product must comply with the intranet page standards and requirements of ENET Securities. 95% of the product look & feel will be approved by the Architecture group  prior to implementation. The remaining 5% will be corrected and approved within one month of product release.,Look-feel,Maintainability,0.2551879286766052
 The intranet pages should display appropriately in all resolutions  from 800x600 and higher. The display of all the pages will be correct in 95% of the resolutions  prior to implementation. The remaining 5% will be corrected within a week of notification of the incorrect display.,Look-feel,Fault & tolerance,0.3189147114753723
 	The users should be able to easily use the system to successfully complete their budgets  within the stipulated time for completion. With a week of training prior to product implementation  98% of the users shall complete their budgets within the stipulated time.,Usability,Usability,0.32145950198173523
 	The product interface should be fast. The response time of the product interface should not exceed 2 seconds 90% of the time. For 10% of the time  the response time should not be more than 10 seconds.not be more than 10 seconds.,Performance,Usability,0.30487197637557983
