,precision,recall,f1-score,support
"instructive, easy, helpful, useful, learnable, explainable, affordable, intuitive, or understandable",0.35384615384615387,0.6052631578947368,0.44660194174757284,38.0
"security, authorization, or protection",0.0,0.0,0.0,21.0
periodic execution or efficacy performance,0.6363636363636364,0.31343283582089554,0.42000000000000004,67.0
"working, running, connecting, interfacing, or operative environment",0.6666666666666666,0.3076923076923077,0.42105263157894735,13.0
"appearance, interface, look & feel",0.21818181818181817,0.7058823529411765,0.33333333333333337,17.0
"legal, law, or rules",0.30434782608695654,0.25925925925925924,0.27999999999999997,54.0
system recovery & fault tolerance,0.2,0.14285714285714285,0.16666666666666666,21.0
"maintaining, fixing, running or updating",0.7575757575757576,0.3787878787878788,0.5050505050505051,66.0
"scalable, increasable or developable",0.07142857142857142,0.5,0.125,10.0
avaliable or timely achievableavaliable or timely achievable,0.4444444444444444,0.3225806451612903,0.3738317757009346,62.0
accuracy,0.34417344173441733,0.34417344173441733,0.34417344173441733,0.34417344173441733
macro avg,0.3652854874594005,0.3535755580414688,0.307153685407796,369.0
weighted avg,0.45355799169867744,0.34417344173441733,0.3594366614915773,369.0
