Requirement text,Gold label,Predicated label,ZSL score
The system shall refresh the display every 60 seconds.,Performance,Availability,0.23866844177246094
The application shall match the color of the schema set forth by Department of Homeland Security,Look-feel,Security,0.2700067460536957
 If projected  the data must be readable.  On a 10x10 projection screen  90% of viewers must be able to read Event / Activity data from a viewing distance of 30,Usability,Performance,0.17772874236106873
 The product shall be available during normal business hours. As long as the user has access to the client PC  the system will be available 99% of the time during the first six months of operation.,Availability,Availability,0.3320430517196655
 If projected  the data must be understandable. On a 10x10 projection screen  90% of viewers must be able to determine that Events or Activities are occuring in current time from a viewing distance of 100,Usability,Performance,0.21424251794815063
The product shall ensure that it can only be accessed by authorized users.  The product will be able to distinguish between authorized and unauthorized users in all access attempts,Security,Security,0.36498188972473145
The product shall be intuitive and self-explanatory.  :  90% of new users shall be able to start the display of Events or Activities within 90 minutes of using the product.,Usability,Availability,0.25153911113739014
The product shall respond fast to keep up-to-date data in the display.,Performance,Performance,0.3355900049209595
The look and feel of the system shall conform to the user interface standards of the smart device.,Look-feel,Usability,0.26940929889678955
 The user interface shall have standard menus  buttons for navigation,Look-feel,Usability,0.16829733550548553
The system shall have a professional appearance,Look-feel,Scalability,0.27570053935050964
The product shall have a consistent color scheme and fonts.,Look-feel,Maintainability,0.28965818881988525
The system shall be used by realtors with no training.,Usability,Legal,0.1607624888420105
The system shall be intuitive and self explanatory.,Usability,Usability,0.26483047008514404
The product shall be easy for a realtor to learn.,Usability,Scalability,0.22858601808547974
The product shall use symbols and words that are naturally understandable by the realtor community.,Usability,Maintainability,0.17195534706115723
The product shall produce search results in an acceptable time,Performance,Availability,0.30378514528274536
The search results shall be returned no later 30      seconds  after the user has entered the search criteria,Performance,Availability,0.09949234873056412
The product shall generate a CMA report in an acceptable time.,Performance,Availability,0.16973650455474854
The CMA report shall be returned no later 60 seconds after the user has entered the CMA report criteria.,Performance,Fault & tolerance,0.08840113133192062
The product shall synchronize contacts and appointments in an acceptable time.,Performance,Availability,0.26211029291152954
The product shall synchronize with the office system every hour.,Performance,Availability,0.2852749824523926
 The product shall be available for use 24 hours per day  365 days  per year,Availability,Availability,0.3357197344303131
 Out of 1000 accesses to the system  the system is available 999 times.,Availability,Security,0.2652844786643982
The product shall operate in offline mode whenever internet connection is unavailable.,Fault & tolerance,Availability,0.3538026809692383
 The product shall allow the user to view previously downloaded search results  CMA reports  and appointments.,Fault & tolerance,Availability,0.0844203308224678
The product shall retain user preferences in the event of a failure.,Fault & tolerance,Maintainability,0.33771970868110657
100% of saved user preferences shall be restored when system comes back online.,Fault & tolerance,Maintainability,0.18587800860404968
The product shall be able to support multiple remote users,Scalability,Scalability,0.2749467194080353
The product shall be able support 1000 simultaneous users.,Scalability,Scalability,0.362674742937088
The product shall be capable of handling the existing 1000 users. This number is expected to grow 5 times within the next year.,Scalability,Scalability,0.2930062413215637
The product shall be installed by an untrained realtor   without recourse to separately-printed instructions.,Usability,Operational,0.20315134525299072
90% of untrained realtors shall be able to install the product on their device without printed instructions,Usability,Operational,0.2008906751871109
Only registered realtors shall be able to access the system.,Security,Legal,0.19023074209690094
Every user of the system shall be authenticated and authorized.,Security,Security,0.3650611937046051
The product shall prevent its data from incorrect data being introduced.,Security,Fault & tolerance,0.2593124806880951
The system shall be easy to use by the Program Administrators/Nursing Staff Members.,Usability,Usability,0.2005273997783661
All of the users shall be able to use the system after one day of training.,Usability,Availability,0.23301155865192413
The system shall help the user avoid making mistakes while scheduling classes and clinicals for the nursing students.,Usability,Fault & tolerance,0.23426862061023712
The number of mistakes noted by the students shall be decreased by 50% in the first year.,Usability,Fault & tolerance,0.23382678627967834
The system shall be intuitive to the Program Administrators/Nursing Staff Members.,Usability,Usability,0.20082628726959229
2 out of 3 Program Administrators/Nursing Staff Members shall successfully be able to use the system to manage the scheduling of classes and clinicals.,Usability,Availability,0.18966500461101532
The system shall use symbols and words that are naturally understandable by the user community.,Usability,Maintainability,0.24182432889938354
The verbiage used within the system shall be consistent with Standard English and the terminology of the national Nursing Community.,Usability,Maintainability,0.21994346380233765
Staff members shall be able to complete a set of tasks in a timely manner.,Performance,Operational,0.24021953344345093
The response time of general student management tasks shall take no longer than 5 seconds and the response time of schedule generation shall take no longer than 30 seconds.,Performance,Performance,0.227762371301651
The system shall be available for use between the hours of 8am and 6pm.,Availability,Availability,0.25186145305633545
The system shall achieve 95% up time.,Availability,Availability,0.26935142278671265
system shall be able to handle all of the user requests/usage during business hours.,Scalability,Availability,0.27192991971969604
The system shall cater to 10 simultaneous users from 9am to 5pm.,Scalability,Availability,0.18004533648490906
The system shall be capable of processing 100% of nursing students and their classes for the next 10 years.,Scalability,Scalability,0.1413809061050415
The system shall be expected to manage the nursing program curriculum and class/clinical scheduling for a minimum of 5 years.,Scalability,Scalability,0.08715996891260147
The system shall able to operate within a business office environment typical of the Nursing Department at DePaul University.,Operational,Operational,0.18501363694667816
The system shall be used within the specifications defined by the computers used by the Program Administrators/Nursing Staff Members.,Operational,Scalability,0.18927013874053955
The system shall operate within the Windows XP Professional operating system.,Operational,Scalability,0.13916948437690735
The system shall interface with CampusConnect’s central server,Operational,Scalability,0.23543214797973633
The system shall interface with the faculty central server.,Operational,Scalability,0.28469282388687134
The system shall interface with the student master server.,Operational,Scalability,0.23418748378753662
We must be able to interface with any HTML browser.,Operational,Usability,0.26253071427345276
Only authorized users shall have access to clinical site information.,Security,Security,0.20485901832580566
Program Administrators/Nursing Staff Members are the only people who shall have access to clinical site details.,Security,Security,0.14506983757019043
Only authorized users shall have access to students’ personal information.,Security,Security,0.3197232782840729
Dr Susan Poslusny and Dr Julie Donalek are the only people who shall have access to students’ personal information.,Security,Security,0.1667182445526123
Only authorized users shall have access to the portion of the system that interfaces with CampusConnect.,Security,Security,0.27279186248779297
Fit Criterion: Dr Susan Poslusny and Karen Sysol are the only people who shall have access to the final class section scheduling for the system that interfaces with CampusConnect.,Security,Availability,0.2809981405735016
The system shall have basic data integrity checking to reduce the possibility of incorrect or invalid data being introduced.,Security,Fault & tolerance,0.34944289922714233
The system shall protect private information in accordance with the organization’s information policy.,Security,Security,0.3528491258621216
The system shall be built such that it is as secure as possible from malicious interference.,Security,Security,0.44811344146728516
The system shall use the organization’s standard virus protection software to help monitor threats to itself.,Security,Security,0.32536131143569946
The Disputes application shall comply with the corporate standards for user interface creation for internally and externally used applications.,Look-feel,Fault & tolerance,0.25566840171813965
All screens created as part of the Disputes application must comply with corporate standards for interface creation.,Look-feel,Fault & tolerance,0.19157150387763977
The list of dispute cases that are displayed after a search is performed must be color coded for easy identification of dispute cases based upon the dispute case status.,Usability,Fault & tolerance,0.15386827290058136
100% of the cardmember and merchant services representatives shall use the Disputes application regularly after a 2-day training course.,Usability,Availability,0.1606004238128662
100% of cardmember services representatives shall be able to successfully create a dispute case on the first encounter after completing the training course.,Usability,Availability,0.15577243268489838
100% of merchant services representatives shall be able to successfully perform a follow up action on a dispute case on the first encounter after completing the training course.,Usability,Availability,0.2161337286233902
The maximum wait time for a user navigating from one screen to another within the Disputes application shall be no more than 5 seconds.,Performance,Fault & tolerance,0.1971803456544876
The Disputes application shall support 350 concurrent users without any degradation of performance in the application.,Performance,Scalability,0.3083573579788208
 The Disputes application shall be available 24x7x365  with the exception of the following scheduled maintenance windows.  Monday – Saturday 3:00am to 4:00am EST Sunday 1:00amd to 5:00am EST,Operational,Fault & tolerance,0.31708940863609314
The Disputes application shall interface with the Statement Database. The Statement Database provides the transaction details to the Disputes System. All transaction details must be obtained from the Statement Database,Operational,Fault & tolerance,0.22382792830467224
The Disputes application shall interface with the Cardmember Information Database.  The Cardmember Information Database provides detailed information with regard to a cardmember.  All cardmember detail information must be obtained from the Cardmember Information Database.,Operational,Fault & tolerance,0.19047865271568298
The Disputes applications shall interface with the Merchant Information Database.  The Merchant Information Database provides detailed information with regard to the merchant. All merchant detail information shall be obtained from the Merchant Information Database.,Operational,Fault & tolerance,0.16187766194343567
The Disputes application shall interface with the Letters application.  This will allow the Disputes application to request letters as part of the dispute initiation and dispute follow up process. All letter requests must be sent to the Print Letter Utility application.,Operational,Fault & tolerance,0.1853892207145691
The Disputes application shall interface with the Cardmember Posting and Billing System.  This will allow the Disputes application to request adjustments to cardmember and merchant’s accounts. All adjustment requests must be sent to the Cardmember Posting and Billing System.,Operational,Fault & tolerance,0.2625187933444977
The Disputes application shall ensure that only users with the appropriate access level are allowed to initiate dispute requests.,Security,Fault & tolerance,0.20612575113773346
Only users with Update access must be able to initiate dispute requests.,Security,Fault & tolerance,0.23548299074172974
The Disputes application shall ensure that only authorized users are allowed to logon to the application.,Security,Security,0.23342958092689514
 All authorized users  once authenticated must be able to logon to the Disputes System,Security,Fault & tolerance,0.2786068320274353
The Disputes System shall generate a User Report that details any new users that have been added and any changes to an existing user’s access level.  The report will be reviewed for auditing purposes.,Security,Security,0.2293873429298401
All additions of new users and modifications to user’s access shall be recorded on the User Report.,Security,Security,0.17189624905586243
 If a user account is revoked  it can only be re-instantiated by the System Administrator.,Security,Security,0.07971084117889404
Only the System Administrator shall be able to reset a revoked user logon account,Security,Security,0.1300625056028366
The Disputes application shall manipulate and view business data. Users will not have direct access to data files or databases.,Security,Fault & tolerance,0.23020587861537933
All updates to data files or database must be initiated from the Disputes System.,Security,Fault & tolerance,0.19987806677818298
The Disputes application must conform to the legal requirements as specified by the Merchant Operating Regulations.,Legal,Fault & tolerance,0.24243652820587158
All business rules specified in the Disputes System shall be in compliance with the Merchant Operating Regulations.,Legal,Fault & tolerance,0.27062684297561646
The Disputes application must conform to the legal requirements as specified by Regulation E and Regulation Z that govern credit card disputes processing.,Legal,Fault & tolerance,0.25314825773239136
All business rules specified in the Disputes System shall be in compliance to the guidelines of Regulation E and Regulation Z.,Legal,Fault & tolerance,0.27576181292533875
The Disputes application must maintain a detailed history of every action that a user takes on a dispute case.  This ensures a complete audit trail if questions arise later on with regard to a particular dispute case.,Legal,Fault & tolerance,0.2520797848701477
All actions that modify an existing dispute case must be recorded in the case history.,Legal,Fault & tolerance,0.16160848736763
The product must support Internet Explorer 5.5 and above.,Operational,Scalability,0.11255665123462677
The product must support Mozilla Firefox 1.0 and above.,Operational,Scalability,0.11267305910587311
The product shall interface with the Choice Parts System.  This provides the feed of recycled parts data.,Operational,Availability,0.18821553885936737
The product shall run on the existing hardware for all environments.,Operational,Scalability,0.23551325500011444
The product shall adhere to the corporate Architecture guidelines,Operational,Maintainability,0.304762601852417
The product shall comply with corporate User Interface Guidelines,Look-feel,Usability,0.3263874053955078
The product shall comply with corporate color scheme,Look-feel,Operational,0.22916279733181
The appearance of the product shall appear professional,Look-feel,Look-feel,0.2913559377193451
The product shall be easy to use by Adjusters and Collision Estimators.  95% of Adjusters and Collision Estimators shall find the product easy to use.,Usability,Fault & tolerance,0.21188730001449585
The product shall increase productivity of Collision Estimators. 80% of the Collision Estimators shall agree their productivity has increase within 1 month of using the product.,Usability,Performance,0.2579263150691986
Users shall feel satisfied using the product.  85% of all users will be satisfied with the product.,Usability,Availability,0.2523629069328308
The product shall be easy to learn by Adjusters and Collision Estimators.  The product shall be learned with two days onsite training,Usability,Scalability,0.234803706407547
The user shall easily locate instructions while using the product.  User help can be found within 90% of the system.,Usability,Usability,0.17278271913528442
The search for recycled parts shall take no longer than 15 seconds.  The search results shall be returned in under 15 seconds.,Performance,Operational,0.14397461712360382
The search for the preferred repair facility shall take no longer than 8 seconds.  The preferred repair facility is returned within 8 seconds,Performance,Availability,0.26579228043556213
The recycled parts audit report shall be returned to the user within 10 seconds.  The audit report shall be returned within 10 seconds.,Performance,Fault & tolerance,0.15096153318881989
The preferred repair facility ratings shall be saved within 5 seconds. The save shall occur within 5 seconds.,Performance,Fault & tolerance,0.2781657874584198
The product shall adhere to the corporate online availability schedule.  The application is brought down only within 98% of the scheduled outages per the availability schedule.,Availability,Availability,0.46113741397857666
The product shall achieve a 98% uptime. The product shall not fail more than 2% of the available online time.,Availability,Availability,0.3920995593070984
The product shall be able to handle up to 1500 simultaneous users. The system shall perform with 1500 users as a time.,Scalability,Scalability,0.296027272939682
 The average number of recycled parts records per day shall be 50 000.,Scalability,Fault & tolerance,0.08971333503723145
 The product shall be able to handle 10 000 concurrent users within 2 years of the initial launch.,Scalability,Scalability,0.2908337712287903
 For estimators  the product shall be able to be operated in a repair facility during dirty and noisy conditions.,Operational,Operational,0.31061530113220215
The product shall interface with the ChoiceParts system once per day at approximately 1:00 AM.,Operational,Availability,0.26335054636001587
The maintenance of the product will fall within the established corporate maintenance windows.,Operational,Maintainability,0.38546788692474365
The product shall be supported using the corporate support center.,Operational,Availability,0.21684889495372772
Product installations and upgrades shall be handled by the middleware technology team within established launch time frames.,Operational,Availability,0.23760345578193665
Only adjusters can request recycled parts audit reports. No users without an adjuster role shall request recycled parts audits.,Security,Fault & tolerance,0.17557795345783234
Only adjusters with a supervisor role can update preferred repair facility ratings. Users without the supervisor role cannot access the repair facility ratings.,Security,Fault & tolerance,0.1681399643421173
Only collision estimators shall search for recycled parts.  Users without the collision estimator role shall not have access to the search for recycled parts.,Security,Fault & tolerance,0.19651758670806885
Only valid data shall be entered into the system.  No invalid data shall be entered into the system.,Security,Security,0.2846473455429077
One insurance company shall not be able to view another insurance companys claim data.,Security,Security,0.19206571578979492
The product shall free of computer viruses.,Security,Security,0.33306947350502014
The system shall prevent malicious attacks including denial of service.,Security,Security,0.3988943099975586
The product must comply with Sarbanes-Oxley.,Legal,Operational,0.2417072206735611
The product shall comply with the estimatics laws relating to recycled parts usage.,Legal,Maintainability,0.18035028874874115
The product shall comply with insurance regulations regarding claims processing.,Legal,Fault & tolerance,0.2541484534740448
 The product must work with most database management systems (DBMS) on the market  whether the DBMS is colocated with the product on the same machine or is located on a different machine on the computer network.,Operational,Scalability,0.22570817172527313
The product will function alongside server software on any operating system where the Java runtime can be installed.,Operational,Scalability,0.17185406386852264
The product will require collaboration with a database management system (DBMS).  The DBMS may be located on the same machine as the product or on a separate machine residing on the same computer network.,Operational,Scalability,0.25072458386421204
 The product must make use of web/application server technology.  Open source examples include Apache web server  Tomcat  and the JBoss application server.,Operational,Scalability,0.14961154758930206
 A database management system such as Oracle  DB2  MySql or HSQL will need to be integrated with the product.,Operational,Scalability,0.19196781516075134
 The product’s Look and Feel shall be able to incorporate aspects of the customer’s organization such as logo  branding  and identity,Look-feel,Look-feel,0.21115648746490479
The product shall have a conservative and professional appearance.,Look-feel,Operational,0.2540016770362854
The product shall make the users want to use it. 80% of the users surveyed report they are regularly using the product after the first 2 weeks post-launch.,Usability,Availability,0.2828623354434967
The product shall be easy to use. 90% of users will be able to successfully reserve a conference room within 5 minutes of product use.,Usability,Availability,0.2531389892101288
The product shall give users feedback when necessary. 80% of the users surveyed report that the product accurately confirms their actions.,Usability,Maintainability,0.27228349447250366
The product shall allow the user to select a chosen language from one of the target market countries.,Usability,Availability,0.1440364569425583
The product shall allow for customization of start page and views preferences.,Usability,Usability,0.16048695147037506
 An employee will be able to successfully use the product within a few minutes.  After informally navigating the product for less than 15 minutes  users shall be able to successfully setup meetings and reserve conference rooms.,Usability,Availability,0.2639920711517334
The product shall use a standard navigation menu familiar to most web users.,Usability,Usability,0.171354278922081
The product shall allow for intuitive searching of available conference rooms.,Usability,Availability,0.1519795060157776
The product shall conform to the Americans with Disabilities Act.,Usability,Legal,0.2376329004764557
The response shall be fast enough to avoid interrupting the user’s flow of thought.  90% of tasks shall complete within 5 seconds.  98% of tasks shall complete within 8 seconds.,Performance,Performance,0.2776532471179962
 Aside from server failure  the software product shall achieve 99.99% up time.,Availability,Availability,0.3278239667415619
The product shall create an exception log of problems encountered within the product for transmission to our company for analysis and resolution.,Fault & tolerance,Fault & tolerance,0.336201012134552
 The product shall be capable of handling up to 1 000 concurrent requests.  This number will increase to 2 000 by Release 2.  The concurrency capacity must be able to handle peak scheduling times such as early morning and late afternoon hours.,Scalability,Scalability,0.26731765270233154
 The product shall be able to process 10 000 transactions per hour within two years of its launch.  This number will increase to 20 000 by Release 2.,Scalability,Performance,0.26173773407936096
The product shall be expected to operate for at least 5 years for each customer installation.,Scalability,Availability,0.2149248570203781
The product shall be used in office environments.,Operational,Operational,0.26585692167282104
The product must be able to interface with any HTML browser.  The product shall transmit data between the user and the product without problems. The product shall display HTML properly in 80% of all HTML browsers tested (minimum is to test 8 browsers).,Operational,Scalability,0.2158418893814087
The product must be able to interface with various database management systems. The product shall communicate successfully with the database management system on 100% of all transactions.,Operational,Availability,0.24311263859272003
The product must be able to interface with various email servers. The product shall be able to send email.,Operational,Availability,0.2236841320991516
The product shall be available for distribution via the Internet as a binary or ZIP file.,Operational,Availability,0.24290159344673157
The product shall be available for distribution as a packaged CD.,Operational,Availability,0.23830482363700867
 The product will be available for licensing as a one-server  two-five servers  or five-or-more servers license.,Operational,Availability,0.2444571703672409
A new user must be able to be added to the system within 10 minutes.  90% of new users are able to log into the system within 10 minutes.,Usability,Security,0.15472927689552307
The product must be designed using Design Patterns and coding best practices.  90% of maintenance software developers are able to integrate new functionality into the product with 2 working days.,Maintainability,Maintainability,0.2985321581363678
The product must be highly configurable for use with various database management systems for the end users.  80% of end users are able to integrate new database management systems with the product without changing the product’s software code.,Maintainability,Maintainability,0.1667630821466446
Maintenance releases will be offered to customers once a year.  The releases shall take no longer than 5 minutes for 80% of the customer base to install.,Maintainability,Availability,0.26103952527046204
Every registered user will have access to the product’s support site via the Internet.  70% of registered users shall find a solution to their problem within 5 minutes of using the support site.,Usability,Availability,0.29460304975509644
The customer shall be able to easily integrate new building maps with the product throughout the product’s lifecycle.  Integration of new maps with the product shall be possible with little to no support from product support staff.,Maintainability,Maintainability,0.2312203049659729
 The product shall be translated into foreign languages other than the target market countries’ languages in future releases.  For each emerging target market  it shall take no more than 5 days to configure the product for that market’s language.,Usability,Availability,0.12008903175592422
 The product is expected to integrate with multiple database management systems.  The product will operate with Oracle  SQL Server  DB2  MySQL  HSQL  and MS Access.,Operational,Availability,0.18344604969024658
The product shall be able to be installed in any operating environment within 2 days.,Operational,Availability,0.24258647859096527
The product shall ensure that only company employees or external users with company-approved user IDs may have product access.  100% of all logons shall be by either company employees or external users with company-approved user IDs.,Security,Security,0.2577768862247467
Only managers are able to perform search queries for reservations by user.  100% of all search queries for reservations by user shall be from logons of only management logons.,Security,Availability,0.1876545399427414
The product shall ensure that the database’s data corresponds to the data entered by the user.  Each conference room reservation in the system will contain the same information as was entered by the user.,Security,Availability,0.2607003152370453
The product shall prevent the input of malicious data.  The product and/or adjacent hardware/software systems’ data shall remain 100% uncorrupted each time malicious data is input into the product.,Security,Security,0.32537540793418884
The product and/or dependent databases/filesystems shall remain operational as a result of the input of malicious data.  The product and/or dependent databases/filesystems shall not crash 100% of the time that malicious data is input into the product.,Fault & tolerance,Scalability,0.27058079838752747
The product shall have the ability to receive automatic software updates as new threats emerge.  100% of customers will be able to receive automatic software updates transmitted to the installed product.,Security,Security,0.24375678598880768
The language of the product shall accommodate all of the target market countries. 90% of survey respondents from each target market country will find that the language of the product is acceptable.,Scalability,Availability,0.16436797380447388
The product shall be able to display calendar dates and times according to the user’s locale.  90% of survey respondents from each target market country will find that the date and time formatting of the product is correct.,Usability,Availability,0.16977810859680176
The product must be developed with the J2SE/J2EE programming language libraries,Operational,Availability,0.19175943732261658
Recreation of Inventory Quantity Adjustment for the period of previous 30 days shall take no more than 30min.,Performance,Availability,0.19775204360485077
The System shall allow for a minimum of  6 users to work at the same time.,Performance,Availability,0.22683238983154297
The System shall utilize currently owned computer equipment.,Operational,Security,0.2760487198829651
The System shall be able to automatically backup business data and restore them on demand.,Operational,Availability,0.208915114402771
The System shall maintain consistent security.  Any changes in user passwords and/or permissions should take affect in all parts of the System.,Security,Security,0.40142762660980225
The System shall granularly control access rights to all major subsystems.  It should be possible to assign access rights to all subsystems independently.,Security,Security,0.23676496744155884
The System shall meet all applicable accounting standards.  The final version of the System must successfully pass independent audit performed by a certified auditor.,Legal,Maintainability,0.19427503645420074
The System shall not require additional third party licenses resulting in royalty fees.,Operational,Legal,0.20974095165729523
Administrator shall be able to activate a pre-paid card via the Administration section in under 5 seconds.,Performance,Operational,0.16344225406646729
 Customer shall be able to check the status of their prepaid card  by entering in the PIN number  in under 5 seconds.,Performance,Availability,0.19119587540626526
System shall let customers register on the website as a “pay as you go” user in under 5 minutes.,Performance,Legal,0.2279665768146515
System shall let customers register on the website as a “unlimited movie subscriber” user in under 10 minutes.,Performance,Legal,0.24390283226966858
System shall let existing customers log into the website with their email address and password in under 5 seconds.,Performance,Security,0.23988932371139526
 System shall let customers cancel their account  process shall take no longer than 2 minutes.  Database will mark the account as inactive  and user will not be able to log into the website.,Performance,Fault & tolerance,0.1789720058441162
System shall let administrator de-activate a customer account in under 1 minute. Customer will no longer be able to access the website.,Performance,Operational,0.17896854877471924
System shall let administrator add/remove movies on the website in under 5 minutes.  Entered movie information will be stored in the database and will now be available on the website.,Performance,Security,0.13789357244968414
System shall let the administrator add/remove categories on the website in under 5 minutes.,Performance,Legal,0.13626183569431305
System shall let Izogn Manager access sales and usage statistics in under 2 minutes.,Performance,Performance,0.24777275323867798
System shall let administrators generate unique pre-paid pins in under 2 minutes and generate an Excel file with the generated PINs.,Performance,Legal,0.17922347784042358
The website shall be attractive to all audiences.  The website shall appear to be fun and the colors should be bright and vibrant.,Look-feel,Usability,0.2700965702533722
 The website should have an African feel  but should not alienate non-Africans.  The website should use animation on pages which are describing the services  to grab the users attention and encourage them to sign up.,Look-feel,Security,0.1580742448568344
 The website design should be modern  clean  and concise.,Look-feel,Usability,0.337965726852417
The product should be able to be used by 90% of novice users on the Internet.,Usability,Usability,0.24526220560073853
 Users should only have to navigate through a maximum of 4 pages  to create an account with the website.,Usability,Security,0.062477000057697296
Users should be able to access their streaming movies in under 2 clicks after logging into the website.,Usability,Legal,0.17016437649726868
An anonymous survey will show that 70% of customers are comfortable purchasing streaming movies after 2 weeks using the website.,Usability,Availability,0.26216837763786316
An anonymous survey will show that 95% of customers are comfortable using and purchasing pre-paid cards after a month of using the system.,Usability,Availability,0.21291810274124146
The product shall retain the customer’s buying preferences and information.,Usability,Maintainability,0.3089783489704132
The product shall be easy for customers with novice skills on the  Internet to purchase and watch streaming movies.  Customers should be able to purchase and watch a pre-determined movie in under 3 minutes.,Usability,Availability,0.2032829374074936
The product shall use symbols and words that are naturally understandable by users familiar with websites,Usability,Usability,0.27626392245292664
The website will use standard Internet conventions when interacting with the user.,Usability,Usability,0.2564336061477661
 Any interface between a user and the automated system shall have a maximum response time of 5 seconds  unless noted by an exception below.,Performance,Performance,0.18803688883781433
 When purchasing a streaming movie or pre-paid card via credit card  the processing time should have a maximum response time of 15 seconds.,Performance,Performance,0.19105617702007294
 When streaming a movie  the buffering time should take no longer than 10 seconds (plus any latency on the user’s connection.),Performance,Performance,0.20178039371967316
 While streaming a movie  buffering should only occur if there is latency in the user’s connection.,Performance,Availability,0.19520345330238342
 All credit card information will be secured on the server  and only accessible by authorized Izogn administrators.  Information will be encrypted in the database.,Security,Security,0.32101622223854065
 The website shall be available for use 24 hours per day  365 days per year.,Availability,Availability,0.2548152208328247
The website shall achieve 99.5% up time.,Availability,Performance,0.279507040977478
 All movies shall be streamed on demand  at any time of the day.,Availability,Availability,0.24648085236549377
The website shall continue to operate if the streaming server goes down.,Fault & tolerance,Availability,0.3343410789966583
The website shall continue to operate if the payment gateway goes down.,Fault & tolerance,Availability,0.2831594944000244
The streaming server will support 50 simultaneous streaming connections.,Scalability,Scalability,0.22740653157234192
The streaming server will support a maximum of 700 movies; new servers can be added to support more movies.,Scalability,Scalability,0.2241465002298355
 The server will support a maximum of 1 000 simultaneous users.,Scalability,Scalability,0.317187637090683
 The website shall be capable of supporting 100 000 customers.,Scalability,Scalability,0.22748121619224548
The product shall be expected to operate within the maximum maintenance budget for a minimum of 2 years.,Maintainability,Maintainability,0.28314417600631714
All aspects of the website shall be accessed by a web browser over the Internet.,Operational,Usability,0.19062024354934692
The same hardware supporting the current website will be used to support the new system.,Operational,Scalability,0.21443556249141693
 We must be able to interface with the following browsers: IE 5.X  6.0  Netscape 6.x  7.x  8.x and Firefox 1.0.,Operational,Scalability,0.18543283641338348
Website must interface with the CyberSource API to process credit card transactions.,Operational,Security,0.1696173995733261
Website must be fully operational with MSN TV2.,Operational,Availability,0.2981482744216919
Movies shall be encoded and streamed via Windows Media Player 9.0.,Operational,Legal,0.16197741031646729
Movies shall be encoded for 56k and 256k streams.,Operational,Scalability,0.31480830907821655
Promotional updates to the website should take a day to update.,Maintainability,Performance,0.20600993931293488
Izogn Administrator must be able to update the category listings on the website within 2 minutes.,Performance,Operational,0.1362975537776947
Izogn Administrator must be able to add new products to the website within 2 minutes.,Performance,Legal,0.1747831106185913
The system will provide a 24 hour 800 toll free number for support to its customers.,Availability,Availability,0.1701970398426056
The website will provide a help section with answers and solutions to common problems.,Usability,Fault & tolerance,0.24940110743045807
 Velkat staff will be available for phone support between 7am-7pm  M-F to provide technical support to the Izogn administrators.,Availability,Availability,0.17702390253543854
The product shall be able to be installed in the specified environment within 1 working day.,Operational,Availability,0.27209359407424927
Only registered customers can purchase streaming movies.,Security,Legal,0.24108676612377167
 A customer can only stream a movie if they purchased it  and are within the 2 day viewing period.,Security,Legal,0.2596997916698456
Only authorized personnel can access customer records in the database.,Security,Security,0.20968030393123627
Only administrators can activate a pre-paid card.,Security,Legal,0.19173945486545563
Only authorized personnel can access sales information.,Security,Security,0.21635086834430695
The website shall prevent its data from being corrupted when incorrect data is entered in.,Security,Fault & tolerance,0.26404881477355957
 The website shall protect itself from intentional abuse  and notify the administrator at all occurrences.,Security,Security,0.33434128761291504
Data integrity scripts will be run on a weekly basis to verify the integrity of the database.,Security,Maintainability,0.212097629904747
 The website shall make its user aware of its information practices before collection data from them via a Privacy Policy  accessible on all pages of the website.,Security,Security,0.2507573366165161
The system shall notify customers of changes to its information policy.,Security,Maintainability,0.1858367621898651
The system shall reveal private information only in compliance with the organization’s information policy.,Security,Security,0.26208755373954773
 All customer information will be stored on a secure database  accessible only to authorized personnel.,Security,Security,0.34076640009880066
All credit card information will be encrypted in the database.,Security,Security,0.23625215888023376
The streaming server will have anti-virus software to prevent infection of malicious viruses.,Security,Security,0.26695939898490906
The website should cater to all tribes in Nigeria.,Look-feel,Usability,0.14174896478652954
The website shall not be offensive to religious or ethnic groups.,Look-feel,Legal,0.2075129896402359
 The website should appeal to all Africans  not only Nigerians.,Look-feel,Legal,0.1756523996591568
The website should use Flash to provide animation on the home page.,Operational,Usability,0.18900570273399353
IzognMovies shall meet the licensing requirements set forth by the appropriate organizations in order to stream African movies.,Legal,Legal,0.19914107024669647
The website will comply with W3C standards.,Legal,Maintainability,0.2076592594385147
The PHP code will comply with PEAR standards.,Legal,Security,0.18973273038864136
Total lead cycle time must be completed in 5 minutes for 90% of lead volume between the business hours of 8AM CST to 8PM CST; then 3 minutes for 99% of lead volume during off business hours.,Performance,Availability,0.05412368103861809
No lead evaluation will complete in a time period longer than 25 seconds for 97% of all leads processed.,Performance,Performance,0.17402887344360352
For leads that process longer than 25 seconds the system will record the event and duration,Performance,Performance,0.1678474098443985
The process must fit within the processing time conditions set forth by the Auto Rep Assignment process in which a lead is assigned within 3 minutes of the total life cycle.,Performance,Fault & tolerance,0.16015037894248962
The lead washing process will operate within the established physical web service structure.,Operational,Scalability,0.16269829869270325
 The washing process must use a non binding  neutral data format  such as xml  when receiving and processing lead data.,Operational,Maintainability,0.12809811532497406
Defect reports will be available to technical units on a 24x7 basis.,Availability,Fault & tolerance,0.22260569036006927
Washing parameters will be updated during scheduled maintenance hours.,Maintainability,Maintainability,0.24280421435832977
The product shall simulate the look of ships at sea.,Look-feel,Look-feel,0.23784062266349792
The product shall display the grids within a circle as a view from a periscope.,Look-feel,Availability,0.14631244540214539
The product shall display each type of ship in a grid using an image of the specific type of ship.,Look-feel,Scalability,0.18686717748641968
 When the offensive player takes a shot  the product shall simulate the sound of a ship at sea.,Look-feel,Operational,0.22518189251422882
 When a shot is marked as a miss  the product shall simulate the sound of a shot missing its target.,Look-feel,Look-feel,0.19870314002037048
 When a shot is marked as a hit  the product shall simulate the sound of a shot hitting its target.,Look-feel,Look-feel,0.20181256532669067
 When a ship is sunk  the product shall simulate the sound of a sinking ship.,Look-feel,Availability,0.22590388357639313
 The product shall be available 24 hours per day  seven days per week.,Availability,Availability,0.2813428044319153
The product shall able to handle a large number of games simultaneously.,Performance,Scalability,0.3475748300552368
The response time shall be fast enough to maintain the flow of the game.  The response time shall be no more than 2 seconds for 95% of responses and no more than 4% for the remaining responses.,Performance,Performance,0.2699486315250397
The product shall protect the identity of the players. The product shall provide players no access to information that might reveal the identity of another player.,Performance,Security,0.36705172061920166
The product shall be intuitive and self-explanatory.  Nine out ten users shall be able to successfully complete a game with no training.,Usability,Operational,0.2856491506099701
 The product shall be available to players who understand English  Spanish and French.  The product shall allow the user to select the language upon accessing the product.,Usability,Availability,0.20147648453712463
The product shall provide players no access to information that might reveal the identity of another player,Security,Security,0.3411666452884674
The response time shall be fast enough to maintain the flow of the game. The response time shall be no more than 2 seconds for 95% of responses and no more than 4% for the remaining responses.,Performance,Performance,0.2699486315250397
The system shall be easy to use by callers and supervisors. Callers and supervisors must be able to accomplish any system task within 2 minutes.,Usability,Scalability,0.24844031035900116
The system shall be easy to learn by callers and supervisors. Callers and supervisors shall learn how to use the system within 10 minutes.,Usability,Scalability,0.21008561551570892
 The system shall be responsive. At the DePaul TeleServices Center  when a supervisor uses the system to view a callers schedule  the system response time must be no more than 2 seconds 90% of the time and no more than 5 seconds the rest of the time.,Performance,Availability,0.21625405550003052
 On a 56k connection  the system response time for all operations must be no more than 6 seconds 90% of the time.,Performance,Performance,0.26239675283432007
 On a 112k connection or faster  the system response time for all operations must be no more than 3 seconds 90% of the time.,Performance,Performance,0.27037185430526733
The system shall have high availability every day of the year.The system must be available for use between 12:00AM and 6:00PM all days of the year.,Availability,Availability,0.38233667612075806
The system must be available for use between 7:00AM and 11:59PM all days of the year.,Availability,Availability,0.2679959535598755
The product shall be internet browser independent.The product must run using Internet Explorer and Netscape Navigator.,Maintainability,Availability,0.206644669175148
The product shall ensure that only supervisors can advertise empty time slots.The product must ensure that supervisors are allowed to access advertise empty time slots.,Security,Availability,0.2685420513153076
The product shall ensure that only supervisors can enter a caller’s schedule.The product must ensure that supervisors are allowed to access advertise empty time slots.,Security,Availability,0.2589913606643677
The product shall ensure that only supervisors can view schedule of all callers.The product must ensure that supervisors are allowed to access advertise empty time slots.,Security,Availability,0.24946731328964233
 The interface shall have a simple look. In the interface and usability survey  90% of beta testers must report that the interface is adequately simple.,Look-feel,Usability,0.2588200271129608
 The interface shall be appealing to callers and supervisors. In the interface and usability survey  80% of beta testers must report that the interface is appealing.,Look-feel,Usability,0.2615034282207489
The product shall provide GUI based Monitoring Services.System Administrators shall monitor message exchanges will predict and determine problems and will also provide internal and external support.,Look-feel,Scalability,0.24797222018241882
The product shall comply with City of Chicago Application Development Guide Framework.Application Development Framework will provide structured Graphical User Interface.,Look-feel,Maintainability,0.13889428973197937
The product shall provide Monitoring Services.The product shall be easy for System Administrators and DBAs to use after two weeks of usage.,Usability,Availability,0.27408939599990845
The product shall provide Error Tracking Services.The product shall help the System Administrators and DBAs to resolve transaction errors 99% of the time.,Usability,Fault & tolerance,0.34176647663116455
The product shall provide Portals.The product shall help System Administrators to analyze the transactions with ad-hoc reporting and KPIs (Key Performance Indicators),Usability,Performance,0.2944512963294983
The product shall provide Asynchronous Messaging.The product shall provide asynchronous messaging to enable parallel processing and reduce the overhead in communications,Performance,Availability,0.33004844188690186
The product shall provide Multi-threading and Load Balancing.The product shall provide multi-threading technology as well as load balancing to overcome data load spikes and traffic.,Performance,Scalability,0.3411058783531189
The product shall process messages within 2 seconds.The product shall have a maximum message processing time of 2 seconds,Performance,Availability,0.24293212592601776
The product shall poll the system for messages every second.The product shall poll the system for new messages at a maximum of every 1 second.,Performance,Availability,0.2787497341632843
The product shall provide Dynamic Change Support and Transparent resource addition.The product shall support Transparent Resource addition and Dynamic Change support to provide scalability and avoid service interruptions of more than 1 day.,Performance,Availability,0.35370072722435
The product shall be available 99% of the time. Rationale: To avoid service interruption during busiest customer service response periods. The product shall be available 99.99% of the time for regular business days.,Availability,Availability,0.3549555540084839
The product shall be robust.The product shall have fault avoidance based on standards adoption.,Fault & tolerance,Fault & tolerance,0.46288105845451355
The product shall be robust with fault tolerance.The product shall have fault tolerance by using recovery technique compensatory transaction and routing around failures.,Fault & tolerance,Fault & tolerance,0.5160781145095825
The product shall be able to process all transactions.The product shall process minimum of 1 million transactions per year.,Scalability,Scalability,0.28195756673812866
The product shall be platform independent.The product shall enable access to any type of development environment and platform.,Operational,Availability,0.2731277346611023
The product shall interface CSR and Datastream.The product shall exchange messages between CSR and EAM on a real time basis without any direct interfaces between two systems.,Operational,Availability,0.2464095801115036
 : The product shall continue to operate during upgrade  change or new resource addition.The product shall be able to continue to operate with no interruption in service due to new resource additions.,Maintainability,Availability,0.3461996614933014
The product shall be updated on a regular basis.The product will have a new major feature introduced every six months and quarterly maintenance releases every six months.,Maintainability,Maintainability,0.27026915550231934
The product shall operate with every platform.The product shall accommodate any new technology without any change in its architecture.,Maintainability,Scalability,0.2747335433959961
 The product shall have security.The product shall provide authentication  and authorization.,Security,Security,0.4870609939098358
The product shall information Security. The product shall enable privacy by encryption WS-Security and Integrity Checking.,Security,Security,0.44790852069854736
The product shall have audit capabilities.The product shall store messages for a minimum of one year for audit and transaction tracking purposes.,Security,Maintainability,0.22028745710849762
The system shall use IBM and CCR branding standards. The interface must have one IBM logo and one CCR logo.,Look-feel,Availability,0.14174412190914154
The system shall be displayable on any work computer a CCR user may have. The system interface shall be formatted to display at 800 by 600 pixel resolution.,Look-feel,Performance,0.21393978595733643
The system interface will use CCR nomenclature. The system must use the same nomenclature used in the existing WCS system and reports,Look-feel,Fault & tolerance,0.09691280126571655
The interface must summarize the data in a fashion that’s appealing to CCR management. Every report type must have at least one high level summary shown in the results dashboard/interface,Look-feel,Fault & tolerance,0.07704924046993256
The system must use a point and click interface. 100% of all selection and navigation functionality must be able to be activated/selected by either a mouse or a keyboard,Usability,Operational,0.13629752397537231
The interface shall be easy to use. 90% of users should be able to successfully use the system to generate a report on their first use. The interface should adhere to IBM usability standards.,Usability,Usability,0.28729984164237976
Rreports must be easy to generate. eports must be generated within one button click and exported within one button click (after selecting the report),Usability,Usability,0.004091405775398016
A user shall be able to use the system without instruction after a short amount of time. After one use a user should understand and remember 90% of the system usage and navigation.,Usability,Maintainability,0.23632431030273438
All CCR users shall receive training before the WCS system is deployed. One training session will be held for 100% of CCR users before system deployment (based on a CCR user being available),Usability,Operational,0.1790909469127655
The WCS system shall use appropriate nomenclature and terminology as defined by the Corporate Community Grants organization. All interfaces and reports will undergo usability tests by CCR users.,Usability,Maintainability,0.15511594712734222
The WCS system shall be available at all times as long as IBM’s internal intranet W3 is accessible. The WCS system will be available 95% of the time IBM’s internal intranet W3 is available.,Availability,Availability,0.28421661257743835
The WCS system shall have the ability to connect other designated WCS databases currently not included in the system.,Scalability,Availability,0.1589081883430481
The WCS system shall have the ability to include data for regions outside the United States and be accessed by users outside of the United States if approved by CCR management.,Scalability,Availability,0.1336858868598938
The WCS system shall be run in a Windows environment. The WCS shall be accessed by users through the Internet on an IBM computer running a Windows 2000 or above operating system.,Operational,Scalability,0.12316007167100906
The Brio portion of the WCS system must be able to export files in spreadsheet form (Microsoft Excel and Lotus 1-2-3 formats).  Brio will provide buttons in the user interface that produce/export reports in .xls or .123 file formats.,Operational,Operational,0.09609126299619675
The WCS system must run queries to the WCS databases once again (on a specified day) to update the available data available to CCR users. Queries must be made to external databases for data refresh once a week.,Maintainability,Availability,0.19165971875190735
 All changes  updates  and additions to the WCS system shall be updated in the WCS Developer and WCS User Guides. Every change must be reflected in WCS system documentation,Maintainability,Maintainability,0.09264595061540604
The system shall only be accessed by authorized Corporate Community Grants (CCR) employees. Users must be authenticated using their IBM intranet user name and password.,Security,Security,0.2383573055267334
The WCS system shall not allow automatic logins by any user. Cookies containing WCS login information about a user will not be stored on a user’s computer.,Security,Security,0.22771935164928436
Each team owner will need to use a username and password in order to be authenticated to reach the team owner’s page,Security,Security,0.2515753209590912
The Commissioner will be the only authorized user per league to adjust league settings.,Security,Legal,0.21662159264087677
Each page shall contain a navigation menu which shows the index into which the current page is contained.,Look-feel,Performance,0.0997237116098404
Each page shall contain a similar format with action items in one location and navigation buttons in a different location.,Look-feel,Usability,0.14009441435337067
The message board shall contain the 5 most recently posted messages on the league page. The messages will contain up to the first 150 characters of the message.,Look-feel,Scalability,0.12289783358573914
	A new user shall be able to navigate through the league and team pages within 30 seconds of reaching the start-up page.,Usability,Operational,0.17011360824108124
 	Users shall be able to reach the ‘add’  ‘drop’  and ‘trade player’ pages with one click from the team owner’s page.,Usability,Legal,0.20207519829273224
	Users shall be able to view at least 25 NFL player statistics and points on each page.,Usability,Performance,0.14915260672569275
The application shall ask the user to confirm dropping a player or trading a player before performing the action.,Usability,Legal,0.2479470819234848
The application shall be able to complete every user transaction within one fourth of a second of receiving the request over the network.,Performance,Performance,0.24736149609088898
The application shall have a downtime of at most 10 minutes per year.,Availability,Availability,0.1991332769393921
The application shall run on a web application server.,Operational,Scalability,0.265103816986084
A primary database will be used to store cached data for active users.,Operational,Maintainability,0.19910477101802826
A secondary database will be used to store historical statistics and data.,Operational,Availability,0.17926418781280518
Application updates shall occur between 3AM and 6 AM CST on Wednesday morning during the middle of the NFL season.,Maintainability,Operational,0.1336364448070526
New System version releases shall be released at the beginning of each NFL season.,Maintainability,Availability,0.1378215104341507
 	The RFS system should be available 24/7  especially during the budgeting period. The RFS system shall be available 90% of the time all year  and 98% during the budgeting period. 2% of the time  the system will become available within 1 hour of the time that the situation is reported.,Availability,Availability,0.23549523949623108
98% of the user workstations shall meet the minimum hardware requirements prior to implementation. Minimum Hard Disk Space:  400MB.,Operational,Scalability,0.25920167565345764
98% of the user workstations shall meet the minimum software requirements prior to implementation: Microsoft Internet Explorer 5.0. Microsoft .NET Framework 1.1. Microsoft Internet Explorer Web Controls,Operational,Scalability,0.22342339158058167
 	The RFS system should be able to easily interface with the BDW environment  in order to load the data. •	7 data files shall be received from the BDW and loaded into the RFS system within 3 hours one day prior to the start of budgeting process  every year. The data will be as of October month-end. 	Test files (7) shall be loaded up to 5 times throughout the year  from the BDW.,Operational,Availability,0.15071512758731842
 	Changes to revenue and expense formulae must be applied to the RFS system  every year  prior to the budgeting process start. Revenue and expense formulae will be updated within one week of their receipt  after which 2 weeks will be allotted to testing of the budget calculations  to be conducted jointly by the project development team and PCG Finance.,Maintainability,Performance,0.07567105442285538
 	New branches/complexes/districts/regions and revenue/expense accounts added to the BDW  must be reflected in the RFS system. 100% of the entities (mentioned above) available as of October month-end  will be loaded into the RFS system  prior to the budget start process.,Maintainability,Availability,0.12339238822460175
 	Only authorized user shall access the RFS system. ONLY users that exist in the UAS system  with the RFS system assigned to their role(s)  shall access the RFS system and use it.,Security,Security,0.267423540353775
	User access should be limited to the permissions granted to their role(s) Each level in the PCG hierarchy will be assigned a role and users will be assigned to these roles. Access to functionality within RFS system is dependent on the privileges/permission assigned to the role..,Security,Security,0.24680790305137634
 	The product must comply with the intranet page standards and requirements of ENET Securities. 95% of the product look & feel will be approved by the Architecture group  prior to implementation. The remaining 5% will be corrected and approved within one month of product release.,Look-feel,Maintainability,0.1991661787033081
 The intranet pages should display appropriately in all resolutions  from 800x600 and higher. The display of all the pages will be correct in 95% of the resolutions  prior to implementation. The remaining 5% will be corrected within a week of notification of the incorrect display.,Look-feel,Performance,0.18674413859844208
 	The users should be able to easily use the system to successfully complete their budgets  within the stipulated time for completion. With a week of training prior to product implementation  98% of the users shall complete their budgets within the stipulated time.,Usability,Availability,0.23599189519882202
 	The product interface should be fast. The response time of the product interface should not exceed 2 seconds 90% of the time. For 10% of the time  the response time should not be more than 10 seconds.not be more than 10 seconds.,Performance,Performance,0.2658005952835083
