,precision,recall,f1-score,support
"accessibility, aesthetic, contextual, experience, satisfaction, HCI, UX, questionnaire, ease, or ergonomics",0.23076923076923078,0.1791044776119403,0.20168067226890757,67.0
"vulnerability, securing. protecting, protection, cybersecurity, assurance, cyber, countermeasure, threat, privacy, authentication, prevention, or confidentiality",0.04516129032258064,0.4117647058823529,0.0813953488372093,17.0
"throughput, reliability, scalability, responsiveness, efficiency, workload, benchmark, latency, speed, improvement, or accuracy",0.28888888888888886,0.20967741935483872,0.24299065420560745,62.0
"environmental, organizational, coordination, systemic, or logistics",0.0,0.0,0.0,21.0
"graphical, gui, ui, widget, interaction, habit, prefer, comfortable, friendly, feeling, experience, or familiar",0.0,0.0,0.0,38.0
"liability, litigation, jurisdiction, regulation, copyright, legislation, enforcement, governmental, directive,civil, right, patentability, claim, violate, infringement, or counsel",0.01694915254237288,0.07692307692307693,0.027777777777777776,13.0
"tolerance, failure, tolerant, byzantine, deadlock, exploiting, reliability, isolation, fault, guarantee, or dependable",0.0,0.0,0.0,21.0
"adaptability, effectiveness, agility, preventive, or dependability",0.0,0.0,0.0,54.0
"flexibility, workload, efficiency, or optimize",0.038461538461538464,0.1,0.05555555555555555,10.0
"reliability, dependability, resilience",0.15789473684210525,0.045454545454545456,0.07058823529411765,66.0
accuracy,0.1002710027100271,0.1002710027100271,0.1002710027100271,0.1002710027100271
macro avg,0.07781248378267167,0.10229242252267542,0.06799882439391752,369.0
weighted avg,0.12240216397663582,0.1002710027100271,0.09630687460454054,369.0
