,precision,recall,f1-score,support
"instructive, easy, helpful, useful, learnable, explainable, affordable, intuitive, or understandable",1.0,0.05263157894736842,0.1,38.0
"security, authorization, or protection",0.125,0.19047619047619047,0.1509433962264151,21.0
periodic execution or efficacy performance,0.21428571428571427,0.8059701492537313,0.3385579937304075,67.0
"working, running, connecting, interfacing, or operative environment",0.25,0.07692307692307693,0.11764705882352941,13.0
"appearance, interface, look & feel",0.0,0.0,0.0,17.0
"legal, law, or rules",0.058823529411764705,0.018518518518518517,0.02816901408450704,54.0
system recovery & fault tolerance,0.034482758620689655,0.047619047619047616,0.04,21.0
"maintaining, fixing, running or updating",0.0,0.0,0.0,66.0
"scalable, increasable or developable",0.0,0.0,0.0,10.0
avaliable or timely achievableavaliable or timely achievable,0.18181818181818182,0.0967741935483871,0.12631578947368424,62.0
accuracy,0.18699186991869918,0.18699186991869918,0.18699186991869918,0.18699186991869918
macro avg,0.18644101841363508,0.12889127552863203,0.09016332523385434,369.0
weighted avg,0.1989308364475336,0.18699186991869918,0.11212822323395583,369.0
