,precision,recall,f1-score,support
"accessibility, aesthetic, contextual, experience, satisfaction, HCI, UX, questionnaire, ease, or ergonomics",0.2777777777777778,0.07462686567164178,0.11764705882352941,67.0
"vulnerability, securing. protecting, protection, cybersecurity, assurance, cyber, countermeasure, threat, privacy, authentication, prevention, or confidentiality",0.06666666666666667,0.058823529411764705,0.0625,17.0
"throughput, reliability, scalability, responsiveness, efficiency, workload, benchmark, latency, speed, improvement, or accuracy",0.1836734693877551,0.14516129032258066,0.16216216216216217,62.0
"environmental, organizational, coordination, systemic, or logistics",0.12,0.2857142857142857,0.16901408450704222,21.0
"graphical, gui, ui, widget, interaction, habit, prefer, comfortable, friendly, feeling, experience, or familiar",0.2222222222222222,0.05263157894736842,0.0851063829787234,38.0
"liability, litigation, jurisdiction, regulation, copyright, legislation, enforcement, governmental, directive,civil, right, patentability, claim, violate, infringement, or counsel",0.2777777777777778,0.38461538461538464,0.3225806451612903,13.0
"tolerance, failure, tolerant, byzantine, deadlock, exploiting, reliability, isolation, fault, guarantee, or dependable",0.09420289855072464,0.6190476190476191,0.16352201257861637,21.0
"adaptability, effectiveness, agility, preventive, or dependability",0.28846153846153844,0.2777777777777778,0.2830188679245283,54.0
"flexibility, workload, efficiency, or optimize",0.5,0.2,0.28571428571428575,10.0
"reliability, dependability, resilience",0.875,0.21212121212121213,0.3414634146341463,66.0
accuracy,0.1951219512195122,0.1951219512195122,0.1951219512195122,0.1951219512195122
macro avg,0.29057823508444625,0.2310519543629635,0.19927289144843244,369.0
weighted avg,0.341498479806312,0.1951219512195122,0.2007764310711075,369.0
