,precision,recall,f1-score,support
"instructive, easy, helpful, useful, learnable, explainable, affordable, intuitive, or understandable",0.16981132075471697,0.8059701492537313,0.2805194805194805,67.0
"not about instructive, easy, helpful, useful, learnable, explainable, affordable, intuitive, or understandable",0.75,0.12871287128712872,0.21971830985915494,303.0
accuracy,0.25135135135135134,0.25135135135135134,0.25135135135135134,0.25135135135135134
macro avg,0.45990566037735847,0.46734151027043,0.25011889518931774,370.0
weighted avg,0.6449388067312595,0.25135135135135134,0.230728251573322,370.0
