,precision,recall,f1-score,support
"accessibility, aesthetic, contextual, experience, satisfaction, HCI, UX, questionnaire, ease, ergonomics, designer, evaluate, multimodal, practitioner, prototyping, preference, personalization, suitability, focus, clarity, responsiveness, judgement, feel, or helpful",0.0,0.0,0.0,67.0
"security, performance, operational, look & feel, legal, fault & tolerance, maintainability, scalability, availability, or portability",0.8174386920980926,0.9900990099009901,0.8955223880597014,303.0
accuracy,0.8108108108108109,0.8108108108108109,0.8108108108108109,0.8108108108108109
macro avg,0.4087193460490463,0.49504950495049505,0.4477611940298507,370.0
weighted avg,0.669416010015465,0.8108108108108109,0.7333602258975394,370.0
