,precision,recall,f1-score,support
"accessibility, aesthetic, contextual, experience, satisfaction, HCI, UX, questionnaire, ease, ergonomics, designer, evaluate, multimodal, practitioner, prototyping, preference, personalization, suitability, focus, clarity, responsiveness, judgement, feel, or helpful",0.44,0.4925373134328358,0.46478873239436613,67.0
"security, performance, operational, look & feel, legal, fault & tolerance, maintainability, scalability, availability, or portability",0.8847457627118644,0.8613861386138614,0.8729096989966556,303.0
accuracy,0.7945945945945946,0.7945945945945946,0.7945945945945946,0.7945945945945946
macro avg,0.6623728813559322,0.6769617260233486,0.6688492156955108,370.0
weighted avg,0.8042107191937701,0.7945945945945946,0.7990067131524573,370.0
