,precision,recall,f1-score,support
"instructive, easy, helpful, useful, learnable, explainable, affordable, intuitive, or understandable",0.11363636363636363,0.22388059701492538,0.1507537688442211,67.0
"not about instructive, easy, helpful, useful, learnable, explainable, affordable, intuitive, or understandable",0.7815126050420168,0.6138613861386139,0.687615526802218,303.0
accuracy,0.5432432432432432,0.5432432432432432,0.5432432432432432,0.5432432432432432
macro avg,0.4475744843391902,0.4188709915767696,0.41918464782321957,370.0
weighted avg,0.6605728532199121,0.5432432432432432,0.5904000192800942,370.0
