,precision,recall,f1-score,support
"accessibility, aesthetic, contextual, experience, satisfaction, HCI, UX, questionnaire, ease, or ergonomics",0.11864406779661017,0.31343283582089554,0.1721311475409836,67.0
"not about accessibility, aesthetic, contextual, experience, satisfaction, HCI, UX, questionnaire, ease, or ergonomics",0.7616580310880829,0.48514851485148514,0.592741935483871,303.0
accuracy,0.4540540540540541,0.4540540540540541,0.4540540540540541,0.4540540540540541
macro avg,0.44015104944234656,0.39929067533619034,0.3824365415124273,370.0
weighted avg,0.6452203674650324,0.4540540540540541,0.5165772792888077,370.0
