Requirement text,Gold label,Predicated label,ZSL score
The system shall refresh the display every 60 seconds.,not about usability,usability,0.12972474098205566
The application shall match the color of the schema set forth by Department of Homeland Security,not about usability,usability,0.1390627920627594
 If projected  the data must be readable.  On a 10x10 projection screen  90% of viewers must be able to read Event / Activity data from a viewing distance of 30,usability,not about usability,0.1516982913017273
 The product shall be available during normal business hours. As long as the user has access to the client PC  the system will be available 99% of the time during the first six months of operation.,not about usability,usability,0.05610942840576172
 If projected  the data must be understandable. On a 10x10 projection screen  90% of viewers must be able to determine that Events or Activities are occuring in current time from a viewing distance of 100,usability,usability,0.15037983655929565
The product shall ensure that it can only be accessed by authorized users.  The product will be able to distinguish between authorized and unauthorized users in all access attempts,not about usability,usability,0.09559103846549988
The product shall be intuitive and self-explanatory.  :  90% of new users shall be able to start the display of Events or Activities within 90 minutes of using the product.,usability,usability,0.23088403046131134
The product shall respond fast to keep up-to-date data in the display.,not about usability,usability,0.1644202023744583
The look and feel of the system shall conform to the user interface standards of the smart device.,not about usability,usability,0.2694093883037567
 The user interface shall have standard menus  buttons for navigation,not about usability,usability,0.16829745471477509
The system shall have a professional appearance,not about usability,usability,0.2365722954273224
The product shall have a consistent color scheme and fonts.,not about usability,usability,0.22525322437286377
The system shall be used by realtors with no training.,usability,not about usability,0.08639393746852875
The system shall be intuitive and self explanatory.,usability,usability,0.2648305594921112
The product shall be easy for a realtor to learn.,usability,usability,0.18099887669086456
The product shall use symbols and words that are naturally understandable by the realtor community.,usability,usability,0.11213312298059464
The product shall produce search results in an acceptable time,not about usability,usability,0.1680648773908615
The search results shall be returned no later 30      seconds  after the user has entered the search criteria,not about usability,not about usability,0.05235165357589722
The product shall generate a CMA report in an acceptable time.,not about usability,usability,0.08188656717538834
The CMA report shall be returned no later 60 seconds after the user has entered the CMA report criteria.,not about usability,not about usability,-0.03270428627729416
The product shall synchronize contacts and appointments in an acceptable time.,not about usability,usability,0.10598110407590866
The product shall synchronize with the office system every hour.,not about usability,usability,0.10437261313199997
 The product shall be available for use 24 hours per day  365 days  per year,not about usability,usability,0.09076614677906036
 Out of 1000 accesses to the system  the system is available 999 times.,not about usability,usability,0.16032510995864868
The product shall operate in offline mode whenever internet connection is unavailable.,not about usability,usability,0.05255333334207535
 The product shall allow the user to view previously downloaded search results  CMA reports  and appointments.,not about usability,usability,0.06882301717996597
The product shall retain user preferences in the event of a failure.,not about usability,usability,0.17053908109664917
100% of saved user preferences shall be restored when system comes back online.,not about usability,usability,0.11249843239784241
The product shall be able to support multiple remote users,not about usability,usability,0.18423785269260406
The product shall be able support 1000 simultaneous users.,not about usability,not about usability,0.13202093541622162
The product shall be capable of handling the existing 1000 users. This number is expected to grow 5 times within the next year.,not about usability,usability,0.15981844067573547
The product shall be installed by an untrained realtor   without recourse to separately-printed instructions.,usability,not about usability,0.12069446593523026
90% of untrained realtors shall be able to install the product on their device without printed instructions,usability,not about usability,0.12172674387693405
The product is expected to run on Windows CE and Palm operating systems.,not about usability,not about usability,0.13570626080036163
Only registered realtors shall be able to access the system.,not about usability,not about usability,-0.026477331295609474
Every user of the system shall be authenticated and authorized.,not about usability,usability,0.14259706437587738
The product shall prevent its data from incorrect data being introduced.,not about usability,not about usability,0.11997424066066742
The system shall be easy to use by the Program Administrators/Nursing Staff Members.,usability,usability,0.2005273848772049
All of the users shall be able to use the system after one day of training.,usability,usability,0.13572950661182404
The system shall help the user avoid making mistakes while scheduling classes and clinicals for the nursing students.,usability,not about usability,0.12145590037107468
The number of mistakes noted by the students shall be decreased by 50% in the first year.,usability,usability,0.03884676471352577
The system shall be intuitive to the Program Administrators/Nursing Staff Members.,usability,usability,0.20082637667655945
2 out of 3 Program Administrators/Nursing Staff Members shall successfully be able to use the system to manage the scheduling of classes and clinicals.,usability,usability,0.11888764798641205
The system shall use symbols and words that are naturally understandable by the user community.,usability,usability,0.23522816598415375
The verbiage used within the system shall be consistent with Standard English and the terminology of the national Nursing Community.,usability,usability,0.0807027593255043
Staff members shall be able to complete a set of tasks in a timely manner.,not about usability,usability,0.10881631076335907
The response time of general student management tasks shall take no longer than 5 seconds and the response time of schedule generation shall take no longer than 30 seconds.,not about usability,usability,0.10810989141464233
The system shall be available for use between the hours of 8am and 6pm.,not about usability,usability,0.018472088500857353
The system shall achieve 95% up time.,not about usability,usability,0.10059842467308044
system shall be able to handle all of the user requests/usage during business hours.,not about usability,usability,0.15860289335250854
The system shall cater to 10 simultaneous users from 9am to 5pm.,not about usability,usability,0.06412012875080109
The system shall be capable of processing 100% of nursing students and their classes for the next 10 years.,not about usability,not about usability,0.070245161652565
The system shall be expected to manage the nursing program curriculum and class/clinical scheduling for a minimum of 5 years.,not about usability,not about usability,0.037054263055324554
The system shall able to operate within a business office environment typical of the Nursing Department at DePaul University.,not about usability,usability,0.0699182003736496
The system shall be used within the specifications defined by the computers used by the Program Administrators/Nursing Staff Members.,not about usability,not about usability,0.1466505527496338
The system shall operate within the Windows XP Professional operating system.,not about usability,usability,0.07442337274551392
The system shall interface with CampusConnect’s central server,not about usability,not about usability,0.12988534569740295
The system shall interface with the faculty central server.,not about usability,usability,0.17827095091342926
The system shall interface with the student master server.,not about usability,usability,0.15402714908123016
We must be able to interface with any HTML browser.,not about usability,not about usability,0.2916432023048401
Only authorized users shall have access to clinical site information.,not about usability,not about usability,0.11491864919662476
Program Administrators/Nursing Staff Members are the only people who shall have access to clinical site details.,not about usability,not about usability,0.08191009610891342
Only authorized users shall have access to students’ personal information.,not about usability,not about usability,0.16586294770240784
Dr Susan Poslusny and Dr Julie Donalek are the only people who shall have access to students’ personal information.,not about usability,not about usability,0.11060136556625366
Only authorized users shall have access to the portion of the system that interfaces with CampusConnect.,not about usability,not about usability,0.11234135180711746
Fit Criterion: Dr Susan Poslusny and Karen Sysol are the only people who shall have access to the final class section scheduling for the system that interfaces with CampusConnect.,not about usability,usability,0.15673910081386566
The system shall have basic data integrity checking to reduce the possibility of incorrect or invalid data being introduced.,not about usability,usability,0.11622609943151474
The system shall protect private information in accordance with the organization’s information policy.,not about usability,not about usability,0.05766976624727249
The system shall be built such that it is as secure as possible from malicious interference.,not about usability,not about usability,0.1283612698316574
The system shall use the organization’s standard virus protection software to help monitor threats to itself.,not about usability,usability,0.09101552516222
The Disputes application shall comply with the corporate standards for user interface creation for internally and externally used applications.,not about usability,not about usability,0.18658863008022308
All screens created as part of the Disputes application must comply with corporate standards for interface creation.,not about usability,not about usability,0.11493372172117233
The list of dispute cases that are displayed after a search is performed must be color coded for easy identification of dispute cases based upon the dispute case status.,usability,usability,0.03607363626360893
100% of the cardmember and merchant services representatives shall use the Disputes application regularly after a 2-day training course.,usability,usability,0.04883475601673126
100% of cardmember services representatives shall be able to successfully create a dispute case on the first encounter after completing the training course.,usability,usability,0.055491868406534195
100% of merchant services representatives shall be able to successfully perform a follow up action on a dispute case on the first encounter after completing the training course.,usability,usability,0.048484496772289276
The maximum wait time for a user navigating from one screen to another within the Disputes application shall be no more than 5 seconds.,not about usability,not about usability,0.1400853395462036
The Disputes application shall support 350 concurrent users without any degradation of performance in the application.,not about usability,not about usability,0.17934200167655945
 The Disputes application shall be available 24x7x365  with the exception of the following scheduled maintenance windows.  Monday – Saturday 3:00am to 4:00am EST Sunday 1:00amd to 5:00am EST,not about usability,usability,0.12315473705530167
The Disputes application shall interface with the Statement Database. The Statement Database provides the transaction details to the Disputes System. All transaction details must be obtained from the Statement Database,not about usability,not about usability,0.07834336161613464
The Disputes application shall interface with the Cardmember Information Database.  The Cardmember Information Database provides detailed information with regard to a cardmember.  All cardmember detail information must be obtained from the Cardmember Information Database.,not about usability,not about usability,0.09902558475732803
The Disputes applications shall interface with the Merchant Information Database.  The Merchant Information Database provides detailed information with regard to the merchant. All merchant detail information shall be obtained from the Merchant Information Database.,not about usability,not about usability,0.03542599827051163
The Disputes application shall interface with the Letters application.  This will allow the Disputes application to request letters as part of the dispute initiation and dispute follow up process. All letter requests must be sent to the Print Letter Utility application.,not about usability,usability,0.03980683907866478
The Disputes application shall interface with the Cardmember Posting and Billing System.  This will allow the Disputes application to request adjustments to cardmember and merchant’s accounts. All adjustment requests must be sent to the Cardmember Posting and Billing System.,not about usability,usability,0.06392384320497513
The Disputes application shall ensure that only users with the appropriate access level are allowed to initiate dispute requests.,not about usability,not about usability,0.053120166063308716
Only users with Update access must be able to initiate dispute requests.,not about usability,not about usability,0.06239045411348343
The Disputes application shall ensure that only authorized users are allowed to logon to the application.,not about usability,not about usability,0.055287305265665054
 All authorized users  once authenticated must be able to logon to the Disputes System,not about usability,not about usability,0.10269750654697418
The Disputes System shall generate a User Report that details any new users that have been added and any changes to an existing user’s access level.  The report will be reviewed for auditing purposes.,not about usability,usability,0.16345873475074768
All additions of new users and modifications to user’s access shall be recorded on the User Report.,not about usability,usability,0.14919182658195496
 If a user account is revoked  it can only be re-instantiated by the System Administrator.,not about usability,not about usability,-0.029879804700613022
Only the System Administrator shall be able to reset a revoked user logon account,not about usability,not about usability,0.018130667507648468
The Disputes application shall manipulate and view business data. Users will not have direct access to data files or databases.,not about usability,not about usability,0.1750165820121765
All updates to data files or database must be initiated from the Disputes System.,not about usability,not about usability,0.02246778830885887
The Disputes application must conform to the legal requirements as specified by the Merchant Operating Regulations.,not about usability,not about usability,0.0058052390813827515
All business rules specified in the Disputes System shall be in compliance with the Merchant Operating Regulations.,not about usability,not about usability,0.0001087007112801075
The Disputes application must conform to the legal requirements as specified by Regulation E and Regulation Z that govern credit card disputes processing.,not about usability,not about usability,0.024588050320744514
All business rules specified in the Disputes System shall be in compliance to the guidelines of Regulation E and Regulation Z.,not about usability,usability,0.03804755583405495
The Disputes application must maintain a detailed history of every action that a user takes on a dispute case.  This ensures a complete audit trail if questions arise later on with regard to a particular dispute case.,not about usability,usability,0.05367869511246681
All actions that modify an existing dispute case must be recorded in the case history.,not about usability,not about usability,0.00270942784845829
The product must support Internet Explorer 5.5 and above.,not about usability,not about usability,0.12204129993915558
The product must support Mozilla Firefox 1.0 and above.,not about usability,not about usability,0.14469094574451447
The product shall interface with the Choice Parts System.  This provides the feed of recycled parts data.,not about usability,usability,0.09906449168920517
The product shall run on the existing hardware for all environments.,not about usability,not about usability,0.1531982421875
The product shall adhere to the corporate Architecture guidelines,not about usability,usability,0.19215181469917297
The product shall comply with corporate User Interface Guidelines,not about usability,usability,0.3263874053955078
The product shall comply with corporate color scheme,not about usability,usability,0.18011589348316193
The appearance of the product shall appear professional,not about usability,usability,0.28434836864471436
The product shall be easy to use by Adjusters and Collision Estimators.  95% of Adjusters and Collision Estimators shall find the product easy to use.,usability,usability,0.1331370770931244
The product shall increase productivity of Collision Estimators. 80% of the Collision Estimators shall agree their productivity has increase within 1 month of using the product.,usability,usability,0.11290276050567627
Users shall feel satisfied using the product.  85% of all users will be satisfied with the product.,usability,usability,0.2211291491985321
The product shall be easy to learn by Adjusters and Collision Estimators.  The product shall be learned with two days onsite training,usability,not about usability,0.18475782871246338
The user shall easily locate instructions while using the product.  User help can be found within 90% of the system.,usability,usability,0.17278267443180084
The search for recycled parts shall take no longer than 15 seconds.  The search results shall be returned in under 15 seconds.,not about usability,usability,0.0736520066857338
The search for the preferred repair facility shall take no longer than 8 seconds.  The preferred repair facility is returned within 8 seconds,not about usability,not about usability,0.12509503960609436
The recycled parts audit report shall be returned to the user within 10 seconds.  The audit report shall be returned within 10 seconds.,not about usability,usability,0.0735282227396965
The preferred repair facility ratings shall be saved within 5 seconds. The save shall occur within 5 seconds.,not about usability,usability,0.12043403834104538
The product shall adhere to the corporate online availability schedule.  The application is brought down only within 98% of the scheduled outages per the availability schedule.,not about usability,usability,0.1259879469871521
The product shall achieve a 98% uptime. The product shall not fail more than 2% of the available online time.,not about usability,usability,0.13751432299613953
The product shall be able to handle up to 1500 simultaneous users. The system shall perform with 1500 users as a time.,not about usability,not about usability,0.10572954267263412
 The average number of recycled parts records per day shall be 50 000.,not about usability,usability,0.014895806089043617
 The product shall be able to handle 10 000 concurrent users within 2 years of the initial launch.,not about usability,usability,0.11430040746927261
 For estimators  the product shall be able to be operated in a repair facility during dirty and noisy conditions.,not about usability,not about usability,0.12017519026994705
The product shall interface with the ChoiceParts system once per day at approximately 1:00 AM.,not about usability,usability,0.057644329965114594
The maintenance of the product will fall within the established corporate maintenance windows.,not about usability,usability,0.11214976012706757
The product shall be supported using the corporate support center.,not about usability,not about usability,0.09132082760334015
Product installations and upgrades shall be handled by the middleware technology team within established launch time frames.,not about usability,not about usability,0.0836004838347435
Only adjusters can request recycled parts audit reports. No users without an adjuster role shall request recycled parts audits.,not about usability,not about usability,0.04035284370183945
Only adjusters with a supervisor role can update preferred repair facility ratings. Users without the supervisor role cannot access the repair facility ratings.,not about usability,not about usability,0.012106634676456451
Only collision estimators shall search for recycled parts.  Users without the collision estimator role shall not have access to the search for recycled parts.,not about usability,not about usability,0.11147689819335938
Only valid data shall be entered into the system.  No invalid data shall be entered into the system.,not about usability,not about usability,0.12512077391147614
One insurance company shall not be able to view another insurance companys claim data.,not about usability,not about usability,0.0900532677769661
The product shall free of computer viruses.,not about usability,not about usability,0.21004414558410645
The system shall prevent malicious attacks including denial of service.,not about usability,not about usability,0.11084046214818954
The product must comply with Sarbanes-Oxley.,not about usability,not about usability,0.08724060654640198
The product shall comply with the estimatics laws relating to recycled parts usage.,not about usability,usability,0.08042331039905548
The product shall comply with insurance regulations regarding claims processing.,not about usability,not about usability,0.1208549365401268
 The product must work with most database management systems (DBMS) on the market  whether the DBMS is colocated with the product on the same machine or is located on a different machine on the computer network.,not about usability,not about usability,0.11304327100515366
The product will function alongside server software on any operating system where the Java runtime can be installed.,not about usability,not about usability,0.0966404601931572
The product will require collaboration with a database management system (DBMS).  The DBMS may be located on the same machine as the product or on a separate machine residing on the same computer network.,not about usability,not about usability,0.1165236234664917
 The product must make use of web/application server technology.  Open source examples include Apache web server  Tomcat  and the JBoss application server.,not about usability,usability,0.08430628478527069
 A database management system such as Oracle  DB2  MySql or HSQL will need to be integrated with the product.,not about usability,not about usability,0.07614696770906448
 The product’s Look and Feel shall be able to incorporate aspects of the customer’s organization such as logo  branding  and identity,not about usability,usability,0.1644992083311081
The product shall have a conservative and professional appearance.,not about usability,usability,0.16549821197986603
The product shall make the users want to use it. 80% of the users surveyed report they are regularly using the product after the first 2 weeks post-launch.,usability,usability,0.20705640316009521
The product shall be easy to use. 90% of users will be able to successfully reserve a conference room within 5 minutes of product use.,usability,usability,0.2162189483642578
The product shall give users feedback when necessary. 80% of the users surveyed report that the product accurately confirms their actions.,usability,usability,0.22657860815525055
The product shall allow the user to select a chosen language from one of the target market countries.,usability,not about usability,0.05425392836332321
The product shall allow for customization of start page and views preferences.,usability,usability,0.16048696637153625
 An employee will be able to successfully use the product within a few minutes.  After informally navigating the product for less than 15 minutes  users shall be able to successfully setup meetings and reserve conference rooms.,usability,usability,0.18754999339580536
The product shall use a standard navigation menu familiar to most web users.,usability,usability,0.1713542640209198
The product shall allow for intuitive searching of available conference rooms.,usability,usability,0.14339885115623474
The product shall conform to the Americans with Disabilities Act.,usability,not about usability,0.16746456921100616
The response shall be fast enough to avoid interrupting the user’s flow of thought.  90% of tasks shall complete within 5 seconds.  98% of tasks shall complete within 8 seconds.,not about usability,usability,0.17176002264022827
 Aside from server failure  the software product shall achieve 99.99% up time.,not about usability,usability,0.17768268287181854
The product shall create an exception log of problems encountered within the product for transmission to our company for analysis and resolution.,not about usability,not about usability,0.13049322366714478
 The product shall be capable of handling up to 1 000 concurrent requests.  This number will increase to 2 000 by Release 2.  The concurrency capacity must be able to handle peak scheduling times such as early morning and late afternoon hours.,not about usability,usability,0.0718853771686554
 The product shall be able to process 10 000 transactions per hour within two years of its launch.  This number will increase to 20 000 by Release 2.,not about usability,not about usability,0.08082214742898941
The product shall be expected to operate for at least 5 years for each customer installation.,not about usability,usability,0.07506360858678818
The product shall be used in office environments.,not about usability,usability,0.22830283641815186
The product must be able to interface with any HTML browser.  The product shall transmit data between the user and the product without problems. The product shall display HTML properly in 80% of all HTML browsers tested (minimum is to test 8 browsers).,not about usability,usability,0.1747298389673233
The product must be able to interface with various database management systems. The product shall communicate successfully with the database management system on 100% of all transactions.,not about usability,not about usability,0.10730649530887604
The product must be able to interface with various email servers. The product shall be able to send email.,not about usability,not about usability,0.1067156121134758
The product shall be available for distribution via the Internet as a binary or ZIP file.,not about usability,usability,0.08686122298240662
The product shall be available for distribution as a packaged CD.,not about usability,not about usability,0.059724144637584686
 The product will be available for licensing as a one-server  two-five servers  or five-or-more servers license.,not about usability,usability,0.016653407365083694
A new user must be able to be added to the system within 10 minutes.  90% of new users are able to log into the system within 10 minutes.,usability,usability,0.06255445629358292
The product must be designed using Design Patterns and coding best practices.  90% of maintenance software developers are able to integrate new functionality into the product with 2 working days.,not about usability,usability,0.10489176213741302
The product must be highly configurable for use with various database management systems for the end users.  80% of end users are able to integrate new database management systems with the product without changing the product’s software code.,not about usability,not about usability,0.08597001433372498
Maintenance releases will be offered to customers once a year.  The releases shall take no longer than 5 minutes for 80% of the customer base to install.,not about usability,usability,0.02406204119324684
Every registered user will have access to the product’s support site via the Internet.  70% of registered users shall find a solution to their problem within 5 minutes of using the support site.,usability,usability,0.18262702226638794
The customer shall be able to easily integrate new building maps with the product throughout the product’s lifecycle.  Integration of new maps with the product shall be possible with little to no support from product support staff.,not about usability,usability,0.15119034051895142
 The product shall be translated into foreign languages other than the target market countries’ languages in future releases.  For each emerging target market  it shall take no more than 5 days to configure the product for that market’s language.,usability,not about usability,0.014014704152941704
 The product is expected to integrate with multiple database management systems.  The product will operate with Oracle  SQL Server  DB2  MySQL  HSQL  and MS Access.,not about usability,usability,0.07440093904733658
The product shall be able to be installed in any operating environment within 2 days.,not about usability,not about usability,0.105347640812397
The product shall ensure that only company employees or external users with company-approved user IDs may have product access.  100% of all logons shall be by either company employees or external users with company-approved user IDs.,not about usability,usability,0.07569513469934464
Only managers are able to perform search queries for reservations by user.  100% of all search queries for reservations by user shall be from logons of only management logons.,not about usability,usability,0.09996918588876724
The product shall ensure that the database’s data corresponds to the data entered by the user.  Each conference room reservation in the system will contain the same information as was entered by the user.,not about usability,usability,0.1752961426973343
The product shall prevent the input of malicious data.  The product and/or adjacent hardware/software systems’ data shall remain 100% uncorrupted each time malicious data is input into the product.,not about usability,not about usability,0.1615329384803772
The product and/or dependent databases/filesystems shall remain operational as a result of the input of malicious data.  The product and/or dependent databases/filesystems shall not crash 100% of the time that malicious data is input into the product.,not about usability,not about usability,0.1587706208229065
The product shall have the ability to receive automatic software updates as new threats emerge.  100% of customers will be able to receive automatic software updates transmitted to the installed product.,not about usability,usability,0.06128875911235809
The language of the product shall accommodate all of the target market countries. 90% of survey respondents from each target market country will find that the language of the product is acceptable.,not about usability,usability,0.08430086076259613
The product shall be able to display calendar dates and times according to the user’s locale.  90% of survey respondents from each target market country will find that the date and time formatting of the product is correct.,usability,usability,0.09854437410831451
The product must be developed with the J2SE/J2EE programming language libraries,not about usability,not about usability,0.12720055878162384
Recreation of Inventory Quantity Adjustment for the period of previous 30 days shall take no more than 30min.,not about usability,not about usability,0.053692854940891266
The System shall allow for a minimum of  6 users to work at the same time.,not about usability,usability,0.13240039348602295
The System shall utilize currently owned computer equipment.,not about usability,not about usability,0.13668200373649597
The System shall be able to automatically backup business data and restore them on demand.,not about usability,usability,0.013267774134874344
The System shall maintain consistent security.  Any changes in user passwords and/or permissions should take affect in all parts of the System.,not about usability,usability,0.14050357043743134
The System shall granularly control access rights to all major subsystems.  It should be possible to assign access rights to all subsystems independently.,not about usability,not about usability,-0.004777984693646431
The System shall meet all applicable accounting standards.  The final version of the System must successfully pass independent audit performed by a certified auditor.,not about usability,usability,0.026520006358623505
The System shall not require additional third party licenses resulting in royalty fees.,not about usability,not about usability,-0.00016986578702926636
Administrator shall be able to activate a pre-paid card via the Administration section in under 5 seconds.,not about usability,not about usability,0.0028072362765669823
 Customer shall be able to check the status of their prepaid card  by entering in the PIN number  in under 5 seconds.,not about usability,not about usability,0.07206916064023972
System shall let customers register on the website as a “pay as you go” user in under 5 minutes.,not about usability,usability,0.0777333453297615
System shall let customers register on the website as a “unlimited movie subscriber” user in under 10 minutes.,not about usability,usability,0.09533193707466125
System shall let existing customers log into the website with their email address and password in under 5 seconds.,not about usability,not about usability,0.13298508524894714
 System shall let customers cancel their account  process shall take no longer than 2 minutes.  Database will mark the account as inactive  and user will not be able to log into the website.,not about usability,not about usability,0.05877942964434624
System shall let administrator de-activate a customer account in under 1 minute. Customer will no longer be able to access the website.,not about usability,not about usability,0.03794588893651962
System shall let administrator add/remove movies on the website in under 5 minutes.  Entered movie information will be stored in the database and will now be available on the website.,not about usability,usability,0.11083008348941803
System shall let the administrator add/remove categories on the website in under 5 minutes.,not about usability,not about usability,0.10753008723258972
System shall let Izogn Manager access sales and usage statistics in under 2 minutes.,not about usability,not about usability,0.1592143028974533
System shall let administrators generate unique pre-paid pins in under 2 minutes and generate an Excel file with the generated PINs.,not about usability,not about usability,0.119697205722332
The website shall be attractive to all audiences.  The website shall appear to be fun and the colors should be bright and vibrant.,not about usability,usability,0.27009662985801697
 The website should have an African feel  but should not alienate non-Africans.  The website should use animation on pages which are describing the services  to grab the users attention and encourage them to sign up.,not about usability,usability,0.13020379841327667
 The website design should be modern  clean  and concise.,not about usability,usability,0.33796587586402893
The product should be able to be used by 90% of novice users on the Internet.,usability,usability,0.24526217579841614
 Users should only have to navigate through a maximum of 4 pages  to create an account with the website.,usability,not about usability,0.05205967649817467
Users should be able to access their streaming movies in under 2 clicks after logging into the website.,usability,not about usability,0.12245159596204758
An anonymous survey will show that 70% of customers are comfortable purchasing streaming movies after 2 weeks using the website.,usability,usability,0.18090051412582397
An anonymous survey will show that 95% of customers are comfortable using and purchasing pre-paid cards after a month of using the system.,usability,usability,0.14009246230125427
The product shall retain the customer’s buying preferences and information.,usability,usability,0.17835216224193573
The product shall be easy for customers with novice skills on the  Internet to purchase and watch streaming movies.  Customers should be able to purchase and watch a pre-determined movie in under 3 minutes.,usability,usability,0.10507751256227493
The product shall use symbols and words that are naturally understandable by users familiar with websites,usability,usability,0.2762639820575714
The website will use standard Internet conventions when interacting with the user.,usability,usability,0.25643354654312134
 Any interface between a user and the automated system shall have a maximum response time of 5 seconds  unless noted by an exception below.,not about usability,not about usability,0.13812676072120667
 When purchasing a streaming movie or pre-paid card via credit card  the processing time should have a maximum response time of 15 seconds.,not about usability,not about usability,0.03481859713792801
 When streaming a movie  the buffering time should take no longer than 10 seconds (plus any latency on the user’s connection.),not about usability,usability,0.07853724807500839
 While streaming a movie  buffering should only occur if there is latency in the user’s connection.,not about usability,not about usability,0.1102323830127716
 All credit card information will be secured on the server  and only accessible by authorized Izogn administrators.  Information will be encrypted in the database.,not about usability,usability,0.028245721012353897
 The website shall be available for use 24 hours per day  365 days per year.,not about usability,usability,0.09565574675798416
The website shall achieve 99.5% up time.,not about usability,usability,0.19806325435638428
 All movies shall be streamed on demand  at any time of the day.,not about usability,usability,0.04345141351222992
The website shall continue to operate if the streaming server goes down.,not about usability,usability,0.1337752789258957
The website shall continue to operate if the payment gateway goes down.,not about usability,usability,0.08092617243528366
The streaming server will support 50 simultaneous streaming connections.,not about usability,usability,0.02784171886742115
The streaming server will support a maximum of 700 movies  new servers can be added to support more movies.,not about usability,usability,0.03399452567100525
 The server will support a maximum of 1 000 simultaneous users.,not about usability,not about usability,0.1009645164012909
 The website shall be capable of supporting 100 000 customers.,not about usability,not about usability,0.1085626408457756
The product shall be expected to operate within the maximum maintenance budget for a minimum of 2 years.,not about usability,usability,0.08832664042711258
All aspects of the website shall be accessed by a web browser over the Internet.,not about usability,usability,0.19062022864818573
The same hardware supporting the current website will be used to support the new system.,not about usability,usability,0.15392285585403442
 We must be able to interface with the following browsers: IE 5.X  6.0  Netscape 6.x  7.x  8.x and Firefox 1.0.,not about usability,usability,0.16985386610031128
Website must interface with the CyberSource API to process credit card transactions.,not about usability,not about usability,0.12384426593780518
Website must be fully operational with MSN TV2.,not about usability,not about usability,0.22142601013183594
Movies shall be encoded and streamed via Windows Media Player 9.0.,not about usability,not about usability,0.1171494573354721
Movies shall be encoded for 56k and 256k streams.,not about usability,not about usability,0.13750624656677246
Promotional updates to the website should take a day to update.,not about usability,usability,0.16894122958183289
Izogn Administrator must be able to update the category listings on the website within 2 minutes.,not about usability,not about usability,0.10647156834602356
Izogn Administrator must be able to add new products to the website within 2 minutes.,not about usability,not about usability,0.14443401992321014
The system will provide a 24 hour 800 toll free number for support to its customers.,not about usability,usability,-0.021881071850657463
The website will provide a help section with answers and solutions to common problems.,usability,usability,0.14476090669631958
 Velkat staff will be available for phone support between 7am-7pm  M-F to provide technical support to the Izogn administrators.,not about usability,not about usability,0.060723304748535156
The product shall be able to be installed in the specified environment within 1 working day.,not about usability,not about usability,0.1138584315776825
Only registered customers can purchase streaming movies.,not about usability,not about usability,0.03541167080402374
 A customer can only stream a movie if they purchased it  and are within the 2 day viewing period.,not about usability,not about usability,0.08216842263936996
Only authorized personnel can access customer records in the database.,not about usability,not about usability,0.0672379657626152
Only administrators can activate a pre-paid card.,not about usability,not about usability,0.04542035609483719
Only authorized personnel can access sales information.,not about usability,not about usability,0.08049985766410828
The website shall prevent its data from being corrupted when incorrect data is entered in.,not about usability,not about usability,0.16170717775821686
 The website shall protect itself from intentional abuse  and notify the administrator at all occurrences.,not about usability,not about usability,0.15710070729255676
Data integrity scripts will be run on a weekly basis to verify the integrity of the database.,not about usability,not about usability,0.07516331970691681
 The website shall make its user aware of its information practices before collection data from them via a Privacy Policy  accessible on all pages of the website.,not about usability,not about usability,0.13803164660930634
The system shall notify customers of changes to its information policy.,not about usability,usability,0.0681886374950409
The system shall reveal private information only in compliance with the organization’s information policy.,not about usability,not about usability,0.049164801836013794
 All customer information will be stored on a secure database  accessible only to authorized personnel.,not about usability,not about usability,0.06560154259204865
All credit card information will be encrypted in the database.,not about usability,not about usability,0.011606641113758087
The streaming server will have anti-virus software to prevent infection of malicious viruses.,not about usability,not about usability,0.11475202441215515
The website should cater to all tribes in Nigeria.,not about usability,not about usability,0.16411355137825012
The website shall not be offensive to religious or ethnic groups.,not about usability,not about usability,0.15018998086452484
 The website should appeal to all Africans  not only Nigerians.,not about usability,not about usability,0.1658778339624405
The website should use Flash to provide animation on the home page.,not about usability,usability,0.18900561332702637
IzognMovies shall meet the licensing requirements set forth by the appropriate organizations in order to stream African movies.,not about usability,not about usability,0.045576781034469604
The website will comply with W3C standards.,not about usability,not about usability,0.18777772784233093
The PHP code will comply with PEAR standards.,not about usability,not about usability,0.16029901802539825
Total lead cycle time must be completed in 5 minutes for 90% of lead volume between the business hours of 8AM CST to 8PM CST  then 3 minutes for 99% of lead volume during off business hours.,not about usability,usability,-0.05844201520085335
No lead evaluation will complete in a time period longer than 25 seconds for 97% of all leads processed.,not about usability,usability,0.06335630267858505
For leads that process longer than 25 seconds the system will record the event and duration,not about usability,not about usability,0.07172074168920517
The process must fit within the processing time conditions set forth by the Auto Rep Assignment process in which a lead is assigned within 3 minutes of the total life cycle.,not about usability,not about usability,0.02061164379119873
The lead washing process will operate within the established physical web service structure.,not about usability,usability,0.082113116979599
 The washing process must use a non binding  neutral data format  such as xml  when receiving and processing lead data.,not about usability,not about usability,0.10352013260126114
Defect reports will be available to technical units on a 24x7 basis.,not about usability,usability,0.06432589888572693
Washing parameters will be updated during scheduled maintenance hours.,not about usability,usability,0.03820768743753433
The product shall simulate the look of ships at sea.,not about usability,not about usability,0.1075015664100647
The product shall display the grids within a circle as a view from a periscope.,not about usability,usability,0.09729249775409698
The product shall display each type of ship in a grid using an image of the specific type of ship.,not about usability,usability,0.1343032568693161
 When the offensive player takes a shot  the product shall simulate the sound of a ship at sea.,not about usability,not about usability,0.10616232454776764
 When a shot is marked as a miss  the product shall simulate the sound of a shot missing its target.,not about usability,usability,0.0957699567079544
 When a shot is marked as a hit  the product shall simulate the sound of a shot hitting its target.,not about usability,usability,0.09835243225097656
 When a ship is sunk  the product shall simulate the sound of a sinking ship.,not about usability,not about usability,0.1662389189004898
 The product shall be available 24 hours per day  seven days per week.,not about usability,usability,0.026875203475356102
The product shall able to handle a large number of games simultaneously.,not about usability,not about usability,0.13989078998565674
The response time shall be fast enough to maintain the flow of the game.  The response time shall be no more than 2 seconds for 95% of responses and no more than 4% for the remaining responses.,not about usability,usability,0.11199896037578583
The product shall protect the identity of the players. The product shall provide players no access to information that might reveal the identity of another player.,not about usability,not about usability,0.10843043029308319
The product shall be intuitive and self-explanatory.  Nine out ten users shall be able to successfully complete a game with no training.,usability,not about usability,0.2218267172574997
 The product shall be available to players who understand English  Spanish and French.  The product shall allow the user to select the language upon accessing the product.,usability,usability,0.07106024771928787
The product shall provide players no access to information that might reveal the identity of another player,not about usability,not about usability,0.13461178541183472
The response time shall be fast enough to maintain the flow of the game. The response time shall be no more than 2 seconds for 95% of responses and no more than 4% for the remaining responses.,not about usability,usability,0.11199896037578583
The system shall be easy to use by callers and supervisors. Callers and supervisors must be able to accomplish any system task within 2 minutes.,usability,usability,0.18963748216629028
The system shall be easy to learn by callers and supervisors. Callers and supervisors shall learn how to use the system within 10 minutes.,usability,usability,0.18324610590934753
 The system shall be responsive. At the DePaul TeleServices Center  when a supervisor uses the system to view a callers schedule  the system response time must be no more than 2 seconds 90% of the time and no more than 5 seconds the rest of the time.,not about usability,usability,0.06754124164581299
 On a 56k connection  the system response time for all operations must be no more than 6 seconds 90% of the time.,not about usability,not about usability,0.08094073832035065
 On a 112k connection or faster  the system response time for all operations must be no more than 3 seconds 90% of the time.,not about usability,not about usability,0.09377674013376236
The system shall have high availability every day of the year.The system must be available for use between 12:00AM and 6:00PM all days of the year.,not about usability,usability,0.036259643733501434
The system must be available for use between 7:00AM and 11:59PM all days of the year.,not about usability,usability,0.026115378364920616
The product shall be internet browser independent.The product must run using Internet Explorer and Netscape Navigator.,not about usability,not about usability,0.11797909438610077
The product shall ensure that only supervisors can advertise empty time slots.The product must ensure that supervisors are allowed to access advertise empty time slots.,not about usability,usability,0.08755128085613251
The product shall ensure that only supervisors can enter a caller’s schedule.The product must ensure that supervisors are allowed to access advertise empty time slots.,not about usability,usability,0.10025124251842499
The product shall ensure that only supervisors can view schedule of all callers.The product must ensure that supervisors are allowed to access advertise empty time slots.,not about usability,usability,0.1023024395108223
 The interface shall have a simple look. In the interface and usability survey  90% of beta testers must report that the interface is adequately simple.,not about usability,usability,0.2588200271129608
 The interface shall be appealing to callers and supervisors. In the interface and usability survey  80% of beta testers must report that the interface is appealing.,not about usability,usability,0.2615034878253937
The product shall provide GUI based Monitoring Services.System Administrators shall monitor message exchanges will predict and determine problems and will also provide internal and external support.,not about usability,usability,0.13261476159095764
The product shall comply with City of Chicago Application Development Guide Framework.Application Development Framework will provide structured Graphical User Interface.,not about usability,usability,0.12827688455581665
The product shall provide Monitoring Services.The product shall be easy for System Administrators and DBAs to use after two weeks of usage.,usability,usability,0.1617620885372162
The product shall provide Error Tracking Services.The product shall help the System Administrators and DBAs to resolve transaction errors 99% of the time.,usability,usability,0.1419753134250641
The product shall provide Portals.The product shall help System Administrators to analyze the transactions with ad-hoc reporting and KPIs (Key Performance Indicators),usability,usability,0.19481848180294037
The product shall provide Asynchronous Messaging.The product shall provide asynchronous messaging to enable parallel processing and reduce the overhead in communications,not about usability,not about usability,0.18161113560199738
The product shall provide Multi-threading and Load Balancing.The product shall provide multi-threading technology as well as load balancing to overcome data load spikes and traffic.,not about usability,usability,0.11095962673425674
The product shall process messages within 2 seconds.The product shall have a maximum message processing time of 2 seconds,not about usability,not about usability,0.1490894854068756
The product shall poll the system for messages every second.The product shall poll the system for new messages at a maximum of every 1 second.,not about usability,usability,0.12217932194471359
The product shall provide Dynamic Change Support and Transparent resource addition.The product shall support Transparent Resource addition and Dynamic Change support to provide scalability and avoid service interruptions of more than 1 day.,not about usability,usability,0.1633707731962204
The product shall be available 99% of the time. Rationale: To avoid service interruption during busiest customer service response periods. The product shall be available 99.99% of the time for regular business days.,not about usability,usability,0.06433580815792084
The product shall be robust.The product shall have fault avoidance based on standards adoption.,not about usability,usability,0.17749211192131042
The product shall be robust with fault tolerance.The product shall have fault tolerance by using recovery technique compensatory transaction and routing around failures.,not about usability,usability,0.12698043882846832
The product shall be able to process all transactions.The product shall process minimum of 1 million transactions per year.,not about usability,not about usability,0.09577743709087372
The product shall be platform independent.The product shall enable access to any type of development environment and platform.,not about usability,not about usability,0.12531128525733948
The product shall interface CSR and Datastream.The product shall exchange messages between CSR and EAM on a real time basis without any direct interfaces between two systems.,not about usability,not about usability,0.09677178412675858
 : The product shall continue to operate during upgrade  change or new resource addition.The product shall be able to continue to operate with no interruption in service due to new resource additions.,not about usability,usability,0.11453896760940552
The product shall be updated on a regular basis.The product will have a new major feature introduced every six months and quarterly maintenance releases every six months.,not about usability,usability,0.05166627839207649
The product shall operate with every platform.The product shall accommodate any new technology without any change in its architecture.,not about usability,not about usability,0.15333683788776398
 The product shall have security.The product shall provide authentication  and authorization.,not about usability,usability,0.1431615650653839
The product shall information Security. The product shall enable privacy by encryption WS-Security and Integrity Checking.,not about usability,not about usability,0.1525871902704239
The product shall have audit capabilities.The product shall store messages for a minimum of one year for audit and transaction tracking purposes.,not about usability,not about usability,0.06603632867336273
The system shall use IBM and CCR branding standards. The interface must have one IBM logo and one CCR logo.,not about usability,usability,0.11685565114021301
The system shall be displayable on any work computer a CCR user may have. The system interface shall be formatted to display at 800 by 600 pixel resolution.,not about usability,usability,0.15539437532424927
The system interface will use CCR nomenclature. The system must use the same nomenclature used in the existing WCS system and reports,not about usability,usability,0.014101505279541016
The interface must summarize the data in a fashion that’s appealing to CCR management. Every report type must have at least one high level summary shown in the results dashboard/interface,not about usability,not about usability,0.03000742197036743
The system must use a point and click interface. 100% of all selection and navigation functionality must be able to be activated/selected by either a mouse or a keyboard,usability,not about usability,0.09680280089378357
The interface shall be easy to use. 90% of users should be able to successfully use the system to generate a report on their first use. The interface should adhere to IBM usability standards.,usability,usability,0.28729984164237976
Rreports must be easy to generate. eports must be generated within one button click and exported within one button click (after selecting the report),usability,not about usability,0.020332731306552887
A user shall be able to use the system without instruction after a short amount of time. After one use a user should understand and remember 90% of the system usage and navigation.,usability,usability,0.22765125334262848
All CCR users shall receive training before the WCS system is deployed. One training session will be held for 100% of CCR users before system deployment (based on a CCR user being available),usability,not about usability,0.04912109300494194
The WCS system shall use appropriate nomenclature and terminology as defined by the Corporate Community Grants organization. All interfaces and reports will undergo usability tests by CCR users.,usability,usability,0.1522941291332245
The WCS system shall be available at all times as long as IBM’s internal intranet W3 is accessible. The WCS system will be available 95% of the time IBM’s internal intranet W3 is available.,not about usability,usability,0.08198754489421844
The WCS system shall have the ability to connect other designated WCS databases currently not included in the system.,not about usability,not about usability,0.06423671543598175
The WCS system shall have the ability to include data for regions outside the United States and be accessed by users outside of the United States if approved by CCR management.,not about usability,not about usability,0.05805368348956108
The WCS system shall be run in a Windows environment. The WCS shall be accessed by users through the Internet on an IBM computer running a Windows 2000 or above operating system.,not about usability,usability,0.05939328670501709
The Brio portion of the WCS system must be able to export files in spreadsheet form (Microsoft Excel and Lotus 1-2-3 formats).  Brio will provide buttons in the user interface that produce/export reports in .xls or .123 file formats.,not about usability,usability,0.043831489980220795
The WCS system must run queries to the WCS databases once again (on a specified day) to update the available data available to CCR users. Queries must be made to external databases for data refresh once a week.,not about usability,not about usability,0.011561639606952667
 All changes  updates  and additions to the WCS system shall be updated in the WCS Developer and WCS User Guides. Every change must be reflected in WCS system documentation,not about usability,usability,-0.02492864988744259
The system shall only be accessed by authorized Corporate Community Grants (CCR) employees. Users must be authenticated using their IBM intranet user name and password.,not about usability,usability,0.061588406562805176
The WCS system shall not allow automatic logins by any user. Cookies containing WCS login information about a user will not be stored on a user’s computer.,not about usability,not about usability,0.06045079603791237
Each team owner will need to use a username and password in order to be authenticated to reach the team owner’s page,not about usability,not about usability,0.07547803968191147
The Commissioner will be the only authorized user per league to adjust league settings.,not about usability,not about usability,-0.01083528995513916
Each page shall contain a navigation menu which shows the index into which the current page is contained.,not about usability,usability,0.08660229295492172
Each page shall contain a similar format with action items in one location and navigation buttons in a different location.,not about usability,usability,0.14009445905685425
The message board shall contain the 5 most recently posted messages on the league page. The messages will contain up to the first 150 characters of the message.,not about usability,not about usability,0.07090193778276443
;A new user shall be able to navigate through the league and team pages within 30 seconds of reaching the start-up page.,usability,not about usability,0.12562957406044006
Users shall be able to reach the ‘add’  ‘drop’  and ‘trade player’ pages with one click from the team owner’s page.,usability,not about usability,0.07154513150453568
;Users shall be able to view at least 25 NFL player statistics and points on each page.,usability,not about usability,0.10281103104352951
The application shall ask the user to confirm dropping a player or trading a player before performing the action.,usability,not about usability,0.09099038690328598
The application shall be able to complete every user transaction within one fourth of a second of receiving the request over the network.,not about usability,usability,0.16352835297584534
The application shall have a downtime of at most 10 minutes per year.,not about usability,not about usability,0.0766279324889183
The application shall run on a web application server.,not about usability,not about usability,0.19153231382369995
A primary database will be used to store cached data for active users.,not about usability,usability,0.09940849989652634
A secondary database will be used to store historical statistics and data.,not about usability,not about usability,0.05889390408992767
Application updates shall occur between 3AM and 6 AM CST on Wednesday morning during the middle of the NFL season.,not about usability,not about usability,0.0390058197081089
New System version releases shall be released at the beginning of each NFL season.,not about usability,not about usability,0.03034287691116333
The RFS system should be available 24/7  especially during the budgeting period. The RFS system shall be available 90% of the time all year  and 98% during the budgeting period. 2% of the time  the system will become available within 1 hour of the time that the situation is reported.,not about usability,usability,-0.01194576732814312
98% of the user workstations shall meet the minimum hardware requirements prior to implementation. Minimum Hard Disk Space:  400MB.,not about usability,not about usability,0.13305944204330444
98% of the user workstations shall meet the minimum software requirements prior to implementation: Microsoft Internet Explorer 5.0. Microsoft .NET Framework 1.1. Microsoft Internet Explorer Web Controls,not about usability,usability,0.20746926963329315
The RFS system should be able to easily interface with the BDW environment  in order to load the data. •;7 data files shall be received from the BDW and loaded into the RFS system within 3 hours one day prior to the start of budgeting process  every year. The data will be as of October month-end. ;Test files (7) shall be loaded up to 5 times throughout the year  from the BDW.,not about usability,usability,0.03303735703229904
Changes to revenue and expense formulae must be applied to the RFS system  every year  prior to the budgeting process start. Revenue and expense formulae will be updated within one week of their receipt  after which 2 weeks will be allotted to testing of the budget calculations  to be conducted jointly by the project development team and PCG Finance.,not about usability,usability,0.014876757748425007
New branches/complexes/districts/regions and revenue/expense accounts added to the BDW  must be reflected in the RFS system. 100% of the entities (mentioned above) available as of October month-end  will be loaded into the RFS system  prior to the budget start process.,not about usability,usability,-0.007961094379425049
Only authorized user shall access the RFS system. ONLY users that exist in the UAS system  with the RFS system assigned to their role(s)  shall access the RFS system and use it.,not about usability,usability,0.04829046130180359
;User access should be limited to the permissions granted to their role(s) Each level in the PCG hierarchy will be assigned a role and users will be assigned to these roles. Access to functionality within RFS system is dependent on the privileges/permission assigned to the role..,not about usability,not about usability,0.08215468376874924
The product must comply with the intranet page standards and requirements of ENET Securities. 95% of the product look & feel will be approved by the Architecture group  prior to implementation. The remaining 5% will be corrected and approved within one month of product release.,not about usability,usability,0.11538698524236679
 The intranet pages should display appropriately in all resolutions  from 800x600 and higher. The display of all the pages will be correct in 95% of the resolutions  prior to implementation. The remaining 5% will be corrected within a week of notification of the incorrect display.,not about usability,usability,0.12393175065517426
The users should be able to easily use the system to successfully complete their budgets  within the stipulated time for completion. With a week of training prior to product implementation  98% of the users shall complete their budgets within the stipulated time.,usability,usability,0.13831710815429688
The product interface should be fast. The response time of the product interface should not exceed 2 seconds 90% of the time. For 10% of the time  the response time should not be more than 10 seconds.not be more than 10 seconds.,not about usability,usability,0.08775496482849121
