,precision,recall,f1-score,support
"instructive, easy, helpful, useful, learnable, explainable, affordable, intuitive, or understandable",0.19281045751633988,0.8805970149253731,0.3163538873994638,67.0
"not about instructive, easy, helpful, useful, learnable, explainable, affordable, intuitive, or understandable",0.875,0.1848184818481848,0.3051771117166212,303.0
accuracy,0.3108108108108108,0.3108108108108108,0.3108108108108108,0.3108108108108108
macro avg,0.5339052287581699,0.5327077483867789,0.3107654995580425,370.0
weighted avg,0.7514683801448507,0.3108108108108108,0.3072010143402711,370.0
