,precision,recall,f1-score,support
"accessibility, aesthetic, contextual, experience, satisfaction, HCI, UX, questionnaire, ease, ergonomics, designer, evaluate, multimodal, practitioner, prototyping, preference, personalization, suitability, focus, clarity, responsiveness, judgement, feel, or helpful",0.0,0.0,0.0,67.0
"security, performance, operational, look & feel, legal, fault & tolerance, maintainability, scalability, availability, or portability",0.8123249299719888,0.9570957095709571,0.8787878787878788,303.0
accuracy,0.7837837837837838,0.7837837837837838,0.7837837837837838,0.7837837837837838
macro avg,0.4061624649859944,0.47854785478547857,0.4393939393939394,370.0
weighted avg,0.6652282534635475,0.7837837837837838,0.7196560196560196,370.0
