,precision,recall,f1-score,support
"accessibility, aesthetic, contextual, experience, satisfaction, HCI, UX, questionnaire, ease, or ergonomics",0.35353535353535354,0.5223880597014925,0.4216867469879518,67.0
"security, performance, operational, look & feel, legal, fault & tolerance, maintainability, scalability, availability, or portability",0.8819188191881919,0.7887788778877888,0.8327526132404183,303.0
accuracy,0.7405405405405405,0.7405405405405405,0.7405405405405405,0.7405405405405405
macro avg,0.6177270863617728,0.6555834687946407,0.627219680114185,370.0
weighted avg,0.7862385700024077,0.7405405405405405,0.7583163617838905,370.0
