,precision,recall,f1-score,support
"accessibility, aesthetic, contextual, experience, satisfaction, HCI, UX, questionnaire, ease, or ergonomics",0.13975155279503104,0.6716417910447762,0.2313624678663239,67.0
"not about accessibility, aesthetic, contextual, experience, satisfaction, HCI, UX, questionnaire, ease, or ergonomics",0.5416666666666666,0.0858085808580858,0.14814814814814814,303.0
accuracy,0.1918918918918919,0.1918918918918919,0.1918918918918919,0.1918918918918919
macro avg,0.34070910973084884,0.378725185951431,0.189755308007236,370.0
weighted avg,0.46888744334396504,0.1918918918918919,0.1632166871241421,370.0
