,precision,recall,f1-score,support
"accessibility, aesthetic, contextual, experience, satisfaction, HCI, UX, questionnaire, ease, or ergonomics",0.3523809523809524,0.5522388059701493,0.43023255813953487,67.0
"security, performance, operational, look & feel, legal, fault & tolerance, maintainability, scalability, availability, or portability",0.8867924528301887,0.7755775577557755,0.8274647887323944,303.0
accuracy,0.7351351351351352,0.7351351351351352,0.7351351351351352,0.7351351351351352
macro avg,0.6195867026055706,0.6639081818629624,0.6288486734359646,370.0
weighted avg,0.7900206405866783,0.7351351351351352,0.7555335469763901,370.0
