,precision,recall,f1-score,support
"accessibility, aesthetic, contextual, experience, satisfaction, HCI, UX, questionnaire, ease, or ergonomics",0.1346153846153846,0.417910447761194,0.20363636363636364,67.0
"security, performance, operational, look & feel, legal, fault & tolerance, maintainability, scalability, availability, or portability",0.7592592592592593,0.40594059405940597,0.5290322580645161,303.0
accuracy,0.4081081081081081,0.4081081081081081,0.4081081081081081,0.4081081081081081
macro avg,0.44693732193732194,0.4119255209103,0.3663343108504399,370.0
weighted avg,0.6461480711480712,0.4081081081081081,0.470109217722121,370.0
