,precision,recall,f1-score,support
"accessibility, aesthetic, contextual, experience, satisfaction, HCI, UX, questionnaire, ease, ergonomics, designer, evaluate, multimodal, practitioner, prototyping, preference, personalization, suitability, focus, clarity, responsiveness, judgement, feel, or helpful",0.3333333333333333,0.29850746268656714,0.31496062992125984,67.0
"security, performance, operational, look & feel, legal, fault & tolerance, maintainability, scalability, availability, or portability",0.8483870967741935,0.8679867986798679,0.8580750407830342,303.0
accuracy,0.7648648648648648,0.7648648648648648,0.7648648648648648,0.7648648648648648
macro avg,0.5908602150537634,0.5832471306832175,0.586517835352147,370.0
weighted avg,0.7551206044754432,0.7648648648648648,0.7597272961134696,370.0
