,precision,recall,f1-score,support
"accessibility, aesthetic, contextual, experience, satisfaction, HCI, UX, questionnaire, ease, or ergonomics",0.15916955017301038,0.6865671641791045,0.25842696629213485,67.0
"not about accessibility, aesthetic, contextual, experience, satisfaction, HCI, UX, questionnaire, ease, or ergonomics",0.7407407407407407,0.19801980198019803,0.3125,303.0
accuracy,0.2864864864864865,0.2864864864864865,0.2864864864864865,0.2864864864864865
macro avg,0.44995514545687554,0.4422934830796512,0.2854634831460674,370.0
weighted avg,0.6354292008271246,0.2864864864864865,0.302708396598846,370.0
