,precision,recall,f1-score,support
"accessibility, aesthetic, contextual, experience, satisfaction, HCI, UX, questionnaire, ease, or ergonomics",0.125,0.3283582089552239,0.18106995884773663,67.0
"security, performance, operational, look & feel, legal, fault & tolerance, maintainability, scalability, availability, or portability",0.7680412371134021,0.49174917491749176,0.5995975855130785,303.0
accuracy,0.46216216216216216,0.46216216216216216,0.46216216216216216,0.46216216216216216
macro avg,0.44652061855670105,0.4100536919363578,0.39033377218040755,370.0
weighted avg,0.6515986347171915,0.46216216216216216,0.5238101504142194,370.0
