,precision,recall,f1-score,support
"accessibility, aesthetic, contextual, experience, satisfaction, HCI, UX, questionnaire, ease, or ergonomics",0.1987179487179487,0.9253731343283582,0.32717678100263853,67.0
"not about accessibility, aesthetic, contextual, experience, satisfaction, HCI, UX, questionnaire, ease, or ergonomics",0.9137931034482759,0.17491749174917492,0.29362880886426596,303.0
accuracy,0.3108108108108108,0.3108108108108108,0.3108108108108108,0.3108108108108108
macro avg,0.5562555260831124,0.5501453130387666,0.31040279493345224,370.0
weighted avg,0.784306521375487,0.3108108108108108,0.29970371192716044,370.0
