,precision,recall,f1-score,support
"instructive, easy, helpful, useful, learnable, explainable, affordable, intuitive, or understandable",0.15693430656934307,0.6417910447761194,0.25219941348973607,67.0
"not about instructive, easy, helpful, useful, learnable, explainable, affordable, intuitive, or understandable",0.75,0.2376237623762376,0.3609022556390977,303.0
accuracy,0.3108108108108108,0.3108108108108108,0.3108108108108108,0.3108108108108108
macro avg,0.4534671532846715,0.4397074035761785,0.3065508345644169,370.0
weighted avg,0.6426070230814757,0.3108108108108108,0.3412182274661052,370.0
