,precision,recall,f1-score,support
"Functional, system, behavior, shall, or must",0.554089709762533,0.8235294117647058,0.6624605678233438,255.0
"Usability, Security, Availability, Legal, Look & Feel, Scalability, Fault & tolerance, Performance, Operational, Maintainability, or Portability",0.8170731707317073,0.5432432432432432,0.6525974025974026,370.0
accuracy,0.6576,0.6576,0.6576,0.6576
macro avg,0.6855814402471201,0.6833863275039745,0.6575289852103732,625.0
weighted avg,0.7097759186562842,0.6576,0.6566215740095867,625.0
