,precision,recall,f1-score,support
"Functional, system, behavior, shall, or must",0.45372460496614,0.788235294117647,0.5759312320916905,255.0
"Usability, Security, Availability, Legal, Look & Feel, Scalability, Fault & tolerance, Performance, Operational, Maintainability, or Portability",0.7032967032967034,0.34594594594594597,0.463768115942029,370.0
accuracy,0.5264,0.5264,0.5264,0.5264
macro avg,0.5785106541314217,0.5670906200317964,0.5198496740168598,625.0
weighted avg,0.6014712871778335,0.5264,0.5095306673310908,625.0
