,precision,recall,f1-score,support
"Functional, system, behavior, shall, must, procedural, structural, or characterize",0.5366492146596858,0.803921568627451,0.6436420722135008,255.0
"Usability, Security, Availability, Legal, Look & Feel, Scalability, Fault & tolerance, Performance, Operational, Maintainability, or Portability",0.7942386831275721,0.5216216216216216,0.6296900489396412,370.0
accuracy,0.6368,0.6368,0.6368,0.6368
macro avg,0.665443948893629,0.6627715951245363,0.636666060576571,625.0
weighted avg,0.6891421799926744,0.6368,0.6353824744353759,625.0
