,precision,recall,f1-score,support
"functional, system, behavior, shall, must, procedural, structural, or characterize",0.4728434504792332,0.5803921568627451,0.5211267605633804,255.0
"not about functional, system, behavior, shall, must, procedural, structural, or characterize",0.657051282051282,0.5540540540540541,0.6011730205278591,370.0
accuracy,0.5648,0.5648,0.5648,0.5648
macro avg,0.5649473662652577,0.5672231054583996,0.5611498905456198,625.0
weighted avg,0.5818944867698861,0.5648,0.5685141464623518,625.0
