,precision,recall,f1-score,support
"functional, system, behavior, shall, must, procedural, structural, or characterize",0.4343065693430657,0.9333333333333333,0.5927770859277709,255.0
"not about functional, system, behavior, shall, must, procedural, structural, or characterize",0.7792207792207793,0.16216216216216217,0.2684563758389262,370.0
accuracy,0.4768,0.4768,0.4768,0.4768
macro avg,0.6067636742819225,0.5477477477477477,0.4306167308833485,625.0
weighted avg,0.6384957815906721,0.4768,0.4007792255551748,625.0
