,precision,recall,f1-score,support
"Functional, system, behavior, shall, must, procedural, structural, or characterize",0.47619047619047616,0.8627450980392157,0.6136680613668061,255.0
"Usability, Security, Availability, Legal, Look & Feel, Scalability, Fault & tolerance, Performance, Operational, Maintainability, or Portability",0.7852760736196319,0.34594594594594597,0.48030018761726084,370.0
accuracy,0.5568,0.5568,0.5568,0.5568
macro avg,0.630733274905054,0.6043455219925808,0.5469841244920335,625.0
weighted avg,0.6591691498685365,0.5568,0.5347142801070753,625.0
