,precision,recall,f1-score,support
"Functional, system, behavior, shall, or must",0.4510250569476082,0.7764705882352941,0.5706051873198847,255.0
"Usability, Security, Availability, Legal, Look & Feel, Scalability, Fault & tolerance, Performance, Operational, Maintainability, or Portability",0.6935483870967742,0.34864864864864864,0.46402877697841727,370.0
accuracy,0.5232,0.5232,0.5232,0.5232
macro avg,0.5722867220221912,0.5625596184419714,0.517316982149151,625.0
weighted avg,0.5945988683959145,0.5232,0.5075119523977359,625.0
