,precision,recall,f1-score,support
"liability, litigation, jurisdiction, regulation, copyright, legislation, enforcement, governmental, directive,civil, right, patentability, claim, violate, infringement, or counsel",0.10227272727272728,0.6923076923076923,0.17821782178217824,13.0
"usability, security, operational, performance, look & feel, fault & tolerance, maintainability, scalability, availability, or portability",0.9858156028368794,0.7787114845938375,0.8701095461658841,357.0
accuracy,0.7756756756756756,0.7756756756756756,0.7756756756756756,0.7756756756756756
macro avg,0.5440441650548034,0.735509588450765,0.5241636839740311,370.0
weighted avg,0.954772204506247,0.7756756756756756,0.8457998369307809,370.0
