Requirement text,Gold label,Predicated label,ZSL score
The system shall refresh the display every 60 seconds.,not about legal,legal,0.08272700011730194
The application shall match the color of the schema set forth by Department of Homeland Security,not about legal,legal,0.13289335370063782
 If projected  the data must be readable.  On a 10x10 projection screen  90% of viewers must be able to read Event / Activity data from a viewing distance of 30,not about legal,legal,0.12154313176870346
 The product shall be available during normal business hours. As long as the user has access to the client PC  the system will be available 99% of the time during the first six months of operation.,not about legal,legal,0.113196961581707
 If projected  the data must be understandable. On a 10x10 projection screen  90% of viewers must be able to determine that Events or Activities are occuring in current time from a viewing distance of 100,not about legal,legal,0.1699613779783249
The product shall ensure that it can only be accessed by authorized users.  The product will be able to distinguish between authorized and unauthorized users in all access attempts,not about legal,legal,0.22017745673656464
The product shall be intuitive and self-explanatory.  :  90% of new users shall be able to start the display of Events or Activities within 90 minutes of using the product.,not about legal,legal,0.16143503785133362
The product shall respond fast to keep up-to-date data in the display.,not about legal,legal,0.23192624747753143
The look and feel of the system shall conform to the user interface standards of the smart device.,not about legal,legal,0.2294808030128479
 The user interface shall have standard menus  buttons for navigation,not about legal,legal,0.17668618261814117
The system shall have a professional appearance,not about legal,legal,0.43237754702568054
The product shall have a consistent color scheme and fonts.,not about legal,legal,0.1911846399307251
The system shall be used by realtors with no training.,not about legal,not about legal,0.2679741084575653
The system shall be intuitive and self explanatory.,not about legal,legal,0.21967075765132904
The product shall be easy for a realtor to learn.,not about legal,legal,0.22979383170604706
The product shall use symbols and words that are naturally understandable by the realtor community.,not about legal,legal,0.20148757100105286
The product shall produce search results in an acceptable time,not about legal,legal,0.22110526263713837
The search results shall be returned no later 30      seconds  after the user has entered the search criteria,not about legal,legal,0.02408541366457939
The product shall generate a CMA report in an acceptable time.,not about legal,legal,0.27826908230781555
The CMA report shall be returned no later 60 seconds after the user has entered the CMA report criteria.,not about legal,legal,0.15792512893676758
The product shall synchronize contacts and appointments in an acceptable time.,not about legal,legal,0.18642111122608185
The product shall synchronize with the office system every hour.,not about legal,legal,0.08976610004901886
 The product shall be available for use 24 hours per day  365 days  per year,not about legal,legal,0.12557999789714813
 Out of 1000 accesses to the system  the system is available 999 times.,not about legal,legal,0.15246090292930603
The product shall operate in offline mode whenever internet connection is unavailable.,not about legal,not about legal,0.11573140323162079
 The product shall allow the user to view previously downloaded search results  CMA reports  and appointments.,not about legal,legal,0.1516553908586502
The product shall retain user preferences in the event of a failure.,not about legal,legal,0.16788730025291443
100% of saved user preferences shall be restored when system comes back online.,not about legal,legal,0.06774860620498657
The product shall be able to support multiple remote users,not about legal,legal,0.11116944998502731
The product shall be able support 1000 simultaneous users.,not about legal,legal,0.12751613557338715
The product shall be capable of handling the existing 1000 users. This number is expected to grow 5 times within the next year.,not about legal,legal,0.10983652621507645
The product shall be installed by an untrained realtor   without recourse to separately-printed instructions.,not about legal,not about legal,0.18266738951206207
90% of untrained realtors shall be able to install the product on their device without printed instructions,not about legal,not about legal,0.17868298292160034
The product is expected to run on Windows CE and Palm operating systems.,not about legal,legal,0.16328638792037964
Only registered realtors shall be able to access the system.,not about legal,not about legal,0.24495945870876312
Every user of the system shall be authenticated and authorized.,not about legal,legal,0.27986183762550354
The product shall prevent its data from incorrect data being introduced.,not about legal,legal,0.26980456709861755
The system shall be easy to use by the Program Administrators/Nursing Staff Members.,not about legal,legal,0.18687105178833008
All of the users shall be able to use the system after one day of training.,not about legal,legal,0.07212608307600021
The system shall help the user avoid making mistakes while scheduling classes and clinicals for the nursing students.,not about legal,legal,0.04101996123790741
The number of mistakes noted by the students shall be decreased by 50% in the first year.,not about legal,not about legal,-0.010745647363364697
The system shall be intuitive to the Program Administrators/Nursing Staff Members.,not about legal,legal,0.15457944571971893
2 out of 3 Program Administrators/Nursing Staff Members shall successfully be able to use the system to manage the scheduling of classes and clinicals.,not about legal,legal,0.0692848488688469
The system shall use symbols and words that are naturally understandable by the user community.,not about legal,legal,0.16528767347335815
The verbiage used within the system shall be consistent with Standard English and the terminology of the national Nursing Community.,not about legal,legal,0.19698326289653778
Staff members shall be able to complete a set of tasks in a timely manner.,not about legal,legal,0.2843068242073059
The response time of general student management tasks shall take no longer than 5 seconds and the response time of schedule generation shall take no longer than 30 seconds.,not about legal,legal,0.03604456037282944
The system shall be available for use between the hours of 8am and 6pm.,not about legal,legal,0.12972408533096313
The system shall achieve 95% up time.,not about legal,legal,0.14250744879245758
system shall be able to handle all of the user requests/usage during business hours.,not about legal,legal,0.18427248299121857
The system shall cater to 10 simultaneous users from 9am to 5pm.,not about legal,legal,0.1068846806883812
The system shall be capable of processing 100% of nursing students and their classes for the next 10 years.,not about legal,legal,0.07904361188411713
The system shall be expected to manage the nursing program curriculum and class/clinical scheduling for a minimum of 5 years.,not about legal,legal,0.0729566365480423
The system shall able to operate within a business office environment typical of the Nursing Department at DePaul University.,not about legal,legal,0.21652059257030487
The system shall be used within the specifications defined by the computers used by the Program Administrators/Nursing Staff Members.,not about legal,legal,0.16228002309799194
The system shall operate within the Windows XP Professional operating system.,not about legal,legal,0.18491119146347046
The system shall interface with CampusConnect’s central server,not about legal,legal,0.15695640444755554
The system shall interface with the faculty central server.,not about legal,legal,0.1234171986579895
The system shall interface with the student master server.,not about legal,legal,0.06382212042808533
We must be able to interface with any HTML browser.,not about legal,legal,0.15895076096057892
Only authorized users shall have access to clinical site information.,not about legal,not about legal,0.1543247550725937
Program Administrators/Nursing Staff Members are the only people who shall have access to clinical site details.,not about legal,legal,0.13684295117855072
Only authorized users shall have access to students’ personal information.,not about legal,not about legal,0.13908402621746063
Dr Susan Poslusny and Dr Julie Donalek are the only people who shall have access to students’ personal information.,not about legal,not about legal,0.19132405519485474
Only authorized users shall have access to the portion of the system that interfaces with CampusConnect.,not about legal,not about legal,0.1880652755498886
Fit Criterion: Dr Susan Poslusny and Karen Sysol are the only people who shall have access to the final class section scheduling for the system that interfaces with CampusConnect.,not about legal,legal,0.20380787551403046
The system shall have basic data integrity checking to reduce the possibility of incorrect or invalid data being introduced.,not about legal,legal,0.1669604629278183
The system shall protect private information in accordance with the organization’s information policy.,not about legal,legal,0.22306311130523682
The system shall be built such that it is as secure as possible from malicious interference.,not about legal,legal,0.19899165630340576
The system shall use the organization’s standard virus protection software to help monitor threats to itself.,not about legal,legal,0.09494978189468384
The Disputes application shall comply with the corporate standards for user interface creation for internally and externally used applications.,not about legal,legal,0.31010255217552185
All screens created as part of the Disputes application must comply with corporate standards for interface creation.,not about legal,legal,0.2353551834821701
The list of dispute cases that are displayed after a search is performed must be color coded for easy identification of dispute cases based upon the dispute case status.,not about legal,legal,0.1422969102859497
100% of the cardmember and merchant services representatives shall use the Disputes application regularly after a 2-day training course.,not about legal,legal,0.09726835787296295
100% of cardmember services representatives shall be able to successfully create a dispute case on the first encounter after completing the training course.,not about legal,legal,0.22530494630336761
100% of merchant services representatives shall be able to successfully perform a follow up action on a dispute case on the first encounter after completing the training course.,not about legal,legal,0.17179624736309052
The maximum wait time for a user navigating from one screen to another within the Disputes application shall be no more than 5 seconds.,not about legal,not about legal,0.15664950013160706
The Disputes application shall support 350 concurrent users without any degradation of performance in the application.,not about legal,legal,0.1847098469734192
 The Disputes application shall be available 24x7x365  with the exception of the following scheduled maintenance windows.  Monday – Saturday 3:00am to 4:00am EST Sunday 1:00amd to 5:00am EST,not about legal,legal,0.23063653707504272
The Disputes application shall interface with the Statement Database. The Statement Database provides the transaction details to the Disputes System. All transaction details must be obtained from the Statement Database,not about legal,legal,0.29537972807884216
The Disputes application shall interface with the Cardmember Information Database.  The Cardmember Information Database provides detailed information with regard to a cardmember.  All cardmember detail information must be obtained from the Cardmember Information Database.,not about legal,legal,0.30920132994651794
The Disputes applications shall interface with the Merchant Information Database.  The Merchant Information Database provides detailed information with regard to the merchant. All merchant detail information shall be obtained from the Merchant Information Database.,not about legal,legal,0.21647752821445465
The Disputes application shall interface with the Letters application.  This will allow the Disputes application to request letters as part of the dispute initiation and dispute follow up process. All letter requests must be sent to the Print Letter Utility application.,not about legal,legal,0.18113352358341217
The Disputes application shall interface with the Cardmember Posting and Billing System.  This will allow the Disputes application to request adjustments to cardmember and merchant’s accounts. All adjustment requests must be sent to the Cardmember Posting and Billing System.,not about legal,legal,0.1617940217256546
The Disputes application shall ensure that only users with the appropriate access level are allowed to initiate dispute requests.,not about legal,legal,0.22460784018039703
Only users with Update access must be able to initiate dispute requests.,not about legal,not about legal,0.25347357988357544
The Disputes application shall ensure that only authorized users are allowed to logon to the application.,not about legal,legal,0.19498825073242188
 All authorized users  once authenticated must be able to logon to the Disputes System,not about legal,legal,0.2760632336139679
The Disputes System shall generate a User Report that details any new users that have been added and any changes to an existing user’s access level.  The report will be reviewed for auditing purposes.,not about legal,legal,0.15262886881828308
All additions of new users and modifications to user’s access shall be recorded on the User Report.,not about legal,legal,0.1902574598789215
 If a user account is revoked  it can only be re-instantiated by the System Administrator.,not about legal,not about legal,0.11485794186592102
Only the System Administrator shall be able to reset a revoked user logon account,not about legal,not about legal,0.040841639041900635
The Disputes application shall manipulate and view business data. Users will not have direct access to data files or databases.,not about legal,not about legal,0.13107067346572876
All updates to data files or database must be initiated from the Disputes System.,not about legal,legal,0.1798112392425537
The Disputes application must conform to the legal requirements as specified by the Merchant Operating Regulations.,legal,legal,0.4478357434272766
All business rules specified in the Disputes System shall be in compliance with the Merchant Operating Regulations.,legal,legal,0.2427576184272766
The Disputes application must conform to the legal requirements as specified by Regulation E and Regulation Z that govern credit card disputes processing.,legal,legal,0.4812794327735901
All business rules specified in the Disputes System shall be in compliance to the guidelines of Regulation E and Regulation Z.,legal,legal,0.2415238320827484
The Disputes application must maintain a detailed history of every action that a user takes on a dispute case.  This ensures a complete audit trail if questions arise later on with regard to a particular dispute case.,legal,legal,0.2741398215293884
All actions that modify an existing dispute case must be recorded in the case history.,legal,legal,0.3673627972602844
The product must support Internet Explorer 5.5 and above.,not about legal,legal,0.05297506973147392
The product must support Mozilla Firefox 1.0 and above.,not about legal,legal,0.09993895888328552
The product shall interface with the Choice Parts System.  This provides the feed of recycled parts data.,not about legal,legal,0.12172061949968338
The product shall run on the existing hardware for all environments.,not about legal,legal,0.1958366483449936
The product shall adhere to the corporate Architecture guidelines,not about legal,legal,0.235037699341774
The product shall comply with corporate User Interface Guidelines,not about legal,legal,0.255514532327652
The product shall comply with corporate color scheme,not about legal,legal,0.20141693949699402
The appearance of the product shall appear professional,not about legal,legal,0.38992318511009216
The product shall be easy to use by Adjusters and Collision Estimators.  95% of Adjusters and Collision Estimators shall find the product easy to use.,not about legal,legal,0.17220135033130646
The product shall increase productivity of Collision Estimators. 80% of the Collision Estimators shall agree their productivity has increase within 1 month of using the product.,not about legal,legal,0.00360681745223701
Users shall feel satisfied using the product.  85% of all users will be satisfied with the product.,not about legal,legal,0.03110896795988083
The product shall be easy to learn by Adjusters and Collision Estimators.  The product shall be learned with two days onsite training,not about legal,legal,0.12567374110221863
The user shall easily locate instructions while using the product.  User help can be found within 90% of the system.,not about legal,legal,0.16500988602638245
The search for recycled parts shall take no longer than 15 seconds.  The search results shall be returned in under 15 seconds.,not about legal,legal,0.1761527955532074
The search for the preferred repair facility shall take no longer than 8 seconds.  The preferred repair facility is returned within 8 seconds,not about legal,legal,0.06330901384353638
The recycled parts audit report shall be returned to the user within 10 seconds.  The audit report shall be returned within 10 seconds.,not about legal,legal,0.06696964055299759
The preferred repair facility ratings shall be saved within 5 seconds. The save shall occur within 5 seconds.,not about legal,legal,0.05279703065752983
The product shall adhere to the corporate online availability schedule.  The application is brought down only within 98% of the scheduled outages per the availability schedule.,not about legal,legal,0.13007213175296783
The product shall achieve a 98% uptime. The product shall not fail more than 2% of the available online time.,not about legal,legal,0.10184438526630402
The product shall be able to handle up to 1500 simultaneous users. The system shall perform with 1500 users as a time.,not about legal,legal,0.14739066362380981
 The average number of recycled parts records per day shall be 50 000.,not about legal,legal,0.10748741030693054
 The product shall be able to handle 10 000 concurrent users within 2 years of the initial launch.,not about legal,legal,0.061959393322467804
 For estimators  the product shall be able to be operated in a repair facility during dirty and noisy conditions.,not about legal,legal,0.1472519189119339
The product shall interface with the ChoiceParts system once per day at approximately 1:00 AM.,not about legal,legal,0.1671256273984909
The maintenance of the product will fall within the established corporate maintenance windows.,not about legal,legal,0.2684166729450226
The product shall be supported using the corporate support center.,not about legal,legal,0.1969471126794815
Product installations and upgrades shall be handled by the middleware technology team within established launch time frames.,not about legal,legal,0.199027419090271
Only adjusters can request recycled parts audit reports. No users without an adjuster role shall request recycled parts audits.,not about legal,not about legal,0.17776484787464142
Only adjusters with a supervisor role can update preferred repair facility ratings. Users without the supervisor role cannot access the repair facility ratings.,not about legal,not about legal,0.10688761621713638
Only collision estimators shall search for recycled parts.  Users without the collision estimator role shall not have access to the search for recycled parts.,not about legal,not about legal,0.2178651988506317
Only valid data shall be entered into the system.  No invalid data shall be entered into the system.,not about legal,not about legal,0.2895110249519348
One insurance company shall not be able to view another insurance companys claim data.,not about legal,not about legal,0.24992798268795013
The product shall free of computer viruses.,not about legal,not about legal,0.13697652518749237
The system shall prevent malicious attacks including denial of service.,not about legal,not about legal,0.09978897124528885
The product must comply with Sarbanes-Oxley.,legal,legal,0.26982614398002625
The product shall comply with the estimatics laws relating to recycled parts usage.,legal,legal,0.245353102684021
The product shall comply with insurance regulations regarding claims processing.,legal,legal,0.23811638355255127
 The product must work with most database management systems (DBMS) on the market  whether the DBMS is colocated with the product on the same machine or is located on a different machine on the computer network.,not about legal,legal,0.12537765502929688
The product will function alongside server software on any operating system where the Java runtime can be installed.,not about legal,legal,0.12074580788612366
The product will require collaboration with a database management system (DBMS).  The DBMS may be located on the same machine as the product or on a separate machine residing on the same computer network.,not about legal,legal,0.09080789238214493
 The product must make use of web/application server technology.  Open source examples include Apache web server  Tomcat  and the JBoss application server.,not about legal,legal,0.1718432754278183
 A database management system such as Oracle  DB2  MySql or HSQL will need to be integrated with the product.,not about legal,legal,0.1684158891439438
 The product’s Look and Feel shall be able to incorporate aspects of the customer’s organization such as logo  branding  and identity,not about legal,legal,0.18966136872768402
The product shall have a conservative and professional appearance.,not about legal,legal,0.29338714480400085
The product shall make the users want to use it. 80% of the users surveyed report they are regularly using the product after the first 2 weeks post-launch.,not about legal,legal,0.03567275404930115
The product shall be easy to use. 90% of users will be able to successfully reserve a conference room within 5 minutes of product use.,not about legal,legal,0.09265618026256561
The product shall give users feedback when necessary. 80% of the users surveyed report that the product accurately confirms their actions.,not about legal,legal,0.10108304768800735
The product shall allow the user to select a chosen language from one of the target market countries.,not about legal,legal,0.1535101979970932
The product shall allow for customization of start page and views preferences.,not about legal,legal,0.14786562323570251
 An employee will be able to successfully use the product within a few minutes.  After informally navigating the product for less than 15 minutes  users shall be able to successfully setup meetings and reserve conference rooms.,not about legal,legal,0.10596772283315659
The product shall use a standard navigation menu familiar to most web users.,not about legal,legal,0.14568956196308136
The product shall allow for intuitive searching of available conference rooms.,not about legal,legal,0.20091155171394348
The product shall conform to the Americans with Disabilities Act.,not about legal,legal,0.31939828395843506
The response shall be fast enough to avoid interrupting the user’s flow of thought.  90% of tasks shall complete within 5 seconds.  98% of tasks shall complete within 8 seconds.,not about legal,legal,0.11659463495016098
 Aside from server failure  the software product shall achieve 99.99% up time.,not about legal,legal,0.0857003703713417
The product shall create an exception log of problems encountered within the product for transmission to our company for analysis and resolution.,not about legal,legal,0.11018941551446915
 The product shall be capable of handling up to 1 000 concurrent requests.  This number will increase to 2 000 by Release 2.  The concurrency capacity must be able to handle peak scheduling times such as early morning and late afternoon hours.,not about legal,legal,0.19076912105083466
 The product shall be able to process 10 000 transactions per hour within two years of its launch.  This number will increase to 20 000 by Release 2.,not about legal,legal,0.07177049666643143
The product shall be expected to operate for at least 5 years for each customer installation.,not about legal,legal,0.06467398256063461
The product shall be used in office environments.,not about legal,legal,0.2127593755722046
The product must be able to interface with any HTML browser.  The product shall transmit data between the user and the product without problems. The product shall display HTML properly in 80% of all HTML browsers tested (minimum is to test 8 browsers).,not about legal,legal,0.07440903782844543
The product must be able to interface with various database management systems. The product shall communicate successfully with the database management system on 100% of all transactions.,not about legal,legal,0.17127291858196259
The product must be able to interface with various email servers. The product shall be able to send email.,not about legal,legal,0.06192988157272339
The product shall be available for distribution via the Internet as a binary or ZIP file.,not about legal,legal,0.05071055516600609
The product shall be available for distribution as a packaged CD.,not about legal,legal,0.20784951746463776
 The product will be available for licensing as a one-server  two-five servers  or five-or-more servers license.,not about legal,legal,0.19017821550369263
A new user must be able to be added to the system within 10 minutes.  90% of new users are able to log into the system within 10 minutes.,not about legal,legal,0.1281711906194687
The product must be designed using Design Patterns and coding best practices.  90% of maintenance software developers are able to integrate new functionality into the product with 2 working days.,not about legal,legal,0.09464764595031738
The product must be highly configurable for use with various database management systems for the end users.  80% of end users are able to integrate new database management systems with the product without changing the product’s software code.,not about legal,legal,0.12636108696460724
Maintenance releases will be offered to customers once a year.  The releases shall take no longer than 5 minutes for 80% of the customer base to install.,not about legal,legal,-0.020492831245064735
Every registered user will have access to the product’s support site via the Internet.  70% of registered users shall find a solution to their problem within 5 minutes of using the support site.,not about legal,legal,-0.007649160921573639
The customer shall be able to easily integrate new building maps with the product throughout the product’s lifecycle.  Integration of new maps with the product shall be possible with little to no support from product support staff.,not about legal,legal,0.08144277334213257
 The product shall be translated into foreign languages other than the target market countries’ languages in future releases.  For each emerging target market  it shall take no more than 5 days to configure the product for that market’s language.,not about legal,legal,0.13518014550209045
 The product is expected to integrate with multiple database management systems.  The product will operate with Oracle  SQL Server  DB2  MySQL  HSQL  and MS Access.,not about legal,legal,0.16188490390777588
The product shall be able to be installed in any operating environment within 2 days.,not about legal,legal,0.10354326665401459
The product shall ensure that only company employees or external users with company-approved user IDs may have product access.  100% of all logons shall be by either company employees or external users with company-approved user IDs.,not about legal,legal,0.10216470807790756
Only managers are able to perform search queries for reservations by user.  100% of all search queries for reservations by user shall be from logons of only management logons.,not about legal,not about legal,0.021598517894744873
The product shall ensure that the database’s data corresponds to the data entered by the user.  Each conference room reservation in the system will contain the same information as was entered by the user.,not about legal,legal,0.19262874126434326
The product shall prevent the input of malicious data.  The product and/or adjacent hardware/software systems’ data shall remain 100% uncorrupted each time malicious data is input into the product.,not about legal,legal,0.13905133306980133
The product and/or dependent databases/filesystems shall remain operational as a result of the input of malicious data.  The product and/or dependent databases/filesystems shall not crash 100% of the time that malicious data is input into the product.,not about legal,legal,0.183991476893425
The product shall have the ability to receive automatic software updates as new threats emerge.  100% of customers will be able to receive automatic software updates transmitted to the installed product.,not about legal,legal,0.09492906183004379
The language of the product shall accommodate all of the target market countries. 90% of survey respondents from each target market country will find that the language of the product is acceptable.,not about legal,legal,0.13397958874702454
The product shall be able to display calendar dates and times according to the user’s locale.  90% of survey respondents from each target market country will find that the date and time formatting of the product is correct.,not about legal,legal,0.14840494096279144
The product must be developed with the J2SE/J2EE programming language libraries,not about legal,legal,0.14350366592407227
Recreation of Inventory Quantity Adjustment for the period of previous 30 days shall take no more than 30min.,not about legal,legal,0.09388299286365509
The System shall allow for a minimum of  6 users to work at the same time.,not about legal,legal,0.15846768021583557
The System shall utilize currently owned computer equipment.,not about legal,legal,0.26452311873435974
The System shall be able to automatically backup business data and restore them on demand.,not about legal,legal,0.0745169073343277
The System shall maintain consistent security.  Any changes in user passwords and/or permissions should take affect in all parts of the System.,not about legal,legal,0.1739439070224762
The System shall granularly control access rights to all major subsystems.  It should be possible to assign access rights to all subsystems independently.,not about legal,legal,0.21151652932167053
The System shall meet all applicable accounting standards.  The final version of the System must successfully pass independent audit performed by a certified auditor.,legal,legal,0.16754838824272156
The System shall not require additional third party licenses resulting in royalty fees.,not about legal,not about legal,0.3363463282585144
Administrator shall be able to activate a pre-paid card via the Administration section in under 5 seconds.,not about legal,legal,0.0848599225282669
 Customer shall be able to check the status of their prepaid card  by entering in the PIN number  in under 5 seconds.,not about legal,legal,0.03598182275891304
System shall let customers register on the website as a “pay as you go” user in under 5 minutes.,not about legal,legal,0.02453884668648243
System shall let customers register on the website as a “unlimited movie subscriber” user in under 10 minutes.,not about legal,legal,0.07754585891962051
System shall let existing customers log into the website with their email address and password in under 5 seconds.,not about legal,legal,-0.0037009301595389843
 System shall let customers cancel their account  process shall take no longer than 2 minutes.  Database will mark the account as inactive  and user will not be able to log into the website.,not about legal,not about legal,0.07440274208784103
System shall let administrator de-activate a customer account in under 1 minute. Customer will no longer be able to access the website.,not about legal,legal,-0.029321588575839996
System shall let administrator add/remove movies on the website in under 5 minutes.  Entered movie information will be stored in the database and will now be available on the website.,not about legal,legal,0.02332148887217045
System shall let the administrator add/remove categories on the website in under 5 minutes.,not about legal,legal,0.010377366095781326
System shall let Izogn Manager access sales and usage statistics in under 2 minutes.,not about legal,legal,0.018564876168966293
System shall let administrators generate unique pre-paid pins in under 2 minutes and generate an Excel file with the generated PINs.,not about legal,legal,0.003649028018116951
The website shall be attractive to all audiences.  The website shall appear to be fun and the colors should be bright and vibrant.,not about legal,legal,0.06992000341415405
 The website should have an African feel  but should not alienate non-Africans.  The website should use animation on pages which are describing the services  to grab the users attention and encourage them to sign up.,not about legal,legal,0.05357740446925163
 The website design should be modern  clean  and concise.,not about legal,legal,0.2533523440361023
The product should be able to be used by 90% of novice users on the Internet.,not about legal,legal,0.06887714564800262
 Users should only have to navigate through a maximum of 4 pages  to create an account with the website.,not about legal,legal,0.08516538143157959
Users should be able to access their streaming movies in under 2 clicks after logging into the website.,not about legal,legal,0.006169212516397238
An anonymous survey will show that 70% of customers are comfortable purchasing streaming movies after 2 weeks using the website.,not about legal,legal,-0.08059254288673401
An anonymous survey will show that 95% of customers are comfortable using and purchasing pre-paid cards after a month of using the system.,not about legal,legal,-0.033772725611925125
The product shall retain the customer’s buying preferences and information.,not about legal,legal,0.14509977400302887
The product shall be easy for customers with novice skills on the  Internet to purchase and watch streaming movies.  Customers should be able to purchase and watch a pre-determined movie in under 3 minutes.,not about legal,legal,0.05915391445159912
The product shall use symbols and words that are naturally understandable by users familiar with websites,not about legal,legal,0.17829467356204987
The website will use standard Internet conventions when interacting with the user.,not about legal,legal,0.2399352490901947
 Any interface between a user and the automated system shall have a maximum response time of 5 seconds  unless noted by an exception below.,not about legal,legal,0.07522908598184586
 When purchasing a streaming movie or pre-paid card via credit card  the processing time should have a maximum response time of 15 seconds.,not about legal,legal,0.12102720141410828
 When streaming a movie  the buffering time should take no longer than 10 seconds (plus any latency on the user’s connection.),not about legal,not about legal,0.07664874196052551
 While streaming a movie  buffering should only occur if there is latency in the user’s connection.,not about legal,not about legal,0.14712172746658325
 All credit card information will be secured on the server  and only accessible by authorized Izogn administrators.  Information will be encrypted in the database.,not about legal,legal,0.12299787253141403
 The website shall be available for use 24 hours per day  365 days per year.,not about legal,legal,0.09931174665689468
The website shall achieve 99.5% up time.,not about legal,legal,0.08097786456346512
 All movies shall be streamed on demand  at any time of the day.,not about legal,legal,0.08738533407449722
The website shall continue to operate if the streaming server goes down.,not about legal,not about legal,0.08533081412315369
The website shall continue to operate if the payment gateway goes down.,not about legal,not about legal,0.125812828540802
The streaming server will support 50 simultaneous streaming connections.,not about legal,legal,-0.007009499240666628
The streaming server will support a maximum of 700 movies  new servers can be added to support more movies.,not about legal,legal,0.06203862279653549
 The server will support a maximum of 1 000 simultaneous users.,not about legal,legal,0.08317350596189499
 The website shall be capable of supporting 100 000 customers.,not about legal,legal,0.052692558616399765
The product shall be expected to operate within the maximum maintenance budget for a minimum of 2 years.,not about legal,legal,0.1645205020904541
All aspects of the website shall be accessed by a web browser over the Internet.,not about legal,legal,0.029820917174220085
The same hardware supporting the current website will be used to support the new system.,not about legal,legal,0.1849876344203949
 We must be able to interface with the following browsers: IE 5.X  6.0  Netscape 6.x  7.x  8.x and Firefox 1.0.,not about legal,legal,0.05174876004457474
Website must interface with the CyberSource API to process credit card transactions.,not about legal,legal,0.16407807171344757
Website must be fully operational with MSN TV2.,not about legal,legal,0.14975392818450928
Movies shall be encoded and streamed via Windows Media Player 9.0.,not about legal,legal,0.10573199391365051
Movies shall be encoded for 56k and 256k streams.,not about legal,legal,0.1318800002336502
Promotional updates to the website should take a day to update.,not about legal,legal,0.15522463619709015
Izogn Administrator must be able to update the category listings on the website within 2 minutes.,not about legal,legal,0.053888753056526184
Izogn Administrator must be able to add new products to the website within 2 minutes.,not about legal,legal,0.04343174770474434
The system will provide a 24 hour 800 toll free number for support to its customers.,not about legal,legal,0.04017244279384613
The website will provide a help section with answers and solutions to common problems.,not about legal,legal,0.10234636813402176
 Velkat staff will be available for phone support between 7am-7pm  M-F to provide technical support to the Izogn administrators.,not about legal,legal,0.09325254708528519
The product shall be able to be installed in the specified environment within 1 working day.,not about legal,legal,0.16312910616397858
Only registered customers can purchase streaming movies.,not about legal,not about legal,0.14366677403450012
 A customer can only stream a movie if they purchased it  and are within the 2 day viewing period.,not about legal,not about legal,0.0004466865211725235
Only authorized personnel can access customer records in the database.,not about legal,not about legal,0.25043126940727234
Only administrators can activate a pre-paid card.,not about legal,not about legal,0.17173805832862854
Only authorized personnel can access sales information.,not about legal,not about legal,0.20576591789722443
The website shall prevent its data from being corrupted when incorrect data is entered in.,not about legal,not about legal,0.15950554609298706
 The website shall protect itself from intentional abuse  and notify the administrator at all occurrences.,not about legal,legal,0.13115082681179047
Data integrity scripts will be run on a weekly basis to verify the integrity of the database.,not about legal,legal,0.11418191343545914
 The website shall make its user aware of its information practices before collection data from them via a Privacy Policy  accessible on all pages of the website.,not about legal,legal,0.1433894783258438
The system shall notify customers of changes to its information policy.,not about legal,not about legal,0.2184351086616516
The system shall reveal private information only in compliance with the organization’s information policy.,not about legal,not about legal,0.22677862644195557
 All customer information will be stored on a secure database  accessible only to authorized personnel.,not about legal,legal,0.20547336339950562
All credit card information will be encrypted in the database.,not about legal,legal,0.09770675748586655
The streaming server will have anti-virus software to prevent infection of malicious viruses.,not about legal,legal,0.020056217908859253
The website should cater to all tribes in Nigeria.,not about legal,legal,0.09440556168556213
The website shall not be offensive to religious or ethnic groups.,not about legal,not about legal,0.2687712609767914
 The website should appeal to all Africans  not only Nigerians.,not about legal,legal,0.11707942932844162
The website should use Flash to provide animation on the home page.,not about legal,legal,0.0004778048023581505
IzognMovies shall meet the licensing requirements set forth by the appropriate organizations in order to stream African movies.,legal,legal,0.15952646732330322
The website will comply with W3C standards.,legal,legal,0.266032338142395
The PHP code will comply with PEAR standards.,legal,legal,0.26498013734817505
Total lead cycle time must be completed in 5 minutes for 90% of lead volume between the business hours of 8AM CST to 8PM CST  then 3 minutes for 99% of lead volume during off business hours.,not about legal,legal,0.020641911774873734
No lead evaluation will complete in a time period longer than 25 seconds for 97% of all leads processed.,not about legal,not about legal,0.043428026139736176
For leads that process longer than 25 seconds the system will record the event and duration,not about legal,legal,0.17819054424762726
The process must fit within the processing time conditions set forth by the Auto Rep Assignment process in which a lead is assigned within 3 minutes of the total life cycle.,not about legal,legal,0.16228997707366943
The lead washing process will operate within the established physical web service structure.,not about legal,legal,0.11341509222984314
 The washing process must use a non binding  neutral data format  such as xml  when receiving and processing lead data.,not about legal,legal,0.1364774852991104
Defect reports will be available to technical units on a 24x7 basis.,not about legal,legal,0.12497713416814804
Washing parameters will be updated during scheduled maintenance hours.,not about legal,legal,0.12419959157705307
The product shall simulate the look of ships at sea.,not about legal,legal,0.2291884869337082
The product shall display the grids within a circle as a view from a periscope.,not about legal,legal,0.1106385886669159
The product shall display each type of ship in a grid using an image of the specific type of ship.,not about legal,legal,0.1310909241437912
 When the offensive player takes a shot  the product shall simulate the sound of a ship at sea.,not about legal,legal,0.18077415227890015
 When a shot is marked as a miss  the product shall simulate the sound of a shot missing its target.,not about legal,not about legal,0.15213705599308014
 When a shot is marked as a hit  the product shall simulate the sound of a shot hitting its target.,not about legal,legal,0.2192007303237915
 When a ship is sunk  the product shall simulate the sound of a sinking ship.,not about legal,legal,0.013087865896522999
 The product shall be available 24 hours per day  seven days per week.,not about legal,legal,0.15161243081092834
The product shall able to handle a large number of games simultaneously.,not about legal,legal,0.21305829286575317
The response time shall be fast enough to maintain the flow of the game.  The response time shall be no more than 2 seconds for 95% of responses and no more than 4% for the remaining responses.,not about legal,legal,0.11330196261405945
The product shall protect the identity of the players. The product shall provide players no access to information that might reveal the identity of another player.,not about legal,not about legal,0.1682608723640442
The product shall be intuitive and self-explanatory.  Nine out ten users shall be able to successfully complete a game with no training.,not about legal,not about legal,0.10584944486618042
 The product shall be available to players who understand English  Spanish and French.  The product shall allow the user to select the language upon accessing the product.,not about legal,legal,0.1534813791513443
The product shall provide players no access to information that might reveal the identity of another player,not about legal,not about legal,0.2972559630870819
The response time shall be fast enough to maintain the flow of the game. The response time shall be no more than 2 seconds for 95% of responses and no more than 4% for the remaining responses.,not about legal,legal,0.11330196261405945
The system shall be easy to use by callers and supervisors. Callers and supervisors must be able to accomplish any system task within 2 minutes.,not about legal,legal,0.11263580620288849
The system shall be easy to learn by callers and supervisors. Callers and supervisors shall learn how to use the system within 10 minutes.,not about legal,legal,0.08687904477119446
 The system shall be responsive. At the DePaul TeleServices Center  when a supervisor uses the system to view a callers schedule  the system response time must be no more than 2 seconds 90% of the time and no more than 5 seconds the rest of the time.,not about legal,legal,0.07056716084480286
 On a 56k connection  the system response time for all operations must be no more than 6 seconds 90% of the time.,not about legal,legal,0.10025051236152649
 On a 112k connection or faster  the system response time for all operations must be no more than 3 seconds 90% of the time.,not about legal,legal,0.09892794489860535
The system shall have high availability every day of the year.The system must be available for use between 12:00AM and 6:00PM all days of the year.,not about legal,legal,0.17147915065288544
The system must be available for use between 7:00AM and 11:59PM all days of the year.,not about legal,legal,0.15201470255851746
The product shall be internet browser independent.The product must run using Internet Explorer and Netscape Navigator.,not about legal,not about legal,0.0569823794066906
The product shall ensure that only supervisors can advertise empty time slots.The product must ensure that supervisors are allowed to access advertise empty time slots.,not about legal,not about legal,0.13311734795570374
The product shall ensure that only supervisors can enter a caller’s schedule.The product must ensure that supervisors are allowed to access advertise empty time slots.,not about legal,not about legal,0.1174357607960701
The product shall ensure that only supervisors can view schedule of all callers.The product must ensure that supervisors are allowed to access advertise empty time slots.,not about legal,not about legal,0.08378252387046814
 The interface shall have a simple look. In the interface and usability survey  90% of beta testers must report that the interface is adequately simple.,not about legal,legal,0.20022502541542053
 The interface shall be appealing to callers and supervisors. In the interface and usability survey  80% of beta testers must report that the interface is appealing.,not about legal,legal,0.08048801124095917
The product shall provide GUI based Monitoring Services.System Administrators shall monitor message exchanges will predict and determine problems and will also provide internal and external support.,not about legal,legal,0.12744949758052826
The product shall comply with City of Chicago Application Development Guide Framework.Application Development Framework will provide structured Graphical User Interface.,not about legal,legal,0.21989381313323975
The product shall provide Monitoring Services.The product shall be easy for System Administrators and DBAs to use after two weeks of usage.,not about legal,legal,0.07740470767021179
The product shall provide Error Tracking Services.The product shall help the System Administrators and DBAs to resolve transaction errors 99% of the time.,not about legal,legal,0.08580189943313599
The product shall provide Portals.The product shall help System Administrators to analyze the transactions with ad-hoc reporting and KPIs (Key Performance Indicators),not about legal,legal,0.18667864799499512
The product shall provide Asynchronous Messaging.The product shall provide asynchronous messaging to enable parallel processing and reduce the overhead in communications,not about legal,legal,0.04040534421801567
The product shall provide Multi-threading and Load Balancing.The product shall provide multi-threading technology as well as load balancing to overcome data load spikes and traffic.,not about legal,legal,0.13775068521499634
The product shall process messages within 2 seconds.The product shall have a maximum message processing time of 2 seconds,not about legal,legal,0.04108861833810806
The product shall poll the system for messages every second.The product shall poll the system for new messages at a maximum of every 1 second.,not about legal,legal,-0.0341021791100502
The product shall provide Dynamic Change Support and Transparent resource addition.The product shall support Transparent Resource addition and Dynamic Change support to provide scalability and avoid service interruptions of more than 1 day.,not about legal,legal,0.17876407504081726
The product shall be available 99% of the time. Rationale: To avoid service interruption during busiest customer service response periods. The product shall be available 99.99% of the time for regular business days.,not about legal,legal,0.1725316345691681
The product shall be robust.The product shall have fault avoidance based on standards adoption.,not about legal,legal,0.17224843800067902
The product shall be robust with fault tolerance.The product shall have fault tolerance by using recovery technique compensatory transaction and routing around failures.,not about legal,legal,0.11453985422849655
The product shall be able to process all transactions.The product shall process minimum of 1 million transactions per year.,not about legal,legal,0.1905469298362732
The product shall be platform independent.The product shall enable access to any type of development environment and platform.,not about legal,legal,0.22002671658992767
The product shall interface CSR and Datastream.The product shall exchange messages between CSR and EAM on a real time basis without any direct interfaces between two systems.,not about legal,not about legal,0.21884439885616302
 : The product shall continue to operate during upgrade  change or new resource addition.The product shall be able to continue to operate with no interruption in service due to new resource additions.,not about legal,legal,0.2095722258090973
The product shall be updated on a regular basis.The product will have a new major feature introduced every six months and quarterly maintenance releases every six months.,not about legal,legal,0.17947447299957275
The product shall operate with every platform.The product shall accommodate any new technology without any change in its architecture.,not about legal,legal,0.2326265275478363
 The product shall have security.The product shall provide authentication  and authorization.,not about legal,legal,0.26793181896209717
The product shall information Security. The product shall enable privacy by encryption WS-Security and Integrity Checking.,not about legal,legal,0.20523186028003693
The product shall have audit capabilities.The product shall store messages for a minimum of one year for audit and transaction tracking purposes.,not about legal,legal,0.1150471419095993
The system shall use IBM and CCR branding standards. The interface must have one IBM logo and one CCR logo.,not about legal,legal,0.1548369824886322
The system shall be displayable on any work computer a CCR user may have. The system interface shall be formatted to display at 800 by 600 pixel resolution.,not about legal,legal,0.08150728046894073
The system interface will use CCR nomenclature. The system must use the same nomenclature used in the existing WCS system and reports,not about legal,legal,0.2624865770339966
The interface must summarize the data in a fashion that’s appealing to CCR management. Every report type must have at least one high level summary shown in the results dashboard/interface,not about legal,legal,0.2168121039867401
The system must use a point and click interface. 100% of all selection and navigation functionality must be able to be activated/selected by either a mouse or a keyboard,not about legal,legal,0.1586487591266632
The interface shall be easy to use. 90% of users should be able to successfully use the system to generate a report on their first use. The interface should adhere to IBM usability standards.,not about legal,legal,0.14152728021144867
Rreports must be easy to generate. eports must be generated within one button click and exported within one button click (after selecting the report),not about legal,legal,0.23256294429302216
A user shall be able to use the system without instruction after a short amount of time. After one use a user should understand and remember 90% of the system usage and navigation.,not about legal,legal,0.13456545770168304
All CCR users shall receive training before the WCS system is deployed. One training session will be held for 100% of CCR users before system deployment (based on a CCR user being available),not about legal,legal,0.04765494912862778
The WCS system shall use appropriate nomenclature and terminology as defined by the Corporate Community Grants organization. All interfaces and reports will undergo usability tests by CCR users.,not about legal,legal,0.16523107886314392
The WCS system shall be available at all times as long as IBM’s internal intranet W3 is accessible. The WCS system will be available 95% of the time IBM’s internal intranet W3 is available.,not about legal,legal,0.11471302062273026
The WCS system shall have the ability to connect other designated WCS databases currently not included in the system.,not about legal,legal,0.16134992241859436
The WCS system shall have the ability to include data for regions outside the United States and be accessed by users outside of the United States if approved by CCR management.,not about legal,legal,0.16091999411582947
The WCS system shall be run in a Windows environment. The WCS shall be accessed by users through the Internet on an IBM computer running a Windows 2000 or above operating system.,not about legal,legal,-0.018860528245568275
The Brio portion of the WCS system must be able to export files in spreadsheet form (Microsoft Excel and Lotus 1-2-3 formats).  Brio will provide buttons in the user interface that produce/export reports in .xls or .123 file formats.,not about legal,legal,0.07081599533557892
The WCS system must run queries to the WCS databases once again (on a specified day) to update the available data available to CCR users. Queries must be made to external databases for data refresh once a week.,not about legal,legal,0.05456734821200371
 All changes  updates  and additions to the WCS system shall be updated in the WCS Developer and WCS User Guides. Every change must be reflected in WCS system documentation,not about legal,legal,0.1501086950302124
The system shall only be accessed by authorized Corporate Community Grants (CCR) employees. Users must be authenticated using their IBM intranet user name and password.,not about legal,not about legal,0.11746072769165039
The WCS system shall not allow automatic logins by any user. Cookies containing WCS login information about a user will not be stored on a user’s computer.,not about legal,not about legal,0.1942455768585205
Each team owner will need to use a username and password in order to be authenticated to reach the team owner’s page,not about legal,legal,0.06714026629924774
The Commissioner will be the only authorized user per league to adjust league settings.,not about legal,legal,0.10485868155956268
Each page shall contain a navigation menu which shows the index into which the current page is contained.,not about legal,legal,0.18150800466537476
Each page shall contain a similar format with action items in one location and navigation buttons in a different location.,not about legal,legal,0.28350111842155457
The message board shall contain the 5 most recently posted messages on the league page. The messages will contain up to the first 150 characters of the message.,not about legal,legal,0.036628469824790955
;A new user shall be able to navigate through the league and team pages within 30 seconds of reaching the start-up page.,not about legal,legal,0.027307026088237762
Users shall be able to reach the ‘add’  ‘drop’  and ‘trade player’ pages with one click from the team owner’s page.,not about legal,legal,0.10284938663244247
;Users shall be able to view at least 25 NFL player statistics and points on each page.,not about legal,legal,0.059820130467414856
The application shall ask the user to confirm dropping a player or trading a player before performing the action.,not about legal,legal,0.03064679726958275
The application shall be able to complete every user transaction within one fourth of a second of receiving the request over the network.,not about legal,legal,0.08530617505311966
The application shall have a downtime of at most 10 minutes per year.,not about legal,legal,0.08853951841592789
The application shall run on a web application server.,not about legal,legal,0.04298250004649162
A primary database will be used to store cached data for active users.,not about legal,legal,0.12709350883960724
A secondary database will be used to store historical statistics and data.,not about legal,legal,0.10726036131381989
Application updates shall occur between 3AM and 6 AM CST on Wednesday morning during the middle of the NFL season.,not about legal,legal,0.09970886260271072
New System version releases shall be released at the beginning of each NFL season.,not about legal,legal,0.09270497411489487
The RFS system should be available 24/7  especially during the budgeting period. The RFS system shall be available 90% of the time all year  and 98% during the budgeting period. 2% of the time  the system will become available within 1 hour of the time that the situation is reported.,not about legal,legal,0.1341606080532074
98% of the user workstations shall meet the minimum hardware requirements prior to implementation. Minimum Hard Disk Space:  400MB.,not about legal,legal,0.07140083611011505
98% of the user workstations shall meet the minimum software requirements prior to implementation: Microsoft Internet Explorer 5.0. Microsoft .NET Framework 1.1. Microsoft Internet Explorer Web Controls,not about legal,legal,0.049162857234478
The RFS system should be able to easily interface with the BDW environment  in order to load the data. •;7 data files shall be received from the BDW and loaded into the RFS system within 3 hours one day prior to the start of budgeting process  every year. The data will be as of October month-end. ;Test files (7) shall be loaded up to 5 times throughout the year  from the BDW.,not about legal,legal,0.05373220890760422
Changes to revenue and expense formulae must be applied to the RFS system  every year  prior to the budgeting process start. Revenue and expense formulae will be updated within one week of their receipt  after which 2 weeks will be allotted to testing of the budget calculations  to be conducted jointly by the project development team and PCG Finance.,not about legal,legal,0.04072897508740425
New branches/complexes/districts/regions and revenue/expense accounts added to the BDW  must be reflected in the RFS system. 100% of the entities (mentioned above) available as of October month-end  will be loaded into the RFS system  prior to the budget start process.,not about legal,legal,0.12338025122880936
Only authorized user shall access the RFS system. ONLY users that exist in the UAS system  with the RFS system assigned to their role(s)  shall access the RFS system and use it.,not about legal,not about legal,0.1648717075586319
;User access should be limited to the permissions granted to their role(s) Each level in the PCG hierarchy will be assigned a role and users will be assigned to these roles. Access to functionality within RFS system is dependent on the privileges/permission assigned to the role..,not about legal,not about legal,0.1501762717962265
The product must comply with the intranet page standards and requirements of ENET Securities. 95% of the product look & feel will be approved by the Architecture group  prior to implementation. The remaining 5% will be corrected and approved within one month of product release.,not about legal,legal,0.15531319379806519
 The intranet pages should display appropriately in all resolutions  from 800x600 and higher. The display of all the pages will be correct in 95% of the resolutions  prior to implementation. The remaining 5% will be corrected within a week of notification of the incorrect display.,not about legal,legal,0.023440755903720856
The users should be able to easily use the system to successfully complete their budgets  within the stipulated time for completion. With a week of training prior to product implementation  98% of the users shall complete their budgets within the stipulated time.,not about legal,legal,0.09185190498828888
The product interface should be fast. The response time of the product interface should not exceed 2 seconds 90% of the time. For 10% of the time  the response time should not be more than 10 seconds.not be more than 10 seconds.,not about legal,legal,0.12357079982757568
