,precision,recall,f1-score,support
"liability, litigation, jurisdiction, regulation, copyright, legislation, enforcement, governmental, directive,civil, right, patentability, claim, violate, infringement, or counsel",0.019801980198019802,0.15384615384615385,0.03508771929824561,13.0
"not about liability, litigation, jurisdiction, regulation, copyright, legislation, enforcement, governmental, directive,civil, right, patentability, claim, violate, infringement, or counsel",0.9591078066914498,0.7226890756302521,0.8242811501597445,357.0
accuracy,0.7027027027027027,0.7027027027027027,0.7027027027027027,0.7027027027027027
macro avg,0.4894548934447348,0.43826761473820297,0.42968443472899503,370.0
weighted avg,0.9261051695443833,0.7027027027027027,0.7965527323186649,370.0
