,precision,recall,f1-score,support
"liability, litigation, jurisdiction, regulation, copyright, legislation, enforcement, governmental, directive,civil, right, patentability, claim, violate, infringement, counsel, holder, dispute, illegal, judicial, ruling, agreement, ownership, comply, authority, law, accountability, abuse, intellectual, obligation, invention, court, ethical, concern, or policy",0.07142857142857142,0.07692307692307693,0.07407407407407408,13.0
"usability, security, operational, performance, look & feel, fault & tolerance, maintainability, scalability, availability, or portability",0.9662921348314607,0.9635854341736695,0.9649368863955119,357.0
accuracy,0.9324324324324325,0.9324324324324325,0.9324324324324325,0.9324324324324325
macro avg,0.5188603531300161,0.5202542555483732,0.519505480234793,370.0
weighted avg,0.9348509826037916,0.9324324324324325,0.9336363010977318,370.0
