,precision,recall,f1-score,support
"liability, litigation, jurisdiction, regulation, copyright, legislation, enforcement, governmental, directive,civil, right, patentability, claim, violate, infringement, or counsel",0.01694915254237288,0.07692307692307693,0.027777777777777776,13.0
"usability, security, operational, performance, look & feel, fault & tolerance, maintainability, scalability, availability, or portability",0.9614147909967846,0.8375350140056023,0.8952095808383234,357.0
accuracy,0.8108108108108109,0.8108108108108109,0.8108108108108109,0.8108108108108109
macro avg,0.4891819717695787,0.4572290454643396,0.4614936793080506,370.0
weighted avg,0.9282308631591971,0.8108108108108109,0.864732247217277,370.0
