Requirement text,Gold label,Predicated label,ZSL score
The system shall refresh the display every 60 seconds.,"not about legal, law, or rules","legal, law, or rules",0.08634985238313675
The application shall match the color of the schema set forth by Department of Homeland Security,"not about legal, law, or rules","legal, law, or rules",0.2034403383731842
 If projected  the data must be readable.  On a 10x10 projection screen  90% of viewers must be able to read Event / Activity data from a viewing distance of 30,"not about legal, law, or rules","not about legal, law, or rules",0.08247040212154388
 The product shall be available during normal business hours. As long as the user has access to the client PC  the system will be available 99% of the time during the first six months of operation.,"not about legal, law, or rules","legal, law, or rules",0.10655994713306427
 If projected  the data must be understandable. On a 10x10 projection screen  90% of viewers must be able to determine that Events or Activities are occuring in current time from a viewing distance of 100,"not about legal, law, or rules","not about legal, law, or rules",0.08212639391422272
The product shall ensure that it can only be accessed by authorized users.  The product will be able to distinguish between authorized and unauthorized users in all access attempts,"not about legal, law, or rules","legal, law, or rules",0.17101696133613586
The product shall be intuitive and self-explanatory.  :  90% of new users shall be able to start the display of Events or Activities within 90 minutes of using the product.,"not about legal, law, or rules","legal, law, or rules",0.16025657951831818
The product shall respond fast to keep up-to-date data in the display.,"not about legal, law, or rules","legal, law, or rules",0.0714561939239502
The look and feel of the system shall conform to the user interface standards of the smart device.,"not about legal, law, or rules","legal, law, or rules",0.17273825407028198
 The user interface shall have standard menus  buttons for navigation,"not about legal, law, or rules","legal, law, or rules",0.04805450141429901
The system shall have a professional appearance,"not about legal, law, or rules","legal, law, or rules",0.3637361526489258
The product shall have a consistent color scheme and fonts.,"not about legal, law, or rules","legal, law, or rules",0.17164230346679688
The system shall be used by realtors with no training.,"not about legal, law, or rules","not about legal, law, or rules",0.2503315508365631
The system shall be intuitive and self explanatory.,"not about legal, law, or rules","not about legal, law, or rules",0.24296647310256958
The product shall be easy for a realtor to learn.,"not about legal, law, or rules","not about legal, law, or rules",0.215389221906662
The product shall use symbols and words that are naturally understandable by the realtor community.,"not about legal, law, or rules","legal, law, or rules",0.16653677821159363
The product shall produce search results in an acceptable time,"not about legal, law, or rules","legal, law, or rules",0.22765372693538666
The search results shall be returned no later 30      seconds  after the user has entered the search criteria,"not about legal, law, or rules","legal, law, or rules",0.12282082438468933
The product shall generate a CMA report in an acceptable time.,"not about legal, law, or rules","legal, law, or rules",0.13289926946163177
The CMA report shall be returned no later 60 seconds after the user has entered the CMA report criteria.,"not about legal, law, or rules","legal, law, or rules",0.054460328072309494
The product shall synchronize contacts and appointments in an acceptable time.,"not about legal, law, or rules","legal, law, or rules",0.12779438495635986
The product shall synchronize with the office system every hour.,"not about legal, law, or rules","legal, law, or rules",0.16719195246696472
 The product shall be available for use 24 hours per day  365 days  per year,"not about legal, law, or rules","legal, law, or rules",0.20262411236763
 Out of 1000 accesses to the system  the system is available 999 times.,"not about legal, law, or rules","legal, law, or rules",0.11298651993274689
The product shall operate in offline mode whenever internet connection is unavailable.,"not about legal, law, or rules","legal, law, or rules",0.13144241273403168
 The product shall allow the user to view previously downloaded search results  CMA reports  and appointments.,"not about legal, law, or rules","legal, law, or rules",0.009190162643790245
The product shall retain user preferences in the event of a failure.,"not about legal, law, or rules","legal, law, or rules",0.10535041242837906
100% of saved user preferences shall be restored when system comes back online.,"not about legal, law, or rules","legal, law, or rules",0.029214145615696907
The product shall be able to support multiple remote users,"not about legal, law, or rules","legal, law, or rules",0.0810927301645279
The product shall be able support 1000 simultaneous users.,"not about legal, law, or rules","legal, law, or rules",0.05385231226682663
The product shall be capable of handling the existing 1000 users. This number is expected to grow 5 times within the next year.,"not about legal, law, or rules","legal, law, or rules",0.0634961873292923
The product shall be installed by an untrained realtor   without recourse to separately-printed instructions.,"not about legal, law, or rules","not about legal, law, or rules",0.2184862196445465
90% of untrained realtors shall be able to install the product on their device without printed instructions,"not about legal, law, or rules","not about legal, law, or rules",0.22581179440021515
The product is expected to run on Windows CE and Palm operating systems.,"not about legal, law, or rules","legal, law, or rules",0.04546627029776573
Only registered realtors shall be able to access the system.,"not about legal, law, or rules","not about legal, law, or rules",0.18760055303573608
Every user of the system shall be authenticated and authorized.,"not about legal, law, or rules","legal, law, or rules",0.2275867909193039
The product shall prevent its data from incorrect data being introduced.,"not about legal, law, or rules","legal, law, or rules",0.18780408799648285
The system shall be easy to use by the Program Administrators/Nursing Staff Members.,"not about legal, law, or rules","not about legal, law, or rules",0.10149169713258743
All of the users shall be able to use the system after one day of training.,"not about legal, law, or rules","legal, law, or rules",0.13600322604179382
The system shall help the user avoid making mistakes while scheduling classes and clinicals for the nursing students.,"not about legal, law, or rules","not about legal, law, or rules",0.13176487386226654
The number of mistakes noted by the students shall be decreased by 50% in the first year.,"not about legal, law, or rules","not about legal, law, or rules",0.04629864543676376
The system shall be intuitive to the Program Administrators/Nursing Staff Members.,"not about legal, law, or rules","legal, law, or rules",0.1649889498949051
2 out of 3 Program Administrators/Nursing Staff Members shall successfully be able to use the system to manage the scheduling of classes and clinicals.,"not about legal, law, or rules","legal, law, or rules",0.10528326034545898
The system shall use symbols and words that are naturally understandable by the user community.,"not about legal, law, or rules","legal, law, or rules",0.21499022841453552
The verbiage used within the system shall be consistent with Standard English and the terminology of the national Nursing Community.,"not about legal, law, or rules","legal, law, or rules",0.129523366689682
Staff members shall be able to complete a set of tasks in a timely manner.,"not about legal, law, or rules","legal, law, or rules",0.1422835737466812
The response time of general student management tasks shall take no longer than 5 seconds and the response time of schedule generation shall take no longer than 30 seconds.,"not about legal, law, or rules","legal, law, or rules",0.11576739698648453
The system shall be available for use between the hours of 8am and 6pm.,"not about legal, law, or rules","legal, law, or rules",0.17263242602348328
The system shall achieve 95% up time.,"not about legal, law, or rules","legal, law, or rules",0.13769404590129852
system shall be able to handle all of the user requests/usage during business hours.,"not about legal, law, or rules","legal, law, or rules",0.22592364251613617
The system shall cater to 10 simultaneous users from 9am to 5pm.,"not about legal, law, or rules","legal, law, or rules",0.12716828286647797
The system shall be capable of processing 100% of nursing students and their classes for the next 10 years.,"not about legal, law, or rules","legal, law, or rules",0.038031142204999924
The system shall be expected to manage the nursing program curriculum and class/clinical scheduling for a minimum of 5 years.,"not about legal, law, or rules","legal, law, or rules",0.041693929582834244
The system shall able to operate within a business office environment typical of the Nursing Department at DePaul University.,"not about legal, law, or rules","legal, law, or rules",0.10752017050981522
The system shall be used within the specifications defined by the computers used by the Program Administrators/Nursing Staff Members.,"not about legal, law, or rules","legal, law, or rules",0.14013807475566864
The system shall operate within the Windows XP Professional operating system.,"not about legal, law, or rules","legal, law, or rules",0.07577366381883621
The system shall interface with CampusConnect’s central server,"not about legal, law, or rules","not about legal, law, or rules",0.06839736551046371
The system shall interface with the faculty central server.,"not about legal, law, or rules","legal, law, or rules",0.130030557513237
The system shall interface with the student master server.,"not about legal, law, or rules","legal, law, or rules",0.08921252191066742
We must be able to interface with any HTML browser.,"not about legal, law, or rules","not about legal, law, or rules",0.1252661943435669
Only authorized users shall have access to clinical site information.,"not about legal, law, or rules","not about legal, law, or rules",0.21455365419387817
Program Administrators/Nursing Staff Members are the only people who shall have access to clinical site details.,"not about legal, law, or rules","not about legal, law, or rules",0.1298324167728424
Only authorized users shall have access to students’ personal information.,"not about legal, law, or rules","not about legal, law, or rules",0.2611905336380005
Dr Susan Poslusny and Dr Julie Donalek are the only people who shall have access to students’ personal information.,"not about legal, law, or rules","not about legal, law, or rules",0.15408450365066528
Only authorized users shall have access to the portion of the system that interfaces with CampusConnect.,"not about legal, law, or rules","not about legal, law, or rules",0.17809484899044037
Fit Criterion: Dr Susan Poslusny and Karen Sysol are the only people who shall have access to the final class section scheduling for the system that interfaces with CampusConnect.,"not about legal, law, or rules","legal, law, or rules",0.19523915648460388
The system shall have basic data integrity checking to reduce the possibility of incorrect or invalid data being introduced.,"not about legal, law, or rules","legal, law, or rules",0.17408831417560577
The system shall protect private information in accordance with the organization’s information policy.,"not about legal, law, or rules","legal, law, or rules",0.2480926811695099
The system shall be built such that it is as secure as possible from malicious interference.,"not about legal, law, or rules","legal, law, or rules",0.18833038210868835
The system shall use the organization’s standard virus protection software to help monitor threats to itself.,"not about legal, law, or rules","legal, law, or rules",0.10385413467884064
The Disputes application shall comply with the corporate standards for user interface creation for internally and externally used applications.,"not about legal, law, or rules","legal, law, or rules",0.24417559802532196
All screens created as part of the Disputes application must comply with corporate standards for interface creation.,"not about legal, law, or rules","legal, law, or rules",0.2057635486125946
The list of dispute cases that are displayed after a search is performed must be color coded for easy identification of dispute cases based upon the dispute case status.,"not about legal, law, or rules","legal, law, or rules",0.1664586365222931
100% of the cardmember and merchant services representatives shall use the Disputes application regularly after a 2-day training course.,"not about legal, law, or rules","legal, law, or rules",0.16372111439704895
100% of cardmember services representatives shall be able to successfully create a dispute case on the first encounter after completing the training course.,"not about legal, law, or rules","legal, law, or rules",0.14474980533123016
100% of merchant services representatives shall be able to successfully perform a follow up action on a dispute case on the first encounter after completing the training course.,"not about legal, law, or rules","legal, law, or rules",0.15971146523952484
The maximum wait time for a user navigating from one screen to another within the Disputes application shall be no more than 5 seconds.,"not about legal, law, or rules","legal, law, or rules",0.22508549690246582
The Disputes application shall support 350 concurrent users without any degradation of performance in the application.,"not about legal, law, or rules","legal, law, or rules",0.2128332257270813
 The Disputes application shall be available 24x7x365  with the exception of the following scheduled maintenance windows.  Monday – Saturday 3:00am to 4:00am EST Sunday 1:00amd to 5:00am EST,"not about legal, law, or rules","legal, law, or rules",0.2689511775970459
The Disputes application shall interface with the Statement Database. The Statement Database provides the transaction details to the Disputes System. All transaction details must be obtained from the Statement Database,"not about legal, law, or rules","legal, law, or rules",0.15468719601631165
The Disputes application shall interface with the Cardmember Information Database.  The Cardmember Information Database provides detailed information with regard to a cardmember.  All cardmember detail information must be obtained from the Cardmember Information Database.,"not about legal, law, or rules","not about legal, law, or rules",0.12226135283708572
The Disputes applications shall interface with the Merchant Information Database.  The Merchant Information Database provides detailed information with regard to the merchant. All merchant detail information shall be obtained from the Merchant Information Database.,"not about legal, law, or rules","legal, law, or rules",0.12478861212730408
The Disputes application shall interface with the Letters application.  This will allow the Disputes application to request letters as part of the dispute initiation and dispute follow up process. All letter requests must be sent to the Print Letter Utility application.,"not about legal, law, or rules","legal, law, or rules",0.11506588011980057
The Disputes application shall interface with the Cardmember Posting and Billing System.  This will allow the Disputes application to request adjustments to cardmember and merchant’s accounts. All adjustment requests must be sent to the Cardmember Posting and Billing System.,"not about legal, law, or rules","legal, law, or rules",0.16574354469776154
The Disputes application shall ensure that only users with the appropriate access level are allowed to initiate dispute requests.,"not about legal, law, or rules","legal, law, or rules",0.22953787446022034
Only users with Update access must be able to initiate dispute requests.,"not about legal, law, or rules","not about legal, law, or rules",0.2362588346004486
The Disputes application shall ensure that only authorized users are allowed to logon to the application.,"not about legal, law, or rules","legal, law, or rules",0.18847264349460602
 All authorized users  once authenticated must be able to logon to the Disputes System,"not about legal, law, or rules","legal, law, or rules",0.2681892514228821
The Disputes System shall generate a User Report that details any new users that have been added and any changes to an existing user’s access level.  The report will be reviewed for auditing purposes.,"not about legal, law, or rules","legal, law, or rules",0.2279384285211563
All additions of new users and modifications to user’s access shall be recorded on the User Report.,"not about legal, law, or rules","legal, law, or rules",0.11427804827690125
 If a user account is revoked  it can only be re-instantiated by the System Administrator.,"not about legal, law, or rules","legal, law, or rules",0.04258235916495323
Only the System Administrator shall be able to reset a revoked user logon account,"not about legal, law, or rules","legal, law, or rules",0.08740368485450745
The Disputes application shall manipulate and view business data. Users will not have direct access to data files or databases.,"not about legal, law, or rules","not about legal, law, or rules",0.2719841003417969
All updates to data files or database must be initiated from the Disputes System.,"not about legal, law, or rules","legal, law, or rules",0.2100808471441269
The Disputes application must conform to the legal requirements as specified by the Merchant Operating Regulations.,"legal, law, or rules","legal, law, or rules",0.3131692707538605
All business rules specified in the Disputes System shall be in compliance with the Merchant Operating Regulations.,"legal, law, or rules","legal, law, or rules",0.3436015844345093
The Disputes application must conform to the legal requirements as specified by Regulation E and Regulation Z that govern credit card disputes processing.,"legal, law, or rules","legal, law, or rules",0.3195435404777527
All business rules specified in the Disputes System shall be in compliance to the guidelines of Regulation E and Regulation Z.,"legal, law, or rules","legal, law, or rules",0.38099515438079834
The Disputes application must maintain a detailed history of every action that a user takes on a dispute case.  This ensures a complete audit trail if questions arise later on with regard to a particular dispute case.,"legal, law, or rules","legal, law, or rules",0.1827489137649536
All actions that modify an existing dispute case must be recorded in the case history.,"legal, law, or rules","legal, law, or rules",0.21049991250038147
The product must support Internet Explorer 5.5 and above.,"not about legal, law, or rules","legal, law, or rules",0.015340506099164486
The product must support Mozilla Firefox 1.0 and above.,"not about legal, law, or rules","legal, law, or rules",0.003984518349170685
The product shall interface with the Choice Parts System.  This provides the feed of recycled parts data.,"not about legal, law, or rules","legal, law, or rules",0.11670667678117752
The product shall run on the existing hardware for all environments.,"not about legal, law, or rules","legal, law, or rules",0.11494220048189163
The product shall adhere to the corporate Architecture guidelines,"not about legal, law, or rules","legal, law, or rules",0.30218568444252014
The product shall comply with corporate User Interface Guidelines,"not about legal, law, or rules","legal, law, or rules",0.3194076716899872
The product shall comply with corporate color scheme,"not about legal, law, or rules","legal, law, or rules",0.2569226622581482
The appearance of the product shall appear professional,"not about legal, law, or rules","legal, law, or rules",0.23838183283805847
The product shall be easy to use by Adjusters and Collision Estimators.  95% of Adjusters and Collision Estimators shall find the product easy to use.,"not about legal, law, or rules","not about legal, law, or rules",0.09031073749065399
The product shall increase productivity of Collision Estimators. 80% of the Collision Estimators shall agree their productivity has increase within 1 month of using the product.,"not about legal, law, or rules","legal, law, or rules",0.08248789608478546
Users shall feel satisfied using the product.  85% of all users will be satisfied with the product.,"not about legal, law, or rules","legal, law, or rules",0.1124526709318161
The product shall be easy to learn by Adjusters and Collision Estimators.  The product shall be learned with two days onsite training,"not about legal, law, or rules","not about legal, law, or rules",0.17813055217266083
The user shall easily locate instructions while using the product.  User help can be found within 90% of the system.,"not about legal, law, or rules","not about legal, law, or rules",0.08338473737239838
The search for recycled parts shall take no longer than 15 seconds.  The search results shall be returned in under 15 seconds.,"not about legal, law, or rules","legal, law, or rules",0.13636960089206696
The search for the preferred repair facility shall take no longer than 8 seconds.  The preferred repair facility is returned within 8 seconds,"not about legal, law, or rules","legal, law, or rules",0.15878015756607056
The recycled parts audit report shall be returned to the user within 10 seconds.  The audit report shall be returned within 10 seconds.,"not about legal, law, or rules","legal, law, or rules",0.17646947503089905
The preferred repair facility ratings shall be saved within 5 seconds. The save shall occur within 5 seconds.,"not about legal, law, or rules","legal, law, or rules",0.13527454435825348
The product shall adhere to the corporate online availability schedule.  The application is brought down only within 98% of the scheduled outages per the availability schedule.,"not about legal, law, or rules","legal, law, or rules",0.18233691155910492
The product shall achieve a 98% uptime. The product shall not fail more than 2% of the available online time.,"not about legal, law, or rules","legal, law, or rules",0.18060262501239777
The product shall be able to handle up to 1500 simultaneous users. The system shall perform with 1500 users as a time.,"not about legal, law, or rules","legal, law, or rules",0.06627017259597778
 The average number of recycled parts records per day shall be 50 000.,"not about legal, law, or rules","legal, law, or rules",0.06436513364315033
 The product shall be able to handle 10 000 concurrent users within 2 years of the initial launch.,"not about legal, law, or rules","legal, law, or rules",0.06443396210670471
 For estimators  the product shall be able to be operated in a repair facility during dirty and noisy conditions.,"not about legal, law, or rules","legal, law, or rules",0.11269532889127731
The product shall interface with the ChoiceParts system once per day at approximately 1:00 AM.,"not about legal, law, or rules","legal, law, or rules",0.13265971839427948
The maintenance of the product will fall within the established corporate maintenance windows.,"not about legal, law, or rules","legal, law, or rules",0.05585194379091263
The product shall be supported using the corporate support center.,"not about legal, law, or rules","legal, law, or rules",0.029185805469751358
Product installations and upgrades shall be handled by the middleware technology team within established launch time frames.,"not about legal, law, or rules","legal, law, or rules",0.04804878681898117
Only adjusters can request recycled parts audit reports. No users without an adjuster role shall request recycled parts audits.,"not about legal, law, or rules","legal, law, or rules",0.17440544068813324
Only adjusters with a supervisor role can update preferred repair facility ratings. Users without the supervisor role cannot access the repair facility ratings.,"not about legal, law, or rules","legal, law, or rules",0.05699363350868225
Only collision estimators shall search for recycled parts.  Users without the collision estimator role shall not have access to the search for recycled parts.,"not about legal, law, or rules","not about legal, law, or rules",0.16170194745063782
Only valid data shall be entered into the system.  No invalid data shall be entered into the system.,"not about legal, law, or rules","legal, law, or rules",0.23343370854854584
One insurance company shall not be able to view another insurance companys claim data.,"not about legal, law, or rules","not about legal, law, or rules",0.2519655227661133
The product shall free of computer viruses.,"not about legal, law, or rules","legal, law, or rules",0.178182914853096
The system shall prevent malicious attacks including denial of service.,"not about legal, law, or rules","legal, law, or rules",0.23168808221817017
The product must comply with Sarbanes-Oxley.,"legal, law, or rules","legal, law, or rules",0.21615630388259888
The product shall comply with the estimatics laws relating to recycled parts usage.,"legal, law, or rules","legal, law, or rules",0.22680078446865082
The product shall comply with insurance regulations regarding claims processing.,"legal, law, or rules","legal, law, or rules",0.35319846868515015
 The product must work with most database management systems (DBMS) on the market  whether the DBMS is colocated with the product on the same machine or is located on a different machine on the computer network.,"not about legal, law, or rules","legal, law, or rules",0.04304410517215729
The product will function alongside server software on any operating system where the Java runtime can be installed.,"not about legal, law, or rules","legal, law, or rules",0.003935056738555431
The product will require collaboration with a database management system (DBMS).  The DBMS may be located on the same machine as the product or on a separate machine residing on the same computer network.,"not about legal, law, or rules","legal, law, or rules",0.0621720515191555
 The product must make use of web/application server technology.  Open source examples include Apache web server  Tomcat  and the JBoss application server.,"not about legal, law, or rules","not about legal, law, or rules",0.016328489407896996
 A database management system such as Oracle  DB2  MySql or HSQL will need to be integrated with the product.,"not about legal, law, or rules","legal, law, or rules",0.03684097155928612
 The product’s Look and Feel shall be able to incorporate aspects of the customer’s organization such as logo  branding  and identity,"not about legal, law, or rules","legal, law, or rules",0.12940260767936707
The product shall have a conservative and professional appearance.,"not about legal, law, or rules","legal, law, or rules",0.2628996670246124
The product shall make the users want to use it. 80% of the users surveyed report they are regularly using the product after the first 2 weeks post-launch.,"not about legal, law, or rules","legal, law, or rules",0.07464063912630081
The product shall be easy to use. 90% of users will be able to successfully reserve a conference room within 5 minutes of product use.,"not about legal, law, or rules","not about legal, law, or rules",0.06685023754835129
The product shall give users feedback when necessary. 80% of the users surveyed report that the product accurately confirms their actions.,"not about legal, law, or rules","legal, law, or rules",0.16845917701721191
The product shall allow the user to select a chosen language from one of the target market countries.,"not about legal, law, or rules","legal, law, or rules",0.053234320133924484
The product shall allow for customization of start page and views preferences.,"not about legal, law, or rules","legal, law, or rules",0.08061639964580536
 An employee will be able to successfully use the product within a few minutes.  After informally navigating the product for less than 15 minutes  users shall be able to successfully setup meetings and reserve conference rooms.,"not about legal, law, or rules","legal, law, or rules",0.09627586603164673
The product shall use a standard navigation menu familiar to most web users.,"not about legal, law, or rules","legal, law, or rules",0.006745804101228714
The product shall allow for intuitive searching of available conference rooms.,"not about legal, law, or rules","legal, law, or rules",0.012134695425629616
The product shall conform to the Americans with Disabilities Act.,"not about legal, law, or rules","legal, law, or rules",0.27329760789871216
The response shall be fast enough to avoid interrupting the user’s flow of thought.  90% of tasks shall complete within 5 seconds.  98% of tasks shall complete within 8 seconds.,"not about legal, law, or rules","legal, law, or rules",0.14212338626384735
 Aside from server failure  the software product shall achieve 99.99% up time.,"not about legal, law, or rules","legal, law, or rules",0.11839661002159119
The product shall create an exception log of problems encountered within the product for transmission to our company for analysis and resolution.,"not about legal, law, or rules","legal, law, or rules",0.15032260119915009
 The product shall be capable of handling up to 1 000 concurrent requests.  This number will increase to 2 000 by Release 2.  The concurrency capacity must be able to handle peak scheduling times such as early morning and late afternoon hours.,"not about legal, law, or rules","legal, law, or rules",0.07679875195026398
 The product shall be able to process 10 000 transactions per hour within two years of its launch.  This number will increase to 20 000 by Release 2.,"not about legal, law, or rules","legal, law, or rules",0.09113062918186188
The product shall be expected to operate for at least 5 years for each customer installation.,"not about legal, law, or rules","legal, law, or rules",0.09656502306461334
The product shall be used in office environments.,"not about legal, law, or rules","legal, law, or rules",0.21058505773544312
The product must be able to interface with any HTML browser.  The product shall transmit data between the user and the product without problems. The product shall display HTML properly in 80% of all HTML browsers tested (minimum is to test 8 browsers).,"not about legal, law, or rules","legal, law, or rules",0.06540335714817047
The product must be able to interface with various database management systems. The product shall communicate successfully with the database management system on 100% of all transactions.,"not about legal, law, or rules","legal, law, or rules",0.08321329951286316
The product must be able to interface with various email servers. The product shall be able to send email.,"not about legal, law, or rules","not about legal, law, or rules",0.11434707790613174
The product shall be available for distribution via the Internet as a binary or ZIP file.,"not about legal, law, or rules","legal, law, or rules",0.1593720018863678
The product shall be available for distribution as a packaged CD.,"not about legal, law, or rules","legal, law, or rules",0.13135620951652527
 The product will be available for licensing as a one-server  two-five servers  or five-or-more servers license.,"not about legal, law, or rules","legal, law, or rules",0.13140448927879333
A new user must be able to be added to the system within 10 minutes.  90% of new users are able to log into the system within 10 minutes.,"not about legal, law, or rules","legal, law, or rules",0.050147488713264465
The product must be designed using Design Patterns and coding best practices.  90% of maintenance software developers are able to integrate new functionality into the product with 2 working days.,"not about legal, law, or rules","legal, law, or rules",0.06628488004207611
The product must be highly configurable for use with various database management systems for the end users.  80% of end users are able to integrate new database management systems with the product without changing the product’s software code.,"not about legal, law, or rules","legal, law, or rules",0.04526066035032272
Maintenance releases will be offered to customers once a year.  The releases shall take no longer than 5 minutes for 80% of the customer base to install.,"not about legal, law, or rules","legal, law, or rules",0.03354860469698906
Every registered user will have access to the product’s support site via the Internet.  70% of registered users shall find a solution to their problem within 5 minutes of using the support site.,"not about legal, law, or rules","legal, law, or rules",0.11792297661304474
The customer shall be able to easily integrate new building maps with the product throughout the product’s lifecycle.  Integration of new maps with the product shall be possible with little to no support from product support staff.,"not about legal, law, or rules","legal, law, or rules",0.06442943960428238
 The product shall be translated into foreign languages other than the target market countries’ languages in future releases.  For each emerging target market  it shall take no more than 5 days to configure the product for that market’s language.,"not about legal, law, or rules","legal, law, or rules",0.011236044578254223
 The product is expected to integrate with multiple database management systems.  The product will operate with Oracle  SQL Server  DB2  MySQL  HSQL  and MS Access.,"not about legal, law, or rules","legal, law, or rules",0.029612936079502106
The product shall be able to be installed in any operating environment within 2 days.,"not about legal, law, or rules","legal, law, or rules",0.08243200927972794
The product shall ensure that only company employees or external users with company-approved user IDs may have product access.  100% of all logons shall be by either company employees or external users with company-approved user IDs.,"not about legal, law, or rules","legal, law, or rules",0.14198264479637146
Only managers are able to perform search queries for reservations by user.  100% of all search queries for reservations by user shall be from logons of only management logons.,"not about legal, law, or rules","not about legal, law, or rules",0.08742410689592361
The product shall ensure that the database’s data corresponds to the data entered by the user.  Each conference room reservation in the system will contain the same information as was entered by the user.,"not about legal, law, or rules","legal, law, or rules",0.08914888650178909
The product shall prevent the input of malicious data.  The product and/or adjacent hardware/software systems’ data shall remain 100% uncorrupted each time malicious data is input into the product.,"not about legal, law, or rules","legal, law, or rules",0.1818595677614212
The product and/or dependent databases/filesystems shall remain operational as a result of the input of malicious data.  The product and/or dependent databases/filesystems shall not crash 100% of the time that malicious data is input into the product.,"not about legal, law, or rules","legal, law, or rules",0.16304104030132294
The product shall have the ability to receive automatic software updates as new threats emerge.  100% of customers will be able to receive automatic software updates transmitted to the installed product.,"not about legal, law, or rules","legal, law, or rules",0.06511573493480682
The language of the product shall accommodate all of the target market countries. 90% of survey respondents from each target market country will find that the language of the product is acceptable.,"not about legal, law, or rules","legal, law, or rules",0.06593258678913116
The product shall be able to display calendar dates and times according to the user’s locale.  90% of survey respondents from each target market country will find that the date and time formatting of the product is correct.,"not about legal, law, or rules","legal, law, or rules",0.014269024133682251
The product must be developed with the J2SE/J2EE programming language libraries,"not about legal, law, or rules","legal, law, or rules",0.08182910084724426
Recreation of Inventory Quantity Adjustment for the period of previous 30 days shall take no more than 30min.,"not about legal, law, or rules","legal, law, or rules",0.1440843939781189
The System shall allow for a minimum of  6 users to work at the same time.,"not about legal, law, or rules","legal, law, or rules",0.1626802384853363
The System shall utilize currently owned computer equipment.,"not about legal, law, or rules","legal, law, or rules",0.1574108898639679
The System shall be able to automatically backup business data and restore them on demand.,"not about legal, law, or rules","legal, law, or rules",0.12411100417375565
The System shall maintain consistent security.  Any changes in user passwords and/or permissions should take affect in all parts of the System.,"not about legal, law, or rules","legal, law, or rules",0.12978880107402802
The System shall granularly control access rights to all major subsystems.  It should be possible to assign access rights to all subsystems independently.,"not about legal, law, or rules","legal, law, or rules",0.08951125293970108
The System shall meet all applicable accounting standards.  The final version of the System must successfully pass independent audit performed by a certified auditor.,"legal, law, or rules","legal, law, or rules",0.15160508453845978
The System shall not require additional third party licenses resulting in royalty fees.,"not about legal, law, or rules","not about legal, law, or rules",0.2795316278934479
Administrator shall be able to activate a pre-paid card via the Administration section in under 5 seconds.,"not about legal, law, or rules","not about legal, law, or rules",0.09110162407159805
 Customer shall be able to check the status of their prepaid card  by entering in the PIN number  in under 5 seconds.,"not about legal, law, or rules","not about legal, law, or rules",0.11476771533489227
System shall let customers register on the website as a “pay as you go” user in under 5 minutes.,"not about legal, law, or rules","legal, law, or rules",0.13909795880317688
System shall let customers register on the website as a “unlimited movie subscriber” user in under 10 minutes.,"not about legal, law, or rules","legal, law, or rules",0.17657506465911865
System shall let existing customers log into the website with their email address and password in under 5 seconds.,"not about legal, law, or rules","legal, law, or rules",0.1317473202943802
 System shall let customers cancel their account  process shall take no longer than 2 minutes.  Database will mark the account as inactive  and user will not be able to log into the website.,"not about legal, law, or rules","legal, law, or rules",0.14576995372772217
System shall let administrator de-activate a customer account in under 1 minute. Customer will no longer be able to access the website.,"not about legal, law, or rules","legal, law, or rules",0.13312436640262604
System shall let administrator add/remove movies on the website in under 5 minutes.  Entered movie information will be stored in the database and will now be available on the website.,"not about legal, law, or rules","legal, law, or rules",0.12555119395256042
System shall let the administrator add/remove categories on the website in under 5 minutes.,"not about legal, law, or rules","legal, law, or rules",0.17578671872615814
System shall let Izogn Manager access sales and usage statistics in under 2 minutes.,"not about legal, law, or rules","legal, law, or rules",0.13848994672298431
System shall let administrators generate unique pre-paid pins in under 2 minutes and generate an Excel file with the generated PINs.,"not about legal, law, or rules","legal, law, or rules",0.17499399185180664
The website shall be attractive to all audiences.  The website shall appear to be fun and the colors should be bright and vibrant.,"not about legal, law, or rules","legal, law, or rules",0.14330202341079712
 The website should have an African feel  but should not alienate non-Africans.  The website should use animation on pages which are describing the services  to grab the users attention and encourage them to sign up.,"not about legal, law, or rules","legal, law, or rules",0.09711530804634094
 The website design should be modern  clean  and concise.,"not about legal, law, or rules","legal, law, or rules",0.1637561023235321
The product should be able to be used by 90% of novice users on the Internet.,"not about legal, law, or rules","not about legal, law, or rules",0.12311875075101852
 Users should only have to navigate through a maximum of 4 pages  to create an account with the website.,"not about legal, law, or rules","not about legal, law, or rules",0.09713347256183624
Users should be able to access their streaming movies in under 2 clicks after logging into the website.,"not about legal, law, or rules","not about legal, law, or rules",0.12481856346130371
An anonymous survey will show that 70% of customers are comfortable purchasing streaming movies after 2 weeks using the website.,"not about legal, law, or rules","legal, law, or rules",0.0690779760479927
An anonymous survey will show that 95% of customers are comfortable using and purchasing pre-paid cards after a month of using the system.,"not about legal, law, or rules","not about legal, law, or rules",0.04422518610954285
The product shall retain the customer’s buying preferences and information.,"not about legal, law, or rules","legal, law, or rules",0.1308925300836563
The product shall be easy for customers with novice skills on the  Internet to purchase and watch streaming movies.  Customers should be able to purchase and watch a pre-determined movie in under 3 minutes.,"not about legal, law, or rules","legal, law, or rules",0.1562144160270691
The product shall use symbols and words that are naturally understandable by users familiar with websites,"not about legal, law, or rules","legal, law, or rules",0.19280174374580383
The website will use standard Internet conventions when interacting with the user.,"not about legal, law, or rules","legal, law, or rules",0.22886787354946136
 Any interface between a user and the automated system shall have a maximum response time of 5 seconds  unless noted by an exception below.,"not about legal, law, or rules","legal, law, or rules",0.16786092519760132
 When purchasing a streaming movie or pre-paid card via credit card  the processing time should have a maximum response time of 15 seconds.,"not about legal, law, or rules","legal, law, or rules",0.1275162696838379
 When streaming a movie  the buffering time should take no longer than 10 seconds (plus any latency on the user’s connection.),"not about legal, law, or rules","not about legal, law, or rules",0.10199671238660812
 While streaming a movie  buffering should only occur if there is latency in the user’s connection.,"not about legal, law, or rules","not about legal, law, or rules",0.13094492256641388
 All credit card information will be secured on the server  and only accessible by authorized Izogn administrators.  Information will be encrypted in the database.,"not about legal, law, or rules","not about legal, law, or rules",0.07393991202116013
 The website shall be available for use 24 hours per day  365 days per year.,"not about legal, law, or rules","legal, law, or rules",0.11855864524841309
The website shall achieve 99.5% up time.,"not about legal, law, or rules","legal, law, or rules",0.1065017431974411
 All movies shall be streamed on demand  at any time of the day.,"not about legal, law, or rules","legal, law, or rules",0.2191530019044876
The website shall continue to operate if the streaming server goes down.,"not about legal, law, or rules","legal, law, or rules",0.1411627233028412
The website shall continue to operate if the payment gateway goes down.,"not about legal, law, or rules","legal, law, or rules",0.08977186679840088
The streaming server will support 50 simultaneous streaming connections.,"not about legal, law, or rules","legal, law, or rules",0.11004908382892609
The streaming server will support a maximum of 700 movies  new servers can be added to support more movies.,"not about legal, law, or rules","not about legal, law, or rules",0.07946860790252686
 The server will support a maximum of 1 000 simultaneous users.,"not about legal, law, or rules","legal, law, or rules",0.0629647746682167
 The website shall be capable of supporting 100 000 customers.,"not about legal, law, or rules","legal, law, or rules",-7.909908890724182e-05
The product shall be expected to operate within the maximum maintenance budget for a minimum of 2 years.,"not about legal, law, or rules","legal, law, or rules",0.022228369489312172
All aspects of the website shall be accessed by a web browser over the Internet.,"not about legal, law, or rules","legal, law, or rules",0.14823344349861145
The same hardware supporting the current website will be used to support the new system.,"not about legal, law, or rules","legal, law, or rules",0.048878274857997894
 We must be able to interface with the following browsers: IE 5.X  6.0  Netscape 6.x  7.x  8.x and Firefox 1.0.,"not about legal, law, or rules","legal, law, or rules",0.05627196654677391
Website must interface with the CyberSource API to process credit card transactions.,"not about legal, law, or rules","not about legal, law, or rules",0.10352915525436401
Website must be fully operational with MSN TV2.,"not about legal, law, or rules","legal, law, or rules",0.09743738174438477
Movies shall be encoded and streamed via Windows Media Player 9.0.,"not about legal, law, or rules","not about legal, law, or rules",0.16007760167121887
Movies shall be encoded for 56k and 256k streams.,"not about legal, law, or rules","not about legal, law, or rules",0.22480009496212006
Promotional updates to the website should take a day to update.,"not about legal, law, or rules","legal, law, or rules",0.08904628455638885
Izogn Administrator must be able to update the category listings on the website within 2 minutes.,"not about legal, law, or rules","legal, law, or rules",0.15204809606075287
Izogn Administrator must be able to add new products to the website within 2 minutes.,"not about legal, law, or rules","legal, law, or rules",0.16463109850883484
The system will provide a 24 hour 800 toll free number for support to its customers.,"not about legal, law, or rules","legal, law, or rules",0.06312059611082077
The website will provide a help section with answers and solutions to common problems.,"not about legal, law, or rules","not about legal, law, or rules",0.11806344985961914
 Velkat staff will be available for phone support between 7am-7pm  M-F to provide technical support to the Izogn administrators.,"not about legal, law, or rules","legal, law, or rules",0.07279384881258011
The product shall be able to be installed in the specified environment within 1 working day.,"not about legal, law, or rules","legal, law, or rules",0.13227467238903046
Only registered customers can purchase streaming movies.,"not about legal, law, or rules","not about legal, law, or rules",0.23239898681640625
 A customer can only stream a movie if they purchased it  and are within the 2 day viewing period.,"not about legal, law, or rules","legal, law, or rules",0.22979453206062317
Only authorized personnel can access customer records in the database.,"not about legal, law, or rules","not about legal, law, or rules",0.18722257018089294
Only administrators can activate a pre-paid card.,"not about legal, law, or rules","not about legal, law, or rules",0.19834211468696594
Only authorized personnel can access sales information.,"not about legal, law, or rules","not about legal, law, or rules",0.23230929672718048
The website shall prevent its data from being corrupted when incorrect data is entered in.,"not about legal, law, or rules","legal, law, or rules",0.15172430872917175
 The website shall protect itself from intentional abuse  and notify the administrator at all occurrences.,"not about legal, law, or rules","legal, law, or rules",0.2306431084871292
Data integrity scripts will be run on a weekly basis to verify the integrity of the database.,"not about legal, law, or rules","legal, law, or rules",0.10580284148454666
 The website shall make its user aware of its information practices before collection data from them via a Privacy Policy  accessible on all pages of the website.,"not about legal, law, or rules","legal, law, or rules",0.20968899130821228
The system shall notify customers of changes to its information policy.,"not about legal, law, or rules","legal, law, or rules",0.19871650636196136
The system shall reveal private information only in compliance with the organization’s information policy.,"not about legal, law, or rules","not about legal, law, or rules",0.19744081795215607
 All customer information will be stored on a secure database  accessible only to authorized personnel.,"not about legal, law, or rules","not about legal, law, or rules",0.1622534692287445
All credit card information will be encrypted in the database.,"not about legal, law, or rules","not about legal, law, or rules",0.07497070729732513
The streaming server will have anti-virus software to prevent infection of malicious viruses.,"not about legal, law, or rules","legal, law, or rules",0.1446588933467865
The website should cater to all tribes in Nigeria.,"not about legal, law, or rules","not about legal, law, or rules",0.13493676483631134
The website shall not be offensive to religious or ethnic groups.,"not about legal, law, or rules","not about legal, law, or rules",0.2741874158382416
 The website should appeal to all Africans  not only Nigerians.,"not about legal, law, or rules","not about legal, law, or rules",0.17450439929962158
The website should use Flash to provide animation on the home page.,"not about legal, law, or rules","not about legal, law, or rules",0.04343196749687195
IzognMovies shall meet the licensing requirements set forth by the appropriate organizations in order to stream African movies.,"legal, law, or rules","legal, law, or rules",0.18508946895599365
The website will comply with W3C standards.,"legal, law, or rules","legal, law, or rules",0.2367079257965088
The PHP code will comply with PEAR standards.,"legal, law, or rules","legal, law, or rules",0.22980646789073944
Total lead cycle time must be completed in 5 minutes for 90% of lead volume between the business hours of 8AM CST to 8PM CST  then 3 minutes for 99% of lead volume during off business hours.,"not about legal, law, or rules","legal, law, or rules",0.007862734608352184
No lead evaluation will complete in a time period longer than 25 seconds for 97% of all leads processed.,"not about legal, law, or rules","legal, law, or rules",0.0714128389954567
For leads that process longer than 25 seconds the system will record the event and duration,"not about legal, law, or rules","not about legal, law, or rules",0.12301622331142426
The process must fit within the processing time conditions set forth by the Auto Rep Assignment process in which a lead is assigned within 3 minutes of the total life cycle.,"not about legal, law, or rules","legal, law, or rules",0.10130410641431808
The lead washing process will operate within the established physical web service structure.,"not about legal, law, or rules","legal, law, or rules",0.06474553048610687
 The washing process must use a non binding  neutral data format  such as xml  when receiving and processing lead data.,"not about legal, law, or rules","not about legal, law, or rules",0.09563975036144257
Defect reports will be available to technical units on a 24x7 basis.,"not about legal, law, or rules","not about legal, law, or rules",0.0717419758439064
Washing parameters will be updated during scheduled maintenance hours.,"not about legal, law, or rules","legal, law, or rules",0.07006177306175232
The product shall simulate the look of ships at sea.,"not about legal, law, or rules","legal, law, or rules",0.10090669989585876
The product shall display the grids within a circle as a view from a periscope.,"not about legal, law, or rules","legal, law, or rules",0.07920658588409424
The product shall display each type of ship in a grid using an image of the specific type of ship.,"not about legal, law, or rules","legal, law, or rules",0.11907748132944107
 When the offensive player takes a shot  the product shall simulate the sound of a ship at sea.,"not about legal, law, or rules","not about legal, law, or rules",0.23900407552719116
 When a shot is marked as a miss  the product shall simulate the sound of a shot missing its target.,"not about legal, law, or rules","not about legal, law, or rules",0.1473543345928192
 When a shot is marked as a hit  the product shall simulate the sound of a shot hitting its target.,"not about legal, law, or rules","not about legal, law, or rules",0.1697486937046051
 When a ship is sunk  the product shall simulate the sound of a sinking ship.,"not about legal, law, or rules","legal, law, or rules",0.19110269844532013
 The product shall be available 24 hours per day  seven days per week.,"not about legal, law, or rules","legal, law, or rules",0.15700900554656982
The product shall able to handle a large number of games simultaneously.,"not about legal, law, or rules","legal, law, or rules",0.1428440809249878
The response time shall be fast enough to maintain the flow of the game.  The response time shall be no more than 2 seconds for 95% of responses and no more than 4% for the remaining responses.,"not about legal, law, or rules","legal, law, or rules",0.1361376941204071
The product shall protect the identity of the players. The product shall provide players no access to information that might reveal the identity of another player.,"not about legal, law, or rules","not about legal, law, or rules",0.28296586871147156
The product shall be intuitive and self-explanatory.  Nine out ten users shall be able to successfully complete a game with no training.,"not about legal, law, or rules","not about legal, law, or rules",0.1962621659040451
 The product shall be available to players who understand English  Spanish and French.  The product shall allow the user to select the language upon accessing the product.,"not about legal, law, or rules","legal, law, or rules",0.13228970766067505
The product shall provide players no access to information that might reveal the identity of another player,"not about legal, law, or rules","not about legal, law, or rules",0.31189897656440735
The response time shall be fast enough to maintain the flow of the game. The response time shall be no more than 2 seconds for 95% of responses and no more than 4% for the remaining responses.,"not about legal, law, or rules","legal, law, or rules",0.1361376941204071
The system shall be easy to use by callers and supervisors. Callers and supervisors must be able to accomplish any system task within 2 minutes.,"not about legal, law, or rules","legal, law, or rules",0.1571391522884369
The system shall be easy to learn by callers and supervisors. Callers and supervisors shall learn how to use the system within 10 minutes.,"not about legal, law, or rules","not about legal, law, or rules",0.13751420378684998
 The system shall be responsive. At the DePaul TeleServices Center  when a supervisor uses the system to view a callers schedule  the system response time must be no more than 2 seconds 90% of the time and no more than 5 seconds the rest of the time.,"not about legal, law, or rules","legal, law, or rules",0.11923766136169434
 On a 56k connection  the system response time for all operations must be no more than 6 seconds 90% of the time.,"not about legal, law, or rules","legal, law, or rules",0.10343672335147858
 On a 112k connection or faster  the system response time for all operations must be no more than 3 seconds 90% of the time.,"not about legal, law, or rules","legal, law, or rules",0.08536865562200546
The system shall have high availability every day of the year.The system must be available for use between 12:00AM and 6:00PM all days of the year.,"not about legal, law, or rules","legal, law, or rules",0.1224835142493248
The system must be available for use between 7:00AM and 11:59PM all days of the year.,"not about legal, law, or rules","legal, law, or rules",0.1816999614238739
The product shall be internet browser independent.The product must run using Internet Explorer and Netscape Navigator.,"not about legal, law, or rules","legal, law, or rules",0.0636460930109024
The product shall ensure that only supervisors can advertise empty time slots.The product must ensure that supervisors are allowed to access advertise empty time slots.,"not about legal, law, or rules","legal, law, or rules",0.21109743416309357
The product shall ensure that only supervisors can enter a caller’s schedule.The product must ensure that supervisors are allowed to access advertise empty time slots.,"not about legal, law, or rules","legal, law, or rules",0.21927021443843842
The product shall ensure that only supervisors can view schedule of all callers.The product must ensure that supervisors are allowed to access advertise empty time slots.,"not about legal, law, or rules","legal, law, or rules",0.2040848731994629
 The interface shall have a simple look. In the interface and usability survey  90% of beta testers must report that the interface is adequately simple.,"not about legal, law, or rules","not about legal, law, or rules",0.07606121152639389
 The interface shall be appealing to callers and supervisors. In the interface and usability survey  80% of beta testers must report that the interface is appealing.,"not about legal, law, or rules","legal, law, or rules",0.068558469414711
The product shall provide GUI based Monitoring Services.System Administrators shall monitor message exchanges will predict and determine problems and will also provide internal and external support.,"not about legal, law, or rules","legal, law, or rules",0.16158652305603027
The product shall comply with City of Chicago Application Development Guide Framework.Application Development Framework will provide structured Graphical User Interface.,"not about legal, law, or rules","legal, law, or rules",0.10403735190629959
The product shall provide Monitoring Services.The product shall be easy for System Administrators and DBAs to use after two weeks of usage.,"not about legal, law, or rules","legal, law, or rules",0.13527776300907135
The product shall provide Error Tracking Services.The product shall help the System Administrators and DBAs to resolve transaction errors 99% of the time.,"not about legal, law, or rules","legal, law, or rules",0.1723981350660324
The product shall provide Portals.The product shall help System Administrators to analyze the transactions with ad-hoc reporting and KPIs (Key Performance Indicators),"not about legal, law, or rules","legal, law, or rules",0.1849113404750824
The product shall provide Asynchronous Messaging.The product shall provide asynchronous messaging to enable parallel processing and reduce the overhead in communications,"not about legal, law, or rules","legal, law, or rules",0.13504363596439362
The product shall provide Multi-threading and Load Balancing.The product shall provide multi-threading technology as well as load balancing to overcome data load spikes and traffic.,"not about legal, law, or rules","legal, law, or rules",0.09886626154184341
The product shall process messages within 2 seconds.The product shall have a maximum message processing time of 2 seconds,"not about legal, law, or rules","legal, law, or rules",0.1646135002374649
The product shall poll the system for messages every second.The product shall poll the system for new messages at a maximum of every 1 second.,"not about legal, law, or rules","legal, law, or rules",0.16142064332962036
The product shall provide Dynamic Change Support and Transparent resource addition.The product shall support Transparent Resource addition and Dynamic Change support to provide scalability and avoid service interruptions of more than 1 day.,"not about legal, law, or rules","legal, law, or rules",0.12199755012989044
The product shall be available 99% of the time. Rationale: To avoid service interruption during busiest customer service response periods. The product shall be available 99.99% of the time for regular business days.,"not about legal, law, or rules","legal, law, or rules",0.09252315759658813
The product shall be robust.The product shall have fault avoidance based on standards adoption.,"not about legal, law, or rules","legal, law, or rules",0.19857528805732727
The product shall be robust with fault tolerance.The product shall have fault tolerance by using recovery technique compensatory transaction and routing around failures.,"not about legal, law, or rules","legal, law, or rules",0.11191383004188538
The product shall be able to process all transactions.The product shall process minimum of 1 million transactions per year.,"not about legal, law, or rules","legal, law, or rules",0.1425189971923828
The product shall be platform independent.The product shall enable access to any type of development environment and platform.,"not about legal, law, or rules","legal, law, or rules",0.12504202127456665
The product shall interface CSR and Datastream.The product shall exchange messages between CSR and EAM on a real time basis without any direct interfaces between two systems.,"not about legal, law, or rules","legal, law, or rules",0.1310015767812729
 : The product shall continue to operate during upgrade  change or new resource addition.The product shall be able to continue to operate with no interruption in service due to new resource additions.,"not about legal, law, or rules","legal, law, or rules",0.09887641668319702
The product shall be updated on a regular basis.The product will have a new major feature introduced every six months and quarterly maintenance releases every six months.,"not about legal, law, or rules","legal, law, or rules",0.025286931544542313
The product shall operate with every platform.The product shall accommodate any new technology without any change in its architecture.,"not about legal, law, or rules","legal, law, or rules",0.15090323984622955
 The product shall have security.The product shall provide authentication  and authorization.,"not about legal, law, or rules","legal, law, or rules",0.27897122502326965
The product shall information Security. The product shall enable privacy by encryption WS-Security and Integrity Checking.,"not about legal, law, or rules","legal, law, or rules",0.23816683888435364
The product shall have audit capabilities.The product shall store messages for a minimum of one year for audit and transaction tracking purposes.,"not about legal, law, or rules","legal, law, or rules",0.18063923716545105
The system shall use IBM and CCR branding standards. The interface must have one IBM logo and one CCR logo.,"not about legal, law, or rules","legal, law, or rules",0.13072791695594788
The system shall be displayable on any work computer a CCR user may have. The system interface shall be formatted to display at 800 by 600 pixel resolution.,"not about legal, law, or rules","legal, law, or rules",0.11698771268129349
The system interface will use CCR nomenclature. The system must use the same nomenclature used in the existing WCS system and reports,"not about legal, law, or rules","legal, law, or rules",0.1014334037899971
The interface must summarize the data in a fashion that’s appealing to CCR management. Every report type must have at least one high level summary shown in the results dashboard/interface,"not about legal, law, or rules","legal, law, or rules",0.010885710828006268
The system must use a point and click interface. 100% of all selection and navigation functionality must be able to be activated/selected by either a mouse or a keyboard,"not about legal, law, or rules","legal, law, or rules",-0.007621048949658871
The interface shall be easy to use. 90% of users should be able to successfully use the system to generate a report on their first use. The interface should adhere to IBM usability standards.,"not about legal, law, or rules","legal, law, or rules",0.11017867177724838
Rreports must be easy to generate. eports must be generated within one button click and exported within one button click (after selecting the report),"not about legal, law, or rules","not about legal, law, or rules",0.02358618751168251
A user shall be able to use the system without instruction after a short amount of time. After one use a user should understand and remember 90% of the system usage and navigation.,"not about legal, law, or rules","not about legal, law, or rules",0.12684659659862518
All CCR users shall receive training before the WCS system is deployed. One training session will be held for 100% of CCR users before system deployment (based on a CCR user being available),"not about legal, law, or rules","legal, law, or rules",0.06306708604097366
The WCS system shall use appropriate nomenclature and terminology as defined by the Corporate Community Grants organization. All interfaces and reports will undergo usability tests by CCR users.,"not about legal, law, or rules","legal, law, or rules",0.1311861276626587
The WCS system shall be available at all times as long as IBM’s internal intranet W3 is accessible. The WCS system will be available 95% of the time IBM’s internal intranet W3 is available.,"not about legal, law, or rules","legal, law, or rules",0.0936221107840538
The WCS system shall have the ability to connect other designated WCS databases currently not included in the system.,"not about legal, law, or rules","legal, law, or rules",0.053634047508239746
The WCS system shall have the ability to include data for regions outside the United States and be accessed by users outside of the United States if approved by CCR management.,"not about legal, law, or rules","legal, law, or rules",0.10062588006258011
The WCS system shall be run in a Windows environment. The WCS shall be accessed by users through the Internet on an IBM computer running a Windows 2000 or above operating system.,"not about legal, law, or rules","legal, law, or rules",0.03347549960017204
The Brio portion of the WCS system must be able to export files in spreadsheet form (Microsoft Excel and Lotus 1-2-3 formats).  Brio will provide buttons in the user interface that produce/export reports in .xls or .123 file formats.,"not about legal, law, or rules","legal, law, or rules",0.04249618202447891
The WCS system must run queries to the WCS databases once again (on a specified day) to update the available data available to CCR users. Queries must be made to external databases for data refresh once a week.,"not about legal, law, or rules","legal, law, or rules",0.07248685508966446
 All changes  updates  and additions to the WCS system shall be updated in the WCS Developer and WCS User Guides. Every change must be reflected in WCS system documentation,"not about legal, law, or rules","legal, law, or rules",-0.002902695909142494
The system shall only be accessed by authorized Corporate Community Grants (CCR) employees. Users must be authenticated using their IBM intranet user name and password.,"not about legal, law, or rules","legal, law, or rules",0.13316157460212708
The WCS system shall not allow automatic logins by any user. Cookies containing WCS login information about a user will not be stored on a user’s computer.,"not about legal, law, or rules","legal, law, or rules",0.08047650754451752
Each team owner will need to use a username and password in order to be authenticated to reach the team owner’s page,"not about legal, law, or rules","not about legal, law, or rules",0.15923936665058136
The Commissioner will be the only authorized user per league to adjust league settings.,"not about legal, law, or rules","legal, law, or rules",0.21942374110221863
Each page shall contain a navigation menu which shows the index into which the current page is contained.,"not about legal, law, or rules","not about legal, law, or rules",-0.011258918792009354
Each page shall contain a similar format with action items in one location and navigation buttons in a different location.,"not about legal, law, or rules","not about legal, law, or rules",0.08992032706737518
The message board shall contain the 5 most recently posted messages on the league page. The messages will contain up to the first 150 characters of the message.,"not about legal, law, or rules","not about legal, law, or rules",0.1392756849527359
;A new user shall be able to navigate through the league and team pages within 30 seconds of reaching the start-up page.,"not about legal, law, or rules","not about legal, law, or rules",0.17148198187351227
Users shall be able to reach the ‘add’  ‘drop’  and ‘trade player’ pages with one click from the team owner’s page.,"not about legal, law, or rules","not about legal, law, or rules",0.15209153294563293
;Users shall be able to view at least 25 NFL player statistics and points on each page.,"not about legal, law, or rules","not about legal, law, or rules",0.16894881427288055
The application shall ask the user to confirm dropping a player or trading a player before performing the action.,"not about legal, law, or rules","legal, law, or rules",0.25893157720565796
The application shall be able to complete every user transaction within one fourth of a second of receiving the request over the network.,"not about legal, law, or rules","legal, law, or rules",0.15806302428245544
The application shall have a downtime of at most 10 minutes per year.,"not about legal, law, or rules","not about legal, law, or rules",0.1405801922082901
The application shall run on a web application server.,"not about legal, law, or rules","legal, law, or rules",0.11046013236045837
A primary database will be used to store cached data for active users.,"not about legal, law, or rules","legal, law, or rules",0.029622133821249008
A secondary database will be used to store historical statistics and data.,"not about legal, law, or rules","not about legal, law, or rules",0.05119176208972931
Application updates shall occur between 3AM and 6 AM CST on Wednesday morning during the middle of the NFL season.,"not about legal, law, or rules","not about legal, law, or rules",0.10605380684137344
New System version releases shall be released at the beginning of each NFL season.,"not about legal, law, or rules","legal, law, or rules",0.0889391154050827
The RFS system should be available 24/7  especially during the budgeting period. The RFS system shall be available 90% of the time all year  and 98% during the budgeting period. 2% of the time  the system will become available within 1 hour of the time that the situation is reported.,"not about legal, law, or rules","legal, law, or rules",0.01832292415201664
98% of the user workstations shall meet the minimum hardware requirements prior to implementation. Minimum Hard Disk Space:  400MB.,"not about legal, law, or rules","legal, law, or rules",0.10154418647289276
98% of the user workstations shall meet the minimum software requirements prior to implementation: Microsoft Internet Explorer 5.0. Microsoft .NET Framework 1.1. Microsoft Internet Explorer Web Controls,"not about legal, law, or rules","legal, law, or rules",0.07693449407815933
The RFS system should be able to easily interface with the BDW environment  in order to load the data. •;7 data files shall be received from the BDW and loaded into the RFS system within 3 hours one day prior to the start of budgeting process  every year. The data will be as of October month-end. ;Test files (7) shall be loaded up to 5 times throughout the year  from the BDW.,"not about legal, law, or rules","legal, law, or rules",0.028280775994062424
Changes to revenue and expense formulae must be applied to the RFS system  every year  prior to the budgeting process start. Revenue and expense formulae will be updated within one week of their receipt  after which 2 weeks will be allotted to testing of the budget calculations  to be conducted jointly by the project development team and PCG Finance.,"not about legal, law, or rules","legal, law, or rules",0.02304980717599392
New branches/complexes/districts/regions and revenue/expense accounts added to the BDW  must be reflected in the RFS system. 100% of the entities (mentioned above) available as of October month-end  will be loaded into the RFS system  prior to the budget start process.,"not about legal, law, or rules","legal, law, or rules",0.03271337226033211
Only authorized user shall access the RFS system. ONLY users that exist in the UAS system  with the RFS system assigned to their role(s)  shall access the RFS system and use it.,"not about legal, law, or rules","legal, law, or rules",0.05766843631863594
;User access should be limited to the permissions granted to their role(s) Each level in the PCG hierarchy will be assigned a role and users will be assigned to these roles. Access to functionality within RFS system is dependent on the privileges/permission assigned to the role..,"not about legal, law, or rules","legal, law, or rules",0.08947683870792389
The product must comply with the intranet page standards and requirements of ENET Securities. 95% of the product look & feel will be approved by the Architecture group  prior to implementation. The remaining 5% will be corrected and approved within one month of product release.,"not about legal, law, or rules","legal, law, or rules",0.15333889424800873
 The intranet pages should display appropriately in all resolutions  from 800x600 and higher. The display of all the pages will be correct in 95% of the resolutions  prior to implementation. The remaining 5% will be corrected within a week of notification of the incorrect display.,"not about legal, law, or rules","legal, law, or rules",0.05232325941324234
The users should be able to easily use the system to successfully complete their budgets  within the stipulated time for completion. With a week of training prior to product implementation  98% of the users shall complete their budgets within the stipulated time.,"not about legal, law, or rules","legal, law, or rules",0.05864665284752846
The product interface should be fast. The response time of the product interface should not exceed 2 seconds 90% of the time. For 10% of the time  the response time should not be more than 10 seconds.not be more than 10 seconds.,"not about legal, law, or rules","legal, law, or rules",0.10402991622686386
