,precision,recall,f1-score,support
"liability, litigation, jurisdiction, regulation, copyright, legislation, enforcement, governmental, directive,civil, right, patentability, claim, violate, infringement, or counsel",0.0,0.0,0.0,13.0
"usability, security, operational, performance, look & feel, fault & tolerance, maintainability, scalability, availability, or portability",0.9631728045325779,0.9523809523809523,0.9577464788732395,357.0
accuracy,0.918918918918919,0.918918918918919,0.918918918918919,0.918918918918919
macro avg,0.48158640226628896,0.47619047619047616,0.47887323943661975,370.0
weighted avg,0.9293315978868386,0.918918918918919,0.9240959269128284,370.0
