Requirement text,Gold label,Predicated label,ZSL score
The system shall refresh the display every 60 seconds.,not about legal,legal,0.10126123577356339
The application shall match the color of the schema set forth by Department of Homeland Security,not about legal,not about legal,0.17684994637966156
 If projected  the data must be readable.  On a 10x10 projection screen  90% of viewers must be able to read Event / Activity data from a viewing distance of 30,not about legal,legal,0.08546457439661026
 The product shall be available during normal business hours. As long as the user has access to the client PC  the system will be available 99% of the time during the first six months of operation.,not about legal,legal,0.16372857987880707
 If projected  the data must be understandable. On a 10x10 projection screen  90% of viewers must be able to determine that Events or Activities are occuring in current time from a viewing distance of 100,not about legal,legal,0.08219492435455322
The product shall ensure that it can only be accessed by authorized users.  The product will be able to distinguish between authorized and unauthorized users in all access attempts,not about legal,legal,0.22345036268234253
The product shall be intuitive and self-explanatory.  :  90% of new users shall be able to start the display of Events or Activities within 90 minutes of using the product.,not about legal,legal,0.2020452916622162
The product shall respond fast to keep up-to-date data in the display.,not about legal,legal,0.07672125846147537
The look and feel of the system shall conform to the user interface standards of the smart device.,not about legal,legal,0.07843777537345886
 The user interface shall have standard menus  buttons for navigation,not about legal,not about legal,0.015824586153030396
The system shall have a professional appearance,not about legal,not about legal,0.2932440936565399
The product shall have a consistent color scheme and fonts.,not about legal,legal,0.14049366116523743
The system shall be used by realtors with no training.,not about legal,legal,0.16076239943504333
The system shall be intuitive and self explanatory.,not about legal,not about legal,0.17493903636932373
The product shall be easy for a realtor to learn.,not about legal,legal,0.17992602288722992
The product shall use symbols and words that are naturally understandable by the realtor community.,not about legal,legal,0.15832552313804626
The product shall produce search results in an acceptable time,not about legal,legal,0.16393370926380157
The search results shall be returned no later 30      seconds  after the user has entered the search criteria,not about legal,legal,0.020527807995676994
The product shall generate a CMA report in an acceptable time.,not about legal,legal,0.13435444235801697
The CMA report shall be returned no later 60 seconds after the user has entered the CMA report criteria.,not about legal,legal,0.009940248914062977
The product shall synchronize contacts and appointments in an acceptable time.,not about legal,legal,0.11148393899202347
The product shall synchronize with the office system every hour.,not about legal,legal,0.15999940037727356
 The product shall be available for use 24 hours per day  365 days  per year,not about legal,legal,0.23873046040534973
 Out of 1000 accesses to the system  the system is available 999 times.,not about legal,legal,0.13901890814304352
The product shall operate in offline mode whenever internet connection is unavailable.,not about legal,legal,0.15302160382270813
 The product shall allow the user to view previously downloaded search results  CMA reports  and appointments.,not about legal,legal,0.04066234827041626
The product shall retain user preferences in the event of a failure.,not about legal,legal,0.08091868460178375
100% of saved user preferences shall be restored when system comes back online.,not about legal,legal,0.05623752623796463
The product shall be able to support multiple remote users,not about legal,legal,0.10507914423942566
The product shall be able support 1000 simultaneous users.,not about legal,legal,0.0578417032957077
The product shall be capable of handling the existing 1000 users. This number is expected to grow 5 times within the next year.,not about legal,legal,0.11709518730640411
The product shall be installed by an untrained realtor   without recourse to separately-printed instructions.,not about legal,legal,0.18303182721138
90% of untrained realtors shall be able to install the product on their device without printed instructions,not about legal,legal,0.1984235644340515
The product is expected to run on Windows CE and Palm operating systems.,not about legal,legal,0.05700349062681198
Only registered realtors shall be able to access the system.,not about legal,legal,0.1902306228876114
Every user of the system shall be authenticated and authorized.,not about legal,legal,0.21878115832805634
The product shall prevent its data from incorrect data being introduced.,not about legal,not about legal,0.1278621405363083
The system shall be easy to use by the Program Administrators/Nursing Staff Members.,not about legal,not about legal,0.06985381990671158
All of the users shall be able to use the system after one day of training.,not about legal,legal,0.18466193974018097
The system shall help the user avoid making mistakes while scheduling classes and clinicals for the nursing students.,not about legal,not about legal,0.060232147574424744
The number of mistakes noted by the students shall be decreased by 50% in the first year.,not about legal,not about legal,-0.014559370465576649
The system shall be intuitive to the Program Administrators/Nursing Staff Members.,not about legal,not about legal,0.08377118408679962
2 out of 3 Program Administrators/Nursing Staff Members shall successfully be able to use the system to manage the scheduling of classes and clinicals.,not about legal,legal,0.0847783014178276
The system shall use symbols and words that are naturally understandable by the user community.,not about legal,legal,0.1654323935508728
The verbiage used within the system shall be consistent with Standard English and the terminology of the national Nursing Community.,not about legal,legal,0.07004702091217041
Staff members shall be able to complete a set of tasks in a timely manner.,not about legal,legal,0.11414965987205505
The response time of general student management tasks shall take no longer than 5 seconds and the response time of schedule generation shall take no longer than 30 seconds.,not about legal,legal,0.08412183821201324
The system shall be available for use between the hours of 8am and 6pm.,not about legal,legal,0.14621701836585999
The system shall achieve 95% up time.,not about legal,legal,0.12132726609706879
system shall be able to handle all of the user requests/usage during business hours.,not about legal,legal,0.18146297335624695
The system shall cater to 10 simultaneous users from 9am to 5pm.,not about legal,legal,0.07981332391500473
The system shall be capable of processing 100% of nursing students and their classes for the next 10 years.,not about legal,legal,0.07130719721317291
The system shall be expected to manage the nursing program curriculum and class/clinical scheduling for a minimum of 5 years.,not about legal,legal,-0.021534066647291183
The system shall able to operate within a business office environment typical of the Nursing Department at DePaul University.,not about legal,legal,0.09223218262195587
The system shall be used within the specifications defined by the computers used by the Program Administrators/Nursing Staff Members.,not about legal,legal,0.0747295618057251
The system shall operate within the Windows XP Professional operating system.,not about legal,legal,0.09418149292469025
The system shall interface with CampusConnect’s central server,not about legal,legal,0.03309394419193268
The system shall interface with the faculty central server.,not about legal,legal,0.05261947214603424
The system shall interface with the student master server.,not about legal,legal,0.04750438407063484
We must be able to interface with any HTML browser.,not about legal,legal,0.11702650040388107
Only authorized users shall have access to clinical site information.,not about legal,not about legal,0.2175571620464325
Program Administrators/Nursing Staff Members are the only people who shall have access to clinical site details.,not about legal,not about legal,0.08571791648864746
Only authorized users shall have access to students’ personal information.,not about legal,not about legal,0.22799605131149292
Dr Susan Poslusny and Dr Julie Donalek are the only people who shall have access to students’ personal information.,not about legal,not about legal,0.11866849660873413
Only authorized users shall have access to the portion of the system that interfaces with CampusConnect.,not about legal,legal,0.17397180199623108
Fit Criterion: Dr Susan Poslusny and Karen Sysol are the only people who shall have access to the final class section scheduling for the system that interfaces with CampusConnect.,not about legal,legal,0.15359073877334595
The system shall have basic data integrity checking to reduce the possibility of incorrect or invalid data being introduced.,not about legal,not about legal,0.10619731992483139
The system shall protect private information in accordance with the organization’s information policy.,not about legal,not about legal,0.18380017578601837
The system shall be built such that it is as secure as possible from malicious interference.,not about legal,legal,0.15388326346874237
The system shall use the organization’s standard virus protection software to help monitor threats to itself.,not about legal,not about legal,0.08355269581079483
The Disputes application shall comply with the corporate standards for user interface creation for internally and externally used applications.,not about legal,legal,0.16752666234970093
All screens created as part of the Disputes application must comply with corporate standards for interface creation.,not about legal,legal,0.14474979043006897
The list of dispute cases that are displayed after a search is performed must be color coded for easy identification of dispute cases based upon the dispute case status.,not about legal,not about legal,0.11460332572460175
100% of the cardmember and merchant services representatives shall use the Disputes application regularly after a 2-day training course.,not about legal,legal,0.10761215537786484
100% of cardmember services representatives shall be able to successfully create a dispute case on the first encounter after completing the training course.,not about legal,legal,0.1145472601056099
100% of merchant services representatives shall be able to successfully perform a follow up action on a dispute case on the first encounter after completing the training course.,not about legal,legal,0.1281578540802002
The maximum wait time for a user navigating from one screen to another within the Disputes application shall be no more than 5 seconds.,not about legal,not about legal,0.17348885536193848
The Disputes application shall support 350 concurrent users without any degradation of performance in the application.,not about legal,not about legal,0.142006054520607
 The Disputes application shall be available 24x7x365  with the exception of the following scheduled maintenance windows.  Monday – Saturday 3:00am to 4:00am EST Sunday 1:00amd to 5:00am EST,not about legal,legal,0.2221028208732605
The Disputes application shall interface with the Statement Database. The Statement Database provides the transaction details to the Disputes System. All transaction details must be obtained from the Statement Database,not about legal,not about legal,0.09663009643554688
The Disputes application shall interface with the Cardmember Information Database.  The Cardmember Information Database provides detailed information with regard to a cardmember.  All cardmember detail information must be obtained from the Cardmember Information Database.,not about legal,not about legal,0.10250132530927658
The Disputes applications shall interface with the Merchant Information Database.  The Merchant Information Database provides detailed information with regard to the merchant. All merchant detail information shall be obtained from the Merchant Information Database.,not about legal,not about legal,0.12459003925323486
The Disputes application shall interface with the Letters application.  This will allow the Disputes application to request letters as part of the dispute initiation and dispute follow up process. All letter requests must be sent to the Print Letter Utility application.,not about legal,not about legal,0.06745634227991104
The Disputes application shall interface with the Cardmember Posting and Billing System.  This will allow the Disputes application to request adjustments to cardmember and merchant’s accounts. All adjustment requests must be sent to the Cardmember Posting and Billing System.,not about legal,not about legal,0.1311141848564148
The Disputes application shall ensure that only users with the appropriate access level are allowed to initiate dispute requests.,not about legal,legal,0.16375741362571716
Only users with Update access must be able to initiate dispute requests.,not about legal,legal,0.18547725677490234
The Disputes application shall ensure that only authorized users are allowed to logon to the application.,not about legal,legal,0.19399921596050262
 All authorized users  once authenticated must be able to logon to the Disputes System,not about legal,legal,0.256330281496048
The Disputes System shall generate a User Report that details any new users that have been added and any changes to an existing user’s access level.  The report will be reviewed for auditing purposes.,not about legal,not about legal,0.16282138228416443
All additions of new users and modifications to user’s access shall be recorded on the User Report.,not about legal,legal,0.09568625688552856
 If a user account is revoked  it can only be re-instantiated by the System Administrator.,not about legal,legal,0.07612855732440948
Only the System Administrator shall be able to reset a revoked user logon account,not about legal,legal,0.08202260732650757
The Disputes application shall manipulate and view business data. Users will not have direct access to data files or databases.,not about legal,not about legal,0.22354848682880402
All updates to data files or database must be initiated from the Disputes System.,not about legal,legal,0.1185174509882927
The Disputes application must conform to the legal requirements as specified by the Merchant Operating Regulations.,legal,not about legal,0.1897740215063095
All business rules specified in the Disputes System shall be in compliance with the Merchant Operating Regulations.,legal,legal,0.21359768509864807
The Disputes application must conform to the legal requirements as specified by Regulation E and Regulation Z that govern credit card disputes processing.,legal,not about legal,0.18844875693321228
All business rules specified in the Disputes System shall be in compliance to the guidelines of Regulation E and Regulation Z.,legal,legal,0.22623464465141296
The Disputes application must maintain a detailed history of every action that a user takes on a dispute case.  This ensures a complete audit trail if questions arise later on with regard to a particular dispute case.,legal,not about legal,0.12143707275390625
All actions that modify an existing dispute case must be recorded in the case history.,legal,not about legal,0.10455785691738129
The product must support Internet Explorer 5.5 and above.,not about legal,legal,-0.00824560597538948
The product must support Mozilla Firefox 1.0 and above.,not about legal,not about legal,0.00029144715517759323
The product shall interface with the Choice Parts System.  This provides the feed of recycled parts data.,not about legal,legal,0.1253456175327301
The product shall run on the existing hardware for all environments.,not about legal,legal,0.08622908592224121
The product shall adhere to the corporate Architecture guidelines,not about legal,legal,0.1397891491651535
The product shall comply with corporate User Interface Guidelines,not about legal,legal,0.20854555070400238
The product shall comply with corporate color scheme,not about legal,legal,0.22047850489616394
The appearance of the product shall appear professional,not about legal,not about legal,0.25234365463256836
The product shall be easy to use by Adjusters and Collision Estimators.  95% of Adjusters and Collision Estimators shall find the product easy to use.,not about legal,not about legal,0.06525740027427673
The product shall increase productivity of Collision Estimators. 80% of the Collision Estimators shall agree their productivity has increase within 1 month of using the product.,not about legal,not about legal,0.05638958513736725
Users shall feel satisfied using the product.  85% of all users will be satisfied with the product.,not about legal,legal,0.15677490830421448
The product shall be easy to learn by Adjusters and Collision Estimators.  The product shall be learned with two days onsite training,not about legal,not about legal,0.1395220160484314
The user shall easily locate instructions while using the product.  User help can be found within 90% of the system.,not about legal,not about legal,0.056272804737091064
The search for recycled parts shall take no longer than 15 seconds.  The search results shall be returned in under 15 seconds.,not about legal,legal,0.08820172399282455
The search for the preferred repair facility shall take no longer than 8 seconds.  The preferred repair facility is returned within 8 seconds,not about legal,legal,0.0917619988322258
The recycled parts audit report shall be returned to the user within 10 seconds.  The audit report shall be returned within 10 seconds.,not about legal,legal,0.1357882022857666
The preferred repair facility ratings shall be saved within 5 seconds. The save shall occur within 5 seconds.,not about legal,not about legal,0.0455428846180439
The product shall adhere to the corporate online availability schedule.  The application is brought down only within 98% of the scheduled outages per the availability schedule.,not about legal,legal,0.19655746221542358
The product shall achieve a 98% uptime. The product shall not fail more than 2% of the available online time.,not about legal,legal,0.1930999606847763
The product shall be able to handle up to 1500 simultaneous users. The system shall perform with 1500 users as a time.,not about legal,legal,0.07615220546722412
 The average number of recycled parts records per day shall be 50 000.,not about legal,legal,0.0029534045606851578
 The product shall be able to handle 10 000 concurrent users within 2 years of the initial launch.,not about legal,legal,0.10247503221035004
 For estimators  the product shall be able to be operated in a repair facility during dirty and noisy conditions.,not about legal,legal,0.07402655482292175
The product shall interface with the ChoiceParts system once per day at approximately 1:00 AM.,not about legal,legal,0.15904246270656586
The maintenance of the product will fall within the established corporate maintenance windows.,not about legal,legal,0.0390065535902977
The product shall be supported using the corporate support center.,not about legal,not about legal,0.03739028051495552
Product installations and upgrades shall be handled by the middleware technology team within established launch time frames.,not about legal,legal,0.02565873973071575
Only adjusters can request recycled parts audit reports. No users without an adjuster role shall request recycled parts audits.,not about legal,legal,0.14594249427318573
Only adjusters with a supervisor role can update preferred repair facility ratings. Users without the supervisor role cannot access the repair facility ratings.,not about legal,legal,0.027451936155557632
Only collision estimators shall search for recycled parts.  Users without the collision estimator role shall not have access to the search for recycled parts.,not about legal,legal,0.10777193307876587
Only valid data shall be entered into the system.  No invalid data shall be entered into the system.,not about legal,legal,0.20642200112342834
One insurance company shall not be able to view another insurance companys claim data.,not about legal,not about legal,0.1963489055633545
The product shall free of computer viruses.,not about legal,legal,0.2326679676771164
The system shall prevent malicious attacks including denial of service.,not about legal,not about legal,0.14315108954906464
The product must comply with Sarbanes-Oxley.,legal,legal,0.16064298152923584
The product shall comply with the estimatics laws relating to recycled parts usage.,legal,legal,0.15968143939971924
The product shall comply with insurance regulations regarding claims processing.,legal,not about legal,0.23188260197639465
 The product must work with most database management systems (DBMS) on the market  whether the DBMS is colocated with the product on the same machine or is located on a different machine on the computer network.,not about legal,legal,0.028789730742573738
The product will function alongside server software on any operating system where the Java runtime can be installed.,not about legal,legal,-0.0010982109233736992
The product will require collaboration with a database management system (DBMS).  The DBMS may be located on the same machine as the product or on a separate machine residing on the same computer network.,not about legal,legal,0.030895251780748367
 The product must make use of web/application server technology.  Open source examples include Apache web server  Tomcat  and the JBoss application server.,not about legal,legal,0.022539664059877396
 A database management system such as Oracle  DB2  MySql or HSQL will need to be integrated with the product.,not about legal,legal,-0.028896057978272438
 The product’s Look and Feel shall be able to incorporate aspects of the customer’s organization such as logo  branding  and identity,not about legal,legal,0.1208651140332222
The product shall have a conservative and professional appearance.,not about legal,legal,0.2514824867248535
The product shall make the users want to use it. 80% of the users surveyed report they are regularly using the product after the first 2 weeks post-launch.,not about legal,legal,0.12879516184329987
The product shall be easy to use. 90% of users will be able to successfully reserve a conference room within 5 minutes of product use.,not about legal,legal,0.0722452849149704
The product shall give users feedback when necessary. 80% of the users surveyed report that the product accurately confirms their actions.,not about legal,legal,0.15854869782924652
The product shall allow the user to select a chosen language from one of the target market countries.,not about legal,legal,0.10659044981002808
The product shall allow for customization of start page and views preferences.,not about legal,not about legal,0.10017243027687073
 An employee will be able to successfully use the product within a few minutes.  After informally navigating the product for less than 15 minutes  users shall be able to successfully setup meetings and reserve conference rooms.,not about legal,legal,0.11419617384672165
The product shall use a standard navigation menu familiar to most web users.,not about legal,not about legal,-0.004558378830552101
The product shall allow for intuitive searching of available conference rooms.,not about legal,legal,-0.022217491641640663
The product shall conform to the Americans with Disabilities Act.,not about legal,legal,0.2376329004764557
The response shall be fast enough to avoid interrupting the user’s flow of thought.  90% of tasks shall complete within 5 seconds.  98% of tasks shall complete within 8 seconds.,not about legal,not about legal,0.10860779136419296
 Aside from server failure  the software product shall achieve 99.99% up time.,not about legal,legal,0.11731335520744324
The product shall create an exception log of problems encountered within the product for transmission to our company for analysis and resolution.,not about legal,legal,0.0886741355061531
 The product shall be capable of handling up to 1 000 concurrent requests.  This number will increase to 2 000 by Release 2.  The concurrency capacity must be able to handle peak scheduling times such as early morning and late afternoon hours.,not about legal,legal,0.0575764924287796
 The product shall be able to process 10 000 transactions per hour within two years of its launch.  This number will increase to 20 000 by Release 2.,not about legal,legal,0.12699154019355774
The product shall be expected to operate for at least 5 years for each customer installation.,not about legal,legal,0.07592247426509857
The product shall be used in office environments.,not about legal,legal,0.19716373085975647
The product must be able to interface with any HTML browser.  The product shall transmit data between the user and the product without problems. The product shall display HTML properly in 80% of all HTML browsers tested (minimum is to test 8 browsers).,not about legal,legal,0.09914116561412811
The product must be able to interface with various database management systems. The product shall communicate successfully with the database management system on 100% of all transactions.,not about legal,legal,0.05271178111433983
The product must be able to interface with various email servers. The product shall be able to send email.,not about legal,legal,0.08738963305950165
The product shall be available for distribution via the Internet as a binary or ZIP file.,not about legal,legal,0.2164153903722763
The product shall be available for distribution as a packaged CD.,not about legal,legal,0.1988646239042282
 The product will be available for licensing as a one-server  two-five servers  or five-or-more servers license.,not about legal,legal,0.20596164464950562
A new user must be able to be added to the system within 10 minutes.  90% of new users are able to log into the system within 10 minutes.,not about legal,legal,0.06928843259811401
The product must be designed using Design Patterns and coding best practices.  90% of maintenance software developers are able to integrate new functionality into the product with 2 working days.,not about legal,legal,0.040760576725006104
The product must be highly configurable for use with various database management systems for the end users.  80% of end users are able to integrate new database management systems with the product without changing the product’s software code.,not about legal,legal,0.02373725362122059
Maintenance releases will be offered to customers once a year.  The releases shall take no longer than 5 minutes for 80% of the customer base to install.,not about legal,legal,0.05994861572980881
Every registered user will have access to the product’s support site via the Internet.  70% of registered users shall find a solution to their problem within 5 minutes of using the support site.,not about legal,not about legal,0.12961356341838837
The customer shall be able to easily integrate new building maps with the product throughout the product’s lifecycle.  Integration of new maps with the product shall be possible with little to no support from product support staff.,not about legal,legal,0.07419219613075256
 The product shall be translated into foreign languages other than the target market countries’ languages in future releases.  For each emerging target market  it shall take no more than 5 days to configure the product for that market’s language.,not about legal,legal,0.044871386140584946
 The product is expected to integrate with multiple database management systems.  The product will operate with Oracle  SQL Server  DB2  MySQL  HSQL  and MS Access.,not about legal,legal,-0.008145105093717575
The product shall be able to be installed in any operating environment within 2 days.,not about legal,legal,0.09984996914863586
The product shall ensure that only company employees or external users with company-approved user IDs may have product access.  100% of all logons shall be by either company employees or external users with company-approved user IDs.,not about legal,legal,0.20327253639698029
Only managers are able to perform search queries for reservations by user.  100% of all search queries for reservations by user shall be from logons of only management logons.,not about legal,legal,0.07739295810461044
The product shall ensure that the database’s data corresponds to the data entered by the user.  Each conference room reservation in the system will contain the same information as was entered by the user.,not about legal,legal,0.05557949095964432
The product shall prevent the input of malicious data.  The product and/or adjacent hardware/software systems’ data shall remain 100% uncorrupted each time malicious data is input into the product.,not about legal,legal,0.1796174794435501
The product and/or dependent databases/filesystems shall remain operational as a result of the input of malicious data.  The product and/or dependent databases/filesystems shall not crash 100% of the time that malicious data is input into the product.,not about legal,legal,0.12779398262500763
The product shall have the ability to receive automatic software updates as new threats emerge.  100% of customers will be able to receive automatic software updates transmitted to the installed product.,not about legal,legal,0.12264132499694824
The language of the product shall accommodate all of the target market countries. 90% of survey respondents from each target market country will find that the language of the product is acceptable.,not about legal,legal,0.11078795045614243
The product shall be able to display calendar dates and times according to the user’s locale.  90% of survey respondents from each target market country will find that the date and time formatting of the product is correct.,not about legal,legal,0.06156975030899048
The product must be developed with the J2SE/J2EE programming language libraries,not about legal,legal,0.08317456394433975
Recreation of Inventory Quantity Adjustment for the period of previous 30 days shall take no more than 30min.,not about legal,legal,0.11398851871490479
The System shall allow for a minimum of  6 users to work at the same time.,not about legal,legal,0.15233942866325378
The System shall utilize currently owned computer equipment.,not about legal,legal,0.1388365775346756
The System shall be able to automatically backup business data and restore them on demand.,not about legal,legal,0.10375197231769562
The System shall maintain consistent security.  Any changes in user passwords and/or permissions should take affect in all parts of the System.,not about legal,legal,0.09156306833028793
The System shall granularly control access rights to all major subsystems.  It should be possible to assign access rights to all subsystems independently.,not about legal,legal,0.06907238066196442
The System shall meet all applicable accounting standards.  The final version of the System must successfully pass independent audit performed by a certified auditor.,legal,legal,0.11469791829586029
The System shall not require additional third party licenses resulting in royalty fees.,not about legal,not about legal,0.23455318808555603
Administrator shall be able to activate a pre-paid card via the Administration section in under 5 seconds.,not about legal,legal,0.15138569474220276
 Customer shall be able to check the status of their prepaid card  by entering in the PIN number  in under 5 seconds.,not about legal,legal,0.13699202239513397
System shall let customers register on the website as a “pay as you go” user in under 5 minutes.,not about legal,legal,0.2279665470123291
System shall let customers register on the website as a “unlimited movie subscriber” user in under 10 minutes.,not about legal,legal,0.24390284717082977
System shall let existing customers log into the website with their email address and password in under 5 seconds.,not about legal,legal,0.12130066752433777
 System shall let customers cancel their account  process shall take no longer than 2 minutes.  Database will mark the account as inactive  and user will not be able to log into the website.,not about legal,legal,0.12382954359054565
System shall let administrator de-activate a customer account in under 1 minute. Customer will no longer be able to access the website.,not about legal,legal,0.17259255051612854
System shall let administrator add/remove movies on the website in under 5 minutes.  Entered movie information will be stored in the database and will now be available on the website.,not about legal,legal,0.12211427092552185
System shall let the administrator add/remove categories on the website in under 5 minutes.,not about legal,legal,0.13626191020011902
System shall let Izogn Manager access sales and usage statistics in under 2 minutes.,not about legal,legal,0.10699887573719025
System shall let administrators generate unique pre-paid pins in under 2 minutes and generate an Excel file with the generated PINs.,not about legal,legal,0.17922347784042358
The website shall be attractive to all audiences.  The website shall appear to be fun and the colors should be bright and vibrant.,not about legal,legal,0.1371614784002304
 The website should have an African feel  but should not alienate non-Africans.  The website should use animation on pages which are describing the services  to grab the users attention and encourage them to sign up.,not about legal,legal,0.10867296159267426
 The website design should be modern  clean  and concise.,not about legal,not about legal,0.13398100435733795
The product should be able to be used by 90% of novice users on the Internet.,not about legal,legal,0.15934690833091736
 Users should only have to navigate through a maximum of 4 pages  to create an account with the website.,not about legal,legal,0.05305458977818489
Users should be able to access their streaming movies in under 2 clicks after logging into the website.,not about legal,legal,0.1701643466949463
An anonymous survey will show that 70% of customers are comfortable purchasing streaming movies after 2 weeks using the website.,not about legal,legal,0.16284319758415222
An anonymous survey will show that 95% of customers are comfortable using and purchasing pre-paid cards after a month of using the system.,not about legal,legal,0.09742124378681183
The product shall retain the customer’s buying preferences and information.,not about legal,legal,0.12422873824834824
The product shall be easy for customers with novice skills on the  Internet to purchase and watch streaming movies.  Customers should be able to purchase and watch a pre-determined movie in under 3 minutes.,not about legal,legal,0.18891963362693787
The product shall use symbols and words that are naturally understandable by users familiar with websites,not about legal,legal,0.1758023351430893
The website will use standard Internet conventions when interacting with the user.,not about legal,legal,0.1366284340620041
 Any interface between a user and the automated system shall have a maximum response time of 5 seconds  unless noted by an exception below.,not about legal,legal,0.1356963813304901
 When purchasing a streaming movie or pre-paid card via credit card  the processing time should have a maximum response time of 15 seconds.,not about legal,legal,0.1495586484670639
 When streaming a movie  the buffering time should take no longer than 10 seconds (plus any latency on the user’s connection.),not about legal,legal,0.09908102452754974
 While streaming a movie  buffering should only occur if there is latency in the user’s connection.,not about legal,legal,0.09316597878932953
 All credit card information will be secured on the server  and only accessible by authorized Izogn administrators.  Information will be encrypted in the database.,not about legal,legal,0.08227406442165375
 The website shall be available for use 24 hours per day  365 days per year.,not about legal,legal,0.15262985229492188
The website shall achieve 99.5% up time.,not about legal,legal,0.14347675442695618
 All movies shall be streamed on demand  at any time of the day.,not about legal,legal,0.2160252183675766
The website shall continue to operate if the streaming server goes down.,not about legal,legal,0.1519010215997696
The website shall continue to operate if the payment gateway goes down.,not about legal,legal,0.11782384663820267
The streaming server will support 50 simultaneous streaming connections.,not about legal,legal,0.06462783366441727
The streaming server will support a maximum of 700 movies  new servers can be added to support more movies.,not about legal,legal,0.08105892688035965
 The server will support a maximum of 1 000 simultaneous users.,not about legal,legal,0.04782535135746002
 The website shall be capable of supporting 100 000 customers.,not about legal,legal,0.027726832777261734
The product shall be expected to operate within the maximum maintenance budget for a minimum of 2 years.,not about legal,legal,0.03518570959568024
All aspects of the website shall be accessed by a web browser over the Internet.,not about legal,legal,0.17906397581100464
The same hardware supporting the current website will be used to support the new system.,not about legal,legal,0.04414825513958931
 We must be able to interface with the following browsers: IE 5.X  6.0  Netscape 6.x  7.x  8.x and Firefox 1.0.,not about legal,legal,0.04116922616958618
Website must interface with the CyberSource API to process credit card transactions.,not about legal,not about legal,0.0882786363363266
Website must be fully operational with MSN TV2.,not about legal,legal,0.15451431274414062
Movies shall be encoded and streamed via Windows Media Player 9.0.,not about legal,legal,0.16197730600833893
Movies shall be encoded for 56k and 256k streams.,not about legal,legal,0.20814312994480133
Promotional updates to the website should take a day to update.,not about legal,legal,0.13611018657684326
Izogn Administrator must be able to update the category listings on the website within 2 minutes.,not about legal,legal,0.10648337006568909
Izogn Administrator must be able to add new products to the website within 2 minutes.,not about legal,legal,0.1747831404209137
The system will provide a 24 hour 800 toll free number for support to its customers.,not about legal,legal,0.04219624772667885
The website will provide a help section with answers and solutions to common problems.,not about legal,not about legal,0.07841409742832184
 Velkat staff will be available for phone support between 7am-7pm  M-F to provide technical support to the Izogn administrators.,not about legal,not about legal,0.052847135812044144
The product shall be able to be installed in the specified environment within 1 working day.,not about legal,legal,0.13130663335323334
Only registered customers can purchase streaming movies.,not about legal,legal,0.24108679592609406
 A customer can only stream a movie if they purchased it  and are within the 2 day viewing period.,not about legal,legal,0.2596997022628784
Only authorized personnel can access customer records in the database.,not about legal,legal,0.1355266273021698
Only administrators can activate a pre-paid card.,not about legal,legal,0.19173932075500488
Only authorized personnel can access sales information.,not about legal,not about legal,0.19702796638011932
The website shall prevent its data from being corrupted when incorrect data is entered in.,not about legal,not about legal,0.09989317506551743
 The website shall protect itself from intentional abuse  and notify the administrator at all occurrences.,not about legal,legal,0.20355461537837982
Data integrity scripts will be run on a weekly basis to verify the integrity of the database.,not about legal,legal,0.07525467872619629
 The website shall make its user aware of its information practices before collection data from them via a Privacy Policy  accessible on all pages of the website.,not about legal,not about legal,0.16571059823036194
The system shall notify customers of changes to its information policy.,not about legal,not about legal,0.13163991272449493
The system shall reveal private information only in compliance with the organization’s information policy.,not about legal,not about legal,0.15848499536514282
 All customer information will be stored on a secure database  accessible only to authorized personnel.,not about legal,legal,0.17681530117988586
All credit card information will be encrypted in the database.,not about legal,legal,0.08833340555429459
The streaming server will have anti-virus software to prevent infection of malicious viruses.,not about legal,legal,0.14785942435264587
The website should cater to all tribes in Nigeria.,not about legal,not about legal,0.140163853764534
The website shall not be offensive to religious or ethnic groups.,not about legal,not about legal,0.23976470530033112
 The website should appeal to all Africans  not only Nigerians.,not about legal,not about legal,0.20260921120643616
The website should use Flash to provide animation on the home page.,not about legal,legal,0.09079401195049286
IzognMovies shall meet the licensing requirements set forth by the appropriate organizations in order to stream African movies.,legal,legal,0.1991410106420517
The website will comply with W3C standards.,legal,legal,0.19764359295368195
The PHP code will comply with PEAR standards.,legal,not about legal,0.15678690373897552
Total lead cycle time must be completed in 5 minutes for 90% of lead volume between the business hours of 8AM CST to 8PM CST  then 3 minutes for 99% of lead volume during off business hours.,not about legal,legal,0.007472735829651356
No lead evaluation will complete in a time period longer than 25 seconds for 97% of all leads processed.,not about legal,legal,0.05525726452469826
For leads that process longer than 25 seconds the system will record the event and duration,not about legal,legal,0.08075152337551117
The process must fit within the processing time conditions set forth by the Auto Rep Assignment process in which a lead is assigned within 3 minutes of the total life cycle.,not about legal,legal,0.09102986007928848
The lead washing process will operate within the established physical web service structure.,not about legal,legal,0.036387693136930466
 The washing process must use a non binding  neutral data format  such as xml  when receiving and processing lead data.,not about legal,legal,0.06369326263666153
Defect reports will be available to technical units on a 24x7 basis.,not about legal,not about legal,0.028623882681131363
Washing parameters will be updated during scheduled maintenance hours.,not about legal,legal,-0.005912781693041325
The product shall simulate the look of ships at sea.,not about legal,not about legal,0.11626707017421722
The product shall display the grids within a circle as a view from a periscope.,not about legal,legal,0.04710054025053978
The product shall display each type of ship in a grid using an image of the specific type of ship.,not about legal,not about legal,0.09580826014280319
 When the offensive player takes a shot  the product shall simulate the sound of a ship at sea.,not about legal,not about legal,0.21369855105876923
 When a shot is marked as a miss  the product shall simulate the sound of a shot missing its target.,not about legal,legal,0.07377541065216064
 When a shot is marked as a hit  the product shall simulate the sound of a shot hitting its target.,not about legal,legal,0.15124928951263428
 When a ship is sunk  the product shall simulate the sound of a sinking ship.,not about legal,not about legal,0.17253659665584564
 The product shall be available 24 hours per day  seven days per week.,not about legal,legal,0.1807127594947815
The product shall able to handle a large number of games simultaneously.,not about legal,legal,0.12749481201171875
The response time shall be fast enough to maintain the flow of the game.  The response time shall be no more than 2 seconds for 95% of responses and no more than 4% for the remaining responses.,not about legal,legal,0.10812763124704361
The product shall protect the identity of the players. The product shall provide players no access to information that might reveal the identity of another player.,not about legal,legal,0.3015432059764862
The product shall be intuitive and self-explanatory.  Nine out ten users shall be able to successfully complete a game with no training.,not about legal,legal,0.19035595655441284
 The product shall be available to players who understand English  Spanish and French.  The product shall allow the user to select the language upon accessing the product.,not about legal,legal,0.2007673978805542
The product shall provide players no access to information that might reveal the identity of another player,not about legal,legal,0.30685997009277344
The response time shall be fast enough to maintain the flow of the game. The response time shall be no more than 2 seconds for 95% of responses and no more than 4% for the remaining responses.,not about legal,legal,0.10812763124704361
The system shall be easy to use by callers and supervisors. Callers and supervisors must be able to accomplish any system task within 2 minutes.,not about legal,legal,0.116398386657238
The system shall be easy to learn by callers and supervisors. Callers and supervisors shall learn how to use the system within 10 minutes.,not about legal,not about legal,0.08570808172225952
 The system shall be responsive. At the DePaul TeleServices Center  when a supervisor uses the system to view a callers schedule  the system response time must be no more than 2 seconds 90% of the time and no more than 5 seconds the rest of the time.,not about legal,legal,0.11354876309633255
 On a 56k connection  the system response time for all operations must be no more than 6 seconds 90% of the time.,not about legal,legal,0.04209356755018234
 On a 112k connection or faster  the system response time for all operations must be no more than 3 seconds 90% of the time.,not about legal,legal,0.038287438452243805
The system shall have high availability every day of the year.The system must be available for use between 12:00AM and 6:00PM all days of the year.,not about legal,legal,0.14324653148651123
The system must be available for use between 7:00AM and 11:59PM all days of the year.,not about legal,legal,0.19285203516483307
The product shall be internet browser independent.The product must run using Internet Explorer and Netscape Navigator.,not about legal,legal,0.10128376632928848
The product shall ensure that only supervisors can advertise empty time slots.The product must ensure that supervisors are allowed to access advertise empty time slots.,not about legal,legal,0.17065875232219696
The product shall ensure that only supervisors can enter a caller’s schedule.The product must ensure that supervisors are allowed to access advertise empty time slots.,not about legal,legal,0.17543160915374756
The product shall ensure that only supervisors can view schedule of all callers.The product must ensure that supervisors are allowed to access advertise empty time slots.,not about legal,legal,0.17743948101997375
 The interface shall have a simple look. In the interface and usability survey  90% of beta testers must report that the interface is adequately simple.,not about legal,not about legal,0.06496283411979675
 The interface shall be appealing to callers and supervisors. In the interface and usability survey  80% of beta testers must report that the interface is appealing.,not about legal,not about legal,0.07871653139591217
The product shall provide GUI based Monitoring Services.System Administrators shall monitor message exchanges will predict and determine problems and will also provide internal and external support.,not about legal,legal,0.09286066144704819
The product shall comply with City of Chicago Application Development Guide Framework.Application Development Framework will provide structured Graphical User Interface.,not about legal,legal,0.036524929106235504
The product shall provide Monitoring Services.The product shall be easy for System Administrators and DBAs to use after two weeks of usage.,not about legal,legal,0.12177427858114243
The product shall provide Error Tracking Services.The product shall help the System Administrators and DBAs to resolve transaction errors 99% of the time.,not about legal,legal,0.11270062625408173
The product shall provide Portals.The product shall help System Administrators to analyze the transactions with ad-hoc reporting and KPIs (Key Performance Indicators),not about legal,legal,0.1475718915462494
The product shall provide Asynchronous Messaging.The product shall provide asynchronous messaging to enable parallel processing and reduce the overhead in communications,not about legal,legal,0.12122075259685516
The product shall provide Multi-threading and Load Balancing.The product shall provide multi-threading technology as well as load balancing to overcome data load spikes and traffic.,not about legal,legal,0.06645968556404114
The product shall process messages within 2 seconds.The product shall have a maximum message processing time of 2 seconds,not about legal,legal,0.12484564632177353
The product shall poll the system for messages every second.The product shall poll the system for new messages at a maximum of every 1 second.,not about legal,legal,0.1376577466726303
The product shall provide Dynamic Change Support and Transparent resource addition.The product shall support Transparent Resource addition and Dynamic Change support to provide scalability and avoid service interruptions of more than 1 day.,not about legal,legal,0.11633708328008652
The product shall be available 99% of the time. Rationale: To avoid service interruption during busiest customer service response periods. The product shall be available 99.99% of the time for regular business days.,not about legal,legal,0.16042475402355194
The product shall be robust.The product shall have fault avoidance based on standards adoption.,not about legal,legal,0.11265696585178375
The product shall be robust with fault tolerance.The product shall have fault tolerance by using recovery technique compensatory transaction and routing around failures.,not about legal,legal,0.07552161812782288
The product shall be able to process all transactions.The product shall process minimum of 1 million transactions per year.,not about legal,legal,0.15214623510837555
The product shall be platform independent.The product shall enable access to any type of development environment and platform.,not about legal,legal,0.1539727747440338
The product shall interface CSR and Datastream.The product shall exchange messages between CSR and EAM on a real time basis without any direct interfaces between two systems.,not about legal,legal,0.1324348896741867
 : The product shall continue to operate during upgrade  change or new resource addition.The product shall be able to continue to operate with no interruption in service due to new resource additions.,not about legal,legal,0.11309552192687988
The product shall be updated on a regular basis.The product will have a new major feature introduced every six months and quarterly maintenance releases every six months.,not about legal,legal,0.04510527849197388
The product shall operate with every platform.The product shall accommodate any new technology without any change in its architecture.,not about legal,legal,0.11153777688741684
 The product shall have security.The product shall provide authentication  and authorization.,not about legal,legal,0.2521032989025116
The product shall information Security. The product shall enable privacy by encryption WS-Security and Integrity Checking.,not about legal,legal,0.21684670448303223
The product shall have audit capabilities.The product shall store messages for a minimum of one year for audit and transaction tracking purposes.,not about legal,legal,0.14499764144420624
The system shall use IBM and CCR branding standards. The interface must have one IBM logo and one CCR logo.,not about legal,legal,0.042664915323257446
The system shall be displayable on any work computer a CCR user may have. The system interface shall be formatted to display at 800 by 600 pixel resolution.,not about legal,legal,0.131551131606102
The system interface will use CCR nomenclature. The system must use the same nomenclature used in the existing WCS system and reports,not about legal,legal,0.0007760375738143921
The interface must summarize the data in a fashion that’s appealing to CCR management. Every report type must have at least one high level summary shown in the results dashboard/interface,not about legal,not about legal,0.00989212840795517
The system must use a point and click interface. 100% of all selection and navigation functionality must be able to be activated/selected by either a mouse or a keyboard,not about legal,legal,0.05002634972333908
The interface shall be easy to use. 90% of users should be able to successfully use the system to generate a report on their first use. The interface should adhere to IBM usability standards.,not about legal,legal,0.04827927052974701
Rreports must be easy to generate. eports must be generated within one button click and exported within one button click (after selecting the report),not about legal,not about legal,0.005213168449699879
A user shall be able to use the system without instruction after a short amount of time. After one use a user should understand and remember 90% of the system usage and navigation.,not about legal,not about legal,0.08423613756895065
All CCR users shall receive training before the WCS system is deployed. One training session will be held for 100% of CCR users before system deployment (based on a CCR user being available),not about legal,legal,0.04538184776902199
The WCS system shall use appropriate nomenclature and terminology as defined by the Corporate Community Grants organization. All interfaces and reports will undergo usability tests by CCR users.,not about legal,legal,0.07028089463710785
The WCS system shall be available at all times as long as IBM’s internal intranet W3 is accessible. The WCS system will be available 95% of the time IBM’s internal intranet W3 is available.,not about legal,legal,0.08112489432096481
The WCS system shall have the ability to connect other designated WCS databases currently not included in the system.,not about legal,not about legal,0.005140742287039757
The WCS system shall have the ability to include data for regions outside the United States and be accessed by users outside of the United States if approved by CCR management.,not about legal,legal,0.09739537537097931
The WCS system shall be run in a Windows environment. The WCS shall be accessed by users through the Internet on an IBM computer running a Windows 2000 or above operating system.,not about legal,legal,-0.014447938650846481
The Brio portion of the WCS system must be able to export files in spreadsheet form (Microsoft Excel and Lotus 1-2-3 formats).  Brio will provide buttons in the user interface that produce/export reports in .xls or .123 file formats.,not about legal,legal,0.03049253299832344
The WCS system must run queries to the WCS databases once again (on a specified day) to update the available data available to CCR users. Queries must be made to external databases for data refresh once a week.,not about legal,legal,0.011330352164804935
 All changes  updates  and additions to the WCS system shall be updated in the WCS Developer and WCS User Guides. Every change must be reflected in WCS system documentation,not about legal,legal,-0.04387374967336655
The system shall only be accessed by authorized Corporate Community Grants (CCR) employees. Users must be authenticated using their IBM intranet user name and password.,not about legal,legal,0.14513953030109406
The WCS system shall not allow automatic logins by any user. Cookies containing WCS login information about a user will not be stored on a user’s computer.,not about legal,legal,0.11150966584682465
Each team owner will need to use a username and password in order to be authenticated to reach the team owner’s page,not about legal,legal,0.1566249430179596
The Commissioner will be the only authorized user per league to adjust league settings.,not about legal,legal,0.21662169694900513
Each page shall contain a navigation menu which shows the index into which the current page is contained.,not about legal,not about legal,-0.013740438967943192
Each page shall contain a similar format with action items in one location and navigation buttons in a different location.,not about legal,not about legal,0.07038305699825287
The message board shall contain the 5 most recently posted messages on the league page. The messages will contain up to the first 150 characters of the message.,not about legal,legal,0.08002365380525589
;A new user shall be able to navigate through the league and team pages within 30 seconds of reaching the start-up page.,not about legal,legal,0.14138400554656982
Users shall be able to reach the ‘add’  ‘drop’  and ‘trade player’ pages with one click from the team owner’s page.,not about legal,legal,0.2020752727985382
;Users shall be able to view at least 25 NFL player statistics and points on each page.,not about legal,legal,0.12991967797279358
The application shall ask the user to confirm dropping a player or trading a player before performing the action.,not about legal,legal,0.24794715642929077
The application shall be able to complete every user transaction within one fourth of a second of receiving the request over the network.,not about legal,legal,0.15440179407596588
The application shall have a downtime of at most 10 minutes per year.,not about legal,legal,0.13284942507743835
The application shall run on a web application server.,not about legal,not about legal,0.04886053502559662
A primary database will be used to store cached data for active users.,not about legal,legal,0.003241080790758133
A secondary database will be used to store historical statistics and data.,not about legal,legal,-0.01303394977003336
Application updates shall occur between 3AM and 6 AM CST on Wednesday morning during the middle of the NFL season.,not about legal,not about legal,0.07380040735006332
New System version releases shall be released at the beginning of each NFL season.,not about legal,legal,0.1060243621468544
The RFS system should be available 24/7  especially during the budgeting period. The RFS system shall be available 90% of the time all year  and 98% during the budgeting period. 2% of the time  the system will become available within 1 hour of the time that the situation is reported.,not about legal,legal,0.03671015799045563
98% of the user workstations shall meet the minimum hardware requirements prior to implementation. Minimum Hard Disk Space:  400MB.,not about legal,not about legal,0.0496162474155426
98% of the user workstations shall meet the minimum software requirements prior to implementation: Microsoft Internet Explorer 5.0. Microsoft .NET Framework 1.1. Microsoft Internet Explorer Web Controls,not about legal,legal,0.037021346390247345
The RFS system should be able to easily interface with the BDW environment  in order to load the data. •;7 data files shall be received from the BDW and loaded into the RFS system within 3 hours one day prior to the start of budgeting process  every year. The data will be as of October month-end. ;Test files (7) shall be loaded up to 5 times throughout the year  from the BDW.,not about legal,legal,0.0207873173058033
Changes to revenue and expense formulae must be applied to the RFS system  every year  prior to the budgeting process start. Revenue and expense formulae will be updated within one week of their receipt  after which 2 weeks will be allotted to testing of the budget calculations  to be conducted jointly by the project development team and PCG Finance.,not about legal,legal,0.009841959923505783
New branches/complexes/districts/regions and revenue/expense accounts added to the BDW  must be reflected in the RFS system. 100% of the entities (mentioned above) available as of October month-end  will be loaded into the RFS system  prior to the budget start process.,not about legal,legal,0.05520821735262871
Only authorized user shall access the RFS system. ONLY users that exist in the UAS system  with the RFS system assigned to their role(s)  shall access the RFS system and use it.,not about legal,legal,0.07969944924116135
;User access should be limited to the permissions granted to their role(s) Each level in the PCG hierarchy will be assigned a role and users will be assigned to these roles. Access to functionality within RFS system is dependent on the privileges/permission assigned to the role..,not about legal,legal,0.07856814563274384
The product must comply with the intranet page standards and requirements of ENET Securities. 95% of the product look & feel will be approved by the Architecture group  prior to implementation. The remaining 5% will be corrected and approved within one month of product release.,not about legal,legal,0.1394774615764618
 The intranet pages should display appropriately in all resolutions  from 800x600 and higher. The display of all the pages will be correct in 95% of the resolutions  prior to implementation. The remaining 5% will be corrected within a week of notification of the incorrect display.,not about legal,not about legal,0.021496932953596115
The users should be able to easily use the system to successfully complete their budgets  within the stipulated time for completion. With a week of training prior to product implementation  98% of the users shall complete their budgets within the stipulated time.,not about legal,legal,0.08971553295850754
The product interface should be fast. The response time of the product interface should not exceed 2 seconds 90% of the time. For 10% of the time  the response time should not be more than 10 seconds.not be more than 10 seconds.,not about legal,legal,0.06924289464950562
