,precision,recall,f1-score,support
"liability, litigation, jurisdiction, regulation, copyright, legislation, enforcement, governmental, directive,civil, right, patentability, claim, violate, infringement, or counsel",0.0392156862745098,0.9230769230769231,0.07523510971786834,13.0
"not about liability, litigation, jurisdiction, regulation, copyright, legislation, enforcement, governmental, directive,civil, right, patentability, claim, violate, infringement, or counsel",0.984375,0.17647058823529413,0.29928741092636585,357.0
accuracy,0.20270270270270271,0.20270270270270271,0.20270270270270271,0.20270270270270271
macro avg,0.5117953431372549,0.5497737556561086,0.1872612603221171,370.0
weighted avg,0.9511666997880233,0.20270270270270271,0.2914153030460673,370.0
