,precision,recall,f1-score,support
"liability, litigation, jurisdiction, regulation, copyright, legislation, enforcement, governmental, directive,civil, right, patentability, claim, violate, infringement, or counsel",0.046153846153846156,0.6923076923076923,0.08653846153846152,13.0
"not about liability, litigation, jurisdiction, regulation, copyright, legislation, enforcement, governmental, directive,civil, right, patentability, claim, violate, infringement, or counsel",0.9771428571428571,0.4789915966386555,0.6428571428571429,357.0
accuracy,0.4864864864864865,0.4864864864864865,0.4864864864864865,0.4864864864864865
macro avg,0.5116483516483517,0.5856496444731739,0.36469780219780223,370.0
weighted avg,0.9444324324324325,0.4864864864864865,0.6233108108108109,370.0
