,precision,recall,f1-score,support
"liability, litigation, jurisdiction, regulation, copyright, legislation, enforcement, governmental, directive,civil, right, patentability, claim, violate, infringement, counsel, holder, dispute, illegal, judicial, ruling, agreement, ownership, comply, authority, law, accountability, abuse, intellectual, obligation, invention, court, ethical, concern, or policy",0.11290322580645161,0.5384615384615384,0.18666666666666668,13.0
"usability, security, operational, performance, look & feel, fault & tolerance, maintainability, scalability, availability, or portability",0.9805194805194806,0.84593837535014,0.9082706766917293,357.0
accuracy,0.8351351351351352,0.8351351351351352,0.8351351351351352,0.8351351351351352
macro avg,0.546711353162966,0.6921999569058392,0.547468671679198,370.0
weighted avg,0.9500356661646984,0.8351351351351352,0.8829170222854434,370.0
