,precision,recall,f1-score,support
"liability, litigation, jurisdiction, regulation, copyright, legislation, enforcement, governmental, directive,civil, right, patentability, claim, violate, infringement, counsel, holder, dispute, illegal, judicial, ruling, agreement, ownership, comply, authority, law, accountability, abuse, intellectual, obligation, invention, court, ethical, concern, or policy",0.0,0.0,0.0,13.0
"usability, security, operational, performance, look & feel, fault & tolerance, maintainability, scalability, availability, or portability",0.9645776566757494,0.9915966386554622,0.9779005524861879,357.0
accuracy,0.9567567567567568,0.9567567567567568,0.9567567567567568,0.9567567567567568
macro avg,0.4822888283378747,0.4957983193277311,0.48895027624309395,370.0
weighted avg,0.9306870903601149,0.9567567567567568,0.9435418844258623,370.0
