,precision,recall,f1-score,support
"liability, litigation, jurisdiction, regulation, copyright, legislation, enforcement, governmental, directive,civil, right, patentability, claim, violate, infringement, or counsel",0.08108108108108109,0.23076923076923078,0.12,13.0
"usability, security, operational, performance, look & feel, fault & tolerance, maintainability, scalability, availability, or portability",0.96996996996997,0.9047619047619048,0.9362318840579711,357.0
accuracy,0.8810810810810811,0.8810810810810811,0.8810810810810811,0.8810810810810811
macro avg,0.5255255255255256,0.5677655677655677,0.5281159420289856,370.0
weighted avg,0.9387387387387388,0.8810810810810811,0.9075534665099884,370.0
