Requirement text,Gold label,Predicated label,ZSL score
The system shall refresh the display every 60 seconds.,"not about legal, law, or rules","legal, law, or rules",0.03619382902979851
The application shall match the color of the schema set forth by Department of Homeland Security,"not about legal, law, or rules","legal, law, or rules",0.18510720133781433
 If projected  the data must be readable.  On a 10x10 projection screen  90% of viewers must be able to read Event / Activity data from a viewing distance of 30,"not about legal, law, or rules","legal, law, or rules",0.13812093436717987
 The product shall be available during normal business hours. As long as the user has access to the client PC  the system will be available 99% of the time during the first six months of operation.,"not about legal, law, or rules","legal, law, or rules",0.028144193813204765
 If projected  the data must be understandable. On a 10x10 projection screen  90% of viewers must be able to determine that Events or Activities are occuring in current time from a viewing distance of 100,"not about legal, law, or rules","legal, law, or rules",0.15953533351421356
The product shall ensure that it can only be accessed by authorized users.  The product will be able to distinguish between authorized and unauthorized users in all access attempts,"not about legal, law, or rules","legal, law, or rules",0.24394971132278442
The product shall be intuitive and self-explanatory.  :  90% of new users shall be able to start the display of Events or Activities within 90 minutes of using the product.,"not about legal, law, or rules","legal, law, or rules",0.06480340659618378
The product shall respond fast to keep up-to-date data in the display.,"not about legal, law, or rules","legal, law, or rules",0.1843070387840271
The look and feel of the system shall conform to the user interface standards of the smart device.,"not about legal, law, or rules","legal, law, or rules",0.20684698224067688
 The user interface shall have standard menus  buttons for navigation,"not about legal, law, or rules","legal, law, or rules",0.1963198482990265
The system shall have a professional appearance,"not about legal, law, or rules","legal, law, or rules",0.29630109667778015
The product shall have a consistent color scheme and fonts.,"not about legal, law, or rules","legal, law, or rules",0.1765860617160797
The system shall be used by realtors with no training.,"not about legal, law, or rules","not about legal, law, or rules",0.24399863183498383
The system shall be intuitive and self explanatory.,"not about legal, law, or rules","legal, law, or rules",0.11620873957872391
The product shall be easy for a realtor to learn.,"not about legal, law, or rules","legal, law, or rules",0.10197737067937851
The product shall use symbols and words that are naturally understandable by the realtor community.,"not about legal, law, or rules","legal, law, or rules",0.20673483610153198
The product shall produce search results in an acceptable time,"not about legal, law, or rules","legal, law, or rules",0.1761573851108551
The search results shall be returned no later 30      seconds  after the user has entered the search criteria,"not about legal, law, or rules","legal, law, or rules",0.029126765206456184
The product shall generate a CMA report in an acceptable time.,"not about legal, law, or rules","legal, law, or rules",0.2676698863506317
The CMA report shall be returned no later 60 seconds after the user has entered the CMA report criteria.,"not about legal, law, or rules","legal, law, or rules",0.19131241738796234
The product shall synchronize contacts and appointments in an acceptable time.,"not about legal, law, or rules","legal, law, or rules",0.15866011381149292
The product shall synchronize with the office system every hour.,"not about legal, law, or rules","legal, law, or rules",0.0638548731803894
 The product shall be available for use 24 hours per day  365 days  per year,"not about legal, law, or rules","legal, law, or rules",0.08640210330486298
 Out of 1000 accesses to the system  the system is available 999 times.,"not about legal, law, or rules","legal, law, or rules",0.023922471329569817
The product shall operate in offline mode whenever internet connection is unavailable.,"not about legal, law, or rules","not about legal, law, or rules",0.1194133311510086
 The product shall allow the user to view previously downloaded search results  CMA reports  and appointments.,"not about legal, law, or rules","legal, law, or rules",0.1841849833726883
The product shall retain user preferences in the event of a failure.,"not about legal, law, or rules","legal, law, or rules",0.20411288738250732
100% of saved user preferences shall be restored when system comes back online.,"not about legal, law, or rules","legal, law, or rules",-0.013818438164889812
The product shall be able to support multiple remote users,"not about legal, law, or rules","legal, law, or rules",0.08052439987659454
The product shall be able support 1000 simultaneous users.,"not about legal, law, or rules","legal, law, or rules",-0.005807659588754177
The product shall be capable of handling the existing 1000 users. This number is expected to grow 5 times within the next year.,"not about legal, law, or rules","legal, law, or rules",0.03721637278795242
The product shall be installed by an untrained realtor   without recourse to separately-printed instructions.,"not about legal, law, or rules","not about legal, law, or rules",0.20032979547977448
90% of untrained realtors shall be able to install the product on their device without printed instructions,"not about legal, law, or rules","not about legal, law, or rules",0.18181157112121582
The product is expected to run on Windows CE and Palm operating systems.,"not about legal, law, or rules","legal, law, or rules",0.08672254532575607
Only registered realtors shall be able to access the system.,"not about legal, law, or rules","not about legal, law, or rules",0.20704768598079681
Every user of the system shall be authenticated and authorized.,"not about legal, law, or rules","legal, law, or rules",0.13071207702159882
The product shall prevent its data from incorrect data being introduced.,"not about legal, law, or rules","legal, law, or rules",0.3149121105670929
The system shall be easy to use by the Program Administrators/Nursing Staff Members.,"not about legal, law, or rules","not about legal, law, or rules",0.10557154566049576
All of the users shall be able to use the system after one day of training.,"not about legal, law, or rules","legal, law, or rules",0.017314404249191284
The system shall help the user avoid making mistakes while scheduling classes and clinicals for the nursing students.,"not about legal, law, or rules","legal, law, or rules",0.08811663091182709
The number of mistakes noted by the students shall be decreased by 50% in the first year.,"not about legal, law, or rules","legal, law, or rules",0.01212099939584732
The system shall be intuitive to the Program Administrators/Nursing Staff Members.,"not about legal, law, or rules","legal, law, or rules",0.08765663951635361
2 out of 3 Program Administrators/Nursing Staff Members shall successfully be able to use the system to manage the scheduling of classes and clinicals.,"not about legal, law, or rules","legal, law, or rules",0.11706440150737762
The system shall use symbols and words that are naturally understandable by the user community.,"not about legal, law, or rules","legal, law, or rules",0.20591036975383759
The verbiage used within the system shall be consistent with Standard English and the terminology of the national Nursing Community.,"not about legal, law, or rules","legal, law, or rules",0.19471150636672974
Staff members shall be able to complete a set of tasks in a timely manner.,"not about legal, law, or rules","legal, law, or rules",0.14714983105659485
The response time of general student management tasks shall take no longer than 5 seconds and the response time of schedule generation shall take no longer than 30 seconds.,"not about legal, law, or rules","legal, law, or rules",0.10386533290147781
The system shall be available for use between the hours of 8am and 6pm.,"not about legal, law, or rules","legal, law, or rules",0.23207557201385498
The system shall achieve 95% up time.,"not about legal, law, or rules","legal, law, or rules",0.10089699178934097
system shall be able to handle all of the user requests/usage during business hours.,"not about legal, law, or rules","legal, law, or rules",0.12983690202236176
The system shall cater to 10 simultaneous users from 9am to 5pm.,"not about legal, law, or rules","legal, law, or rules",0.06948339939117432
The system shall be capable of processing 100% of nursing students and their classes for the next 10 years.,"not about legal, law, or rules","legal, law, or rules",0.01980622485280037
The system shall be expected to manage the nursing program curriculum and class/clinical scheduling for a minimum of 5 years.,"not about legal, law, or rules","legal, law, or rules",0.15998193621635437
The system shall able to operate within a business office environment typical of the Nursing Department at DePaul University.,"not about legal, law, or rules","legal, law, or rules",0.17194077372550964
The system shall be used within the specifications defined by the computers used by the Program Administrators/Nursing Staff Members.,"not about legal, law, or rules","legal, law, or rules",0.22236305475234985
The system shall operate within the Windows XP Professional operating system.,"not about legal, law, or rules","legal, law, or rules",0.10511965304613113
The system shall interface with CampusConnect’s central server,"not about legal, law, or rules","legal, law, or rules",0.13308046758174896
The system shall interface with the faculty central server.,"not about legal, law, or rules","legal, law, or rules",0.12786643207073212
The system shall interface with the student master server.,"not about legal, law, or rules","legal, law, or rules",0.07144857943058014
We must be able to interface with any HTML browser.,"not about legal, law, or rules","legal, law, or rules",0.20967574417591095
Only authorized users shall have access to clinical site information.,"not about legal, law, or rules","not about legal, law, or rules",0.14874330163002014
Program Administrators/Nursing Staff Members are the only people who shall have access to clinical site details.,"not about legal, law, or rules","legal, law, or rules",0.12118716537952423
Only authorized users shall have access to students’ personal information.,"not about legal, law, or rules","not about legal, law, or rules",0.0902847945690155
Dr Susan Poslusny and Dr Julie Donalek are the only people who shall have access to students’ personal information.,"not about legal, law, or rules","not about legal, law, or rules",0.14861130714416504
Only authorized users shall have access to the portion of the system that interfaces with CampusConnect.,"not about legal, law, or rules","legal, law, or rules",0.17764884233474731
Fit Criterion: Dr Susan Poslusny and Karen Sysol are the only people who shall have access to the final class section scheduling for the system that interfaces with CampusConnect.,"not about legal, law, or rules","legal, law, or rules",0.19366422295570374
The system shall have basic data integrity checking to reduce the possibility of incorrect or invalid data being introduced.,"not about legal, law, or rules","legal, law, or rules",0.21079199016094208
The system shall protect private information in accordance with the organization’s information policy.,"not about legal, law, or rules","legal, law, or rules",0.23262028396129608
The system shall be built such that it is as secure as possible from malicious interference.,"not about legal, law, or rules","legal, law, or rules",0.17428094148635864
The system shall use the organization’s standard virus protection software to help monitor threats to itself.,"not about legal, law, or rules","legal, law, or rules",0.15405161678791046
The Disputes application shall comply with the corporate standards for user interface creation for internally and externally used applications.,"not about legal, law, or rules","legal, law, or rules",0.30552777647972107
All screens created as part of the Disputes application must comply with corporate standards for interface creation.,"not about legal, law, or rules","legal, law, or rules",0.26078057289123535
The list of dispute cases that are displayed after a search is performed must be color coded for easy identification of dispute cases based upon the dispute case status.,"not about legal, law, or rules","legal, law, or rules",0.2097148895263672
100% of the cardmember and merchant services representatives shall use the Disputes application regularly after a 2-day training course.,"not about legal, law, or rules","legal, law, or rules",0.0983228012919426
100% of cardmember services representatives shall be able to successfully create a dispute case on the first encounter after completing the training course.,"not about legal, law, or rules","legal, law, or rules",0.11903419345617294
100% of merchant services representatives shall be able to successfully perform a follow up action on a dispute case on the first encounter after completing the training course.,"not about legal, law, or rules","legal, law, or rules",0.10655151307582855
The maximum wait time for a user navigating from one screen to another within the Disputes application shall be no more than 5 seconds.,"not about legal, law, or rules","legal, law, or rules",0.18142129480838776
The Disputes application shall support 350 concurrent users without any degradation of performance in the application.,"not about legal, law, or rules","not about legal, law, or rules",0.15903016924858093
 The Disputes application shall be available 24x7x365  with the exception of the following scheduled maintenance windows.  Monday – Saturday 3:00am to 4:00am EST Sunday 1:00amd to 5:00am EST,"not about legal, law, or rules","legal, law, or rules",0.2503351867198944
The Disputes application shall interface with the Statement Database. The Statement Database provides the transaction details to the Disputes System. All transaction details must be obtained from the Statement Database,"not about legal, law, or rules","legal, law, or rules",0.35465118288993835
The Disputes application shall interface with the Cardmember Information Database.  The Cardmember Information Database provides detailed information with regard to a cardmember.  All cardmember detail information must be obtained from the Cardmember Information Database.,"not about legal, law, or rules","legal, law, or rules",0.3404131233692169
The Disputes applications shall interface with the Merchant Information Database.  The Merchant Information Database provides detailed information with regard to the merchant. All merchant detail information shall be obtained from the Merchant Information Database.,"not about legal, law, or rules","legal, law, or rules",0.286830335855484
The Disputes application shall interface with the Letters application.  This will allow the Disputes application to request letters as part of the dispute initiation and dispute follow up process. All letter requests must be sent to the Print Letter Utility application.,"not about legal, law, or rules","legal, law, or rules",0.27038541436195374
The Disputes application shall interface with the Cardmember Posting and Billing System.  This will allow the Disputes application to request adjustments to cardmember and merchant’s accounts. All adjustment requests must be sent to the Cardmember Posting and Billing System.,"not about legal, law, or rules","legal, law, or rules",0.2883867621421814
The Disputes application shall ensure that only users with the appropriate access level are allowed to initiate dispute requests.,"not about legal, law, or rules","legal, law, or rules",0.30311933159828186
Only users with Update access must be able to initiate dispute requests.,"not about legal, law, or rules","not about legal, law, or rules",0.22366060316562653
The Disputes application shall ensure that only authorized users are allowed to logon to the application.,"not about legal, law, or rules","legal, law, or rules",0.26944679021835327
 All authorized users  once authenticated must be able to logon to the Disputes System,"not about legal, law, or rules","legal, law, or rules",0.2596316635608673
The Disputes System shall generate a User Report that details any new users that have been added and any changes to an existing user’s access level.  The report will be reviewed for auditing purposes.,"not about legal, law, or rules","legal, law, or rules",0.2723005414009094
All additions of new users and modifications to user’s access shall be recorded on the User Report.,"not about legal, law, or rules","legal, law, or rules",0.20895031094551086
 If a user account is revoked  it can only be re-instantiated by the System Administrator.,"not about legal, law, or rules","not about legal, law, or rules",0.14480304718017578
Only the System Administrator shall be able to reset a revoked user logon account,"not about legal, law, or rules","not about legal, law, or rules",0.05295871943235397
The Disputes application shall manipulate and view business data. Users will not have direct access to data files or databases.,"not about legal, law, or rules","legal, law, or rules",0.2027217000722885
All updates to data files or database must be initiated from the Disputes System.,"not about legal, law, or rules","legal, law, or rules",0.21483874320983887
The Disputes application must conform to the legal requirements as specified by the Merchant Operating Regulations.,"legal, law, or rules","legal, law, or rules",0.543480396270752
All business rules specified in the Disputes System shall be in compliance with the Merchant Operating Regulations.,"legal, law, or rules","legal, law, or rules",0.33498120307922363
The Disputes application must conform to the legal requirements as specified by Regulation E and Regulation Z that govern credit card disputes processing.,"legal, law, or rules","legal, law, or rules",0.5906128883361816
All business rules specified in the Disputes System shall be in compliance to the guidelines of Regulation E and Regulation Z.,"legal, law, or rules","legal, law, or rules",0.31409433484077454
The Disputes application must maintain a detailed history of every action that a user takes on a dispute case.  This ensures a complete audit trail if questions arise later on with regard to a particular dispute case.,"legal, law, or rules","legal, law, or rules",0.3224652111530304
All actions that modify an existing dispute case must be recorded in the case history.,"legal, law, or rules","legal, law, or rules",0.4515361189842224
The product must support Internet Explorer 5.5 and above.,"not about legal, law, or rules","legal, law, or rules",0.11257850378751755
The product must support Mozilla Firefox 1.0 and above.,"not about legal, law, or rules","legal, law, or rules",0.15041761100292206
The product shall interface with the Choice Parts System.  This provides the feed of recycled parts data.,"not about legal, law, or rules","legal, law, or rules",0.20979644358158112
The product shall run on the existing hardware for all environments.,"not about legal, law, or rules","legal, law, or rules",0.12498370558023453
The product shall adhere to the corporate Architecture guidelines,"not about legal, law, or rules","legal, law, or rules",0.2378029078245163
The product shall comply with corporate User Interface Guidelines,"not about legal, law, or rules","legal, law, or rules",0.2583320736885071
The product shall comply with corporate color scheme,"not about legal, law, or rules","legal, law, or rules",0.19241367280483246
The appearance of the product shall appear professional,"not about legal, law, or rules","legal, law, or rules",0.2418140321969986
The product shall be easy to use by Adjusters and Collision Estimators.  95% of Adjusters and Collision Estimators shall find the product easy to use.,"not about legal, law, or rules","legal, law, or rules",0.06194080784916878
The product shall increase productivity of Collision Estimators. 80% of the Collision Estimators shall agree their productivity has increase within 1 month of using the product.,"not about legal, law, or rules","legal, law, or rules",-0.030348364263772964
Users shall feel satisfied using the product.  85% of all users will be satisfied with the product.,"not about legal, law, or rules","not about legal, law, or rules",-0.056679993867874146
The product shall be easy to learn by Adjusters and Collision Estimators.  The product shall be learned with two days onsite training,"not about legal, law, or rules","legal, law, or rules",0.09679989516735077
The user shall easily locate instructions while using the product.  User help can be found within 90% of the system.,"not about legal, law, or rules","legal, law, or rules",0.11247503757476807
The search for recycled parts shall take no longer than 15 seconds.  The search results shall be returned in under 15 seconds.,"not about legal, law, or rules","legal, law, or rules",0.14242704212665558
The search for the preferred repair facility shall take no longer than 8 seconds.  The preferred repair facility is returned within 8 seconds,"not about legal, law, or rules","legal, law, or rules",0.10562892258167267
The recycled parts audit report shall be returned to the user within 10 seconds.  The audit report shall be returned within 10 seconds.,"not about legal, law, or rules","not about legal, law, or rules",0.07497348636388779
The preferred repair facility ratings shall be saved within 5 seconds. The save shall occur within 5 seconds.,"not about legal, law, or rules","legal, law, or rules",0.062247712165117264
The product shall adhere to the corporate online availability schedule.  The application is brought down only within 98% of the scheduled outages per the availability schedule.,"not about legal, law, or rules","legal, law, or rules",0.14337514340877533
The product shall achieve a 98% uptime. The product shall not fail more than 2% of the available online time.,"not about legal, law, or rules","legal, law, or rules",0.035330381244421005
The product shall be able to handle up to 1500 simultaneous users. The system shall perform with 1500 users as a time.,"not about legal, law, or rules","legal, law, or rules",0.06692740321159363
 The average number of recycled parts records per day shall be 50 000.,"not about legal, law, or rules","legal, law, or rules",0.12449522316455841
 The product shall be able to handle 10 000 concurrent users within 2 years of the initial launch.,"not about legal, law, or rules","legal, law, or rules",0.024553406983613968
 For estimators  the product shall be able to be operated in a repair facility during dirty and noisy conditions.,"not about legal, law, or rules","legal, law, or rules",0.14259514212608337
The product shall interface with the ChoiceParts system once per day at approximately 1:00 AM.,"not about legal, law, or rules","legal, law, or rules",0.14872419834136963
The maintenance of the product will fall within the established corporate maintenance windows.,"not about legal, law, or rules","legal, law, or rules",0.28454360365867615
The product shall be supported using the corporate support center.,"not about legal, law, or rules","legal, law, or rules",0.14555808901786804
Product installations and upgrades shall be handled by the middleware technology team within established launch time frames.,"not about legal, law, or rules","legal, law, or rules",0.15772007405757904
Only adjusters can request recycled parts audit reports. No users without an adjuster role shall request recycled parts audits.,"not about legal, law, or rules","not about legal, law, or rules",0.23413556814193726
Only adjusters with a supervisor role can update preferred repair facility ratings. Users without the supervisor role cannot access the repair facility ratings.,"not about legal, law, or rules","not about legal, law, or rules",0.16483242809772491
Only collision estimators shall search for recycled parts.  Users without the collision estimator role shall not have access to the search for recycled parts.,"not about legal, law, or rules","not about legal, law, or rules",0.23870398104190826
Only valid data shall be entered into the system.  No invalid data shall be entered into the system.,"not about legal, law, or rules","not about legal, law, or rules",0.3377338647842407
One insurance company shall not be able to view another insurance companys claim data.,"not about legal, law, or rules","legal, law, or rules",0.2807512879371643
The product shall free of computer viruses.,"not about legal, law, or rules","not about legal, law, or rules",0.12096253037452698
The system shall prevent malicious attacks including denial of service.,"not about legal, law, or rules","not about legal, law, or rules",0.13985589146614075
The product must comply with Sarbanes-Oxley.,"legal, law, or rules","legal, law, or rules",0.3233587145805359
The product shall comply with the estimatics laws relating to recycled parts usage.,"legal, law, or rules","legal, law, or rules",0.24640491604804993
The product shall comply with insurance regulations regarding claims processing.,"legal, law, or rules","legal, law, or rules",0.2860342264175415
 The product must work with most database management systems (DBMS) on the market  whether the DBMS is colocated with the product on the same machine or is located on a different machine on the computer network.,"not about legal, law, or rules","legal, law, or rules",0.2151394784450531
The product will function alongside server software on any operating system where the Java runtime can be installed.,"not about legal, law, or rules","legal, law, or rules",0.12194196879863739
The product will require collaboration with a database management system (DBMS).  The DBMS may be located on the same machine as the product or on a separate machine residing on the same computer network.,"not about legal, law, or rules","legal, law, or rules",0.15423017740249634
 The product must make use of web/application server technology.  Open source examples include Apache web server  Tomcat  and the JBoss application server.,"not about legal, law, or rules","legal, law, or rules",0.2034914493560791
 A database management system such as Oracle  DB2  MySql or HSQL will need to be integrated with the product.,"not about legal, law, or rules","legal, law, or rules",0.23989008367061615
 The product’s Look and Feel shall be able to incorporate aspects of the customer’s organization such as logo  branding  and identity,"not about legal, law, or rules","legal, law, or rules",0.20756173133850098
The product shall have a conservative and professional appearance.,"not about legal, law, or rules","not about legal, law, or rules",0.2423429638147354
The product shall make the users want to use it. 80% of the users surveyed report they are regularly using the product after the first 2 weeks post-launch.,"not about legal, law, or rules","legal, law, or rules",0.034257397055625916
The product shall be easy to use. 90% of users will be able to successfully reserve a conference room within 5 minutes of product use.,"not about legal, law, or rules","legal, law, or rules",-0.008197986520826817
The product shall give users feedback when necessary. 80% of the users surveyed report that the product accurately confirms their actions.,"not about legal, law, or rules","legal, law, or rules",0.08997687697410583
The product shall allow the user to select a chosen language from one of the target market countries.,"not about legal, law, or rules","legal, law, or rules",0.21720901131629944
The product shall allow for customization of start page and views preferences.,"not about legal, law, or rules","legal, law, or rules",0.21310639381408691
 An employee will be able to successfully use the product within a few minutes.  After informally navigating the product for less than 15 minutes  users shall be able to successfully setup meetings and reserve conference rooms.,"not about legal, law, or rules","legal, law, or rules",0.06542626023292542
The product shall use a standard navigation menu familiar to most web users.,"not about legal, law, or rules","legal, law, or rules",0.18205998837947845
The product shall allow for intuitive searching of available conference rooms.,"not about legal, law, or rules","legal, law, or rules",0.12573392689228058
The product shall conform to the Americans with Disabilities Act.,"not about legal, law, or rules","legal, law, or rules",0.3391140401363373
The response shall be fast enough to avoid interrupting the user’s flow of thought.  90% of tasks shall complete within 5 seconds.  98% of tasks shall complete within 8 seconds.,"not about legal, law, or rules","legal, law, or rules",0.08251122385263443
 Aside from server failure  the software product shall achieve 99.99% up time.,"not about legal, law, or rules","not about legal, law, or rules",0.04379520192742348
The product shall create an exception log of problems encountered within the product for transmission to our company for analysis and resolution.,"not about legal, law, or rules","legal, law, or rules",0.26754632592201233
 The product shall be capable of handling up to 1 000 concurrent requests.  This number will increase to 2 000 by Release 2.  The concurrency capacity must be able to handle peak scheduling times such as early morning and late afternoon hours.,"not about legal, law, or rules","legal, law, or rules",0.16433753073215485
 The product shall be able to process 10 000 transactions per hour within two years of its launch.  This number will increase to 20 000 by Release 2.,"not about legal, law, or rules","legal, law, or rules",0.06510058045387268
The product shall be expected to operate for at least 5 years for each customer installation.,"not about legal, law, or rules","legal, law, or rules",0.09561470150947571
The product shall be used in office environments.,"not about legal, law, or rules","legal, law, or rules",0.16229644417762756
The product must be able to interface with any HTML browser.  The product shall transmit data between the user and the product without problems. The product shall display HTML properly in 80% of all HTML browsers tested (minimum is to test 8 browsers).,"not about legal, law, or rules","legal, law, or rules",0.10093926638364792
The product must be able to interface with various database management systems. The product shall communicate successfully with the database management system on 100% of all transactions.,"not about legal, law, or rules","legal, law, or rules",0.1027870625257492
The product must be able to interface with various email servers. The product shall be able to send email.,"not about legal, law, or rules","legal, law, or rules",0.09134896099567413
The product shall be available for distribution via the Internet as a binary or ZIP file.,"not about legal, law, or rules","legal, law, or rules",0.08091679960489273
The product shall be available for distribution as a packaged CD.,"not about legal, law, or rules","legal, law, or rules",0.19251078367233276
 The product will be available for licensing as a one-server  two-five servers  or five-or-more servers license.,"not about legal, law, or rules","legal, law, or rules",0.19260579347610474
A new user must be able to be added to the system within 10 minutes.  90% of new users are able to log into the system within 10 minutes.,"not about legal, law, or rules","legal, law, or rules",0.11233191192150116
The product must be designed using Design Patterns and coding best practices.  90% of maintenance software developers are able to integrate new functionality into the product with 2 working days.,"not about legal, law, or rules","legal, law, or rules",0.1004243865609169
The product must be highly configurable for use with various database management systems for the end users.  80% of end users are able to integrate new database management systems with the product without changing the product’s software code.,"not about legal, law, or rules","legal, law, or rules",0.10513539612293243
Maintenance releases will be offered to customers once a year.  The releases shall take no longer than 5 minutes for 80% of the customer base to install.,"not about legal, law, or rules","legal, law, or rules",-0.024657607078552246
Every registered user will have access to the product’s support site via the Internet.  70% of registered users shall find a solution to their problem within 5 minutes of using the support site.,"not about legal, law, or rules","legal, law, or rules",-0.029428448528051376
The customer shall be able to easily integrate new building maps with the product throughout the product’s lifecycle.  Integration of new maps with the product shall be possible with little to no support from product support staff.,"not about legal, law, or rules","not about legal, law, or rules",0.09078840166330338
 The product shall be translated into foreign languages other than the target market countries’ languages in future releases.  For each emerging target market  it shall take no more than 5 days to configure the product for that market’s language.,"not about legal, law, or rules","legal, law, or rules",0.13606306910514832
 The product is expected to integrate with multiple database management systems.  The product will operate with Oracle  SQL Server  DB2  MySQL  HSQL  and MS Access.,"not about legal, law, or rules","legal, law, or rules",0.21367213129997253
The product shall be able to be installed in any operating environment within 2 days.,"not about legal, law, or rules","legal, law, or rules",0.05776498094201088
The product shall ensure that only company employees or external users with company-approved user IDs may have product access.  100% of all logons shall be by either company employees or external users with company-approved user IDs.,"not about legal, law, or rules","legal, law, or rules",0.11194204539060593
Only managers are able to perform search queries for reservations by user.  100% of all search queries for reservations by user shall be from logons of only management logons.,"not about legal, law, or rules","not about legal, law, or rules",0.06753110140562057
The product shall ensure that the database’s data corresponds to the data entered by the user.  Each conference room reservation in the system will contain the same information as was entered by the user.,"not about legal, law, or rules","legal, law, or rules",0.20000791549682617
The product shall prevent the input of malicious data.  The product and/or adjacent hardware/software systems’ data shall remain 100% uncorrupted each time malicious data is input into the product.,"not about legal, law, or rules","not about legal, law, or rules",0.15779979526996613
The product and/or dependent databases/filesystems shall remain operational as a result of the input of malicious data.  The product and/or dependent databases/filesystems shall not crash 100% of the time that malicious data is input into the product.,"not about legal, law, or rules","not about legal, law, or rules",0.1713716834783554
The product shall have the ability to receive automatic software updates as new threats emerge.  100% of customers will be able to receive automatic software updates transmitted to the installed product.,"not about legal, law, or rules","legal, law, or rules",0.042422711849212646
The language of the product shall accommodate all of the target market countries. 90% of survey respondents from each target market country will find that the language of the product is acceptable.,"not about legal, law, or rules","legal, law, or rules",0.08701734989881516
The product shall be able to display calendar dates and times according to the user’s locale.  90% of survey respondents from each target market country will find that the date and time formatting of the product is correct.,"not about legal, law, or rules","legal, law, or rules",0.14417807757854462
The product must be developed with the J2SE/J2EE programming language libraries,"not about legal, law, or rules","legal, law, or rules",0.22663046419620514
Recreation of Inventory Quantity Adjustment for the period of previous 30 days shall take no more than 30min.,"not about legal, law, or rules","legal, law, or rules",0.14460113644599915
The System shall allow for a minimum of  6 users to work at the same time.,"not about legal, law, or rules","legal, law, or rules",0.14330613613128662
The System shall utilize currently owned computer equipment.,"not about legal, law, or rules","legal, law, or rules",0.23323310911655426
The System shall be able to automatically backup business data and restore them on demand.,"not about legal, law, or rules","legal, law, or rules",0.009269922971725464
The System shall maintain consistent security.  Any changes in user passwords and/or permissions should take affect in all parts of the System.,"not about legal, law, or rules","legal, law, or rules",0.21491794288158417
The System shall granularly control access rights to all major subsystems.  It should be possible to assign access rights to all subsystems independently.,"not about legal, law, or rules","legal, law, or rules",0.2536024749279022
The System shall meet all applicable accounting standards.  The final version of the System must successfully pass independent audit performed by a certified auditor.,"legal, law, or rules","legal, law, or rules",0.13526585698127747
The System shall not require additional third party licenses resulting in royalty fees.,"not about legal, law, or rules","not about legal, law, or rules",0.4095095098018646
Administrator shall be able to activate a pre-paid card via the Administration section in under 5 seconds.,"not about legal, law, or rules","legal, law, or rules",0.10640430450439453
 Customer shall be able to check the status of their prepaid card  by entering in the PIN number  in under 5 seconds.,"not about legal, law, or rules","legal, law, or rules",0.049942467361688614
System shall let customers register on the website as a “pay as you go” user in under 5 minutes.,"not about legal, law, or rules","legal, law, or rules",0.07393726706504822
System shall let customers register on the website as a “unlimited movie subscriber” user in under 10 minutes.,"not about legal, law, or rules","legal, law, or rules",0.05701691657304764
System shall let existing customers log into the website with their email address and password in under 5 seconds.,"not about legal, law, or rules","legal, law, or rules",0.04510857164859772
 System shall let customers cancel their account  process shall take no longer than 2 minutes.  Database will mark the account as inactive  and user will not be able to log into the website.,"not about legal, law, or rules","not about legal, law, or rules",0.11816497147083282
System shall let administrator de-activate a customer account in under 1 minute. Customer will no longer be able to access the website.,"not about legal, law, or rules","legal, law, or rules",-0.0021295910701155663
System shall let administrator add/remove movies on the website in under 5 minutes.  Entered movie information will be stored in the database and will now be available on the website.,"not about legal, law, or rules","legal, law, or rules",0.1000695750117302
System shall let the administrator add/remove categories on the website in under 5 minutes.,"not about legal, law, or rules","legal, law, or rules",0.08960340172052383
System shall let Izogn Manager access sales and usage statistics in under 2 minutes.,"not about legal, law, or rules","legal, law, or rules",0.04950197786092758
System shall let administrators generate unique pre-paid pins in under 2 minutes and generate an Excel file with the generated PINs.,"not about legal, law, or rules","legal, law, or rules",0.037495970726013184
The website shall be attractive to all audiences.  The website shall appear to be fun and the colors should be bright and vibrant.,"not about legal, law, or rules","legal, law, or rules",-0.016148358583450317
 The website should have an African feel  but should not alienate non-Africans.  The website should use animation on pages which are describing the services  to grab the users attention and encourage them to sign up.,"not about legal, law, or rules","legal, law, or rules",0.10151177644729614
 The website design should be modern  clean  and concise.,"not about legal, law, or rules","not about legal, law, or rules",0.24065285921096802
The product should be able to be used by 90% of novice users on the Internet.,"not about legal, law, or rules","legal, law, or rules",0.04186500608921051
 Users should only have to navigate through a maximum of 4 pages  to create an account with the website.,"not about legal, law, or rules","not about legal, law, or rules",0.07361847162246704
Users should be able to access their streaming movies in under 2 clicks after logging into the website.,"not about legal, law, or rules","legal, law, or rules",0.0439007505774498
An anonymous survey will show that 70% of customers are comfortable purchasing streaming movies after 2 weeks using the website.,"not about legal, law, or rules","legal, law, or rules",-0.10947275161743164
An anonymous survey will show that 95% of customers are comfortable using and purchasing pre-paid cards after a month of using the system.,"not about legal, law, or rules","legal, law, or rules",-0.032933562994003296
The product shall retain the customer’s buying preferences and information.,"not about legal, law, or rules","not about legal, law, or rules",0.1464199274778366
The product shall be easy for customers with novice skills on the  Internet to purchase and watch streaming movies.  Customers should be able to purchase and watch a pre-determined movie in under 3 minutes.,"not about legal, law, or rules","legal, law, or rules",0.03561396896839142
The product shall use symbols and words that are naturally understandable by users familiar with websites,"not about legal, law, or rules","legal, law, or rules",0.20257000625133514
The website will use standard Internet conventions when interacting with the user.,"not about legal, law, or rules","legal, law, or rules",0.28388550877571106
 Any interface between a user and the automated system shall have a maximum response time of 5 seconds  unless noted by an exception below.,"not about legal, law, or rules","legal, law, or rules",0.1614798903465271
 When purchasing a streaming movie or pre-paid card via credit card  the processing time should have a maximum response time of 15 seconds.,"not about legal, law, or rules","legal, law, or rules",0.13938361406326294
 When streaming a movie  the buffering time should take no longer than 10 seconds (plus any latency on the user’s connection.),"not about legal, law, or rules","legal, law, or rules",0.08395328372716904
 While streaming a movie  buffering should only occur if there is latency in the user’s connection.,"not about legal, law, or rules","not about legal, law, or rules",0.1478385478258133
 All credit card information will be secured on the server  and only accessible by authorized Izogn administrators.  Information will be encrypted in the database.,"not about legal, law, or rules","not about legal, law, or rules",0.11480147391557693
 The website shall be available for use 24 hours per day  365 days per year.,"not about legal, law, or rules","legal, law, or rules",0.07194721698760986
The website shall achieve 99.5% up time.,"not about legal, law, or rules","legal, law, or rules",0.00750795379281044
 All movies shall be streamed on demand  at any time of the day.,"not about legal, law, or rules","legal, law, or rules",0.03611177206039429
The website shall continue to operate if the streaming server goes down.,"not about legal, law, or rules","not about legal, law, or rules",0.10594198107719421
The website shall continue to operate if the payment gateway goes down.,"not about legal, law, or rules","not about legal, law, or rules",0.13818445801734924
The streaming server will support 50 simultaneous streaming connections.,"not about legal, law, or rules","legal, law, or rules",-0.034082263708114624
The streaming server will support a maximum of 700 movies  new servers can be added to support more movies.,"not about legal, law, or rules","legal, law, or rules",0.01838822104036808
 The server will support a maximum of 1 000 simultaneous users.,"not about legal, law, or rules","legal, law, or rules",-0.02285362407565117
 The website shall be capable of supporting 100 000 customers.,"not about legal, law, or rules","legal, law, or rules",-0.05928845331072807
The product shall be expected to operate within the maximum maintenance budget for a minimum of 2 years.,"not about legal, law, or rules","legal, law, or rules",0.21671971678733826
All aspects of the website shall be accessed by a web browser over the Internet.,"not about legal, law, or rules","legal, law, or rules",0.05795546621084213
The same hardware supporting the current website will be used to support the new system.,"not about legal, law, or rules","legal, law, or rules",0.07346200942993164
 We must be able to interface with the following browsers: IE 5.X  6.0  Netscape 6.x  7.x  8.x and Firefox 1.0.,"not about legal, law, or rules","legal, law, or rules",0.18551672995090485
Website must interface with the CyberSource API to process credit card transactions.,"not about legal, law, or rules","legal, law, or rules",0.20440354943275452
Website must be fully operational with MSN TV2.,"not about legal, law, or rules","legal, law, or rules",0.08273923397064209
Movies shall be encoded and streamed via Windows Media Player 9.0.,"not about legal, law, or rules","legal, law, or rules",0.0772162526845932
Movies shall be encoded for 56k and 256k streams.,"not about legal, law, or rules","legal, law, or rules",0.13040697574615479
Promotional updates to the website should take a day to update.,"not about legal, law, or rules","legal, law, or rules",0.14439652860164642
Izogn Administrator must be able to update the category listings on the website within 2 minutes.,"not about legal, law, or rules","legal, law, or rules",0.08453140407800674
Izogn Administrator must be able to add new products to the website within 2 minutes.,"not about legal, law, or rules","legal, law, or rules",0.032184164971113205
The system will provide a 24 hour 800 toll free number for support to its customers.,"not about legal, law, or rules","legal, law, or rules",-0.01842552423477173
The website will provide a help section with answers and solutions to common problems.,"not about legal, law, or rules","legal, law, or rules",0.11054441332817078
 Velkat staff will be available for phone support between 7am-7pm  M-F to provide technical support to the Izogn administrators.,"not about legal, law, or rules","legal, law, or rules",0.09997120499610901
The product shall be able to be installed in the specified environment within 1 working day.,"not about legal, law, or rules","legal, law, or rules",0.09441832453012466
Only registered customers can purchase streaming movies.,"not about legal, law, or rules","not about legal, law, or rules",0.13171714544296265
 A customer can only stream a movie if they purchased it  and are within the 2 day viewing period.,"not about legal, law, or rules","legal, law, or rules",0.016624944284558296
Only authorized personnel can access customer records in the database.,"not about legal, law, or rules","not about legal, law, or rules",0.2703111469745636
Only administrators can activate a pre-paid card.,"not about legal, law, or rules","not about legal, law, or rules",0.15546415746212006
Only authorized personnel can access sales information.,"not about legal, law, or rules","not about legal, law, or rules",0.21857202053070068
The website shall prevent its data from being corrupted when incorrect data is entered in.,"not about legal, law, or rules","not about legal, law, or rules",0.212289959192276
 The website shall protect itself from intentional abuse  and notify the administrator at all occurrences.,"not about legal, law, or rules","legal, law, or rules",0.1697257161140442
Data integrity scripts will be run on a weekly basis to verify the integrity of the database.,"not about legal, law, or rules","legal, law, or rules",0.10700538009405136
 The website shall make its user aware of its information practices before collection data from them via a Privacy Policy  accessible on all pages of the website.,"not about legal, law, or rules","legal, law, or rules",0.22090303897857666
The system shall notify customers of changes to its information policy.,"not about legal, law, or rules","not about legal, law, or rules",0.26258498430252075
The system shall reveal private information only in compliance with the organization’s information policy.,"not about legal, law, or rules","not about legal, law, or rules",0.23803335428237915
 All customer information will be stored on a secure database  accessible only to authorized personnel.,"not about legal, law, or rules","not about legal, law, or rules",0.18597203493118286
All credit card information will be encrypted in the database.,"not about legal, law, or rules","legal, law, or rules",0.08433499187231064
The streaming server will have anti-virus software to prevent infection of malicious viruses.,"not about legal, law, or rules","legal, law, or rules",0.07509275525808334
The website should cater to all tribes in Nigeria.,"not about legal, law, or rules","legal, law, or rules",0.1280665099620819
The website shall not be offensive to religious or ethnic groups.,"not about legal, law, or rules","not about legal, law, or rules",0.34407711029052734
 The website should appeal to all Africans  not only Nigerians.,"not about legal, law, or rules","legal, law, or rules",0.09148324280977249
The website should use Flash to provide animation on the home page.,"not about legal, law, or rules","legal, law, or rules",-0.035085707902908325
IzognMovies shall meet the licensing requirements set forth by the appropriate organizations in order to stream African movies.,"legal, law, or rules","legal, law, or rules",0.15963666141033173
The website will comply with W3C standards.,"legal, law, or rules","legal, law, or rules",0.26706424355506897
The PHP code will comply with PEAR standards.,"legal, law, or rules","legal, law, or rules",0.2683831751346588
Total lead cycle time must be completed in 5 minutes for 90% of lead volume between the business hours of 8AM CST to 8PM CST  then 3 minutes for 99% of lead volume during off business hours.,"not about legal, law, or rules","legal, law, or rules",0.06220660358667374
No lead evaluation will complete in a time period longer than 25 seconds for 97% of all leads processed.,"not about legal, law, or rules","not about legal, law, or rules",0.02332805097103119
For leads that process longer than 25 seconds the system will record the event and duration,"not about legal, law, or rules","legal, law, or rules",0.17267081141471863
The process must fit within the processing time conditions set forth by the Auto Rep Assignment process in which a lead is assigned within 3 minutes of the total life cycle.,"not about legal, law, or rules","legal, law, or rules",0.1967231035232544
The lead washing process will operate within the established physical web service structure.,"not about legal, law, or rules","legal, law, or rules",0.1371368020772934
 The washing process must use a non binding  neutral data format  such as xml  when receiving and processing lead data.,"not about legal, law, or rules","legal, law, or rules",0.18722887337207794
Defect reports will be available to technical units on a 24x7 basis.,"not about legal, law, or rules","legal, law, or rules",0.14051274955272675
Washing parameters will be updated during scheduled maintenance hours.,"not about legal, law, or rules","legal, law, or rules",0.1735486090183258
The product shall simulate the look of ships at sea.,"not about legal, law, or rules","legal, law, or rules",0.19767017662525177
The product shall display the grids within a circle as a view from a periscope.,"not about legal, law, or rules","legal, law, or rules",0.13902360200881958
The product shall display each type of ship in a grid using an image of the specific type of ship.,"not about legal, law, or rules","legal, law, or rules",0.1989976316690445
 When the offensive player takes a shot  the product shall simulate the sound of a ship at sea.,"not about legal, law, or rules","legal, law, or rules",0.15120352804660797
 When a shot is marked as a miss  the product shall simulate the sound of a shot missing its target.,"not about legal, law, or rules","legal, law, or rules",0.13790889084339142
 When a shot is marked as a hit  the product shall simulate the sound of a shot hitting its target.,"not about legal, law, or rules","legal, law, or rules",0.21927739679813385
 When a ship is sunk  the product shall simulate the sound of a sinking ship.,"not about legal, law, or rules","legal, law, or rules",0.01938818022608757
 The product shall be available 24 hours per day  seven days per week.,"not about legal, law, or rules","legal, law, or rules",0.13248327374458313
The product shall able to handle a large number of games simultaneously.,"not about legal, law, or rules","legal, law, or rules",0.1489076316356659
The response time shall be fast enough to maintain the flow of the game.  The response time shall be no more than 2 seconds for 95% of responses and no more than 4% for the remaining responses.,"not about legal, law, or rules","legal, law, or rules",0.11593523621559143
The product shall protect the identity of the players. The product shall provide players no access to information that might reveal the identity of another player.,"not about legal, law, or rules","not about legal, law, or rules",0.20087771117687225
The product shall be intuitive and self-explanatory.  Nine out ten users shall be able to successfully complete a game with no training.,"not about legal, law, or rules","not about legal, law, or rules",0.10305429250001907
 The product shall be available to players who understand English  Spanish and French.  The product shall allow the user to select the language upon accessing the product.,"not about legal, law, or rules","legal, law, or rules",0.24653548002243042
The product shall provide players no access to information that might reveal the identity of another player,"not about legal, law, or rules","not about legal, law, or rules",0.31519123911857605
The response time shall be fast enough to maintain the flow of the game. The response time shall be no more than 2 seconds for 95% of responses and no more than 4% for the remaining responses.,"not about legal, law, or rules","legal, law, or rules",0.11593523621559143
The system shall be easy to use by callers and supervisors. Callers and supervisors must be able to accomplish any system task within 2 minutes.,"not about legal, law, or rules","legal, law, or rules",0.03369525074958801
The system shall be easy to learn by callers and supervisors. Callers and supervisors shall learn how to use the system within 10 minutes.,"not about legal, law, or rules","legal, law, or rules",0.022201817482709885
 The system shall be responsive. At the DePaul TeleServices Center  when a supervisor uses the system to view a callers schedule  the system response time must be no more than 2 seconds 90% of the time and no more than 5 seconds the rest of the time.,"not about legal, law, or rules","legal, law, or rules",0.10150624066591263
 On a 56k connection  the system response time for all operations must be no more than 6 seconds 90% of the time.,"not about legal, law, or rules","legal, law, or rules",0.17889878153800964
 On a 112k connection or faster  the system response time for all operations must be no more than 3 seconds 90% of the time.,"not about legal, law, or rules","legal, law, or rules",0.13632327318191528
The system shall have high availability every day of the year.The system must be available for use between 12:00AM and 6:00PM all days of the year.,"not about legal, law, or rules","legal, law, or rules",0.10574057698249817
The system must be available for use between 7:00AM and 11:59PM all days of the year.,"not about legal, law, or rules","legal, law, or rules",0.2045571655035019
The product shall be internet browser independent.The product must run using Internet Explorer and Netscape Navigator.,"not about legal, law, or rules","not about legal, law, or rules",0.10651066154241562
The product shall ensure that only supervisors can advertise empty time slots.The product must ensure that supervisors are allowed to access advertise empty time slots.,"not about legal, law, or rules","not about legal, law, or rules",0.21661223471164703
The product shall ensure that only supervisors can enter a caller’s schedule.The product must ensure that supervisors are allowed to access advertise empty time slots.,"not about legal, law, or rules","not about legal, law, or rules",0.18317389488220215
The product shall ensure that only supervisors can view schedule of all callers.The product must ensure that supervisors are allowed to access advertise empty time slots.,"not about legal, law, or rules","not about legal, law, or rules",0.16346362233161926
 The interface shall have a simple look. In the interface and usability survey  90% of beta testers must report that the interface is adequately simple.,"not about legal, law, or rules","not about legal, law, or rules",0.138742133975029
 The interface shall be appealing to callers and supervisors. In the interface and usability survey  80% of beta testers must report that the interface is appealing.,"not about legal, law, or rules","legal, law, or rules",0.069675013422966
The product shall provide GUI based Monitoring Services.System Administrators shall monitor message exchanges will predict and determine problems and will also provide internal and external support.,"not about legal, law, or rules","legal, law, or rules",0.23099175095558167
The product shall comply with City of Chicago Application Development Guide Framework.Application Development Framework will provide structured Graphical User Interface.,"not about legal, law, or rules","legal, law, or rules",0.28820234537124634
The product shall provide Monitoring Services.The product shall be easy for System Administrators and DBAs to use after two weeks of usage.,"not about legal, law, or rules","legal, law, or rules",0.06107102334499359
The product shall provide Error Tracking Services.The product shall help the System Administrators and DBAs to resolve transaction errors 99% of the time.,"not about legal, law, or rules","legal, law, or rules",0.07466545701026917
The product shall provide Portals.The product shall help System Administrators to analyze the transactions with ad-hoc reporting and KPIs (Key Performance Indicators),"not about legal, law, or rules","legal, law, or rules",0.24879342317581177
The product shall provide Asynchronous Messaging.The product shall provide asynchronous messaging to enable parallel processing and reduce the overhead in communications,"not about legal, law, or rules","legal, law, or rules",0.07158604264259338
The product shall provide Multi-threading and Load Balancing.The product shall provide multi-threading technology as well as load balancing to overcome data load spikes and traffic.,"not about legal, law, or rules","legal, law, or rules",0.197189062833786
The product shall process messages within 2 seconds.The product shall have a maximum message processing time of 2 seconds,"not about legal, law, or rules","legal, law, or rules",0.07131560146808624
The product shall poll the system for messages every second.The product shall poll the system for new messages at a maximum of every 1 second.,"not about legal, law, or rules","legal, law, or rules",-0.01587029919028282
The product shall provide Dynamic Change Support and Transparent resource addition.The product shall support Transparent Resource addition and Dynamic Change support to provide scalability and avoid service interruptions of more than 1 day.,"not about legal, law, or rules","legal, law, or rules",0.19931811094284058
The product shall be available 99% of the time. Rationale: To avoid service interruption during busiest customer service response periods. The product shall be available 99.99% of the time for regular business days.,"not about legal, law, or rules","legal, law, or rules",0.07605341821908951
The product shall be robust.The product shall have fault avoidance based on standards adoption.,"not about legal, law, or rules","legal, law, or rules",0.20788857340812683
The product shall be robust with fault tolerance.The product shall have fault tolerance by using recovery technique compensatory transaction and routing around failures.,"not about legal, law, or rules","legal, law, or rules",0.200208842754364
The product shall be able to process all transactions.The product shall process minimum of 1 million transactions per year.,"not about legal, law, or rules","legal, law, or rules",0.09928898513317108
The product shall be platform independent.The product shall enable access to any type of development environment and platform.,"not about legal, law, or rules","legal, law, or rules",0.18089830875396729
The product shall interface CSR and Datastream.The product shall exchange messages between CSR and EAM on a real time basis without any direct interfaces between two systems.,"not about legal, law, or rules","not about legal, law, or rules",0.3023377060890198
 : The product shall continue to operate during upgrade  change or new resource addition.The product shall be able to continue to operate with no interruption in service due to new resource additions.,"not about legal, law, or rules","not about legal, law, or rules",0.12284469604492188
The product shall be updated on a regular basis.The product will have a new major feature introduced every six months and quarterly maintenance releases every six months.,"not about legal, law, or rules","legal, law, or rules",0.15454436838626862
The product shall operate with every platform.The product shall accommodate any new technology without any change in its architecture.,"not about legal, law, or rules","legal, law, or rules",0.1550283282995224
 The product shall have security.The product shall provide authentication  and authorization.,"not about legal, law, or rules","legal, law, or rules",0.25111672282218933
The product shall information Security. The product shall enable privacy by encryption WS-Security and Integrity Checking.,"not about legal, law, or rules","legal, law, or rules",0.19178056716918945
The product shall have audit capabilities.The product shall store messages for a minimum of one year for audit and transaction tracking purposes.,"not about legal, law, or rules","legal, law, or rules",0.17215889692306519
The system shall use IBM and CCR branding standards. The interface must have one IBM logo and one CCR logo.,"not about legal, law, or rules","legal, law, or rules",0.19436874985694885
The system shall be displayable on any work computer a CCR user may have. The system interface shall be formatted to display at 800 by 600 pixel resolution.,"not about legal, law, or rules","legal, law, or rules",0.12105709314346313
The system interface will use CCR nomenclature. The system must use the same nomenclature used in the existing WCS system and reports,"not about legal, law, or rules","legal, law, or rules",0.28760993480682373
The interface must summarize the data in a fashion that’s appealing to CCR management. Every report type must have at least one high level summary shown in the results dashboard/interface,"not about legal, law, or rules","legal, law, or rules",0.22336995601654053
The system must use a point and click interface. 100% of all selection and navigation functionality must be able to be activated/selected by either a mouse or a keyboard,"not about legal, law, or rules","legal, law, or rules",0.1158529743552208
The interface shall be easy to use. 90% of users should be able to successfully use the system to generate a report on their first use. The interface should adhere to IBM usability standards.,"not about legal, law, or rules","legal, law, or rules",0.047741420567035675
Rreports must be easy to generate. eports must be generated within one button click and exported within one button click (after selecting the report),"not about legal, law, or rules","legal, law, or rules",0.12845870852470398
A user shall be able to use the system without instruction after a short amount of time. After one use a user should understand and remember 90% of the system usage and navigation.,"not about legal, law, or rules","legal, law, or rules",0.1334759145975113
All CCR users shall receive training before the WCS system is deployed. One training session will be held for 100% of CCR users before system deployment (based on a CCR user being available),"not about legal, law, or rules","legal, law, or rules",0.013577669858932495
The WCS system shall use appropriate nomenclature and terminology as defined by the Corporate Community Grants organization. All interfaces and reports will undergo usability tests by CCR users.,"not about legal, law, or rules","legal, law, or rules",0.2146887183189392
The WCS system shall be available at all times as long as IBM’s internal intranet W3 is accessible. The WCS system will be available 95% of the time IBM’s internal intranet W3 is available.,"not about legal, law, or rules","legal, law, or rules",0.09884123504161835
The WCS system shall have the ability to connect other designated WCS databases currently not included in the system.,"not about legal, law, or rules","legal, law, or rules",0.22676517069339752
The WCS system shall have the ability to include data for regions outside the United States and be accessed by users outside of the United States if approved by CCR management.,"not about legal, law, or rules","legal, law, or rules",0.2852481007575989
The WCS system shall be run in a Windows environment. The WCS shall be accessed by users through the Internet on an IBM computer running a Windows 2000 or above operating system.,"not about legal, law, or rules","legal, law, or rules",0.019484220072627068
The Brio portion of the WCS system must be able to export files in spreadsheet form (Microsoft Excel and Lotus 1-2-3 formats).  Brio will provide buttons in the user interface that produce/export reports in .xls or .123 file formats.,"not about legal, law, or rules","legal, law, or rules",0.14647981524467468
The WCS system must run queries to the WCS databases once again (on a specified day) to update the available data available to CCR users. Queries must be made to external databases for data refresh once a week.,"not about legal, law, or rules","legal, law, or rules",0.10111553221940994
 All changes  updates  and additions to the WCS system shall be updated in the WCS Developer and WCS User Guides. Every change must be reflected in WCS system documentation,"not about legal, law, or rules","legal, law, or rules",0.18159963190555573
The system shall only be accessed by authorized Corporate Community Grants (CCR) employees. Users must be authenticated using their IBM intranet user name and password.,"not about legal, law, or rules","not about legal, law, or rules",0.12221548706293106
The WCS system shall not allow automatic logins by any user. Cookies containing WCS login information about a user will not be stored on a user’s computer.,"not about legal, law, or rules","not about legal, law, or rules",0.3070312738418579
Each team owner will need to use a username and password in order to be authenticated to reach the team owner’s page,"not about legal, law, or rules","legal, law, or rules",0.032055143266916275
The Commissioner will be the only authorized user per league to adjust league settings.,"not about legal, law, or rules","legal, law, or rules",0.11165662854909897
Each page shall contain a navigation menu which shows the index into which the current page is contained.,"not about legal, law, or rules","legal, law, or rules",0.2803942561149597
Each page shall contain a similar format with action items in one location and navigation buttons in a different location.,"not about legal, law, or rules","legal, law, or rules",0.3489706814289093
The message board shall contain the 5 most recently posted messages on the league page. The messages will contain up to the first 150 characters of the message.,"not about legal, law, or rules","legal, law, or rules",0.06299447268247604
;A new user shall be able to navigate through the league and team pages within 30 seconds of reaching the start-up page.,"not about legal, law, or rules","legal, law, or rules",0.00500823836773634
Users shall be able to reach the ‘add’  ‘drop’  and ‘trade player’ pages with one click from the team owner’s page.,"not about legal, law, or rules","legal, law, or rules",0.161393940448761
;Users shall be able to view at least 25 NFL player statistics and points on each page.,"not about legal, law, or rules","legal, law, or rules",0.0012399666011333466
The application shall ask the user to confirm dropping a player or trading a player before performing the action.,"not about legal, law, or rules","legal, law, or rules",0.14120937883853912
The application shall be able to complete every user transaction within one fourth of a second of receiving the request over the network.,"not about legal, law, or rules","legal, law, or rules",0.033341437578201294
The application shall have a downtime of at most 10 minutes per year.,"not about legal, law, or rules","legal, law, or rules",0.15720684826374054
The application shall run on a web application server.,"not about legal, law, or rules","legal, law, or rules",0.07414446026086807
A primary database will be used to store cached data for active users.,"not about legal, law, or rules","legal, law, or rules",0.11471138894557953
A secondary database will be used to store historical statistics and data.,"not about legal, law, or rules","legal, law, or rules",0.19496957957744598
Application updates shall occur between 3AM and 6 AM CST on Wednesday morning during the middle of the NFL season.,"not about legal, law, or rules","legal, law, or rules",0.10928624868392944
New System version releases shall be released at the beginning of each NFL season.,"not about legal, law, or rules","legal, law, or rules",0.06324886530637741
The RFS system should be available 24/7  especially during the budgeting period. The RFS system shall be available 90% of the time all year  and 98% during the budgeting period. 2% of the time  the system will become available within 1 hour of the time that the situation is reported.,"not about legal, law, or rules","legal, law, or rules",0.15223048627376556
98% of the user workstations shall meet the minimum hardware requirements prior to implementation. Minimum Hard Disk Space:  400MB.,"not about legal, law, or rules","legal, law, or rules",0.009693880565464497
98% of the user workstations shall meet the minimum software requirements prior to implementation: Microsoft Internet Explorer 5.0. Microsoft .NET Framework 1.1. Microsoft Internet Explorer Web Controls,"not about legal, law, or rules","legal, law, or rules",0.051164671778678894
The RFS system should be able to easily interface with the BDW environment  in order to load the data. •;7 data files shall be received from the BDW and loaded into the RFS system within 3 hours one day prior to the start of budgeting process  every year. The data will be as of October month-end. ;Test files (7) shall be loaded up to 5 times throughout the year  from the BDW.,"not about legal, law, or rules","legal, law, or rules",0.11830607056617737
Changes to revenue and expense formulae must be applied to the RFS system  every year  prior to the budgeting process start. Revenue and expense formulae will be updated within one week of their receipt  after which 2 weeks will be allotted to testing of the budget calculations  to be conducted jointly by the project development team and PCG Finance.,"not about legal, law, or rules","legal, law, or rules",0.14773745834827423
New branches/complexes/districts/regions and revenue/expense accounts added to the BDW  must be reflected in the RFS system. 100% of the entities (mentioned above) available as of October month-end  will be loaded into the RFS system  prior to the budget start process.,"not about legal, law, or rules","legal, law, or rules",0.15664559602737427
Only authorized user shall access the RFS system. ONLY users that exist in the UAS system  with the RFS system assigned to their role(s)  shall access the RFS system and use it.,"not about legal, law, or rules","not about legal, law, or rules",0.19347114861011505
;User access should be limited to the permissions granted to their role(s) Each level in the PCG hierarchy will be assigned a role and users will be assigned to these roles. Access to functionality within RFS system is dependent on the privileges/permission assigned to the role..,"not about legal, law, or rules","legal, law, or rules",0.27631306648254395
The product must comply with the intranet page standards and requirements of ENET Securities. 95% of the product look & feel will be approved by the Architecture group  prior to implementation. The remaining 5% will be corrected and approved within one month of product release.,"not about legal, law, or rules","legal, law, or rules",0.20621973276138306
 The intranet pages should display appropriately in all resolutions  from 800x600 and higher. The display of all the pages will be correct in 95% of the resolutions  prior to implementation. The remaining 5% will be corrected within a week of notification of the incorrect display.,"not about legal, law, or rules","legal, law, or rules",0.08591939508914948
The users should be able to easily use the system to successfully complete their budgets  within the stipulated time for completion. With a week of training prior to product implementation  98% of the users shall complete their budgets within the stipulated time.,"not about legal, law, or rules","legal, law, or rules",-0.0017367331311106682
The product interface should be fast. The response time of the product interface should not exceed 2 seconds 90% of the time. For 10% of the time  the response time should not be more than 10 seconds.not be more than 10 seconds.,"not about legal, law, or rules","legal, law, or rules",0.13654954731464386
