Requirement text,Gold label,Predicated label,ZSL score
The system shall refresh the display every 60 seconds.,not about legal,not about legal,0.5144883394241333
The application shall match the color of the schema set forth by Department of Homeland Security,not about legal,not about legal,0.3588331341743469
 If projected  the data must be readable.  On a 10x10 projection screen  90% of viewers must be able to read Event / Activity data from a viewing distance of 30,not about legal,not about legal,0.40348702669143677
 The product shall be available during normal business hours. As long as the user has access to the client PC  the system will be available 99% of the time during the first six months of operation.,not about legal,not about legal,0.38339677453041077
 If projected  the data must be understandable. On a 10x10 projection screen  90% of viewers must be able to determine that Events or Activities are occuring in current time from a viewing distance of 100,not about legal,not about legal,0.3672531843185425
The product shall ensure that it can only be accessed by authorized users.  The product will be able to distinguish between authorized and unauthorized users in all access attempts,not about legal,not about legal,0.41199594736099243
The product shall be intuitive and self-explanatory.  :  90% of new users shall be able to start the display of Events or Activities within 90 minutes of using the product.,not about legal,not about legal,0.3331072926521301
The product shall respond fast to keep up-to-date data in the display.,not about legal,not about legal,0.4137381911277771
The look and feel of the system shall conform to the user interface standards of the smart device.,not about legal,not about legal,0.33506330847740173
 The user interface shall have standard menus  buttons for navigation,not about legal,not about legal,0.507477343082428
The system shall have a professional appearance,not about legal,not about legal,0.5263347029685974
The product shall have a consistent color scheme and fonts.,not about legal,not about legal,0.4236348569393158
The system shall be used by realtors with no training.,not about legal,not about legal,0.4916255474090576
The system shall be intuitive and self explanatory.,not about legal,not about legal,0.48960569500923157
The product shall be easy for a realtor to learn.,not about legal,not about legal,0.45199108123779297
The product shall use symbols and words that are naturally understandable by the realtor community.,not about legal,not about legal,0.3658440411090851
The product shall produce search results in an acceptable time,not about legal,not about legal,0.48579713702201843
The search results shall be returned no later 30      seconds  after the user has entered the search criteria,not about legal,not about legal,0.3551954925060272
The product shall generate a CMA report in an acceptable time.,not about legal,not about legal,0.4498468041419983
The CMA report shall be returned no later 60 seconds after the user has entered the CMA report criteria.,not about legal,not about legal,0.3809139132499695
The product shall synchronize contacts and appointments in an acceptable time.,not about legal,not about legal,0.43844616413116455
The product shall synchronize with the office system every hour.,not about legal,not about legal,0.5079503655433655
 The product shall be available for use 24 hours per day  365 days  per year,not about legal,not about legal,0.47511208057403564
 Out of 1000 accesses to the system  the system is available 999 times.,not about legal,not about legal,0.38841748237609863
The product shall operate in offline mode whenever internet connection is unavailable.,not about legal,not about legal,0.4896398186683655
 The product shall allow the user to view previously downloaded search results  CMA reports  and appointments.,not about legal,not about legal,0.3625636696815491
The product shall retain user preferences in the event of a failure.,not about legal,not about legal,0.437051922082901
100% of saved user preferences shall be restored when system comes back online.,not about legal,not about legal,0.4272085130214691
The product shall be able to support multiple remote users,not about legal,not about legal,0.48821818828582764
The product shall be able support 1000 simultaneous users.,not about legal,not about legal,0.4981222152709961
The product shall be capable of handling the existing 1000 users. This number is expected to grow 5 times within the next year.,not about legal,not about legal,0.4185826778411865
The product shall be installed by an untrained realtor   without recourse to separately-printed instructions.,not about legal,not about legal,0.3509194552898407
90% of untrained realtors shall be able to install the product on their device without printed instructions,not about legal,not about legal,0.3913940191268921
The product is expected to run on Windows CE and Palm operating systems.,not about legal,not about legal,0.41239574551582336
Only registered realtors shall be able to access the system.,not about legal,not about legal,0.4714171588420868
Every user of the system shall be authenticated and authorized.,not about legal,not about legal,0.41970014572143555
The product shall prevent its data from incorrect data being introduced.,not about legal,not about legal,0.5315243005752563
The system shall be easy to use by the Program Administrators/Nursing Staff Members.,not about legal,not about legal,0.37103134393692017
All of the users shall be able to use the system after one day of training.,not about legal,not about legal,0.3879810571670532
The system shall help the user avoid making mistakes while scheduling classes and clinicals for the nursing students.,not about legal,not about legal,0.39331287145614624
The number of mistakes noted by the students shall be decreased by 50% in the first year.,not about legal,not about legal,0.36310726404190063
The system shall be intuitive to the Program Administrators/Nursing Staff Members.,not about legal,not about legal,0.35847243666648865
2 out of 3 Program Administrators/Nursing Staff Members shall successfully be able to use the system to manage the scheduling of classes and clinicals.,not about legal,not about legal,0.3397597670555115
The system shall use symbols and words that are naturally understandable by the user community.,not about legal,not about legal,0.4083106517791748
The verbiage used within the system shall be consistent with Standard English and the terminology of the national Nursing Community.,not about legal,not about legal,0.28689879179000854
Staff members shall be able to complete a set of tasks in a timely manner.,not about legal,not about legal,0.35257890820503235
The response time of general student management tasks shall take no longer than 5 seconds and the response time of schedule generation shall take no longer than 30 seconds.,not about legal,not about legal,0.38002029061317444
The system shall be available for use between the hours of 8am and 6pm.,not about legal,not about legal,0.40958139300346375
The system shall achieve 95% up time.,not about legal,not about legal,0.5602633357048035
system shall be able to handle all of the user requests/usage during business hours.,not about legal,not about legal,0.4545017182826996
The system shall cater to 10 simultaneous users from 9am to 5pm.,not about legal,not about legal,0.42792177200317383
The system shall be capable of processing 100% of nursing students and their classes for the next 10 years.,not about legal,not about legal,0.38120654225349426
The system shall be expected to manage the nursing program curriculum and class/clinical scheduling for a minimum of 5 years.,not about legal,not about legal,0.35460951924324036
The system shall able to operate within a business office environment typical of the Nursing Department at DePaul University.,not about legal,not about legal,0.3260149359703064
The system shall be used within the specifications defined by the computers used by the Program Administrators/Nursing Staff Members.,not about legal,not about legal,0.33895400166511536
The system shall operate within the Windows XP Professional operating system.,not about legal,not about legal,0.4554152190685272
The system shall interface with CampusConnect’s central server,not about legal,not about legal,0.4963085949420929
The system shall interface with the faculty central server.,not about legal,not about legal,0.4751710593700409
The system shall interface with the student master server.,not about legal,not about legal,0.48942190408706665
We must be able to interface with any HTML browser.,not about legal,not about legal,0.47183743119239807
Only authorized users shall have access to clinical site information.,not about legal,not about legal,0.4850345253944397
Program Administrators/Nursing Staff Members are the only people who shall have access to clinical site details.,not about legal,not about legal,0.3905640244483948
Only authorized users shall have access to students’ personal information.,not about legal,not about legal,0.46507203578948975
Dr Susan Poslusny and Dr Julie Donalek are the only people who shall have access to students’ personal information.,not about legal,not about legal,0.34488749504089355
Only authorized users shall have access to the portion of the system that interfaces with CampusConnect.,not about legal,not about legal,0.3669072687625885
Fit Criterion: Dr Susan Poslusny and Karen Sysol are the only people who shall have access to the final class section scheduling for the system that interfaces with CampusConnect.,not about legal,not about legal,0.32461607456207275
The system shall have basic data integrity checking to reduce the possibility of incorrect or invalid data being introduced.,not about legal,not about legal,0.3940974771976471
The system shall protect private information in accordance with the organization’s information policy.,not about legal,not about legal,0.42020484805107117
The system shall be built such that it is as secure as possible from malicious interference.,not about legal,not about legal,0.39375635981559753
The system shall use the organization’s standard virus protection software to help monitor threats to itself.,not about legal,not about legal,0.39256083965301514
The Disputes application shall comply with the corporate standards for user interface creation for internally and externally used applications.,not about legal,not about legal,0.35836875438690186
All screens created as part of the Disputes application must comply with corporate standards for interface creation.,not about legal,not about legal,0.3819817006587982
The list of dispute cases that are displayed after a search is performed must be color coded for easy identification of dispute cases based upon the dispute case status.,not about legal,not about legal,0.34934085607528687
100% of the cardmember and merchant services representatives shall use the Disputes application regularly after a 2-day training course.,not about legal,not about legal,0.3450337052345276
100% of cardmember services representatives shall be able to successfully create a dispute case on the first encounter after completing the training course.,not about legal,not about legal,0.34305840730667114
100% of merchant services representatives shall be able to successfully perform a follow up action on a dispute case on the first encounter after completing the training course.,not about legal,not about legal,0.3598271608352661
The maximum wait time for a user navigating from one screen to another within the Disputes application shall be no more than 5 seconds.,not about legal,not about legal,0.4126468300819397
The Disputes application shall support 350 concurrent users without any degradation of performance in the application.,not about legal,not about legal,0.37455224990844727
 The Disputes application shall be available 24x7x365  with the exception of the following scheduled maintenance windows.  Monday – Saturday 3:00am to 4:00am EST Sunday 1:00amd to 5:00am EST,not about legal,not about legal,0.39650291204452515
The Disputes application shall interface with the Statement Database. The Statement Database provides the transaction details to the Disputes System. All transaction details must be obtained from the Statement Database,not about legal,not about legal,0.35761937499046326
The Disputes application shall interface with the Cardmember Information Database.  The Cardmember Information Database provides detailed information with regard to a cardmember.  All cardmember detail information must be obtained from the Cardmember Information Database.,not about legal,not about legal,0.30128130316734314
The Disputes applications shall interface with the Merchant Information Database.  The Merchant Information Database provides detailed information with regard to the merchant. All merchant detail information shall be obtained from the Merchant Information Database.,not about legal,not about legal,0.28881144523620605
The Disputes application shall interface with the Letters application.  This will allow the Disputes application to request letters as part of the dispute initiation and dispute follow up process. All letter requests must be sent to the Print Letter Utility application.,not about legal,not about legal,0.35297447443008423
The Disputes application shall interface with the Cardmember Posting and Billing System.  This will allow the Disputes application to request adjustments to cardmember and merchant’s accounts. All adjustment requests must be sent to the Cardmember Posting and Billing System.,not about legal,not about legal,0.3523825407028198
The Disputes application shall ensure that only users with the appropriate access level are allowed to initiate dispute requests.,not about legal,not about legal,0.37053734064102173
Only users with Update access must be able to initiate dispute requests.,not about legal,not about legal,0.4853479266166687
The Disputes application shall ensure that only authorized users are allowed to logon to the application.,not about legal,not about legal,0.3529893159866333
 All authorized users  once authenticated must be able to logon to the Disputes System,not about legal,not about legal,0.39236506819725037
The Disputes System shall generate a User Report that details any new users that have been added and any changes to an existing user’s access level.  The report will be reviewed for auditing purposes.,not about legal,not about legal,0.3825436532497406
All additions of new users and modifications to user’s access shall be recorded on the User Report.,not about legal,not about legal,0.3674742877483368
 If a user account is revoked  it can only be re-instantiated by the System Administrator.,not about legal,not about legal,0.4439261555671692
Only the System Administrator shall be able to reset a revoked user logon account,not about legal,not about legal,0.40538448095321655
The Disputes application shall manipulate and view business data. Users will not have direct access to data files or databases.,not about legal,not about legal,0.45294272899627686
All updates to data files or database must be initiated from the Disputes System.,not about legal,not about legal,0.3958706557750702
The Disputes application must conform to the legal requirements as specified by the Merchant Operating Regulations.,legal,not about legal,0.2931918203830719
All business rules specified in the Disputes System shall be in compliance with the Merchant Operating Regulations.,legal,not about legal,0.2951413094997406
The Disputes application must conform to the legal requirements as specified by Regulation E and Regulation Z that govern credit card disputes processing.,legal,not about legal,0.3054548501968384
All business rules specified in the Disputes System shall be in compliance to the guidelines of Regulation E and Regulation Z.,legal,not about legal,0.28811800479888916
The Disputes application must maintain a detailed history of every action that a user takes on a dispute case.  This ensures a complete audit trail if questions arise later on with regard to a particular dispute case.,legal,not about legal,0.35084784030914307
All actions that modify an existing dispute case must be recorded in the case history.,legal,not about legal,0.36926084756851196
The product must support Internet Explorer 5.5 and above.,not about legal,not about legal,0.552602231502533
The product must support Mozilla Firefox 1.0 and above.,not about legal,not about legal,0.492530882358551
The product shall interface with the Choice Parts System.  This provides the feed of recycled parts data.,not about legal,not about legal,0.4382419288158417
The product shall run on the existing hardware for all environments.,not about legal,not about legal,0.4837009608745575
The product shall adhere to the corporate Architecture guidelines,not about legal,not about legal,0.40438175201416016
The product shall comply with corporate User Interface Guidelines,not about legal,not about legal,0.41019943356513977
The product shall comply with corporate color scheme,not about legal,not about legal,0.5141642689704895
The appearance of the product shall appear professional,not about legal,not about legal,0.5076004266738892
The product shall be easy to use by Adjusters and Collision Estimators.  95% of Adjusters and Collision Estimators shall find the product easy to use.,not about legal,not about legal,0.34748199582099915
The product shall increase productivity of Collision Estimators. 80% of the Collision Estimators shall agree their productivity has increase within 1 month of using the product.,not about legal,not about legal,0.3785143196582794
Users shall feel satisfied using the product.  85% of all users will be satisfied with the product.,not about legal,not about legal,0.4166567623615265
The product shall be easy to learn by Adjusters and Collision Estimators.  The product shall be learned with two days onsite training,not about legal,not about legal,0.3854075074195862
The user shall easily locate instructions while using the product.  User help can be found within 90% of the system.,not about legal,not about legal,0.42424172163009644
The search for recycled parts shall take no longer than 15 seconds.  The search results shall be returned in under 15 seconds.,not about legal,not about legal,0.4348732829093933
The search for the preferred repair facility shall take no longer than 8 seconds.  The preferred repair facility is returned within 8 seconds,not about legal,not about legal,0.41880154609680176
The recycled parts audit report shall be returned to the user within 10 seconds.  The audit report shall be returned within 10 seconds.,not about legal,not about legal,0.36793574690818787
The preferred repair facility ratings shall be saved within 5 seconds. The save shall occur within 5 seconds.,not about legal,not about legal,0.4121014177799225
The product shall adhere to the corporate online availability schedule.  The application is brought down only within 98% of the scheduled outages per the availability schedule.,not about legal,not about legal,0.3637620210647583
The product shall achieve a 98% uptime. The product shall not fail more than 2% of the available online time.,not about legal,not about legal,0.39809083938598633
The product shall be able to handle up to 1500 simultaneous users. The system shall perform with 1500 users as a time.,not about legal,not about legal,0.4056727886199951
 The average number of recycled parts records per day shall be 50 000.,not about legal,not about legal,0.4179430603981018
 The product shall be able to handle 10 000 concurrent users within 2 years of the initial launch.,not about legal,not about legal,0.38218358159065247
 For estimators  the product shall be able to be operated in a repair facility during dirty and noisy conditions.,not about legal,not about legal,0.300525039434433
The product shall interface with the ChoiceParts system once per day at approximately 1:00 AM.,not about legal,not about legal,0.4593847393989563
The maintenance of the product will fall within the established corporate maintenance windows.,not about legal,not about legal,0.3286600112915039
The product shall be supported using the corporate support center.,not about legal,not about legal,0.47018560767173767
Product installations and upgrades shall be handled by the middleware technology team within established launch time frames.,not about legal,not about legal,0.3761608898639679
Only adjusters can request recycled parts audit reports. No users without an adjuster role shall request recycled parts audits.,not about legal,not about legal,0.3951583504676819
Only adjusters with a supervisor role can update preferred repair facility ratings. Users without the supervisor role cannot access the repair facility ratings.,not about legal,not about legal,0.378551185131073
Only collision estimators shall search for recycled parts.  Users without the collision estimator role shall not have access to the search for recycled parts.,not about legal,not about legal,0.3785390257835388
Only valid data shall be entered into the system.  No invalid data shall be entered into the system.,not about legal,not about legal,0.4343012869358063
One insurance company shall not be able to view another insurance companys claim data.,not about legal,not about legal,0.4091363251209259
The product shall free of computer viruses.,not about legal,not about legal,0.5251091122627258
The system shall prevent malicious attacks including denial of service.,not about legal,not about legal,0.46804213523864746
The product must comply with Sarbanes-Oxley.,legal,not about legal,0.44722816348075867
The product shall comply with the estimatics laws relating to recycled parts usage.,legal,not about legal,0.3447919487953186
The product shall comply with insurance regulations regarding claims processing.,legal,not about legal,0.4650353789329529
 The product must work with most database management systems (DBMS) on the market  whether the DBMS is colocated with the product on the same machine or is located on a different machine on the computer network.,not about legal,not about legal,0.3556978702545166
The product will function alongside server software on any operating system where the Java runtime can be installed.,not about legal,not about legal,0.41456910967826843
The product will require collaboration with a database management system (DBMS).  The DBMS may be located on the same machine as the product or on a separate machine residing on the same computer network.,not about legal,not about legal,0.3391208350658417
 The product must make use of web/application server technology.  Open source examples include Apache web server  Tomcat  and the JBoss application server.,not about legal,not about legal,0.3515359163284302
 A database management system such as Oracle  DB2  MySql or HSQL will need to be integrated with the product.,not about legal,not about legal,0.3412790596485138
 The product’s Look and Feel shall be able to incorporate aspects of the customer’s organization such as logo  branding  and identity,not about legal,not about legal,0.34790945053100586
The product shall have a conservative and professional appearance.,not about legal,not about legal,0.41784417629241943
The product shall make the users want to use it. 80% of the users surveyed report they are regularly using the product after the first 2 weeks post-launch.,not about legal,not about legal,0.3567158579826355
The product shall be easy to use. 90% of users will be able to successfully reserve a conference room within 5 minutes of product use.,not about legal,not about legal,0.38409295678138733
The product shall give users feedback when necessary. 80% of the users surveyed report that the product accurately confirms their actions.,not about legal,not about legal,0.37552887201309204
The product shall allow the user to select a chosen language from one of the target market countries.,not about legal,not about legal,0.3920302987098694
The product shall allow for customization of start page and views preferences.,not about legal,not about legal,0.4327779710292816
 An employee will be able to successfully use the product within a few minutes.  After informally navigating the product for less than 15 minutes  users shall be able to successfully setup meetings and reserve conference rooms.,not about legal,not about legal,0.3617246747016907
The product shall use a standard navigation menu familiar to most web users.,not about legal,not about legal,0.44926610589027405
The product shall allow for intuitive searching of available conference rooms.,not about legal,not about legal,0.4784202575683594
The product shall conform to the Americans with Disabilities Act.,not about legal,not about legal,0.38803043961524963
The response shall be fast enough to avoid interrupting the user’s flow of thought.  90% of tasks shall complete within 5 seconds.  98% of tasks shall complete within 8 seconds.,not about legal,not about legal,0.3801998794078827
 Aside from server failure  the software product shall achieve 99.99% up time.,not about legal,not about legal,0.46018749475479126
The product shall create an exception log of problems encountered within the product for transmission to our company for analysis and resolution.,not about legal,not about legal,0.3679378032684326
 The product shall be capable of handling up to 1 000 concurrent requests.  This number will increase to 2 000 by Release 2.  The concurrency capacity must be able to handle peak scheduling times such as early morning and late afternoon hours.,not about legal,not about legal,0.3910440504550934
 The product shall be able to process 10 000 transactions per hour within two years of its launch.  This number will increase to 20 000 by Release 2.,not about legal,not about legal,0.417278528213501
The product shall be expected to operate for at least 5 years for each customer installation.,not about legal,not about legal,0.42678016424179077
The product shall be used in office environments.,not about legal,not about legal,0.486846387386322
The product must be able to interface with any HTML browser.  The product shall transmit data between the user and the product without problems. The product shall display HTML properly in 80% of all HTML browsers tested (minimum is to test 8 browsers).,not about legal,not about legal,0.37356236577033997
The product must be able to interface with various database management systems. The product shall communicate successfully with the database management system on 100% of all transactions.,not about legal,not about legal,0.4144899547100067
The product must be able to interface with various email servers. The product shall be able to send email.,not about legal,not about legal,0.42238953709602356
The product shall be available for distribution via the Internet as a binary or ZIP file.,not about legal,not about legal,0.3636164367198944
The product shall be available for distribution as a packaged CD.,not about legal,not about legal,0.40232858061790466
 The product will be available for licensing as a one-server  two-five servers  or five-or-more servers license.,not about legal,not about legal,0.3726482689380646
A new user must be able to be added to the system within 10 minutes.  90% of new users are able to log into the system within 10 minutes.,not about legal,not about legal,0.3751218318939209
The product must be designed using Design Patterns and coding best practices.  90% of maintenance software developers are able to integrate new functionality into the product with 2 working days.,not about legal,not about legal,0.39336803555488586
The product must be highly configurable for use with various database management systems for the end users.  80% of end users are able to integrate new database management systems with the product without changing the product’s software code.,not about legal,not about legal,0.3878554701805115
Maintenance releases will be offered to customers once a year.  The releases shall take no longer than 5 minutes for 80% of the customer base to install.,not about legal,not about legal,0.411909818649292
Every registered user will have access to the product’s support site via the Internet.  70% of registered users shall find a solution to their problem within 5 minutes of using the support site.,not about legal,not about legal,0.40735751390457153
The customer shall be able to easily integrate new building maps with the product throughout the product’s lifecycle.  Integration of new maps with the product shall be possible with little to no support from product support staff.,not about legal,not about legal,0.35997092723846436
 The product shall be translated into foreign languages other than the target market countries’ languages in future releases.  For each emerging target market  it shall take no more than 5 days to configure the product for that market’s language.,not about legal,not about legal,0.368989497423172
 The product is expected to integrate with multiple database management systems.  The product will operate with Oracle  SQL Server  DB2  MySQL  HSQL  and MS Access.,not about legal,not about legal,0.32927563786506653
The product shall be able to be installed in any operating environment within 2 days.,not about legal,not about legal,0.39642617106437683
The product shall ensure that only company employees or external users with company-approved user IDs may have product access.  100% of all logons shall be by either company employees or external users with company-approved user IDs.,not about legal,not about legal,0.37190213799476624
Only managers are able to perform search queries for reservations by user.  100% of all search queries for reservations by user shall be from logons of only management logons.,not about legal,not about legal,0.4154127836227417
The product shall ensure that the database’s data corresponds to the data entered by the user.  Each conference room reservation in the system will contain the same information as was entered by the user.,not about legal,not about legal,0.3581077456474304
The product shall prevent the input of malicious data.  The product and/or adjacent hardware/software systems’ data shall remain 100% uncorrupted each time malicious data is input into the product.,not about legal,not about legal,0.3603365421295166
The product and/or dependent databases/filesystems shall remain operational as a result of the input of malicious data.  The product and/or dependent databases/filesystems shall not crash 100% of the time that malicious data is input into the product.,not about legal,not about legal,0.35798951983451843
The product shall have the ability to receive automatic software updates as new threats emerge.  100% of customers will be able to receive automatic software updates transmitted to the installed product.,not about legal,not about legal,0.3581268787384033
The language of the product shall accommodate all of the target market countries. 90% of survey respondents from each target market country will find that the language of the product is acceptable.,not about legal,not about legal,0.3346605598926544
The product shall be able to display calendar dates and times according to the user’s locale.  90% of survey respondents from each target market country will find that the date and time formatting of the product is correct.,not about legal,not about legal,0.33065861463546753
The product must be developed with the J2SE/J2EE programming language libraries,not about legal,not about legal,0.3959159255027771
Recreation of Inventory Quantity Adjustment for the period of previous 30 days shall take no more than 30min.,not about legal,not about legal,0.4015424847602844
The System shall allow for a minimum of  6 users to work at the same time.,not about legal,not about legal,0.41758838295936584
The System shall utilize currently owned computer equipment.,not about legal,not about legal,0.5474603176116943
The System shall be able to automatically backup business data and restore them on demand.,not about legal,not about legal,0.40215811133384705
The System shall maintain consistent security.  Any changes in user passwords and/or permissions should take affect in all parts of the System.,not about legal,not about legal,0.405990868806839
The System shall granularly control access rights to all major subsystems.  It should be possible to assign access rights to all subsystems independently.,not about legal,not about legal,0.38300082087516785
The System shall meet all applicable accounting standards.  The final version of the System must successfully pass independent audit performed by a certified auditor.,legal,not about legal,0.3836430311203003
The System shall not require additional third party licenses resulting in royalty fees.,not about legal,not about legal,0.38762789964675903
Administrator shall be able to activate a pre-paid card via the Administration section in under 5 seconds.,not about legal,not about legal,0.37174057960510254
 Customer shall be able to check the status of their prepaid card  by entering in the PIN number  in under 5 seconds.,not about legal,not about legal,0.36878466606140137
System shall let customers register on the website as a “pay as you go” user in under 5 minutes.,not about legal,not about legal,0.42938005924224854
System shall let customers register on the website as a “unlimited movie subscriber” user in under 10 minutes.,not about legal,not about legal,0.4278758466243744
System shall let existing customers log into the website with their email address and password in under 5 seconds.,not about legal,not about legal,0.43325158953666687
 System shall let customers cancel their account  process shall take no longer than 2 minutes.  Database will mark the account as inactive  and user will not be able to log into the website.,not about legal,not about legal,0.3930768072605133
System shall let administrator de-activate a customer account in under 1 minute. Customer will no longer be able to access the website.,not about legal,not about legal,0.45011040568351746
System shall let administrator add/remove movies on the website in under 5 minutes.  Entered movie information will be stored in the database and will now be available on the website.,not about legal,not about legal,0.38553228974342346
System shall let the administrator add/remove categories on the website in under 5 minutes.,not about legal,not about legal,0.41829439997673035
System shall let Izogn Manager access sales and usage statistics in under 2 minutes.,not about legal,not about legal,0.4348362982273102
System shall let administrators generate unique pre-paid pins in under 2 minutes and generate an Excel file with the generated PINs.,not about legal,not about legal,0.35986989736557007
The website shall be attractive to all audiences.  The website shall appear to be fun and the colors should be bright and vibrant.,not about legal,not about legal,0.3573794364929199
 The website should have an African feel  but should not alienate non-Africans.  The website should use animation on pages which are describing the services  to grab the users attention and encourage them to sign up.,not about legal,not about legal,0.35577109456062317
 The website design should be modern  clean  and concise.,not about legal,not about legal,0.41769036650657654
The product should be able to be used by 90% of novice users on the Internet.,not about legal,not about legal,0.3844003975391388
 Users should only have to navigate through a maximum of 4 pages  to create an account with the website.,not about legal,not about legal,0.37576761841773987
Users should be able to access their streaming movies in under 2 clicks after logging into the website.,not about legal,not about legal,0.4198579490184784
An anonymous survey will show that 70% of customers are comfortable purchasing streaming movies after 2 weeks using the website.,not about legal,not about legal,0.4119337797164917
An anonymous survey will show that 95% of customers are comfortable using and purchasing pre-paid cards after a month of using the system.,not about legal,not about legal,0.3739185631275177
The product shall retain the customer’s buying preferences and information.,not about legal,not about legal,0.40587636828422546
The product shall be easy for customers with novice skills on the  Internet to purchase and watch streaming movies.  Customers should be able to purchase and watch a pre-determined movie in under 3 minutes.,not about legal,not about legal,0.34541621804237366
The product shall use symbols and words that are naturally understandable by users familiar with websites,not about legal,not about legal,0.3938826024532318
The website will use standard Internet conventions when interacting with the user.,not about legal,not about legal,0.48646581172943115
 Any interface between a user and the automated system shall have a maximum response time of 5 seconds  unless noted by an exception below.,not about legal,not about legal,0.3774588108062744
 When purchasing a streaming movie or pre-paid card via credit card  the processing time should have a maximum response time of 15 seconds.,not about legal,not about legal,0.35990071296691895
 When streaming a movie  the buffering time should take no longer than 10 seconds (plus any latency on the user’s connection.),not about legal,not about legal,0.4116326868534088
 While streaming a movie  buffering should only occur if there is latency in the user’s connection.,not about legal,not about legal,0.3966805934906006
 All credit card information will be secured on the server  and only accessible by authorized Izogn administrators.  Information will be encrypted in the database.,not about legal,not about legal,0.37563493847846985
 The website shall be available for use 24 hours per day  365 days per year.,not about legal,not about legal,0.47483253479003906
The website shall achieve 99.5% up time.,not about legal,not about legal,0.5830450654029846
 All movies shall be streamed on demand  at any time of the day.,not about legal,not about legal,0.40145307779312134
The website shall continue to operate if the streaming server goes down.,not about legal,not about legal,0.43242529034614563
The website shall continue to operate if the payment gateway goes down.,not about legal,not about legal,0.4639817178249359
The streaming server will support 50 simultaneous streaming connections.,not about legal,not about legal,0.4971148371696472
The streaming server will support a maximum of 700 movies  new servers can be added to support more movies.,not about legal,not about legal,0.4390419125556946
 The server will support a maximum of 1 000 simultaneous users.,not about legal,not about legal,0.47450438141822815
 The website shall be capable of supporting 100 000 customers.,not about legal,not about legal,0.4908488392829895
The product shall be expected to operate within the maximum maintenance budget for a minimum of 2 years.,not about legal,not about legal,0.400394469499588
All aspects of the website shall be accessed by a web browser over the Internet.,not about legal,not about legal,0.3970162570476532
The same hardware supporting the current website will be used to support the new system.,not about legal,not about legal,0.41725385189056396
 We must be able to interface with the following browsers: IE 5.X  6.0  Netscape 6.x  7.x  8.x and Firefox 1.0.,not about legal,not about legal,0.43812042474746704
Website must interface with the CyberSource API to process credit card transactions.,not about legal,not about legal,0.4042348563671112
Website must be fully operational with MSN TV2.,not about legal,not about legal,0.4949846863746643
Movies shall be encoded and streamed via Windows Media Player 9.0.,not about legal,not about legal,0.4637129306793213
Movies shall be encoded for 56k and 256k streams.,not about legal,not about legal,0.37650781869888306
Promotional updates to the website should take a day to update.,not about legal,not about legal,0.435183584690094
Izogn Administrator must be able to update the category listings on the website within 2 minutes.,not about legal,not about legal,0.4002852141857147
Izogn Administrator must be able to add new products to the website within 2 minutes.,not about legal,not about legal,0.4113835394382477
The system will provide a 24 hour 800 toll free number for support to its customers.,not about legal,not about legal,0.46477219462394714
The website will provide a help section with answers and solutions to common problems.,not about legal,not about legal,0.4456184506416321
 Velkat staff will be available for phone support between 7am-7pm  M-F to provide technical support to the Izogn administrators.,not about legal,not about legal,0.4218999743461609
The product shall be able to be installed in the specified environment within 1 working day.,not about legal,not about legal,0.3811875879764557
Only registered customers can purchase streaming movies.,not about legal,not about legal,0.6117720603942871
 A customer can only stream a movie if they purchased it  and are within the 2 day viewing period.,not about legal,not about legal,0.40422680974006653
Only authorized personnel can access customer records in the database.,not about legal,not about legal,0.45177313685417175
Only administrators can activate a pre-paid card.,not about legal,not about legal,0.47149524092674255
Only authorized personnel can access sales information.,not about legal,not about legal,0.556877851486206
The website shall prevent its data from being corrupted when incorrect data is entered in.,not about legal,not about legal,0.45824524760246277
 The website shall protect itself from intentional abuse  and notify the administrator at all occurrences.,not about legal,not about legal,0.3647192418575287
Data integrity scripts will be run on a weekly basis to verify the integrity of the database.,not about legal,not about legal,0.3560568392276764
 The website shall make its user aware of its information practices before collection data from them via a Privacy Policy  accessible on all pages of the website.,not about legal,not about legal,0.3864762783050537
The system shall notify customers of changes to its information policy.,not about legal,not about legal,0.5010530352592468
The system shall reveal private information only in compliance with the organization’s information policy.,not about legal,not about legal,0.4047163724899292
 All customer information will be stored on a secure database  accessible only to authorized personnel.,not about legal,not about legal,0.4082478880882263
All credit card information will be encrypted in the database.,not about legal,not about legal,0.4500180184841156
The streaming server will have anti-virus software to prevent infection of malicious viruses.,not about legal,not about legal,0.34397274255752563
The website should cater to all tribes in Nigeria.,not about legal,not about legal,0.4410882294178009
The website shall not be offensive to religious or ethnic groups.,not about legal,not about legal,0.3882583677768707
 The website should appeal to all Africans  not only Nigerians.,not about legal,not about legal,0.419589102268219
The website should use Flash to provide animation on the home page.,not about legal,not about legal,0.46843522787094116
IzognMovies shall meet the licensing requirements set forth by the appropriate organizations in order to stream African movies.,legal,not about legal,0.34703952074050903
The website will comply with W3C standards.,legal,not about legal,0.5290135145187378
The PHP code will comply with PEAR standards.,legal,not about legal,0.486890584230423
Total lead cycle time must be completed in 5 minutes for 90% of lead volume between the business hours of 8AM CST to 8PM CST  then 3 minutes for 99% of lead volume during off business hours.,not about legal,not about legal,0.38563570380210876
No lead evaluation will complete in a time period longer than 25 seconds for 97% of all leads processed.,not about legal,not about legal,0.4822835624217987
For leads that process longer than 25 seconds the system will record the event and duration,not about legal,not about legal,0.4259859621524811
The process must fit within the processing time conditions set forth by the Auto Rep Assignment process in which a lead is assigned within 3 minutes of the total life cycle.,not about legal,not about legal,0.36385148763656616
The lead washing process will operate within the established physical web service structure.,not about legal,not about legal,0.4546813368797302
 The washing process must use a non binding  neutral data format  such as xml  when receiving and processing lead data.,not about legal,not about legal,0.4030569791793823
Defect reports will be available to technical units on a 24x7 basis.,not about legal,not about legal,0.45130670070648193
Washing parameters will be updated during scheduled maintenance hours.,not about legal,not about legal,0.5371867418289185
The product shall simulate the look of ships at sea.,not about legal,not about legal,0.4005606770515442
The product shall display the grids within a circle as a view from a periscope.,not about legal,not about legal,0.36993831396102905
The product shall display each type of ship in a grid using an image of the specific type of ship.,not about legal,not about legal,0.30858486890792847
 When the offensive player takes a shot  the product shall simulate the sound of a ship at sea.,not about legal,not about legal,0.30521881580352783
 When a shot is marked as a miss  the product shall simulate the sound of a shot missing its target.,not about legal,not about legal,0.3365309536457062
 When a shot is marked as a hit  the product shall simulate the sound of a shot hitting its target.,not about legal,not about legal,0.34582942724227905
 When a ship is sunk  the product shall simulate the sound of a sinking ship.,not about legal,not about legal,0.28979554772377014
 The product shall be available 24 hours per day  seven days per week.,not about legal,not about legal,0.44251325726509094
The product shall able to handle a large number of games simultaneously.,not about legal,not about legal,0.39724838733673096
The response time shall be fast enough to maintain the flow of the game.  The response time shall be no more than 2 seconds for 95% of responses and no more than 4% for the remaining responses.,not about legal,not about legal,0.3871341347694397
The product shall protect the identity of the players. The product shall provide players no access to information that might reveal the identity of another player.,not about legal,not about legal,0.3763112425804138
The product shall be intuitive and self-explanatory.  Nine out ten users shall be able to successfully complete a game with no training.,not about legal,not about legal,0.41407501697540283
 The product shall be available to players who understand English  Spanish and French.  The product shall allow the user to select the language upon accessing the product.,not about legal,not about legal,0.35464832186698914
The product shall provide players no access to information that might reveal the identity of another player,not about legal,not about legal,0.4000292420387268
The response time shall be fast enough to maintain the flow of the game. The response time shall be no more than 2 seconds for 95% of responses and no more than 4% for the remaining responses.,not about legal,not about legal,0.37961137294769287
The system shall be easy to use by callers and supervisors. Callers and supervisors must be able to accomplish any system task within 2 minutes.,not about legal,not about legal,0.38246557116508484
The system shall be easy to learn by callers and supervisors. Callers and supervisors shall learn how to use the system within 10 minutes.,not about legal,not about legal,0.37219172716140747
 The system shall be responsive. At the DePaul TeleServices Center  when a supervisor uses the system to view a callers schedule  the system response time must be no more than 2 seconds 90% of the time and no more than 5 seconds the rest of the time.,not about legal,not about legal,0.34901297092437744
 On a 56k connection  the system response time for all operations must be no more than 6 seconds 90% of the time.,not about legal,not about legal,0.4088023900985718
 On a 112k connection or faster  the system response time for all operations must be no more than 3 seconds 90% of the time.,not about legal,not about legal,0.39402785897254944
The system shall have high availability every day of the year.The system must be available for use between 12:00AM and 6:00PM all days of the year.,not about legal,not about legal,0.4235602915287018
The system must be available for use between 7:00AM and 11:59PM all days of the year.,not about legal,not about legal,0.4209894835948944
The product shall be internet browser independent.The product must run using Internet Explorer and Netscape Navigator.,not about legal,not about legal,0.4313918650150299
The product shall ensure that only supervisors can advertise empty time slots.The product must ensure that supervisors are allowed to access advertise empty time slots.,not about legal,not about legal,0.3813512623310089
The product shall ensure that only supervisors can enter a caller’s schedule.The product must ensure that supervisors are allowed to access advertise empty time slots.,not about legal,not about legal,0.3941074013710022
The product shall ensure that only supervisors can view schedule of all callers.The product must ensure that supervisors are allowed to access advertise empty time slots.,not about legal,not about legal,0.39105045795440674
 The interface shall have a simple look. In the interface and usability survey  90% of beta testers must report that the interface is adequately simple.,not about legal,not about legal,0.38677263259887695
 The interface shall be appealing to callers and supervisors. In the interface and usability survey  80% of beta testers must report that the interface is appealing.,not about legal,not about legal,0.3467895984649658
The product shall provide GUI based Monitoring Services.System Administrators shall monitor message exchanges will predict and determine problems and will also provide internal and external support.,not about legal,not about legal,0.39028453826904297
The product shall comply with City of Chicago Application Development Guide Framework.Application Development Framework will provide structured Graphical User Interface.,not about legal,not about legal,0.3252175450325012
The product shall provide Monitoring Services.The product shall be easy for System Administrators and DBAs to use after two weeks of usage.,not about legal,not about legal,0.41427361965179443
The product shall provide Error Tracking Services.The product shall help the System Administrators and DBAs to resolve transaction errors 99% of the time.,not about legal,not about legal,0.38500306010246277
The product shall provide Portals.The product shall help System Administrators to analyze the transactions with ad-hoc reporting and KPIs (Key Performance Indicators),not about legal,not about legal,0.3754691183567047
The product shall provide Asynchronous Messaging.The product shall provide asynchronous messaging to enable parallel processing and reduce the overhead in communications,not about legal,not about legal,0.38727620244026184
The product shall provide Multi-threading and Load Balancing.The product shall provide multi-threading technology as well as load balancing to overcome data load spikes and traffic.,not about legal,not about legal,0.3521033227443695
The product shall process messages within 2 seconds.The product shall have a maximum message processing time of 2 seconds,not about legal,not about legal,0.4246485233306885
The product shall poll the system for messages every second.The product shall poll the system for new messages at a maximum of every 1 second.,not about legal,not about legal,0.42317986488342285
The product shall provide Dynamic Change Support and Transparent resource addition.The product shall support Transparent Resource addition and Dynamic Change support to provide scalability and avoid service interruptions of more than 1 day.,not about legal,not about legal,0.3548576235771179
The product shall be available 99% of the time. Rationale: To avoid service interruption during busiest customer service response periods. The product shall be available 99.99% of the time for regular business days.,not about legal,not about legal,0.41502147912979126
The product shall be robust.The product shall have fault avoidance based on standards adoption.,not about legal,not about legal,0.3952670395374298
The product shall be robust with fault tolerance.The product shall have fault tolerance by using recovery technique compensatory transaction and routing around failures.,not about legal,not about legal,0.38277164101600647
The product shall be able to process all transactions.The product shall process minimum of 1 million transactions per year.,not about legal,not about legal,0.42550450563430786
The product shall be platform independent.The product shall enable access to any type of development environment and platform.,not about legal,not about legal,0.40824195742607117
The product shall interface CSR and Datastream.The product shall exchange messages between CSR and EAM on a real time basis without any direct interfaces between two systems.,not about legal,not about legal,0.3558889627456665
 : The product shall continue to operate during upgrade  change or new resource addition.The product shall be able to continue to operate with no interruption in service due to new resource additions.,not about legal,not about legal,0.4034222364425659
The product shall be updated on a regular basis.The product will have a new major feature introduced every six months and quarterly maintenance releases every six months.,not about legal,not about legal,0.41029125452041626
The product shall operate with every platform.The product shall accommodate any new technology without any change in its architecture.,not about legal,not about legal,0.4571659564971924
 The product shall have security.The product shall provide authentication  and authorization.,not about legal,not about legal,0.43677714467048645
The product shall information Security. The product shall enable privacy by encryption WS-Security and Integrity Checking.,not about legal,not about legal,0.3871886730194092
The product shall have audit capabilities.The product shall store messages for a minimum of one year for audit and transaction tracking purposes.,not about legal,not about legal,0.3695305585861206
The system shall use IBM and CCR branding standards. The interface must have one IBM logo and one CCR logo.,not about legal,not about legal,0.39810240268707275
The system shall be displayable on any work computer a CCR user may have. The system interface shall be formatted to display at 800 by 600 pixel resolution.,not about legal,not about legal,0.4071125388145447
The system interface will use CCR nomenclature. The system must use the same nomenclature used in the existing WCS system and reports,not about legal,not about legal,0.4172191023826599
The interface must summarize the data in a fashion that’s appealing to CCR management. Every report type must have at least one high level summary shown in the results dashboard/interface,not about legal,not about legal,0.4032493829727173
The system must use a point and click interface. 100% of all selection and navigation functionality must be able to be activated/selected by either a mouse or a keyboard,not about legal,not about legal,0.38495752215385437
The interface shall be easy to use. 90% of users should be able to successfully use the system to generate a report on their first use. The interface should adhere to IBM usability standards.,not about legal,not about legal,0.37964147329330444
Rreports must be easy to generate. eports must be generated within one button click and exported within one button click (after selecting the report),not about legal,not about legal,0.3775358200073242
A user shall be able to use the system without instruction after a short amount of time. After one use a user should understand and remember 90% of the system usage and navigation.,not about legal,not about legal,0.3735377788543701
All CCR users shall receive training before the WCS system is deployed. One training session will be held for 100% of CCR users before system deployment (based on a CCR user being available),not about legal,not about legal,0.381060928106308
The WCS system shall use appropriate nomenclature and terminology as defined by the Corporate Community Grants organization. All interfaces and reports will undergo usability tests by CCR users.,not about legal,not about legal,0.3523653447628021
The WCS system shall be available at all times as long as IBM’s internal intranet W3 is accessible. The WCS system will be available 95% of the time IBM’s internal intranet W3 is available.,not about legal,not about legal,0.37990063428878784
The WCS system shall have the ability to connect other designated WCS databases currently not included in the system.,not about legal,not about legal,0.3818315863609314
The WCS system shall have the ability to include data for regions outside the United States and be accessed by users outside of the United States if approved by CCR management.,not about legal,not about legal,0.31007158756256104
The WCS system shall be run in a Windows environment. The WCS shall be accessed by users through the Internet on an IBM computer running a Windows 2000 or above operating system.,not about legal,not about legal,0.36950406432151794
The Brio portion of the WCS system must be able to export files in spreadsheet form (Microsoft Excel and Lotus 1-2-3 formats).  Brio will provide buttons in the user interface that produce/export reports in .xls or .123 file formats.,not about legal,not about legal,0.35148051381111145
The WCS system must run queries to the WCS databases once again (on a specified day) to update the available data available to CCR users. Queries must be made to external databases for data refresh once a week.,not about legal,not about legal,0.3884119391441345
 All changes  updates  and additions to the WCS system shall be updated in the WCS Developer and WCS User Guides. Every change must be reflected in WCS system documentation,not about legal,not about legal,0.36175277829170227
The system shall only be accessed by authorized Corporate Community Grants (CCR) employees. Users must be authenticated using their IBM intranet user name and password.,not about legal,not about legal,0.3777513802051544
The WCS system shall not allow automatic logins by any user. Cookies containing WCS login information about a user will not be stored on a user’s computer.,not about legal,not about legal,0.4152223765850067
Each team owner will need to use a username and password in order to be authenticated to reach the team owner’s page,not about legal,not about legal,0.3651610016822815
The Commissioner will be the only authorized user per league to adjust league settings.,not about legal,not about legal,0.4060473144054413
Each page shall contain a navigation menu which shows the index into which the current page is contained.,not about legal,not about legal,0.42674654722213745
Each page shall contain a similar format with action items in one location and navigation buttons in a different location.,not about legal,not about legal,0.4063812494277954
The message board shall contain the 5 most recently posted messages on the league page. The messages will contain up to the first 150 characters of the message.,not about legal,not about legal,0.34837162494659424
;A new user shall be able to navigate through the league and team pages within 30 seconds of reaching the start-up page.,not about legal,not about legal,0.3703657388687134
Users shall be able to reach the ‘add’  ‘drop’  and ‘trade player’ pages with one click from the team owner’s page.,not about legal,not about legal,0.3394392132759094
;Users shall be able to view at least 25 NFL player statistics and points on each page.,not about legal,not about legal,0.39326104521751404
The application shall ask the user to confirm dropping a player or trading a player before performing the action.,not about legal,not about legal,0.3182646334171295
The application shall be able to complete every user transaction within one fourth of a second of receiving the request over the network.,not about legal,not about legal,0.3636764883995056
The application shall have a downtime of at most 10 minutes per year.,not about legal,not about legal,0.41432151198387146
The application shall run on a web application server.,not about legal,not about legal,0.4962807893753052
A primary database will be used to store cached data for active users.,not about legal,not about legal,0.4848785996437073
A secondary database will be used to store historical statistics and data.,not about legal,not about legal,0.44988059997558594
Application updates shall occur between 3AM and 6 AM CST on Wednesday morning during the middle of the NFL season.,not about legal,not about legal,0.362985759973526
New System version releases shall be released at the beginning of each NFL season.,not about legal,not about legal,0.3668482303619385
The RFS system should be available 24/7  especially during the budgeting period. The RFS system shall be available 90% of the time all year  and 98% during the budgeting period. 2% of the time  the system will become available within 1 hour of the time that the situation is reported.,not about legal,not about legal,0.363539457321167
98% of the user workstations shall meet the minimum hardware requirements prior to implementation. Minimum Hard Disk Space:  400MB.,not about legal,not about legal,0.37633249163627625
98% of the user workstations shall meet the minimum software requirements prior to implementation: Microsoft Internet Explorer 5.0. Microsoft .NET Framework 1.1. Microsoft Internet Explorer Web Controls,not about legal,not about legal,0.4280703663825989
The RFS system should be able to easily interface with the BDW environment  in order to load the data. •;7 data files shall be received from the BDW and loaded into the RFS system within 3 hours one day prior to the start of budgeting process  every year. The data will be as of October month-end. ;Test files (7) shall be loaded up to 5 times throughout the year  from the BDW.,not about legal,not about legal,0.36481940746307373
Changes to revenue and expense formulae must be applied to the RFS system  every year  prior to the budgeting process start. Revenue and expense formulae will be updated within one week of their receipt  after which 2 weeks will be allotted to testing of the budget calculations  to be conducted jointly by the project development team and PCG Finance.,not about legal,not about legal,0.34312471747398376
New branches/complexes/districts/regions and revenue/expense accounts added to the BDW  must be reflected in the RFS system. 100% of the entities (mentioned above) available as of October month-end  will be loaded into the RFS system  prior to the budget start process.,not about legal,not about legal,0.32933226227760315
Only authorized user shall access the RFS system. ONLY users that exist in the UAS system  with the RFS system assigned to their role(s)  shall access the RFS system and use it.,not about legal,not about legal,0.3655250668525696
;User access should be limited to the permissions granted to their role(s) Each level in the PCG hierarchy will be assigned a role and users will be assigned to these roles. Access to functionality within RFS system is dependent on the privileges/permission assigned to the role..,not about legal,not about legal,0.36532971262931824
The product must comply with the intranet page standards and requirements of ENET Securities. 95% of the product look & feel will be approved by the Architecture group  prior to implementation. The remaining 5% will be corrected and approved within one month of product release.,not about legal,not about legal,0.3505253493785858
 The intranet pages should display appropriately in all resolutions  from 800x600 and higher. The display of all the pages will be correct in 95% of the resolutions  prior to implementation. The remaining 5% will be corrected within a week of notification of the incorrect display.,not about legal,not about legal,0.34200090169906616
The users should be able to easily use the system to successfully complete their budgets  within the stipulated time for completion. With a week of training prior to product implementation  98% of the users shall complete their budgets within the stipulated time.,not about legal,not about legal,0.3355197310447693
The product interface should be fast. The response time of the product interface should not exceed 2 seconds 90% of the time. For 10% of the time  the response time should not be more than 10 seconds.not be more than 10 seconds.,not about legal,not about legal,0.3650583028793335
