,precision,recall,f1-score,support
"liability, litigation, jurisdiction, regulation, copyright, legislation, enforcement, governmental, directive,civil, right, patentability, claim, violate, infringement, or counsel",0.03614457831325301,0.9230769230769231,0.06956521739130435,13.0
"not about liability, litigation, jurisdiction, regulation, copyright, legislation, enforcement, governmental, directive,civil, right, patentability, claim, violate, infringement, or counsel",0.9736842105263158,0.10364145658263306,0.18734177215189876,357.0
accuracy,0.13243243243243244,0.13243243243243244,0.13243243243243244,0.13243243243243244
macro avg,0.5049143944197844,0.5133591898297781,0.12845349477160156,370.0
weighted avg,0.9407436288539649,0.13243243243243244,0.18320367698463466,370.0
