Requirement text,Gold label,Predicated label,ZSL score
The system shall refresh the display every 60 seconds.,"not about legal, law, or rules","not about legal, law, or rules",0.7288407683372498
The application shall match the color of the schema set forth by Department of Homeland Security,"not about legal, law, or rules","not about legal, law, or rules",0.5450376272201538
 If projected  the data must be readable.  On a 10x10 projection screen  90% of viewers must be able to read Event / Activity data from a viewing distance of 30,"not about legal, law, or rules","not about legal, law, or rules",0.4754529893398285
 The product shall be available during normal business hours. As long as the user has access to the client PC  the system will be available 99% of the time during the first six months of operation.,"not about legal, law, or rules","not about legal, law, or rules",0.4679403603076935
 If projected  the data must be understandable. On a 10x10 projection screen  90% of viewers must be able to determine that Events or Activities are occuring in current time from a viewing distance of 100,"not about legal, law, or rules","not about legal, law, or rules",0.46335622668266296
The product shall ensure that it can only be accessed by authorized users.  The product will be able to distinguish between authorized and unauthorized users in all access attempts,"not about legal, law, or rules","not about legal, law, or rules",0.5122730135917664
The product shall be intuitive and self-explanatory.  :  90% of new users shall be able to start the display of Events or Activities within 90 minutes of using the product.,"not about legal, law, or rules","not about legal, law, or rules",0.4367857873439789
The product shall respond fast to keep up-to-date data in the display.,"not about legal, law, or rules","not about legal, law, or rules",0.6090763807296753
The look and feel of the system shall conform to the user interface standards of the smart device.,"not about legal, law, or rules","not about legal, law, or rules",0.5175101161003113
 The user interface shall have standard menus  buttons for navigation,"not about legal, law, or rules","not about legal, law, or rules",0.6791127324104309
The system shall have a professional appearance,"not about legal, law, or rules","legal, law, or rules",0.6889263391494751
The product shall have a consistent color scheme and fonts.,"not about legal, law, or rules","not about legal, law, or rules",0.6520664691925049
The system shall be used by realtors with no training.,"not about legal, law, or rules","not about legal, law, or rules",0.6875854730606079
The system shall be intuitive and self explanatory.,"not about legal, law, or rules","not about legal, law, or rules",0.6911687850952148
The product shall be easy for a realtor to learn.,"not about legal, law, or rules","not about legal, law, or rules",0.6531950831413269
The product shall use symbols and words that are naturally understandable by the realtor community.,"not about legal, law, or rules","not about legal, law, or rules",0.572492778301239
The product shall produce search results in an acceptable time,"not about legal, law, or rules","not about legal, law, or rules",0.6997655630111694
The search results shall be returned no later 30      seconds  after the user has entered the search criteria,"not about legal, law, or rules","not about legal, law, or rules",0.4806734621524811
The product shall generate a CMA report in an acceptable time.,"not about legal, law, or rules","not about legal, law, or rules",0.6804409027099609
The CMA report shall be returned no later 60 seconds after the user has entered the CMA report criteria.,"not about legal, law, or rules","not about legal, law, or rules",0.5282499194145203
The product shall synchronize contacts and appointments in an acceptable time.,"not about legal, law, or rules","not about legal, law, or rules",0.6808990240097046
The product shall synchronize with the office system every hour.,"not about legal, law, or rules","not about legal, law, or rules",0.7382436990737915
 The product shall be available for use 24 hours per day  365 days  per year,"not about legal, law, or rules","not about legal, law, or rules",0.6353615522384644
 Out of 1000 accesses to the system  the system is available 999 times.,"not about legal, law, or rules","not about legal, law, or rules",0.5580834150314331
The product shall operate in offline mode whenever internet connection is unavailable.,"not about legal, law, or rules","not about legal, law, or rules",0.6307193040847778
 The product shall allow the user to view previously downloaded search results  CMA reports  and appointments.,"not about legal, law, or rules","not about legal, law, or rules",0.5494261980056763
The product shall retain user preferences in the event of a failure.,"not about legal, law, or rules","not about legal, law, or rules",0.6500604152679443
100% of saved user preferences shall be restored when system comes back online.,"not about legal, law, or rules","not about legal, law, or rules",0.6181512475013733
The product shall be able to support multiple remote users,"not about legal, law, or rules","not about legal, law, or rules",0.651267945766449
The product shall be able support 1000 simultaneous users.,"not about legal, law, or rules","not about legal, law, or rules",0.700800359249115
The product shall be capable of handling the existing 1000 users. This number is expected to grow 5 times within the next year.,"not about legal, law, or rules","not about legal, law, or rules",0.5155544281005859
The product shall be installed by an untrained realtor   without recourse to separately-printed instructions.,"not about legal, law, or rules","not about legal, law, or rules",0.5450703501701355
90% of untrained realtors shall be able to install the product on their device without printed instructions,"not about legal, law, or rules","not about legal, law, or rules",0.5606081485748291
The product is expected to run on Windows CE and Palm operating systems.,"not about legal, law, or rules","not about legal, law, or rules",0.59110426902771
Only registered realtors shall be able to access the system.,"not about legal, law, or rules","not about legal, law, or rules",0.6406044960021973
Every user of the system shall be authenticated and authorized.,"not about legal, law, or rules","not about legal, law, or rules",0.6706842184066772
The product shall prevent its data from incorrect data being introduced.,"not about legal, law, or rules","not about legal, law, or rules",0.6584426164627075
The system shall be easy to use by the Program Administrators/Nursing Staff Members.,"not about legal, law, or rules","not about legal, law, or rules",0.5767212510108948
All of the users shall be able to use the system after one day of training.,"not about legal, law, or rules","not about legal, law, or rules",0.5112251043319702
The system shall help the user avoid making mistakes while scheduling classes and clinicals for the nursing students.,"not about legal, law, or rules","not about legal, law, or rules",0.5612993836402893
The number of mistakes noted by the students shall be decreased by 50% in the first year.,"not about legal, law, or rules","not about legal, law, or rules",0.5365302562713623
The system shall be intuitive to the Program Administrators/Nursing Staff Members.,"not about legal, law, or rules","not about legal, law, or rules",0.5809183716773987
2 out of 3 Program Administrators/Nursing Staff Members shall successfully be able to use the system to manage the scheduling of classes and clinicals.,"not about legal, law, or rules","not about legal, law, or rules",0.4637376666069031
The system shall use symbols and words that are naturally understandable by the user community.,"not about legal, law, or rules","not about legal, law, or rules",0.5841637849807739
The verbiage used within the system shall be consistent with Standard English and the terminology of the national Nursing Community.,"not about legal, law, or rules","not about legal, law, or rules",0.4771960973739624
Staff members shall be able to complete a set of tasks in a timely manner.,"not about legal, law, or rules","not about legal, law, or rules",0.5515793561935425
The response time of general student management tasks shall take no longer than 5 seconds and the response time of schedule generation shall take no longer than 30 seconds.,"not about legal, law, or rules","not about legal, law, or rules",0.4794033467769623
The system shall be available for use between the hours of 8am and 6pm.,"not about legal, law, or rules","not about legal, law, or rules",0.5751534104347229
The system shall achieve 95% up time.,"not about legal, law, or rules","not about legal, law, or rules",0.7207404375076294
system shall be able to handle all of the user requests/usage during business hours.,"not about legal, law, or rules","not about legal, law, or rules",0.5945147275924683
The system shall cater to 10 simultaneous users from 9am to 5pm.,"not about legal, law, or rules","not about legal, law, or rules",0.5789580345153809
The system shall be capable of processing 100% of nursing students and their classes for the next 10 years.,"not about legal, law, or rules","not about legal, law, or rules",0.5296509265899658
The system shall be expected to manage the nursing program curriculum and class/clinical scheduling for a minimum of 5 years.,"not about legal, law, or rules","not about legal, law, or rules",0.4926570653915405
The system shall able to operate within a business office environment typical of the Nursing Department at DePaul University.,"not about legal, law, or rules","not about legal, law, or rules",0.5123782157897949
The system shall be used within the specifications defined by the computers used by the Program Administrators/Nursing Staff Members.,"not about legal, law, or rules","not about legal, law, or rules",0.5085240602493286
The system shall operate within the Windows XP Professional operating system.,"not about legal, law, or rules","not about legal, law, or rules",0.6743807792663574
The system shall interface with CampusConnect’s central server,"not about legal, law, or rules","not about legal, law, or rules",0.7131868600845337
The system shall interface with the faculty central server.,"not about legal, law, or rules","not about legal, law, or rules",0.732406735420227
The system shall interface with the student master server.,"not about legal, law, or rules","not about legal, law, or rules",0.7288604974746704
We must be able to interface with any HTML browser.,"not about legal, law, or rules","not about legal, law, or rules",0.6204237341880798
Only authorized users shall have access to clinical site information.,"not about legal, law, or rules","not about legal, law, or rules",0.6698787212371826
Program Administrators/Nursing Staff Members are the only people who shall have access to clinical site details.,"not about legal, law, or rules","not about legal, law, or rules",0.5425105094909668
Only authorized users shall have access to students’ personal information.,"not about legal, law, or rules","not about legal, law, or rules",0.6487205624580383
Dr Susan Poslusny and Dr Julie Donalek are the only people who shall have access to students’ personal information.,"not about legal, law, or rules","not about legal, law, or rules",0.47966575622558594
Only authorized users shall have access to the portion of the system that interfaces with CampusConnect.,"not about legal, law, or rules","not about legal, law, or rules",0.5573000311851501
Fit Criterion: Dr Susan Poslusny and Karen Sysol are the only people who shall have access to the final class section scheduling for the system that interfaces with CampusConnect.,"not about legal, law, or rules","not about legal, law, or rules",0.42684492468833923
The system shall have basic data integrity checking to reduce the possibility of incorrect or invalid data being introduced.,"not about legal, law, or rules","not about legal, law, or rules",0.5261633396148682
The system shall protect private information in accordance with the organization’s information policy.,"not about legal, law, or rules","not about legal, law, or rules",0.5876937508583069
The system shall be built such that it is as secure as possible from malicious interference.,"not about legal, law, or rules","not about legal, law, or rules",0.5923444628715515
The system shall use the organization’s standard virus protection software to help monitor threats to itself.,"not about legal, law, or rules","not about legal, law, or rules",0.547152578830719
The Disputes application shall comply with the corporate standards for user interface creation for internally and externally used applications.,"not about legal, law, or rules","not about legal, law, or rules",0.5057123303413391
All screens created as part of the Disputes application must comply with corporate standards for interface creation.,"not about legal, law, or rules","not about legal, law, or rules",0.5929691195487976
The list of dispute cases that are displayed after a search is performed must be color coded for easy identification of dispute cases based upon the dispute case status.,"not about legal, law, or rules","not about legal, law, or rules",0.4614434540271759
100% of the cardmember and merchant services representatives shall use the Disputes application regularly after a 2-day training course.,"not about legal, law, or rules","not about legal, law, or rules",0.4976683259010315
100% of cardmember services representatives shall be able to successfully create a dispute case on the first encounter after completing the training course.,"not about legal, law, or rules","not about legal, law, or rules",0.48911523818969727
100% of merchant services representatives shall be able to successfully perform a follow up action on a dispute case on the first encounter after completing the training course.,"not about legal, law, or rules","not about legal, law, or rules",0.4740552604198456
The maximum wait time for a user navigating from one screen to another within the Disputes application shall be no more than 5 seconds.,"not about legal, law, or rules","not about legal, law, or rules",0.5271559953689575
The Disputes application shall support 350 concurrent users without any degradation of performance in the application.,"not about legal, law, or rules","not about legal, law, or rules",0.5881751179695129
 The Disputes application shall be available 24x7x365  with the exception of the following scheduled maintenance windows.  Monday – Saturday 3:00am to 4:00am EST Sunday 1:00amd to 5:00am EST,"not about legal, law, or rules","not about legal, law, or rules",0.4299756586551666
The Disputes application shall interface with the Statement Database. The Statement Database provides the transaction details to the Disputes System. All transaction details must be obtained from the Statement Database,"not about legal, law, or rules","not about legal, law, or rules",0.4782157838344574
The Disputes application shall interface with the Cardmember Information Database.  The Cardmember Information Database provides detailed information with regard to a cardmember.  All cardmember detail information must be obtained from the Cardmember Information Database.,"not about legal, law, or rules","not about legal, law, or rules",0.3778724670410156
The Disputes applications shall interface with the Merchant Information Database.  The Merchant Information Database provides detailed information with regard to the merchant. All merchant detail information shall be obtained from the Merchant Information Database.,"not about legal, law, or rules","not about legal, law, or rules",0.37463244795799255
The Disputes application shall interface with the Letters application.  This will allow the Disputes application to request letters as part of the dispute initiation and dispute follow up process. All letter requests must be sent to the Print Letter Utility application.,"not about legal, law, or rules","not about legal, law, or rules",0.44978517293930054
The Disputes application shall interface with the Cardmember Posting and Billing System.  This will allow the Disputes application to request adjustments to cardmember and merchant’s accounts. All adjustment requests must be sent to the Cardmember Posting and Billing System.,"not about legal, law, or rules","not about legal, law, or rules",0.43275630474090576
The Disputes application shall ensure that only users with the appropriate access level are allowed to initiate dispute requests.,"not about legal, law, or rules","not about legal, law, or rules",0.571804404258728
Only users with Update access must be able to initiate dispute requests.,"not about legal, law, or rules","not about legal, law, or rules",0.6535069346427917
The Disputes application shall ensure that only authorized users are allowed to logon to the application.,"not about legal, law, or rules","not about legal, law, or rules",0.5762357711791992
 All authorized users  once authenticated must be able to logon to the Disputes System,"not about legal, law, or rules","not about legal, law, or rules",0.5789799690246582
The Disputes System shall generate a User Report that details any new users that have been added and any changes to an existing user’s access level.  The report will be reviewed for auditing purposes.,"not about legal, law, or rules","not about legal, law, or rules",0.4729047119617462
All additions of new users and modifications to user’s access shall be recorded on the User Report.,"not about legal, law, or rules","not about legal, law, or rules",0.5593969821929932
 If a user account is revoked  it can only be re-instantiated by the System Administrator.,"not about legal, law, or rules","not about legal, law, or rules",0.5881717205047607
Only the System Administrator shall be able to reset a revoked user logon account,"not about legal, law, or rules","not about legal, law, or rules",0.6253820061683655
The Disputes application shall manipulate and view business data. Users will not have direct access to data files or databases.,"not about legal, law, or rules","not about legal, law, or rules",0.5985637903213501
All updates to data files or database must be initiated from the Disputes System.,"not about legal, law, or rules","not about legal, law, or rules",0.6201983690261841
The Disputes application must conform to the legal requirements as specified by the Merchant Operating Regulations.,"legal, law, or rules","not about legal, law, or rules",0.4931572377681732
All business rules specified in the Disputes System shall be in compliance with the Merchant Operating Regulations.,"legal, law, or rules","not about legal, law, or rules",0.48712801933288574
The Disputes application must conform to the legal requirements as specified by Regulation E and Regulation Z that govern credit card disputes processing.,"legal, law, or rules","not about legal, law, or rules",0.46333906054496765
All business rules specified in the Disputes System shall be in compliance to the guidelines of Regulation E and Regulation Z.,"legal, law, or rules","not about legal, law, or rules",0.47274136543273926
The Disputes application must maintain a detailed history of every action that a user takes on a dispute case.  This ensures a complete audit trail if questions arise later on with regard to a particular dispute case.,"legal, law, or rules","not about legal, law, or rules",0.44778549671173096
All actions that modify an existing dispute case must be recorded in the case history.,"legal, law, or rules","not about legal, law, or rules",0.5517261624336243
The product must support Internet Explorer 5.5 and above.,"not about legal, law, or rules","not about legal, law, or rules",0.675207793712616
The product must support Mozilla Firefox 1.0 and above.,"not about legal, law, or rules","not about legal, law, or rules",0.6407603621482849
The product shall interface with the Choice Parts System.  This provides the feed of recycled parts data.,"not about legal, law, or rules","not about legal, law, or rules",0.5641661882400513
The product shall run on the existing hardware for all environments.,"not about legal, law, or rules","not about legal, law, or rules",0.6751894950866699
The product shall adhere to the corporate Architecture guidelines,"not about legal, law, or rules","not about legal, law, or rules",0.6558864116668701
The product shall comply with corporate User Interface Guidelines,"not about legal, law, or rules","not about legal, law, or rules",0.6956949234008789
The product shall comply with corporate color scheme,"not about legal, law, or rules","not about legal, law, or rules",0.7258669137954712
The appearance of the product shall appear professional,"not about legal, law, or rules","not about legal, law, or rules",0.6893709301948547
The product shall be easy to use by Adjusters and Collision Estimators.  95% of Adjusters and Collision Estimators shall find the product easy to use.,"not about legal, law, or rules","not about legal, law, or rules",0.4594532251358032
The product shall increase productivity of Collision Estimators. 80% of the Collision Estimators shall agree their productivity has increase within 1 month of using the product.,"not about legal, law, or rules","not about legal, law, or rules",0.48636746406555176
Users shall feel satisfied using the product.  85% of all users will be satisfied with the product.,"not about legal, law, or rules","not about legal, law, or rules",0.5504388213157654
The product shall be easy to learn by Adjusters and Collision Estimators.  The product shall be learned with two days onsite training,"not about legal, law, or rules","not about legal, law, or rules",0.5261366367340088
The user shall easily locate instructions while using the product.  User help can be found within 90% of the system.,"not about legal, law, or rules","not about legal, law, or rules",0.5175568461418152
The search for recycled parts shall take no longer than 15 seconds.  The search results shall be returned in under 15 seconds.,"not about legal, law, or rules","not about legal, law, or rules",0.5319140553474426
The search for the preferred repair facility shall take no longer than 8 seconds.  The preferred repair facility is returned within 8 seconds,"not about legal, law, or rules","not about legal, law, or rules",0.5318984389305115
The recycled parts audit report shall be returned to the user within 10 seconds.  The audit report shall be returned within 10 seconds.,"not about legal, law, or rules","not about legal, law, or rules",0.48419854044914246
The preferred repair facility ratings shall be saved within 5 seconds. The save shall occur within 5 seconds.,"not about legal, law, or rules","not about legal, law, or rules",0.5511897206306458
The product shall adhere to the corporate online availability schedule.  The application is brought down only within 98% of the scheduled outages per the availability schedule.,"not about legal, law, or rules","not about legal, law, or rules",0.4758886694908142
The product shall achieve a 98% uptime. The product shall not fail more than 2% of the available online time.,"not about legal, law, or rules","not about legal, law, or rules",0.5336702466011047
The product shall be able to handle up to 1500 simultaneous users. The system shall perform with 1500 users as a time.,"not about legal, law, or rules","not about legal, law, or rules",0.5323418974876404
 The average number of recycled parts records per day shall be 50 000.,"not about legal, law, or rules","not about legal, law, or rules",0.6137361526489258
 The product shall be able to handle 10 000 concurrent users within 2 years of the initial launch.,"not about legal, law, or rules","not about legal, law, or rules",0.5495316982269287
 For estimators  the product shall be able to be operated in a repair facility during dirty and noisy conditions.,"not about legal, law, or rules","not about legal, law, or rules",0.4829050898551941
The product shall interface with the ChoiceParts system once per day at approximately 1:00 AM.,"not about legal, law, or rules","not about legal, law, or rules",0.578197717666626
The maintenance of the product will fall within the established corporate maintenance windows.,"not about legal, law, or rules","not about legal, law, or rules",0.5825930237770081
The product shall be supported using the corporate support center.,"not about legal, law, or rules","not about legal, law, or rules",0.6841253042221069
Product installations and upgrades shall be handled by the middleware technology team within established launch time frames.,"not about legal, law, or rules","not about legal, law, or rules",0.540642499923706
Only adjusters can request recycled parts audit reports. No users without an adjuster role shall request recycled parts audits.,"not about legal, law, or rules","not about legal, law, or rules",0.5085780620574951
Only adjusters with a supervisor role can update preferred repair facility ratings. Users without the supervisor role cannot access the repair facility ratings.,"not about legal, law, or rules","not about legal, law, or rules",0.5133093595504761
Only collision estimators shall search for recycled parts.  Users without the collision estimator role shall not have access to the search for recycled parts.,"not about legal, law, or rules","not about legal, law, or rules",0.5070046782493591
Only valid data shall be entered into the system.  No invalid data shall be entered into the system.,"not about legal, law, or rules","not about legal, law, or rules",0.5638806819915771
One insurance company shall not be able to view another insurance companys claim data.,"not about legal, law, or rules","not about legal, law, or rules",0.613633930683136
The product shall free of computer viruses.,"not about legal, law, or rules","not about legal, law, or rules",0.7138684391975403
The system shall prevent malicious attacks including denial of service.,"not about legal, law, or rules","not about legal, law, or rules",0.6739851832389832
The product must comply with Sarbanes-Oxley.,"legal, law, or rules","not about legal, law, or rules",0.6523047685623169
The product shall comply with the estimatics laws relating to recycled parts usage.,"legal, law, or rules","not about legal, law, or rules",0.5893787145614624
The product shall comply with insurance regulations regarding claims processing.,"legal, law, or rules","not about legal, law, or rules",0.6724611520767212
 The product must work with most database management systems (DBMS) on the market  whether the DBMS is colocated with the product on the same machine or is located on a different machine on the computer network.,"not about legal, law, or rules","not about legal, law, or rules",0.4446636438369751
The product will function alongside server software on any operating system where the Java runtime can be installed.,"not about legal, law, or rules","not about legal, law, or rules",0.5768826603889465
The product will require collaboration with a database management system (DBMS).  The DBMS may be located on the same machine as the product or on a separate machine residing on the same computer network.,"not about legal, law, or rules","not about legal, law, or rules",0.44596225023269653
 The product must make use of web/application server technology.  Open source examples include Apache web server  Tomcat  and the JBoss application server.,"not about legal, law, or rules","not about legal, law, or rules",0.4309386610984802
 A database management system such as Oracle  DB2  MySql or HSQL will need to be integrated with the product.,"not about legal, law, or rules","not about legal, law, or rules",0.4903290271759033
 The product’s Look and Feel shall be able to incorporate aspects of the customer’s organization such as logo  branding  and identity,"not about legal, law, or rules","not about legal, law, or rules",0.49384361505508423
The product shall have a conservative and professional appearance.,"not about legal, law, or rules","not about legal, law, or rules",0.7149067521095276
The product shall make the users want to use it. 80% of the users surveyed report they are regularly using the product after the first 2 weeks post-launch.,"not about legal, law, or rules","not about legal, law, or rules",0.4507179260253906
The product shall be easy to use. 90% of users will be able to successfully reserve a conference room within 5 minutes of product use.,"not about legal, law, or rules","not about legal, law, or rules",0.48024988174438477
The product shall give users feedback when necessary. 80% of the users surveyed report that the product accurately confirms their actions.,"not about legal, law, or rules","not about legal, law, or rules",0.505163848400116
The product shall allow the user to select a chosen language from one of the target market countries.,"not about legal, law, or rules","not about legal, law, or rules",0.5586270689964294
The product shall allow for customization of start page and views preferences.,"not about legal, law, or rules","not about legal, law, or rules",0.6212513446807861
 An employee will be able to successfully use the product within a few minutes.  After informally navigating the product for less than 15 minutes  users shall be able to successfully setup meetings and reserve conference rooms.,"not about legal, law, or rules","not about legal, law, or rules",0.43593472242355347
The product shall use a standard navigation menu familiar to most web users.,"not about legal, law, or rules","not about legal, law, or rules",0.634650707244873
The product shall allow for intuitive searching of available conference rooms.,"not about legal, law, or rules","not about legal, law, or rules",0.6519213318824768
The product shall conform to the Americans with Disabilities Act.,"not about legal, law, or rules","not about legal, law, or rules",0.6496697664260864
The response shall be fast enough to avoid interrupting the user’s flow of thought.  90% of tasks shall complete within 5 seconds.  98% of tasks shall complete within 8 seconds.,"not about legal, law, or rules","not about legal, law, or rules",0.44563955068588257
 Aside from server failure  the software product shall achieve 99.99% up time.,"not about legal, law, or rules","not about legal, law, or rules",0.6246474385261536
The product shall create an exception log of problems encountered within the product for transmission to our company for analysis and resolution.,"not about legal, law, or rules","not about legal, law, or rules",0.5077212452888489
 The product shall be capable of handling up to 1 000 concurrent requests.  This number will increase to 2 000 by Release 2.  The concurrency capacity must be able to handle peak scheduling times such as early morning and late afternoon hours.,"not about legal, law, or rules","not about legal, law, or rules",0.4480649530887604
 The product shall be able to process 10 000 transactions per hour within two years of its launch.  This number will increase to 20 000 by Release 2.,"not about legal, law, or rules","not about legal, law, or rules",0.5046725869178772
The product shall be expected to operate for at least 5 years for each customer installation.,"not about legal, law, or rules","not about legal, law, or rules",0.5724073052406311
The product shall be used in office environments.,"not about legal, law, or rules","not about legal, law, or rules",0.7008959650993347
The product must be able to interface with any HTML browser.  The product shall transmit data between the user and the product without problems. The product shall display HTML properly in 80% of all HTML browsers tested (minimum is to test 8 browsers).,"not about legal, law, or rules","not about legal, law, or rules",0.44057610630989075
The product must be able to interface with various database management systems. The product shall communicate successfully with the database management system on 100% of all transactions.,"not about legal, law, or rules","not about legal, law, or rules",0.4964599609375
The product must be able to interface with various email servers. The product shall be able to send email.,"not about legal, law, or rules","not about legal, law, or rules",0.5049607753753662
The product shall be available for distribution via the Internet as a binary or ZIP file.,"not about legal, law, or rules","not about legal, law, or rules",0.5890196561813354
The product shall be available for distribution as a packaged CD.,"not about legal, law, or rules","not about legal, law, or rules",0.6658754348754883
 The product will be available for licensing as a one-server  two-five servers  or five-or-more servers license.,"not about legal, law, or rules","not about legal, law, or rules",0.5047511458396912
A new user must be able to be added to the system within 10 minutes.  90% of new users are able to log into the system within 10 minutes.,"not about legal, law, or rules","not about legal, law, or rules",0.44040530920028687
The product must be designed using Design Patterns and coding best practices.  90% of maintenance software developers are able to integrate new functionality into the product with 2 working days.,"not about legal, law, or rules","not about legal, law, or rules",0.4807952046394348
The product must be highly configurable for use with various database management systems for the end users.  80% of end users are able to integrate new database management systems with the product without changing the product’s software code.,"not about legal, law, or rules","not about legal, law, or rules",0.4631280303001404
Maintenance releases will be offered to customers once a year.  The releases shall take no longer than 5 minutes for 80% of the customer base to install.,"not about legal, law, or rules","not about legal, law, or rules",0.5004934072494507
Every registered user will have access to the product’s support site via the Internet.  70% of registered users shall find a solution to their problem within 5 minutes of using the support site.,"not about legal, law, or rules","not about legal, law, or rules",0.47531983256340027
The customer shall be able to easily integrate new building maps with the product throughout the product’s lifecycle.  Integration of new maps with the product shall be possible with little to no support from product support staff.,"not about legal, law, or rules","not about legal, law, or rules",0.4483920931816101
 The product shall be translated into foreign languages other than the target market countries’ languages in future releases.  For each emerging target market  it shall take no more than 5 days to configure the product for that market’s language.,"not about legal, law, or rules","not about legal, law, or rules",0.44280901551246643
 The product is expected to integrate with multiple database management systems.  The product will operate with Oracle  SQL Server  DB2  MySQL  HSQL  and MS Access.,"not about legal, law, or rules","not about legal, law, or rules",0.3843246102333069
The product shall be able to be installed in any operating environment within 2 days.,"not about legal, law, or rules","not about legal, law, or rules",0.5771451592445374
The product shall ensure that only company employees or external users with company-approved user IDs may have product access.  100% of all logons shall be by either company employees or external users with company-approved user IDs.,"not about legal, law, or rules","not about legal, law, or rules",0.43806779384613037
Only managers are able to perform search queries for reservations by user.  100% of all search queries for reservations by user shall be from logons of only management logons.,"not about legal, law, or rules","not about legal, law, or rules",0.47298917174339294
The product shall ensure that the database’s data corresponds to the data entered by the user.  Each conference room reservation in the system will contain the same information as was entered by the user.,"not about legal, law, or rules","not about legal, law, or rules",0.44936174154281616
The product shall prevent the input of malicious data.  The product and/or adjacent hardware/software systems’ data shall remain 100% uncorrupted each time malicious data is input into the product.,"not about legal, law, or rules","not about legal, law, or rules",0.4278983175754547
The product and/or dependent databases/filesystems shall remain operational as a result of the input of malicious data.  The product and/or dependent databases/filesystems shall not crash 100% of the time that malicious data is input into the product.,"not about legal, law, or rules","not about legal, law, or rules",0.4375534951686859
The product shall have the ability to receive automatic software updates as new threats emerge.  100% of customers will be able to receive automatic software updates transmitted to the installed product.,"not about legal, law, or rules","not about legal, law, or rules",0.45588967204093933
The language of the product shall accommodate all of the target market countries. 90% of survey respondents from each target market country will find that the language of the product is acceptable.,"not about legal, law, or rules","not about legal, law, or rules",0.435127317905426
The product shall be able to display calendar dates and times according to the user’s locale.  90% of survey respondents from each target market country will find that the date and time formatting of the product is correct.,"not about legal, law, or rules","not about legal, law, or rules",0.42780494689941406
The product must be developed with the J2SE/J2EE programming language libraries,"not about legal, law, or rules","not about legal, law, or rules",0.5510299801826477
Recreation of Inventory Quantity Adjustment for the period of previous 30 days shall take no more than 30min.,"not about legal, law, or rules","not about legal, law, or rules",0.5210931301116943
The System shall allow for a minimum of  6 users to work at the same time.,"not about legal, law, or rules","not about legal, law, or rules",0.5941892862319946
The System shall utilize currently owned computer equipment.,"not about legal, law, or rules","not about legal, law, or rules",0.7222341895103455
The System shall be able to automatically backup business data and restore them on demand.,"not about legal, law, or rules","not about legal, law, or rules",0.5618413090705872
The System shall maintain consistent security.  Any changes in user passwords and/or permissions should take affect in all parts of the System.,"not about legal, law, or rules","not about legal, law, or rules",0.4984532296657562
The System shall granularly control access rights to all major subsystems.  It should be possible to assign access rights to all subsystems independently.,"not about legal, law, or rules","not about legal, law, or rules",0.48779135942459106
The System shall meet all applicable accounting standards.  The final version of the System must successfully pass independent audit performed by a certified auditor.,"legal, law, or rules","not about legal, law, or rules",0.48298078775405884
The System shall not require additional third party licenses resulting in royalty fees.,"not about legal, law, or rules","not about legal, law, or rules",0.5605039596557617
Administrator shall be able to activate a pre-paid card via the Administration section in under 5 seconds.,"not about legal, law, or rules","not about legal, law, or rules",0.5191875100135803
 Customer shall be able to check the status of their prepaid card  by entering in the PIN number  in under 5 seconds.,"not about legal, law, or rules","not about legal, law, or rules",0.48965972661972046
System shall let customers register on the website as a “pay as you go” user in under 5 minutes.,"not about legal, law, or rules","not about legal, law, or rules",0.5382865071296692
System shall let customers register on the website as a “unlimited movie subscriber” user in under 10 minutes.,"not about legal, law, or rules","not about legal, law, or rules",0.5419681072235107
System shall let existing customers log into the website with their email address and password in under 5 seconds.,"not about legal, law, or rules","not about legal, law, or rules",0.5520459413528442
 System shall let customers cancel their account  process shall take no longer than 2 minutes.  Database will mark the account as inactive  and user will not be able to log into the website.,"not about legal, law, or rules","not about legal, law, or rules",0.48448681831359863
System shall let administrator de-activate a customer account in under 1 minute. Customer will no longer be able to access the website.,"not about legal, law, or rules","not about legal, law, or rules",0.5445238351821899
System shall let administrator add/remove movies on the website in under 5 minutes.  Entered movie information will be stored in the database and will now be available on the website.,"not about legal, law, or rules","not about legal, law, or rules",0.47710317373275757
System shall let the administrator add/remove categories on the website in under 5 minutes.,"not about legal, law, or rules","not about legal, law, or rules",0.5749983787536621
System shall let Izogn Manager access sales and usage statistics in under 2 minutes.,"not about legal, law, or rules","not about legal, law, or rules",0.6017855405807495
System shall let administrators generate unique pre-paid pins in under 2 minutes and generate an Excel file with the generated PINs.,"not about legal, law, or rules","not about legal, law, or rules",0.4956749677658081
The website shall be attractive to all audiences.  The website shall appear to be fun and the colors should be bright and vibrant.,"not about legal, law, or rules","not about legal, law, or rules",0.49404895305633545
 The website should have an African feel  but should not alienate non-Africans.  The website should use animation on pages which are describing the services  to grab the users attention and encourage them to sign up.,"not about legal, law, or rules","not about legal, law, or rules",0.45147424936294556
 The website design should be modern  clean  and concise.,"not about legal, law, or rules","not about legal, law, or rules",0.6984939575195312
The product should be able to be used by 90% of novice users on the Internet.,"not about legal, law, or rules","not about legal, law, or rules",0.5333597660064697
 Users should only have to navigate through a maximum of 4 pages  to create an account with the website.,"not about legal, law, or rules","not about legal, law, or rules",0.5332754254341125
Users should be able to access their streaming movies in under 2 clicks after logging into the website.,"not about legal, law, or rules","not about legal, law, or rules",0.5582690238952637
An anonymous survey will show that 70% of customers are comfortable purchasing streaming movies after 2 weeks using the website.,"not about legal, law, or rules","not about legal, law, or rules",0.5482067465782166
An anonymous survey will show that 95% of customers are comfortable using and purchasing pre-paid cards after a month of using the system.,"not about legal, law, or rules","not about legal, law, or rules",0.5047299265861511
The product shall retain the customer’s buying preferences and information.,"not about legal, law, or rules","not about legal, law, or rules",0.6456332206726074
The product shall be easy for customers with novice skills on the  Internet to purchase and watch streaming movies.  Customers should be able to purchase and watch a pre-determined movie in under 3 minutes.,"not about legal, law, or rules","not about legal, law, or rules",0.4426973760128021
The product shall use symbols and words that are naturally understandable by users familiar with websites,"not about legal, law, or rules","not about legal, law, or rules",0.59653240442276
The website will use standard Internet conventions when interacting with the user.,"not about legal, law, or rules","not about legal, law, or rules",0.6668567061424255
 Any interface between a user and the automated system shall have a maximum response time of 5 seconds  unless noted by an exception below.,"not about legal, law, or rules","not about legal, law, or rules",0.5072222948074341
 When purchasing a streaming movie or pre-paid card via credit card  the processing time should have a maximum response time of 15 seconds.,"not about legal, law, or rules","not about legal, law, or rules",0.5078549981117249
 When streaming a movie  the buffering time should take no longer than 10 seconds (plus any latency on the user’s connection.),"not about legal, law, or rules","not about legal, law, or rules",0.5430691838264465
 While streaming a movie  buffering should only occur if there is latency in the user’s connection.,"not about legal, law, or rules","not about legal, law, or rules",0.5665532946586609
 All credit card information will be secured on the server  and only accessible by authorized Izogn administrators.  Information will be encrypted in the database.,"not about legal, law, or rules","not about legal, law, or rules",0.5204194784164429
 The website shall be available for use 24 hours per day  365 days per year.,"not about legal, law, or rules","not about legal, law, or rules",0.6386656165122986
The website shall achieve 99.5% up time.,"not about legal, law, or rules","not about legal, law, or rules",0.7460139989852905
 All movies shall be streamed on demand  at any time of the day.,"not about legal, law, or rules","not about legal, law, or rules",0.6397379040718079
The website shall continue to operate if the streaming server goes down.,"not about legal, law, or rules","not about legal, law, or rules",0.6403778791427612
The website shall continue to operate if the payment gateway goes down.,"not about legal, law, or rules","not about legal, law, or rules",0.6681941151618958
The streaming server will support 50 simultaneous streaming connections.,"not about legal, law, or rules","not about legal, law, or rules",0.7057712078094482
The streaming server will support a maximum of 700 movies  new servers can be added to support more movies.,"not about legal, law, or rules","not about legal, law, or rules",0.5569966435432434
 The server will support a maximum of 1 000 simultaneous users.,"not about legal, law, or rules","not about legal, law, or rules",0.6630973219871521
 The website shall be capable of supporting 100 000 customers.,"not about legal, law, or rules","not about legal, law, or rules",0.7043033242225647
The product shall be expected to operate within the maximum maintenance budget for a minimum of 2 years.,"not about legal, law, or rules","not about legal, law, or rules",0.5750625133514404
All aspects of the website shall be accessed by a web browser over the Internet.,"not about legal, law, or rules","not about legal, law, or rules",0.5900192260742188
The same hardware supporting the current website will be used to support the new system.,"not about legal, law, or rules","not about legal, law, or rules",0.5823139548301697
 We must be able to interface with the following browsers: IE 5.X  6.0  Netscape 6.x  7.x  8.x and Firefox 1.0.,"not about legal, law, or rules","not about legal, law, or rules",0.482819139957428
Website must interface with the CyberSource API to process credit card transactions.,"not about legal, law, or rules","not about legal, law, or rules",0.6047359704971313
Website must be fully operational with MSN TV2.,"not about legal, law, or rules","not about legal, law, or rules",0.6749128699302673
Movies shall be encoded and streamed via Windows Media Player 9.0.,"not about legal, law, or rules","not about legal, law, or rules",0.623296856880188
Movies shall be encoded for 56k and 256k streams.,"not about legal, law, or rules","not about legal, law, or rules",0.6300778388977051
Promotional updates to the website should take a day to update.,"not about legal, law, or rules","not about legal, law, or rules",0.586296796798706
Izogn Administrator must be able to update the category listings on the website within 2 minutes.,"not about legal, law, or rules","not about legal, law, or rules",0.5461899042129517
Izogn Administrator must be able to add new products to the website within 2 minutes.,"not about legal, law, or rules","not about legal, law, or rules",0.536967933177948
The system will provide a 24 hour 800 toll free number for support to its customers.,"not about legal, law, or rules","not about legal, law, or rules",0.5823242664337158
The website will provide a help section with answers and solutions to common problems.,"not about legal, law, or rules","not about legal, law, or rules",0.5900608897209167
 Velkat staff will be available for phone support between 7am-7pm  M-F to provide technical support to the Izogn administrators.,"not about legal, law, or rules","not about legal, law, or rules",0.5192090272903442
The product shall be able to be installed in the specified environment within 1 working day.,"not about legal, law, or rules","not about legal, law, or rules",0.5552133917808533
Only registered customers can purchase streaming movies.,"not about legal, law, or rules","legal, law, or rules",0.661644458770752
 A customer can only stream a movie if they purchased it  and are within the 2 day viewing period.,"not about legal, law, or rules","not about legal, law, or rules",0.5387617349624634
Only authorized personnel can access customer records in the database.,"not about legal, law, or rules","not about legal, law, or rules",0.6615111827850342
Only administrators can activate a pre-paid card.,"not about legal, law, or rules","not about legal, law, or rules",0.698433518409729
Only authorized personnel can access sales information.,"not about legal, law, or rules","legal, law, or rules",0.6412400603294373
The website shall prevent its data from being corrupted when incorrect data is entered in.,"not about legal, law, or rules","not about legal, law, or rules",0.6010172963142395
 The website shall protect itself from intentional abuse  and notify the administrator at all occurrences.,"not about legal, law, or rules","not about legal, law, or rules",0.5467916131019592
Data integrity scripts will be run on a weekly basis to verify the integrity of the database.,"not about legal, law, or rules","not about legal, law, or rules",0.555486798286438
 The website shall make its user aware of its information practices before collection data from them via a Privacy Policy  accessible on all pages of the website.,"not about legal, law, or rules","not about legal, law, or rules",0.48445236682891846
The system shall notify customers of changes to its information policy.,"not about legal, law, or rules","not about legal, law, or rules",0.6165305376052856
The system shall reveal private information only in compliance with the organization’s information policy.,"not about legal, law, or rules","not about legal, law, or rules",0.5896692872047424
 All customer information will be stored on a secure database  accessible only to authorized personnel.,"not about legal, law, or rules","not about legal, law, or rules",0.6214407086372375
All credit card information will be encrypted in the database.,"not about legal, law, or rules","not about legal, law, or rules",0.6571353077888489
The streaming server will have anti-virus software to prevent infection of malicious viruses.,"not about legal, law, or rules","not about legal, law, or rules",0.5720091462135315
The website should cater to all tribes in Nigeria.,"not about legal, law, or rules","not about legal, law, or rules",0.6609904170036316
The website shall not be offensive to religious or ethnic groups.,"not about legal, law, or rules","not about legal, law, or rules",0.6850030422210693
 The website should appeal to all Africans  not only Nigerians.,"not about legal, law, or rules","not about legal, law, or rules",0.6500024795532227
The website should use Flash to provide animation on the home page.,"not about legal, law, or rules","not about legal, law, or rules",0.6585268974304199
IzognMovies shall meet the licensing requirements set forth by the appropriate organizations in order to stream African movies.,"legal, law, or rules","not about legal, law, or rules",0.49956926703453064
The website will comply with W3C standards.,"legal, law, or rules","not about legal, law, or rules",0.7393893599510193
The PHP code will comply with PEAR standards.,"legal, law, or rules","not about legal, law, or rules",0.7321118116378784
Total lead cycle time must be completed in 5 minutes for 90% of lead volume between the business hours of 8AM CST to 8PM CST  then 3 minutes for 99% of lead volume during off business hours.,"not about legal, law, or rules","not about legal, law, or rules",0.4435187578201294
No lead evaluation will complete in a time period longer than 25 seconds for 97% of all leads processed.,"not about legal, law, or rules","not about legal, law, or rules",0.5732601881027222
For leads that process longer than 25 seconds the system will record the event and duration,"not about legal, law, or rules","not about legal, law, or rules",0.6072067022323608
The process must fit within the processing time conditions set forth by the Auto Rep Assignment process in which a lead is assigned within 3 minutes of the total life cycle.,"not about legal, law, or rules","not about legal, law, or rules",0.4676842987537384
The lead washing process will operate within the established physical web service structure.,"not about legal, law, or rules","not about legal, law, or rules",0.6509504914283752
 The washing process must use a non binding  neutral data format  such as xml  when receiving and processing lead data.,"not about legal, law, or rules","not about legal, law, or rules",0.4984225630760193
Defect reports will be available to technical units on a 24x7 basis.,"not about legal, law, or rules","not about legal, law, or rules",0.6250956058502197
Washing parameters will be updated during scheduled maintenance hours.,"not about legal, law, or rules","not about legal, law, or rules",0.7104116678237915
The product shall simulate the look of ships at sea.,"not about legal, law, or rules","not about legal, law, or rules",0.7118031978607178
The product shall display the grids within a circle as a view from a periscope.,"not about legal, law, or rules","not about legal, law, or rules",0.5959807634353638
The product shall display each type of ship in a grid using an image of the specific type of ship.,"not about legal, law, or rules","not about legal, law, or rules",0.4831574261188507
 When the offensive player takes a shot  the product shall simulate the sound of a ship at sea.,"not about legal, law, or rules","not about legal, law, or rules",0.5076311230659485
 When a shot is marked as a miss  the product shall simulate the sound of a shot missing its target.,"not about legal, law, or rules","not about legal, law, or rules",0.5014208555221558
 When a shot is marked as a hit  the product shall simulate the sound of a shot hitting its target.,"not about legal, law, or rules","not about legal, law, or rules",0.5067082643508911
 When a ship is sunk  the product shall simulate the sound of a sinking ship.,"not about legal, law, or rules","not about legal, law, or rules",0.5237873196601868
 The product shall be available 24 hours per day  seven days per week.,"not about legal, law, or rules","not about legal, law, or rules",0.6523527503013611
The product shall able to handle a large number of games simultaneously.,"not about legal, law, or rules","not about legal, law, or rules",0.598511815071106
The response time shall be fast enough to maintain the flow of the game.  The response time shall be no more than 2 seconds for 95% of responses and no more than 4% for the remaining responses.,"not about legal, law, or rules","not about legal, law, or rules",0.4564599096775055
The product shall protect the identity of the players. The product shall provide players no access to information that might reveal the identity of another player.,"not about legal, law, or rules","not about legal, law, or rules",0.4967578053474426
The product shall be intuitive and self-explanatory.  Nine out ten users shall be able to successfully complete a game with no training.,"not about legal, law, or rules","not about legal, law, or rules",0.5219294428825378
 The product shall be available to players who understand English  Spanish and French.  The product shall allow the user to select the language upon accessing the product.,"not about legal, law, or rules","not about legal, law, or rules",0.47188010811805725
The product shall provide players no access to information that might reveal the identity of another player,"not about legal, law, or rules","not about legal, law, or rules",0.5753612518310547
The response time shall be fast enough to maintain the flow of the game. The response time shall be no more than 2 seconds for 95% of responses and no more than 4% for the remaining responses.,"not about legal, law, or rules","not about legal, law, or rules",0.45572370290756226
The system shall be easy to use by callers and supervisors. Callers and supervisors must be able to accomplish any system task within 2 minutes.,"not about legal, law, or rules","not about legal, law, or rules",0.48411524295806885
The system shall be easy to learn by callers and supervisors. Callers and supervisors shall learn how to use the system within 10 minutes.,"not about legal, law, or rules","not about legal, law, or rules",0.5001277923583984
 The system shall be responsive. At the DePaul TeleServices Center  when a supervisor uses the system to view a callers schedule  the system response time must be no more than 2 seconds 90% of the time and no more than 5 seconds the rest of the time.,"not about legal, law, or rules","not about legal, law, or rules",0.4289623498916626
 On a 56k connection  the system response time for all operations must be no more than 6 seconds 90% of the time.,"not about legal, law, or rules","not about legal, law, or rules",0.5060557723045349
 On a 112k connection or faster  the system response time for all operations must be no more than 3 seconds 90% of the time.,"not about legal, law, or rules","not about legal, law, or rules",0.4733048379421234
The system shall have high availability every day of the year.The system must be available for use between 12:00AM and 6:00PM all days of the year.,"not about legal, law, or rules","not about legal, law, or rules",0.4839438199996948
The system must be available for use between 7:00AM and 11:59PM all days of the year.,"not about legal, law, or rules","not about legal, law, or rules",0.5234324932098389
The product shall be internet browser independent.The product must run using Internet Explorer and Netscape Navigator.,"not about legal, law, or rules","not about legal, law, or rules",0.5844076871871948
The product shall ensure that only supervisors can advertise empty time slots.The product must ensure that supervisors are allowed to access advertise empty time slots.,"not about legal, law, or rules","not about legal, law, or rules",0.4892083406448364
The product shall ensure that only supervisors can enter a caller’s schedule.The product must ensure that supervisors are allowed to access advertise empty time slots.,"not about legal, law, or rules","not about legal, law, or rules",0.49323609471321106
The product shall ensure that only supervisors can view schedule of all callers.The product must ensure that supervisors are allowed to access advertise empty time slots.,"not about legal, law, or rules","not about legal, law, or rules",0.4896948039531708
 The interface shall have a simple look. In the interface and usability survey  90% of beta testers must report that the interface is adequately simple.,"not about legal, law, or rules","not about legal, law, or rules",0.4878414571285248
 The interface shall be appealing to callers and supervisors. In the interface and usability survey  80% of beta testers must report that the interface is appealing.,"not about legal, law, or rules","not about legal, law, or rules",0.4702180027961731
The product shall provide GUI based Monitoring Services.System Administrators shall monitor message exchanges will predict and determine problems and will also provide internal and external support.,"not about legal, law, or rules","not about legal, law, or rules",0.5031158924102783
The product shall comply with City of Chicago Application Development Guide Framework.Application Development Framework will provide structured Graphical User Interface.,"not about legal, law, or rules","not about legal, law, or rules",0.43062394857406616
The product shall provide Monitoring Services.The product shall be easy for System Administrators and DBAs to use after two weeks of usage.,"not about legal, law, or rules","not about legal, law, or rules",0.5269381999969482
The product shall provide Error Tracking Services.The product shall help the System Administrators and DBAs to resolve transaction errors 99% of the time.,"not about legal, law, or rules","not about legal, law, or rules",0.5118370056152344
The product shall provide Portals.The product shall help System Administrators to analyze the transactions with ad-hoc reporting and KPIs (Key Performance Indicators),"not about legal, law, or rules","not about legal, law, or rules",0.4720017611980438
The product shall provide Asynchronous Messaging.The product shall provide asynchronous messaging to enable parallel processing and reduce the overhead in communications,"not about legal, law, or rules","not about legal, law, or rules",0.5071062445640564
The product shall provide Multi-threading and Load Balancing.The product shall provide multi-threading technology as well as load balancing to overcome data load spikes and traffic.,"not about legal, law, or rules","not about legal, law, or rules",0.45087844133377075
The product shall process messages within 2 seconds.The product shall have a maximum message processing time of 2 seconds,"not about legal, law, or rules","not about legal, law, or rules",0.577122688293457
The product shall poll the system for messages every second.The product shall poll the system for new messages at a maximum of every 1 second.,"not about legal, law, or rules","not about legal, law, or rules",0.515585720539093
The product shall provide Dynamic Change Support and Transparent resource addition.The product shall support Transparent Resource addition and Dynamic Change support to provide scalability and avoid service interruptions of more than 1 day.,"not about legal, law, or rules","not about legal, law, or rules",0.4338487684726715
The product shall be available 99% of the time. Rationale: To avoid service interruption during busiest customer service response periods. The product shall be available 99.99% of the time for regular business days.,"not about legal, law, or rules","not about legal, law, or rules",0.49225378036499023
The product shall be robust.The product shall have fault avoidance based on standards adoption.,"not about legal, law, or rules","not about legal, law, or rules",0.5813199281692505
The product shall be robust with fault tolerance.The product shall have fault tolerance by using recovery technique compensatory transaction and routing around failures.,"not about legal, law, or rules","not about legal, law, or rules",0.5156646370887756
The product shall be able to process all transactions.The product shall process minimum of 1 million transactions per year.,"not about legal, law, or rules","not about legal, law, or rules",0.555076003074646
The product shall be platform independent.The product shall enable access to any type of development environment and platform.,"not about legal, law, or rules","not about legal, law, or rules",0.55785071849823
The product shall interface CSR and Datastream.The product shall exchange messages between CSR and EAM on a real time basis without any direct interfaces between two systems.,"not about legal, law, or rules","not about legal, law, or rules",0.46749481558799744
 : The product shall continue to operate during upgrade  change or new resource addition.The product shall be able to continue to operate with no interruption in service due to new resource additions.,"not about legal, law, or rules","not about legal, law, or rules",0.4908170700073242
The product shall be updated on a regular basis.The product will have a new major feature introduced every six months and quarterly maintenance releases every six months.,"not about legal, law, or rules","not about legal, law, or rules",0.5156592130661011
The product shall operate with every platform.The product shall accommodate any new technology without any change in its architecture.,"not about legal, law, or rules","not about legal, law, or rules",0.5954585075378418
 The product shall have security.The product shall provide authentication  and authorization.,"not about legal, law, or rules","not about legal, law, or rules",0.6285532116889954
The product shall information Security. The product shall enable privacy by encryption WS-Security and Integrity Checking.,"not about legal, law, or rules","not about legal, law, or rules",0.5213719010353088
The product shall have audit capabilities.The product shall store messages for a minimum of one year for audit and transaction tracking purposes.,"not about legal, law, or rules","not about legal, law, or rules",0.5131274461746216
The system shall use IBM and CCR branding standards. The interface must have one IBM logo and one CCR logo.,"not about legal, law, or rules","not about legal, law, or rules",0.5422351956367493
The system shall be displayable on any work computer a CCR user may have. The system interface shall be formatted to display at 800 by 600 pixel resolution.,"not about legal, law, or rules","not about legal, law, or rules",0.5034772753715515
The system interface will use CCR nomenclature. The system must use the same nomenclature used in the existing WCS system and reports,"not about legal, law, or rules","not about legal, law, or rules",0.5426778793334961
The interface must summarize the data in a fashion that’s appealing to CCR management. Every report type must have at least one high level summary shown in the results dashboard/interface,"not about legal, law, or rules","not about legal, law, or rules",0.4889732003211975
The system must use a point and click interface. 100% of all selection and navigation functionality must be able to be activated/selected by either a mouse or a keyboard,"not about legal, law, or rules","not about legal, law, or rules",0.46553295850753784
The interface shall be easy to use. 90% of users should be able to successfully use the system to generate a report on their first use. The interface should adhere to IBM usability standards.,"not about legal, law, or rules","not about legal, law, or rules",0.4488239288330078
Rreports must be easy to generate. eports must be generated within one button click and exported within one button click (after selecting the report),"not about legal, law, or rules","not about legal, law, or rules",0.48575299978256226
A user shall be able to use the system without instruction after a short amount of time. After one use a user should understand and remember 90% of the system usage and navigation.,"not about legal, law, or rules","not about legal, law, or rules",0.4496394395828247
All CCR users shall receive training before the WCS system is deployed. One training session will be held for 100% of CCR users before system deployment (based on a CCR user being available),"not about legal, law, or rules","not about legal, law, or rules",0.4585713744163513
The WCS system shall use appropriate nomenclature and terminology as defined by the Corporate Community Grants organization. All interfaces and reports will undergo usability tests by CCR users.,"not about legal, law, or rules","not about legal, law, or rules",0.44312068819999695
The WCS system shall be available at all times as long as IBM’s internal intranet W3 is accessible. The WCS system will be available 95% of the time IBM’s internal intranet W3 is available.,"not about legal, law, or rules","not about legal, law, or rules",0.45062363147735596
The WCS system shall have the ability to connect other designated WCS databases currently not included in the system.,"not about legal, law, or rules","not about legal, law, or rules",0.5505298376083374
The WCS system shall have the ability to include data for regions outside the United States and be accessed by users outside of the United States if approved by CCR management.,"not about legal, law, or rules","not about legal, law, or rules",0.4347599744796753
The WCS system shall be run in a Windows environment. The WCS shall be accessed by users through the Internet on an IBM computer running a Windows 2000 or above operating system.,"not about legal, law, or rules","not about legal, law, or rules",0.4849167466163635
The Brio portion of the WCS system must be able to export files in spreadsheet form (Microsoft Excel and Lotus 1-2-3 formats).  Brio will provide buttons in the user interface that produce/export reports in .xls or .123 file formats.,"not about legal, law, or rules","not about legal, law, or rules",0.398637592792511
The WCS system must run queries to the WCS databases once again (on a specified day) to update the available data available to CCR users. Queries must be made to external databases for data refresh once a week.,"not about legal, law, or rules","not about legal, law, or rules",0.46707770228385925
 All changes  updates  and additions to the WCS system shall be updated in the WCS Developer and WCS User Guides. Every change must be reflected in WCS system documentation,"not about legal, law, or rules","not about legal, law, or rules",0.47511303424835205
The system shall only be accessed by authorized Corporate Community Grants (CCR) employees. Users must be authenticated using their IBM intranet user name and password.,"not about legal, law, or rules","not about legal, law, or rules",0.4588696360588074
The WCS system shall not allow automatic logins by any user. Cookies containing WCS login information about a user will not be stored on a user’s computer.,"not about legal, law, or rules","not about legal, law, or rules",0.5129457116127014
Each team owner will need to use a username and password in order to be authenticated to reach the team owner’s page,"not about legal, law, or rules","not about legal, law, or rules",0.5117241144180298
The Commissioner will be the only authorized user per league to adjust league settings.,"not about legal, law, or rules","not about legal, law, or rules",0.6164979934692383
Each page shall contain a navigation menu which shows the index into which the current page is contained.,"not about legal, law, or rules","not about legal, law, or rules",0.5947583317756653
Each page shall contain a similar format with action items in one location and navigation buttons in a different location.,"not about legal, law, or rules","not about legal, law, or rules",0.5456521511077881
The message board shall contain the 5 most recently posted messages on the league page. The messages will contain up to the first 150 characters of the message.,"not about legal, law, or rules","not about legal, law, or rules",0.4806390404701233
;A new user shall be able to navigate through the league and team pages within 30 seconds of reaching the start-up page.,"not about legal, law, or rules","not about legal, law, or rules",0.5134994983673096
Users shall be able to reach the ‘add’  ‘drop’  and ‘trade player’ pages with one click from the team owner’s page.,"not about legal, law, or rules","not about legal, law, or rules",0.42364558577537537
;Users shall be able to view at least 25 NFL player statistics and points on each page.,"not about legal, law, or rules","not about legal, law, or rules",0.5530651807785034
The application shall ask the user to confirm dropping a player or trading a player before performing the action.,"not about legal, law, or rules","not about legal, law, or rules",0.5266075134277344
The application shall be able to complete every user transaction within one fourth of a second of receiving the request over the network.,"not about legal, law, or rules","not about legal, law, or rules",0.4988700747489929
The application shall have a downtime of at most 10 minutes per year.,"not about legal, law, or rules","not about legal, law, or rules",0.6496307849884033
The application shall run on a web application server.,"not about legal, law, or rules","not about legal, law, or rules",0.7290374636650085
A primary database will be used to store cached data for active users.,"not about legal, law, or rules","not about legal, law, or rules",0.6531233191490173
A secondary database will be used to store historical statistics and data.,"not about legal, law, or rules","not about legal, law, or rules",0.6461663842201233
Application updates shall occur between 3AM and 6 AM CST on Wednesday morning during the middle of the NFL season.,"not about legal, law, or rules","not about legal, law, or rules",0.5292496085166931
New System version releases shall be released at the beginning of each NFL season.,"not about legal, law, or rules","not about legal, law, or rules",0.5940874814987183
The RFS system should be available 24/7  especially during the budgeting period. The RFS system shall be available 90% of the time all year  and 98% during the budgeting period. 2% of the time  the system will become available within 1 hour of the time that the situation is reported.,"not about legal, law, or rules","not about legal, law, or rules",0.4200596511363983
98% of the user workstations shall meet the minimum hardware requirements prior to implementation. Minimum Hard Disk Space:  400MB.,"not about legal, law, or rules","not about legal, law, or rules",0.45463860034942627
98% of the user workstations shall meet the minimum software requirements prior to implementation: Microsoft Internet Explorer 5.0. Microsoft .NET Framework 1.1. Microsoft Internet Explorer Web Controls,"not about legal, law, or rules","not about legal, law, or rules",0.46166643500328064
The RFS system should be able to easily interface with the BDW environment  in order to load the data. •;7 data files shall be received from the BDW and loaded into the RFS system within 3 hours one day prior to the start of budgeting process  every year. The data will be as of October month-end. ;Test files (7) shall be loaded up to 5 times throughout the year  from the BDW.,"not about legal, law, or rules","not about legal, law, or rules",0.4170459806919098
Changes to revenue and expense formulae must be applied to the RFS system  every year  prior to the budgeting process start. Revenue and expense formulae will be updated within one week of their receipt  after which 2 weeks will be allotted to testing of the budget calculations  to be conducted jointly by the project development team and PCG Finance.,"not about legal, law, or rules","not about legal, law, or rules",0.4006277322769165
New branches/complexes/districts/regions and revenue/expense accounts added to the BDW  must be reflected in the RFS system. 100% of the entities (mentioned above) available as of October month-end  will be loaded into the RFS system  prior to the budget start process.,"not about legal, law, or rules","not about legal, law, or rules",0.37833666801452637
Only authorized user shall access the RFS system. ONLY users that exist in the UAS system  with the RFS system assigned to their role(s)  shall access the RFS system and use it.,"not about legal, law, or rules","not about legal, law, or rules",0.4607737064361572
;User access should be limited to the permissions granted to their role(s) Each level in the PCG hierarchy will be assigned a role and users will be assigned to these roles. Access to functionality within RFS system is dependent on the privileges/permission assigned to the role..,"not about legal, law, or rules","not about legal, law, or rules",0.43551337718963623
The product must comply with the intranet page standards and requirements of ENET Securities. 95% of the product look & feel will be approved by the Architecture group  prior to implementation. The remaining 5% will be corrected and approved within one month of product release.,"not about legal, law, or rules","not about legal, law, or rules",0.42827510833740234
 The intranet pages should display appropriately in all resolutions  from 800x600 and higher. The display of all the pages will be correct in 95% of the resolutions  prior to implementation. The remaining 5% will be corrected within a week of notification of the incorrect display.,"not about legal, law, or rules","not about legal, law, or rules",0.41779226064682007
The users should be able to easily use the system to successfully complete their budgets  within the stipulated time for completion. With a week of training prior to product implementation  98% of the users shall complete their budgets within the stipulated time.,"not about legal, law, or rules","not about legal, law, or rules",0.4279392659664154
The product interface should be fast. The response time of the product interface should not exceed 2 seconds 90% of the time. For 10% of the time  the response time should not be more than 10 seconds.not be more than 10 seconds.,"not about legal, law, or rules","not about legal, law, or rules",0.4286406636238098
