Requirement text,Gold label,Predicated label,ZSL score
The system shall refresh the display every 60 seconds.,"not about legal, law, or rules","not about legal, law, or rules",0.9288893342018127
The application shall match the color of the schema set forth by Department of Homeland Security,"not about legal, law, or rules","not about legal, law, or rules",0.9065464735031128
 If projected  the data must be readable.  On a 10x10 projection screen  90% of viewers must be able to read Event / Activity data from a viewing distance of 30,"not about legal, law, or rules","not about legal, law, or rules",0.8848252296447754
 The product shall be available during normal business hours. As long as the user has access to the client PC  the system will be available 99% of the time during the first six months of operation.,"not about legal, law, or rules","not about legal, law, or rules",0.8751524686813354
 If projected  the data must be understandable. On a 10x10 projection screen  90% of viewers must be able to determine that Events or Activities are occuring in current time from a viewing distance of 100,"not about legal, law, or rules","not about legal, law, or rules",0.8829339742660522
The product shall ensure that it can only be accessed by authorized users.  The product will be able to distinguish between authorized and unauthorized users in all access attempts,"not about legal, law, or rules","not about legal, law, or rules",0.8864786624908447
The product shall be intuitive and self-explanatory.  :  90% of new users shall be able to start the display of Events or Activities within 90 minutes of using the product.,"not about legal, law, or rules","not about legal, law, or rules",0.8859608769416809
The product shall respond fast to keep up-to-date data in the display.,"not about legal, law, or rules","not about legal, law, or rules",0.9068785309791565
The look and feel of the system shall conform to the user interface standards of the smart device.,"not about legal, law, or rules","not about legal, law, or rules",0.8985307216644287
 The user interface shall have standard menus  buttons for navigation,"not about legal, law, or rules","not about legal, law, or rules",0.9288455247879028
The system shall have a professional appearance,"not about legal, law, or rules","legal, law, or rules",0.9290982484817505
The product shall have a consistent color scheme and fonts.,"not about legal, law, or rules","not about legal, law, or rules",0.9240024089813232
The system shall be used by realtors with no training.,"not about legal, law, or rules","not about legal, law, or rules",0.9243959188461304
The system shall be intuitive and self explanatory.,"not about legal, law, or rules","not about legal, law, or rules",0.9288771152496338
The product shall be easy for a realtor to learn.,"not about legal, law, or rules","not about legal, law, or rules",0.9251924753189087
The product shall use symbols and words that are naturally understandable by the realtor community.,"not about legal, law, or rules","not about legal, law, or rules",0.9119805693626404
The product shall produce search results in an acceptable time,"not about legal, law, or rules","not about legal, law, or rules",0.9261167049407959
The search results shall be returned no later 30      seconds  after the user has entered the search criteria,"not about legal, law, or rules","not about legal, law, or rules",0.8993070125579834
The product shall generate a CMA report in an acceptable time.,"not about legal, law, or rules","not about legal, law, or rules",0.9260609149932861
The CMA report shall be returned no later 60 seconds after the user has entered the CMA report criteria.,"not about legal, law, or rules","not about legal, law, or rules",0.8962341547012329
The product shall synchronize contacts and appointments in an acceptable time.,"not about legal, law, or rules","not about legal, law, or rules",0.9219313263893127
The product shall synchronize with the office system every hour.,"not about legal, law, or rules","not about legal, law, or rules",0.9201449751853943
 The product shall be available for use 24 hours per day  365 days  per year,"not about legal, law, or rules","not about legal, law, or rules",0.9181016087532043
 Out of 1000 accesses to the system  the system is available 999 times.,"not about legal, law, or rules","not about legal, law, or rules",0.9133886098861694
The product shall operate in offline mode whenever internet connection is unavailable.,"not about legal, law, or rules","not about legal, law, or rules",0.930213212966919
 The product shall allow the user to view previously downloaded search results  CMA reports  and appointments.,"not about legal, law, or rules","not about legal, law, or rules",0.8985264301300049
The product shall retain user preferences in the event of a failure.,"not about legal, law, or rules","not about legal, law, or rules",0.9229121208190918
100% of saved user preferences shall be restored when system comes back online.,"not about legal, law, or rules","not about legal, law, or rules",0.9202470183372498
The product shall be able to support multiple remote users,"not about legal, law, or rules","not about legal, law, or rules",0.9280840158462524
The product shall be able support 1000 simultaneous users.,"not about legal, law, or rules","not about legal, law, or rules",0.9294717311859131
The product shall be capable of handling the existing 1000 users. This number is expected to grow 5 times within the next year.,"not about legal, law, or rules","not about legal, law, or rules",0.8951376080513
The product shall be installed by an untrained realtor   without recourse to separately-printed instructions.,"not about legal, law, or rules","not about legal, law, or rules",0.901740550994873
90% of untrained realtors shall be able to install the product on their device without printed instructions,"not about legal, law, or rules","not about legal, law, or rules",0.8986803293228149
The product is expected to run on Windows CE and Palm operating systems.,"not about legal, law, or rules","not about legal, law, or rules",0.9232563972473145
Only registered realtors shall be able to access the system.,"not about legal, law, or rules","not about legal, law, or rules",0.9229298233985901
Every user of the system shall be authenticated and authorized.,"not about legal, law, or rules","not about legal, law, or rules",0.9207350611686707
The product shall prevent its data from incorrect data being introduced.,"not about legal, law, or rules","not about legal, law, or rules",0.9297665357589722
The system shall be easy to use by the Program Administrators/Nursing Staff Members.,"not about legal, law, or rules","not about legal, law, or rules",0.8971133232116699
All of the users shall be able to use the system after one day of training.,"not about legal, law, or rules","not about legal, law, or rules",0.9039743542671204
The system shall help the user avoid making mistakes while scheduling classes and clinicals for the nursing students.,"not about legal, law, or rules","not about legal, law, or rules",0.8920931816101074
The number of mistakes noted by the students shall be decreased by 50% in the first year.,"not about legal, law, or rules","not about legal, law, or rules",0.900169849395752
The system shall be intuitive to the Program Administrators/Nursing Staff Members.,"not about legal, law, or rules","not about legal, law, or rules",0.9046758413314819
2 out of 3 Program Administrators/Nursing Staff Members shall successfully be able to use the system to manage the scheduling of classes and clinicals.,"not about legal, law, or rules","not about legal, law, or rules",0.885627031326294
The system shall use symbols and words that are naturally understandable by the user community.,"not about legal, law, or rules","not about legal, law, or rules",0.9138401746749878
The verbiage used within the system shall be consistent with Standard English and the terminology of the national Nursing Community.,"not about legal, law, or rules","not about legal, law, or rules",0.8945595026016235
Staff members shall be able to complete a set of tasks in a timely manner.,"not about legal, law, or rules","not about legal, law, or rules",0.9070863127708435
The response time of general student management tasks shall take no longer than 5 seconds and the response time of schedule generation shall take no longer than 30 seconds.,"not about legal, law, or rules","not about legal, law, or rules",0.886671245098114
The system shall be available for use between the hours of 8am and 6pm.,"not about legal, law, or rules","not about legal, law, or rules",0.9148814082145691
The system shall achieve 95% up time.,"not about legal, law, or rules","not about legal, law, or rules",0.9335187077522278
system shall be able to handle all of the user requests/usage during business hours.,"not about legal, law, or rules","not about legal, law, or rules",0.9023919105529785
The system shall cater to 10 simultaneous users from 9am to 5pm.,"not about legal, law, or rules","not about legal, law, or rules",0.9284224510192871
The system shall be capable of processing 100% of nursing students and their classes for the next 10 years.,"not about legal, law, or rules","not about legal, law, or rules",0.8949125409126282
The system shall be expected to manage the nursing program curriculum and class/clinical scheduling for a minimum of 5 years.,"not about legal, law, or rules","not about legal, law, or rules",0.8925053477287292
The system shall able to operate within a business office environment typical of the Nursing Department at DePaul University.,"not about legal, law, or rules","not about legal, law, or rules",0.8990664482116699
The system shall be used within the specifications defined by the computers used by the Program Administrators/Nursing Staff Members.,"not about legal, law, or rules","not about legal, law, or rules",0.8913243412971497
The system shall operate within the Windows XP Professional operating system.,"not about legal, law, or rules","not about legal, law, or rules",0.9202144145965576
The system shall interface with CampusConnect’s central server,"not about legal, law, or rules","not about legal, law, or rules",0.9273049235343933
The system shall interface with the faculty central server.,"not about legal, law, or rules","not about legal, law, or rules",0.9320889711380005
The system shall interface with the student master server.,"not about legal, law, or rules","not about legal, law, or rules",0.9355154037475586
We must be able to interface with any HTML browser.,"not about legal, law, or rules","not about legal, law, or rules",0.932386577129364
Only authorized users shall have access to clinical site information.,"not about legal, law, or rules","not about legal, law, or rules",0.9304876923561096
Program Administrators/Nursing Staff Members are the only people who shall have access to clinical site details.,"not about legal, law, or rules","not about legal, law, or rules",0.8991053700447083
Only authorized users shall have access to students’ personal information.,"not about legal, law, or rules","not about legal, law, or rules",0.9245284199714661
Dr Susan Poslusny and Dr Julie Donalek are the only people who shall have access to students’ personal information.,"not about legal, law, or rules","not about legal, law, or rules",0.8907404541969299
Only authorized users shall have access to the portion of the system that interfaces with CampusConnect.,"not about legal, law, or rules","not about legal, law, or rules",0.9048017263412476
Fit Criterion: Dr Susan Poslusny and Karen Sysol are the only people who shall have access to the final class section scheduling for the system that interfaces with CampusConnect.,"not about legal, law, or rules","not about legal, law, or rules",0.8742460608482361
The system shall have basic data integrity checking to reduce the possibility of incorrect or invalid data being introduced.,"not about legal, law, or rules","not about legal, law, or rules",0.9001919627189636
The system shall protect private information in accordance with the organization’s information policy.,"not about legal, law, or rules","not about legal, law, or rules",0.9071448445320129
The system shall be built such that it is as secure as possible from malicious interference.,"not about legal, law, or rules","not about legal, law, or rules",0.9097065329551697
The system shall use the organization’s standard virus protection software to help monitor threats to itself.,"not about legal, law, or rules","not about legal, law, or rules",0.902412474155426
The Disputes application shall comply with the corporate standards for user interface creation for internally and externally used applications.,"not about legal, law, or rules","not about legal, law, or rules",0.9152608513832092
All screens created as part of the Disputes application must comply with corporate standards for interface creation.,"not about legal, law, or rules","not about legal, law, or rules",0.9131826758384705
The list of dispute cases that are displayed after a search is performed must be color coded for easy identification of dispute cases based upon the dispute case status.,"not about legal, law, or rules","not about legal, law, or rules",0.8894299864768982
100% of the cardmember and merchant services representatives shall use the Disputes application regularly after a 2-day training course.,"not about legal, law, or rules","not about legal, law, or rules",0.9030798673629761
100% of cardmember services representatives shall be able to successfully create a dispute case on the first encounter after completing the training course.,"not about legal, law, or rules","not about legal, law, or rules",0.9003978967666626
100% of merchant services representatives shall be able to successfully perform a follow up action on a dispute case on the first encounter after completing the training course.,"not about legal, law, or rules","not about legal, law, or rules",0.8964834213256836
The maximum wait time for a user navigating from one screen to another within the Disputes application shall be no more than 5 seconds.,"not about legal, law, or rules","not about legal, law, or rules",0.8999716639518738
The Disputes application shall support 350 concurrent users without any degradation of performance in the application.,"not about legal, law, or rules","not about legal, law, or rules",0.9146091938018799
 The Disputes application shall be available 24x7x365  with the exception of the following scheduled maintenance windows.  Monday – Saturday 3:00am to 4:00am EST Sunday 1:00amd to 5:00am EST,"not about legal, law, or rules","not about legal, law, or rules",0.881925106048584
The Disputes application shall interface with the Statement Database. The Statement Database provides the transaction details to the Disputes System. All transaction details must be obtained from the Statement Database,"not about legal, law, or rules","not about legal, law, or rules",0.8828367590904236
The Disputes application shall interface with the Cardmember Information Database.  The Cardmember Information Database provides detailed information with regard to a cardmember.  All cardmember detail information must be obtained from the Cardmember Information Database.,"not about legal, law, or rules","not about legal, law, or rules",0.8748674988746643
The Disputes applications shall interface with the Merchant Information Database.  The Merchant Information Database provides detailed information with regard to the merchant. All merchant detail information shall be obtained from the Merchant Information Database.,"not about legal, law, or rules","not about legal, law, or rules",0.8763887882232666
The Disputes application shall interface with the Letters application.  This will allow the Disputes application to request letters as part of the dispute initiation and dispute follow up process. All letter requests must be sent to the Print Letter Utility application.,"not about legal, law, or rules","not about legal, law, or rules",0.8769341707229614
The Disputes application shall interface with the Cardmember Posting and Billing System.  This will allow the Disputes application to request adjustments to cardmember and merchant’s accounts. All adjustment requests must be sent to the Cardmember Posting and Billing System.,"not about legal, law, or rules","not about legal, law, or rules",0.8733662366867065
The Disputes application shall ensure that only users with the appropriate access level are allowed to initiate dispute requests.,"not about legal, law, or rules","not about legal, law, or rules",0.9114172458648682
Only users with Update access must be able to initiate dispute requests.,"not about legal, law, or rules","not about legal, law, or rules",0.9307802319526672
The Disputes application shall ensure that only authorized users are allowed to logon to the application.,"not about legal, law, or rules","not about legal, law, or rules",0.9069188833236694
 All authorized users  once authenticated must be able to logon to the Disputes System,"not about legal, law, or rules","not about legal, law, or rules",0.9110478162765503
The Disputes System shall generate a User Report that details any new users that have been added and any changes to an existing user’s access level.  The report will be reviewed for auditing purposes.,"not about legal, law, or rules","not about legal, law, or rules",0.8853259086608887
All additions of new users and modifications to user’s access shall be recorded on the User Report.,"not about legal, law, or rules","not about legal, law, or rules",0.9077276587486267
 If a user account is revoked  it can only be re-instantiated by the System Administrator.,"not about legal, law, or rules","not about legal, law, or rules",0.9123250246047974
Only the System Administrator shall be able to reset a revoked user logon account,"not about legal, law, or rules","not about legal, law, or rules",0.9178179502487183
The Disputes application shall manipulate and view business data. Users will not have direct access to data files or databases.,"not about legal, law, or rules","not about legal, law, or rules",0.9041284322738647
All updates to data files or database must be initiated from the Disputes System.,"not about legal, law, or rules","not about legal, law, or rules",0.9146509766578674
The Disputes application must conform to the legal requirements as specified by the Merchant Operating Regulations.,"legal, law, or rules","not about legal, law, or rules",0.9107598066329956
All business rules specified in the Disputes System shall be in compliance with the Merchant Operating Regulations.,"legal, law, or rules","not about legal, law, or rules",0.9085938334465027
The Disputes application must conform to the legal requirements as specified by Regulation E and Regulation Z that govern credit card disputes processing.,"legal, law, or rules","not about legal, law, or rules",0.8959614038467407
All business rules specified in the Disputes System shall be in compliance to the guidelines of Regulation E and Regulation Z.,"legal, law, or rules","not about legal, law, or rules",0.8961076736450195
The Disputes application must maintain a detailed history of every action that a user takes on a dispute case.  This ensures a complete audit trail if questions arise later on with regard to a particular dispute case.,"legal, law, or rules","not about legal, law, or rules",0.8855754137039185
All actions that modify an existing dispute case must be recorded in the case history.,"legal, law, or rules","not about legal, law, or rules",0.9129626154899597
The product must support Internet Explorer 5.5 and above.,"not about legal, law, or rules","not about legal, law, or rules",0.9177347421646118
The product must support Mozilla Firefox 1.0 and above.,"not about legal, law, or rules","not about legal, law, or rules",0.919696033000946
The product shall interface with the Choice Parts System.  This provides the feed of recycled parts data.,"not about legal, law, or rules","not about legal, law, or rules",0.9130778908729553
The product shall run on the existing hardware for all environments.,"not about legal, law, or rules","not about legal, law, or rules",0.9298378825187683
The product shall adhere to the corporate Architecture guidelines,"not about legal, law, or rules","legal, law, or rules",0.9219282865524292
The product shall comply with corporate User Interface Guidelines,"not about legal, law, or rules","not about legal, law, or rules",0.9330487251281738
The product shall comply with corporate color scheme,"not about legal, law, or rules","not about legal, law, or rules",0.9264834523200989
The appearance of the product shall appear professional,"not about legal, law, or rules","not about legal, law, or rules",0.9284768104553223
The product shall be easy to use by Adjusters and Collision Estimators.  95% of Adjusters and Collision Estimators shall find the product easy to use.,"not about legal, law, or rules","not about legal, law, or rules",0.870060384273529
The product shall increase productivity of Collision Estimators. 80% of the Collision Estimators shall agree their productivity has increase within 1 month of using the product.,"not about legal, law, or rules","not about legal, law, or rules",0.8823949098587036
Users shall feel satisfied using the product.  85% of all users will be satisfied with the product.,"not about legal, law, or rules","not about legal, law, or rules",0.9030601382255554
The product shall be easy to learn by Adjusters and Collision Estimators.  The product shall be learned with two days onsite training,"not about legal, law, or rules","not about legal, law, or rules",0.8881468176841736
The user shall easily locate instructions while using the product.  User help can be found within 90% of the system.,"not about legal, law, or rules","not about legal, law, or rules",0.893805980682373
The search for recycled parts shall take no longer than 15 seconds.  The search results shall be returned in under 15 seconds.,"not about legal, law, or rules","not about legal, law, or rules",0.8959221839904785
The search for the preferred repair facility shall take no longer than 8 seconds.  The preferred repair facility is returned within 8 seconds,"not about legal, law, or rules","not about legal, law, or rules",0.9000121355056763
The recycled parts audit report shall be returned to the user within 10 seconds.  The audit report shall be returned within 10 seconds.,"not about legal, law, or rules","not about legal, law, or rules",0.8907877206802368
The preferred repair facility ratings shall be saved within 5 seconds. The save shall occur within 5 seconds.,"not about legal, law, or rules","not about legal, law, or rules",0.9005635380744934
The product shall adhere to the corporate online availability schedule.  The application is brought down only within 98% of the scheduled outages per the availability schedule.,"not about legal, law, or rules","not about legal, law, or rules",0.8920601010322571
The product shall achieve a 98% uptime. The product shall not fail more than 2% of the available online time.,"not about legal, law, or rules","not about legal, law, or rules",0.8995736837387085
The product shall be able to handle up to 1500 simultaneous users. The system shall perform with 1500 users as a time.,"not about legal, law, or rules","not about legal, law, or rules",0.8935695886611938
 The average number of recycled parts records per day shall be 50 000.,"not about legal, law, or rules","not about legal, law, or rules",0.9194938540458679
 The product shall be able to handle 10 000 concurrent users within 2 years of the initial launch.,"not about legal, law, or rules","not about legal, law, or rules",0.9088232517242432
 For estimators  the product shall be able to be operated in a repair facility during dirty and noisy conditions.,"not about legal, law, or rules","not about legal, law, or rules",0.8943737745285034
The product shall interface with the ChoiceParts system once per day at approximately 1:00 AM.,"not about legal, law, or rules","not about legal, law, or rules",0.9093475937843323
The maintenance of the product will fall within the established corporate maintenance windows.,"not about legal, law, or rules","not about legal, law, or rules",0.9125767946243286
The product shall be supported using the corporate support center.,"not about legal, law, or rules","not about legal, law, or rules",0.9284135103225708
Product installations and upgrades shall be handled by the middleware technology team within established launch time frames.,"not about legal, law, or rules","not about legal, law, or rules",0.8990735411643982
Only adjusters can request recycled parts audit reports. No users without an adjuster role shall request recycled parts audits.,"not about legal, law, or rules","not about legal, law, or rules",0.8978918790817261
Only adjusters with a supervisor role can update preferred repair facility ratings. Users without the supervisor role cannot access the repair facility ratings.,"not about legal, law, or rules","not about legal, law, or rules",0.8900095224380493
Only collision estimators shall search for recycled parts.  Users without the collision estimator role shall not have access to the search for recycled parts.,"not about legal, law, or rules","not about legal, law, or rules",0.8860776424407959
Only valid data shall be entered into the system.  No invalid data shall be entered into the system.,"not about legal, law, or rules","not about legal, law, or rules",0.8916780352592468
One insurance company shall not be able to view another insurance companys claim data.,"not about legal, law, or rules","not about legal, law, or rules",0.915570080280304
The product shall free of computer viruses.,"not about legal, law, or rules","legal, law, or rules",0.9332718849182129
The system shall prevent malicious attacks including denial of service.,"not about legal, law, or rules","not about legal, law, or rules",0.9399874210357666
The product must comply with Sarbanes-Oxley.,"legal, law, or rules","not about legal, law, or rules",0.9229563474655151
The product shall comply with the estimatics laws relating to recycled parts usage.,"legal, law, or rules","not about legal, law, or rules",0.9142065048217773
The product shall comply with insurance regulations regarding claims processing.,"legal, law, or rules","not about legal, law, or rules",0.9258686304092407
 The product must work with most database management systems (DBMS) on the market  whether the DBMS is colocated with the product on the same machine or is located on a different machine on the computer network.,"not about legal, law, or rules","not about legal, law, or rules",0.8759459853172302
The product will function alongside server software on any operating system where the Java runtime can be installed.,"not about legal, law, or rules","not about legal, law, or rules",0.9105092287063599
The product will require collaboration with a database management system (DBMS).  The DBMS may be located on the same machine as the product or on a separate machine residing on the same computer network.,"not about legal, law, or rules","not about legal, law, or rules",0.8823521137237549
 The product must make use of web/application server technology.  Open source examples include Apache web server  Tomcat  and the JBoss application server.,"not about legal, law, or rules","not about legal, law, or rules",0.8929204940795898
 A database management system such as Oracle  DB2  MySql or HSQL will need to be integrated with the product.,"not about legal, law, or rules","not about legal, law, or rules",0.9087871313095093
 The product’s Look and Feel shall be able to incorporate aspects of the customer’s organization such as logo  branding  and identity,"not about legal, law, or rules","not about legal, law, or rules",0.887494683265686
The product shall have a conservative and professional appearance.,"not about legal, law, or rules","not about legal, law, or rules",0.9280880689620972
The product shall make the users want to use it. 80% of the users surveyed report they are regularly using the product after the first 2 weeks post-launch.,"not about legal, law, or rules","not about legal, law, or rules",0.8827265501022339
The product shall be easy to use. 90% of users will be able to successfully reserve a conference room within 5 minutes of product use.,"not about legal, law, or rules","not about legal, law, or rules",0.890887975692749
The product shall give users feedback when necessary. 80% of the users surveyed report that the product accurately confirms their actions.,"not about legal, law, or rules","not about legal, law, or rules",0.9012088179588318
The product shall allow the user to select a chosen language from one of the target market countries.,"not about legal, law, or rules","not about legal, law, or rules",0.9061510562896729
The product shall allow for customization of start page and views preferences.,"not about legal, law, or rules","not about legal, law, or rules",0.9257419109344482
 An employee will be able to successfully use the product within a few minutes.  After informally navigating the product for less than 15 minutes  users shall be able to successfully setup meetings and reserve conference rooms.,"not about legal, law, or rules","not about legal, law, or rules",0.8763551712036133
The product shall use a standard navigation menu familiar to most web users.,"not about legal, law, or rules","not about legal, law, or rules",0.9222180843353271
The product shall allow for intuitive searching of available conference rooms.,"not about legal, law, or rules","not about legal, law, or rules",0.9263530373573303
The product shall conform to the Americans with Disabilities Act.,"not about legal, law, or rules","not about legal, law, or rules",0.9261747002601624
The response shall be fast enough to avoid interrupting the user’s flow of thought.  90% of tasks shall complete within 5 seconds.  98% of tasks shall complete within 8 seconds.,"not about legal, law, or rules","not about legal, law, or rules",0.8809682130813599
 Aside from server failure  the software product shall achieve 99.99% up time.,"not about legal, law, or rules","not about legal, law, or rules",0.9021961688995361
The product shall create an exception log of problems encountered within the product for transmission to our company for analysis and resolution.,"not about legal, law, or rules","not about legal, law, or rules",0.894489049911499
 The product shall be capable of handling up to 1 000 concurrent requests.  This number will increase to 2 000 by Release 2.  The concurrency capacity must be able to handle peak scheduling times such as early morning and late afternoon hours.,"not about legal, law, or rules","not about legal, law, or rules",0.8626864552497864
 The product shall be able to process 10 000 transactions per hour within two years of its launch.  This number will increase to 20 000 by Release 2.,"not about legal, law, or rules","not about legal, law, or rules",0.8877524733543396
The product shall be expected to operate for at least 5 years for each customer installation.,"not about legal, law, or rules","not about legal, law, or rules",0.9106216430664062
The product shall be used in office environments.,"not about legal, law, or rules","not about legal, law, or rules",0.9330299496650696
The product must be able to interface with any HTML browser.  The product shall transmit data between the user and the product without problems. The product shall display HTML properly in 80% of all HTML browsers tested (minimum is to test 8 browsers).,"not about legal, law, or rules","not about legal, law, or rules",0.8610414266586304
The product must be able to interface with various database management systems. The product shall communicate successfully with the database management system on 100% of all transactions.,"not about legal, law, or rules","not about legal, law, or rules",0.8870249390602112
The product must be able to interface with various email servers. The product shall be able to send email.,"not about legal, law, or rules","not about legal, law, or rules",0.8956535458564758
The product shall be available for distribution via the Internet as a binary or ZIP file.,"not about legal, law, or rules","not about legal, law, or rules",0.9110265970230103
The product shall be available for distribution as a packaged CD.,"not about legal, law, or rules","not about legal, law, or rules",0.9213615655899048
 The product will be available for licensing as a one-server  two-five servers  or five-or-more servers license.,"not about legal, law, or rules","not about legal, law, or rules",0.8965396881103516
A new user must be able to be added to the system within 10 minutes.  90% of new users are able to log into the system within 10 minutes.,"not about legal, law, or rules","not about legal, law, or rules",0.8813046813011169
The product must be designed using Design Patterns and coding best practices.  90% of maintenance software developers are able to integrate new functionality into the product with 2 working days.,"not about legal, law, or rules","not about legal, law, or rules",0.8824821710586548
The product must be highly configurable for use with various database management systems for the end users.  80% of end users are able to integrate new database management systems with the product without changing the product’s software code.,"not about legal, law, or rules","not about legal, law, or rules",0.8692716956138611
Maintenance releases will be offered to customers once a year.  The releases shall take no longer than 5 minutes for 80% of the customer base to install.,"not about legal, law, or rules","not about legal, law, or rules",0.8981375694274902
Every registered user will have access to the product’s support site via the Internet.  70% of registered users shall find a solution to their problem within 5 minutes of using the support site.,"not about legal, law, or rules","not about legal, law, or rules",0.879592776298523
The customer shall be able to easily integrate new building maps with the product throughout the product’s lifecycle.  Integration of new maps with the product shall be possible with little to no support from product support staff.,"not about legal, law, or rules","not about legal, law, or rules",0.8693313598632812
 The product shall be translated into foreign languages other than the target market countries’ languages in future releases.  For each emerging target market  it shall take no more than 5 days to configure the product for that market’s language.,"not about legal, law, or rules","not about legal, law, or rules",0.8769595623016357
 The product is expected to integrate with multiple database management systems.  The product will operate with Oracle  SQL Server  DB2  MySQL  HSQL  and MS Access.,"not about legal, law, or rules","not about legal, law, or rules",0.8909406661987305
The product shall be able to be installed in any operating environment within 2 days.,"not about legal, law, or rules","not about legal, law, or rules",0.9130218625068665
The product shall ensure that only company employees or external users with company-approved user IDs may have product access.  100% of all logons shall be by either company employees or external users with company-approved user IDs.,"not about legal, law, or rules","not about legal, law, or rules",0.8750202655792236
Only managers are able to perform search queries for reservations by user.  100% of all search queries for reservations by user shall be from logons of only management logons.,"not about legal, law, or rules","not about legal, law, or rules",0.8821242451667786
The product shall ensure that the database’s data corresponds to the data entered by the user.  Each conference room reservation in the system will contain the same information as was entered by the user.,"not about legal, law, or rules","not about legal, law, or rules",0.8676515221595764
The product shall prevent the input of malicious data.  The product and/or adjacent hardware/software systems’ data shall remain 100% uncorrupted each time malicious data is input into the product.,"not about legal, law, or rules","not about legal, law, or rules",0.8761531710624695
The product and/or dependent databases/filesystems shall remain operational as a result of the input of malicious data.  The product and/or dependent databases/filesystems shall not crash 100% of the time that malicious data is input into the product.,"not about legal, law, or rules","not about legal, law, or rules",0.8720137476921082
The product shall have the ability to receive automatic software updates as new threats emerge.  100% of customers will be able to receive automatic software updates transmitted to the installed product.,"not about legal, law, or rules","not about legal, law, or rules",0.8805121779441833
The language of the product shall accommodate all of the target market countries. 90% of survey respondents from each target market country will find that the language of the product is acceptable.,"not about legal, law, or rules","not about legal, law, or rules",0.8813461661338806
The product shall be able to display calendar dates and times according to the user’s locale.  90% of survey respondents from each target market country will find that the date and time formatting of the product is correct.,"not about legal, law, or rules","not about legal, law, or rules",0.8743147253990173
The product must be developed with the J2SE/J2EE programming language libraries,"not about legal, law, or rules","not about legal, law, or rules",0.913773238658905
Recreation of Inventory Quantity Adjustment for the period of previous 30 days shall take no more than 30min.,"not about legal, law, or rules","not about legal, law, or rules",0.9034724235534668
The System shall allow for a minimum of  6 users to work at the same time.,"not about legal, law, or rules","not about legal, law, or rules",0.9123067259788513
The System shall utilize currently owned computer equipment.,"not about legal, law, or rules","legal, law, or rules",0.9317139387130737
The System shall be able to automatically backup business data and restore them on demand.,"not about legal, law, or rules","not about legal, law, or rules",0.9082785248756409
The System shall maintain consistent security.  Any changes in user passwords and/or permissions should take affect in all parts of the System.,"not about legal, law, or rules","not about legal, law, or rules",0.8902308344841003
The System shall granularly control access rights to all major subsystems.  It should be possible to assign access rights to all subsystems independently.,"not about legal, law, or rules","not about legal, law, or rules",0.8829758763313293
The System shall meet all applicable accounting standards.  The final version of the System must successfully pass independent audit performed by a certified auditor.,"legal, law, or rules","not about legal, law, or rules",0.8919041752815247
The System shall not require additional third party licenses resulting in royalty fees.,"not about legal, law, or rules","not about legal, law, or rules",0.9258196949958801
Administrator shall be able to activate a pre-paid card via the Administration section in under 5 seconds.,"not about legal, law, or rules","not about legal, law, or rules",0.8964552879333496
 Customer shall be able to check the status of their prepaid card  by entering in the PIN number  in under 5 seconds.,"not about legal, law, or rules","not about legal, law, or rules",0.8956058025360107
System shall let customers register on the website as a “pay as you go” user in under 5 minutes.,"not about legal, law, or rules","not about legal, law, or rules",0.8933438062667847
System shall let customers register on the website as a “unlimited movie subscriber” user in under 10 minutes.,"not about legal, law, or rules","not about legal, law, or rules",0.9002704620361328
System shall let existing customers log into the website with their email address and password in under 5 seconds.,"not about legal, law, or rules","not about legal, law, or rules",0.906814455986023
 System shall let customers cancel their account  process shall take no longer than 2 minutes.  Database will mark the account as inactive  and user will not be able to log into the website.,"not about legal, law, or rules","not about legal, law, or rules",0.8875401020050049
System shall let administrator de-activate a customer account in under 1 minute. Customer will no longer be able to access the website.,"not about legal, law, or rules","not about legal, law, or rules",0.898131251335144
System shall let administrator add/remove movies on the website in under 5 minutes.  Entered movie information will be stored in the database and will now be available on the website.,"not about legal, law, or rules","not about legal, law, or rules",0.8859996199607849
System shall let the administrator add/remove categories on the website in under 5 minutes.,"not about legal, law, or rules","not about legal, law, or rules",0.9069393277168274
System shall let Izogn Manager access sales and usage statistics in under 2 minutes.,"not about legal, law, or rules","not about legal, law, or rules",0.9175664782524109
System shall let administrators generate unique pre-paid pins in under 2 minutes and generate an Excel file with the generated PINs.,"not about legal, law, or rules","not about legal, law, or rules",0.8944131731987
The website shall be attractive to all audiences.  The website shall appear to be fun and the colors should be bright and vibrant.,"not about legal, law, or rules","not about legal, law, or rules",0.8794735074043274
 The website should have an African feel  but should not alienate non-Africans.  The website should use animation on pages which are describing the services  to grab the users attention and encourage them to sign up.,"not about legal, law, or rules","not about legal, law, or rules",0.8771378993988037
 The website design should be modern  clean  and concise.,"not about legal, law, or rules","not about legal, law, or rules",0.9304752945899963
The product should be able to be used by 90% of novice users on the Internet.,"not about legal, law, or rules","not about legal, law, or rules",0.9002333283424377
 Users should only have to navigate through a maximum of 4 pages  to create an account with the website.,"not about legal, law, or rules","not about legal, law, or rules",0.904207170009613
Users should be able to access their streaming movies in under 2 clicks after logging into the website.,"not about legal, law, or rules","not about legal, law, or rules",0.9104345440864563
An anonymous survey will show that 70% of customers are comfortable purchasing streaming movies after 2 weeks using the website.,"not about legal, law, or rules","not about legal, law, or rules",0.9070127010345459
An anonymous survey will show that 95% of customers are comfortable using and purchasing pre-paid cards after a month of using the system.,"not about legal, law, or rules","not about legal, law, or rules",0.8974775671958923
The product shall retain the customer’s buying preferences and information.,"not about legal, law, or rules","not about legal, law, or rules",0.9189533591270447
The product shall be easy for customers with novice skills on the  Internet to purchase and watch streaming movies.  Customers should be able to purchase and watch a pre-determined movie in under 3 minutes.,"not about legal, law, or rules","not about legal, law, or rules",0.8698595762252808
The product shall use symbols and words that are naturally understandable by users familiar with websites,"not about legal, law, or rules","not about legal, law, or rules",0.9230695962905884
The website will use standard Internet conventions when interacting with the user.,"not about legal, law, or rules","not about legal, law, or rules",0.9168872833251953
 Any interface between a user and the automated system shall have a maximum response time of 5 seconds  unless noted by an exception below.,"not about legal, law, or rules","not about legal, law, or rules",0.8908308744430542
 When purchasing a streaming movie or pre-paid card via credit card  the processing time should have a maximum response time of 15 seconds.,"not about legal, law, or rules","not about legal, law, or rules",0.8946636319160461
 When streaming a movie  the buffering time should take no longer than 10 seconds (plus any latency on the user’s connection.),"not about legal, law, or rules","not about legal, law, or rules",0.8987126350402832
 While streaming a movie  buffering should only occur if there is latency in the user’s connection.,"not about legal, law, or rules","not about legal, law, or rules",0.9065560102462769
 All credit card information will be secured on the server  and only accessible by authorized Izogn administrators.  Information will be encrypted in the database.,"not about legal, law, or rules","not about legal, law, or rules",0.8886597156524658
 The website shall be available for use 24 hours per day  365 days per year.,"not about legal, law, or rules","not about legal, law, or rules",0.9148087501525879
The website shall achieve 99.5% up time.,"not about legal, law, or rules","not about legal, law, or rules",0.9183662533760071
 All movies shall be streamed on demand  at any time of the day.,"not about legal, law, or rules","not about legal, law, or rules",0.9280790686607361
The website shall continue to operate if the streaming server goes down.,"not about legal, law, or rules","not about legal, law, or rules",0.9226599931716919
The website shall continue to operate if the payment gateway goes down.,"not about legal, law, or rules","not about legal, law, or rules",0.9276258945465088
The streaming server will support 50 simultaneous streaming connections.,"not about legal, law, or rules","not about legal, law, or rules",0.926313042640686
The streaming server will support a maximum of 700 movies  new servers can be added to support more movies.,"not about legal, law, or rules","not about legal, law, or rules",0.9094187021255493
 The server will support a maximum of 1 000 simultaneous users.,"not about legal, law, or rules","not about legal, law, or rules",0.929376482963562
 The website shall be capable of supporting 100 000 customers.,"not about legal, law, or rules","not about legal, law, or rules",0.9243693351745605
The product shall be expected to operate within the maximum maintenance budget for a minimum of 2 years.,"not about legal, law, or rules","not about legal, law, or rules",0.9082139730453491
All aspects of the website shall be accessed by a web browser over the Internet.,"not about legal, law, or rules","not about legal, law, or rules",0.9091520309448242
The same hardware supporting the current website will be used to support the new system.,"not about legal, law, or rules","not about legal, law, or rules",0.912338137626648
 We must be able to interface with the following browsers: IE 5.X  6.0  Netscape 6.x  7.x  8.x and Firefox 1.0.,"not about legal, law, or rules","not about legal, law, or rules",0.8767322897911072
Website must interface with the CyberSource API to process credit card transactions.,"not about legal, law, or rules","not about legal, law, or rules",0.9215160012245178
Website must be fully operational with MSN TV2.,"not about legal, law, or rules","not about legal, law, or rules",0.9275801777839661
Movies shall be encoded and streamed via Windows Media Player 9.0.,"not about legal, law, or rules","not about legal, law, or rules",0.9163695573806763
Movies shall be encoded for 56k and 256k streams.,"not about legal, law, or rules","not about legal, law, or rules",0.9242724180221558
Promotional updates to the website should take a day to update.,"not about legal, law, or rules","not about legal, law, or rules",0.9108468890190125
Izogn Administrator must be able to update the category listings on the website within 2 minutes.,"not about legal, law, or rules","not about legal, law, or rules",0.9077365398406982
Izogn Administrator must be able to add new products to the website within 2 minutes.,"not about legal, law, or rules","not about legal, law, or rules",0.9104273319244385
The system will provide a 24 hour 800 toll free number for support to its customers.,"not about legal, law, or rules","not about legal, law, or rules",0.9177355766296387
The website will provide a help section with answers and solutions to common problems.,"not about legal, law, or rules","not about legal, law, or rules",0.9175549149513245
 Velkat staff will be available for phone support between 7am-7pm  M-F to provide technical support to the Izogn administrators.,"not about legal, law, or rules","not about legal, law, or rules",0.897254467010498
The product shall be able to be installed in the specified environment within 1 working day.,"not about legal, law, or rules","not about legal, law, or rules",0.9022762775421143
Only registered customers can purchase streaming movies.,"not about legal, law, or rules","legal, law, or rules",0.9377354979515076
 A customer can only stream a movie if they purchased it  and are within the 2 day viewing period.,"not about legal, law, or rules","not about legal, law, or rules",0.9090810418128967
Only authorized personnel can access customer records in the database.,"not about legal, law, or rules","not about legal, law, or rules",0.9229050874710083
Only administrators can activate a pre-paid card.,"not about legal, law, or rules","not about legal, law, or rules",0.9229549169540405
Only authorized personnel can access sales information.,"not about legal, law, or rules","legal, law, or rules",0.9287365078926086
The website shall prevent its data from being corrupted when incorrect data is entered in.,"not about legal, law, or rules","not about legal, law, or rules",0.9139105081558228
 The website shall protect itself from intentional abuse  and notify the administrator at all occurrences.,"not about legal, law, or rules","not about legal, law, or rules",0.9159677028656006
Data integrity scripts will be run on a weekly basis to verify the integrity of the database.,"not about legal, law, or rules","not about legal, law, or rules",0.8997946977615356
 The website shall make its user aware of its information practices before collection data from them via a Privacy Policy  accessible on all pages of the website.,"not about legal, law, or rules","not about legal, law, or rules",0.8979999423027039
The system shall notify customers of changes to its information policy.,"not about legal, law, or rules","not about legal, law, or rules",0.9237730503082275
The system shall reveal private information only in compliance with the organization’s information policy.,"not about legal, law, or rules","not about legal, law, or rules",0.9006509780883789
 All customer information will be stored on a secure database  accessible only to authorized personnel.,"not about legal, law, or rules","not about legal, law, or rules",0.9185876846313477
All credit card information will be encrypted in the database.,"not about legal, law, or rules","not about legal, law, or rules",0.9238033294677734
The streaming server will have anti-virus software to prevent infection of malicious viruses.,"not about legal, law, or rules","not about legal, law, or rules",0.9163176417350769
The website should cater to all tribes in Nigeria.,"not about legal, law, or rules","not about legal, law, or rules",0.9131267070770264
The website shall not be offensive to religious or ethnic groups.,"not about legal, law, or rules","not about legal, law, or rules",0.9329990744590759
 The website should appeal to all Africans  not only Nigerians.,"not about legal, law, or rules","not about legal, law, or rules",0.9220583438873291
The website should use Flash to provide animation on the home page.,"not about legal, law, or rules","not about legal, law, or rules",0.9161640405654907
IzognMovies shall meet the licensing requirements set forth by the appropriate organizations in order to stream African movies.,"legal, law, or rules","not about legal, law, or rules",0.8999049663543701
The website will comply with W3C standards.,"legal, law, or rules","not about legal, law, or rules",0.9299063086509705
The PHP code will comply with PEAR standards.,"legal, law, or rules","not about legal, law, or rules",0.9347496628761292
Total lead cycle time must be completed in 5 minutes for 90% of lead volume between the business hours of 8AM CST to 8PM CST  then 3 minutes for 99% of lead volume during off business hours.,"not about legal, law, or rules","not about legal, law, or rules",0.8719576001167297
No lead evaluation will complete in a time period longer than 25 seconds for 97% of all leads processed.,"not about legal, law, or rules","not about legal, law, or rules",0.9080684185028076
For leads that process longer than 25 seconds the system will record the event and duration,"not about legal, law, or rules","not about legal, law, or rules",0.9134182929992676
The process must fit within the processing time conditions set forth by the Auto Rep Assignment process in which a lead is assigned within 3 minutes of the total life cycle.,"not about legal, law, or rules","not about legal, law, or rules",0.8876011371612549
The lead washing process will operate within the established physical web service structure.,"not about legal, law, or rules","not about legal, law, or rules",0.9167779088020325
 The washing process must use a non binding  neutral data format  such as xml  when receiving and processing lead data.,"not about legal, law, or rules","not about legal, law, or rules",0.8970708847045898
Defect reports will be available to technical units on a 24x7 basis.,"not about legal, law, or rules","not about legal, law, or rules",0.9222820997238159
Washing parameters will be updated during scheduled maintenance hours.,"not about legal, law, or rules","not about legal, law, or rules",0.9319609999656677
The product shall simulate the look of ships at sea.,"not about legal, law, or rules","not about legal, law, or rules",0.9253607392311096
The product shall display the grids within a circle as a view from a periscope.,"not about legal, law, or rules","not about legal, law, or rules",0.9070035815238953
The product shall display each type of ship in a grid using an image of the specific type of ship.,"not about legal, law, or rules","not about legal, law, or rules",0.8998051881790161
 When the offensive player takes a shot  the product shall simulate the sound of a ship at sea.,"not about legal, law, or rules","not about legal, law, or rules",0.8962453603744507
 When a shot is marked as a miss  the product shall simulate the sound of a shot missing its target.,"not about legal, law, or rules","not about legal, law, or rules",0.8951196670532227
 When a shot is marked as a hit  the product shall simulate the sound of a shot hitting its target.,"not about legal, law, or rules","not about legal, law, or rules",0.8969845771789551
 When a ship is sunk  the product shall simulate the sound of a sinking ship.,"not about legal, law, or rules","not about legal, law, or rules",0.9024062156677246
 The product shall be available 24 hours per day  seven days per week.,"not about legal, law, or rules","not about legal, law, or rules",0.9232147336006165
The product shall able to handle a large number of games simultaneously.,"not about legal, law, or rules","not about legal, law, or rules",0.9255106449127197
The response time shall be fast enough to maintain the flow of the game.  The response time shall be no more than 2 seconds for 95% of responses and no more than 4% for the remaining responses.,"not about legal, law, or rules","not about legal, law, or rules",0.8794436454772949
The product shall protect the identity of the players. The product shall provide players no access to information that might reveal the identity of another player.,"not about legal, law, or rules","not about legal, law, or rules",0.8886493444442749
The product shall be intuitive and self-explanatory.  Nine out ten users shall be able to successfully complete a game with no training.,"not about legal, law, or rules","not about legal, law, or rules",0.8939422965049744
 The product shall be available to players who understand English  Spanish and French.  The product shall allow the user to select the language upon accessing the product.,"not about legal, law, or rules","not about legal, law, or rules",0.8835978507995605
The product shall provide players no access to information that might reveal the identity of another player,"not about legal, law, or rules","not about legal, law, or rules",0.905271053314209
The response time shall be fast enough to maintain the flow of the game. The response time shall be no more than 2 seconds for 95% of responses and no more than 4% for the remaining responses.,"not about legal, law, or rules","not about legal, law, or rules",0.8794436454772949
The system shall be easy to use by callers and supervisors. Callers and supervisors must be able to accomplish any system task within 2 minutes.,"not about legal, law, or rules","not about legal, law, or rules",0.8822774291038513
The system shall be easy to learn by callers and supervisors. Callers and supervisors shall learn how to use the system within 10 minutes.,"not about legal, law, or rules","not about legal, law, or rules",0.8840205073356628
 The system shall be responsive. At the DePaul TeleServices Center  when a supervisor uses the system to view a callers schedule  the system response time must be no more than 2 seconds 90% of the time and no more than 5 seconds the rest of the time.,"not about legal, law, or rules","not about legal, law, or rules",0.8568788766860962
 On a 56k connection  the system response time for all operations must be no more than 6 seconds 90% of the time.,"not about legal, law, or rules","not about legal, law, or rules",0.8969886898994446
 On a 112k connection or faster  the system response time for all operations must be no more than 3 seconds 90% of the time.,"not about legal, law, or rules","not about legal, law, or rules",0.8959702253341675
The system shall have high availability every day of the year.The system must be available for use between 12:00AM and 6:00PM all days of the year.,"not about legal, law, or rules","not about legal, law, or rules",0.887296736240387
The system must be available for use between 7:00AM and 11:59PM all days of the year.,"not about legal, law, or rules","not about legal, law, or rules",0.9054173827171326
The product shall be internet browser independent.The product must run using Internet Explorer and Netscape Navigator.,"not about legal, law, or rules","not about legal, law, or rules",0.9024837613105774
The product shall ensure that only supervisors can advertise empty time slots.The product must ensure that supervisors are allowed to access advertise empty time slots.,"not about legal, law, or rules","not about legal, law, or rules",0.882232666015625
The product shall ensure that only supervisors can enter a caller’s schedule.The product must ensure that supervisors are allowed to access advertise empty time slots.,"not about legal, law, or rules","not about legal, law, or rules",0.8857389688491821
The product shall ensure that only supervisors can view schedule of all callers.The product must ensure that supervisors are allowed to access advertise empty time slots.,"not about legal, law, or rules","not about legal, law, or rules",0.884924590587616
 The interface shall have a simple look. In the interface and usability survey  90% of beta testers must report that the interface is adequately simple.,"not about legal, law, or rules","not about legal, law, or rules",0.8993228077888489
 The interface shall be appealing to callers and supervisors. In the interface and usability survey  80% of beta testers must report that the interface is appealing.,"not about legal, law, or rules","not about legal, law, or rules",0.8995185494422913
The product shall provide GUI based Monitoring Services.System Administrators shall monitor message exchanges will predict and determine problems and will also provide internal and external support.,"not about legal, law, or rules","not about legal, law, or rules",0.8854879140853882
The product shall comply with City of Chicago Application Development Guide Framework.Application Development Framework will provide structured Graphical User Interface.,"not about legal, law, or rules","not about legal, law, or rules",0.8981269598007202
The product shall provide Monitoring Services.The product shall be easy for System Administrators and DBAs to use after two weeks of usage.,"not about legal, law, or rules","not about legal, law, or rules",0.8936666250228882
The product shall provide Error Tracking Services.The product shall help the System Administrators and DBAs to resolve transaction errors 99% of the time.,"not about legal, law, or rules","not about legal, law, or rules",0.8913220167160034
The product shall provide Portals.The product shall help System Administrators to analyze the transactions with ad-hoc reporting and KPIs (Key Performance Indicators),"not about legal, law, or rules","not about legal, law, or rules",0.87840735912323
The product shall provide Asynchronous Messaging.The product shall provide asynchronous messaging to enable parallel processing and reduce the overhead in communications,"not about legal, law, or rules","not about legal, law, or rules",0.8940469622612
The product shall provide Multi-threading and Load Balancing.The product shall provide multi-threading technology as well as load balancing to overcome data load spikes and traffic.,"not about legal, law, or rules","not about legal, law, or rules",0.8779775500297546
The product shall process messages within 2 seconds.The product shall have a maximum message processing time of 2 seconds,"not about legal, law, or rules","not about legal, law, or rules",0.9035131931304932
The product shall poll the system for messages every second.The product shall poll the system for new messages at a maximum of every 1 second.,"not about legal, law, or rules","not about legal, law, or rules",0.8868849873542786
The product shall provide Dynamic Change Support and Transparent resource addition.The product shall support Transparent Resource addition and Dynamic Change support to provide scalability and avoid service interruptions of more than 1 day.,"not about legal, law, or rules","not about legal, law, or rules",0.8726938366889954
The product shall be available 99% of the time. Rationale: To avoid service interruption during busiest customer service response periods. The product shall be available 99.99% of the time for regular business days.,"not about legal, law, or rules","not about legal, law, or rules",0.8760850429534912
The product shall be robust.The product shall have fault avoidance based on standards adoption.,"not about legal, law, or rules","not about legal, law, or rules",0.8996295928955078
The product shall be robust with fault tolerance.The product shall have fault tolerance by using recovery technique compensatory transaction and routing around failures.,"not about legal, law, or rules","not about legal, law, or rules",0.8969383239746094
The product shall be able to process all transactions.The product shall process minimum of 1 million transactions per year.,"not about legal, law, or rules","not about legal, law, or rules",0.8894052505493164
The product shall be platform independent.The product shall enable access to any type of development environment and platform.,"not about legal, law, or rules","not about legal, law, or rules",0.8899499773979187
The product shall interface CSR and Datastream.The product shall exchange messages between CSR and EAM on a real time basis without any direct interfaces between two systems.,"not about legal, law, or rules","not about legal, law, or rules",0.8860427141189575
 : The product shall continue to operate during upgrade  change or new resource addition.The product shall be able to continue to operate with no interruption in service due to new resource additions.,"not about legal, law, or rules","not about legal, law, or rules",0.8815685510635376
The product shall be updated on a regular basis.The product will have a new major feature introduced every six months and quarterly maintenance releases every six months.,"not about legal, law, or rules","not about legal, law, or rules",0.8885772228240967
The product shall operate with every platform.The product shall accommodate any new technology without any change in its architecture.,"not about legal, law, or rules","not about legal, law, or rules",0.8954480886459351
 The product shall have security.The product shall provide authentication  and authorization.,"not about legal, law, or rules","not about legal, law, or rules",0.910452127456665
The product shall information Security. The product shall enable privacy by encryption WS-Security and Integrity Checking.,"not about legal, law, or rules","not about legal, law, or rules",0.9033029675483704
The product shall have audit capabilities.The product shall store messages for a minimum of one year for audit and transaction tracking purposes.,"not about legal, law, or rules","not about legal, law, or rules",0.8928646445274353
The system shall use IBM and CCR branding standards. The interface must have one IBM logo and one CCR logo.,"not about legal, law, or rules","not about legal, law, or rules",0.8886566162109375
The system shall be displayable on any work computer a CCR user may have. The system interface shall be formatted to display at 800 by 600 pixel resolution.,"not about legal, law, or rules","not about legal, law, or rules",0.8948923945426941
The system interface will use CCR nomenclature. The system must use the same nomenclature used in the existing WCS system and reports,"not about legal, law, or rules","not about legal, law, or rules",0.8921808004379272
The interface must summarize the data in a fashion that’s appealing to CCR management. Every report type must have at least one high level summary shown in the results dashboard/interface,"not about legal, law, or rules","not about legal, law, or rules",0.8820406794548035
The system must use a point and click interface. 100% of all selection and navigation functionality must be able to be activated/selected by either a mouse or a keyboard,"not about legal, law, or rules","not about legal, law, or rules",0.8882572650909424
The interface shall be easy to use. 90% of users should be able to successfully use the system to generate a report on their first use. The interface should adhere to IBM usability standards.,"not about legal, law, or rules","not about legal, law, or rules",0.8774670362472534
Rreports must be easy to generate. eports must be generated within one button click and exported within one button click (after selecting the report),"not about legal, law, or rules","not about legal, law, or rules",0.8897239565849304
A user shall be able to use the system without instruction after a short amount of time. After one use a user should understand and remember 90% of the system usage and navigation.,"not about legal, law, or rules","not about legal, law, or rules",0.8747352957725525
All CCR users shall receive training before the WCS system is deployed. One training session will be held for 100% of CCR users before system deployment (based on a CCR user being available),"not about legal, law, or rules","not about legal, law, or rules",0.8845917582511902
The WCS system shall use appropriate nomenclature and terminology as defined by the Corporate Community Grants organization. All interfaces and reports will undergo usability tests by CCR users.,"not about legal, law, or rules","not about legal, law, or rules",0.8935690522193909
The WCS system shall be available at all times as long as IBM’s internal intranet W3 is accessible. The WCS system will be available 95% of the time IBM’s internal intranet W3 is available.,"not about legal, law, or rules","not about legal, law, or rules",0.8763125538825989
The WCS system shall have the ability to connect other designated WCS databases currently not included in the system.,"not about legal, law, or rules","not about legal, law, or rules",0.8991013765335083
The WCS system shall have the ability to include data for regions outside the United States and be accessed by users outside of the United States if approved by CCR management.,"not about legal, law, or rules","not about legal, law, or rules",0.8869772553443909
The WCS system shall be run in a Windows environment. The WCS shall be accessed by users through the Internet on an IBM computer running a Windows 2000 or above operating system.,"not about legal, law, or rules","not about legal, law, or rules",0.8877599239349365
The Brio portion of the WCS system must be able to export files in spreadsheet form (Microsoft Excel and Lotus 1-2-3 formats).  Brio will provide buttons in the user interface that produce/export reports in .xls or .123 file formats.,"not about legal, law, or rules","not about legal, law, or rules",0.8677079081535339
The WCS system must run queries to the WCS databases once again (on a specified day) to update the available data available to CCR users. Queries must be made to external databases for data refresh once a week.,"not about legal, law, or rules","not about legal, law, or rules",0.8728060722351074
 All changes  updates  and additions to the WCS system shall be updated in the WCS Developer and WCS User Guides. Every change must be reflected in WCS system documentation,"not about legal, law, or rules","not about legal, law, or rules",0.8685195446014404
The system shall only be accessed by authorized Corporate Community Grants (CCR) employees. Users must be authenticated using their IBM intranet user name and password.,"not about legal, law, or rules","not about legal, law, or rules",0.8923913240432739
The WCS system shall not allow automatic logins by any user. Cookies containing WCS login information about a user will not be stored on a user’s computer.,"not about legal, law, or rules","not about legal, law, or rules",0.8983116149902344
Each team owner will need to use a username and password in order to be authenticated to reach the team owner’s page,"not about legal, law, or rules","not about legal, law, or rules",0.8792235255241394
The Commissioner will be the only authorized user per league to adjust league settings.,"not about legal, law, or rules","not about legal, law, or rules",0.9163220524787903
Each page shall contain a navigation menu which shows the index into which the current page is contained.,"not about legal, law, or rules","not about legal, law, or rules",0.9018791913986206
Each page shall contain a similar format with action items in one location and navigation buttons in a different location.,"not about legal, law, or rules","not about legal, law, or rules",0.8954418897628784
The message board shall contain the 5 most recently posted messages on the league page. The messages will contain up to the first 150 characters of the message.,"not about legal, law, or rules","not about legal, law, or rules",0.8897345662117004
;A new user shall be able to navigate through the league and team pages within 30 seconds of reaching the start-up page.,"not about legal, law, or rules","not about legal, law, or rules",0.8972272872924805
Users shall be able to reach the ‘add’  ‘drop’  and ‘trade player’ pages with one click from the team owner’s page.,"not about legal, law, or rules","not about legal, law, or rules",0.8905953764915466
;Users shall be able to view at least 25 NFL player statistics and points on each page.,"not about legal, law, or rules","not about legal, law, or rules",0.9002211093902588
The application shall ask the user to confirm dropping a player or trading a player before performing the action.,"not about legal, law, or rules","not about legal, law, or rules",0.9021462202072144
The application shall be able to complete every user transaction within one fourth of a second of receiving the request over the network.,"not about legal, law, or rules","not about legal, law, or rules",0.8965501189231873
The application shall have a downtime of at most 10 minutes per year.,"not about legal, law, or rules","not about legal, law, or rules",0.9181551337242126
The application shall run on a web application server.,"not about legal, law, or rules","not about legal, law, or rules",0.9261552691459656
A primary database will be used to store cached data for active users.,"not about legal, law, or rules","not about legal, law, or rules",0.927754819393158
A secondary database will be used to store historical statistics and data.,"not about legal, law, or rules","not about legal, law, or rules",0.9182028770446777
Application updates shall occur between 3AM and 6 AM CST on Wednesday morning during the middle of the NFL season.,"not about legal, law, or rules","not about legal, law, or rules",0.9004478454589844
New System version releases shall be released at the beginning of each NFL season.,"not about legal, law, or rules","not about legal, law, or rules",0.9179172515869141
The RFS system should be available 24/7  especially during the budgeting period. The RFS system shall be available 90% of the time all year  and 98% during the budgeting period. 2% of the time  the system will become available within 1 hour of the time that the situation is reported.,"not about legal, law, or rules","not about legal, law, or rules",0.848635196685791
98% of the user workstations shall meet the minimum hardware requirements prior to implementation. Minimum Hard Disk Space:  400MB.,"not about legal, law, or rules","not about legal, law, or rules",0.9009749889373779
98% of the user workstations shall meet the minimum software requirements prior to implementation: Microsoft Internet Explorer 5.0. Microsoft .NET Framework 1.1. Microsoft Internet Explorer Web Controls,"not about legal, law, or rules","not about legal, law, or rules",0.8742432594299316
The RFS system should be able to easily interface with the BDW environment  in order to load the data. •;7 data files shall be received from the BDW and loaded into the RFS system within 3 hours one day prior to the start of budgeting process  every year. The data will be as of October month-end. ;Test files (7) shall be loaded up to 5 times throughout the year  from the BDW.,"not about legal, law, or rules","not about legal, law, or rules",0.8424388766288757
Changes to revenue and expense formulae must be applied to the RFS system  every year  prior to the budgeting process start. Revenue and expense formulae will be updated within one week of their receipt  after which 2 weeks will be allotted to testing of the budget calculations  to be conducted jointly by the project development team and PCG Finance.,"not about legal, law, or rules","not about legal, law, or rules",0.8514592051506042
New branches/complexes/districts/regions and revenue/expense accounts added to the BDW  must be reflected in the RFS system. 100% of the entities (mentioned above) available as of October month-end  will be loaded into the RFS system  prior to the budget start process.,"not about legal, law, or rules","not about legal, law, or rules",0.8522196412086487
Only authorized user shall access the RFS system. ONLY users that exist in the UAS system  with the RFS system assigned to their role(s)  shall access the RFS system and use it.,"not about legal, law, or rules","not about legal, law, or rules",0.8535123467445374
;User access should be limited to the permissions granted to their role(s) Each level in the PCG hierarchy will be assigned a role and users will be assigned to these roles. Access to functionality within RFS system is dependent on the privileges/permission assigned to the role..,"not about legal, law, or rules","not about legal, law, or rules",0.8579530119895935
The product must comply with the intranet page standards and requirements of ENET Securities. 95% of the product look & feel will be approved by the Architecture group  prior to implementation. The remaining 5% will be corrected and approved within one month of product release.,"not about legal, law, or rules","not about legal, law, or rules",0.8634222745895386
 The intranet pages should display appropriately in all resolutions  from 800x600 and higher. The display of all the pages will be correct in 95% of the resolutions  prior to implementation. The remaining 5% will be corrected within a week of notification of the incorrect display.,"not about legal, law, or rules","not about legal, law, or rules",0.8698093891143799
The users should be able to easily use the system to successfully complete their budgets  within the stipulated time for completion. With a week of training prior to product implementation  98% of the users shall complete their budgets within the stipulated time.,"not about legal, law, or rules","not about legal, law, or rules",0.872837245464325
The product interface should be fast. The response time of the product interface should not exceed 2 seconds 90% of the time. For 10% of the time  the response time should not be more than 10 seconds.not be more than 10 seconds.,"not about legal, law, or rules","not about legal, law, or rules",0.8656439781188965
