Requirement text,Gold label,Predicated label,ZSL score
The system shall refresh the display every 60 seconds.,not about security,not about security,0.489327073097229
The application shall match the color of the schema set forth by Department of Homeland Security,not about security,not about security,0.33429598808288574
 If projected  the data must be readable.  On a 10x10 projection screen  90% of viewers must be able to read Event / Activity data from a viewing distance of 30,not about security,not about security,0.3922053277492523
 The product shall be available during normal business hours. As long as the user has access to the client PC  the system will be available 99% of the time during the first six months of operation.,not about security,not about security,0.39882147312164307
 If projected  the data must be understandable. On a 10x10 projection screen  90% of viewers must be able to determine that Events or Activities are occuring in current time from a viewing distance of 100,not about security,not about security,0.35860592126846313
The product shall ensure that it can only be accessed by authorized users.  The product will be able to distinguish between authorized and unauthorized users in all access attempts,security,not about security,0.4157581031322479
The product shall be intuitive and self-explanatory.  :  90% of new users shall be able to start the display of Events or Activities within 90 minutes of using the product.,not about security,not about security,0.3290484845638275
The product shall respond fast to keep up-to-date data in the display.,not about security,not about security,0.41503655910491943
The look and feel of the system shall conform to the user interface standards of the smart device.,not about security,not about security,0.33407315611839294
 The user interface shall have standard menus  buttons for navigation,not about security,not about security,0.464897096157074
The system shall have a professional appearance,not about security,not about security,0.5120965242385864
The product shall have a consistent color scheme and fonts.,not about security,not about security,0.4111301302909851
The system shall be used by realtors with no training.,not about security,not about security,0.492637038230896
The system shall be intuitive and self explanatory.,not about security,not about security,0.47044819593429565
The product shall be easy for a realtor to learn.,not about security,not about security,0.4674491584300995
The product shall use symbols and words that are naturally understandable by the realtor community.,not about security,not about security,0.3444445729255676
The product shall produce search results in an acceptable time,not about security,not about security,0.4838312268257141
The search results shall be returned no later 30      seconds  after the user has entered the search criteria,not about security,not about security,0.3208600878715515
The product shall generate a CMA report in an acceptable time.,not about security,not about security,0.4434279203414917
The CMA report shall be returned no later 60 seconds after the user has entered the CMA report criteria.,not about security,not about security,0.359163761138916
The product shall synchronize contacts and appointments in an acceptable time.,not about security,not about security,0.4375019669532776
The product shall synchronize with the office system every hour.,not about security,not about security,0.4881276786327362
 The product shall be available for use 24 hours per day  365 days  per year,not about security,not about security,0.45905032753944397
 Out of 1000 accesses to the system  the system is available 999 times.,not about security,not about security,0.3665933310985565
The product shall operate in offline mode whenever internet connection is unavailable.,not about security,not about security,0.4849231243133545
 The product shall allow the user to view previously downloaded search results  CMA reports  and appointments.,not about security,not about security,0.33927014470100403
The product shall retain user preferences in the event of a failure.,not about security,not about security,0.4169272184371948
100% of saved user preferences shall be restored when system comes back online.,not about security,not about security,0.419333815574646
The product shall be able to support multiple remote users,not about security,not about security,0.5049939155578613
The product shall be able support 1000 simultaneous users.,not about security,not about security,0.468015193939209
The product shall be capable of handling the existing 1000 users. This number is expected to grow 5 times within the next year.,not about security,not about security,0.4251531958580017
The product shall be installed by an untrained realtor   without recourse to separately-printed instructions.,not about security,not about security,0.3065057396888733
90% of untrained realtors shall be able to install the product on their device without printed instructions,not about security,not about security,0.3911479115486145
The product is expected to run on Windows CE and Palm operating systems.,not about security,not about security,0.3770148456096649
Only registered realtors shall be able to access the system.,security,not about security,0.48368844389915466
Every user of the system shall be authenticated and authorized.,security,not about security,0.40256819128990173
The product shall prevent its data from incorrect data being introduced.,security,not about security,0.5111940503120422
The system shall be easy to use by the Program Administrators/Nursing Staff Members.,not about security,not about security,0.3338339328765869
All of the users shall be able to use the system after one day of training.,not about security,not about security,0.41673046350479126
The system shall help the user avoid making mistakes while scheduling classes and clinicals for the nursing students.,not about security,not about security,0.3660706877708435
The number of mistakes noted by the students shall be decreased by 50% in the first year.,not about security,not about security,0.3655778467655182
The system shall be intuitive to the Program Administrators/Nursing Staff Members.,not about security,not about security,0.3087649643421173
2 out of 3 Program Administrators/Nursing Staff Members shall successfully be able to use the system to manage the scheduling of classes and clinicals.,not about security,not about security,0.3174530267715454
The system shall use symbols and words that are naturally understandable by the user community.,not about security,not about security,0.3950108587741852
The verbiage used within the system shall be consistent with Standard English and the terminology of the national Nursing Community.,not about security,not about security,0.2590811252593994
Staff members shall be able to complete a set of tasks in a timely manner.,not about security,not about security,0.3640595078468323
The response time of general student management tasks shall take no longer than 5 seconds and the response time of schedule generation shall take no longer than 30 seconds.,not about security,not about security,0.37792038917541504
The system shall be available for use between the hours of 8am and 6pm.,not about security,not about security,0.4333105683326721
The system shall achieve 95% up time.,not about security,not about security,0.5189587473869324
system shall be able to handle all of the user requests/usage during business hours.,not about security,not about security,0.4579881727695465
The system shall cater to 10 simultaneous users from 9am to 5pm.,not about security,not about security,0.4293520450592041
The system shall be capable of processing 100% of nursing students and their classes for the next 10 years.,not about security,not about security,0.3851500153541565
The system shall be expected to manage the nursing program curriculum and class/clinical scheduling for a minimum of 5 years.,not about security,not about security,0.3352240324020386
The system shall able to operate within a business office environment typical of the Nursing Department at DePaul University.,not about security,not about security,0.28908267617225647
The system shall be used within the specifications defined by the computers used by the Program Administrators/Nursing Staff Members.,not about security,not about security,0.3060050904750824
The system shall operate within the Windows XP Professional operating system.,not about security,not about security,0.40286535024642944
The system shall interface with CampusConnect’s central server,not about security,not about security,0.44244444370269775
The system shall interface with the faculty central server.,not about security,not about security,0.4338483214378357
The system shall interface with the student master server.,not about security,not about security,0.44935905933380127
We must be able to interface with any HTML browser.,not about security,not about security,0.4898509979248047
Only authorized users shall have access to clinical site information.,security,not about security,0.4724496304988861
Program Administrators/Nursing Staff Members are the only people who shall have access to clinical site details.,security,not about security,0.3597767949104309
Only authorized users shall have access to students’ personal information.,security,not about security,0.4606923460960388
Dr Susan Poslusny and Dr Julie Donalek are the only people who shall have access to students’ personal information.,security,not about security,0.3106769323348999
Only authorized users shall have access to the portion of the system that interfaces with CampusConnect.,security,not about security,0.35792404413223267
Fit Criterion: Dr Susan Poslusny and Karen Sysol are the only people who shall have access to the final class section scheduling for the system that interfaces with CampusConnect.,security,security,0.2966851592063904
The system shall have basic data integrity checking to reduce the possibility of incorrect or invalid data being introduced.,security,not about security,0.37411803007125854
The system shall protect private information in accordance with the organization’s information policy.,security,not about security,0.4018702805042267
The system shall be built such that it is as secure as possible from malicious interference.,security,not about security,0.39392316341400146
The system shall use the organization’s standard virus protection software to help monitor threats to itself.,security,not about security,0.3740501403808594
The Disputes application shall comply with the corporate standards for user interface creation for internally and externally used applications.,not about security,security,0.3126952648162842
All screens created as part of the Disputes application must comply with corporate standards for interface creation.,not about security,not about security,0.34219250082969666
The list of dispute cases that are displayed after a search is performed must be color coded for easy identification of dispute cases based upon the dispute case status.,not about security,not about security,0.3240971267223358
100% of the cardmember and merchant services representatives shall use the Disputes application regularly after a 2-day training course.,not about security,not about security,0.3208562433719635
100% of cardmember services representatives shall be able to successfully create a dispute case on the first encounter after completing the training course.,not about security,not about security,0.3264011740684509
100% of merchant services representatives shall be able to successfully perform a follow up action on a dispute case on the first encounter after completing the training course.,not about security,not about security,0.3487650156021118
The maximum wait time for a user navigating from one screen to another within the Disputes application shall be no more than 5 seconds.,not about security,not about security,0.4298489987850189
The Disputes application shall support 350 concurrent users without any degradation of performance in the application.,not about security,not about security,0.34657204151153564
 The Disputes application shall be available 24x7x365  with the exception of the following scheduled maintenance windows.  Monday – Saturday 3:00am to 4:00am EST Sunday 1:00amd to 5:00am EST,not about security,not about security,0.37638136744499207
The Disputes application shall interface with the Statement Database. The Statement Database provides the transaction details to the Disputes System. All transaction details must be obtained from the Statement Database,not about security,security,0.3351916968822479
The Disputes application shall interface with the Cardmember Information Database.  The Cardmember Information Database provides detailed information with regard to a cardmember.  All cardmember detail information must be obtained from the Cardmember Information Database.,not about security,security,0.2655521631240845
The Disputes applications shall interface with the Merchant Information Database.  The Merchant Information Database provides detailed information with regard to the merchant. All merchant detail information shall be obtained from the Merchant Information Database.,not about security,security,0.2554873824119568
The Disputes application shall interface with the Letters application.  This will allow the Disputes application to request letters as part of the dispute initiation and dispute follow up process. All letter requests must be sent to the Print Letter Utility application.,not about security,not about security,0.32832252979278564
The Disputes application shall interface with the Cardmember Posting and Billing System.  This will allow the Disputes application to request adjustments to cardmember and merchant’s accounts. All adjustment requests must be sent to the Cardmember Posting and Billing System.,not about security,not about security,0.3309684097766876
The Disputes application shall ensure that only users with the appropriate access level are allowed to initiate dispute requests.,security,not about security,0.35320374369621277
Only users with Update access must be able to initiate dispute requests.,security,not about security,0.48491212725639343
The Disputes application shall ensure that only authorized users are allowed to logon to the application.,security,not about security,0.34607887268066406
 All authorized users  once authenticated must be able to logon to the Disputes System,security,not about security,0.37143540382385254
The Disputes System shall generate a User Report that details any new users that have been added and any changes to an existing user’s access level.  The report will be reviewed for auditing purposes.,security,not about security,0.38803553581237793
All additions of new users and modifications to user’s access shall be recorded on the User Report.,security,not about security,0.3542775511741638
 If a user account is revoked  it can only be re-instantiated by the System Administrator.,security,not about security,0.42022860050201416
Only the System Administrator shall be able to reset a revoked user logon account,security,not about security,0.39287349581718445
The Disputes application shall manipulate and view business data. Users will not have direct access to data files or databases.,security,not about security,0.4543377161026001
All updates to data files or database must be initiated from the Disputes System.,security,not about security,0.397158682346344
The Disputes application must conform to the legal requirements as specified by the Merchant Operating Regulations.,not about security,security,0.23855678737163544
All business rules specified in the Disputes System shall be in compliance with the Merchant Operating Regulations.,not about security,security,0.24723520874977112
The Disputes application must conform to the legal requirements as specified by Regulation E and Regulation Z that govern credit card disputes processing.,not about security,not about security,0.2576090395450592
All business rules specified in the Disputes System shall be in compliance to the guidelines of Regulation E and Regulation Z.,not about security,not about security,0.2530696392059326
The Disputes application must maintain a detailed history of every action that a user takes on a dispute case.  This ensures a complete audit trail if questions arise later on with regard to a particular dispute case.,not about security,not about security,0.33073890209198
All actions that modify an existing dispute case must be recorded in the case history.,not about security,not about security,0.3744020164012909
The product must support Internet Explorer 5.5 and above.,not about security,not about security,0.5384787321090698
The product must support Mozilla Firefox 1.0 and above.,not about security,not about security,0.4709797501564026
The product shall interface with the Choice Parts System.  This provides the feed of recycled parts data.,not about security,not about security,0.41636282205581665
The product shall run on the existing hardware for all environments.,not about security,not about security,0.45350736379623413
The product shall adhere to the corporate Architecture guidelines,not about security,not about security,0.33194273710250854
The product shall comply with corporate User Interface Guidelines,not about security,not about security,0.3329968750476837
The product shall comply with corporate color scheme,not about security,not about security,0.448137104511261
The appearance of the product shall appear professional,not about security,not about security,0.47424501180648804
The product shall be easy to use by Adjusters and Collision Estimators.  95% of Adjusters and Collision Estimators shall find the product easy to use.,not about security,not about security,0.32449525594711304
The product shall increase productivity of Collision Estimators. 80% of the Collision Estimators shall agree their productivity has increase within 1 month of using the product.,not about security,not about security,0.3627667725086212
Users shall feel satisfied using the product.  85% of all users will be satisfied with the product.,not about security,not about security,0.4195913076400757
The product shall be easy to learn by Adjusters and Collision Estimators.  The product shall be learned with two days onsite training,not about security,not about security,0.3612474203109741
The user shall easily locate instructions while using the product.  User help can be found within 90% of the system.,not about security,not about security,0.43143516778945923
The search for recycled parts shall take no longer than 15 seconds.  The search results shall be returned in under 15 seconds.,not about security,not about security,0.43402260541915894
The search for the preferred repair facility shall take no longer than 8 seconds.  The preferred repair facility is returned within 8 seconds,not about security,not about security,0.3999563157558441
The recycled parts audit report shall be returned to the user within 10 seconds.  The audit report shall be returned within 10 seconds.,not about security,not about security,0.36046120524406433
The preferred repair facility ratings shall be saved within 5 seconds. The save shall occur within 5 seconds.,not about security,not about security,0.41094037890434265
The product shall adhere to the corporate online availability schedule.  The application is brought down only within 98% of the scheduled outages per the availability schedule.,not about security,not about security,0.3463747501373291
The product shall achieve a 98% uptime. The product shall not fail more than 2% of the available online time.,not about security,not about security,0.40395587682724
The product shall be able to handle up to 1500 simultaneous users. The system shall perform with 1500 users as a time.,not about security,not about security,0.40541407465934753
 The average number of recycled parts records per day shall be 50 000.,not about security,not about security,0.3989183008670807
 The product shall be able to handle 10 000 concurrent users within 2 years of the initial launch.,not about security,not about security,0.3771305978298187
 For estimators  the product shall be able to be operated in a repair facility during dirty and noisy conditions.,not about security,not about security,0.2700817286968231
The product shall interface with the ChoiceParts system once per day at approximately 1:00 AM.,not about security,not about security,0.4363187253475189
The maintenance of the product will fall within the established corporate maintenance windows.,not about security,not about security,0.29314714670181274
The product shall be supported using the corporate support center.,not about security,not about security,0.45956796407699585
Product installations and upgrades shall be handled by the middleware technology team within established launch time frames.,not about security,not about security,0.34207043051719666
Only adjusters can request recycled parts audit reports. No users without an adjuster role shall request recycled parts audits.,security,not about security,0.357644259929657
Only adjusters with a supervisor role can update preferred repair facility ratings. Users without the supervisor role cannot access the repair facility ratings.,security,not about security,0.3480580151081085
Only collision estimators shall search for recycled parts.  Users without the collision estimator role shall not have access to the search for recycled parts.,security,not about security,0.3435424864292145
Only valid data shall be entered into the system.  No invalid data shall be entered into the system.,security,not about security,0.4248232841491699
One insurance company shall not be able to view another insurance companys claim data.,security,not about security,0.38899192214012146
The product shall free of computer viruses.,security,not about security,0.49223124980926514
The system shall prevent malicious attacks including denial of service.,security,not about security,0.40437304973602295
The product must comply with Sarbanes-Oxley.,not about security,not about security,0.3945781886577606
The product shall comply with the estimatics laws relating to recycled parts usage.,not about security,not about security,0.29255491495132446
The product shall comply with insurance regulations regarding claims processing.,not about security,security,0.3908781111240387
 The product must work with most database management systems (DBMS) on the market  whether the DBMS is colocated with the product on the same machine or is located on a different machine on the computer network.,not about security,security,0.34037765860557556
The product will function alongside server software on any operating system where the Java runtime can be installed.,not about security,not about security,0.4087556004524231
The product will require collaboration with a database management system (DBMS).  The DBMS may be located on the same machine as the product or on a separate machine residing on the same computer network.,not about security,not about security,0.3227354884147644
 The product must make use of web/application server technology.  Open source examples include Apache web server  Tomcat  and the JBoss application server.,not about security,security,0.3180693984031677
 A database management system such as Oracle  DB2  MySql or HSQL will need to be integrated with the product.,not about security,not about security,0.2952178418636322
 The product’s Look and Feel shall be able to incorporate aspects of the customer’s organization such as logo  branding  and identity,not about security,security,0.32750773429870605
The product shall have a conservative and professional appearance.,not about security,not about security,0.39879366755485535
The product shall make the users want to use it. 80% of the users surveyed report they are regularly using the product after the first 2 weeks post-launch.,not about security,not about security,0.3660293519496918
The product shall be easy to use. 90% of users will be able to successfully reserve a conference room within 5 minutes of product use.,not about security,not about security,0.39925694465637207
The product shall give users feedback when necessary. 80% of the users surveyed report that the product accurately confirms their actions.,not about security,not about security,0.36875393986701965
The product shall allow the user to select a chosen language from one of the target market countries.,not about security,not about security,0.3961416482925415
The product shall allow for customization of start page and views preferences.,not about security,not about security,0.4357817769050598
 An employee will be able to successfully use the product within a few minutes.  After informally navigating the product for less than 15 minutes  users shall be able to successfully setup meetings and reserve conference rooms.,not about security,not about security,0.34516438841819763
The product shall use a standard navigation menu familiar to most web users.,not about security,not about security,0.4602887034416199
The product shall allow for intuitive searching of available conference rooms.,not about security,not about security,0.454377681016922
The product shall conform to the Americans with Disabilities Act.,not about security,security,0.3202671706676483
The response shall be fast enough to avoid interrupting the user’s flow of thought.  90% of tasks shall complete within 5 seconds.  98% of tasks shall complete within 8 seconds.,not about security,not about security,0.37626639008522034
 Aside from server failure  the software product shall achieve 99.99% up time.,not about security,not about security,0.4236454963684082
The product shall create an exception log of problems encountered within the product for transmission to our company for analysis and resolution.,not about security,not about security,0.36289268732070923
 The product shall be capable of handling up to 1 000 concurrent requests.  This number will increase to 2 000 by Release 2.  The concurrency capacity must be able to handle peak scheduling times such as early morning and late afternoon hours.,not about security,not about security,0.37002864480018616
 The product shall be able to process 10 000 transactions per hour within two years of its launch.  This number will increase to 20 000 by Release 2.,not about security,not about security,0.41044676303863525
The product shall be expected to operate for at least 5 years for each customer installation.,not about security,not about security,0.43595239520072937
The product shall be used in office environments.,not about security,not about security,0.4703025221824646
The product must be able to interface with any HTML browser.  The product shall transmit data between the user and the product without problems. The product shall display HTML properly in 80% of all HTML browsers tested (minimum is to test 8 browsers).,not about security,not about security,0.3663052022457123
The product must be able to interface with various database management systems. The product shall communicate successfully with the database management system on 100% of all transactions.,not about security,not about security,0.40150749683380127
The product must be able to interface with various email servers. The product shall be able to send email.,not about security,not about security,0.4421916902065277
The product shall be available for distribution via the Internet as a binary or ZIP file.,not about security,not about security,0.3459188640117645
The product shall be available for distribution as a packaged CD.,not about security,not about security,0.37054264545440674
 The product will be available for licensing as a one-server  two-five servers  or five-or-more servers license.,not about security,not about security,0.34354883432388306
A new user must be able to be added to the system within 10 minutes.  90% of new users are able to log into the system within 10 minutes.,not about security,not about security,0.39978089928627014
The product must be designed using Design Patterns and coding best practices.  90% of maintenance software developers are able to integrate new functionality into the product with 2 working days.,not about security,not about security,0.38505762815475464
The product must be highly configurable for use with various database management systems for the end users.  80% of end users are able to integrate new database management systems with the product without changing the product’s software code.,not about security,not about security,0.3833259344100952
Maintenance releases will be offered to customers once a year.  The releases shall take no longer than 5 minutes for 80% of the customer base to install.,not about security,not about security,0.41830071806907654
Every registered user will have access to the product’s support site via the Internet.  70% of registered users shall find a solution to their problem within 5 minutes of using the support site.,not about security,not about security,0.41708940267562866
The customer shall be able to easily integrate new building maps with the product throughout the product’s lifecycle.  Integration of new maps with the product shall be possible with little to no support from product support staff.,not about security,not about security,0.36031225323677063
 The product shall be translated into foreign languages other than the target market countries’ languages in future releases.  For each emerging target market  it shall take no more than 5 days to configure the product for that market’s language.,not about security,not about security,0.35341933369636536
 The product is expected to integrate with multiple database management systems.  The product will operate with Oracle  SQL Server  DB2  MySQL  HSQL  and MS Access.,not about security,security,0.2894051671028137
The product shall be able to be installed in any operating environment within 2 days.,not about security,not about security,0.4151957035064697
The product shall ensure that only company employees or external users with company-approved user IDs may have product access.  100% of all logons shall be by either company employees or external users with company-approved user IDs.,security,not about security,0.3521992564201355
Only managers are able to perform search queries for reservations by user.  100% of all search queries for reservations by user shall be from logons of only management logons.,security,not about security,0.39594289660453796
The product shall ensure that the database’s data corresponds to the data entered by the user.  Each conference room reservation in the system will contain the same information as was entered by the user.,security,not about security,0.3476743698120117
The product shall prevent the input of malicious data.  The product and/or adjacent hardware/software systems’ data shall remain 100% uncorrupted each time malicious data is input into the product.,security,security,0.33883780241012573
The product and/or dependent databases/filesystems shall remain operational as a result of the input of malicious data.  The product and/or dependent databases/filesystems shall not crash 100% of the time that malicious data is input into the product.,not about security,security,0.34343421459198
The product shall have the ability to receive automatic software updates as new threats emerge.  100% of customers will be able to receive automatic software updates transmitted to the installed product.,security,not about security,0.36807912588119507
The language of the product shall accommodate all of the target market countries. 90% of survey respondents from each target market country will find that the language of the product is acceptable.,not about security,not about security,0.33123284578323364
The product shall be able to display calendar dates and times according to the user’s locale.  90% of survey respondents from each target market country will find that the date and time formatting of the product is correct.,not about security,not about security,0.3305971324443817
The product must be developed with the J2SE/J2EE programming language libraries,not about security,not about security,0.3592820167541504
Recreation of Inventory Quantity Adjustment for the period of previous 30 days shall take no more than 30min.,not about security,not about security,0.3785209059715271
The System shall allow for a minimum of  6 users to work at the same time.,not about security,not about security,0.4305937886238098
The System shall utilize currently owned computer equipment.,not about security,not about security,0.4815840721130371
The System shall be able to automatically backup business data and restore them on demand.,not about security,not about security,0.4189259707927704
The System shall maintain consistent security.  Any changes in user passwords and/or permissions should take affect in all parts of the System.,security,not about security,0.4015745222568512
The System shall granularly control access rights to all major subsystems.  It should be possible to assign access rights to all subsystems independently.,security,not about security,0.3540232479572296
The System shall meet all applicable accounting standards.  The final version of the System must successfully pass independent audit performed by a certified auditor.,not about security,not about security,0.3464342951774597
The System shall not require additional third party licenses resulting in royalty fees.,not about security,not about security,0.3244551420211792
Administrator shall be able to activate a pre-paid card via the Administration section in under 5 seconds.,not about security,not about security,0.3627763092517853
 Customer shall be able to check the status of their prepaid card  by entering in the PIN number  in under 5 seconds.,not about security,not about security,0.36091530323028564
System shall let customers register on the website as a “pay as you go” user in under 5 minutes.,not about security,not about security,0.4170098900794983
System shall let customers register on the website as a “unlimited movie subscriber” user in under 10 minutes.,not about security,not about security,0.4001823365688324
System shall let existing customers log into the website with their email address and password in under 5 seconds.,not about security,not about security,0.4372875690460205
 System shall let customers cancel their account  process shall take no longer than 2 minutes.  Database will mark the account as inactive  and user will not be able to log into the website.,not about security,not about security,0.3888131380081177
System shall let administrator de-activate a customer account in under 1 minute. Customer will no longer be able to access the website.,not about security,not about security,0.45618677139282227
System shall let administrator add/remove movies on the website in under 5 minutes.  Entered movie information will be stored in the database and will now be available on the website.,not about security,not about security,0.38712939620018005
System shall let the administrator add/remove categories on the website in under 5 minutes.,not about security,not about security,0.3914262354373932
System shall let Izogn Manager access sales and usage statistics in under 2 minutes.,not about security,not about security,0.3974010646343231
System shall let administrators generate unique pre-paid pins in under 2 minutes and generate an Excel file with the generated PINs.,not about security,not about security,0.34122148156166077
The website shall be attractive to all audiences.  The website shall appear to be fun and the colors should be bright and vibrant.,not about security,not about security,0.35867422819137573
 The website should have an African feel  but should not alienate non-Africans.  The website should use animation on pages which are describing the services  to grab the users attention and encourage them to sign up.,not about security,not about security,0.3527914881706238
 The website design should be modern  clean  and concise.,not about security,not about security,0.3863658308982849
The product should be able to be used by 90% of novice users on the Internet.,not about security,not about security,0.4020451009273529
 Users should only have to navigate through a maximum of 4 pages  to create an account with the website.,not about security,not about security,0.39749303460121155
Users should be able to access their streaming movies in under 2 clicks after logging into the website.,not about security,not about security,0.434592068195343
An anonymous survey will show that 70% of customers are comfortable purchasing streaming movies after 2 weeks using the website.,not about security,not about security,0.41164037585258484
An anonymous survey will show that 95% of customers are comfortable using and purchasing pre-paid cards after a month of using the system.,not about security,not about security,0.37799158692359924
The product shall retain the customer’s buying preferences and information.,not about security,not about security,0.3801998198032379
The product shall be easy for customers with novice skills on the  Internet to purchase and watch streaming movies.  Customers should be able to purchase and watch a pre-determined movie in under 3 minutes.,not about security,not about security,0.3449595868587494
The product shall use symbols and words that are naturally understandable by users familiar with websites,not about security,not about security,0.37286001443862915
The website will use standard Internet conventions when interacting with the user.,not about security,not about security,0.46604830026626587
 Any interface between a user and the automated system shall have a maximum response time of 5 seconds  unless noted by an exception below.,not about security,not about security,0.36092767119407654
 When purchasing a streaming movie or pre-paid card via credit card  the processing time should have a maximum response time of 15 seconds.,not about security,not about security,0.3580113649368286
 When streaming a movie  the buffering time should take no longer than 10 seconds (plus any latency on the user’s connection.),not about security,not about security,0.40825122594833374
 While streaming a movie  buffering should only occur if there is latency in the user’s connection.,not about security,not about security,0.39921045303344727
 All credit card information will be secured on the server  and only accessible by authorized Izogn administrators.  Information will be encrypted in the database.,security,not about security,0.34846603870391846
 The website shall be available for use 24 hours per day  365 days per year.,not about security,not about security,0.4702443778514862
The website shall achieve 99.5% up time.,not about security,not about security,0.5648902654647827
 All movies shall be streamed on demand  at any time of the day.,not about security,not about security,0.3910709619522095
The website shall continue to operate if the streaming server goes down.,not about security,not about security,0.4422665238380432
The website shall continue to operate if the payment gateway goes down.,not about security,not about security,0.4624277651309967
The streaming server will support 50 simultaneous streaming connections.,not about security,not about security,0.4651700258255005
The streaming server will support a maximum of 700 movies  new servers can be added to support more movies.,not about security,not about security,0.44238683581352234
 The server will support a maximum of 1 000 simultaneous users.,not about security,not about security,0.45020484924316406
 The website shall be capable of supporting 100 000 customers.,not about security,not about security,0.4746856391429901
The product shall be expected to operate within the maximum maintenance budget for a minimum of 2 years.,not about security,not about security,0.38448280096054077
All aspects of the website shall be accessed by a web browser over the Internet.,not about security,not about security,0.4026752710342407
The same hardware supporting the current website will be used to support the new system.,not about security,not about security,0.44361814856529236
 We must be able to interface with the following browsers: IE 5.X  6.0  Netscape 6.x  7.x  8.x and Firefox 1.0.,not about security,not about security,0.43198153376579285
Website must interface with the CyberSource API to process credit card transactions.,not about security,not about security,0.3666672706604004
Website must be fully operational with MSN TV2.,not about security,not about security,0.46056807041168213
Movies shall be encoded and streamed via Windows Media Player 9.0.,not about security,not about security,0.43290042877197266
Movies shall be encoded for 56k and 256k streams.,not about security,not about security,0.33114612102508545
Promotional updates to the website should take a day to update.,not about security,not about security,0.46565088629722595
Izogn Administrator must be able to update the category listings on the website within 2 minutes.,not about security,not about security,0.3951723575592041
Izogn Administrator must be able to add new products to the website within 2 minutes.,not about security,not about security,0.42022332549095154
The system will provide a 24 hour 800 toll free number for support to its customers.,not about security,not about security,0.46746623516082764
The website will provide a help section with answers and solutions to common problems.,not about security,not about security,0.46271318197250366
 Velkat staff will be available for phone support between 7am-7pm  M-F to provide technical support to the Izogn administrators.,not about security,not about security,0.4079238474369049
The product shall be able to be installed in the specified environment within 1 working day.,not about security,not about security,0.40097662806510925
Only registered customers can purchase streaming movies.,security,not about security,0.6065101623535156
 A customer can only stream a movie if they purchased it  and are within the 2 day viewing period.,security,not about security,0.4216921329498291
Only authorized personnel can access customer records in the database.,security,not about security,0.4174101650714874
Only administrators can activate a pre-paid card.,security,not about security,0.4675346314907074
Only authorized personnel can access sales information.,security,not about security,0.5276745557785034
The website shall prevent its data from being corrupted when incorrect data is entered in.,security,not about security,0.45320117473602295
 The website shall protect itself from intentional abuse  and notify the administrator at all occurrences.,security,security,0.3202058672904968
Data integrity scripts will be run on a weekly basis to verify the integrity of the database.,security,not about security,0.3386739194393158
 The website shall make its user aware of its information practices before collection data from them via a Privacy Policy  accessible on all pages of the website.,security,not about security,0.3796442449092865
The system shall notify customers of changes to its information policy.,security,not about security,0.5084475874900818
The system shall reveal private information only in compliance with the organization’s information policy.,security,not about security,0.38467103242874146
 All customer information will be stored on a secure database  accessible only to authorized personnel.,security,not about security,0.3817198872566223
All credit card information will be encrypted in the database.,security,not about security,0.45149675011634827
The streaming server will have anti-virus software to prevent infection of malicious viruses.,security,not about security,0.3024536371231079
The website should cater to all tribes in Nigeria.,not about security,not about security,0.39937710762023926
The website shall not be offensive to religious or ethnic groups.,not about security,not about security,0.36929428577423096
 The website should appeal to all Africans  not only Nigerians.,not about security,not about security,0.3841816484928131
The website should use Flash to provide animation on the home page.,not about security,not about security,0.4720737636089325
IzognMovies shall meet the licensing requirements set forth by the appropriate organizations in order to stream African movies.,not about security,not about security,0.31107577681541443
The website will comply with W3C standards.,not about security,not about security,0.505029559135437
The PHP code will comply with PEAR standards.,not about security,not about security,0.424600213766098
Total lead cycle time must be completed in 5 minutes for 90% of lead volume between the business hours of 8AM CST to 8PM CST  then 3 minutes for 99% of lead volume during off business hours.,not about security,not about security,0.3789299428462982
No lead evaluation will complete in a time period longer than 25 seconds for 97% of all leads processed.,not about security,not about security,0.4723595380783081
For leads that process longer than 25 seconds the system will record the event and duration,not about security,not about security,0.4392908215522766
The process must fit within the processing time conditions set forth by the Auto Rep Assignment process in which a lead is assigned within 3 minutes of the total life cycle.,not about security,not about security,0.3520834445953369
The lead washing process will operate within the established physical web service structure.,not about security,not about security,0.42857062816619873
 The washing process must use a non binding  neutral data format  such as xml  when receiving and processing lead data.,not about security,not about security,0.36941736936569214
Defect reports will be available to technical units on a 24x7 basis.,not about security,not about security,0.43916788697242737
Washing parameters will be updated during scheduled maintenance hours.,not about security,not about security,0.4988083839416504
The product shall simulate the look of ships at sea.,not about security,not about security,0.36724644899368286
The product shall display the grids within a circle as a view from a periscope.,not about security,not about security,0.3615332245826721
The product shall display each type of ship in a grid using an image of the specific type of ship.,not about security,not about security,0.3099375367164612
 When the offensive player takes a shot  the product shall simulate the sound of a ship at sea.,not about security,not about security,0.2775703966617584
 When a shot is marked as a miss  the product shall simulate the sound of a shot missing its target.,not about security,not about security,0.3202831745147705
 When a shot is marked as a hit  the product shall simulate the sound of a shot hitting its target.,not about security,not about security,0.32690542936325073
 When a ship is sunk  the product shall simulate the sound of a sinking ship.,not about security,security,0.25444263219833374
 The product shall be available 24 hours per day  seven days per week.,not about security,not about security,0.43118223547935486
The product shall able to handle a large number of games simultaneously.,not about security,not about security,0.4077088236808777
The response time shall be fast enough to maintain the flow of the game.  The response time shall be no more than 2 seconds for 95% of responses and no more than 4% for the remaining responses.,not about security,not about security,0.4014504849910736
The product shall protect the identity of the players. The product shall provide players no access to information that might reveal the identity of another player.,not about security,not about security,0.3676016926765442
The product shall be intuitive and self-explanatory.  Nine out ten users shall be able to successfully complete a game with no training.,not about security,not about security,0.4014105796813965
 The product shall be available to players who understand English  Spanish and French.  The product shall allow the user to select the language upon accessing the product.,not about security,not about security,0.3421379327774048
The product shall provide players no access to information that might reveal the identity of another player,security,not about security,0.4004666805267334
The response time shall be fast enough to maintain the flow of the game. The response time shall be no more than 2 seconds for 95% of responses and no more than 4% for the remaining responses.,not about security,not about security,0.3948824107646942
The system shall be easy to use by callers and supervisors. Callers and supervisors must be able to accomplish any system task within 2 minutes.,not about security,not about security,0.38409632444381714
The system shall be easy to learn by callers and supervisors. Callers and supervisors shall learn how to use the system within 10 minutes.,not about security,not about security,0.37197330594062805
 The system shall be responsive. At the DePaul TeleServices Center  when a supervisor uses the system to view a callers schedule  the system response time must be no more than 2 seconds 90% of the time and no more than 5 seconds the rest of the time.,not about security,not about security,0.35182109475135803
 On a 56k connection  the system response time for all operations must be no more than 6 seconds 90% of the time.,not about security,not about security,0.4227190911769867
 On a 112k connection or faster  the system response time for all operations must be no more than 3 seconds 90% of the time.,not about security,not about security,0.41235941648483276
The system shall have high availability every day of the year.The system must be available for use between 12:00AM and 6:00PM all days of the year.,not about security,not about security,0.43426981568336487
The system must be available for use between 7:00AM and 11:59PM all days of the year.,not about security,not about security,0.4236767292022705
The product shall be internet browser independent.The product must run using Internet Explorer and Netscape Navigator.,not about security,not about security,0.4073804020881653
The product shall ensure that only supervisors can advertise empty time slots.The product must ensure that supervisors are allowed to access advertise empty time slots.,security,not about security,0.3620627522468567
The product shall ensure that only supervisors can enter a caller’s schedule.The product must ensure that supervisors are allowed to access advertise empty time slots.,security,not about security,0.38736245036125183
The product shall ensure that only supervisors can view schedule of all callers.The product must ensure that supervisors are allowed to access advertise empty time slots.,security,not about security,0.3845565915107727
 The interface shall have a simple look. In the interface and usability survey  90% of beta testers must report that the interface is adequately simple.,not about security,not about security,0.38310348987579346
 The interface shall be appealing to callers and supervisors. In the interface and usability survey  80% of beta testers must report that the interface is appealing.,not about security,not about security,0.3314627707004547
The product shall provide GUI based Monitoring Services.System Administrators shall monitor message exchanges will predict and determine problems and will also provide internal and external support.,not about security,not about security,0.3642587661743164
The product shall comply with City of Chicago Application Development Guide Framework.Application Development Framework will provide structured Graphical User Interface.,not about security,security,0.2767060101032257
The product shall provide Monitoring Services.The product shall be easy for System Administrators and DBAs to use after two weeks of usage.,not about security,not about security,0.40480881929397583
The product shall provide Error Tracking Services.The product shall help the System Administrators and DBAs to resolve transaction errors 99% of the time.,not about security,not about security,0.3629038631916046
The product shall provide Portals.The product shall help System Administrators to analyze the transactions with ad-hoc reporting and KPIs (Key Performance Indicators),not about security,not about security,0.34232476353645325
The product shall provide Asynchronous Messaging.The product shall provide asynchronous messaging to enable parallel processing and reduce the overhead in communications,not about security,not about security,0.34679505228996277
The product shall provide Multi-threading and Load Balancing.The product shall provide multi-threading technology as well as load balancing to overcome data load spikes and traffic.,not about security,security,0.3183248043060303
The product shall process messages within 2 seconds.The product shall have a maximum message processing time of 2 seconds,not about security,not about security,0.4205637574195862
The product shall poll the system for messages every second.The product shall poll the system for new messages at a maximum of every 1 second.,not about security,not about security,0.4224550724029541
The product shall provide Dynamic Change Support and Transparent resource addition.The product shall support Transparent Resource addition and Dynamic Change support to provide scalability and avoid service interruptions of more than 1 day.,not about security,security,0.3287521302700043
The product shall be available 99% of the time. Rationale: To avoid service interruption during busiest customer service response periods. The product shall be available 99.99% of the time for regular business days.,not about security,not about security,0.41014039516448975
The product shall be robust.The product shall have fault avoidance based on standards adoption.,not about security,not about security,0.3588544428348541
The product shall be robust with fault tolerance.The product shall have fault tolerance by using recovery technique compensatory transaction and routing around failures.,not about security,not about security,0.3516120910644531
The product shall be able to process all transactions.The product shall process minimum of 1 million transactions per year.,not about security,not about security,0.42391905188560486
The product shall be platform independent.The product shall enable access to any type of development environment and platform.,not about security,not about security,0.4180208444595337
The product shall interface CSR and Datastream.The product shall exchange messages between CSR and EAM on a real time basis without any direct interfaces between two systems.,not about security,not about security,0.3276635706424713
 : The product shall continue to operate during upgrade  change or new resource addition.The product shall be able to continue to operate with no interruption in service due to new resource additions.,not about security,not about security,0.40551525354385376
The product shall be updated on a regular basis.The product will have a new major feature introduced every six months and quarterly maintenance releases every six months.,not about security,not about security,0.4058183431625366
The product shall operate with every platform.The product shall accommodate any new technology without any change in its architecture.,not about security,not about security,0.4473896026611328
 The product shall have security.The product shall provide authentication  and authorization.,security,not about security,0.4252191185951233
The product shall information Security. The product shall enable privacy by encryption WS-Security and Integrity Checking.,security,not about security,0.3490891456604004
The product shall have audit capabilities.The product shall store messages for a minimum of one year for audit and transaction tracking purposes.,security,not about security,0.36072948575019836
The system shall use IBM and CCR branding standards. The interface must have one IBM logo and one CCR logo.,not about security,not about security,0.36980241537094116
The system shall be displayable on any work computer a CCR user may have. The system interface shall be formatted to display at 800 by 600 pixel resolution.,not about security,not about security,0.40758639574050903
The system interface will use CCR nomenclature. The system must use the same nomenclature used in the existing WCS system and reports,not about security,not about security,0.4075736999511719
The interface must summarize the data in a fashion that’s appealing to CCR management. Every report type must have at least one high level summary shown in the results dashboard/interface,not about security,not about security,0.39310985803604126
The system must use a point and click interface. 100% of all selection and navigation functionality must be able to be activated/selected by either a mouse or a keyboard,not about security,not about security,0.40884262323379517
The interface shall be easy to use. 90% of users should be able to successfully use the system to generate a report on their first use. The interface should adhere to IBM usability standards.,not about security,not about security,0.39282694458961487
Rreports must be easy to generate. eports must be generated within one button click and exported within one button click (after selecting the report),not about security,not about security,0.37865492701530457
A user shall be able to use the system without instruction after a short amount of time. After one use a user should understand and remember 90% of the system usage and navigation.,not about security,not about security,0.3989313840866089
All CCR users shall receive training before the WCS system is deployed. One training session will be held for 100% of CCR users before system deployment (based on a CCR user being available),not about security,not about security,0.3631897270679474
The WCS system shall use appropriate nomenclature and terminology as defined by the Corporate Community Grants organization. All interfaces and reports will undergo usability tests by CCR users.,not about security,security,0.30825960636138916
The WCS system shall be available at all times as long as IBM’s internal intranet W3 is accessible. The WCS system will be available 95% of the time IBM’s internal intranet W3 is available.,not about security,not about security,0.3733177185058594
The WCS system shall have the ability to connect other designated WCS databases currently not included in the system.,not about security,not about security,0.37045541405677795
The WCS system shall have the ability to include data for regions outside the United States and be accessed by users outside of the United States if approved by CCR management.,not about security,not about security,0.28830891847610474
The WCS system shall be run in a Windows environment. The WCS shall be accessed by users through the Internet on an IBM computer running a Windows 2000 or above operating system.,not about security,not about security,0.3578725755214691
The Brio portion of the WCS system must be able to export files in spreadsheet form (Microsoft Excel and Lotus 1-2-3 formats).  Brio will provide buttons in the user interface that produce/export reports in .xls or .123 file formats.,not about security,not about security,0.33573639392852783
The WCS system must run queries to the WCS databases once again (on a specified day) to update the available data available to CCR users. Queries must be made to external databases for data refresh once a week.,not about security,not about security,0.3865148425102234
 All changes  updates  and additions to the WCS system shall be updated in the WCS Developer and WCS User Guides. Every change must be reflected in WCS system documentation,not about security,not about security,0.3344126343727112
The system shall only be accessed by authorized Corporate Community Grants (CCR) employees. Users must be authenticated using their IBM intranet user name and password.,security,not about security,0.34830161929130554
The WCS system shall not allow automatic logins by any user. Cookies containing WCS login information about a user will not be stored on a user’s computer.,security,not about security,0.40053340792655945
Each team owner will need to use a username and password in order to be authenticated to reach the team owner’s page,security,not about security,0.37926286458969116
The Commissioner will be the only authorized user per league to adjust league settings.,security,not about security,0.39645451307296753
Each page shall contain a navigation menu which shows the index into which the current page is contained.,not about security,not about security,0.42044559121131897
Each page shall contain a similar format with action items in one location and navigation buttons in a different location.,not about security,not about security,0.41680505871772766
The message board shall contain the 5 most recently posted messages on the league page. The messages will contain up to the first 150 characters of the message.,not about security,not about security,0.360478013753891
;A new user shall be able to navigate through the league and team pages within 30 seconds of reaching the start-up page.,not about security,not about security,0.3788251578807831
Users shall be able to reach the ‘add’  ‘drop’  and ‘trade player’ pages with one click from the team owner’s page.,not about security,security,0.3187984824180603
;Users shall be able to view at least 25 NFL player statistics and points on each page.,not about security,not about security,0.39217299222946167
The application shall ask the user to confirm dropping a player or trading a player before performing the action.,not about security,not about security,0.30544114112854004
The application shall be able to complete every user transaction within one fourth of a second of receiving the request over the network.,not about security,not about security,0.3764576315879822
The application shall have a downtime of at most 10 minutes per year.,not about security,not about security,0.4319782853126526
The application shall run on a web application server.,not about security,not about security,0.4867435097694397
A primary database will be used to store cached data for active users.,not about security,not about security,0.4995640218257904
A secondary database will be used to store historical statistics and data.,not about security,not about security,0.4564840793609619
Application updates shall occur between 3AM and 6 AM CST on Wednesday morning during the middle of the NFL season.,not about security,not about security,0.33295896649360657
New System version releases shall be released at the beginning of each NFL season.,not about security,not about security,0.3456805348396301
The RFS system should be available 24/7  especially during the budgeting period. The RFS system shall be available 90% of the time all year  and 98% during the budgeting period. 2% of the time  the system will become available within 1 hour of the time that the situation is reported.,not about security,not about security,0.36588579416275024
98% of the user workstations shall meet the minimum hardware requirements prior to implementation. Minimum Hard Disk Space:  400MB.,not about security,security,0.33171069622039795
98% of the user workstations shall meet the minimum software requirements prior to implementation: Microsoft Internet Explorer 5.0. Microsoft .NET Framework 1.1. Microsoft Internet Explorer Web Controls,not about security,not about security,0.3970615565776825
The RFS system should be able to easily interface with the BDW environment  in order to load the data. •;7 data files shall be received from the BDW and loaded into the RFS system within 3 hours one day prior to the start of budgeting process  every year. The data will be as of October month-end. ;Test files (7) shall be loaded up to 5 times throughout the year  from the BDW.,not about security,not about security,0.363839328289032
Changes to revenue and expense formulae must be applied to the RFS system  every year  prior to the budgeting process start. Revenue and expense formulae will be updated within one week of their receipt  after which 2 weeks will be allotted to testing of the budget calculations  to be conducted jointly by the project development team and PCG Finance.,not about security,not about security,0.32668522000312805
New branches/complexes/districts/regions and revenue/expense accounts added to the BDW  must be reflected in the RFS system. 100% of the entities (mentioned above) available as of October month-end  will be loaded into the RFS system  prior to the budget start process.,not about security,security,0.3091001510620117
Only authorized user shall access the RFS system. ONLY users that exist in the UAS system  with the RFS system assigned to their role(s)  shall access the RFS system and use it.,security,not about security,0.345106303691864
;User access should be limited to the permissions granted to their role(s) Each level in the PCG hierarchy will be assigned a role and users will be assigned to these roles. Access to functionality within RFS system is dependent on the privileges/permission assigned to the role..,security,not about security,0.35242268443107605
The product must comply with the intranet page standards and requirements of ENET Securities. 95% of the product look & feel will be approved by the Architecture group  prior to implementation. The remaining 5% will be corrected and approved within one month of product release.,not about security,security,0.3415878415107727
 The intranet pages should display appropriately in all resolutions  from 800x600 and higher. The display of all the pages will be correct in 95% of the resolutions  prior to implementation. The remaining 5% will be corrected within a week of notification of the incorrect display.,not about security,not about security,0.3427274525165558
The users should be able to easily use the system to successfully complete their budgets  within the stipulated time for completion. With a week of training prior to product implementation  98% of the users shall complete their budgets within the stipulated time.,not about security,not about security,0.32467710971832275
The product interface should be fast. The response time of the product interface should not exceed 2 seconds 90% of the time. For 10% of the time  the response time should not be more than 10 seconds.not be more than 10 seconds.,not about security,not about security,0.3904498517513275
