Requirement text,Gold label,Predicated label,ZSL score
The system shall refresh the display every 60 seconds.,"not about security, authorization, or protection","not about security, authorization, or protection",0.9178034663200378
The application shall match the color of the schema set forth by Department of Homeland Security,"not about security, authorization, or protection","not about security, authorization, or protection",0.905066967010498
 If projected  the data must be readable.  On a 10x10 projection screen  90% of viewers must be able to read Event / Activity data from a viewing distance of 30,"not about security, authorization, or protection","not about security, authorization, or protection",0.8808175921440125
 The product shall be available during normal business hours. As long as the user has access to the client PC  the system will be available 99% of the time during the first six months of operation.,"not about security, authorization, or protection","not about security, authorization, or protection",0.871030330657959
 If projected  the data must be understandable. On a 10x10 projection screen  90% of viewers must be able to determine that Events or Activities are occuring in current time from a viewing distance of 100,"not about security, authorization, or protection","not about security, authorization, or protection",0.8791185617446899
The product shall ensure that it can only be accessed by authorized users.  The product will be able to distinguish between authorized and unauthorized users in all access attempts,"security, authorization, or protection","not about security, authorization, or protection",0.8800544738769531
The product shall be intuitive and self-explanatory.  :  90% of new users shall be able to start the display of Events or Activities within 90 minutes of using the product.,"not about security, authorization, or protection","not about security, authorization, or protection",0.8837371468544006
The product shall respond fast to keep up-to-date data in the display.,"not about security, authorization, or protection","not about security, authorization, or protection",0.8958554267883301
The look and feel of the system shall conform to the user interface standards of the smart device.,"not about security, authorization, or protection","not about security, authorization, or protection",0.8989244103431702
 The user interface shall have standard menus  buttons for navigation,"not about security, authorization, or protection","not about security, authorization, or protection",0.9137917757034302
The system shall have a professional appearance,"not about security, authorization, or protection","not about security, authorization, or protection",0.9176267981529236
The product shall have a consistent color scheme and fonts.,"not about security, authorization, or protection","not about security, authorization, or protection",0.922660231590271
The system shall be used by realtors with no training.,"not about security, authorization, or protection","not about security, authorization, or protection",0.9155572056770325
The system shall be intuitive and self explanatory.,"not about security, authorization, or protection","not about security, authorization, or protection",0.922246515750885
The product shall be easy for a realtor to learn.,"not about security, authorization, or protection","not about security, authorization, or protection",0.9154250621795654
The product shall use symbols and words that are naturally understandable by the realtor community.,"not about security, authorization, or protection","not about security, authorization, or protection",0.9067384004592896
The product shall produce search results in an acceptable time,"not about security, authorization, or protection","not about security, authorization, or protection",0.9187605381011963
The search results shall be returned no later 30      seconds  after the user has entered the search criteria,"not about security, authorization, or protection","not about security, authorization, or protection",0.8942965269088745
The product shall generate a CMA report in an acceptable time.,"not about security, authorization, or protection","not about security, authorization, or protection",0.9201769828796387
The CMA report shall be returned no later 60 seconds after the user has entered the CMA report criteria.,"not about security, authorization, or protection","not about security, authorization, or protection",0.8935157060623169
The product shall synchronize contacts and appointments in an acceptable time.,"not about security, authorization, or protection","not about security, authorization, or protection",0.9117556214332581
The product shall synchronize with the office system every hour.,"not about security, authorization, or protection","not about security, authorization, or protection",0.9107612371444702
 The product shall be available for use 24 hours per day  365 days  per year,"not about security, authorization, or protection","not about security, authorization, or protection",0.9094981551170349
 Out of 1000 accesses to the system  the system is available 999 times.,"not about security, authorization, or protection","not about security, authorization, or protection",0.9115002751350403
The product shall operate in offline mode whenever internet connection is unavailable.,"not about security, authorization, or protection","not about security, authorization, or protection",0.9240854978561401
 The product shall allow the user to view previously downloaded search results  CMA reports  and appointments.,"not about security, authorization, or protection","not about security, authorization, or protection",0.8919483423233032
The product shall retain user preferences in the event of a failure.,"not about security, authorization, or protection","not about security, authorization, or protection",0.9158815145492554
100% of saved user preferences shall be restored when system comes back online.,"not about security, authorization, or protection","not about security, authorization, or protection",0.9076913595199585
The product shall be able to support multiple remote users,"not about security, authorization, or protection","not about security, authorization, or protection",0.9212585091590881
The product shall be able support 1000 simultaneous users.,"not about security, authorization, or protection","not about security, authorization, or protection",0.9222526550292969
The product shall be capable of handling the existing 1000 users. This number is expected to grow 5 times within the next year.,"not about security, authorization, or protection","not about security, authorization, or protection",0.8939641714096069
The product shall be installed by an untrained realtor   without recourse to separately-printed instructions.,"not about security, authorization, or protection","not about security, authorization, or protection",0.8972447514533997
90% of untrained realtors shall be able to install the product on their device without printed instructions,"not about security, authorization, or protection","not about security, authorization, or protection",0.8970917463302612
The product is expected to run on Windows CE and Palm operating systems.,"not about security, authorization, or protection","not about security, authorization, or protection",0.912943959236145
Only registered realtors shall be able to access the system.,"security, authorization, or protection","not about security, authorization, or protection",0.9159636497497559
Every user of the system shall be authenticated and authorized.,"security, authorization, or protection","not about security, authorization, or protection",0.9182941317558289
The product shall prevent its data from incorrect data being introduced.,"security, authorization, or protection","not about security, authorization, or protection",0.9202547073364258
The system shall be easy to use by the Program Administrators/Nursing Staff Members.,"not about security, authorization, or protection","not about security, authorization, or protection",0.8906970024108887
All of the users shall be able to use the system after one day of training.,"not about security, authorization, or protection","not about security, authorization, or protection",0.9045382738113403
The system shall help the user avoid making mistakes while scheduling classes and clinicals for the nursing students.,"not about security, authorization, or protection","not about security, authorization, or protection",0.8889925479888916
The number of mistakes noted by the students shall be decreased by 50% in the first year.,"not about security, authorization, or protection","not about security, authorization, or protection",0.8912208080291748
The system shall be intuitive to the Program Administrators/Nursing Staff Members.,"not about security, authorization, or protection","not about security, authorization, or protection",0.8965432643890381
2 out of 3 Program Administrators/Nursing Staff Members shall successfully be able to use the system to manage the scheduling of classes and clinicals.,"not about security, authorization, or protection","not about security, authorization, or protection",0.8825136423110962
The system shall use symbols and words that are naturally understandable by the user community.,"not about security, authorization, or protection","not about security, authorization, or protection",0.9077441096305847
The verbiage used within the system shall be consistent with Standard English and the terminology of the national Nursing Community.,"not about security, authorization, or protection","not about security, authorization, or protection",0.8925907015800476
Staff members shall be able to complete a set of tasks in a timely manner.,"not about security, authorization, or protection","not about security, authorization, or protection",0.8977205157279968
The response time of general student management tasks shall take no longer than 5 seconds and the response time of schedule generation shall take no longer than 30 seconds.,"not about security, authorization, or protection","not about security, authorization, or protection",0.8834141492843628
The system shall be available for use between the hours of 8am and 6pm.,"not about security, authorization, or protection","not about security, authorization, or protection",0.907254695892334
The system shall achieve 95% up time.,"not about security, authorization, or protection","not about security, authorization, or protection",0.926250159740448
system shall be able to handle all of the user requests/usage during business hours.,"not about security, authorization, or protection","not about security, authorization, or protection",0.8982446193695068
The system shall cater to 10 simultaneous users from 9am to 5pm.,"not about security, authorization, or protection","not about security, authorization, or protection",0.9192904233932495
The system shall be capable of processing 100% of nursing students and their classes for the next 10 years.,"not about security, authorization, or protection","not about security, authorization, or protection",0.8931536078453064
The system shall be expected to manage the nursing program curriculum and class/clinical scheduling for a minimum of 5 years.,"not about security, authorization, or protection","not about security, authorization, or protection",0.8877770304679871
The system shall able to operate within a business office environment typical of the Nursing Department at DePaul University.,"not about security, authorization, or protection","not about security, authorization, or protection",0.8999987244606018
The system shall be used within the specifications defined by the computers used by the Program Administrators/Nursing Staff Members.,"not about security, authorization, or protection","not about security, authorization, or protection",0.8881275057792664
The system shall operate within the Windows XP Professional operating system.,"not about security, authorization, or protection","not about security, authorization, or protection",0.9163826704025269
The system shall interface with CampusConnect’s central server,"not about security, authorization, or protection","not about security, authorization, or protection",0.921807050704956
The system shall interface with the faculty central server.,"not about security, authorization, or protection","not about security, authorization, or protection",0.9229797124862671
The system shall interface with the student master server.,"not about security, authorization, or protection","not about security, authorization, or protection",0.9289085865020752
We must be able to interface with any HTML browser.,"not about security, authorization, or protection","not about security, authorization, or protection",0.9258559942245483
Only authorized users shall have access to clinical site information.,"security, authorization, or protection","not about security, authorization, or protection",0.9255685806274414
Program Administrators/Nursing Staff Members are the only people who shall have access to clinical site details.,"security, authorization, or protection","not about security, authorization, or protection",0.8941962718963623
Only authorized users shall have access to students’ personal information.,"security, authorization, or protection","not about security, authorization, or protection",0.9208996295928955
Dr Susan Poslusny and Dr Julie Donalek are the only people who shall have access to students’ personal information.,"security, authorization, or protection","not about security, authorization, or protection",0.888655960559845
Only authorized users shall have access to the portion of the system that interfaces with CampusConnect.,"security, authorization, or protection","not about security, authorization, or protection",0.9032278656959534
Fit Criterion: Dr Susan Poslusny and Karen Sysol are the only people who shall have access to the final class section scheduling for the system that interfaces with CampusConnect.,"security, authorization, or protection","not about security, authorization, or protection",0.8701930046081543
The system shall have basic data integrity checking to reduce the possibility of incorrect or invalid data being introduced.,"security, authorization, or protection","not about security, authorization, or protection",0.8975912928581238
The system shall protect private information in accordance with the organization’s information policy.,"security, authorization, or protection","not about security, authorization, or protection",0.9035136699676514
The system shall be built such that it is as secure as possible from malicious interference.,"security, authorization, or protection","not about security, authorization, or protection",0.9012728929519653
The system shall use the organization’s standard virus protection software to help monitor threats to itself.,"security, authorization, or protection","not about security, authorization, or protection",0.8981508016586304
The Disputes application shall comply with the corporate standards for user interface creation for internally and externally used applications.,"not about security, authorization, or protection","not about security, authorization, or protection",0.9105023145675659
All screens created as part of the Disputes application must comply with corporate standards for interface creation.,"not about security, authorization, or protection","not about security, authorization, or protection",0.9096832275390625
The list of dispute cases that are displayed after a search is performed must be color coded for easy identification of dispute cases based upon the dispute case status.,"not about security, authorization, or protection","not about security, authorization, or protection",0.8872209191322327
100% of the cardmember and merchant services representatives shall use the Disputes application regularly after a 2-day training course.,"not about security, authorization, or protection","not about security, authorization, or protection",0.8964748978614807
100% of cardmember services representatives shall be able to successfully create a dispute case on the first encounter after completing the training course.,"not about security, authorization, or protection","not about security, authorization, or protection",0.8932592868804932
100% of merchant services representatives shall be able to successfully perform a follow up action on a dispute case on the first encounter after completing the training course.,"not about security, authorization, or protection","not about security, authorization, or protection",0.8911017179489136
The maximum wait time for a user navigating from one screen to another within the Disputes application shall be no more than 5 seconds.,"not about security, authorization, or protection","not about security, authorization, or protection",0.8951482772827148
The Disputes application shall support 350 concurrent users without any degradation of performance in the application.,"not about security, authorization, or protection","not about security, authorization, or protection",0.908858060836792
 The Disputes application shall be available 24x7x365  with the exception of the following scheduled maintenance windows.  Monday – Saturday 3:00am to 4:00am EST Sunday 1:00amd to 5:00am EST,"not about security, authorization, or protection","not about security, authorization, or protection",0.8741452097892761
The Disputes application shall interface with the Statement Database. The Statement Database provides the transaction details to the Disputes System. All transaction details must be obtained from the Statement Database,"not about security, authorization, or protection","not about security, authorization, or protection",0.8815080523490906
The Disputes application shall interface with the Cardmember Information Database.  The Cardmember Information Database provides detailed information with regard to a cardmember.  All cardmember detail information must be obtained from the Cardmember Information Database.,"not about security, authorization, or protection","not about security, authorization, or protection",0.8680233955383301
The Disputes applications shall interface with the Merchant Information Database.  The Merchant Information Database provides detailed information with regard to the merchant. All merchant detail information shall be obtained from the Merchant Information Database.,"not about security, authorization, or protection","not about security, authorization, or protection",0.8696954250335693
The Disputes application shall interface with the Letters application.  This will allow the Disputes application to request letters as part of the dispute initiation and dispute follow up process. All letter requests must be sent to the Print Letter Utility application.,"not about security, authorization, or protection","not about security, authorization, or protection",0.8743907809257507
The Disputes application shall interface with the Cardmember Posting and Billing System.  This will allow the Disputes application to request adjustments to cardmember and merchant’s accounts. All adjustment requests must be sent to the Cardmember Posting and Billing System.,"not about security, authorization, or protection","not about security, authorization, or protection",0.8703747391700745
The Disputes application shall ensure that only users with the appropriate access level are allowed to initiate dispute requests.,"security, authorization, or protection","not about security, authorization, or protection",0.9089891910552979
Only users with Update access must be able to initiate dispute requests.,"security, authorization, or protection","not about security, authorization, or protection",0.9298858642578125
The Disputes application shall ensure that only authorized users are allowed to logon to the application.,"security, authorization, or protection","not about security, authorization, or protection",0.9000757932662964
 All authorized users  once authenticated must be able to logon to the Disputes System,"security, authorization, or protection","not about security, authorization, or protection",0.9086650013923645
The Disputes System shall generate a User Report that details any new users that have been added and any changes to an existing user’s access level.  The report will be reviewed for auditing purposes.,"security, authorization, or protection","not about security, authorization, or protection",0.8803035020828247
All additions of new users and modifications to user’s access shall be recorded on the User Report.,"security, authorization, or protection","not about security, authorization, or protection",0.9047554731369019
 If a user account is revoked  it can only be re-instantiated by the System Administrator.,"security, authorization, or protection","not about security, authorization, or protection",0.9017517566680908
Only the System Administrator shall be able to reset a revoked user logon account,"security, authorization, or protection","not about security, authorization, or protection",0.9101623892784119
The Disputes application shall manipulate and view business data. Users will not have direct access to data files or databases.,"security, authorization, or protection","not about security, authorization, or protection",0.9009582996368408
All updates to data files or database must be initiated from the Disputes System.,"security, authorization, or protection","not about security, authorization, or protection",0.9123157262802124
The Disputes application must conform to the legal requirements as specified by the Merchant Operating Regulations.,"not about security, authorization, or protection","not about security, authorization, or protection",0.9023032784461975
All business rules specified in the Disputes System shall be in compliance with the Merchant Operating Regulations.,"not about security, authorization, or protection","not about security, authorization, or protection",0.9019356369972229
The Disputes application must conform to the legal requirements as specified by Regulation E and Regulation Z that govern credit card disputes processing.,"not about security, authorization, or protection","not about security, authorization, or protection",0.8893779516220093
All business rules specified in the Disputes System shall be in compliance to the guidelines of Regulation E and Regulation Z.,"not about security, authorization, or protection","not about security, authorization, or protection",0.8930651545524597
The Disputes application must maintain a detailed history of every action that a user takes on a dispute case.  This ensures a complete audit trail if questions arise later on with regard to a particular dispute case.,"not about security, authorization, or protection","not about security, authorization, or protection",0.8791422247886658
All actions that modify an existing dispute case must be recorded in the case history.,"not about security, authorization, or protection","not about security, authorization, or protection",0.9112463593482971
The product must support Internet Explorer 5.5 and above.,"not about security, authorization, or protection","not about security, authorization, or protection",0.9134581089019775
The product must support Mozilla Firefox 1.0 and above.,"not about security, authorization, or protection","not about security, authorization, or protection",0.9131121635437012
The product shall interface with the Choice Parts System.  This provides the feed of recycled parts data.,"not about security, authorization, or protection","not about security, authorization, or protection",0.9088344573974609
The product shall run on the existing hardware for all environments.,"not about security, authorization, or protection","not about security, authorization, or protection",0.9174426198005676
The product shall adhere to the corporate Architecture guidelines,"not about security, authorization, or protection","not about security, authorization, or protection",0.9117671847343445
The product shall comply with corporate User Interface Guidelines,"not about security, authorization, or protection","not about security, authorization, or protection",0.9191866517066956
The product shall comply with corporate color scheme,"not about security, authorization, or protection","not about security, authorization, or protection",0.9164605736732483
The appearance of the product shall appear professional,"not about security, authorization, or protection","not about security, authorization, or protection",0.9237028360366821
The product shall be easy to use by Adjusters and Collision Estimators.  95% of Adjusters and Collision Estimators shall find the product easy to use.,"not about security, authorization, or protection","not about security, authorization, or protection",0.8688005208969116
The product shall increase productivity of Collision Estimators. 80% of the Collision Estimators shall agree their productivity has increase within 1 month of using the product.,"not about security, authorization, or protection","not about security, authorization, or protection",0.8826467394828796
Users shall feel satisfied using the product.  85% of all users will be satisfied with the product.,"not about security, authorization, or protection","not about security, authorization, or protection",0.9018756747245789
The product shall be easy to learn by Adjusters and Collision Estimators.  The product shall be learned with two days onsite training,"not about security, authorization, or protection","not about security, authorization, or protection",0.8832631707191467
The user shall easily locate instructions while using the product.  User help can be found within 90% of the system.,"not about security, authorization, or protection","not about security, authorization, or protection",0.8913127183914185
The search for recycled parts shall take no longer than 15 seconds.  The search results shall be returned in under 15 seconds.,"not about security, authorization, or protection","not about security, authorization, or protection",0.8888142704963684
The search for the preferred repair facility shall take no longer than 8 seconds.  The preferred repair facility is returned within 8 seconds,"not about security, authorization, or protection","not about security, authorization, or protection",0.8974988460540771
The recycled parts audit report shall be returned to the user within 10 seconds.  The audit report shall be returned within 10 seconds.,"not about security, authorization, or protection","not about security, authorization, or protection",0.885354220867157
The preferred repair facility ratings shall be saved within 5 seconds. The save shall occur within 5 seconds.,"not about security, authorization, or protection","not about security, authorization, or protection",0.892535388469696
The product shall adhere to the corporate online availability schedule.  The application is brought down only within 98% of the scheduled outages per the availability schedule.,"not about security, authorization, or protection","not about security, authorization, or protection",0.8858299851417542
The product shall achieve a 98% uptime. The product shall not fail more than 2% of the available online time.,"not about security, authorization, or protection","not about security, authorization, or protection",0.894440233707428
The product shall be able to handle up to 1500 simultaneous users. The system shall perform with 1500 users as a time.,"not about security, authorization, or protection","not about security, authorization, or protection",0.8901019096374512
 The average number of recycled parts records per day shall be 50 000.,"not about security, authorization, or protection","not about security, authorization, or protection",0.9136806726455688
 The product shall be able to handle 10 000 concurrent users within 2 years of the initial launch.,"not about security, authorization, or protection","not about security, authorization, or protection",0.9036372303962708
 For estimators  the product shall be able to be operated in a repair facility during dirty and noisy conditions.,"not about security, authorization, or protection","not about security, authorization, or protection",0.8913000822067261
The product shall interface with the ChoiceParts system once per day at approximately 1:00 AM.,"not about security, authorization, or protection","not about security, authorization, or protection",0.9028695225715637
The maintenance of the product will fall within the established corporate maintenance windows.,"not about security, authorization, or protection","not about security, authorization, or protection",0.900071382522583
The product shall be supported using the corporate support center.,"not about security, authorization, or protection","not about security, authorization, or protection",0.9241347312927246
Product installations and upgrades shall be handled by the middleware technology team within established launch time frames.,"not about security, authorization, or protection","not about security, authorization, or protection",0.8956554532051086
Only adjusters can request recycled parts audit reports. No users without an adjuster role shall request recycled parts audits.,"security, authorization, or protection","not about security, authorization, or protection",0.8909347653388977
Only adjusters with a supervisor role can update preferred repair facility ratings. Users without the supervisor role cannot access the repair facility ratings.,"security, authorization, or protection","not about security, authorization, or protection",0.892732560634613
Only collision estimators shall search for recycled parts.  Users without the collision estimator role shall not have access to the search for recycled parts.,"security, authorization, or protection","not about security, authorization, or protection",0.8796796798706055
Only valid data shall be entered into the system.  No invalid data shall be entered into the system.,"security, authorization, or protection","not about security, authorization, or protection",0.8862618803977966
One insurance company shall not be able to view another insurance companys claim data.,"security, authorization, or protection","not about security, authorization, or protection",0.9063705205917358
The product shall free of computer viruses.,"security, authorization, or protection","not about security, authorization, or protection",0.9258490800857544
The system shall prevent malicious attacks including denial of service.,"security, authorization, or protection","not about security, authorization, or protection",0.9363231658935547
The product must comply with Sarbanes-Oxley.,"not about security, authorization, or protection","not about security, authorization, or protection",0.9129031300544739
The product shall comply with the estimatics laws relating to recycled parts usage.,"not about security, authorization, or protection","not about security, authorization, or protection",0.9047775864601135
The product shall comply with insurance regulations regarding claims processing.,"not about security, authorization, or protection","not about security, authorization, or protection",0.9178023338317871
 The product must work with most database management systems (DBMS) on the market  whether the DBMS is colocated with the product on the same machine or is located on a different machine on the computer network.,"not about security, authorization, or protection","not about security, authorization, or protection",0.8714731931686401
The product will function alongside server software on any operating system where the Java runtime can be installed.,"not about security, authorization, or protection","not about security, authorization, or protection",0.9044001698493958
The product will require collaboration with a database management system (DBMS).  The DBMS may be located on the same machine as the product or on a separate machine residing on the same computer network.,"not about security, authorization, or protection","not about security, authorization, or protection",0.8743301033973694
 The product must make use of web/application server technology.  Open source examples include Apache web server  Tomcat  and the JBoss application server.,"not about security, authorization, or protection","not about security, authorization, or protection",0.8912580013275146
 A database management system such as Oracle  DB2  MySql or HSQL will need to be integrated with the product.,"not about security, authorization, or protection","not about security, authorization, or protection",0.9012713432312012
 The product’s Look and Feel shall be able to incorporate aspects of the customer’s organization such as logo  branding  and identity,"not about security, authorization, or protection","not about security, authorization, or protection",0.8867507576942444
The product shall have a conservative and professional appearance.,"not about security, authorization, or protection","not about security, authorization, or protection",0.9194415807723999
The product shall make the users want to use it. 80% of the users surveyed report they are regularly using the product after the first 2 weeks post-launch.,"not about security, authorization, or protection","not about security, authorization, or protection",0.8790732622146606
The product shall be easy to use. 90% of users will be able to successfully reserve a conference room within 5 minutes of product use.,"not about security, authorization, or protection","not about security, authorization, or protection",0.886946976184845
The product shall give users feedback when necessary. 80% of the users surveyed report that the product accurately confirms their actions.,"not about security, authorization, or protection","not about security, authorization, or protection",0.8981841802597046
The product shall allow the user to select a chosen language from one of the target market countries.,"not about security, authorization, or protection","not about security, authorization, or protection",0.9028287529945374
The product shall allow for customization of start page and views preferences.,"not about security, authorization, or protection","not about security, authorization, or protection",0.9113642573356628
 An employee will be able to successfully use the product within a few minutes.  After informally navigating the product for less than 15 minutes  users shall be able to successfully setup meetings and reserve conference rooms.,"not about security, authorization, or protection","not about security, authorization, or protection",0.8733017444610596
The product shall use a standard navigation menu familiar to most web users.,"not about security, authorization, or protection","not about security, authorization, or protection",0.9113736748695374
The product shall allow for intuitive searching of available conference rooms.,"not about security, authorization, or protection","not about security, authorization, or protection",0.9198896884918213
The product shall conform to the Americans with Disabilities Act.,"not about security, authorization, or protection","not about security, authorization, or protection",0.9186663031578064
The response shall be fast enough to avoid interrupting the user’s flow of thought.  90% of tasks shall complete within 5 seconds.  98% of tasks shall complete within 8 seconds.,"not about security, authorization, or protection","not about security, authorization, or protection",0.8791883587837219
 Aside from server failure  the software product shall achieve 99.99% up time.,"not about security, authorization, or protection","not about security, authorization, or protection",0.8973568677902222
The product shall create an exception log of problems encountered within the product for transmission to our company for analysis and resolution.,"not about security, authorization, or protection","not about security, authorization, or protection",0.8856217265129089
 The product shall be capable of handling up to 1 000 concurrent requests.  This number will increase to 2 000 by Release 2.  The concurrency capacity must be able to handle peak scheduling times such as early morning and late afternoon hours.,"not about security, authorization, or protection","not about security, authorization, or protection",0.8564177751541138
 The product shall be able to process 10 000 transactions per hour within two years of its launch.  This number will increase to 20 000 by Release 2.,"not about security, authorization, or protection","not about security, authorization, or protection",0.8834275007247925
The product shall be expected to operate for at least 5 years for each customer installation.,"not about security, authorization, or protection","not about security, authorization, or protection",0.9029364585876465
The product shall be used in office environments.,"not about security, authorization, or protection","not about security, authorization, or protection",0.922052800655365
The product must be able to interface with any HTML browser.  The product shall transmit data between the user and the product without problems. The product shall display HTML properly in 80% of all HTML browsers tested (minimum is to test 8 browsers).,"not about security, authorization, or protection","not about security, authorization, or protection",0.8529969453811646
The product must be able to interface with various database management systems. The product shall communicate successfully with the database management system on 100% of all transactions.,"not about security, authorization, or protection","not about security, authorization, or protection",0.8811745047569275
The product must be able to interface with various email servers. The product shall be able to send email.,"not about security, authorization, or protection","not about security, authorization, or protection",0.8897989392280579
The product shall be available for distribution via the Internet as a binary or ZIP file.,"not about security, authorization, or protection","not about security, authorization, or protection",0.899694561958313
The product shall be available for distribution as a packaged CD.,"not about security, authorization, or protection","not about security, authorization, or protection",0.911203920841217
 The product will be available for licensing as a one-server  two-five servers  or five-or-more servers license.,"not about security, authorization, or protection","not about security, authorization, or protection",0.8906062841415405
A new user must be able to be added to the system within 10 minutes.  90% of new users are able to log into the system within 10 minutes.,"not about security, authorization, or protection","not about security, authorization, or protection",0.8801544904708862
The product must be designed using Design Patterns and coding best practices.  90% of maintenance software developers are able to integrate new functionality into the product with 2 working days.,"not about security, authorization, or protection","not about security, authorization, or protection",0.8788968324661255
The product must be highly configurable for use with various database management systems for the end users.  80% of end users are able to integrate new database management systems with the product without changing the product’s software code.,"not about security, authorization, or protection","not about security, authorization, or protection",0.8674842119216919
Maintenance releases will be offered to customers once a year.  The releases shall take no longer than 5 minutes for 80% of the customer base to install.,"not about security, authorization, or protection","not about security, authorization, or protection",0.8925861716270447
Every registered user will have access to the product’s support site via the Internet.  70% of registered users shall find a solution to their problem within 5 minutes of using the support site.,"not about security, authorization, or protection","not about security, authorization, or protection",0.8791765570640564
The customer shall be able to easily integrate new building maps with the product throughout the product’s lifecycle.  Integration of new maps with the product shall be possible with little to no support from product support staff.,"not about security, authorization, or protection","not about security, authorization, or protection",0.8653289675712585
 The product shall be translated into foreign languages other than the target market countries’ languages in future releases.  For each emerging target market  it shall take no more than 5 days to configure the product for that market’s language.,"not about security, authorization, or protection","not about security, authorization, or protection",0.8738866448402405
 The product is expected to integrate with multiple database management systems.  The product will operate with Oracle  SQL Server  DB2  MySQL  HSQL  and MS Access.,"not about security, authorization, or protection","not about security, authorization, or protection",0.8850234150886536
The product shall be able to be installed in any operating environment within 2 days.,"not about security, authorization, or protection","not about security, authorization, or protection",0.9036678671836853
The product shall ensure that only company employees or external users with company-approved user IDs may have product access.  100% of all logons shall be by either company employees or external users with company-approved user IDs.,"security, authorization, or protection","not about security, authorization, or protection",0.8690884709358215
Only managers are able to perform search queries for reservations by user.  100% of all search queries for reservations by user shall be from logons of only management logons.,"security, authorization, or protection","not about security, authorization, or protection",0.8739418387413025
The product shall ensure that the database’s data corresponds to the data entered by the user.  Each conference room reservation in the system will contain the same information as was entered by the user.,"security, authorization, or protection","not about security, authorization, or protection",0.864011287689209
The product shall prevent the input of malicious data.  The product and/or adjacent hardware/software systems’ data shall remain 100% uncorrupted each time malicious data is input into the product.,"security, authorization, or protection","not about security, authorization, or protection",0.8719978332519531
The product and/or dependent databases/filesystems shall remain operational as a result of the input of malicious data.  The product and/or dependent databases/filesystems shall not crash 100% of the time that malicious data is input into the product.,"not about security, authorization, or protection","not about security, authorization, or protection",0.869896650314331
The product shall have the ability to receive automatic software updates as new threats emerge.  100% of customers will be able to receive automatic software updates transmitted to the installed product.,"security, authorization, or protection","not about security, authorization, or protection",0.8771213293075562
The language of the product shall accommodate all of the target market countries. 90% of survey respondents from each target market country will find that the language of the product is acceptable.,"not about security, authorization, or protection","not about security, authorization, or protection",0.8794562816619873
The product shall be able to display calendar dates and times according to the user’s locale.  90% of survey respondents from each target market country will find that the date and time formatting of the product is correct.,"not about security, authorization, or protection","not about security, authorization, or protection",0.8710174560546875
The product must be developed with the J2SE/J2EE programming language libraries,"not about security, authorization, or protection","not about security, authorization, or protection",0.9085148572921753
Recreation of Inventory Quantity Adjustment for the period of previous 30 days shall take no more than 30min.,"not about security, authorization, or protection","not about security, authorization, or protection",0.9005740880966187
The System shall allow for a minimum of  6 users to work at the same time.,"not about security, authorization, or protection","not about security, authorization, or protection",0.9121344685554504
The System shall utilize currently owned computer equipment.,"not about security, authorization, or protection","not about security, authorization, or protection",0.9211722612380981
The System shall be able to automatically backup business data and restore them on demand.,"not about security, authorization, or protection","not about security, authorization, or protection",0.9000049233436584
The System shall maintain consistent security.  Any changes in user passwords and/or permissions should take affect in all parts of the System.,"security, authorization, or protection","not about security, authorization, or protection",0.8906949162483215
The System shall granularly control access rights to all major subsystems.  It should be possible to assign access rights to all subsystems independently.,"security, authorization, or protection","not about security, authorization, or protection",0.8801783919334412
The System shall meet all applicable accounting standards.  The final version of the System must successfully pass independent audit performed by a certified auditor.,"not about security, authorization, or protection","not about security, authorization, or protection",0.8888359665870667
The System shall not require additional third party licenses resulting in royalty fees.,"not about security, authorization, or protection","not about security, authorization, or protection",0.9166606664657593
Administrator shall be able to activate a pre-paid card via the Administration section in under 5 seconds.,"not about security, authorization, or protection","not about security, authorization, or protection",0.8879256844520569
 Customer shall be able to check the status of their prepaid card  by entering in the PIN number  in under 5 seconds.,"not about security, authorization, or protection","not about security, authorization, or protection",0.8910962343215942
System shall let customers register on the website as a “pay as you go” user in under 5 minutes.,"not about security, authorization, or protection","not about security, authorization, or protection",0.8929604291915894
System shall let customers register on the website as a “unlimited movie subscriber” user in under 10 minutes.,"not about security, authorization, or protection","not about security, authorization, or protection",0.8993667960166931
System shall let existing customers log into the website with their email address and password in under 5 seconds.,"not about security, authorization, or protection","not about security, authorization, or protection",0.9035530686378479
 System shall let customers cancel their account  process shall take no longer than 2 minutes.  Database will mark the account as inactive  and user will not be able to log into the website.,"not about security, authorization, or protection","not about security, authorization, or protection",0.8813585042953491
System shall let administrator de-activate a customer account in under 1 minute. Customer will no longer be able to access the website.,"not about security, authorization, or protection","not about security, authorization, or protection",0.8935410380363464
System shall let administrator add/remove movies on the website in under 5 minutes.  Entered movie information will be stored in the database and will now be available on the website.,"not about security, authorization, or protection","not about security, authorization, or protection",0.878885805606842
System shall let the administrator add/remove categories on the website in under 5 minutes.,"not about security, authorization, or protection","not about security, authorization, or protection",0.899941086769104
System shall let Izogn Manager access sales and usage statistics in under 2 minutes.,"not about security, authorization, or protection","not about security, authorization, or protection",0.911118745803833
System shall let administrators generate unique pre-paid pins in under 2 minutes and generate an Excel file with the generated PINs.,"not about security, authorization, or protection","not about security, authorization, or protection",0.8891947269439697
The website shall be attractive to all audiences.  The website shall appear to be fun and the colors should be bright and vibrant.,"not about security, authorization, or protection","not about security, authorization, or protection",0.8764418959617615
 The website should have an African feel  but should not alienate non-Africans.  The website should use animation on pages which are describing the services  to grab the users attention and encourage them to sign up.,"not about security, authorization, or protection","not about security, authorization, or protection",0.8716434240341187
 The website design should be modern  clean  and concise.,"not about security, authorization, or protection","not about security, authorization, or protection",0.9256273508071899
The product should be able to be used by 90% of novice users on the Internet.,"not about security, authorization, or protection","not about security, authorization, or protection",0.8943803310394287
 Users should only have to navigate through a maximum of 4 pages  to create an account with the website.,"not about security, authorization, or protection","not about security, authorization, or protection",0.9024049639701843
Users should be able to access their streaming movies in under 2 clicks after logging into the website.,"not about security, authorization, or protection","not about security, authorization, or protection",0.9005742073059082
An anonymous survey will show that 70% of customers are comfortable purchasing streaming movies after 2 weeks using the website.,"not about security, authorization, or protection","not about security, authorization, or protection",0.9024831056594849
An anonymous survey will show that 95% of customers are comfortable using and purchasing pre-paid cards after a month of using the system.,"not about security, authorization, or protection","not about security, authorization, or protection",0.8962089419364929
The product shall retain the customer’s buying preferences and information.,"not about security, authorization, or protection","not about security, authorization, or protection",0.9168346524238586
The product shall be easy for customers with novice skills on the  Internet to purchase and watch streaming movies.  Customers should be able to purchase and watch a pre-determined movie in under 3 minutes.,"not about security, authorization, or protection","not about security, authorization, or protection",0.8625127077102661
The product shall use symbols and words that are naturally understandable by users familiar with websites,"not about security, authorization, or protection","not about security, authorization, or protection",0.9172152280807495
The website will use standard Internet conventions when interacting with the user.,"not about security, authorization, or protection","not about security, authorization, or protection",0.9119765758514404
 Any interface between a user and the automated system shall have a maximum response time of 5 seconds  unless noted by an exception below.,"not about security, authorization, or protection","not about security, authorization, or protection",0.8890941143035889
 When purchasing a streaming movie or pre-paid card via credit card  the processing time should have a maximum response time of 15 seconds.,"not about security, authorization, or protection","not about security, authorization, or protection",0.89236980676651
 When streaming a movie  the buffering time should take no longer than 10 seconds (plus any latency on the user’s connection.),"not about security, authorization, or protection","not about security, authorization, or protection",0.8975473642349243
 While streaming a movie  buffering should only occur if there is latency in the user’s connection.,"not about security, authorization, or protection","not about security, authorization, or protection",0.9000392556190491
 All credit card information will be secured on the server  and only accessible by authorized Izogn administrators.  Information will be encrypted in the database.,"security, authorization, or protection","not about security, authorization, or protection",0.8841739892959595
 The website shall be available for use 24 hours per day  365 days per year.,"not about security, authorization, or protection","not about security, authorization, or protection",0.9070006012916565
The website shall achieve 99.5% up time.,"not about security, authorization, or protection","not about security, authorization, or protection",0.9112721085548401
 All movies shall be streamed on demand  at any time of the day.,"not about security, authorization, or protection","not about security, authorization, or protection",0.9221547842025757
The website shall continue to operate if the streaming server goes down.,"not about security, authorization, or protection","not about security, authorization, or protection",0.9170731902122498
The website shall continue to operate if the payment gateway goes down.,"not about security, authorization, or protection","not about security, authorization, or protection",0.924628734588623
The streaming server will support 50 simultaneous streaming connections.,"not about security, authorization, or protection","not about security, authorization, or protection",0.9160584211349487
The streaming server will support a maximum of 700 movies  new servers can be added to support more movies.,"not about security, authorization, or protection","not about security, authorization, or protection",0.9031118154525757
 The server will support a maximum of 1 000 simultaneous users.,"not about security, authorization, or protection","not about security, authorization, or protection",0.926862359046936
 The website shall be capable of supporting 100 000 customers.,"not about security, authorization, or protection","not about security, authorization, or protection",0.9176995754241943
The product shall be expected to operate within the maximum maintenance budget for a minimum of 2 years.,"not about security, authorization, or protection","not about security, authorization, or protection",0.9014346599578857
All aspects of the website shall be accessed by a web browser over the Internet.,"not about security, authorization, or protection","not about security, authorization, or protection",0.9044429063796997
The same hardware supporting the current website will be used to support the new system.,"not about security, authorization, or protection","not about security, authorization, or protection",0.9064789414405823
 We must be able to interface with the following browsers: IE 5.X  6.0  Netscape 6.x  7.x  8.x and Firefox 1.0.,"not about security, authorization, or protection","not about security, authorization, or protection",0.8716961741447449
Website must interface with the CyberSource API to process credit card transactions.,"not about security, authorization, or protection","not about security, authorization, or protection",0.9184122681617737
Website must be fully operational with MSN TV2.,"not about security, authorization, or protection","not about security, authorization, or protection",0.9196487665176392
Movies shall be encoded and streamed via Windows Media Player 9.0.,"not about security, authorization, or protection","not about security, authorization, or protection",0.9037544131278992
Movies shall be encoded for 56k and 256k streams.,"not about security, authorization, or protection","not about security, authorization, or protection",0.9151360392570496
Promotional updates to the website should take a day to update.,"not about security, authorization, or protection","not about security, authorization, or protection",0.9052309393882751
Izogn Administrator must be able to update the category listings on the website within 2 minutes.,"not about security, authorization, or protection","not about security, authorization, or protection",0.9005657434463501
Izogn Administrator must be able to add new products to the website within 2 minutes.,"not about security, authorization, or protection","not about security, authorization, or protection",0.9066237211227417
The system will provide a 24 hour 800 toll free number for support to its customers.,"not about security, authorization, or protection","not about security, authorization, or protection",0.9115595817565918
The website will provide a help section with answers and solutions to common problems.,"not about security, authorization, or protection","not about security, authorization, or protection",0.9077974557876587
 Velkat staff will be available for phone support between 7am-7pm  M-F to provide technical support to the Izogn administrators.,"not about security, authorization, or protection","not about security, authorization, or protection",0.8897439241409302
The product shall be able to be installed in the specified environment within 1 working day.,"not about security, authorization, or protection","not about security, authorization, or protection",0.8990927338600159
Only registered customers can purchase streaming movies.,"security, authorization, or protection","security, authorization, or protection",0.9179224967956543
 A customer can only stream a movie if they purchased it  and are within the 2 day viewing period.,"security, authorization, or protection","not about security, authorization, or protection",0.9047314524650574
Only authorized personnel can access customer records in the database.,"security, authorization, or protection","not about security, authorization, or protection",0.9180957078933716
Only administrators can activate a pre-paid card.,"security, authorization, or protection","not about security, authorization, or protection",0.9067660570144653
Only authorized personnel can access sales information.,"security, authorization, or protection","not about security, authorization, or protection",0.9193565845489502
The website shall prevent its data from being corrupted when incorrect data is entered in.,"security, authorization, or protection","not about security, authorization, or protection",0.9031774997711182
 The website shall protect itself from intentional abuse  and notify the administrator at all occurrences.,"security, authorization, or protection","not about security, authorization, or protection",0.9043213725090027
Data integrity scripts will be run on a weekly basis to verify the integrity of the database.,"security, authorization, or protection","not about security, authorization, or protection",0.8938233256340027
 The website shall make its user aware of its information practices before collection data from them via a Privacy Policy  accessible on all pages of the website.,"security, authorization, or protection","not about security, authorization, or protection",0.8949254155158997
The system shall notify customers of changes to its information policy.,"security, authorization, or protection","not about security, authorization, or protection",0.9222173094749451
The system shall reveal private information only in compliance with the organization’s information policy.,"security, authorization, or protection","not about security, authorization, or protection",0.897085428237915
 All customer information will be stored on a secure database  accessible only to authorized personnel.,"security, authorization, or protection","not about security, authorization, or protection",0.9129013419151306
All credit card information will be encrypted in the database.,"security, authorization, or protection","not about security, authorization, or protection",0.9178473949432373
The streaming server will have anti-virus software to prevent infection of malicious viruses.,"security, authorization, or protection","not about security, authorization, or protection",0.9111096858978271
The website should cater to all tribes in Nigeria.,"not about security, authorization, or protection","not about security, authorization, or protection",0.903188943862915
The website shall not be offensive to religious or ethnic groups.,"not about security, authorization, or protection","not about security, authorization, or protection",0.9233947396278381
 The website should appeal to all Africans  not only Nigerians.,"not about security, authorization, or protection","not about security, authorization, or protection",0.9129024147987366
The website should use Flash to provide animation on the home page.,"not about security, authorization, or protection","not about security, authorization, or protection",0.9062513113021851
IzognMovies shall meet the licensing requirements set forth by the appropriate organizations in order to stream African movies.,"not about security, authorization, or protection","not about security, authorization, or protection",0.8954616189002991
The website will comply with W3C standards.,"not about security, authorization, or protection","not about security, authorization, or protection",0.9184338450431824
The PHP code will comply with PEAR standards.,"not about security, authorization, or protection","not about security, authorization, or protection",0.9222155213356018
Total lead cycle time must be completed in 5 minutes for 90% of lead volume between the business hours of 8AM CST to 8PM CST  then 3 minutes for 99% of lead volume during off business hours.,"not about security, authorization, or protection","not about security, authorization, or protection",0.8709262609481812
No lead evaluation will complete in a time period longer than 25 seconds for 97% of all leads processed.,"not about security, authorization, or protection","not about security, authorization, or protection",0.903109073638916
For leads that process longer than 25 seconds the system will record the event and duration,"not about security, authorization, or protection","not about security, authorization, or protection",0.9101485013961792
The process must fit within the processing time conditions set forth by the Auto Rep Assignment process in which a lead is assigned within 3 minutes of the total life cycle.,"not about security, authorization, or protection","not about security, authorization, or protection",0.8840062618255615
The lead washing process will operate within the established physical web service structure.,"not about security, authorization, or protection","not about security, authorization, or protection",0.9102353453636169
 The washing process must use a non binding  neutral data format  such as xml  when receiving and processing lead data.,"not about security, authorization, or protection","not about security, authorization, or protection",0.894611656665802
Defect reports will be available to technical units on a 24x7 basis.,"not about security, authorization, or protection","not about security, authorization, or protection",0.9126744270324707
Washing parameters will be updated during scheduled maintenance hours.,"not about security, authorization, or protection","not about security, authorization, or protection",0.9218183159828186
The product shall simulate the look of ships at sea.,"not about security, authorization, or protection","not about security, authorization, or protection",0.9202350974082947
The product shall display the grids within a circle as a view from a periscope.,"not about security, authorization, or protection","not about security, authorization, or protection",0.8976559638977051
The product shall display each type of ship in a grid using an image of the specific type of ship.,"not about security, authorization, or protection","not about security, authorization, or protection",0.8992134928703308
 When the offensive player takes a shot  the product shall simulate the sound of a ship at sea.,"not about security, authorization, or protection","not about security, authorization, or protection",0.8929784297943115
 When a shot is marked as a miss  the product shall simulate the sound of a shot missing its target.,"not about security, authorization, or protection","not about security, authorization, or protection",0.8913270235061646
 When a shot is marked as a hit  the product shall simulate the sound of a shot hitting its target.,"not about security, authorization, or protection","not about security, authorization, or protection",0.892726719379425
 When a ship is sunk  the product shall simulate the sound of a sinking ship.,"not about security, authorization, or protection","not about security, authorization, or protection",0.8985680341720581
 The product shall be available 24 hours per day  seven days per week.,"not about security, authorization, or protection","not about security, authorization, or protection",0.9160661101341248
The product shall able to handle a large number of games simultaneously.,"not about security, authorization, or protection","not about security, authorization, or protection",0.9155328869819641
The response time shall be fast enough to maintain the flow of the game.  The response time shall be no more than 2 seconds for 95% of responses and no more than 4% for the remaining responses.,"not about security, authorization, or protection","not about security, authorization, or protection",0.8743100166320801
The product shall protect the identity of the players. The product shall provide players no access to information that might reveal the identity of another player.,"not about security, authorization, or protection","not about security, authorization, or protection",0.8852602243423462
The product shall be intuitive and self-explanatory.  Nine out ten users shall be able to successfully complete a game with no training.,"not about security, authorization, or protection","not about security, authorization, or protection",0.8868038654327393
 The product shall be available to players who understand English  Spanish and French.  The product shall allow the user to select the language upon accessing the product.,"not about security, authorization, or protection","not about security, authorization, or protection",0.878524661064148
The product shall provide players no access to information that might reveal the identity of another player,"security, authorization, or protection","not about security, authorization, or protection",0.899468183517456
The response time shall be fast enough to maintain the flow of the game. The response time shall be no more than 2 seconds for 95% of responses and no more than 4% for the remaining responses.,"not about security, authorization, or protection","not about security, authorization, or protection",0.8743100166320801
The system shall be easy to use by callers and supervisors. Callers and supervisors must be able to accomplish any system task within 2 minutes.,"not about security, authorization, or protection","not about security, authorization, or protection",0.8768510818481445
The system shall be easy to learn by callers and supervisors. Callers and supervisors shall learn how to use the system within 10 minutes.,"not about security, authorization, or protection","not about security, authorization, or protection",0.8792116045951843
 The system shall be responsive. At the DePaul TeleServices Center  when a supervisor uses the system to view a callers schedule  the system response time must be no more than 2 seconds 90% of the time and no more than 5 seconds the rest of the time.,"not about security, authorization, or protection","not about security, authorization, or protection",0.8564407229423523
 On a 56k connection  the system response time for all operations must be no more than 6 seconds 90% of the time.,"not about security, authorization, or protection","not about security, authorization, or protection",0.8956807255744934
 On a 112k connection or faster  the system response time for all operations must be no more than 3 seconds 90% of the time.,"not about security, authorization, or protection","not about security, authorization, or protection",0.8956941366195679
The system shall have high availability every day of the year.The system must be available for use between 12:00AM and 6:00PM all days of the year.,"not about security, authorization, or protection","not about security, authorization, or protection",0.8830534219741821
The system must be available for use between 7:00AM and 11:59PM all days of the year.,"not about security, authorization, or protection","not about security, authorization, or protection",0.9004866480827332
The product shall be internet browser independent.The product must run using Internet Explorer and Netscape Navigator.,"not about security, authorization, or protection","not about security, authorization, or protection",0.8931273221969604
The product shall ensure that only supervisors can advertise empty time slots.The product must ensure that supervisors are allowed to access advertise empty time slots.,"security, authorization, or protection","not about security, authorization, or protection",0.8749964237213135
The product shall ensure that only supervisors can enter a caller’s schedule.The product must ensure that supervisors are allowed to access advertise empty time slots.,"security, authorization, or protection","not about security, authorization, or protection",0.8819987177848816
The product shall ensure that only supervisors can view schedule of all callers.The product must ensure that supervisors are allowed to access advertise empty time slots.,"security, authorization, or protection","not about security, authorization, or protection",0.8802432417869568
 The interface shall have a simple look. In the interface and usability survey  90% of beta testers must report that the interface is adequately simple.,"not about security, authorization, or protection","not about security, authorization, or protection",0.8973093032836914
 The interface shall be appealing to callers and supervisors. In the interface and usability survey  80% of beta testers must report that the interface is appealing.,"not about security, authorization, or protection","not about security, authorization, or protection",0.8953925371170044
The product shall provide GUI based Monitoring Services.System Administrators shall monitor message exchanges will predict and determine problems and will also provide internal and external support.,"not about security, authorization, or protection","not about security, authorization, or protection",0.8828045129776001
The product shall comply with City of Chicago Application Development Guide Framework.Application Development Framework will provide structured Graphical User Interface.,"not about security, authorization, or protection","not about security, authorization, or protection",0.8936271071434021
The product shall provide Monitoring Services.The product shall be easy for System Administrators and DBAs to use after two weeks of usage.,"not about security, authorization, or protection","not about security, authorization, or protection",0.8862990140914917
The product shall provide Error Tracking Services.The product shall help the System Administrators and DBAs to resolve transaction errors 99% of the time.,"not about security, authorization, or protection","not about security, authorization, or protection",0.8857244253158569
The product shall provide Portals.The product shall help System Administrators to analyze the transactions with ad-hoc reporting and KPIs (Key Performance Indicators),"not about security, authorization, or protection","not about security, authorization, or protection",0.8723246455192566
The product shall provide Asynchronous Messaging.The product shall provide asynchronous messaging to enable parallel processing and reduce the overhead in communications,"not about security, authorization, or protection","not about security, authorization, or protection",0.8866108655929565
The product shall provide Multi-threading and Load Balancing.The product shall provide multi-threading technology as well as load balancing to overcome data load spikes and traffic.,"not about security, authorization, or protection","not about security, authorization, or protection",0.8679686188697815
The product shall process messages within 2 seconds.The product shall have a maximum message processing time of 2 seconds,"not about security, authorization, or protection","not about security, authorization, or protection",0.8985392451286316
The product shall poll the system for messages every second.The product shall poll the system for new messages at a maximum of every 1 second.,"not about security, authorization, or protection","not about security, authorization, or protection",0.8786620497703552
The product shall provide Dynamic Change Support and Transparent resource addition.The product shall support Transparent Resource addition and Dynamic Change support to provide scalability and avoid service interruptions of more than 1 day.,"not about security, authorization, or protection","not about security, authorization, or protection",0.869308590888977
The product shall be available 99% of the time. Rationale: To avoid service interruption during busiest customer service response periods. The product shall be available 99.99% of the time for regular business days.,"not about security, authorization, or protection","not about security, authorization, or protection",0.8729695677757263
The product shall be robust.The product shall have fault avoidance based on standards adoption.,"not about security, authorization, or protection","not about security, authorization, or protection",0.8881888389587402
The product shall be robust with fault tolerance.The product shall have fault tolerance by using recovery technique compensatory transaction and routing around failures.,"not about security, authorization, or protection","not about security, authorization, or protection",0.8871141672134399
The product shall be able to process all transactions.The product shall process minimum of 1 million transactions per year.,"not about security, authorization, or protection","not about security, authorization, or protection",0.8824485540390015
The product shall be platform independent.The product shall enable access to any type of development environment and platform.,"not about security, authorization, or protection","not about security, authorization, or protection",0.8843876719474792
The product shall interface CSR and Datastream.The product shall exchange messages between CSR and EAM on a real time basis without any direct interfaces between two systems.,"not about security, authorization, or protection","not about security, authorization, or protection",0.8816753625869751
 : The product shall continue to operate during upgrade  change or new resource addition.The product shall be able to continue to operate with no interruption in service due to new resource additions.,"not about security, authorization, or protection","not about security, authorization, or protection",0.8750444650650024
The product shall be updated on a regular basis.The product will have a new major feature introduced every six months and quarterly maintenance releases every six months.,"not about security, authorization, or protection","not about security, authorization, or protection",0.8770912885665894
The product shall operate with every platform.The product shall accommodate any new technology without any change in its architecture.,"not about security, authorization, or protection","not about security, authorization, or protection",0.8876639604568481
 The product shall have security.The product shall provide authentication  and authorization.,"security, authorization, or protection","not about security, authorization, or protection",0.9087090492248535
The product shall information Security. The product shall enable privacy by encryption WS-Security and Integrity Checking.,"security, authorization, or protection","not about security, authorization, or protection",0.8960264325141907
The product shall have audit capabilities.The product shall store messages for a minimum of one year for audit and transaction tracking purposes.,"security, authorization, or protection","not about security, authorization, or protection",0.8849539160728455
The system shall use IBM and CCR branding standards. The interface must have one IBM logo and one CCR logo.,"not about security, authorization, or protection","not about security, authorization, or protection",0.8837625980377197
The system shall be displayable on any work computer a CCR user may have. The system interface shall be formatted to display at 800 by 600 pixel resolution.,"not about security, authorization, or protection","not about security, authorization, or protection",0.8881140947341919
The system interface will use CCR nomenclature. The system must use the same nomenclature used in the existing WCS system and reports,"not about security, authorization, or protection","not about security, authorization, or protection",0.8894502520561218
The interface must summarize the data in a fashion that’s appealing to CCR management. Every report type must have at least one high level summary shown in the results dashboard/interface,"not about security, authorization, or protection","not about security, authorization, or protection",0.8796343803405762
The system must use a point and click interface. 100% of all selection and navigation functionality must be able to be activated/selected by either a mouse or a keyboard,"not about security, authorization, or protection","not about security, authorization, or protection",0.8856055736541748
The interface shall be easy to use. 90% of users should be able to successfully use the system to generate a report on their first use. The interface should adhere to IBM usability standards.,"not about security, authorization, or protection","not about security, authorization, or protection",0.8719189763069153
Rreports must be easy to generate. eports must be generated within one button click and exported within one button click (after selecting the report),"not about security, authorization, or protection","not about security, authorization, or protection",0.8857153058052063
A user shall be able to use the system without instruction after a short amount of time. After one use a user should understand and remember 90% of the system usage and navigation.,"not about security, authorization, or protection","not about security, authorization, or protection",0.8723760843276978
All CCR users shall receive training before the WCS system is deployed. One training session will be held for 100% of CCR users before system deployment (based on a CCR user being available),"not about security, authorization, or protection","not about security, authorization, or protection",0.8808329105377197
The WCS system shall use appropriate nomenclature and terminology as defined by the Corporate Community Grants organization. All interfaces and reports will undergo usability tests by CCR users.,"not about security, authorization, or protection","not about security, authorization, or protection",0.8875933289527893
The WCS system shall be available at all times as long as IBM’s internal intranet W3 is accessible. The WCS system will be available 95% of the time IBM’s internal intranet W3 is available.,"not about security, authorization, or protection","not about security, authorization, or protection",0.8734695911407471
The WCS system shall have the ability to connect other designated WCS databases currently not included in the system.,"not about security, authorization, or protection","not about security, authorization, or protection",0.8924927115440369
The WCS system shall have the ability to include data for regions outside the United States and be accessed by users outside of the United States if approved by CCR management.,"not about security, authorization, or protection","not about security, authorization, or protection",0.8835701942443848
The WCS system shall be run in a Windows environment. The WCS shall be accessed by users through the Internet on an IBM computer running a Windows 2000 or above operating system.,"not about security, authorization, or protection","not about security, authorization, or protection",0.8800546526908875
The Brio portion of the WCS system must be able to export files in spreadsheet form (Microsoft Excel and Lotus 1-2-3 formats).  Brio will provide buttons in the user interface that produce/export reports in .xls or .123 file formats.,"not about security, authorization, or protection","not about security, authorization, or protection",0.8593494892120361
The WCS system must run queries to the WCS databases once again (on a specified day) to update the available data available to CCR users. Queries must be made to external databases for data refresh once a week.,"not about security, authorization, or protection","not about security, authorization, or protection",0.8676601648330688
 All changes  updates  and additions to the WCS system shall be updated in the WCS Developer and WCS User Guides. Every change must be reflected in WCS system documentation,"not about security, authorization, or protection","not about security, authorization, or protection",0.8646796941757202
The system shall only be accessed by authorized Corporate Community Grants (CCR) employees. Users must be authenticated using their IBM intranet user name and password.,"security, authorization, or protection","not about security, authorization, or protection",0.8885452747344971
The WCS system shall not allow automatic logins by any user. Cookies containing WCS login information about a user will not be stored on a user’s computer.,"security, authorization, or protection","not about security, authorization, or protection",0.8908963203430176
Each team owner will need to use a username and password in order to be authenticated to reach the team owner’s page,"security, authorization, or protection","not about security, authorization, or protection",0.8785200119018555
The Commissioner will be the only authorized user per league to adjust league settings.,"security, authorization, or protection","not about security, authorization, or protection",0.9071274995803833
Each page shall contain a navigation menu which shows the index into which the current page is contained.,"not about security, authorization, or protection","not about security, authorization, or protection",0.8956288695335388
Each page shall contain a similar format with action items in one location and navigation buttons in a different location.,"not about security, authorization, or protection","not about security, authorization, or protection",0.8903562426567078
The message board shall contain the 5 most recently posted messages on the league page. The messages will contain up to the first 150 characters of the message.,"not about security, authorization, or protection","not about security, authorization, or protection",0.8845340609550476
;A new user shall be able to navigate through the league and team pages within 30 seconds of reaching the start-up page.,"not about security, authorization, or protection","not about security, authorization, or protection",0.894455075263977
Users shall be able to reach the ‘add’  ‘drop’  and ‘trade player’ pages with one click from the team owner’s page.,"not about security, authorization, or protection","not about security, authorization, or protection",0.8888532519340515
;Users shall be able to view at least 25 NFL player statistics and points on each page.,"not about security, authorization, or protection","not about security, authorization, or protection",0.8944206833839417
The application shall ask the user to confirm dropping a player or trading a player before performing the action.,"not about security, authorization, or protection","not about security, authorization, or protection",0.9011592268943787
The application shall be able to complete every user transaction within one fourth of a second of receiving the request over the network.,"not about security, authorization, or protection","not about security, authorization, or protection",0.895889401435852
The application shall have a downtime of at most 10 minutes per year.,"not about security, authorization, or protection","not about security, authorization, or protection",0.9102027416229248
The application shall run on a web application server.,"not about security, authorization, or protection","not about security, authorization, or protection",0.9128631949424744
A primary database will be used to store cached data for active users.,"not about security, authorization, or protection","not about security, authorization, or protection",0.9199599027633667
A secondary database will be used to store historical statistics and data.,"not about security, authorization, or protection","not about security, authorization, or protection",0.9129530787467957
Application updates shall occur between 3AM and 6 AM CST on Wednesday morning during the middle of the NFL season.,"not about security, authorization, or protection","not about security, authorization, or protection",0.8969315886497498
New System version releases shall be released at the beginning of each NFL season.,"not about security, authorization, or protection","not about security, authorization, or protection",0.910978376865387
The RFS system should be available 24/7  especially during the budgeting period. The RFS system shall be available 90% of the time all year  and 98% during the budgeting period. 2% of the time  the system will become available within 1 hour of the time that the situation is reported.,"not about security, authorization, or protection","not about security, authorization, or protection",0.845127284526825
98% of the user workstations shall meet the minimum hardware requirements prior to implementation. Minimum Hard Disk Space:  400MB.,"not about security, authorization, or protection","not about security, authorization, or protection",0.8990469574928284
98% of the user workstations shall meet the minimum software requirements prior to implementation: Microsoft Internet Explorer 5.0. Microsoft .NET Framework 1.1. Microsoft Internet Explorer Web Controls,"not about security, authorization, or protection","not about security, authorization, or protection",0.8742080330848694
The RFS system should be able to easily interface with the BDW environment  in order to load the data. •;7 data files shall be received from the BDW and loaded into the RFS system within 3 hours one day prior to the start of budgeting process  every year. The data will be as of October month-end. ;Test files (7) shall be loaded up to 5 times throughout the year  from the BDW.,"not about security, authorization, or protection","not about security, authorization, or protection",0.8393852114677429
Changes to revenue and expense formulae must be applied to the RFS system  every year  prior to the budgeting process start. Revenue and expense formulae will be updated within one week of their receipt  after which 2 weeks will be allotted to testing of the budget calculations  to be conducted jointly by the project development team and PCG Finance.,"not about security, authorization, or protection","not about security, authorization, or protection",0.8463770151138306
New branches/complexes/districts/regions and revenue/expense accounts added to the BDW  must be reflected in the RFS system. 100% of the entities (mentioned above) available as of October month-end  will be loaded into the RFS system  prior to the budget start process.,"not about security, authorization, or protection","not about security, authorization, or protection",0.8473568558692932
Only authorized user shall access the RFS system. ONLY users that exist in the UAS system  with the RFS system assigned to their role(s)  shall access the RFS system and use it.,"security, authorization, or protection","not about security, authorization, or protection",0.8492971062660217
;User access should be limited to the permissions granted to their role(s) Each level in the PCG hierarchy will be assigned a role and users will be assigned to these roles. Access to functionality within RFS system is dependent on the privileges/permission assigned to the role..,"security, authorization, or protection","not about security, authorization, or protection",0.8508400917053223
The product must comply with the intranet page standards and requirements of ENET Securities. 95% of the product look & feel will be approved by the Architecture group  prior to implementation. The remaining 5% will be corrected and approved within one month of product release.,"not about security, authorization, or protection","not about security, authorization, or protection",0.8583905696868896
 The intranet pages should display appropriately in all resolutions  from 800x600 and higher. The display of all the pages will be correct in 95% of the resolutions  prior to implementation. The remaining 5% will be corrected within a week of notification of the incorrect display.,"not about security, authorization, or protection","not about security, authorization, or protection",0.8648130297660828
The users should be able to easily use the system to successfully complete their budgets  within the stipulated time for completion. With a week of training prior to product implementation  98% of the users shall complete their budgets within the stipulated time.,"not about security, authorization, or protection","not about security, authorization, or protection",0.8710143566131592
The product interface should be fast. The response time of the product interface should not exceed 2 seconds 90% of the time. For 10% of the time  the response time should not be more than 10 seconds.not be more than 10 seconds.,"not about security, authorization, or protection","not about security, authorization, or protection",0.8638190031051636
