,precision,recall,f1-score,support
"vulnerability, securing. protecting, protection, cybersecurity, assurance, cyber, countermeasure, threat, privacy, authentication, prevention, or confidentiality",0.8178913738019169,0.8421052631578947,0.8298217179902755,304.0
"not about vulnerability, securing. protecting, protection, cybersecurity, assurance, cyber, countermeasure, threat, privacy, authentication, prevention, or confidentiality",0.15789473684210525,0.13636363636363635,0.14634146341463414,66.0
accuracy,0.7162162162162162,0.7162162162162162,0.7162162162162162,0.7162162162162162
macro avg,0.4878930553220111,0.4892344497607655,0.4880815907024548,370.0
weighted avg,0.7001622439658424,0.7162162162162162,0.7079036185254314,370.0
