,precision,recall,f1-score,support
"vulnerability, securing. protecting, protection, cybersecurity, assurance, cyber, countermeasure, threat, privacy, authentication, prevention, or confidentiality",0.8518518518518519,0.45394736842105265,0.592274678111588,304.0
"not about vulnerability, securing. protecting, protection, cybersecurity, assurance, cyber, countermeasure, threat, privacy, authentication, prevention, or confidentiality",0.20192307692307693,0.6363636363636364,0.3065693430656934,66.0
accuracy,0.4864864864864865,0.4864864864864865,0.4864864864864865,0.4864864864864865
macro avg,0.5268874643874644,0.5451555023923444,0.4494220105886407,370.0
weighted avg,0.735918610918611,0.4864864864864865,0.54131102375205,370.0
