,precision,recall,f1-score,support
"vulnerability, security, protection, cybersecurity, assurance, countermeasure, threat, privacy, authentication, prevention, confidentiality, trusted, intrusion, compromise, safety, insecure, defensive, breach, proactive, tampering, penetration, policy, phishing, vulnerable, authorization, dependability, or certification",0.8201634877384196,0.9901315789473685,0.8971684053651268,304.0
"usability, performance, operational, look & feel, legal, fault & tolerance, maintainability, scalability, availability, or portability",0.0,0.0,0.0,66.0
accuracy,0.8135135135135135,0.8135135135135135,0.8135135135135135,0.8135135135135135
macro avg,0.4100817438692098,0.49506578947368424,0.4485842026825634,370.0
weighted avg,0.6738640547904853,0.8135135135135135,0.7371329600837798,370.0
