,precision,recall,f1-score,support
"vulnerability, securing. protecting, protection, cybersecurity, assurance, cyber, countermeasure, threat, privacy, authentication, prevention, or confidentiality",0.8295081967213115,0.8322368421052632,0.8308702791461412,304.0
"not about vulnerability, securing. protecting, protection, cybersecurity, assurance, cyber, countermeasure, threat, privacy, authentication, prevention, or confidentiality",0.2153846153846154,0.21212121212121213,0.21374045801526717,66.0
accuracy,0.7216216216216216,0.7216216216216216,0.7216216216216216,0.7216216216216216
macro avg,0.5224464060529634,0.5221790271132376,0.5223053685807042,370.0
weighted avg,0.7199618281585495,0.7216216216216216,0.7207876624038771,370.0
