,precision,recall,f1-score,support
"vulnerability, security, protection, cybersecurity, assurance, countermeasure, threat, privacy, authentication, prevention, confidentiality, trusted, intrusion, compromise, safety, insecure, defensive, breach, proactive, tampering, penetration, policy, phishing, vulnerable, authorization, dependability, or certification",0.8682634730538922,0.9539473684210527,0.9090909090909091,304.0
"usability, performance, operational, look & feel, legal, fault & tolerance, maintainability, scalability, availability, or portability",0.6111111111111112,0.3333333333333333,0.43137254901960786,66.0
accuracy,0.8432432432432433,0.8432432432432433,0.8432432432432433,0.8432432432432433
macro avg,0.7396872920825017,0.643640350877193,0.6702317290552584,370.0
weighted avg,0.8223930517343689,0.8432432432432433,0.8238762826998122,370.0
