,precision,recall,f1-score,support
"vulnerability, securing. protecting, protection, cybersecurity, assurance, cyber, countermeasure, threat, privacy, authentication, prevention, or confidentiality",0.5245901639344263,0.10526315789473684,0.17534246575342466,304.0
"not about vulnerability, securing. protecting, protection, cybersecurity, assurance, cyber, countermeasure, threat, privacy, authentication, prevention, or confidentiality",0.11974110032362459,0.5606060606060606,0.1973333333333333,66.0
accuracy,0.1864864864864865,0.1864864864864865,0.1864864864864865,0.1864864864864865
macro avg,0.32216563212902544,0.3329346092503987,0.18633789954337898,370.0
weighted avg,0.45237384447952655,0.1864864864864865,0.1792651610514624,370.0
