Requirement text,Gold label,Predicated label,ZSL score
The system shall refresh the display every 60 seconds.,not about security,security,0.15473981201648712
The application shall match the color of the schema set forth by Department of Homeland Security,not about security,not about security,0.27765488624572754
 If projected  the data must be readable.  On a 10x10 projection screen  90% of viewers must be able to read Event / Activity data from a viewing distance of 30,not about security,not about security,0.0776667594909668
 The product shall be available during normal business hours. As long as the user has access to the client PC  the system will be available 99% of the time during the first six months of operation.,not about security,security,0.14566095173358917
 If projected  the data must be understandable. On a 10x10 projection screen  90% of viewers must be able to determine that Events or Activities are occuring in current time from a viewing distance of 100,not about security,not about security,0.07242485880851746
The product shall ensure that it can only be accessed by authorized users.  The product will be able to distinguish between authorized and unauthorized users in all access attempts,security,security,0.36498188972473145
The product shall be intuitive and self-explanatory.  :  90% of new users shall be able to start the display of Events or Activities within 90 minutes of using the product.,not about security,not about security,0.15975642204284668
The product shall respond fast to keep up-to-date data in the display.,not about security,security,0.1343565434217453
The look and feel of the system shall conform to the user interface standards of the smart device.,not about security,security,0.18287181854248047
 The user interface shall have standard menus  buttons for navigation,not about security,not about security,0.10179881006479263
The system shall have a professional appearance,not about security,security,0.24258601665496826
The product shall have a consistent color scheme and fonts.,not about security,security,0.1268167644739151
The system shall be used by realtors with no training.,not about security,not about security,0.12224556505680084
The system shall be intuitive and self explanatory.,not about security,security,0.18834036588668823
The product shall be easy for a realtor to learn.,not about security,security,0.11401799321174622
The product shall use symbols and words that are naturally understandable by the realtor community.,not about security,security,0.06406344473361969
The product shall produce search results in an acceptable time,not about security,not about security,0.1216667965054512
The search results shall be returned no later 30      seconds  after the user has entered the search criteria,not about security,not about security,0.06871279329061508
The product shall generate a CMA report in an acceptable time.,not about security,security,0.06245747208595276
The CMA report shall be returned no later 60 seconds after the user has entered the CMA report criteria.,not about security,not about security,0.01646309904754162
The product shall synchronize contacts and appointments in an acceptable time.,not about security,security,0.07499411702156067
The product shall synchronize with the office system every hour.,not about security,security,0.13732501864433289
 The product shall be available for use 24 hours per day  365 days  per year,not about security,security,0.13896387815475464
 Out of 1000 accesses to the system  the system is available 999 times.,not about security,security,0.2652845084667206
The product shall operate in offline mode whenever internet connection is unavailable.,not about security,security,0.13101762533187866
 The product shall allow the user to view previously downloaded search results  CMA reports  and appointments.,not about security,not about security,0.050083793699741364
The product shall retain user preferences in the event of a failure.,not about security,security,0.16651888191699982
100% of saved user preferences shall be restored when system comes back online.,not about security,security,0.08956848084926605
The product shall be able to support multiple remote users,not about security,security,0.2655584514141083
The product shall be able support 1000 simultaneous users.,not about security,not about security,0.12219347804784775
The product shall be capable of handling the existing 1000 users. This number is expected to grow 5 times within the next year.,not about security,security,0.17358069121837616
The product shall be installed by an untrained realtor   without recourse to separately-printed instructions.,not about security,not about security,0.1199830025434494
90% of untrained realtors shall be able to install the product on their device without printed instructions,not about security,security,0.1361045241355896
The product is expected to run on Windows CE and Palm operating systems.,not about security,not about security,0.06805869936943054
Only registered realtors shall be able to access the system.,security,security,0.17471455037593842
Every user of the system shall be authenticated and authorized.,security,security,0.36506107449531555
The product shall prevent its data from incorrect data being introduced.,security,security,0.21214333176612854
The system shall be easy to use by the Program Administrators/Nursing Staff Members.,not about security,security,0.17941753566265106
All of the users shall be able to use the system after one day of training.,not about security,security,0.21787956357002258
The system shall help the user avoid making mistakes while scheduling classes and clinicals for the nursing students.,not about security,security,0.11540261656045914
The number of mistakes noted by the students shall be decreased by 50% in the first year.,not about security,security,0.01044398732483387
The system shall be intuitive to the Program Administrators/Nursing Staff Members.,not about security,security,0.17482292652130127
2 out of 3 Program Administrators/Nursing Staff Members shall successfully be able to use the system to manage the scheduling of classes and clinicals.,not about security,security,0.16251912713050842
The system shall use symbols and words that are naturally understandable by the user community.,not about security,security,0.2004375010728836
The verbiage used within the system shall be consistent with Standard English and the terminology of the national Nursing Community.,not about security,security,0.03822411969304085
Staff members shall be able to complete a set of tasks in a timely manner.,not about security,security,0.11900851875543594
The response time of general student management tasks shall take no longer than 5 seconds and the response time of schedule generation shall take no longer than 30 seconds.,not about security,not about security,0.06433181464672089
The system shall be available for use between the hours of 8am and 6pm.,not about security,security,0.12392385303974152
The system shall achieve 95% up time.,not about security,security,0.16945797204971313
system shall be able to handle all of the user requests/usage during business hours.,not about security,security,0.23010103404521942
The system shall cater to 10 simultaneous users from 9am to 5pm.,not about security,security,0.14462821185588837
The system shall be capable of processing 100% of nursing students and their classes for the next 10 years.,not about security,security,0.03711790218949318
The system shall be expected to manage the nursing program curriculum and class/clinical scheduling for a minimum of 5 years.,not about security,security,-0.006724949926137924
The system shall able to operate within a business office environment typical of the Nursing Department at DePaul University.,not about security,security,0.09379228949546814
The system shall be used within the specifications defined by the computers used by the Program Administrators/Nursing Staff Members.,not about security,security,0.168866828083992
The system shall operate within the Windows XP Professional operating system.,not about security,security,0.10966670513153076
The system shall interface with CampusConnect’s central server,not about security,security,0.18168099224567413
The system shall interface with the faculty central server.,not about security,security,0.23094135522842407
The system shall interface with the student master server.,not about security,security,0.17853397130966187
We must be able to interface with any HTML browser.,not about security,not about security,0.1893768608570099
Only authorized users shall have access to clinical site information.,security,not about security,0.22598041594028473
Program Administrators/Nursing Staff Members are the only people who shall have access to clinical site details.,security,not about security,0.14709879457950592
Only authorized users shall have access to students’ personal information.,security,security,0.31972336769104004
Dr Susan Poslusny and Dr Julie Donalek are the only people who shall have access to students’ personal information.,security,security,0.16671830415725708
Only authorized users shall have access to the portion of the system that interfaces with CampusConnect.,security,security,0.27279186248779297
Fit Criterion: Dr Susan Poslusny and Karen Sysol are the only people who shall have access to the final class section scheduling for the system that interfaces with CampusConnect.,security,security,0.16772764921188354
The system shall have basic data integrity checking to reduce the possibility of incorrect or invalid data being introduced.,security,security,0.2313050925731659
The system shall protect private information in accordance with the organization’s information policy.,security,security,0.35284921526908875
The system shall be built such that it is as secure as possible from malicious interference.,security,security,0.44811344146728516
The system shall use the organization’s standard virus protection software to help monitor threats to itself.,security,security,0.3253614008426666
The Disputes application shall comply with the corporate standards for user interface creation for internally and externally used applications.,not about security,security,0.11679427325725555
All screens created as part of the Disputes application must comply with corporate standards for interface creation.,not about security,not about security,0.06256251037120819
The list of dispute cases that are displayed after a search is performed must be color coded for easy identification of dispute cases based upon the dispute case status.,not about security,not about security,0.01909693330526352
100% of the cardmember and merchant services representatives shall use the Disputes application regularly after a 2-day training course.,not about security,security,0.07910316437482834
100% of cardmember services representatives shall be able to successfully create a dispute case on the first encounter after completing the training course.,not about security,security,0.0608496218919754
100% of merchant services representatives shall be able to successfully perform a follow up action on a dispute case on the first encounter after completing the training course.,not about security,security,0.03574879467487335
The maximum wait time for a user navigating from one screen to another within the Disputes application shall be no more than 5 seconds.,not about security,not about security,0.15348228812217712
The Disputes application shall support 350 concurrent users without any degradation of performance in the application.,not about security,not about security,0.17245952785015106
 The Disputes application shall be available 24x7x365  with the exception of the following scheduled maintenance windows.  Monday – Saturday 3:00am to 4:00am EST Sunday 1:00amd to 5:00am EST,not about security,not about security,0.1396285891532898
The Disputes application shall interface with the Statement Database. The Statement Database provides the transaction details to the Disputes System. All transaction details must be obtained from the Statement Database,not about security,not about security,0.06220146641135216
The Disputes application shall interface with the Cardmember Information Database.  The Cardmember Information Database provides detailed information with regard to a cardmember.  All cardmember detail information must be obtained from the Cardmember Information Database.,not about security,not about security,0.08915715664625168
The Disputes applications shall interface with the Merchant Information Database.  The Merchant Information Database provides detailed information with regard to the merchant. All merchant detail information shall be obtained from the Merchant Information Database.,not about security,not about security,0.033375728875398636
The Disputes application shall interface with the Letters application.  This will allow the Disputes application to request letters as part of the dispute initiation and dispute follow up process. All letter requests must be sent to the Print Letter Utility application.,not about security,not about security,-0.02005508542060852
The Disputes application shall interface with the Cardmember Posting and Billing System.  This will allow the Disputes application to request adjustments to cardmember and merchant’s accounts. All adjustment requests must be sent to the Cardmember Posting and Billing System.,not about security,security,0.07113300263881683
The Disputes application shall ensure that only users with the appropriate access level are allowed to initiate dispute requests.,security,security,0.1749262809753418
Only users with Update access must be able to initiate dispute requests.,security,security,0.19617845118045807
The Disputes application shall ensure that only authorized users are allowed to logon to the application.,security,security,0.233429417014122
 All authorized users  once authenticated must be able to logon to the Disputes System,security,security,0.24285247921943665
The Disputes System shall generate a User Report that details any new users that have been added and any changes to an existing user’s access level.  The report will be reviewed for auditing purposes.,security,security,0.2293872982263565
All additions of new users and modifications to user’s access shall be recorded on the User Report.,security,security,0.17189626395702362
 If a user account is revoked  it can only be re-instantiated by the System Administrator.,security,security,0.07971081882715225
Only the System Administrator shall be able to reset a revoked user logon account,security,security,0.13006237149238586
The Disputes application shall manipulate and view business data. Users will not have direct access to data files or databases.,security,not about security,0.23670600354671478
All updates to data files or database must be initiated from the Disputes System.,security,security,0.08222661167383194
The Disputes application must conform to the legal requirements as specified by the Merchant Operating Regulations.,not about security,security,0.007487103343009949
All business rules specified in the Disputes System shall be in compliance with the Merchant Operating Regulations.,not about security,security,0.046287745237350464
The Disputes application must conform to the legal requirements as specified by Regulation E and Regulation Z that govern credit card disputes processing.,not about security,security,0.07032263278961182
All business rules specified in the Disputes System shall be in compliance to the guidelines of Regulation E and Regulation Z.,not about security,security,0.07186832278966904
The Disputes application must maintain a detailed history of every action that a user takes on a dispute case.  This ensures a complete audit trail if questions arise later on with regard to a particular dispute case.,not about security,not about security,0.04805745556950569
All actions that modify an existing dispute case must be recorded in the case history.,not about security,not about security,0.029495254158973694
The product must support Internet Explorer 5.5 and above.,not about security,not about security,0.06024082750082016
The product must support Mozilla Firefox 1.0 and above.,not about security,not about security,0.07030822336673737
The product shall interface with the Choice Parts System.  This provides the feed of recycled parts data.,not about security,security,0.060996390879154205
The product shall run on the existing hardware for all environments.,not about security,not about security,0.10729509592056274
The product shall adhere to the corporate Architecture guidelines,not about security,security,0.12638762593269348
The product shall comply with corporate User Interface Guidelines,not about security,security,0.21011918783187866
The product shall comply with corporate color scheme,not about security,security,0.2094043791294098
The appearance of the product shall appear professional,not about security,security,0.16618715226650238
The product shall be easy to use by Adjusters and Collision Estimators.  95% of Adjusters and Collision Estimators shall find the product easy to use.,not about security,security,0.11255097389221191
The product shall increase productivity of Collision Estimators. 80% of the Collision Estimators shall agree their productivity has increase within 1 month of using the product.,not about security,security,0.08338034898042679
Users shall feel satisfied using the product.  85% of all users will be satisfied with the product.,not about security,security,0.17373745143413544
The product shall be easy to learn by Adjusters and Collision Estimators.  The product shall be learned with two days onsite training,not about security,not about security,0.16404277086257935
The user shall easily locate instructions while using the product.  User help can be found within 90% of the system.,not about security,not about security,0.1273219734430313
The search for recycled parts shall take no longer than 15 seconds.  The search results shall be returned in under 15 seconds.,not about security,not about security,0.06031090393662453
The search for the preferred repair facility shall take no longer than 8 seconds.  The preferred repair facility is returned within 8 seconds,not about security,not about security,0.10493826121091843
The recycled parts audit report shall be returned to the user within 10 seconds.  The audit report shall be returned within 10 seconds.,not about security,not about security,0.08127113431692123
The preferred repair facility ratings shall be saved within 5 seconds. The save shall occur within 5 seconds.,not about security,security,0.10959281772375107
The product shall adhere to the corporate online availability schedule.  The application is brought down only within 98% of the scheduled outages per the availability schedule.,not about security,security,0.1673162281513214
The product shall achieve a 98% uptime. The product shall not fail more than 2% of the available online time.,not about security,security,0.17177705466747284
The product shall be able to handle up to 1500 simultaneous users. The system shall perform with 1500 users as a time.,not about security,security,0.1266845166683197
 The average number of recycled parts records per day shall be 50 000.,not about security,security,-0.007978775538504124
 The product shall be able to handle 10 000 concurrent users within 2 years of the initial launch.,not about security,security,0.12186840921640396
 For estimators  the product shall be able to be operated in a repair facility during dirty and noisy conditions.,not about security,security,0.12573055922985077
The product shall interface with the ChoiceParts system once per day at approximately 1:00 AM.,not about security,security,0.11631428450345993
The maintenance of the product will fall within the established corporate maintenance windows.,not about security,security,0.08168686181306839
The product shall be supported using the corporate support center.,not about security,security,0.07104666531085968
Product installations and upgrades shall be handled by the middleware technology team within established launch time frames.,not about security,security,0.12182405591011047
Only adjusters can request recycled parts audit reports. No users without an adjuster role shall request recycled parts audits.,security,security,0.07005853950977325
Only adjusters with a supervisor role can update preferred repair facility ratings. Users without the supervisor role cannot access the repair facility ratings.,security,security,0.06240496039390564
Only collision estimators shall search for recycled parts.  Users without the collision estimator role shall not have access to the search for recycled parts.,security,not about security,0.13247932493686676
Only valid data shall be entered into the system.  No invalid data shall be entered into the system.,security,security,0.28464728593826294
One insurance company shall not be able to view another insurance companys claim data.,security,not about security,0.2355809360742569
The product shall free of computer viruses.,security,security,0.33306944370269775
The system shall prevent malicious attacks including denial of service.,security,security,0.3988943099975586
The product must comply with Sarbanes-Oxley.,not about security,security,0.2008703052997589
The product shall comply with the estimatics laws relating to recycled parts usage.,not about security,security,0.05805245414376259
The product shall comply with insurance regulations regarding claims processing.,not about security,security,0.15187114477157593
 The product must work with most database management systems (DBMS) on the market  whether the DBMS is colocated with the product on the same machine or is located on a different machine on the computer network.,not about security,security,0.09199854731559753
The product will function alongside server software on any operating system where the Java runtime can be installed.,not about security,security,0.05973495543003082
The product will require collaboration with a database management system (DBMS).  The DBMS may be located on the same machine as the product or on a separate machine residing on the same computer network.,not about security,security,0.0781865045428276
 The product must make use of web/application server technology.  Open source examples include Apache web server  Tomcat  and the JBoss application server.,not about security,security,0.06255485117435455
 A database management system such as Oracle  DB2  MySql or HSQL will need to be integrated with the product.,not about security,security,0.07991117238998413
 The product’s Look and Feel shall be able to incorporate aspects of the customer’s organization such as logo  branding  and identity,not about security,security,0.13304691016674042
The product shall have a conservative and professional appearance.,not about security,security,0.20455512404441833
The product shall make the users want to use it. 80% of the users surveyed report they are regularly using the product after the first 2 weeks post-launch.,not about security,security,0.13654689490795135
The product shall be easy to use. 90% of users will be able to successfully reserve a conference room within 5 minutes of product use.,not about security,security,0.18055781722068787
The product shall give users feedback when necessary. 80% of the users surveyed report that the product accurately confirms their actions.,not about security,security,0.1716042160987854
The product shall allow the user to select a chosen language from one of the target market countries.,not about security,security,0.06043067201972008
The product shall allow for customization of start page and views preferences.,not about security,not about security,0.1105710044503212
 An employee will be able to successfully use the product within a few minutes.  After informally navigating the product for less than 15 minutes  users shall be able to successfully setup meetings and reserve conference rooms.,not about security,security,0.14357882738113403
The product shall use a standard navigation menu familiar to most web users.,not about security,security,0.08212775737047195
The product shall allow for intuitive searching of available conference rooms.,not about security,security,0.061760514974594116
The product shall conform to the Americans with Disabilities Act.,not about security,security,0.1894315481185913
The response shall be fast enough to avoid interrupting the user’s flow of thought.  90% of tasks shall complete within 5 seconds.  98% of tasks shall complete within 8 seconds.,not about security,not about security,0.11430081725120544
 Aside from server failure  the software product shall achieve 99.99% up time.,not about security,security,0.18332740664482117
The product shall create an exception log of problems encountered within the product for transmission to our company for analysis and resolution.,not about security,security,0.12996524572372437
 The product shall be capable of handling up to 1 000 concurrent requests.  This number will increase to 2 000 by Release 2.  The concurrency capacity must be able to handle peak scheduling times such as early morning and late afternoon hours.,not about security,security,0.07482504844665527
 The product shall be able to process 10 000 transactions per hour within two years of its launch.  This number will increase to 20 000 by Release 2.,not about security,not about security,0.08965908735990524
The product shall be expected to operate for at least 5 years for each customer installation.,not about security,security,0.1172366812825203
The product shall be used in office environments.,not about security,security,0.16559863090515137
The product must be able to interface with any HTML browser.  The product shall transmit data between the user and the product without problems. The product shall display HTML properly in 80% of all HTML browsers tested (minimum is to test 8 browsers).,not about security,security,0.09829621016979218
The product must be able to interface with various database management systems. The product shall communicate successfully with the database management system on 100% of all transactions.,not about security,security,0.11430339515209198
The product must be able to interface with various email servers. The product shall be able to send email.,not about security,security,0.13488547503948212
The product shall be available for distribution via the Internet as a binary or ZIP file.,not about security,security,0.11436095833778381
The product shall be available for distribution as a packaged CD.,not about security,security,0.07974433898925781
 The product will be available for licensing as a one-server  two-five servers  or five-or-more servers license.,not about security,security,0.11450588703155518
A new user must be able to be added to the system within 10 minutes.  90% of new users are able to log into the system within 10 minutes.,not about security,security,0.15472924709320068
The product must be designed using Design Patterns and coding best practices.  90% of maintenance software developers are able to integrate new functionality into the product with 2 working days.,not about security,security,0.04532698541879654
The product must be highly configurable for use with various database management systems for the end users.  80% of end users are able to integrate new database management systems with the product without changing the product’s software code.,not about security,security,0.08065662533044815
Maintenance releases will be offered to customers once a year.  The releases shall take no longer than 5 minutes for 80% of the customer base to install.,not about security,security,0.09884053468704224
Every registered user will have access to the product’s support site via the Internet.  70% of registered users shall find a solution to their problem within 5 minutes of using the support site.,not about security,security,0.2214820832014084
The customer shall be able to easily integrate new building maps with the product throughout the product’s lifecycle.  Integration of new maps with the product shall be possible with little to no support from product support staff.,not about security,security,0.08076150715351105
 The product shall be translated into foreign languages other than the target market countries’ languages in future releases.  For each emerging target market  it shall take no more than 5 days to configure the product for that market’s language.,not about security,security,-0.0027567092329263687
 The product is expected to integrate with multiple database management systems.  The product will operate with Oracle  SQL Server  DB2  MySQL  HSQL  and MS Access.,not about security,security,0.10876792669296265
The product shall be able to be installed in any operating environment within 2 days.,not about security,not about security,0.13340629637241364
The product shall ensure that only company employees or external users with company-approved user IDs may have product access.  100% of all logons shall be by either company employees or external users with company-approved user IDs.,security,security,0.25777679681777954
Only managers are able to perform search queries for reservations by user.  100% of all search queries for reservations by user shall be from logons of only management logons.,security,security,0.13983669877052307
The product shall ensure that the database’s data corresponds to the data entered by the user.  Each conference room reservation in the system will contain the same information as was entered by the user.,security,security,0.18032751977443695
The product shall prevent the input of malicious data.  The product and/or adjacent hardware/software systems’ data shall remain 100% uncorrupted each time malicious data is input into the product.,security,security,0.32537540793418884
The product and/or dependent databases/filesystems shall remain operational as a result of the input of malicious data.  The product and/or dependent databases/filesystems shall not crash 100% of the time that malicious data is input into the product.,not about security,security,0.2530384659767151
The product shall have the ability to receive automatic software updates as new threats emerge.  100% of customers will be able to receive automatic software updates transmitted to the installed product.,security,security,0.24375669658184052
The language of the product shall accommodate all of the target market countries. 90% of survey respondents from each target market country will find that the language of the product is acceptable.,not about security,security,0.03977368026971817
The product shall be able to display calendar dates and times according to the user’s locale.  90% of survey respondents from each target market country will find that the date and time formatting of the product is correct.,not about security,security,0.030890371650457382
The product must be developed with the J2SE/J2EE programming language libraries,not about security,not about security,0.0847461149096489
Recreation of Inventory Quantity Adjustment for the period of previous 30 days shall take no more than 30min.,not about security,not about security,0.03975221514701843
The System shall allow for a minimum of  6 users to work at the same time.,not about security,security,0.20441581308841705
The System shall utilize currently owned computer equipment.,not about security,security,0.2760487198829651
The System shall be able to automatically backup business data and restore them on demand.,not about security,security,0.15069888532161713
The System shall maintain consistent security.  Any changes in user passwords and/or permissions should take affect in all parts of the System.,security,security,0.40142762660980225
The System shall granularly control access rights to all major subsystems.  It should be possible to assign access rights to all subsystems independently.,security,security,0.23676492273807526
The System shall meet all applicable accounting standards.  The final version of the System must successfully pass independent audit performed by a certified auditor.,not about security,security,0.07433734089136124
The System shall not require additional third party licenses resulting in royalty fees.,not about security,not about security,0.09242014586925507
Administrator shall be able to activate a pre-paid card via the Administration section in under 5 seconds.,not about security,security,0.11574478447437286
 Customer shall be able to check the status of their prepaid card  by entering in the PIN number  in under 5 seconds.,not about security,not about security,0.12022808939218521
System shall let customers register on the website as a “pay as you go” user in under 5 minutes.,not about security,security,0.12109072506427765
System shall let customers register on the website as a “unlimited movie subscriber” user in under 10 minutes.,not about security,security,0.14771683514118195
System shall let existing customers log into the website with their email address and password in under 5 seconds.,not about security,not about security,0.24387285113334656
 System shall let customers cancel their account  process shall take no longer than 2 minutes.  Database will mark the account as inactive  and user will not be able to log into the website.,not about security,security,0.1244020164012909
System shall let administrator de-activate a customer account in under 1 minute. Customer will no longer be able to access the website.,not about security,security,0.17782409489154816
System shall let administrator add/remove movies on the website in under 5 minutes.  Entered movie information will be stored in the database and will now be available on the website.,not about security,security,0.13789360225200653
System shall let the administrator add/remove categories on the website in under 5 minutes.,not about security,not about security,0.10987286269664764
System shall let Izogn Manager access sales and usage statistics in under 2 minutes.,not about security,not about security,0.16620922088623047
System shall let administrators generate unique pre-paid pins in under 2 minutes and generate an Excel file with the generated PINs.,not about security,not about security,0.17612680792808533
The website shall be attractive to all audiences.  The website shall appear to be fun and the colors should be bright and vibrant.,not about security,security,0.16070789098739624
 The website should have an African feel  but should not alienate non-Africans.  The website should use animation on pages which are describing the services  to grab the users attention and encourage them to sign up.,not about security,security,0.15807418525218964
 The website design should be modern  clean  and concise.,not about security,not about security,0.14586365222930908
The product should be able to be used by 90% of novice users on the Internet.,not about security,security,0.2188277244567871
 Users should only have to navigate through a maximum of 4 pages  to create an account with the website.,not about security,not about security,0.08960551023483276
Users should be able to access their streaming movies in under 2 clicks after logging into the website.,not about security,not about security,0.1569526493549347
An anonymous survey will show that 70% of customers are comfortable purchasing streaming movies after 2 weeks using the website.,not about security,security,0.12539713084697723
An anonymous survey will show that 95% of customers are comfortable using and purchasing pre-paid cards after a month of using the system.,not about security,security,0.135341614484787
The product shall retain the customer’s buying preferences and information.,not about security,security,0.14852219820022583
The product shall be easy for customers with novice skills on the  Internet to purchase and watch streaming movies.  Customers should be able to purchase and watch a pre-determined movie in under 3 minutes.,not about security,not about security,0.08270729333162308
The product shall use symbols and words that are naturally understandable by users familiar with websites,not about security,security,0.181752011179924
The website will use standard Internet conventions when interacting with the user.,not about security,security,0.17245636880397797
 Any interface between a user and the automated system shall have a maximum response time of 5 seconds  unless noted by an exception below.,not about security,not about security,0.1243555024266243
 When purchasing a streaming movie or pre-paid card via credit card  the processing time should have a maximum response time of 15 seconds.,not about security,not about security,0.06182613968849182
 When streaming a movie  the buffering time should take no longer than 10 seconds (plus any latency on the user’s connection.),not about security,not about security,0.05224079266190529
 While streaming a movie  buffering should only occur if there is latency in the user’s connection.,not about security,not about security,0.10302026569843292
 All credit card information will be secured on the server  and only accessible by authorized Izogn administrators.  Information will be encrypted in the database.,security,security,0.32101622223854065
 The website shall be available for use 24 hours per day  365 days per year.,not about security,security,0.11114846169948578
The website shall achieve 99.5% up time.,not about security,not about security,0.14598292112350464
 All movies shall be streamed on demand  at any time of the day.,not about security,not about security,0.06821596622467041
The website shall continue to operate if the streaming server goes down.,not about security,security,0.08558470010757446
The website shall continue to operate if the payment gateway goes down.,not about security,security,0.07659320533275604
The streaming server will support 50 simultaneous streaming connections.,not about security,security,0.026071276515722275
The streaming server will support a maximum of 700 movies  new servers can be added to support more movies.,not about security,not about security,0.0525287389755249
 The server will support a maximum of 1 000 simultaneous users.,not about security,security,0.13145294785499573
 The website shall be capable of supporting 100 000 customers.,not about security,security,0.04314394295215607
The product shall be expected to operate within the maximum maintenance budget for a minimum of 2 years.,not about security,security,0.05970136076211929
All aspects of the website shall be accessed by a web browser over the Internet.,not about security,security,0.18328334391117096
The same hardware supporting the current website will be used to support the new system.,not about security,security,0.11867520213127136
 We must be able to interface with the following browsers: IE 5.X  6.0  Netscape 6.x  7.x  8.x and Firefox 1.0.,not about security,not about security,0.11113794147968292
Website must interface with the CyberSource API to process credit card transactions.,not about security,security,0.1696173995733261
Website must be fully operational with MSN TV2.,not about security,not about security,0.19159357249736786
Movies shall be encoded and streamed via Windows Media Player 9.0.,not about security,not about security,0.11027643084526062
Movies shall be encoded for 56k and 256k streams.,not about security,not about security,0.17192032933235168
Promotional updates to the website should take a day to update.,not about security,not about security,0.09100712835788727
Izogn Administrator must be able to update the category listings on the website within 2 minutes.,not about security,not about security,0.11249016225337982
Izogn Administrator must be able to add new products to the website within 2 minutes.,not about security,not about security,0.13763365149497986
The system will provide a 24 hour 800 toll free number for support to its customers.,not about security,security,0.08365461975336075
The website will provide a help section with answers and solutions to common problems.,not about security,security,0.14386747777462006
 Velkat staff will be available for phone support between 7am-7pm  M-F to provide technical support to the Izogn administrators.,not about security,not about security,0.09696893393993378
The product shall be able to be installed in the specified environment within 1 working day.,not about security,not about security,0.14448976516723633
Only registered customers can purchase streaming movies.,security,not about security,0.16208665072917938
 A customer can only stream a movie if they purchased it  and are within the 2 day viewing period.,security,not about security,0.13459880650043488
Only authorized personnel can access customer records in the database.,security,not about security,0.22262272238731384
Only administrators can activate a pre-paid card.,security,not about security,0.1915551722049713
Only authorized personnel can access sales information.,security,not about security,0.25300121307373047
The website shall prevent its data from being corrupted when incorrect data is entered in.,security,security,0.26327723264694214
 The website shall protect itself from intentional abuse  and notify the administrator at all occurrences.,security,security,0.33434128761291504
Data integrity scripts will be run on a weekly basis to verify the integrity of the database.,security,security,0.20138801634311676
 The website shall make its user aware of its information practices before collection data from them via a Privacy Policy  accessible on all pages of the website.,security,security,0.2507573366165161
The system shall notify customers of changes to its information policy.,security,security,0.16325512528419495
The system shall reveal private information only in compliance with the organization’s information policy.,security,not about security,0.2732756435871124
 All customer information will be stored on a secure database  accessible only to authorized personnel.,security,security,0.34076645970344543
All credit card information will be encrypted in the database.,security,security,0.23625217378139496
The streaming server will have anti-virus software to prevent infection of malicious viruses.,security,security,0.26695939898490906
The website should cater to all tribes in Nigeria.,not about security,not about security,0.11453177034854889
The website shall not be offensive to religious or ethnic groups.,not about security,not about security,0.2283487170934677
 The website should appeal to all Africans  not only Nigerians.,not about security,not about security,0.13947619497776031
The website should use Flash to provide animation on the home page.,not about security,not about security,0.11055188626050949
IzognMovies shall meet the licensing requirements set forth by the appropriate organizations in order to stream African movies.,not about security,security,0.06740795075893402
The website will comply with W3C standards.,not about security,security,0.20262247323989868
The PHP code will comply with PEAR standards.,not about security,security,0.18973267078399658
Total lead cycle time must be completed in 5 minutes for 90% of lead volume between the business hours of 8AM CST to 8PM CST  then 3 minutes for 99% of lead volume during off business hours.,not about security,not about security,-0.03521033376455307
No lead evaluation will complete in a time period longer than 25 seconds for 97% of all leads processed.,not about security,not about security,0.0638342946767807
For leads that process longer than 25 seconds the system will record the event and duration,not about security,not about security,0.08324867486953735
The process must fit within the processing time conditions set forth by the Auto Rep Assignment process in which a lead is assigned within 3 minutes of the total life cycle.,not about security,security,0.08165255934000015
The lead washing process will operate within the established physical web service structure.,not about security,security,0.10868971049785614
 The washing process must use a non binding  neutral data format  such as xml  when receiving and processing lead data.,not about security,not about security,0.06725213676691055
Defect reports will be available to technical units on a 24x7 basis.,not about security,security,0.09403209388256073
Washing parameters will be updated during scheduled maintenance hours.,not about security,security,-0.0009359009563922882
The product shall simulate the look of ships at sea.,not about security,not about security,0.08859120309352875
The product shall display the grids within a circle as a view from a periscope.,not about security,security,0.06815291196107864
The product shall display each type of ship in a grid using an image of the specific type of ship.,not about security,security,0.09060229361057281
 When the offensive player takes a shot  the product shall simulate the sound of a ship at sea.,not about security,not about security,0.1834547221660614
 When a shot is marked as a miss  the product shall simulate the sound of a shot missing its target.,not about security,security,0.09150192886590958
 When a shot is marked as a hit  the product shall simulate the sound of a shot hitting its target.,not about security,security,0.11233623325824738
 When a ship is sunk  the product shall simulate the sound of a sinking ship.,not about security,not about security,0.15008389949798584
 The product shall be available 24 hours per day  seven days per week.,not about security,security,0.07928372174501419
The product shall able to handle a large number of games simultaneously.,not about security,not about security,0.07943513989448547
The response time shall be fast enough to maintain the flow of the game.  The response time shall be no more than 2 seconds for 95% of responses and no more than 4% for the remaining responses.,not about security,security,0.10654543340206146
The product shall protect the identity of the players. The product shall provide players no access to information that might reveal the identity of another player.,not about security,security,0.3670516610145569
The product shall be intuitive and self-explanatory.  Nine out ten users shall be able to successfully complete a game with no training.,not about security,security,0.22009636461734772
 The product shall be available to players who understand English  Spanish and French.  The product shall allow the user to select the language upon accessing the product.,not about security,security,0.13416345417499542
The product shall provide players no access to information that might reveal the identity of another player,security,security,0.34116658568382263
The response time shall be fast enough to maintain the flow of the game. The response time shall be no more than 2 seconds for 95% of responses and no more than 4% for the remaining responses.,not about security,security,0.10654543340206146
The system shall be easy to use by callers and supervisors. Callers and supervisors must be able to accomplish any system task within 2 minutes.,not about security,security,0.21031881868839264
The system shall be easy to learn by callers and supervisors. Callers and supervisors shall learn how to use the system within 10 minutes.,not about security,security,0.15905551612377167
 The system shall be responsive. At the DePaul TeleServices Center  when a supervisor uses the system to view a callers schedule  the system response time must be no more than 2 seconds 90% of the time and no more than 5 seconds the rest of the time.,not about security,security,0.10856523364782333
 On a 56k connection  the system response time for all operations must be no more than 6 seconds 90% of the time.,not about security,not about security,0.12035827338695526
 On a 112k connection or faster  the system response time for all operations must be no more than 3 seconds 90% of the time.,not about security,not about security,0.11712100356817245
The system shall have high availability every day of the year.The system must be available for use between 12:00AM and 6:00PM all days of the year.,not about security,security,0.15746113657951355
The system must be available for use between 7:00AM and 11:59PM all days of the year.,not about security,security,0.15009266138076782
The product shall be internet browser independent.The product must run using Internet Explorer and Netscape Navigator.,not about security,not about security,0.09346674382686615
The product shall ensure that only supervisors can advertise empty time slots.The product must ensure that supervisors are allowed to access advertise empty time slots.,security,security,0.1902749091386795
The product shall ensure that only supervisors can enter a caller’s schedule.The product must ensure that supervisors are allowed to access advertise empty time slots.,security,security,0.22816787660121918
The product shall ensure that only supervisors can view schedule of all callers.The product must ensure that supervisors are allowed to access advertise empty time slots.,security,security,0.22632762789726257
 The interface shall have a simple look. In the interface and usability survey  90% of beta testers must report that the interface is adequately simple.,not about security,not about security,0.075139120221138
 The interface shall be appealing to callers and supervisors. In the interface and usability survey  80% of beta testers must report that the interface is appealing.,not about security,security,0.07805059105157852
The product shall provide GUI based Monitoring Services.System Administrators shall monitor message exchanges will predict and determine problems and will also provide internal and external support.,not about security,security,0.23973782360553741
The product shall comply with City of Chicago Application Development Guide Framework.Application Development Framework will provide structured Graphical User Interface.,not about security,security,0.05234009772539139
The product shall provide Monitoring Services.The product shall be easy for System Administrators and DBAs to use after two weeks of usage.,not about security,security,0.24762415885925293
The product shall provide Error Tracking Services.The product shall help the System Administrators and DBAs to resolve transaction errors 99% of the time.,not about security,security,0.18543244898319244
The product shall provide Portals.The product shall help System Administrators to analyze the transactions with ad-hoc reporting and KPIs (Key Performance Indicators),not about security,security,0.24335938692092896
The product shall provide Asynchronous Messaging.The product shall provide asynchronous messaging to enable parallel processing and reduce the overhead in communications,not about security,not about security,0.16047196090221405
The product shall provide Multi-threading and Load Balancing.The product shall provide multi-threading technology as well as load balancing to overcome data load spikes and traffic.,not about security,security,0.07890386879444122
The product shall process messages within 2 seconds.The product shall have a maximum message processing time of 2 seconds,not about security,not about security,0.14369957149028778
The product shall poll the system for messages every second.The product shall poll the system for new messages at a maximum of every 1 second.,not about security,security,0.16820365190505981
The product shall provide Dynamic Change Support and Transparent resource addition.The product shall support Transparent Resource addition and Dynamic Change support to provide scalability and avoid service interruptions of more than 1 day.,not about security,security,0.20118041336536407
The product shall be available 99% of the time. Rationale: To avoid service interruption during busiest customer service response periods. The product shall be available 99.99% of the time for regular business days.,not about security,security,0.09985457360744476
The product shall be robust.The product shall have fault avoidance based on standards adoption.,not about security,security,0.23163822293281555
The product shall be robust with fault tolerance.The product shall have fault tolerance by using recovery technique compensatory transaction and routing around failures.,not about security,security,0.14330972731113434
The product shall be able to process all transactions.The product shall process minimum of 1 million transactions per year.,not about security,security,0.11784711480140686
The product shall be platform independent.The product shall enable access to any type of development environment and platform.,not about security,security,0.13156095147132874
The product shall interface CSR and Datastream.The product shall exchange messages between CSR and EAM on a real time basis without any direct interfaces between two systems.,not about security,security,0.09828994423151016
 : The product shall continue to operate during upgrade  change or new resource addition.The product shall be able to continue to operate with no interruption in service due to new resource additions.,not about security,security,0.11215635389089584
The product shall be updated on a regular basis.The product will have a new major feature introduced every six months and quarterly maintenance releases every six months.,not about security,security,0.12769828736782074
The product shall operate with every platform.The product shall accommodate any new technology without any change in its architecture.,not about security,not about security,0.11548008024692535
 The product shall have security.The product shall provide authentication  and authorization.,security,security,0.4870610535144806
The product shall information Security. The product shall enable privacy by encryption WS-Security and Integrity Checking.,security,security,0.447908490896225
The product shall have audit capabilities.The product shall store messages for a minimum of one year for audit and transaction tracking purposes.,security,security,0.17069761455059052
The system shall use IBM and CCR branding standards. The interface must have one IBM logo and one CCR logo.,not about security,security,0.071258544921875
The system shall be displayable on any work computer a CCR user may have. The system interface shall be formatted to display at 800 by 600 pixel resolution.,not about security,security,0.12285805493593216
The system interface will use CCR nomenclature. The system must use the same nomenclature used in the existing WCS system and reports,not about security,security,0.0637873187661171
The interface must summarize the data in a fashion that’s appealing to CCR management. Every report type must have at least one high level summary shown in the results dashboard/interface,not about security,not about security,-0.021544568240642548
The system must use a point and click interface. 100% of all selection and navigation functionality must be able to be activated/selected by either a mouse or a keyboard,not about security,security,0.042606063187122345
The interface shall be easy to use. 90% of users should be able to successfully use the system to generate a report on their first use. The interface should adhere to IBM usability standards.,not about security,security,0.1441507488489151
Rreports must be easy to generate. eports must be generated within one button click and exported within one button click (after selecting the report),not about security,not about security,0.008773280307650566
A user shall be able to use the system without instruction after a short amount of time. After one use a user should understand and remember 90% of the system usage and navigation.,not about security,not about security,0.19649261236190796
All CCR users shall receive training before the WCS system is deployed. One training session will be held for 100% of CCR users before system deployment (based on a CCR user being available),not about security,security,0.14624284207820892
The WCS system shall use appropriate nomenclature and terminology as defined by the Corporate Community Grants organization. All interfaces and reports will undergo usability tests by CCR users.,not about security,security,0.11743509024381638
The WCS system shall be available at all times as long as IBM’s internal intranet W3 is accessible. The WCS system will be available 95% of the time IBM’s internal intranet W3 is available.,not about security,security,0.1393233686685562
The WCS system shall have the ability to connect other designated WCS databases currently not included in the system.,not about security,not about security,0.12353134155273438
The WCS system shall have the ability to include data for regions outside the United States and be accessed by users outside of the United States if approved by CCR management.,not about security,security,0.13008706271648407
The WCS system shall be run in a Windows environment. The WCS shall be accessed by users through the Internet on an IBM computer running a Windows 2000 or above operating system.,not about security,security,0.09614697843790054
The Brio portion of the WCS system must be able to export files in spreadsheet form (Microsoft Excel and Lotus 1-2-3 formats).  Brio will provide buttons in the user interface that produce/export reports in .xls or .123 file formats.,not about security,security,0.03722827136516571
The WCS system must run queries to the WCS databases once again (on a specified day) to update the available data available to CCR users. Queries must be made to external databases for data refresh once a week.,not about security,security,0.08795561641454697
 All changes  updates  and additions to the WCS system shall be updated in the WCS Developer and WCS User Guides. Every change must be reflected in WCS system documentation,not about security,security,0.004467504099011421
The system shall only be accessed by authorized Corporate Community Grants (CCR) employees. Users must be authenticated using their IBM intranet user name and password.,security,security,0.23835720121860504
The WCS system shall not allow automatic logins by any user. Cookies containing WCS login information about a user will not be stored on a user’s computer.,security,security,0.22771935164928436
Each team owner will need to use a username and password in order to be authenticated to reach the team owner’s page,security,security,0.2515751123428345
The Commissioner will be the only authorized user per league to adjust league settings.,security,security,0.18534183502197266
Each page shall contain a navigation menu which shows the index into which the current page is contained.,not about security,not about security,0.01233847439289093
Each page shall contain a similar format with action items in one location and navigation buttons in a different location.,not about security,not about security,0.0823398306965828
The message board shall contain the 5 most recently posted messages on the league page. The messages will contain up to the first 150 characters of the message.,not about security,security,0.07545040547847748
;A new user shall be able to navigate through the league and team pages within 30 seconds of reaching the start-up page.,not about security,not about security,0.14015622437000275
Users shall be able to reach the ‘add’  ‘drop’  and ‘trade player’ pages with one click from the team owner’s page.,not about security,not about security,0.06949304789304733
;Users shall be able to view at least 25 NFL player statistics and points on each page.,not about security,security,0.1186605766415596
The application shall ask the user to confirm dropping a player or trading a player before performing the action.,not about security,security,0.13830561935901642
The application shall be able to complete every user transaction within one fourth of a second of receiving the request over the network.,not about security,not about security,0.19513946771621704
The application shall have a downtime of at most 10 minutes per year.,not about security,not about security,0.11039756238460541
The application shall run on a web application server.,not about security,not about security,0.18739160895347595
A primary database will be used to store cached data for active users.,not about security,security,0.13613241910934448
A secondary database will be used to store historical statistics and data.,not about security,security,0.1211581602692604
Application updates shall occur between 3AM and 6 AM CST on Wednesday morning during the middle of the NFL season.,not about security,not about security,0.11637195199728012
New System version releases shall be released at the beginning of each NFL season.,not about security,security,0.09307262301445007
The RFS system should be available 24/7  especially during the budgeting period. The RFS system shall be available 90% of the time all year  and 98% during the budgeting period. 2% of the time  the system will become available within 1 hour of the time that the situation is reported.,not about security,security,0.07849233597517014
98% of the user workstations shall meet the minimum hardware requirements prior to implementation. Minimum Hard Disk Space:  400MB.,not about security,not about security,0.11007504165172577
98% of the user workstations shall meet the minimum software requirements prior to implementation: Microsoft Internet Explorer 5.0. Microsoft .NET Framework 1.1. Microsoft Internet Explorer Web Controls,not about security,security,0.14920295774936676
The RFS system should be able to easily interface with the BDW environment  in order to load the data. •;7 data files shall be received from the BDW and loaded into the RFS system within 3 hours one day prior to the start of budgeting process  every year. The data will be as of October month-end. ;Test files (7) shall be loaded up to 5 times throughout the year  from the BDW.,not about security,not about security,0.03918386995792389
Changes to revenue and expense formulae must be applied to the RFS system  every year  prior to the budgeting process start. Revenue and expense formulae will be updated within one week of their receipt  after which 2 weeks will be allotted to testing of the budget calculations  to be conducted jointly by the project development team and PCG Finance.,not about security,security,0.00920578371733427
New branches/complexes/districts/regions and revenue/expense accounts added to the BDW  must be reflected in the RFS system. 100% of the entities (mentioned above) available as of October month-end  will be loaded into the RFS system  prior to the budget start process.,not about security,security,0.02105601876974106
Only authorized user shall access the RFS system. ONLY users that exist in the UAS system  with the RFS system assigned to their role(s)  shall access the RFS system and use it.,security,security,0.26742348074913025
;User access should be limited to the permissions granted to their role(s) Each level in the PCG hierarchy will be assigned a role and users will be assigned to these roles. Access to functionality within RFS system is dependent on the privileges/permission assigned to the role..,security,security,0.25544992089271545
The product must comply with the intranet page standards and requirements of ENET Securities. 95% of the product look & feel will be approved by the Architecture group  prior to implementation. The remaining 5% will be corrected and approved within one month of product release.,not about security,security,0.15745192766189575
 The intranet pages should display appropriately in all resolutions  from 800x600 and higher. The display of all the pages will be correct in 95% of the resolutions  prior to implementation. The remaining 5% will be corrected within a week of notification of the incorrect display.,not about security,not about security,0.04450257495045662
The users should be able to easily use the system to successfully complete their budgets  within the stipulated time for completion. With a week of training prior to product implementation  98% of the users shall complete their budgets within the stipulated time.,not about security,security,0.0885491743683815
The product interface should be fast. The response time of the product interface should not exceed 2 seconds 90% of the time. For 10% of the time  the response time should not be more than 10 seconds.not be more than 10 seconds.,not about security,not about security,0.05422830954194069
