Requirement text,Gold label,Predicated label,ZSL score
The system shall refresh the display every 60 seconds.,"not about security, authorization, or protection","not about security, authorization, or protection",0.709821879863739
The application shall match the color of the schema set forth by Department of Homeland Security,"not about security, authorization, or protection","not about security, authorization, or protection",0.5424606800079346
 If projected  the data must be readable.  On a 10x10 projection screen  90% of viewers must be able to read Event / Activity data from a viewing distance of 30,"not about security, authorization, or protection","not about security, authorization, or protection",0.47965821623802185
 The product shall be available during normal business hours. As long as the user has access to the client PC  the system will be available 99% of the time during the first six months of operation.,"not about security, authorization, or protection","not about security, authorization, or protection",0.4895074963569641
 If projected  the data must be understandable. On a 10x10 projection screen  90% of viewers must be able to determine that Events or Activities are occuring in current time from a viewing distance of 100,"not about security, authorization, or protection","not about security, authorization, or protection",0.47450584173202515
The product shall ensure that it can only be accessed by authorized users.  The product will be able to distinguish between authorized and unauthorized users in all access attempts,"security, authorization, or protection","not about security, authorization, or protection",0.5307924151420593
The product shall be intuitive and self-explanatory.  :  90% of new users shall be able to start the display of Events or Activities within 90 minutes of using the product.,"not about security, authorization, or protection","not about security, authorization, or protection",0.4500149190425873
The product shall respond fast to keep up-to-date data in the display.,"not about security, authorization, or protection","not about security, authorization, or protection",0.6148374080657959
The look and feel of the system shall conform to the user interface standards of the smart device.,"not about security, authorization, or protection","not about security, authorization, or protection",0.5289857387542725
 The user interface shall have standard menus  buttons for navigation,"not about security, authorization, or protection","not about security, authorization, or protection",0.6360372304916382
The system shall have a professional appearance,"not about security, authorization, or protection","security, authorization, or protection",0.6748170852661133
The product shall have a consistent color scheme and fonts.,"not about security, authorization, or protection","not about security, authorization, or protection",0.6429073214530945
The system shall be used by realtors with no training.,"not about security, authorization, or protection","not about security, authorization, or protection",0.6965933442115784
The system shall be intuitive and self explanatory.,"not about security, authorization, or protection","not about security, authorization, or protection",0.6680299043655396
The product shall be easy for a realtor to learn.,"not about security, authorization, or protection","not about security, authorization, or protection",0.6606761813163757
The product shall use symbols and words that are naturally understandable by the realtor community.,"not about security, authorization, or protection","not about security, authorization, or protection",0.5691413879394531
The product shall produce search results in an acceptable time,"not about security, authorization, or protection","not about security, authorization, or protection",0.7042531967163086
The search results shall be returned no later 30      seconds  after the user has entered the search criteria,"not about security, authorization, or protection","not about security, authorization, or protection",0.4750926196575165
The product shall generate a CMA report in an acceptable time.,"not about security, authorization, or protection","not about security, authorization, or protection",0.6836457252502441
The CMA report shall be returned no later 60 seconds after the user has entered the CMA report criteria.,"not about security, authorization, or protection","not about security, authorization, or protection",0.5369523763656616
The product shall synchronize contacts and appointments in an acceptable time.,"not about security, authorization, or protection","not about security, authorization, or protection",0.6969337463378906
The product shall synchronize with the office system every hour.,"not about security, authorization, or protection","not about security, authorization, or protection",0.7299637794494629
 The product shall be available for use 24 hours per day  365 days  per year,"not about security, authorization, or protection","not about security, authorization, or protection",0.6256215572357178
 Out of 1000 accesses to the system  the system is available 999 times.,"not about security, authorization, or protection","not about security, authorization, or protection",0.5510353446006775
The product shall operate in offline mode whenever internet connection is unavailable.,"not about security, authorization, or protection","not about security, authorization, or protection",0.6364264488220215
 The product shall allow the user to view previously downloaded search results  CMA reports  and appointments.,"not about security, authorization, or protection","not about security, authorization, or protection",0.5531564950942993
The product shall retain user preferences in the event of a failure.,"not about security, authorization, or protection","not about security, authorization, or protection",0.629701554775238
100% of saved user preferences shall be restored when system comes back online.,"not about security, authorization, or protection","not about security, authorization, or protection",0.6111621856689453
The product shall be able to support multiple remote users,"not about security, authorization, or protection","not about security, authorization, or protection",0.67162024974823
The product shall be able support 1000 simultaneous users.,"not about security, authorization, or protection","not about security, authorization, or protection",0.6823955178260803
The product shall be capable of handling the existing 1000 users. This number is expected to grow 5 times within the next year.,"not about security, authorization, or protection","not about security, authorization, or protection",0.5326024293899536
The product shall be installed by an untrained realtor   without recourse to separately-printed instructions.,"not about security, authorization, or protection","not about security, authorization, or protection",0.525452733039856
90% of untrained realtors shall be able to install the product on their device without printed instructions,"not about security, authorization, or protection","not about security, authorization, or protection",0.5752119421958923
The product is expected to run on Windows CE and Palm operating systems.,"not about security, authorization, or protection","not about security, authorization, or protection",0.5772528052330017
Only registered realtors shall be able to access the system.,"security, authorization, or protection","not about security, authorization, or protection",0.6561219692230225
Every user of the system shall be authenticated and authorized.,"security, authorization, or protection","not about security, authorization, or protection",0.6538069248199463
The product shall prevent its data from incorrect data being introduced.,"security, authorization, or protection","not about security, authorization, or protection",0.646001935005188
The system shall be easy to use by the Program Administrators/Nursing Staff Members.,"not about security, authorization, or protection","not about security, authorization, or protection",0.5608533620834351
All of the users shall be able to use the system after one day of training.,"not about security, authorization, or protection","not about security, authorization, or protection",0.5381742119789124
The system shall help the user avoid making mistakes while scheduling classes and clinicals for the nursing students.,"not about security, authorization, or protection","not about security, authorization, or protection",0.558968186378479
The number of mistakes noted by the students shall be decreased by 50% in the first year.,"not about security, authorization, or protection","not about security, authorization, or protection",0.5503656268119812
The system shall be intuitive to the Program Administrators/Nursing Staff Members.,"not about security, authorization, or protection","not about security, authorization, or protection",0.5496842265129089
2 out of 3 Program Administrators/Nursing Staff Members shall successfully be able to use the system to manage the scheduling of classes and clinicals.,"not about security, authorization, or protection","not about security, authorization, or protection",0.4710981249809265
The system shall use symbols and words that are naturally understandable by the user community.,"not about security, authorization, or protection","not about security, authorization, or protection",0.5791611075401306
The verbiage used within the system shall be consistent with Standard English and the terminology of the national Nursing Community.,"not about security, authorization, or protection","not about security, authorization, or protection",0.48072510957717896
Staff members shall be able to complete a set of tasks in a timely manner.,"not about security, authorization, or protection","not about security, authorization, or protection",0.5572701692581177
The response time of general student management tasks shall take no longer than 5 seconds and the response time of schedule generation shall take no longer than 30 seconds.,"not about security, authorization, or protection","not about security, authorization, or protection",0.5014824867248535
The system shall be available for use between the hours of 8am and 6pm.,"not about security, authorization, or protection","not about security, authorization, or protection",0.5912479162216187
The system shall achieve 95% up time.,"not about security, authorization, or protection","not about security, authorization, or protection",0.6836287975311279
system shall be able to handle all of the user requests/usage during business hours.,"not about security, authorization, or protection","not about security, authorization, or protection",0.5978672504425049
The system shall cater to 10 simultaneous users from 9am to 5pm.,"not about security, authorization, or protection","not about security, authorization, or protection",0.5924031138420105
The system shall be capable of processing 100% of nursing students and their classes for the next 10 years.,"not about security, authorization, or protection","not about security, authorization, or protection",0.5393344163894653
The system shall be expected to manage the nursing program curriculum and class/clinical scheduling for a minimum of 5 years.,"not about security, authorization, or protection","not about security, authorization, or protection",0.49565035104751587
The system shall able to operate within a business office environment typical of the Nursing Department at DePaul University.,"not about security, authorization, or protection","not about security, authorization, or protection",0.5079584121704102
The system shall be used within the specifications defined by the computers used by the Program Administrators/Nursing Staff Members.,"not about security, authorization, or protection","not about security, authorization, or protection",0.5069809556007385
The system shall operate within the Windows XP Professional operating system.,"not about security, authorization, or protection","not about security, authorization, or protection",0.6421554684638977
The system shall interface with CampusConnect’s central server,"not about security, authorization, or protection","not about security, authorization, or protection",0.6776480078697205
The system shall interface with the faculty central server.,"not about security, authorization, or protection","not about security, authorization, or protection",0.7015725374221802
The system shall interface with the student master server.,"not about security, authorization, or protection","not about security, authorization, or protection",0.6999410390853882
We must be able to interface with any HTML browser.,"not about security, authorization, or protection","not about security, authorization, or protection",0.6488403081893921
Only authorized users shall have access to clinical site information.,"security, authorization, or protection","not about security, authorization, or protection",0.6746158599853516
Program Administrators/Nursing Staff Members are the only people who shall have access to clinical site details.,"security, authorization, or protection","not about security, authorization, or protection",0.5347144603729248
Only authorized users shall have access to students’ personal information.,"security, authorization, or protection","not about security, authorization, or protection",0.6632299423217773
Dr Susan Poslusny and Dr Julie Donalek are the only people who shall have access to students’ personal information.,"security, authorization, or protection","not about security, authorization, or protection",0.47835180163383484
Only authorized users shall have access to the portion of the system that interfaces with CampusConnect.,"security, authorization, or protection","not about security, authorization, or protection",0.5743615031242371
Fit Criterion: Dr Susan Poslusny and Karen Sysol are the only people who shall have access to the final class section scheduling for the system that interfaces with CampusConnect.,"security, authorization, or protection","not about security, authorization, or protection",0.4370528757572174
The system shall have basic data integrity checking to reduce the possibility of incorrect or invalid data being introduced.,"security, authorization, or protection","not about security, authorization, or protection",0.5244151949882507
The system shall protect private information in accordance with the organization’s information policy.,"security, authorization, or protection","not about security, authorization, or protection",0.579207181930542
The system shall be built such that it is as secure as possible from malicious interference.,"security, authorization, or protection","not about security, authorization, or protection",0.5943198800086975
The system shall use the organization’s standard virus protection software to help monitor threats to itself.,"security, authorization, or protection","not about security, authorization, or protection",0.5446016192436218
The Disputes application shall comply with the corporate standards for user interface creation for internally and externally used applications.,"not about security, authorization, or protection","not about security, authorization, or protection",0.4923897385597229
All screens created as part of the Disputes application must comply with corporate standards for interface creation.,"not about security, authorization, or protection","not about security, authorization, or protection",0.5793338418006897
The list of dispute cases that are displayed after a search is performed must be color coded for easy identification of dispute cases based upon the dispute case status.,"not about security, authorization, or protection","not about security, authorization, or protection",0.4616159498691559
100% of the cardmember and merchant services representatives shall use the Disputes application regularly after a 2-day training course.,"not about security, authorization, or protection","not about security, authorization, or protection",0.4999649226665497
100% of cardmember services representatives shall be able to successfully create a dispute case on the first encounter after completing the training course.,"not about security, authorization, or protection","not about security, authorization, or protection",0.49395859241485596
100% of merchant services representatives shall be able to successfully perform a follow up action on a dispute case on the first encounter after completing the training course.,"not about security, authorization, or protection","not about security, authorization, or protection",0.48259657621383667
The maximum wait time for a user navigating from one screen to another within the Disputes application shall be no more than 5 seconds.,"not about security, authorization, or protection","not about security, authorization, or protection",0.5504201650619507
The Disputes application shall support 350 concurrent users without any degradation of performance in the application.,"not about security, authorization, or protection","not about security, authorization, or protection",0.5830149054527283
 The Disputes application shall be available 24x7x365  with the exception of the following scheduled maintenance windows.  Monday – Saturday 3:00am to 4:00am EST Sunday 1:00amd to 5:00am EST,"not about security, authorization, or protection","not about security, authorization, or protection",0.43348777294158936
The Disputes application shall interface with the Statement Database. The Statement Database provides the transaction details to the Disputes System. All transaction details must be obtained from the Statement Database,"not about security, authorization, or protection","not about security, authorization, or protection",0.4889066219329834
The Disputes application shall interface with the Cardmember Information Database.  The Cardmember Information Database provides detailed information with regard to a cardmember.  All cardmember detail information must be obtained from the Cardmember Information Database.,"not about security, authorization, or protection","not about security, authorization, or protection",0.37583228945732117
The Disputes applications shall interface with the Merchant Information Database.  The Merchant Information Database provides detailed information with regard to the merchant. All merchant detail information shall be obtained from the Merchant Information Database.,"not about security, authorization, or protection","not about security, authorization, or protection",0.3764159083366394
The Disputes application shall interface with the Letters application.  This will allow the Disputes application to request letters as part of the dispute initiation and dispute follow up process. All letter requests must be sent to the Print Letter Utility application.,"not about security, authorization, or protection","not about security, authorization, or protection",0.45954304933547974
The Disputes application shall interface with the Cardmember Posting and Billing System.  This will allow the Disputes application to request adjustments to cardmember and merchant’s accounts. All adjustment requests must be sent to the Cardmember Posting and Billing System.,"not about security, authorization, or protection","not about security, authorization, or protection",0.4413101375102997
The Disputes application shall ensure that only users with the appropriate access level are allowed to initiate dispute requests.,"security, authorization, or protection","not about security, authorization, or protection",0.5737213492393494
Only users with Update access must be able to initiate dispute requests.,"security, authorization, or protection","not about security, authorization, or protection",0.6605357527732849
The Disputes application shall ensure that only authorized users are allowed to logon to the application.,"security, authorization, or protection","not about security, authorization, or protection",0.5806082487106323
 All authorized users  once authenticated must be able to logon to the Disputes System,"security, authorization, or protection","not about security, authorization, or protection",0.58115154504776
The Disputes System shall generate a User Report that details any new users that have been added and any changes to an existing user’s access level.  The report will be reviewed for auditing purposes.,"security, authorization, or protection","not about security, authorization, or protection",0.4892426133155823
All additions of new users and modifications to user’s access shall be recorded on the User Report.,"security, authorization, or protection","not about security, authorization, or protection",0.5683495998382568
 If a user account is revoked  it can only be re-instantiated by the System Administrator.,"security, authorization, or protection","not about security, authorization, or protection",0.5834960341453552
Only the System Administrator shall be able to reset a revoked user logon account,"security, authorization, or protection","not about security, authorization, or protection",0.6232423186302185
The Disputes application shall manipulate and view business data. Users will not have direct access to data files or databases.,"security, authorization, or protection","not about security, authorization, or protection",0.6118209362030029
All updates to data files or database must be initiated from the Disputes System.,"security, authorization, or protection","not about security, authorization, or protection",0.6390291452407837
The Disputes application must conform to the legal requirements as specified by the Merchant Operating Regulations.,"not about security, authorization, or protection","not about security, authorization, or protection",0.46756261587142944
All business rules specified in the Disputes System shall be in compliance with the Merchant Operating Regulations.,"not about security, authorization, or protection","not about security, authorization, or protection",0.4724583327770233
The Disputes application must conform to the legal requirements as specified by Regulation E and Regulation Z that govern credit card disputes processing.,"not about security, authorization, or protection","not about security, authorization, or protection",0.4523210823535919
All business rules specified in the Disputes System shall be in compliance to the guidelines of Regulation E and Regulation Z.,"not about security, authorization, or protection","not about security, authorization, or protection",0.47108590602874756
The Disputes application must maintain a detailed history of every action that a user takes on a dispute case.  This ensures a complete audit trail if questions arise later on with regard to a particular dispute case.,"not about security, authorization, or protection","not about security, authorization, or protection",0.45479846000671387
All actions that modify an existing dispute case must be recorded in the case history.,"not about security, authorization, or protection","not about security, authorization, or protection",0.5627251267433167
The product must support Internet Explorer 5.5 and above.,"not about security, authorization, or protection","not about security, authorization, or protection",0.6767646074295044
The product must support Mozilla Firefox 1.0 and above.,"not about security, authorization, or protection","not about security, authorization, or protection",0.6305141448974609
The product shall interface with the Choice Parts System.  This provides the feed of recycled parts data.,"not about security, authorization, or protection","not about security, authorization, or protection",0.5567001104354858
The product shall run on the existing hardware for all environments.,"not about security, authorization, or protection","not about security, authorization, or protection",0.6546210050582886
The product shall adhere to the corporate Architecture guidelines,"not about security, authorization, or protection","not about security, authorization, or protection",0.5979933738708496
The product shall comply with corporate User Interface Guidelines,"not about security, authorization, or protection","not about security, authorization, or protection",0.6294077634811401
The product shall comply with corporate color scheme,"not about security, authorization, or protection","not about security, authorization, or protection",0.663788378238678
The appearance of the product shall appear professional,"not about security, authorization, or protection","not about security, authorization, or protection",0.6635213494300842
The product shall be easy to use by Adjusters and Collision Estimators.  95% of Adjusters and Collision Estimators shall find the product easy to use.,"not about security, authorization, or protection","not about security, authorization, or protection",0.46399548649787903
The product shall increase productivity of Collision Estimators. 80% of the Collision Estimators shall agree their productivity has increase within 1 month of using the product.,"not about security, authorization, or protection","not about security, authorization, or protection",0.49063459038734436
Users shall feel satisfied using the product.  85% of all users will be satisfied with the product.,"not about security, authorization, or protection","not about security, authorization, or protection",0.5667810440063477
The product shall be easy to learn by Adjusters and Collision Estimators.  The product shall be learned with two days onsite training,"not about security, authorization, or protection","not about security, authorization, or protection",0.5287789702415466
The user shall easily locate instructions while using the product.  User help can be found within 90% of the system.,"not about security, authorization, or protection","not about security, authorization, or protection",0.5297983288764954
The search for recycled parts shall take no longer than 15 seconds.  The search results shall be returned in under 15 seconds.,"not about security, authorization, or protection","not about security, authorization, or protection",0.5407954454421997
The search for the preferred repair facility shall take no longer than 8 seconds.  The preferred repair facility is returned within 8 seconds,"not about security, authorization, or protection","not about security, authorization, or protection",0.5304010510444641
The recycled parts audit report shall be returned to the user within 10 seconds.  The audit report shall be returned within 10 seconds.,"not about security, authorization, or protection","not about security, authorization, or protection",0.490393728017807
The preferred repair facility ratings shall be saved within 5 seconds. The save shall occur within 5 seconds.,"not about security, authorization, or protection","not about security, authorization, or protection",0.5551305413246155
The product shall adhere to the corporate online availability schedule.  The application is brought down only within 98% of the scheduled outages per the availability schedule.,"not about security, authorization, or protection","not about security, authorization, or protection",0.4789850115776062
The product shall achieve a 98% uptime. The product shall not fail more than 2% of the available online time.,"not about security, authorization, or protection","not about security, authorization, or protection",0.5511791706085205
The product shall be able to handle up to 1500 simultaneous users. The system shall perform with 1500 users as a time.,"not about security, authorization, or protection","not about security, authorization, or protection",0.547116219997406
 The average number of recycled parts records per day shall be 50 000.,"not about security, authorization, or protection","not about security, authorization, or protection",0.5897608995437622
 The product shall be able to handle 10 000 concurrent users within 2 years of the initial launch.,"not about security, authorization, or protection","not about security, authorization, or protection",0.5681672692298889
 For estimators  the product shall be able to be operated in a repair facility during dirty and noisy conditions.,"not about security, authorization, or protection","not about security, authorization, or protection",0.47517579793930054
The product shall interface with the ChoiceParts system once per day at approximately 1:00 AM.,"not about security, authorization, or protection","not about security, authorization, or protection",0.5747000575065613
The maintenance of the product will fall within the established corporate maintenance windows.,"not about security, authorization, or protection","not about security, authorization, or protection",0.574526846408844
The product shall be supported using the corporate support center.,"not about security, authorization, or protection","not about security, authorization, or protection",0.6891700029373169
Product installations and upgrades shall be handled by the middleware technology team within established launch time frames.,"not about security, authorization, or protection","not about security, authorization, or protection",0.5367292165756226
Only adjusters can request recycled parts audit reports. No users without an adjuster role shall request recycled parts audits.,"security, authorization, or protection","not about security, authorization, or protection",0.49702635407447815
Only adjusters with a supervisor role can update preferred repair facility ratings. Users without the supervisor role cannot access the repair facility ratings.,"security, authorization, or protection","not about security, authorization, or protection",0.5165027379989624
Only collision estimators shall search for recycled parts.  Users without the collision estimator role shall not have access to the search for recycled parts.,"security, authorization, or protection","not about security, authorization, or protection",0.5014726519584656
Only valid data shall be entered into the system.  No invalid data shall be entered into the system.,"security, authorization, or protection","not about security, authorization, or protection",0.5693972110748291
One insurance company shall not be able to view another insurance companys claim data.,"security, authorization, or protection","not about security, authorization, or protection",0.6136770248413086
The product shall free of computer viruses.,"security, authorization, or protection","not about security, authorization, or protection",0.6839233040809631
The system shall prevent malicious attacks including denial of service.,"security, authorization, or protection","not about security, authorization, or protection",0.6191650629043579
The product must comply with Sarbanes-Oxley.,"not about security, authorization, or protection","not about security, authorization, or protection",0.6118561029434204
The product shall comply with the estimatics laws relating to recycled parts usage.,"not about security, authorization, or protection","not about security, authorization, or protection",0.5580489039421082
The product shall comply with insurance regulations regarding claims processing.,"not about security, authorization, or protection","not about security, authorization, or protection",0.6195701360702515
 The product must work with most database management systems (DBMS) on the market  whether the DBMS is colocated with the product on the same machine or is located on a different machine on the computer network.,"not about security, authorization, or protection","not about security, authorization, or protection",0.46109670400619507
The product will function alongside server software on any operating system where the Java runtime can be installed.,"not about security, authorization, or protection","not about security, authorization, or protection",0.5992701053619385
The product will require collaboration with a database management system (DBMS).  The DBMS may be located on the same machine as the product or on a separate machine residing on the same computer network.,"not about security, authorization, or protection","not about security, authorization, or protection",0.4613928198814392
 The product must make use of web/application server technology.  Open source examples include Apache web server  Tomcat  and the JBoss application server.,"not about security, authorization, or protection","not about security, authorization, or protection",0.42121240496635437
 A database management system such as Oracle  DB2  MySql or HSQL will need to be integrated with the product.,"not about security, authorization, or protection","not about security, authorization, or protection",0.4877546429634094
 The product’s Look and Feel shall be able to incorporate aspects of the customer’s organization such as logo  branding  and identity,"not about security, authorization, or protection","not about security, authorization, or protection",0.4932864308357239
The product shall have a conservative and professional appearance.,"not about security, authorization, or protection","not about security, authorization, or protection",0.6933148503303528
The product shall make the users want to use it. 80% of the users surveyed report they are regularly using the product after the first 2 weeks post-launch.,"not about security, authorization, or protection","not about security, authorization, or protection",0.47872763872146606
The product shall be easy to use. 90% of users will be able to successfully reserve a conference room within 5 minutes of product use.,"not about security, authorization, or protection","not about security, authorization, or protection",0.4970274269580841
The product shall give users feedback when necessary. 80% of the users surveyed report that the product accurately confirms their actions.,"not about security, authorization, or protection","not about security, authorization, or protection",0.524766206741333
The product shall allow the user to select a chosen language from one of the target market countries.,"not about security, authorization, or protection","not about security, authorization, or protection",0.5714994072914124
The product shall allow for customization of start page and views preferences.,"not about security, authorization, or protection","not about security, authorization, or protection",0.6179040670394897
 An employee will be able to successfully use the product within a few minutes.  After informally navigating the product for less than 15 minutes  users shall be able to successfully setup meetings and reserve conference rooms.,"not about security, authorization, or protection","not about security, authorization, or protection",0.44497209787368774
The product shall use a standard navigation menu familiar to most web users.,"not about security, authorization, or protection","not about security, authorization, or protection",0.654691219329834
The product shall allow for intuitive searching of available conference rooms.,"not about security, authorization, or protection","not about security, authorization, or protection",0.6278195381164551
The product shall conform to the Americans with Disabilities Act.,"not about security, authorization, or protection","not about security, authorization, or protection",0.6060374975204468
The response shall be fast enough to avoid interrupting the user’s flow of thought.  90% of tasks shall complete within 5 seconds.  98% of tasks shall complete within 8 seconds.,"not about security, authorization, or protection","not about security, authorization, or protection",0.45089301466941833
 Aside from server failure  the software product shall achieve 99.99% up time.,"not about security, authorization, or protection","not about security, authorization, or protection",0.6112843751907349
The product shall create an exception log of problems encountered within the product for transmission to our company for analysis and resolution.,"not about security, authorization, or protection","not about security, authorization, or protection",0.5150164365768433
 The product shall be capable of handling up to 1 000 concurrent requests.  This number will increase to 2 000 by Release 2.  The concurrency capacity must be able to handle peak scheduling times such as early morning and late afternoon hours.,"not about security, authorization, or protection","not about security, authorization, or protection",0.4536477029323578
 The product shall be able to process 10 000 transactions per hour within two years of its launch.  This number will increase to 20 000 by Release 2.,"not about security, authorization, or protection","not about security, authorization, or protection",0.5140102505683899
The product shall be expected to operate for at least 5 years for each customer installation.,"not about security, authorization, or protection","not about security, authorization, or protection",0.5783363580703735
The product shall be used in office environments.,"not about security, authorization, or protection","not about security, authorization, or protection",0.6948003172874451
The product must be able to interface with any HTML browser.  The product shall transmit data between the user and the product without problems. The product shall display HTML properly in 80% of all HTML browsers tested (minimum is to test 8 browsers).,"not about security, authorization, or protection","not about security, authorization, or protection",0.45718055963516235
The product must be able to interface with various database management systems. The product shall communicate successfully with the database management system on 100% of all transactions.,"not about security, authorization, or protection","not about security, authorization, or protection",0.506283164024353
The product must be able to interface with various email servers. The product shall be able to send email.,"not about security, authorization, or protection","not about security, authorization, or protection",0.5235832333564758
The product shall be available for distribution via the Internet as a binary or ZIP file.,"not about security, authorization, or protection","not about security, authorization, or protection",0.5919989943504333
The product shall be available for distribution as a packaged CD.,"not about security, authorization, or protection","not about security, authorization, or protection",0.6353645920753479
 The product will be available for licensing as a one-server  two-five servers  or five-or-more servers license.,"not about security, authorization, or protection","not about security, authorization, or protection",0.5023782253265381
A new user must be able to be added to the system within 10 minutes.  90% of new users are able to log into the system within 10 minutes.,"not about security, authorization, or protection","not about security, authorization, or protection",0.458299845457077
The product must be designed using Design Patterns and coding best practices.  90% of maintenance software developers are able to integrate new functionality into the product with 2 working days.,"not about security, authorization, or protection","not about security, authorization, or protection",0.4943678379058838
The product must be highly configurable for use with various database management systems for the end users.  80% of end users are able to integrate new database management systems with the product without changing the product’s software code.,"not about security, authorization, or protection","not about security, authorization, or protection",0.4798266291618347
Maintenance releases will be offered to customers once a year.  The releases shall take no longer than 5 minutes for 80% of the customer base to install.,"not about security, authorization, or protection","not about security, authorization, or protection",0.5183780193328857
Every registered user will have access to the product’s support site via the Internet.  70% of registered users shall find a solution to their problem within 5 minutes of using the support site.,"not about security, authorization, or protection","not about security, authorization, or protection",0.4921528398990631
The customer shall be able to easily integrate new building maps with the product throughout the product’s lifecycle.  Integration of new maps with the product shall be possible with little to no support from product support staff.,"not about security, authorization, or protection","not about security, authorization, or protection",0.46762117743492126
 The product shall be translated into foreign languages other than the target market countries’ languages in future releases.  For each emerging target market  it shall take no more than 5 days to configure the product for that market’s language.,"not about security, authorization, or protection","not about security, authorization, or protection",0.45228567719459534
 The product is expected to integrate with multiple database management systems.  The product will operate with Oracle  SQL Server  DB2  MySQL  HSQL  and MS Access.,"not about security, authorization, or protection","not about security, authorization, or protection",0.37325212359428406
The product shall be able to be installed in any operating environment within 2 days.,"not about security, authorization, or protection","not about security, authorization, or protection",0.6047171354293823
The product shall ensure that only company employees or external users with company-approved user IDs may have product access.  100% of all logons shall be by either company employees or external users with company-approved user IDs.,"security, authorization, or protection","not about security, authorization, or protection",0.44343653321266174
Only managers are able to perform search queries for reservations by user.  100% of all search queries for reservations by user shall be from logons of only management logons.,"security, authorization, or protection","not about security, authorization, or protection",0.4705054759979248
The product shall ensure that the database’s data corresponds to the data entered by the user.  Each conference room reservation in the system will contain the same information as was entered by the user.,"security, authorization, or protection","not about security, authorization, or protection",0.46683555841445923
The product shall prevent the input of malicious data.  The product and/or adjacent hardware/software systems’ data shall remain 100% uncorrupted each time malicious data is input into the product.,"security, authorization, or protection","not about security, authorization, or protection",0.4323384165763855
The product and/or dependent databases/filesystems shall remain operational as a result of the input of malicious data.  The product and/or dependent databases/filesystems shall not crash 100% of the time that malicious data is input into the product.,"not about security, authorization, or protection","not about security, authorization, or protection",0.44707390666007996
The product shall have the ability to receive automatic software updates as new threats emerge.  100% of customers will be able to receive automatic software updates transmitted to the installed product.,"security, authorization, or protection","not about security, authorization, or protection",0.4799574613571167
The language of the product shall accommodate all of the target market countries. 90% of survey respondents from each target market country will find that the language of the product is acceptable.,"not about security, authorization, or protection","not about security, authorization, or protection",0.45202866196632385
The product shall be able to display calendar dates and times according to the user’s locale.  90% of survey respondents from each target market country will find that the date and time formatting of the product is correct.,"not about security, authorization, or protection","not about security, authorization, or protection",0.4469693601131439
The product must be developed with the J2SE/J2EE programming language libraries,"not about security, authorization, or protection","not about security, authorization, or protection",0.5367612838745117
Recreation of Inventory Quantity Adjustment for the period of previous 30 days shall take no more than 30min.,"not about security, authorization, or protection","not about security, authorization, or protection",0.5159142017364502
The System shall allow for a minimum of  6 users to work at the same time.,"not about security, authorization, or protection","not about security, authorization, or protection",0.6093283891677856
The System shall utilize currently owned computer equipment.,"not about security, authorization, or protection","not about security, authorization, or protection",0.660593569278717
The System shall be able to automatically backup business data and restore them on demand.,"not about security, authorization, or protection","not about security, authorization, or protection",0.5761576294898987
The System shall maintain consistent security.  Any changes in user passwords and/or permissions should take affect in all parts of the System.,"security, authorization, or protection","not about security, authorization, or protection",0.505692183971405
The System shall granularly control access rights to all major subsystems.  It should be possible to assign access rights to all subsystems independently.,"security, authorization, or protection","not about security, authorization, or protection",0.48731791973114014
The System shall meet all applicable accounting standards.  The final version of the System must successfully pass independent audit performed by a certified auditor.,"not about security, authorization, or protection","not about security, authorization, or protection",0.47449153661727905
The System shall not require additional third party licenses resulting in royalty fees.,"not about security, authorization, or protection","not about security, authorization, or protection",0.5189552307128906
Administrator shall be able to activate a pre-paid card via the Administration section in under 5 seconds.,"not about security, authorization, or protection","not about security, authorization, or protection",0.52283775806427
 Customer shall be able to check the status of their prepaid card  by entering in the PIN number  in under 5 seconds.,"not about security, authorization, or protection","not about security, authorization, or protection",0.4964463412761688
System shall let customers register on the website as a “pay as you go” user in under 5 minutes.,"not about security, authorization, or protection","not about security, authorization, or protection",0.5424249768257141
System shall let customers register on the website as a “unlimited movie subscriber” user in under 10 minutes.,"not about security, authorization, or protection","not about security, authorization, or protection",0.5336230397224426
System shall let existing customers log into the website with their email address and password in under 5 seconds.,"not about security, authorization, or protection","not about security, authorization, or protection",0.5651902556419373
 System shall let customers cancel their account  process shall take no longer than 2 minutes.  Database will mark the account as inactive  and user will not be able to log into the website.,"not about security, authorization, or protection","not about security, authorization, or protection",0.5048983693122864
System shall let administrator de-activate a customer account in under 1 minute. Customer will no longer be able to access the website.,"not about security, authorization, or protection","not about security, authorization, or protection",0.5611357688903809
System shall let administrator add/remove movies on the website in under 5 minutes.  Entered movie information will be stored in the database and will now be available on the website.,"not about security, authorization, or protection","not about security, authorization, or protection",0.49547961354255676
System shall let the administrator add/remove categories on the website in under 5 minutes.,"not about security, authorization, or protection","not about security, authorization, or protection",0.5764605402946472
System shall let Izogn Manager access sales and usage statistics in under 2 minutes.,"not about security, authorization, or protection","not about security, authorization, or protection",0.5794144868850708
System shall let administrators generate unique pre-paid pins in under 2 minutes and generate an Excel file with the generated PINs.,"not about security, authorization, or protection","not about security, authorization, or protection",0.5012525320053101
The website shall be attractive to all audiences.  The website shall appear to be fun and the colors should be bright and vibrant.,"not about security, authorization, or protection","not about security, authorization, or protection",0.5063334703445435
 The website should have an African feel  but should not alienate non-Africans.  The website should use animation on pages which are describing the services  to grab the users attention and encourage them to sign up.,"not about security, authorization, or protection","not about security, authorization, or protection",0.46851634979248047
 The website design should be modern  clean  and concise.,"not about security, authorization, or protection","not about security, authorization, or protection",0.681195855140686
The product should be able to be used by 90% of novice users on the Internet.,"not about security, authorization, or protection","not about security, authorization, or protection",0.5529089570045471
 Users should only have to navigate through a maximum of 4 pages  to create an account with the website.,"not about security, authorization, or protection","not about security, authorization, or protection",0.5568204522132874
Users should be able to access their streaming movies in under 2 clicks after logging into the website.,"not about security, authorization, or protection","not about security, authorization, or protection",0.5777800679206848
An anonymous survey will show that 70% of customers are comfortable purchasing streaming movies after 2 weeks using the website.,"not about security, authorization, or protection","not about security, authorization, or protection",0.5653824806213379
An anonymous survey will show that 95% of customers are comfortable using and purchasing pre-paid cards after a month of using the system.,"not about security, authorization, or protection","not about security, authorization, or protection",0.5192821621894836
The product shall retain the customer’s buying preferences and information.,"not about security, authorization, or protection","not about security, authorization, or protection",0.6343719959259033
The product shall be easy for customers with novice skills on the  Internet to purchase and watch streaming movies.  Customers should be able to purchase and watch a pre-determined movie in under 3 minutes.,"not about security, authorization, or protection","not about security, authorization, or protection",0.45533862709999084
The product shall use symbols and words that are naturally understandable by users familiar with websites,"not about security, authorization, or protection","not about security, authorization, or protection",0.5993553996086121
The website will use standard Internet conventions when interacting with the user.,"not about security, authorization, or protection","not about security, authorization, or protection",0.6629751324653625
 Any interface between a user and the automated system shall have a maximum response time of 5 seconds  unless noted by an exception below.,"not about security, authorization, or protection","not about security, authorization, or protection",0.5103970170021057
 When purchasing a streaming movie or pre-paid card via credit card  the processing time should have a maximum response time of 15 seconds.,"not about security, authorization, or protection","not about security, authorization, or protection",0.5208467841148376
 When streaming a movie  the buffering time should take no longer than 10 seconds (plus any latency on the user’s connection.),"not about security, authorization, or protection","not about security, authorization, or protection",0.5591509342193604
 While streaming a movie  buffering should only occur if there is latency in the user’s connection.,"not about security, authorization, or protection","not about security, authorization, or protection",0.5705338716506958
 All credit card information will be secured on the server  and only accessible by authorized Izogn administrators.  Information will be encrypted in the database.,"security, authorization, or protection","not about security, authorization, or protection",0.5240395665168762
 The website shall be available for use 24 hours per day  365 days per year.,"not about security, authorization, or protection","not about security, authorization, or protection",0.6343855261802673
The website shall achieve 99.5% up time.,"not about security, authorization, or protection","not about security, authorization, or protection",0.734844982624054
 All movies shall be streamed on demand  at any time of the day.,"not about security, authorization, or protection","not about security, authorization, or protection",0.6481792330741882
The website shall continue to operate if the streaming server goes down.,"not about security, authorization, or protection","not about security, authorization, or protection",0.663126528263092
The website shall continue to operate if the payment gateway goes down.,"not about security, authorization, or protection","not about security, authorization, or protection",0.6812592148780823
The streaming server will support 50 simultaneous streaming connections.,"not about security, authorization, or protection","not about security, authorization, or protection",0.6798833608627319
The streaming server will support a maximum of 700 movies  new servers can be added to support more movies.,"not about security, authorization, or protection","not about security, authorization, or protection",0.5687247514724731
 The server will support a maximum of 1 000 simultaneous users.,"not about security, authorization, or protection","not about security, authorization, or protection",0.6504000425338745
 The website shall be capable of supporting 100 000 customers.,"not about security, authorization, or protection","not about security, authorization, or protection",0.6912110447883606
The product shall be expected to operate within the maximum maintenance budget for a minimum of 2 years.,"not about security, authorization, or protection","not about security, authorization, or protection",0.5706376433372498
All aspects of the website shall be accessed by a web browser over the Internet.,"not about security, authorization, or protection","not about security, authorization, or protection",0.6046968698501587
The same hardware supporting the current website will be used to support the new system.,"not about security, authorization, or protection","not about security, authorization, or protection",0.6125218868255615
 We must be able to interface with the following browsers: IE 5.X  6.0  Netscape 6.x  7.x  8.x and Firefox 1.0.,"not about security, authorization, or protection","not about security, authorization, or protection",0.4823453426361084
Website must interface with the CyberSource API to process credit card transactions.,"not about security, authorization, or protection","not about security, authorization, or protection",0.5995512008666992
Website must be fully operational with MSN TV2.,"not about security, authorization, or protection","not about security, authorization, or protection",0.653225302696228
Movies shall be encoded and streamed via Windows Media Player 9.0.,"not about security, authorization, or protection","not about security, authorization, or protection",0.5992765426635742
Movies shall be encoded for 56k and 256k streams.,"not about security, authorization, or protection","not about security, authorization, or protection",0.5903933048248291
Promotional updates to the website should take a day to update.,"not about security, authorization, or protection","not about security, authorization, or protection",0.6182081699371338
Izogn Administrator must be able to update the category listings on the website within 2 minutes.,"not about security, authorization, or protection","not about security, authorization, or protection",0.5586782693862915
Izogn Administrator must be able to add new products to the website within 2 minutes.,"not about security, authorization, or protection","not about security, authorization, or protection",0.5543733835220337
The system will provide a 24 hour 800 toll free number for support to its customers.,"not about security, authorization, or protection","not about security, authorization, or protection",0.5771878957748413
The website will provide a help section with answers and solutions to common problems.,"not about security, authorization, or protection","not about security, authorization, or protection",0.6043811440467834
 Velkat staff will be available for phone support between 7am-7pm  M-F to provide technical support to the Izogn administrators.,"not about security, authorization, or protection","not about security, authorization, or protection",0.5266109704971313
The product shall be able to be installed in the specified environment within 1 working day.,"not about security, authorization, or protection","not about security, authorization, or protection",0.5767959356307983
Only registered customers can purchase streaming movies.,"security, authorization, or protection","not about security, authorization, or protection",0.6386215090751648
 A customer can only stream a movie if they purchased it  and are within the 2 day viewing period.,"security, authorization, or protection","not about security, authorization, or protection",0.5639159083366394
Only authorized personnel can access customer records in the database.,"security, authorization, or protection","not about security, authorization, or protection",0.6483901739120483
Only administrators can activate a pre-paid card.,"security, authorization, or protection","not about security, authorization, or protection",0.7087122797966003
Only authorized personnel can access sales information.,"security, authorization, or protection","security, authorization, or protection",0.6145780086517334
The website shall prevent its data from being corrupted when incorrect data is entered in.,"security, authorization, or protection","not about security, authorization, or protection",0.5992178916931152
 The website shall protect itself from intentional abuse  and notify the administrator at all occurrences.,"security, authorization, or protection","not about security, authorization, or protection",0.537059485912323
Data integrity scripts will be run on a weekly basis to verify the integrity of the database.,"security, authorization, or protection","not about security, authorization, or protection",0.5615713596343994
 The website shall make its user aware of its information practices before collection data from them via a Privacy Policy  accessible on all pages of the website.,"security, authorization, or protection","not about security, authorization, or protection",0.4922219514846802
The system shall notify customers of changes to its information policy.,"security, authorization, or protection","not about security, authorization, or protection",0.6139784455299377
The system shall reveal private information only in compliance with the organization’s information policy.,"security, authorization, or protection","not about security, authorization, or protection",0.5830385088920593
 All customer information will be stored on a secure database  accessible only to authorized personnel.,"security, authorization, or protection","not about security, authorization, or protection",0.6112476587295532
All credit card information will be encrypted in the database.,"security, authorization, or protection","not about security, authorization, or protection",0.6769288778305054
The streaming server will have anti-virus software to prevent infection of malicious viruses.,"security, authorization, or protection","not about security, authorization, or protection",0.5525763034820557
The website should cater to all tribes in Nigeria.,"not about security, authorization, or protection","not about security, authorization, or protection",0.6349555850028992
The website shall not be offensive to religious or ethnic groups.,"not about security, authorization, or protection","not about security, authorization, or protection",0.6774740219116211
 The website should appeal to all Africans  not only Nigerians.,"not about security, authorization, or protection","not about security, authorization, or protection",0.6423294544219971
The website should use Flash to provide animation on the home page.,"not about security, authorization, or protection","not about security, authorization, or protection",0.6641696691513062
IzognMovies shall meet the licensing requirements set forth by the appropriate organizations in order to stream African movies.,"not about security, authorization, or protection","not about security, authorization, or protection",0.4960978627204895
The website will comply with W3C standards.,"not about security, authorization, or protection","not about security, authorization, or protection",0.731798529624939
The PHP code will comply with PEAR standards.,"not about security, authorization, or protection","not about security, authorization, or protection",0.6895434856414795
Total lead cycle time must be completed in 5 minutes for 90% of lead volume between the business hours of 8AM CST to 8PM CST  then 3 minutes for 99% of lead volume during off business hours.,"not about security, authorization, or protection","not about security, authorization, or protection",0.44781017303466797
No lead evaluation will complete in a time period longer than 25 seconds for 97% of all leads processed.,"not about security, authorization, or protection","not about security, authorization, or protection",0.5728724002838135
For leads that process longer than 25 seconds the system will record the event and duration,"not about security, authorization, or protection","not about security, authorization, or protection",0.6328203678131104
The process must fit within the processing time conditions set forth by the Auto Rep Assignment process in which a lead is assigned within 3 minutes of the total life cycle.,"not about security, authorization, or protection","not about security, authorization, or protection",0.4724646508693695
The lead washing process will operate within the established physical web service structure.,"not about security, authorization, or protection","not about security, authorization, or protection",0.6353296041488647
 The washing process must use a non binding  neutral data format  such as xml  when receiving and processing lead data.,"not about security, authorization, or protection","not about security, authorization, or protection",0.4888644516468048
Defect reports will be available to technical units on a 24x7 basis.,"not about security, authorization, or protection","not about security, authorization, or protection",0.6238273978233337
Washing parameters will be updated during scheduled maintenance hours.,"not about security, authorization, or protection","not about security, authorization, or protection",0.6682407855987549
The product shall simulate the look of ships at sea.,"not about security, authorization, or protection","not about security, authorization, or protection",0.6906534433364868
The product shall display the grids within a circle as a view from a periscope.,"not about security, authorization, or protection","not about security, authorization, or protection",0.5935226678848267
The product shall display each type of ship in a grid using an image of the specific type of ship.,"not about security, authorization, or protection","not about security, authorization, or protection",0.4917985200881958
 When the offensive player takes a shot  the product shall simulate the sound of a ship at sea.,"not about security, authorization, or protection","not about security, authorization, or protection",0.5075687170028687
 When a shot is marked as a miss  the product shall simulate the sound of a shot missing its target.,"not about security, authorization, or protection","not about security, authorization, or protection",0.4994475543498993
 When a shot is marked as a hit  the product shall simulate the sound of a shot hitting its target.,"not about security, authorization, or protection","not about security, authorization, or protection",0.5013587474822998
 When a ship is sunk  the product shall simulate the sound of a sinking ship.,"not about security, authorization, or protection","not about security, authorization, or protection",0.512870192527771
 The product shall be available 24 hours per day  seven days per week.,"not about security, authorization, or protection","not about security, authorization, or protection",0.6470102071762085
The product shall able to handle a large number of games simultaneously.,"not about security, authorization, or protection","not about security, authorization, or protection",0.5986275672912598
The response time shall be fast enough to maintain the flow of the game.  The response time shall be no more than 2 seconds for 95% of responses and no more than 4% for the remaining responses.,"not about security, authorization, or protection","not about security, authorization, or protection",0.4777742028236389
The product shall protect the identity of the players. The product shall provide players no access to information that might reveal the identity of another player.,"not about security, authorization, or protection","not about security, authorization, or protection",0.5096940994262695
The product shall be intuitive and self-explanatory.  Nine out ten users shall be able to successfully complete a game with no training.,"not about security, authorization, or protection","not about security, authorization, or protection",0.5244285464286804
 The product shall be available to players who understand English  Spanish and French.  The product shall allow the user to select the language upon accessing the product.,"not about security, authorization, or protection","not about security, authorization, or protection",0.48424583673477173
The product shall provide players no access to information that might reveal the identity of another player,"security, authorization, or protection","not about security, authorization, or protection",0.5868157148361206
The response time shall be fast enough to maintain the flow of the game. The response time shall be no more than 2 seconds for 95% of responses and no more than 4% for the remaining responses.,"not about security, authorization, or protection","not about security, authorization, or protection",0.4791625142097473
The system shall be easy to use by callers and supervisors. Callers and supervisors must be able to accomplish any system task within 2 minutes.,"not about security, authorization, or protection","not about security, authorization, or protection",0.49571025371551514
The system shall be easy to learn by callers and supervisors. Callers and supervisors shall learn how to use the system within 10 minutes.,"not about security, authorization, or protection","not about security, authorization, or protection",0.5114419460296631
 The system shall be responsive. At the DePaul TeleServices Center  when a supervisor uses the system to view a callers schedule  the system response time must be no more than 2 seconds 90% of the time and no more than 5 seconds the rest of the time.,"not about security, authorization, or protection","not about security, authorization, or protection",0.45018333196640015
 On a 56k connection  the system response time for all operations must be no more than 6 seconds 90% of the time.,"not about security, authorization, or protection","not about security, authorization, or protection",0.5247483253479004
 On a 112k connection or faster  the system response time for all operations must be no more than 3 seconds 90% of the time.,"not about security, authorization, or protection","not about security, authorization, or protection",0.4924936890602112
The system shall have high availability every day of the year.The system must be available for use between 12:00AM and 6:00PM all days of the year.,"not about security, authorization, or protection","not about security, authorization, or protection",0.5030144453048706
The system must be available for use between 7:00AM and 11:59PM all days of the year.,"not about security, authorization, or protection","not about security, authorization, or protection",0.5424428582191467
The product shall be internet browser independent.The product must run using Internet Explorer and Netscape Navigator.,"not about security, authorization, or protection","not about security, authorization, or protection",0.5792050361633301
The product shall ensure that only supervisors can advertise empty time slots.The product must ensure that supervisors are allowed to access advertise empty time slots.,"security, authorization, or protection","not about security, authorization, or protection",0.4979191720485687
The product shall ensure that only supervisors can enter a caller’s schedule.The product must ensure that supervisors are allowed to access advertise empty time slots.,"security, authorization, or protection","not about security, authorization, or protection",0.5039036273956299
The product shall ensure that only supervisors can view schedule of all callers.The product must ensure that supervisors are allowed to access advertise empty time slots.,"security, authorization, or protection","not about security, authorization, or protection",0.5012190341949463
 The interface shall have a simple look. In the interface and usability survey  90% of beta testers must report that the interface is adequately simple.,"not about security, authorization, or protection","not about security, authorization, or protection",0.49721547961235046
 The interface shall be appealing to callers and supervisors. In the interface and usability survey  80% of beta testers must report that the interface is appealing.,"not about security, authorization, or protection","not about security, authorization, or protection",0.4777276813983917
The product shall provide GUI based Monitoring Services.System Administrators shall monitor message exchanges will predict and determine problems and will also provide internal and external support.,"not about security, authorization, or protection","not about security, authorization, or protection",0.5029157400131226
The product shall comply with City of Chicago Application Development Guide Framework.Application Development Framework will provide structured Graphical User Interface.,"not about security, authorization, or protection","not about security, authorization, or protection",0.4065930247306824
The product shall provide Monitoring Services.The product shall be easy for System Administrators and DBAs to use after two weeks of usage.,"not about security, authorization, or protection","not about security, authorization, or protection",0.5338975787162781
The product shall provide Error Tracking Services.The product shall help the System Administrators and DBAs to resolve transaction errors 99% of the time.,"not about security, authorization, or protection","not about security, authorization, or protection",0.5169589519500732
The product shall provide Portals.The product shall help System Administrators to analyze the transactions with ad-hoc reporting and KPIs (Key Performance Indicators),"not about security, authorization, or protection","not about security, authorization, or protection",0.46856486797332764
The product shall provide Asynchronous Messaging.The product shall provide asynchronous messaging to enable parallel processing and reduce the overhead in communications,"not about security, authorization, or protection","not about security, authorization, or protection",0.5006831884384155
The product shall provide Multi-threading and Load Balancing.The product shall provide multi-threading technology as well as load balancing to overcome data load spikes and traffic.,"not about security, authorization, or protection","not about security, authorization, or protection",0.4500885307788849
The product shall process messages within 2 seconds.The product shall have a maximum message processing time of 2 seconds,"not about security, authorization, or protection","not about security, authorization, or protection",0.5899782776832581
The product shall poll the system for messages every second.The product shall poll the system for new messages at a maximum of every 1 second.,"not about security, authorization, or protection","not about security, authorization, or protection",0.5251150131225586
The product shall provide Dynamic Change Support and Transparent resource addition.The product shall support Transparent Resource addition and Dynamic Change support to provide scalability and avoid service interruptions of more than 1 day.,"not about security, authorization, or protection","not about security, authorization, or protection",0.4343903362751007
The product shall be available 99% of the time. Rationale: To avoid service interruption during busiest customer service response periods. The product shall be available 99.99% of the time for regular business days.,"not about security, authorization, or protection","not about security, authorization, or protection",0.504315197467804
The product shall be robust.The product shall have fault avoidance based on standards adoption.,"not about security, authorization, or protection","not about security, authorization, or protection",0.5712536573410034
The product shall be robust with fault tolerance.The product shall have fault tolerance by using recovery technique compensatory transaction and routing around failures.,"not about security, authorization, or protection","not about security, authorization, or protection",0.5132742524147034
The product shall be able to process all transactions.The product shall process minimum of 1 million transactions per year.,"not about security, authorization, or protection","not about security, authorization, or protection",0.5633339881896973
The product shall be platform independent.The product shall enable access to any type of development environment and platform.,"not about security, authorization, or protection","not about security, authorization, or protection",0.5751087665557861
The product shall interface CSR and Datastream.The product shall exchange messages between CSR and EAM on a real time basis without any direct interfaces between two systems.,"not about security, authorization, or protection","not about security, authorization, or protection",0.47157979011535645
 : The product shall continue to operate during upgrade  change or new resource addition.The product shall be able to continue to operate with no interruption in service due to new resource additions.,"not about security, authorization, or protection","not about security, authorization, or protection",0.5065707564353943
The product shall be updated on a regular basis.The product will have a new major feature introduced every six months and quarterly maintenance releases every six months.,"not about security, authorization, or protection","not about security, authorization, or protection",0.523188054561615
The product shall operate with every platform.The product shall accommodate any new technology without any change in its architecture.,"not about security, authorization, or protection","not about security, authorization, or protection",0.6038606762886047
 The product shall have security.The product shall provide authentication  and authorization.,"security, authorization, or protection","not about security, authorization, or protection",0.637749195098877
The product shall information Security. The product shall enable privacy by encryption WS-Security and Integrity Checking.,"security, authorization, or protection","not about security, authorization, or protection",0.508739173412323
The product shall have audit capabilities.The product shall store messages for a minimum of one year for audit and transaction tracking purposes.,"security, authorization, or protection","not about security, authorization, or protection",0.5184651017189026
The system shall use IBM and CCR branding standards. The interface must have one IBM logo and one CCR logo.,"not about security, authorization, or protection","not about security, authorization, or protection",0.5369830131530762
The system shall be displayable on any work computer a CCR user may have. The system interface shall be formatted to display at 800 by 600 pixel resolution.,"not about security, authorization, or protection","not about security, authorization, or protection",0.5118736624717712
The system interface will use CCR nomenclature. The system must use the same nomenclature used in the existing WCS system and reports,"not about security, authorization, or protection","not about security, authorization, or protection",0.5533324480056763
The interface must summarize the data in a fashion that’s appealing to CCR management. Every report type must have at least one high level summary shown in the results dashboard/interface,"not about security, authorization, or protection","not about security, authorization, or protection",0.49966245889663696
The system must use a point and click interface. 100% of all selection and navigation functionality must be able to be activated/selected by either a mouse or a keyboard,"not about security, authorization, or protection","not about security, authorization, or protection",0.48049789667129517
The interface shall be easy to use. 90% of users should be able to successfully use the system to generate a report on their first use. The interface should adhere to IBM usability standards.,"not about security, authorization, or protection","not about security, authorization, or protection",0.4671925902366638
Rreports must be easy to generate. eports must be generated within one button click and exported within one button click (after selecting the report),"not about security, authorization, or protection","not about security, authorization, or protection",0.4975244104862213
A user shall be able to use the system without instruction after a short amount of time. After one use a user should understand and remember 90% of the system usage and navigation.,"not about security, authorization, or protection","not about security, authorization, or protection",0.4706597626209259
All CCR users shall receive training before the WCS system is deployed. One training session will be held for 100% of CCR users before system deployment (based on a CCR user being available),"not about security, authorization, or protection","not about security, authorization, or protection",0.4646996855735779
The WCS system shall use appropriate nomenclature and terminology as defined by the Corporate Community Grants organization. All interfaces and reports will undergo usability tests by CCR users.,"not about security, authorization, or protection","not about security, authorization, or protection",0.43727418780326843
The WCS system shall be available at all times as long as IBM’s internal intranet W3 is accessible. The WCS system will be available 95% of the time IBM’s internal intranet W3 is available.,"not about security, authorization, or protection","not about security, authorization, or protection",0.46371015906333923
The WCS system shall have the ability to connect other designated WCS databases currently not included in the system.,"not about security, authorization, or protection","not about security, authorization, or protection",0.5638205409049988
The WCS system shall have the ability to include data for regions outside the United States and be accessed by users outside of the United States if approved by CCR management.,"not about security, authorization, or protection","not about security, authorization, or protection",0.4448882043361664
The WCS system shall be run in a Windows environment. The WCS shall be accessed by users through the Internet on an IBM computer running a Windows 2000 or above operating system.,"not about security, authorization, or protection","not about security, authorization, or protection",0.49774354696273804
The Brio portion of the WCS system must be able to export files in spreadsheet form (Microsoft Excel and Lotus 1-2-3 formats).  Brio will provide buttons in the user interface that produce/export reports in .xls or .123 file formats.,"not about security, authorization, or protection","not about security, authorization, or protection",0.4062091112136841
The WCS system must run queries to the WCS databases once again (on a specified day) to update the available data available to CCR users. Queries must be made to external databases for data refresh once a week.,"not about security, authorization, or protection","not about security, authorization, or protection",0.48375028371810913
 All changes  updates  and additions to the WCS system shall be updated in the WCS Developer and WCS User Guides. Every change must be reflected in WCS system documentation,"not about security, authorization, or protection","not about security, authorization, or protection",0.48123836517333984
The system shall only be accessed by authorized Corporate Community Grants (CCR) employees. Users must be authenticated using their IBM intranet user name and password.,"security, authorization, or protection","not about security, authorization, or protection",0.4520779252052307
The WCS system shall not allow automatic logins by any user. Cookies containing WCS login information about a user will not be stored on a user’s computer.,"security, authorization, or protection","not about security, authorization, or protection",0.5168729424476624
Each team owner will need to use a username and password in order to be authenticated to reach the team owner’s page,"security, authorization, or protection","not about security, authorization, or protection",0.5335127115249634
The Commissioner will be the only authorized user per league to adjust league settings.,"security, authorization, or protection","not about security, authorization, or protection",0.6176083087921143
Each page shall contain a navigation menu which shows the index into which the current page is contained.,"not about security, authorization, or protection","not about security, authorization, or protection",0.5958075523376465
Each page shall contain a similar format with action items in one location and navigation buttons in a different location.,"not about security, authorization, or protection","not about security, authorization, or protection",0.5580334663391113
The message board shall contain the 5 most recently posted messages on the league page. The messages will contain up to the first 150 characters of the message.,"not about security, authorization, or protection","not about security, authorization, or protection",0.5019834041595459
;A new user shall be able to navigate through the league and team pages within 30 seconds of reaching the start-up page.,"not about security, authorization, or protection","not about security, authorization, or protection",0.5337979793548584
Users shall be able to reach the ‘add’  ‘drop’  and ‘trade player’ pages with one click from the team owner’s page.,"not about security, authorization, or protection","not about security, authorization, or protection",0.42487001419067383
;Users shall be able to view at least 25 NFL player statistics and points on each page.,"not about security, authorization, or protection","not about security, authorization, or protection",0.5594460964202881
The application shall ask the user to confirm dropping a player or trading a player before performing the action.,"not about security, authorization, or protection","not about security, authorization, or protection",0.5317792296409607
The application shall be able to complete every user transaction within one fourth of a second of receiving the request over the network.,"not about security, authorization, or protection","not about security, authorization, or protection",0.5143912434577942
The application shall have a downtime of at most 10 minutes per year.,"not about security, authorization, or protection","not about security, authorization, or protection",0.6672310829162598
The application shall run on a web application server.,"not about security, authorization, or protection","not about security, authorization, or protection",0.7055779695510864
A primary database will be used to store cached data for active users.,"not about security, authorization, or protection","not about security, authorization, or protection",0.6754406094551086
A secondary database will be used to store historical statistics and data.,"not about security, authorization, or protection","not about security, authorization, or protection",0.6619682312011719
Application updates shall occur between 3AM and 6 AM CST on Wednesday morning during the middle of the NFL season.,"not about security, authorization, or protection","not about security, authorization, or protection",0.5282324552536011
New System version releases shall be released at the beginning of each NFL season.,"not about security, authorization, or protection","not about security, authorization, or protection",0.5924395322799683
The RFS system should be available 24/7  especially during the budgeting period. The RFS system shall be available 90% of the time all year  and 98% during the budgeting period. 2% of the time  the system will become available within 1 hour of the time that the situation is reported.,"not about security, authorization, or protection","not about security, authorization, or protection",0.43900683522224426
98% of the user workstations shall meet the minimum hardware requirements prior to implementation. Minimum Hard Disk Space:  400MB.,"not about security, authorization, or protection","not about security, authorization, or protection",0.4388634264469147
98% of the user workstations shall meet the minimum software requirements prior to implementation: Microsoft Internet Explorer 5.0. Microsoft .NET Framework 1.1. Microsoft Internet Explorer Web Controls,"not about security, authorization, or protection","not about security, authorization, or protection",0.45790812373161316
The RFS system should be able to easily interface with the BDW environment  in order to load the data. •;7 data files shall be received from the BDW and loaded into the RFS system within 3 hours one day prior to the start of budgeting process  every year. The data will be as of October month-end. ;Test files (7) shall be loaded up to 5 times throughout the year  from the BDW.,"not about security, authorization, or protection","not about security, authorization, or protection",0.43764883279800415
Changes to revenue and expense formulae must be applied to the RFS system  every year  prior to the budgeting process start. Revenue and expense formulae will be updated within one week of their receipt  after which 2 weeks will be allotted to testing of the budget calculations  to be conducted jointly by the project development team and PCG Finance.,"not about security, authorization, or protection","not about security, authorization, or protection",0.41693735122680664
New branches/complexes/districts/regions and revenue/expense accounts added to the BDW  must be reflected in the RFS system. 100% of the entities (mentioned above) available as of October month-end  will be loaded into the RFS system  prior to the budget start process.,"not about security, authorization, or protection","not about security, authorization, or protection",0.38590100407600403
Only authorized user shall access the RFS system. ONLY users that exist in the UAS system  with the RFS system assigned to their role(s)  shall access the RFS system and use it.,"security, authorization, or protection","not about security, authorization, or protection",0.47389137744903564
;User access should be limited to the permissions granted to their role(s) Each level in the PCG hierarchy will be assigned a role and users will be assigned to these roles. Access to functionality within RFS system is dependent on the privileges/permission assigned to the role..,"security, authorization, or protection","not about security, authorization, or protection",0.4495197534561157
The product must comply with the intranet page standards and requirements of ENET Securities. 95% of the product look & feel will be approved by the Architecture group  prior to implementation. The remaining 5% will be corrected and approved within one month of product release.,"not about security, authorization, or protection","not about security, authorization, or protection",0.44337472319602966
 The intranet pages should display appropriately in all resolutions  from 800x600 and higher. The display of all the pages will be correct in 95% of the resolutions  prior to implementation. The remaining 5% will be corrected within a week of notification of the incorrect display.,"not about security, authorization, or protection","not about security, authorization, or protection",0.43480005860328674
The users should be able to easily use the system to successfully complete their budgets  within the stipulated time for completion. With a week of training prior to product implementation  98% of the users shall complete their budgets within the stipulated time.,"not about security, authorization, or protection","not about security, authorization, or protection",0.4445805847644806
The product interface should be fast. The response time of the product interface should not exceed 2 seconds 90% of the time. For 10% of the time  the response time should not be more than 10 seconds.not be more than 10 seconds.,"not about security, authorization, or protection","not about security, authorization, or protection",0.4508841037750244
