,precision,recall,f1-score,support
"vulnerability, security, protection, cybersecurity, assurance, countermeasure, threat, privacy, authentication, prevention, confidentiality, trusted, intrusion, compromise, safety, insecure, defensive, breach, proactive, tampering, penetration, policy, phishing, vulnerable, authorization, dependability, or certification",0.8876811594202898,0.805921052631579,0.8448275862068966,304.0
"usability, performance, operational, look & feel, legal, fault & tolerance, maintainability, scalability, availability, or portability",0.3723404255319149,0.5303030303030303,0.43749999999999994,66.0
accuracy,0.7567567567567568,0.7567567567567568,0.7567567567567568,0.7567567567567568
macro avg,0.6300107924761024,0.6681120414673046,0.6411637931034483,370.0
weighted avg,0.7957555149969582,0.7567567567567568,0.7721691519105313,370.0
