Requirement text,Gold label,Predicated label,ZSL score
The system shall refresh the display every 60 seconds.,"not about security, authorization, or protection","security, authorization, or protection",0.08574416488409042
The application shall match the color of the schema set forth by Department of Homeland Security,"not about security, authorization, or protection","security, authorization, or protection",0.45344793796539307
 If projected  the data must be readable.  On a 10x10 projection screen  90% of viewers must be able to read Event / Activity data from a viewing distance of 30,"not about security, authorization, or protection","security, authorization, or protection",0.17611047625541687
 The product shall be available during normal business hours. As long as the user has access to the client PC  the system will be available 99% of the time during the first six months of operation.,"not about security, authorization, or protection","security, authorization, or protection",0.23591066896915436
 If projected  the data must be understandable. On a 10x10 projection screen  90% of viewers must be able to determine that Events or Activities are occuring in current time from a viewing distance of 100,"not about security, authorization, or protection","security, authorization, or protection",0.27783632278442383
The product shall ensure that it can only be accessed by authorized users.  The product will be able to distinguish between authorized and unauthorized users in all access attempts,"security, authorization, or protection","security, authorization, or protection",0.46544149518013
The product shall be intuitive and self-explanatory.  :  90% of new users shall be able to start the display of Events or Activities within 90 minutes of using the product.,"not about security, authorization, or protection","security, authorization, or protection",0.33194899559020996
The product shall respond fast to keep up-to-date data in the display.,"not about security, authorization, or protection","security, authorization, or protection",0.37984588742256165
The look and feel of the system shall conform to the user interface standards of the smart device.,"not about security, authorization, or protection","security, authorization, or protection",0.4579017758369446
 The user interface shall have standard menus  buttons for navigation,"not about security, authorization, or protection","security, authorization, or protection",0.3603495955467224
The system shall have a professional appearance,"not about security, authorization, or protection","security, authorization, or protection",0.48892444372177124
The product shall have a consistent color scheme and fonts.,"not about security, authorization, or protection","security, authorization, or protection",0.42357611656188965
The system shall be used by realtors with no training.,"not about security, authorization, or protection","not about security, authorization, or protection",0.2817898094654083
The system shall be intuitive and self explanatory.,"not about security, authorization, or protection","security, authorization, or protection",0.39351508021354675
The product shall be easy for a realtor to learn.,"not about security, authorization, or protection","security, authorization, or protection",0.30312514305114746
The product shall use symbols and words that are naturally understandable by the realtor community.,"not about security, authorization, or protection","security, authorization, or protection",0.4054463505744934
The product shall produce search results in an acceptable time,"not about security, authorization, or protection","security, authorization, or protection",0.4074987471103668
The search results shall be returned no later 30      seconds  after the user has entered the search criteria,"not about security, authorization, or protection","security, authorization, or protection",0.032046083360910416
The product shall generate a CMA report in an acceptable time.,"not about security, authorization, or protection","security, authorization, or protection",0.3838135302066803
The CMA report shall be returned no later 60 seconds after the user has entered the CMA report criteria.,"not about security, authorization, or protection","security, authorization, or protection",0.09220393002033234
The product shall synchronize contacts and appointments in an acceptable time.,"not about security, authorization, or protection","security, authorization, or protection",0.39538252353668213
The product shall synchronize with the office system every hour.,"not about security, authorization, or protection","security, authorization, or protection",0.23296529054641724
 The product shall be available for use 24 hours per day  365 days  per year,"not about security, authorization, or protection","security, authorization, or protection",0.28815552592277527
 Out of 1000 accesses to the system  the system is available 999 times.,"not about security, authorization, or protection","security, authorization, or protection",0.26581546664237976
The product shall operate in offline mode whenever internet connection is unavailable.,"not about security, authorization, or protection","security, authorization, or protection",0.29481571912765503
 The product shall allow the user to view previously downloaded search results  CMA reports  and appointments.,"not about security, authorization, or protection","security, authorization, or protection",0.2560597360134125
The product shall retain user preferences in the event of a failure.,"not about security, authorization, or protection","security, authorization, or protection",0.40264657139778137
100% of saved user preferences shall be restored when system comes back online.,"not about security, authorization, or protection","security, authorization, or protection",0.20611627399921417
The product shall be able to support multiple remote users,"not about security, authorization, or protection","security, authorization, or protection",0.41782939434051514
The product shall be able support 1000 simultaneous users.,"not about security, authorization, or protection","security, authorization, or protection",0.22874261438846588
The product shall be capable of handling the existing 1000 users. This number is expected to grow 5 times within the next year.,"not about security, authorization, or protection","security, authorization, or protection",0.08438529074192047
The product shall be installed by an untrained realtor   without recourse to separately-printed instructions.,"not about security, authorization, or protection","not about security, authorization, or protection",0.25551319122314453
90% of untrained realtors shall be able to install the product on their device without printed instructions,"not about security, authorization, or protection","not about security, authorization, or protection",0.21399767696857452
The product is expected to run on Windows CE and Palm operating systems.,"not about security, authorization, or protection","security, authorization, or protection",0.2166617214679718
Only registered realtors shall be able to access the system.,"security, authorization, or protection","not about security, authorization, or protection",0.22027887403964996
Every user of the system shall be authenticated and authorized.,"security, authorization, or protection","security, authorization, or protection",0.4871349632740021
The product shall prevent its data from incorrect data being introduced.,"security, authorization, or protection","security, authorization, or protection",0.5857686400413513
The system shall be easy to use by the Program Administrators/Nursing Staff Members.,"not about security, authorization, or protection","security, authorization, or protection",0.29842549562454224
All of the users shall be able to use the system after one day of training.,"not about security, authorization, or protection","security, authorization, or protection",0.2360590547323227
The system shall help the user avoid making mistakes while scheduling classes and clinicals for the nursing students.,"not about security, authorization, or protection","security, authorization, or protection",0.1631680577993393
The number of mistakes noted by the students shall be decreased by 50% in the first year.,"not about security, authorization, or protection","not about security, authorization, or protection",-0.10105812549591064
The system shall be intuitive to the Program Administrators/Nursing Staff Members.,"not about security, authorization, or protection","security, authorization, or protection",0.3807542622089386
2 out of 3 Program Administrators/Nursing Staff Members shall successfully be able to use the system to manage the scheduling of classes and clinicals.,"not about security, authorization, or protection","security, authorization, or protection",0.20248037576675415
The system shall use symbols and words that are naturally understandable by the user community.,"not about security, authorization, or protection","security, authorization, or protection",0.40954431891441345
The verbiage used within the system shall be consistent with Standard English and the terminology of the national Nursing Community.,"not about security, authorization, or protection","security, authorization, or protection",0.2723223865032196
Staff members shall be able to complete a set of tasks in a timely manner.,"not about security, authorization, or protection","security, authorization, or protection",0.5020922422409058
The response time of general student management tasks shall take no longer than 5 seconds and the response time of schedule generation shall take no longer than 30 seconds.,"not about security, authorization, or protection","security, authorization, or protection",-0.006375707220286131
The system shall be available for use between the hours of 8am and 6pm.,"not about security, authorization, or protection","security, authorization, or protection",0.3020044267177582
The system shall achieve 95% up time.,"not about security, authorization, or protection","security, authorization, or protection",0.17252841591835022
system shall be able to handle all of the user requests/usage during business hours.,"not about security, authorization, or protection","security, authorization, or protection",0.28528621792793274
The system shall cater to 10 simultaneous users from 9am to 5pm.,"not about security, authorization, or protection","security, authorization, or protection",0.15818184614181519
The system shall be capable of processing 100% of nursing students and their classes for the next 10 years.,"not about security, authorization, or protection","security, authorization, or protection",0.08976968377828598
The system shall be expected to manage the nursing program curriculum and class/clinical scheduling for a minimum of 5 years.,"not about security, authorization, or protection","security, authorization, or protection",0.1018892452120781
The system shall able to operate within a business office environment typical of the Nursing Department at DePaul University.,"not about security, authorization, or protection","security, authorization, or protection",0.18980804085731506
The system shall be used within the specifications defined by the computers used by the Program Administrators/Nursing Staff Members.,"not about security, authorization, or protection","security, authorization, or protection",0.3071582317352295
The system shall operate within the Windows XP Professional operating system.,"not about security, authorization, or protection","security, authorization, or protection",0.28561434149742126
The system shall interface with CampusConnect’s central server,"not about security, authorization, or protection","security, authorization, or protection",0.3894574046134949
The system shall interface with the faculty central server.,"not about security, authorization, or protection","security, authorization, or protection",0.33399271965026855
The system shall interface with the student master server.,"not about security, authorization, or protection","security, authorization, or protection",0.27822980284690857
We must be able to interface with any HTML browser.,"not about security, authorization, or protection","security, authorization, or protection",0.372854083776474
Only authorized users shall have access to clinical site information.,"security, authorization, or protection","security, authorization, or protection",0.18921707570552826
Program Administrators/Nursing Staff Members are the only people who shall have access to clinical site details.,"security, authorization, or protection","security, authorization, or protection",0.20310887694358826
Only authorized users shall have access to students’ personal information.,"security, authorization, or protection","security, authorization, or protection",0.19609466195106506
Dr Susan Poslusny and Dr Julie Donalek are the only people who shall have access to students’ personal information.,"security, authorization, or protection","not about security, authorization, or protection",0.16620075702667236
Only authorized users shall have access to the portion of the system that interfaces with CampusConnect.,"security, authorization, or protection","security, authorization, or protection",0.3068876564502716
Fit Criterion: Dr Susan Poslusny and Karen Sysol are the only people who shall have access to the final class section scheduling for the system that interfaces with CampusConnect.,"security, authorization, or protection","security, authorization, or protection",0.17591166496276855
The system shall have basic data integrity checking to reduce the possibility of incorrect or invalid data being introduced.,"security, authorization, or protection","security, authorization, or protection",0.4285029470920563
The system shall protect private information in accordance with the organization’s information policy.,"security, authorization, or protection","security, authorization, or protection",0.45308756828308105
The system shall be built such that it is as secure as possible from malicious interference.,"security, authorization, or protection","security, authorization, or protection",0.5511019825935364
The system shall use the organization’s standard virus protection software to help monitor threats to itself.,"security, authorization, or protection","security, authorization, or protection",0.3447569012641907
The Disputes application shall comply with the corporate standards for user interface creation for internally and externally used applications.,"not about security, authorization, or protection","security, authorization, or protection",0.39747801423072815
All screens created as part of the Disputes application must comply with corporate standards for interface creation.,"not about security, authorization, or protection","security, authorization, or protection",0.33037033677101135
The list of dispute cases that are displayed after a search is performed must be color coded for easy identification of dispute cases based upon the dispute case status.,"not about security, authorization, or protection","security, authorization, or protection",0.2585946023464203
100% of the cardmember and merchant services representatives shall use the Disputes application regularly after a 2-day training course.,"not about security, authorization, or protection","security, authorization, or protection",0.06536488980054855
100% of cardmember services representatives shall be able to successfully create a dispute case on the first encounter after completing the training course.,"not about security, authorization, or protection","security, authorization, or protection",0.20583447813987732
100% of merchant services representatives shall be able to successfully perform a follow up action on a dispute case on the first encounter after completing the training course.,"not about security, authorization, or protection","security, authorization, or protection",0.16650503873825073
The maximum wait time for a user navigating from one screen to another within the Disputes application shall be no more than 5 seconds.,"not about security, authorization, or protection","not about security, authorization, or protection",0.05610862746834755
The Disputes application shall support 350 concurrent users without any degradation of performance in the application.,"not about security, authorization, or protection","not about security, authorization, or protection",0.18095625936985016
 The Disputes application shall be available 24x7x365  with the exception of the following scheduled maintenance windows.  Monday – Saturday 3:00am to 4:00am EST Sunday 1:00amd to 5:00am EST,"not about security, authorization, or protection","security, authorization, or protection",0.23712840676307678
The Disputes application shall interface with the Statement Database. The Statement Database provides the transaction details to the Disputes System. All transaction details must be obtained from the Statement Database,"not about security, authorization, or protection","security, authorization, or protection",0.32671529054641724
The Disputes application shall interface with the Cardmember Information Database.  The Cardmember Information Database provides detailed information with regard to a cardmember.  All cardmember detail information must be obtained from the Cardmember Information Database.,"not about security, authorization, or protection","security, authorization, or protection",0.3169954717159271
The Disputes applications shall interface with the Merchant Information Database.  The Merchant Information Database provides detailed information with regard to the merchant. All merchant detail information shall be obtained from the Merchant Information Database.,"not about security, authorization, or protection","security, authorization, or protection",0.23304320871829987
The Disputes application shall interface with the Letters application.  This will allow the Disputes application to request letters as part of the dispute initiation and dispute follow up process. All letter requests must be sent to the Print Letter Utility application.,"not about security, authorization, or protection","security, authorization, or protection",0.23872441053390503
The Disputes application shall interface with the Cardmember Posting and Billing System.  This will allow the Disputes application to request adjustments to cardmember and merchant’s accounts. All adjustment requests must be sent to the Cardmember Posting and Billing System.,"not about security, authorization, or protection","security, authorization, or protection",0.3014638423919678
The Disputes application shall ensure that only users with the appropriate access level are allowed to initiate dispute requests.,"security, authorization, or protection","security, authorization, or protection",0.3340098559856415
Only users with Update access must be able to initiate dispute requests.,"security, authorization, or protection","security, authorization, or protection",0.24192842841148376
The Disputes application shall ensure that only authorized users are allowed to logon to the application.,"security, authorization, or protection","security, authorization, or protection",0.3075537085533142
 All authorized users  once authenticated must be able to logon to the Disputes System,"security, authorization, or protection","security, authorization, or protection",0.3807663321495056
The Disputes System shall generate a User Report that details any new users that have been added and any changes to an existing user’s access level.  The report will be reviewed for auditing purposes.,"security, authorization, or protection","security, authorization, or protection",0.33662375807762146
All additions of new users and modifications to user’s access shall be recorded on the User Report.,"security, authorization, or protection","security, authorization, or protection",0.35574859380722046
 If a user account is revoked  it can only be re-instantiated by the System Administrator.,"security, authorization, or protection","security, authorization, or protection",0.24091282486915588
Only the System Administrator shall be able to reset a revoked user logon account,"security, authorization, or protection","security, authorization, or protection",0.1146363839507103
The Disputes application shall manipulate and view business data. Users will not have direct access to data files or databases.,"security, authorization, or protection","security, authorization, or protection",0.17214751243591309
All updates to data files or database must be initiated from the Disputes System.,"security, authorization, or protection","security, authorization, or protection",0.2686297297477722
The Disputes application must conform to the legal requirements as specified by the Merchant Operating Regulations.,"not about security, authorization, or protection","security, authorization, or protection",0.37828943133354187
All business rules specified in the Disputes System shall be in compliance with the Merchant Operating Regulations.,"not about security, authorization, or protection","security, authorization, or protection",0.2730848491191864
The Disputes application must conform to the legal requirements as specified by Regulation E and Regulation Z that govern credit card disputes processing.,"not about security, authorization, or protection","security, authorization, or protection",0.3667648136615753
All business rules specified in the Disputes System shall be in compliance to the guidelines of Regulation E and Regulation Z.,"not about security, authorization, or protection","security, authorization, or protection",0.26125749945640564
The Disputes application must maintain a detailed history of every action that a user takes on a dispute case.  This ensures a complete audit trail if questions arise later on with regard to a particular dispute case.,"not about security, authorization, or protection","security, authorization, or protection",0.36534973978996277
All actions that modify an existing dispute case must be recorded in the case history.,"not about security, authorization, or protection","security, authorization, or protection",0.3153490424156189
The product must support Internet Explorer 5.5 and above.,"not about security, authorization, or protection","security, authorization, or protection",0.22059740126132965
The product must support Mozilla Firefox 1.0 and above.,"not about security, authorization, or protection","security, authorization, or protection",0.20089200139045715
The product shall interface with the Choice Parts System.  This provides the feed of recycled parts data.,"not about security, authorization, or protection","security, authorization, or protection",0.15288607776165009
The product shall run on the existing hardware for all environments.,"not about security, authorization, or protection","security, authorization, or protection",0.33433741331100464
The product shall adhere to the corporate Architecture guidelines,"not about security, authorization, or protection","security, authorization, or protection",0.3815537691116333
The product shall comply with corporate User Interface Guidelines,"not about security, authorization, or protection","security, authorization, or protection",0.45593103766441345
The product shall comply with corporate color scheme,"not about security, authorization, or protection","security, authorization, or protection",0.46975624561309814
The appearance of the product shall appear professional,"not about security, authorization, or protection","security, authorization, or protection",0.5021980404853821
The product shall be easy to use by Adjusters and Collision Estimators.  95% of Adjusters and Collision Estimators shall find the product easy to use.,"not about security, authorization, or protection","security, authorization, or protection",0.23703067004680634
The product shall increase productivity of Collision Estimators. 80% of the Collision Estimators shall agree their productivity has increase within 1 month of using the product.,"not about security, authorization, or protection","security, authorization, or protection",0.09620276093482971
Users shall feel satisfied using the product.  85% of all users will be satisfied with the product.,"not about security, authorization, or protection","security, authorization, or protection",0.13304844498634338
The product shall be easy to learn by Adjusters and Collision Estimators.  The product shall be learned with two days onsite training,"not about security, authorization, or protection","security, authorization, or protection",0.20508313179016113
The user shall easily locate instructions while using the product.  User help can be found within 90% of the system.,"not about security, authorization, or protection","security, authorization, or protection",0.35413891077041626
The search for recycled parts shall take no longer than 15 seconds.  The search results shall be returned in under 15 seconds.,"not about security, authorization, or protection","security, authorization, or protection",0.05935748666524887
The search for the preferred repair facility shall take no longer than 8 seconds.  The preferred repair facility is returned within 8 seconds,"not about security, authorization, or protection","security, authorization, or protection",0.19298669695854187
The recycled parts audit report shall be returned to the user within 10 seconds.  The audit report shall be returned within 10 seconds.,"not about security, authorization, or protection","security, authorization, or protection",0.10521510243415833
The preferred repair facility ratings shall be saved within 5 seconds. The save shall occur within 5 seconds.,"not about security, authorization, or protection","security, authorization, or protection",0.03882116079330444
The product shall adhere to the corporate online availability schedule.  The application is brought down only within 98% of the scheduled outages per the availability schedule.,"not about security, authorization, or protection","security, authorization, or protection",0.2795517146587372
The product shall achieve a 98% uptime. The product shall not fail more than 2% of the available online time.,"not about security, authorization, or protection","security, authorization, or protection",0.23110534250736237
The product shall be able to handle up to 1500 simultaneous users. The system shall perform with 1500 users as a time.,"not about security, authorization, or protection","security, authorization, or protection",0.24197399616241455
 The average number of recycled parts records per day shall be 50 000.,"not about security, authorization, or protection","security, authorization, or protection",-0.07158315181732178
 The product shall be able to handle 10 000 concurrent users within 2 years of the initial launch.,"not about security, authorization, or protection","security, authorization, or protection",0.10066676139831543
 For estimators  the product shall be able to be operated in a repair facility during dirty and noisy conditions.,"not about security, authorization, or protection","security, authorization, or protection",0.34765493869781494
The product shall interface with the ChoiceParts system once per day at approximately 1:00 AM.,"not about security, authorization, or protection","security, authorization, or protection",0.2971305251121521
The maintenance of the product will fall within the established corporate maintenance windows.,"not about security, authorization, or protection","security, authorization, or protection",0.3691931962966919
The product shall be supported using the corporate support center.,"not about security, authorization, or protection","security, authorization, or protection",0.3364546597003937
Product installations and upgrades shall be handled by the middleware technology team within established launch time frames.,"not about security, authorization, or protection","security, authorization, or protection",0.38397419452667236
Only adjusters can request recycled parts audit reports. No users without an adjuster role shall request recycled parts audits.,"security, authorization, or protection","not about security, authorization, or protection",0.16490855813026428
Only adjusters with a supervisor role can update preferred repair facility ratings. Users without the supervisor role cannot access the repair facility ratings.,"security, authorization, or protection","security, authorization, or protection",0.16641482710838318
Only collision estimators shall search for recycled parts.  Users without the collision estimator role shall not have access to the search for recycled parts.,"security, authorization, or protection","not about security, authorization, or protection",0.17228583991527557
Only valid data shall be entered into the system.  No invalid data shall be entered into the system.,"security, authorization, or protection","not about security, authorization, or protection",0.3851602375507355
One insurance company shall not be able to view another insurance companys claim data.,"security, authorization, or protection","not about security, authorization, or protection",0.31807127594947815
The product shall free of computer viruses.,"security, authorization, or protection","not about security, authorization, or protection",0.26433277130126953
The system shall prevent malicious attacks including denial of service.,"security, authorization, or protection","security, authorization, or protection",0.4804361164569855
The product must comply with Sarbanes-Oxley.,"not about security, authorization, or protection","security, authorization, or protection",0.4469117522239685
The product shall comply with the estimatics laws relating to recycled parts usage.,"not about security, authorization, or protection","security, authorization, or protection",0.3037148714065552
The product shall comply with insurance regulations regarding claims processing.,"not about security, authorization, or protection","security, authorization, or protection",0.47034990787506104
 The product must work with most database management systems (DBMS) on the market  whether the DBMS is colocated with the product on the same machine or is located on a different machine on the computer network.,"not about security, authorization, or protection","security, authorization, or protection",0.24363850057125092
The product will function alongside server software on any operating system where the Java runtime can be installed.,"not about security, authorization, or protection","security, authorization, or protection",0.37424346804618835
The product will require collaboration with a database management system (DBMS).  The DBMS may be located on the same machine as the product or on a separate machine residing on the same computer network.,"not about security, authorization, or protection","security, authorization, or protection",0.2576926052570343
 The product must make use of web/application server technology.  Open source examples include Apache web server  Tomcat  and the JBoss application server.,"not about security, authorization, or protection","security, authorization, or protection",0.4328276515007019
 A database management system such as Oracle  DB2  MySql or HSQL will need to be integrated with the product.,"not about security, authorization, or protection","security, authorization, or protection",0.36658036708831787
 The product’s Look and Feel shall be able to incorporate aspects of the customer’s organization such as logo  branding  and identity,"not about security, authorization, or protection","security, authorization, or protection",0.449357271194458
The product shall have a conservative and professional appearance.,"not about security, authorization, or protection","security, authorization, or protection",0.32236552238464355
The product shall make the users want to use it. 80% of the users surveyed report they are regularly using the product after the first 2 weeks post-launch.,"not about security, authorization, or protection","security, authorization, or protection",0.09587188810110092
The product shall be easy to use. 90% of users will be able to successfully reserve a conference room within 5 minutes of product use.,"not about security, authorization, or protection","security, authorization, or protection",0.10545321553945541
The product shall give users feedback when necessary. 80% of the users surveyed report that the product accurately confirms their actions.,"not about security, authorization, or protection","security, authorization, or protection",0.28340959548950195
The product shall allow the user to select a chosen language from one of the target market countries.,"not about security, authorization, or protection","security, authorization, or protection",0.32280051708221436
The product shall allow for customization of start page and views preferences.,"not about security, authorization, or protection","security, authorization, or protection",0.41465720534324646
 An employee will be able to successfully use the product within a few minutes.  After informally navigating the product for less than 15 minutes  users shall be able to successfully setup meetings and reserve conference rooms.,"not about security, authorization, or protection","security, authorization, or protection",0.22418199479579926
The product shall use a standard navigation menu familiar to most web users.,"not about security, authorization, or protection","security, authorization, or protection",0.29330772161483765
The product shall allow for intuitive searching of available conference rooms.,"not about security, authorization, or protection","security, authorization, or protection",0.4224522113800049
The product shall conform to the Americans with Disabilities Act.,"not about security, authorization, or protection","security, authorization, or protection",0.4269595444202423
The response shall be fast enough to avoid interrupting the user’s flow of thought.  90% of tasks shall complete within 5 seconds.  98% of tasks shall complete within 8 seconds.,"not about security, authorization, or protection","security, authorization, or protection",0.2296130657196045
 Aside from server failure  the software product shall achieve 99.99% up time.,"not about security, authorization, or protection","security, authorization, or protection",0.286211758852005
The product shall create an exception log of problems encountered within the product for transmission to our company for analysis and resolution.,"not about security, authorization, or protection","security, authorization, or protection",0.3078598380088806
 The product shall be capable of handling up to 1 000 concurrent requests.  This number will increase to 2 000 by Release 2.  The concurrency capacity must be able to handle peak scheduling times such as early morning and late afternoon hours.,"not about security, authorization, or protection","security, authorization, or protection",0.3266060948371887
 The product shall be able to process 10 000 transactions per hour within two years of its launch.  This number will increase to 20 000 by Release 2.,"not about security, authorization, or protection","security, authorization, or protection",0.04571674019098282
The product shall be expected to operate for at least 5 years for each customer installation.,"not about security, authorization, or protection","security, authorization, or protection",0.1336524933576584
The product shall be used in office environments.,"not about security, authorization, or protection","security, authorization, or protection",0.3623063266277313
The product must be able to interface with any HTML browser.  The product shall transmit data between the user and the product without problems. The product shall display HTML properly in 80% of all HTML browsers tested (minimum is to test 8 browsers).,"not about security, authorization, or protection","security, authorization, or protection",0.27627718448638916
The product must be able to interface with various database management systems. The product shall communicate successfully with the database management system on 100% of all transactions.,"not about security, authorization, or protection","security, authorization, or protection",0.2876870632171631
The product must be able to interface with various email servers. The product shall be able to send email.,"not about security, authorization, or protection","security, authorization, or protection",0.34053194522857666
The product shall be available for distribution via the Internet as a binary or ZIP file.,"not about security, authorization, or protection","security, authorization, or protection",0.23126572370529175
The product shall be available for distribution as a packaged CD.,"not about security, authorization, or protection","security, authorization, or protection",0.31690603494644165
 The product will be available for licensing as a one-server  two-five servers  or five-or-more servers license.,"not about security, authorization, or protection","security, authorization, or protection",0.31250980496406555
A new user must be able to be added to the system within 10 minutes.  90% of new users are able to log into the system within 10 minutes.,"not about security, authorization, or protection","security, authorization, or protection",0.24411118030548096
The product must be designed using Design Patterns and coding best practices.  90% of maintenance software developers are able to integrate new functionality into the product with 2 working days.,"not about security, authorization, or protection","security, authorization, or protection",0.21485480666160583
The product must be highly configurable for use with various database management systems for the end users.  80% of end users are able to integrate new database management systems with the product without changing the product’s software code.,"not about security, authorization, or protection","security, authorization, or protection",0.26155751943588257
Maintenance releases will be offered to customers once a year.  The releases shall take no longer than 5 minutes for 80% of the customer base to install.,"not about security, authorization, or protection","security, authorization, or protection",-0.007850602269172668
Every registered user will have access to the product’s support site via the Internet.  70% of registered users shall find a solution to their problem within 5 minutes of using the support site.,"not about security, authorization, or protection","security, authorization, or protection",0.030085330829024315
The customer shall be able to easily integrate new building maps with the product throughout the product’s lifecycle.  Integration of new maps with the product shall be possible with little to no support from product support staff.,"not about security, authorization, or protection","security, authorization, or protection",0.1811479777097702
 The product shall be translated into foreign languages other than the target market countries’ languages in future releases.  For each emerging target market  it shall take no more than 5 days to configure the product for that market’s language.,"not about security, authorization, or protection","security, authorization, or protection",0.08423079550266266
 The product is expected to integrate with multiple database management systems.  The product will operate with Oracle  SQL Server  DB2  MySQL  HSQL  and MS Access.,"not about security, authorization, or protection","security, authorization, or protection",0.3223936855792999
The product shall be able to be installed in any operating environment within 2 days.,"not about security, authorization, or protection","security, authorization, or protection",0.2274782359600067
The product shall ensure that only company employees or external users with company-approved user IDs may have product access.  100% of all logons shall be by either company employees or external users with company-approved user IDs.,"security, authorization, or protection","security, authorization, or protection",0.2906334102153778
Only managers are able to perform search queries for reservations by user.  100% of all search queries for reservations by user shall be from logons of only management logons.,"security, authorization, or protection","security, authorization, or protection",0.12216681241989136
The product shall ensure that the database’s data corresponds to the data entered by the user.  Each conference room reservation in the system will contain the same information as was entered by the user.,"security, authorization, or protection","security, authorization, or protection",0.396374374628067
The product shall prevent the input of malicious data.  The product and/or adjacent hardware/software systems’ data shall remain 100% uncorrupted each time malicious data is input into the product.,"security, authorization, or protection","security, authorization, or protection",0.2906248867511749
The product and/or dependent databases/filesystems shall remain operational as a result of the input of malicious data.  The product and/or dependent databases/filesystems shall not crash 100% of the time that malicious data is input into the product.,"not about security, authorization, or protection","security, authorization, or protection",0.28166115283966064
The product shall have the ability to receive automatic software updates as new threats emerge.  100% of customers will be able to receive automatic software updates transmitted to the installed product.,"security, authorization, or protection","security, authorization, or protection",0.34156355261802673
The language of the product shall accommodate all of the target market countries. 90% of survey respondents from each target market country will find that the language of the product is acceptable.,"not about security, authorization, or protection","security, authorization, or protection",0.21149128675460815
The product shall be able to display calendar dates and times according to the user’s locale.  90% of survey respondents from each target market country will find that the date and time formatting of the product is correct.,"not about security, authorization, or protection","security, authorization, or protection",0.29084524512290955
The product must be developed with the J2SE/J2EE programming language libraries,"not about security, authorization, or protection","security, authorization, or protection",0.30809906125068665
Recreation of Inventory Quantity Adjustment for the period of previous 30 days shall take no more than 30min.,"not about security, authorization, or protection","security, authorization, or protection",0.007957948371767998
The System shall allow for a minimum of  6 users to work at the same time.,"not about security, authorization, or protection","security, authorization, or protection",0.3068591356277466
The System shall utilize currently owned computer equipment.,"not about security, authorization, or protection","security, authorization, or protection",0.42833444476127625
The System shall be able to automatically backup business data and restore them on demand.,"not about security, authorization, or protection","security, authorization, or protection",0.2583176791667938
The System shall maintain consistent security.  Any changes in user passwords and/or permissions should take affect in all parts of the System.,"security, authorization, or protection","security, authorization, or protection",0.5755599141120911
The System shall granularly control access rights to all major subsystems.  It should be possible to assign access rights to all subsystems independently.,"security, authorization, or protection","security, authorization, or protection",0.3557828962802887
The System shall meet all applicable accounting standards.  The final version of the System must successfully pass independent audit performed by a certified auditor.,"not about security, authorization, or protection","security, authorization, or protection",0.25133487582206726
The System shall not require additional third party licenses resulting in royalty fees.,"not about security, authorization, or protection","not about security, authorization, or protection",0.45924097299575806
Administrator shall be able to activate a pre-paid card via the Administration section in under 5 seconds.,"not about security, authorization, or protection","security, authorization, or protection",0.1886587291955948
 Customer shall be able to check the status of their prepaid card  by entering in the PIN number  in under 5 seconds.,"not about security, authorization, or protection","security, authorization, or protection",0.12074010819196701
System shall let customers register on the website as a “pay as you go” user in under 5 minutes.,"not about security, authorization, or protection","security, authorization, or protection",0.025689836591482162
System shall let customers register on the website as a “unlimited movie subscriber” user in under 10 minutes.,"not about security, authorization, or protection","security, authorization, or protection",0.13011434674263
System shall let existing customers log into the website with their email address and password in under 5 seconds.,"not about security, authorization, or protection","security, authorization, or protection",0.04275914281606674
 System shall let customers cancel their account  process shall take no longer than 2 minutes.  Database will mark the account as inactive  and user will not be able to log into the website.,"not about security, authorization, or protection","not about security, authorization, or protection",0.10677961260080338
System shall let administrator de-activate a customer account in under 1 minute. Customer will no longer be able to access the website.,"not about security, authorization, or protection","security, authorization, or protection",0.18578395247459412
System shall let administrator add/remove movies on the website in under 5 minutes.  Entered movie information will be stored in the database and will now be available on the website.,"not about security, authorization, or protection","security, authorization, or protection",0.02113259769976139
System shall let the administrator add/remove categories on the website in under 5 minutes.,"not about security, authorization, or protection","security, authorization, or protection",0.08578164875507355
System shall let Izogn Manager access sales and usage statistics in under 2 minutes.,"not about security, authorization, or protection","security, authorization, or protection",0.02281501516699791
System shall let administrators generate unique pre-paid pins in under 2 minutes and generate an Excel file with the generated PINs.,"not about security, authorization, or protection","security, authorization, or protection",0.09363939613103867
The website shall be attractive to all audiences.  The website shall appear to be fun and the colors should be bright and vibrant.,"not about security, authorization, or protection","security, authorization, or protection",0.28309985995292664
 The website should have an African feel  but should not alienate non-Africans.  The website should use animation on pages which are describing the services  to grab the users attention and encourage them to sign up.,"not about security, authorization, or protection","security, authorization, or protection",0.2133096605539322
 The website design should be modern  clean  and concise.,"not about security, authorization, or protection","not about security, authorization, or protection",0.3332872688770294
The product should be able to be used by 90% of novice users on the Internet.,"not about security, authorization, or protection","security, authorization, or protection",0.20022402703762054
 Users should only have to navigate through a maximum of 4 pages  to create an account with the website.,"not about security, authorization, or protection","security, authorization, or protection",0.08813323080539703
Users should be able to access their streaming movies in under 2 clicks after logging into the website.,"not about security, authorization, or protection","security, authorization, or protection",0.05428164824843407
An anonymous survey will show that 70% of customers are comfortable purchasing streaming movies after 2 weeks using the website.,"not about security, authorization, or protection","security, authorization, or protection",-0.08084562420845032
An anonymous survey will show that 95% of customers are comfortable using and purchasing pre-paid cards after a month of using the system.,"not about security, authorization, or protection","security, authorization, or protection",0.04219925031065941
The product shall retain the customer’s buying preferences and information.,"not about security, authorization, or protection","security, authorization, or protection",0.29265108704566956
The product shall be easy for customers with novice skills on the  Internet to purchase and watch streaming movies.  Customers should be able to purchase and watch a pre-determined movie in under 3 minutes.,"not about security, authorization, or protection","security, authorization, or protection",0.13426250219345093
The product shall use symbols and words that are naturally understandable by users familiar with websites,"not about security, authorization, or protection","security, authorization, or protection",0.42487865686416626
The website will use standard Internet conventions when interacting with the user.,"not about security, authorization, or protection","security, authorization, or protection",0.4098833203315735
 Any interface between a user and the automated system shall have a maximum response time of 5 seconds  unless noted by an exception below.,"not about security, authorization, or protection","security, authorization, or protection",0.19312739372253418
 When purchasing a streaming movie or pre-paid card via credit card  the processing time should have a maximum response time of 15 seconds.,"not about security, authorization, or protection","security, authorization, or protection",0.07077008485794067
 When streaming a movie  the buffering time should take no longer than 10 seconds (plus any latency on the user’s connection.),"not about security, authorization, or protection","security, authorization, or protection",0.12454137951135635
 While streaming a movie  buffering should only occur if there is latency in the user’s connection.,"not about security, authorization, or protection","not about security, authorization, or protection",0.1956498622894287
 All credit card information will be secured on the server  and only accessible by authorized Izogn administrators.  Information will be encrypted in the database.,"security, authorization, or protection","security, authorization, or protection",0.2773670554161072
 The website shall be available for use 24 hours per day  365 days per year.,"not about security, authorization, or protection","security, authorization, or protection",0.2456338256597519
The website shall achieve 99.5% up time.,"not about security, authorization, or protection","security, authorization, or protection",0.12333855032920837
 All movies shall be streamed on demand  at any time of the day.,"not about security, authorization, or protection","security, authorization, or protection",0.0669664666056633
The website shall continue to operate if the streaming server goes down.,"not about security, authorization, or protection","security, authorization, or protection",0.1453232616186142
The website shall continue to operate if the payment gateway goes down.,"not about security, authorization, or protection","security, authorization, or protection",0.1817939579486847
The streaming server will support 50 simultaneous streaming connections.,"not about security, authorization, or protection","security, authorization, or protection",0.01248996239155531
The streaming server will support a maximum of 700 movies  new servers can be added to support more movies.,"not about security, authorization, or protection","security, authorization, or protection",0.1279163807630539
 The server will support a maximum of 1 000 simultaneous users.,"not about security, authorization, or protection","security, authorization, or protection",0.18097294867038727
 The website shall be capable of supporting 100 000 customers.,"not about security, authorization, or protection","security, authorization, or protection",0.156769797205925
The product shall be expected to operate within the maximum maintenance budget for a minimum of 2 years.,"not about security, authorization, or protection","security, authorization, or protection",0.2788242995738983
All aspects of the website shall be accessed by a web browser over the Internet.,"not about security, authorization, or protection","security, authorization, or protection",0.17646363377571106
The same hardware supporting the current website will be used to support the new system.,"not about security, authorization, or protection","security, authorization, or protection",0.33296042680740356
 We must be able to interface with the following browsers: IE 5.X  6.0  Netscape 6.x  7.x  8.x and Firefox 1.0.,"not about security, authorization, or protection","security, authorization, or protection",0.27582013607025146
Website must interface with the CyberSource API to process credit card transactions.,"not about security, authorization, or protection","security, authorization, or protection",0.33123916387557983
Website must be fully operational with MSN TV2.,"not about security, authorization, or protection","security, authorization, or protection",0.18349233269691467
Movies shall be encoded and streamed via Windows Media Player 9.0.,"not about security, authorization, or protection","security, authorization, or protection",0.17178383469581604
Movies shall be encoded for 56k and 256k streams.,"not about security, authorization, or protection","security, authorization, or protection",0.12216304987668991
Promotional updates to the website should take a day to update.,"not about security, authorization, or protection","security, authorization, or protection",0.24565467238426208
Izogn Administrator must be able to update the category listings on the website within 2 minutes.,"not about security, authorization, or protection","security, authorization, or protection",0.1424575299024582
Izogn Administrator must be able to add new products to the website within 2 minutes.,"not about security, authorization, or protection","security, authorization, or protection",0.09657913446426392
The system will provide a 24 hour 800 toll free number for support to its customers.,"not about security, authorization, or protection","security, authorization, or protection",0.23805177211761475
The website will provide a help section with answers and solutions to common problems.,"not about security, authorization, or protection","security, authorization, or protection",0.2151547223329544
 Velkat staff will be available for phone support between 7am-7pm  M-F to provide technical support to the Izogn administrators.,"not about security, authorization, or protection","security, authorization, or protection",0.18758100271224976
The product shall be able to be installed in the specified environment within 1 working day.,"not about security, authorization, or protection","security, authorization, or protection",0.3552704453468323
Only registered customers can purchase streaming movies.,"security, authorization, or protection","not about security, authorization, or protection",0.11686088889837265
 A customer can only stream a movie if they purchased it  and are within the 2 day viewing period.,"security, authorization, or protection","not about security, authorization, or protection",-0.01701575703918934
Only authorized personnel can access customer records in the database.,"security, authorization, or protection","not about security, authorization, or protection",0.25662362575531006
Only administrators can activate a pre-paid card.,"security, authorization, or protection","not about security, authorization, or protection",0.24706538021564484
Only authorized personnel can access sales information.,"security, authorization, or protection","not about security, authorization, or protection",0.22078360617160797
The website shall prevent its data from being corrupted when incorrect data is entered in.,"security, authorization, or protection","security, authorization, or protection",0.40260064601898193
 The website shall protect itself from intentional abuse  and notify the administrator at all occurrences.,"security, authorization, or protection","security, authorization, or protection",0.4834500551223755
Data integrity scripts will be run on a weekly basis to verify the integrity of the database.,"security, authorization, or protection","security, authorization, or protection",0.22964408993721008
 The website shall make its user aware of its information practices before collection data from them via a Privacy Policy  accessible on all pages of the website.,"security, authorization, or protection","security, authorization, or protection",0.4354548454284668
The system shall notify customers of changes to its information policy.,"security, authorization, or protection","not about security, authorization, or protection",0.3667064905166626
The system shall reveal private information only in compliance with the organization’s information policy.,"security, authorization, or protection","not about security, authorization, or protection",0.3045528531074524
 All customer information will be stored on a secure database  accessible only to authorized personnel.,"security, authorization, or protection","security, authorization, or protection",0.3442879319190979
All credit card information will be encrypted in the database.,"security, authorization, or protection","security, authorization, or protection",0.25148826837539673
The streaming server will have anti-virus software to prevent infection of malicious viruses.,"security, authorization, or protection","security, authorization, or protection",0.3687681257724762
The website should cater to all tribes in Nigeria.,"not about security, authorization, or protection","security, authorization, or protection",0.09104444831609726
The website shall not be offensive to religious or ethnic groups.,"not about security, authorization, or protection","not about security, authorization, or protection",0.4847796559333801
 The website should appeal to all Africans  not only Nigerians.,"not about security, authorization, or protection","security, authorization, or protection",0.16331538558006287
The website should use Flash to provide animation on the home page.,"not about security, authorization, or protection","security, authorization, or protection",0.10257259756326675
IzognMovies shall meet the licensing requirements set forth by the appropriate organizations in order to stream African movies.,"not about security, authorization, or protection","security, authorization, or protection",0.15766163170337677
The website will comply with W3C standards.,"not about security, authorization, or protection","security, authorization, or protection",0.49932271242141724
The PHP code will comply with PEAR standards.,"not about security, authorization, or protection","security, authorization, or protection",0.3870730996131897
Total lead cycle time must be completed in 5 minutes for 90% of lead volume between the business hours of 8AM CST to 8PM CST  then 3 minutes for 99% of lead volume during off business hours.,"not about security, authorization, or protection","security, authorization, or protection",-0.0056885527446866035
No lead evaluation will complete in a time period longer than 25 seconds for 97% of all leads processed.,"not about security, authorization, or protection","not about security, authorization, or protection",0.03774740546941757
For leads that process longer than 25 seconds the system will record the event and duration,"not about security, authorization, or protection","security, authorization, or protection",0.253979355096817
The process must fit within the processing time conditions set forth by the Auto Rep Assignment process in which a lead is assigned within 3 minutes of the total life cycle.,"not about security, authorization, or protection","security, authorization, or protection",0.2568264901638031
The lead washing process will operate within the established physical web service structure.,"not about security, authorization, or protection","security, authorization, or protection",0.2787288725376129
 The washing process must use a non binding  neutral data format  such as xml  when receiving and processing lead data.,"not about security, authorization, or protection","security, authorization, or protection",0.2929888069629669
Defect reports will be available to technical units on a 24x7 basis.,"not about security, authorization, or protection","security, authorization, or protection",0.28427156805992126
Washing parameters will be updated during scheduled maintenance hours.,"not about security, authorization, or protection","security, authorization, or protection",0.3086782395839691
The product shall simulate the look of ships at sea.,"not about security, authorization, or protection","security, authorization, or protection",0.31102660298347473
The product shall display the grids within a circle as a view from a periscope.,"not about security, authorization, or protection","security, authorization, or protection",0.23455366492271423
The product shall display each type of ship in a grid using an image of the specific type of ship.,"not about security, authorization, or protection","security, authorization, or protection",0.2400543987751007
 When the offensive player takes a shot  the product shall simulate the sound of a ship at sea.,"not about security, authorization, or protection","security, authorization, or protection",0.22743014991283417
 When a shot is marked as a miss  the product shall simulate the sound of a shot missing its target.,"not about security, authorization, or protection","security, authorization, or protection",0.11556956171989441
 When a shot is marked as a hit  the product shall simulate the sound of a shot hitting its target.,"not about security, authorization, or protection","security, authorization, or protection",0.2783573567867279
 When a ship is sunk  the product shall simulate the sound of a sinking ship.,"not about security, authorization, or protection","security, authorization, or protection",0.027222629636526108
 The product shall be available 24 hours per day  seven days per week.,"not about security, authorization, or protection","security, authorization, or protection",0.2693757116794586
The product shall able to handle a large number of games simultaneously.,"not about security, authorization, or protection","security, authorization, or protection",0.30456405878067017
The response time shall be fast enough to maintain the flow of the game.  The response time shall be no more than 2 seconds for 95% of responses and no more than 4% for the remaining responses.,"not about security, authorization, or protection","security, authorization, or protection",0.17239242792129517
The product shall protect the identity of the players. The product shall provide players no access to information that might reveal the identity of another player.,"not about security, authorization, or protection","security, authorization, or protection",0.4183133542537689
The product shall be intuitive and self-explanatory.  Nine out ten users shall be able to successfully complete a game with no training.,"not about security, authorization, or protection","not about security, authorization, or protection",0.2232908457517624
 The product shall be available to players who understand English  Spanish and French.  The product shall allow the user to select the language upon accessing the product.,"not about security, authorization, or protection","security, authorization, or protection",0.2668440043926239
The product shall provide players no access to information that might reveal the identity of another player,"security, authorization, or protection","not about security, authorization, or protection",0.44646844267845154
The response time shall be fast enough to maintain the flow of the game. The response time shall be no more than 2 seconds for 95% of responses and no more than 4% for the remaining responses.,"not about security, authorization, or protection","security, authorization, or protection",0.17239242792129517
The system shall be easy to use by callers and supervisors. Callers and supervisors must be able to accomplish any system task within 2 minutes.,"not about security, authorization, or protection","security, authorization, or protection",0.2426428198814392
The system shall be easy to learn by callers and supervisors. Callers and supervisors shall learn how to use the system within 10 minutes.,"not about security, authorization, or protection","security, authorization, or protection",0.21964578330516815
 The system shall be responsive. At the DePaul TeleServices Center  when a supervisor uses the system to view a callers schedule  the system response time must be no more than 2 seconds 90% of the time and no more than 5 seconds the rest of the time.,"not about security, authorization, or protection","security, authorization, or protection",0.21588991582393646
 On a 56k connection  the system response time for all operations must be no more than 6 seconds 90% of the time.,"not about security, authorization, or protection","security, authorization, or protection",0.18152961134910583
 On a 112k connection or faster  the system response time for all operations must be no more than 3 seconds 90% of the time.,"not about security, authorization, or protection","security, authorization, or protection",0.206994891166687
The system shall have high availability every day of the year.The system must be available for use between 12:00AM and 6:00PM all days of the year.,"not about security, authorization, or protection","security, authorization, or protection",0.30980396270751953
The system must be available for use between 7:00AM and 11:59PM all days of the year.,"not about security, authorization, or protection","security, authorization, or protection",0.27940040826797485
The product shall be internet browser independent.The product must run using Internet Explorer and Netscape Navigator.,"not about security, authorization, or protection","security, authorization, or protection",0.22018669545650482
The product shall ensure that only supervisors can advertise empty time slots.The product must ensure that supervisors are allowed to access advertise empty time slots.,"security, authorization, or protection","not about security, authorization, or protection",0.22290265560150146
The product shall ensure that only supervisors can enter a caller’s schedule.The product must ensure that supervisors are allowed to access advertise empty time slots.,"security, authorization, or protection","security, authorization, or protection",0.24072934687137604
The product shall ensure that only supervisors can view schedule of all callers.The product must ensure that supervisors are allowed to access advertise empty time slots.,"security, authorization, or protection","security, authorization, or protection",0.2128787487745285
 The interface shall have a simple look. In the interface and usability survey  90% of beta testers must report that the interface is adequately simple.,"not about security, authorization, or protection","security, authorization, or protection",0.25293123722076416
 The interface shall be appealing to callers and supervisors. In the interface and usability survey  80% of beta testers must report that the interface is appealing.,"not about security, authorization, or protection","security, authorization, or protection",0.24057245254516602
The product shall provide GUI based Monitoring Services.System Administrators shall monitor message exchanges will predict and determine problems and will also provide internal and external support.,"not about security, authorization, or protection","security, authorization, or protection",0.3679486811161041
The product shall comply with City of Chicago Application Development Guide Framework.Application Development Framework will provide structured Graphical User Interface.,"not about security, authorization, or protection","security, authorization, or protection",0.37433916330337524
The product shall provide Monitoring Services.The product shall be easy for System Administrators and DBAs to use after two weeks of usage.,"not about security, authorization, or protection","security, authorization, or protection",0.23353657126426697
The product shall provide Error Tracking Services.The product shall help the System Administrators and DBAs to resolve transaction errors 99% of the time.,"not about security, authorization, or protection","security, authorization, or protection",0.24711500108242035
The product shall provide Portals.The product shall help System Administrators to analyze the transactions with ad-hoc reporting and KPIs (Key Performance Indicators),"not about security, authorization, or protection","security, authorization, or protection",0.4033070504665375
The product shall provide Asynchronous Messaging.The product shall provide asynchronous messaging to enable parallel processing and reduce the overhead in communications,"not about security, authorization, or protection","security, authorization, or protection",0.24890360236167908
The product shall provide Multi-threading and Load Balancing.The product shall provide multi-threading technology as well as load balancing to overcome data load spikes and traffic.,"not about security, authorization, or protection","security, authorization, or protection",0.4002380669116974
The product shall process messages within 2 seconds.The product shall have a maximum message processing time of 2 seconds,"not about security, authorization, or protection","security, authorization, or protection",0.20372581481933594
The product shall poll the system for messages every second.The product shall poll the system for new messages at a maximum of every 1 second.,"not about security, authorization, or protection","security, authorization, or protection",0.16112394630908966
The product shall provide Dynamic Change Support and Transparent resource addition.The product shall support Transparent Resource addition and Dynamic Change support to provide scalability and avoid service interruptions of more than 1 day.,"not about security, authorization, or protection","security, authorization, or protection",0.47931551933288574
The product shall be available 99% of the time. Rationale: To avoid service interruption during busiest customer service response periods. The product shall be available 99.99% of the time for regular business days.,"not about security, authorization, or protection","security, authorization, or protection",0.2801387310028076
The product shall be robust.The product shall have fault avoidance based on standards adoption.,"not about security, authorization, or protection","security, authorization, or protection",0.4050518572330475
The product shall be robust with fault tolerance.The product shall have fault tolerance by using recovery technique compensatory transaction and routing around failures.,"not about security, authorization, or protection","security, authorization, or protection",0.3462764024734497
The product shall be able to process all transactions.The product shall process minimum of 1 million transactions per year.,"not about security, authorization, or protection","security, authorization, or protection",0.28270184993743896
The product shall be platform independent.The product shall enable access to any type of development environment and platform.,"not about security, authorization, or protection","security, authorization, or protection",0.4039369225502014
The product shall interface CSR and Datastream.The product shall exchange messages between CSR and EAM on a real time basis without any direct interfaces between two systems.,"not about security, authorization, or protection","not about security, authorization, or protection",0.3631976544857025
 : The product shall continue to operate during upgrade  change or new resource addition.The product shall be able to continue to operate with no interruption in service due to new resource additions.,"not about security, authorization, or protection","security, authorization, or protection",0.3049507141113281
The product shall be updated on a regular basis.The product will have a new major feature introduced every six months and quarterly maintenance releases every six months.,"not about security, authorization, or protection","security, authorization, or protection",0.24596764147281647
The product shall operate with every platform.The product shall accommodate any new technology without any change in its architecture.,"not about security, authorization, or protection","security, authorization, or protection",0.3559100031852722
 The product shall have security.The product shall provide authentication  and authorization.,"security, authorization, or protection","security, authorization, or protection",0.8103381991386414
The product shall information Security. The product shall enable privacy by encryption WS-Security and Integrity Checking.,"security, authorization, or protection","security, authorization, or protection",0.6209338903427124
The product shall have audit capabilities.The product shall store messages for a minimum of one year for audit and transaction tracking purposes.,"security, authorization, or protection","security, authorization, or protection",0.40492308139801025
The system shall use IBM and CCR branding standards. The interface must have one IBM logo and one CCR logo.,"not about security, authorization, or protection","security, authorization, or protection",0.2808404266834259
The system shall be displayable on any work computer a CCR user may have. The system interface shall be formatted to display at 800 by 600 pixel resolution.,"not about security, authorization, or protection","security, authorization, or protection",0.19495689868927002
The system interface will use CCR nomenclature. The system must use the same nomenclature used in the existing WCS system and reports,"not about security, authorization, or protection","security, authorization, or protection",0.24476739764213562
The interface must summarize the data in a fashion that’s appealing to CCR management. Every report type must have at least one high level summary shown in the results dashboard/interface,"not about security, authorization, or protection","security, authorization, or protection",0.33011627197265625
The system must use a point and click interface. 100% of all selection and navigation functionality must be able to be activated/selected by either a mouse or a keyboard,"not about security, authorization, or protection","security, authorization, or protection",0.2414831817150116
The interface shall be easy to use. 90% of users should be able to successfully use the system to generate a report on their first use. The interface should adhere to IBM usability standards.,"not about security, authorization, or protection","security, authorization, or protection",0.25264599919319153
Rreports must be easy to generate. eports must be generated within one button click and exported within one button click (after selecting the report),"not about security, authorization, or protection","security, authorization, or protection",0.20965062081813812
A user shall be able to use the system without instruction after a short amount of time. After one use a user should understand and remember 90% of the system usage and navigation.,"not about security, authorization, or protection","security, authorization, or protection",0.21964006125926971
All CCR users shall receive training before the WCS system is deployed. One training session will be held for 100% of CCR users before system deployment (based on a CCR user being available),"not about security, authorization, or protection","security, authorization, or protection",0.18256384134292603
The WCS system shall use appropriate nomenclature and terminology as defined by the Corporate Community Grants organization. All interfaces and reports will undergo usability tests by CCR users.,"not about security, authorization, or protection","security, authorization, or protection",0.270018994808197
The WCS system shall be available at all times as long as IBM’s internal intranet W3 is accessible. The WCS system will be available 95% of the time IBM’s internal intranet W3 is available.,"not about security, authorization, or protection","security, authorization, or protection",0.2755081355571747
The WCS system shall have the ability to connect other designated WCS databases currently not included in the system.,"not about security, authorization, or protection","security, authorization, or protection",0.3806140422821045
The WCS system shall have the ability to include data for regions outside the United States and be accessed by users outside of the United States if approved by CCR management.,"not about security, authorization, or protection","security, authorization, or protection",0.44175857305526733
The WCS system shall be run in a Windows environment. The WCS shall be accessed by users through the Internet on an IBM computer running a Windows 2000 or above operating system.,"not about security, authorization, or protection","security, authorization, or protection",0.1972244828939438
The Brio portion of the WCS system must be able to export files in spreadsheet form (Microsoft Excel and Lotus 1-2-3 formats).  Brio will provide buttons in the user interface that produce/export reports in .xls or .123 file formats.,"not about security, authorization, or protection","security, authorization, or protection",0.21628087759017944
The WCS system must run queries to the WCS databases once again (on a specified day) to update the available data available to CCR users. Queries must be made to external databases for data refresh once a week.,"not about security, authorization, or protection","security, authorization, or protection",0.11175437271595001
 All changes  updates  and additions to the WCS system shall be updated in the WCS Developer and WCS User Guides. Every change must be reflected in WCS system documentation,"not about security, authorization, or protection","security, authorization, or protection",0.34017208218574524
The system shall only be accessed by authorized Corporate Community Grants (CCR) employees. Users must be authenticated using their IBM intranet user name and password.,"security, authorization, or protection","not about security, authorization, or protection",0.1957627236843109
The WCS system shall not allow automatic logins by any user. Cookies containing WCS login information about a user will not be stored on a user’s computer.,"security, authorization, or protection","not about security, authorization, or protection",0.43060067296028137
Each team owner will need to use a username and password in order to be authenticated to reach the team owner’s page,"security, authorization, or protection","security, authorization, or protection",0.2827296257019043
The Commissioner will be the only authorized user per league to adjust league settings.,"security, authorization, or protection","security, authorization, or protection",0.14610931277275085
Each page shall contain a navigation menu which shows the index into which the current page is contained.,"not about security, authorization, or protection","security, authorization, or protection",0.23364141583442688
Each page shall contain a similar format with action items in one location and navigation buttons in a different location.,"not about security, authorization, or protection","security, authorization, or protection",0.40609991550445557
The message board shall contain the 5 most recently posted messages on the league page. The messages will contain up to the first 150 characters of the message.,"not about security, authorization, or protection","security, authorization, or protection",0.0007293978706002235
;A new user shall be able to navigate through the league and team pages within 30 seconds of reaching the start-up page.,"not about security, authorization, or protection","security, authorization, or protection",0.02024470828473568
Users shall be able to reach the ‘add’  ‘drop’  and ‘trade player’ pages with one click from the team owner’s page.,"not about security, authorization, or protection","security, authorization, or protection",0.19664382934570312
;Users shall be able to view at least 25 NFL player statistics and points on each page.,"not about security, authorization, or protection","security, authorization, or protection",0.06810690462589264
The application shall ask the user to confirm dropping a player or trading a player before performing the action.,"not about security, authorization, or protection","security, authorization, or protection",0.12980543076992035
The application shall be able to complete every user transaction within one fourth of a second of receiving the request over the network.,"not about security, authorization, or protection","security, authorization, or protection",0.26240625977516174
The application shall have a downtime of at most 10 minutes per year.,"not about security, authorization, or protection","security, authorization, or protection",0.14575740694999695
The application shall run on a web application server.,"not about security, authorization, or protection","security, authorization, or protection",0.2594052255153656
A primary database will be used to store cached data for active users.,"not about security, authorization, or protection","security, authorization, or protection",0.2852254807949066
A secondary database will be used to store historical statistics and data.,"not about security, authorization, or protection","security, authorization, or protection",0.12122498452663422
Application updates shall occur between 3AM and 6 AM CST on Wednesday morning during the middle of the NFL season.,"not about security, authorization, or protection","security, authorization, or protection",0.17694349586963654
New System version releases shall be released at the beginning of each NFL season.,"not about security, authorization, or protection","security, authorization, or protection",0.1362667977809906
The RFS system should be available 24/7  especially during the budgeting period. The RFS system shall be available 90% of the time all year  and 98% during the budgeting period. 2% of the time  the system will become available within 1 hour of the time that the situation is reported.,"not about security, authorization, or protection","security, authorization, or protection",0.24677585065364838
98% of the user workstations shall meet the minimum hardware requirements prior to implementation. Minimum Hard Disk Space:  400MB.,"not about security, authorization, or protection","security, authorization, or protection",0.10287406295537949
98% of the user workstations shall meet the minimum software requirements prior to implementation: Microsoft Internet Explorer 5.0. Microsoft .NET Framework 1.1. Microsoft Internet Explorer Web Controls,"not about security, authorization, or protection","security, authorization, or protection",0.25989699363708496
The RFS system should be able to easily interface with the BDW environment  in order to load the data. •;7 data files shall be received from the BDW and loaded into the RFS system within 3 hours one day prior to the start of budgeting process  every year. The data will be as of October month-end. ;Test files (7) shall be loaded up to 5 times throughout the year  from the BDW.,"not about security, authorization, or protection","security, authorization, or protection",0.1067030131816864
Changes to revenue and expense formulae must be applied to the RFS system  every year  prior to the budgeting process start. Revenue and expense formulae will be updated within one week of their receipt  after which 2 weeks will be allotted to testing of the budget calculations  to be conducted jointly by the project development team and PCG Finance.,"not about security, authorization, or protection","security, authorization, or protection",0.06848563998937607
New branches/complexes/districts/regions and revenue/expense accounts added to the BDW  must be reflected in the RFS system. 100% of the entities (mentioned above) available as of October month-end  will be loaded into the RFS system  prior to the budget start process.,"not about security, authorization, or protection","security, authorization, or protection",0.15381020307540894
Only authorized user shall access the RFS system. ONLY users that exist in the UAS system  with the RFS system assigned to their role(s)  shall access the RFS system and use it.,"security, authorization, or protection","security, authorization, or protection",0.27542364597320557
;User access should be limited to the permissions granted to their role(s) Each level in the PCG hierarchy will be assigned a role and users will be assigned to these roles. Access to functionality within RFS system is dependent on the privileges/permission assigned to the role..,"security, authorization, or protection","security, authorization, or protection",0.39656028151512146
The product must comply with the intranet page standards and requirements of ENET Securities. 95% of the product look & feel will be approved by the Architecture group  prior to implementation. The remaining 5% will be corrected and approved within one month of product release.,"not about security, authorization, or protection","security, authorization, or protection",0.27572768926620483
 The intranet pages should display appropriately in all resolutions  from 800x600 and higher. The display of all the pages will be correct in 95% of the resolutions  prior to implementation. The remaining 5% will be corrected within a week of notification of the incorrect display.,"not about security, authorization, or protection","security, authorization, or protection",0.09589700400829315
The users should be able to easily use the system to successfully complete their budgets  within the stipulated time for completion. With a week of training prior to product implementation  98% of the users shall complete their budgets within the stipulated time.,"not about security, authorization, or protection","security, authorization, or protection",0.19777172803878784
The product interface should be fast. The response time of the product interface should not exceed 2 seconds 90% of the time. For 10% of the time  the response time should not be more than 10 seconds.not be more than 10 seconds.,"not about security, authorization, or protection","security, authorization, or protection",0.23156660795211792
