,precision,recall,f1-score,support
"vulnerability, securing. protecting, protection, cybersecurity, assurance, cyber, countermeasure, threat, privacy, authentication, prevention, or confidentiality",0.9363957597173145,0.8717105263157895,0.9028960817717206,304.0
"usability, performance, operational, look & feel, legal, fault & tolerance, maintainability, scalability, availability, or portability",0.5517241379310345,0.7272727272727273,0.6274509803921569,66.0
accuracy,0.845945945945946,0.845945945945946,0.845945945945946,0.845945945945946
macro avg,0.7440599488241745,0.7994916267942584,0.7651735310819388,370.0
weighted avg,0.8677786596148969,0.845945945945946,0.8537626312553661,370.0
