,precision,recall,f1-score,support
"vulnerability, securing. protecting, protection, cybersecurity, assurance, cyber, countermeasure, threat, privacy, authentication, prevention, or confidentiality",0.8151515151515152,0.8848684210526315,0.8485804416403785,304.0
"usability, performance, operational, look & feel, legal, fault & tolerance, maintainability, scalability, availability, or portability",0.125,0.07575757575757576,0.09433962264150944,66.0
accuracy,0.7405405405405405,0.7405405405405405,0.7405405405405405,0.7405405405405405
macro avg,0.4700757575757576,0.48031299840510366,0.47146003214094395,370.0
weighted avg,0.692043407043407,0.7405405405405405,0.7140401874405803,370.0
