Requirement text,Gold label,Predicated label,ZSL score
The system shall refresh the display every 60 seconds.,not about security,security,0.058490410447120667
The application shall match the color of the schema set forth by Department of Homeland Security,not about security,security,0.26563388109207153
 If projected  the data must be readable.  On a 10x10 projection screen  90% of viewers must be able to read Event / Activity data from a viewing distance of 30,not about security,security,0.11991917341947556
 The product shall be available during normal business hours. As long as the user has access to the client PC  the system will be available 99% of the time during the first six months of operation.,not about security,security,0.19528688490390778
 If projected  the data must be understandable. On a 10x10 projection screen  90% of viewers must be able to determine that Events or Activities are occuring in current time from a viewing distance of 100,not about security,security,0.21547295153141022
The product shall ensure that it can only be accessed by authorized users.  The product will be able to distinguish between authorized and unauthorized users in all access attempts,security,security,0.38038572669029236
The product shall be intuitive and self-explanatory.  :  90% of new users shall be able to start the display of Events or Activities within 90 minutes of using the product.,not about security,security,0.25692281126976013
The product shall respond fast to keep up-to-date data in the display.,not about security,security,0.32216134667396545
The look and feel of the system shall conform to the user interface standards of the smart device.,not about security,security,0.41514503955841064
 The user interface shall have standard menus  buttons for navigation,not about security,security,0.274778813123703
The system shall have a professional appearance,not about security,security,0.481947660446167
The product shall have a consistent color scheme and fonts.,not about security,security,0.28510457277297974
The system shall be used by realtors with no training.,not about security,not about security,0.2831500470638275
The system shall be intuitive and self explanatory.,not about security,security,0.3163876533508301
The product shall be easy for a realtor to learn.,not about security,security,0.32001784443855286
The product shall use symbols and words that are naturally understandable by the realtor community.,not about security,security,0.2939126789569855
The product shall produce search results in an acceptable time,not about security,security,0.28659185767173767
The search results shall be returned no later 30      seconds  after the user has entered the search criteria,not about security,security,0.00010763527825474739
The product shall generate a CMA report in an acceptable time.,not about security,security,0.28544360399246216
The CMA report shall be returned no later 60 seconds after the user has entered the CMA report criteria.,not about security,security,0.05463269725441933
The product shall synchronize contacts and appointments in an acceptable time.,not about security,security,0.34801092743873596
The product shall synchronize with the office system every hour.,not about security,security,0.2440747767686844
 The product shall be available for use 24 hours per day  365 days  per year,not about security,security,0.16120806336402893
 Out of 1000 accesses to the system  the system is available 999 times.,not about security,security,0.13894794881343842
The product shall operate in offline mode whenever internet connection is unavailable.,not about security,security,0.2773403525352478
 The product shall allow the user to view previously downloaded search results  CMA reports  and appointments.,not about security,security,0.17759667336940765
The product shall retain user preferences in the event of a failure.,not about security,security,0.35580724477767944
100% of saved user preferences shall be restored when system comes back online.,not about security,security,0.15270638465881348
The product shall be able to support multiple remote users,not about security,security,0.26942941546440125
The product shall be able support 1000 simultaneous users.,not about security,security,0.11939699202775955
The product shall be capable of handling the existing 1000 users. This number is expected to grow 5 times within the next year.,not about security,security,0.11546118557453156
The product shall be installed by an untrained realtor   without recourse to separately-printed instructions.,not about security,not about security,0.20260867476463318
90% of untrained realtors shall be able to install the product on their device without printed instructions,not about security,not about security,0.17849400639533997
The product is expected to run on Windows CE and Palm operating systems.,not about security,security,0.17365877330303192
Only registered realtors shall be able to access the system.,security,security,0.2352067083120346
Every user of the system shall be authenticated and authorized.,security,security,0.36374175548553467
The product shall prevent its data from incorrect data being introduced.,security,security,0.5232115983963013
The system shall be easy to use by the Program Administrators/Nursing Staff Members.,not about security,security,0.3474280536174774
All of the users shall be able to use the system after one day of training.,not about security,security,0.20061568915843964
The system shall help the user avoid making mistakes while scheduling classes and clinicals for the nursing students.,not about security,security,0.20670512318611145
The number of mistakes noted by the students shall be decreased by 50% in the first year.,not about security,not about security,-0.03761985898017883
The system shall be intuitive to the Program Administrators/Nursing Staff Members.,not about security,security,0.36022821068763733
2 out of 3 Program Administrators/Nursing Staff Members shall successfully be able to use the system to manage the scheduling of classes and clinicals.,not about security,security,0.11839048564434052
The system shall use symbols and words that are naturally understandable by the user community.,not about security,security,0.2825957238674164
The verbiage used within the system shall be consistent with Standard English and the terminology of the national Nursing Community.,not about security,security,0.20670673251152039
Staff members shall be able to complete a set of tasks in a timely manner.,not about security,security,0.42120370268821716
The response time of general student management tasks shall take no longer than 5 seconds and the response time of schedule generation shall take no longer than 30 seconds.,not about security,security,0.08165502548217773
The system shall be available for use between the hours of 8am and 6pm.,not about security,security,0.24668914079666138
The system shall achieve 95% up time.,not about security,security,0.10860807448625565
system shall be able to handle all of the user requests/usage during business hours.,not about security,security,0.30352893471717834
The system shall cater to 10 simultaneous users from 9am to 5pm.,not about security,security,0.14466509222984314
The system shall be capable of processing 100% of nursing students and their classes for the next 10 years.,not about security,security,0.07169236987829208
The system shall be expected to manage the nursing program curriculum and class/clinical scheduling for a minimum of 5 years.,not about security,security,0.13171233236789703
The system shall able to operate within a business office environment typical of the Nursing Department at DePaul University.,not about security,security,0.22997239232063293
The system shall be used within the specifications defined by the computers used by the Program Administrators/Nursing Staff Members.,not about security,security,0.262690931558609
The system shall operate within the Windows XP Professional operating system.,not about security,security,0.27885252237319946
The system shall interface with CampusConnect’s central server,not about security,security,0.37522003054618835
The system shall interface with the faculty central server.,not about security,security,0.3098703622817993
The system shall interface with the student master server.,not about security,security,0.27033737301826477
We must be able to interface with any HTML browser.,not about security,security,0.19930361211299896
Only authorized users shall have access to clinical site information.,security,security,0.15924298763275146
Program Administrators/Nursing Staff Members are the only people who shall have access to clinical site details.,security,security,0.20341914892196655
Only authorized users shall have access to students’ personal information.,security,security,0.23447184264659882
Dr Susan Poslusny and Dr Julie Donalek are the only people who shall have access to students’ personal information.,security,security,0.22410929203033447
Only authorized users shall have access to the portion of the system that interfaces with CampusConnect.,security,security,0.3023141920566559
Fit Criterion: Dr Susan Poslusny and Karen Sysol are the only people who shall have access to the final class section scheduling for the system that interfaces with CampusConnect.,security,security,0.17079024016857147
The system shall have basic data integrity checking to reduce the possibility of incorrect or invalid data being introduced.,security,security,0.3986361622810364
The system shall protect private information in accordance with the organization’s information policy.,security,security,0.4801979660987854
The system shall be built such that it is as secure as possible from malicious interference.,security,security,0.537641167640686
The system shall use the organization’s standard virus protection software to help monitor threats to itself.,security,security,0.3712073862552643
The Disputes application shall comply with the corporate standards for user interface creation for internally and externally used applications.,not about security,security,0.3220835328102112
All screens created as part of the Disputes application must comply with corporate standards for interface creation.,not about security,security,0.2759729027748108
The list of dispute cases that are displayed after a search is performed must be color coded for easy identification of dispute cases based upon the dispute case status.,not about security,security,0.10980746895074844
100% of the cardmember and merchant services representatives shall use the Disputes application regularly after a 2-day training course.,not about security,security,0.05384041741490364
100% of cardmember services representatives shall be able to successfully create a dispute case on the first encounter after completing the training course.,not about security,security,0.12601739168167114
100% of merchant services representatives shall be able to successfully perform a follow up action on a dispute case on the first encounter after completing the training course.,not about security,security,0.10217279940843582
The maximum wait time for a user navigating from one screen to another within the Disputes application shall be no more than 5 seconds.,not about security,not about security,0.08318019658327103
The Disputes application shall support 350 concurrent users without any degradation of performance in the application.,not about security,not about security,0.1484920084476471
 The Disputes application shall be available 24x7x365  with the exception of the following scheduled maintenance windows.  Monday – Saturday 3:00am to 4:00am EST Sunday 1:00amd to 5:00am EST,not about security,security,0.158762127161026
The Disputes application shall interface with the Statement Database. The Statement Database provides the transaction details to the Disputes System. All transaction details must be obtained from the Statement Database,not about security,security,0.20457589626312256
The Disputes application shall interface with the Cardmember Information Database.  The Cardmember Information Database provides detailed information with regard to a cardmember.  All cardmember detail information must be obtained from the Cardmember Information Database.,not about security,security,0.2235449105501175
The Disputes applications shall interface with the Merchant Information Database.  The Merchant Information Database provides detailed information with regard to the merchant. All merchant detail information shall be obtained from the Merchant Information Database.,not about security,security,0.2059122920036316
The Disputes application shall interface with the Letters application.  This will allow the Disputes application to request letters as part of the dispute initiation and dispute follow up process. All letter requests must be sent to the Print Letter Utility application.,not about security,security,0.06362727284431458
The Disputes application shall interface with the Cardmember Posting and Billing System.  This will allow the Disputes application to request adjustments to cardmember and merchant’s accounts. All adjustment requests must be sent to the Cardmember Posting and Billing System.,not about security,security,0.20881086587905884
The Disputes application shall ensure that only users with the appropriate access level are allowed to initiate dispute requests.,security,security,0.24657979607582092
Only users with Update access must be able to initiate dispute requests.,security,security,0.19035634398460388
The Disputes application shall ensure that only authorized users are allowed to logon to the application.,security,security,0.19305472075939178
 All authorized users  once authenticated must be able to logon to the Disputes System,security,security,0.24180005490779877
The Disputes System shall generate a User Report that details any new users that have been added and any changes to an existing user’s access level.  The report will be reviewed for auditing purposes.,security,security,0.2549059987068176
All additions of new users and modifications to user’s access shall be recorded on the User Report.,security,security,0.22611142694950104
 If a user account is revoked  it can only be re-instantiated by the System Administrator.,security,security,0.21572862565517426
Only the System Administrator shall be able to reset a revoked user logon account,security,security,0.09700314700603485
The Disputes application shall manipulate and view business data. Users will not have direct access to data files or databases.,security,security,0.22789844870567322
All updates to data files or database must be initiated from the Disputes System.,security,security,0.21198925375938416
The Disputes application must conform to the legal requirements as specified by the Merchant Operating Regulations.,not about security,security,0.31751948595046997
All business rules specified in the Disputes System shall be in compliance with the Merchant Operating Regulations.,not about security,security,0.2667331099510193
The Disputes application must conform to the legal requirements as specified by Regulation E and Regulation Z that govern credit card disputes processing.,not about security,security,0.2832607626914978
All business rules specified in the Disputes System shall be in compliance to the guidelines of Regulation E and Regulation Z.,not about security,security,0.22410480678081512
The Disputes application must maintain a detailed history of every action that a user takes on a dispute case.  This ensures a complete audit trail if questions arise later on with regard to a particular dispute case.,not about security,security,0.3187282681465149
All actions that modify an existing dispute case must be recorded in the case history.,not about security,security,0.19506162405014038
The product must support Internet Explorer 5.5 and above.,not about security,security,0.16087189316749573
The product must support Mozilla Firefox 1.0 and above.,not about security,security,0.05193282663822174
The product shall interface with the Choice Parts System.  This provides the feed of recycled parts data.,not about security,security,0.09901251643896103
The product shall run on the existing hardware for all environments.,not about security,security,0.26438772678375244
The product shall adhere to the corporate Architecture guidelines,not about security,security,0.3138898015022278
The product shall comply with corporate User Interface Guidelines,not about security,security,0.3486621677875519
The product shall comply with corporate color scheme,not about security,security,0.34109264612197876
The appearance of the product shall appear professional,not about security,security,0.45899641513824463
The product shall be easy to use by Adjusters and Collision Estimators.  95% of Adjusters and Collision Estimators shall find the product easy to use.,not about security,security,0.19384731352329254
The product shall increase productivity of Collision Estimators. 80% of the Collision Estimators shall agree their productivity has increase within 1 month of using the product.,not about security,security,0.004870746284723282
Users shall feel satisfied using the product.  85% of all users will be satisfied with the product.,not about security,security,0.1386759728193283
The product shall be easy to learn by Adjusters and Collision Estimators.  The product shall be learned with two days onsite training,not about security,security,0.19312050938606262
The user shall easily locate instructions while using the product.  User help can be found within 90% of the system.,not about security,security,0.2350482940673828
The search for recycled parts shall take no longer than 15 seconds.  The search results shall be returned in under 15 seconds.,not about security,security,0.012960894964635372
The search for the preferred repair facility shall take no longer than 8 seconds.  The preferred repair facility is returned within 8 seconds,not about security,security,0.22295327484607697
The recycled parts audit report shall be returned to the user within 10 seconds.  The audit report shall be returned within 10 seconds.,not about security,security,0.08061356097459793
The preferred repair facility ratings shall be saved within 5 seconds. The save shall occur within 5 seconds.,not about security,security,0.09668803215026855
The product shall adhere to the corporate online availability schedule.  The application is brought down only within 98% of the scheduled outages per the availability schedule.,not about security,security,0.2215109020471573
The product shall achieve a 98% uptime. The product shall not fail more than 2% of the available online time.,not about security,security,0.1669418066740036
The product shall be able to handle up to 1500 simultaneous users. The system shall perform with 1500 users as a time.,not about security,security,0.14496129751205444
 The average number of recycled parts records per day shall be 50 000.,not about security,security,-0.03967241197824478
 The product shall be able to handle 10 000 concurrent users within 2 years of the initial launch.,not about security,security,0.06357017159461975
 For estimators  the product shall be able to be operated in a repair facility during dirty and noisy conditions.,not about security,security,0.2816753089427948
The product shall interface with the ChoiceParts system once per day at approximately 1:00 AM.,not about security,security,0.16085606813430786
The maintenance of the product will fall within the established corporate maintenance windows.,not about security,security,0.34849658608436584
The product shall be supported using the corporate support center.,not about security,security,0.2784034311771393
Product installations and upgrades shall be handled by the middleware technology team within established launch time frames.,not about security,security,0.28645721077919006
Only adjusters can request recycled parts audit reports. No users without an adjuster role shall request recycled parts audits.,security,not about security,0.11954110860824585
Only adjusters with a supervisor role can update preferred repair facility ratings. Users without the supervisor role cannot access the repair facility ratings.,security,security,0.15240676701068878
Only collision estimators shall search for recycled parts.  Users without the collision estimator role shall not have access to the search for recycled parts.,security,not about security,0.15205879509449005
Only valid data shall be entered into the system.  No invalid data shall be entered into the system.,security,security,0.33217653632164
One insurance company shall not be able to view another insurance companys claim data.,security,security,0.2470131814479828
The product shall free of computer viruses.,security,not about security,0.29178667068481445
The system shall prevent malicious attacks including denial of service.,security,security,0.4562794864177704
The product must comply with Sarbanes-Oxley.,not about security,security,0.31294718384742737
The product shall comply with the estimatics laws relating to recycled parts usage.,not about security,security,0.23746058344841003
The product shall comply with insurance regulations regarding claims processing.,not about security,security,0.3386802077293396
 The product must work with most database management systems (DBMS) on the market  whether the DBMS is colocated with the product on the same machine or is located on a different machine on the computer network.,not about security,security,0.1979237049818039
The product will function alongside server software on any operating system where the Java runtime can be installed.,not about security,security,0.24599485099315643
The product will require collaboration with a database management system (DBMS).  The DBMS may be located on the same machine as the product or on a separate machine residing on the same computer network.,not about security,security,0.2004798948764801
 The product must make use of web/application server technology.  Open source examples include Apache web server  Tomcat  and the JBoss application server.,not about security,security,0.28442293405532837
 A database management system such as Oracle  DB2  MySql or HSQL will need to be integrated with the product.,not about security,security,0.2398429661989212
 The product’s Look and Feel shall be able to incorporate aspects of the customer’s organization such as logo  branding  and identity,not about security,security,0.32340866327285767
The product shall have a conservative and professional appearance.,not about security,security,0.3525002896785736
The product shall make the users want to use it. 80% of the users surveyed report they are regularly using the product after the first 2 weeks post-launch.,not about security,security,0.09823928028345108
The product shall be easy to use. 90% of users will be able to successfully reserve a conference room within 5 minutes of product use.,not about security,security,0.18181268870830536
The product shall give users feedback when necessary. 80% of the users surveyed report that the product accurately confirms their actions.,not about security,security,0.22992168366909027
The product shall allow the user to select a chosen language from one of the target market countries.,not about security,security,0.18480630218982697
The product shall allow for customization of start page and views preferences.,not about security,security,0.2978348731994629
 An employee will be able to successfully use the product within a few minutes.  After informally navigating the product for less than 15 minutes  users shall be able to successfully setup meetings and reserve conference rooms.,not about security,security,0.2114361971616745
The product shall use a standard navigation menu familiar to most web users.,not about security,security,0.25512760877609253
The product shall allow for intuitive searching of available conference rooms.,not about security,security,0.397087961435318
The product shall conform to the Americans with Disabilities Act.,not about security,security,0.2096390724182129
The response shall be fast enough to avoid interrupting the user’s flow of thought.  90% of tasks shall complete within 5 seconds.  98% of tasks shall complete within 8 seconds.,not about security,security,0.23340396583080292
 Aside from server failure  the software product shall achieve 99.99% up time.,not about security,security,0.22627435624599457
The product shall create an exception log of problems encountered within the product for transmission to our company for analysis and resolution.,not about security,security,0.19543543457984924
 The product shall be capable of handling up to 1 000 concurrent requests.  This number will increase to 2 000 by Release 2.  The concurrency capacity must be able to handle peak scheduling times such as early morning and late afternoon hours.,not about security,security,0.1727554351091385
 The product shall be able to process 10 000 transactions per hour within two years of its launch.  This number will increase to 20 000 by Release 2.,not about security,security,0.024596013128757477
The product shall be expected to operate for at least 5 years for each customer installation.,not about security,security,0.1423574835062027
The product shall be used in office environments.,not about security,security,0.325285404920578
The product must be able to interface with any HTML browser.  The product shall transmit data between the user and the product without problems. The product shall display HTML properly in 80% of all HTML browsers tested (minimum is to test 8 browsers).,not about security,security,0.20020519196987152
The product must be able to interface with various database management systems. The product shall communicate successfully with the database management system on 100% of all transactions.,not about security,security,0.18580371141433716
The product must be able to interface with various email servers. The product shall be able to send email.,not about security,security,0.2680869400501251
The product shall be available for distribution via the Internet as a binary or ZIP file.,not about security,security,0.16063271462917328
The product shall be available for distribution as a packaged CD.,not about security,security,0.19005760550498962
 The product will be available for licensing as a one-server  two-five servers  or five-or-more servers license.,not about security,security,0.18975365161895752
A new user must be able to be added to the system within 10 minutes.  90% of new users are able to log into the system within 10 minutes.,not about security,security,0.17273934185504913
The product must be designed using Design Patterns and coding best practices.  90% of maintenance software developers are able to integrate new functionality into the product with 2 working days.,not about security,security,0.14975221455097198
The product must be highly configurable for use with various database management systems for the end users.  80% of end users are able to integrate new database management systems with the product without changing the product’s software code.,not about security,security,0.29006630182266235
Maintenance releases will be offered to customers once a year.  The releases shall take no longer than 5 minutes for 80% of the customer base to install.,not about security,security,0.08666389435529709
Every registered user will have access to the product’s support site via the Internet.  70% of registered users shall find a solution to their problem within 5 minutes of using the support site.,not about security,security,0.06972364336252213
The customer shall be able to easily integrate new building maps with the product throughout the product’s lifecycle.  Integration of new maps with the product shall be possible with little to no support from product support staff.,not about security,security,0.23502296209335327
 The product shall be translated into foreign languages other than the target market countries’ languages in future releases.  For each emerging target market  it shall take no more than 5 days to configure the product for that market’s language.,not about security,security,0.09791260957717896
 The product is expected to integrate with multiple database management systems.  The product will operate with Oracle  SQL Server  DB2  MySQL  HSQL  and MS Access.,not about security,security,0.23185069859027863
The product shall be able to be installed in any operating environment within 2 days.,not about security,security,0.16186313331127167
The product shall ensure that only company employees or external users with company-approved user IDs may have product access.  100% of all logons shall be by either company employees or external users with company-approved user IDs.,security,security,0.21505574882030487
Only managers are able to perform search queries for reservations by user.  100% of all search queries for reservations by user shall be from logons of only management logons.,security,security,0.1502068042755127
The product shall ensure that the database’s data corresponds to the data entered by the user.  Each conference room reservation in the system will contain the same information as was entered by the user.,security,security,0.3075762391090393
The product shall prevent the input of malicious data.  The product and/or adjacent hardware/software systems’ data shall remain 100% uncorrupted each time malicious data is input into the product.,security,security,0.2811022102832794
The product and/or dependent databases/filesystems shall remain operational as a result of the input of malicious data.  The product and/or dependent databases/filesystems shall not crash 100% of the time that malicious data is input into the product.,not about security,security,0.27788245677948
The product shall have the ability to receive automatic software updates as new threats emerge.  100% of customers will be able to receive automatic software updates transmitted to the installed product.,security,security,0.2624230980873108
The language of the product shall accommodate all of the target market countries. 90% of survey respondents from each target market country will find that the language of the product is acceptable.,not about security,security,0.11503417044878006
The product shall be able to display calendar dates and times according to the user’s locale.  90% of survey respondents from each target market country will find that the date and time formatting of the product is correct.,not about security,security,0.1707705408334732
The product must be developed with the J2SE/J2EE programming language libraries,not about security,security,0.18614061176776886
Recreation of Inventory Quantity Adjustment for the period of previous 30 days shall take no more than 30min.,not about security,security,0.003871386870741844
The System shall allow for a minimum of  6 users to work at the same time.,not about security,security,0.27882617712020874
The System shall utilize currently owned computer equipment.,not about security,security,0.3608754575252533
The System shall be able to automatically backup business data and restore them on demand.,not about security,security,0.22831039130687714
The System shall maintain consistent security.  Any changes in user passwords and/or permissions should take affect in all parts of the System.,security,security,0.5467652082443237
The System shall granularly control access rights to all major subsystems.  It should be possible to assign access rights to all subsystems independently.,security,security,0.27624088525772095
The System shall meet all applicable accounting standards.  The final version of the System must successfully pass independent audit performed by a certified auditor.,not about security,security,0.2393774539232254
The System shall not require additional third party licenses resulting in royalty fees.,not about security,not about security,0.3805139660835266
Administrator shall be able to activate a pre-paid card via the Administration section in under 5 seconds.,not about security,security,0.19500859081745148
 Customer shall be able to check the status of their prepaid card  by entering in the PIN number  in under 5 seconds.,not about security,security,0.14609725773334503
System shall let customers register on the website as a “pay as you go” user in under 5 minutes.,not about security,security,0.10461657494306564
System shall let customers register on the website as a “unlimited movie subscriber” user in under 10 minutes.,not about security,security,0.11206584423780441
System shall let existing customers log into the website with their email address and password in under 5 seconds.,not about security,security,0.11659855395555496
 System shall let customers cancel their account  process shall take no longer than 2 minutes.  Database will mark the account as inactive  and user will not be able to log into the website.,not about security,not about security,0.10780736058950424
System shall let administrator de-activate a customer account in under 1 minute. Customer will no longer be able to access the website.,not about security,security,0.1565382331609726
System shall let administrator add/remove movies on the website in under 5 minutes.  Entered movie information will be stored in the database and will now be available on the website.,not about security,security,0.07187961041927338
System shall let the administrator add/remove categories on the website in under 5 minutes.,not about security,security,0.12459548562765121
System shall let Izogn Manager access sales and usage statistics in under 2 minutes.,not about security,security,0.058161258697509766
System shall let administrators generate unique pre-paid pins in under 2 minutes and generate an Excel file with the generated PINs.,not about security,security,0.06423913687467575
The website shall be attractive to all audiences.  The website shall appear to be fun and the colors should be bright and vibrant.,not about security,security,0.22174474596977234
 The website should have an African feel  but should not alienate non-Africans.  The website should use animation on pages which are describing the services  to grab the users attention and encourage them to sign up.,not about security,security,0.17115579545497894
 The website design should be modern  clean  and concise.,not about security,security,0.3458147644996643
The product should be able to be used by 90% of novice users on the Internet.,not about security,security,0.1721169352531433
 Users should only have to navigate through a maximum of 4 pages  to create an account with the website.,not about security,security,0.13305453956127167
Users should be able to access their streaming movies in under 2 clicks after logging into the website.,not about security,security,0.09331272542476654
An anonymous survey will show that 70% of customers are comfortable purchasing streaming movies after 2 weeks using the website.,not about security,security,0.008211224339902401
An anonymous survey will show that 95% of customers are comfortable using and purchasing pre-paid cards after a month of using the system.,not about security,security,0.0643734484910965
The product shall retain the customer’s buying preferences and information.,not about security,security,0.2910274267196655
The product shall be easy for customers with novice skills on the  Internet to purchase and watch streaming movies.  Customers should be able to purchase and watch a pre-determined movie in under 3 minutes.,not about security,security,0.14189006388187408
The product shall use symbols and words that are naturally understandable by users familiar with websites,not about security,security,0.30123764276504517
The website will use standard Internet conventions when interacting with the user.,not about security,security,0.3868615925312042
 Any interface between a user and the automated system shall have a maximum response time of 5 seconds  unless noted by an exception below.,not about security,security,0.21223263442516327
 When purchasing a streaming movie or pre-paid card via credit card  the processing time should have a maximum response time of 15 seconds.,not about security,security,0.0003971499390900135
 When streaming a movie  the buffering time should take no longer than 10 seconds (plus any latency on the user’s connection.),not about security,security,0.15422838926315308
 While streaming a movie  buffering should only occur if there is latency in the user’s connection.,not about security,not about security,0.21106906235218048
 All credit card information will be secured on the server  and only accessible by authorized Izogn administrators.  Information will be encrypted in the database.,security,security,0.3042554259300232
 The website shall be available for use 24 hours per day  365 days per year.,not about security,security,0.15446501970291138
The website shall achieve 99.5% up time.,not about security,security,0.0814567506313324
 All movies shall be streamed on demand  at any time of the day.,not about security,security,0.06264065951108932
The website shall continue to operate if the streaming server goes down.,not about security,security,0.19757162034511566
The website shall continue to operate if the payment gateway goes down.,not about security,security,0.23598869144916534
The streaming server will support 50 simultaneous streaming connections.,not about security,security,0.012739190831780434
The streaming server will support a maximum of 700 movies  new servers can be added to support more movies.,not about security,security,0.12842361629009247
 The server will support a maximum of 1 000 simultaneous users.,not about security,security,0.10560165345668793
 The website shall be capable of supporting 100 000 customers.,not about security,security,0.09880686551332474
The product shall be expected to operate within the maximum maintenance budget for a minimum of 2 years.,not about security,security,0.21171265840530396
All aspects of the website shall be accessed by a web browser over the Internet.,not about security,security,0.16137045621871948
The same hardware supporting the current website will be used to support the new system.,not about security,security,0.29318296909332275
 We must be able to interface with the following browsers: IE 5.X  6.0  Netscape 6.x  7.x  8.x and Firefox 1.0.,not about security,security,0.1779787242412567
Website must interface with the CyberSource API to process credit card transactions.,not about security,security,0.27318453788757324
Website must be fully operational with MSN TV2.,not about security,security,0.18182608485221863
Movies shall be encoded and streamed via Windows Media Player 9.0.,not about security,security,0.15301191806793213
Movies shall be encoded for 56k and 256k streams.,not about security,security,0.08528628200292587
Promotional updates to the website should take a day to update.,not about security,security,0.20219959318637848
Izogn Administrator must be able to update the category listings on the website within 2 minutes.,not about security,security,0.09460845589637756
Izogn Administrator must be able to add new products to the website within 2 minutes.,not about security,security,0.10046976804733276
The system will provide a 24 hour 800 toll free number for support to its customers.,not about security,security,0.20510032773017883
The website will provide a help section with answers and solutions to common problems.,not about security,security,0.15180149674415588
 Velkat staff will be available for phone support between 7am-7pm  M-F to provide technical support to the Izogn administrators.,not about security,security,0.20987176895141602
The product shall be able to be installed in the specified environment within 1 working day.,not about security,security,0.2488749623298645
Only registered customers can purchase streaming movies.,security,not about security,0.12441960722208023
 A customer can only stream a movie if they purchased it  and are within the 2 day viewing period.,security,security,-0.0035442812368273735
Only authorized personnel can access customer records in the database.,security,security,0.2687077522277832
Only administrators can activate a pre-paid card.,security,security,0.23165453970432281
Only authorized personnel can access sales information.,security,not about security,0.19306480884552002
The website shall prevent its data from being corrupted when incorrect data is entered in.,security,security,0.3658173680305481
 The website shall protect itself from intentional abuse  and notify the administrator at all occurrences.,security,security,0.4699857532978058
Data integrity scripts will be run on a weekly basis to verify the integrity of the database.,security,security,0.1826615184545517
 The website shall make its user aware of its information practices before collection data from them via a Privacy Policy  accessible on all pages of the website.,security,security,0.4116279184818268
The system shall notify customers of changes to its information policy.,security,not about security,0.3507160246372223
The system shall reveal private information only in compliance with the organization’s information policy.,security,security,0.35065796971321106
 All customer information will be stored on a secure database  accessible only to authorized personnel.,security,security,0.3998667001724243
All credit card information will be encrypted in the database.,security,security,0.2259633094072342
The streaming server will have anti-virus software to prevent infection of malicious viruses.,security,security,0.34661412239074707
The website should cater to all tribes in Nigeria.,not about security,security,0.02826741337776184
The website shall not be offensive to religious or ethnic groups.,not about security,not about security,0.4525311291217804
 The website should appeal to all Africans  not only Nigerians.,not about security,security,0.0654970109462738
The website should use Flash to provide animation on the home page.,not about security,security,0.05639292299747467
IzognMovies shall meet the licensing requirements set forth by the appropriate organizations in order to stream African movies.,not about security,security,0.11383675783872604
The website will comply with W3C standards.,not about security,security,0.37146154046058655
The PHP code will comply with PEAR standards.,not about security,security,0.290915310382843
Total lead cycle time must be completed in 5 minutes for 90% of lead volume between the business hours of 8AM CST to 8PM CST  then 3 minutes for 99% of lead volume during off business hours.,not about security,security,-0.0013038180768489838
No lead evaluation will complete in a time period longer than 25 seconds for 97% of all leads processed.,not about security,not about security,-0.0023656971752643585
For leads that process longer than 25 seconds the system will record the event and duration,not about security,security,0.19058680534362793
The process must fit within the processing time conditions set forth by the Auto Rep Assignment process in which a lead is assigned within 3 minutes of the total life cycle.,not about security,security,0.1091020479798317
The lead washing process will operate within the established physical web service structure.,not about security,security,0.19090843200683594
 The washing process must use a non binding  neutral data format  such as xml  when receiving and processing lead data.,not about security,security,0.16468845307826996
Defect reports will be available to technical units on a 24x7 basis.,not about security,security,0.26661747694015503
Washing parameters will be updated during scheduled maintenance hours.,not about security,security,0.2242797613143921
The product shall simulate the look of ships at sea.,not about security,security,0.27485939860343933
The product shall display the grids within a circle as a view from a periscope.,not about security,security,0.20906266570091248
The product shall display each type of ship in a grid using an image of the specific type of ship.,not about security,security,0.11854494363069534
 When the offensive player takes a shot  the product shall simulate the sound of a ship at sea.,not about security,security,0.19082581996917725
 When a shot is marked as a miss  the product shall simulate the sound of a shot missing its target.,not about security,security,0.12019772827625275
 When a shot is marked as a hit  the product shall simulate the sound of a shot hitting its target.,not about security,security,0.19637934863567352
 When a ship is sunk  the product shall simulate the sound of a sinking ship.,not about security,security,0.022478824481368065
 The product shall be available 24 hours per day  seven days per week.,not about security,security,0.21926891803741455
The product shall able to handle a large number of games simultaneously.,not about security,security,0.23735341429710388
The response time shall be fast enough to maintain the flow of the game.  The response time shall be no more than 2 seconds for 95% of responses and no more than 4% for the remaining responses.,not about security,security,0.20996439456939697
The product shall protect the identity of the players. The product shall provide players no access to information that might reveal the identity of another player.,not about security,security,0.38937050104141235
The product shall be intuitive and self-explanatory.  Nine out ten users shall be able to successfully complete a game with no training.,not about security,security,0.22019080817699432
 The product shall be available to players who understand English  Spanish and French.  The product shall allow the user to select the language upon accessing the product.,not about security,security,0.1553204506635666
The product shall provide players no access to information that might reveal the identity of another player,security,not about security,0.39291471242904663
The response time shall be fast enough to maintain the flow of the game. The response time shall be no more than 2 seconds for 95% of responses and no more than 4% for the remaining responses.,not about security,security,0.20996439456939697
The system shall be easy to use by callers and supervisors. Callers and supervisors must be able to accomplish any system task within 2 minutes.,not about security,security,0.26516473293304443
The system shall be easy to learn by callers and supervisors. Callers and supervisors shall learn how to use the system within 10 minutes.,not about security,security,0.2164449691772461
 The system shall be responsive. At the DePaul TeleServices Center  when a supervisor uses the system to view a callers schedule  the system response time must be no more than 2 seconds 90% of the time and no more than 5 seconds the rest of the time.,not about security,security,0.22234268486499786
 On a 56k connection  the system response time for all operations must be no more than 6 seconds 90% of the time.,not about security,security,0.16152682900428772
 On a 112k connection or faster  the system response time for all operations must be no more than 3 seconds 90% of the time.,not about security,security,0.10748490691184998
The system shall have high availability every day of the year.The system must be available for use between 12:00AM and 6:00PM all days of the year.,not about security,security,0.2370029240846634
The system must be available for use between 7:00AM and 11:59PM all days of the year.,not about security,security,0.24062934517860413
The product shall be internet browser independent.The product must run using Internet Explorer and Netscape Navigator.,not about security,security,0.20729394257068634
The product shall ensure that only supervisors can advertise empty time slots.The product must ensure that supervisors are allowed to access advertise empty time slots.,security,security,0.20270827412605286
The product shall ensure that only supervisors can enter a caller’s schedule.The product must ensure that supervisors are allowed to access advertise empty time slots.,security,security,0.2444879710674286
The product shall ensure that only supervisors can view schedule of all callers.The product must ensure that supervisors are allowed to access advertise empty time slots.,security,security,0.22243668138980865
 The interface shall have a simple look. In the interface and usability survey  90% of beta testers must report that the interface is adequately simple.,not about security,security,0.22149671614170074
 The interface shall be appealing to callers and supervisors. In the interface and usability survey  80% of beta testers must report that the interface is appealing.,not about security,security,0.164455845952034
The product shall provide GUI based Monitoring Services.System Administrators shall monitor message exchanges will predict and determine problems and will also provide internal and external support.,not about security,security,0.2839985489845276
The product shall comply with City of Chicago Application Development Guide Framework.Application Development Framework will provide structured Graphical User Interface.,not about security,security,0.26509249210357666
The product shall provide Monitoring Services.The product shall be easy for System Administrators and DBAs to use after two weeks of usage.,not about security,security,0.24601225554943085
The product shall provide Error Tracking Services.The product shall help the System Administrators and DBAs to resolve transaction errors 99% of the time.,not about security,security,0.1610230654478073
The product shall provide Portals.The product shall help System Administrators to analyze the transactions with ad-hoc reporting and KPIs (Key Performance Indicators),not about security,security,0.312164843082428
The product shall provide Asynchronous Messaging.The product shall provide asynchronous messaging to enable parallel processing and reduce the overhead in communications,not about security,security,0.1890169233083725
The product shall provide Multi-threading and Load Balancing.The product shall provide multi-threading technology as well as load balancing to overcome data load spikes and traffic.,not about security,security,0.29161694645881653
The product shall process messages within 2 seconds.The product shall have a maximum message processing time of 2 seconds,not about security,security,0.14689509570598602
The product shall poll the system for messages every second.The product shall poll the system for new messages at a maximum of every 1 second.,not about security,security,0.08738435804843903
The product shall provide Dynamic Change Support and Transparent resource addition.The product shall support Transparent Resource addition and Dynamic Change support to provide scalability and avoid service interruptions of more than 1 day.,not about security,security,0.34034600853919983
The product shall be available 99% of the time. Rationale: To avoid service interruption during busiest customer service response periods. The product shall be available 99.99% of the time for regular business days.,not about security,security,0.1786831170320511
The product shall be robust.The product shall have fault avoidance based on standards adoption.,not about security,security,0.35904189944267273
The product shall be robust with fault tolerance.The product shall have fault tolerance by using recovery technique compensatory transaction and routing around failures.,not about security,security,0.2959113121032715
The product shall be able to process all transactions.The product shall process minimum of 1 million transactions per year.,not about security,security,0.17867910861968994
The product shall be platform independent.The product shall enable access to any type of development environment and platform.,not about security,security,0.30008557438850403
The product shall interface CSR and Datastream.The product shall exchange messages between CSR and EAM on a real time basis without any direct interfaces between two systems.,not about security,not about security,0.29808366298675537
 : The product shall continue to operate during upgrade  change or new resource addition.The product shall be able to continue to operate with no interruption in service due to new resource additions.,not about security,security,0.23637467622756958
The product shall be updated on a regular basis.The product will have a new major feature introduced every six months and quarterly maintenance releases every six months.,not about security,security,0.2066357433795929
The product shall operate with every platform.The product shall accommodate any new technology without any change in its architecture.,not about security,security,0.35480889678001404
 The product shall have security.The product shall provide authentication  and authorization.,security,security,0.6392738819122314
The product shall information Security. The product shall enable privacy by encryption WS-Security and Integrity Checking.,security,security,0.5948672890663147
The product shall have audit capabilities.The product shall store messages for a minimum of one year for audit and transaction tracking purposes.,security,security,0.2921338677406311
The system shall use IBM and CCR branding standards. The interface must have one IBM logo and one CCR logo.,not about security,security,0.18021968007087708
The system shall be displayable on any work computer a CCR user may have. The system interface shall be formatted to display at 800 by 600 pixel resolution.,not about security,security,0.15126881003379822
The system interface will use CCR nomenclature. The system must use the same nomenclature used in the existing WCS system and reports,not about security,security,0.1425950527191162
The interface must summarize the data in a fashion that’s appealing to CCR management. Every report type must have at least one high level summary shown in the results dashboard/interface,not about security,security,0.2217639535665512
The system must use a point and click interface. 100% of all selection and navigation functionality must be able to be activated/selected by either a mouse or a keyboard,not about security,security,0.12038540840148926
The interface shall be easy to use. 90% of users should be able to successfully use the system to generate a report on their first use. The interface should adhere to IBM usability standards.,not about security,security,0.21772053837776184
Rreports must be easy to generate. eports must be generated within one button click and exported within one button click (after selecting the report),not about security,security,0.18336746096611023
A user shall be able to use the system without instruction after a short amount of time. After one use a user should understand and remember 90% of the system usage and navigation.,not about security,security,0.19531641900539398
All CCR users shall receive training before the WCS system is deployed. One training session will be held for 100% of CCR users before system deployment (based on a CCR user being available),not about security,security,0.10568121820688248
The WCS system shall use appropriate nomenclature and terminology as defined by the Corporate Community Grants organization. All interfaces and reports will undergo usability tests by CCR users.,not about security,security,0.1435604840517044
The WCS system shall be available at all times as long as IBM’s internal intranet W3 is accessible. The WCS system will be available 95% of the time IBM’s internal intranet W3 is available.,not about security,security,0.15723657608032227
The WCS system shall have the ability to connect other designated WCS databases currently not included in the system.,not about security,security,0.26466408371925354
The WCS system shall have the ability to include data for regions outside the United States and be accessed by users outside of the United States if approved by CCR management.,not about security,security,0.31836840510368347
The WCS system shall be run in a Windows environment. The WCS shall be accessed by users through the Internet on an IBM computer running a Windows 2000 or above operating system.,not about security,security,0.18265748023986816
The Brio portion of the WCS system must be able to export files in spreadsheet form (Microsoft Excel and Lotus 1-2-3 formats).  Brio will provide buttons in the user interface that produce/export reports in .xls or .123 file formats.,not about security,security,0.05689117684960365
The WCS system must run queries to the WCS databases once again (on a specified day) to update the available data available to CCR users. Queries must be made to external databases for data refresh once a week.,not about security,security,0.05357883498072624
 All changes  updates  and additions to the WCS system shall be updated in the WCS Developer and WCS User Guides. Every change must be reflected in WCS system documentation,not about security,security,0.19283144176006317
The system shall only be accessed by authorized Corporate Community Grants (CCR) employees. Users must be authenticated using their IBM intranet user name and password.,security,security,0.22268900275230408
The WCS system shall not allow automatic logins by any user. Cookies containing WCS login information about a user will not be stored on a user’s computer.,security,not about security,0.36796271800994873
Each team owner will need to use a username and password in order to be authenticated to reach the team owner’s page,security,security,0.23644796013832092
The Commissioner will be the only authorized user per league to adjust league settings.,security,security,0.13784338533878326
Each page shall contain a navigation menu which shows the index into which the current page is contained.,not about security,security,0.14303074777126312
Each page shall contain a similar format with action items in one location and navigation buttons in a different location.,not about security,security,0.2587946653366089
The message board shall contain the 5 most recently posted messages on the league page. The messages will contain up to the first 150 characters of the message.,not about security,security,-0.06228630617260933
;A new user shall be able to navigate through the league and team pages within 30 seconds of reaching the start-up page.,not about security,security,0.0039293235167860985
Users shall be able to reach the ‘add’  ‘drop’  and ‘trade player’ pages with one click from the team owner’s page.,not about security,security,0.16466757655143738
;Users shall be able to view at least 25 NFL player statistics and points on each page.,not about security,security,0.015004115179181099
The application shall ask the user to confirm dropping a player or trading a player before performing the action.,not about security,security,0.08111054450273514
The application shall be able to complete every user transaction within one fourth of a second of receiving the request over the network.,not about security,security,0.19428418576717377
The application shall have a downtime of at most 10 minutes per year.,not about security,security,0.11121975630521774
The application shall run on a web application server.,not about security,security,0.19620323181152344
A primary database will be used to store cached data for active users.,not about security,security,0.17809967696666718
A secondary database will be used to store historical statistics and data.,not about security,security,0.10757146775722504
Application updates shall occur between 3AM and 6 AM CST on Wednesday morning during the middle of the NFL season.,not about security,security,0.088782899081707
New System version releases shall be released at the beginning of each NFL season.,not about security,security,0.09589855372905731
The RFS system should be available 24/7  especially during the budgeting period. The RFS system shall be available 90% of the time all year  and 98% during the budgeting period. 2% of the time  the system will become available within 1 hour of the time that the situation is reported.,not about security,security,0.15643705427646637
98% of the user workstations shall meet the minimum hardware requirements prior to implementation. Minimum Hard Disk Space:  400MB.,not about security,security,0.06197389215230942
98% of the user workstations shall meet the minimum software requirements prior to implementation: Microsoft Internet Explorer 5.0. Microsoft .NET Framework 1.1. Microsoft Internet Explorer Web Controls,not about security,security,0.15758562088012695
The RFS system should be able to easily interface with the BDW environment  in order to load the data. •;7 data files shall be received from the BDW and loaded into the RFS system within 3 hours one day prior to the start of budgeting process  every year. The data will be as of October month-end. ;Test files (7) shall be loaded up to 5 times throughout the year  from the BDW.,not about security,security,0.09173502773046494
Changes to revenue and expense formulae must be applied to the RFS system  every year  prior to the budgeting process start. Revenue and expense formulae will be updated within one week of their receipt  after which 2 weeks will be allotted to testing of the budget calculations  to be conducted jointly by the project development team and PCG Finance.,not about security,security,0.044144269078969955
New branches/complexes/districts/regions and revenue/expense accounts added to the BDW  must be reflected in the RFS system. 100% of the entities (mentioned above) available as of October month-end  will be loaded into the RFS system  prior to the budget start process.,not about security,security,0.0721883550286293
Only authorized user shall access the RFS system. ONLY users that exist in the UAS system  with the RFS system assigned to their role(s)  shall access the RFS system and use it.,security,security,0.21748942136764526
;User access should be limited to the permissions granted to their role(s) Each level in the PCG hierarchy will be assigned a role and users will be assigned to these roles. Access to functionality within RFS system is dependent on the privileges/permission assigned to the role..,security,security,0.2586078643798828
The product must comply with the intranet page standards and requirements of ENET Securities. 95% of the product look & feel will be approved by the Architecture group  prior to implementation. The remaining 5% will be corrected and approved within one month of product release.,not about security,security,0.22781643271446228
 The intranet pages should display appropriately in all resolutions  from 800x600 and higher. The display of all the pages will be correct in 95% of the resolutions  prior to implementation. The remaining 5% will be corrected within a week of notification of the incorrect display.,not about security,security,0.09790705144405365
The users should be able to easily use the system to successfully complete their budgets  within the stipulated time for completion. With a week of training prior to product implementation  98% of the users shall complete their budgets within the stipulated time.,not about security,security,0.1588340848684311
The product interface should be fast. The response time of the product interface should not exceed 2 seconds 90% of the time. For 10% of the time  the response time should not be more than 10 seconds.not be more than 10 seconds.,not about security,security,0.20149321854114532
