,precision,recall,f1-score,support
"vulnerability, security, protection, cybersecurity, assurance, countermeasure, threat, privacy, authentication, prevention, confidentiality, trusted, intrusion, compromise, safety, insecure, defensive, breach, proactive, tampering, penetration, policy, phishing, vulnerable, authorization, dependability, or certification",0.8214285714285714,0.9835526315789473,0.8952095808383234,304.0
"usability, performance, operational, look & feel, legal, fault & tolerance, maintainability, scalability, availability, or portability",0.16666666666666666,0.015151515151515152,0.027777777777777776,66.0
accuracy,0.8108108108108109,0.8108108108108109,0.8108108108108109,0.8108108108108109
macro avg,0.494047619047619,0.49935207336523124,0.4614936793080506,370.0
weighted avg,0.7046332046332044,0.8108108108108109,0.7404785024545504,370.0
