,precision,recall,f1-score,support
"accessibility, aesthetic, contextual, experience, satisfaction, HCI, UX, questionnaire, ease, or ergonomics",0.6266666666666667,0.7014925373134329,0.6619718309859156,67.0
"vulnerability, securing. protecting, protection, cybersecurity, assurance, cyber, countermeasure, threat, privacy, authentication, prevention, or confidentiality",0.6290322580645161,0.6290322580645161,0.6290322580645161,62.0
"throughput, reliability, scalability, responsiveness, efficiency, workload, benchmark, latency, speed, improvement, or accuracy",0.639344262295082,0.7222222222222222,0.6782608695652174,54.0
"environmental, organizational, coordination, systemic, or logistics",0.9411764705882353,0.7272727272727273,0.8205128205128205,66.0
accuracy,0.6947791164658634,0.6947791164658634,0.6947791164658634,0.6947791164658634
macro avg,0.7090549144036251,0.6950049362182247,0.6974444447821173,249.0
weighted avg,0.7133690919254001,0.6947791164658634,0.6993254850860411,249.0
