Requirement text,Gold label,Predicated label,ZSL score,Top-n recalled labels,Gold label position,Diff. sim scores
The system shall refresh the display every 60 seconds.,performance,performance,0.2160598635673523,"['performance', 'operational']",1,-1
 If projected  the data must be readable.  On a 10x10 projection screen  90% of viewers must be able to read Event / Activity data from a viewing distance of 30,usability,usability,0.15104930102825165,"['performance', 'usability']",2,0.02667953073978424
 If projected  the data must be understandable. On a 10x10 projection screen  90% of viewers must be able to determine that Events or Activities are occuring in current time from a viewing distance of 100,usability,usability,0.15037983655929565,"['performance', 'usability']",2,0.06386275589466095
The product shall ensure that it can only be accessed by authorized users.  The product will be able to distinguish between authorized and unauthorized users in all access attempts,security,security,0.36498188972473145,"['security', 'operational']",1,-1
The product shall be intuitive and self-explanatory.  :  90% of new users shall be able to start the display of Events or Activities within 90 minutes of using the product.,usability,usability,0.23088403046131134,"['usability', 'operational']",1,-1
The product shall respond fast to keep up-to-date data in the display.,performance,performance,0.33559006452560425,"['performance', 'operational']",1,-1
The system shall be used by realtors with no training.,usability,operational,0.11428584158420563,"['operational', 'security']",4,-2
The system shall be intuitive and self explanatory.,usability,usability,0.26483044028282166,"['usability', 'operational']",1,-1
The product shall be easy for a realtor to learn.,usability,usability,0.1809988170862198,"['usability', 'operational']",1,-1
The product shall use symbols and words that are naturally understandable by the realtor community.,usability,usability,0.11213312298059464,"['operational', 'usability']",2,0.011399932205677032
The product shall produce search results in an acceptable time,performance,performance,0.21628135442733765,"['operational', 'performance']",2,0.0007804930210113525
The search results shall be returned no later 30      seconds  after the user has entered the search criteria,performance,performance,0.054058365523815155,"['operational', 'performance']",2,0.014900892972946167
The product shall generate a CMA report in an acceptable time.,performance,performance,0.1093900203704834,"['operational', 'performance']",2,0.03789114952087402
The CMA report shall be returned no later 60 seconds after the user has entered the CMA report criteria.,performance,operational,0.04456871747970581,"['operational', 'security']",3,-2
The product shall synchronize contacts and appointments in an acceptable time.,performance,operational,0.14085111021995544,"['operational', 'usability']",3,-2
The product shall synchronize with the office system every hour.,performance,performance,0.14215773344039917,"['operational', 'performance']",2,0.06594537198543549
The product shall be installed by an untrained realtor   without recourse to separately-printed instructions.,usability,operational,0.2031514197587967,"['operational', 'security']",3,-2
90% of untrained realtors shall be able to install the product on their device without printed instructions,usability,operational,0.20089076459407806,"['operational', 'security']",3,-2
Only registered realtors shall be able to access the system.,security,security,0.1747146099805832,"['security', 'operational']",1,-1
Every user of the system shall be authenticated and authorized.,security,security,0.3650611937046051,"['security', 'operational']",1,-1
The product shall prevent its data from incorrect data being introduced.,security,security,0.21214336156845093,"['security', 'operational']",1,-1
The system shall be easy to use by the Program Administrators/Nursing Staff Members.,usability,usability,0.20052728056907654,"['usability', 'security']",1,-1
All of the users shall be able to use the system after one day of training.,usability,security,0.21787956357002258,"['security', 'operational']",3,-2
The system shall help the user avoid making mistakes while scheduling classes and clinicals for the nursing students.,usability,usability,0.0995594933629036,"['security', 'usability']",2,0.015843123197555542
The number of mistakes noted by the students shall be decreased by 50% in the first year.,usability,usability,0.03884676471352577,"['performance', 'usability']",2,0.03688516840338707
The system shall be intuitive to the Program Administrators/Nursing Staff Members.,usability,usability,0.20082634687423706,"['usability', 'security']",1,-1
2 out of 3 Program Administrators/Nursing Staff Members shall successfully be able to use the system to manage the scheduling of classes and clinicals.,usability,security,0.16251912713050842,"['security', 'operational']",4,-2
The system shall use symbols and words that are naturally understandable by the user community.,usability,usability,0.23522816598415375,"['usability', 'security']",1,-1
The verbiage used within the system shall be consistent with Standard English and the terminology of the national Nursing Community.,usability,usability,0.0807027593255043,"['operational', 'usability']",2,0.07301453500986099
Staff members shall be able to complete a set of tasks in a timely manner.,performance,performance,0.17808856070041656,"['operational', 'performance']",2,0.06213103234767914
The response time of general student management tasks shall take no longer than 5 seconds and the response time of schedule generation shall take no longer than 30 seconds.,performance,performance,0.2277623564004898,"['performance', 'usability']",1,-1
The system shall able to operate within a business office environment typical of the Nursing Department at DePaul University.,operational,operational,0.18501365184783936,"['operational', 'security']",1,-1
The system shall be used within the specifications defined by the computers used by the Program Administrators/Nursing Staff Members.,operational,security,0.168866828083992,"['security', 'performance']",4,-2
The system shall operate within the Windows XP Professional operating system.,operational,operational,0.10447461158037186,"['security', 'operational']",2,0.005192138254642487
The system shall interface with CampusConnect’s central server,operational,operational,0.14619766175746918,"['security', 'operational']",2,0.035483330488204956
The system shall interface with the faculty central server.,operational,operational,0.17845608294010162,"['security', 'operational']",2,0.052485376596450806
The system shall interface with the student master server.,operational,security,0.17853401601314545,"['security', 'usability']",4,-2
We must be able to interface with any HTML browser.,operational,usability,0.26253068447113037,"['usability', 'security']",3,-2
Only authorized users shall have access to clinical site information.,security,security,0.20485898852348328,"['security', 'operational']",1,-1
Program Administrators/Nursing Staff Members are the only people who shall have access to clinical site details.,security,security,0.14506970345973969,"['security', 'operational']",1,-1
Only authorized users shall have access to students’ personal information.,security,security,0.31972336769104004,"['security', 'usability']",1,-1
Dr Susan Poslusny and Dr Julie Donalek are the only people who shall have access to students’ personal information.,security,security,0.16671830415725708,"['security', 'usability']",1,-1
Only authorized users shall have access to the portion of the system that interfaces with CampusConnect.,security,security,0.27279186248779297,"['security', 'operational']",1,-1
Fit Criterion: Dr Susan Poslusny and Karen Sysol are the only people who shall have access to the final class section scheduling for the system that interfaces with CampusConnect.,security,security,0.16772764921188354,"['operational', 'security']",2,0.015458807349205017
The system shall have basic data integrity checking to reduce the possibility of incorrect or invalid data being introduced.,security,security,0.2313050925731659,"['security', 'operational']",1,-1
The system shall protect private information in accordance with the organization’s information policy.,security,security,0.35284921526908875,"['security', 'operational']",1,-1
The system shall be built such that it is as secure as possible from malicious interference.,security,security,0.44811344146728516,"['security', 'operational']",1,-1
The system shall use the organization’s standard virus protection software to help monitor threats to itself.,security,security,0.3253614008426666,"['security', 'performance']",1,-1
The list of dispute cases that are displayed after a search is performed must be color coded for easy identification of dispute cases based upon the dispute case status.,usability,operational,0.10925693064928055,"['operational', 'performance']",3,-2
100% of the cardmember and merchant services representatives shall use the Disputes application regularly after a 2-day training course.,usability,operational,0.13387726247310638,"['operational', 'performance']",4,-2
100% of cardmember services representatives shall be able to successfully create a dispute case on the first encounter after completing the training course.,usability,operational,0.12716558575630188,"['operational', 'performance']",4,-2
100% of merchant services representatives shall be able to successfully perform a follow up action on a dispute case on the first encounter after completing the training course.,usability,operational,0.17345638573169708,"['operational', 'performance']",3,-2
The maximum wait time for a user navigating from one screen to another within the Disputes application shall be no more than 5 seconds.,performance,performance,0.15982334315776825,"['performance', 'usability']",1,-1
The Disputes application shall support 350 concurrent users without any degradation of performance in the application.,performance,performance,0.2889776825904846,"['performance', 'usability']",1,-1
 The Disputes application shall be available 24x7x365  with the exception of the following scheduled maintenance windows.  Monday – Saturday 3:00am to 4:00am EST Sunday 1:00amd to 5:00am EST,operational,operational,0.25168275833129883,"['operational', 'security']",1,-1
The Disputes application shall interface with the Statement Database. The Statement Database provides the transaction details to the Disputes System. All transaction details must be obtained from the Statement Database,operational,operational,0.07265372574329376,"['performance', 'operational']",2,0.03425557166337967
The Disputes application shall interface with the Cardmember Information Database.  The Cardmember Information Database provides detailed information with regard to a cardmember.  All cardmember detail information must be obtained from the Cardmember Information Database.,operational,performance,0.10527829825878143,"['performance', 'usability']",3,-2
The Disputes applications shall interface with the Merchant Information Database.  The Merchant Information Database provides detailed information with regard to the merchant. All merchant detail information shall be obtained from the Merchant Information Database.,operational,performance,0.06720854341983795,"['performance', 'security']",4,-2
The Disputes application shall interface with the Letters application.  This will allow the Disputes application to request letters as part of the dispute initiation and dispute follow up process. All letter requests must be sent to the Print Letter Utility application.,operational,operational,0.08469626307487488,"['operational', 'usability']",1,-1
The Disputes application shall interface with the Cardmember Posting and Billing System.  This will allow the Disputes application to request adjustments to cardmember and merchant’s accounts. All adjustment requests must be sent to the Cardmember Posting and Billing System.,operational,operational,0.10055562853813171,"['operational', 'security']",1,-1
The Disputes application shall ensure that only users with the appropriate access level are allowed to initiate dispute requests.,security,security,0.1749262809753418,"['security', 'operational']",1,-1
Only users with Update access must be able to initiate dispute requests.,security,security,0.19617843627929688,"['security', 'operational']",1,-1
The Disputes application shall ensure that only authorized users are allowed to logon to the application.,security,security,0.233429417014122,"['security', 'operational']",1,-1
 All authorized users  once authenticated must be able to logon to the Disputes System,security,security,0.24285244941711426,"['security', 'operational']",1,-1
The Disputes System shall generate a User Report that details any new users that have been added and any changes to an existing user’s access level.  The report will be reviewed for auditing purposes.,security,security,0.2293872982263565,"['security', 'usability']",1,-1
All additions of new users and modifications to user’s access shall be recorded on the User Report.,security,security,0.17189626395702362,"['security', 'usability']",1,-1
 If a user account is revoked  it can only be re-instantiated by the System Administrator.,security,security,0.07971081882715225,"['security', 'operational']",1,-1
Only the System Administrator shall be able to reset a revoked user logon account,security,security,0.13006241619586945,"['security', 'operational']",1,-1
The Disputes application shall manipulate and view business data. Users will not have direct access to data files or databases.,security,security,0.20805250108242035,"['security', 'usability']",1,-1
All updates to data files or database must be initiated from the Disputes System.,security,security,0.08222650736570358,"['operational', 'security']",2,0.03630630671977997
The product must support Internet Explorer 5.5 and above.,operational,operational,0.03756537660956383,"['usability', 'operational']",2,0.06674328073859215
The product must support Mozilla Firefox 1.0 and above.,operational,operational,0.031217942014336586,"['usability', 'operational']",2,0.07696776650846004
The product shall interface with the Choice Parts System.  This provides the feed of recycled parts data.,operational,operational,0.09213076531887054,"['usability', 'operational']",2,0.006933726370334625
The product shall run on the existing hardware for all environments.,operational,operational,0.17820242047309875,"['performance', 'operational']",2,0.006347224116325378
The product shall adhere to the corporate Architecture guidelines,operational,operational,0.19649215042591095,"['operational', 'usability']",1,-1
The product shall be easy to use by Adjusters and Collision Estimators.  95% of Adjusters and Collision Estimators shall find the product easy to use.,usability,usability,0.1331370770931244,"['usability', 'performance']",1,-1
The product shall increase productivity of Collision Estimators. 80% of the Collision Estimators shall agree their productivity has increase within 1 month of using the product.,usability,performance,0.2579262852668762,"['performance', 'operational']",3,-2
Users shall feel satisfied using the product.  85% of all users will be satisfied with the product.,usability,usability,0.2211291491985321,"['usability', 'performance']",1,-1
The product shall be easy to learn by Adjusters and Collision Estimators.  The product shall be learned with two days onsite training,usability,operational,0.21465536952018738,"['operational', 'performance']",3,-2
The user shall easily locate instructions while using the product.  User help can be found within 90% of the system.,usability,usability,0.17278267443180084,"['usability', 'security']",1,-1
The search for recycled parts shall take no longer than 15 seconds.  The search results shall be returned in under 15 seconds.,performance,performance,0.1267060935497284,"['operational', 'performance']",2,0.01726856827735901
The search for the preferred repair facility shall take no longer than 8 seconds.  The preferred repair facility is returned within 8 seconds,performance,performance,0.18428556621074677,"['operational', 'performance']",2,0.04399186372756958
The recycled parts audit report shall be returned to the user within 10 seconds.  The audit report shall be returned within 10 seconds.,performance,operational,0.086327463388443,"['operational', 'usability']",4,-2
The preferred repair facility ratings shall be saved within 5 seconds. The save shall occur within 5 seconds.,performance,performance,0.1772887259721756,"['operational', 'performance']",2,0.025376096367836
 For estimators  the product shall be able to be operated in a repair facility during dirty and noisy conditions.,operational,operational,0.31061533093452454,"['operational', 'performance']",1,-1
The product shall interface with the ChoiceParts system once per day at approximately 1:00 AM.,operational,operational,0.13554392755031586,"['operational', 'security']",1,-1
The maintenance of the product will fall within the established corporate maintenance windows.,operational,operational,0.1855372190475464,"['operational', 'usability']",1,-1
The product shall be supported using the corporate support center.,operational,operational,0.11230278015136719,"['operational', 'security']",1,-1
Product installations and upgrades shall be handled by the middleware technology team within established launch time frames.,operational,operational,0.19445334374904633,"['operational', 'performance']",1,-1
Only adjusters can request recycled parts audit reports. No users without an adjuster role shall request recycled parts audits.,security,security,0.07005853950977325,"['security', 'operational']",1,-1
Only adjusters with a supervisor role can update preferred repair facility ratings. Users without the supervisor role cannot access the repair facility ratings.,security,security,0.06240496039390564,"['operational', 'security']",2,0.03915907442569733
Only collision estimators shall search for recycled parts.  Users without the collision estimator role shall not have access to the search for recycled parts.,security,security,0.12212266027927399,"['operational', 'security']",2,0.006557866930961609
Only valid data shall be entered into the system.  No invalid data shall be entered into the system.,security,security,0.28464728593826294,"['security', 'operational']",1,-1
One insurance company shall not be able to view another insurance companys claim data.,security,security,0.1920657455921173,"['security', 'operational']",1,-1
The product shall free of computer viruses.,security,security,0.33306944370269775,"['security', 'usability']",1,-1
The system shall prevent malicious attacks including denial of service.,security,security,0.398894339799881,"['security', 'performance']",1,-1
 The product must work with most database management systems (DBMS) on the market  whether the DBMS is colocated with the product on the same machine or is located on a different machine on the computer network.,operational,performance,0.10776983201503754,"['performance', 'usability']",4,-2
The product will function alongside server software on any operating system where the Java runtime can be installed.,operational,performance,0.1260065883398056,"['performance', 'usability']",4,-2
The product will require collaboration with a database management system (DBMS).  The DBMS may be located on the same machine as the product or on a separate machine residing on the same computer network.,operational,performance,0.11974954605102539,"['performance', 'usability']",3,-2
 The product must make use of web/application server technology.  Open source examples include Apache web server  Tomcat  and the JBoss application server.,operational,usability,0.08430628478527069,"['usability', 'security']",4,-2
 A database management system such as Oracle  DB2  MySql or HSQL will need to be integrated with the product.,operational,performance,0.09886608272790909,"['performance', 'security']",4,-2
The product shall make the users want to use it. 80% of the users surveyed report they are regularly using the product after the first 2 weeks post-launch.,usability,usability,0.20705640316009521,"['usability', 'performance']",1,-1
The product shall be easy to use. 90% of users will be able to successfully reserve a conference room within 5 minutes of product use.,usability,usability,0.2162189483642578,"['usability', 'performance']",1,-1
The product shall give users feedback when necessary. 80% of the users surveyed report that the product accurately confirms their actions.,usability,usability,0.22657860815525055,"['performance', 'usability']",2,0.01676337420940399
The product shall allow the user to select a chosen language from one of the target market countries.,usability,security,0.06043067201972008,"['security', 'operational']",4,-2
The product shall allow for customization of start page and views preferences.,usability,usability,0.16048702597618103,"['usability', 'security']",1,-1
 An employee will be able to successfully use the product within a few minutes.  After informally navigating the product for less than 15 minutes  users shall be able to successfully setup meetings and reserve conference rooms.,usability,usability,0.18754999339580536,"['performance', 'usability']",2,0.011813566088676453
The product shall use a standard navigation menu familiar to most web users.,usability,usability,0.17135421931743622,"['usability', 'security']",1,-1
The product shall allow for intuitive searching of available conference rooms.,usability,usability,0.14339888095855713,"['usability', 'performance']",1,-1
The product shall conform to the Americans with Disabilities Act.,usability,security,0.18943145871162415,"['security', 'operational']",3,-2
The response shall be fast enough to avoid interrupting the user’s flow of thought.  90% of tasks shall complete within 5 seconds.  98% of tasks shall complete within 8 seconds.,performance,performance,0.27765318751335144,"['performance', 'usability']",1,-1
The product shall be used in office environments.,operational,operational,0.26585689187049866,"['operational', 'usability']",1,-1
The product must be able to interface with any HTML browser.  The product shall transmit data between the user and the product without problems. The product shall display HTML properly in 80% of all HTML browsers tested (minimum is to test 8 browsers).,operational,usability,0.1747298389673233,"['usability', 'performance']",4,-2
The product must be able to interface with various database management systems. The product shall communicate successfully with the database management system on 100% of all transactions.,operational,operational,0.13469849526882172,"['performance', 'operational']",2,0.010969176888465881
The product must be able to interface with various email servers. The product shall be able to send email.,operational,operational,0.10288742184638977,"['security', 'operational']",2,0.031998053193092346
The product shall be available for distribution via the Internet as a binary or ZIP file.,operational,operational,0.1395583152770996,"['operational', 'security']",1,-1
The product shall be available for distribution as a packaged CD.,operational,operational,0.17716164886951447,"['operational', 'performance']",1,-1
 The product will be available for licensing as a one-server  two-five servers  or five-or-more servers license.,operational,operational,0.1247430294752121,"['operational', 'security']",1,-1
A new user must be able to be added to the system within 10 minutes.  90% of new users are able to log into the system within 10 minutes.,usability,usability,0.06255445629358292,"['security', 'usability']",2,0.09217479079961777
Every registered user will have access to the product’s support site via the Internet.  70% of registered users shall find a solution to their problem within 5 minutes of using the support site.,usability,security,0.2214820832014084,"['security', 'performance']",3,-2
 The product shall be translated into foreign languages other than the target market countries’ languages in future releases.  For each emerging target market  it shall take no more than 5 days to configure the product for that market’s language.,usability,performance,0.09248590469360352,"['performance', 'operational']",3,-2
 The product is expected to integrate with multiple database management systems.  The product will operate with Oracle  SQL Server  DB2  MySQL  HSQL  and MS Access.,operational,performance,0.13264495134353638,"['performance', 'security']",4,-2
The product shall be able to be installed in any operating environment within 2 days.,operational,operational,0.18168050050735474,"['operational', 'security']",1,-1
The product shall ensure that only company employees or external users with company-approved user IDs may have product access.  100% of all logons shall be by either company employees or external users with company-approved user IDs.,security,security,0.25777679681777954,"['security', 'operational']",1,-1
Only managers are able to perform search queries for reservations by user.  100% of all search queries for reservations by user shall be from logons of only management logons.,security,security,0.13983669877052307,"['security', 'performance']",1,-1
The product shall ensure that the database’s data corresponds to the data entered by the user.  Each conference room reservation in the system will contain the same information as was entered by the user.,security,security,0.18032751977443695,"['performance', 'security']",2,0.03409688174724579
The product shall prevent the input of malicious data.  The product and/or adjacent hardware/software systems’ data shall remain 100% uncorrupted each time malicious data is input into the product.,security,security,0.32537540793418884,"['security', 'performance']",1,-1
The product shall have the ability to receive automatic software updates as new threats emerge.  100% of customers will be able to receive automatic software updates transmitted to the installed product.,security,security,0.24375669658184052,"['security', 'operational']",1,-1
The product shall be able to display calendar dates and times according to the user’s locale.  90% of survey respondents from each target market country will find that the date and time formatting of the product is correct.,usability,usability,0.09854437410831451,"['performance', 'usability']",2,0.03258509933948517
The product must be developed with the J2SE/J2EE programming language libraries,operational,usability,0.12258198857307434,"['usability', 'performance']",3,-2
Recreation of Inventory Quantity Adjustment for the period of previous 30 days shall take no more than 30min.,performance,performance,0.0801909938454628,"['operational', 'performance']",2,0.06150347739458084
The System shall allow for a minimum of  6 users to work at the same time.,performance,security,0.20441581308841705,"['security', 'operational']",4,-2
The System shall utilize currently owned computer equipment.,operational,operational,0.1680414229631424,"['security', 'operational']",2,0.10800729691982269
The System shall be able to automatically backup business data and restore them on demand.,operational,operational,0.10420076549053192,"['security', 'operational']",2,0.046498075127601624
The System shall maintain consistent security.  Any changes in user passwords and/or permissions should take affect in all parts of the System.,security,security,0.40142762660980225,"['security', 'usability']",1,-1
The System shall granularly control access rights to all major subsystems.  It should be possible to assign access rights to all subsystems independently.,security,security,0.23676492273807526,"['security', 'operational']",1,-1
The System shall not require additional third party licenses resulting in royalty fees.,operational,operational,-0.05659955367445946,"['security', 'operational']",2,0.11304470151662827
Administrator shall be able to activate a pre-paid card via the Administration section in under 5 seconds.,performance,operational,0.16344234347343445,"['operational', 'security']",3,-2
 Customer shall be able to check the status of their prepaid card  by entering in the PIN number  in under 5 seconds.,performance,operational,0.17985814809799194,"['operational', 'security']",3,-2
System shall let customers register on the website as a “pay as you go” user in under 5 minutes.,performance,security,0.12109072506427765,"['security', 'operational']",4,-2
System shall let customers register on the website as a “unlimited movie subscriber” user in under 10 minutes.,performance,security,0.14771683514118195,"['security', 'operational']",3,-2
System shall let existing customers log into the website with their email address and password in under 5 seconds.,performance,security,0.23988932371139526,"['security', 'usability']",3,-2
 System shall let customers cancel their account  process shall take no longer than 2 minutes.  Database will mark the account as inactive  and user will not be able to log into the website.,performance,operational,0.13079960644245148,"['operational', 'security']",3,-2
System shall let administrator de-activate a customer account in under 1 minute. Customer will no longer be able to access the website.,performance,operational,0.17896856367588043,"['operational', 'security']",3,-2
System shall let administrator add/remove movies on the website in under 5 minutes.  Entered movie information will be stored in the database and will now be available on the website.,performance,performance,0.1255928874015808,"['security', 'performance']",2,0.01230071485042572
System shall let the administrator add/remove categories on the website in under 5 minutes.,performance,performance,0.112140953540802,"['performance', 'security']",1,-1
System shall let Izogn Manager access sales and usage statistics in under 2 minutes.,performance,performance,0.2477727085351944,"['performance', 'usability']",1,-1
System shall let administrators generate unique pre-paid pins in under 2 minutes and generate an Excel file with the generated PINs.,performance,security,0.17006509006023407,"['security', 'operational']",4,-2
The product should be able to be used by 90% of novice users on the Internet.,usability,usability,0.24526217579841614,"['usability', 'security']",1,-1
 Users should only have to navigate through a maximum of 4 pages  to create an account with the website.,usability,usability,0.048642538487911224,"['security', 'usability']",2,0.013834372162818909
Users should be able to access their streaming movies in under 2 clicks after logging into the website.,usability,usability,0.12218614667654037,"['security', 'usability']",2,0.008572988212108612
An anonymous survey will show that 70% of customers are comfortable purchasing streaming movies after 2 weeks using the website.,usability,usability,0.18090051412582397,"['performance', 'usability']",2,0.006086423993110657
An anonymous survey will show that 95% of customers are comfortable using and purchasing pre-paid cards after a month of using the system.,usability,usability,0.14009246230125427,"['performance', 'usability']",2,0.021234363317489624
The product shall retain the customer’s buying preferences and information.,usability,usability,0.17835216224193573,"['usability', 'performance']",1,-1
The product shall be easy for customers with novice skills on the  Internet to purchase and watch streaming movies.  Customers should be able to purchase and watch a pre-determined movie in under 3 minutes.,usability,usability,0.10507751256227493,"['performance', 'usability']",2,0.05975107103586197
The product shall use symbols and words that are naturally understandable by users familiar with websites,usability,usability,0.2762639820575714,"['usability', 'security']",1,-1
The website will use standard Internet conventions when interacting with the user.,usability,usability,0.2564336359500885,"['usability', 'security']",1,-1
 Any interface between a user and the automated system shall have a maximum response time of 5 seconds  unless noted by an exception below.,performance,performance,0.18803678452968597,"['performance', 'usability']",1,-1
 When purchasing a streaming movie or pre-paid card via credit card  the processing time should have a maximum response time of 15 seconds.,performance,performance,0.19105616211891174,"['performance', 'security']",1,-1
 When streaming a movie  the buffering time should take no longer than 10 seconds (plus any latency on the user’s connection.),performance,performance,0.2017803192138672,"['performance', 'usability']",1,-1
 While streaming a movie  buffering should only occur if there is latency in the user’s connection.,performance,performance,0.18300090730190277,"['performance', 'usability']",1,-1
 All credit card information will be secured on the server  and only accessible by authorized Izogn administrators.  Information will be encrypted in the database.,security,security,0.32101622223854065,"['security', 'performance']",1,-1
All aspects of the website shall be accessed by a web browser over the Internet.,operational,usability,0.19062016904354095,"['usability', 'security']",3,-2
The same hardware supporting the current website will be used to support the new system.,operational,performance,0.18549597263336182,"['performance', 'usability']",4,-2
 We must be able to interface with the following browsers: IE 5.X  6.0  Netscape 6.x  7.x  8.x and Firefox 1.0.,operational,usability,0.16985386610031128,"['usability', 'security']",4,-2
Website must interface with the CyberSource API to process credit card transactions.,operational,security,0.16961735486984253,"['security', 'usability']",3,-2
Website must be fully operational with MSN TV2.,operational,operational,0.2522971034049988,"['operational', 'usability']",1,-1
Movies shall be encoded and streamed via Windows Media Player 9.0.,operational,performance,0.13238823413848877,"['performance', 'usability']",4,-2
Movies shall be encoded for 56k and 256k streams.,operational,performance,0.2836197316646576,"['performance', 'security']",4,-2
Izogn Administrator must be able to update the category listings on the website within 2 minutes.,performance,performance,0.08662747591733932,"['operational', 'performance']",2,0.049670107662677765
Izogn Administrator must be able to add new products to the website within 2 minutes.,performance,operational,0.14358362555503845,"['operational', 'security']",4,-2
The website will provide a help section with answers and solutions to common problems.,usability,usability,0.14476093649864197,"['usability', 'security']",1,-1
The product shall be able to be installed in the specified environment within 1 working day.,operational,operational,0.22895480692386627,"['operational', 'security']",1,-1
Only registered customers can purchase streaming movies.,security,security,0.11884705722332001,"['security', 'operational']",1,-1
 A customer can only stream a movie if they purchased it  and are within the 2 day viewing period.,security,security,0.1324043571949005,"['security', 'operational']",1,-1
Only authorized personnel can access customer records in the database.,security,security,0.20968028903007507,"['security', 'operational']",1,-1
Only administrators can activate a pre-paid card.,security,security,0.17094646394252777,"['security', 'operational']",1,-1
Only authorized personnel can access sales information.,security,security,0.21635082364082336,"['security', 'operational']",1,-1
The website shall prevent its data from being corrupted when incorrect data is entered in.,security,security,0.263277143239975,"['security', 'usability']",1,-1
 The website shall protect itself from intentional abuse  and notify the administrator at all occurrences.,security,security,0.33434128761291504,"['security', 'operational']",1,-1
Data integrity scripts will be run on a weekly basis to verify the integrity of the database.,security,security,0.20138801634311676,"['security', 'operational']",1,-1
 The website shall make its user aware of its information practices before collection data from them via a Privacy Policy  accessible on all pages of the website.,security,security,0.2507573366165161,"['security', 'usability']",1,-1
The system shall notify customers of changes to its information policy.,security,security,0.16325514018535614,"['security', 'operational']",1,-1
The system shall reveal private information only in compliance with the organization’s information policy.,security,security,0.26208755373954773,"['security', 'operational']",1,-1
 All customer information will be stored on a secure database  accessible only to authorized personnel.,security,security,0.34076640009880066,"['security', 'operational']",1,-1
All credit card information will be encrypted in the database.,security,security,0.23625221848487854,"['security', 'performance']",1,-1
The streaming server will have anti-virus software to prevent infection of malicious viruses.,security,security,0.2669594883918762,"['security', 'performance']",1,-1
The website should use Flash to provide animation on the home page.,operational,usability,0.18900570273399353,"['usability', 'performance']",4,-2
Total lead cycle time must be completed in 5 minutes for 90% of lead volume between the business hours of 8AM CST to 8PM CST; then 3 minutes for 99% of lead volume during off business hours.,performance,performance,0.03487399220466614,"['performance', 'operational']",1,-1
No lead evaluation will complete in a time period longer than 25 seconds for 97% of all leads processed.,performance,performance,0.17402887344360352,"['performance', 'operational']",1,-1
For leads that process longer than 25 seconds the system will record the event and duration,performance,performance,0.16784733533859253,"['performance', 'operational']",1,-1
The process must fit within the processing time conditions set forth by the Auto Rep Assignment process in which a lead is assigned within 3 minutes of the total life cycle.,performance,performance,0.1187976598739624,"['operational', 'performance']",2,0.019719809293746948
The lead washing process will operate within the established physical web service structure.,operational,operational,0.1535775363445282,"['operational', 'security']",1,-1
 The washing process must use a non binding  neutral data format  such as xml  when receiving and processing lead data.,operational,operational,0.09545525908470154,"['operational', 'usability']",1,-1
The product shall able to handle a large number of games simultaneously.,performance,performance,0.3169032633304596,"['performance', 'operational']",1,-1
The response time shall be fast enough to maintain the flow of the game.  The response time shall be no more than 2 seconds for 95% of responses and no more than 4% for the remaining responses.,performance,performance,0.2699485719203949,"['performance', 'operational']",1,-1
The product shall protect the identity of the players. The product shall provide players no access to information that might reveal the identity of another player.,performance,security,0.3670516610145569,"['security', 'operational']",3,-2
The product shall be intuitive and self-explanatory.  Nine out ten users shall be able to successfully complete a game with no training.,usability,operational,0.2856491208076477,"['operational', 'performance']",4,-2
 The product shall be available to players who understand English  Spanish and French.  The product shall allow the user to select the language upon accessing the product.,usability,operational,0.13472363352775574,"['operational', 'security']",4,-2
The product shall provide players no access to information that might reveal the identity of another player,security,security,0.34116658568382263,"['security', 'operational']",1,-1
The response time shall be fast enough to maintain the flow of the game. The response time shall be no more than 2 seconds for 95% of responses and no more than 4% for the remaining responses.,performance,performance,0.2699485719203949,"['performance', 'operational']",1,-1
The system shall be easy to use by callers and supervisors. Callers and supervisors must be able to accomplish any system task within 2 minutes.,usability,security,0.21031881868839264,"['security', 'performance']",4,-2
The system shall be easy to learn by callers and supervisors. Callers and supervisors shall learn how to use the system within 10 minutes.,usability,usability,0.18324610590934753,"['usability', 'performance']",1,-1
 The system shall be responsive. At the DePaul TeleServices Center  when a supervisor uses the system to view a callers schedule  the system response time must be no more than 2 seconds 90% of the time and no more than 5 seconds the rest of the time.,performance,performance,0.15513035655021667,"['operational', 'performance']",2,0.010286763310432434
 On a 56k connection  the system response time for all operations must be no more than 6 seconds 90% of the time.,performance,performance,0.26239681243896484,"['performance', 'operational']",1,-1
 On a 112k connection or faster  the system response time for all operations must be no more than 3 seconds 90% of the time.,performance,performance,0.27037182450294495,"['performance', 'operational']",1,-1
The product shall ensure that only supervisors can advertise empty time slots.The product must ensure that supervisors are allowed to access advertise empty time slots.,security,security,0.1902749091386795,"['security', 'operational']",1,-1
The product shall ensure that only supervisors can enter a caller’s schedule.The product must ensure that supervisors are allowed to access advertise empty time slots.,security,security,0.22816787660121918,"['security', 'operational']",1,-1
The product shall ensure that only supervisors can view schedule of all callers.The product must ensure that supervisors are allowed to access advertise empty time slots.,security,security,0.22632762789726257,"['security', 'operational']",1,-1
The product shall provide Monitoring Services.The product shall be easy for System Administrators and DBAs to use after two weeks of usage.,usability,security,0.24762415885925293,"['security', 'performance']",4,-2
The product shall provide Error Tracking Services.The product shall help the System Administrators and DBAs to resolve transaction errors 99% of the time.,usability,security,0.18543244898319244,"['security', 'performance']",4,-2
The product shall provide Portals.The product shall help System Administrators to analyze the transactions with ad-hoc reporting and KPIs (Key Performance Indicators),usability,performance,0.2944512963294983,"['performance', 'security']",3,-2
The product shall provide Asynchronous Messaging.The product shall provide asynchronous messaging to enable parallel processing and reduce the overhead in communications,performance,performance,0.26908954977989197,"['performance', 'operational']",1,-1
The product shall provide Multi-threading and Load Balancing.The product shall provide multi-threading technology as well as load balancing to overcome data load spikes and traffic.,performance,performance,0.27979913353919983,"['performance', 'usability']",1,-1
The product shall process messages within 2 seconds.The product shall have a maximum message processing time of 2 seconds,performance,performance,0.21884702146053314,"['performance', 'operational']",1,-1
The product shall poll the system for messages every second.The product shall poll the system for new messages at a maximum of every 1 second.,performance,performance,0.2018093317747116,"['performance', 'operational']",1,-1
The product shall provide Dynamic Change Support and Transparent resource addition.The product shall support Transparent Resource addition and Dynamic Change support to provide scalability and avoid service interruptions of more than 1 day.,performance,performance,0.2457839548587799,"['performance', 'operational']",1,-1
The product shall be platform independent.The product shall enable access to any type of development environment and platform.,operational,operational,0.09964928030967712,"['security', 'operational']",2,0.03191167116165161
The product shall interface CSR and Datastream.The product shall exchange messages between CSR and EAM on a real time basis without any direct interfaces between two systems.,operational,operational,0.13063335418701172,"['performance', 'operational']",2,0.0076782554388046265
 The product shall have security.The product shall provide authentication  and authorization.,security,security,0.4870609641075134,"['security', 'operational']",1,-1
The product shall information Security. The product shall enable privacy by encryption WS-Security and Integrity Checking.,security,security,0.447908490896225,"['security', 'operational']",1,-1
The product shall have audit capabilities.The product shall store messages for a minimum of one year for audit and transaction tracking purposes.,security,security,0.17069761455059052,"['security', 'operational']",1,-1
The system must use a point and click interface. 100% of all selection and navigation functionality must be able to be activated/selected by either a mouse or a keyboard,usability,usability,0.08465170860290527,"['operational', 'usability']",2,0.05164584517478943
The interface shall be easy to use. 90% of users should be able to successfully use the system to generate a report on their first use. The interface should adhere to IBM usability standards.,usability,usability,0.28729984164237976,"['usability', 'performance']",1,-1
Rreports must be easy to generate. eports must be generated within one button click and exported within one button click (after selecting the report),usability,usability,0.004091400653123856,"['usability', 'performance']",1,-1
A user shall be able to use the system without instruction after a short amount of time. After one use a user should understand and remember 90% of the system usage and navigation.,usability,usability,0.22765125334262848,"['usability', 'performance']",1,-1
All CCR users shall receive training before the WCS system is deployed. One training session will be held for 100% of CCR users before system deployment (based on a CCR user being available),usability,operational,0.1790909469127655,"['operational', 'security']",4,-2
The WCS system shall use appropriate nomenclature and terminology as defined by the Corporate Community Grants organization. All interfaces and reports will undergo usability tests by CCR users.,usability,usability,0.1522941291332245,"['usability', 'operational']",1,-1
The WCS system shall be run in a Windows environment. The WCS shall be accessed by users through the Internet on an IBM computer running a Windows 2000 or above operating system.,operational,security,0.09614697843790054,"['security', 'performance']",4,-2
The Brio portion of the WCS system must be able to export files in spreadsheet form (Microsoft Excel and Lotus 1-2-3 formats).  Brio will provide buttons in the user interface that produce/export reports in .xls or .123 file formats.,operational,operational,0.09609125554561615,"['operational', 'usability']",1,-1
The system shall only be accessed by authorized Corporate Community Grants (CCR) employees. Users must be authenticated using their IBM intranet user name and password.,security,security,0.23835720121860504,"['security', 'operational']",1,-1
The WCS system shall not allow automatic logins by any user. Cookies containing WCS login information about a user will not be stored on a user’s computer.,security,security,0.22771935164928436,"['security', 'operational']",1,-1
Each team owner will need to use a username and password in order to be authenticated to reach the team owner’s page,security,security,0.2515751123428345,"['security', 'operational']",1,-1
The Commissioner will be the only authorized user per league to adjust league settings.,security,security,0.1853417605161667,"['security', 'operational']",1,-1
	A new user shall be able to navigate through the league and team pages within 30 seconds of reaching the start-up page.,usability,operational,0.17011356353759766,"['operational', 'performance']",3,-2
 	Users shall be able to reach the ‘add’  ‘drop’  and ‘trade player’ pages with one click from the team owner’s page.,usability,operational,0.1121324896812439,"['operational', 'security']",3,-2
	Users shall be able to view at least 25 NFL player statistics and points on each page.,usability,performance,0.14915268123149872,"['performance', 'security']",3,-2
The application shall ask the user to confirm dropping a player or trading a player before performing the action.,usability,operational,0.211063951253891,"['operational', 'security']",4,-2
The application shall be able to complete every user transaction within one fourth of a second of receiving the request over the network.,performance,performance,0.2473614513874054,"['performance', 'security']",1,-1
The application shall run on a web application server.,operational,usability,0.1841670572757721,"['usability', 'performance']",3,-2
A primary database will be used to store cached data for active users.,operational,performance,0.16773512959480286,"['performance', 'security']",4,-2
A secondary database will be used to store historical statistics and data.,operational,performance,0.1438480019569397,"['performance', 'security']",4,-2
98% of the user workstations shall meet the minimum hardware requirements prior to implementation. Minimum Hard Disk Space:  400MB.,operational,performance,0.19171088933944702,"['performance', 'usability']",4,-2
98% of the user workstations shall meet the minimum software requirements prior to implementation: Microsoft Internet Explorer 5.0. Microsoft .NET Framework 1.1. Microsoft Internet Explorer Web Controls,operational,usability,0.20746926963329315,"['usability', 'security']",4,-2
 	The RFS system should be able to easily interface with the BDW environment  in order to load the data. •	7 data files shall be received from the BDW and loaded into the RFS system within 3 hours one day prior to the start of budgeting process  every year. The data will be as of October month-end. 	Test files (7) shall be loaded up to 5 times throughout the year  from the BDW.,operational,operational,0.09088210761547089,"['performance', 'operational']",2,0.042317599058151245
 	Only authorized user shall access the RFS system. ONLY users that exist in the UAS system  with the RFS system assigned to their role(s)  shall access the RFS system and use it.,security,security,0.26742348074913025,"['security', 'operational']",1,-1
	User access should be limited to the permissions granted to their role(s) Each level in the PCG hierarchy will be assigned a role and users will be assigned to these roles. Access to functionality within RFS system is dependent on the privileges/permission assigned to the role..,security,security,0.24680785834789276,"['security', 'operational']",1,-1
 	The users should be able to easily use the system to successfully complete their budgets  within the stipulated time for completion. With a week of training prior to product implementation  98% of the users shall complete their budgets within the stipulated time.,usability,performance,0.17415544390678406,"['performance', 'operational']",3,-2
 	The product interface should be fast. The response time of the product interface should not exceed 2 seconds 90% of the time. For 10% of the time  the response time should not be more than 10 seconds.not be more than 10 seconds.,performance,performance,0.2658005654811859,"['performance', 'operational']",1,-1
