,precision,recall,f1-score,support
"instructive, easy, helpful, useful, learnable, explainable, affordable, intuitive, or understandable",0.9302325581395349,0.5970149253731343,0.7272727272727273,67.0
"security, authorization, or protection",0.7313432835820896,0.9074074074074074,0.8099173553719008,54.0
periodic execution or efficacy performance,0.864406779661017,0.7727272727272727,0.8159999999999998,66.0
"working, running, connecting, interfacing, or operative environment",0.7125,0.9193548387096774,0.8028169014084507,62.0
accuracy,0.7911646586345381,0.7911646586345381,0.7911646586345381,0.7911646586345381
macro avg,0.8096206553456603,0.7991261110543729,0.7890017460132697,249.0
weighted avg,0.8154376151261398,0.7911646586345381,0.7875239269264229,249.0
