,precision,recall,f1-score,support
"accessibility, aesthetic, contextual, experience, satisfaction, HCI, UX, questionnaire, ease, ergonomics, designer, evaluate, multimodal, practitioner, prototyping, preference, personalization, suitability, focus, clarity, responsiveness, judgement, feel, or helpful",0.6344086021505376,0.8805970149253731,0.7375,67.0
"vulnerability, security, protection, cybersecurity, assurance, countermeasure, threat, privacy, authentication, prevention, confidentiality, trusted, intrusion, compromise, safety, insecure, defensive, breach, proactive, tampering, penetration, policy, phishing, vulnerable, authorization, dependability, or certification",0.6101694915254238,0.5806451612903226,0.5950413223140496,62.0
"throughput, reliability, scalability, responsiveness, efficiency, workload, benchmark, latency, speed, improvement, accuracy, achieve, tuning, bottleneck, better, high, optimize, effectiveness, low, enhances, reducing, incresaed, quality, faster, or degrades",0.7391304347826086,0.6296296296296297,0.68,54.0
"environmental, organizational, coordination, systemic, logistics, coordination, or automation",0.9607843137254902,0.7424242424242424,0.8376068376068376,66.0
accuracy,0.714859437751004,0.714859437751004,0.714859437751004,0.714859437751004
macro avg,0.736123210546015,0.7083240120673919,0.7125370399802219,249.0
weighted avg,0.7375931445895804,0.714859437751004,0.7160928243595277,249.0
