,precision,recall,f1-score,support
"instructive, easy, helpful, useful, learnable, explainable, affordable, intuitive, or understandable",0.3904109589041096,0.8507462686567164,0.5352112676056338,67.0
"security, authorization, or protection",0.2916666666666667,0.12962962962962962,0.1794871794871795,54.0
periodic execution or efficacy performance,1.0,0.045454545454545456,0.08695652173913045,66.0
"working, running, connecting, interfacing, or operative environment",0.75,0.9193548387096774,0.826086956521739,62.0
accuracy,0.4979919678714859,0.4979919678714859,0.4979919678714859,0.4979919678714859
macro avg,0.608019406392694,0.4862963206126423,0.4069354813384207,249.0
weighted avg,0.6201105793035154,0.4979919678714859,0.41167865205227144,249.0
