,precision,recall,f1-score,support
"accessibility, aesthetic, contextual, experience, satisfaction, HCI, UX, questionnaire, ease, ergonomics, designer, evaluate, multimodal, practitioner, prototyping, preference, personalization, suitability, focus, clarity, responsiveness, judgement, feel, or helpful",1.0,0.11940298507462686,0.21333333333333335,67.0
"vulnerability, security, protection, cybersecurity, assurance, countermeasure, threat, privacy, authentication, prevention, confidentiality, trusted, intrusion, compromise, safety, insecure, defensive, breach, proactive, tampering, penetration, policy, phishing, vulnerable, authorization, dependability, or certification",0.31216931216931215,0.9516129032258065,0.4701195219123506,62.0
"throughput, reliability, scalability, responsiveness, efficiency, workload, benchmark, latency, speed, improvement, accuracy, achieve, tuning, bottleneck, better, high, optimize, effectiveness, low, enhances, reducing, incresaed, quality, faster, or degrades",0.9038461538461539,0.8703703703703703,0.8867924528301887,54.0
"environmental, organizational, coordination, systemic, logistics, coordination, or automation",0.0,0.0,0.0,66.0
accuracy,0.4578313253012048,0.4578313253012048,0.4578313253012048,0.4578313253012048
macro avg,0.5540038665038665,0.4853465646677009,0.3925613270189682,249.0
weighted avg,0.5428200388039746,0.4578313253012048,0.3667772535932902,249.0
