,precision,recall,f1-score,support
"accessibility, aesthetic, contextual, experience, satisfaction, HCI, UX, questionnaire, ease, ergonomics, designer, evaluate, multimodal, practitioner, prototyping, preference, personalization, suitability, focus, clarity, responsiveness, judgement, feel, or helpful",0.8933333333333333,1.0,0.9436619718309859,67.0
"vulnerability, security, protection, cybersecurity, assurance, countermeasure, threat, privacy, authentication, prevention, confidentiality, trusted, intrusion, compromise, safety, insecure, defensive, breach, proactive, tampering, penetration, policy, phishing, vulnerable, authorization, dependability, or certification",0.3352941176470588,0.9193548387096774,0.49137931034482757,62.0
"throughput, reliability, scalability, responsiveness, efficiency, workload, benchmark, latency, speed, improvement, accuracy, achieve, tuning, bottleneck, better, high, optimize, effectiveness, low, enhances, reducing, incresaed, quality, faster, or degrades",1.0,0.05555555555555555,0.10526315789473684,54.0
"environmental, organizational, coordination, systemic, logistics, coordination, or automation",0.0,0.0,0.0,66.0
accuracy,0.5100401606425703,0.5100401606425703,0.5100401606425703,0.5100401606425703
macro avg,0.557156862745098,0.49372759856630827,0.38507611001763753,249.0
weighted avg,0.5407291912749035,0.5100401606425703,0.3990967063468721,249.0
