,precision,recall,f1-score,support
"instructive, easy, helpful, useful, learnable, explainable, affordable, intuitive, or understandable",0.40540540540540543,0.6716417910447762,0.5056179775280899,67.0
"security, authorization, or protection",0.9285714285714286,0.24074074074074073,0.3823529411764706,54.0
periodic execution or efficacy performance,1.0,0.07575757575757576,0.14084507042253522,66.0
"working, running, connecting, interfacing, or operative environment",0.453781512605042,0.8709677419354839,0.5966850828729281,62.0
accuracy,0.46987951807228917,0.46987951807228917,0.46987951807228917,0.46987951807228917
macro avg,0.6969395866454691,0.46477696236964416,0.406375268000006,249.0
weighted avg,0.6885119401065538,0.46987951807228917,0.40487434981494097,249.0
