,precision,recall,f1-score,support
"instructive, easy, helpful, useful, learnable, explainable, affordable, intuitive, or understandable",0.9285714285714286,0.582089552238806,0.7155963302752294,67.0
"security, authorization, or protection",0.8225806451612904,0.9444444444444444,0.8793103448275862,54.0
periodic execution or efficacy performance,0.8125,0.9848484848484849,0.8904109589041096,66.0
"working, running, connecting, interfacing, or operative environment",0.8,0.8387096774193549,0.8188976377952757,62.0
accuracy,0.8313253012048193,0.8313253012048193,0.8313253012048193,0.8313253012048193
macro avg,0.8409130184331797,0.8375230397377725,0.8260538179505503,249.0
weighted avg,0.8428057853533951,0.8313253012048193,0.8231585926911983,249.0
