,precision,recall,f1-score,support
"accessibility, aesthetic, contextual, experience, satisfaction, HCI, UX, questionnaire, ease, or ergonomics",0.8448275862068966,0.7313432835820896,0.784,67.0
"vulnerability, securing. protecting, protection, cybersecurity, assurance, cyber, countermeasure, threat, privacy, authentication, prevention, or confidentiality",0.8108108108108109,0.4838709677419355,0.606060606060606,62.0
"throughput, reliability, scalability, responsiveness, efficiency, workload, benchmark, latency, speed, improvement, or accuracy",0.5697674418604651,0.9074074074074074,0.7,54.0
"environmental, organizational, coordination, systemic, or logistics",0.7647058823529411,0.7878787878787878,0.7761194029850745,66.0
accuracy,0.7228915662650602,0.7228915662650602,0.7228915662650602,0.7228915662650602
macro avg,0.7475279303077784,0.7276251116525552,0.7165450022614201,249.0
weighted avg,0.7554688700477573,0.7228915662650602,0.7193881051115362,249.0
