,precision,recall,f1-score,support
"accessibility, aesthetic, contextual, experience, satisfaction, HCI, UX, questionnaire, ease, ergonomics, designer, evaluate, multimodal, practitioner, prototyping, preference, personalization, suitability, focus, clarity, responsiveness, judgement, feel, or helpful",0.9215686274509803,0.7014925373134329,0.7966101694915254,67.0
"vulnerability, security, protection, cybersecurity, assurance, countermeasure, threat, privacy, authentication, prevention, confidentiality, trusted, intrusion, compromise, safety, insecure, defensive, breach, proactive, tampering, penetration, policy, phishing, vulnerable, authorization, dependability, or certification",0.6235294117647059,0.8548387096774194,0.7210884353741497,62.0
"throughput, reliability, scalability, responsiveness, efficiency, workload, benchmark, latency, speed, improvement, accuracy, achieve, tuning, bottleneck, better, high, optimize, effectiveness, low, enhances, reducing, incresaed, quality, faster, or degrades",0.8113207547169812,0.7962962962962963,0.8037383177570094,54.0
"environmental, organizational, coordination, systemic, logistics, coordination, or automation",0.8333333333333334,0.7575757575757576,0.7936507936507938,66.0
accuracy,0.7751004016064257,0.7751004016064257,0.7751004016064257,0.7751004016064257
macro avg,0.7974380318165002,0.7775508252157266,0.7787719290683696,249.0
weighted avg,0.8000612141499777,0.7751004016064257,0.7785670116022506,249.0
