Requirement text,Gold label,Predicated label,ZSL score,Top-n recalled labels,Gold label position,Diff. sim scores
The system shall refresh the display every 60 seconds.,performance,performance,0.46018633246421814,"['performance', 'usability']",1,-1
 If projected  the data must be readable.  On a 10x10 projection screen  90% of viewers must be able to read Event / Activity data from a viewing distance of 30,usability,usability,0.3860492408275604,"['performance', 'usability']",2,0.0062631964683532715
 If projected  the data must be understandable. On a 10x10 projection screen  90% of viewers must be able to determine that Events or Activities are occuring in current time from a viewing distance of 100,usability,performance,0.3621409833431244,"['performance', 'security']",3,-2
The product shall ensure that it can only be accessed by authorized users.  The product will be able to distinguish between authorized and unauthorized users in all access attempts,security,security,0.39196354150772095,"['security', 'usability']",1,-1
The product shall be intuitive and self-explanatory.  :  90% of new users shall be able to start the display of Events or Activities within 90 minutes of using the product.,usability,usability,0.310859352350235,"['performance', 'usability']",2,0.011908173561096191
The product shall respond fast to keep up-to-date data in the display.,performance,performance,0.3896799087524414,"['performance', 'security']",1,-1
The system shall be used by realtors with no training.,usability,usability,0.44211551547050476,"['performance', 'usability']",2,0.0017781555652618408
The system shall be intuitive and self explanatory.,usability,usability,0.418948233127594,"['performance', 'usability']",2,0.022093623876571655
The product shall be easy for a realtor to learn.,usability,usability,0.3971974849700928,"['usability', 'performance']",1,-1
The product shall use symbols and words that are naturally understandable by the realtor community.,usability,usability,0.33931586146354675,"['performance', 'usability']",2,0.010028809309005737
The product shall produce search results in an acceptable time,performance,performance,0.4471949338912964,"['performance', 'usability']",1,-1
The search results shall be returned no later 30      seconds  after the user has entered the search criteria,performance,performance,0.3469788134098053,"['performance', 'operational']",1,-1
The product shall generate a CMA report in an acceptable time.,performance,performance,0.4253140985965729,"['performance', 'usability']",1,-1
The CMA report shall be returned no later 60 seconds after the user has entered the CMA report criteria.,performance,performance,0.3742515444755554,"['performance', 'usability']",1,-1
The product shall synchronize contacts and appointments in an acceptable time.,performance,performance,0.4167802929878235,"['performance', 'usability']",1,-1
The product shall synchronize with the office system every hour.,performance,performance,0.4547896683216095,"['performance', 'usability']",1,-1
The product shall be installed by an untrained realtor   without recourse to separately-printed instructions.,usability,performance,0.347869873046875,"['performance', 'operational']",3,-2
90% of untrained realtors shall be able to install the product on their device without printed instructions,usability,usability,0.3639990985393524,"['performance', 'usability']",2,0.008853942155838013
Only registered realtors shall be able to access the system.,security,performance,0.42986738681793213,"['performance', 'usability']",4,-2
Every user of the system shall be authenticated and authorized.,security,performance,0.3823432922363281,"['performance', 'usability']",4,-2
The product shall prevent its data from incorrect data being introduced.,security,usability,0.4882828891277313,"['usability', 'performance']",4,-2
The system shall be easy to use by the Program Administrators/Nursing Staff Members.,usability,usability,0.3242422342300415,"['performance', 'usability']",2,0.02958419919013977
All of the users shall be able to use the system after one day of training.,usability,usability,0.35793811082839966,"['usability', 'security']",1,-1
The system shall help the user avoid making mistakes while scheduling classes and clinicals for the nursing students.,usability,usability,0.3607574999332428,"['performance', 'usability']",2,0.011698424816131592
The number of mistakes noted by the students shall be decreased by 50% in the first year.,usability,performance,0.34864097833633423,"['performance', 'security']",3,-2
The system shall be intuitive to the Program Administrators/Nursing Staff Members.,usability,usability,0.31110504269599915,"['performance', 'usability']",2,0.03907656669616699
2 out of 3 Program Administrators/Nursing Staff Members shall successfully be able to use the system to manage the scheduling of classes and clinicals.,usability,usability,0.3142138421535492,"['performance', 'usability']",2,0.021536558866500854
The system shall use symbols and words that are naturally understandable by the user community.,usability,usability,0.3744733929634094,"['performance', 'usability']",2,0.003156721591949463
The verbiage used within the system shall be consistent with Standard English and the terminology of the national Nursing Community.,usability,usability,0.2576163411140442,"['performance', 'usability']",2,0.024292290210723877
Staff members shall be able to complete a set of tasks in a timely manner.,performance,performance,0.3178681433200836,"['performance', 'usability']",1,-1
The response time of general student management tasks shall take no longer than 5 seconds and the response time of schedule generation shall take no longer than 30 seconds.,performance,performance,0.3625395894050598,"['usability', 'performance']",2,0.0018769502639770508
The system shall able to operate within a business office environment typical of the Nursing Department at DePaul University.,operational,operational,0.29874539375305176,"['performance', 'operational']",2,0.03407809138298035
The system shall be used within the specifications defined by the computers used by the Program Administrators/Nursing Staff Members.,operational,performance,0.3356834053993225,"['performance', 'usability']",3,-2
The system shall operate within the Windows XP Professional operating system.,operational,operational,0.4016176462173462,"['performance', 'operational']",2,0.028192341327667236
The system shall interface with CampusConnect’s central server,operational,operational,0.4422172009944916,"['performance', 'operational']",2,0.01608029007911682
The system shall interface with the faculty central server.,operational,performance,0.44113630056381226,"['performance', 'usability']",3,-2
The system shall interface with the student master server.,operational,performance,0.44153332710266113,"['performance', 'usability']",3,-2
We must be able to interface with any HTML browser.,operational,operational,0.41905325651168823,"['security', 'operational']",2,0.0005271434783935547
Only authorized users shall have access to clinical site information.,security,performance,0.44446834921836853,"['performance', 'usability']",4,-2
Program Administrators/Nursing Staff Members are the only people who shall have access to clinical site details.,security,performance,0.3751557171344757,"['performance', 'operational']",4,-2
Only authorized users shall have access to students’ personal information.,security,performance,0.4297209084033966,"['performance', 'usability']",4,-2
Dr Susan Poslusny and Dr Julie Donalek are the only people who shall have access to students’ personal information.,security,performance,0.34412485361099243,"['performance', 'operational']",4,-2
Only authorized users shall have access to the portion of the system that interfaces with CampusConnect.,security,performance,0.35094621777534485,"['performance', 'usability']",3,-2
Fit Criterion: Dr Susan Poslusny and Karen Sysol are the only people who shall have access to the final class section scheduling for the system that interfaces with CampusConnect.,security,performance,0.330157607793808,"['performance', 'usability']",4,-2
The system shall have basic data integrity checking to reduce the possibility of incorrect or invalid data being introduced.,security,performance,0.3730778396129608,"['performance', 'usability']",4,-2
The system shall protect private information in accordance with the organization’s information policy.,security,performance,0.38918066024780273,"['performance', 'usability']",4,-2
The system shall be built such that it is as secure as possible from malicious interference.,security,security,0.3526267409324646,"['security', 'usability']",1,-1
The system shall use the organization’s standard virus protection software to help monitor threats to itself.,security,security,0.35029664635658264,"['performance', 'security']",2,0.01400718092918396
The list of dispute cases that are displayed after a search is performed must be color coded for easy identification of dispute cases based upon the dispute case status.,usability,usability,0.3249412477016449,"['performance', 'usability']",2,0.009606987237930298
100% of the cardmember and merchant services representatives shall use the Disputes application regularly after a 2-day training course.,usability,usability,0.31839749217033386,"['performance', 'usability']",2,0.018010318279266357
100% of cardmember services representatives shall be able to successfully create a dispute case on the first encounter after completing the training course.,usability,usability,0.3117501139640808,"['performance', 'usability']",2,0.018778741359710693
100% of merchant services representatives shall be able to successfully perform a follow up action on a dispute case on the first encounter after completing the training course.,usability,usability,0.3335667848587036,"['performance', 'usability']",2,0.015923619270324707
The maximum wait time for a user navigating from one screen to another within the Disputes application shall be no more than 5 seconds.,performance,security,0.38329923152923584,"['security', 'usability']",4,-2
The Disputes application shall support 350 concurrent users without any degradation of performance in the application.,performance,performance,0.35143420100212097,"['performance', 'usability']",1,-1
 The Disputes application shall be available 24x7x365  with the exception of the following scheduled maintenance windows.  Monday – Saturday 3:00am to 4:00am EST Sunday 1:00amd to 5:00am EST,operational,operational,0.39666372537612915,"['performance', 'operational']",2,0.0017396211624145508
The Disputes application shall interface with the Statement Database. The Statement Database provides the transaction details to the Disputes System. All transaction details must be obtained from the Statement Database,operational,performance,0.3673618733882904,"['performance', 'usability']",3,-2
The Disputes application shall interface with the Cardmember Information Database.  The Cardmember Information Database provides detailed information with regard to a cardmember.  All cardmember detail information must be obtained from the Cardmember Information Database.,operational,operational,0.29260724782943726,"['performance', 'operational']",2,0.02439221739768982
The Disputes applications shall interface with the Merchant Information Database.  The Merchant Information Database provides detailed information with regard to the merchant. All merchant detail information shall be obtained from the Merchant Information Database.,operational,operational,0.28199470043182373,"['performance', 'operational']",2,0.032783329486846924
The Disputes application shall interface with the Letters application.  This will allow the Disputes application to request letters as part of the dispute initiation and dispute follow up process. All letter requests must be sent to the Print Letter Utility application.,operational,performance,0.3523750305175781,"['performance', 'usability']",3,-2
The Disputes application shall interface with the Cardmember Posting and Billing System.  This will allow the Disputes application to request adjustments to cardmember and merchant’s accounts. All adjustment requests must be sent to the Cardmember Posting and Billing System.,operational,operational,0.3379312753677368,"['performance', 'operational']",2,0.02041381597518921
The Disputes application shall ensure that only users with the appropriate access level are allowed to initiate dispute requests.,security,performance,0.3482016921043396,"['performance', 'usability']",4,-2
Only users with Update access must be able to initiate dispute requests.,security,performance,0.44156965613365173,"['performance', 'operational']",4,-2
The Disputes application shall ensure that only authorized users are allowed to logon to the application.,security,performance,0.3231965899467468,"['performance', 'usability']",3,-2
 All authorized users  once authenticated must be able to logon to the Disputes System,security,performance,0.3698154389858246,"['performance', 'operational']",4,-2
The Disputes System shall generate a User Report that details any new users that have been added and any changes to an existing user’s access level.  The report will be reviewed for auditing purposes.,security,security,0.37283265590667725,"['security', 'performance']",1,-1
All additions of new users and modifications to user’s access shall be recorded on the User Report.,security,performance,0.35822561383247375,"['performance', 'usability']",3,-2
 If a user account is revoked  it can only be re-instantiated by the System Administrator.,security,performance,0.4152129590511322,"['performance', 'usability']",4,-2
Only the System Administrator shall be able to reset a revoked user logon account,security,performance,0.37602612376213074,"['performance', 'usability']",4,-2
The Disputes application shall manipulate and view business data. Users will not have direct access to data files or databases.,security,security,0.4281422793865204,"['security', 'usability']",1,-1
All updates to data files or database must be initiated from the Disputes System.,security,security,0.36336061358451843,"['performance', 'security']",2,0.0140780508518219
The product must support Internet Explorer 5.5 and above.,operational,performance,0.5090672373771667,"['performance', 'usability']",3,-2
The product must support Mozilla Firefox 1.0 and above.,operational,operational,0.4626412093639374,"['performance', 'operational']",2,0.005493521690368652
The product shall interface with the Choice Parts System.  This provides the feed of recycled parts data.,operational,operational,0.4094277620315552,"['performance', 'operational']",2,0.012674838304519653
The product shall run on the existing hardware for all environments.,operational,performance,0.4507518708705902,"['performance', 'usability']",3,-2
The product shall adhere to the corporate Architecture guidelines,operational,performance,0.38373464345932007,"['performance', 'usability']",3,-2
The product shall be easy to use by Adjusters and Collision Estimators.  95% of Adjusters and Collision Estimators shall find the product easy to use.,usability,usability,0.3159288763999939,"['performance', 'usability']",2,0.018560856580734253
The product shall increase productivity of Collision Estimators. 80% of the Collision Estimators shall agree their productivity has increase within 1 month of using the product.,usability,usability,0.36129456758499146,"['performance', 'usability']",2,0.009434551000595093
Users shall feel satisfied using the product.  85% of all users will be satisfied with the product.,usability,performance,0.3951505422592163,"['performance', 'security']",3,-2
The product shall be easy to learn by Adjusters and Collision Estimators.  The product shall be learned with two days onsite training,usability,performance,0.3761350214481354,"['performance', 'operational']",3,-2
The user shall easily locate instructions while using the product.  User help can be found within 90% of the system.,usability,usability,0.3971872925758362,"['security', 'usability']",2,0.0059850215911865234
The search for recycled parts shall take no longer than 15 seconds.  The search results shall be returned in under 15 seconds.,performance,performance,0.40895432233810425,"['usability', 'performance']",2,0.0025028586387634277
The search for the preferred repair facility shall take no longer than 8 seconds.  The preferred repair facility is returned within 8 seconds,performance,performance,0.40141597390174866,"['performance', 'usability']",1,-1
The recycled parts audit report shall be returned to the user within 10 seconds.  The audit report shall be returned within 10 seconds.,performance,performance,0.3532108962535858,"['performance', 'operational']",1,-1
The preferred repair facility ratings shall be saved within 5 seconds. The save shall occur within 5 seconds.,performance,performance,0.38594144582748413,"['operational', 'performance']",2,0.0010176301002502441
 For estimators  the product shall be able to be operated in a repair facility during dirty and noisy conditions.,operational,performance,0.29201436042785645,"['performance', 'usability']",3,-2
The product shall interface with the ChoiceParts system once per day at approximately 1:00 AM.,operational,operational,0.4337450861930847,"['performance', 'operational']",2,0.0018756687641143799
The maintenance of the product will fall within the established corporate maintenance windows.,operational,performance,0.3240232765674591,"['performance', 'usability']",4,-2
The product shall be supported using the corporate support center.,operational,performance,0.42817386984825134,"['performance', 'usability']",3,-2
Product installations and upgrades shall be handled by the middleware technology team within established launch time frames.,operational,operational,0.3578559160232544,"['performance', 'operational']",2,0.016174256801605225
Only adjusters can request recycled parts audit reports. No users without an adjuster role shall request recycled parts audits.,security,performance,0.3960055708885193,"['performance', 'operational']",4,-2
Only adjusters with a supervisor role can update preferred repair facility ratings. Users without the supervisor role cannot access the repair facility ratings.,security,performance,0.37750697135925293,"['performance', 'operational']",4,-2
Only collision estimators shall search for recycled parts.  Users without the collision estimator role shall not have access to the search for recycled parts.,security,performance,0.3757736384868622,"['performance', 'usability']",4,-2
Only valid data shall be entered into the system.  No invalid data shall be entered into the system.,security,performance,0.4166456460952759,"['performance', 'usability']",4,-2
One insurance company shall not be able to view another insurance companys claim data.,security,performance,0.39908695220947266,"['performance', 'usability']",4,-2
The product shall free of computer viruses.,security,performance,0.48591339588165283,"['performance', 'usability']",4,-2
The system shall prevent malicious attacks including denial of service.,security,performance,0.4429175853729248,"['performance', 'operational']",4,-2
 The product must work with most database management systems (DBMS) on the market  whether the DBMS is colocated with the product on the same machine or is located on a different machine on the computer network.,operational,performance,0.3404730558395386,"['performance', 'security']",4,-2
The product will function alongside server software on any operating system where the Java runtime can be installed.,operational,performance,0.3870339095592499,"['performance', 'usability']",4,-2
The product will require collaboration with a database management system (DBMS).  The DBMS may be located on the same machine as the product or on a separate machine residing on the same computer network.,operational,performance,0.3304738998413086,"['performance', 'usability']",4,-2
 The product must make use of web/application server technology.  Open source examples include Apache web server  Tomcat  and the JBoss application server.,operational,operational,0.3427172303199768,"['performance', 'operational']",2,0.016836464405059814
 A database management system such as Oracle  DB2  MySql or HSQL will need to be integrated with the product.,operational,operational,0.31220898032188416,"['performance', 'operational']",2,0.030390381813049316
The product shall make the users want to use it. 80% of the users surveyed report they are regularly using the product after the first 2 weeks post-launch.,usability,usability,0.3435095250606537,"['security', 'usability']",2,0.0055443644523620605
The product shall be easy to use. 90% of users will be able to successfully reserve a conference room within 5 minutes of product use.,usability,usability,0.3530648350715637,"['security', 'usability']",2,0.0020890235900878906
The product shall give users feedback when necessary. 80% of the users surveyed report that the product accurately confirms their actions.,usability,usability,0.3574344515800476,"['performance', 'usability']",2,0.0073893070220947266
The product shall allow the user to select a chosen language from one of the target market countries.,usability,usability,0.35533884167671204,"['usability', 'security']",1,-1
The product shall allow for customization of start page and views preferences.,usability,usability,0.4044913947582245,"['usability', 'performance']",1,-1
 An employee will be able to successfully use the product within a few minutes.  After informally navigating the product for less than 15 minutes  users shall be able to successfully setup meetings and reserve conference rooms.,usability,usability,0.33764705061912537,"['performance', 'usability']",2,0.011201292276382446
The product shall use a standard navigation menu familiar to most web users.,usability,usability,0.4187397062778473,"['usability', 'security']",1,-1
The product shall allow for intuitive searching of available conference rooms.,usability,usability,0.4428631663322449,"['usability', 'performance']",1,-1
The product shall conform to the Americans with Disabilities Act.,usability,performance,0.3789733052253723,"['performance', 'operational']",3,-2
The response shall be fast enough to avoid interrupting the user’s flow of thought.  90% of tasks shall complete within 5 seconds.  98% of tasks shall complete within 8 seconds.,performance,performance,0.3668992817401886,"['performance', 'operational']",1,-1
The product shall be used in office environments.,operational,performance,0.44402503967285156,"['performance', 'usability']",3,-2
The product must be able to interface with any HTML browser.  The product shall transmit data between the user and the product without problems. The product shall display HTML properly in 80% of all HTML browsers tested (minimum is to test 8 browsers).,operational,performance,0.37050095200538635,"['performance', 'usability']",3,-2
The product must be able to interface with various database management systems. The product shall communicate successfully with the database management system on 100% of all transactions.,operational,performance,0.40055832266807556,"['performance', 'usability']",3,-2
The product must be able to interface with various email servers. The product shall be able to send email.,operational,security,0.3948978781700134,"['security', 'usability']",3,-2
The product shall be available for distribution via the Internet as a binary or ZIP file.,operational,performance,0.34765782952308655,"['performance', 'usability']",4,-2
The product shall be available for distribution as a packaged CD.,operational,performance,0.36412498354911804,"['performance', 'usability']",4,-2
 The product will be available for licensing as a one-server  two-five servers  or five-or-more servers license.,operational,performance,0.3639230728149414,"['performance', 'usability']",3,-2
A new user must be able to be added to the system within 10 minutes.  90% of new users are able to log into the system within 10 minutes.,usability,usability,0.34297066926956177,"['security', 'usability']",2,0.013080716133117676
Every registered user will have access to the product’s support site via the Internet.  70% of registered users shall find a solution to their problem within 5 minutes of using the support site.,usability,usability,0.3924023509025574,"['security', 'usability']",2,0.008631676435470581
 The product shall be translated into foreign languages other than the target market countries’ languages in future releases.  For each emerging target market  it shall take no more than 5 days to configure the product for that market’s language.,usability,usability,0.3459693193435669,"['performance', 'usability']",2,0.009626418352127075
 The product is expected to integrate with multiple database management systems.  The product will operate with Oracle  SQL Server  DB2  MySQL  HSQL  and MS Access.,operational,operational,0.32673558592796326,"['performance', 'operational']",2,0.018855154514312744
The product shall be able to be installed in any operating environment within 2 days.,operational,security,0.35904717445373535,"['security', 'performance']",4,-2
The product shall ensure that only company employees or external users with company-approved user IDs may have product access.  100% of all logons shall be by either company employees or external users with company-approved user IDs.,security,performance,0.3649435043334961,"['performance', 'operational']",4,-2
Only managers are able to perform search queries for reservations by user.  100% of all search queries for reservations by user shall be from logons of only management logons.,security,performance,0.3973957598209381,"['performance', 'usability']",4,-2
The product shall ensure that the database’s data corresponds to the data entered by the user.  Each conference room reservation in the system will contain the same information as was entered by the user.,security,security,0.3454087972640991,"['performance', 'security']",2,0.005350887775421143
The product shall prevent the input of malicious data.  The product and/or adjacent hardware/software systems’ data shall remain 100% uncorrupted each time malicious data is input into the product.,security,performance,0.3602476716041565,"['performance', 'usability']",4,-2
The product shall have the ability to receive automatic software updates as new threats emerge.  100% of customers will be able to receive automatic software updates transmitted to the installed product.,security,security,0.3498719036579132,"['security', 'performance']",1,-1
The product shall be able to display calendar dates and times according to the user’s locale.  90% of survey respondents from each target market country will find that the date and time formatting of the product is correct.,usability,security,0.32496750354766846,"['security', 'performance']",3,-2
The product must be developed with the J2SE/J2EE programming language libraries,operational,operational,0.3608437776565552,"['performance', 'operational']",2,0.007405132055282593
Recreation of Inventory Quantity Adjustment for the period of previous 30 days shall take no more than 30min.,performance,performance,0.3935701251029968,"['performance', 'usability']",1,-1
The System shall allow for a minimum of  6 users to work at the same time.,performance,usability,0.38998204469680786,"['usability', 'security']",3,-2
The System shall utilize currently owned computer equipment.,operational,operational,0.4928560256958008,"['performance', 'operational']",2,0.020808875560760498
The System shall be able to automatically backup business data and restore them on demand.,operational,usability,0.3615137040615082,"['usability', 'security']",4,-2
The System shall maintain consistent security.  Any changes in user passwords and/or permissions should take affect in all parts of the System.,security,performance,0.39025312662124634,"['performance', 'usability']",4,-2
The System shall granularly control access rights to all major subsystems.  It should be possible to assign access rights to all subsystems independently.,security,performance,0.3803029954433441,"['performance', 'usability']",4,-2
The System shall not require additional third party licenses resulting in royalty fees.,operational,operational,0.35223034024238586,"['performance', 'operational']",2,0.032868653535842896
Administrator shall be able to activate a pre-paid card via the Administration section in under 5 seconds.,performance,performance,0.35302451252937317,"['performance', 'operational']",1,-1
 Customer shall be able to check the status of their prepaid card  by entering in the PIN number  in under 5 seconds.,performance,performance,0.34825941920280457,"['performance', 'usability']",1,-1
System shall let customers register on the website as a “pay as you go” user in under 5 minutes.,performance,performance,0.3976825177669525,"['performance', 'usability']",1,-1
System shall let customers register on the website as a “unlimited movie subscriber” user in under 10 minutes.,performance,performance,0.3945317566394806,"['performance', 'usability']",1,-1
System shall let existing customers log into the website with their email address and password in under 5 seconds.,performance,usability,0.40219956636428833,"['usability', 'security']",3,-2
 System shall let customers cancel their account  process shall take no longer than 2 minutes.  Database will mark the account as inactive  and user will not be able to log into the website.,performance,performance,0.37376928329467773,"['performance', 'security']",1,-1
System shall let administrator de-activate a customer account in under 1 minute. Customer will no longer be able to access the website.,performance,performance,0.42637166380882263,"['usability', 'performance']",2,0.0015890896320343018
System shall let administrator add/remove movies on the website in under 5 minutes.  Entered movie information will be stored in the database and will now be available on the website.,performance,security,0.36511653661727905,"['security', 'usability']",3,-2
System shall let the administrator add/remove categories on the website in under 5 minutes.,performance,performance,0.39883407950401306,"['performance', 'usability']",1,-1
System shall let Izogn Manager access sales and usage statistics in under 2 minutes.,performance,performance,0.412553071975708,"['performance', 'operational']",1,-1
System shall let administrators generate unique pre-paid pins in under 2 minutes and generate an Excel file with the generated PINs.,performance,performance,0.35341745615005493,"['performance', 'operational']",1,-1
The product should be able to be used by 90% of novice users on the Internet.,usability,usability,0.3545159101486206,"['security', 'usability']",2,0.004300296306610107
 Users should only have to navigate through a maximum of 4 pages  to create an account with the website.,usability,usability,0.3451816141605377,"['security', 'usability']",2,0.010593652725219727
Users should be able to access their streaming movies in under 2 clicks after logging into the website.,usability,usability,0.3797319531440735,"['performance', 'usability']",2,0.002038806676864624
An anonymous survey will show that 70% of customers are comfortable purchasing streaming movies after 2 weeks using the website.,usability,performance,0.3831561207771301,"['performance', 'security']",3,-2
An anonymous survey will show that 95% of customers are comfortable using and purchasing pre-paid cards after a month of using the system.,usability,security,0.34851956367492676,"['security', 'performance']",3,-2
The product shall retain the customer’s buying preferences and information.,usability,usability,0.37362584471702576,"['performance', 'usability']",2,0.009187459945678711
The product shall be easy for customers with novice skills on the  Internet to purchase and watch streaming movies.  Customers should be able to purchase and watch a pre-determined movie in under 3 minutes.,usability,security,0.3211168348789215,"['security', 'performance']",3,-2
The product shall use symbols and words that are naturally understandable by users familiar with websites,usability,usability,0.36758553981781006,"['performance', 'usability']",2,0.006088078022003174
The website will use standard Internet conventions when interacting with the user.,usability,usability,0.43776100873947144,"['performance', 'usability']",2,0.006015360355377197
 Any interface between a user and the automated system shall have a maximum response time of 5 seconds  unless noted by an exception below.,performance,performance,0.3631097376346588,"['performance', 'usability']",1,-1
 When purchasing a streaming movie or pre-paid card via credit card  the processing time should have a maximum response time of 15 seconds.,performance,performance,0.34260571002960205,"['performance', 'operational']",1,-1
 When streaming a movie  the buffering time should take no longer than 10 seconds (plus any latency on the user’s connection.),performance,performance,0.3865424394607544,"['security', 'performance']",2,0.0028648674488067627
 While streaming a movie  buffering should only occur if there is latency in the user’s connection.,performance,security,0.3656937777996063,"['security', 'usability']",3,-2
 All credit card information will be secured on the server  and only accessible by authorized Izogn administrators.  Information will be encrypted in the database.,security,security,0.3471061587333679,"['performance', 'security']",2,0.02673649787902832
All aspects of the website shall be accessed by a web browser over the Internet.,operational,usability,0.37276455760002136,"['usability', 'performance']",4,-2
The same hardware supporting the current website will be used to support the new system.,operational,security,0.3974565267562866,"['security', 'usability']",4,-2
 We must be able to interface with the following browsers: IE 5.X  6.0  Netscape 6.x  7.x  8.x and Firefox 1.0.,operational,operational,0.4224185347557068,"['operational', 'performance']",1,-1
Website must interface with the CyberSource API to process credit card transactions.,operational,operational,0.3686472177505493,"['performance', 'operational']",2,0.02811485528945923
Website must be fully operational with MSN TV2.,operational,operational,0.4442210793495178,"['performance', 'operational']",2,0.00685274600982666
Movies shall be encoded and streamed via Windows Media Player 9.0.,operational,operational,0.44381582736968994,"['performance', 'operational']",2,0.0027277767658233643
Movies shall be encoded for 56k and 256k streams.,operational,operational,0.34753480553627014,"['performance', 'operational']",2,0.027321726083755493
Izogn Administrator must be able to update the category listings on the website within 2 minutes.,performance,performance,0.36079132556915283,"['performance', 'usability']",1,-1
Izogn Administrator must be able to add new products to the website within 2 minutes.,performance,performance,0.3649311661720276,"['performance', 'usability']",1,-1
The website will provide a help section with answers and solutions to common problems.,usability,usability,0.3993437886238098,"['security', 'usability']",2,0.0008328855037689209
The product shall be able to be installed in the specified environment within 1 working day.,operational,performance,0.3477734327316284,"['performance', 'security']",4,-2
Only registered customers can purchase streaming movies.,security,operational,0.5490984320640564,"['operational', 'usability']",4,-2
 A customer can only stream a movie if they purchased it  and are within the 2 day viewing period.,security,security,0.3813972771167755,"['security', 'usability']",1,-1
Only authorized personnel can access customer records in the database.,security,performance,0.4434877932071686,"['performance', 'usability']",4,-2
Only administrators can activate a pre-paid card.,security,performance,0.45348119735717773,"['performance', 'operational']",4,-2
Only authorized personnel can access sales information.,security,performance,0.5479888916015625,"['performance', 'operational']",4,-2
The website shall prevent its data from being corrupted when incorrect data is entered in.,security,security,0.41438165307044983,"['usability', 'security']",2,0.00907471776008606
 The website shall protect itself from intentional abuse  and notify the administrator at all occurrences.,security,performance,0.36732590198516846,"['performance', 'operational']",4,-2
Data integrity scripts will be run on a weekly basis to verify the integrity of the database.,security,performance,0.3445971608161926,"['performance', 'usability']",3,-2
 The website shall make its user aware of its information practices before collection data from them via a Privacy Policy  accessible on all pages of the website.,security,usability,0.36712053418159485,"['usability', 'performance']",4,-2
The system shall notify customers of changes to its information policy.,security,usability,0.44625160098075867,"['usability', 'performance']",4,-2
The system shall reveal private information only in compliance with the organization’s information policy.,security,performance,0.37275803089141846,"['performance', 'usability']",4,-2
 All customer information will be stored on a secure database  accessible only to authorized personnel.,security,performance,0.3765549063682556,"['performance', 'usability']",3,-2
All credit card information will be encrypted in the database.,security,performance,0.4101496636867523,"['performance', 'usability']",3,-2
The streaming server will have anti-virus software to prevent infection of malicious viruses.,security,performance,0.33377185463905334,"['performance', 'usability']",3,-2
The website should use Flash to provide animation on the home page.,operational,security,0.42623278498649597,"['security', 'usability']",4,-2
Total lead cycle time must be completed in 5 minutes for 90% of lead volume between the business hours of 8AM CST to 8PM CST; then 3 minutes for 99% of lead volume during off business hours.,performance,performance,0.37689322233200073,"['performance', 'security']",1,-1
No lead evaluation will complete in a time period longer than 25 seconds for 97% of all leads processed.,performance,performance,0.46189823746681213,"['performance', 'usability']",1,-1
For leads that process longer than 25 seconds the system will record the event and duration,performance,security,0.40984606742858887,"['security', 'usability']",3,-2
The process must fit within the processing time conditions set forth by the Auto Rep Assignment process in which a lead is assigned within 3 minutes of the total life cycle.,performance,performance,0.3434596359729767,"['performance', 'usability']",1,-1
The lead washing process will operate within the established physical web service structure.,operational,performance,0.41824567317962646,"['performance', 'usability']",3,-2
 The washing process must use a non binding  neutral data format  such as xml  when receiving and processing lead data.,operational,operational,0.3775326609611511,"['performance', 'operational']",2,0.008754312992095947
The product shall able to handle a large number of games simultaneously.,performance,performance,0.3507435917854309,"['performance', 'usability']",1,-1
The response time shall be fast enough to maintain the flow of the game.  The response time shall be no more than 2 seconds for 95% of responses and no more than 4% for the remaining responses.,performance,security,0.3841122090816498,"['security', 'usability']",3,-2
The product shall protect the identity of the players. The product shall provide players no access to information that might reveal the identity of another player.,performance,performance,0.36857089400291443,"['performance', 'usability']",1,-1
The product shall be intuitive and self-explanatory.  Nine out ten users shall be able to successfully complete a game with no training.,usability,usability,0.3812725245952606,"['performance', 'usability']",2,0.011397182941436768
 The product shall be available to players who understand English  Spanish and French.  The product shall allow the user to select the language upon accessing the product.,usability,performance,0.34831738471984863,"['performance', 'security']",3,-2
The product shall provide players no access to information that might reveal the identity of another player,security,performance,0.3709504306316376,"['performance', 'usability']",3,-2
The response time shall be fast enough to maintain the flow of the game. The response time shall be no more than 2 seconds for 95% of responses and no more than 4% for the remaining responses.,performance,security,0.3791672885417938,"['security', 'usability']",3,-2
The system shall be easy to use by callers and supervisors. Callers and supervisors must be able to accomplish any system task within 2 minutes.,usability,security,0.35423529148101807,"['security', 'performance']",3,-2
The system shall be easy to learn by callers and supervisors. Callers and supervisors shall learn how to use the system within 10 minutes.,usability,performance,0.3438625931739807,"['performance', 'security']",3,-2
 The system shall be responsive. At the DePaul TeleServices Center  when a supervisor uses the system to view a callers schedule  the system response time must be no more than 2 seconds 90% of the time and no more than 5 seconds the rest of the time.,performance,performance,0.3421984016895294,"['security', 'performance']",2,0.0006607472896575928
 On a 56k connection  the system response time for all operations must be no more than 6 seconds 90% of the time.,performance,security,0.3932735323905945,"['security', 'usability']",3,-2
 On a 112k connection or faster  the system response time for all operations must be no more than 3 seconds 90% of the time.,performance,security,0.3809003233909607,"['security', 'usability']",4,-2
The product shall ensure that only supervisors can advertise empty time slots.The product must ensure that supervisors are allowed to access advertise empty time slots.,security,performance,0.37363332509994507,"['performance', 'usability']",4,-2
The product shall ensure that only supervisors can enter a caller’s schedule.The product must ensure that supervisors are allowed to access advertise empty time slots.,security,usability,0.3764764070510864,"['usability', 'performance']",3,-2
The product shall ensure that only supervisors can view schedule of all callers.The product must ensure that supervisors are allowed to access advertise empty time slots.,security,usability,0.3775710463523865,"['usability', 'performance']",3,-2
The product shall provide Monitoring Services.The product shall be easy for System Administrators and DBAs to use after two weeks of usage.,usability,usability,0.3818647861480713,"['performance', 'usability']",2,0.006419867277145386
The product shall provide Error Tracking Services.The product shall help the System Administrators and DBAs to resolve transaction errors 99% of the time.,usability,usability,0.36076608300209045,"['performance', 'usability']",2,0.01656121015548706
The product shall provide Portals.The product shall help System Administrators to analyze the transactions with ad-hoc reporting and KPIs (Key Performance Indicators),usability,performance,0.37959417700767517,"['performance', 'operational']",3,-2
The product shall provide Asynchronous Messaging.The product shall provide asynchronous messaging to enable parallel processing and reduce the overhead in communications,performance,performance,0.37897616624832153,"['performance', 'operational']",1,-1
The product shall provide Multi-threading and Load Balancing.The product shall provide multi-threading technology as well as load balancing to overcome data load spikes and traffic.,performance,performance,0.3609287738800049,"['performance', 'usability']",1,-1
The product shall process messages within 2 seconds.The product shall have a maximum message processing time of 2 seconds,performance,performance,0.39875707030296326,"['performance', 'operational']",1,-1
The product shall poll the system for messages every second.The product shall poll the system for new messages at a maximum of every 1 second.,performance,security,0.40075522661209106,"['security', 'usability']",3,-2
The product shall provide Dynamic Change Support and Transparent resource addition.The product shall support Transparent Resource addition and Dynamic Change support to provide scalability and avoid service interruptions of more than 1 day.,performance,performance,0.3647041916847229,"['performance', 'operational']",1,-1
The product shall be platform independent.The product shall enable access to any type of development environment and platform.,operational,performance,0.39683055877685547,"['performance', 'usability']",4,-2
The product shall interface CSR and Datastream.The product shall exchange messages between CSR and EAM on a real time basis without any direct interfaces between two systems.,operational,performance,0.3455229103565216,"['performance', 'usability']",3,-2
 The product shall have security.The product shall provide authentication  and authorization.,security,performance,0.4140303134918213,"['performance', 'usability']",3,-2
The product shall information Security. The product shall enable privacy by encryption WS-Security and Integrity Checking.,security,performance,0.3852449655532837,"['performance', 'operational']",4,-2
The product shall have audit capabilities.The product shall store messages for a minimum of one year for audit and transaction tracking purposes.,security,performance,0.35270440578460693,"['performance', 'usability']",3,-2
The system must use a point and click interface. 100% of all selection and navigation functionality must be able to be activated/selected by either a mouse or a keyboard,usability,usability,0.365799218416214,"['security', 'usability']",2,0.010068744421005249
The interface shall be easy to use. 90% of users should be able to successfully use the system to generate a report on their first use. The interface should adhere to IBM usability standards.,usability,security,0.3568268120288849,"['security', 'performance']",3,-2
Rreports must be easy to generate. eports must be generated within one button click and exported within one button click (after selecting the report),usability,performance,0.3592401146888733,"['performance', 'operational']",3,-2
A user shall be able to use the system without instruction after a short amount of time. After one use a user should understand and remember 90% of the system usage and navigation.,usability,usability,0.35473600029945374,"['security', 'usability']",2,0.006561785936355591
All CCR users shall receive training before the WCS system is deployed. One training session will be held for 100% of CCR users before system deployment (based on a CCR user being available),usability,usability,0.3647846281528473,"['performance', 'usability']",2,0.008629858493804932
The WCS system shall use appropriate nomenclature and terminology as defined by the Corporate Community Grants organization. All interfaces and reports will undergo usability tests by CCR users.,usability,performance,0.3613072633743286,"['performance', 'operational']",3,-2
The WCS system shall be run in a Windows environment. The WCS shall be accessed by users through the Internet on an IBM computer running a Windows 2000 or above operating system.,operational,performance,0.3627106845378876,"['performance', 'usability']",4,-2
The Brio portion of the WCS system must be able to export files in spreadsheet form (Microsoft Excel and Lotus 1-2-3 formats).  Brio will provide buttons in the user interface that produce/export reports in .xls or .123 file formats.,operational,operational,0.3353295922279358,"['performance', 'operational']",2,0.011903822422027588
The system shall only be accessed by authorized Corporate Community Grants (CCR) employees. Users must be authenticated using their IBM intranet user name and password.,security,performance,0.36893555521965027,"['performance', 'operational']",4,-2
The WCS system shall not allow automatic logins by any user. Cookies containing WCS login information about a user will not be stored on a user’s computer.,security,performance,0.39222151041030884,"['performance', 'usability']",3,-2
Each team owner will need to use a username and password in order to be authenticated to reach the team owner’s page,security,security,0.3524204194545746,"['security', 'performance']",1,-1
The Commissioner will be the only authorized user per league to adjust league settings.,security,performance,0.36973750591278076,"['performance', 'usability']",3,-2
	A new user shall be able to navigate through the league and team pages within 30 seconds of reaching the start-up page.,usability,performance,0.35765010118484497,"['performance', 'security']",3,-2
 	Users shall be able to reach the ‘add’  ‘drop’  and ‘trade player’ pages with one click from the team owner’s page.,usability,performance,0.3342042863368988,"['performance', 'operational']",3,-2
	Users shall be able to view at least 25 NFL player statistics and points on each page.,usability,performance,0.37180402874946594,"['performance', 'operational']",3,-2
The application shall ask the user to confirm dropping a player or trading a player before performing the action.,usability,usability,0.28499752283096313,"['performance', 'usability']",2,0.014933377504348755
The application shall be able to complete every user transaction within one fourth of a second of receiving the request over the network.,performance,performance,0.3281276226043701,"['performance', 'security']",1,-1
The application shall run on a web application server.,operational,performance,0.43617358803749084,"['performance', 'usability']",3,-2
A primary database will be used to store cached data for active users.,operational,security,0.454208642244339,"['security', 'usability']",4,-2
A secondary database will be used to store historical statistics and data.,operational,performance,0.40525442361831665,"['performance', 'usability']",4,-2
98% of the user workstations shall meet the minimum hardware requirements prior to implementation. Minimum Hard Disk Space:  400MB.,operational,operational,0.36904141306877136,"['performance', 'operational']",2,0.016180425882339478
98% of the user workstations shall meet the minimum software requirements prior to implementation: Microsoft Internet Explorer 5.0. Microsoft .NET Framework 1.1. Microsoft Internet Explorer Web Controls,operational,operational,0.41802823543548584,"['performance', 'operational']",2,0.009242206811904907
 	The RFS system should be able to easily interface with the BDW environment  in order to load the data. •	7 data files shall be received from the BDW and loaded into the RFS system within 3 hours one day prior to the start of budgeting process  every year. The data will be as of October month-end. 	Test files (7) shall be loaded up to 5 times throughout the year  from the BDW.,operational,performance,0.3498775362968445,"['performance', 'security']",4,-2
 	Only authorized user shall access the RFS system. ONLY users that exist in the UAS system  with the RFS system assigned to their role(s)  shall access the RFS system and use it.,security,performance,0.3640259802341461,"['performance', 'usability']",4,-2
	User access should be limited to the permissions granted to their role(s) Each level in the PCG hierarchy will be assigned a role and users will be assigned to these roles. Access to functionality within RFS system is dependent on the privileges/permission assigned to the role..,security,security,0.3495951294898987,"['performance', 'security']",2,0.017968684434890747
 	The users should be able to easily use the system to successfully complete their budgets  within the stipulated time for completion. With a week of training prior to product implementation  98% of the users shall complete their budgets within the stipulated time.,usability,usability,0.3274334669113159,"['performance', 'usability']",2,0.017043352127075195
 	The product interface should be fast. The response time of the product interface should not exceed 2 seconds 90% of the time. For 10% of the time  the response time should not be more than 10 seconds.not be more than 10 seconds.,performance,security,0.3750894069671631,"['security', 'usability']",4,-2
