,precision,recall,f1-score,support
"accessibility, aesthetic, contextual, experience, satisfaction, HCI, UX, questionnaire, ease, or ergonomics",0.9807692307692307,0.7611940298507462,0.8571428571428572,67.0
"vulnerability, securing. protecting, protection, cybersecurity, assurance, cyber, countermeasure, threat, privacy, authentication, prevention, or confidentiality",0.32142857142857145,0.7258064516129032,0.4455445544554456,62.0
"throughput, reliability, scalability, responsiveness, efficiency, workload, benchmark, latency, speed, improvement, or accuracy",0.53125,0.3148148148148148,0.3953488372093023,54.0
"environmental, organizational, coordination, systemic, or logistics",0.28,0.10606060606060606,0.15384615384615385,66.0
accuracy,0.4819277108433735,0.4819277108433735,0.4819277108433735,0.4819277108433735
macro avg,0.5283619505494506,0.4769689755847676,0.46297060066343976,249.0
weighted avg,0.5333638951410036,0.4819277108433735,0.46809243842553233,249.0
