,precision,recall,f1-score,support
"throughput, reliability, scalability, responsiveness, efficiency, workload, benchmark, latency, speed, improvement, accuracy, achieve, tuning, bottleneck, better, high, optimize, effectiveness, low, enhances, reducing, incresaed, quality, faster, or degrades",0.32894736842105265,0.46296296296296297,0.3846153846153846,54.0
"usability, security, operational, look & feel, legal, fault & tolerance, maintainability, scalability, availability, or portability",0.9013605442176871,0.8386075949367089,0.8688524590163935,316.0
accuracy,0.7837837837837838,0.7837837837837838,0.7837837837837838,0.7837837837837838
macro avg,0.6151539563193699,0.650785278949836,0.626733921815889,370.0
weighted avg,0.8178191618041241,0.7837837837837838,0.7981800211308409,370.0
