Requirement text,Gold label,Predicated label,ZSL score
The system shall refresh the display every 60 seconds.,periodic execution or efficacy performance,periodic execution or efficacy performance,0.3113449811935425
The application shall match the color of the schema set forth by Department of Homeland Security,not about periodic execution or efficacy performance,not about periodic execution or efficacy performance,0.19035130739212036
 If projected  the data must be readable.  On a 10x10 projection screen  90% of viewers must be able to read Event / Activity data from a viewing distance of 30,not about periodic execution or efficacy performance,not about periodic execution or efficacy performance,0.07930156588554382
 The product shall be available during normal business hours. As long as the user has access to the client PC  the system will be available 99% of the time during the first six months of operation.,not about periodic execution or efficacy performance,periodic execution or efficacy performance,0.1364031732082367
 If projected  the data must be understandable. On a 10x10 projection screen  90% of viewers must be able to determine that Events or Activities are occuring in current time from a viewing distance of 100,not about periodic execution or efficacy performance,not about periodic execution or efficacy performance,0.09855883568525314
The product shall ensure that it can only be accessed by authorized users.  The product will be able to distinguish between authorized and unauthorized users in all access attempts,not about periodic execution or efficacy performance,not about periodic execution or efficacy performance,0.10907163470983505
The product shall be intuitive and self-explanatory.  :  90% of new users shall be able to start the display of Events or Activities within 90 minutes of using the product.,not about periodic execution or efficacy performance,periodic execution or efficacy performance,0.2505618929862976
The product shall respond fast to keep up-to-date data in the display.,periodic execution or efficacy performance,not about periodic execution or efficacy performance,0.32796207070350647
The look and feel of the system shall conform to the user interface standards of the smart device.,not about periodic execution or efficacy performance,not about periodic execution or efficacy performance,0.06663021445274353
 The user interface shall have standard menus  buttons for navigation,not about periodic execution or efficacy performance,not about periodic execution or efficacy performance,0.046033825725317
The system shall have a professional appearance,not about periodic execution or efficacy performance,periodic execution or efficacy performance,0.2045368105173111
The product shall have a consistent color scheme and fonts.,not about periodic execution or efficacy performance,periodic execution or efficacy performance,0.17956788837909698
The system shall be used by realtors with no training.,not about periodic execution or efficacy performance,not about periodic execution or efficacy performance,0.14584414660930634
The system shall be intuitive and self explanatory.,not about periodic execution or efficacy performance,not about periodic execution or efficacy performance,0.23047253489494324
The product shall be easy for a realtor to learn.,not about periodic execution or efficacy performance,not about periodic execution or efficacy performance,0.13697083294391632
The product shall use symbols and words that are naturally understandable by the realtor community.,not about periodic execution or efficacy performance,not about periodic execution or efficacy performance,0.05509839951992035
The product shall produce search results in an acceptable time,periodic execution or efficacy performance,not about periodic execution or efficacy performance,0.3300290107727051
The search results shall be returned no later 30      seconds  after the user has entered the search criteria,periodic execution or efficacy performance,periodic execution or efficacy performance,0.18489816784858704
The product shall generate a CMA report in an acceptable time.,periodic execution or efficacy performance,periodic execution or efficacy performance,0.27683693170547485
The CMA report shall be returned no later 60 seconds after the user has entered the CMA report criteria.,periodic execution or efficacy performance,periodic execution or efficacy performance,0.16856133937835693
The product shall synchronize contacts and appointments in an acceptable time.,periodic execution or efficacy performance,periodic execution or efficacy performance,0.19869638979434967
The product shall synchronize with the office system every hour.,periodic execution or efficacy performance,periodic execution or efficacy performance,0.2836668789386749
 The product shall be available for use 24 hours per day  365 days  per year,not about periodic execution or efficacy performance,periodic execution or efficacy performance,0.3009077310562134
 Out of 1000 accesses to the system  the system is available 999 times.,not about periodic execution or efficacy performance,not about periodic execution or efficacy performance,0.21067111194133759
The product shall operate in offline mode whenever internet connection is unavailable.,not about periodic execution or efficacy performance,not about periodic execution or efficacy performance,0.11043038964271545
 The product shall allow the user to view previously downloaded search results  CMA reports  and appointments.,not about periodic execution or efficacy performance,not about periodic execution or efficacy performance,0.1406755894422531
The product shall retain user preferences in the event of a failure.,not about periodic execution or efficacy performance,not about periodic execution or efficacy performance,0.17920120060443878
100% of saved user preferences shall be restored when system comes back online.,not about periodic execution or efficacy performance,not about periodic execution or efficacy performance,0.025434168055653572
The product shall be able to support multiple remote users,not about periodic execution or efficacy performance,not about periodic execution or efficacy performance,0.12715856730937958
The product shall be able support 1000 simultaneous users.,not about periodic execution or efficacy performance,not about periodic execution or efficacy performance,0.2280053049325943
The product shall be capable of handling the existing 1000 users. This number is expected to grow 5 times within the next year.,not about periodic execution or efficacy performance,not about periodic execution or efficacy performance,0.24158434569835663
The product shall be installed by an untrained realtor   without recourse to separately-printed instructions.,not about periodic execution or efficacy performance,not about periodic execution or efficacy performance,0.20633912086486816
90% of untrained realtors shall be able to install the product on their device without printed instructions,not about periodic execution or efficacy performance,not about periodic execution or efficacy performance,0.18199925124645233
The product is expected to run on Windows CE and Palm operating systems.,not about periodic execution or efficacy performance,not about periodic execution or efficacy performance,0.1349799484014511
Only registered realtors shall be able to access the system.,not about periodic execution or efficacy performance,not about periodic execution or efficacy performance,-0.019928516820073128
Every user of the system shall be authenticated and authorized.,not about periodic execution or efficacy performance,periodic execution or efficacy performance,0.08993379771709442
The product shall prevent its data from incorrect data being introduced.,not about periodic execution or efficacy performance,not about periodic execution or efficacy performance,0.2254047989845276
The system shall be easy to use by the Program Administrators/Nursing Staff Members.,not about periodic execution or efficacy performance,not about periodic execution or efficacy performance,0.27403050661087036
All of the users shall be able to use the system after one day of training.,not about periodic execution or efficacy performance,periodic execution or efficacy performance,0.20123514533042908
The system shall help the user avoid making mistakes while scheduling classes and clinicals for the nursing students.,not about periodic execution or efficacy performance,not about periodic execution or efficacy performance,0.25119251012802124
The number of mistakes noted by the students shall be decreased by 50% in the first year.,not about periodic execution or efficacy performance,periodic execution or efficacy performance,0.12299761921167374
The system shall be intuitive to the Program Administrators/Nursing Staff Members.,not about periodic execution or efficacy performance,not about periodic execution or efficacy performance,0.2907734215259552
2 out of 3 Program Administrators/Nursing Staff Members shall successfully be able to use the system to manage the scheduling of classes and clinicals.,not about periodic execution or efficacy performance,periodic execution or efficacy performance,0.2780022919178009
The system shall use symbols and words that are naturally understandable by the user community.,not about periodic execution or efficacy performance,not about periodic execution or efficacy performance,0.1048102155327797
The verbiage used within the system shall be consistent with Standard English and the terminology of the national Nursing Community.,not about periodic execution or efficacy performance,periodic execution or efficacy performance,0.192554771900177
Staff members shall be able to complete a set of tasks in a timely manner.,periodic execution or efficacy performance,periodic execution or efficacy performance,0.2859452962875366
The response time of general student management tasks shall take no longer than 5 seconds and the response time of schedule generation shall take no longer than 30 seconds.,periodic execution or efficacy performance,periodic execution or efficacy performance,0.2734985053539276
The system shall be available for use between the hours of 8am and 6pm.,not about periodic execution or efficacy performance,periodic execution or efficacy performance,0.1485815942287445
The system shall achieve 95% up time.,not about periodic execution or efficacy performance,not about periodic execution or efficacy performance,0.30099326372146606
system shall be able to handle all of the user requests/usage during business hours.,not about periodic execution or efficacy performance,periodic execution or efficacy performance,0.16080887615680695
The system shall cater to 10 simultaneous users from 9am to 5pm.,not about periodic execution or efficacy performance,periodic execution or efficacy performance,0.15763281285762787
The system shall be capable of processing 100% of nursing students and their classes for the next 10 years.,not about periodic execution or efficacy performance,periodic execution or efficacy performance,0.19467711448669434
The system shall be expected to manage the nursing program curriculum and class/clinical scheduling for a minimum of 5 years.,not about periodic execution or efficacy performance,periodic execution or efficacy performance,0.2117268443107605
The system shall able to operate within a business office environment typical of the Nursing Department at DePaul University.,not about periodic execution or efficacy performance,not about periodic execution or efficacy performance,0.1582011878490448
The system shall be used within the specifications defined by the computers used by the Program Administrators/Nursing Staff Members.,not about periodic execution or efficacy performance,not about periodic execution or efficacy performance,0.2346174567937851
The system shall operate within the Windows XP Professional operating system.,not about periodic execution or efficacy performance,not about periodic execution or efficacy performance,0.10183729976415634
The system shall interface with CampusConnect’s central server,not about periodic execution or efficacy performance,not about periodic execution or efficacy performance,0.15780861675739288
The system shall interface with the faculty central server.,not about periodic execution or efficacy performance,periodic execution or efficacy performance,0.20013442635536194
The system shall interface with the student master server.,not about periodic execution or efficacy performance,not about periodic execution or efficacy performance,0.11288926005363464
We must be able to interface with any HTML browser.,not about periodic execution or efficacy performance,not about periodic execution or efficacy performance,0.08412455022335052
Only authorized users shall have access to clinical site information.,not about periodic execution or efficacy performance,not about periodic execution or efficacy performance,0.09637327492237091
Program Administrators/Nursing Staff Members are the only people who shall have access to clinical site details.,not about periodic execution or efficacy performance,not about periodic execution or efficacy performance,0.13013434410095215
Only authorized users shall have access to students’ personal information.,not about periodic execution or efficacy performance,not about periodic execution or efficacy performance,0.030461780726909637
Dr Susan Poslusny and Dr Julie Donalek are the only people who shall have access to students’ personal information.,not about periodic execution or efficacy performance,not about periodic execution or efficacy performance,0.06344283372163773
Only authorized users shall have access to the portion of the system that interfaces with CampusConnect.,not about periodic execution or efficacy performance,not about periodic execution or efficacy performance,0.043931543827056885
Fit Criterion: Dr Susan Poslusny and Karen Sysol are the only people who shall have access to the final class section scheduling for the system that interfaces with CampusConnect.,not about periodic execution or efficacy performance,periodic execution or efficacy performance,0.1820545494556427
The system shall have basic data integrity checking to reduce the possibility of incorrect or invalid data being introduced.,not about periodic execution or efficacy performance,not about periodic execution or efficacy performance,0.16199491918087006
The system shall protect private information in accordance with the organization’s information policy.,not about periodic execution or efficacy performance,not about periodic execution or efficacy performance,0.14625248312950134
The system shall be built such that it is as secure as possible from malicious interference.,not about periodic execution or efficacy performance,not about periodic execution or efficacy performance,0.2164391726255417
The system shall use the organization’s standard virus protection software to help monitor threats to itself.,not about periodic execution or efficacy performance,not about periodic execution or efficacy performance,0.20106643438339233
The Disputes application shall comply with the corporate standards for user interface creation for internally and externally used applications.,not about periodic execution or efficacy performance,not about periodic execution or efficacy performance,0.12985742092132568
All screens created as part of the Disputes application must comply with corporate standards for interface creation.,not about periodic execution or efficacy performance,not about periodic execution or efficacy performance,0.0036260969936847687
The list of dispute cases that are displayed after a search is performed must be color coded for easy identification of dispute cases based upon the dispute case status.,not about periodic execution or efficacy performance,periodic execution or efficacy performance,0.0868978351354599
100% of the cardmember and merchant services representatives shall use the Disputes application regularly after a 2-day training course.,not about periodic execution or efficacy performance,periodic execution or efficacy performance,0.2676761746406555
100% of cardmember services representatives shall be able to successfully create a dispute case on the first encounter after completing the training course.,not about periodic execution or efficacy performance,periodic execution or efficacy performance,0.12846079468727112
100% of merchant services representatives shall be able to successfully perform a follow up action on a dispute case on the first encounter after completing the training course.,not about periodic execution or efficacy performance,periodic execution or efficacy performance,0.22253473103046417
The maximum wait time for a user navigating from one screen to another within the Disputes application shall be no more than 5 seconds.,periodic execution or efficacy performance,periodic execution or efficacy performance,0.1673109531402588
The Disputes application shall support 350 concurrent users without any degradation of performance in the application.,periodic execution or efficacy performance,not about periodic execution or efficacy performance,0.27900734543800354
 The Disputes application shall be available 24x7x365  with the exception of the following scheduled maintenance windows.  Monday – Saturday 3:00am to 4:00am EST Sunday 1:00amd to 5:00am EST,not about periodic execution or efficacy performance,periodic execution or efficacy performance,0.26035118103027344
The Disputes application shall interface with the Statement Database. The Statement Database provides the transaction details to the Disputes System. All transaction details must be obtained from the Statement Database,not about periodic execution or efficacy performance,not about periodic execution or efficacy performance,0.09633096307516098
The Disputes application shall interface with the Cardmember Information Database.  The Cardmember Information Database provides detailed information with regard to a cardmember.  All cardmember detail information must be obtained from the Cardmember Information Database.,not about periodic execution or efficacy performance,not about periodic execution or efficacy performance,0.07470841705799103
The Disputes applications shall interface with the Merchant Information Database.  The Merchant Information Database provides detailed information with regard to the merchant. All merchant detail information shall be obtained from the Merchant Information Database.,not about periodic execution or efficacy performance,not about periodic execution or efficacy performance,0.03729603812098503
The Disputes application shall interface with the Letters application.  This will allow the Disputes application to request letters as part of the dispute initiation and dispute follow up process. All letter requests must be sent to the Print Letter Utility application.,not about periodic execution or efficacy performance,periodic execution or efficacy performance,0.09999068826436996
The Disputes application shall interface with the Cardmember Posting and Billing System.  This will allow the Disputes application to request adjustments to cardmember and merchant’s accounts. All adjustment requests must be sent to the Cardmember Posting and Billing System.,not about periodic execution or efficacy performance,periodic execution or efficacy performance,0.09120602905750275
The Disputes application shall ensure that only users with the appropriate access level are allowed to initiate dispute requests.,not about periodic execution or efficacy performance,not about periodic execution or efficacy performance,0.06074189022183418
Only users with Update access must be able to initiate dispute requests.,not about periodic execution or efficacy performance,not about periodic execution or efficacy performance,0.0915432721376419
The Disputes application shall ensure that only authorized users are allowed to logon to the application.,not about periodic execution or efficacy performance,not about periodic execution or efficacy performance,0.04563094303011894
 All authorized users  once authenticated must be able to logon to the Disputes System,not about periodic execution or efficacy performance,periodic execution or efficacy performance,0.08092641830444336
The Disputes System shall generate a User Report that details any new users that have been added and any changes to an existing user’s access level.  The report will be reviewed for auditing purposes.,not about periodic execution or efficacy performance,periodic execution or efficacy performance,0.08854873478412628
All additions of new users and modifications to user’s access shall be recorded on the User Report.,not about periodic execution or efficacy performance,not about periodic execution or efficacy performance,0.005076723173260689
 If a user account is revoked  it can only be re-instantiated by the System Administrator.,not about periodic execution or efficacy performance,not about periodic execution or efficacy performance,0.04764711111783981
Only the System Administrator shall be able to reset a revoked user logon account,not about periodic execution or efficacy performance,not about periodic execution or efficacy performance,0.06100787967443466
The Disputes application shall manipulate and view business data. Users will not have direct access to data files or databases.,not about periodic execution or efficacy performance,not about periodic execution or efficacy performance,0.12693996727466583
All updates to data files or database must be initiated from the Disputes System.,not about periodic execution or efficacy performance,not about periodic execution or efficacy performance,0.03417138010263443
The Disputes application must conform to the legal requirements as specified by the Merchant Operating Regulations.,not about periodic execution or efficacy performance,periodic execution or efficacy performance,0.03139064088463783
All business rules specified in the Disputes System shall be in compliance with the Merchant Operating Regulations.,not about periodic execution or efficacy performance,not about periodic execution or efficacy performance,0.017055923119187355
The Disputes application must conform to the legal requirements as specified by Regulation E and Regulation Z that govern credit card disputes processing.,not about periodic execution or efficacy performance,not about periodic execution or efficacy performance,0.060091327875852585
All business rules specified in the Disputes System shall be in compliance to the guidelines of Regulation E and Regulation Z.,not about periodic execution or efficacy performance,not about periodic execution or efficacy performance,0.03762969374656677
The Disputes application must maintain a detailed history of every action that a user takes on a dispute case.  This ensures a complete audit trail if questions arise later on with regard to a particular dispute case.,not about periodic execution or efficacy performance,periodic execution or efficacy performance,0.1590338498353958
All actions that modify an existing dispute case must be recorded in the case history.,not about periodic execution or efficacy performance,not about periodic execution or efficacy performance,0.036021217703819275
The product must support Internet Explorer 5.5 and above.,not about periodic execution or efficacy performance,not about periodic execution or efficacy performance,-0.006232365034520626
The product must support Mozilla Firefox 1.0 and above.,not about periodic execution or efficacy performance,not about periodic execution or efficacy performance,0.02324705757200718
The product shall interface with the Choice Parts System.  This provides the feed of recycled parts data.,not about periodic execution or efficacy performance,not about periodic execution or efficacy performance,0.10165712237358093
The product shall run on the existing hardware for all environments.,not about periodic execution or efficacy performance,not about periodic execution or efficacy performance,0.20235562324523926
The product shall adhere to the corporate Architecture guidelines,not about periodic execution or efficacy performance,not about periodic execution or efficacy performance,0.1768345683813095
The product shall comply with corporate User Interface Guidelines,not about periodic execution or efficacy performance,not about periodic execution or efficacy performance,0.19271516799926758
The product shall comply with corporate color scheme,not about periodic execution or efficacy performance,not about periodic execution or efficacy performance,0.14984731376171112
The appearance of the product shall appear professional,not about periodic execution or efficacy performance,periodic execution or efficacy performance,0.2296869456768036
The product shall be easy to use by Adjusters and Collision Estimators.  95% of Adjusters and Collision Estimators shall find the product easy to use.,not about periodic execution or efficacy performance,not about periodic execution or efficacy performance,0.13469766080379486
The product shall increase productivity of Collision Estimators. 80% of the Collision Estimators shall agree their productivity has increase within 1 month of using the product.,not about periodic execution or efficacy performance,periodic execution or efficacy performance,0.2906174957752228
Users shall feel satisfied using the product.  85% of all users will be satisfied with the product.,not about periodic execution or efficacy performance,not about periodic execution or efficacy performance,0.13891571760177612
The product shall be easy to learn by Adjusters and Collision Estimators.  The product shall be learned with two days onsite training,not about periodic execution or efficacy performance,not about periodic execution or efficacy performance,0.25052687525749207
The user shall easily locate instructions while using the product.  User help can be found within 90% of the system.,not about periodic execution or efficacy performance,not about periodic execution or efficacy performance,0.16068246960639954
The search for recycled parts shall take no longer than 15 seconds.  The search results shall be returned in under 15 seconds.,periodic execution or efficacy performance,not about periodic execution or efficacy performance,0.1842150241136551
The search for the preferred repair facility shall take no longer than 8 seconds.  The preferred repair facility is returned within 8 seconds,periodic execution or efficacy performance,periodic execution or efficacy performance,0.25558802485466003
The recycled parts audit report shall be returned to the user within 10 seconds.  The audit report shall be returned within 10 seconds.,periodic execution or efficacy performance,periodic execution or efficacy performance,0.126600444316864
The preferred repair facility ratings shall be saved within 5 seconds. The save shall occur within 5 seconds.,periodic execution or efficacy performance,periodic execution or efficacy performance,0.23460038006305695
The product shall adhere to the corporate online availability schedule.  The application is brought down only within 98% of the scheduled outages per the availability schedule.,not about periodic execution or efficacy performance,periodic execution or efficacy performance,0.3266984522342682
The product shall achieve a 98% uptime. The product shall not fail more than 2% of the available online time.,not about periodic execution or efficacy performance,periodic execution or efficacy performance,0.3085457384586334
The product shall be able to handle up to 1500 simultaneous users. The system shall perform with 1500 users as a time.,not about periodic execution or efficacy performance,periodic execution or efficacy performance,0.24636320769786835
 The average number of recycled parts records per day shall be 50 000.,not about periodic execution or efficacy performance,periodic execution or efficacy performance,0.12554632127285004
 The product shall be able to handle 10 000 concurrent users within 2 years of the initial launch.,not about periodic execution or efficacy performance,periodic execution or efficacy performance,0.23580242693424225
 For estimators  the product shall be able to be operated in a repair facility during dirty and noisy conditions.,not about periodic execution or efficacy performance,not about periodic execution or efficacy performance,0.2615955173969269
The product shall interface with the ChoiceParts system once per day at approximately 1:00 AM.,not about periodic execution or efficacy performance,periodic execution or efficacy performance,0.28983670473098755
The maintenance of the product will fall within the established corporate maintenance windows.,not about periodic execution or efficacy performance,not about periodic execution or efficacy performance,0.1853131800889969
The product shall be supported using the corporate support center.,not about periodic execution or efficacy performance,not about periodic execution or efficacy performance,0.15995588898658752
Product installations and upgrades shall be handled by the middleware technology team within established launch time frames.,not about periodic execution or efficacy performance,not about periodic execution or efficacy performance,0.24253344535827637
Only adjusters can request recycled parts audit reports. No users without an adjuster role shall request recycled parts audits.,not about periodic execution or efficacy performance,not about periodic execution or efficacy performance,0.023577529937028885
Only adjusters with a supervisor role can update preferred repair facility ratings. Users without the supervisor role cannot access the repair facility ratings.,not about periodic execution or efficacy performance,not about periodic execution or efficacy performance,0.06424348801374435
Only collision estimators shall search for recycled parts.  Users without the collision estimator role shall not have access to the search for recycled parts.,not about periodic execution or efficacy performance,not about periodic execution or efficacy performance,0.1020691767334938
Only valid data shall be entered into the system.  No invalid data shall be entered into the system.,not about periodic execution or efficacy performance,not about periodic execution or efficacy performance,0.1460791826248169
One insurance company shall not be able to view another insurance companys claim data.,not about periodic execution or efficacy performance,not about periodic execution or efficacy performance,0.08618400990962982
The product shall free of computer viruses.,not about periodic execution or efficacy performance,not about periodic execution or efficacy performance,0.18320795893669128
The system shall prevent malicious attacks including denial of service.,not about periodic execution or efficacy performance,not about periodic execution or efficacy performance,0.27287113666534424
The product must comply with Sarbanes-Oxley.,not about periodic execution or efficacy performance,not about periodic execution or efficacy performance,0.21016275882720947
The product shall comply with the estimatics laws relating to recycled parts usage.,not about periodic execution or efficacy performance,not about periodic execution or efficacy performance,0.10938495397567749
The product shall comply with insurance regulations regarding claims processing.,not about periodic execution or efficacy performance,not about periodic execution or efficacy performance,0.21469368040561676
 The product must work with most database management systems (DBMS) on the market  whether the DBMS is colocated with the product on the same machine or is located on a different machine on the computer network.,not about periodic execution or efficacy performance,not about periodic execution or efficacy performance,0.1272510290145874
The product will function alongside server software on any operating system where the Java runtime can be installed.,not about periodic execution or efficacy performance,not about periodic execution or efficacy performance,0.13833999633789062
The product will require collaboration with a database management system (DBMS).  The DBMS may be located on the same machine as the product or on a separate machine residing on the same computer network.,not about periodic execution or efficacy performance,not about periodic execution or efficacy performance,0.11238864809274673
 The product must make use of web/application server technology.  Open source examples include Apache web server  Tomcat  and the JBoss application server.,not about periodic execution or efficacy performance,not about periodic execution or efficacy performance,0.07835640013217926
 A database management system such as Oracle  DB2  MySql or HSQL will need to be integrated with the product.,not about periodic execution or efficacy performance,not about periodic execution or efficacy performance,0.09804176539182663
 The product’s Look and Feel shall be able to incorporate aspects of the customer’s organization such as logo  branding  and identity,not about periodic execution or efficacy performance,not about periodic execution or efficacy performance,0.09656143188476562
The product shall have a conservative and professional appearance.,not about periodic execution or efficacy performance,not about periodic execution or efficacy performance,0.19185249507427216
The product shall make the users want to use it. 80% of the users surveyed report they are regularly using the product after the first 2 weeks post-launch.,not about periodic execution or efficacy performance,periodic execution or efficacy performance,0.2700614929199219
The product shall be easy to use. 90% of users will be able to successfully reserve a conference room within 5 minutes of product use.,not about periodic execution or efficacy performance,not about periodic execution or efficacy performance,0.18886739015579224
The product shall give users feedback when necessary. 80% of the users surveyed report that the product accurately confirms their actions.,not about periodic execution or efficacy performance,periodic execution or efficacy performance,0.23480558395385742
The product shall allow the user to select a chosen language from one of the target market countries.,not about periodic execution or efficacy performance,not about periodic execution or efficacy performance,0.06875939667224884
The product shall allow for customization of start page and views preferences.,not about periodic execution or efficacy performance,not about periodic execution or efficacy performance,0.05505913868546486
 An employee will be able to successfully use the product within a few minutes.  After informally navigating the product for less than 15 minutes  users shall be able to successfully setup meetings and reserve conference rooms.,not about periodic execution or efficacy performance,periodic execution or efficacy performance,0.22189724445343018
The product shall use a standard navigation menu familiar to most web users.,not about periodic execution or efficacy performance,not about periodic execution or efficacy performance,0.0508246049284935
The product shall allow for intuitive searching of available conference rooms.,not about periodic execution or efficacy performance,not about periodic execution or efficacy performance,0.09440093487501144
The product shall conform to the Americans with Disabilities Act.,not about periodic execution or efficacy performance,not about periodic execution or efficacy performance,0.11240964382886887
The response shall be fast enough to avoid interrupting the user’s flow of thought.  90% of tasks shall complete within 5 seconds.  98% of tasks shall complete within 8 seconds.,periodic execution or efficacy performance,periodic execution or efficacy performance,0.2672662138938904
 Aside from server failure  the software product shall achieve 99.99% up time.,not about periodic execution or efficacy performance,not about periodic execution or efficacy performance,0.3271768093109131
The product shall create an exception log of problems encountered within the product for transmission to our company for analysis and resolution.,not about periodic execution or efficacy performance,not about periodic execution or efficacy performance,0.15714110434055328
 The product shall be capable of handling up to 1 000 concurrent requests.  This number will increase to 2 000 by Release 2.  The concurrency capacity must be able to handle peak scheduling times such as early morning and late afternoon hours.,not about periodic execution or efficacy performance,periodic execution or efficacy performance,0.23079201579093933
 The product shall be able to process 10 000 transactions per hour within two years of its launch.  This number will increase to 20 000 by Release 2.,not about periodic execution or efficacy performance,periodic execution or efficacy performance,0.23493331670761108
The product shall be expected to operate for at least 5 years for each customer installation.,not about periodic execution or efficacy performance,periodic execution or efficacy performance,0.24081581830978394
The product shall be used in office environments.,not about periodic execution or efficacy performance,not about periodic execution or efficacy performance,0.23182064294815063
The product must be able to interface with any HTML browser.  The product shall transmit data between the user and the product without problems. The product shall display HTML properly in 80% of all HTML browsers tested (minimum is to test 8 browsers).,not about periodic execution or efficacy performance,not about periodic execution or efficacy performance,0.08469764143228531
The product must be able to interface with various database management systems. The product shall communicate successfully with the database management system on 100% of all transactions.,not about periodic execution or efficacy performance,not about periodic execution or efficacy performance,0.16053155064582825
The product must be able to interface with various email servers. The product shall be able to send email.,not about periodic execution or efficacy performance,not about periodic execution or efficacy performance,0.10669727623462677
The product shall be available for distribution via the Internet as a binary or ZIP file.,not about periodic execution or efficacy performance,not about periodic execution or efficacy performance,0.1010289341211319
The product shall be available for distribution as a packaged CD.,not about periodic execution or efficacy performance,not about periodic execution or efficacy performance,0.1499156355857849
 The product will be available for licensing as a one-server  two-five servers  or five-or-more servers license.,not about periodic execution or efficacy performance,not about periodic execution or efficacy performance,0.11135756224393845
A new user must be able to be added to the system within 10 minutes.  90% of new users are able to log into the system within 10 minutes.,not about periodic execution or efficacy performance,periodic execution or efficacy performance,0.02850816398859024
The product must be designed using Design Patterns and coding best practices.  90% of maintenance software developers are able to integrate new functionality into the product with 2 working days.,not about periodic execution or efficacy performance,periodic execution or efficacy performance,0.1846444308757782
The product must be highly configurable for use with various database management systems for the end users.  80% of end users are able to integrate new database management systems with the product without changing the product’s software code.,not about periodic execution or efficacy performance,not about periodic execution or efficacy performance,0.08532091975212097
Maintenance releases will be offered to customers once a year.  The releases shall take no longer than 5 minutes for 80% of the customer base to install.,not about periodic execution or efficacy performance,periodic execution or efficacy performance,0.23661774396896362
Every registered user will have access to the product’s support site via the Internet.  70% of registered users shall find a solution to their problem within 5 minutes of using the support site.,not about periodic execution or efficacy performance,not about periodic execution or efficacy performance,0.18574148416519165
The customer shall be able to easily integrate new building maps with the product throughout the product’s lifecycle.  Integration of new maps with the product shall be possible with little to no support from product support staff.,not about periodic execution or efficacy performance,not about periodic execution or efficacy performance,0.04191402345895767
 The product shall be translated into foreign languages other than the target market countries’ languages in future releases.  For each emerging target market  it shall take no more than 5 days to configure the product for that market’s language.,not about periodic execution or efficacy performance,not about periodic execution or efficacy performance,0.04917260259389877
 The product is expected to integrate with multiple database management systems.  The product will operate with Oracle  SQL Server  DB2  MySQL  HSQL  and MS Access.,not about periodic execution or efficacy performance,not about periodic execution or efficacy performance,0.13139872252941132
The product shall be able to be installed in any operating environment within 2 days.,not about periodic execution or efficacy performance,not about periodic execution or efficacy performance,0.17739371955394745
The product shall ensure that only company employees or external users with company-approved user IDs may have product access.  100% of all logons shall be by either company employees or external users with company-approved user IDs.,not about periodic execution or efficacy performance,not about periodic execution or efficacy performance,0.06547997891902924
Only managers are able to perform search queries for reservations by user.  100% of all search queries for reservations by user shall be from logons of only management logons.,not about periodic execution or efficacy performance,not about periodic execution or efficacy performance,0.10287701338529587
The product shall ensure that the database’s data corresponds to the data entered by the user.  Each conference room reservation in the system will contain the same information as was entered by the user.,not about periodic execution or efficacy performance,not about periodic execution or efficacy performance,0.1518598347902298
The product shall prevent the input of malicious data.  The product and/or adjacent hardware/software systems’ data shall remain 100% uncorrupted each time malicious data is input into the product.,not about periodic execution or efficacy performance,not about periodic execution or efficacy performance,0.2510611414909363
The product and/or dependent databases/filesystems shall remain operational as a result of the input of malicious data.  The product and/or dependent databases/filesystems shall not crash 100% of the time that malicious data is input into the product.,not about periodic execution or efficacy performance,not about periodic execution or efficacy performance,0.2218031883239746
The product shall have the ability to receive automatic software updates as new threats emerge.  100% of customers will be able to receive automatic software updates transmitted to the installed product.,not about periodic execution or efficacy performance,not about periodic execution or efficacy performance,0.17328277230262756
The language of the product shall accommodate all of the target market countries. 90% of survey respondents from each target market country will find that the language of the product is acceptable.,not about periodic execution or efficacy performance,not about periodic execution or efficacy performance,0.07572668790817261
The product shall be able to display calendar dates and times according to the user’s locale.  90% of survey respondents from each target market country will find that the date and time formatting of the product is correct.,not about periodic execution or efficacy performance,periodic execution or efficacy performance,0.14739882946014404
The product must be developed with the J2SE/J2EE programming language libraries,not about periodic execution or efficacy performance,not about periodic execution or efficacy performance,0.1354515701532364
Recreation of Inventory Quantity Adjustment for the period of previous 30 days shall take no more than 30min.,periodic execution or efficacy performance,periodic execution or efficacy performance,0.22841651737689972
The System shall allow for a minimum of  6 users to work at the same time.,periodic execution or efficacy performance,periodic execution or efficacy performance,0.17742590606212616
The System shall utilize currently owned computer equipment.,not about periodic execution or efficacy performance,not about periodic execution or efficacy performance,0.16283130645751953
The System shall be able to automatically backup business data and restore them on demand.,not about periodic execution or efficacy performance,not about periodic execution or efficacy performance,0.10201150178909302
The System shall maintain consistent security.  Any changes in user passwords and/or permissions should take affect in all parts of the System.,not about periodic execution or efficacy performance,not about periodic execution or efficacy performance,0.10894365608692169
The System shall granularly control access rights to all major subsystems.  It should be possible to assign access rights to all subsystems independently.,not about periodic execution or efficacy performance,not about periodic execution or efficacy performance,0.026298116892576218
The System shall meet all applicable accounting standards.  The final version of the System must successfully pass independent audit performed by a certified auditor.,not about periodic execution or efficacy performance,periodic execution or efficacy performance,0.0674288272857666
The System shall not require additional third party licenses resulting in royalty fees.,not about periodic execution or efficacy performance,not about periodic execution or efficacy performance,0.02053990587592125
Administrator shall be able to activate a pre-paid card via the Administration section in under 5 seconds.,periodic execution or efficacy performance,periodic execution or efficacy performance,0.15110252797603607
 Customer shall be able to check the status of their prepaid card  by entering in the PIN number  in under 5 seconds.,periodic execution or efficacy performance,periodic execution or efficacy performance,0.14380496740341187
System shall let customers register on the website as a “pay as you go” user in under 5 minutes.,periodic execution or efficacy performance,periodic execution or efficacy performance,0.10966235399246216
System shall let customers register on the website as a “unlimited movie subscriber” user in under 10 minutes.,periodic execution or efficacy performance,periodic execution or efficacy performance,0.12061578780412674
System shall let existing customers log into the website with their email address and password in under 5 seconds.,periodic execution or efficacy performance,not about periodic execution or efficacy performance,0.13207368552684784
 System shall let customers cancel their account  process shall take no longer than 2 minutes.  Database will mark the account as inactive  and user will not be able to log into the website.,periodic execution or efficacy performance,periodic execution or efficacy performance,0.1714097261428833
System shall let administrator de-activate a customer account in under 1 minute. Customer will no longer be able to access the website.,periodic execution or efficacy performance,periodic execution or efficacy performance,0.1580614298582077
System shall let administrator add/remove movies on the website in under 5 minutes.  Entered movie information will be stored in the database and will now be available on the website.,periodic execution or efficacy performance,periodic execution or efficacy performance,0.06657588481903076
System shall let the administrator add/remove categories on the website in under 5 minutes.,periodic execution or efficacy performance,periodic execution or efficacy performance,0.11780185252428055
System shall let Izogn Manager access sales and usage statistics in under 2 minutes.,periodic execution or efficacy performance,not about periodic execution or efficacy performance,0.26452624797821045
System shall let administrators generate unique pre-paid pins in under 2 minutes and generate an Excel file with the generated PINs.,periodic execution or efficacy performance,not about periodic execution or efficacy performance,0.1425197720527649
The website shall be attractive to all audiences.  The website shall appear to be fun and the colors should be bright and vibrant.,not about periodic execution or efficacy performance,periodic execution or efficacy performance,0.18906717002391815
 The website should have an African feel  but should not alienate non-Africans.  The website should use animation on pages which are describing the services  to grab the users attention and encourage them to sign up.,not about periodic execution or efficacy performance,not about periodic execution or efficacy performance,0.07292480021715164
 The website design should be modern  clean  and concise.,not about periodic execution or efficacy performance,not about periodic execution or efficacy performance,0.1759624183177948
The product should be able to be used by 90% of novice users on the Internet.,not about periodic execution or efficacy performance,not about periodic execution or efficacy performance,0.17705906927585602
 Users should only have to navigate through a maximum of 4 pages  to create an account with the website.,not about periodic execution or efficacy performance,not about periodic execution or efficacy performance,0.034031376242637634
Users should be able to access their streaming movies in under 2 clicks after logging into the website.,not about periodic execution or efficacy performance,not about periodic execution or efficacy performance,0.07302016764879227
An anonymous survey will show that 70% of customers are comfortable purchasing streaming movies after 2 weeks using the website.,not about periodic execution or efficacy performance,periodic execution or efficacy performance,0.16443903744220734
An anonymous survey will show that 95% of customers are comfortable using and purchasing pre-paid cards after a month of using the system.,not about periodic execution or efficacy performance,periodic execution or efficacy performance,0.15756705403327942
The product shall retain the customer’s buying preferences and information.,not about periodic execution or efficacy performance,not about periodic execution or efficacy performance,0.1318589597940445
The product shall be easy for customers with novice skills on the  Internet to purchase and watch streaming movies.  Customers should be able to purchase and watch a pre-determined movie in under 3 minutes.,not about periodic execution or efficacy performance,periodic execution or efficacy performance,0.10334700345993042
The product shall use symbols and words that are naturally understandable by users familiar with websites,not about periodic execution or efficacy performance,not about periodic execution or efficacy performance,0.12490292638540268
The website will use standard Internet conventions when interacting with the user.,not about periodic execution or efficacy performance,not about periodic execution or efficacy performance,0.10804727673530579
 Any interface between a user and the automated system shall have a maximum response time of 5 seconds  unless noted by an exception below.,periodic execution or efficacy performance,not about periodic execution or efficacy performance,0.2093101143836975
 When purchasing a streaming movie or pre-paid card via credit card  the processing time should have a maximum response time of 15 seconds.,periodic execution or efficacy performance,periodic execution or efficacy performance,0.1058407723903656
 When streaming a movie  the buffering time should take no longer than 10 seconds (plus any latency on the user’s connection.),periodic execution or efficacy performance,not about periodic execution or efficacy performance,0.07646843791007996
 While streaming a movie  buffering should only occur if there is latency in the user’s connection.,periodic execution or efficacy performance,not about periodic execution or efficacy performance,0.1246417984366417
 All credit card information will be secured on the server  and only accessible by authorized Izogn administrators.  Information will be encrypted in the database.,not about periodic execution or efficacy performance,not about periodic execution or efficacy performance,0.033455025404691696
 The website shall be available for use 24 hours per day  365 days per year.,not about periodic execution or efficacy performance,periodic execution or efficacy performance,0.24360543489456177
The website shall achieve 99.5% up time.,not about periodic execution or efficacy performance,not about periodic execution or efficacy performance,0.29479196667671204
 All movies shall be streamed on demand  at any time of the day.,not about periodic execution or efficacy performance,not about periodic execution or efficacy performance,0.037350572645664215
The website shall continue to operate if the streaming server goes down.,not about periodic execution or efficacy performance,periodic execution or efficacy performance,0.15588487684726715
The website shall continue to operate if the payment gateway goes down.,not about periodic execution or efficacy performance,periodic execution or efficacy performance,0.17514218389987946
The streaming server will support 50 simultaneous streaming connections.,not about periodic execution or efficacy performance,periodic execution or efficacy performance,0.08793431520462036
The streaming server will support a maximum of 700 movies  new servers can be added to support more movies.,not about periodic execution or efficacy performance,not about periodic execution or efficacy performance,0.05215989053249359
 The server will support a maximum of 1 000 simultaneous users.,not about periodic execution or efficacy performance,not about periodic execution or efficacy performance,0.14384399354457855
 The website shall be capable of supporting 100 000 customers.,not about periodic execution or efficacy performance,not about periodic execution or efficacy performance,0.1413108855485916
The product shall be expected to operate within the maximum maintenance budget for a minimum of 2 years.,not about periodic execution or efficacy performance,periodic execution or efficacy performance,0.20550759136676788
All aspects of the website shall be accessed by a web browser over the Internet.,not about periodic execution or efficacy performance,not about periodic execution or efficacy performance,0.05505234748125076
The same hardware supporting the current website will be used to support the new system.,not about periodic execution or efficacy performance,not about periodic execution or efficacy performance,0.09116284549236298
 We must be able to interface with the following browsers: IE 5.X  6.0  Netscape 6.x  7.x  8.x and Firefox 1.0.,not about periodic execution or efficacy performance,not about periodic execution or efficacy performance,0.06402692943811417
Website must interface with the CyberSource API to process credit card transactions.,not about periodic execution or efficacy performance,not about periodic execution or efficacy performance,0.1329096555709839
Website must be fully operational with MSN TV2.,not about periodic execution or efficacy performance,not about periodic execution or efficacy performance,0.1548595428466797
Movies shall be encoded and streamed via Windows Media Player 9.0.,not about periodic execution or efficacy performance,not about periodic execution or efficacy performance,-0.0061562033370137215
Movies shall be encoded for 56k and 256k streams.,not about periodic execution or efficacy performance,not about periodic execution or efficacy performance,0.1015542671084404
Promotional updates to the website should take a day to update.,not about periodic execution or efficacy performance,periodic execution or efficacy performance,0.2224634289741516
Izogn Administrator must be able to update the category listings on the website within 2 minutes.,periodic execution or efficacy performance,not about periodic execution or efficacy performance,0.14308756589889526
Izogn Administrator must be able to add new products to the website within 2 minutes.,periodic execution or efficacy performance,not about periodic execution or efficacy performance,0.15154214203357697
The system will provide a 24 hour 800 toll free number for support to its customers.,not about periodic execution or efficacy performance,periodic execution or efficacy performance,0.12933391332626343
The website will provide a help section with answers and solutions to common problems.,not about periodic execution or efficacy performance,not about periodic execution or efficacy performance,0.13296054303646088
 Velkat staff will be available for phone support between 7am-7pm  M-F to provide technical support to the Izogn administrators.,not about periodic execution or efficacy performance,not about periodic execution or efficacy performance,0.11300790309906006
The product shall be able to be installed in the specified environment within 1 working day.,not about periodic execution or efficacy performance,periodic execution or efficacy performance,0.19554173946380615
Only registered customers can purchase streaming movies.,not about periodic execution or efficacy performance,not about periodic execution or efficacy performance,-0.001486365683376789
 A customer can only stream a movie if they purchased it  and are within the 2 day viewing period.,not about periodic execution or efficacy performance,not about periodic execution or efficacy performance,0.09251801669597626
Only authorized personnel can access customer records in the database.,not about periodic execution or efficacy performance,not about periodic execution or efficacy performance,0.005426022224128246
Only administrators can activate a pre-paid card.,not about periodic execution or efficacy performance,not about periodic execution or efficacy performance,0.10569190233945847
Only authorized personnel can access sales information.,not about periodic execution or efficacy performance,not about periodic execution or efficacy performance,0.005797643214464188
The website shall prevent its data from being corrupted when incorrect data is entered in.,not about periodic execution or efficacy performance,not about periodic execution or efficacy performance,0.16668546199798584
 The website shall protect itself from intentional abuse  and notify the administrator at all occurrences.,not about periodic execution or efficacy performance,not about periodic execution or efficacy performance,0.15297941863536835
Data integrity scripts will be run on a weekly basis to verify the integrity of the database.,not about periodic execution or efficacy performance,periodic execution or efficacy performance,0.3180144429206848
 The website shall make its user aware of its information practices before collection data from them via a Privacy Policy  accessible on all pages of the website.,not about periodic execution or efficacy performance,not about periodic execution or efficacy performance,0.14201992750167847
The system shall notify customers of changes to its information policy.,not about periodic execution or efficacy performance,not about periodic execution or efficacy performance,0.140974223613739
The system shall reveal private information only in compliance with the organization’s information policy.,not about periodic execution or efficacy performance,not about periodic execution or efficacy performance,0.10676118731498718
 All customer information will be stored on a secure database  accessible only to authorized personnel.,not about periodic execution or efficacy performance,not about periodic execution or efficacy performance,0.017205234616994858
All credit card information will be encrypted in the database.,not about periodic execution or efficacy performance,not about periodic execution or efficacy performance,-0.004685455001890659
The streaming server will have anti-virus software to prevent infection of malicious viruses.,not about periodic execution or efficacy performance,not about periodic execution or efficacy performance,0.19641533493995667
The website should cater to all tribes in Nigeria.,not about periodic execution or efficacy performance,not about periodic execution or efficacy performance,0.09441583603620529
The website shall not be offensive to religious or ethnic groups.,not about periodic execution or efficacy performance,not about periodic execution or efficacy performance,0.08932574838399887
 The website should appeal to all Africans  not only Nigerians.,not about periodic execution or efficacy performance,not about periodic execution or efficacy performance,0.15107733011245728
The website should use Flash to provide animation on the home page.,not about periodic execution or efficacy performance,not about periodic execution or efficacy performance,0.11273736506700516
IzognMovies shall meet the licensing requirements set forth by the appropriate organizations in order to stream African movies.,not about periodic execution or efficacy performance,not about periodic execution or efficacy performance,-0.009654070250689983
The website will comply with W3C standards.,not about periodic execution or efficacy performance,not about periodic execution or efficacy performance,0.11246658861637115
The PHP code will comply with PEAR standards.,not about periodic execution or efficacy performance,not about periodic execution or efficacy performance,0.14399388432502747
Total lead cycle time must be completed in 5 minutes for 90% of lead volume between the business hours of 8AM CST to 8PM CST  then 3 minutes for 99% of lead volume during off business hours.,periodic execution or efficacy performance,periodic execution or efficacy performance,0.12890446186065674
No lead evaluation will complete in a time period longer than 25 seconds for 97% of all leads processed.,periodic execution or efficacy performance,not about periodic execution or efficacy performance,0.25834760069847107
For leads that process longer than 25 seconds the system will record the event and duration,periodic execution or efficacy performance,not about periodic execution or efficacy performance,0.27394625544548035
The process must fit within the processing time conditions set forth by the Auto Rep Assignment process in which a lead is assigned within 3 minutes of the total life cycle.,periodic execution or efficacy performance,periodic execution or efficacy performance,0.27337712049484253
The lead washing process will operate within the established physical web service structure.,not about periodic execution or efficacy performance,not about periodic execution or efficacy performance,0.16033484041690826
 The washing process must use a non binding  neutral data format  such as xml  when receiving and processing lead data.,not about periodic execution or efficacy performance,not about periodic execution or efficacy performance,0.10085594654083252
Defect reports will be available to technical units on a 24x7 basis.,not about periodic execution or efficacy performance,not about periodic execution or efficacy performance,0.17116622626781464
Washing parameters will be updated during scheduled maintenance hours.,not about periodic execution or efficacy performance,periodic execution or efficacy performance,0.21572431921958923
The product shall simulate the look of ships at sea.,not about periodic execution or efficacy performance,not about periodic execution or efficacy performance,0.08655394613742828
The product shall display the grids within a circle as a view from a periscope.,not about periodic execution or efficacy performance,not about periodic execution or efficacy performance,0.10802525281906128
The product shall display each type of ship in a grid using an image of the specific type of ship.,not about periodic execution or efficacy performance,not about periodic execution or efficacy performance,0.07862647622823715
 When the offensive player takes a shot  the product shall simulate the sound of a ship at sea.,not about periodic execution or efficacy performance,not about periodic execution or efficacy performance,0.1869133710861206
 When a shot is marked as a miss  the product shall simulate the sound of a shot missing its target.,not about periodic execution or efficacy performance,not about periodic execution or efficacy performance,0.17836609482765198
 When a shot is marked as a hit  the product shall simulate the sound of a shot hitting its target.,not about periodic execution or efficacy performance,not about periodic execution or efficacy performance,0.1862994134426117
 When a ship is sunk  the product shall simulate the sound of a sinking ship.,not about periodic execution or efficacy performance,not about periodic execution or efficacy performance,0.15293240547180176
 The product shall be available 24 hours per day  seven days per week.,not about periodic execution or efficacy performance,periodic execution or efficacy performance,0.3036808669567108
The product shall able to handle a large number of games simultaneously.,periodic execution or efficacy performance,not about periodic execution or efficacy performance,0.29603394865989685
The response time shall be fast enough to maintain the flow of the game.  The response time shall be no more than 2 seconds for 95% of responses and no more than 4% for the remaining responses.,periodic execution or efficacy performance,periodic execution or efficacy performance,0.25025686621665955
The product shall protect the identity of the players. The product shall provide players no access to information that might reveal the identity of another player.,periodic execution or efficacy performance,not about periodic execution or efficacy performance,0.12353632599115372
The product shall be intuitive and self-explanatory.  Nine out ten users shall be able to successfully complete a game with no training.,not about periodic execution or efficacy performance,not about periodic execution or efficacy performance,0.2839711010456085
 The product shall be available to players who understand English  Spanish and French.  The product shall allow the user to select the language upon accessing the product.,not about periodic execution or efficacy performance,not about periodic execution or efficacy performance,0.0739092081785202
The product shall provide players no access to information that might reveal the identity of another player,not about periodic execution or efficacy performance,not about periodic execution or efficacy performance,0.126408651471138
The response time shall be fast enough to maintain the flow of the game. The response time shall be no more than 2 seconds for 95% of responses and no more than 4% for the remaining responses.,periodic execution or efficacy performance,periodic execution or efficacy performance,0.25025686621665955
The system shall be easy to use by callers and supervisors. Callers and supervisors must be able to accomplish any system task within 2 minutes.,not about periodic execution or efficacy performance,not about periodic execution or efficacy performance,0.2589088976383209
The system shall be easy to learn by callers and supervisors. Callers and supervisors shall learn how to use the system within 10 minutes.,not about periodic execution or efficacy performance,not about periodic execution or efficacy performance,0.22214457392692566
 The system shall be responsive. At the DePaul TeleServices Center  when a supervisor uses the system to view a callers schedule  the system response time must be no more than 2 seconds 90% of the time and no more than 5 seconds the rest of the time.,periodic execution or efficacy performance,periodic execution or efficacy performance,0.2202765792608261
 On a 56k connection  the system response time for all operations must be no more than 6 seconds 90% of the time.,periodic execution or efficacy performance,not about periodic execution or efficacy performance,0.22212961316108704
 On a 112k connection or faster  the system response time for all operations must be no more than 3 seconds 90% of the time.,periodic execution or efficacy performance,not about periodic execution or efficacy performance,0.22264496982097626
The system shall have high availability every day of the year.The system must be available for use between 12:00AM and 6:00PM all days of the year.,not about periodic execution or efficacy performance,periodic execution or efficacy performance,0.2521897256374359
The system must be available for use between 7:00AM and 11:59PM all days of the year.,not about periodic execution or efficacy performance,periodic execution or efficacy performance,0.15183530747890472
The product shall be internet browser independent.The product must run using Internet Explorer and Netscape Navigator.,not about periodic execution or efficacy performance,not about periodic execution or efficacy performance,0.10662779211997986
The product shall ensure that only supervisors can advertise empty time slots.The product must ensure that supervisors are allowed to access advertise empty time slots.,not about periodic execution or efficacy performance,periodic execution or efficacy performance,0.16422440111637115
The product shall ensure that only supervisors can enter a caller’s schedule.The product must ensure that supervisors are allowed to access advertise empty time slots.,not about periodic execution or efficacy performance,periodic execution or efficacy performance,0.2188085913658142
The product shall ensure that only supervisors can view schedule of all callers.The product must ensure that supervisors are allowed to access advertise empty time slots.,not about periodic execution or efficacy performance,periodic execution or efficacy performance,0.21474602818489075
 The interface shall have a simple look. In the interface and usability survey  90% of beta testers must report that the interface is adequately simple.,not about periodic execution or efficacy performance,not about periodic execution or efficacy performance,0.1528043895959854
 The interface shall be appealing to callers and supervisors. In the interface and usability survey  80% of beta testers must report that the interface is appealing.,not about periodic execution or efficacy performance,not about periodic execution or efficacy performance,0.21449391543865204
The product shall provide GUI based Monitoring Services.System Administrators shall monitor message exchanges will predict and determine problems and will also provide internal and external support.,not about periodic execution or efficacy performance,not about periodic execution or efficacy performance,0.19670629501342773
The product shall comply with City of Chicago Application Development Guide Framework.Application Development Framework will provide structured Graphical User Interface.,not about periodic execution or efficacy performance,not about periodic execution or efficacy performance,0.06350036710500717
The product shall provide Monitoring Services.The product shall be easy for System Administrators and DBAs to use after two weeks of usage.,not about periodic execution or efficacy performance,not about periodic execution or efficacy performance,0.32689571380615234
The product shall provide Error Tracking Services.The product shall help the System Administrators and DBAs to resolve transaction errors 99% of the time.,not about periodic execution or efficacy performance,not about periodic execution or efficacy performance,0.20007315278053284
The product shall provide Portals.The product shall help System Administrators to analyze the transactions with ad-hoc reporting and KPIs (Key Performance Indicators),not about periodic execution or efficacy performance,not about periodic execution or efficacy performance,0.3013044595718384
The product shall provide Asynchronous Messaging.The product shall provide asynchronous messaging to enable parallel processing and reduce the overhead in communications,periodic execution or efficacy performance,not about periodic execution or efficacy performance,0.2755623459815979
The product shall provide Multi-threading and Load Balancing.The product shall provide multi-threading technology as well as load balancing to overcome data load spikes and traffic.,periodic execution or efficacy performance,periodic execution or efficacy performance,0.20289838314056396
The product shall process messages within 2 seconds.The product shall have a maximum message processing time of 2 seconds,periodic execution or efficacy performance,not about periodic execution or efficacy performance,0.2491225302219391
The product shall poll the system for messages every second.The product shall poll the system for new messages at a maximum of every 1 second.,periodic execution or efficacy performance,periodic execution or efficacy performance,0.3051259219646454
The product shall provide Dynamic Change Support and Transparent resource addition.The product shall support Transparent Resource addition and Dynamic Change support to provide scalability and avoid service interruptions of more than 1 day.,periodic execution or efficacy performance,periodic execution or efficacy performance,0.24886031448841095
The product shall be available 99% of the time. Rationale: To avoid service interruption during busiest customer service response periods. The product shall be available 99.99% of the time for regular business days.,not about periodic execution or efficacy performance,periodic execution or efficacy performance,0.2305872142314911
The product shall be robust.The product shall have fault avoidance based on standards adoption.,not about periodic execution or efficacy performance,not about periodic execution or efficacy performance,0.22159691154956818
The product shall be robust with fault tolerance.The product shall have fault tolerance by using recovery technique compensatory transaction and routing around failures.,not about periodic execution or efficacy performance,periodic execution or efficacy performance,0.2113744616508484
The product shall be able to process all transactions.The product shall process minimum of 1 million transactions per year.,not about periodic execution or efficacy performance,not about periodic execution or efficacy performance,0.236650750041008
The product shall be platform independent.The product shall enable access to any type of development environment and platform.,not about periodic execution or efficacy performance,not about periodic execution or efficacy performance,0.13094839453697205
The product shall interface CSR and Datastream.The product shall exchange messages between CSR and EAM on a real time basis without any direct interfaces between two systems.,not about periodic execution or efficacy performance,not about periodic execution or efficacy performance,0.1534889042377472
 : The product shall continue to operate during upgrade  change or new resource addition.The product shall be able to continue to operate with no interruption in service due to new resource additions.,not about periodic execution or efficacy performance,periodic execution or efficacy performance,0.16780075430870056
The product shall be updated on a regular basis.The product will have a new major feature introduced every six months and quarterly maintenance releases every six months.,not about periodic execution or efficacy performance,periodic execution or efficacy performance,0.3242920935153961
The product shall operate with every platform.The product shall accommodate any new technology without any change in its architecture.,not about periodic execution or efficacy performance,not about periodic execution or efficacy performance,0.1561838537454605
 The product shall have security.The product shall provide authentication  and authorization.,not about periodic execution or efficacy performance,not about periodic execution or efficacy performance,0.13068921864032745
The product shall information Security. The product shall enable privacy by encryption WS-Security and Integrity Checking.,not about periodic execution or efficacy performance,not about periodic execution or efficacy performance,0.17062093317508698
The product shall have audit capabilities.The product shall store messages for a minimum of one year for audit and transaction tracking purposes.,not about periodic execution or efficacy performance,not about periodic execution or efficacy performance,0.13650603592395782
The system shall use IBM and CCR branding standards. The interface must have one IBM logo and one CCR logo.,not about periodic execution or efficacy performance,not about periodic execution or efficacy performance,0.06722742319107056
The system shall be displayable on any work computer a CCR user may have. The system interface shall be formatted to display at 800 by 600 pixel resolution.,not about periodic execution or efficacy performance,not about periodic execution or efficacy performance,0.12634815275669098
The system interface will use CCR nomenclature. The system must use the same nomenclature used in the existing WCS system and reports,not about periodic execution or efficacy performance,not about periodic execution or efficacy performance,0.042102664709091187
The interface must summarize the data in a fashion that’s appealing to CCR management. Every report type must have at least one high level summary shown in the results dashboard/interface,not about periodic execution or efficacy performance,not about periodic execution or efficacy performance,0.04285366088151932
The system must use a point and click interface. 100% of all selection and navigation functionality must be able to be activated/selected by either a mouse or a keyboard,not about periodic execution or efficacy performance,not about periodic execution or efficacy performance,0.0692390501499176
The interface shall be easy to use. 90% of users should be able to successfully use the system to generate a report on their first use. The interface should adhere to IBM usability standards.,not about periodic execution or efficacy performance,not about periodic execution or efficacy performance,0.17672336101531982
Rreports must be easy to generate. eports must be generated within one button click and exported within one button click (after selecting the report),not about periodic execution or efficacy performance,not about periodic execution or efficacy performance,0.055948369204998016
A user shall be able to use the system without instruction after a short amount of time. After one use a user should understand and remember 90% of the system usage and navigation.,not about periodic execution or efficacy performance,not about periodic execution or efficacy performance,0.2595730125904083
All CCR users shall receive training before the WCS system is deployed. One training session will be held for 100% of CCR users before system deployment (based on a CCR user being available),not about periodic execution or efficacy performance,periodic execution or efficacy performance,0.14311712980270386
The WCS system shall use appropriate nomenclature and terminology as defined by the Corporate Community Grants organization. All interfaces and reports will undergo usability tests by CCR users.,not about periodic execution or efficacy performance,periodic execution or efficacy performance,0.12266683578491211
The WCS system shall be available at all times as long as IBM’s internal intranet W3 is accessible. The WCS system will be available 95% of the time IBM’s internal intranet W3 is available.,not about periodic execution or efficacy performance,periodic execution or efficacy performance,0.09379006922245026
The WCS system shall have the ability to connect other designated WCS databases currently not included in the system.,not about periodic execution or efficacy performance,not about periodic execution or efficacy performance,0.02708287723362446
The WCS system shall have the ability to include data for regions outside the United States and be accessed by users outside of the United States if approved by CCR management.,not about periodic execution or efficacy performance,not about periodic execution or efficacy performance,0.0035520100500434637
The WCS system shall be run in a Windows environment. The WCS shall be accessed by users through the Internet on an IBM computer running a Windows 2000 or above operating system.,not about periodic execution or efficacy performance,periodic execution or efficacy performance,0.030496466904878616
The Brio portion of the WCS system must be able to export files in spreadsheet form (Microsoft Excel and Lotus 1-2-3 formats).  Brio will provide buttons in the user interface that produce/export reports in .xls or .123 file formats.,not about periodic execution or efficacy performance,not about periodic execution or efficacy performance,-0.005875654984265566
The WCS system must run queries to the WCS databases once again (on a specified day) to update the available data available to CCR users. Queries must be made to external databases for data refresh once a week.,not about periodic execution or efficacy performance,periodic execution or efficacy performance,0.1839059442281723
 All changes  updates  and additions to the WCS system shall be updated in the WCS Developer and WCS User Guides. Every change must be reflected in WCS system documentation,not about periodic execution or efficacy performance,periodic execution or efficacy performance,-0.03049447014927864
The system shall only be accessed by authorized Corporate Community Grants (CCR) employees. Users must be authenticated using their IBM intranet user name and password.,not about periodic execution or efficacy performance,not about periodic execution or efficacy performance,0.08128140866756439
The WCS system shall not allow automatic logins by any user. Cookies containing WCS login information about a user will not be stored on a user’s computer.,not about periodic execution or efficacy performance,not about periodic execution or efficacy performance,0.01237676665186882
Each team owner will need to use a username and password in order to be authenticated to reach the team owner’s page,not about periodic execution or efficacy performance,not about periodic execution or efficacy performance,0.03156733512878418
The Commissioner will be the only authorized user per league to adjust league settings.,not about periodic execution or efficacy performance,not about periodic execution or efficacy performance,0.08453012257814407
Each page shall contain a navigation menu which shows the index into which the current page is contained.,not about periodic execution or efficacy performance,periodic execution or efficacy performance,0.03629184514284134
Each page shall contain a similar format with action items in one location and navigation buttons in a different location.,not about periodic execution or efficacy performance,not about periodic execution or efficacy performance,0.10520948469638824
The message board shall contain the 5 most recently posted messages on the league page. The messages will contain up to the first 150 characters of the message.,not about periodic execution or efficacy performance,not about periodic execution or efficacy performance,0.07465463876724243
;A new user shall be able to navigate through the league and team pages within 30 seconds of reaching the start-up page.,not about periodic execution or efficacy performance,not about periodic execution or efficacy performance,0.11946041882038116
Users shall be able to reach the ‘add’  ‘drop’  and ‘trade player’ pages with one click from the team owner’s page.,not about periodic execution or efficacy performance,not about periodic execution or efficacy performance,0.024044975638389587
;Users shall be able to view at least 25 NFL player statistics and points on each page.,not about periodic execution or efficacy performance,not about periodic execution or efficacy performance,0.1097380667924881
The application shall ask the user to confirm dropping a player or trading a player before performing the action.,not about periodic execution or efficacy performance,not about periodic execution or efficacy performance,0.13581161201000214
The application shall be able to complete every user transaction within one fourth of a second of receiving the request over the network.,periodic execution or efficacy performance,periodic execution or efficacy performance,0.26397705078125
The application shall have a downtime of at most 10 minutes per year.,not about periodic execution or efficacy performance,periodic execution or efficacy performance,0.27627623081207275
The application shall run on a web application server.,not about periodic execution or efficacy performance,not about periodic execution or efficacy performance,0.2154376208782196
A primary database will be used to store cached data for active users.,not about periodic execution or efficacy performance,periodic execution or efficacy performance,0.16794930398464203
A secondary database will be used to store historical statistics and data.,not about periodic execution or efficacy performance,not about periodic execution or efficacy performance,0.17380142211914062
Application updates shall occur between 3AM and 6 AM CST on Wednesday morning during the middle of the NFL season.,not about periodic execution or efficacy performance,periodic execution or efficacy performance,0.20723211765289307
New System version releases shall be released at the beginning of each NFL season.,not about periodic execution or efficacy performance,not about periodic execution or efficacy performance,0.11279204487800598
The RFS system should be available 24/7  especially during the budgeting period. The RFS system shall be available 90% of the time all year  and 98% during the budgeting period. 2% of the time  the system will become available within 1 hour of the time that the situation is reported.,not about periodic execution or efficacy performance,periodic execution or efficacy performance,0.15284651517868042
98% of the user workstations shall meet the minimum hardware requirements prior to implementation. Minimum Hard Disk Space:  400MB.,not about periodic execution or efficacy performance,not about periodic execution or efficacy performance,0.09107690304517746
98% of the user workstations shall meet the minimum software requirements prior to implementation: Microsoft Internet Explorer 5.0. Microsoft .NET Framework 1.1. Microsoft Internet Explorer Web Controls,not about periodic execution or efficacy performance,not about periodic execution or efficacy performance,0.0999339148402214
The RFS system should be able to easily interface with the BDW environment  in order to load the data. •;7 data files shall be received from the BDW and loaded into the RFS system within 3 hours one day prior to the start of budgeting process  every year. The data will be as of October month-end. ;Test files (7) shall be loaded up to 5 times throughout the year  from the BDW.,not about periodic execution or efficacy performance,periodic execution or efficacy performance,0.14902059733867645
Changes to revenue and expense formulae must be applied to the RFS system  every year  prior to the budgeting process start. Revenue and expense formulae will be updated within one week of their receipt  after which 2 weeks will be allotted to testing of the budget calculations  to be conducted jointly by the project development team and PCG Finance.,not about periodic execution or efficacy performance,periodic execution or efficacy performance,0.12513525784015656
New branches/complexes/districts/regions and revenue/expense accounts added to the BDW  must be reflected in the RFS system. 100% of the entities (mentioned above) available as of October month-end  will be loaded into the RFS system  prior to the budget start process.,not about periodic execution or efficacy performance,periodic execution or efficacy performance,0.06354381144046783
Only authorized user shall access the RFS system. ONLY users that exist in the UAS system  with the RFS system assigned to their role(s)  shall access the RFS system and use it.,not about periodic execution or efficacy performance,not about periodic execution or efficacy performance,0.024030927568674088
;User access should be limited to the permissions granted to their role(s) Each level in the PCG hierarchy will be assigned a role and users will be assigned to these roles. Access to functionality within RFS system is dependent on the privileges/permission assigned to the role..,not about periodic execution or efficacy performance,not about periodic execution or efficacy performance,0.058258648961782455
The product must comply with the intranet page standards and requirements of ENET Securities. 95% of the product look & feel will be approved by the Architecture group  prior to implementation. The remaining 5% will be corrected and approved within one month of product release.,not about periodic execution or efficacy performance,periodic execution or efficacy performance,0.1822926104068756
 The intranet pages should display appropriately in all resolutions  from 800x600 and higher. The display of all the pages will be correct in 95% of the resolutions  prior to implementation. The remaining 5% will be corrected within a week of notification of the incorrect display.,not about periodic execution or efficacy performance,periodic execution or efficacy performance,0.0799906924366951
The users should be able to easily use the system to successfully complete their budgets  within the stipulated time for completion. With a week of training prior to product implementation  98% of the users shall complete their budgets within the stipulated time.,not about periodic execution or efficacy performance,periodic execution or efficacy performance,0.2621316611766815
The product interface should be fast. The response time of the product interface should not exceed 2 seconds 90% of the time. For 10% of the time  the response time should not be more than 10 seconds.not be more than 10 seconds.,periodic execution or efficacy performance,periodic execution or efficacy performance,0.22502002120018005
