Requirement text,Gold label,Predicated label,ZSL score
The system shall refresh the display every 60 seconds.,periodic execution or efficacy performance,not about periodic execution or efficacy performance,0.7285535335540771
The application shall match the color of the schema set forth by Department of Homeland Security,not about periodic execution or efficacy performance,not about periodic execution or efficacy performance,0.6146697402000427
 If projected  the data must be readable.  On a 10x10 projection screen  90% of viewers must be able to read Event / Activity data from a viewing distance of 30,not about periodic execution or efficacy performance,not about periodic execution or efficacy performance,0.5450195670127869
 The product shall be available during normal business hours. As long as the user has access to the client PC  the system will be available 99% of the time during the first six months of operation.,not about periodic execution or efficacy performance,not about periodic execution or efficacy performance,0.47520846128463745
 If projected  the data must be understandable. On a 10x10 projection screen  90% of viewers must be able to determine that Events or Activities are occuring in current time from a viewing distance of 100,not about periodic execution or efficacy performance,not about periodic execution or efficacy performance,0.5052034258842468
The product shall ensure that it can only be accessed by authorized users.  The product will be able to distinguish between authorized and unauthorized users in all access attempts,not about periodic execution or efficacy performance,not about periodic execution or efficacy performance,0.5452402830123901
The product shall be intuitive and self-explanatory.  :  90% of new users shall be able to start the display of Events or Activities within 90 minutes of using the product.,not about periodic execution or efficacy performance,not about periodic execution or efficacy performance,0.47909530997276306
The product shall respond fast to keep up-to-date data in the display.,periodic execution or efficacy performance,not about periodic execution or efficacy performance,0.6338568329811096
The look and feel of the system shall conform to the user interface standards of the smart device.,not about periodic execution or efficacy performance,not about periodic execution or efficacy performance,0.5111603140830994
 The user interface shall have standard menus  buttons for navigation,not about periodic execution or efficacy performance,not about periodic execution or efficacy performance,0.7722954750061035
The system shall have a professional appearance,not about periodic execution or efficacy performance,periodic execution or efficacy performance,0.6865823268890381
The product shall have a consistent color scheme and fonts.,not about periodic execution or efficacy performance,not about periodic execution or efficacy performance,0.6343169212341309
The system shall be used by realtors with no training.,not about periodic execution or efficacy performance,not about periodic execution or efficacy performance,0.671457827091217
The system shall be intuitive and self explanatory.,not about periodic execution or efficacy performance,periodic execution or efficacy performance,0.6364270448684692
The product shall be easy for a realtor to learn.,not about periodic execution or efficacy performance,not about periodic execution or efficacy performance,0.5965467095375061
The product shall use symbols and words that are naturally understandable by the realtor community.,not about periodic execution or efficacy performance,not about periodic execution or efficacy performance,0.6324608325958252
The product shall produce search results in an acceptable time,periodic execution or efficacy performance,not about periodic execution or efficacy performance,0.6697497963905334
The search results shall be returned no later 30      seconds  after the user has entered the search criteria,periodic execution or efficacy performance,not about periodic execution or efficacy performance,0.5986676812171936
The product shall generate a CMA report in an acceptable time.,periodic execution or efficacy performance,not about periodic execution or efficacy performance,0.6832627058029175
The CMA report shall be returned no later 60 seconds after the user has entered the CMA report criteria.,periodic execution or efficacy performance,not about periodic execution or efficacy performance,0.6220865845680237
The product shall synchronize contacts and appointments in an acceptable time.,periodic execution or efficacy performance,not about periodic execution or efficacy performance,0.6761509776115417
The product shall synchronize with the office system every hour.,periodic execution or efficacy performance,not about periodic execution or efficacy performance,0.7231422662734985
 The product shall be available for use 24 hours per day  365 days  per year,not about periodic execution or efficacy performance,not about periodic execution or efficacy performance,0.7153065204620361
 Out of 1000 accesses to the system  the system is available 999 times.,not about periodic execution or efficacy performance,not about periodic execution or efficacy performance,0.5938429832458496
The product shall operate in offline mode whenever internet connection is unavailable.,not about periodic execution or efficacy performance,not about periodic execution or efficacy performance,0.689713180065155
 The product shall allow the user to view previously downloaded search results  CMA reports  and appointments.,not about periodic execution or efficacy performance,not about periodic execution or efficacy performance,0.6296456456184387
The product shall retain user preferences in the event of a failure.,not about periodic execution or efficacy performance,not about periodic execution or efficacy performance,0.7001681327819824
100% of saved user preferences shall be restored when system comes back online.,not about periodic execution or efficacy performance,not about periodic execution or efficacy performance,0.6791234612464905
The product shall be able to support multiple remote users,not about periodic execution or efficacy performance,not about periodic execution or efficacy performance,0.6111815571784973
The product shall be able support 1000 simultaneous users.,not about periodic execution or efficacy performance,not about periodic execution or efficacy performance,0.7296677231788635
The product shall be capable of handling the existing 1000 users. This number is expected to grow 5 times within the next year.,not about periodic execution or efficacy performance,not about periodic execution or efficacy performance,0.5639399886131287
The product shall be installed by an untrained realtor   without recourse to separately-printed instructions.,not about periodic execution or efficacy performance,not about periodic execution or efficacy performance,0.6578872203826904
90% of untrained realtors shall be able to install the product on their device without printed instructions,not about periodic execution or efficacy performance,not about periodic execution or efficacy performance,0.5797930359840393
The product is expected to run on Windows CE and Palm operating systems.,not about periodic execution or efficacy performance,not about periodic execution or efficacy performance,0.6624812483787537
Only registered realtors shall be able to access the system.,not about periodic execution or efficacy performance,not about periodic execution or efficacy performance,0.6017729640007019
Every user of the system shall be authenticated and authorized.,not about periodic execution or efficacy performance,not about periodic execution or efficacy performance,0.63189297914505
The product shall prevent its data from incorrect data being introduced.,not about periodic execution or efficacy performance,not about periodic execution or efficacy performance,0.7532141804695129
The system shall be easy to use by the Program Administrators/Nursing Staff Members.,not about periodic execution or efficacy performance,not about periodic execution or efficacy performance,0.6346473693847656
All of the users shall be able to use the system after one day of training.,not about periodic execution or efficacy performance,not about periodic execution or efficacy performance,0.5068378448486328
The system shall help the user avoid making mistakes while scheduling classes and clinicals for the nursing students.,not about periodic execution or efficacy performance,not about periodic execution or efficacy performance,0.6507972478866577
The number of mistakes noted by the students shall be decreased by 50% in the first year.,not about periodic execution or efficacy performance,not about periodic execution or efficacy performance,0.5699039697647095
The system shall be intuitive to the Program Administrators/Nursing Staff Members.,not about periodic execution or efficacy performance,not about periodic execution or efficacy performance,0.6788083910942078
2 out of 3 Program Administrators/Nursing Staff Members shall successfully be able to use the system to manage the scheduling of classes and clinicals.,not about periodic execution or efficacy performance,not about periodic execution or efficacy performance,0.5210378766059875
The system shall use symbols and words that are naturally understandable by the user community.,not about periodic execution or efficacy performance,not about periodic execution or efficacy performance,0.6390401124954224
The verbiage used within the system shall be consistent with Standard English and the terminology of the national Nursing Community.,not about periodic execution or efficacy performance,not about periodic execution or efficacy performance,0.5354678630828857
Staff members shall be able to complete a set of tasks in a timely manner.,periodic execution or efficacy performance,not about periodic execution or efficacy performance,0.5583782196044922
The response time of general student management tasks shall take no longer than 5 seconds and the response time of schedule generation shall take no longer than 30 seconds.,periodic execution or efficacy performance,not about periodic execution or efficacy performance,0.5230100154876709
The system shall be available for use between the hours of 8am and 6pm.,not about periodic execution or efficacy performance,not about periodic execution or efficacy performance,0.548393189907074
The system shall achieve 95% up time.,not about periodic execution or efficacy performance,periodic execution or efficacy performance,0.7826727032661438
system shall be able to handle all of the user requests/usage during business hours.,not about periodic execution or efficacy performance,not about periodic execution or efficacy performance,0.6586366295814514
The system shall cater to 10 simultaneous users from 9am to 5pm.,not about periodic execution or efficacy performance,not about periodic execution or efficacy performance,0.645071268081665
The system shall be capable of processing 100% of nursing students and their classes for the next 10 years.,not about periodic execution or efficacy performance,not about periodic execution or efficacy performance,0.5787340998649597
The system shall be expected to manage the nursing program curriculum and class/clinical scheduling for a minimum of 5 years.,not about periodic execution or efficacy performance,not about periodic execution or efficacy performance,0.566049337387085
The system shall able to operate within a business office environment typical of the Nursing Department at DePaul University.,not about periodic execution or efficacy performance,not about periodic execution or efficacy performance,0.5781239867210388
The system shall be used within the specifications defined by the computers used by the Program Administrators/Nursing Staff Members.,not about periodic execution or efficacy performance,not about periodic execution or efficacy performance,0.5867122411727905
The system shall operate within the Windows XP Professional operating system.,not about periodic execution or efficacy performance,not about periodic execution or efficacy performance,0.7677749395370483
The system shall interface with CampusConnect’s central server,not about periodic execution or efficacy performance,not about periodic execution or efficacy performance,0.8237950801849365
The system shall interface with the faculty central server.,not about periodic execution or efficacy performance,not about periodic execution or efficacy performance,0.7171153426170349
The system shall interface with the student master server.,not about periodic execution or efficacy performance,not about periodic execution or efficacy performance,0.7263035178184509
We must be able to interface with any HTML browser.,not about periodic execution or efficacy performance,not about periodic execution or efficacy performance,0.6032509803771973
Only authorized users shall have access to clinical site information.,not about periodic execution or efficacy performance,not about periodic execution or efficacy performance,0.6557350158691406
Program Administrators/Nursing Staff Members are the only people who shall have access to clinical site details.,not about periodic execution or efficacy performance,not about periodic execution or efficacy performance,0.6313762664794922
Only authorized users shall have access to students’ personal information.,not about periodic execution or efficacy performance,not about periodic execution or efficacy performance,0.6668047904968262
Dr Susan Poslusny and Dr Julie Donalek are the only people who shall have access to students’ personal information.,not about periodic execution or efficacy performance,not about periodic execution or efficacy performance,0.5801047086715698
Only authorized users shall have access to the portion of the system that interfaces with CampusConnect.,not about periodic execution or efficacy performance,not about periodic execution or efficacy performance,0.5692316293716431
Fit Criterion: Dr Susan Poslusny and Karen Sysol are the only people who shall have access to the final class section scheduling for the system that interfaces with CampusConnect.,not about periodic execution or efficacy performance,not about periodic execution or efficacy performance,0.5066389441490173
The system shall have basic data integrity checking to reduce the possibility of incorrect or invalid data being introduced.,not about periodic execution or efficacy performance,not about periodic execution or efficacy performance,0.61808180809021
The system shall protect private information in accordance with the organization’s information policy.,not about periodic execution or efficacy performance,not about periodic execution or efficacy performance,0.6819002628326416
The system shall be built such that it is as secure as possible from malicious interference.,not about periodic execution or efficacy performance,not about periodic execution or efficacy performance,0.6056779026985168
The system shall use the organization’s standard virus protection software to help monitor threats to itself.,not about periodic execution or efficacy performance,not about periodic execution or efficacy performance,0.6161288022994995
The Disputes application shall comply with the corporate standards for user interface creation for internally and externally used applications.,not about periodic execution or efficacy performance,not about periodic execution or efficacy performance,0.6322273015975952
All screens created as part of the Disputes application must comply with corporate standards for interface creation.,not about periodic execution or efficacy performance,not about periodic execution or efficacy performance,0.6807959675788879
The list of dispute cases that are displayed after a search is performed must be color coded for easy identification of dispute cases based upon the dispute case status.,not about periodic execution or efficacy performance,not about periodic execution or efficacy performance,0.5299379825592041
100% of the cardmember and merchant services representatives shall use the Disputes application regularly after a 2-day training course.,not about periodic execution or efficacy performance,not about periodic execution or efficacy performance,0.5854349136352539
100% of cardmember services representatives shall be able to successfully create a dispute case on the first encounter after completing the training course.,not about periodic execution or efficacy performance,not about periodic execution or efficacy performance,0.5507090091705322
100% of merchant services representatives shall be able to successfully perform a follow up action on a dispute case on the first encounter after completing the training course.,not about periodic execution or efficacy performance,not about periodic execution or efficacy performance,0.5218783020973206
The maximum wait time for a user navigating from one screen to another within the Disputes application shall be no more than 5 seconds.,periodic execution or efficacy performance,not about periodic execution or efficacy performance,0.5604812502861023
The Disputes application shall support 350 concurrent users without any degradation of performance in the application.,periodic execution or efficacy performance,not about periodic execution or efficacy performance,0.6578137874603271
 The Disputes application shall be available 24x7x365  with the exception of the following scheduled maintenance windows.  Monday – Saturday 3:00am to 4:00am EST Sunday 1:00amd to 5:00am EST,not about periodic execution or efficacy performance,not about periodic execution or efficacy performance,0.522022008895874
The Disputes application shall interface with the Statement Database. The Statement Database provides the transaction details to the Disputes System. All transaction details must be obtained from the Statement Database,not about periodic execution or efficacy performance,not about periodic execution or efficacy performance,0.5560908317565918
The Disputes application shall interface with the Cardmember Information Database.  The Cardmember Information Database provides detailed information with regard to a cardmember.  All cardmember detail information must be obtained from the Cardmember Information Database.,not about periodic execution or efficacy performance,not about periodic execution or efficacy performance,0.48427408933639526
The Disputes applications shall interface with the Merchant Information Database.  The Merchant Information Database provides detailed information with regard to the merchant. All merchant detail information shall be obtained from the Merchant Information Database.,not about periodic execution or efficacy performance,not about periodic execution or efficacy performance,0.47332677245140076
The Disputes application shall interface with the Letters application.  This will allow the Disputes application to request letters as part of the dispute initiation and dispute follow up process. All letter requests must be sent to the Print Letter Utility application.,not about periodic execution or efficacy performance,not about periodic execution or efficacy performance,0.497939795255661
The Disputes application shall interface with the Cardmember Posting and Billing System.  This will allow the Disputes application to request adjustments to cardmember and merchant’s accounts. All adjustment requests must be sent to the Cardmember Posting and Billing System.,not about periodic execution or efficacy performance,not about periodic execution or efficacy performance,0.491588830947876
The Disputes application shall ensure that only users with the appropriate access level are allowed to initiate dispute requests.,not about periodic execution or efficacy performance,not about periodic execution or efficacy performance,0.6181652545928955
Only users with Update access must be able to initiate dispute requests.,not about periodic execution or efficacy performance,not about periodic execution or efficacy performance,0.6615986824035645
The Disputes application shall ensure that only authorized users are allowed to logon to the application.,not about periodic execution or efficacy performance,not about periodic execution or efficacy performance,0.5967147350311279
 All authorized users  once authenticated must be able to logon to the Disputes System,not about periodic execution or efficacy performance,not about periodic execution or efficacy performance,0.649146318435669
The Disputes System shall generate a User Report that details any new users that have been added and any changes to an existing user’s access level.  The report will be reviewed for auditing purposes.,not about periodic execution or efficacy performance,not about periodic execution or efficacy performance,0.5056744813919067
All additions of new users and modifications to user’s access shall be recorded on the User Report.,not about periodic execution or efficacy performance,not about periodic execution or efficacy performance,0.5908588171005249
 If a user account is revoked  it can only be re-instantiated by the System Administrator.,not about periodic execution or efficacy performance,not about periodic execution or efficacy performance,0.6536430716514587
Only the System Administrator shall be able to reset a revoked user logon account,not about periodic execution or efficacy performance,not about periodic execution or efficacy performance,0.6569209098815918
The Disputes application shall manipulate and view business data. Users will not have direct access to data files or databases.,not about periodic execution or efficacy performance,not about periodic execution or efficacy performance,0.6347795128822327
All updates to data files or database must be initiated from the Disputes System.,not about periodic execution or efficacy performance,not about periodic execution or efficacy performance,0.621678352355957
The Disputes application must conform to the legal requirements as specified by the Merchant Operating Regulations.,not about periodic execution or efficacy performance,not about periodic execution or efficacy performance,0.5925545692443848
All business rules specified in the Disputes System shall be in compliance with the Merchant Operating Regulations.,not about periodic execution or efficacy performance,not about periodic execution or efficacy performance,0.5741329193115234
The Disputes application must conform to the legal requirements as specified by Regulation E and Regulation Z that govern credit card disputes processing.,not about periodic execution or efficacy performance,not about periodic execution or efficacy performance,0.5815937519073486
All business rules specified in the Disputes System shall be in compliance to the guidelines of Regulation E and Regulation Z.,not about periodic execution or efficacy performance,not about periodic execution or efficacy performance,0.5392695665359497
The Disputes application must maintain a detailed history of every action that a user takes on a dispute case.  This ensures a complete audit trail if questions arise later on with regard to a particular dispute case.,not about periodic execution or efficacy performance,not about periodic execution or efficacy performance,0.4956194758415222
All actions that modify an existing dispute case must be recorded in the case history.,not about periodic execution or efficacy performance,not about periodic execution or efficacy performance,0.6144825220108032
The product must support Internet Explorer 5.5 and above.,not about periodic execution or efficacy performance,not about periodic execution or efficacy performance,0.7325975894927979
The product must support Mozilla Firefox 1.0 and above.,not about periodic execution or efficacy performance,not about periodic execution or efficacy performance,0.7580122947692871
The product shall interface with the Choice Parts System.  This provides the feed of recycled parts data.,not about periodic execution or efficacy performance,not about periodic execution or efficacy performance,0.6568347215652466
The product shall run on the existing hardware for all environments.,not about periodic execution or efficacy performance,not about periodic execution or efficacy performance,0.7160719037055969
The product shall adhere to the corporate Architecture guidelines,not about periodic execution or efficacy performance,periodic execution or efficacy performance,0.6748002767562866
The product shall comply with corporate User Interface Guidelines,not about periodic execution or efficacy performance,not about periodic execution or efficacy performance,0.7569262981414795
The product shall comply with corporate color scheme,not about periodic execution or efficacy performance,periodic execution or efficacy performance,0.7951878309249878
The appearance of the product shall appear professional,not about periodic execution or efficacy performance,periodic execution or efficacy performance,0.7025140523910522
The product shall be easy to use by Adjusters and Collision Estimators.  95% of Adjusters and Collision Estimators shall find the product easy to use.,not about periodic execution or efficacy performance,not about periodic execution or efficacy performance,0.5188391804695129
The product shall increase productivity of Collision Estimators. 80% of the Collision Estimators shall agree their productivity has increase within 1 month of using the product.,not about periodic execution or efficacy performance,not about periodic execution or efficacy performance,0.5590860843658447
Users shall feel satisfied using the product.  85% of all users will be satisfied with the product.,not about periodic execution or efficacy performance,not about periodic execution or efficacy performance,0.6018555164337158
The product shall be easy to learn by Adjusters and Collision Estimators.  The product shall be learned with two days onsite training,not about periodic execution or efficacy performance,not about periodic execution or efficacy performance,0.6027873158454895
The user shall easily locate instructions while using the product.  User help can be found within 90% of the system.,not about periodic execution or efficacy performance,not about periodic execution or efficacy performance,0.562839925289154
The search for recycled parts shall take no longer than 15 seconds.  The search results shall be returned in under 15 seconds.,periodic execution or efficacy performance,not about periodic execution or efficacy performance,0.6053223609924316
The search for the preferred repair facility shall take no longer than 8 seconds.  The preferred repair facility is returned within 8 seconds,periodic execution or efficacy performance,not about periodic execution or efficacy performance,0.6013897061347961
The recycled parts audit report shall be returned to the user within 10 seconds.  The audit report shall be returned within 10 seconds.,periodic execution or efficacy performance,not about periodic execution or efficacy performance,0.5641703605651855
The preferred repair facility ratings shall be saved within 5 seconds. The save shall occur within 5 seconds.,periodic execution or efficacy performance,not about periodic execution or efficacy performance,0.6326544880867004
The product shall adhere to the corporate online availability schedule.  The application is brought down only within 98% of the scheduled outages per the availability schedule.,not about periodic execution or efficacy performance,not about periodic execution or efficacy performance,0.5345456600189209
The product shall achieve a 98% uptime. The product shall not fail more than 2% of the available online time.,not about periodic execution or efficacy performance,not about periodic execution or efficacy performance,0.5659689903259277
The product shall be able to handle up to 1500 simultaneous users. The system shall perform with 1500 users as a time.,not about periodic execution or efficacy performance,not about periodic execution or efficacy performance,0.5641090273857117
 The average number of recycled parts records per day shall be 50 000.,not about periodic execution or efficacy performance,not about periodic execution or efficacy performance,0.7041000723838806
 The product shall be able to handle 10 000 concurrent users within 2 years of the initial launch.,not about periodic execution or efficacy performance,not about periodic execution or efficacy performance,0.6082139611244202
 For estimators  the product shall be able to be operated in a repair facility during dirty and noisy conditions.,not about periodic execution or efficacy performance,not about periodic execution or efficacy performance,0.5422425866127014
The product shall interface with the ChoiceParts system once per day at approximately 1:00 AM.,not about periodic execution or efficacy performance,not about periodic execution or efficacy performance,0.6939564943313599
The maintenance of the product will fall within the established corporate maintenance windows.,not about periodic execution or efficacy performance,not about periodic execution or efficacy performance,0.6322299242019653
The product shall be supported using the corporate support center.,not about periodic execution or efficacy performance,not about periodic execution or efficacy performance,0.6820504665374756
Product installations and upgrades shall be handled by the middleware technology team within established launch time frames.,not about periodic execution or efficacy performance,not about periodic execution or efficacy performance,0.6525682210922241
Only adjusters can request recycled parts audit reports. No users without an adjuster role shall request recycled parts audits.,not about periodic execution or efficacy performance,not about periodic execution or efficacy performance,0.6378242373466492
Only adjusters with a supervisor role can update preferred repair facility ratings. Users without the supervisor role cannot access the repair facility ratings.,not about periodic execution or efficacy performance,not about periodic execution or efficacy performance,0.5899543166160583
Only collision estimators shall search for recycled parts.  Users without the collision estimator role shall not have access to the search for recycled parts.,not about periodic execution or efficacy performance,not about periodic execution or efficacy performance,0.5795831084251404
Only valid data shall be entered into the system.  No invalid data shall be entered into the system.,not about periodic execution or efficacy performance,not about periodic execution or efficacy performance,0.6468536853790283
One insurance company shall not be able to view another insurance companys claim data.,not about periodic execution or efficacy performance,not about periodic execution or efficacy performance,0.6700549125671387
The product shall free of computer viruses.,not about periodic execution or efficacy performance,periodic execution or efficacy performance,0.6918504238128662
The system shall prevent malicious attacks including denial of service.,not about periodic execution or efficacy performance,not about periodic execution or efficacy performance,0.7829594016075134
The product must comply with Sarbanes-Oxley.,not about periodic execution or efficacy performance,not about periodic execution or efficacy performance,0.7977426052093506
The product shall comply with the estimatics laws relating to recycled parts usage.,not about periodic execution or efficacy performance,not about periodic execution or efficacy performance,0.6731945276260376
The product shall comply with insurance regulations regarding claims processing.,not about periodic execution or efficacy performance,not about periodic execution or efficacy performance,0.821211040019989
 The product must work with most database management systems (DBMS) on the market  whether the DBMS is colocated with the product on the same machine or is located on a different machine on the computer network.,not about periodic execution or efficacy performance,not about periodic execution or efficacy performance,0.4751676619052887
The product will function alongside server software on any operating system where the Java runtime can be installed.,not about periodic execution or efficacy performance,not about periodic execution or efficacy performance,0.6155586242675781
The product will require collaboration with a database management system (DBMS).  The DBMS may be located on the same machine as the product or on a separate machine residing on the same computer network.,not about periodic execution or efficacy performance,not about periodic execution or efficacy performance,0.48354285955429077
 The product must make use of web/application server technology.  Open source examples include Apache web server  Tomcat  and the JBoss application server.,not about periodic execution or efficacy performance,not about periodic execution or efficacy performance,0.536100447177887
 A database management system such as Oracle  DB2  MySql or HSQL will need to be integrated with the product.,not about periodic execution or efficacy performance,not about periodic execution or efficacy performance,0.5865421295166016
 The product’s Look and Feel shall be able to incorporate aspects of the customer’s organization such as logo  branding  and identity,not about periodic execution or efficacy performance,not about periodic execution or efficacy performance,0.5683662295341492
The product shall have a conservative and professional appearance.,not about periodic execution or efficacy performance,not about periodic execution or efficacy performance,0.6268425583839417
The product shall make the users want to use it. 80% of the users surveyed report they are regularly using the product after the first 2 weeks post-launch.,not about periodic execution or efficacy performance,not about periodic execution or efficacy performance,0.461809366941452
The product shall be easy to use. 90% of users will be able to successfully reserve a conference room within 5 minutes of product use.,not about periodic execution or efficacy performance,not about periodic execution or efficacy performance,0.49825814366340637
The product shall give users feedback when necessary. 80% of the users surveyed report that the product accurately confirms their actions.,not about periodic execution or efficacy performance,not about periodic execution or efficacy performance,0.5678529739379883
The product shall allow the user to select a chosen language from one of the target market countries.,not about periodic execution or efficacy performance,not about periodic execution or efficacy performance,0.5822683572769165
The product shall allow for customization of start page and views preferences.,not about periodic execution or efficacy performance,not about periodic execution or efficacy performance,0.629170298576355
 An employee will be able to successfully use the product within a few minutes.  After informally navigating the product for less than 15 minutes  users shall be able to successfully setup meetings and reserve conference rooms.,not about periodic execution or efficacy performance,not about periodic execution or efficacy performance,0.5031248927116394
The product shall use a standard navigation menu familiar to most web users.,not about periodic execution or efficacy performance,not about periodic execution or efficacy performance,0.6456811428070068
The product shall allow for intuitive searching of available conference rooms.,not about periodic execution or efficacy performance,not about periodic execution or efficacy performance,0.7267228364944458
The product shall conform to the Americans with Disabilities Act.,not about periodic execution or efficacy performance,not about periodic execution or efficacy performance,0.7229947447776794
The response shall be fast enough to avoid interrupting the user’s flow of thought.  90% of tasks shall complete within 5 seconds.  98% of tasks shall complete within 8 seconds.,periodic execution or efficacy performance,not about periodic execution or efficacy performance,0.5072159767150879
 Aside from server failure  the software product shall achieve 99.99% up time.,not about periodic execution or efficacy performance,not about periodic execution or efficacy performance,0.7291257381439209
The product shall create an exception log of problems encountered within the product for transmission to our company for analysis and resolution.,not about periodic execution or efficacy performance,not about periodic execution or efficacy performance,0.5582230091094971
 The product shall be capable of handling up to 1 000 concurrent requests.  This number will increase to 2 000 by Release 2.  The concurrency capacity must be able to handle peak scheduling times such as early morning and late afternoon hours.,not about periodic execution or efficacy performance,not about periodic execution or efficacy performance,0.5121729373931885
 The product shall be able to process 10 000 transactions per hour within two years of its launch.  This number will increase to 20 000 by Release 2.,not about periodic execution or efficacy performance,not about periodic execution or efficacy performance,0.5640136003494263
The product shall be expected to operate for at least 5 years for each customer installation.,not about periodic execution or efficacy performance,not about periodic execution or efficacy performance,0.6033235788345337
The product shall be used in office environments.,not about periodic execution or efficacy performance,periodic execution or efficacy performance,0.7064594626426697
The product must be able to interface with any HTML browser.  The product shall transmit data between the user and the product without problems. The product shall display HTML properly in 80% of all HTML browsers tested (minimum is to test 8 browsers).,not about periodic execution or efficacy performance,not about periodic execution or efficacy performance,0.4886432886123657
The product must be able to interface with various database management systems. The product shall communicate successfully with the database management system on 100% of all transactions.,not about periodic execution or efficacy performance,not about periodic execution or efficacy performance,0.5617300868034363
The product must be able to interface with various email servers. The product shall be able to send email.,not about periodic execution or efficacy performance,not about periodic execution or efficacy performance,0.5545071959495544
The product shall be available for distribution via the Internet as a binary or ZIP file.,not about periodic execution or efficacy performance,not about periodic execution or efficacy performance,0.6445128321647644
The product shall be available for distribution as a packaged CD.,not about periodic execution or efficacy performance,not about periodic execution or efficacy performance,0.6724546551704407
 The product will be available for licensing as a one-server  two-five servers  or five-or-more servers license.,not about periodic execution or efficacy performance,not about periodic execution or efficacy performance,0.578480064868927
A new user must be able to be added to the system within 10 minutes.  90% of new users are able to log into the system within 10 minutes.,not about periodic execution or efficacy performance,not about periodic execution or efficacy performance,0.44985994696617126
The product must be designed using Design Patterns and coding best practices.  90% of maintenance software developers are able to integrate new functionality into the product with 2 working days.,not about periodic execution or efficacy performance,not about periodic execution or efficacy performance,0.5353215336799622
The product must be highly configurable for use with various database management systems for the end users.  80% of end users are able to integrate new database management systems with the product without changing the product’s software code.,not about periodic execution or efficacy performance,not about periodic execution or efficacy performance,0.5002896189689636
Maintenance releases will be offered to customers once a year.  The releases shall take no longer than 5 minutes for 80% of the customer base to install.,not about periodic execution or efficacy performance,not about periodic execution or efficacy performance,0.5352089405059814
Every registered user will have access to the product’s support site via the Internet.  70% of registered users shall find a solution to their problem within 5 minutes of using the support site.,not about periodic execution or efficacy performance,not about periodic execution or efficacy performance,0.4949985444545746
The customer shall be able to easily integrate new building maps with the product throughout the product’s lifecycle.  Integration of new maps with the product shall be possible with little to no support from product support staff.,not about periodic execution or efficacy performance,not about periodic execution or efficacy performance,0.47750622034072876
 The product shall be translated into foreign languages other than the target market countries’ languages in future releases.  For each emerging target market  it shall take no more than 5 days to configure the product for that market’s language.,not about periodic execution or efficacy performance,not about periodic execution or efficacy performance,0.5033634901046753
 The product is expected to integrate with multiple database management systems.  The product will operate with Oracle  SQL Server  DB2  MySQL  HSQL  and MS Access.,not about periodic execution or efficacy performance,not about periodic execution or efficacy performance,0.5102992057800293
The product shall be able to be installed in any operating environment within 2 days.,not about periodic execution or efficacy performance,not about periodic execution or efficacy performance,0.5816235542297363
The product shall ensure that only company employees or external users with company-approved user IDs may have product access.  100% of all logons shall be by either company employees or external users with company-approved user IDs.,not about periodic execution or efficacy performance,not about periodic execution or efficacy performance,0.5090520977973938
Only managers are able to perform search queries for reservations by user.  100% of all search queries for reservations by user shall be from logons of only management logons.,not about periodic execution or efficacy performance,not about periodic execution or efficacy performance,0.5436435341835022
The product shall ensure that the database’s data corresponds to the data entered by the user.  Each conference room reservation in the system will contain the same information as was entered by the user.,not about periodic execution or efficacy performance,not about periodic execution or efficacy performance,0.49141502380371094
The product shall prevent the input of malicious data.  The product and/or adjacent hardware/software systems’ data shall remain 100% uncorrupted each time malicious data is input into the product.,not about periodic execution or efficacy performance,not about periodic execution or efficacy performance,0.5091476440429688
The product and/or dependent databases/filesystems shall remain operational as a result of the input of malicious data.  The product and/or dependent databases/filesystems shall not crash 100% of the time that malicious data is input into the product.,not about periodic execution or efficacy performance,not about periodic execution or efficacy performance,0.4839732348918915
The product shall have the ability to receive automatic software updates as new threats emerge.  100% of customers will be able to receive automatic software updates transmitted to the installed product.,not about periodic execution or efficacy performance,not about periodic execution or efficacy performance,0.46802958846092224
The language of the product shall accommodate all of the target market countries. 90% of survey respondents from each target market country will find that the language of the product is acceptable.,not about periodic execution or efficacy performance,not about periodic execution or efficacy performance,0.46182146668434143
The product shall be able to display calendar dates and times according to the user’s locale.  90% of survey respondents from each target market country will find that the date and time formatting of the product is correct.,not about periodic execution or efficacy performance,not about periodic execution or efficacy performance,0.4483448266983032
The product must be developed with the J2SE/J2EE programming language libraries,not about periodic execution or efficacy performance,not about periodic execution or efficacy performance,0.7055860161781311
Recreation of Inventory Quantity Adjustment for the period of previous 30 days shall take no more than 30min.,periodic execution or efficacy performance,not about periodic execution or efficacy performance,0.6260337829589844
The System shall allow for a minimum of  6 users to work at the same time.,periodic execution or efficacy performance,not about periodic execution or efficacy performance,0.5786668658256531
The System shall utilize currently owned computer equipment.,not about periodic execution or efficacy performance,periodic execution or efficacy performance,0.8201810121536255
The System shall be able to automatically backup business data and restore them on demand.,not about periodic execution or efficacy performance,not about periodic execution or efficacy performance,0.5629948377609253
The System shall maintain consistent security.  Any changes in user passwords and/or permissions should take affect in all parts of the System.,not about periodic execution or efficacy performance,not about periodic execution or efficacy performance,0.572935163974762
The System shall granularly control access rights to all major subsystems.  It should be possible to assign access rights to all subsystems independently.,not about periodic execution or efficacy performance,not about periodic execution or efficacy performance,0.5611537098884583
The System shall meet all applicable accounting standards.  The final version of the System must successfully pass independent audit performed by a certified auditor.,not about periodic execution or efficacy performance,not about periodic execution or efficacy performance,0.5834789276123047
The System shall not require additional third party licenses resulting in royalty fees.,not about periodic execution or efficacy performance,not about periodic execution or efficacy performance,0.7462912797927856
Administrator shall be able to activate a pre-paid card via the Administration section in under 5 seconds.,periodic execution or efficacy performance,not about periodic execution or efficacy performance,0.6029690504074097
 Customer shall be able to check the status of their prepaid card  by entering in the PIN number  in under 5 seconds.,periodic execution or efficacy performance,not about periodic execution or efficacy performance,0.5583165287971497
System shall let customers register on the website as a “pay as you go” user in under 5 minutes.,periodic execution or efficacy performance,not about periodic execution or efficacy performance,0.626460075378418
System shall let customers register on the website as a “unlimited movie subscriber” user in under 10 minutes.,periodic execution or efficacy performance,not about periodic execution or efficacy performance,0.6520088315010071
System shall let existing customers log into the website with their email address and password in under 5 seconds.,periodic execution or efficacy performance,not about periodic execution or efficacy performance,0.6147912740707397
 System shall let customers cancel their account  process shall take no longer than 2 minutes.  Database will mark the account as inactive  and user will not be able to log into the website.,periodic execution or efficacy performance,not about periodic execution or efficacy performance,0.5212892889976501
System shall let administrator de-activate a customer account in under 1 minute. Customer will no longer be able to access the website.,periodic execution or efficacy performance,not about periodic execution or efficacy performance,0.5892919898033142
System shall let administrator add/remove movies on the website in under 5 minutes.  Entered movie information will be stored in the database and will now be available on the website.,periodic execution or efficacy performance,not about periodic execution or efficacy performance,0.5027455687522888
System shall let the administrator add/remove categories on the website in under 5 minutes.,periodic execution or efficacy performance,not about periodic execution or efficacy performance,0.6605846285820007
System shall let Izogn Manager access sales and usage statistics in under 2 minutes.,periodic execution or efficacy performance,not about periodic execution or efficacy performance,0.7332121729850769
System shall let administrators generate unique pre-paid pins in under 2 minutes and generate an Excel file with the generated PINs.,periodic execution or efficacy performance,not about periodic execution or efficacy performance,0.5913476943969727
The website shall be attractive to all audiences.  The website shall appear to be fun and the colors should be bright and vibrant.,not about periodic execution or efficacy performance,not about periodic execution or efficacy performance,0.5231824517250061
 The website should have an African feel  but should not alienate non-Africans.  The website should use animation on pages which are describing the services  to grab the users attention and encourage them to sign up.,not about periodic execution or efficacy performance,not about periodic execution or efficacy performance,0.47807207703590393
 The website design should be modern  clean  and concise.,not about periodic execution or efficacy performance,not about periodic execution or efficacy performance,0.7102230787277222
The product should be able to be used by 90% of novice users on the Internet.,not about periodic execution or efficacy performance,not about periodic execution or efficacy performance,0.5397590398788452
 Users should only have to navigate through a maximum of 4 pages  to create an account with the website.,not about periodic execution or efficacy performance,not about periodic execution or efficacy performance,0.5176606774330139
Users should be able to access their streaming movies in under 2 clicks after logging into the website.,not about periodic execution or efficacy performance,not about periodic execution or efficacy performance,0.5918112993240356
An anonymous survey will show that 70% of customers are comfortable purchasing streaming movies after 2 weeks using the website.,not about periodic execution or efficacy performance,not about periodic execution or efficacy performance,0.6081286072731018
An anonymous survey will show that 95% of customers are comfortable using and purchasing pre-paid cards after a month of using the system.,not about periodic execution or efficacy performance,not about periodic execution or efficacy performance,0.5386564135551453
The product shall retain the customer’s buying preferences and information.,not about periodic execution or efficacy performance,not about periodic execution or efficacy performance,0.7239185571670532
The product shall be easy for customers with novice skills on the  Internet to purchase and watch streaming movies.  Customers should be able to purchase and watch a pre-determined movie in under 3 minutes.,not about periodic execution or efficacy performance,not about periodic execution or efficacy performance,0.4629392921924591
The product shall use symbols and words that are naturally understandable by users familiar with websites,not about periodic execution or efficacy performance,not about periodic execution or efficacy performance,0.6667152643203735
The website will use standard Internet conventions when interacting with the user.,not about periodic execution or efficacy performance,not about periodic execution or efficacy performance,0.7244888544082642
 Any interface between a user and the automated system shall have a maximum response time of 5 seconds  unless noted by an exception below.,periodic execution or efficacy performance,not about periodic execution or efficacy performance,0.5715177059173584
 When purchasing a streaming movie or pre-paid card via credit card  the processing time should have a maximum response time of 15 seconds.,periodic execution or efficacy performance,not about periodic execution or efficacy performance,0.552931547164917
 When streaming a movie  the buffering time should take no longer than 10 seconds (plus any latency on the user’s connection.),periodic execution or efficacy performance,not about periodic execution or efficacy performance,0.5922326445579529
 While streaming a movie  buffering should only occur if there is latency in the user’s connection.,periodic execution or efficacy performance,not about periodic execution or efficacy performance,0.5936897993087769
 All credit card information will be secured on the server  and only accessible by authorized Izogn administrators.  Information will be encrypted in the database.,not about periodic execution or efficacy performance,not about periodic execution or efficacy performance,0.559114933013916
 The website shall be available for use 24 hours per day  365 days per year.,not about periodic execution or efficacy performance,not about periodic execution or efficacy performance,0.6959226131439209
The website shall achieve 99.5% up time.,not about periodic execution or efficacy performance,not about periodic execution or efficacy performance,0.7624276280403137
 All movies shall be streamed on demand  at any time of the day.,not about periodic execution or efficacy performance,not about periodic execution or efficacy performance,0.6382213830947876
The website shall continue to operate if the streaming server goes down.,not about periodic execution or efficacy performance,not about periodic execution or efficacy performance,0.657602071762085
The website shall continue to operate if the payment gateway goes down.,not about periodic execution or efficacy performance,not about periodic execution or efficacy performance,0.6893496513366699
The streaming server will support 50 simultaneous streaming connections.,not about periodic execution or efficacy performance,not about periodic execution or efficacy performance,0.70371013879776
The streaming server will support a maximum of 700 movies  new servers can be added to support more movies.,not about periodic execution or efficacy performance,not about periodic execution or efficacy performance,0.6213501691818237
 The server will support a maximum of 1 000 simultaneous users.,not about periodic execution or efficacy performance,not about periodic execution or efficacy performance,0.6940804719924927
 The website shall be capable of supporting 100 000 customers.,not about periodic execution or efficacy performance,not about periodic execution or efficacy performance,0.7199135422706604
The product shall be expected to operate within the maximum maintenance budget for a minimum of 2 years.,not about periodic execution or efficacy performance,not about periodic execution or efficacy performance,0.6367909908294678
All aspects of the website shall be accessed by a web browser over the Internet.,not about periodic execution or efficacy performance,not about periodic execution or efficacy performance,0.5967749357223511
The same hardware supporting the current website will be used to support the new system.,not about periodic execution or efficacy performance,not about periodic execution or efficacy performance,0.5468884706497192
 We must be able to interface with the following browsers: IE 5.X  6.0  Netscape 6.x  7.x  8.x and Firefox 1.0.,not about periodic execution or efficacy performance,not about periodic execution or efficacy performance,0.5337653160095215
Website must interface with the CyberSource API to process credit card transactions.,not about periodic execution or efficacy performance,not about periodic execution or efficacy performance,0.6813936233520508
Website must be fully operational with MSN TV2.,not about periodic execution or efficacy performance,not about periodic execution or efficacy performance,0.7810161113739014
Movies shall be encoded and streamed via Windows Media Player 9.0.,not about periodic execution or efficacy performance,not about periodic execution or efficacy performance,0.7645710706710815
Movies shall be encoded for 56k and 256k streams.,not about periodic execution or efficacy performance,not about periodic execution or efficacy performance,0.7042681574821472
Promotional updates to the website should take a day to update.,not about periodic execution or efficacy performance,not about periodic execution or efficacy performance,0.546560525894165
Izogn Administrator must be able to update the category listings on the website within 2 minutes.,periodic execution or efficacy performance,not about periodic execution or efficacy performance,0.6112380027770996
Izogn Administrator must be able to add new products to the website within 2 minutes.,periodic execution or efficacy performance,not about periodic execution or efficacy performance,0.5923324823379517
The system will provide a 24 hour 800 toll free number for support to its customers.,not about periodic execution or efficacy performance,not about periodic execution or efficacy performance,0.6131296753883362
The website will provide a help section with answers and solutions to common problems.,not about periodic execution or efficacy performance,not about periodic execution or efficacy performance,0.5931985378265381
 Velkat staff will be available for phone support between 7am-7pm  M-F to provide technical support to the Izogn administrators.,not about periodic execution or efficacy performance,not about periodic execution or efficacy performance,0.5907623171806335
The product shall be able to be installed in the specified environment within 1 working day.,not about periodic execution or efficacy performance,not about periodic execution or efficacy performance,0.5633388161659241
Only registered customers can purchase streaming movies.,not about periodic execution or efficacy performance,periodic execution or efficacy performance,0.7637280225753784
 A customer can only stream a movie if they purchased it  and are within the 2 day viewing period.,not about periodic execution or efficacy performance,not about periodic execution or efficacy performance,0.5742793679237366
Only authorized personnel can access customer records in the database.,not about periodic execution or efficacy performance,periodic execution or efficacy performance,0.6647994518280029
Only administrators can activate a pre-paid card.,not about periodic execution or efficacy performance,periodic execution or efficacy performance,0.6940979957580566
Only authorized personnel can access sales information.,not about periodic execution or efficacy performance,periodic execution or efficacy performance,0.7586499452590942
The website shall prevent its data from being corrupted when incorrect data is entered in.,not about periodic execution or efficacy performance,not about periodic execution or efficacy performance,0.6707488894462585
 The website shall protect itself from intentional abuse  and notify the administrator at all occurrences.,not about periodic execution or efficacy performance,not about periodic execution or efficacy performance,0.6672496795654297
Data integrity scripts will be run on a weekly basis to verify the integrity of the database.,not about periodic execution or efficacy performance,not about periodic execution or efficacy performance,0.586432695388794
 The website shall make its user aware of its information practices before collection data from them via a Privacy Policy  accessible on all pages of the website.,not about periodic execution or efficacy performance,not about periodic execution or efficacy performance,0.542070209980011
The system shall notify customers of changes to its information policy.,not about periodic execution or efficacy performance,not about periodic execution or efficacy performance,0.666240930557251
The system shall reveal private information only in compliance with the organization’s information policy.,not about periodic execution or efficacy performance,not about periodic execution or efficacy performance,0.6662352085113525
 All customer information will be stored on a secure database  accessible only to authorized personnel.,not about periodic execution or efficacy performance,not about periodic execution or efficacy performance,0.6406530737876892
All credit card information will be encrypted in the database.,not about periodic execution or efficacy performance,not about periodic execution or efficacy performance,0.6038743257522583
The streaming server will have anti-virus software to prevent infection of malicious viruses.,not about periodic execution or efficacy performance,not about periodic execution or efficacy performance,0.6224725842475891
The website should cater to all tribes in Nigeria.,not about periodic execution or efficacy performance,not about periodic execution or efficacy performance,0.6674074530601501
The website shall not be offensive to religious or ethnic groups.,not about periodic execution or efficacy performance,not about periodic execution or efficacy performance,0.6565449833869934
 The website should appeal to all Africans  not only Nigerians.,not about periodic execution or efficacy performance,not about periodic execution or efficacy performance,0.720610499382019
The website should use Flash to provide animation on the home page.,not about periodic execution or efficacy performance,not about periodic execution or efficacy performance,0.6120193600654602
IzognMovies shall meet the licensing requirements set forth by the appropriate organizations in order to stream African movies.,not about periodic execution or efficacy performance,not about periodic execution or efficacy performance,0.6081290245056152
The website will comply with W3C standards.,not about periodic execution or efficacy performance,not about periodic execution or efficacy performance,0.7391924262046814
The PHP code will comply with PEAR standards.,not about periodic execution or efficacy performance,not about periodic execution or efficacy performance,0.8002009987831116
Total lead cycle time must be completed in 5 minutes for 90% of lead volume between the business hours of 8AM CST to 8PM CST  then 3 minutes for 99% of lead volume during off business hours.,periodic execution or efficacy performance,not about periodic execution or efficacy performance,0.4861837327480316
No lead evaluation will complete in a time period longer than 25 seconds for 97% of all leads processed.,periodic execution or efficacy performance,not about periodic execution or efficacy performance,0.6730912923812866
For leads that process longer than 25 seconds the system will record the event and duration,periodic execution or efficacy performance,not about periodic execution or efficacy performance,0.6120373010635376
The process must fit within the processing time conditions set forth by the Auto Rep Assignment process in which a lead is assigned within 3 minutes of the total life cycle.,periodic execution or efficacy performance,not about periodic execution or efficacy performance,0.510775625705719
The lead washing process will operate within the established physical web service structure.,not about periodic execution or efficacy performance,not about periodic execution or efficacy performance,0.7370458841323853
 The washing process must use a non binding  neutral data format  such as xml  when receiving and processing lead data.,not about periodic execution or efficacy performance,not about periodic execution or efficacy performance,0.6164143681526184
Defect reports will be available to technical units on a 24x7 basis.,not about periodic execution or efficacy performance,not about periodic execution or efficacy performance,0.6865580081939697
Washing parameters will be updated during scheduled maintenance hours.,not about periodic execution or efficacy performance,not about periodic execution or efficacy performance,0.8049860596656799
The product shall simulate the look of ships at sea.,not about periodic execution or efficacy performance,not about periodic execution or efficacy performance,0.6669163703918457
The product shall display the grids within a circle as a view from a periscope.,not about periodic execution or efficacy performance,not about periodic execution or efficacy performance,0.6110439300537109
The product shall display each type of ship in a grid using an image of the specific type of ship.,not about periodic execution or efficacy performance,not about periodic execution or efficacy performance,0.5002210140228271
 When the offensive player takes a shot  the product shall simulate the sound of a ship at sea.,not about periodic execution or efficacy performance,not about periodic execution or efficacy performance,0.5531865358352661
 When a shot is marked as a miss  the product shall simulate the sound of a shot missing its target.,not about periodic execution or efficacy performance,not about periodic execution or efficacy performance,0.5440727472305298
 When a shot is marked as a hit  the product shall simulate the sound of a shot hitting its target.,not about periodic execution or efficacy performance,not about periodic execution or efficacy performance,0.5581226348876953
 When a ship is sunk  the product shall simulate the sound of a sinking ship.,not about periodic execution or efficacy performance,not about periodic execution or efficacy performance,0.5504462718963623
 The product shall be available 24 hours per day  seven days per week.,not about periodic execution or efficacy performance,not about periodic execution or efficacy performance,0.7251176238059998
The product shall able to handle a large number of games simultaneously.,periodic execution or efficacy performance,not about periodic execution or efficacy performance,0.5893451571464539
The response time shall be fast enough to maintain the flow of the game.  The response time shall be no more than 2 seconds for 95% of responses and no more than 4% for the remaining responses.,periodic execution or efficacy performance,not about periodic execution or efficacy performance,0.4803013801574707
The product shall protect the identity of the players. The product shall provide players no access to information that might reveal the identity of another player.,periodic execution or efficacy performance,not about periodic execution or efficacy performance,0.5280739068984985
The product shall be intuitive and self-explanatory.  Nine out ten users shall be able to successfully complete a game with no training.,not about periodic execution or efficacy performance,not about periodic execution or efficacy performance,0.5935432314872742
 The product shall be available to players who understand English  Spanish and French.  The product shall allow the user to select the language upon accessing the product.,not about periodic execution or efficacy performance,not about periodic execution or efficacy performance,0.5173125863075256
The product shall provide players no access to information that might reveal the identity of another player,not about periodic execution or efficacy performance,not about periodic execution or efficacy performance,0.5935826301574707
The response time shall be fast enough to maintain the flow of the game. The response time shall be no more than 2 seconds for 95% of responses and no more than 4% for the remaining responses.,periodic execution or efficacy performance,not about periodic execution or efficacy performance,0.4746602475643158
The system shall be easy to use by callers and supervisors. Callers and supervisors must be able to accomplish any system task within 2 minutes.,not about periodic execution or efficacy performance,not about periodic execution or efficacy performance,0.5063028335571289
The system shall be easy to learn by callers and supervisors. Callers and supervisors shall learn how to use the system within 10 minutes.,not about periodic execution or efficacy performance,not about periodic execution or efficacy performance,0.5196019411087036
 The system shall be responsive. At the DePaul TeleServices Center  when a supervisor uses the system to view a callers schedule  the system response time must be no more than 2 seconds 90% of the time and no more than 5 seconds the rest of the time.,periodic execution or efficacy performance,not about periodic execution or efficacy performance,0.44756609201431274
 On a 56k connection  the system response time for all operations must be no more than 6 seconds 90% of the time.,periodic execution or efficacy performance,not about periodic execution or efficacy performance,0.5427630543708801
 On a 112k connection or faster  the system response time for all operations must be no more than 3 seconds 90% of the time.,periodic execution or efficacy performance,not about periodic execution or efficacy performance,0.5094653367996216
The system shall have high availability every day of the year.The system must be available for use between 12:00AM and 6:00PM all days of the year.,not about periodic execution or efficacy performance,not about periodic execution or efficacy performance,0.5148154497146606
The system must be available for use between 7:00AM and 11:59PM all days of the year.,not about periodic execution or efficacy performance,not about periodic execution or efficacy performance,0.5740126967430115
The product shall be internet browser independent.The product must run using Internet Explorer and Netscape Navigator.,not about periodic execution or efficacy performance,not about periodic execution or efficacy performance,0.6811439990997314
The product shall ensure that only supervisors can advertise empty time slots.The product must ensure that supervisors are allowed to access advertise empty time slots.,not about periodic execution or efficacy performance,not about periodic execution or efficacy performance,0.5527241230010986
The product shall ensure that only supervisors can enter a caller’s schedule.The product must ensure that supervisors are allowed to access advertise empty time slots.,not about periodic execution or efficacy performance,not about periodic execution or efficacy performance,0.5461437106132507
The product shall ensure that only supervisors can view schedule of all callers.The product must ensure that supervisors are allowed to access advertise empty time slots.,not about periodic execution or efficacy performance,not about periodic execution or efficacy performance,0.5399124622344971
 The interface shall have a simple look. In the interface and usability survey  90% of beta testers must report that the interface is adequately simple.,not about periodic execution or efficacy performance,not about periodic execution or efficacy performance,0.5331942439079285
 The interface shall be appealing to callers and supervisors. In the interface and usability survey  80% of beta testers must report that the interface is appealing.,not about periodic execution or efficacy performance,not about periodic execution or efficacy performance,0.5184192657470703
The product shall provide GUI based Monitoring Services.System Administrators shall monitor message exchanges will predict and determine problems and will also provide internal and external support.,not about periodic execution or efficacy performance,not about periodic execution or efficacy performance,0.5808190107345581
The product shall comply with City of Chicago Application Development Guide Framework.Application Development Framework will provide structured Graphical User Interface.,not about periodic execution or efficacy performance,not about periodic execution or efficacy performance,0.5778992176055908
The product shall provide Monitoring Services.The product shall be easy for System Administrators and DBAs to use after two weeks of usage.,not about periodic execution or efficacy performance,not about periodic execution or efficacy performance,0.5832746028900146
The product shall provide Error Tracking Services.The product shall help the System Administrators and DBAs to resolve transaction errors 99% of the time.,not about periodic execution or efficacy performance,not about periodic execution or efficacy performance,0.57183837890625
The product shall provide Portals.The product shall help System Administrators to analyze the transactions with ad-hoc reporting and KPIs (Key Performance Indicators),not about periodic execution or efficacy performance,not about periodic execution or efficacy performance,0.5790771245956421
The product shall provide Asynchronous Messaging.The product shall provide asynchronous messaging to enable parallel processing and reduce the overhead in communications,periodic execution or efficacy performance,not about periodic execution or efficacy performance,0.6195527911186218
The product shall provide Multi-threading and Load Balancing.The product shall provide multi-threading technology as well as load balancing to overcome data load spikes and traffic.,periodic execution or efficacy performance,not about periodic execution or efficacy performance,0.5368596315383911
The product shall process messages within 2 seconds.The product shall have a maximum message processing time of 2 seconds,periodic execution or efficacy performance,not about periodic execution or efficacy performance,0.6378896832466125
The product shall poll the system for messages every second.The product shall poll the system for new messages at a maximum of every 1 second.,periodic execution or efficacy performance,not about periodic execution or efficacy performance,0.5584090948104858
The product shall provide Dynamic Change Support and Transparent resource addition.The product shall support Transparent Resource addition and Dynamic Change support to provide scalability and avoid service interruptions of more than 1 day.,periodic execution or efficacy performance,not about periodic execution or efficacy performance,0.509693443775177
The product shall be available 99% of the time. Rationale: To avoid service interruption during busiest customer service response periods. The product shall be available 99.99% of the time for regular business days.,not about periodic execution or efficacy performance,not about periodic execution or efficacy performance,0.5296578407287598
The product shall be robust.The product shall have fault avoidance based on standards adoption.,not about periodic execution or efficacy performance,not about periodic execution or efficacy performance,0.678831160068512
The product shall be robust with fault tolerance.The product shall have fault tolerance by using recovery technique compensatory transaction and routing around failures.,not about periodic execution or efficacy performance,not about periodic execution or efficacy performance,0.5980727076530457
The product shall be able to process all transactions.The product shall process minimum of 1 million transactions per year.,not about periodic execution or efficacy performance,not about periodic execution or efficacy performance,0.625436007976532
The product shall be platform independent.The product shall enable access to any type of development environment and platform.,not about periodic execution or efficacy performance,not about periodic execution or efficacy performance,0.5818521976470947
The product shall interface CSR and Datastream.The product shall exchange messages between CSR and EAM on a real time basis without any direct interfaces between two systems.,not about periodic execution or efficacy performance,not about periodic execution or efficacy performance,0.5399731993675232
 : The product shall continue to operate during upgrade  change or new resource addition.The product shall be able to continue to operate with no interruption in service due to new resource additions.,not about periodic execution or efficacy performance,not about periodic execution or efficacy performance,0.5287326574325562
The product shall be updated on a regular basis.The product will have a new major feature introduced every six months and quarterly maintenance releases every six months.,not about periodic execution or efficacy performance,not about periodic execution or efficacy performance,0.5660349130630493
The product shall operate with every platform.The product shall accommodate any new technology without any change in its architecture.,not about periodic execution or efficacy performance,not about periodic execution or efficacy performance,0.6556991338729858
 The product shall have security.The product shall provide authentication  and authorization.,not about periodic execution or efficacy performance,not about periodic execution or efficacy performance,0.6729941368103027
The product shall information Security. The product shall enable privacy by encryption WS-Security and Integrity Checking.,not about periodic execution or efficacy performance,not about periodic execution or efficacy performance,0.6553836464881897
The product shall have audit capabilities.The product shall store messages for a minimum of one year for audit and transaction tracking purposes.,not about periodic execution or efficacy performance,not about periodic execution or efficacy performance,0.5614848136901855
The system shall use IBM and CCR branding standards. The interface must have one IBM logo and one CCR logo.,not about periodic execution or efficacy performance,not about periodic execution or efficacy performance,0.6285472512245178
The system shall be displayable on any work computer a CCR user may have. The system interface shall be formatted to display at 800 by 600 pixel resolution.,not about periodic execution or efficacy performance,not about periodic execution or efficacy performance,0.5423089265823364
The system interface will use CCR nomenclature. The system must use the same nomenclature used in the existing WCS system and reports,not about periodic execution or efficacy performance,not about periodic execution or efficacy performance,0.594678521156311
The interface must summarize the data in a fashion that’s appealing to CCR management. Every report type must have at least one high level summary shown in the results dashboard/interface,not about periodic execution or efficacy performance,not about periodic execution or efficacy performance,0.5521175861358643
The system must use a point and click interface. 100% of all selection and navigation functionality must be able to be activated/selected by either a mouse or a keyboard,not about periodic execution or efficacy performance,not about periodic execution or efficacy performance,0.4645962715148926
The interface shall be easy to use. 90% of users should be able to successfully use the system to generate a report on their first use. The interface should adhere to IBM usability standards.,not about periodic execution or efficacy performance,not about periodic execution or efficacy performance,0.46467217803001404
Rreports must be easy to generate. eports must be generated within one button click and exported within one button click (after selecting the report),not about periodic execution or efficacy performance,not about periodic execution or efficacy performance,0.5502930283546448
A user shall be able to use the system without instruction after a short amount of time. After one use a user should understand and remember 90% of the system usage and navigation.,not about periodic execution or efficacy performance,not about periodic execution or efficacy performance,0.44342470169067383
All CCR users shall receive training before the WCS system is deployed. One training session will be held for 100% of CCR users before system deployment (based on a CCR user being available),not about periodic execution or efficacy performance,not about periodic execution or efficacy performance,0.5286480188369751
The WCS system shall use appropriate nomenclature and terminology as defined by the Corporate Community Grants organization. All interfaces and reports will undergo usability tests by CCR users.,not about periodic execution or efficacy performance,not about periodic execution or efficacy performance,0.5505893230438232
The WCS system shall be available at all times as long as IBM’s internal intranet W3 is accessible. The WCS system will be available 95% of the time IBM’s internal intranet W3 is available.,not about periodic execution or efficacy performance,not about periodic execution or efficacy performance,0.49823644757270813
The WCS system shall have the ability to connect other designated WCS databases currently not included in the system.,not about periodic execution or efficacy performance,not about periodic execution or efficacy performance,0.5931317806243896
The WCS system shall have the ability to include data for regions outside the United States and be accessed by users outside of the United States if approved by CCR management.,not about periodic execution or efficacy performance,not about periodic execution or efficacy performance,0.4899848997592926
The WCS system shall be run in a Windows environment. The WCS shall be accessed by users through the Internet on an IBM computer running a Windows 2000 or above operating system.,not about periodic execution or efficacy performance,not about periodic execution or efficacy performance,0.5279051661491394
The Brio portion of the WCS system must be able to export files in spreadsheet form (Microsoft Excel and Lotus 1-2-3 formats).  Brio will provide buttons in the user interface that produce/export reports in .xls or .123 file formats.,not about periodic execution or efficacy performance,not about periodic execution or efficacy performance,0.4651249647140503
The WCS system must run queries to the WCS databases once again (on a specified day) to update the available data available to CCR users. Queries must be made to external databases for data refresh once a week.,not about periodic execution or efficacy performance,not about periodic execution or efficacy performance,0.5033514499664307
 All changes  updates  and additions to the WCS system shall be updated in the WCS Developer and WCS User Guides. Every change must be reflected in WCS system documentation,not about periodic execution or efficacy performance,not about periodic execution or efficacy performance,0.5472738742828369
The system shall only be accessed by authorized Corporate Community Grants (CCR) employees. Users must be authenticated using their IBM intranet user name and password.,not about periodic execution or efficacy performance,not about periodic execution or efficacy performance,0.5645291209220886
The WCS system shall not allow automatic logins by any user. Cookies containing WCS login information about a user will not be stored on a user’s computer.,not about periodic execution or efficacy performance,not about periodic execution or efficacy performance,0.5697178840637207
Each team owner will need to use a username and password in order to be authenticated to reach the team owner’s page,not about periodic execution or efficacy performance,not about periodic execution or efficacy performance,0.5135256052017212
The Commissioner will be the only authorized user per league to adjust league settings.,not about periodic execution or efficacy performance,not about periodic execution or efficacy performance,0.6524827480316162
Each page shall contain a navigation menu which shows the index into which the current page is contained.,not about periodic execution or efficacy performance,not about periodic execution or efficacy performance,0.6226350665092468
Each page shall contain a similar format with action items in one location and navigation buttons in a different location.,not about periodic execution or efficacy performance,not about periodic execution or efficacy performance,0.5809452533721924
The message board shall contain the 5 most recently posted messages on the league page. The messages will contain up to the first 150 characters of the message.,not about periodic execution or efficacy performance,not about periodic execution or efficacy performance,0.48079627752304077
;A new user shall be able to navigate through the league and team pages within 30 seconds of reaching the start-up page.,not about periodic execution or efficacy performance,not about periodic execution or efficacy performance,0.5308442711830139
Users shall be able to reach the ‘add’  ‘drop’  and ‘trade player’ pages with one click from the team owner’s page.,not about periodic execution or efficacy performance,not about periodic execution or efficacy performance,0.5091292858123779
;Users shall be able to view at least 25 NFL player statistics and points on each page.,not about periodic execution or efficacy performance,not about periodic execution or efficacy performance,0.6026155948638916
The application shall ask the user to confirm dropping a player or trading a player before performing the action.,not about periodic execution or efficacy performance,not about periodic execution or efficacy performance,0.557426393032074
The application shall be able to complete every user transaction within one fourth of a second of receiving the request over the network.,periodic execution or efficacy performance,not about periodic execution or efficacy performance,0.5284284949302673
The application shall have a downtime of at most 10 minutes per year.,not about periodic execution or efficacy performance,not about periodic execution or efficacy performance,0.6280417442321777
The application shall run on a web application server.,not about periodic execution or efficacy performance,not about periodic execution or efficacy performance,0.6461208462715149
A primary database will be used to store cached data for active users.,not about periodic execution or efficacy performance,not about periodic execution or efficacy performance,0.659074068069458
A secondary database will be used to store historical statistics and data.,not about periodic execution or efficacy performance,not about periodic execution or efficacy performance,0.6671001315116882
Application updates shall occur between 3AM and 6 AM CST on Wednesday morning during the middle of the NFL season.,not about periodic execution or efficacy performance,not about periodic execution or efficacy performance,0.5892518162727356
New System version releases shall be released at the beginning of each NFL season.,not about periodic execution or efficacy performance,not about periodic execution or efficacy performance,0.6595325469970703
The RFS system should be available 24/7  especially during the budgeting period. The RFS system shall be available 90% of the time all year  and 98% during the budgeting period. 2% of the time  the system will become available within 1 hour of the time that the situation is reported.,not about periodic execution or efficacy performance,not about periodic execution or efficacy performance,0.44562920928001404
98% of the user workstations shall meet the minimum hardware requirements prior to implementation. Minimum Hard Disk Space:  400MB.,not about periodic execution or efficacy performance,not about periodic execution or efficacy performance,0.5845378637313843
98% of the user workstations shall meet the minimum software requirements prior to implementation: Microsoft Internet Explorer 5.0. Microsoft .NET Framework 1.1. Microsoft Internet Explorer Web Controls,not about periodic execution or efficacy performance,not about periodic execution or efficacy performance,0.5618709325790405
The RFS system should be able to easily interface with the BDW environment  in order to load the data. •;7 data files shall be received from the BDW and loaded into the RFS system within 3 hours one day prior to the start of budgeting process  every year. The data will be as of October month-end. ;Test files (7) shall be loaded up to 5 times throughout the year  from the BDW.,not about periodic execution or efficacy performance,not about periodic execution or efficacy performance,0.43769371509552
Changes to revenue and expense formulae must be applied to the RFS system  every year  prior to the budgeting process start. Revenue and expense formulae will be updated within one week of their receipt  after which 2 weeks will be allotted to testing of the budget calculations  to be conducted jointly by the project development team and PCG Finance.,not about periodic execution or efficacy performance,not about periodic execution or efficacy performance,0.4468310475349426
New branches/complexes/districts/regions and revenue/expense accounts added to the BDW  must be reflected in the RFS system. 100% of the entities (mentioned above) available as of October month-end  will be loaded into the RFS system  prior to the budget start process.,not about periodic execution or efficacy performance,not about periodic execution or efficacy performance,0.4398013949394226
Only authorized user shall access the RFS system. ONLY users that exist in the UAS system  with the RFS system assigned to their role(s)  shall access the RFS system and use it.,not about periodic execution or efficacy performance,not about periodic execution or efficacy performance,0.5081498622894287
;User access should be limited to the permissions granted to their role(s) Each level in the PCG hierarchy will be assigned a role and users will be assigned to these roles. Access to functionality within RFS system is dependent on the privileges/permission assigned to the role..,not about periodic execution or efficacy performance,not about periodic execution or efficacy performance,0.4752129912376404
The product must comply with the intranet page standards and requirements of ENET Securities. 95% of the product look & feel will be approved by the Architecture group  prior to implementation. The remaining 5% will be corrected and approved within one month of product release.,not about periodic execution or efficacy performance,not about periodic execution or efficacy performance,0.4727373719215393
 The intranet pages should display appropriately in all resolutions  from 800x600 and higher. The display of all the pages will be correct in 95% of the resolutions  prior to implementation. The remaining 5% will be corrected within a week of notification of the incorrect display.,not about periodic execution or efficacy performance,not about periodic execution or efficacy performance,0.4415064752101898
The users should be able to easily use the system to successfully complete their budgets  within the stipulated time for completion. With a week of training prior to product implementation  98% of the users shall complete their budgets within the stipulated time.,not about periodic execution or efficacy performance,not about periodic execution or efficacy performance,0.4624038636684418
The product interface should be fast. The response time of the product interface should not exceed 2 seconds 90% of the time. For 10% of the time  the response time should not be more than 10 seconds.not be more than 10 seconds.,periodic execution or efficacy performance,not about periodic execution or efficacy performance,0.4277907609939575
