Requirement text,Gold label,Predicated label,ZSL score
The system shall refresh the display every 60 seconds.,performance,not about performance,0.5133978724479675
The application shall match the color of the schema set forth by Department of Homeland Security,not about performance,not about performance,0.3522530794143677
 If projected  the data must be readable.  On a 10x10 projection screen  90% of viewers must be able to read Event / Activity data from a viewing distance of 30,not about performance,not about performance,0.39768335223197937
 The product shall be available during normal business hours. As long as the user has access to the client PC  the system will be available 99% of the time during the first six months of operation.,not about performance,not about performance,0.39378485083580017
 If projected  the data must be understandable. On a 10x10 projection screen  90% of viewers must be able to determine that Events or Activities are occuring in current time from a viewing distance of 100,not about performance,not about performance,0.36749330163002014
The product shall ensure that it can only be accessed by authorized users.  The product will be able to distinguish between authorized and unauthorized users in all access attempts,not about performance,not about performance,0.4141429364681244
The product shall be intuitive and self-explanatory.  :  90% of new users shall be able to start the display of Events or Activities within 90 minutes of using the product.,not about performance,not about performance,0.3332350254058838
The product shall respond fast to keep up-to-date data in the display.,performance,not about performance,0.41987675428390503
The look and feel of the system shall conform to the user interface standards of the smart device.,not about performance,not about performance,0.3457818031311035
 The user interface shall have standard menus  buttons for navigation,not about performance,not about performance,0.4957689046859741
The system shall have a professional appearance,not about performance,not about performance,0.5374893546104431
The product shall have a consistent color scheme and fonts.,not about performance,not about performance,0.42834874987602234
The system shall be used by realtors with no training.,not about performance,not about performance,0.4990050792694092
The system shall be intuitive and self explanatory.,not about performance,not about performance,0.4957932233810425
The product shall be easy for a realtor to learn.,not about performance,not about performance,0.46596595644950867
The product shall use symbols and words that are naturally understandable by the realtor community.,not about performance,not about performance,0.35835593938827515
The product shall produce search results in an acceptable time,performance,not about performance,0.48907625675201416
The search results shall be returned no later 30      seconds  after the user has entered the search criteria,performance,performance,0.3469788134098053
The product shall generate a CMA report in an acceptable time.,performance,not about performance,0.4468403458595276
The CMA report shall be returned no later 60 seconds after the user has entered the CMA report criteria.,performance,performance,0.3742515444755554
The product shall synchronize contacts and appointments in an acceptable time.,performance,not about performance,0.44396302103996277
The product shall synchronize with the office system every hour.,performance,not about performance,0.5055620670318604
 The product shall be available for use 24 hours per day  365 days  per year,not about performance,not about performance,0.4748387336730957
 Out of 1000 accesses to the system  the system is available 999 times.,not about performance,not about performance,0.3909837007522583
The product shall operate in offline mode whenever internet connection is unavailable.,not about performance,not about performance,0.4961720407009125
 The product shall allow the user to view previously downloaded search results  CMA reports  and appointments.,not about performance,performance,0.3565972149372101
The product shall retain user preferences in the event of a failure.,not about performance,not about performance,0.4351862370967865
100% of saved user preferences shall be restored when system comes back online.,not about performance,not about performance,0.4242843687534332
The product shall be able to support multiple remote users,not about performance,not about performance,0.4971136748790741
The product shall be able support 1000 simultaneous users.,not about performance,not about performance,0.4890081286430359
The product shall be capable of handling the existing 1000 users. This number is expected to grow 5 times within the next year.,not about performance,not about performance,0.4270303547382355
The product shall be installed by an untrained realtor   without recourse to separately-printed instructions.,not about performance,performance,0.347869873046875
90% of untrained realtors shall be able to install the product on their device without printed instructions,not about performance,not about performance,0.3921266496181488
The product is expected to run on Windows CE and Palm operating systems.,not about performance,not about performance,0.40072304010391235
Only registered realtors shall be able to access the system.,not about performance,not about performance,0.4772152900695801
Every user of the system shall be authenticated and authorized.,not about performance,not about performance,0.4250589907169342
The product shall prevent its data from incorrect data being introduced.,not about performance,not about performance,0.5251813530921936
The system shall be easy to use by the Program Administrators/Nursing Staff Members.,not about performance,not about performance,0.35815852880477905
All of the users shall be able to use the system after one day of training.,not about performance,not about performance,0.40505385398864746
The system shall help the user avoid making mistakes while scheduling classes and clinicals for the nursing students.,not about performance,not about performance,0.3824195861816406
The number of mistakes noted by the students shall be decreased by 50% in the first year.,not about performance,not about performance,0.3686648905277252
The system shall be intuitive to the Program Administrators/Nursing Staff Members.,not about performance,performance,0.350181519985199
2 out of 3 Program Administrators/Nursing Staff Members shall successfully be able to use the system to manage the scheduling of classes and clinicals.,not about performance,performance,0.33575040102005005
The system shall use symbols and words that are naturally understandable by the user community.,not about performance,not about performance,0.40515100955963135
The verbiage used within the system shall be consistent with Standard English and the terminology of the national Nursing Community.,not about performance,not about performance,0.282624751329422
Staff members shall be able to complete a set of tasks in a timely manner.,performance,not about performance,0.35822415351867676
The response time of general student management tasks shall take no longer than 5 seconds and the response time of schedule generation shall take no longer than 30 seconds.,performance,not about performance,0.37921515107154846
The system shall be available for use between the hours of 8am and 6pm.,not about performance,not about performance,0.4299541413784027
The system shall achieve 95% up time.,not about performance,not about performance,0.5415888428688049
system shall be able to handle all of the user requests/usage during business hours.,not about performance,not about performance,0.4573543965816498
The system shall cater to 10 simultaneous users from 9am to 5pm.,not about performance,not about performance,0.42653965950012207
The system shall be capable of processing 100% of nursing students and their classes for the next 10 years.,not about performance,not about performance,0.3899497389793396
The system shall be expected to manage the nursing program curriculum and class/clinical scheduling for a minimum of 5 years.,not about performance,performance,0.34439536929130554
The system shall able to operate within a business office environment typical of the Nursing Department at DePaul University.,not about performance,performance,0.3328234851360321
The system shall be used within the specifications defined by the computers used by the Program Administrators/Nursing Staff Members.,not about performance,performance,0.3356834053993225
The system shall operate within the Windows XP Professional operating system.,not about performance,not about performance,0.43204277753829956
The system shall interface with CampusConnect’s central server,not about performance,not about performance,0.4755682051181793
The system shall interface with the faculty central server.,not about performance,not about performance,0.46454986929893494
The system shall interface with the student master server.,not about performance,not about performance,0.47883737087249756
We must be able to interface with any HTML browser.,not about performance,not about performance,0.48604899644851685
Only authorized users shall have access to clinical site information.,not about performance,not about performance,0.476642370223999
Program Administrators/Nursing Staff Members are the only people who shall have access to clinical site details.,not about performance,performance,0.3751557171344757
Only authorized users shall have access to students’ personal information.,not about performance,not about performance,0.45714443922042847
Dr Susan Poslusny and Dr Julie Donalek are the only people who shall have access to students’ personal information.,not about performance,performance,0.34412485361099243
Only authorized users shall have access to the portion of the system that interfaces with CampusConnect.,not about performance,not about performance,0.3694612383842468
Fit Criterion: Dr Susan Poslusny and Karen Sysol are the only people who shall have access to the final class section scheduling for the system that interfaces with CampusConnect.,not about performance,performance,0.330157607793808
The system shall have basic data integrity checking to reduce the possibility of incorrect or invalid data being introduced.,not about performance,not about performance,0.3814273774623871
The system shall protect private information in accordance with the organization’s information policy.,not about performance,not about performance,0.4148479998111725
The system shall be built such that it is as secure as possible from malicious interference.,not about performance,not about performance,0.40744146704673767
The system shall use the organization’s standard virus protection software to help monitor threats to itself.,not about performance,not about performance,0.3837426006793976
The Disputes application shall comply with the corporate standards for user interface creation for internally and externally used applications.,not about performance,performance,0.353397399187088
All screens created as part of the Disputes application must comply with corporate standards for interface creation.,not about performance,not about performance,0.3718637228012085
The list of dispute cases that are displayed after a search is performed must be color coded for easy identification of dispute cases based upon the dispute case status.,not about performance,not about performance,0.34216171503067017
100% of the cardmember and merchant services representatives shall use the Disputes application regularly after a 2-day training course.,not about performance,performance,0.3364078104496002
100% of cardmember services representatives shall be able to successfully create a dispute case on the first encounter after completing the training course.,not about performance,not about performance,0.3335725665092468
100% of merchant services representatives shall be able to successfully perform a follow up action on a dispute case on the first encounter after completing the training course.,not about performance,not about performance,0.3520358204841614
The maximum wait time for a user navigating from one screen to another within the Disputes application shall be no more than 5 seconds.,performance,not about performance,0.4217393398284912
The Disputes application shall support 350 concurrent users without any degradation of performance in the application.,performance,not about performance,0.37053990364074707
 The Disputes application shall be available 24x7x365  with the exception of the following scheduled maintenance windows.  Monday – Saturday 3:00am to 4:00am EST Sunday 1:00amd to 5:00am EST,not about performance,performance,0.3984033465385437
The Disputes application shall interface with the Statement Database. The Statement Database provides the transaction details to the Disputes System. All transaction details must be obtained from the Statement Database,not about performance,performance,0.3673618733882904
The Disputes application shall interface with the Cardmember Information Database.  The Cardmember Information Database provides detailed information with regard to a cardmember.  All cardmember detail information must be obtained from the Cardmember Information Database.,not about performance,performance,0.3169994652271271
The Disputes applications shall interface with the Merchant Information Database.  The Merchant Information Database provides detailed information with regard to the merchant. All merchant detail information shall be obtained from the Merchant Information Database.,not about performance,performance,0.31477802991867065
The Disputes application shall interface with the Letters application.  This will allow the Disputes application to request letters as part of the dispute initiation and dispute follow up process. All letter requests must be sent to the Print Letter Utility application.,not about performance,performance,0.3523750305175781
The Disputes application shall interface with the Cardmember Posting and Billing System.  This will allow the Disputes application to request adjustments to cardmember and merchant’s accounts. All adjustment requests must be sent to the Cardmember Posting and Billing System.,not about performance,performance,0.358345091342926
The Disputes application shall ensure that only users with the appropriate access level are allowed to initiate dispute requests.,not about performance,not about performance,0.3662427067756653
Only users with Update access must be able to initiate dispute requests.,not about performance,not about performance,0.4860960841178894
The Disputes application shall ensure that only authorized users are allowed to logon to the application.,not about performance,not about performance,0.35471311211586
 All authorized users  once authenticated must be able to logon to the Disputes System,not about performance,not about performance,0.38336995244026184
The Disputes System shall generate a User Report that details any new users that have been added and any changes to an existing user’s access level.  The report will be reviewed for auditing purposes.,not about performance,not about performance,0.38640913367271423
All additions of new users and modifications to user’s access shall be recorded on the User Report.,not about performance,not about performance,0.36602094769477844
 If a user account is revoked  it can only be re-instantiated by the System Administrator.,not about performance,not about performance,0.43785080313682556
Only the System Administrator shall be able to reset a revoked user logon account,not about performance,not about performance,0.4005947411060333
The Disputes application shall manipulate and view business data. Users will not have direct access to data files or databases.,not about performance,not about performance,0.45474305748939514
All updates to data files or database must be initiated from the Disputes System.,not about performance,not about performance,0.40210774540901184
The Disputes application must conform to the legal requirements as specified by the Merchant Operating Regulations.,not about performance,performance,0.30411583185195923
All business rules specified in the Disputes System shall be in compliance with the Merchant Operating Regulations.,not about performance,performance,0.3023592531681061
The Disputes application must conform to the legal requirements as specified by Regulation E and Regulation Z that govern credit card disputes processing.,not about performance,performance,0.3085518479347229
All business rules specified in the Disputes System shall be in compliance to the guidelines of Regulation E and Regulation Z.,not about performance,performance,0.28690260648727417
The Disputes application must maintain a detailed history of every action that a user takes on a dispute case.  This ensures a complete audit trail if questions arise later on with regard to a particular dispute case.,not about performance,not about performance,0.34216129779815674
All actions that modify an existing dispute case must be recorded in the case history.,not about performance,not about performance,0.3726489841938019
The product must support Internet Explorer 5.5 and above.,not about performance,not about performance,0.5537422895431519
The product must support Mozilla Firefox 1.0 and above.,not about performance,not about performance,0.4830727279186249
The product shall interface with the Choice Parts System.  This provides the feed of recycled parts data.,not about performance,not about performance,0.42927420139312744
The product shall run on the existing hardware for all environments.,not about performance,not about performance,0.4722634255886078
The product shall adhere to the corporate Architecture guidelines,not about performance,performance,0.38373464345932007
The product shall comply with corporate User Interface Guidelines,not about performance,performance,0.40000876784324646
The product shall comply with corporate color scheme,not about performance,not about performance,0.4949718713760376
The appearance of the product shall appear professional,not about performance,not about performance,0.5091158151626587
The product shall be easy to use by Adjusters and Collision Estimators.  95% of Adjusters and Collision Estimators shall find the product easy to use.,not about performance,not about performance,0.33577024936676025
The product shall increase productivity of Collision Estimators. 80% of the Collision Estimators shall agree their productivity has increase within 1 month of using the product.,not about performance,performance,0.37072911858558655
Users shall feel satisfied using the product.  85% of all users will be satisfied with the product.,not about performance,not about performance,0.4195846915245056
The product shall be easy to learn by Adjusters and Collision Estimators.  The product shall be learned with two days onsite training,not about performance,not about performance,0.3765963017940521
The user shall easily locate instructions while using the product.  User help can be found within 90% of the system.,not about performance,not about performance,0.42885881662368774
The search for recycled parts shall take no longer than 15 seconds.  The search results shall be returned in under 15 seconds.,performance,not about performance,0.4339614510536194
The search for the preferred repair facility shall take no longer than 8 seconds.  The preferred repair facility is returned within 8 seconds,performance,not about performance,0.4187767505645752
The recycled parts audit report shall be returned to the user within 10 seconds.  The audit report shall be returned within 10 seconds.,performance,not about performance,0.3622201979160309
The preferred repair facility ratings shall be saved within 5 seconds. The save shall occur within 5 seconds.,performance,not about performance,0.41154739260673523
The product shall adhere to the corporate online availability schedule.  The application is brought down only within 98% of the scheduled outages per the availability schedule.,not about performance,not about performance,0.35905104875564575
The product shall achieve a 98% uptime. The product shall not fail more than 2% of the available online time.,not about performance,not about performance,0.40443849563598633
The product shall be able to handle up to 1500 simultaneous users. The system shall perform with 1500 users as a time.,not about performance,not about performance,0.40671172738075256
 The average number of recycled parts records per day shall be 50 000.,not about performance,not about performance,0.4138299822807312
 The product shall be able to handle 10 000 concurrent users within 2 years of the initial launch.,not about performance,not about performance,0.37897634506225586
 For estimators  the product shall be able to be operated in a repair facility during dirty and noisy conditions.,not about performance,performance,0.29201436042785645
The product shall interface with the ChoiceParts system once per day at approximately 1:00 AM.,not about performance,not about performance,0.4456676244735718
The maintenance of the product will fall within the established corporate maintenance windows.,not about performance,not about performance,0.32431647181510925
The product shall be supported using the corporate support center.,not about performance,not about performance,0.47232985496520996
Product installations and upgrades shall be handled by the middleware technology team within established launch time frames.,not about performance,performance,0.3740301728248596
Only adjusters can request recycled parts audit reports. No users without an adjuster role shall request recycled parts audits.,not about performance,performance,0.3960055708885193
Only adjusters with a supervisor role can update preferred repair facility ratings. Users without the supervisor role cannot access the repair facility ratings.,not about performance,performance,0.37750697135925293
Only collision estimators shall search for recycled parts.  Users without the collision estimator role shall not have access to the search for recycled parts.,not about performance,performance,0.3757736384868622
Only valid data shall be entered into the system.  No invalid data shall be entered into the system.,not about performance,not about performance,0.4261658191680908
One insurance company shall not be able to view another insurance companys claim data.,not about performance,not about performance,0.40391576290130615
The product shall free of computer viruses.,not about performance,not about performance,0.5278418064117432
The system shall prevent malicious attacks including denial of service.,not about performance,performance,0.4429175853729248
The product must comply with Sarbanes-Oxley.,not about performance,not about performance,0.43033042550086975
The product shall comply with the estimatics laws relating to recycled parts usage.,not about performance,performance,0.34606337547302246
The product shall comply with insurance regulations regarding claims processing.,not about performance,performance,0.45560023188591003
 The product must work with most database management systems (DBMS) on the market  whether the DBMS is colocated with the product on the same machine or is located on a different machine on the computer network.,not about performance,not about performance,0.3524833917617798
The product will function alongside server software on any operating system where the Java runtime can be installed.,not about performance,not about performance,0.41405636072158813
The product will require collaboration with a database management system (DBMS).  The DBMS may be located on the same machine as the product or on a separate machine residing on the same computer network.,not about performance,performance,0.3304738998413086
 The product must make use of web/application server technology.  Open source examples include Apache web server  Tomcat  and the JBoss application server.,not about performance,performance,0.3595536947250366
 A database management system such as Oracle  DB2  MySql or HSQL will need to be integrated with the product.,not about performance,performance,0.34259936213493347
 The product’s Look and Feel shall be able to incorporate aspects of the customer’s organization such as logo  branding  and identity,not about performance,performance,0.35128867626190186
The product shall have a conservative and professional appearance.,not about performance,not about performance,0.421801894903183
The product shall make the users want to use it. 80% of the users surveyed report they are regularly using the product after the first 2 weeks post-launch.,not about performance,not about performance,0.36295461654663086
The product shall be easy to use. 90% of users will be able to successfully reserve a conference room within 5 minutes of product use.,not about performance,not about performance,0.39140573143959045
The product shall give users feedback when necessary. 80% of the users surveyed report that the product accurately confirms their actions.,not about performance,not about performance,0.3711082935333252
The product shall allow the user to select a chosen language from one of the target market countries.,not about performance,not about performance,0.39875295758247375
The product shall allow for customization of start page and views preferences.,not about performance,not about performance,0.44425609707832336
 An employee will be able to successfully use the product within a few minutes.  After informally navigating the product for less than 15 minutes  users shall be able to successfully setup meetings and reserve conference rooms.,not about performance,not about performance,0.3512878119945526
The product shall use a standard navigation menu familiar to most web users.,not about performance,not about performance,0.4552258253097534
The product shall allow for intuitive searching of available conference rooms.,not about performance,not about performance,0.47959864139556885
The product shall conform to the Americans with Disabilities Act.,not about performance,performance,0.3789733350276947
The response shall be fast enough to avoid interrupting the user’s flow of thought.  90% of tasks shall complete within 5 seconds.  98% of tasks shall complete within 8 seconds.,performance,not about performance,0.3758212924003601
 Aside from server failure  the software product shall achieve 99.99% up time.,not about performance,performance,0.45382973551750183
The product shall create an exception log of problems encountered within the product for transmission to our company for analysis and resolution.,not about performance,not about performance,0.3694368600845337
 The product shall be capable of handling up to 1 000 concurrent requests.  This number will increase to 2 000 by Release 2.  The concurrency capacity must be able to handle peak scheduling times such as early morning and late afternoon hours.,not about performance,performance,0.39300739765167236
 The product shall be able to process 10 000 transactions per hour within two years of its launch.  This number will increase to 20 000 by Release 2.,not about performance,not about performance,0.41055670380592346
The product shall be expected to operate for at least 5 years for each customer installation.,not about performance,not about performance,0.4301871657371521
The product shall be used in office environments.,not about performance,not about performance,0.4786398112773895
The product must be able to interface with any HTML browser.  The product shall transmit data between the user and the product without problems. The product shall display HTML properly in 80% of all HTML browsers tested (minimum is to test 8 browsers).,not about performance,not about performance,0.37203019857406616
The product must be able to interface with various database management systems. The product shall communicate successfully with the database management system on 100% of all transactions.,not about performance,not about performance,0.4057284891605377
The product must be able to interface with various email servers. The product shall be able to send email.,not about performance,not about performance,0.4294454753398895
The product shall be available for distribution via the Internet as a binary or ZIP file.,not about performance,not about performance,0.3587881922721863
The product shall be available for distribution as a packaged CD.,not about performance,not about performance,0.39935237169265747
 The product will be available for licensing as a one-server  two-five servers  or five-or-more servers license.,not about performance,performance,0.3639230728149414
A new user must be able to be added to the system within 10 minutes.  90% of new users are able to log into the system within 10 minutes.,not about performance,not about performance,0.38802704215049744
The product must be designed using Design Patterns and coding best practices.  90% of maintenance software developers are able to integrate new functionality into the product with 2 working days.,not about performance,not about performance,0.3917187750339508
The product must be highly configurable for use with various database management systems for the end users.  80% of end users are able to integrate new database management systems with the product without changing the product’s software code.,not about performance,not about performance,0.38726961612701416
Maintenance releases will be offered to customers once a year.  The releases shall take no longer than 5 minutes for 80% of the customer base to install.,not about performance,not about performance,0.41452354192733765
Every registered user will have access to the product’s support site via the Internet.  70% of registered users shall find a solution to their problem within 5 minutes of using the support site.,not about performance,not about performance,0.4147357940673828
The customer shall be able to easily integrate new building maps with the product throughout the product’s lifecycle.  Integration of new maps with the product shall be possible with little to no support from product support staff.,not about performance,not about performance,0.3615151643753052
 The product shall be translated into foreign languages other than the target market countries’ languages in future releases.  For each emerging target market  it shall take no more than 5 days to configure the product for that market’s language.,not about performance,not about performance,0.3603200912475586
 The product is expected to integrate with multiple database management systems.  The product will operate with Oracle  SQL Server  DB2  MySQL  HSQL  and MS Access.,not about performance,performance,0.345590740442276
The product shall be able to be installed in any operating environment within 2 days.,not about performance,not about performance,0.4082028567790985
The product shall ensure that only company employees or external users with company-approved user IDs may have product access.  100% of all logons shall be by either company employees or external users with company-approved user IDs.,not about performance,performance,0.3649435043334961
Only managers are able to perform search queries for reservations by user.  100% of all search queries for reservations by user shall be from logons of only management logons.,not about performance,not about performance,0.4065026044845581
The product shall ensure that the database’s data corresponds to the data entered by the user.  Each conference room reservation in the system will contain the same information as was entered by the user.,not about performance,not about performance,0.35662010312080383
The product shall prevent the input of malicious data.  The product and/or adjacent hardware/software systems’ data shall remain 100% uncorrupted each time malicious data is input into the product.,not about performance,performance,0.3602476716041565
The product and/or dependent databases/filesystems shall remain operational as a result of the input of malicious data.  The product and/or dependent databases/filesystems shall not crash 100% of the time that malicious data is input into the product.,not about performance,performance,0.35953113436698914
The product shall have the ability to receive automatic software updates as new threats emerge.  100% of customers will be able to receive automatic software updates transmitted to the installed product.,not about performance,not about performance,0.36340707540512085
The language of the product shall accommodate all of the target market countries. 90% of survey respondents from each target market country will find that the language of the product is acceptable.,not about performance,not about performance,0.33900076150894165
The product shall be able to display calendar dates and times according to the user’s locale.  90% of survey respondents from each target market country will find that the date and time formatting of the product is correct.,not about performance,not about performance,0.33677440881729126
The product must be developed with the J2SE/J2EE programming language libraries,not about performance,not about performance,0.37891802191734314
Recreation of Inventory Quantity Adjustment for the period of previous 30 days shall take no more than 30min.,performance,performance,0.3935701251029968
The System shall allow for a minimum of  6 users to work at the same time.,performance,not about performance,0.4313850402832031
The System shall utilize currently owned computer equipment.,not about performance,not about performance,0.515836238861084
The System shall be able to automatically backup business data and restore them on demand.,not about performance,not about performance,0.4104384779930115
The System shall maintain consistent security.  Any changes in user passwords and/or permissions should take affect in all parts of the System.,not about performance,not about performance,0.402332603931427
The System shall granularly control access rights to all major subsystems.  It should be possible to assign access rights to all subsystems independently.,not about performance,performance,0.3803029954433441
The System shall meet all applicable accounting standards.  The final version of the System must successfully pass independent audit performed by a certified auditor.,not about performance,performance,0.38942453265190125
The System shall not require additional third party licenses resulting in royalty fees.,not about performance,performance,0.385098934173584
Administrator shall be able to activate a pre-paid card via the Administration section in under 5 seconds.,performance,not about performance,0.36249539256095886
 Customer shall be able to check the status of their prepaid card  by entering in the PIN number  in under 5 seconds.,performance,not about performance,0.3646008372306824
System shall let customers register on the website as a “pay as you go” user in under 5 minutes.,performance,not about performance,0.4187524914741516
System shall let customers register on the website as a “unlimited movie subscriber” user in under 10 minutes.,performance,not about performance,0.41131147742271423
System shall let existing customers log into the website with their email address and password in under 5 seconds.,performance,not about performance,0.43687909841537476
 System shall let customers cancel their account  process shall take no longer than 2 minutes.  Database will mark the account as inactive  and user will not be able to log into the website.,performance,not about performance,0.3929101526737213
System shall let administrator de-activate a customer account in under 1 minute. Customer will no longer be able to access the website.,performance,not about performance,0.4498709440231323
System shall let administrator add/remove movies on the website in under 5 minutes.  Entered movie information will be stored in the database and will now be available on the website.,performance,not about performance,0.3881989121437073
System shall let the administrator add/remove categories on the website in under 5 minutes.,performance,not about performance,0.40691250562667847
System shall let Izogn Manager access sales and usage statistics in under 2 minutes.,performance,not about performance,0.4128265380859375
System shall let administrators generate unique pre-paid pins in under 2 minutes and generate an Excel file with the generated PINs.,performance,performance,0.35341745615005493
The website shall be attractive to all audiences.  The website shall appear to be fun and the colors should be bright and vibrant.,not about performance,not about performance,0.36027592420578003
 The website should have an African feel  but should not alienate non-Africans.  The website should use animation on pages which are describing the services  to grab the users attention and encourage them to sign up.,not about performance,not about performance,0.3567948341369629
 The website design should be modern  clean  and concise.,not about performance,not about performance,0.41719773411750793
The product should be able to be used by 90% of novice users on the Internet.,not about performance,not about performance,0.39576852321624756
 Users should only have to navigate through a maximum of 4 pages  to create an account with the website.,not about performance,not about performance,0.3881674110889435
Users should be able to access their streaming movies in under 2 clicks after logging into the website.,not about performance,not about performance,0.4232306480407715
An anonymous survey will show that 70% of customers are comfortable purchasing streaming movies after 2 weeks using the website.,not about performance,not about performance,0.4122889041900635
An anonymous survey will show that 95% of customers are comfortable using and purchasing pre-paid cards after a month of using the system.,not about performance,not about performance,0.37818312644958496
The product shall retain the customer’s buying preferences and information.,not about performance,not about performance,0.3972168266773224
The product shall be easy for customers with novice skills on the  Internet to purchase and watch streaming movies.  Customers should be able to purchase and watch a pre-determined movie in under 3 minutes.,not about performance,not about performance,0.3495924174785614
The product shall use symbols and words that are naturally understandable by users familiar with websites,not about performance,not about performance,0.3896588385105133
The website will use standard Internet conventions when interacting with the user.,not about performance,not about performance,0.481691837310791
 Any interface between a user and the automated system shall have a maximum response time of 5 seconds  unless noted by an exception below.,performance,not about performance,0.36691606044769287
 When purchasing a streaming movie or pre-paid card via credit card  the processing time should have a maximum response time of 15 seconds.,performance,not about performance,0.35787373781204224
 When streaming a movie  the buffering time should take no longer than 10 seconds (plus any latency on the user’s connection.),performance,not about performance,0.41237321496009827
 While streaming a movie  buffering should only occur if there is latency in the user’s connection.,performance,not about performance,0.40869274735450745
 All credit card information will be secured on the server  and only accessible by authorized Izogn administrators.  Information will be encrypted in the database.,not about performance,performance,0.37384265661239624
 The website shall be available for use 24 hours per day  365 days per year.,not about performance,not about performance,0.4797908365726471
The website shall achieve 99.5% up time.,not about performance,not about performance,0.5773831605911255
 All movies shall be streamed on demand  at any time of the day.,not about performance,not about performance,0.39988449215888977
The website shall continue to operate if the streaming server goes down.,not about performance,not about performance,0.43501436710357666
The website shall continue to operate if the payment gateway goes down.,not about performance,not about performance,0.46289190649986267
The streaming server will support 50 simultaneous streaming connections.,not about performance,not about performance,0.49134325981140137
The streaming server will support a maximum of 700 movies  new servers can be added to support more movies.,not about performance,not about performance,0.44032806158065796
 The server will support a maximum of 1 000 simultaneous users.,not about performance,not about performance,0.4702731966972351
 The website shall be capable of supporting 100 000 customers.,not about performance,not about performance,0.4922317862510681
The product shall be expected to operate within the maximum maintenance budget for a minimum of 2 years.,not about performance,not about performance,0.3957842290401459
All aspects of the website shall be accessed by a web browser over the Internet.,not about performance,not about performance,0.40553876757621765
The same hardware supporting the current website will be used to support the new system.,not about performance,not about performance,0.4342871606349945
 We must be able to interface with the following browsers: IE 5.X  6.0  Netscape 6.x  7.x  8.x and Firefox 1.0.,not about performance,not about performance,0.43357419967651367
Website must interface with the CyberSource API to process credit card transactions.,not about performance,performance,0.39676207304000854
Website must be fully operational with MSN TV2.,not about performance,not about performance,0.48823171854019165
Movies shall be encoded and streamed via Windows Media Player 9.0.,not about performance,performance,0.4465436339378357
Movies shall be encoded for 56k and 256k streams.,not about performance,performance,0.37485653162002563
Promotional updates to the website should take a day to update.,not about performance,not about performance,0.4530203342437744
Izogn Administrator must be able to update the category listings on the website within 2 minutes.,performance,not about performance,0.39494073390960693
Izogn Administrator must be able to add new products to the website within 2 minutes.,performance,not about performance,0.41251781582832336
The system will provide a 24 hour 800 toll free number for support to its customers.,not about performance,not about performance,0.470386266708374
The website will provide a help section with answers and solutions to common problems.,not about performance,not about performance,0.45822611451148987
 Velkat staff will be available for phone support between 7am-7pm  M-F to provide technical support to the Izogn administrators.,not about performance,not about performance,0.4118787348270416
The product shall be able to be installed in the specified environment within 1 working day.,not about performance,not about performance,0.39188942313194275
Only registered customers can purchase streaming movies.,not about performance,not about performance,0.6057322025299072
 A customer can only stream a movie if they purchased it  and are within the 2 day viewing period.,not about performance,not about performance,0.41183313727378845
Only authorized personnel can access customer records in the database.,not about performance,performance,0.4434877932071686
Only administrators can activate a pre-paid card.,not about performance,not about performance,0.46800529956817627
Only authorized personnel can access sales information.,not about performance,performance,0.5479888916015625
The website shall prevent its data from being corrupted when incorrect data is entered in.,not about performance,not about performance,0.46606820821762085
 The website shall protect itself from intentional abuse  and notify the administrator at all occurrences.,not about performance,performance,0.36732590198516846
Data integrity scripts will be run on a weekly basis to verify the integrity of the database.,not about performance,not about performance,0.35216718912124634
 The website shall make its user aware of its information practices before collection data from them via a Privacy Policy  accessible on all pages of the website.,not about performance,not about performance,0.3825591206550598
The system shall notify customers of changes to its information policy.,not about performance,not about performance,0.5048238635063171
The system shall reveal private information only in compliance with the organization’s information policy.,not about performance,not about performance,0.3999652862548828
 All customer information will be stored on a secure database  accessible only to authorized personnel.,not about performance,not about performance,0.39559206366539
All credit card information will be encrypted in the database.,not about performance,not about performance,0.4613395035266876
The streaming server will have anti-virus software to prevent infection of malicious viruses.,not about performance,performance,0.33377188444137573
The website should cater to all tribes in Nigeria.,not about performance,not about performance,0.4345868229866028
The website shall not be offensive to religious or ethnic groups.,not about performance,not about performance,0.38732025027275085
 The website should appeal to all Africans  not only Nigerians.,not about performance,performance,0.4109377861022949
The website should use Flash to provide animation on the home page.,not about performance,not about performance,0.4797857105731964
IzognMovies shall meet the licensing requirements set forth by the appropriate organizations in order to stream African movies.,not about performance,performance,0.33423900604248047
The website will comply with W3C standards.,not about performance,not about performance,0.529353678226471
The PHP code will comply with PEAR standards.,not about performance,not about performance,0.46545785665512085
Total lead cycle time must be completed in 5 minutes for 90% of lead volume between the business hours of 8AM CST to 8PM CST  then 3 minutes for 99% of lead volume during off business hours.,performance,not about performance,0.3878934383392334
No lead evaluation will complete in a time period longer than 25 seconds for 97% of all leads processed.,performance,not about performance,0.47917115688323975
For leads that process longer than 25 seconds the system will record the event and duration,performance,not about performance,0.44165948033332825
The process must fit within the processing time conditions set forth by the Auto Rep Assignment process in which a lead is assigned within 3 minutes of the total life cycle.,performance,not about performance,0.3655255436897278
The lead washing process will operate within the established physical web service structure.,not about performance,not about performance,0.4451696276664734
 The washing process must use a non binding  neutral data format  such as xml  when receiving and processing lead data.,not about performance,performance,0.38628697395324707
Defect reports will be available to technical units on a 24x7 basis.,not about performance,not about performance,0.44189226627349854
Washing parameters will be updated during scheduled maintenance hours.,not about performance,not about performance,0.5261227488517761
The product shall simulate the look of ships at sea.,not about performance,not about performance,0.3974817097187042
The product shall display the grids within a circle as a view from a periscope.,not about performance,not about performance,0.3783184885978699
The product shall display each type of ship in a grid using an image of the specific type of ship.,not about performance,not about performance,0.31853604316711426
 When the offensive player takes a shot  the product shall simulate the sound of a ship at sea.,not about performance,performance,0.30041688680648804
 When a shot is marked as a miss  the product shall simulate the sound of a shot missing its target.,not about performance,not about performance,0.33827584981918335
 When a shot is marked as a hit  the product shall simulate the sound of a shot hitting its target.,not about performance,not about performance,0.3440673351287842
 When a ship is sunk  the product shall simulate the sound of a sinking ship.,not about performance,performance,0.2903216779232025
 The product shall be available 24 hours per day  seven days per week.,not about performance,not about performance,0.4432213306427002
The product shall able to handle a large number of games simultaneously.,performance,not about performance,0.40645766258239746
The response time shall be fast enough to maintain the flow of the game.  The response time shall be no more than 2 seconds for 95% of responses and no more than 4% for the remaining responses.,performance,not about performance,0.39610740542411804
The product shall protect the identity of the players. The product shall provide players no access to information that might reveal the identity of another player.,performance,not about performance,0.3786188066005707
The product shall be intuitive and self-explanatory.  Nine out ten users shall be able to successfully complete a game with no training.,not about performance,not about performance,0.4080922603607178
 The product shall be available to players who understand English  Spanish and French.  The product shall allow the user to select the language upon accessing the product.,not about performance,not about performance,0.3511337637901306
The product shall provide players no access to information that might reveal the identity of another player,not about performance,not about performance,0.40473365783691406
The response time shall be fast enough to maintain the flow of the game. The response time shall be no more than 2 seconds for 95% of responses and no more than 4% for the remaining responses.,performance,not about performance,0.3895343542098999
The system shall be easy to use by callers and supervisors. Callers and supervisors must be able to accomplish any system task within 2 minutes.,not about performance,not about performance,0.38743317127227783
The system shall be easy to learn by callers and supervisors. Callers and supervisors shall learn how to use the system within 10 minutes.,not about performance,not about performance,0.37457388639450073
 The system shall be responsive. At the DePaul TeleServices Center  when a supervisor uses the system to view a callers schedule  the system response time must be no more than 2 seconds 90% of the time and no more than 5 seconds the rest of the time.,performance,not about performance,0.353632390499115
 On a 56k connection  the system response time for all operations must be no more than 6 seconds 90% of the time.,performance,not about performance,0.41660818457603455
 On a 112k connection or faster  the system response time for all operations must be no more than 3 seconds 90% of the time.,performance,not about performance,0.4026903510093689
The system shall have high availability every day of the year.The system must be available for use between 12:00AM and 6:00PM all days of the year.,not about performance,not about performance,0.43394726514816284
The system must be available for use between 7:00AM and 11:59PM all days of the year.,not about performance,not about performance,0.4313015937805176
The product shall be internet browser independent.The product must run using Internet Explorer and Netscape Navigator.,not about performance,not about performance,0.422291100025177
The product shall ensure that only supervisors can advertise empty time slots.The product must ensure that supervisors are allowed to access advertise empty time slots.,not about performance,performance,0.37363332509994507
The product shall ensure that only supervisors can enter a caller’s schedule.The product must ensure that supervisors are allowed to access advertise empty time slots.,not about performance,not about performance,0.3898530602455139
The product shall ensure that only supervisors can view schedule of all callers.The product must ensure that supervisors are allowed to access advertise empty time slots.,not about performance,not about performance,0.3879939317703247
 The interface shall have a simple look. In the interface and usability survey  90% of beta testers must report that the interface is adequately simple.,not about performance,not about performance,0.390377014875412
 The interface shall be appealing to callers and supervisors. In the interface and usability survey  80% of beta testers must report that the interface is appealing.,not about performance,not about performance,0.3439595699310303
The product shall provide GUI based Monitoring Services.System Administrators shall monitor message exchanges will predict and determine problems and will also provide internal and external support.,not about performance,performance,0.38000568747520447
The product shall comply with City of Chicago Application Development Guide Framework.Application Development Framework will provide structured Graphical User Interface.,not about performance,performance,0.3542018532752991
The product shall provide Monitoring Services.The product shall be easy for System Administrators and DBAs to use after two weeks of usage.,not about performance,not about performance,0.4107789993286133
The product shall provide Error Tracking Services.The product shall help the System Administrators and DBAs to resolve transaction errors 99% of the time.,not about performance,performance,0.3773272931575775
The product shall provide Portals.The product shall help System Administrators to analyze the transactions with ad-hoc reporting and KPIs (Key Performance Indicators),not about performance,performance,0.37959417700767517
The product shall provide Asynchronous Messaging.The product shall provide asynchronous messaging to enable parallel processing and reduce the overhead in communications,performance,performance,0.37897616624832153
The product shall provide Multi-threading and Load Balancing.The product shall provide multi-threading technology as well as load balancing to overcome data load spikes and traffic.,performance,performance,0.3609287738800049
The product shall process messages within 2 seconds.The product shall have a maximum message processing time of 2 seconds,performance,not about performance,0.4219307601451874
The product shall poll the system for messages every second.The product shall poll the system for new messages at a maximum of every 1 second.,performance,not about performance,0.42596837878227234
The product shall provide Dynamic Change Support and Transparent resource addition.The product shall support Transparent Resource addition and Dynamic Change support to provide scalability and avoid service interruptions of more than 1 day.,performance,performance,0.3647041916847229
The product shall be available 99% of the time. Rationale: To avoid service interruption during busiest customer service response periods. The product shall be available 99.99% of the time for regular business days.,not about performance,not about performance,0.4159250855445862
The product shall be robust.The product shall have fault avoidance based on standards adoption.,not about performance,performance,0.38518375158309937
The product shall be robust with fault tolerance.The product shall have fault tolerance by using recovery technique compensatory transaction and routing around failures.,not about performance,performance,0.3798830211162567
The product shall be able to process all transactions.The product shall process minimum of 1 million transactions per year.,not about performance,not about performance,0.4214642345905304
The product shall be platform independent.The product shall enable access to any type of development environment and platform.,not about performance,not about performance,0.41364216804504395
The product shall interface CSR and Datastream.The product shall exchange messages between CSR and EAM on a real time basis without any direct interfaces between two systems.,not about performance,performance,0.3455229103565216
 : The product shall continue to operate during upgrade  change or new resource addition.The product shall be able to continue to operate with no interruption in service due to new resource additions.,not about performance,not about performance,0.40123069286346436
The product shall be updated on a regular basis.The product will have a new major feature introduced every six months and quarterly maintenance releases every six months.,not about performance,not about performance,0.4087018072605133
The product shall operate with every platform.The product shall accommodate any new technology without any change in its architecture.,not about performance,not about performance,0.4548027813434601
 The product shall have security.The product shall provide authentication  and authorization.,not about performance,not about performance,0.43393248319625854
The product shall information Security. The product shall enable privacy by encryption WS-Security and Integrity Checking.,not about performance,performance,0.3852449655532837
The product shall have audit capabilities.The product shall store messages for a minimum of one year for audit and transaction tracking purposes.,not about performance,not about performance,0.3709057867527008
The system shall use IBM and CCR branding standards. The interface must have one IBM logo and one CCR logo.,not about performance,not about performance,0.384753942489624
The system shall be displayable on any work computer a CCR user may have. The system interface shall be formatted to display at 800 by 600 pixel resolution.,not about performance,not about performance,0.40790805220603943
The system interface will use CCR nomenclature. The system must use the same nomenclature used in the existing WCS system and reports,not about performance,not about performance,0.41571563482284546
The interface must summarize the data in a fashion that’s appealing to CCR management. Every report type must have at least one high level summary shown in the results dashboard/interface,not about performance,not about performance,0.3984161615371704
The system must use a point and click interface. 100% of all selection and navigation functionality must be able to be activated/selected by either a mouse or a keyboard,not about performance,not about performance,0.4030139446258545
The interface shall be easy to use. 90% of users should be able to successfully use the system to generate a report on their first use. The interface should adhere to IBM usability standards.,not about performance,not about performance,0.3837267756462097
Rreports must be easy to generate. eports must be generated within one button click and exported within one button click (after selecting the report),not about performance,not about performance,0.3749852180480957
A user shall be able to use the system without instruction after a short amount of time. After one use a user should understand and remember 90% of the system usage and navigation.,not about performance,not about performance,0.38853755593299866
All CCR users shall receive training before the WCS system is deployed. One training session will be held for 100% of CCR users before system deployment (based on a CCR user being available),not about performance,performance,0.3734144866466522
The WCS system shall use appropriate nomenclature and terminology as defined by the Corporate Community Grants organization. All interfaces and reports will undergo usability tests by CCR users.,not about performance,performance,0.3613072633743286
The WCS system shall be available at all times as long as IBM’s internal intranet W3 is accessible. The WCS system will be available 95% of the time IBM’s internal intranet W3 is available.,not about performance,not about performance,0.3806670904159546
The WCS system shall have the ability to connect other designated WCS databases currently not included in the system.,not about performance,not about performance,0.3816877603530884
The WCS system shall have the ability to include data for regions outside the United States and be accessed by users outside of the United States if approved by CCR management.,not about performance,performance,0.3067152500152588
The WCS system shall be run in a Windows environment. The WCS shall be accessed by users through the Internet on an IBM computer running a Windows 2000 or above operating system.,not about performance,not about performance,0.3658512234687805
The Brio portion of the WCS system must be able to export files in spreadsheet form (Microsoft Excel and Lotus 1-2-3 formats).  Brio will provide buttons in the user interface that produce/export reports in .xls or .123 file formats.,not about performance,performance,0.3472334146499634
The WCS system must run queries to the WCS databases once again (on a specified day) to update the available data available to CCR users. Queries must be made to external databases for data refresh once a week.,not about performance,not about performance,0.38844430446624756
 All changes  updates  and additions to the WCS system shall be updated in the WCS Developer and WCS User Guides. Every change must be reflected in WCS system documentation,not about performance,performance,0.3559325039386749
The system shall only be accessed by authorized Corporate Community Grants (CCR) employees. Users must be authenticated using their IBM intranet user name and password.,not about performance,performance,0.36893555521965027
The WCS system shall not allow automatic logins by any user. Cookies containing WCS login information about a user will not be stored on a user’s computer.,not about performance,not about performance,0.4113015830516815
Each team owner will need to use a username and password in order to be authenticated to reach the team owner’s page,not about performance,not about performance,0.3756616413593292
The Commissioner will be the only authorized user per league to adjust league settings.,not about performance,not about performance,0.3994499444961548
Each page shall contain a navigation menu which shows the index into which the current page is contained.,not about performance,not about performance,0.43476730585098267
Each page shall contain a similar format with action items in one location and navigation buttons in a different location.,not about performance,not about performance,0.41315728425979614
The message board shall contain the 5 most recently posted messages on the league page. The messages will contain up to the first 150 characters of the message.,not about performance,not about performance,0.35635244846343994
;A new user shall be able to navigate through the league and team pages within 30 seconds of reaching the start-up page.,not about performance,not about performance,0.3775303363800049
Users shall be able to reach the ‘add’  ‘drop’  and ‘trade player’ pages with one click from the team owner’s page.,not about performance,performance,0.33846068382263184
;Users shall be able to view at least 25 NFL player statistics and points on each page.,not about performance,not about performance,0.3878617584705353
The application shall ask the user to confirm dropping a player or trading a player before performing the action.,not about performance,not about performance,0.3172250986099243
The application shall be able to complete every user transaction within one fourth of a second of receiving the request over the network.,performance,not about performance,0.3713117241859436
The application shall have a downtime of at most 10 minutes per year.,not about performance,not about performance,0.4306774437427521
The application shall run on a web application server.,not about performance,not about performance,0.4986311197280884
A primary database will be used to store cached data for active users.,not about performance,not about performance,0.4939059019088745
A secondary database will be used to store historical statistics and data.,not about performance,not about performance,0.4542229175567627
Application updates shall occur between 3AM and 6 AM CST on Wednesday morning during the middle of the NFL season.,not about performance,performance,0.3600703179836273
New System version releases shall be released at the beginning of each NFL season.,not about performance,performance,0.3618960678577423
The RFS system should be available 24/7  especially during the budgeting period. The RFS system shall be available 90% of the time all year  and 98% during the budgeting period. 2% of the time  the system will become available within 1 hour of the time that the situation is reported.,not about performance,not about performance,0.3685190677642822
98% of the user workstations shall meet the minimum hardware requirements prior to implementation. Minimum Hard Disk Space:  400MB.,not about performance,performance,0.38522183895111084
98% of the user workstations shall meet the minimum software requirements prior to implementation: Microsoft Internet Explorer 5.0. Microsoft .NET Framework 1.1. Microsoft Internet Explorer Web Controls,not about performance,performance,0.42727044224739075
The RFS system should be able to easily interface with the BDW environment  in order to load the data. •;7 data files shall be received from the BDW and loaded into the RFS system within 3 hours one day prior to the start of budgeting process  every year. The data will be as of October month-end. ;Test files (7) shall be loaded up to 5 times throughout the year  from the BDW.,not about performance,not about performance,0.36750268936157227
Changes to revenue and expense formulae must be applied to the RFS system  every year  prior to the budgeting process start. Revenue and expense formulae will be updated within one week of their receipt  after which 2 weeks will be allotted to testing of the budget calculations  to be conducted jointly by the project development team and PCG Finance.,not about performance,performance,0.3442758619785309
New branches/complexes/districts/regions and revenue/expense accounts added to the BDW  must be reflected in the RFS system. 100% of the entities (mentioned above) available as of October month-end  will be loaded into the RFS system  prior to the budget start process.,not about performance,performance,0.33448728919029236
Only authorized user shall access the RFS system. ONLY users that exist in the UAS system  with the RFS system assigned to their role(s)  shall access the RFS system and use it.,not about performance,performance,0.3627420961856842
;User access should be limited to the permissions granted to their role(s) Each level in the PCG hierarchy will be assigned a role and users will be assigned to these roles. Access to functionality within RFS system is dependent on the privileges/permission assigned to the role..,not about performance,performance,0.364165723323822
The product must comply with the intranet page standards and requirements of ENET Securities. 95% of the product look & feel will be approved by the Architecture group  prior to implementation. The remaining 5% will be corrected and approved within one month of product release.,not about performance,performance,0.3551926016807556
 The intranet pages should display appropriately in all resolutions  from 800x600 and higher. The display of all the pages will be correct in 95% of the resolutions  prior to implementation. The remaining 5% will be corrected within a week of notification of the incorrect display.,not about performance,not about performance,0.3480631709098816
The users should be able to easily use the system to successfully complete their budgets  within the stipulated time for completion. With a week of training prior to product implementation  98% of the users shall complete their budgets within the stipulated time.,not about performance,performance,0.33408570289611816
The product interface should be fast. The response time of the product interface should not exceed 2 seconds 90% of the time. For 10% of the time  the response time should not be more than 10 seconds.not be more than 10 seconds.,performance,not about performance,0.381814181804657
