,precision,recall,f1-score,support
"throughput, reliability, scalability, responsiveness, efficiency, workload, benchmark, latency, speed, improvement, or accuracy",0.9107142857142857,0.16139240506329114,0.27419354838709675,316.0
"not about throughput, reliability, scalability, responsiveness, efficiency, workload, benchmark, latency, speed, improvement, or accuracy",0.15605095541401273,0.9074074074074074,0.2663043478260869,54.0
accuracy,0.2702702702702703,0.2702702702702703,0.2702702702702703,0.2702702702702703
macro avg,0.5333826205641492,0.5343999062353493,0.27024894810659184,370.0
weighted avg,0.8005742321028946,0.2702702702702703,0.2730421515484629,370.0
