,precision,recall,f1-score,support
"throughput, reliability, scalability, responsiveness, efficiency, workload, benchmark, latency, speed, improvement, or accuracy",0.25,0.7962962962962963,0.3805309734513274,54.0
"usability, security, operational, look & feel, legal, fault & tolerance, maintainability, scalability, availability, or portability",0.9444444444444444,0.5917721518987342,0.7276264591439688,316.0
accuracy,0.6216216216216216,0.6216216216216216,0.6216216216216216,0.6216216216216216
macro avg,0.5972222222222222,0.6940342240975153,0.5540787162976482,370.0
weighted avg,0.8430930930930931,0.6216216216216216,0.6769692801509888,370.0
