,precision,recall,f1-score,support
"throughput, reliability, scalability, responsiveness, efficiency, workload, benchmark, latency, speed, improvement, or accuracy",0.8200836820083682,0.620253164556962,0.7063063063063064,316.0
"not about throughput, reliability, scalability, responsiveness, efficiency, workload, benchmark, latency, speed, improvement, or accuracy",0.08396946564885496,0.2037037037037037,0.11891891891891893,54.0
accuracy,0.5594594594594594,0.5594594594594594,0.5594594594594594,0.5594594594594594
macro avg,0.4520265738286116,0.41197843413033286,0.4126126126126127,370.0
weighted avg,0.7126507963775204,0.5594594594594594,0.6205794984173364,370.0
