,precision,recall,f1-score,support
"throughput, reliability, scalability, responsiveness, efficiency, workload, benchmark, latency, speed, improvement, or accuracy",0.868421052631579,0.31329113924050633,0.4604651162790698,316.0
"not about throughput, reliability, scalability, responsiveness, efficiency, workload, benchmark, latency, speed, improvement, or accuracy",0.15234375,0.7222222222222222,0.2516129032258065,54.0
accuracy,0.372972972972973,0.372972972972973,0.372972972972973,0.372972972972973
macro avg,0.5103824013157895,0.5177566807313643,0.35603900975243813,370.0
weighted avg,0.7639124733285918,0.372972972972973,0.42998398248210706,370.0
