,precision,recall,f1-score,support
"throughput, reliability, scalability, responsiveness, efficiency, workload, benchmark, latency, speed, improvement, accuracy, achieve, tuning, bottleneck, better, high, optimize, effectiveness, low, enhances, reducing, incresaed, quality, faster, or degrades",0.2727272727272727,0.5,0.3529411764705882,54.0
"usability, security, operational, look & feel, legal, fault & tolerance, maintainability, scalability, availability, or portability",0.9003690036900369,0.7721518987341772,0.8313458262350938,316.0
accuracy,0.7324324324324324,0.7324324324324324,0.7324324324324324,0.7324324324324324
macro avg,0.5865481382086548,0.6360759493670887,0.592143501352841,370.0
weighted avg,0.8087672375495254,0.7324324324324324,0.7615246070802741,370.0
