,precision,recall,f1-score,support
"throughput, reliability, scalability, responsiveness, efficiency, workload, benchmark, latency, speed, improvement, or accuracy",0.09836065573770492,0.3333333333333333,0.15189873417721517,54.0
"usability, security, operational, look & feel, legal, fault & tolerance, maintainability, scalability, availability, or portability",0.8074866310160428,0.4778481012658228,0.6003976143141153,316.0
accuracy,0.45675675675675675,0.45675675675675675,0.45675675675675675,0.45675675675675675
macro avg,0.45292364337687385,0.4055907172995781,0.37614817424566527,370.0
weighted avg,0.7039925697592042,0.45675675675675675,0.534941020996838,370.0
