,precision,recall,f1-score,support
"throughput, reliability, scalability, responsiveness, efficiency, workload, benchmark, latency, speed, improvement, accuracy, achieve, tuning, bottleneck, better, high, optimize, effectiveness, low, enhances, reducing, incresaed, quality, faster, or degrades",0.0,0.0,0.0,54.0
"usability, security, operational, look & feel, legal, fault & tolerance, maintainability, scalability, availability, or portability",0.852054794520548,0.9841772151898734,0.9133627019089574,316.0
accuracy,0.8405405405405405,0.8405405405405405,0.8405405405405405,0.8405405405405405
macro avg,0.426027397260274,0.4920886075949367,0.4566813509544787,370.0
weighted avg,0.727700851536468,0.8405405405405405,0.7800611183871096,370.0
