Requirement text,Gold label,Predicated label,ZSL score
The system shall refresh the display every 60 seconds.,periodic execution or efficacy performance,not about periodic execution or efficacy performance,0.9329275488853455
The application shall match the color of the schema set forth by Department of Homeland Security,not about periodic execution or efficacy performance,not about periodic execution or efficacy performance,0.9144162535667419
 If projected  the data must be readable.  On a 10x10 projection screen  90% of viewers must be able to read Event / Activity data from a viewing distance of 30,not about periodic execution or efficacy performance,not about periodic execution or efficacy performance,0.8819430470466614
 The product shall be available during normal business hours. As long as the user has access to the client PC  the system will be available 99% of the time during the first six months of operation.,not about periodic execution or efficacy performance,not about periodic execution or efficacy performance,0.8778219223022461
 If projected  the data must be understandable. On a 10x10 projection screen  90% of viewers must be able to determine that Events or Activities are occuring in current time from a viewing distance of 100,not about periodic execution or efficacy performance,not about periodic execution or efficacy performance,0.8829888105392456
The product shall ensure that it can only be accessed by authorized users.  The product will be able to distinguish between authorized and unauthorized users in all access attempts,not about periodic execution or efficacy performance,not about periodic execution or efficacy performance,0.8831298351287842
The product shall be intuitive and self-explanatory.  :  90% of new users shall be able to start the display of Events or Activities within 90 minutes of using the product.,not about periodic execution or efficacy performance,not about periodic execution or efficacy performance,0.8827782869338989
The product shall respond fast to keep up-to-date data in the display.,periodic execution or efficacy performance,not about periodic execution or efficacy performance,0.9038894176483154
The look and feel of the system shall conform to the user interface standards of the smart device.,not about periodic execution or efficacy performance,not about periodic execution or efficacy performance,0.9006242156028748
 The user interface shall have standard menus  buttons for navigation,not about periodic execution or efficacy performance,not about periodic execution or efficacy performance,0.9309066534042358
The system shall have a professional appearance,not about periodic execution or efficacy performance,not about periodic execution or efficacy performance,0.9270961880683899
The product shall have a consistent color scheme and fonts.,not about periodic execution or efficacy performance,not about periodic execution or efficacy performance,0.9195338487625122
The system shall be used by realtors with no training.,not about periodic execution or efficacy performance,not about periodic execution or efficacy performance,0.9320252537727356
The system shall be intuitive and self explanatory.,not about periodic execution or efficacy performance,not about periodic execution or efficacy performance,0.9262645840644836
The product shall be easy for a realtor to learn.,not about periodic execution or efficacy performance,not about periodic execution or efficacy performance,0.9289149641990662
The product shall use symbols and words that are naturally understandable by the realtor community.,not about periodic execution or efficacy performance,not about periodic execution or efficacy performance,0.9113736748695374
The product shall produce search results in an acceptable time,periodic execution or efficacy performance,not about periodic execution or efficacy performance,0.9222293496131897
The search results shall be returned no later 30      seconds  after the user has entered the search criteria,periodic execution or efficacy performance,not about periodic execution or efficacy performance,0.9043715000152588
The product shall generate a CMA report in an acceptable time.,periodic execution or efficacy performance,not about periodic execution or efficacy performance,0.9240860342979431
The CMA report shall be returned no later 60 seconds after the user has entered the CMA report criteria.,periodic execution or efficacy performance,not about periodic execution or efficacy performance,0.8954643607139587
The product shall synchronize contacts and appointments in an acceptable time.,periodic execution or efficacy performance,not about periodic execution or efficacy performance,0.9152936935424805
The product shall synchronize with the office system every hour.,periodic execution or efficacy performance,not about periodic execution or efficacy performance,0.9228415489196777
 The product shall be available for use 24 hours per day  365 days  per year,not about periodic execution or efficacy performance,not about periodic execution or efficacy performance,0.916563868522644
 Out of 1000 accesses to the system  the system is available 999 times.,not about periodic execution or efficacy performance,not about periodic execution or efficacy performance,0.9226190447807312
The product shall operate in offline mode whenever internet connection is unavailable.,not about periodic execution or efficacy performance,not about periodic execution or efficacy performance,0.9287644028663635
 The product shall allow the user to view previously downloaded search results  CMA reports  and appointments.,not about periodic execution or efficacy performance,not about periodic execution or efficacy performance,0.8956308364868164
The product shall retain user preferences in the event of a failure.,not about periodic execution or efficacy performance,not about periodic execution or efficacy performance,0.9219545125961304
100% of saved user preferences shall be restored when system comes back online.,not about periodic execution or efficacy performance,not about periodic execution or efficacy performance,0.921074390411377
The product shall be able to support multiple remote users,not about periodic execution or efficacy performance,not about periodic execution or efficacy performance,0.9311500191688538
The product shall be able support 1000 simultaneous users.,not about periodic execution or efficacy performance,not about periodic execution or efficacy performance,0.9314491748809814
The product shall be capable of handling the existing 1000 users. This number is expected to grow 5 times within the next year.,not about periodic execution or efficacy performance,not about periodic execution or efficacy performance,0.8908360600471497
The product shall be installed by an untrained realtor   without recourse to separately-printed instructions.,not about periodic execution or efficacy performance,not about periodic execution or efficacy performance,0.904549777507782
90% of untrained realtors shall be able to install the product on their device without printed instructions,not about periodic execution or efficacy performance,not about periodic execution or efficacy performance,0.9017245173454285
The product is expected to run on Windows CE and Palm operating systems.,not about periodic execution or efficacy performance,not about periodic execution or efficacy performance,0.9224475622177124
Only registered realtors shall be able to access the system.,not about periodic execution or efficacy performance,not about periodic execution or efficacy performance,0.9299459457397461
Every user of the system shall be authenticated and authorized.,not about periodic execution or efficacy performance,not about periodic execution or efficacy performance,0.9264855980873108
The product shall prevent its data from incorrect data being introduced.,not about periodic execution or efficacy performance,not about periodic execution or efficacy performance,0.9326170086860657
The system shall be easy to use by the Program Administrators/Nursing Staff Members.,not about periodic execution or efficacy performance,not about periodic execution or efficacy performance,0.9018946886062622
All of the users shall be able to use the system after one day of training.,not about periodic execution or efficacy performance,not about periodic execution or efficacy performance,0.9094249606132507
The system shall help the user avoid making mistakes while scheduling classes and clinicals for the nursing students.,not about periodic execution or efficacy performance,not about periodic execution or efficacy performance,0.8906315565109253
The number of mistakes noted by the students shall be decreased by 50% in the first year.,not about periodic execution or efficacy performance,not about periodic execution or efficacy performance,0.8991200923919678
The system shall be intuitive to the Program Administrators/Nursing Staff Members.,not about periodic execution or efficacy performance,not about periodic execution or efficacy performance,0.9040313959121704
2 out of 3 Program Administrators/Nursing Staff Members shall successfully be able to use the system to manage the scheduling of classes and clinicals.,not about periodic execution or efficacy performance,not about periodic execution or efficacy performance,0.8856713771820068
The system shall use symbols and words that are naturally understandable by the user community.,not about periodic execution or efficacy performance,not about periodic execution or efficacy performance,0.9120950102806091
The verbiage used within the system shall be consistent with Standard English and the terminology of the national Nursing Community.,not about periodic execution or efficacy performance,not about periodic execution or efficacy performance,0.90153968334198
Staff members shall be able to complete a set of tasks in a timely manner.,periodic execution or efficacy performance,not about periodic execution or efficacy performance,0.8993690609931946
The response time of general student management tasks shall take no longer than 5 seconds and the response time of schedule generation shall take no longer than 30 seconds.,periodic execution or efficacy performance,not about periodic execution or efficacy performance,0.8846701383590698
The system shall be available for use between the hours of 8am and 6pm.,not about periodic execution or efficacy performance,not about periodic execution or efficacy performance,0.9151530861854553
The system shall achieve 95% up time.,not about periodic execution or efficacy performance,not about periodic execution or efficacy performance,0.9358795881271362
system shall be able to handle all of the user requests/usage during business hours.,not about periodic execution or efficacy performance,not about periodic execution or efficacy performance,0.9055123329162598
The system shall cater to 10 simultaneous users from 9am to 5pm.,not about periodic execution or efficacy performance,not about periodic execution or efficacy performance,0.93104088306427
The system shall be capable of processing 100% of nursing students and their classes for the next 10 years.,not about periodic execution or efficacy performance,not about periodic execution or efficacy performance,0.8942023515701294
The system shall be expected to manage the nursing program curriculum and class/clinical scheduling for a minimum of 5 years.,not about periodic execution or efficacy performance,not about periodic execution or efficacy performance,0.8898165822029114
The system shall able to operate within a business office environment typical of the Nursing Department at DePaul University.,not about periodic execution or efficacy performance,not about periodic execution or efficacy performance,0.9015011787414551
The system shall be used within the specifications defined by the computers used by the Program Administrators/Nursing Staff Members.,not about periodic execution or efficacy performance,not about periodic execution or efficacy performance,0.895840585231781
The system shall operate within the Windows XP Professional operating system.,not about periodic execution or efficacy performance,not about periodic execution or efficacy performance,0.9282816648483276
The system shall interface with CampusConnect’s central server,not about periodic execution or efficacy performance,not about periodic execution or efficacy performance,0.9332705140113831
The system shall interface with the faculty central server.,not about periodic execution or efficacy performance,not about periodic execution or efficacy performance,0.9376226663589478
The system shall interface with the student master server.,not about periodic execution or efficacy performance,not about periodic execution or efficacy performance,0.9414033889770508
We must be able to interface with any HTML browser.,not about periodic execution or efficacy performance,not about periodic execution or efficacy performance,0.9365824460983276
Only authorized users shall have access to clinical site information.,not about periodic execution or efficacy performance,not about periodic execution or efficacy performance,0.9221921563148499
Program Administrators/Nursing Staff Members are the only people who shall have access to clinical site details.,not about periodic execution or efficacy performance,not about periodic execution or efficacy performance,0.8941712975502014
Only authorized users shall have access to students’ personal information.,not about periodic execution or efficacy performance,not about periodic execution or efficacy performance,0.9180806279182434
Dr Susan Poslusny and Dr Julie Donalek are the only people who shall have access to students’ personal information.,not about periodic execution or efficacy performance,not about periodic execution or efficacy performance,0.8845555186271667
Only authorized users shall have access to the portion of the system that interfaces with CampusConnect.,not about periodic execution or efficacy performance,not about periodic execution or efficacy performance,0.9042551517486572
Fit Criterion: Dr Susan Poslusny and Karen Sysol are the only people who shall have access to the final class section scheduling for the system that interfaces with CampusConnect.,not about periodic execution or efficacy performance,not about periodic execution or efficacy performance,0.8751879334449768
The system shall have basic data integrity checking to reduce the possibility of incorrect or invalid data being introduced.,not about periodic execution or efficacy performance,not about periodic execution or efficacy performance,0.9041814804077148
The system shall protect private information in accordance with the organization’s information policy.,not about periodic execution or efficacy performance,not about periodic execution or efficacy performance,0.9063137769699097
The system shall be built such that it is as secure as possible from malicious interference.,not about periodic execution or efficacy performance,not about periodic execution or efficacy performance,0.9073269367218018
The system shall use the organization’s standard virus protection software to help monitor threats to itself.,not about periodic execution or efficacy performance,not about periodic execution or efficacy performance,0.90416419506073
The Disputes application shall comply with the corporate standards for user interface creation for internally and externally used applications.,not about periodic execution or efficacy performance,not about periodic execution or efficacy performance,0.9130847454071045
All screens created as part of the Disputes application must comply with corporate standards for interface creation.,not about periodic execution or efficacy performance,not about periodic execution or efficacy performance,0.9163199067115784
The list of dispute cases that are displayed after a search is performed must be color coded for easy identification of dispute cases based upon the dispute case status.,not about periodic execution or efficacy performance,not about periodic execution or efficacy performance,0.8894251585006714
100% of the cardmember and merchant services representatives shall use the Disputes application regularly after a 2-day training course.,not about periodic execution or efficacy performance,not about periodic execution or efficacy performance,0.9018513560295105
100% of cardmember services representatives shall be able to successfully create a dispute case on the first encounter after completing the training course.,not about periodic execution or efficacy performance,not about periodic execution or efficacy performance,0.8996477127075195
100% of merchant services representatives shall be able to successfully perform a follow up action on a dispute case on the first encounter after completing the training course.,not about periodic execution or efficacy performance,not about periodic execution or efficacy performance,0.8948372006416321
The maximum wait time for a user navigating from one screen to another within the Disputes application shall be no more than 5 seconds.,periodic execution or efficacy performance,not about periodic execution or efficacy performance,0.8975533246994019
The Disputes application shall support 350 concurrent users without any degradation of performance in the application.,periodic execution or efficacy performance,not about periodic execution or efficacy performance,0.9233874678611755
 The Disputes application shall be available 24x7x365  with the exception of the following scheduled maintenance windows.  Monday – Saturday 3:00am to 4:00am EST Sunday 1:00amd to 5:00am EST,not about periodic execution or efficacy performance,not about periodic execution or efficacy performance,0.8825914263725281
The Disputes application shall interface with the Statement Database. The Statement Database provides the transaction details to the Disputes System. All transaction details must be obtained from the Statement Database,not about periodic execution or efficacy performance,not about periodic execution or efficacy performance,0.8858546614646912
The Disputes application shall interface with the Cardmember Information Database.  The Cardmember Information Database provides detailed information with regard to a cardmember.  All cardmember detail information must be obtained from the Cardmember Information Database.,not about periodic execution or efficacy performance,not about periodic execution or efficacy performance,0.8708401918411255
The Disputes applications shall interface with the Merchant Information Database.  The Merchant Information Database provides detailed information with regard to the merchant. All merchant detail information shall be obtained from the Merchant Information Database.,not about periodic execution or efficacy performance,not about periodic execution or efficacy performance,0.8768593072891235
The Disputes application shall interface with the Letters application.  This will allow the Disputes application to request letters as part of the dispute initiation and dispute follow up process. All letter requests must be sent to the Print Letter Utility application.,not about periodic execution or efficacy performance,not about periodic execution or efficacy performance,0.8799716234207153
The Disputes application shall interface with the Cardmember Posting and Billing System.  This will allow the Disputes application to request adjustments to cardmember and merchant’s accounts. All adjustment requests must be sent to the Cardmember Posting and Billing System.,not about periodic execution or efficacy performance,not about periodic execution or efficacy performance,0.8710740208625793
The Disputes application shall ensure that only users with the appropriate access level are allowed to initiate dispute requests.,not about periodic execution or efficacy performance,not about periodic execution or efficacy performance,0.9094830751419067
Only users with Update access must be able to initiate dispute requests.,not about periodic execution or efficacy performance,not about periodic execution or efficacy performance,0.9287059903144836
The Disputes application shall ensure that only authorized users are allowed to logon to the application.,not about periodic execution or efficacy performance,not about periodic execution or efficacy performance,0.9090766906738281
 All authorized users  once authenticated must be able to logon to the Disputes System,not about periodic execution or efficacy performance,not about periodic execution or efficacy performance,0.9179362058639526
The Disputes System shall generate a User Report that details any new users that have been added and any changes to an existing user’s access level.  The report will be reviewed for auditing purposes.,not about periodic execution or efficacy performance,not about periodic execution or efficacy performance,0.8803958296775818
All additions of new users and modifications to user’s access shall be recorded on the User Report.,not about periodic execution or efficacy performance,not about periodic execution or efficacy performance,0.9048010110855103
 If a user account is revoked  it can only be re-instantiated by the System Administrator.,not about periodic execution or efficacy performance,not about periodic execution or efficacy performance,0.9090001583099365
Only the System Administrator shall be able to reset a revoked user logon account,not about periodic execution or efficacy performance,not about periodic execution or efficacy performance,0.9173668622970581
The Disputes application shall manipulate and view business data. Users will not have direct access to data files or databases.,not about periodic execution or efficacy performance,not about periodic execution or efficacy performance,0.9050526022911072
All updates to data files or database must be initiated from the Disputes System.,not about periodic execution or efficacy performance,not about periodic execution or efficacy performance,0.9185964465141296
The Disputes application must conform to the legal requirements as specified by the Merchant Operating Regulations.,not about periodic execution or efficacy performance,not about periodic execution or efficacy performance,0.9117852449417114
All business rules specified in the Disputes System shall be in compliance with the Merchant Operating Regulations.,not about periodic execution or efficacy performance,not about periodic execution or efficacy performance,0.908043384552002
The Disputes application must conform to the legal requirements as specified by Regulation E and Regulation Z that govern credit card disputes processing.,not about periodic execution or efficacy performance,not about periodic execution or efficacy performance,0.8936927914619446
All business rules specified in the Disputes System shall be in compliance to the guidelines of Regulation E and Regulation Z.,not about periodic execution or efficacy performance,not about periodic execution or efficacy performance,0.8956160545349121
The Disputes application must maintain a detailed history of every action that a user takes on a dispute case.  This ensures a complete audit trail if questions arise later on with regard to a particular dispute case.,not about periodic execution or efficacy performance,not about periodic execution or efficacy performance,0.8797495365142822
All actions that modify an existing dispute case must be recorded in the case history.,not about periodic execution or efficacy performance,not about periodic execution or efficacy performance,0.9115362167358398
The product must support Internet Explorer 5.5 and above.,not about periodic execution or efficacy performance,not about periodic execution or efficacy performance,0.9137507081031799
The product must support Mozilla Firefox 1.0 and above.,not about periodic execution or efficacy performance,not about periodic execution or efficacy performance,0.9113353490829468
The product shall interface with the Choice Parts System.  This provides the feed of recycled parts data.,not about periodic execution or efficacy performance,not about periodic execution or efficacy performance,0.9166123270988464
The product shall run on the existing hardware for all environments.,not about periodic execution or efficacy performance,not about periodic execution or efficacy performance,0.9267489910125732
The product shall adhere to the corporate Architecture guidelines,not about periodic execution or efficacy performance,not about periodic execution or efficacy performance,0.9262173175811768
The product shall comply with corporate User Interface Guidelines,not about periodic execution or efficacy performance,not about periodic execution or efficacy performance,0.92566978931427
The product shall comply with corporate color scheme,not about periodic execution or efficacy performance,not about periodic execution or efficacy performance,0.9239591956138611
The appearance of the product shall appear professional,not about periodic execution or efficacy performance,not about periodic execution or efficacy performance,0.9280399084091187
The product shall be easy to use by Adjusters and Collision Estimators.  95% of Adjusters and Collision Estimators shall find the product easy to use.,not about periodic execution or efficacy performance,not about periodic execution or efficacy performance,0.8731024265289307
The product shall increase productivity of Collision Estimators. 80% of the Collision Estimators shall agree their productivity has increase within 1 month of using the product.,not about periodic execution or efficacy performance,not about periodic execution or efficacy performance,0.882944643497467
Users shall feel satisfied using the product.  85% of all users will be satisfied with the product.,not about periodic execution or efficacy performance,not about periodic execution or efficacy performance,0.9065608382225037
The product shall be easy to learn by Adjusters and Collision Estimators.  The product shall be learned with two days onsite training,not about periodic execution or efficacy performance,not about periodic execution or efficacy performance,0.8882535099983215
The user shall easily locate instructions while using the product.  User help can be found within 90% of the system.,not about periodic execution or efficacy performance,not about periodic execution or efficacy performance,0.8944381475448608
The search for recycled parts shall take no longer than 15 seconds.  The search results shall be returned in under 15 seconds.,periodic execution or efficacy performance,not about periodic execution or efficacy performance,0.8946473598480225
The search for the preferred repair facility shall take no longer than 8 seconds.  The preferred repair facility is returned within 8 seconds,periodic execution or efficacy performance,not about periodic execution or efficacy performance,0.8986330628395081
The recycled parts audit report shall be returned to the user within 10 seconds.  The audit report shall be returned within 10 seconds.,periodic execution or efficacy performance,not about periodic execution or efficacy performance,0.8888982534408569
The preferred repair facility ratings shall be saved within 5 seconds. The save shall occur within 5 seconds.,periodic execution or efficacy performance,not about periodic execution or efficacy performance,0.8967808485031128
The product shall adhere to the corporate online availability schedule.  The application is brought down only within 98% of the scheduled outages per the availability schedule.,not about periodic execution or efficacy performance,not about periodic execution or efficacy performance,0.8901428580284119
The product shall achieve a 98% uptime. The product shall not fail more than 2% of the available online time.,not about periodic execution or efficacy performance,not about periodic execution or efficacy performance,0.8942326307296753
The product shall be able to handle up to 1500 simultaneous users. The system shall perform with 1500 users as a time.,not about periodic execution or efficacy performance,not about periodic execution or efficacy performance,0.8912752866744995
 The average number of recycled parts records per day shall be 50 000.,not about periodic execution or efficacy performance,not about periodic execution or efficacy performance,0.9219815731048584
 The product shall be able to handle 10 000 concurrent users within 2 years of the initial launch.,not about periodic execution or efficacy performance,not about periodic execution or efficacy performance,0.9151280522346497
 For estimators  the product shall be able to be operated in a repair facility during dirty and noisy conditions.,not about periodic execution or efficacy performance,not about periodic execution or efficacy performance,0.8977919220924377
The product shall interface with the ChoiceParts system once per day at approximately 1:00 AM.,not about periodic execution or efficacy performance,not about periodic execution or efficacy performance,0.9112739562988281
The maintenance of the product will fall within the established corporate maintenance windows.,not about periodic execution or efficacy performance,not about periodic execution or efficacy performance,0.9213155508041382
The product shall be supported using the corporate support center.,not about periodic execution or efficacy performance,not about periodic execution or efficacy performance,0.9337313175201416
Product installations and upgrades shall be handled by the middleware technology team within established launch time frames.,not about periodic execution or efficacy performance,not about periodic execution or efficacy performance,0.9061023592948914
Only adjusters can request recycled parts audit reports. No users without an adjuster role shall request recycled parts audits.,not about periodic execution or efficacy performance,not about periodic execution or efficacy performance,0.8881959915161133
Only adjusters with a supervisor role can update preferred repair facility ratings. Users without the supervisor role cannot access the repair facility ratings.,not about periodic execution or efficacy performance,not about periodic execution or efficacy performance,0.8874109387397766
Only collision estimators shall search for recycled parts.  Users without the collision estimator role shall not have access to the search for recycled parts.,not about periodic execution or efficacy performance,not about periodic execution or efficacy performance,0.8876997232437134
Only valid data shall be entered into the system.  No invalid data shall be entered into the system.,not about periodic execution or efficacy performance,not about periodic execution or efficacy performance,0.8976495265960693
One insurance company shall not be able to view another insurance companys claim data.,not about periodic execution or efficacy performance,not about periodic execution or efficacy performance,0.9158604145050049
The product shall free of computer viruses.,not about periodic execution or efficacy performance,not about periodic execution or efficacy performance,0.9332830905914307
The system shall prevent malicious attacks including denial of service.,not about periodic execution or efficacy performance,not about periodic execution or efficacy performance,0.9390360116958618
The product must comply with Sarbanes-Oxley.,not about periodic execution or efficacy performance,not about periodic execution or efficacy performance,0.9252436757087708
The product shall comply with the estimatics laws relating to recycled parts usage.,not about periodic execution or efficacy performance,not about periodic execution or efficacy performance,0.9143721461296082
The product shall comply with insurance regulations regarding claims processing.,not about periodic execution or efficacy performance,not about periodic execution or efficacy performance,0.918755054473877
 The product must work with most database management systems (DBMS) on the market  whether the DBMS is colocated with the product on the same machine or is located on a different machine on the computer network.,not about periodic execution or efficacy performance,not about periodic execution or efficacy performance,0.8744062781333923
The product will function alongside server software on any operating system where the Java runtime can be installed.,not about periodic execution or efficacy performance,not about periodic execution or efficacy performance,0.9204027652740479
The product will require collaboration with a database management system (DBMS).  The DBMS may be located on the same machine as the product or on a separate machine residing on the same computer network.,not about periodic execution or efficacy performance,not about periodic execution or efficacy performance,0.8802481889724731
 The product must make use of web/application server technology.  Open source examples include Apache web server  Tomcat  and the JBoss application server.,not about periodic execution or efficacy performance,not about periodic execution or efficacy performance,0.8965502381324768
 A database management system such as Oracle  DB2  MySql or HSQL will need to be integrated with the product.,not about periodic execution or efficacy performance,not about periodic execution or efficacy performance,0.9086738228797913
 The product’s Look and Feel shall be able to incorporate aspects of the customer’s organization such as logo  branding  and identity,not about periodic execution or efficacy performance,not about periodic execution or efficacy performance,0.8873266577720642
The product shall have a conservative and professional appearance.,not about periodic execution or efficacy performance,not about periodic execution or efficacy performance,0.9286671876907349
The product shall make the users want to use it. 80% of the users surveyed report they are regularly using the product after the first 2 weeks post-launch.,not about periodic execution or efficacy performance,not about periodic execution or efficacy performance,0.8802036046981812
The product shall be easy to use. 90% of users will be able to successfully reserve a conference room within 5 minutes of product use.,not about periodic execution or efficacy performance,not about periodic execution or efficacy performance,0.8879739046096802
The product shall give users feedback when necessary. 80% of the users surveyed report that the product accurately confirms their actions.,not about periodic execution or efficacy performance,not about periodic execution or efficacy performance,0.8986692428588867
The product shall allow the user to select a chosen language from one of the target market countries.,not about periodic execution or efficacy performance,not about periodic execution or efficacy performance,0.9081288576126099
The product shall allow for customization of start page and views preferences.,not about periodic execution or efficacy performance,not about periodic execution or efficacy performance,0.9153825044631958
 An employee will be able to successfully use the product within a few minutes.  After informally navigating the product for less than 15 minutes  users shall be able to successfully setup meetings and reserve conference rooms.,not about periodic execution or efficacy performance,not about periodic execution or efficacy performance,0.8755618333816528
The product shall use a standard navigation menu familiar to most web users.,not about periodic execution or efficacy performance,not about periodic execution or efficacy performance,0.9209022521972656
The product shall allow for intuitive searching of available conference rooms.,not about periodic execution or efficacy performance,not about periodic execution or efficacy performance,0.9155110120773315
The product shall conform to the Americans with Disabilities Act.,not about periodic execution or efficacy performance,not about periodic execution or efficacy performance,0.9248850345611572
The response shall be fast enough to avoid interrupting the user’s flow of thought.  90% of tasks shall complete within 5 seconds.  98% of tasks shall complete within 8 seconds.,periodic execution or efficacy performance,not about periodic execution or efficacy performance,0.8738797307014465
 Aside from server failure  the software product shall achieve 99.99% up time.,not about periodic execution or efficacy performance,not about periodic execution or efficacy performance,0.9032816886901855
The product shall create an exception log of problems encountered within the product for transmission to our company for analysis and resolution.,not about periodic execution or efficacy performance,not about periodic execution or efficacy performance,0.8910222053527832
 The product shall be capable of handling up to 1 000 concurrent requests.  This number will increase to 2 000 by Release 2.  The concurrency capacity must be able to handle peak scheduling times such as early morning and late afternoon hours.,not about periodic execution or efficacy performance,not about periodic execution or efficacy performance,0.861592173576355
 The product shall be able to process 10 000 transactions per hour within two years of its launch.  This number will increase to 20 000 by Release 2.,not about periodic execution or efficacy performance,not about periodic execution or efficacy performance,0.8882433176040649
The product shall be expected to operate for at least 5 years for each customer installation.,not about periodic execution or efficacy performance,not about periodic execution or efficacy performance,0.902956485748291
The product shall be used in office environments.,not about periodic execution or efficacy performance,not about periodic execution or efficacy performance,0.9308950901031494
The product must be able to interface with any HTML browser.  The product shall transmit data between the user and the product without problems. The product shall display HTML properly in 80% of all HTML browsers tested (minimum is to test 8 browsers).,not about periodic execution or efficacy performance,not about periodic execution or efficacy performance,0.8569704294204712
The product must be able to interface with various database management systems. The product shall communicate successfully with the database management system on 100% of all transactions.,not about periodic execution or efficacy performance,not about periodic execution or efficacy performance,0.8879142999649048
The product must be able to interface with various email servers. The product shall be able to send email.,not about periodic execution or efficacy performance,not about periodic execution or efficacy performance,0.8973631262779236
The product shall be available for distribution via the Internet as a binary or ZIP file.,not about periodic execution or efficacy performance,not about periodic execution or efficacy performance,0.9120654463768005
The product shall be available for distribution as a packaged CD.,not about periodic execution or efficacy performance,not about periodic execution or efficacy performance,0.9217922687530518
 The product will be available for licensing as a one-server  two-five servers  or five-or-more servers license.,not about periodic execution or efficacy performance,not about periodic execution or efficacy performance,0.8944094181060791
A new user must be able to be added to the system within 10 minutes.  90% of new users are able to log into the system within 10 minutes.,not about periodic execution or efficacy performance,not about periodic execution or efficacy performance,0.882758378982544
The product must be designed using Design Patterns and coding best practices.  90% of maintenance software developers are able to integrate new functionality into the product with 2 working days.,not about periodic execution or efficacy performance,not about periodic execution or efficacy performance,0.879662275314331
The product must be highly configurable for use with various database management systems for the end users.  80% of end users are able to integrate new database management systems with the product without changing the product’s software code.,not about periodic execution or efficacy performance,not about periodic execution or efficacy performance,0.8643196821212769
Maintenance releases will be offered to customers once a year.  The releases shall take no longer than 5 minutes for 80% of the customer base to install.,not about periodic execution or efficacy performance,not about periodic execution or efficacy performance,0.8949140906333923
Every registered user will have access to the product’s support site via the Internet.  70% of registered users shall find a solution to their problem within 5 minutes of using the support site.,not about periodic execution or efficacy performance,not about periodic execution or efficacy performance,0.8755091428756714
The customer shall be able to easily integrate new building maps with the product throughout the product’s lifecycle.  Integration of new maps with the product shall be possible with little to no support from product support staff.,not about periodic execution or efficacy performance,not about periodic execution or efficacy performance,0.8675553202629089
 The product shall be translated into foreign languages other than the target market countries’ languages in future releases.  For each emerging target market  it shall take no more than 5 days to configure the product for that market’s language.,not about periodic execution or efficacy performance,not about periodic execution or efficacy performance,0.8757288455963135
 The product is expected to integrate with multiple database management systems.  The product will operate with Oracle  SQL Server  DB2  MySQL  HSQL  and MS Access.,not about periodic execution or efficacy performance,not about periodic execution or efficacy performance,0.8860799074172974
The product shall be able to be installed in any operating environment within 2 days.,not about periodic execution or efficacy performance,not about periodic execution or efficacy performance,0.9148832559585571
The product shall ensure that only company employees or external users with company-approved user IDs may have product access.  100% of all logons shall be by either company employees or external users with company-approved user IDs.,not about periodic execution or efficacy performance,not about periodic execution or efficacy performance,0.8700262308120728
Only managers are able to perform search queries for reservations by user.  100% of all search queries for reservations by user shall be from logons of only management logons.,not about periodic execution or efficacy performance,not about periodic execution or efficacy performance,0.8783170580863953
The product shall ensure that the database’s data corresponds to the data entered by the user.  Each conference room reservation in the system will contain the same information as was entered by the user.,not about periodic execution or efficacy performance,not about periodic execution or efficacy performance,0.8696107268333435
The product shall prevent the input of malicious data.  The product and/or adjacent hardware/software systems’ data shall remain 100% uncorrupted each time malicious data is input into the product.,not about periodic execution or efficacy performance,not about periodic execution or efficacy performance,0.8685150146484375
The product and/or dependent databases/filesystems shall remain operational as a result of the input of malicious data.  The product and/or dependent databases/filesystems shall not crash 100% of the time that malicious data is input into the product.,not about periodic execution or efficacy performance,not about periodic execution or efficacy performance,0.868163526058197
The product shall have the ability to receive automatic software updates as new threats emerge.  100% of customers will be able to receive automatic software updates transmitted to the installed product.,not about periodic execution or efficacy performance,not about periodic execution or efficacy performance,0.8774697780609131
The language of the product shall accommodate all of the target market countries. 90% of survey respondents from each target market country will find that the language of the product is acceptable.,not about periodic execution or efficacy performance,not about periodic execution or efficacy performance,0.8780913949012756
The product shall be able to display calendar dates and times according to the user’s locale.  90% of survey respondents from each target market country will find that the date and time formatting of the product is correct.,not about periodic execution or efficacy performance,not about periodic execution or efficacy performance,0.8720493912696838
The product must be developed with the J2SE/J2EE programming language libraries,not about periodic execution or efficacy performance,not about periodic execution or efficacy performance,0.9232587218284607
Recreation of Inventory Quantity Adjustment for the period of previous 30 days shall take no more than 30min.,periodic execution or efficacy performance,not about periodic execution or efficacy performance,0.9006401300430298
The System shall allow for a minimum of  6 users to work at the same time.,periodic execution or efficacy performance,not about periodic execution or efficacy performance,0.909306526184082
The System shall utilize currently owned computer equipment.,not about periodic execution or efficacy performance,not about periodic execution or efficacy performance,0.9238430857658386
The System shall be able to automatically backup business data and restore them on demand.,not about periodic execution or efficacy performance,not about periodic execution or efficacy performance,0.9071424603462219
The System shall maintain consistent security.  Any changes in user passwords and/or permissions should take affect in all parts of the System.,not about periodic execution or efficacy performance,not about periodic execution or efficacy performance,0.8886500597000122
The System shall granularly control access rights to all major subsystems.  It should be possible to assign access rights to all subsystems independently.,not about periodic execution or efficacy performance,not about periodic execution or efficacy performance,0.8839483857154846
The System shall meet all applicable accounting standards.  The final version of the System must successfully pass independent audit performed by a certified auditor.,not about periodic execution or efficacy performance,not about periodic execution or efficacy performance,0.8895132541656494
The System shall not require additional third party licenses resulting in royalty fees.,not about periodic execution or efficacy performance,not about periodic execution or efficacy performance,0.9244776368141174
Administrator shall be able to activate a pre-paid card via the Administration section in under 5 seconds.,periodic execution or efficacy performance,not about periodic execution or efficacy performance,0.8987690210342407
 Customer shall be able to check the status of their prepaid card  by entering in the PIN number  in under 5 seconds.,periodic execution or efficacy performance,not about periodic execution or efficacy performance,0.8990349769592285
System shall let customers register on the website as a “pay as you go” user in under 5 minutes.,periodic execution or efficacy performance,not about periodic execution or efficacy performance,0.8933374285697937
System shall let customers register on the website as a “unlimited movie subscriber” user in under 10 minutes.,periodic execution or efficacy performance,not about periodic execution or efficacy performance,0.9019775986671448
System shall let existing customers log into the website with their email address and password in under 5 seconds.,periodic execution or efficacy performance,not about periodic execution or efficacy performance,0.907142162322998
 System shall let customers cancel their account  process shall take no longer than 2 minutes.  Database will mark the account as inactive  and user will not be able to log into the website.,periodic execution or efficacy performance,not about periodic execution or efficacy performance,0.8876638412475586
System shall let administrator de-activate a customer account in under 1 minute. Customer will no longer be able to access the website.,periodic execution or efficacy performance,not about periodic execution or efficacy performance,0.8946197032928467
System shall let administrator add/remove movies on the website in under 5 minutes.  Entered movie information will be stored in the database and will now be available on the website.,periodic execution or efficacy performance,not about periodic execution or efficacy performance,0.8826556205749512
System shall let the administrator add/remove categories on the website in under 5 minutes.,periodic execution or efficacy performance,not about periodic execution or efficacy performance,0.9072598814964294
System shall let Izogn Manager access sales and usage statistics in under 2 minutes.,periodic execution or efficacy performance,not about periodic execution or efficacy performance,0.9170417189598083
System shall let administrators generate unique pre-paid pins in under 2 minutes and generate an Excel file with the generated PINs.,periodic execution or efficacy performance,not about periodic execution or efficacy performance,0.8931881189346313
The website shall be attractive to all audiences.  The website shall appear to be fun and the colors should be bright and vibrant.,not about periodic execution or efficacy performance,not about periodic execution or efficacy performance,0.8759560585021973
 The website should have an African feel  but should not alienate non-Africans.  The website should use animation on pages which are describing the services  to grab the users attention and encourage them to sign up.,not about periodic execution or efficacy performance,not about periodic execution or efficacy performance,0.8758699893951416
 The website design should be modern  clean  and concise.,not about periodic execution or efficacy performance,not about periodic execution or efficacy performance,0.9281324148178101
The product should be able to be used by 90% of novice users on the Internet.,not about periodic execution or efficacy performance,not about periodic execution or efficacy performance,0.904536783695221
 Users should only have to navigate through a maximum of 4 pages  to create an account with the website.,not about periodic execution or efficacy performance,not about periodic execution or efficacy performance,0.9041188955307007
Users should be able to access their streaming movies in under 2 clicks after logging into the website.,not about periodic execution or efficacy performance,not about periodic execution or efficacy performance,0.9094553589820862
An anonymous survey will show that 70% of customers are comfortable purchasing streaming movies after 2 weeks using the website.,not about periodic execution or efficacy performance,not about periodic execution or efficacy performance,0.9020618796348572
An anonymous survey will show that 95% of customers are comfortable using and purchasing pre-paid cards after a month of using the system.,not about periodic execution or efficacy performance,not about periodic execution or efficacy performance,0.8974884748458862
The product shall retain the customer’s buying preferences and information.,not about periodic execution or efficacy performance,not about periodic execution or efficacy performance,0.9223334193229675
The product shall be easy for customers with novice skills on the  Internet to purchase and watch streaming movies.  Customers should be able to purchase and watch a pre-determined movie in under 3 minutes.,not about periodic execution or efficacy performance,not about periodic execution or efficacy performance,0.8657411932945251
The product shall use symbols and words that are naturally understandable by users familiar with websites,not about periodic execution or efficacy performance,not about periodic execution or efficacy performance,0.9172646403312683
The website will use standard Internet conventions when interacting with the user.,not about periodic execution or efficacy performance,not about periodic execution or efficacy performance,0.9201569557189941
 Any interface between a user and the automated system shall have a maximum response time of 5 seconds  unless noted by an exception below.,periodic execution or efficacy performance,not about periodic execution or efficacy performance,0.892579197883606
 When purchasing a streaming movie or pre-paid card via credit card  the processing time should have a maximum response time of 15 seconds.,periodic execution or efficacy performance,not about periodic execution or efficacy performance,0.8939255475997925
 When streaming a movie  the buffering time should take no longer than 10 seconds (plus any latency on the user’s connection.),periodic execution or efficacy performance,not about periodic execution or efficacy performance,0.90031498670578
 While streaming a movie  buffering should only occur if there is latency in the user’s connection.,periodic execution or efficacy performance,not about periodic execution or efficacy performance,0.9074596762657166
 All credit card information will be secured on the server  and only accessible by authorized Izogn administrators.  Information will be encrypted in the database.,not about periodic execution or efficacy performance,not about periodic execution or efficacy performance,0.8889008164405823
 The website shall be available for use 24 hours per day  365 days per year.,not about periodic execution or efficacy performance,not about periodic execution or efficacy performance,0.9095075726509094
The website shall achieve 99.5% up time.,not about periodic execution or efficacy performance,not about periodic execution or efficacy performance,0.9127562642097473
 All movies shall be streamed on demand  at any time of the day.,not about periodic execution or efficacy performance,not about periodic execution or efficacy performance,0.9296846985816956
The website shall continue to operate if the streaming server goes down.,not about periodic execution or efficacy performance,not about periodic execution or efficacy performance,0.9283743500709534
The website shall continue to operate if the payment gateway goes down.,not about periodic execution or efficacy performance,not about periodic execution or efficacy performance,0.9330612421035767
The streaming server will support 50 simultaneous streaming connections.,not about periodic execution or efficacy performance,not about periodic execution or efficacy performance,0.9258941411972046
The streaming server will support a maximum of 700 movies  new servers can be added to support more movies.,not about periodic execution or efficacy performance,not about periodic execution or efficacy performance,0.9030357003211975
 The server will support a maximum of 1 000 simultaneous users.,not about periodic execution or efficacy performance,not about periodic execution or efficacy performance,0.9285005331039429
 The website shall be capable of supporting 100 000 customers.,not about periodic execution or efficacy performance,not about periodic execution or efficacy performance,0.9225323796272278
The product shall be expected to operate within the maximum maintenance budget for a minimum of 2 years.,not about periodic execution or efficacy performance,not about periodic execution or efficacy performance,0.9074364304542542
All aspects of the website shall be accessed by a web browser over the Internet.,not about periodic execution or efficacy performance,not about periodic execution or efficacy performance,0.9093769192695618
The same hardware supporting the current website will be used to support the new system.,not about periodic execution or efficacy performance,not about periodic execution or efficacy performance,0.9136577844619751
 We must be able to interface with the following browsers: IE 5.X  6.0  Netscape 6.x  7.x  8.x and Firefox 1.0.,not about periodic execution or efficacy performance,not about periodic execution or efficacy performance,0.86956787109375
Website must interface with the CyberSource API to process credit card transactions.,not about periodic execution or efficacy performance,not about periodic execution or efficacy performance,0.9305771589279175
Website must be fully operational with MSN TV2.,not about periodic execution or efficacy performance,not about periodic execution or efficacy performance,0.9348583221435547
Movies shall be encoded and streamed via Windows Media Player 9.0.,not about periodic execution or efficacy performance,not about periodic execution or efficacy performance,0.911642849445343
Movies shall be encoded for 56k and 256k streams.,not about periodic execution or efficacy performance,not about periodic execution or efficacy performance,0.9221964478492737
Promotional updates to the website should take a day to update.,not about periodic execution or efficacy performance,not about periodic execution or efficacy performance,0.91788649559021
Izogn Administrator must be able to update the category listings on the website within 2 minutes.,periodic execution or efficacy performance,not about periodic execution or efficacy performance,0.9064306020736694
Izogn Administrator must be able to add new products to the website within 2 minutes.,periodic execution or efficacy performance,not about periodic execution or efficacy performance,0.9093503355979919
The system will provide a 24 hour 800 toll free number for support to its customers.,not about periodic execution or efficacy performance,not about periodic execution or efficacy performance,0.9126695990562439
The website will provide a help section with answers and solutions to common problems.,not about periodic execution or efficacy performance,not about periodic execution or efficacy performance,0.9112605452537537
 Velkat staff will be available for phone support between 7am-7pm  M-F to provide technical support to the Izogn administrators.,not about periodic execution or efficacy performance,not about periodic execution or efficacy performance,0.8889951109886169
The product shall be able to be installed in the specified environment within 1 working day.,not about periodic execution or efficacy performance,not about periodic execution or efficacy performance,0.9031728506088257
Only registered customers can purchase streaming movies.,not about periodic execution or efficacy performance,periodic execution or efficacy performance,0.9206870198249817
 A customer can only stream a movie if they purchased it  and are within the 2 day viewing period.,not about periodic execution or efficacy performance,not about periodic execution or efficacy performance,0.9107100367546082
Only authorized personnel can access customer records in the database.,not about periodic execution or efficacy performance,not about periodic execution or efficacy performance,0.9269734025001526
Only administrators can activate a pre-paid card.,not about periodic execution or efficacy performance,not about periodic execution or efficacy performance,0.9185313582420349
Only authorized personnel can access sales information.,not about periodic execution or efficacy performance,periodic execution or efficacy performance,0.9320371150970459
The website shall prevent its data from being corrupted when incorrect data is entered in.,not about periodic execution or efficacy performance,not about periodic execution or efficacy performance,0.911605715751648
 The website shall protect itself from intentional abuse  and notify the administrator at all occurrences.,not about periodic execution or efficacy performance,not about periodic execution or efficacy performance,0.9129248857498169
Data integrity scripts will be run on a weekly basis to verify the integrity of the database.,not about periodic execution or efficacy performance,not about periodic execution or efficacy performance,0.9061110019683838
 The website shall make its user aware of its information practices before collection data from them via a Privacy Policy  accessible on all pages of the website.,not about periodic execution or efficacy performance,not about periodic execution or efficacy performance,0.8963820338249207
The system shall notify customers of changes to its information policy.,not about periodic execution or efficacy performance,not about periodic execution or efficacy performance,0.9215985536575317
The system shall reveal private information only in compliance with the organization’s information policy.,not about periodic execution or efficacy performance,not about periodic execution or efficacy performance,0.8981781601905823
 All customer information will be stored on a secure database  accessible only to authorized personnel.,not about periodic execution or efficacy performance,not about periodic execution or efficacy performance,0.9159867763519287
All credit card information will be encrypted in the database.,not about periodic execution or efficacy performance,not about periodic execution or efficacy performance,0.9286993145942688
The streaming server will have anti-virus software to prevent infection of malicious viruses.,not about periodic execution or efficacy performance,not about periodic execution or efficacy performance,0.9108984470367432
The website should cater to all tribes in Nigeria.,not about periodic execution or efficacy performance,not about periodic execution or efficacy performance,0.9155372977256775
The website shall not be offensive to religious or ethnic groups.,not about periodic execution or efficacy performance,not about periodic execution or efficacy performance,0.9295390248298645
 The website should appeal to all Africans  not only Nigerians.,not about periodic execution or efficacy performance,not about periodic execution or efficacy performance,0.9255957007408142
The website should use Flash to provide animation on the home page.,not about periodic execution or efficacy performance,not about periodic execution or efficacy performance,0.9165981411933899
IzognMovies shall meet the licensing requirements set forth by the appropriate organizations in order to stream African movies.,not about periodic execution or efficacy performance,not about periodic execution or efficacy performance,0.9019391536712646
The website will comply with W3C standards.,not about periodic execution or efficacy performance,not about periodic execution or efficacy performance,0.9155807495117188
The PHP code will comply with PEAR standards.,not about periodic execution or efficacy performance,not about periodic execution or efficacy performance,0.9237177968025208
Total lead cycle time must be completed in 5 minutes for 90% of lead volume between the business hours of 8AM CST to 8PM CST  then 3 minutes for 99% of lead volume during off business hours.,periodic execution or efficacy performance,not about periodic execution or efficacy performance,0.8724208474159241
No lead evaluation will complete in a time period longer than 25 seconds for 97% of all leads processed.,periodic execution or efficacy performance,not about periodic execution or efficacy performance,0.9068055152893066
For leads that process longer than 25 seconds the system will record the event and duration,periodic execution or efficacy performance,not about periodic execution or efficacy performance,0.9164762496948242
The process must fit within the processing time conditions set forth by the Auto Rep Assignment process in which a lead is assigned within 3 minutes of the total life cycle.,periodic execution or efficacy performance,not about periodic execution or efficacy performance,0.890204668045044
The lead washing process will operate within the established physical web service structure.,not about periodic execution or efficacy performance,not about periodic execution or efficacy performance,0.9260101914405823
 The washing process must use a non binding  neutral data format  such as xml  when receiving and processing lead data.,not about periodic execution or efficacy performance,not about periodic execution or efficacy performance,0.8990914225578308
Defect reports will be available to technical units on a 24x7 basis.,not about periodic execution or efficacy performance,not about periodic execution or efficacy performance,0.9226222634315491
Washing parameters will be updated during scheduled maintenance hours.,not about periodic execution or efficacy performance,not about periodic execution or efficacy performance,0.9334073662757874
The product shall simulate the look of ships at sea.,not about periodic execution or efficacy performance,not about periodic execution or efficacy performance,0.9244819283485413
The product shall display the grids within a circle as a view from a periscope.,not about periodic execution or efficacy performance,not about periodic execution or efficacy performance,0.9083247184753418
The product shall display each type of ship in a grid using an image of the specific type of ship.,not about periodic execution or efficacy performance,not about periodic execution or efficacy performance,0.8971208930015564
 When the offensive player takes a shot  the product shall simulate the sound of a ship at sea.,not about periodic execution or efficacy performance,not about periodic execution or efficacy performance,0.899945080280304
 When a shot is marked as a miss  the product shall simulate the sound of a shot missing its target.,not about periodic execution or efficacy performance,not about periodic execution or efficacy performance,0.8936314582824707
 When a shot is marked as a hit  the product shall simulate the sound of a shot hitting its target.,not about periodic execution or efficacy performance,not about periodic execution or efficacy performance,0.8937406539916992
 When a ship is sunk  the product shall simulate the sound of a sinking ship.,not about periodic execution or efficacy performance,not about periodic execution or efficacy performance,0.9017562866210938
 The product shall be available 24 hours per day  seven days per week.,not about periodic execution or efficacy performance,not about periodic execution or efficacy performance,0.924101710319519
The product shall able to handle a large number of games simultaneously.,periodic execution or efficacy performance,not about periodic execution or efficacy performance,0.9269109964370728
The response time shall be fast enough to maintain the flow of the game.  The response time shall be no more than 2 seconds for 95% of responses and no more than 4% for the remaining responses.,periodic execution or efficacy performance,not about periodic execution or efficacy performance,0.8785759210586548
The product shall protect the identity of the players. The product shall provide players no access to information that might reveal the identity of another player.,periodic execution or efficacy performance,not about periodic execution or efficacy performance,0.8869026303291321
The product shall be intuitive and self-explanatory.  Nine out ten users shall be able to successfully complete a game with no training.,not about periodic execution or efficacy performance,not about periodic execution or efficacy performance,0.8867899179458618
 The product shall be available to players who understand English  Spanish and French.  The product shall allow the user to select the language upon accessing the product.,not about periodic execution or efficacy performance,not about periodic execution or efficacy performance,0.8831961154937744
The product shall provide players no access to information that might reveal the identity of another player,not about periodic execution or efficacy performance,not about periodic execution or efficacy performance,0.903929591178894
The response time shall be fast enough to maintain the flow of the game. The response time shall be no more than 2 seconds for 95% of responses and no more than 4% for the remaining responses.,periodic execution or efficacy performance,not about periodic execution or efficacy performance,0.8785759210586548
The system shall be easy to use by callers and supervisors. Callers and supervisors must be able to accomplish any system task within 2 minutes.,not about periodic execution or efficacy performance,not about periodic execution or efficacy performance,0.8852205872535706
The system shall be easy to learn by callers and supervisors. Callers and supervisors shall learn how to use the system within 10 minutes.,not about periodic execution or efficacy performance,not about periodic execution or efficacy performance,0.8860062956809998
 The system shall be responsive. At the DePaul TeleServices Center  when a supervisor uses the system to view a callers schedule  the system response time must be no more than 2 seconds 90% of the time and no more than 5 seconds the rest of the time.,periodic execution or efficacy performance,not about periodic execution or efficacy performance,0.862502932548523
 On a 56k connection  the system response time for all operations must be no more than 6 seconds 90% of the time.,periodic execution or efficacy performance,not about periodic execution or efficacy performance,0.8960918188095093
 On a 112k connection or faster  the system response time for all operations must be no more than 3 seconds 90% of the time.,periodic execution or efficacy performance,not about periodic execution or efficacy performance,0.8961665034294128
The system shall have high availability every day of the year.The system must be available for use between 12:00AM and 6:00PM all days of the year.,not about periodic execution or efficacy performance,not about periodic execution or efficacy performance,0.8864209651947021
The system must be available for use between 7:00AM and 11:59PM all days of the year.,not about periodic execution or efficacy performance,not about periodic execution or efficacy performance,0.9052507877349854
The product shall be internet browser independent.The product must run using Internet Explorer and Netscape Navigator.,not about periodic execution or efficacy performance,not about periodic execution or efficacy performance,0.9016014337539673
The product shall ensure that only supervisors can advertise empty time slots.The product must ensure that supervisors are allowed to access advertise empty time slots.,not about periodic execution or efficacy performance,not about periodic execution or efficacy performance,0.8693943619728088
The product shall ensure that only supervisors can enter a caller’s schedule.The product must ensure that supervisors are allowed to access advertise empty time slots.,not about periodic execution or efficacy performance,not about periodic execution or efficacy performance,0.8776013255119324
The product shall ensure that only supervisors can view schedule of all callers.The product must ensure that supervisors are allowed to access advertise empty time slots.,not about periodic execution or efficacy performance,not about periodic execution or efficacy performance,0.8771450519561768
 The interface shall have a simple look. In the interface and usability survey  90% of beta testers must report that the interface is adequately simple.,not about periodic execution or efficacy performance,not about periodic execution or efficacy performance,0.8975672721862793
 The interface shall be appealing to callers and supervisors. In the interface and usability survey  80% of beta testers must report that the interface is appealing.,not about periodic execution or efficacy performance,not about periodic execution or efficacy performance,0.8982855081558228
The product shall provide GUI based Monitoring Services.System Administrators shall monitor message exchanges will predict and determine problems and will also provide internal and external support.,not about periodic execution or efficacy performance,not about periodic execution or efficacy performance,0.8774782419204712
The product shall comply with City of Chicago Application Development Guide Framework.Application Development Framework will provide structured Graphical User Interface.,not about periodic execution or efficacy performance,not about periodic execution or efficacy performance,0.8871896266937256
The product shall provide Monitoring Services.The product shall be easy for System Administrators and DBAs to use after two weeks of usage.,not about periodic execution or efficacy performance,not about periodic execution or efficacy performance,0.888795793056488
The product shall provide Error Tracking Services.The product shall help the System Administrators and DBAs to resolve transaction errors 99% of the time.,not about periodic execution or efficacy performance,not about periodic execution or efficacy performance,0.8882955312728882
The product shall provide Portals.The product shall help System Administrators to analyze the transactions with ad-hoc reporting and KPIs (Key Performance Indicators),not about periodic execution or efficacy performance,not about periodic execution or efficacy performance,0.8754368424415588
The product shall provide Asynchronous Messaging.The product shall provide asynchronous messaging to enable parallel processing and reduce the overhead in communications,periodic execution or efficacy performance,not about periodic execution or efficacy performance,0.8864305019378662
The product shall provide Multi-threading and Load Balancing.The product shall provide multi-threading technology as well as load balancing to overcome data load spikes and traffic.,periodic execution or efficacy performance,not about periodic execution or efficacy performance,0.8727729320526123
The product shall process messages within 2 seconds.The product shall have a maximum message processing time of 2 seconds,periodic execution or efficacy performance,not about periodic execution or efficacy performance,0.8998243808746338
The product shall poll the system for messages every second.The product shall poll the system for new messages at a maximum of every 1 second.,periodic execution or efficacy performance,not about periodic execution or efficacy performance,0.8837437629699707
The product shall provide Dynamic Change Support and Transparent resource addition.The product shall support Transparent Resource addition and Dynamic Change support to provide scalability and avoid service interruptions of more than 1 day.,periodic execution or efficacy performance,not about periodic execution or efficacy performance,0.8651414513587952
The product shall be available 99% of the time. Rationale: To avoid service interruption during busiest customer service response periods. The product shall be available 99.99% of the time for regular business days.,not about periodic execution or efficacy performance,not about periodic execution or efficacy performance,0.8743124008178711
The product shall be robust.The product shall have fault avoidance based on standards adoption.,not about periodic execution or efficacy performance,not about periodic execution or efficacy performance,0.8948112726211548
The product shall be robust with fault tolerance.The product shall have fault tolerance by using recovery technique compensatory transaction and routing around failures.,not about periodic execution or efficacy performance,not about periodic execution or efficacy performance,0.8913407325744629
The product shall be able to process all transactions.The product shall process minimum of 1 million transactions per year.,not about periodic execution or efficacy performance,not about periodic execution or efficacy performance,0.8862356543540955
The product shall be platform independent.The product shall enable access to any type of development environment and platform.,not about periodic execution or efficacy performance,not about periodic execution or efficacy performance,0.8832484483718872
The product shall interface CSR and Datastream.The product shall exchange messages between CSR and EAM on a real time basis without any direct interfaces between two systems.,not about periodic execution or efficacy performance,not about periodic execution or efficacy performance,0.8829998970031738
 : The product shall continue to operate during upgrade  change or new resource addition.The product shall be able to continue to operate with no interruption in service due to new resource additions.,not about periodic execution or efficacy performance,not about periodic execution or efficacy performance,0.8799740672111511
The product shall be updated on a regular basis.The product will have a new major feature introduced every six months and quarterly maintenance releases every six months.,not about periodic execution or efficacy performance,not about periodic execution or efficacy performance,0.8868028521537781
The product shall operate with every platform.The product shall accommodate any new technology without any change in its architecture.,not about periodic execution or efficacy performance,not about periodic execution or efficacy performance,0.8929293155670166
 The product shall have security.The product shall provide authentication  and authorization.,not about periodic execution or efficacy performance,not about periodic execution or efficacy performance,0.9084610342979431
The product shall information Security. The product shall enable privacy by encryption WS-Security and Integrity Checking.,not about periodic execution or efficacy performance,not about periodic execution or efficacy performance,0.9002612829208374
The product shall have audit capabilities.The product shall store messages for a minimum of one year for audit and transaction tracking purposes.,not about periodic execution or efficacy performance,not about periodic execution or efficacy performance,0.8799651861190796
The system shall use IBM and CCR branding standards. The interface must have one IBM logo and one CCR logo.,not about periodic execution or efficacy performance,not about periodic execution or efficacy performance,0.8873417377471924
The system shall be displayable on any work computer a CCR user may have. The system interface shall be formatted to display at 800 by 600 pixel resolution.,not about periodic execution or efficacy performance,not about periodic execution or efficacy performance,0.8972890973091125
The system interface will use CCR nomenclature. The system must use the same nomenclature used in the existing WCS system and reports,not about periodic execution or efficacy performance,not about periodic execution or efficacy performance,0.8964729905128479
The interface must summarize the data in a fashion that’s appealing to CCR management. Every report type must have at least one high level summary shown in the results dashboard/interface,not about periodic execution or efficacy performance,not about periodic execution or efficacy performance,0.8773484230041504
The system must use a point and click interface. 100% of all selection and navigation functionality must be able to be activated/selected by either a mouse or a keyboard,not about periodic execution or efficacy performance,not about periodic execution or efficacy performance,0.8874087929725647
The interface shall be easy to use. 90% of users should be able to successfully use the system to generate a report on their first use. The interface should adhere to IBM usability standards.,not about periodic execution or efficacy performance,not about periodic execution or efficacy performance,0.878178596496582
Rreports must be easy to generate. eports must be generated within one button click and exported within one button click (after selecting the report),not about periodic execution or efficacy performance,not about periodic execution or efficacy performance,0.8895420432090759
A user shall be able to use the system without instruction after a short amount of time. After one use a user should understand and remember 90% of the system usage and navigation.,not about periodic execution or efficacy performance,not about periodic execution or efficacy performance,0.876673698425293
All CCR users shall receive training before the WCS system is deployed. One training session will be held for 100% of CCR users before system deployment (based on a CCR user being available),not about periodic execution or efficacy performance,not about periodic execution or efficacy performance,0.8796060681343079
The WCS system shall use appropriate nomenclature and terminology as defined by the Corporate Community Grants organization. All interfaces and reports will undergo usability tests by CCR users.,not about periodic execution or efficacy performance,not about periodic execution or efficacy performance,0.8955965042114258
The WCS system shall be available at all times as long as IBM’s internal intranet W3 is accessible. The WCS system will be available 95% of the time IBM’s internal intranet W3 is available.,not about periodic execution or efficacy performance,not about periodic execution or efficacy performance,0.8762792944908142
The WCS system shall have the ability to connect other designated WCS databases currently not included in the system.,not about periodic execution or efficacy performance,not about periodic execution or efficacy performance,0.9019030928611755
The WCS system shall have the ability to include data for regions outside the United States and be accessed by users outside of the United States if approved by CCR management.,not about periodic execution or efficacy performance,not about periodic execution or efficacy performance,0.8867194056510925
The WCS system shall be run in a Windows environment. The WCS shall be accessed by users through the Internet on an IBM computer running a Windows 2000 or above operating system.,not about periodic execution or efficacy performance,not about periodic execution or efficacy performance,0.8852500319480896
The Brio portion of the WCS system must be able to export files in spreadsheet form (Microsoft Excel and Lotus 1-2-3 formats).  Brio will provide buttons in the user interface that produce/export reports in .xls or .123 file formats.,not about periodic execution or efficacy performance,not about periodic execution or efficacy performance,0.8605976104736328
The WCS system must run queries to the WCS databases once again (on a specified day) to update the available data available to CCR users. Queries must be made to external databases for data refresh once a week.,not about periodic execution or efficacy performance,not about periodic execution or efficacy performance,0.8699339032173157
 All changes  updates  and additions to the WCS system shall be updated in the WCS Developer and WCS User Guides. Every change must be reflected in WCS system documentation,not about periodic execution or efficacy performance,not about periodic execution or efficacy performance,0.8690345883369446
The system shall only be accessed by authorized Corporate Community Grants (CCR) employees. Users must be authenticated using their IBM intranet user name and password.,not about periodic execution or efficacy performance,not about periodic execution or efficacy performance,0.8941100835800171
The WCS system shall not allow automatic logins by any user. Cookies containing WCS login information about a user will not be stored on a user’s computer.,not about periodic execution or efficacy performance,not about periodic execution or efficacy performance,0.8926250338554382
Each team owner will need to use a username and password in order to be authenticated to reach the team owner’s page,not about periodic execution or efficacy performance,not about periodic execution or efficacy performance,0.8798573017120361
The Commissioner will be the only authorized user per league to adjust league settings.,not about periodic execution or efficacy performance,not about periodic execution or efficacy performance,0.9057782292366028
Each page shall contain a navigation menu which shows the index into which the current page is contained.,not about periodic execution or efficacy performance,not about periodic execution or efficacy performance,0.9016278982162476
Each page shall contain a similar format with action items in one location and navigation buttons in a different location.,not about periodic execution or efficacy performance,not about periodic execution or efficacy performance,0.8892505168914795
The message board shall contain the 5 most recently posted messages on the league page. The messages will contain up to the first 150 characters of the message.,not about periodic execution or efficacy performance,not about periodic execution or efficacy performance,0.8892329931259155
;A new user shall be able to navigate through the league and team pages within 30 seconds of reaching the start-up page.,not about periodic execution or efficacy performance,not about periodic execution or efficacy performance,0.8968579769134521
Users shall be able to reach the ‘add’  ‘drop’  and ‘trade player’ pages with one click from the team owner’s page.,not about periodic execution or efficacy performance,not about periodic execution or efficacy performance,0.8890656232833862
;Users shall be able to view at least 25 NFL player statistics and points on each page.,not about periodic execution or efficacy performance,not about periodic execution or efficacy performance,0.9004019498825073
The application shall ask the user to confirm dropping a player or trading a player before performing the action.,not about periodic execution or efficacy performance,not about periodic execution or efficacy performance,0.9072237014770508
The application shall be able to complete every user transaction within one fourth of a second of receiving the request over the network.,periodic execution or efficacy performance,not about periodic execution or efficacy performance,0.9001778364181519
The application shall have a downtime of at most 10 minutes per year.,not about periodic execution or efficacy performance,not about periodic execution or efficacy performance,0.9161127209663391
The application shall run on a web application server.,not about periodic execution or efficacy performance,not about periodic execution or efficacy performance,0.9344325661659241
A primary database will be used to store cached data for active users.,not about periodic execution or efficacy performance,not about periodic execution or efficacy performance,0.9260287880897522
A secondary database will be used to store historical statistics and data.,not about periodic execution or efficacy performance,not about periodic execution or efficacy performance,0.92118239402771
Application updates shall occur between 3AM and 6 AM CST on Wednesday morning during the middle of the NFL season.,not about periodic execution or efficacy performance,not about periodic execution or efficacy performance,0.9012978672981262
New System version releases shall be released at the beginning of each NFL season.,not about periodic execution or efficacy performance,not about periodic execution or efficacy performance,0.9189746379852295
The RFS system should be available 24/7  especially during the budgeting period. The RFS system shall be available 90% of the time all year  and 98% during the budgeting period. 2% of the time  the system will become available within 1 hour of the time that the situation is reported.,not about periodic execution or efficacy performance,not about periodic execution or efficacy performance,0.8488574028015137
98% of the user workstations shall meet the minimum hardware requirements prior to implementation. Minimum Hard Disk Space:  400MB.,not about periodic execution or efficacy performance,not about periodic execution or efficacy performance,0.8984477519989014
98% of the user workstations shall meet the minimum software requirements prior to implementation: Microsoft Internet Explorer 5.0. Microsoft .NET Framework 1.1. Microsoft Internet Explorer Web Controls,not about periodic execution or efficacy performance,not about periodic execution or efficacy performance,0.866800844669342
The RFS system should be able to easily interface with the BDW environment  in order to load the data. •;7 data files shall be received from the BDW and loaded into the RFS system within 3 hours one day prior to the start of budgeting process  every year. The data will be as of October month-end. ;Test files (7) shall be loaded up to 5 times throughout the year  from the BDW.,not about periodic execution or efficacy performance,not about periodic execution or efficacy performance,0.8424195051193237
Changes to revenue and expense formulae must be applied to the RFS system  every year  prior to the budgeting process start. Revenue and expense formulae will be updated within one week of their receipt  after which 2 weeks will be allotted to testing of the budget calculations  to be conducted jointly by the project development team and PCG Finance.,not about periodic execution or efficacy performance,not about periodic execution or efficacy performance,0.8514018058776855
New branches/complexes/districts/regions and revenue/expense accounts added to the BDW  must be reflected in the RFS system. 100% of the entities (mentioned above) available as of October month-end  will be loaded into the RFS system  prior to the budget start process.,not about periodic execution or efficacy performance,not about periodic execution or efficacy performance,0.8520622253417969
Only authorized user shall access the RFS system. ONLY users that exist in the UAS system  with the RFS system assigned to their role(s)  shall access the RFS system and use it.,not about periodic execution or efficacy performance,not about periodic execution or efficacy performance,0.8527764081954956
;User access should be limited to the permissions granted to their role(s) Each level in the PCG hierarchy will be assigned a role and users will be assigned to these roles. Access to functionality within RFS system is dependent on the privileges/permission assigned to the role..,not about periodic execution or efficacy performance,not about periodic execution or efficacy performance,0.8564422130584717
The product must comply with the intranet page standards and requirements of ENET Securities. 95% of the product look & feel will be approved by the Architecture group  prior to implementation. The remaining 5% will be corrected and approved within one month of product release.,not about periodic execution or efficacy performance,not about periodic execution or efficacy performance,0.8626176714897156
 The intranet pages should display appropriately in all resolutions  from 800x600 and higher. The display of all the pages will be correct in 95% of the resolutions  prior to implementation. The remaining 5% will be corrected within a week of notification of the incorrect display.,not about periodic execution or efficacy performance,not about periodic execution or efficacy performance,0.8688194751739502
The users should be able to easily use the system to successfully complete their budgets  within the stipulated time for completion. With a week of training prior to product implementation  98% of the users shall complete their budgets within the stipulated time.,not about periodic execution or efficacy performance,not about periodic execution or efficacy performance,0.8713274002075195
The product interface should be fast. The response time of the product interface should not exceed 2 seconds 90% of the time. For 10% of the time  the response time should not be more than 10 seconds.not be more than 10 seconds.,periodic execution or efficacy performance,not about periodic execution or efficacy performance,0.8675341010093689
