,precision,recall,f1-score,support
"throughput, reliability, scalability, responsiveness, efficiency, workload, benchmark, latency, speed, improvement, accuracy, achieve, tuning, bottleneck, better, high, optimize, effectiveness, low, enhances, reducing, incresaed, quality, faster, or degrades",0.1111111111111111,0.018518518518518517,0.031746031746031744,54.0
"usability, security, operational, look & feel, legal, fault & tolerance, maintainability, scalability, availability, or portability",0.853185595567867,0.9746835443037974,0.9098966026587888,316.0
accuracy,0.8351351351351352,0.8351351351351352,0.8351351351351352,0.8351351351351352
macro avg,0.482148353339489,0.49660103141115797,0.47082131720241027,370.0
weighted avg,0.7448828329714755,0.8351351351351352,0.781734086903954,370.0
