,precision,recall,f1-score,support
"throughput, reliability, scalability, responsiveness, efficiency, workload, benchmark, latency, speed, improvement, or accuracy",0.8627450980392157,0.5569620253164557,0.676923076923077,316.0
"not about throughput, reliability, scalability, responsiveness, efficiency, workload, benchmark, latency, speed, improvement, or accuracy",0.1566265060240964,0.48148148148148145,0.23636363636363636,54.0
accuracy,0.5459459459459459,0.5459459459459459,0.5459459459459459,0.5459459459459459
macro avg,0.509685802031656,0.5192217533989686,0.45664335664335665,370.0
weighted avg,0.7596899521775495,0.5459459459459459,0.6126252126252126,370.0
