,precision,recall,f1-score,support
"throughput, reliability, scalability, responsiveness, efficiency, workload, benchmark, latency, speed, improvement, or accuracy",0.0,0.0,0.0,54.0
"usability, security, operational, look & feel, legal, fault & tolerance, maintainability, scalability, availability, or portability",0.85,0.9683544303797469,0.9053254437869823,316.0
accuracy,0.827027027027027,0.827027027027027,0.827027027027027,0.827027027027027
macro avg,0.425,0.48417721518987344,0.45266272189349116,370.0
weighted avg,0.7259459459459459,0.827027027027027,0.7731968655045579,370.0
