Requirement text,Gold label,Predicated label,ZSL score
The system shall refresh the display every 60 seconds.,performance,performance,0.21605978906154633
The application shall match the color of the schema set forth by Department of Homeland Security,not about performance,not about performance,0.10928748548030853
 If projected  the data must be readable.  On a 10x10 projection screen  90% of viewers must be able to read Event / Activity data from a viewing distance of 30,not about performance,not about performance,0.18758630752563477
 The product shall be available during normal business hours. As long as the user has access to the client PC  the system will be available 99% of the time during the first six months of operation.,not about performance,performance,0.0910157635807991
 If projected  the data must be understandable. On a 10x10 projection screen  90% of viewers must be able to determine that Events or Activities are occuring in current time from a viewing distance of 100,not about performance,performance,0.2142425924539566
The product shall ensure that it can only be accessed by authorized users.  The product will be able to distinguish between authorized and unauthorized users in all access attempts,not about performance,not about performance,0.10021540522575378
The product shall be intuitive and self-explanatory.  :  90% of new users shall be able to start the display of Events or Activities within 90 minutes of using the product.,not about performance,performance,0.21686631441116333
The product shall respond fast to keep up-to-date data in the display.,performance,performance,0.33559006452560425
The look and feel of the system shall conform to the user interface standards of the smart device.,not about performance,performance,0.18283683061599731
 The user interface shall have standard menus  buttons for navigation,not about performance,not about performance,0.06704546511173248
The system shall have a professional appearance,not about performance,not about performance,0.2380501925945282
The product shall have a consistent color scheme and fonts.,not about performance,performance,0.2330683171749115
The system shall be used by realtors with no training.,not about performance,not about performance,0.10250943899154663
The system shall be intuitive and self explanatory.,not about performance,not about performance,0.1480446755886078
The product shall be easy for a realtor to learn.,not about performance,performance,0.11926481127738953
The product shall use symbols and words that are naturally understandable by the realtor community.,not about performance,performance,0.04590807855129242
The product shall produce search results in an acceptable time,performance,performance,0.21628142893314362
The search results shall be returned no later 30      seconds  after the user has entered the search criteria,performance,not about performance,0.07588230073451996
The product shall generate a CMA report in an acceptable time.,performance,not about performance,0.12035815417766571
The CMA report shall be returned no later 60 seconds after the user has entered the CMA report criteria.,performance,not about performance,0.03280530869960785
The product shall synchronize contacts and appointments in an acceptable time.,performance,performance,0.07683631032705307
The product shall synchronize with the office system every hour.,performance,performance,0.1421576887369156
 The product shall be available for use 24 hours per day  365 days  per year,not about performance,performance,0.1185096949338913
 Out of 1000 accesses to the system  the system is available 999 times.,not about performance,performance,0.18504703044891357
The product shall operate in offline mode whenever internet connection is unavailable.,not about performance,performance,0.07121029496192932
 The product shall allow the user to view previously downloaded search results  CMA reports  and appointments.,not about performance,performance,0.07996927201747894
The product shall retain user preferences in the event of a failure.,not about performance,not about performance,0.12684014439582825
100% of saved user preferences shall be restored when system comes back online.,not about performance,performance,0.06879445910453796
The product shall be able to support multiple remote users,not about performance,performance,0.1435828059911728
The product shall be able support 1000 simultaneous users.,not about performance,performance,0.2724905014038086
The product shall be capable of handling the existing 1000 users. This number is expected to grow 5 times within the next year.,not about performance,performance,0.2373236119747162
The product shall be installed by an untrained realtor   without recourse to separately-printed instructions.,not about performance,not about performance,0.11967308819293976
90% of untrained realtors shall be able to install the product on their device without printed instructions,not about performance,not about performance,0.1273529976606369
The product is expected to run on Windows CE and Palm operating systems.,not about performance,performance,0.14916150271892548
Only registered realtors shall be able to access the system.,not about performance,not about performance,-0.003864781465381384
Every user of the system shall be authenticated and authorized.,not about performance,performance,0.08921011537313461
The product shall prevent its data from incorrect data being introduced.,not about performance,not about performance,0.18883563578128815
The system shall be easy to use by the Program Administrators/Nursing Staff Members.,not about performance,not about performance,0.11813853681087494
All of the users shall be able to use the system after one day of training.,not about performance,performance,0.1207810714840889
The system shall help the user avoid making mistakes while scheduling classes and clinicals for the nursing students.,not about performance,not about performance,0.15341725945472717
The number of mistakes noted by the students shall be decreased by 50% in the first year.,not about performance,not about performance,0.09456510841846466
The system shall be intuitive to the Program Administrators/Nursing Staff Members.,not about performance,not about performance,0.1084045022726059
2 out of 3 Program Administrators/Nursing Staff Members shall successfully be able to use the system to manage the scheduling of classes and clinicals.,not about performance,performance,0.1411065310239792
The system shall use symbols and words that are naturally understandable by the user community.,not about performance,performance,0.09850864857435226
The verbiage used within the system shall be consistent with Standard English and the terminology of the national Nursing Community.,not about performance,performance,0.05425143614411354
Staff members shall be able to complete a set of tasks in a timely manner.,performance,performance,0.17808859050273895
The response time of general student management tasks shall take no longer than 5 seconds and the response time of schedule generation shall take no longer than 30 seconds.,performance,performance,0.2277623564004898
The system shall be available for use between the hours of 8am and 6pm.,not about performance,performance,0.07908277213573456
The system shall achieve 95% up time.,not about performance,performance,0.2666322588920593
system shall be able to handle all of the user requests/usage during business hours.,not about performance,performance,0.16102644801139832
The system shall cater to 10 simultaneous users from 9am to 5pm.,not about performance,performance,0.14436458051204681
The system shall be capable of processing 100% of nursing students and their classes for the next 10 years.,not about performance,performance,0.10395193099975586
The system shall be expected to manage the nursing program curriculum and class/clinical scheduling for a minimum of 5 years.,not about performance,not about performance,0.03661348298192024
The system shall able to operate within a business office environment typical of the Nursing Department at DePaul University.,not about performance,performance,0.0584464929997921
The system shall be used within the specifications defined by the computers used by the Program Administrators/Nursing Staff Members.,not about performance,not about performance,0.17283174395561218
The system shall operate within the Windows XP Professional operating system.,not about performance,not about performance,0.08843216300010681
The system shall interface with CampusConnect’s central server,not about performance,performance,0.12916384637355804
The system shall interface with the faculty central server.,not about performance,performance,0.15319949388504028
The system shall interface with the student master server.,not about performance,performance,0.1431742161512375
We must be able to interface with any HTML browser.,not about performance,not about performance,0.1403350979089737
Only authorized users shall have access to clinical site information.,not about performance,not about performance,0.09136030822992325
Program Administrators/Nursing Staff Members are the only people who shall have access to clinical site details.,not about performance,not about performance,0.09349890053272247
Only authorized users shall have access to students’ personal information.,not about performance,not about performance,0.12750056385993958
Dr Susan Poslusny and Dr Julie Donalek are the only people who shall have access to students’ personal information.,not about performance,not about performance,0.06454944610595703
Only authorized users shall have access to the portion of the system that interfaces with CampusConnect.,not about performance,not about performance,0.08498118817806244
Fit Criterion: Dr Susan Poslusny and Karen Sysol are the only people who shall have access to the final class section scheduling for the system that interfaces with CampusConnect.,not about performance,not about performance,0.13565754890441895
The system shall have basic data integrity checking to reduce the possibility of incorrect or invalid data being introduced.,not about performance,not about performance,0.1244996041059494
The system shall protect private information in accordance with the organization’s information policy.,not about performance,not about performance,0.1350659728050232
The system shall be built such that it is as secure as possible from malicious interference.,not about performance,not about performance,0.1450483351945877
The system shall use the organization’s standard virus protection software to help monitor threats to itself.,not about performance,not about performance,0.11679086089134216
The Disputes application shall comply with the corporate standards for user interface creation for internally and externally used applications.,not about performance,not about performance,0.12988163530826569
All screens created as part of the Disputes application must comply with corporate standards for interface creation.,not about performance,not about performance,0.05833302438259125
The list of dispute cases that are displayed after a search is performed must be color coded for easy identification of dispute cases based upon the dispute case status.,not about performance,performance,0.07640404999256134
100% of the cardmember and merchant services representatives shall use the Disputes application regularly after a 2-day training course.,not about performance,performance,0.08202061802148819
100% of cardmember services representatives shall be able to successfully create a dispute case on the first encounter after completing the training course.,not about performance,not about performance,0.07287674397230148
100% of merchant services representatives shall be able to successfully perform a follow up action on a dispute case on the first encounter after completing the training course.,not about performance,performance,0.09251171350479126
The maximum wait time for a user navigating from one screen to another within the Disputes application shall be no more than 5 seconds.,performance,not about performance,0.1832454353570938
The Disputes application shall support 350 concurrent users without any degradation of performance in the application.,performance,not about performance,0.29024216532707214
 The Disputes application shall be available 24x7x365  with the exception of the following scheduled maintenance windows.  Monday – Saturday 3:00am to 4:00am EST Sunday 1:00amd to 5:00am EST,not about performance,not about performance,0.12127406895160675
The Disputes application shall interface with the Statement Database. The Statement Database provides the transaction details to the Disputes System. All transaction details must be obtained from the Statement Database,not about performance,not about performance,0.13881930708885193
The Disputes application shall interface with the Cardmember Information Database.  The Cardmember Information Database provides detailed information with regard to a cardmember.  All cardmember detail information must be obtained from the Cardmember Information Database.,not about performance,not about performance,0.11808964610099792
The Disputes applications shall interface with the Merchant Information Database.  The Merchant Information Database provides detailed information with regard to the merchant. All merchant detail information shall be obtained from the Merchant Information Database.,not about performance,not about performance,0.07396433502435684
The Disputes application shall interface with the Letters application.  This will allow the Disputes application to request letters as part of the dispute initiation and dispute follow up process. All letter requests must be sent to the Print Letter Utility application.,not about performance,not about performance,0.015844926238059998
The Disputes application shall interface with the Cardmember Posting and Billing System.  This will allow the Disputes application to request adjustments to cardmember and merchant’s accounts. All adjustment requests must be sent to the Cardmember Posting and Billing System.,not about performance,not about performance,0.0835338830947876
The Disputes application shall ensure that only users with the appropriate access level are allowed to initiate dispute requests.,not about performance,not about performance,0.05125457048416138
Only users with Update access must be able to initiate dispute requests.,not about performance,not about performance,0.05116216838359833
The Disputes application shall ensure that only authorized users are allowed to logon to the application.,not about performance,not about performance,0.029900087043642998
 All authorized users  once authenticated must be able to logon to the Disputes System,not about performance,not about performance,0.04438299685716629
The Disputes System shall generate a User Report that details any new users that have been added and any changes to an existing user’s access level.  The report will be reviewed for auditing purposes.,not about performance,performance,0.13775531947612762
All additions of new users and modifications to user’s access shall be recorded on the User Report.,not about performance,not about performance,0.12024417519569397
 If a user account is revoked  it can only be re-instantiated by the System Administrator.,not about performance,not about performance,0.0030702995136380196
Only the System Administrator shall be able to reset a revoked user logon account,not about performance,not about performance,0.03211425617337227
The Disputes application shall manipulate and view business data. Users will not have direct access to data files or databases.,not about performance,not about performance,0.16872070729732513
All updates to data files or database must be initiated from the Disputes System.,not about performance,not about performance,0.01032542996108532
The Disputes application must conform to the legal requirements as specified by the Merchant Operating Regulations.,not about performance,not about performance,0.01099514402449131
All business rules specified in the Disputes System shall be in compliance with the Merchant Operating Regulations.,not about performance,not about performance,0.011474089697003365
The Disputes application must conform to the legal requirements as specified by Regulation E and Regulation Z that govern credit card disputes processing.,not about performance,not about performance,0.05169031769037247
All business rules specified in the Disputes System shall be in compliance to the guidelines of Regulation E and Regulation Z.,not about performance,not about performance,0.021160650998353958
The Disputes application must maintain a detailed history of every action that a user takes on a dispute case.  This ensures a complete audit trail if questions arise later on with regard to a particular dispute case.,not about performance,not about performance,0.08429694175720215
All actions that modify an existing dispute case must be recorded in the case history.,not about performance,not about performance,0.03917969390749931
The product must support Internet Explorer 5.5 and above.,not about performance,not about performance,0.05264531448483467
The product must support Mozilla Firefox 1.0 and above.,not about performance,not about performance,0.06385774910449982
The product shall interface with the Choice Parts System.  This provides the feed of recycled parts data.,not about performance,not about performance,0.06674507260322571
The product shall run on the existing hardware for all environments.,not about performance,not about performance,0.2065339982509613
The product shall adhere to the corporate Architecture guidelines,not about performance,not about performance,0.13514281809329987
The product shall comply with corporate User Interface Guidelines,not about performance,not about performance,0.19283194839954376
The product shall comply with corporate color scheme,not about performance,not about performance,0.16503167152404785
The appearance of the product shall appear professional,not about performance,performance,0.23468604683876038
The product shall be easy to use by Adjusters and Collision Estimators.  95% of Adjusters and Collision Estimators shall find the product easy to use.,not about performance,performance,0.12686845660209656
The product shall increase productivity of Collision Estimators. 80% of the Collision Estimators shall agree their productivity has increase within 1 month of using the product.,not about performance,performance,0.2579262852668762
Users shall feel satisfied using the product.  85% of all users will be satisfied with the product.,not about performance,performance,0.21341273188591003
The product shall be easy to learn by Adjusters and Collision Estimators.  The product shall be learned with two days onsite training,not about performance,performance,0.20579883456230164
The user shall easily locate instructions while using the product.  User help can be found within 90% of the system.,not about performance,not about performance,0.12203287333250046
The search for recycled parts shall take no longer than 15 seconds.  The search results shall be returned in under 15 seconds.,performance,performance,0.1267060935497284
The search for the preferred repair facility shall take no longer than 8 seconds.  The preferred repair facility is returned within 8 seconds,performance,performance,0.18428556621074677
The recycled parts audit report shall be returned to the user within 10 seconds.  The audit report shall be returned within 10 seconds.,performance,not about performance,0.07476063072681427
The preferred repair facility ratings shall be saved within 5 seconds. The save shall occur within 5 seconds.,performance,performance,0.1772887259721756
The product shall adhere to the corporate online availability schedule.  The application is brought down only within 98% of the scheduled outages per the availability schedule.,not about performance,performance,0.17678675055503845
The product shall achieve a 98% uptime. The product shall not fail more than 2% of the available online time.,not about performance,performance,0.22348171472549438
The product shall be able to handle up to 1500 simultaneous users. The system shall perform with 1500 users as a time.,not about performance,performance,0.27288344502449036
 The average number of recycled parts records per day shall be 50 000.,not about performance,performance,0.053844988346099854
 The product shall be able to handle 10 000 concurrent users within 2 years of the initial launch.,not about performance,performance,0.23160874843597412
 For estimators  the product shall be able to be operated in a repair facility during dirty and noisy conditions.,not about performance,performance,0.16488301753997803
The product shall interface with the ChoiceParts system once per day at approximately 1:00 AM.,not about performance,performance,0.1080559641122818
The maintenance of the product will fall within the established corporate maintenance windows.,not about performance,performance,0.0452963225543499
The product shall be supported using the corporate support center.,not about performance,not about performance,0.08701415359973907
Product installations and upgrades shall be handled by the middleware technology team within established launch time frames.,not about performance,performance,0.13547706604003906
Only adjusters can request recycled parts audit reports. No users without an adjuster role shall request recycled parts audits.,not about performance,not about performance,0.012438751757144928
Only adjusters with a supervisor role can update preferred repair facility ratings. Users without the supervisor role cannot access the repair facility ratings.,not about performance,not about performance,0.045725494623184204
Only collision estimators shall search for recycled parts.  Users without the collision estimator role shall not have access to the search for recycled parts.,not about performance,not about performance,0.09097692370414734
Only valid data shall be entered into the system.  No invalid data shall be entered into the system.,not about performance,not about performance,0.11500231921672821
One insurance company shall not be able to view another insurance companys claim data.,not about performance,not about performance,0.1251164823770523
The product shall free of computer viruses.,not about performance,not about performance,0.2020232081413269
The system shall prevent malicious attacks including denial of service.,not about performance,not about performance,0.20119468867778778
The product must comply with Sarbanes-Oxley.,not about performance,not about performance,0.06679696589708328
The product shall comply with the estimatics laws relating to recycled parts usage.,not about performance,not about performance,0.04051210358738899
The product shall comply with insurance regulations regarding claims processing.,not about performance,not about performance,0.12380756437778473
 The product must work with most database management systems (DBMS) on the market  whether the DBMS is colocated with the product on the same machine or is located on a different machine on the computer network.,not about performance,performance,0.10776983201503754
The product will function alongside server software on any operating system where the Java runtime can be installed.,not about performance,performance,0.1260065883398056
The product will require collaboration with a database management system (DBMS).  The DBMS may be located on the same machine as the product or on a separate machine residing on the same computer network.,not about performance,performance,0.11974954605102539
 The product must make use of web/application server technology.  Open source examples include Apache web server  Tomcat  and the JBoss application server.,not about performance,performance,0.04596235603094101
 A database management system such as Oracle  DB2  MySql or HSQL will need to be integrated with the product.,not about performance,performance,0.09886608272790909
 The product’s Look and Feel shall be able to incorporate aspects of the customer’s organization such as logo  branding  and identity,not about performance,not about performance,0.14482955634593964
The product shall have a conservative and professional appearance.,not about performance,performance,0.16812479496002197
The product shall make the users want to use it. 80% of the users surveyed report they are regularly using the product after the first 2 weeks post-launch.,not about performance,performance,0.18805402517318726
The product shall be easy to use. 90% of users will be able to successfully reserve a conference room within 5 minutes of product use.,not about performance,performance,0.20449323952198029
The product shall give users feedback when necessary. 80% of the users surveyed report that the product accurately confirms their actions.,not about performance,performance,0.24334198236465454
The product shall allow the user to select a chosen language from one of the target market countries.,not about performance,not about performance,0.07748045027256012
The product shall allow for customization of start page and views preferences.,not about performance,not about performance,0.10108576714992523
 An employee will be able to successfully use the product within a few minutes.  After informally navigating the product for less than 15 minutes  users shall be able to successfully setup meetings and reserve conference rooms.,not about performance,performance,0.1993635594844818
The product shall use a standard navigation menu familiar to most web users.,not about performance,performance,0.07074273377656937
The product shall allow for intuitive searching of available conference rooms.,not about performance,performance,0.09946121275424957
The product shall conform to the Americans with Disabilities Act.,not about performance,not about performance,0.11099214106798172
The response shall be fast enough to avoid interrupting the user’s flow of thought.  90% of tasks shall complete within 5 seconds.  98% of tasks shall complete within 8 seconds.,performance,performance,0.27765318751335144
 Aside from server failure  the software product shall achieve 99.99% up time.,not about performance,performance,0.2923491299152374
The product shall create an exception log of problems encountered within the product for transmission to our company for analysis and resolution.,not about performance,not about performance,0.12440553307533264
 The product shall be capable of handling up to 1 000 concurrent requests.  This number will increase to 2 000 by Release 2.  The concurrency capacity must be able to handle peak scheduling times such as early morning and late afternoon hours.,not about performance,performance,0.24092313647270203
 The product shall be able to process 10 000 transactions per hour within two years of its launch.  This number will increase to 20 000 by Release 2.,not about performance,performance,0.2617376446723938
The product shall be expected to operate for at least 5 years for each customer installation.,not about performance,performance,0.07003916800022125
The product shall be used in office environments.,not about performance,performance,0.173454150557518
The product must be able to interface with any HTML browser.  The product shall transmit data between the user and the product without problems. The product shall display HTML properly in 80% of all HTML browsers tested (minimum is to test 8 browsers).,not about performance,performance,0.1510460078716278
The product must be able to interface with various database management systems. The product shall communicate successfully with the database management system on 100% of all transactions.,not about performance,performance,0.1456676721572876
The product must be able to interface with various email servers. The product shall be able to send email.,not about performance,not about performance,0.0694321021437645
The product shall be available for distribution via the Internet as a binary or ZIP file.,not about performance,performance,0.08818751573562622
The product shall be available for distribution as a packaged CD.,not about performance,performance,0.11255133897066116
 The product will be available for licensing as a one-server  two-five servers  or five-or-more servers license.,not about performance,performance,0.08081790059804916
A new user must be able to be added to the system within 10 minutes.  90% of new users are able to log into the system within 10 minutes.,not about performance,performance,0.05755017697811127
The product must be designed using Design Patterns and coding best practices.  90% of maintenance software developers are able to integrate new functionality into the product with 2 working days.,not about performance,performance,0.09078995883464813
The product must be highly configurable for use with various database management systems for the end users.  80% of end users are able to integrate new database management systems with the product without changing the product’s software code.,not about performance,not about performance,0.08952202647924423
Maintenance releases will be offered to customers once a year.  The releases shall take no longer than 5 minutes for 80% of the customer base to install.,not about performance,performance,0.0851656049489975
Every registered user will have access to the product’s support site via the Internet.  70% of registered users shall find a solution to their problem within 5 minutes of using the support site.,not about performance,not about performance,0.19258412718772888
The customer shall be able to easily integrate new building maps with the product throughout the product’s lifecycle.  Integration of new maps with the product shall be possible with little to no support from product support staff.,not about performance,performance,0.10690383613109589
 The product shall be translated into foreign languages other than the target market countries’ languages in future releases.  For each emerging target market  it shall take no more than 5 days to configure the product for that market’s language.,not about performance,performance,0.09248590469360352
 The product is expected to integrate with multiple database management systems.  The product will operate with Oracle  SQL Server  DB2  MySQL  HSQL  and MS Access.,not about performance,performance,0.13264495134353638
The product shall be able to be installed in any operating environment within 2 days.,not about performance,not about performance,0.12272418290376663
The product shall ensure that only company employees or external users with company-approved user IDs may have product access.  100% of all logons shall be by either company employees or external users with company-approved user IDs.,not about performance,not about performance,0.08726363629102707
Only managers are able to perform search queries for reservations by user.  100% of all search queries for reservations by user shall be from logons of only management logons.,not about performance,not about performance,0.11791298538446426
The product shall ensure that the database’s data corresponds to the data entered by the user.  Each conference room reservation in the system will contain the same information as was entered by the user.,not about performance,performance,0.21442440152168274
The product shall prevent the input of malicious data.  The product and/or adjacent hardware/software systems’ data shall remain 100% uncorrupted each time malicious data is input into the product.,not about performance,not about performance,0.23375771939754486
The product and/or dependent databases/filesystems shall remain operational as a result of the input of malicious data.  The product and/or dependent databases/filesystems shall not crash 100% of the time that malicious data is input into the product.,not about performance,not about performance,0.197000652551651
The product shall have the ability to receive automatic software updates as new threats emerge.  100% of customers will be able to receive automatic software updates transmitted to the installed product.,not about performance,performance,0.11319103837013245
The language of the product shall accommodate all of the target market countries. 90% of survey respondents from each target market country will find that the language of the product is acceptable.,not about performance,not about performance,0.06471139192581177
The product shall be able to display calendar dates and times according to the user’s locale.  90% of survey respondents from each target market country will find that the date and time formatting of the product is correct.,not about performance,performance,0.13112947344779968
The product must be developed with the J2SE/J2EE programming language libraries,not about performance,not about performance,0.12968185544013977
Recreation of Inventory Quantity Adjustment for the period of previous 30 days shall take no more than 30min.,performance,not about performance,0.08929233253002167
The System shall allow for a minimum of  6 users to work at the same time.,performance,performance,0.10988587141036987
The System shall utilize currently owned computer equipment.,not about performance,performance,0.1591416597366333
The System shall be able to automatically backup business data and restore them on demand.,not about performance,performance,0.05026222765445709
The System shall maintain consistent security.  Any changes in user passwords and/or permissions should take affect in all parts of the System.,not about performance,performance,0.09799052029848099
The System shall granularly control access rights to all major subsystems.  It should be possible to assign access rights to all subsystems independently.,not about performance,not about performance,0.016421154141426086
The System shall meet all applicable accounting standards.  The final version of the System must successfully pass independent audit performed by a certified auditor.,not about performance,performance,0.012681353837251663
The System shall not require additional third party licenses resulting in royalty fees.,not about performance,not about performance,0.030569322407245636
Administrator shall be able to activate a pre-paid card via the Administration section in under 5 seconds.,performance,performance,0.07434319704771042
 Customer shall be able to check the status of their prepaid card  by entering in the PIN number  in under 5 seconds.,performance,not about performance,0.11426477134227753
System shall let customers register on the website as a “pay as you go” user in under 5 minutes.,performance,performance,0.07649808377027512
System shall let customers register on the website as a “unlimited movie subscriber” user in under 10 minutes.,performance,performance,0.10282520204782486
System shall let existing customers log into the website with their email address and password in under 5 seconds.,performance,not about performance,0.1336045265197754
 System shall let customers cancel their account  process shall take no longer than 2 minutes.  Database will mark the account as inactive  and user will not be able to log into the website.,performance,not about performance,0.12061470001935959
System shall let administrator de-activate a customer account in under 1 minute. Customer will no longer be able to access the website.,performance,performance,0.08510582894086838
System shall let administrator add/remove movies on the website in under 5 minutes.  Entered movie information will be stored in the database and will now be available on the website.,performance,not about performance,0.15707941353321075
System shall let the administrator add/remove categories on the website in under 5 minutes.,performance,not about performance,0.12050957977771759
System shall let Izogn Manager access sales and usage statistics in under 2 minutes.,performance,not about performance,0.25098514556884766
System shall let administrators generate unique pre-paid pins in under 2 minutes and generate an Excel file with the generated PINs.,performance,not about performance,0.1407567709684372
The website shall be attractive to all audiences.  The website shall appear to be fun and the colors should be bright and vibrant.,not about performance,performance,0.20997574925422668
 The website should have an African feel  but should not alienate non-Africans.  The website should use animation on pages which are describing the services  to grab the users attention and encourage them to sign up.,not about performance,performance,0.11459014564752579
 The website design should be modern  clean  and concise.,not about performance,performance,0.21388554573059082
The product should be able to be used by 90% of novice users on the Internet.,not about performance,performance,0.16083383560180664
 Users should only have to navigate through a maximum of 4 pages  to create an account with the website.,not about performance,not about performance,0.012013670057058334
Users should be able to access their streaming movies in under 2 clicks after logging into the website.,not about performance,not about performance,0.14309914410114288
An anonymous survey will show that 70% of customers are comfortable purchasing streaming movies after 2 weeks using the website.,not about performance,performance,0.18698693811893463
An anonymous survey will show that 95% of customers are comfortable using and purchasing pre-paid cards after a month of using the system.,not about performance,performance,0.1613268256187439
The product shall retain the customer’s buying preferences and information.,not about performance,not about performance,0.1687687188386917
The product shall be easy for customers with novice skills on the  Internet to purchase and watch streaming movies.  Customers should be able to purchase and watch a pre-determined movie in under 3 minutes.,not about performance,performance,0.1648285835981369
The product shall use symbols and words that are naturally understandable by users familiar with websites,not about performance,performance,0.1306833028793335
The website will use standard Internet conventions when interacting with the user.,not about performance,performance,0.10750468075275421
 Any interface between a user and the automated system shall have a maximum response time of 5 seconds  unless noted by an exception below.,performance,not about performance,0.1883760690689087
 When purchasing a streaming movie or pre-paid card via credit card  the processing time should have a maximum response time of 15 seconds.,performance,performance,0.19105616211891174
 When streaming a movie  the buffering time should take no longer than 10 seconds (plus any latency on the user’s connection.),performance,performance,0.2017803192138672
 While streaming a movie  buffering should only occur if there is latency in the user’s connection.,performance,not about performance,0.2030027061700821
 All credit card information will be secured on the server  and only accessible by authorized Izogn administrators.  Information will be encrypted in the database.,not about performance,performance,0.07717272639274597
 The website shall be available for use 24 hours per day  365 days per year.,not about performance,performance,0.11673464626073837
The website shall achieve 99.5% up time.,not about performance,performance,0.27950701117515564
 All movies shall be streamed on demand  at any time of the day.,not about performance,not about performance,0.11673110723495483
The website shall continue to operate if the streaming server goes down.,not about performance,performance,0.13043366372585297
The website shall continue to operate if the payment gateway goes down.,not about performance,performance,0.028439335525035858
The streaming server will support 50 simultaneous streaming connections.,not about performance,performance,0.15705908834934235
The streaming server will support a maximum of 700 movies  new servers can be added to support more movies.,not about performance,performance,0.14706546068191528
 The server will support a maximum of 1 000 simultaneous users.,not about performance,performance,0.2199927717447281
 The website shall be capable of supporting 100 000 customers.,not about performance,performance,0.14392602443695068
The product shall be expected to operate within the maximum maintenance budget for a minimum of 2 years.,not about performance,performance,0.07655484974384308
All aspects of the website shall be accessed by a web browser over the Internet.,not about performance,performance,0.10244825482368469
The same hardware supporting the current website will be used to support the new system.,not about performance,performance,0.18549606204032898
 We must be able to interface with the following browsers: IE 5.X  6.0  Netscape 6.x  7.x  8.x and Firefox 1.0.,not about performance,not about performance,0.094124436378479
Website must interface with the CyberSource API to process credit card transactions.,not about performance,not about performance,0.08208300918340683
Website must be fully operational with MSN TV2.,not about performance,performance,0.11748513579368591
Movies shall be encoded and streamed via Windows Media Player 9.0.,not about performance,not about performance,0.13995079696178436
Movies shall be encoded for 56k and 256k streams.,not about performance,performance,0.2836197316646576
Promotional updates to the website should take a day to update.,not about performance,performance,0.2060098648071289
Izogn Administrator must be able to update the category listings on the website within 2 minutes.,performance,not about performance,0.10192730277776718
Izogn Administrator must be able to add new products to the website within 2 minutes.,performance,not about performance,0.12628555297851562
The system will provide a 24 hour 800 toll free number for support to its customers.,not about performance,not about performance,0.0011622048914432526
The website will provide a help section with answers and solutions to common problems.,not about performance,not about performance,0.0803111344575882
 Velkat staff will be available for phone support between 7am-7pm  M-F to provide technical support to the Izogn administrators.,not about performance,not about performance,0.0805840715765953
The product shall be able to be installed in the specified environment within 1 working day.,not about performance,not about performance,0.12060894072055817
Only registered customers can purchase streaming movies.,not about performance,not about performance,0.08504325896501541
 A customer can only stream a movie if they purchased it  and are within the 2 day viewing period.,not about performance,not about performance,0.14067937433719635
Only authorized personnel can access customer records in the database.,not about performance,not about performance,0.06546875089406967
Only administrators can activate a pre-paid card.,not about performance,not about performance,0.04391726106405258
Only authorized personnel can access sales information.,not about performance,not about performance,0.0714855045080185
The website shall prevent its data from being corrupted when incorrect data is entered in.,not about performance,not about performance,0.15597449243068695
 The website shall protect itself from intentional abuse  and notify the administrator at all occurrences.,not about performance,not about performance,0.1060621589422226
Data integrity scripts will be run on a weekly basis to verify the integrity of the database.,not about performance,performance,0.11156389117240906
 The website shall make its user aware of its information practices before collection data from them via a Privacy Policy  accessible on all pages of the website.,not about performance,not about performance,0.14264144003391266
The system shall notify customers of changes to its information policy.,not about performance,not about performance,0.09367532283067703
The system shall reveal private information only in compliance with the organization’s information policy.,not about performance,not about performance,0.08720874786376953
 All customer information will be stored on a secure database  accessible only to authorized personnel.,not about performance,not about performance,0.06618890166282654
All credit card information will be encrypted in the database.,not about performance,not about performance,0.045271970331668854
The streaming server will have anti-virus software to prevent infection of malicious viruses.,not about performance,not about performance,0.1801777184009552
The website should cater to all tribes in Nigeria.,not about performance,not about performance,0.10309820622205734
The website shall not be offensive to religious or ethnic groups.,not about performance,not about performance,0.12459540367126465
 The website should appeal to all Africans  not only Nigerians.,not about performance,not about performance,0.12972228229045868
The website should use Flash to provide animation on the home page.,not about performance,not about performance,0.13553103804588318
IzognMovies shall meet the licensing requirements set forth by the appropriate organizations in order to stream African movies.,not about performance,not about performance,0.07283931970596313
The website will comply with W3C standards.,not about performance,performance,0.09115047007799149
The PHP code will comply with PEAR standards.,not about performance,performance,0.11144036799669266
Total lead cycle time must be completed in 5 minutes for 90% of lead volume between the business hours of 8AM CST to 8PM CST  then 3 minutes for 99% of lead volume during off business hours.,performance,performance,0.0303631741553545
No lead evaluation will complete in a time period longer than 25 seconds for 97% of all leads processed.,performance,performance,0.17402887344360352
For leads that process longer than 25 seconds the system will record the event and duration,performance,not about performance,0.17544716596603394
The process must fit within the processing time conditions set forth by the Auto Rep Assignment process in which a lead is assigned within 3 minutes of the total life cycle.,performance,not about performance,0.1300257295370102
The lead washing process will operate within the established physical web service structure.,not about performance,performance,0.08142960071563721
 The washing process must use a non binding  neutral data format  such as xml  when receiving and processing lead data.,not about performance,not about performance,0.0712832510471344
Defect reports will be available to technical units on a 24x7 basis.,not about performance,performance,0.11434362083673477
Washing parameters will be updated during scheduled maintenance hours.,not about performance,performance,0.06594482064247131
The product shall simulate the look of ships at sea.,not about performance,not about performance,0.09439122676849365
The product shall display the grids within a circle as a view from a periscope.,not about performance,performance,0.09897062182426453
The product shall display each type of ship in a grid using an image of the specific type of ship.,not about performance,not about performance,0.10406751185655594
 When the offensive player takes a shot  the product shall simulate the sound of a ship at sea.,not about performance,not about performance,0.16269299387931824
 When a shot is marked as a miss  the product shall simulate the sound of a shot missing its target.,not about performance,performance,0.1261243373155594
 When a shot is marked as a hit  the product shall simulate the sound of a shot hitting its target.,not about performance,not about performance,0.13592424988746643
 When a ship is sunk  the product shall simulate the sound of a sinking ship.,not about performance,not about performance,0.1096956729888916
 The product shall be available 24 hours per day  seven days per week.,not about performance,performance,0.0788230299949646
The product shall able to handle a large number of games simultaneously.,performance,performance,0.316903293132782
The response time shall be fast enough to maintain the flow of the game.  The response time shall be no more than 2 seconds for 95% of responses and no more than 4% for the remaining responses.,performance,performance,0.2699485719203949
The product shall protect the identity of the players. The product shall provide players no access to information that might reveal the identity of another player.,performance,not about performance,0.20369119942188263
The product shall be intuitive and self-explanatory.  Nine out ten users shall be able to successfully complete a game with no training.,not about performance,performance,0.2582983672618866
 The product shall be available to players who understand English  Spanish and French.  The product shall allow the user to select the language upon accessing the product.,not about performance,not about performance,0.12377229332923889
The product shall provide players no access to information that might reveal the identity of another player,not about performance,not about performance,0.2105717957019806
The response time shall be fast enough to maintain the flow of the game. The response time shall be no more than 2 seconds for 95% of responses and no more than 4% for the remaining responses.,performance,performance,0.2699485719203949
The system shall be easy to use by callers and supervisors. Callers and supervisors must be able to accomplish any system task within 2 minutes.,not about performance,performance,0.20838811993598938
The system shall be easy to learn by callers and supervisors. Callers and supervisors shall learn how to use the system within 10 minutes.,not about performance,performance,0.17490075528621674
 The system shall be responsive. At the DePaul TeleServices Center  when a supervisor uses the system to view a callers schedule  the system response time must be no more than 2 seconds 90% of the time and no more than 5 seconds the rest of the time.,performance,performance,0.15513035655021667
 On a 56k connection  the system response time for all operations must be no more than 6 seconds 90% of the time.,performance,performance,0.26239681243896484
 On a 112k connection or faster  the system response time for all operations must be no more than 3 seconds 90% of the time.,performance,performance,0.27037182450294495
The system shall have high availability every day of the year.The system must be available for use between 12:00AM and 6:00PM all days of the year.,not about performance,performance,0.06887392699718475
The system must be available for use between 7:00AM and 11:59PM all days of the year.,not about performance,performance,0.020394369959831238
The product shall be internet browser independent.The product must run using Internet Explorer and Netscape Navigator.,not about performance,not about performance,0.09576355665922165
The product shall ensure that only supervisors can advertise empty time slots.The product must ensure that supervisors are allowed to access advertise empty time slots.,not about performance,not about performance,0.087851881980896
The product shall ensure that only supervisors can enter a caller’s schedule.The product must ensure that supervisors are allowed to access advertise empty time slots.,not about performance,not about performance,0.11096633225679398
The product shall ensure that only supervisors can view schedule of all callers.The product must ensure that supervisors are allowed to access advertise empty time slots.,not about performance,not about performance,0.1251828968524933
 The interface shall have a simple look. In the interface and usability survey  90% of beta testers must report that the interface is adequately simple.,not about performance,performance,0.18822608888149261
 The interface shall be appealing to callers and supervisors. In the interface and usability survey  80% of beta testers must report that the interface is appealing.,not about performance,performance,0.2487308233976364
The product shall provide GUI based Monitoring Services.System Administrators shall monitor message exchanges will predict and determine problems and will also provide internal and external support.,not about performance,performance,0.17855079472064972
The product shall comply with City of Chicago Application Development Guide Framework.Application Development Framework will provide structured Graphical User Interface.,not about performance,performance,0.08925146609544754
The product shall provide Monitoring Services.The product shall be easy for System Administrators and DBAs to use after two weeks of usage.,not about performance,performance,0.23523971438407898
The product shall provide Error Tracking Services.The product shall help the System Administrators and DBAs to resolve transaction errors 99% of the time.,not about performance,not about performance,0.18627282977104187
The product shall provide Portals.The product shall help System Administrators to analyze the transactions with ad-hoc reporting and KPIs (Key Performance Indicators),not about performance,performance,0.2944512963294983
The product shall provide Asynchronous Messaging.The product shall provide asynchronous messaging to enable parallel processing and reduce the overhead in communications,performance,performance,0.26908954977989197
The product shall provide Multi-threading and Load Balancing.The product shall provide multi-threading technology as well as load balancing to overcome data load spikes and traffic.,performance,performance,0.27979913353919983
The product shall process messages within 2 seconds.The product shall have a maximum message processing time of 2 seconds,performance,performance,0.21884702146053314
The product shall poll the system for messages every second.The product shall poll the system for new messages at a maximum of every 1 second.,performance,performance,0.2018093317747116
The product shall provide Dynamic Change Support and Transparent resource addition.The product shall support Transparent Resource addition and Dynamic Change support to provide scalability and avoid service interruptions of more than 1 day.,performance,performance,0.2457839548587799
The product shall be available 99% of the time. Rationale: To avoid service interruption during busiest customer service response periods. The product shall be available 99.99% of the time for regular business days.,not about performance,performance,0.0658402070403099
The product shall be robust.The product shall have fault avoidance based on standards adoption.,not about performance,not about performance,0.1531464159488678
The product shall be robust with fault tolerance.The product shall have fault tolerance by using recovery technique compensatory transaction and routing around failures.,not about performance,performance,0.13305120170116425
The product shall be able to process all transactions.The product shall process minimum of 1 million transactions per year.,not about performance,performance,0.21181046962738037
The product shall be platform independent.The product shall enable access to any type of development environment and platform.,not about performance,not about performance,0.1410875916481018
The product shall interface CSR and Datastream.The product shall exchange messages between CSR and EAM on a real time basis without any direct interfaces between two systems.,not about performance,not about performance,0.14619427919387817
 : The product shall continue to operate during upgrade  change or new resource addition.The product shall be able to continue to operate with no interruption in service due to new resource additions.,not about performance,performance,0.16262505948543549
The product shall be updated on a regular basis.The product will have a new major feature introduced every six months and quarterly maintenance releases every six months.,not about performance,performance,0.13794004917144775
The product shall operate with every platform.The product shall accommodate any new technology without any change in its architecture.,not about performance,not about performance,0.16973812878131866
 The product shall have security.The product shall provide authentication  and authorization.,not about performance,not about performance,0.11216967552900314
The product shall information Security. The product shall enable privacy by encryption WS-Security and Integrity Checking.,not about performance,not about performance,0.15365654230117798
The product shall have audit capabilities.The product shall store messages for a minimum of one year for audit and transaction tracking purposes.,not about performance,not about performance,0.04993326961994171
The system shall use IBM and CCR branding standards. The interface must have one IBM logo and one CCR logo.,not about performance,not about performance,0.10769030451774597
The system shall be displayable on any work computer a CCR user may have. The system interface shall be formatted to display at 800 by 600 pixel resolution.,not about performance,performance,0.21393978595733643
The system interface will use CCR nomenclature. The system must use the same nomenclature used in the existing WCS system and reports,not about performance,performance,0.005603845231235027
The interface must summarize the data in a fashion that’s appealing to CCR management. Every report type must have at least one high level summary shown in the results dashboard/interface,not about performance,not about performance,0.06441755592823029
The system must use a point and click interface. 100% of all selection and navigation functionality must be able to be activated/selected by either a mouse or a keyboard,not about performance,not about performance,0.05260419845581055
The interface shall be easy to use. 90% of users should be able to successfully use the system to generate a report on their first use. The interface should adhere to IBM usability standards.,not about performance,performance,0.25025367736816406
Rreports must be easy to generate. eports must be generated within one button click and exported within one button click (after selecting the report),not about performance,not about performance,0.024932147935032845
A user shall be able to use the system without instruction after a short amount of time. After one use a user should understand and remember 90% of the system usage and navigation.,not about performance,not about performance,0.22554978728294373
All CCR users shall receive training before the WCS system is deployed. One training session will be held for 100% of CCR users before system deployment (based on a CCR user being available),not about performance,performance,0.09830324351787567
The WCS system shall use appropriate nomenclature and terminology as defined by the Corporate Community Grants organization. All interfaces and reports will undergo usability tests by CCR users.,not about performance,performance,0.12761396169662476
The WCS system shall be available at all times as long as IBM’s internal intranet W3 is accessible. The WCS system will be available 95% of the time IBM’s internal intranet W3 is available.,not about performance,performance,0.12309598922729492
The WCS system shall have the ability to connect other designated WCS databases currently not included in the system.,not about performance,not about performance,0.04946991428732872
The WCS system shall have the ability to include data for regions outside the United States and be accessed by users outside of the United States if approved by CCR management.,not about performance,not about performance,0.0421244278550148
The WCS system shall be run in a Windows environment. The WCS shall be accessed by users through the Internet on an IBM computer running a Windows 2000 or above operating system.,not about performance,performance,0.06775140762329102
The Brio portion of the WCS system must be able to export files in spreadsheet form (Microsoft Excel and Lotus 1-2-3 formats).  Brio will provide buttons in the user interface that produce/export reports in .xls or .123 file formats.,not about performance,performance,0.04291379824280739
The WCS system must run queries to the WCS databases once again (on a specified day) to update the available data available to CCR users. Queries must be made to external databases for data refresh once a week.,not about performance,performance,0.08038731664419174
 All changes  updates  and additions to the WCS system shall be updated in the WCS Developer and WCS User Guides. Every change must be reflected in WCS system documentation,not about performance,performance,0.0002864273265004158
The system shall only be accessed by authorized Corporate Community Grants (CCR) employees. Users must be authenticated using their IBM intranet user name and password.,not about performance,not about performance,0.044474780559539795
The WCS system shall not allow automatic logins by any user. Cookies containing WCS login information about a user will not be stored on a user’s computer.,not about performance,not about performance,-0.00586356595158577
Each team owner will need to use a username and password in order to be authenticated to reach the team owner’s page,not about performance,not about performance,0.05087211728096008
The Commissioner will be the only authorized user per league to adjust league settings.,not about performance,not about performance,0.07311814278364182
Each page shall contain a navigation menu which shows the index into which the current page is contained.,not about performance,performance,0.09972363710403442
Each page shall contain a similar format with action items in one location and navigation buttons in a different location.,not about performance,performance,0.09685924649238586
The message board shall contain the 5 most recently posted messages on the league page. The messages will contain up to the first 150 characters of the message.,not about performance,performance,0.07216033339500427
;A new user shall be able to navigate through the league and team pages within 30 seconds of reaching the start-up page.,not about performance,not about performance,0.151563361287117
Users shall be able to reach the ‘add’  ‘drop’  and ‘trade player’ pages with one click from the team owner’s page.,not about performance,not about performance,0.09683168679475784
;Users shall be able to view at least 25 NFL player statistics and points on each page.,not about performance,not about performance,0.19124461710453033
The application shall ask the user to confirm dropping a player or trading a player before performing the action.,not about performance,not about performance,0.13961845636367798
The application shall be able to complete every user transaction within one fourth of a second of receiving the request over the network.,performance,performance,0.2473614513874054
The application shall have a downtime of at most 10 minutes per year.,not about performance,not about performance,0.13334056735038757
The application shall run on a web application server.,not about performance,not about performance,0.18125027418136597
A primary database will be used to store cached data for active users.,not about performance,performance,0.16773512959480286
A secondary database will be used to store historical statistics and data.,not about performance,performance,0.14384804666042328
Application updates shall occur between 3AM and 6 AM CST on Wednesday morning during the middle of the NFL season.,not about performance,not about performance,0.10974372923374176
New System version releases shall be released at the beginning of each NFL season.,not about performance,not about performance,0.08816535025835037
The RFS system should be available 24/7  especially during the budgeting period. The RFS system shall be available 90% of the time all year  and 98% during the budgeting period. 2% of the time  the system will become available within 1 hour of the time that the situation is reported.,not about performance,performance,0.03741215169429779
98% of the user workstations shall meet the minimum hardware requirements prior to implementation. Minimum Hard Disk Space:  400MB.,not about performance,performance,0.19171088933944702
98% of the user workstations shall meet the minimum software requirements prior to implementation: Microsoft Internet Explorer 5.0. Microsoft .NET Framework 1.1. Microsoft Internet Explorer Web Controls,not about performance,performance,0.1472899317741394
The RFS system should be able to easily interface with the BDW environment  in order to load the data. •;7 data files shall be received from the BDW and loaded into the RFS system within 3 hours one day prior to the start of budgeting process  every year. The data will be as of October month-end. ;Test files (7) shall be loaded up to 5 times throughout the year  from the BDW.,not about performance,performance,0.12547361850738525
Changes to revenue and expense formulae must be applied to the RFS system  every year  prior to the budgeting process start. Revenue and expense formulae will be updated within one week of their receipt  after which 2 weeks will be allotted to testing of the budget calculations  to be conducted jointly by the project development team and PCG Finance.,not about performance,not about performance,0.0797191932797432
New branches/complexes/districts/regions and revenue/expense accounts added to the BDW  must be reflected in the RFS system. 100% of the entities (mentioned above) available as of October month-end  will be loaded into the RFS system  prior to the budget start process.,not about performance,performance,0.045130208134651184
Only authorized user shall access the RFS system. ONLY users that exist in the UAS system  with the RFS system assigned to their role(s)  shall access the RFS system and use it.,not about performance,not about performance,0.022666921839118004
;User access should be limited to the permissions granted to their role(s) Each level in the PCG hierarchy will be assigned a role and users will be assigned to these roles. Access to functionality within RFS system is dependent on the privileges/permission assigned to the role..,not about performance,not about performance,0.08668056130409241
The product must comply with the intranet page standards and requirements of ENET Securities. 95% of the product look & feel will be approved by the Architecture group  prior to implementation. The remaining 5% will be corrected and approved within one month of product release.,not about performance,performance,0.14464476704597473
 The intranet pages should display appropriately in all resolutions  from 800x600 and higher. The display of all the pages will be correct in 95% of the resolutions  prior to implementation. The remaining 5% will be corrected within a week of notification of the incorrect display.,not about performance,performance,0.18674418330192566
The users should be able to easily use the system to successfully complete their budgets  within the stipulated time for completion. With a week of training prior to product implementation  98% of the users shall complete their budgets within the stipulated time.,not about performance,performance,0.17415544390678406
The product interface should be fast. The response time of the product interface should not exceed 2 seconds 90% of the time. For 10% of the time  the response time should not be more than 10 seconds.not be more than 10 seconds.,performance,performance,0.2658005654811859
