,precision,recall,f1-score,support
"graphical, gui, ui, widget, interaction, habit, prefer, comfortable, friendly, feeling, experience, or familiar",0.18604651162790697,0.21052631578947367,0.19753086419753085,38.0
"usability, security, operational, performance, fault & tolerance, legal, maintainability, scalability, availability, or portability",0.908256880733945,0.8945783132530121,0.9013657056145675,332.0
accuracy,0.8243243243243243,0.8243243243243243,0.8243243243243243,0.8243243243243243
macro avg,0.547151696180926,0.5525523145212429,0.5494482849060491,370.0
weighted avg,0.8340839239068384,0.8243243243243243,0.8290799651447096,370.0
