,precision,recall,f1-score,support
"graphical, gui, ui, widget, interaction, habit, prefer, comfortable, friendly, feeling, experience, or familiar",0.09844559585492228,0.5,0.1645021645021645,38.0
"not about graphical, gui, ui, widget, interaction, habit, prefer, comfortable, friendly, feeling, experience, or familiar",0.8926553672316384,0.4759036144578313,0.6208251473477406,332.0
accuracy,0.4783783783783784,0.4783783783783784,0.4783783783783784,0.4783783783783784
macro avg,0.49555048154328035,0.4879518072289156,0.39266365592495256,370.0
weighted avg,0.8110878771983541,0.4783783783783784,0.5739595437041408,370.0
