Requirement text,Gold label,Predicated label,ZSL score
The system shall refresh the display every 60 seconds.,"not about appearance, interface, look & feel","appearance, interface, look & feel",0.18022775650024414
The application shall match the color of the schema set forth by Department of Homeland Security,"appearance, interface, look & feel","appearance, interface, look & feel",0.45935195684432983
 If projected  the data must be readable.  On a 10x10 projection screen  90% of viewers must be able to read Event / Activity data from a viewing distance of 30,"not about appearance, interface, look & feel","appearance, interface, look & feel",0.2700023353099823
 The product shall be available during normal business hours. As long as the user has access to the client PC  the system will be available 99% of the time during the first six months of operation.,"not about appearance, interface, look & feel","appearance, interface, look & feel",0.24522478878498077
 If projected  the data must be understandable. On a 10x10 projection screen  90% of viewers must be able to determine that Events or Activities are occuring in current time from a viewing distance of 100,"not about appearance, interface, look & feel","appearance, interface, look & feel",0.3456915616989136
The product shall ensure that it can only be accessed by authorized users.  The product will be able to distinguish between authorized and unauthorized users in all access attempts,"not about appearance, interface, look & feel","appearance, interface, look & feel",0.41811180114746094
The product shall be intuitive and self-explanatory.  :  90% of new users shall be able to start the display of Events or Activities within 90 minutes of using the product.,"not about appearance, interface, look & feel","appearance, interface, look & feel",0.4025738537311554
The product shall respond fast to keep up-to-date data in the display.,"not about appearance, interface, look & feel","appearance, interface, look & feel",0.3636462986469269
The look and feel of the system shall conform to the user interface standards of the smart device.,"appearance, interface, look & feel","appearance, interface, look & feel",0.5806082487106323
 The user interface shall have standard menus  buttons for navigation,"appearance, interface, look & feel","appearance, interface, look & feel",0.48978671431541443
The system shall have a professional appearance,"appearance, interface, look & feel","appearance, interface, look & feel",0.4550570547580719
The product shall have a consistent color scheme and fonts.,"appearance, interface, look & feel","appearance, interface, look & feel",0.47484448552131653
The system shall be used by realtors with no training.,"not about appearance, interface, look & feel","not about appearance, interface, look & feel",0.22886508703231812
The system shall be intuitive and self explanatory.,"not about appearance, interface, look & feel","appearance, interface, look & feel",0.4157167375087738
The product shall be easy for a realtor to learn.,"not about appearance, interface, look & feel","appearance, interface, look & feel",0.2750842273235321
The product shall use symbols and words that are naturally understandable by the realtor community.,"not about appearance, interface, look & feel","appearance, interface, look & feel",0.4312589466571808
The product shall produce search results in an acceptable time,"not about appearance, interface, look & feel","appearance, interface, look & feel",0.4494248628616333
The search results shall be returned no later 30      seconds  after the user has entered the search criteria,"not about appearance, interface, look & feel","appearance, interface, look & feel",0.04845808073878288
The product shall generate a CMA report in an acceptable time.,"not about appearance, interface, look & feel","appearance, interface, look & feel",0.40186625719070435
The CMA report shall be returned no later 60 seconds after the user has entered the CMA report criteria.,"not about appearance, interface, look & feel","appearance, interface, look & feel",0.15398535132408142
The product shall synchronize contacts and appointments in an acceptable time.,"not about appearance, interface, look & feel","appearance, interface, look & feel",0.39638805389404297
The product shall synchronize with the office system every hour.,"not about appearance, interface, look & feel","appearance, interface, look & feel",0.29496335983276367
 The product shall be available for use 24 hours per day  365 days  per year,"not about appearance, interface, look & feel","appearance, interface, look & feel",0.2978304922580719
 Out of 1000 accesses to the system  the system is available 999 times.,"not about appearance, interface, look & feel","appearance, interface, look & feel",0.2920481264591217
The product shall operate in offline mode whenever internet connection is unavailable.,"not about appearance, interface, look & feel","not about appearance, interface, look & feel",0.2937990725040436
 The product shall allow the user to view previously downloaded search results  CMA reports  and appointments.,"not about appearance, interface, look & feel","appearance, interface, look & feel",0.39886659383773804
The product shall retain user preferences in the event of a failure.,"not about appearance, interface, look & feel","appearance, interface, look & feel",0.4095047116279602
100% of saved user preferences shall be restored when system comes back online.,"not about appearance, interface, look & feel","appearance, interface, look & feel",0.3026469945907593
The product shall be able to support multiple remote users,"not about appearance, interface, look & feel","appearance, interface, look & feel",0.45507997274398804
The product shall be able support 1000 simultaneous users.,"not about appearance, interface, look & feel","appearance, interface, look & feel",0.30874505639076233
The product shall be capable of handling the existing 1000 users. This number is expected to grow 5 times within the next year.,"not about appearance, interface, look & feel","appearance, interface, look & feel",0.13454823195934296
The product shall be installed by an untrained realtor   without recourse to separately-printed instructions.,"not about appearance, interface, look & feel","not about appearance, interface, look & feel",0.2733893096446991
90% of untrained realtors shall be able to install the product on their device without printed instructions,"not about appearance, interface, look & feel","not about appearance, interface, look & feel",0.2538887560367584
The product is expected to run on Windows CE and Palm operating systems.,"not about appearance, interface, look & feel","appearance, interface, look & feel",0.2903311848640442
Only registered realtors shall be able to access the system.,"not about appearance, interface, look & feel","not about appearance, interface, look & feel",0.21672409772872925
Every user of the system shall be authenticated and authorized.,"not about appearance, interface, look & feel","appearance, interface, look & feel",0.49976134300231934
The product shall prevent its data from incorrect data being introduced.,"not about appearance, interface, look & feel","appearance, interface, look & feel",0.432094544172287
The system shall be easy to use by the Program Administrators/Nursing Staff Members.,"not about appearance, interface, look & feel","appearance, interface, look & feel",0.3873050808906555
All of the users shall be able to use the system after one day of training.,"not about appearance, interface, look & feel","appearance, interface, look & feel",0.18071849644184113
The system shall help the user avoid making mistakes while scheduling classes and clinicals for the nursing students.,"not about appearance, interface, look & feel","appearance, interface, look & feel",0.1593099683523178
The number of mistakes noted by the students shall be decreased by 50% in the first year.,"not about appearance, interface, look & feel","not about appearance, interface, look & feel",-0.11547085642814636
The system shall be intuitive to the Program Administrators/Nursing Staff Members.,"not about appearance, interface, look & feel","appearance, interface, look & feel",0.457520455121994
2 out of 3 Program Administrators/Nursing Staff Members shall successfully be able to use the system to manage the scheduling of classes and clinicals.,"not about appearance, interface, look & feel","appearance, interface, look & feel",0.18969063460826874
The system shall use symbols and words that are naturally understandable by the user community.,"not about appearance, interface, look & feel","appearance, interface, look & feel",0.4646276831626892
The verbiage used within the system shall be consistent with Standard English and the terminology of the national Nursing Community.,"not about appearance, interface, look & feel","appearance, interface, look & feel",0.3380870223045349
Staff members shall be able to complete a set of tasks in a timely manner.,"not about appearance, interface, look & feel","appearance, interface, look & feel",0.462861031293869
The response time of general student management tasks shall take no longer than 5 seconds and the response time of schedule generation shall take no longer than 30 seconds.,"not about appearance, interface, look & feel","appearance, interface, look & feel",-0.02430136315524578
The system shall be available for use between the hours of 8am and 6pm.,"not about appearance, interface, look & feel","appearance, interface, look & feel",0.24555888772010803
The system shall achieve 95% up time.,"not about appearance, interface, look & feel","appearance, interface, look & feel",0.2582623362541199
system shall be able to handle all of the user requests/usage during business hours.,"not about appearance, interface, look & feel","appearance, interface, look & feel",0.3347488045692444
The system shall cater to 10 simultaneous users from 9am to 5pm.,"not about appearance, interface, look & feel","appearance, interface, look & feel",0.18310843408107758
The system shall be capable of processing 100% of nursing students and their classes for the next 10 years.,"not about appearance, interface, look & feel","appearance, interface, look & feel",0.16297948360443115
The system shall be expected to manage the nursing program curriculum and class/clinical scheduling for a minimum of 5 years.,"not about appearance, interface, look & feel","appearance, interface, look & feel",0.1288299709558487
The system shall able to operate within a business office environment typical of the Nursing Department at DePaul University.,"not about appearance, interface, look & feel","appearance, interface, look & feel",0.2926274240016937
The system shall be used within the specifications defined by the computers used by the Program Administrators/Nursing Staff Members.,"not about appearance, interface, look & feel","appearance, interface, look & feel",0.3621700406074524
The system shall operate within the Windows XP Professional operating system.,"not about appearance, interface, look & feel","appearance, interface, look & feel",0.3382781147956848
The system shall interface with CampusConnect’s central server,"not about appearance, interface, look & feel","appearance, interface, look & feel",0.4222658574581146
The system shall interface with the faculty central server.,"not about appearance, interface, look & feel","appearance, interface, look & feel",0.3818753659725189
The system shall interface with the student master server.,"not about appearance, interface, look & feel","appearance, interface, look & feel",0.29590076208114624
We must be able to interface with any HTML browser.,"not about appearance, interface, look & feel","appearance, interface, look & feel",0.501603901386261
Only authorized users shall have access to clinical site information.,"not about appearance, interface, look & feel","not about appearance, interface, look & feel",0.22780904173851013
Program Administrators/Nursing Staff Members are the only people who shall have access to clinical site details.,"not about appearance, interface, look & feel","appearance, interface, look & feel",0.24668622016906738
Only authorized users shall have access to students’ personal information.,"not about appearance, interface, look & feel","not about appearance, interface, look & feel",0.16413435339927673
Dr Susan Poslusny and Dr Julie Donalek are the only people who shall have access to students’ personal information.,"not about appearance, interface, look & feel","not about appearance, interface, look & feel",0.1778988391160965
Only authorized users shall have access to the portion of the system that interfaces with CampusConnect.,"not about appearance, interface, look & feel","not about appearance, interface, look & feel",0.25710833072662354
Fit Criterion: Dr Susan Poslusny and Karen Sysol are the only people who shall have access to the final class section scheduling for the system that interfaces with CampusConnect.,"not about appearance, interface, look & feel","appearance, interface, look & feel",0.2525442838668823
The system shall have basic data integrity checking to reduce the possibility of incorrect or invalid data being introduced.,"not about appearance, interface, look & feel","appearance, interface, look & feel",0.3577190041542053
The system shall protect private information in accordance with the organization’s information policy.,"not about appearance, interface, look & feel","appearance, interface, look & feel",0.32387542724609375
The system shall be built such that it is as secure as possible from malicious interference.,"not about appearance, interface, look & feel","appearance, interface, look & feel",0.26170575618743896
The system shall use the organization’s standard virus protection software to help monitor threats to itself.,"not about appearance, interface, look & feel","appearance, interface, look & feel",0.3178477883338928
The Disputes application shall comply with the corporate standards for user interface creation for internally and externally used applications.,"appearance, interface, look & feel","appearance, interface, look & feel",0.4795753061771393
All screens created as part of the Disputes application must comply with corporate standards for interface creation.,"appearance, interface, look & feel","appearance, interface, look & feel",0.4333350360393524
The list of dispute cases that are displayed after a search is performed must be color coded for easy identification of dispute cases based upon the dispute case status.,"not about appearance, interface, look & feel","appearance, interface, look & feel",0.2704315483570099
100% of the cardmember and merchant services representatives shall use the Disputes application regularly after a 2-day training course.,"not about appearance, interface, look & feel","appearance, interface, look & feel",0.06371544301509857
100% of cardmember services representatives shall be able to successfully create a dispute case on the first encounter after completing the training course.,"not about appearance, interface, look & feel","appearance, interface, look & feel",0.19401809573173523
100% of merchant services representatives shall be able to successfully perform a follow up action on a dispute case on the first encounter after completing the training course.,"not about appearance, interface, look & feel","appearance, interface, look & feel",0.1509980857372284
The maximum wait time for a user navigating from one screen to another within the Disputes application shall be no more than 5 seconds.,"not about appearance, interface, look & feel","not about appearance, interface, look & feel",0.06971194595098495
The Disputes application shall support 350 concurrent users without any degradation of performance in the application.,"not about appearance, interface, look & feel","not about appearance, interface, look & feel",0.2380826622247696
 The Disputes application shall be available 24x7x365  with the exception of the following scheduled maintenance windows.  Monday – Saturday 3:00am to 4:00am EST Sunday 1:00amd to 5:00am EST,"not about appearance, interface, look & feel","appearance, interface, look & feel",0.20466651022434235
The Disputes application shall interface with the Statement Database. The Statement Database provides the transaction details to the Disputes System. All transaction details must be obtained from the Statement Database,"not about appearance, interface, look & feel","appearance, interface, look & feel",0.40367093682289124
The Disputes application shall interface with the Cardmember Information Database.  The Cardmember Information Database provides detailed information with regard to a cardmember.  All cardmember detail information must be obtained from the Cardmember Information Database.,"not about appearance, interface, look & feel","appearance, interface, look & feel",0.34310227632522583
The Disputes applications shall interface with the Merchant Information Database.  The Merchant Information Database provides detailed information with regard to the merchant. All merchant detail information shall be obtained from the Merchant Information Database.,"not about appearance, interface, look & feel","appearance, interface, look & feel",0.2694718539714813
The Disputes application shall interface with the Letters application.  This will allow the Disputes application to request letters as part of the dispute initiation and dispute follow up process. All letter requests must be sent to the Print Letter Utility application.,"not about appearance, interface, look & feel","appearance, interface, look & feel",0.3226495087146759
The Disputes application shall interface with the Cardmember Posting and Billing System.  This will allow the Disputes application to request adjustments to cardmember and merchant’s accounts. All adjustment requests must be sent to the Cardmember Posting and Billing System.,"not about appearance, interface, look & feel","appearance, interface, look & feel",0.31274279952049255
The Disputes application shall ensure that only users with the appropriate access level are allowed to initiate dispute requests.,"not about appearance, interface, look & feel","appearance, interface, look & feel",0.2730967402458191
Only users with Update access must be able to initiate dispute requests.,"not about appearance, interface, look & feel","not about appearance, interface, look & feel",0.28341639041900635
The Disputes application shall ensure that only authorized users are allowed to logon to the application.,"not about appearance, interface, look & feel","appearance, interface, look & feel",0.28746694326400757
 All authorized users  once authenticated must be able to logon to the Disputes System,"not about appearance, interface, look & feel","appearance, interface, look & feel",0.3931487798690796
The Disputes System shall generate a User Report that details any new users that have been added and any changes to an existing user’s access level.  The report will be reviewed for auditing purposes.,"not about appearance, interface, look & feel","appearance, interface, look & feel",0.38571715354919434
All additions of new users and modifications to user’s access shall be recorded on the User Report.,"not about appearance, interface, look & feel","appearance, interface, look & feel",0.4108503758907318
 If a user account is revoked  it can only be re-instantiated by the System Administrator.,"not about appearance, interface, look & feel","not about appearance, interface, look & feel",0.3047715425491333
Only the System Administrator shall be able to reset a revoked user logon account,"not about appearance, interface, look & feel","not about appearance, interface, look & feel",0.21140098571777344
The Disputes application shall manipulate and view business data. Users will not have direct access to data files or databases.,"not about appearance, interface, look & feel","not about appearance, interface, look & feel",0.23997463285923004
All updates to data files or database must be initiated from the Disputes System.,"not about appearance, interface, look & feel","appearance, interface, look & feel",0.28215518593788147
The Disputes application must conform to the legal requirements as specified by the Merchant Operating Regulations.,"not about appearance, interface, look & feel","appearance, interface, look & feel",0.32659921050071716
All business rules specified in the Disputes System shall be in compliance with the Merchant Operating Regulations.,"not about appearance, interface, look & feel","appearance, interface, look & feel",0.25812527537345886
The Disputes application must conform to the legal requirements as specified by Regulation E and Regulation Z that govern credit card disputes processing.,"not about appearance, interface, look & feel","appearance, interface, look & feel",0.30059975385665894
All business rules specified in the Disputes System shall be in compliance to the guidelines of Regulation E and Regulation Z.,"not about appearance, interface, look & feel","appearance, interface, look & feel",0.26071697473526
The Disputes application must maintain a detailed history of every action that a user takes on a dispute case.  This ensures a complete audit trail if questions arise later on with regard to a particular dispute case.,"not about appearance, interface, look & feel","appearance, interface, look & feel",0.3592517375946045
All actions that modify an existing dispute case must be recorded in the case history.,"not about appearance, interface, look & feel","appearance, interface, look & feel",0.32305288314819336
The product must support Internet Explorer 5.5 and above.,"not about appearance, interface, look & feel","appearance, interface, look & feel",0.3283631205558777
The product must support Mozilla Firefox 1.0 and above.,"not about appearance, interface, look & feel","appearance, interface, look & feel",0.21399129927158356
The product shall interface with the Choice Parts System.  This provides the feed of recycled parts data.,"not about appearance, interface, look & feel","appearance, interface, look & feel",0.36621204018592834
The product shall run on the existing hardware for all environments.,"not about appearance, interface, look & feel","appearance, interface, look & feel",0.3478102385997772
The product shall adhere to the corporate Architecture guidelines,"not about appearance, interface, look & feel","appearance, interface, look & feel",0.44199949502944946
The product shall comply with corporate User Interface Guidelines,"appearance, interface, look & feel","appearance, interface, look & feel",0.5536118149757385
The product shall comply with corporate color scheme,"appearance, interface, look & feel","appearance, interface, look & feel",0.5161917805671692
The appearance of the product shall appear professional,"appearance, interface, look & feel","appearance, interface, look & feel",0.5469673871994019
The product shall be easy to use by Adjusters and Collision Estimators.  95% of Adjusters and Collision Estimators shall find the product easy to use.,"not about appearance, interface, look & feel","appearance, interface, look & feel",0.3946341872215271
The product shall increase productivity of Collision Estimators. 80% of the Collision Estimators shall agree their productivity has increase within 1 month of using the product.,"not about appearance, interface, look & feel","appearance, interface, look & feel",0.10703891515731812
Users shall feel satisfied using the product.  85% of all users will be satisfied with the product.,"not about appearance, interface, look & feel","appearance, interface, look & feel",0.19786803424358368
The product shall be easy to learn by Adjusters and Collision Estimators.  The product shall be learned with two days onsite training,"not about appearance, interface, look & feel","appearance, interface, look & feel",0.29205116629600525
The user shall easily locate instructions while using the product.  User help can be found within 90% of the system.,"not about appearance, interface, look & feel","appearance, interface, look & feel",0.40932297706604004
The search for recycled parts shall take no longer than 15 seconds.  The search results shall be returned in under 15 seconds.,"not about appearance, interface, look & feel","appearance, interface, look & feel",0.12280196696519852
The search for the preferred repair facility shall take no longer than 8 seconds.  The preferred repair facility is returned within 8 seconds,"not about appearance, interface, look & feel","appearance, interface, look & feel",0.15136262774467468
The recycled parts audit report shall be returned to the user within 10 seconds.  The audit report shall be returned within 10 seconds.,"not about appearance, interface, look & feel","appearance, interface, look & feel",0.2340635061264038
The preferred repair facility ratings shall be saved within 5 seconds. The save shall occur within 5 seconds.,"not about appearance, interface, look & feel","appearance, interface, look & feel",0.08332686871290207
The product shall adhere to the corporate online availability schedule.  The application is brought down only within 98% of the scheduled outages per the availability schedule.,"not about appearance, interface, look & feel","appearance, interface, look & feel",0.3269713521003723
The product shall achieve a 98% uptime. The product shall not fail more than 2% of the available online time.,"not about appearance, interface, look & feel","appearance, interface, look & feel",0.22411304712295532
The product shall be able to handle up to 1500 simultaneous users. The system shall perform with 1500 users as a time.,"not about appearance, interface, look & feel","appearance, interface, look & feel",0.31612297892570496
 The average number of recycled parts records per day shall be 50 000.,"not about appearance, interface, look & feel","appearance, interface, look & feel",0.02874727174639702
 The product shall be able to handle 10 000 concurrent users within 2 years of the initial launch.,"not about appearance, interface, look & feel","appearance, interface, look & feel",0.13765397667884827
 For estimators  the product shall be able to be operated in a repair facility during dirty and noisy conditions.,"not about appearance, interface, look & feel","appearance, interface, look & feel",0.30688828229904175
The product shall interface with the ChoiceParts system once per day at approximately 1:00 AM.,"not about appearance, interface, look & feel","appearance, interface, look & feel",0.30849969387054443
The maintenance of the product will fall within the established corporate maintenance windows.,"not about appearance, interface, look & feel","appearance, interface, look & feel",0.35368672013282776
The product shall be supported using the corporate support center.,"not about appearance, interface, look & feel","appearance, interface, look & feel",0.3565169870853424
Product installations and upgrades shall be handled by the middleware technology team within established launch time frames.,"not about appearance, interface, look & feel","appearance, interface, look & feel",0.33754241466522217
Only adjusters can request recycled parts audit reports. No users without an adjuster role shall request recycled parts audits.,"not about appearance, interface, look & feel","not about appearance, interface, look & feel",0.3109034597873688
Only adjusters with a supervisor role can update preferred repair facility ratings. Users without the supervisor role cannot access the repair facility ratings.,"not about appearance, interface, look & feel","not about appearance, interface, look & feel",0.2514783442020416
Only collision estimators shall search for recycled parts.  Users without the collision estimator role shall not have access to the search for recycled parts.,"not about appearance, interface, look & feel","not about appearance, interface, look & feel",0.280833899974823
Only valid data shall be entered into the system.  No invalid data shall be entered into the system.,"not about appearance, interface, look & feel","not about appearance, interface, look & feel",0.404400497674942
One insurance company shall not be able to view another insurance companys claim data.,"not about appearance, interface, look & feel","not about appearance, interface, look & feel",0.17749622464179993
The product shall free of computer viruses.,"not about appearance, interface, look & feel","not about appearance, interface, look & feel",0.3299402892589569
The system shall prevent malicious attacks including denial of service.,"not about appearance, interface, look & feel","not about appearance, interface, look & feel",0.29324740171432495
The product must comply with Sarbanes-Oxley.,"not about appearance, interface, look & feel","appearance, interface, look & feel",0.4119552969932556
The product shall comply with the estimatics laws relating to recycled parts usage.,"not about appearance, interface, look & feel","appearance, interface, look & feel",0.3947933614253998
The product shall comply with insurance regulations regarding claims processing.,"not about appearance, interface, look & feel","appearance, interface, look & feel",0.36681854724884033
 The product must work with most database management systems (DBMS) on the market  whether the DBMS is colocated with the product on the same machine or is located on a different machine on the computer network.,"not about appearance, interface, look & feel","appearance, interface, look & feel",0.3213270902633667
The product will function alongside server software on any operating system where the Java runtime can be installed.,"not about appearance, interface, look & feel","appearance, interface, look & feel",0.34587362408638
The product will require collaboration with a database management system (DBMS).  The DBMS may be located on the same machine as the product or on a separate machine residing on the same computer network.,"not about appearance, interface, look & feel","appearance, interface, look & feel",0.3222741186618805
 The product must make use of web/application server technology.  Open source examples include Apache web server  Tomcat  and the JBoss application server.,"not about appearance, interface, look & feel","appearance, interface, look & feel",0.44983017444610596
 A database management system such as Oracle  DB2  MySql or HSQL will need to be integrated with the product.,"not about appearance, interface, look & feel","appearance, interface, look & feel",0.41938886046409607
 The product’s Look and Feel shall be able to incorporate aspects of the customer’s organization such as logo  branding  and identity,"appearance, interface, look & feel","appearance, interface, look & feel",0.5718969702720642
The product shall have a conservative and professional appearance.,"appearance, interface, look & feel","appearance, interface, look & feel",0.4172711968421936
The product shall make the users want to use it. 80% of the users surveyed report they are regularly using the product after the first 2 weeks post-launch.,"not about appearance, interface, look & feel","appearance, interface, look & feel",0.11131501197814941
The product shall be easy to use. 90% of users will be able to successfully reserve a conference room within 5 minutes of product use.,"not about appearance, interface, look & feel","appearance, interface, look & feel",0.1809055358171463
The product shall give users feedback when necessary. 80% of the users surveyed report that the product accurately confirms their actions.,"not about appearance, interface, look & feel","appearance, interface, look & feel",0.3300507962703705
The product shall allow the user to select a chosen language from one of the target market countries.,"not about appearance, interface, look & feel","appearance, interface, look & feel",0.3453127145767212
The product shall allow for customization of start page and views preferences.,"not about appearance, interface, look & feel","appearance, interface, look & feel",0.55048668384552
 An employee will be able to successfully use the product within a few minutes.  After informally navigating the product for less than 15 minutes  users shall be able to successfully setup meetings and reserve conference rooms.,"not about appearance, interface, look & feel","appearance, interface, look & feel",0.2054077833890915
The product shall use a standard navigation menu familiar to most web users.,"not about appearance, interface, look & feel","appearance, interface, look & feel",0.46086961030960083
The product shall allow for intuitive searching of available conference rooms.,"not about appearance, interface, look & feel","appearance, interface, look & feel",0.46654224395751953
The product shall conform to the Americans with Disabilities Act.,"not about appearance, interface, look & feel","appearance, interface, look & feel",0.47889384627342224
The response shall be fast enough to avoid interrupting the user’s flow of thought.  90% of tasks shall complete within 5 seconds.  98% of tasks shall complete within 8 seconds.,"not about appearance, interface, look & feel","appearance, interface, look & feel",0.18405531346797943
 Aside from server failure  the software product shall achieve 99.99% up time.,"not about appearance, interface, look & feel","appearance, interface, look & feel",0.2354314923286438
The product shall create an exception log of problems encountered within the product for transmission to our company for analysis and resolution.,"not about appearance, interface, look & feel","appearance, interface, look & feel",0.29329100251197815
 The product shall be capable of handling up to 1 000 concurrent requests.  This number will increase to 2 000 by Release 2.  The concurrency capacity must be able to handle peak scheduling times such as early morning and late afternoon hours.,"not about appearance, interface, look & feel","appearance, interface, look & feel",0.2697125971317291
 The product shall be able to process 10 000 transactions per hour within two years of its launch.  This number will increase to 20 000 by Release 2.,"not about appearance, interface, look & feel","appearance, interface, look & feel",0.06293316185474396
The product shall be expected to operate for at least 5 years for each customer installation.,"not about appearance, interface, look & feel","appearance, interface, look & feel",0.14611122012138367
The product shall be used in office environments.,"not about appearance, interface, look & feel","appearance, interface, look & feel",0.4185446798801422
The product must be able to interface with any HTML browser.  The product shall transmit data between the user and the product without problems. The product shall display HTML properly in 80% of all HTML browsers tested (minimum is to test 8 browsers).,"not about appearance, interface, look & feel","appearance, interface, look & feel",0.4344346523284912
The product must be able to interface with various database management systems. The product shall communicate successfully with the database management system on 100% of all transactions.,"not about appearance, interface, look & feel","appearance, interface, look & feel",0.4147627055644989
The product must be able to interface with various email servers. The product shall be able to send email.,"not about appearance, interface, look & feel","appearance, interface, look & feel",0.4193347692489624
The product shall be available for distribution via the Internet as a binary or ZIP file.,"not about appearance, interface, look & feel","appearance, interface, look & feel",0.2998681366443634
The product shall be available for distribution as a packaged CD.,"not about appearance, interface, look & feel","appearance, interface, look & feel",0.2689453065395355
 The product will be available for licensing as a one-server  two-five servers  or five-or-more servers license.,"not about appearance, interface, look & feel","appearance, interface, look & feel",0.3242715001106262
A new user must be able to be added to the system within 10 minutes.  90% of new users are able to log into the system within 10 minutes.,"not about appearance, interface, look & feel","appearance, interface, look & feel",0.22432474792003632
The product must be designed using Design Patterns and coding best practices.  90% of maintenance software developers are able to integrate new functionality into the product with 2 working days.,"not about appearance, interface, look & feel","appearance, interface, look & feel",0.2444293051958084
The product must be highly configurable for use with various database management systems for the end users.  80% of end users are able to integrate new database management systems with the product without changing the product’s software code.,"not about appearance, interface, look & feel","appearance, interface, look & feel",0.28705161809921265
Maintenance releases will be offered to customers once a year.  The releases shall take no longer than 5 minutes for 80% of the customer base to install.,"not about appearance, interface, look & feel","appearance, interface, look & feel",-0.023593513295054436
Every registered user will have access to the product’s support site via the Internet.  70% of registered users shall find a solution to their problem within 5 minutes of using the support site.,"not about appearance, interface, look & feel","appearance, interface, look & feel",0.12685266137123108
The customer shall be able to easily integrate new building maps with the product throughout the product’s lifecycle.  Integration of new maps with the product shall be possible with little to no support from product support staff.,"not about appearance, interface, look & feel","not about appearance, interface, look & feel",0.25297242403030396
 The product shall be translated into foreign languages other than the target market countries’ languages in future releases.  For each emerging target market  it shall take no more than 5 days to configure the product for that market’s language.,"not about appearance, interface, look & feel","appearance, interface, look & feel",0.062028802931308746
 The product is expected to integrate with multiple database management systems.  The product will operate with Oracle  SQL Server  DB2  MySQL  HSQL  and MS Access.,"not about appearance, interface, look & feel","appearance, interface, look & feel",0.41388368606567383
The product shall be able to be installed in any operating environment within 2 days.,"not about appearance, interface, look & feel","appearance, interface, look & feel",0.24814431369304657
The product shall ensure that only company employees or external users with company-approved user IDs may have product access.  100% of all logons shall be by either company employees or external users with company-approved user IDs.,"not about appearance, interface, look & feel","appearance, interface, look & feel",0.35397738218307495
Only managers are able to perform search queries for reservations by user.  100% of all search queries for reservations by user shall be from logons of only management logons.,"not about appearance, interface, look & feel","not about appearance, interface, look & feel",0.24535061419010162
The product shall ensure that the database’s data corresponds to the data entered by the user.  Each conference room reservation in the system will contain the same information as was entered by the user.,"not about appearance, interface, look & feel","appearance, interface, look & feel",0.4156242609024048
The product shall prevent the input of malicious data.  The product and/or adjacent hardware/software systems’ data shall remain 100% uncorrupted each time malicious data is input into the product.,"not about appearance, interface, look & feel","not about appearance, interface, look & feel",0.3151734173297882
The product and/or dependent databases/filesystems shall remain operational as a result of the input of malicious data.  The product and/or dependent databases/filesystems shall not crash 100% of the time that malicious data is input into the product.,"not about appearance, interface, look & feel","appearance, interface, look & feel",0.3400534391403198
The product shall have the ability to receive automatic software updates as new threats emerge.  100% of customers will be able to receive automatic software updates transmitted to the installed product.,"not about appearance, interface, look & feel","appearance, interface, look & feel",0.3572380542755127
The language of the product shall accommodate all of the target market countries. 90% of survey respondents from each target market country will find that the language of the product is acceptable.,"not about appearance, interface, look & feel","appearance, interface, look & feel",0.2908535599708557
The product shall be able to display calendar dates and times according to the user’s locale.  90% of survey respondents from each target market country will find that the date and time formatting of the product is correct.,"not about appearance, interface, look & feel","appearance, interface, look & feel",0.3554999530315399
The product must be developed with the J2SE/J2EE programming language libraries,"not about appearance, interface, look & feel","appearance, interface, look & feel",0.31839391589164734
Recreation of Inventory Quantity Adjustment for the period of previous 30 days shall take no more than 30min.,"not about appearance, interface, look & feel","appearance, interface, look & feel",0.006517781876027584
The System shall allow for a minimum of  6 users to work at the same time.,"not about appearance, interface, look & feel","appearance, interface, look & feel",0.30823877453804016
The System shall utilize currently owned computer equipment.,"not about appearance, interface, look & feel","appearance, interface, look & feel",0.3759675621986389
The System shall be able to automatically backup business data and restore them on demand.,"not about appearance, interface, look & feel","appearance, interface, look & feel",0.23327022790908813
The System shall maintain consistent security.  Any changes in user passwords and/or permissions should take affect in all parts of the System.,"not about appearance, interface, look & feel","appearance, interface, look & feel",0.39572426676750183
The System shall granularly control access rights to all major subsystems.  It should be possible to assign access rights to all subsystems independently.,"not about appearance, interface, look & feel","appearance, interface, look & feel",0.3494272232055664
The System shall meet all applicable accounting standards.  The final version of the System must successfully pass independent audit performed by a certified auditor.,"not about appearance, interface, look & feel","appearance, interface, look & feel",0.29025983810424805
The System shall not require additional third party licenses resulting in royalty fees.,"not about appearance, interface, look & feel","not about appearance, interface, look & feel",0.4072681963443756
Administrator shall be able to activate a pre-paid card via the Administration section in under 5 seconds.,"not about appearance, interface, look & feel","appearance, interface, look & feel",0.15351524949073792
 Customer shall be able to check the status of their prepaid card  by entering in the PIN number  in under 5 seconds.,"not about appearance, interface, look & feel","appearance, interface, look & feel",0.09430529177188873
System shall let customers register on the website as a “pay as you go” user in under 5 minutes.,"not about appearance, interface, look & feel","appearance, interface, look & feel",0.1270134150981903
System shall let customers register on the website as a “unlimited movie subscriber” user in under 10 minutes.,"not about appearance, interface, look & feel","appearance, interface, look & feel",0.19593892991542816
System shall let existing customers log into the website with their email address and password in under 5 seconds.,"not about appearance, interface, look & feel","appearance, interface, look & feel",0.10378585010766983
 System shall let customers cancel their account  process shall take no longer than 2 minutes.  Database will mark the account as inactive  and user will not be able to log into the website.,"not about appearance, interface, look & feel","not about appearance, interface, look & feel",0.17480571568012238
System shall let administrator de-activate a customer account in under 1 minute. Customer will no longer be able to access the website.,"not about appearance, interface, look & feel","appearance, interface, look & feel",0.1020105630159378
System shall let administrator add/remove movies on the website in under 5 minutes.  Entered movie information will be stored in the database and will now be available on the website.,"not about appearance, interface, look & feel","appearance, interface, look & feel",0.11348223686218262
System shall let the administrator add/remove categories on the website in under 5 minutes.,"not about appearance, interface, look & feel","appearance, interface, look & feel",0.17812563478946686
System shall let Izogn Manager access sales and usage statistics in under 2 minutes.,"not about appearance, interface, look & feel","appearance, interface, look & feel",0.1304827332496643
System shall let administrators generate unique pre-paid pins in under 2 minutes and generate an Excel file with the generated PINs.,"not about appearance, interface, look & feel","appearance, interface, look & feel",0.17297056317329407
The website shall be attractive to all audiences.  The website shall appear to be fun and the colors should be bright and vibrant.,"appearance, interface, look & feel","appearance, interface, look & feel",0.38898926973342896
 The website should have an African feel  but should not alienate non-Africans.  The website should use animation on pages which are describing the services  to grab the users attention and encourage them to sign up.,"appearance, interface, look & feel","appearance, interface, look & feel",0.3632908761501312
 The website design should be modern  clean  and concise.,"appearance, interface, look & feel","not about appearance, interface, look & feel",0.4521668255329132
The product should be able to be used by 90% of novice users on the Internet.,"not about appearance, interface, look & feel","appearance, interface, look & feel",0.1768185794353485
 Users should only have to navigate through a maximum of 4 pages  to create an account with the website.,"not about appearance, interface, look & feel","not about appearance, interface, look & feel",0.17132943868637085
Users should be able to access their streaming movies in under 2 clicks after logging into the website.,"not about appearance, interface, look & feel","appearance, interface, look & feel",0.15285928547382355
An anonymous survey will show that 70% of customers are comfortable purchasing streaming movies after 2 weeks using the website.,"not about appearance, interface, look & feel","appearance, interface, look & feel",-0.024644535034894943
An anonymous survey will show that 95% of customers are comfortable using and purchasing pre-paid cards after a month of using the system.,"not about appearance, interface, look & feel","appearance, interface, look & feel",0.027329575270414352
The product shall retain the customer’s buying preferences and information.,"not about appearance, interface, look & feel","appearance, interface, look & feel",0.36003315448760986
The product shall be easy for customers with novice skills on the  Internet to purchase and watch streaming movies.  Customers should be able to purchase and watch a pre-determined movie in under 3 minutes.,"not about appearance, interface, look & feel","appearance, interface, look & feel",0.10802507400512695
The product shall use symbols and words that are naturally understandable by users familiar with websites,"not about appearance, interface, look & feel","appearance, interface, look & feel",0.5243680477142334
The website will use standard Internet conventions when interacting with the user.,"not about appearance, interface, look & feel","appearance, interface, look & feel",0.47484156489372253
 Any interface between a user and the automated system shall have a maximum response time of 5 seconds  unless noted by an exception below.,"not about appearance, interface, look & feel","appearance, interface, look & feel",0.21846091747283936
 When purchasing a streaming movie or pre-paid card via credit card  the processing time should have a maximum response time of 15 seconds.,"not about appearance, interface, look & feel","appearance, interface, look & feel",0.04562057554721832
 When streaming a movie  the buffering time should take no longer than 10 seconds (plus any latency on the user’s connection.),"not about appearance, interface, look & feel","not about appearance, interface, look & feel",0.11335494369268417
 While streaming a movie  buffering should only occur if there is latency in the user’s connection.,"not about appearance, interface, look & feel","not about appearance, interface, look & feel",0.17037752270698547
 All credit card information will be secured on the server  and only accessible by authorized Izogn administrators.  Information will be encrypted in the database.,"not about appearance, interface, look & feel","not about appearance, interface, look & feel",0.23769018054008484
 The website shall be available for use 24 hours per day  365 days per year.,"not about appearance, interface, look & feel","appearance, interface, look & feel",0.2848045229911804
The website shall achieve 99.5% up time.,"not about appearance, interface, look & feel","appearance, interface, look & feel",0.1810207962989807
 All movies shall be streamed on demand  at any time of the day.,"not about appearance, interface, look & feel","appearance, interface, look & feel",0.14619550108909607
The website shall continue to operate if the streaming server goes down.,"not about appearance, interface, look & feel","not about appearance, interface, look & feel",0.18224240839481354
The website shall continue to operate if the payment gateway goes down.,"not about appearance, interface, look & feel","not about appearance, interface, look & feel",0.21213607490062714
The streaming server will support 50 simultaneous streaming connections.,"not about appearance, interface, look & feel","appearance, interface, look & feel",0.026736265048384666
The streaming server will support a maximum of 700 movies  new servers can be added to support more movies.,"not about appearance, interface, look & feel","appearance, interface, look & feel",0.12818467617034912
 The server will support a maximum of 1 000 simultaneous users.,"not about appearance, interface, look & feel","appearance, interface, look & feel",0.2268744856119156
 The website shall be capable of supporting 100 000 customers.,"not about appearance, interface, look & feel","appearance, interface, look & feel",0.2210341840982437
The product shall be expected to operate within the maximum maintenance budget for a minimum of 2 years.,"not about appearance, interface, look & feel","appearance, interface, look & feel",0.22935396432876587
All aspects of the website shall be accessed by a web browser over the Internet.,"not about appearance, interface, look & feel","appearance, interface, look & feel",0.3352024257183075
The same hardware supporting the current website will be used to support the new system.,"not about appearance, interface, look & feel","appearance, interface, look & feel",0.3665159046649933
 We must be able to interface with the following browsers: IE 5.X  6.0  Netscape 6.x  7.x  8.x and Firefox 1.0.,"not about appearance, interface, look & feel","appearance, interface, look & feel",0.40271514654159546
Website must interface with the CyberSource API to process credit card transactions.,"not about appearance, interface, look & feel","appearance, interface, look & feel",0.3314056992530823
Website must be fully operational with MSN TV2.,"not about appearance, interface, look & feel","appearance, interface, look & feel",0.2888127565383911
Movies shall be encoded and streamed via Windows Media Player 9.0.,"not about appearance, interface, look & feel","appearance, interface, look & feel",0.266799658536911
Movies shall be encoded for 56k and 256k streams.,"not about appearance, interface, look & feel","appearance, interface, look & feel",0.14051982760429382
Promotional updates to the website should take a day to update.,"not about appearance, interface, look & feel","appearance, interface, look & feel",0.2470589280128479
Izogn Administrator must be able to update the category listings on the website within 2 minutes.,"not about appearance, interface, look & feel","appearance, interface, look & feel",0.25093328952789307
Izogn Administrator must be able to add new products to the website within 2 minutes.,"not about appearance, interface, look & feel","appearance, interface, look & feel",0.1586318165063858
The system will provide a 24 hour 800 toll free number for support to its customers.,"not about appearance, interface, look & feel","appearance, interface, look & feel",0.16538038849830627
The website will provide a help section with answers and solutions to common problems.,"not about appearance, interface, look & feel","appearance, interface, look & feel",0.3056071102619171
 Velkat staff will be available for phone support between 7am-7pm  M-F to provide technical support to the Izogn administrators.,"not about appearance, interface, look & feel","appearance, interface, look & feel",0.14346861839294434
The product shall be able to be installed in the specified environment within 1 working day.,"not about appearance, interface, look & feel","appearance, interface, look & feel",0.31494206190109253
Only registered customers can purchase streaming movies.,"not about appearance, interface, look & feel","not about appearance, interface, look & feel",0.1519564390182495
 A customer can only stream a movie if they purchased it  and are within the 2 day viewing period.,"not about appearance, interface, look & feel","not about appearance, interface, look & feel",0.006978397257626057
Only authorized personnel can access customer records in the database.,"not about appearance, interface, look & feel","not about appearance, interface, look & feel",0.2915617525577545
Only administrators can activate a pre-paid card.,"not about appearance, interface, look & feel","not about appearance, interface, look & feel",0.20079374313354492
Only authorized personnel can access sales information.,"not about appearance, interface, look & feel","not about appearance, interface, look & feel",0.27487945556640625
The website shall prevent its data from being corrupted when incorrect data is entered in.,"not about appearance, interface, look & feel","not about appearance, interface, look & feel",0.3756507337093353
 The website shall protect itself from intentional abuse  and notify the administrator at all occurrences.,"not about appearance, interface, look & feel","appearance, interface, look & feel",0.34987950325012207
Data integrity scripts will be run on a weekly basis to verify the integrity of the database.,"not about appearance, interface, look & feel","appearance, interface, look & feel",0.21122893691062927
 The website shall make its user aware of its information practices before collection data from them via a Privacy Policy  accessible on all pages of the website.,"not about appearance, interface, look & feel","appearance, interface, look & feel",0.3820376396179199
The system shall notify customers of changes to its information policy.,"not about appearance, interface, look & feel","not about appearance, interface, look & feel",0.30406224727630615
The system shall reveal private information only in compliance with the organization’s information policy.,"not about appearance, interface, look & feel","not about appearance, interface, look & feel",0.25622043013572693
 All customer information will be stored on a secure database  accessible only to authorized personnel.,"not about appearance, interface, look & feel","not about appearance, interface, look & feel",0.2877679169178009
All credit card information will be encrypted in the database.,"not about appearance, interface, look & feel","appearance, interface, look & feel",0.18558701872825623
The streaming server will have anti-virus software to prevent infection of malicious viruses.,"not about appearance, interface, look & feel","appearance, interface, look & feel",0.22663472592830658
The website should cater to all tribes in Nigeria.,"appearance, interface, look & feel","appearance, interface, look & feel",0.24113309383392334
The website shall not be offensive to religious or ethnic groups.,"appearance, interface, look & feel","not about appearance, interface, look & feel",0.5111721158027649
 The website should appeal to all Africans  not only Nigerians.,"appearance, interface, look & feel","appearance, interface, look & feel",0.2935163676738739
The website should use Flash to provide animation on the home page.,"not about appearance, interface, look & feel","appearance, interface, look & feel",0.22580979764461517
IzognMovies shall meet the licensing requirements set forth by the appropriate organizations in order to stream African movies.,"not about appearance, interface, look & feel","appearance, interface, look & feel",0.25344210863113403
The website will comply with W3C standards.,"not about appearance, interface, look & feel","appearance, interface, look & feel",0.48615384101867676
The PHP code will comply with PEAR standards.,"not about appearance, interface, look & feel","appearance, interface, look & feel",0.3654913902282715
Total lead cycle time must be completed in 5 minutes for 90% of lead volume between the business hours of 8AM CST to 8PM CST  then 3 minutes for 99% of lead volume during off business hours.,"not about appearance, interface, look & feel","appearance, interface, look & feel",0.0036569545045495033
No lead evaluation will complete in a time period longer than 25 seconds for 97% of all leads processed.,"not about appearance, interface, look & feel","not about appearance, interface, look & feel",0.01508999988436699
For leads that process longer than 25 seconds the system will record the event and duration,"not about appearance, interface, look & feel","appearance, interface, look & feel",0.16827890276908875
The process must fit within the processing time conditions set forth by the Auto Rep Assignment process in which a lead is assigned within 3 minutes of the total life cycle.,"not about appearance, interface, look & feel","appearance, interface, look & feel",0.21560795605182648
The lead washing process will operate within the established physical web service structure.,"not about appearance, interface, look & feel","appearance, interface, look & feel",0.3566935062408447
 The washing process must use a non binding  neutral data format  such as xml  when receiving and processing lead data.,"not about appearance, interface, look & feel","appearance, interface, look & feel",0.263175904750824
Defect reports will be available to technical units on a 24x7 basis.,"not about appearance, interface, look & feel","appearance, interface, look & feel",0.2564682066440582
Washing parameters will be updated during scheduled maintenance hours.,"not about appearance, interface, look & feel","appearance, interface, look & feel",0.3038685619831085
The product shall simulate the look of ships at sea.,"appearance, interface, look & feel","appearance, interface, look & feel",0.4301821291446686
The product shall display the grids within a circle as a view from a periscope.,"appearance, interface, look & feel","appearance, interface, look & feel",0.40268248319625854
The product shall display each type of ship in a grid using an image of the specific type of ship.,"appearance, interface, look & feel","appearance, interface, look & feel",0.4132251739501953
 When the offensive player takes a shot  the product shall simulate the sound of a ship at sea.,"appearance, interface, look & feel","appearance, interface, look & feel",0.2826350927352905
 When a shot is marked as a miss  the product shall simulate the sound of a shot missing its target.,"appearance, interface, look & feel","not about appearance, interface, look & feel",0.19734854996204376
 When a shot is marked as a hit  the product shall simulate the sound of a shot hitting its target.,"appearance, interface, look & feel","appearance, interface, look & feel",0.33011937141418457
 When a ship is sunk  the product shall simulate the sound of a sinking ship.,"appearance, interface, look & feel","appearance, interface, look & feel",0.10011964291334152
 The product shall be available 24 hours per day  seven days per week.,"not about appearance, interface, look & feel","appearance, interface, look & feel",0.27625226974487305
The product shall able to handle a large number of games simultaneously.,"not about appearance, interface, look & feel","appearance, interface, look & feel",0.31367361545562744
The response time shall be fast enough to maintain the flow of the game.  The response time shall be no more than 2 seconds for 95% of responses and no more than 4% for the remaining responses.,"not about appearance, interface, look & feel","appearance, interface, look & feel",0.15637853741645813
The product shall protect the identity of the players. The product shall provide players no access to information that might reveal the identity of another player.,"not about appearance, interface, look & feel","not about appearance, interface, look & feel",0.2865593731403351
The product shall be intuitive and self-explanatory.  Nine out ten users shall be able to successfully complete a game with no training.,"not about appearance, interface, look & feel","not about appearance, interface, look & feel",0.28282612562179565
 The product shall be available to players who understand English  Spanish and French.  The product shall allow the user to select the language upon accessing the product.,"not about appearance, interface, look & feel","appearance, interface, look & feel",0.31220391392707825
The product shall provide players no access to information that might reveal the identity of another player,"not about appearance, interface, look & feel","not about appearance, interface, look & feel",0.3937135934829712
The response time shall be fast enough to maintain the flow of the game. The response time shall be no more than 2 seconds for 95% of responses and no more than 4% for the remaining responses.,"not about appearance, interface, look & feel","appearance, interface, look & feel",0.15637853741645813
The system shall be easy to use by callers and supervisors. Callers and supervisors must be able to accomplish any system task within 2 minutes.,"not about appearance, interface, look & feel","appearance, interface, look & feel",0.25408971309661865
The system shall be easy to learn by callers and supervisors. Callers and supervisors shall learn how to use the system within 10 minutes.,"not about appearance, interface, look & feel","appearance, interface, look & feel",0.21006330847740173
 The system shall be responsive. At the DePaul TeleServices Center  when a supervisor uses the system to view a callers schedule  the system response time must be no more than 2 seconds 90% of the time and no more than 5 seconds the rest of the time.,"not about appearance, interface, look & feel","appearance, interface, look & feel",0.22183701395988464
 On a 56k connection  the system response time for all operations must be no more than 6 seconds 90% of the time.,"not about appearance, interface, look & feel","appearance, interface, look & feel",0.13293582201004028
 On a 112k connection or faster  the system response time for all operations must be no more than 3 seconds 90% of the time.,"not about appearance, interface, look & feel","appearance, interface, look & feel",0.1132296621799469
The system shall have high availability every day of the year.The system must be available for use between 12:00AM and 6:00PM all days of the year.,"not about appearance, interface, look & feel","appearance, interface, look & feel",0.20808926224708557
The system must be available for use between 7:00AM and 11:59PM all days of the year.,"not about appearance, interface, look & feel","appearance, interface, look & feel",0.18944840133190155
The product shall be internet browser independent.The product must run using Internet Explorer and Netscape Navigator.,"not about appearance, interface, look & feel","not about appearance, interface, look & feel",0.34163999557495117
The product shall ensure that only supervisors can advertise empty time slots.The product must ensure that supervisors are allowed to access advertise empty time slots.,"not about appearance, interface, look & feel","not about appearance, interface, look & feel",0.27012211084365845
The product shall ensure that only supervisors can enter a caller’s schedule.The product must ensure that supervisors are allowed to access advertise empty time slots.,"not about appearance, interface, look & feel","not about appearance, interface, look & feel",0.2571498453617096
The product shall ensure that only supervisors can view schedule of all callers.The product must ensure that supervisors are allowed to access advertise empty time slots.,"not about appearance, interface, look & feel","not about appearance, interface, look & feel",0.24595907330513
 The interface shall have a simple look. In the interface and usability survey  90% of beta testers must report that the interface is adequately simple.,"appearance, interface, look & feel","appearance, interface, look & feel",0.4750017821788788
 The interface shall be appealing to callers and supervisors. In the interface and usability survey  80% of beta testers must report that the interface is appealing.,"appearance, interface, look & feel","appearance, interface, look & feel",0.37031203508377075
The product shall provide GUI based Monitoring Services.System Administrators shall monitor message exchanges will predict and determine problems and will also provide internal and external support.,"appearance, interface, look & feel","appearance, interface, look & feel",0.43800830841064453
The product shall comply with City of Chicago Application Development Guide Framework.Application Development Framework will provide structured Graphical User Interface.,"appearance, interface, look & feel","appearance, interface, look & feel",0.5413259863853455
The product shall provide Monitoring Services.The product shall be easy for System Administrators and DBAs to use after two weeks of usage.,"not about appearance, interface, look & feel","appearance, interface, look & feel",0.32717809081077576
The product shall provide Error Tracking Services.The product shall help the System Administrators and DBAs to resolve transaction errors 99% of the time.,"not about appearance, interface, look & feel","appearance, interface, look & feel",0.28682219982147217
The product shall provide Portals.The product shall help System Administrators to analyze the transactions with ad-hoc reporting and KPIs (Key Performance Indicators),"not about appearance, interface, look & feel","appearance, interface, look & feel",0.47983241081237793
The product shall provide Asynchronous Messaging.The product shall provide asynchronous messaging to enable parallel processing and reduce the overhead in communications,"not about appearance, interface, look & feel","appearance, interface, look & feel",0.32709914445877075
The product shall provide Multi-threading and Load Balancing.The product shall provide multi-threading technology as well as load balancing to overcome data load spikes and traffic.,"not about appearance, interface, look & feel","appearance, interface, look & feel",0.3924430012702942
The product shall process messages within 2 seconds.The product shall have a maximum message processing time of 2 seconds,"not about appearance, interface, look & feel","appearance, interface, look & feel",0.18119916319847107
The product shall poll the system for messages every second.The product shall poll the system for new messages at a maximum of every 1 second.,"not about appearance, interface, look & feel","appearance, interface, look & feel",0.16229866445064545
The product shall provide Dynamic Change Support and Transparent resource addition.The product shall support Transparent Resource addition and Dynamic Change support to provide scalability and avoid service interruptions of more than 1 day.,"not about appearance, interface, look & feel","appearance, interface, look & feel",0.4291345179080963
The product shall be available 99% of the time. Rationale: To avoid service interruption during busiest customer service response periods. The product shall be available 99.99% of the time for regular business days.,"not about appearance, interface, look & feel","appearance, interface, look & feel",0.25508010387420654
The product shall be robust.The product shall have fault avoidance based on standards adoption.,"not about appearance, interface, look & feel","appearance, interface, look & feel",0.41231754422187805
The product shall be robust with fault tolerance.The product shall have fault tolerance by using recovery technique compensatory transaction and routing around failures.,"not about appearance, interface, look & feel","appearance, interface, look & feel",0.33699244260787964
The product shall be able to process all transactions.The product shall process minimum of 1 million transactions per year.,"not about appearance, interface, look & feel","appearance, interface, look & feel",0.3001101016998291
The product shall be platform independent.The product shall enable access to any type of development environment and platform.,"not about appearance, interface, look & feel","appearance, interface, look & feel",0.49879634380340576
The product shall interface CSR and Datastream.The product shall exchange messages between CSR and EAM on a real time basis without any direct interfaces between two systems.,"not about appearance, interface, look & feel","not about appearance, interface, look & feel",0.4752042889595032
 : The product shall continue to operate during upgrade  change or new resource addition.The product shall be able to continue to operate with no interruption in service due to new resource additions.,"not about appearance, interface, look & feel","appearance, interface, look & feel",0.3490335941314697
The product shall be updated on a regular basis.The product will have a new major feature introduced every six months and quarterly maintenance releases every six months.,"not about appearance, interface, look & feel","appearance, interface, look & feel",0.27169108390808105
The product shall operate with every platform.The product shall accommodate any new technology without any change in its architecture.,"not about appearance, interface, look & feel","appearance, interface, look & feel",0.4483148753643036
 The product shall have security.The product shall provide authentication  and authorization.,"not about appearance, interface, look & feel","appearance, interface, look & feel",0.5037437677383423
The product shall information Security. The product shall enable privacy by encryption WS-Security and Integrity Checking.,"not about appearance, interface, look & feel","appearance, interface, look & feel",0.34293419122695923
The product shall have audit capabilities.The product shall store messages for a minimum of one year for audit and transaction tracking purposes.,"not about appearance, interface, look & feel","appearance, interface, look & feel",0.39562052488327026
The system shall use IBM and CCR branding standards. The interface must have one IBM logo and one CCR logo.,"appearance, interface, look & feel","appearance, interface, look & feel",0.400655597448349
The system shall be displayable on any work computer a CCR user may have. The system interface shall be formatted to display at 800 by 600 pixel resolution.,"appearance, interface, look & feel","appearance, interface, look & feel",0.36823779344558716
The system interface will use CCR nomenclature. The system must use the same nomenclature used in the existing WCS system and reports,"appearance, interface, look & feel","appearance, interface, look & feel",0.36397337913513184
The interface must summarize the data in a fashion that’s appealing to CCR management. Every report type must have at least one high level summary shown in the results dashboard/interface,"appearance, interface, look & feel","appearance, interface, look & feel",0.4509771168231964
The system must use a point and click interface. 100% of all selection and navigation functionality must be able to be activated/selected by either a mouse or a keyboard,"not about appearance, interface, look & feel","appearance, interface, look & feel",0.3944447934627533
The interface shall be easy to use. 90% of users should be able to successfully use the system to generate a report on their first use. The interface should adhere to IBM usability standards.,"not about appearance, interface, look & feel","appearance, interface, look & feel",0.3690747618675232
Rreports must be easy to generate. eports must be generated within one button click and exported within one button click (after selecting the report),"not about appearance, interface, look & feel","appearance, interface, look & feel",0.35740211606025696
A user shall be able to use the system without instruction after a short amount of time. After one use a user should understand and remember 90% of the system usage and navigation.,"not about appearance, interface, look & feel","appearance, interface, look & feel",0.2558181881904602
All CCR users shall receive training before the WCS system is deployed. One training session will be held for 100% of CCR users before system deployment (based on a CCR user being available),"not about appearance, interface, look & feel","appearance, interface, look & feel",0.1687510907649994
The WCS system shall use appropriate nomenclature and terminology as defined by the Corporate Community Grants organization. All interfaces and reports will undergo usability tests by CCR users.,"not about appearance, interface, look & feel","appearance, interface, look & feel",0.3876001834869385
The WCS system shall be available at all times as long as IBM’s internal intranet W3 is accessible. The WCS system will be available 95% of the time IBM’s internal intranet W3 is available.,"not about appearance, interface, look & feel","appearance, interface, look & feel",0.3193301558494568
The WCS system shall have the ability to connect other designated WCS databases currently not included in the system.,"not about appearance, interface, look & feel","appearance, interface, look & feel",0.3458479046821594
The WCS system shall have the ability to include data for regions outside the United States and be accessed by users outside of the United States if approved by CCR management.,"not about appearance, interface, look & feel","appearance, interface, look & feel",0.41298025846481323
The WCS system shall be run in a Windows environment. The WCS shall be accessed by users through the Internet on an IBM computer running a Windows 2000 or above operating system.,"not about appearance, interface, look & feel","appearance, interface, look & feel",0.31581592559814453
The Brio portion of the WCS system must be able to export files in spreadsheet form (Microsoft Excel and Lotus 1-2-3 formats).  Brio will provide buttons in the user interface that produce/export reports in .xls or .123 file formats.,"not about appearance, interface, look & feel","appearance, interface, look & feel",0.3567344546318054
The WCS system must run queries to the WCS databases once again (on a specified day) to update the available data available to CCR users. Queries must be made to external databases for data refresh once a week.,"not about appearance, interface, look & feel","appearance, interface, look & feel",0.21303075551986694
 All changes  updates  and additions to the WCS system shall be updated in the WCS Developer and WCS User Guides. Every change must be reflected in WCS system documentation,"not about appearance, interface, look & feel","appearance, interface, look & feel",0.38402852416038513
The system shall only be accessed by authorized Corporate Community Grants (CCR) employees. Users must be authenticated using their IBM intranet user name and password.,"not about appearance, interface, look & feel","not about appearance, interface, look & feel",0.26450660824775696
The WCS system shall not allow automatic logins by any user. Cookies containing WCS login information about a user will not be stored on a user’s computer.,"not about appearance, interface, look & feel","not about appearance, interface, look & feel",0.384944885969162
Each team owner will need to use a username and password in order to be authenticated to reach the team owner’s page,"not about appearance, interface, look & feel","appearance, interface, look & feel",0.1819610893726349
The Commissioner will be the only authorized user per league to adjust league settings.,"not about appearance, interface, look & feel","appearance, interface, look & feel",0.14536607265472412
Each page shall contain a navigation menu which shows the index into which the current page is contained.,"appearance, interface, look & feel","appearance, interface, look & feel",0.4181581735610962
Each page shall contain a similar format with action items in one location and navigation buttons in a different location.,"appearance, interface, look & feel","appearance, interface, look & feel",0.5874956250190735
The message board shall contain the 5 most recently posted messages on the league page. The messages will contain up to the first 150 characters of the message.,"appearance, interface, look & feel","appearance, interface, look & feel",0.04654337465763092
;A new user shall be able to navigate through the league and team pages within 30 seconds of reaching the start-up page.,"not about appearance, interface, look & feel","appearance, interface, look & feel",0.0476161353290081
Users shall be able to reach the ‘add’  ‘drop’  and ‘trade player’ pages with one click from the team owner’s page.,"not about appearance, interface, look & feel","appearance, interface, look & feel",0.28275835514068604
;Users shall be able to view at least 25 NFL player statistics and points on each page.,"not about appearance, interface, look & feel","appearance, interface, look & feel",0.09721583873033524
The application shall ask the user to confirm dropping a player or trading a player before performing the action.,"not about appearance, interface, look & feel","appearance, interface, look & feel",0.12071281671524048
The application shall be able to complete every user transaction within one fourth of a second of receiving the request over the network.,"not about appearance, interface, look & feel","appearance, interface, look & feel",0.23166342079639435
The application shall have a downtime of at most 10 minutes per year.,"not about appearance, interface, look & feel","appearance, interface, look & feel",0.13595853745937347
The application shall run on a web application server.,"not about appearance, interface, look & feel","appearance, interface, look & feel",0.3225000202655792
A primary database will be used to store cached data for active users.,"not about appearance, interface, look & feel","appearance, interface, look & feel",0.27303171157836914
A secondary database will be used to store historical statistics and data.,"not about appearance, interface, look & feel","appearance, interface, look & feel",0.1397676169872284
Application updates shall occur between 3AM and 6 AM CST on Wednesday morning during the middle of the NFL season.,"not about appearance, interface, look & feel","appearance, interface, look & feel",0.08945142477750778
New System version releases shall be released at the beginning of each NFL season.,"not about appearance, interface, look & feel","appearance, interface, look & feel",0.034236349165439606
The RFS system should be available 24/7  especially during the budgeting period. The RFS system shall be available 90% of the time all year  and 98% during the budgeting period. 2% of the time  the system will become available within 1 hour of the time that the situation is reported.,"not about appearance, interface, look & feel","appearance, interface, look & feel",0.15883468091487885
98% of the user workstations shall meet the minimum hardware requirements prior to implementation. Minimum Hard Disk Space:  400MB.,"not about appearance, interface, look & feel","appearance, interface, look & feel",0.13542792201042175
98% of the user workstations shall meet the minimum software requirements prior to implementation: Microsoft Internet Explorer 5.0. Microsoft .NET Framework 1.1. Microsoft Internet Explorer Web Controls,"not about appearance, interface, look & feel","appearance, interface, look & feel",0.28694480657577515
The RFS system should be able to easily interface with the BDW environment  in order to load the data. •;7 data files shall be received from the BDW and loaded into the RFS system within 3 hours one day prior to the start of budgeting process  every year. The data will be as of October month-end. ;Test files (7) shall be loaded up to 5 times throughout the year  from the BDW.,"not about appearance, interface, look & feel","appearance, interface, look & feel",0.15025025606155396
Changes to revenue and expense formulae must be applied to the RFS system  every year  prior to the budgeting process start. Revenue and expense formulae will be updated within one week of their receipt  after which 2 weeks will be allotted to testing of the budget calculations  to be conducted jointly by the project development team and PCG Finance.,"not about appearance, interface, look & feel","appearance, interface, look & feel",0.043376073241233826
New branches/complexes/districts/regions and revenue/expense accounts added to the BDW  must be reflected in the RFS system. 100% of the entities (mentioned above) available as of October month-end  will be loaded into the RFS system  prior to the budget start process.,"not about appearance, interface, look & feel","appearance, interface, look & feel",0.12849532067775726
Only authorized user shall access the RFS system. ONLY users that exist in the UAS system  with the RFS system assigned to their role(s)  shall access the RFS system and use it.,"not about appearance, interface, look & feel","not about appearance, interface, look & feel",0.23548683524131775
;User access should be limited to the permissions granted to their role(s) Each level in the PCG hierarchy will be assigned a role and users will be assigned to these roles. Access to functionality within RFS system is dependent on the privileges/permission assigned to the role..,"not about appearance, interface, look & feel","appearance, interface, look & feel",0.3204481303691864
The product must comply with the intranet page standards and requirements of ENET Securities. 95% of the product look & feel will be approved by the Architecture group  prior to implementation. The remaining 5% will be corrected and approved within one month of product release.,"appearance, interface, look & feel","appearance, interface, look & feel",0.265238881111145
 The intranet pages should display appropriately in all resolutions  from 800x600 and higher. The display of all the pages will be correct in 95% of the resolutions  prior to implementation. The remaining 5% will be corrected within a week of notification of the incorrect display.,"appearance, interface, look & feel","appearance, interface, look & feel",0.20244884490966797
The users should be able to easily use the system to successfully complete their budgets  within the stipulated time for completion. With a week of training prior to product implementation  98% of the users shall complete their budgets within the stipulated time.,"not about appearance, interface, look & feel","appearance, interface, look & feel",0.16752484440803528
The product interface should be fast. The response time of the product interface should not exceed 2 seconds 90% of the time. For 10% of the time  the response time should not be more than 10 seconds.not be more than 10 seconds.,"not about appearance, interface, look & feel","appearance, interface, look & feel",0.24027539789676666
