,precision,recall,f1-score,support
"graphical, gui, ui, widget, interaction, habit, prefer, comfortable, friendly, feeling, experience, familiar, desire, customize, intent, disability, or impression",0.0,0.0,0.0,38.0
"usability, security, operational, performance, fault & tolerance, legal, maintainability, scalability, availability, or portability",0.8967391304347826,0.9939759036144579,0.9428571428571428,332.0
accuracy,0.8918918918918919,0.8918918918918919,0.8918918918918919,0.8918918918918919
macro avg,0.4483695652173913,0.49698795180722893,0.4714285714285714,370.0
weighted avg,0.8046415981198589,0.8918918918918919,0.846023166023166,370.0
