,precision,recall,f1-score,support
"graphical, gui, ui, widget, interaction, habit, prefer, comfortable, friendly, feeling, experience, or familiar",0.11162790697674418,0.631578947368421,0.18972332015810275,38.0
"not about graphical, gui, ui, widget, interaction, habit, prefer, comfortable, friendly, feeling, experience, or familiar",0.9096774193548387,0.4246987951807229,0.5790554414784395,332.0
accuracy,0.44594594594594594,0.44594594594594594,0.44594594594594594,0.44594594594594594
macro avg,0.5106526631657915,0.5281388712745719,0.3843893808182711,370.0
weighted avg,0.8277155775430345,0.44594594594594594,0.5390699803698644,370.0
