Requirement text,Gold label,Predicated label,ZSL score
The system shall refresh the display every 60 seconds.,"not about appearance, interface, look & feel","appearance, interface, look & feel",0.12126856297254562
The application shall match the color of the schema set forth by Department of Homeland Security,"appearance, interface, look & feel","appearance, interface, look & feel",0.23196867108345032
 If projected  the data must be readable.  On a 10x10 projection screen  90% of viewers must be able to read Event / Activity data from a viewing distance of 30,"not about appearance, interface, look & feel","appearance, interface, look & feel",0.07765507698059082
 The product shall be available during normal business hours. As long as the user has access to the client PC  the system will be available 99% of the time during the first six months of operation.,"not about appearance, interface, look & feel","not about appearance, interface, look & feel",0.12250545620918274
 If projected  the data must be understandable. On a 10x10 projection screen  90% of viewers must be able to determine that Events or Activities are occuring in current time from a viewing distance of 100,"not about appearance, interface, look & feel","not about appearance, interface, look & feel",0.096950002014637
The product shall ensure that it can only be accessed by authorized users.  The product will be able to distinguish between authorized and unauthorized users in all access attempts,"not about appearance, interface, look & feel","appearance, interface, look & feel",0.17503808438777924
The product shall be intuitive and self-explanatory.  :  90% of new users shall be able to start the display of Events or Activities within 90 minutes of using the product.,"not about appearance, interface, look & feel","not about appearance, interface, look & feel",0.24114874005317688
The product shall respond fast to keep up-to-date data in the display.,"not about appearance, interface, look & feel","appearance, interface, look & feel",0.22487492859363556
The look and feel of the system shall conform to the user interface standards of the smart device.,"appearance, interface, look & feel","appearance, interface, look & feel",0.5435319542884827
 The user interface shall have standard menus  buttons for navigation,"appearance, interface, look & feel","appearance, interface, look & feel",0.2470751404762268
The system shall have a professional appearance,"appearance, interface, look & feel","appearance, interface, look & feel",0.4114251136779785
The product shall have a consistent color scheme and fonts.,"appearance, interface, look & feel","appearance, interface, look & feel",0.3904505968093872
The system shall be used by realtors with no training.,"not about appearance, interface, look & feel","not about appearance, interface, look & feel",0.021936967968940735
The system shall be intuitive and self explanatory.,"not about appearance, interface, look & feel","not about appearance, interface, look & feel",0.30534568428993225
The product shall be easy for a realtor to learn.,"not about appearance, interface, look & feel","not about appearance, interface, look & feel",0.1497233361005783
The product shall use symbols and words that are naturally understandable by the realtor community.,"not about appearance, interface, look & feel","appearance, interface, look & feel",0.20965176820755005
The product shall produce search results in an acceptable time,"not about appearance, interface, look & feel","not about appearance, interface, look & feel",0.15229612588882446
The search results shall be returned no later 30      seconds  after the user has entered the search criteria,"not about appearance, interface, look & feel","not about appearance, interface, look & feel",0.07340078800916672
The product shall generate a CMA report in an acceptable time.,"not about appearance, interface, look & feel","appearance, interface, look & feel",0.0718289390206337
The CMA report shall be returned no later 60 seconds after the user has entered the CMA report criteria.,"not about appearance, interface, look & feel","appearance, interface, look & feel",-0.009353900328278542
The product shall synchronize contacts and appointments in an acceptable time.,"not about appearance, interface, look & feel","appearance, interface, look & feel",0.08499456942081451
The product shall synchronize with the office system every hour.,"not about appearance, interface, look & feel","appearance, interface, look & feel",0.08424357324838638
 The product shall be available for use 24 hours per day  365 days  per year,"not about appearance, interface, look & feel","not about appearance, interface, look & feel",0.07825559377670288
 Out of 1000 accesses to the system  the system is available 999 times.,"not about appearance, interface, look & feel","appearance, interface, look & feel",0.129963219165802
The product shall operate in offline mode whenever internet connection is unavailable.,"not about appearance, interface, look & feel","appearance, interface, look & feel",0.035749707370996475
 The product shall allow the user to view previously downloaded search results  CMA reports  and appointments.,"not about appearance, interface, look & feel","appearance, interface, look & feel",0.08122014999389648
The product shall retain user preferences in the event of a failure.,"not about appearance, interface, look & feel","not about appearance, interface, look & feel",0.1545703262090683
100% of saved user preferences shall be restored when system comes back online.,"not about appearance, interface, look & feel","appearance, interface, look & feel",0.0844215378165245
The product shall be able to support multiple remote users,"not about appearance, interface, look & feel","appearance, interface, look & feel",0.055180422961711884
The product shall be able support 1000 simultaneous users.,"not about appearance, interface, look & feel","appearance, interface, look & feel",0.014334199950098991
The product shall be capable of handling the existing 1000 users. This number is expected to grow 5 times within the next year.,"not about appearance, interface, look & feel","not about appearance, interface, look & feel",0.14402081072330475
The product shall be installed by an untrained realtor   without recourse to separately-printed instructions.,"not about appearance, interface, look & feel","not about appearance, interface, look & feel",0.09979197382926941
90% of untrained realtors shall be able to install the product on their device without printed instructions,"not about appearance, interface, look & feel","not about appearance, interface, look & feel",0.14192229509353638
The product is expected to run on Windows CE and Palm operating systems.,"not about appearance, interface, look & feel","not about appearance, interface, look & feel",0.11277651786804199
Only registered realtors shall be able to access the system.,"not about appearance, interface, look & feel","appearance, interface, look & feel",-0.04864802956581116
Every user of the system shall be authenticated and authorized.,"not about appearance, interface, look & feel","appearance, interface, look & feel",0.09081416577100754
The product shall prevent its data from incorrect data being introduced.,"not about appearance, interface, look & feel","not about appearance, interface, look & feel",0.11155658960342407
The system shall be easy to use by the Program Administrators/Nursing Staff Members.,"not about appearance, interface, look & feel","appearance, interface, look & feel",0.17123278975486755
All of the users shall be able to use the system after one day of training.,"not about appearance, interface, look & feel","not about appearance, interface, look & feel",0.03496599942445755
The system shall help the user avoid making mistakes while scheduling classes and clinicals for the nursing students.,"not about appearance, interface, look & feel","not about appearance, interface, look & feel",0.12250365316867828
The number of mistakes noted by the students shall be decreased by 50% in the first year.,"not about appearance, interface, look & feel","not about appearance, interface, look & feel",0.005140275694429874
The system shall be intuitive to the Program Administrators/Nursing Staff Members.,"not about appearance, interface, look & feel","not about appearance, interface, look & feel",0.23869580030441284
2 out of 3 Program Administrators/Nursing Staff Members shall successfully be able to use the system to manage the scheduling of classes and clinicals.,"not about appearance, interface, look & feel","appearance, interface, look & feel",0.10166525095701218
The system shall use symbols and words that are naturally understandable by the user community.,"not about appearance, interface, look & feel","appearance, interface, look & feel",0.2830335199832916
The verbiage used within the system shall be consistent with Standard English and the terminology of the national Nursing Community.,"not about appearance, interface, look & feel","appearance, interface, look & feel",0.10852763056755066
Staff members shall be able to complete a set of tasks in a timely manner.,"not about appearance, interface, look & feel","appearance, interface, look & feel",0.07875701040029526
The response time of general student management tasks shall take no longer than 5 seconds and the response time of schedule generation shall take no longer than 30 seconds.,"not about appearance, interface, look & feel","appearance, interface, look & feel",0.06794574111700058
The system shall be available for use between the hours of 8am and 6pm.,"not about appearance, interface, look & feel","appearance, interface, look & feel",0.07568208873271942
The system shall achieve 95% up time.,"not about appearance, interface, look & feel","appearance, interface, look & feel",0.07539946585893631
system shall be able to handle all of the user requests/usage during business hours.,"not about appearance, interface, look & feel","appearance, interface, look & feel",0.15964575111865997
The system shall cater to 10 simultaneous users from 9am to 5pm.,"not about appearance, interface, look & feel","appearance, interface, look & feel",0.03301998972892761
The system shall be capable of processing 100% of nursing students and their classes for the next 10 years.,"not about appearance, interface, look & feel","appearance, interface, look & feel",0.015003237873315811
The system shall be expected to manage the nursing program curriculum and class/clinical scheduling for a minimum of 5 years.,"not about appearance, interface, look & feel","appearance, interface, look & feel",2.7159228920936584e-05
The system shall able to operate within a business office environment typical of the Nursing Department at DePaul University.,"not about appearance, interface, look & feel","appearance, interface, look & feel",0.1509765237569809
The system shall be used within the specifications defined by the computers used by the Program Administrators/Nursing Staff Members.,"not about appearance, interface, look & feel","appearance, interface, look & feel",0.18275301158428192
The system shall operate within the Windows XP Professional operating system.,"not about appearance, interface, look & feel","appearance, interface, look & feel",0.07554960250854492
The system shall interface with CampusConnect’s central server,"not about appearance, interface, look & feel","appearance, interface, look & feel",0.19054345786571503
The system shall interface with the faculty central server.,"not about appearance, interface, look & feel","appearance, interface, look & feel",0.18344776332378387
The system shall interface with the student master server.,"not about appearance, interface, look & feel","appearance, interface, look & feel",0.19469258189201355
We must be able to interface with any HTML browser.,"not about appearance, interface, look & feel","not about appearance, interface, look & feel",0.2545407712459564
Only authorized users shall have access to clinical site information.,"not about appearance, interface, look & feel","not about appearance, interface, look & feel",0.037910349667072296
Program Administrators/Nursing Staff Members are the only people who shall have access to clinical site details.,"not about appearance, interface, look & feel","not about appearance, interface, look & feel",0.07222304493188858
Only authorized users shall have access to students’ personal information.,"not about appearance, interface, look & feel","not about appearance, interface, look & feel",0.06957961618900299
Dr Susan Poslusny and Dr Julie Donalek are the only people who shall have access to students’ personal information.,"not about appearance, interface, look & feel","appearance, interface, look & feel",0.007442346774041653
Only authorized users shall have access to the portion of the system that interfaces with CampusConnect.,"not about appearance, interface, look & feel","appearance, interface, look & feel",0.11565124988555908
Fit Criterion: Dr Susan Poslusny and Karen Sysol are the only people who shall have access to the final class section scheduling for the system that interfaces with CampusConnect.,"not about appearance, interface, look & feel","appearance, interface, look & feel",0.15123090147972107
The system shall have basic data integrity checking to reduce the possibility of incorrect or invalid data being introduced.,"not about appearance, interface, look & feel","appearance, interface, look & feel",0.12046845257282257
The system shall protect private information in accordance with the organization’s information policy.,"not about appearance, interface, look & feel","appearance, interface, look & feel",0.046043455600738525
The system shall be built such that it is as secure as possible from malicious interference.,"not about appearance, interface, look & feel","appearance, interface, look & feel",0.12679441273212433
The system shall use the organization’s standard virus protection software to help monitor threats to itself.,"not about appearance, interface, look & feel","appearance, interface, look & feel",0.12144986540079117
The Disputes application shall comply with the corporate standards for user interface creation for internally and externally used applications.,"appearance, interface, look & feel","appearance, interface, look & feel",0.24443179368972778
All screens created as part of the Disputes application must comply with corporate standards for interface creation.,"appearance, interface, look & feel","appearance, interface, look & feel",0.18042778968811035
The list of dispute cases that are displayed after a search is performed must be color coded for easy identification of dispute cases based upon the dispute case status.,"not about appearance, interface, look & feel","appearance, interface, look & feel",0.05134894698858261
100% of the cardmember and merchant services representatives shall use the Disputes application regularly after a 2-day training course.,"not about appearance, interface, look & feel","not about appearance, interface, look & feel",-0.05494605004787445
100% of cardmember services representatives shall be able to successfully create a dispute case on the first encounter after completing the training course.,"not about appearance, interface, look & feel","not about appearance, interface, look & feel",-0.037458404898643494
100% of merchant services representatives shall be able to successfully perform a follow up action on a dispute case on the first encounter after completing the training course.,"not about appearance, interface, look & feel","appearance, interface, look & feel",-0.019342493265867233
The maximum wait time for a user navigating from one screen to another within the Disputes application shall be no more than 5 seconds.,"not about appearance, interface, look & feel","not about appearance, interface, look & feel",0.0580851212143898
The Disputes application shall support 350 concurrent users without any degradation of performance in the application.,"not about appearance, interface, look & feel","not about appearance, interface, look & feel",0.07034438103437424
 The Disputes application shall be available 24x7x365  with the exception of the following scheduled maintenance windows.  Monday – Saturday 3:00am to 4:00am EST Sunday 1:00amd to 5:00am EST,"not about appearance, interface, look & feel","appearance, interface, look & feel",0.0382377989590168
The Disputes application shall interface with the Statement Database. The Statement Database provides the transaction details to the Disputes System. All transaction details must be obtained from the Statement Database,"not about appearance, interface, look & feel","appearance, interface, look & feel",0.07618609070777893
The Disputes application shall interface with the Cardmember Information Database.  The Cardmember Information Database provides detailed information with regard to a cardmember.  All cardmember detail information must be obtained from the Cardmember Information Database.,"not about appearance, interface, look & feel","appearance, interface, look & feel",0.09197092056274414
The Disputes applications shall interface with the Merchant Information Database.  The Merchant Information Database provides detailed information with regard to the merchant. All merchant detail information shall be obtained from the Merchant Information Database.,"not about appearance, interface, look & feel","appearance, interface, look & feel",0.09947290271520615
The Disputes application shall interface with the Letters application.  This will allow the Disputes application to request letters as part of the dispute initiation and dispute follow up process. All letter requests must be sent to the Print Letter Utility application.,"not about appearance, interface, look & feel","appearance, interface, look & feel",0.06369587779045105
The Disputes application shall interface with the Cardmember Posting and Billing System.  This will allow the Disputes application to request adjustments to cardmember and merchant’s accounts. All adjustment requests must be sent to the Cardmember Posting and Billing System.,"not about appearance, interface, look & feel","appearance, interface, look & feel",0.10520957410335541
The Disputes application shall ensure that only users with the appropriate access level are allowed to initiate dispute requests.,"not about appearance, interface, look & feel","appearance, interface, look & feel",0.03375549241900444
Only users with Update access must be able to initiate dispute requests.,"not about appearance, interface, look & feel","appearance, interface, look & feel",0.0004632044583559036
The Disputes application shall ensure that only authorized users are allowed to logon to the application.,"not about appearance, interface, look & feel","not about appearance, interface, look & feel",-0.013401061296463013
 All authorized users  once authenticated must be able to logon to the Disputes System,"not about appearance, interface, look & feel","appearance, interface, look & feel",0.012419565580785275
The Disputes System shall generate a User Report that details any new users that have been added and any changes to an existing user’s access level.  The report will be reviewed for auditing purposes.,"not about appearance, interface, look & feel","appearance, interface, look & feel",0.1078091636300087
All additions of new users and modifications to user’s access shall be recorded on the User Report.,"not about appearance, interface, look & feel","appearance, interface, look & feel",0.1105366051197052
 If a user account is revoked  it can only be re-instantiated by the System Administrator.,"not about appearance, interface, look & feel","not about appearance, interface, look & feel",-0.0473480261862278
Only the System Administrator shall be able to reset a revoked user logon account,"not about appearance, interface, look & feel","appearance, interface, look & feel",-0.010861244052648544
The Disputes application shall manipulate and view business data. Users will not have direct access to data files or databases.,"not about appearance, interface, look & feel","not about appearance, interface, look & feel",0.12298885732889175
All updates to data files or database must be initiated from the Disputes System.,"not about appearance, interface, look & feel","appearance, interface, look & feel",-0.009090038016438484
The Disputes application must conform to the legal requirements as specified by the Merchant Operating Regulations.,"not about appearance, interface, look & feel","appearance, interface, look & feel",0.07863794267177582
All business rules specified in the Disputes System shall be in compliance with the Merchant Operating Regulations.,"not about appearance, interface, look & feel","appearance, interface, look & feel",0.056614335626363754
The Disputes application must conform to the legal requirements as specified by Regulation E and Regulation Z that govern credit card disputes processing.,"not about appearance, interface, look & feel","appearance, interface, look & feel",0.0655747801065445
All business rules specified in the Disputes System shall be in compliance to the guidelines of Regulation E and Regulation Z.,"not about appearance, interface, look & feel","appearance, interface, look & feel",0.09266342222690582
The Disputes application must maintain a detailed history of every action that a user takes on a dispute case.  This ensures a complete audit trail if questions arise later on with regard to a particular dispute case.,"not about appearance, interface, look & feel","appearance, interface, look & feel",0.008868292905390263
All actions that modify an existing dispute case must be recorded in the case history.,"not about appearance, interface, look & feel","appearance, interface, look & feel",-0.034012213349342346
The product must support Internet Explorer 5.5 and above.,"not about appearance, interface, look & feel","not about appearance, interface, look & feel",0.024972565472126007
The product must support Mozilla Firefox 1.0 and above.,"not about appearance, interface, look & feel","not about appearance, interface, look & feel",0.045980945229530334
The product shall interface with the Choice Parts System.  This provides the feed of recycled parts data.,"not about appearance, interface, look & feel","appearance, interface, look & feel",0.21407628059387207
The product shall run on the existing hardware for all environments.,"not about appearance, interface, look & feel","appearance, interface, look & feel",0.15503820776939392
The product shall adhere to the corporate Architecture guidelines,"not about appearance, interface, look & feel","appearance, interface, look & feel",0.26460763812065125
The product shall comply with corporate User Interface Guidelines,"appearance, interface, look & feel","appearance, interface, look & feel",0.396038293838501
The product shall comply with corporate color scheme,"appearance, interface, look & feel","appearance, interface, look & feel",0.32134827971458435
The appearance of the product shall appear professional,"appearance, interface, look & feel","appearance, interface, look & feel",0.44608354568481445
The product shall be easy to use by Adjusters and Collision Estimators.  95% of Adjusters and Collision Estimators shall find the product easy to use.,"not about appearance, interface, look & feel","appearance, interface, look & feel",0.17820632457733154
The product shall increase productivity of Collision Estimators. 80% of the Collision Estimators shall agree their productivity has increase within 1 month of using the product.,"not about appearance, interface, look & feel","appearance, interface, look & feel",0.1401224136352539
Users shall feel satisfied using the product.  85% of all users will be satisfied with the product.,"not about appearance, interface, look & feel","appearance, interface, look & feel",0.2061578631401062
The product shall be easy to learn by Adjusters and Collision Estimators.  The product shall be learned with two days onsite training,"not about appearance, interface, look & feel","appearance, interface, look & feel",0.1793142408132553
The user shall easily locate instructions while using the product.  User help can be found within 90% of the system.,"not about appearance, interface, look & feel","appearance, interface, look & feel",0.15812259912490845
The search for recycled parts shall take no longer than 15 seconds.  The search results shall be returned in under 15 seconds.,"not about appearance, interface, look & feel","appearance, interface, look & feel",0.11582968384027481
The search for the preferred repair facility shall take no longer than 8 seconds.  The preferred repair facility is returned within 8 seconds,"not about appearance, interface, look & feel","appearance, interface, look & feel",0.1438298374414444
The recycled parts audit report shall be returned to the user within 10 seconds.  The audit report shall be returned within 10 seconds.,"not about appearance, interface, look & feel","appearance, interface, look & feel",0.08476576209068298
The preferred repair facility ratings shall be saved within 5 seconds. The save shall occur within 5 seconds.,"not about appearance, interface, look & feel","appearance, interface, look & feel",0.10962513089179993
The product shall adhere to the corporate online availability schedule.  The application is brought down only within 98% of the scheduled outages per the availability schedule.,"not about appearance, interface, look & feel","not about appearance, interface, look & feel",0.14684858918190002
The product shall achieve a 98% uptime. The product shall not fail more than 2% of the available online time.,"not about appearance, interface, look & feel","not about appearance, interface, look & feel",0.15950323641300201
The product shall be able to handle up to 1500 simultaneous users. The system shall perform with 1500 users as a time.,"not about appearance, interface, look & feel","appearance, interface, look & feel",0.10437984019517899
 The average number of recycled parts records per day shall be 50 000.,"not about appearance, interface, look & feel","appearance, interface, look & feel",-0.004996174946427345
 The product shall be able to handle 10 000 concurrent users within 2 years of the initial launch.,"not about appearance, interface, look & feel","not about appearance, interface, look & feel",0.08076015114784241
 For estimators  the product shall be able to be operated in a repair facility during dirty and noisy conditions.,"not about appearance, interface, look & feel","appearance, interface, look & feel",0.13497701287269592
The product shall interface with the ChoiceParts system once per day at approximately 1:00 AM.,"not about appearance, interface, look & feel","appearance, interface, look & feel",0.1552218198776245
The maintenance of the product will fall within the established corporate maintenance windows.,"not about appearance, interface, look & feel","not about appearance, interface, look & feel",0.0515042319893837
The product shall be supported using the corporate support center.,"not about appearance, interface, look & feel","not about appearance, interface, look & feel",0.026710040867328644
Product installations and upgrades shall be handled by the middleware technology team within established launch time frames.,"not about appearance, interface, look & feel","appearance, interface, look & feel",0.18061384558677673
Only adjusters can request recycled parts audit reports. No users without an adjuster role shall request recycled parts audits.,"not about appearance, interface, look & feel","not about appearance, interface, look & feel",0.08134517818689346
Only adjusters with a supervisor role can update preferred repair facility ratings. Users without the supervisor role cannot access the repair facility ratings.,"not about appearance, interface, look & feel","appearance, interface, look & feel",0.0033011669293045998
Only collision estimators shall search for recycled parts.  Users without the collision estimator role shall not have access to the search for recycled parts.,"not about appearance, interface, look & feel","appearance, interface, look & feel",0.10136202722787857
Only valid data shall be entered into the system.  No invalid data shall be entered into the system.,"not about appearance, interface, look & feel","not about appearance, interface, look & feel",0.08474608510732651
One insurance company shall not be able to view another insurance companys claim data.,"not about appearance, interface, look & feel","not about appearance, interface, look & feel",0.08936499059200287
The product shall free of computer viruses.,"not about appearance, interface, look & feel","not about appearance, interface, look & feel",0.1371753215789795
The system shall prevent malicious attacks including denial of service.,"not about appearance, interface, look & feel","appearance, interface, look & feel",0.10295412689447403
The product must comply with Sarbanes-Oxley.,"not about appearance, interface, look & feel","not about appearance, interface, look & feel",0.07789351046085358
The product shall comply with the estimatics laws relating to recycled parts usage.,"not about appearance, interface, look & feel","appearance, interface, look & feel",0.13079801201820374
The product shall comply with insurance regulations regarding claims processing.,"not about appearance, interface, look & feel","appearance, interface, look & feel",0.1457832157611847
 The product must work with most database management systems (DBMS) on the market  whether the DBMS is colocated with the product on the same machine or is located on a different machine on the computer network.,"not about appearance, interface, look & feel","appearance, interface, look & feel",0.14559976756572723
The product will function alongside server software on any operating system where the Java runtime can be installed.,"not about appearance, interface, look & feel","appearance, interface, look & feel",0.13452662527561188
The product will require collaboration with a database management system (DBMS).  The DBMS may be located on the same machine as the product or on a separate machine residing on the same computer network.,"not about appearance, interface, look & feel","appearance, interface, look & feel",0.17940784990787506
 The product must make use of web/application server technology.  Open source examples include Apache web server  Tomcat  and the JBoss application server.,"not about appearance, interface, look & feel","appearance, interface, look & feel",0.21653728187084198
 A database management system such as Oracle  DB2  MySql or HSQL will need to be integrated with the product.,"not about appearance, interface, look & feel","appearance, interface, look & feel",0.16603539884090424
 The product’s Look and Feel shall be able to incorporate aspects of the customer’s organization such as logo  branding  and identity,"appearance, interface, look & feel","appearance, interface, look & feel",0.384567528963089
The product shall have a conservative and professional appearance.,"appearance, interface, look & feel","not about appearance, interface, look & feel",0.33993178606033325
The product shall make the users want to use it. 80% of the users surveyed report they are regularly using the product after the first 2 weeks post-launch.,"not about appearance, interface, look & feel","not about appearance, interface, look & feel",0.25689899921417236
The product shall be easy to use. 90% of users will be able to successfully reserve a conference room within 5 minutes of product use.,"not about appearance, interface, look & feel","not about appearance, interface, look & feel",0.17194099724292755
The product shall give users feedback when necessary. 80% of the users surveyed report that the product accurately confirms their actions.,"not about appearance, interface, look & feel","not about appearance, interface, look & feel",0.20149214565753937
The product shall allow the user to select a chosen language from one of the target market countries.,"not about appearance, interface, look & feel","not about appearance, interface, look & feel",0.11885637044906616
The product shall allow for customization of start page and views preferences.,"not about appearance, interface, look & feel","not about appearance, interface, look & feel",0.2773127257823944
 An employee will be able to successfully use the product within a few minutes.  After informally navigating the product for less than 15 minutes  users shall be able to successfully setup meetings and reserve conference rooms.,"not about appearance, interface, look & feel","not about appearance, interface, look & feel",0.18093650043010712
The product shall use a standard navigation menu familiar to most web users.,"not about appearance, interface, look & feel","not about appearance, interface, look & feel",0.16321058571338654
The product shall allow for intuitive searching of available conference rooms.,"not about appearance, interface, look & feel","not about appearance, interface, look & feel",0.1641685962677002
The product shall conform to the Americans with Disabilities Act.,"not about appearance, interface, look & feel","appearance, interface, look & feel",0.11508451402187347
The response shall be fast enough to avoid interrupting the user’s flow of thought.  90% of tasks shall complete within 5 seconds.  98% of tasks shall complete within 8 seconds.,"not about appearance, interface, look & feel","not about appearance, interface, look & feel",0.1519768238067627
 Aside from server failure  the software product shall achieve 99.99% up time.,"not about appearance, interface, look & feel","not about appearance, interface, look & feel",0.19498208165168762
The product shall create an exception log of problems encountered within the product for transmission to our company for analysis and resolution.,"not about appearance, interface, look & feel","not about appearance, interface, look & feel",0.14040470123291016
 The product shall be capable of handling up to 1 000 concurrent requests.  This number will increase to 2 000 by Release 2.  The concurrency capacity must be able to handle peak scheduling times such as early morning and late afternoon hours.,"not about appearance, interface, look & feel","appearance, interface, look & feel",0.14479418098926544
 The product shall be able to process 10 000 transactions per hour within two years of its launch.  This number will increase to 20 000 by Release 2.,"not about appearance, interface, look & feel","not about appearance, interface, look & feel",0.14585676789283752
The product shall be expected to operate for at least 5 years for each customer installation.,"not about appearance, interface, look & feel","not about appearance, interface, look & feel",0.03976812958717346
The product shall be used in office environments.,"not about appearance, interface, look & feel","not about appearance, interface, look & feel",0.24448058009147644
The product must be able to interface with any HTML browser.  The product shall transmit data between the user and the product without problems. The product shall display HTML properly in 80% of all HTML browsers tested (minimum is to test 8 browsers).,"not about appearance, interface, look & feel","appearance, interface, look & feel",0.2291356772184372
The product must be able to interface with various database management systems. The product shall communicate successfully with the database management system on 100% of all transactions.,"not about appearance, interface, look & feel","appearance, interface, look & feel",0.220724955201149
The product must be able to interface with various email servers. The product shall be able to send email.,"not about appearance, interface, look & feel","appearance, interface, look & feel",0.25310608744621277
The product shall be available for distribution via the Internet as a binary or ZIP file.,"not about appearance, interface, look & feel","appearance, interface, look & feel",0.10900071263313293
The product shall be available for distribution as a packaged CD.,"not about appearance, interface, look & feel","appearance, interface, look & feel",0.07841655611991882
 The product will be available for licensing as a one-server  two-five servers  or five-or-more servers license.,"not about appearance, interface, look & feel","appearance, interface, look & feel",0.11335386335849762
A new user must be able to be added to the system within 10 minutes.  90% of new users are able to log into the system within 10 minutes.,"not about appearance, interface, look & feel","appearance, interface, look & feel",0.04193968325853348
The product must be designed using Design Patterns and coding best practices.  90% of maintenance software developers are able to integrate new functionality into the product with 2 working days.,"not about appearance, interface, look & feel","appearance, interface, look & feel",0.17093652486801147
The product must be highly configurable for use with various database management systems for the end users.  80% of end users are able to integrate new database management systems with the product without changing the product’s software code.,"not about appearance, interface, look & feel","appearance, interface, look & feel",0.18031813204288483
Maintenance releases will be offered to customers once a year.  The releases shall take no longer than 5 minutes for 80% of the customer base to install.,"not about appearance, interface, look & feel","not about appearance, interface, look & feel",0.08505961298942566
Every registered user will have access to the product’s support site via the Internet.  70% of registered users shall find a solution to their problem within 5 minutes of using the support site.,"not about appearance, interface, look & feel","appearance, interface, look & feel",0.16740576922893524
The customer shall be able to easily integrate new building maps with the product throughout the product’s lifecycle.  Integration of new maps with the product shall be possible with little to no support from product support staff.,"not about appearance, interface, look & feel","appearance, interface, look & feel",0.1440015733242035
 The product shall be translated into foreign languages other than the target market countries’ languages in future releases.  For each emerging target market  it shall take no more than 5 days to configure the product for that market’s language.,"not about appearance, interface, look & feel","not about appearance, interface, look & feel",0.14509911835193634
 The product is expected to integrate with multiple database management systems.  The product will operate with Oracle  SQL Server  DB2  MySQL  HSQL  and MS Access.,"not about appearance, interface, look & feel","appearance, interface, look & feel",0.17915275692939758
The product shall be able to be installed in any operating environment within 2 days.,"not about appearance, interface, look & feel","not about appearance, interface, look & feel",0.10065053403377533
The product shall ensure that only company employees or external users with company-approved user IDs may have product access.  100% of all logons shall be by either company employees or external users with company-approved user IDs.,"not about appearance, interface, look & feel","appearance, interface, look & feel",0.10708601772785187
Only managers are able to perform search queries for reservations by user.  100% of all search queries for reservations by user shall be from logons of only management logons.,"not about appearance, interface, look & feel","not about appearance, interface, look & feel",0.07102718204259872
The product shall ensure that the database’s data corresponds to the data entered by the user.  Each conference room reservation in the system will contain the same information as was entered by the user.,"not about appearance, interface, look & feel","appearance, interface, look & feel",0.19982998073101044
The product shall prevent the input of malicious data.  The product and/or adjacent hardware/software systems’ data shall remain 100% uncorrupted each time malicious data is input into the product.,"not about appearance, interface, look & feel","appearance, interface, look & feel",0.15657737851142883
The product and/or dependent databases/filesystems shall remain operational as a result of the input of malicious data.  The product and/or dependent databases/filesystems shall not crash 100% of the time that malicious data is input into the product.,"not about appearance, interface, look & feel","appearance, interface, look & feel",0.13142457604408264
The product shall have the ability to receive automatic software updates as new threats emerge.  100% of customers will be able to receive automatic software updates transmitted to the installed product.,"not about appearance, interface, look & feel","appearance, interface, look & feel",0.1374184638261795
The language of the product shall accommodate all of the target market countries. 90% of survey respondents from each target market country will find that the language of the product is acceptable.,"not about appearance, interface, look & feel","not about appearance, interface, look & feel",0.17542621493339539
The product shall be able to display calendar dates and times according to the user’s locale.  90% of survey respondents from each target market country will find that the date and time formatting of the product is correct.,"not about appearance, interface, look & feel","not about appearance, interface, look & feel",0.13743624091148376
The product must be developed with the J2SE/J2EE programming language libraries,"not about appearance, interface, look & feel","not about appearance, interface, look & feel",0.2178768366575241
Recreation of Inventory Quantity Adjustment for the period of previous 30 days shall take no more than 30min.,"not about appearance, interface, look & feel","not about appearance, interface, look & feel",0.08483850210905075
The System shall allow for a minimum of  6 users to work at the same time.,"not about appearance, interface, look & feel","appearance, interface, look & feel",0.06718789041042328
The System shall utilize currently owned computer equipment.,"not about appearance, interface, look & feel","appearance, interface, look & feel",0.13481739163398743
The System shall be able to automatically backup business data and restore them on demand.,"not about appearance, interface, look & feel","appearance, interface, look & feel",0.040833890438079834
The System shall maintain consistent security.  Any changes in user passwords and/or permissions should take affect in all parts of the System.,"not about appearance, interface, look & feel","appearance, interface, look & feel",0.1655345857143402
The System shall granularly control access rights to all major subsystems.  It should be possible to assign access rights to all subsystems independently.,"not about appearance, interface, look & feel","appearance, interface, look & feel",0.03720579296350479
The System shall meet all applicable accounting standards.  The final version of the System must successfully pass independent audit performed by a certified auditor.,"not about appearance, interface, look & feel","appearance, interface, look & feel",0.09613591432571411
The System shall not require additional third party licenses resulting in royalty fees.,"not about appearance, interface, look & feel","not about appearance, interface, look & feel",-0.030453871935606003
Administrator shall be able to activate a pre-paid card via the Administration section in under 5 seconds.,"not about appearance, interface, look & feel","appearance, interface, look & feel",0.0018544252961874008
 Customer shall be able to check the status of their prepaid card  by entering in the PIN number  in under 5 seconds.,"not about appearance, interface, look & feel","not about appearance, interface, look & feel",0.06772203743457794
System shall let customers register on the website as a “pay as you go” user in under 5 minutes.,"not about appearance, interface, look & feel","not about appearance, interface, look & feel",0.061462488025426865
System shall let customers register on the website as a “unlimited movie subscriber” user in under 10 minutes.,"not about appearance, interface, look & feel","not about appearance, interface, look & feel",0.09074263274669647
System shall let existing customers log into the website with their email address and password in under 5 seconds.,"not about appearance, interface, look & feel","not about appearance, interface, look & feel",0.08638688921928406
 System shall let customers cancel their account  process shall take no longer than 2 minutes.  Database will mark the account as inactive  and user will not be able to log into the website.,"not about appearance, interface, look & feel","not about appearance, interface, look & feel",0.10443730652332306
System shall let administrator de-activate a customer account in under 1 minute. Customer will no longer be able to access the website.,"not about appearance, interface, look & feel","not about appearance, interface, look & feel",0.052062734961509705
System shall let administrator add/remove movies on the website in under 5 minutes.  Entered movie information will be stored in the database and will now be available on the website.,"not about appearance, interface, look & feel","not about appearance, interface, look & feel",0.10572290420532227
System shall let the administrator add/remove categories on the website in under 5 minutes.,"not about appearance, interface, look & feel","not about appearance, interface, look & feel",0.10866466909646988
System shall let Izogn Manager access sales and usage statistics in under 2 minutes.,"not about appearance, interface, look & feel","appearance, interface, look & feel",0.14753660559654236
System shall let administrators generate unique pre-paid pins in under 2 minutes and generate an Excel file with the generated PINs.,"not about appearance, interface, look & feel","appearance, interface, look & feel",0.09385194629430771
The website shall be attractive to all audiences.  The website shall appear to be fun and the colors should be bright and vibrant.,"appearance, interface, look & feel","appearance, interface, look & feel",0.3602006733417511
 The website should have an African feel  but should not alienate non-Africans.  The website should use animation on pages which are describing the services  to grab the users attention and encourage them to sign up.,"appearance, interface, look & feel","not about appearance, interface, look & feel",0.23631684482097626
 The website design should be modern  clean  and concise.,"appearance, interface, look & feel","not about appearance, interface, look & feel",0.3699116110801697
The product should be able to be used by 90% of novice users on the Internet.,"not about appearance, interface, look & feel","not about appearance, interface, look & feel",0.2578282058238983
 Users should only have to navigate through a maximum of 4 pages  to create an account with the website.,"not about appearance, interface, look & feel","not about appearance, interface, look & feel",0.038037434220314026
Users should be able to access their streaming movies in under 2 clicks after logging into the website.,"not about appearance, interface, look & feel","not about appearance, interface, look & feel",0.08516566455364227
An anonymous survey will show that 70% of customers are comfortable purchasing streaming movies after 2 weeks using the website.,"not about appearance, interface, look & feel","not about appearance, interface, look & feel",0.1616504043340683
An anonymous survey will show that 95% of customers are comfortable using and purchasing pre-paid cards after a month of using the system.,"not about appearance, interface, look & feel","not about appearance, interface, look & feel",0.16866235435009003
The product shall retain the customer’s buying preferences and information.,"not about appearance, interface, look & feel","not about appearance, interface, look & feel",0.22521670162677765
The product shall be easy for customers with novice skills on the  Internet to purchase and watch streaming movies.  Customers should be able to purchase and watch a pre-determined movie in under 3 minutes.,"not about appearance, interface, look & feel","not about appearance, interface, look & feel",0.13381057977676392
The product shall use symbols and words that are naturally understandable by users familiar with websites,"not about appearance, interface, look & feel","not about appearance, interface, look & feel",0.3194706439971924
The website will use standard Internet conventions when interacting with the user.,"not about appearance, interface, look & feel","not about appearance, interface, look & feel",0.2387414574623108
 Any interface between a user and the automated system shall have a maximum response time of 5 seconds  unless noted by an exception below.,"not about appearance, interface, look & feel","appearance, interface, look & feel",0.19110889732837677
 When purchasing a streaming movie or pre-paid card via credit card  the processing time should have a maximum response time of 15 seconds.,"not about appearance, interface, look & feel","not about appearance, interface, look & feel",0.07214091718196869
 When streaming a movie  the buffering time should take no longer than 10 seconds (plus any latency on the user’s connection.),"not about appearance, interface, look & feel","not about appearance, interface, look & feel",0.09226445853710175
 While streaming a movie  buffering should only occur if there is latency in the user’s connection.,"not about appearance, interface, look & feel","not about appearance, interface, look & feel",0.10370485484600067
 All credit card information will be secured on the server  and only accessible by authorized Izogn administrators.  Information will be encrypted in the database.,"not about appearance, interface, look & feel","appearance, interface, look & feel",0.07450491189956665
 The website shall be available for use 24 hours per day  365 days per year.,"not about appearance, interface, look & feel","not about appearance, interface, look & feel",0.07017063349485397
The website shall achieve 99.5% up time.,"not about appearance, interface, look & feel","not about appearance, interface, look & feel",0.1629781424999237
 All movies shall be streamed on demand  at any time of the day.,"not about appearance, interface, look & feel","not about appearance, interface, look & feel",0.0878194272518158
The website shall continue to operate if the streaming server goes down.,"not about appearance, interface, look & feel","appearance, interface, look & feel",0.028939850628376007
The website shall continue to operate if the payment gateway goes down.,"not about appearance, interface, look & feel","appearance, interface, look & feel",0.00385469663888216
The streaming server will support 50 simultaneous streaming connections.,"not about appearance, interface, look & feel","appearance, interface, look & feel",0.03370207920670509
The streaming server will support a maximum of 700 movies  new servers can be added to support more movies.,"not about appearance, interface, look & feel","not about appearance, interface, look & feel",0.06913638114929199
 The server will support a maximum of 1 000 simultaneous users.,"not about appearance, interface, look & feel","not about appearance, interface, look & feel",0.009725203737616539
 The website shall be capable of supporting 100 000 customers.,"not about appearance, interface, look & feel","not about appearance, interface, look & feel",0.0234700758010149
The product shall be expected to operate within the maximum maintenance budget for a minimum of 2 years.,"not about appearance, interface, look & feel","not about appearance, interface, look & feel",0.0319250151515007
All aspects of the website shall be accessed by a web browser over the Internet.,"not about appearance, interface, look & feel","appearance, interface, look & feel",0.18306006491184235
The same hardware supporting the current website will be used to support the new system.,"not about appearance, interface, look & feel","appearance, interface, look & feel",0.16529594361782074
 We must be able to interface with the following browsers: IE 5.X  6.0  Netscape 6.x  7.x  8.x and Firefox 1.0.,"not about appearance, interface, look & feel","appearance, interface, look & feel",0.2296149730682373
Website must interface with the CyberSource API to process credit card transactions.,"not about appearance, interface, look & feel","not about appearance, interface, look & feel",0.133658766746521
Website must be fully operational with MSN TV2.,"not about appearance, interface, look & feel","appearance, interface, look & feel",0.1000695452094078
Movies shall be encoded and streamed via Windows Media Player 9.0.,"not about appearance, interface, look & feel","not about appearance, interface, look & feel",0.06124979257583618
Movies shall be encoded for 56k and 256k streams.,"not about appearance, interface, look & feel","not about appearance, interface, look & feel",0.12868382036685944
Promotional updates to the website should take a day to update.,"not about appearance, interface, look & feel","not about appearance, interface, look & feel",0.15200155973434448
Izogn Administrator must be able to update the category listings on the website within 2 minutes.,"not about appearance, interface, look & feel","not about appearance, interface, look & feel",0.11162066459655762
Izogn Administrator must be able to add new products to the website within 2 minutes.,"not about appearance, interface, look & feel","not about appearance, interface, look & feel",0.10215617716312408
The system will provide a 24 hour 800 toll free number for support to its customers.,"not about appearance, interface, look & feel","appearance, interface, look & feel",-0.040055129677057266
The website will provide a help section with answers and solutions to common problems.,"not about appearance, interface, look & feel","appearance, interface, look & feel",0.1013757586479187
 Velkat staff will be available for phone support between 7am-7pm  M-F to provide technical support to the Izogn administrators.,"not about appearance, interface, look & feel","appearance, interface, look & feel",0.06489639729261398
The product shall be able to be installed in the specified environment within 1 working day.,"not about appearance, interface, look & feel","not about appearance, interface, look & feel",0.10944132506847382
Only registered customers can purchase streaming movies.,"not about appearance, interface, look & feel","not about appearance, interface, look & feel",0.03329352289438248
 A customer can only stream a movie if they purchased it  and are within the 2 day viewing period.,"not about appearance, interface, look & feel","not about appearance, interface, look & feel",0.102052241563797
Only authorized personnel can access customer records in the database.,"not about appearance, interface, look & feel","not about appearance, interface, look & feel",-0.0009380113333463669
Only administrators can activate a pre-paid card.,"not about appearance, interface, look & feel","not about appearance, interface, look & feel",-0.027827082201838493
Only authorized personnel can access sales information.,"not about appearance, interface, look & feel","not about appearance, interface, look & feel",0.035780612379312515
The website shall prevent its data from being corrupted when incorrect data is entered in.,"not about appearance, interface, look & feel","not about appearance, interface, look & feel",0.10151337832212448
 The website shall protect itself from intentional abuse  and notify the administrator at all occurrences.,"not about appearance, interface, look & feel","appearance, interface, look & feel",0.1080196350812912
Data integrity scripts will be run on a weekly basis to verify the integrity of the database.,"not about appearance, interface, look & feel","not about appearance, interface, look & feel",0.02612992376089096
 The website shall make its user aware of its information practices before collection data from them via a Privacy Policy  accessible on all pages of the website.,"not about appearance, interface, look & feel","appearance, interface, look & feel",0.15414069592952728
The system shall notify customers of changes to its information policy.,"not about appearance, interface, look & feel","not about appearance, interface, look & feel",0.08202804625034332
The system shall reveal private information only in compliance with the organization’s information policy.,"not about appearance, interface, look & feel","not about appearance, interface, look & feel",0.0528067946434021
 All customer information will be stored on a secure database  accessible only to authorized personnel.,"not about appearance, interface, look & feel","not about appearance, interface, look & feel",-0.008827265352010727
All credit card information will be encrypted in the database.,"not about appearance, interface, look & feel","appearance, interface, look & feel",-0.036365851759910583
The streaming server will have anti-virus software to prevent infection of malicious viruses.,"not about appearance, interface, look & feel","appearance, interface, look & feel",0.09863709658384323
The website should cater to all tribes in Nigeria.,"appearance, interface, look & feel","not about appearance, interface, look & feel",0.16989947855472565
The website shall not be offensive to religious or ethnic groups.,"appearance, interface, look & feel","not about appearance, interface, look & feel",0.12167774885892868
 The website should appeal to all Africans  not only Nigerians.,"appearance, interface, look & feel","not about appearance, interface, look & feel",0.13003188371658325
The website should use Flash to provide animation on the home page.,"not about appearance, interface, look & feel","not about appearance, interface, look & feel",0.15981228649616241
IzognMovies shall meet the licensing requirements set forth by the appropriate organizations in order to stream African movies.,"not about appearance, interface, look & feel","appearance, interface, look & feel",0.11009447276592255
The website will comply with W3C standards.,"not about appearance, interface, look & feel","appearance, interface, look & feel",0.11577343195676804
The PHP code will comply with PEAR standards.,"not about appearance, interface, look & feel","appearance, interface, look & feel",0.10581107437610626
Total lead cycle time must be completed in 5 minutes for 90% of lead volume between the business hours of 8AM CST to 8PM CST  then 3 minutes for 99% of lead volume during off business hours.,"not about appearance, interface, look & feel","not about appearance, interface, look & feel",-0.03479675203561783
No lead evaluation will complete in a time period longer than 25 seconds for 97% of all leads processed.,"not about appearance, interface, look & feel","not about appearance, interface, look & feel",0.02750168740749359
For leads that process longer than 25 seconds the system will record the event and duration,"not about appearance, interface, look & feel","not about appearance, interface, look & feel",-0.004446476697921753
The process must fit within the processing time conditions set forth by the Auto Rep Assignment process in which a lead is assigned within 3 minutes of the total life cycle.,"not about appearance, interface, look & feel","appearance, interface, look & feel",0.026185166090726852
The lead washing process will operate within the established physical web service structure.,"not about appearance, interface, look & feel","appearance, interface, look & feel",0.07398302108049393
 The washing process must use a non binding  neutral data format  such as xml  when receiving and processing lead data.,"not about appearance, interface, look & feel","appearance, interface, look & feel",0.1303594559431076
Defect reports will be available to technical units on a 24x7 basis.,"not about appearance, interface, look & feel","not about appearance, interface, look & feel",0.11852529644966125
Washing parameters will be updated during scheduled maintenance hours.,"not about appearance, interface, look & feel","appearance, interface, look & feel",0.06938391923904419
The product shall simulate the look of ships at sea.,"appearance, interface, look & feel","appearance, interface, look & feel",0.24907881021499634
The product shall display the grids within a circle as a view from a periscope.,"appearance, interface, look & feel","appearance, interface, look & feel",0.15404817461967468
The product shall display each type of ship in a grid using an image of the specific type of ship.,"appearance, interface, look & feel","appearance, interface, look & feel",0.22243769466876984
 When the offensive player takes a shot  the product shall simulate the sound of a ship at sea.,"appearance, interface, look & feel","not about appearance, interface, look & feel",0.15547505021095276
 When a shot is marked as a miss  the product shall simulate the sound of a shot missing its target.,"appearance, interface, look & feel","not about appearance, interface, look & feel",0.14779621362686157
 When a shot is marked as a hit  the product shall simulate the sound of a shot hitting its target.,"appearance, interface, look & feel","appearance, interface, look & feel",0.14480631053447723
 When a ship is sunk  the product shall simulate the sound of a sinking ship.,"appearance, interface, look & feel","not about appearance, interface, look & feel",0.16534052789211273
 The product shall be available 24 hours per day  seven days per week.,"not about appearance, interface, look & feel","not about appearance, interface, look & feel",0.01435806229710579
The product shall able to handle a large number of games simultaneously.,"not about appearance, interface, look & feel","appearance, interface, look & feel",0.05996770039200783
The response time shall be fast enough to maintain the flow of the game.  The response time shall be no more than 2 seconds for 95% of responses and no more than 4% for the remaining responses.,"not about appearance, interface, look & feel","appearance, interface, look & feel",0.1346578747034073
The product shall protect the identity of the players. The product shall provide players no access to information that might reveal the identity of another player.,"not about appearance, interface, look & feel","not about appearance, interface, look & feel",0.12017089128494263
The product shall be intuitive and self-explanatory.  Nine out ten users shall be able to successfully complete a game with no training.,"not about appearance, interface, look & feel","not about appearance, interface, look & feel",0.22806668281555176
 The product shall be available to players who understand English  Spanish and French.  The product shall allow the user to select the language upon accessing the product.,"not about appearance, interface, look & feel","appearance, interface, look & feel",0.1547292172908783
The product shall provide players no access to information that might reveal the identity of another player,"not about appearance, interface, look & feel","not about appearance, interface, look & feel",0.1305285394191742
The response time shall be fast enough to maintain the flow of the game. The response time shall be no more than 2 seconds for 95% of responses and no more than 4% for the remaining responses.,"not about appearance, interface, look & feel","appearance, interface, look & feel",0.1346578747034073
The system shall be easy to use by callers and supervisors. Callers and supervisors must be able to accomplish any system task within 2 minutes.,"not about appearance, interface, look & feel","appearance, interface, look & feel",0.2003289759159088
The system shall be easy to learn by callers and supervisors. Callers and supervisors shall learn how to use the system within 10 minutes.,"not about appearance, interface, look & feel","appearance, interface, look & feel",0.1916951835155487
 The system shall be responsive. At the DePaul TeleServices Center  when a supervisor uses the system to view a callers schedule  the system response time must be no more than 2 seconds 90% of the time and no more than 5 seconds the rest of the time.,"not about appearance, interface, look & feel","appearance, interface, look & feel",0.13275937736034393
 On a 56k connection  the system response time for all operations must be no more than 6 seconds 90% of the time.,"not about appearance, interface, look & feel","appearance, interface, look & feel",0.08542519062757492
 On a 112k connection or faster  the system response time for all operations must be no more than 3 seconds 90% of the time.,"not about appearance, interface, look & feel","appearance, interface, look & feel",0.10339047759771347
The system shall have high availability every day of the year.The system must be available for use between 12:00AM and 6:00PM all days of the year.,"not about appearance, interface, look & feel","appearance, interface, look & feel",0.10470586270093918
The system must be available for use between 7:00AM and 11:59PM all days of the year.,"not about appearance, interface, look & feel","appearance, interface, look & feel",0.054870858788490295
The product shall be internet browser independent.The product must run using Internet Explorer and Netscape Navigator.,"not about appearance, interface, look & feel","appearance, interface, look & feel",0.10670528560876846
The product shall ensure that only supervisors can advertise empty time slots.The product must ensure that supervisors are allowed to access advertise empty time slots.,"not about appearance, interface, look & feel","appearance, interface, look & feel",0.1139577180147171
The product shall ensure that only supervisors can enter a caller’s schedule.The product must ensure that supervisors are allowed to access advertise empty time slots.,"not about appearance, interface, look & feel","not about appearance, interface, look & feel",0.14337655901908875
The product shall ensure that only supervisors can view schedule of all callers.The product must ensure that supervisors are allowed to access advertise empty time slots.,"not about appearance, interface, look & feel","not about appearance, interface, look & feel",0.13770222663879395
 The interface shall have a simple look. In the interface and usability survey  90% of beta testers must report that the interface is adequately simple.,"appearance, interface, look & feel","appearance, interface, look & feel",0.4156375229358673
 The interface shall be appealing to callers and supervisors. In the interface and usability survey  80% of beta testers must report that the interface is appealing.,"appearance, interface, look & feel","appearance, interface, look & feel",0.42190301418304443
The product shall provide GUI based Monitoring Services.System Administrators shall monitor message exchanges will predict and determine problems and will also provide internal and external support.,"appearance, interface, look & feel","appearance, interface, look & feel",0.23868978023529053
The product shall comply with City of Chicago Application Development Guide Framework.Application Development Framework will provide structured Graphical User Interface.,"appearance, interface, look & feel","appearance, interface, look & feel",0.24666711688041687
The product shall provide Monitoring Services.The product shall be easy for System Administrators and DBAs to use after two weeks of usage.,"not about appearance, interface, look & feel","appearance, interface, look & feel",0.21436721086502075
The product shall provide Error Tracking Services.The product shall help the System Administrators and DBAs to resolve transaction errors 99% of the time.,"not about appearance, interface, look & feel","appearance, interface, look & feel",0.17116716504096985
The product shall provide Portals.The product shall help System Administrators to analyze the transactions with ad-hoc reporting and KPIs (Key Performance Indicators),"not about appearance, interface, look & feel","appearance, interface, look & feel",0.26315057277679443
The product shall provide Asynchronous Messaging.The product shall provide asynchronous messaging to enable parallel processing and reduce the overhead in communications,"not about appearance, interface, look & feel","appearance, interface, look & feel",0.2022348940372467
The product shall provide Multi-threading and Load Balancing.The product shall provide multi-threading technology as well as load balancing to overcome data load spikes and traffic.,"not about appearance, interface, look & feel","appearance, interface, look & feel",0.20415779948234558
The product shall process messages within 2 seconds.The product shall have a maximum message processing time of 2 seconds,"not about appearance, interface, look & feel","appearance, interface, look & feel",0.131662517786026
The product shall poll the system for messages every second.The product shall poll the system for new messages at a maximum of every 1 second.,"not about appearance, interface, look & feel","appearance, interface, look & feel",0.11908697336912155
The product shall provide Dynamic Change Support and Transparent resource addition.The product shall support Transparent Resource addition and Dynamic Change support to provide scalability and avoid service interruptions of more than 1 day.,"not about appearance, interface, look & feel","appearance, interface, look & feel",0.24097394943237305
The product shall be available 99% of the time. Rationale: To avoid service interruption during busiest customer service response periods. The product shall be available 99.99% of the time for regular business days.,"not about appearance, interface, look & feel","not about appearance, interface, look & feel",0.13230206072330475
The product shall be robust.The product shall have fault avoidance based on standards adoption.,"not about appearance, interface, look & feel","appearance, interface, look & feel",0.25438106060028076
The product shall be robust with fault tolerance.The product shall have fault tolerance by using recovery technique compensatory transaction and routing around failures.,"not about appearance, interface, look & feel","appearance, interface, look & feel",0.1732071042060852
The product shall be able to process all transactions.The product shall process minimum of 1 million transactions per year.,"not about appearance, interface, look & feel","not about appearance, interface, look & feel",0.12135209143161774
The product shall be platform independent.The product shall enable access to any type of development environment and platform.,"not about appearance, interface, look & feel","not about appearance, interface, look & feel",0.24261359870433807
The product shall interface CSR and Datastream.The product shall exchange messages between CSR and EAM on a real time basis without any direct interfaces between two systems.,"not about appearance, interface, look & feel","appearance, interface, look & feel",0.17524601519107819
 : The product shall continue to operate during upgrade  change or new resource addition.The product shall be able to continue to operate with no interruption in service due to new resource additions.,"not about appearance, interface, look & feel","appearance, interface, look & feel",0.1488932967185974
The product shall be updated on a regular basis.The product will have a new major feature introduced every six months and quarterly maintenance releases every six months.,"not about appearance, interface, look & feel","not about appearance, interface, look & feel",0.13693757355213165
The product shall operate with every platform.The product shall accommodate any new technology without any change in its architecture.,"not about appearance, interface, look & feel","not about appearance, interface, look & feel",0.24000020325183868
 The product shall have security.The product shall provide authentication  and authorization.,"not about appearance, interface, look & feel","appearance, interface, look & feel",0.17251747846603394
The product shall information Security. The product shall enable privacy by encryption WS-Security and Integrity Checking.,"not about appearance, interface, look & feel","appearance, interface, look & feel",0.20784218609333038
The product shall have audit capabilities.The product shall store messages for a minimum of one year for audit and transaction tracking purposes.,"not about appearance, interface, look & feel","not about appearance, interface, look & feel",0.07293639332056046
The system shall use IBM and CCR branding standards. The interface must have one IBM logo and one CCR logo.,"appearance, interface, look & feel","appearance, interface, look & feel",0.31847426295280457
The system shall be displayable on any work computer a CCR user may have. The system interface shall be formatted to display at 800 by 600 pixel resolution.,"appearance, interface, look & feel","appearance, interface, look & feel",0.16211342811584473
The system interface will use CCR nomenclature. The system must use the same nomenclature used in the existing WCS system and reports,"appearance, interface, look & feel","appearance, interface, look & feel",0.10263661295175552
The interface must summarize the data in a fashion that’s appealing to CCR management. Every report type must have at least one high level summary shown in the results dashboard/interface,"appearance, interface, look & feel","appearance, interface, look & feel",0.10650566220283508
The system must use a point and click interface. 100% of all selection and navigation functionality must be able to be activated/selected by either a mouse or a keyboard,"not about appearance, interface, look & feel","appearance, interface, look & feel",0.11676439642906189
The interface shall be easy to use. 90% of users should be able to successfully use the system to generate a report on their first use. The interface should adhere to IBM usability standards.,"not about appearance, interface, look & feel","appearance, interface, look & feel",0.400041401386261
Rreports must be easy to generate. eports must be generated within one button click and exported within one button click (after selecting the report),"not about appearance, interface, look & feel","appearance, interface, look & feel",-0.012769725173711777
A user shall be able to use the system without instruction after a short amount of time. After one use a user should understand and remember 90% of the system usage and navigation.,"not about appearance, interface, look & feel","not about appearance, interface, look & feel",0.1839350461959839
All CCR users shall receive training before the WCS system is deployed. One training session will be held for 100% of CCR users before system deployment (based on a CCR user being available),"not about appearance, interface, look & feel","not about appearance, interface, look & feel",-0.0008108820766210556
The WCS system shall use appropriate nomenclature and terminology as defined by the Corporate Community Grants organization. All interfaces and reports will undergo usability tests by CCR users.,"not about appearance, interface, look & feel","appearance, interface, look & feel",0.21720997989177704
The WCS system shall be available at all times as long as IBM’s internal intranet W3 is accessible. The WCS system will be available 95% of the time IBM’s internal intranet W3 is available.,"not about appearance, interface, look & feel","appearance, interface, look & feel",0.13168160617351532
The WCS system shall have the ability to connect other designated WCS databases currently not included in the system.,"not about appearance, interface, look & feel","not about appearance, interface, look & feel",0.04148189350962639
The WCS system shall have the ability to include data for regions outside the United States and be accessed by users outside of the United States if approved by CCR management.,"not about appearance, interface, look & feel","appearance, interface, look & feel",0.05026455596089363
The WCS system shall be run in a Windows environment. The WCS shall be accessed by users through the Internet on an IBM computer running a Windows 2000 or above operating system.,"not about appearance, interface, look & feel","appearance, interface, look & feel",0.08726327866315842
The Brio portion of the WCS system must be able to export files in spreadsheet form (Microsoft Excel and Lotus 1-2-3 formats).  Brio will provide buttons in the user interface that produce/export reports in .xls or .123 file formats.,"not about appearance, interface, look & feel","appearance, interface, look & feel",0.05573509633541107
The WCS system must run queries to the WCS databases once again (on a specified day) to update the available data available to CCR users. Queries must be made to external databases for data refresh once a week.,"not about appearance, interface, look & feel","appearance, interface, look & feel",0.03010304644703865
 All changes  updates  and additions to the WCS system shall be updated in the WCS Developer and WCS User Guides. Every change must be reflected in WCS system documentation,"not about appearance, interface, look & feel","appearance, interface, look & feel",0.06015840172767639
The system shall only be accessed by authorized Corporate Community Grants (CCR) employees. Users must be authenticated using their IBM intranet user name and password.,"not about appearance, interface, look & feel","appearance, interface, look & feel",0.06900648772716522
The WCS system shall not allow automatic logins by any user. Cookies containing WCS login information about a user will not be stored on a user’s computer.,"not about appearance, interface, look & feel","not about appearance, interface, look & feel",-0.02768651768565178
Each team owner will need to use a username and password in order to be authenticated to reach the team owner’s page,"not about appearance, interface, look & feel","appearance, interface, look & feel",0.05626887455582619
The Commissioner will be the only authorized user per league to adjust league settings.,"not about appearance, interface, look & feel","appearance, interface, look & feel",0.006895249709486961
Each page shall contain a navigation menu which shows the index into which the current page is contained.,"appearance, interface, look & feel","appearance, interface, look & feel",0.1195409819483757
Each page shall contain a similar format with action items in one location and navigation buttons in a different location.,"appearance, interface, look & feel","appearance, interface, look & feel",0.1715233325958252
The message board shall contain the 5 most recently posted messages on the league page. The messages will contain up to the first 150 characters of the message.,"appearance, interface, look & feel","appearance, interface, look & feel",0.009930925443768501
;A new user shall be able to navigate through the league and team pages within 30 seconds of reaching the start-up page.,"not about appearance, interface, look & feel","appearance, interface, look & feel",0.10282495617866516
Users shall be able to reach the ‘add’  ‘drop’  and ‘trade player’ pages with one click from the team owner’s page.,"not about appearance, interface, look & feel","appearance, interface, look & feel",0.062271613627672195
;Users shall be able to view at least 25 NFL player statistics and points on each page.,"not about appearance, interface, look & feel","appearance, interface, look & feel",0.11025041341781616
The application shall ask the user to confirm dropping a player or trading a player before performing the action.,"not about appearance, interface, look & feel","not about appearance, interface, look & feel",0.0890568271279335
The application shall be able to complete every user transaction within one fourth of a second of receiving the request over the network.,"not about appearance, interface, look & feel","appearance, interface, look & feel",0.13312940299510956
The application shall have a downtime of at most 10 minutes per year.,"not about appearance, interface, look & feel","not about appearance, interface, look & feel",0.07328365743160248
The application shall run on a web application server.,"not about appearance, interface, look & feel","appearance, interface, look & feel",0.1450471580028534
A primary database will be used to store cached data for active users.,"not about appearance, interface, look & feel","appearance, interface, look & feel",0.05451909080147743
A secondary database will be used to store historical statistics and data.,"not about appearance, interface, look & feel","appearance, interface, look & feel",0.005309468135237694
Application updates shall occur between 3AM and 6 AM CST on Wednesday morning during the middle of the NFL season.,"not about appearance, interface, look & feel","not about appearance, interface, look & feel",0.08258333802223206
New System version releases shall be released at the beginning of each NFL season.,"not about appearance, interface, look & feel","not about appearance, interface, look & feel",0.06180161237716675
The RFS system should be available 24/7  especially during the budgeting period. The RFS system shall be available 90% of the time all year  and 98% during the budgeting period. 2% of the time  the system will become available within 1 hour of the time that the situation is reported.,"not about appearance, interface, look & feel","not about appearance, interface, look & feel",0.055601805448532104
98% of the user workstations shall meet the minimum hardware requirements prior to implementation. Minimum Hard Disk Space:  400MB.,"not about appearance, interface, look & feel","appearance, interface, look & feel",0.15930506587028503
98% of the user workstations shall meet the minimum software requirements prior to implementation: Microsoft Internet Explorer 5.0. Microsoft .NET Framework 1.1. Microsoft Internet Explorer Web Controls,"not about appearance, interface, look & feel","appearance, interface, look & feel",0.254977822303772
The RFS system should be able to easily interface with the BDW environment  in order to load the data. •;7 data files shall be received from the BDW and loaded into the RFS system within 3 hours one day prior to the start of budgeting process  every year. The data will be as of October month-end. ;Test files (7) shall be loaded up to 5 times throughout the year  from the BDW.,"not about appearance, interface, look & feel","appearance, interface, look & feel",0.07697845995426178
Changes to revenue and expense formulae must be applied to the RFS system  every year  prior to the budgeting process start. Revenue and expense formulae will be updated within one week of their receipt  after which 2 weeks will be allotted to testing of the budget calculations  to be conducted jointly by the project development team and PCG Finance.,"not about appearance, interface, look & feel","appearance, interface, look & feel",0.015210342593491077
New branches/complexes/districts/regions and revenue/expense accounts added to the BDW  must be reflected in the RFS system. 100% of the entities (mentioned above) available as of October month-end  will be loaded into the RFS system  prior to the budget start process.,"not about appearance, interface, look & feel","appearance, interface, look & feel",0.031963299959897995
Only authorized user shall access the RFS system. ONLY users that exist in the UAS system  with the RFS system assigned to their role(s)  shall access the RFS system and use it.,"not about appearance, interface, look & feel","appearance, interface, look & feel",0.08676013350486755
;User access should be limited to the permissions granted to their role(s) Each level in the PCG hierarchy will be assigned a role and users will be assigned to these roles. Access to functionality within RFS system is dependent on the privileges/permission assigned to the role..,"not about appearance, interface, look & feel","appearance, interface, look & feel",0.10731615126132965
The product must comply with the intranet page standards and requirements of ENET Securities. 95% of the product look & feel will be approved by the Architecture group  prior to implementation. The remaining 5% will be corrected and approved within one month of product release.,"appearance, interface, look & feel","appearance, interface, look & feel",0.26669609546661377
 The intranet pages should display appropriately in all resolutions  from 800x600 and higher. The display of all the pages will be correct in 95% of the resolutions  prior to implementation. The remaining 5% will be corrected within a week of notification of the incorrect display.,"appearance, interface, look & feel","appearance, interface, look & feel",0.1530611664056778
The users should be able to easily use the system to successfully complete their budgets  within the stipulated time for completion. With a week of training prior to product implementation  98% of the users shall complete their budgets within the stipulated time.,"not about appearance, interface, look & feel","not about appearance, interface, look & feel",0.1564473956823349
The product interface should be fast. The response time of the product interface should not exceed 2 seconds 90% of the time. For 10% of the time  the response time should not be more than 10 seconds.not be more than 10 seconds.,"not about appearance, interface, look & feel","appearance, interface, look & feel",0.23701487481594086
