,precision,recall,f1-score,support
"graphical, gui, ui, widget, interaction, habit, prefer, comfortable, friendly, feeling, experience, familiar, desire, customize, intent, disability, or impression",0.17857142857142858,0.39473684210526316,0.2459016393442623,38.0
"usability, security, operational, performance, fault & tolerance, legal, maintainability, scalability, availability, or portability",0.9195804195804196,0.7921686746987951,0.8511326860841424,332.0
accuracy,0.7513513513513513,0.7513513513513513,0.7513513513513513,0.7513513513513513
macro avg,0.5490759240759241,0.5934527584020292,0.5485171627142024,370.0
weighted avg,0.8434767934767935,0.7513513513513513,0.7889738218243709,370.0
