Requirement text,Gold label,Predicated label,ZSL score
The system shall refresh the display every 60 seconds.,not about look & feel,look & feel,0.22449524700641632
The application shall match the color of the schema set forth by Department of Homeland Security,look & feel,look & feel,0.32421445846557617
 If projected  the data must be readable.  On a 10x10 projection screen  90% of viewers must be able to read Event / Activity data from a viewing distance of 30,not about look & feel,look & feel,0.23201292753219604
 The product shall be available during normal business hours. As long as the user has access to the client PC  the system will be available 99% of the time during the first six months of operation.,not about look & feel,look & feel,0.1220749020576477
 If projected  the data must be understandable. On a 10x10 projection screen  90% of viewers must be able to determine that Events or Activities are occuring in current time from a viewing distance of 100,not about look & feel,look & feel,0.28255611658096313
The product shall ensure that it can only be accessed by authorized users.  The product will be able to distinguish between authorized and unauthorized users in all access attempts,not about look & feel,look & feel,0.2539619505405426
The product shall be intuitive and self-explanatory.  :  90% of new users shall be able to start the display of Events or Activities within 90 minutes of using the product.,not about look & feel,look & feel,0.2594459354877472
The product shall respond fast to keep up-to-date data in the display.,not about look & feel,look & feel,0.2903497517108917
The look and feel of the system shall conform to the user interface standards of the smart device.,look & feel,look & feel,0.27522915601730347
 The user interface shall have standard menus  buttons for navigation,look & feel,look & feel,0.20706896483898163
The system shall have a professional appearance,look & feel,look & feel,0.37369731068611145
The product shall have a consistent color scheme and fonts.,look & feel,look & feel,0.3330429494380951
The system shall be used by realtors with no training.,not about look & feel,not about look & feel,0.1470807045698166
The system shall be intuitive and self explanatory.,not about look & feel,look & feel,0.3150542080402374
The product shall be easy for a realtor to learn.,not about look & feel,look & feel,0.10856710374355316
The product shall use symbols and words that are naturally understandable by the realtor community.,not about look & feel,look & feel,0.2538366913795471
The product shall produce search results in an acceptable time,not about look & feel,look & feel,0.3378417193889618
The search results shall be returned no later 30      seconds  after the user has entered the search criteria,not about look & feel,look & feel,0.09775407612323761
The product shall generate a CMA report in an acceptable time.,not about look & feel,look & feel,0.34267371892929077
The CMA report shall be returned no later 60 seconds after the user has entered the CMA report criteria.,not about look & feel,look & feel,0.17064249515533447
The product shall synchronize contacts and appointments in an acceptable time.,not about look & feel,look & feel,0.2733464539051056
The product shall synchronize with the office system every hour.,not about look & feel,look & feel,0.2272808849811554
 The product shall be available for use 24 hours per day  365 days  per year,not about look & feel,look & feel,0.2399282604455948
 Out of 1000 accesses to the system  the system is available 999 times.,not about look & feel,look & feel,0.18425814807415009
The product shall operate in offline mode whenever internet connection is unavailable.,not about look & feel,not about look & feel,0.10054855048656464
 The product shall allow the user to view previously downloaded search results  CMA reports  and appointments.,not about look & feel,look & feel,0.27778294682502747
The product shall retain user preferences in the event of a failure.,not about look & feel,look & feel,0.2914673388004303
100% of saved user preferences shall be restored when system comes back online.,not about look & feel,look & feel,0.21754206717014313
The product shall be able to support multiple remote users,not about look & feel,look & feel,0.2926381826400757
The product shall be able support 1000 simultaneous users.,not about look & feel,look & feel,0.25574856996536255
The product shall be capable of handling the existing 1000 users. This number is expected to grow 5 times within the next year.,not about look & feel,look & feel,0.14197570085525513
The product shall be installed by an untrained realtor   without recourse to separately-printed instructions.,not about look & feel,not about look & feel,0.10268335044384003
90% of untrained realtors shall be able to install the product on their device without printed instructions,not about look & feel,not about look & feel,0.06376274675130844
The product is expected to run on Windows CE and Palm operating systems.,not about look & feel,look & feel,0.20994994044303894
Only registered realtors shall be able to access the system.,not about look & feel,not about look & feel,0.0863732397556305
Every user of the system shall be authenticated and authorized.,not about look & feel,look & feel,0.34683650732040405
The product shall prevent its data from incorrect data being introduced.,not about look & feel,look & feel,0.2843928635120392
The system shall be easy to use by the Program Administrators/Nursing Staff Members.,not about look & feel,look & feel,0.21210166811943054
All of the users shall be able to use the system after one day of training.,not about look & feel,look & feel,0.20536774396896362
The system shall help the user avoid making mistakes while scheduling classes and clinicals for the nursing students.,not about look & feel,not about look & feel,0.04468284547328949
The number of mistakes noted by the students shall be decreased by 50% in the first year.,not about look & feel,not about look & feel,-0.025546105578541756
The system shall be intuitive to the Program Administrators/Nursing Staff Members.,not about look & feel,look & feel,0.3184276223182678
2 out of 3 Program Administrators/Nursing Staff Members shall successfully be able to use the system to manage the scheduling of classes and clinicals.,not about look & feel,look & feel,0.12507984042167664
The system shall use symbols and words that are naturally understandable by the user community.,not about look & feel,look & feel,0.303811639547348
The verbiage used within the system shall be consistent with Standard English and the terminology of the national Nursing Community.,not about look & feel,look & feel,0.2432827651500702
Staff members shall be able to complete a set of tasks in a timely manner.,not about look & feel,look & feel,0.33525750041007996
The response time of general student management tasks shall take no longer than 5 seconds and the response time of schedule generation shall take no longer than 30 seconds.,not about look & feel,look & feel,0.02414054423570633
The system shall be available for use between the hours of 8am and 6pm.,not about look & feel,look & feel,0.2693631649017334
The system shall achieve 95% up time.,not about look & feel,look & feel,0.2958717942237854
system shall be able to handle all of the user requests/usage during business hours.,not about look & feel,look & feel,0.19785358011722565
The system shall cater to 10 simultaneous users from 9am to 5pm.,not about look & feel,look & feel,0.19751094281673431
The system shall be capable of processing 100% of nursing students and their classes for the next 10 years.,not about look & feel,look & feel,0.12041361629962921
The system shall be expected to manage the nursing program curriculum and class/clinical scheduling for a minimum of 5 years.,not about look & feel,look & feel,0.1257360875606537
The system shall able to operate within a business office environment typical of the Nursing Department at DePaul University.,not about look & feel,look & feel,0.14553987979888916
The system shall be used within the specifications defined by the computers used by the Program Administrators/Nursing Staff Members.,not about look & feel,look & feel,0.20021435618400574
The system shall operate within the Windows XP Professional operating system.,not about look & feel,look & feel,0.22996601462364197
The system shall interface with CampusConnect’s central server,not about look & feel,look & feel,0.2898138463497162
The system shall interface with the faculty central server.,not about look & feel,look & feel,0.2582303285598755
The system shall interface with the student master server.,not about look & feel,look & feel,0.15802057087421417
We must be able to interface with any HTML browser.,not about look & feel,look & feel,0.25915658473968506
Only authorized users shall have access to clinical site information.,not about look & feel,not about look & feel,0.13901405036449432
Program Administrators/Nursing Staff Members are the only people who shall have access to clinical site details.,not about look & feel,look & feel,0.1500459611415863
Only authorized users shall have access to students’ personal information.,not about look & feel,not about look & feel,0.12383601814508438
Dr Susan Poslusny and Dr Julie Donalek are the only people who shall have access to students’ personal information.,not about look & feel,look & feel,0.18713127076625824
Only authorized users shall have access to the portion of the system that interfaces with CampusConnect.,not about look & feel,look & feel,0.1850101202726364
Fit Criterion: Dr Susan Poslusny and Karen Sysol are the only people who shall have access to the final class section scheduling for the system that interfaces with CampusConnect.,not about look & feel,look & feel,0.17199046909809113
The system shall have basic data integrity checking to reduce the possibility of incorrect or invalid data being introduced.,not about look & feel,look & feel,0.22700592875480652
The system shall protect private information in accordance with the organization’s information policy.,not about look & feel,look & feel,0.25091469287872314
The system shall be built such that it is as secure as possible from malicious interference.,not about look & feel,look & feel,0.16298268735408783
The system shall use the organization’s standard virus protection software to help monitor threats to itself.,not about look & feel,look & feel,0.22074583172798157
The Disputes application shall comply with the corporate standards for user interface creation for internally and externally used applications.,look & feel,look & feel,0.24364185333251953
All screens created as part of the Disputes application must comply with corporate standards for interface creation.,look & feel,look & feel,0.22401884198188782
The list of dispute cases that are displayed after a search is performed must be color coded for easy identification of dispute cases based upon the dispute case status.,not about look & feel,look & feel,0.21642735600471497
100% of the cardmember and merchant services representatives shall use the Disputes application regularly after a 2-day training course.,not about look & feel,look & feel,0.09053786098957062
100% of cardmember services representatives shall be able to successfully create a dispute case on the first encounter after completing the training course.,not about look & feel,look & feel,0.1778489500284195
100% of merchant services representatives shall be able to successfully perform a follow up action on a dispute case on the first encounter after completing the training course.,not about look & feel,look & feel,0.13807301223278046
The maximum wait time for a user navigating from one screen to another within the Disputes application shall be no more than 5 seconds.,not about look & feel,look & feel,0.06978914141654968
The Disputes application shall support 350 concurrent users without any degradation of performance in the application.,not about look & feel,look & feel,0.1213911771774292
 The Disputes application shall be available 24x7x365  with the exception of the following scheduled maintenance windows.  Monday – Saturday 3:00am to 4:00am EST Sunday 1:00amd to 5:00am EST,not about look & feel,look & feel,0.21211844682693481
The Disputes application shall interface with the Statement Database. The Statement Database provides the transaction details to the Disputes System. All transaction details must be obtained from the Statement Database,not about look & feel,look & feel,0.29025566577911377
The Disputes application shall interface with the Cardmember Information Database.  The Cardmember Information Database provides detailed information with regard to a cardmember.  All cardmember detail information must be obtained from the Cardmember Information Database.,not about look & feel,look & feel,0.25977760553359985
The Disputes applications shall interface with the Merchant Information Database.  The Merchant Information Database provides detailed information with regard to the merchant. All merchant detail information shall be obtained from the Merchant Information Database.,not about look & feel,look & feel,0.19179844856262207
The Disputes application shall interface with the Letters application.  This will allow the Disputes application to request letters as part of the dispute initiation and dispute follow up process. All letter requests must be sent to the Print Letter Utility application.,not about look & feel,look & feel,0.2871825695037842
The Disputes application shall interface with the Cardmember Posting and Billing System.  This will allow the Disputes application to request adjustments to cardmember and merchant’s accounts. All adjustment requests must be sent to the Cardmember Posting and Billing System.,not about look & feel,look & feel,0.20237000286579132
The Disputes application shall ensure that only users with the appropriate access level are allowed to initiate dispute requests.,not about look & feel,look & feel,0.22973287105560303
Only users with Update access must be able to initiate dispute requests.,not about look & feel,look & feel,0.17304730415344238
The Disputes application shall ensure that only authorized users are allowed to logon to the application.,not about look & feel,look & feel,0.19747677445411682
 All authorized users  once authenticated must be able to logon to the Disputes System,not about look & feel,look & feel,0.303922176361084
The Disputes System shall generate a User Report that details any new users that have been added and any changes to an existing user’s access level.  The report will be reviewed for auditing purposes.,not about look & feel,look & feel,0.2514760494232178
All additions of new users and modifications to user’s access shall be recorded on the User Report.,not about look & feel,look & feel,0.3013451099395752
 If a user account is revoked  it can only be re-instantiated by the System Administrator.,not about look & feel,not about look & feel,0.17625313997268677
Only the System Administrator shall be able to reset a revoked user logon account,not about look & feel,not about look & feel,0.11344927549362183
The Disputes application shall manipulate and view business data. Users will not have direct access to data files or databases.,not about look & feel,look & feel,0.09782932698726654
All updates to data files or database must be initiated from the Disputes System.,not about look & feel,look & feel,0.28016939759254456
The Disputes application must conform to the legal requirements as specified by the Merchant Operating Regulations.,not about look & feel,look & feel,0.1933748722076416
All business rules specified in the Disputes System shall be in compliance with the Merchant Operating Regulations.,not about look & feel,look & feel,0.1487804800271988
The Disputes application must conform to the legal requirements as specified by Regulation E and Regulation Z that govern credit card disputes processing.,not about look & feel,look & feel,0.20695292949676514
All business rules specified in the Disputes System shall be in compliance to the guidelines of Regulation E and Regulation Z.,not about look & feel,look & feel,0.19174638390541077
The Disputes application must maintain a detailed history of every action that a user takes on a dispute case.  This ensures a complete audit trail if questions arise later on with regard to a particular dispute case.,not about look & feel,look & feel,0.2984214127063751
All actions that modify an existing dispute case must be recorded in the case history.,not about look & feel,look & feel,0.34898775815963745
The product must support Internet Explorer 5.5 and above.,not about look & feel,look & feel,0.14180143177509308
The product must support Mozilla Firefox 1.0 and above.,not about look & feel,look & feel,0.13222068548202515
The product shall interface with the Choice Parts System.  This provides the feed of recycled parts data.,not about look & feel,look & feel,0.22202661633491516
The product shall run on the existing hardware for all environments.,not about look & feel,look & feel,0.22747689485549927
The product shall adhere to the corporate Architecture guidelines,not about look & feel,look & feel,0.2557022273540497
The product shall comply with corporate User Interface Guidelines,look & feel,look & feel,0.27507978677749634
The product shall comply with corporate color scheme,look & feel,look & feel,0.30725425481796265
The appearance of the product shall appear professional,look & feel,look & feel,0.35890042781829834
The product shall be easy to use by Adjusters and Collision Estimators.  95% of Adjusters and Collision Estimators shall find the product easy to use.,not about look & feel,look & feel,0.21800313889980316
The product shall increase productivity of Collision Estimators. 80% of the Collision Estimators shall agree their productivity has increase within 1 month of using the product.,not about look & feel,look & feel,0.08970329165458679
Users shall feel satisfied using the product.  85% of all users will be satisfied with the product.,not about look & feel,look & feel,0.155649334192276
The product shall be easy to learn by Adjusters and Collision Estimators.  The product shall be learned with two days onsite training,not about look & feel,look & feel,0.1815287470817566
The user shall easily locate instructions while using the product.  User help can be found within 90% of the system.,not about look & feel,look & feel,0.20300383865833282
The search for recycled parts shall take no longer than 15 seconds.  The search results shall be returned in under 15 seconds.,not about look & feel,look & feel,0.049870118498802185
The search for the preferred repair facility shall take no longer than 8 seconds.  The preferred repair facility is returned within 8 seconds,not about look & feel,look & feel,0.18856699764728546
The recycled parts audit report shall be returned to the user within 10 seconds.  The audit report shall be returned within 10 seconds.,not about look & feel,look & feel,0.1153649240732193
The preferred repair facility ratings shall be saved within 5 seconds. The save shall occur within 5 seconds.,not about look & feel,look & feel,0.13873091340065002
The product shall adhere to the corporate online availability schedule.  The application is brought down only within 98% of the scheduled outages per the availability schedule.,not about look & feel,look & feel,0.18439218401908875
The product shall achieve a 98% uptime. The product shall not fail more than 2% of the available online time.,not about look & feel,look & feel,0.19888727366924286
The product shall be able to handle up to 1500 simultaneous users. The system shall perform with 1500 users as a time.,not about look & feel,look & feel,0.2631293833255768
 The average number of recycled parts records per day shall be 50 000.,not about look & feel,look & feel,0.08396857976913452
 The product shall be able to handle 10 000 concurrent users within 2 years of the initial launch.,not about look & feel,look & feel,0.18881534039974213
 For estimators  the product shall be able to be operated in a repair facility during dirty and noisy conditions.,not about look & feel,look & feel,0.21370559930801392
The product shall interface with the ChoiceParts system once per day at approximately 1:00 AM.,not about look & feel,look & feel,0.2565120458602905
The maintenance of the product will fall within the established corporate maintenance windows.,not about look & feel,look & feel,0.2433023601770401
The product shall be supported using the corporate support center.,not about look & feel,look & feel,0.2344832718372345
Product installations and upgrades shall be handled by the middleware technology team within established launch time frames.,not about look & feel,look & feel,0.19472509622573853
Only adjusters can request recycled parts audit reports. No users without an adjuster role shall request recycled parts audits.,not about look & feel,not about look & feel,0.18485678732395172
Only adjusters with a supervisor role can update preferred repair facility ratings. Users without the supervisor role cannot access the repair facility ratings.,not about look & feel,not about look & feel,0.14072731137275696
Only collision estimators shall search for recycled parts.  Users without the collision estimator role shall not have access to the search for recycled parts.,not about look & feel,not about look & feel,0.15891686081886292
Only valid data shall be entered into the system.  No invalid data shall be entered into the system.,not about look & feel,not about look & feel,0.26188820600509644
One insurance company shall not be able to view another insurance companys claim data.,not about look & feel,not about look & feel,0.14032545685768127
The product shall free of computer viruses.,not about look & feel,not about look & feel,0.2708618640899658
The system shall prevent malicious attacks including denial of service.,not about look & feel,not about look & feel,0.20830003917217255
The product must comply with Sarbanes-Oxley.,not about look & feel,look & feel,0.3241610527038574
The product shall comply with the estimatics laws relating to recycled parts usage.,not about look & feel,not about look & feel,0.21216697990894318
The product shall comply with insurance regulations regarding claims processing.,not about look & feel,look & feel,0.26075074076652527
 The product must work with most database management systems (DBMS) on the market  whether the DBMS is colocated with the product on the same machine or is located on a different machine on the computer network.,not about look & feel,look & feel,0.14017686247825623
The product will function alongside server software on any operating system where the Java runtime can be installed.,not about look & feel,look & feel,0.13056452572345734
The product will require collaboration with a database management system (DBMS).  The DBMS may be located on the same machine as the product or on a separate machine residing on the same computer network.,not about look & feel,look & feel,0.14965379238128662
 The product must make use of web/application server technology.  Open source examples include Apache web server  Tomcat  and the JBoss application server.,not about look & feel,look & feel,0.2041490077972412
 A database management system such as Oracle  DB2  MySql or HSQL will need to be integrated with the product.,not about look & feel,look & feel,0.22014489769935608
 The product’s Look and Feel shall be able to incorporate aspects of the customer’s organization such as logo  branding  and identity,look & feel,look & feel,0.32637688517570496
The product shall have a conservative and professional appearance.,look & feel,not about look & feel,0.40734121203422546
The product shall make the users want to use it. 80% of the users surveyed report they are regularly using the product after the first 2 weeks post-launch.,not about look & feel,look & feel,0.19726544618606567
The product shall be easy to use. 90% of users will be able to successfully reserve a conference room within 5 minutes of product use.,not about look & feel,look & feel,0.07444106787443161
The product shall give users feedback when necessary. 80% of the users surveyed report that the product accurately confirms their actions.,not about look & feel,look & feel,0.2643313407897949
The product shall allow the user to select a chosen language from one of the target market countries.,not about look & feel,look & feel,0.2613236904144287
The product shall allow for customization of start page and views preferences.,not about look & feel,look & feel,0.37602755427360535
 An employee will be able to successfully use the product within a few minutes.  After informally navigating the product for less than 15 minutes  users shall be able to successfully setup meetings and reserve conference rooms.,not about look & feel,look & feel,0.08706073462963104
The product shall use a standard navigation menu familiar to most web users.,not about look & feel,look & feel,0.22413378953933716
The product shall allow for intuitive searching of available conference rooms.,not about look & feel,look & feel,0.2752973437309265
The product shall conform to the Americans with Disabilities Act.,not about look & feel,look & feel,0.27409234642982483
The response shall be fast enough to avoid interrupting the user’s flow of thought.  90% of tasks shall complete within 5 seconds.  98% of tasks shall complete within 8 seconds.,not about look & feel,look & feel,0.13346724212169647
 Aside from server failure  the software product shall achieve 99.99% up time.,not about look & feel,look & feel,0.10849984735250473
The product shall create an exception log of problems encountered within the product for transmission to our company for analysis and resolution.,not about look & feel,look & feel,0.18563298881053925
 The product shall be capable of handling up to 1 000 concurrent requests.  This number will increase to 2 000 by Release 2.  The concurrency capacity must be able to handle peak scheduling times such as early morning and late afternoon hours.,not about look & feel,look & feel,0.25097763538360596
 The product shall be able to process 10 000 transactions per hour within two years of its launch.  This number will increase to 20 000 by Release 2.,not about look & feel,look & feel,0.13565972447395325
The product shall be expected to operate for at least 5 years for each customer installation.,not about look & feel,look & feel,0.20173212885856628
The product shall be used in office environments.,not about look & feel,look & feel,0.19669698178768158
The product must be able to interface with any HTML browser.  The product shall transmit data between the user and the product without problems. The product shall display HTML properly in 80% of all HTML browsers tested (minimum is to test 8 browsers).,not about look & feel,look & feel,0.215551495552063
The product must be able to interface with various database management systems. The product shall communicate successfully with the database management system on 100% of all transactions.,not about look & feel,look & feel,0.22933319211006165
The product must be able to interface with various email servers. The product shall be able to send email.,not about look & feel,look & feel,0.19698208570480347
The product shall be available for distribution via the Internet as a binary or ZIP file.,not about look & feel,look & feel,0.18190239369869232
The product shall be available for distribution as a packaged CD.,not about look & feel,look & feel,0.2889277935028076
 The product will be available for licensing as a one-server  two-five servers  or five-or-more servers license.,not about look & feel,look & feel,0.2105480134487152
A new user must be able to be added to the system within 10 minutes.  90% of new users are able to log into the system within 10 minutes.,not about look & feel,look & feel,0.10560479760169983
The product must be designed using Design Patterns and coding best practices.  90% of maintenance software developers are able to integrate new functionality into the product with 2 working days.,not about look & feel,look & feel,0.1190921813249588
The product must be highly configurable for use with various database management systems for the end users.  80% of end users are able to integrate new database management systems with the product without changing the product’s software code.,not about look & feel,look & feel,0.10021868348121643
Maintenance releases will be offered to customers once a year.  The releases shall take no longer than 5 minutes for 80% of the customer base to install.,not about look & feel,look & feel,0.047249287366867065
Every registered user will have access to the product’s support site via the Internet.  70% of registered users shall find a solution to their problem within 5 minutes of using the support site.,not about look & feel,look & feel,0.05895619839429855
The customer shall be able to easily integrate new building maps with the product throughout the product’s lifecycle.  Integration of new maps with the product shall be possible with little to no support from product support staff.,not about look & feel,look & feel,0.07856742292642593
 The product shall be translated into foreign languages other than the target market countries’ languages in future releases.  For each emerging target market  it shall take no more than 5 days to configure the product for that market’s language.,not about look & feel,look & feel,0.06889422237873077
 The product is expected to integrate with multiple database management systems.  The product will operate with Oracle  SQL Server  DB2  MySQL  HSQL  and MS Access.,not about look & feel,look & feel,0.2438768744468689
The product shall be able to be installed in any operating environment within 2 days.,not about look & feel,look & feel,0.2106238752603531
The product shall ensure that only company employees or external users with company-approved user IDs may have product access.  100% of all logons shall be by either company employees or external users with company-approved user IDs.,not about look & feel,look & feel,0.18400469422340393
Only managers are able to perform search queries for reservations by user.  100% of all search queries for reservations by user shall be from logons of only management logons.,not about look & feel,look & feel,0.1000487208366394
The product shall ensure that the database’s data corresponds to the data entered by the user.  Each conference room reservation in the system will contain the same information as was entered by the user.,not about look & feel,look & feel,0.2668398916721344
The product shall prevent the input of malicious data.  The product and/or adjacent hardware/software systems’ data shall remain 100% uncorrupted each time malicious data is input into the product.,not about look & feel,not about look & feel,0.21678374707698822
The product and/or dependent databases/filesystems shall remain operational as a result of the input of malicious data.  The product and/or dependent databases/filesystems shall not crash 100% of the time that malicious data is input into the product.,not about look & feel,look & feel,0.2081003487110138
The product shall have the ability to receive automatic software updates as new threats emerge.  100% of customers will be able to receive automatic software updates transmitted to the installed product.,not about look & feel,look & feel,0.2400946021080017
The language of the product shall accommodate all of the target market countries. 90% of survey respondents from each target market country will find that the language of the product is acceptable.,not about look & feel,look & feel,0.21739469468593597
The product shall be able to display calendar dates and times according to the user’s locale.  90% of survey respondents from each target market country will find that the date and time formatting of the product is correct.,not about look & feel,look & feel,0.26601290702819824
The product must be developed with the J2SE/J2EE programming language libraries,not about look & feel,look & feel,0.18937727808952332
Recreation of Inventory Quantity Adjustment for the period of previous 30 days shall take no more than 30min.,not about look & feel,look & feel,0.09348598122596741
The System shall allow for a minimum of  6 users to work at the same time.,not about look & feel,look & feel,0.28124016523361206
The System shall utilize currently owned computer equipment.,not about look & feel,look & feel,0.3064614534378052
The System shall be able to automatically backup business data and restore them on demand.,not about look & feel,look & feel,0.14003868401050568
The System shall maintain consistent security.  Any changes in user passwords and/or permissions should take affect in all parts of the System.,not about look & feel,look & feel,0.24718308448791504
The System shall granularly control access rights to all major subsystems.  It should be possible to assign access rights to all subsystems independently.,not about look & feel,look & feel,0.3151904046535492
The System shall meet all applicable accounting standards.  The final version of the System must successfully pass independent audit performed by a certified auditor.,not about look & feel,look & feel,0.21313521265983582
The System shall not require additional third party licenses resulting in royalty fees.,not about look & feel,not about look & feel,0.3568938374519348
Administrator shall be able to activate a pre-paid card via the Administration section in under 5 seconds.,not about look & feel,look & feel,0.11568256467580795
 Customer shall be able to check the status of their prepaid card  by entering in the PIN number  in under 5 seconds.,not about look & feel,look & feel,0.04967806488275528
System shall let customers register on the website as a “pay as you go” user in under 5 minutes.,not about look & feel,look & feel,0.11240343749523163
System shall let customers register on the website as a “unlimited movie subscriber” user in under 10 minutes.,not about look & feel,look & feel,0.1900171935558319
System shall let existing customers log into the website with their email address and password in under 5 seconds.,not about look & feel,look & feel,0.0309889018535614
 System shall let customers cancel their account  process shall take no longer than 2 minutes.  Database will mark the account as inactive  and user will not be able to log into the website.,not about look & feel,not about look & feel,0.11197111010551453
System shall let administrator de-activate a customer account in under 1 minute. Customer will no longer be able to access the website.,not about look & feel,look & feel,0.01830141991376877
System shall let administrator add/remove movies on the website in under 5 minutes.  Entered movie information will be stored in the database and will now be available on the website.,not about look & feel,look & feel,0.1198446974158287
System shall let the administrator add/remove categories on the website in under 5 minutes.,not about look & feel,look & feel,0.12081745266914368
System shall let Izogn Manager access sales and usage statistics in under 2 minutes.,not about look & feel,look & feel,0.14232462644577026
System shall let administrators generate unique pre-paid pins in under 2 minutes and generate an Excel file with the generated PINs.,not about look & feel,look & feel,0.13924860954284668
The website shall be attractive to all audiences.  The website shall appear to be fun and the colors should be bright and vibrant.,look & feel,look & feel,0.2374449372291565
 The website should have an African feel  but should not alienate non-Africans.  The website should use animation on pages which are describing the services  to grab the users attention and encourage them to sign up.,look & feel,look & feel,0.1869160234928131
 The website design should be modern  clean  and concise.,look & feel,not about look & feel,0.2630452513694763
The product should be able to be used by 90% of novice users on the Internet.,not about look & feel,look & feel,0.03515955060720444
 Users should only have to navigate through a maximum of 4 pages  to create an account with the website.,not about look & feel,look & feel,0.03438695892691612
Users should be able to access their streaming movies in under 2 clicks after logging into the website.,not about look & feel,look & feel,0.14414633810520172
An anonymous survey will show that 70% of customers are comfortable purchasing streaming movies after 2 weeks using the website.,not about look & feel,look & feel,0.028604503720998764
An anonymous survey will show that 95% of customers are comfortable using and purchasing pre-paid cards after a month of using the system.,not about look & feel,look & feel,0.02587532252073288
The product shall retain the customer’s buying preferences and information.,not about look & feel,not about look & feel,0.2897578477859497
The product shall be easy for customers with novice skills on the  Internet to purchase and watch streaming movies.  Customers should be able to purchase and watch a pre-determined movie in under 3 minutes.,not about look & feel,look & feel,0.05974506586790085
The product shall use symbols and words that are naturally understandable by users familiar with websites,not about look & feel,look & feel,0.26335394382476807
The website will use standard Internet conventions when interacting with the user.,not about look & feel,look & feel,0.23125004768371582
 Any interface between a user and the automated system shall have a maximum response time of 5 seconds  unless noted by an exception below.,not about look & feel,look & feel,0.13804808259010315
 When purchasing a streaming movie or pre-paid card via credit card  the processing time should have a maximum response time of 15 seconds.,not about look & feel,look & feel,0.061907242983579636
 When streaming a movie  the buffering time should take no longer than 10 seconds (plus any latency on the user’s connection.),not about look & feel,not about look & feel,0.16278775036334991
 While streaming a movie  buffering should only occur if there is latency in the user’s connection.,not about look & feel,not about look & feel,0.1421145796775818
 All credit card information will be secured on the server  and only accessible by authorized Izogn administrators.  Information will be encrypted in the database.,not about look & feel,look & feel,0.09492623060941696
 The website shall be available for use 24 hours per day  365 days per year.,not about look & feel,look & feel,0.18612916767597198
The website shall achieve 99.5% up time.,not about look & feel,look & feel,0.18000710010528564
 All movies shall be streamed on demand  at any time of the day.,not about look & feel,look & feel,0.21634742617607117
The website shall continue to operate if the streaming server goes down.,not about look & feel,look & feel,0.16929349303245544
The website shall continue to operate if the payment gateway goes down.,not about look & feel,look & feel,0.16408506035804749
The streaming server will support 50 simultaneous streaming connections.,not about look & feel,look & feel,0.13652125000953674
The streaming server will support a maximum of 700 movies  new servers can be added to support more movies.,not about look & feel,look & feel,0.1515386551618576
 The server will support a maximum of 1 000 simultaneous users.,not about look & feel,look & feel,0.1885942965745926
 The website shall be capable of supporting 100 000 customers.,not about look & feel,look & feel,0.1861531138420105
The product shall be expected to operate within the maximum maintenance budget for a minimum of 2 years.,not about look & feel,look & feel,0.2333865463733673
All aspects of the website shall be accessed by a web browser over the Internet.,not about look & feel,look & feel,0.15095631778240204
The same hardware supporting the current website will be used to support the new system.,not about look & feel,look & feel,0.19212934374809265
 We must be able to interface with the following browsers: IE 5.X  6.0  Netscape 6.x  7.x  8.x and Firefox 1.0.,not about look & feel,look & feel,0.16018152236938477
Website must interface with the CyberSource API to process credit card transactions.,not about look & feel,look & feel,0.07407544553279877
Website must be fully operational with MSN TV2.,not about look & feel,look & feel,0.25311708450317383
Movies shall be encoded and streamed via Windows Media Player 9.0.,not about look & feel,look & feel,0.2042796015739441
Movies shall be encoded for 56k and 256k streams.,not about look & feel,look & feel,0.1749970018863678
Promotional updates to the website should take a day to update.,not about look & feel,look & feel,0.16610348224639893
Izogn Administrator must be able to update the category listings on the website within 2 minutes.,not about look & feel,look & feel,0.17274515330791473
Izogn Administrator must be able to add new products to the website within 2 minutes.,not about look & feel,look & feel,0.0841590166091919
The system will provide a 24 hour 800 toll free number for support to its customers.,not about look & feel,look & feel,0.13568457961082458
The website will provide a help section with answers and solutions to common problems.,not about look & feel,look & feel,0.15635839104652405
 Velkat staff will be available for phone support between 7am-7pm  M-F to provide technical support to the Izogn administrators.,not about look & feel,look & feel,0.14154241979122162
The product shall be able to be installed in the specified environment within 1 working day.,not about look & feel,look & feel,0.21576157212257385
Only registered customers can purchase streaming movies.,not about look & feel,not about look & feel,0.11571614444255829
 A customer can only stream a movie if they purchased it  and are within the 2 day viewing period.,not about look & feel,not about look & feel,0.06180412694811821
Only authorized personnel can access customer records in the database.,not about look & feel,not about look & feel,0.1176774874329567
Only administrators can activate a pre-paid card.,not about look & feel,not about look & feel,0.06722121685743332
Only authorized personnel can access sales information.,not about look & feel,not about look & feel,0.1707238256931305
The website shall prevent its data from being corrupted when incorrect data is entered in.,not about look & feel,not about look & feel,0.20531822741031647
 The website shall protect itself from intentional abuse  and notify the administrator at all occurrences.,not about look & feel,look & feel,0.17040300369262695
Data integrity scripts will be run on a weekly basis to verify the integrity of the database.,not about look & feel,look & feel,0.20604869723320007
 The website shall make its user aware of its information practices before collection data from them via a Privacy Policy  accessible on all pages of the website.,not about look & feel,look & feel,0.22583195567131042
The system shall notify customers of changes to its information policy.,not about look & feel,not about look & feel,0.2292890101671219
The system shall reveal private information only in compliance with the organization’s information policy.,not about look & feel,not about look & feel,0.22547616064548492
 All customer information will be stored on a secure database  accessible only to authorized personnel.,not about look & feel,look & feel,0.11748696863651276
All credit card information will be encrypted in the database.,not about look & feel,look & feel,0.14374694228172302
The streaming server will have anti-virus software to prevent infection of malicious viruses.,not about look & feel,look & feel,0.07646828144788742
The website should cater to all tribes in Nigeria.,look & feel,look & feel,0.1700221747159958
The website shall not be offensive to religious or ethnic groups.,look & feel,not about look & feel,0.40418484807014465
 The website should appeal to all Africans  not only Nigerians.,look & feel,look & feel,0.18466408550739288
The website should use Flash to provide animation on the home page.,not about look & feel,look & feel,0.092099130153656
IzognMovies shall meet the licensing requirements set forth by the appropriate organizations in order to stream African movies.,not about look & feel,look & feel,0.20116087794303894
The website will comply with W3C standards.,not about look & feel,look & feel,0.29770031571388245
The PHP code will comply with PEAR standards.,not about look & feel,look & feel,0.26763373613357544
Total lead cycle time must be completed in 5 minutes for 90% of lead volume between the business hours of 8AM CST to 8PM CST  then 3 minutes for 99% of lead volume during off business hours.,not about look & feel,look & feel,0.02615463174879551
No lead evaluation will complete in a time period longer than 25 seconds for 97% of all leads processed.,not about look & feel,not about look & feel,0.0029590418562293053
For leads that process longer than 25 seconds the system will record the event and duration,not about look & feel,look & feel,0.3096027374267578
The process must fit within the processing time conditions set forth by the Auto Rep Assignment process in which a lead is assigned within 3 minutes of the total life cycle.,not about look & feel,look & feel,0.22026482224464417
The lead washing process will operate within the established physical web service structure.,not about look & feel,look & feel,0.21686065196990967
 The washing process must use a non binding  neutral data format  such as xml  when receiving and processing lead data.,not about look & feel,not about look & feel,0.18827617168426514
Defect reports will be available to technical units on a 24x7 basis.,not about look & feel,look & feel,0.19423525035381317
Washing parameters will be updated during scheduled maintenance hours.,not about look & feel,look & feel,0.24515065550804138
The product shall simulate the look of ships at sea.,look & feel,look & feel,0.3075968027114868
The product shall display the grids within a circle as a view from a periscope.,look & feel,look & feel,0.3168841004371643
The product shall display each type of ship in a grid using an image of the specific type of ship.,look & feel,look & feel,0.20660725235939026
 When the offensive player takes a shot  the product shall simulate the sound of a ship at sea.,look & feel,look & feel,0.2706901729106903
 When a shot is marked as a miss  the product shall simulate the sound of a shot missing its target.,look & feel,not about look & feel,0.23531296849250793
 When a shot is marked as a hit  the product shall simulate the sound of a shot hitting its target.,look & feel,look & feel,0.35811445116996765
 When a ship is sunk  the product shall simulate the sound of a sinking ship.,look & feel,look & feel,0.16099663078784943
 The product shall be available 24 hours per day  seven days per week.,not about look & feel,look & feel,0.2775420546531677
The product shall able to handle a large number of games simultaneously.,not about look & feel,look & feel,0.3108653724193573
The response time shall be fast enough to maintain the flow of the game.  The response time shall be no more than 2 seconds for 95% of responses and no more than 4% for the remaining responses.,not about look & feel,look & feel,0.1750275194644928
The product shall protect the identity of the players. The product shall provide players no access to information that might reveal the identity of another player.,not about look & feel,not about look & feel,0.24857693910598755
The product shall be intuitive and self-explanatory.  Nine out ten users shall be able to successfully complete a game with no training.,not about look & feel,not about look & feel,0.1331423670053482
 The product shall be available to players who understand English  Spanish and French.  The product shall allow the user to select the language upon accessing the product.,not about look & feel,look & feel,0.21787481009960175
The product shall provide players no access to information that might reveal the identity of another player,not about look & feel,not about look & feel,0.2892022132873535
The response time shall be fast enough to maintain the flow of the game. The response time shall be no more than 2 seconds for 95% of responses and no more than 4% for the remaining responses.,not about look & feel,look & feel,0.1750275194644928
The system shall be easy to use by callers and supervisors. Callers and supervisors must be able to accomplish any system task within 2 minutes.,not about look & feel,look & feel,0.17250169813632965
The system shall be easy to learn by callers and supervisors. Callers and supervisors shall learn how to use the system within 10 minutes.,not about look & feel,look & feel,0.08735449612140656
 The system shall be responsive. At the DePaul TeleServices Center  when a supervisor uses the system to view a callers schedule  the system response time must be no more than 2 seconds 90% of the time and no more than 5 seconds the rest of the time.,not about look & feel,look & feel,0.17587199807167053
 On a 56k connection  the system response time for all operations must be no more than 6 seconds 90% of the time.,not about look & feel,look & feel,0.10708022117614746
 On a 112k connection or faster  the system response time for all operations must be no more than 3 seconds 90% of the time.,not about look & feel,look & feel,0.07745028287172318
The system shall have high availability every day of the year.The system must be available for use between 12:00AM and 6:00PM all days of the year.,not about look & feel,look & feel,0.2943814992904663
The system must be available for use between 7:00AM and 11:59PM all days of the year.,not about look & feel,look & feel,0.22937548160552979
The product shall be internet browser independent.The product must run using Internet Explorer and Netscape Navigator.,not about look & feel,not about look & feel,0.16964897513389587
The product shall ensure that only supervisors can advertise empty time slots.The product must ensure that supervisors are allowed to access advertise empty time slots.,not about look & feel,not about look & feel,0.22217470407485962
The product shall ensure that only supervisors can enter a caller’s schedule.The product must ensure that supervisors are allowed to access advertise empty time slots.,not about look & feel,not about look & feel,0.14668536186218262
The product shall ensure that only supervisors can view schedule of all callers.The product must ensure that supervisors are allowed to access advertise empty time slots.,not about look & feel,look & feel,0.15352590382099152
 The interface shall have a simple look. In the interface and usability survey  90% of beta testers must report that the interface is adequately simple.,look & feel,look & feel,0.22882194817066193
 The interface shall be appealing to callers and supervisors. In the interface and usability survey  80% of beta testers must report that the interface is appealing.,look & feel,look & feel,0.17324945330619812
The product shall provide GUI based Monitoring Services.System Administrators shall monitor message exchanges will predict and determine problems and will also provide internal and external support.,look & feel,look & feel,0.24685367941856384
The product shall comply with City of Chicago Application Development Guide Framework.Application Development Framework will provide structured Graphical User Interface.,look & feel,look & feel,0.25435665249824524
The product shall provide Monitoring Services.The product shall be easy for System Administrators and DBAs to use after two weeks of usage.,not about look & feel,look & feel,0.24455231428146362
The product shall provide Error Tracking Services.The product shall help the System Administrators and DBAs to resolve transaction errors 99% of the time.,not about look & feel,look & feel,0.13681337237358093
The product shall provide Portals.The product shall help System Administrators to analyze the transactions with ad-hoc reporting and KPIs (Key Performance Indicators),not about look & feel,look & feel,0.2975097894668579
The product shall provide Asynchronous Messaging.The product shall provide asynchronous messaging to enable parallel processing and reduce the overhead in communications,not about look & feel,look & feel,0.1376103013753891
The product shall provide Multi-threading and Load Balancing.The product shall provide multi-threading technology as well as load balancing to overcome data load spikes and traffic.,not about look & feel,look & feel,0.2073317915201187
The product shall process messages within 2 seconds.The product shall have a maximum message processing time of 2 seconds,not about look & feel,look & feel,0.20811724662780762
The product shall poll the system for messages every second.The product shall poll the system for new messages at a maximum of every 1 second.,not about look & feel,look & feel,0.16074612736701965
The product shall provide Dynamic Change Support and Transparent resource addition.The product shall support Transparent Resource addition and Dynamic Change support to provide scalability and avoid service interruptions of more than 1 day.,not about look & feel,look & feel,0.25599491596221924
The product shall be available 99% of the time. Rationale: To avoid service interruption during busiest customer service response periods. The product shall be available 99.99% of the time for regular business days.,not about look & feel,look & feel,0.13506075739860535
The product shall be robust.The product shall have fault avoidance based on standards adoption.,not about look & feel,look & feel,0.2479068636894226
The product shall be robust with fault tolerance.The product shall have fault tolerance by using recovery technique compensatory transaction and routing around failures.,not about look & feel,look & feel,0.25384053587913513
The product shall be able to process all transactions.The product shall process minimum of 1 million transactions per year.,not about look & feel,look & feel,0.23619432747364044
The product shall be platform independent.The product shall enable access to any type of development environment and platform.,not about look & feel,look & feel,0.30415332317352295
The product shall interface CSR and Datastream.The product shall exchange messages between CSR and EAM on a real time basis without any direct interfaces between two systems.,not about look & feel,not about look & feel,0.28488442301750183
 : The product shall continue to operate during upgrade  change or new resource addition.The product shall be able to continue to operate with no interruption in service due to new resource additions.,not about look & feel,look & feel,0.272357314825058
The product shall be updated on a regular basis.The product will have a new major feature introduced every six months and quarterly maintenance releases every six months.,not about look & feel,look & feel,0.29751354455947876
The product shall operate with every platform.The product shall accommodate any new technology without any change in its architecture.,not about look & feel,look & feel,0.2749210000038147
 The product shall have security.The product shall provide authentication  and authorization.,not about look & feel,look & feel,0.2606729567050934
The product shall information Security. The product shall enable privacy by encryption WS-Security and Integrity Checking.,not about look & feel,look & feel,0.21269413828849792
The product shall have audit capabilities.The product shall store messages for a minimum of one year for audit and transaction tracking purposes.,not about look & feel,look & feel,0.2702217996120453
The system shall use IBM and CCR branding standards. The interface must have one IBM logo and one CCR logo.,look & feel,look & feel,0.26865270733833313
The system shall be displayable on any work computer a CCR user may have. The system interface shall be formatted to display at 800 by 600 pixel resolution.,look & feel,look & feel,0.2858448624610901
The system interface will use CCR nomenclature. The system must use the same nomenclature used in the existing WCS system and reports,look & feel,look & feel,0.3324275016784668
The interface must summarize the data in a fashion that’s appealing to CCR management. Every report type must have at least one high level summary shown in the results dashboard/interface,look & feel,look & feel,0.32097452878952026
The system must use a point and click interface. 100% of all selection and navigation functionality must be able to be activated/selected by either a mouse or a keyboard,not about look & feel,look & feel,0.21023111045360565
The interface shall be easy to use. 90% of users should be able to successfully use the system to generate a report on their first use. The interface should adhere to IBM usability standards.,not about look & feel,look & feel,0.14356167614459991
Rreports must be easy to generate. eports must be generated within one button click and exported within one button click (after selecting the report),not about look & feel,look & feel,0.19697313010692596
A user shall be able to use the system without instruction after a short amount of time. After one use a user should understand and remember 90% of the system usage and navigation.,not about look & feel,look & feel,0.15554077923297882
All CCR users shall receive training before the WCS system is deployed. One training session will be held for 100% of CCR users before system deployment (based on a CCR user being available),not about look & feel,look & feel,0.21643510460853577
The WCS system shall use appropriate nomenclature and terminology as defined by the Corporate Community Grants organization. All interfaces and reports will undergo usability tests by CCR users.,not about look & feel,look & feel,0.276904821395874
The WCS system shall be available at all times as long as IBM’s internal intranet W3 is accessible. The WCS system will be available 95% of the time IBM’s internal intranet W3 is available.,not about look & feel,look & feel,0.26492729783058167
The WCS system shall have the ability to connect other designated WCS databases currently not included in the system.,not about look & feel,look & feel,0.23409126698970795
The WCS system shall have the ability to include data for regions outside the United States and be accessed by users outside of the United States if approved by CCR management.,not about look & feel,look & feel,0.2680765688419342
The WCS system shall be run in a Windows environment. The WCS shall be accessed by users through the Internet on an IBM computer running a Windows 2000 or above operating system.,not about look & feel,look & feel,0.10691238939762115
The Brio portion of the WCS system must be able to export files in spreadsheet form (Microsoft Excel and Lotus 1-2-3 formats).  Brio will provide buttons in the user interface that produce/export reports in .xls or .123 file formats.,not about look & feel,look & feel,0.17654186487197876
The WCS system must run queries to the WCS databases once again (on a specified day) to update the available data available to CCR users. Queries must be made to external databases for data refresh once a week.,not about look & feel,look & feel,0.18044695258140564
 All changes  updates  and additions to the WCS system shall be updated in the WCS Developer and WCS User Guides. Every change must be reflected in WCS system documentation,not about look & feel,look & feel,0.24193070828914642
The system shall only be accessed by authorized Corporate Community Grants (CCR) employees. Users must be authenticated using their IBM intranet user name and password.,not about look & feel,not about look & feel,0.05324431508779526
The WCS system shall not allow automatic logins by any user. Cookies containing WCS login information about a user will not be stored on a user’s computer.,not about look & feel,not about look & feel,0.21775224804878235
Each team owner will need to use a username and password in order to be authenticated to reach the team owner’s page,not about look & feel,look & feel,0.06929844617843628
The Commissioner will be the only authorized user per league to adjust league settings.,not about look & feel,look & feel,0.14054416120052338
Each page shall contain a navigation menu which shows the index into which the current page is contained.,look & feel,look & feel,0.22841988503932953
Each page shall contain a similar format with action items in one location and navigation buttons in a different location.,look & feel,look & feel,0.4598207175731659
The message board shall contain the 5 most recently posted messages on the league page. The messages will contain up to the first 150 characters of the message.,look & feel,look & feel,0.0978551059961319
;A new user shall be able to navigate through the league and team pages within 30 seconds of reaching the start-up page.,not about look & feel,look & feel,0.09741297364234924
Users shall be able to reach the ‘add’  ‘drop’  and ‘trade player’ pages with one click from the team owner’s page.,not about look & feel,look & feel,0.29239216446876526
;Users shall be able to view at least 25 NFL player statistics and points on each page.,not about look & feel,look & feel,0.10815000534057617
The application shall ask the user to confirm dropping a player or trading a player before performing the action.,not about look & feel,look & feel,0.17342466115951538
The application shall be able to complete every user transaction within one fourth of a second of receiving the request over the network.,not about look & feel,look & feel,0.10995812714099884
The application shall have a downtime of at most 10 minutes per year.,not about look & feel,look & feel,0.14791014790534973
The application shall run on a web application server.,not about look & feel,look & feel,0.1508495807647705
A primary database will be used to store cached data for active users.,not about look & feel,look & feel,0.20767566561698914
A secondary database will be used to store historical statistics and data.,not about look & feel,look & feel,0.15999838709831238
Application updates shall occur between 3AM and 6 AM CST on Wednesday morning during the middle of the NFL season.,not about look & feel,look & feel,0.06565065681934357
New System version releases shall be released at the beginning of each NFL season.,not about look & feel,look & feel,0.09358860552310944
The RFS system should be available 24/7  especially during the budgeting period. The RFS system shall be available 90% of the time all year  and 98% during the budgeting period. 2% of the time  the system will become available within 1 hour of the time that the situation is reported.,not about look & feel,look & feel,0.16110973060131073
98% of the user workstations shall meet the minimum hardware requirements prior to implementation. Minimum Hard Disk Space:  400MB.,not about look & feel,look & feel,0.08746342360973358
98% of the user workstations shall meet the minimum software requirements prior to implementation: Microsoft Internet Explorer 5.0. Microsoft .NET Framework 1.1. Microsoft Internet Explorer Web Controls,not about look & feel,look & feel,0.10019651055335999
The RFS system should be able to easily interface with the BDW environment  in order to load the data. •;7 data files shall be received from the BDW and loaded into the RFS system within 3 hours one day prior to the start of budgeting process  every year. The data will be as of October month-end. ;Test files (7) shall be loaded up to 5 times throughout the year  from the BDW.,not about look & feel,look & feel,0.1602582484483719
Changes to revenue and expense formulae must be applied to the RFS system  every year  prior to the budgeting process start. Revenue and expense formulae will be updated within one week of their receipt  after which 2 weeks will be allotted to testing of the budget calculations  to be conducted jointly by the project development team and PCG Finance.,not about look & feel,look & feel,0.10474604368209839
New branches/complexes/districts/regions and revenue/expense accounts added to the BDW  must be reflected in the RFS system. 100% of the entities (mentioned above) available as of October month-end  will be loaded into the RFS system  prior to the budget start process.,not about look & feel,look & feel,0.19050896167755127
Only authorized user shall access the RFS system. ONLY users that exist in the UAS system  with the RFS system assigned to their role(s)  shall access the RFS system and use it.,not about look & feel,not about look & feel,0.13980752229690552
;User access should be limited to the permissions granted to their role(s) Each level in the PCG hierarchy will be assigned a role and users will be assigned to these roles. Access to functionality within RFS system is dependent on the privileges/permission assigned to the role..,not about look & feel,look & feel,0.19344870746135712
The product must comply with the intranet page standards and requirements of ENET Securities. 95% of the product look & feel will be approved by the Architecture group  prior to implementation. The remaining 5% will be corrected and approved within one month of product release.,look & feel,look & feel,0.15290942788124084
 The intranet pages should display appropriately in all resolutions  from 800x600 and higher. The display of all the pages will be correct in 95% of the resolutions  prior to implementation. The remaining 5% will be corrected within a week of notification of the incorrect display.,look & feel,look & feel,0.1604890078306198
The users should be able to easily use the system to successfully complete their budgets  within the stipulated time for completion. With a week of training prior to product implementation  98% of the users shall complete their budgets within the stipulated time.,not about look & feel,look & feel,0.10847286880016327
The product interface should be fast. The response time of the product interface should not exceed 2 seconds 90% of the time. For 10% of the time  the response time should not be more than 10 seconds.not be more than 10 seconds.,not about look & feel,look & feel,0.10801646113395691
