,precision,recall,f1-score,support
"graphical, gui, ui, widget, interaction, habit, prefer, comfortable, friendly, feeling, experience, or familiar",0.12408759124087591,0.4473684210526316,0.19428571428571428,38.0
"usability, security, operational, performance, fault & tolerance, legal, maintainability, scalability, availability, or portability",0.9098712446351931,0.6385542168674698,0.7504424778761062,332.0
accuracy,0.6189189189189189,0.6189189189189189,0.6189189189189189,0.6189189189189189
macro avg,0.5169794179380345,0.5429613189600507,0.47236409608091023,370.0
weighted avg,0.8291691396919928,0.6189189189189188,0.6933236751289849,370.0
