,precision,recall,f1-score,support
"graphical, gui, ui, widget, interaction, habit, prefer, comfortable, friendly, feeling, experience, or familiar",0.11320754716981132,0.9473684210526315,0.20224719101123595,38.0
"not about graphical, gui, ui, widget, interaction, habit, prefer, comfortable, friendly, feeling, experience, or familiar",0.9615384615384616,0.15060240963855423,0.2604166666666667,332.0
accuracy,0.23243243243243245,0.23243243243243245,0.23243243243243245,0.23243243243243245
macro avg,0.5373730043541365,0.5489854153455929,0.23133192883895132,370.0
weighted avg,0.8744125838465461,0.23243243243243245,0.2544425043020549,370.0
