Requirement text,Gold label,Predicated label,ZSL score
The system shall refresh the display every 60 seconds.,not about look & feel,not about look & feel,0.5932141542434692
The application shall match the color of the schema set forth by Department of Homeland Security,look & feel,not about look & feel,0.39669767022132874
 If projected  the data must be readable.  On a 10x10 projection screen  90% of viewers must be able to read Event / Activity data from a viewing distance of 30,not about look & feel,not about look & feel,0.42535457015037537
 The product shall be available during normal business hours. As long as the user has access to the client PC  the system will be available 99% of the time during the first six months of operation.,not about look & feel,not about look & feel,0.42717647552490234
 If projected  the data must be understandable. On a 10x10 projection screen  90% of viewers must be able to determine that Events or Activities are occuring in current time from a viewing distance of 100,not about look & feel,not about look & feel,0.39118942618370056
The product shall ensure that it can only be accessed by authorized users.  The product will be able to distinguish between authorized and unauthorized users in all access attempts,not about look & feel,not about look & feel,0.46164777874946594
The product shall be intuitive and self-explanatory.  :  90% of new users shall be able to start the display of Events or Activities within 90 minutes of using the product.,not about look & feel,not about look & feel,0.369161993265152
The product shall respond fast to keep up-to-date data in the display.,not about look & feel,not about look & feel,0.48443517088890076
The look and feel of the system shall conform to the user interface standards of the smart device.,look & feel,not about look & feel,0.4038175940513611
 The user interface shall have standard menus  buttons for navigation,look & feel,not about look & feel,0.5659378170967102
The system shall have a professional appearance,look & feel,not about look & feel,0.6557425856590271
The product shall have a consistent color scheme and fonts.,look & feel,not about look & feel,0.5180317163467407
The system shall be used by realtors with no training.,not about look & feel,not about look & feel,0.5903012752532959
The system shall be intuitive and self explanatory.,not about look & feel,not about look & feel,0.5900366306304932
The product shall be easy for a realtor to learn.,not about look & feel,not about look & feel,0.5672047734260559
The product shall use symbols and words that are naturally understandable by the realtor community.,not about look & feel,not about look & feel,0.41298139095306396
The product shall produce search results in an acceptable time,not about look & feel,not about look & feel,0.5811737179756165
The search results shall be returned no later 30      seconds  after the user has entered the search criteria,not about look & feel,not about look & feel,0.3762480616569519
The product shall generate a CMA report in an acceptable time.,not about look & feel,not about look & feel,0.5179653167724609
The CMA report shall be returned no later 60 seconds after the user has entered the CMA report criteria.,not about look & feel,not about look & feel,0.412992924451828
The product shall synchronize contacts and appointments in an acceptable time.,not about look & feel,not about look & feel,0.5294942259788513
The product shall synchronize with the office system every hour.,not about look & feel,not about look & feel,0.5835363268852234
 The product shall be available for use 24 hours per day  365 days  per year,not about look & feel,not about look & feel,0.521419107913971
 Out of 1000 accesses to the system  the system is available 999 times.,not about look & feel,not about look & feel,0.4421708583831787
The product shall operate in offline mode whenever internet connection is unavailable.,not about look & feel,not about look & feel,0.5711688995361328
 The product shall allow the user to view previously downloaded search results  CMA reports  and appointments.,not about look & feel,not about look & feel,0.4134969711303711
The product shall retain user preferences in the event of a failure.,not about look & feel,not about look & feel,0.5042075514793396
100% of saved user preferences shall be restored when system comes back online.,not about look & feel,not about look & feel,0.5021899342536926
The product shall be able to support multiple remote users,not about look & feel,not about look & feel,0.6130685210227966
The product shall be able support 1000 simultaneous users.,not about look & feel,not about look & feel,0.5828947424888611
The product shall be capable of handling the existing 1000 users. This number is expected to grow 5 times within the next year.,not about look & feel,not about look & feel,0.4737001359462738
The product shall be installed by an untrained realtor   without recourse to separately-printed instructions.,not about look & feel,not about look & feel,0.3712265193462372
90% of untrained realtors shall be able to install the product on their device without printed instructions,not about look & feel,not about look & feel,0.45382511615753174
The product is expected to run on Windows CE and Palm operating systems.,not about look & feel,not about look & feel,0.4599471390247345
Only registered realtors shall be able to access the system.,not about look & feel,not about look & feel,0.5802593231201172
Every user of the system shall be authenticated and authorized.,not about look & feel,not about look & feel,0.5078213214874268
The product shall prevent its data from incorrect data being introduced.,not about look & feel,not about look & feel,0.5945335030555725
The system shall be easy to use by the Program Administrators/Nursing Staff Members.,not about look & feel,not about look & feel,0.4027732014656067
All of the users shall be able to use the system after one day of training.,not about look & feel,not about look & feel,0.4780007600784302
The system shall help the user avoid making mistakes while scheduling classes and clinicals for the nursing students.,not about look & feel,not about look & feel,0.43563735485076904
The number of mistakes noted by the students shall be decreased by 50% in the first year.,not about look & feel,not about look & feel,0.432293176651001
The system shall be intuitive to the Program Administrators/Nursing Staff Members.,not about look & feel,not about look & feel,0.38071343302726746
2 out of 3 Program Administrators/Nursing Staff Members shall successfully be able to use the system to manage the scheduling of classes and clinicals.,not about look & feel,not about look & feel,0.36470919847488403
The system shall use symbols and words that are naturally understandable by the user community.,not about look & feel,not about look & feel,0.46429523825645447
The verbiage used within the system shall be consistent with Standard English and the terminology of the national Nursing Community.,not about look & feel,not about look & feel,0.32012999057769775
Staff members shall be able to complete a set of tasks in a timely manner.,not about look & feel,not about look & feel,0.43835151195526123
The response time of general student management tasks shall take no longer than 5 seconds and the response time of schedule generation shall take no longer than 30 seconds.,not about look & feel,not about look & feel,0.41908740997314453
The system shall be available for use between the hours of 8am and 6pm.,not about look & feel,not about look & feel,0.4968377947807312
The system shall achieve 95% up time.,not about look & feel,not about look & feel,0.6322876214981079
system shall be able to handle all of the user requests/usage during business hours.,not about look & feel,not about look & feel,0.5131104588508606
The system shall cater to 10 simultaneous users from 9am to 5pm.,not about look & feel,not about look & feel,0.5084351897239685
The system shall be capable of processing 100% of nursing students and their classes for the next 10 years.,not about look & feel,not about look & feel,0.4528265595436096
The system shall be expected to manage the nursing program curriculum and class/clinical scheduling for a minimum of 5 years.,not about look & feel,not about look & feel,0.3877142667770386
The system shall able to operate within a business office environment typical of the Nursing Department at DePaul University.,not about look & feel,not about look & feel,0.34340745210647583
The system shall be used within the specifications defined by the computers used by the Program Administrators/Nursing Staff Members.,not about look & feel,not about look & feel,0.36037319898605347
The system shall operate within the Windows XP Professional operating system.,not about look & feel,not about look & feel,0.4865608215332031
The system shall interface with CampusConnect’s central server,not about look & feel,not about look & feel,0.5317578911781311
The system shall interface with the faculty central server.,not about look & feel,not about look & feel,0.5257777571678162
The system shall interface with the student master server.,not about look & feel,not about look & feel,0.5406278371810913
We must be able to interface with any HTML browser.,not about look & feel,not about look & feel,0.5817915201187134
Only authorized users shall have access to clinical site information.,not about look & feel,not about look & feel,0.5650327205657959
Program Administrators/Nursing Staff Members are the only people who shall have access to clinical site details.,not about look & feel,not about look & feel,0.4112374484539032
Only authorized users shall have access to students’ personal information.,not about look & feel,not about look & feel,0.5484493374824524
Dr Susan Poslusny and Dr Julie Donalek are the only people who shall have access to students’ personal information.,not about look & feel,not about look & feel,0.3583129346370697
Only authorized users shall have access to the portion of the system that interfaces with CampusConnect.,not about look & feel,not about look & feel,0.42308783531188965
Fit Criterion: Dr Susan Poslusny and Karen Sysol are the only people who shall have access to the final class section scheduling for the system that interfaces with CampusConnect.,not about look & feel,not about look & feel,0.33543860912323
The system shall have basic data integrity checking to reduce the possibility of incorrect or invalid data being introduced.,not about look & feel,not about look & feel,0.43318986892700195
The system shall protect private information in accordance with the organization’s information policy.,not about look & feel,not about look & feel,0.46967023611068726
The system shall be built such that it is as secure as possible from malicious interference.,not about look & feel,not about look & feel,0.4775593876838684
The system shall use the organization’s standard virus protection software to help monitor threats to itself.,not about look & feel,not about look & feel,0.43819043040275574
The Disputes application shall comply with the corporate standards for user interface creation for internally and externally used applications.,look & feel,not about look & feel,0.3693958818912506
All screens created as part of the Disputes application must comply with corporate standards for interface creation.,look & feel,not about look & feel,0.41374412178993225
The list of dispute cases that are displayed after a search is performed must be color coded for easy identification of dispute cases based upon the dispute case status.,not about look & feel,not about look & feel,0.3710666596889496
100% of the cardmember and merchant services representatives shall use the Disputes application regularly after a 2-day training course.,not about look & feel,not about look & feel,0.38084691762924194
100% of cardmember services representatives shall be able to successfully create a dispute case on the first encounter after completing the training course.,not about look & feel,not about look & feel,0.3815925121307373
100% of merchant services representatives shall be able to successfully perform a follow up action on a dispute case on the first encounter after completing the training course.,not about look & feel,not about look & feel,0.3956666588783264
The maximum wait time for a user navigating from one screen to another within the Disputes application shall be no more than 5 seconds.,not about look & feel,not about look & feel,0.47920000553131104
The Disputes application shall support 350 concurrent users without any degradation of performance in the application.,not about look & feel,not about look & feel,0.42934471368789673
 The Disputes application shall be available 24x7x365  with the exception of the following scheduled maintenance windows.  Monday – Saturday 3:00am to 4:00am EST Sunday 1:00amd to 5:00am EST,not about look & feel,not about look & feel,0.39928537607192993
The Disputes application shall interface with the Statement Database. The Statement Database provides the transaction details to the Disputes System. All transaction details must be obtained from the Statement Database,not about look & feel,not about look & feel,0.3624897301197052
The Disputes application shall interface with the Cardmember Information Database.  The Cardmember Information Database provides detailed information with regard to a cardmember.  All cardmember detail information must be obtained from the Cardmember Information Database.,not about look & feel,not about look & feel,0.2863076329231262
The Disputes applications shall interface with the Merchant Information Database.  The Merchant Information Database provides detailed information with regard to the merchant. All merchant detail information shall be obtained from the Merchant Information Database.,not about look & feel,not about look & feel,0.2663170099258423
The Disputes application shall interface with the Letters application.  This will allow the Disputes application to request letters as part of the dispute initiation and dispute follow up process. All letter requests must be sent to the Print Letter Utility application.,not about look & feel,not about look & feel,0.3609911799430847
The Disputes application shall interface with the Cardmember Posting and Billing System.  This will allow the Disputes application to request adjustments to cardmember and merchant’s accounts. All adjustment requests must be sent to the Cardmember Posting and Billing System.,not about look & feel,not about look & feel,0.36390751600265503
The Disputes application shall ensure that only users with the appropriate access level are allowed to initiate dispute requests.,not about look & feel,not about look & feel,0.4196946620941162
Only users with Update access must be able to initiate dispute requests.,not about look & feel,not about look & feel,0.5657879710197449
The Disputes application shall ensure that only authorized users are allowed to logon to the application.,not about look & feel,not about look & feel,0.42461466789245605
 All authorized users  once authenticated must be able to logon to the Disputes System,not about look & feel,not about look & feel,0.45244207978248596
The Disputes System shall generate a User Report that details any new users that have been added and any changes to an existing user’s access level.  The report will be reviewed for auditing purposes.,not about look & feel,not about look & feel,0.42273759841918945
All additions of new users and modifications to user’s access shall be recorded on the User Report.,not about look & feel,not about look & feel,0.4191388785839081
 If a user account is revoked  it can only be re-instantiated by the System Administrator.,not about look & feel,not about look & feel,0.48631733655929565
Only the System Administrator shall be able to reset a revoked user logon account,not about look & feel,not about look & feel,0.4734298586845398
The Disputes application shall manipulate and view business data. Users will not have direct access to data files or databases.,not about look & feel,not about look & feel,0.5111961364746094
All updates to data files or database must be initiated from the Disputes System.,not about look & feel,not about look & feel,0.4738982915878296
The Disputes application must conform to the legal requirements as specified by the Merchant Operating Regulations.,not about look & feel,not about look & feel,0.29371681809425354
All business rules specified in the Disputes System shall be in compliance with the Merchant Operating Regulations.,not about look & feel,not about look & feel,0.29703158140182495
The Disputes application must conform to the legal requirements as specified by Regulation E and Regulation Z that govern credit card disputes processing.,not about look & feel,not about look & feel,0.3139907419681549
All business rules specified in the Disputes System shall be in compliance to the guidelines of Regulation E and Regulation Z.,not about look & feel,not about look & feel,0.30808812379837036
The Disputes application must maintain a detailed history of every action that a user takes on a dispute case.  This ensures a complete audit trail if questions arise later on with regard to a particular dispute case.,not about look & feel,not about look & feel,0.36834877729415894
All actions that modify an existing dispute case must be recorded in the case history.,not about look & feel,not about look & feel,0.4523273706436157
The product must support Internet Explorer 5.5 and above.,not about look & feel,not about look & feel,0.6263876557350159
The product must support Mozilla Firefox 1.0 and above.,not about look & feel,not about look & feel,0.5479943156242371
The product shall interface with the Choice Parts System.  This provides the feed of recycled parts data.,not about look & feel,not about look & feel,0.46307289600372314
The product shall run on the existing hardware for all environments.,not about look & feel,not about look & feel,0.5366933345794678
The product shall adhere to the corporate Architecture guidelines,not about look & feel,not about look & feel,0.43516677618026733
The product shall comply with corporate User Interface Guidelines,look & feel,not about look & feel,0.4190382957458496
The product shall comply with corporate color scheme,look & feel,not about look & feel,0.5711957812309265
The appearance of the product shall appear professional,look & feel,not about look & feel,0.593491792678833
The product shall be easy to use by Adjusters and Collision Estimators.  95% of Adjusters and Collision Estimators shall find the product easy to use.,not about look & feel,not about look & feel,0.3742868900299072
The product shall increase productivity of Collision Estimators. 80% of the Collision Estimators shall agree their productivity has increase within 1 month of using the product.,not about look & feel,not about look & feel,0.40053191781044006
Users shall feel satisfied using the product.  85% of all users will be satisfied with the product.,not about look & feel,not about look & feel,0.474376380443573
The product shall be easy to learn by Adjusters and Collision Estimators.  The product shall be learned with two days onsite training,not about look & feel,not about look & feel,0.41443943977355957
The user shall easily locate instructions while using the product.  User help can be found within 90% of the system.,not about look & feel,not about look & feel,0.47697967290878296
The search for recycled parts shall take no longer than 15 seconds.  The search results shall be returned in under 15 seconds.,not about look & feel,not about look & feel,0.48516684770584106
The search for the preferred repair facility shall take no longer than 8 seconds.  The preferred repair facility is returned within 8 seconds,not about look & feel,not about look & feel,0.45071205496788025
The recycled parts audit report shall be returned to the user within 10 seconds.  The audit report shall be returned within 10 seconds.,not about look & feel,not about look & feel,0.41107115149497986
The preferred repair facility ratings shall be saved within 5 seconds. The save shall occur within 5 seconds.,not about look & feel,not about look & feel,0.47159576416015625
The product shall adhere to the corporate online availability schedule.  The application is brought down only within 98% of the scheduled outages per the availability schedule.,not about look & feel,not about look & feel,0.3922961354255676
The product shall achieve a 98% uptime. The product shall not fail more than 2% of the available online time.,not about look & feel,not about look & feel,0.45374569296836853
The product shall be able to handle up to 1500 simultaneous users. The system shall perform with 1500 users as a time.,not about look & feel,not about look & feel,0.4571608304977417
 The average number of recycled parts records per day shall be 50 000.,not about look & feel,not about look & feel,0.4719890058040619
 The product shall be able to handle 10 000 concurrent users within 2 years of the initial launch.,not about look & feel,not about look & feel,0.44258618354797363
 For estimators  the product shall be able to be operated in a repair facility during dirty and noisy conditions.,not about look & feel,not about look & feel,0.3313678205013275
The product shall interface with the ChoiceParts system once per day at approximately 1:00 AM.,not about look & feel,not about look & feel,0.4902494549751282
The maintenance of the product will fall within the established corporate maintenance windows.,not about look & feel,not about look & feel,0.3695255517959595
The product shall be supported using the corporate support center.,not about look & feel,not about look & feel,0.5694336891174316
Product installations and upgrades shall be handled by the middleware technology team within established launch time frames.,not about look & feel,not about look & feel,0.4017203152179718
Only adjusters can request recycled parts audit reports. No users without an adjuster role shall request recycled parts audits.,not about look & feel,not about look & feel,0.3995401859283447
Only adjusters with a supervisor role can update preferred repair facility ratings. Users without the supervisor role cannot access the repair facility ratings.,not about look & feel,not about look & feel,0.3983548879623413
Only collision estimators shall search for recycled parts.  Users without the collision estimator role shall not have access to the search for recycled parts.,not about look & feel,not about look & feel,0.3899115025997162
Only valid data shall be entered into the system.  No invalid data shall be entered into the system.,not about look & feel,not about look & feel,0.4750286042690277
One insurance company shall not be able to view another insurance companys claim data.,not about look & feel,not about look & feel,0.4636489152908325
The product shall free of computer viruses.,not about look & feel,not about look & feel,0.6203613877296448
The system shall prevent malicious attacks including denial of service.,not about look & feel,not about look & feel,0.4885711669921875
The product must comply with Sarbanes-Oxley.,not about look & feel,not about look & feel,0.4839061200618744
The product shall comply with the estimatics laws relating to recycled parts usage.,not about look & feel,not about look & feel,0.35606706142425537
The product shall comply with insurance regulations regarding claims processing.,not about look & feel,not about look & feel,0.46708735823631287
 The product must work with most database management systems (DBMS) on the market  whether the DBMS is colocated with the product on the same machine or is located on a different machine on the computer network.,not about look & feel,not about look & feel,0.3726033866405487
The product will function alongside server software on any operating system where the Java runtime can be installed.,not about look & feel,not about look & feel,0.4740462005138397
The product will require collaboration with a database management system (DBMS).  The DBMS may be located on the same machine as the product or on a separate machine residing on the same computer network.,not about look & feel,not about look & feel,0.3551616072654724
 The product must make use of web/application server technology.  Open source examples include Apache web server  Tomcat  and the JBoss application server.,not about look & feel,not about look & feel,0.35068631172180176
 A database management system such as Oracle  DB2  MySql or HSQL will need to be integrated with the product.,not about look & feel,not about look & feel,0.3462581932544708
 The product’s Look and Feel shall be able to incorporate aspects of the customer’s organization such as logo  branding  and identity,look & feel,not about look & feel,0.3638089597225189
The product shall have a conservative and professional appearance.,look & feel,not about look & feel,0.5211498737335205
The product shall make the users want to use it. 80% of the users surveyed report they are regularly using the product after the first 2 weeks post-launch.,not about look & feel,not about look & feel,0.40300238132476807
The product shall be easy to use. 90% of users will be able to successfully reserve a conference room within 5 minutes of product use.,not about look & feel,not about look & feel,0.4458809494972229
The product shall give users feedback when necessary. 80% of the users surveyed report that the product accurately confirms their actions.,not about look & feel,not about look & feel,0.4156835079193115
The product shall allow the user to select a chosen language from one of the target market countries.,not about look & feel,not about look & feel,0.45329269766807556
The product shall allow for customization of start page and views preferences.,not about look & feel,not about look & feel,0.5224200487136841
 An employee will be able to successfully use the product within a few minutes.  After informally navigating the product for less than 15 minutes  users shall be able to successfully setup meetings and reserve conference rooms.,not about look & feel,not about look & feel,0.38150548934936523
The product shall use a standard navigation menu familiar to most web users.,not about look & feel,not about look & feel,0.5409309267997742
The product shall allow for intuitive searching of available conference rooms.,not about look & feel,not about look & feel,0.548112154006958
The product shall conform to the Americans with Disabilities Act.,not about look & feel,not about look & feel,0.4034193158149719
The response shall be fast enough to avoid interrupting the user’s flow of thought.  90% of tasks shall complete within 5 seconds.  98% of tasks shall complete within 8 seconds.,not about look & feel,not about look & feel,0.40828683972358704
 Aside from server failure  the software product shall achieve 99.99% up time.,not about look & feel,not about look & feel,0.4855286180973053
The product shall create an exception log of problems encountered within the product for transmission to our company for analysis and resolution.,not about look & feel,not about look & feel,0.420316606760025
 The product shall be capable of handling up to 1 000 concurrent requests.  This number will increase to 2 000 by Release 2.  The concurrency capacity must be able to handle peak scheduling times such as early morning and late afternoon hours.,not about look & feel,not about look & feel,0.39864179491996765
 The product shall be able to process 10 000 transactions per hour within two years of its launch.  This number will increase to 20 000 by Release 2.,not about look & feel,not about look & feel,0.4523462653160095
The product shall be expected to operate for at least 5 years for each customer installation.,not about look & feel,not about look & feel,0.4958001375198364
The product shall be used in office environments.,not about look & feel,not about look & feel,0.5815231800079346
The product must be able to interface with any HTML browser.  The product shall transmit data between the user and the product without problems. The product shall display HTML properly in 80% of all HTML browsers tested (minimum is to test 8 browsers).,not about look & feel,not about look & feel,0.3911270797252655
The product must be able to interface with various database management systems. The product shall communicate successfully with the database management system on 100% of all transactions.,not about look & feel,not about look & feel,0.43821051716804504
The product must be able to interface with various email servers. The product shall be able to send email.,not about look & feel,not about look & feel,0.4914650321006775
The product shall be available for distribution via the Internet as a binary or ZIP file.,not about look & feel,not about look & feel,0.4169619381427765
The product shall be available for distribution as a packaged CD.,not about look & feel,not about look & feel,0.4760994017124176
 The product will be available for licensing as a one-server  two-five servers  or five-or-more servers license.,not about look & feel,not about look & feel,0.39086928963661194
A new user must be able to be added to the system within 10 minutes.  90% of new users are able to log into the system within 10 minutes.,not about look & feel,not about look & feel,0.43700534105300903
The product must be designed using Design Patterns and coding best practices.  90% of maintenance software developers are able to integrate new functionality into the product with 2 working days.,not about look & feel,not about look & feel,0.4224126636981964
The product must be highly configurable for use with various database management systems for the end users.  80% of end users are able to integrate new database management systems with the product without changing the product’s software code.,not about look & feel,not about look & feel,0.41095414757728577
Maintenance releases will be offered to customers once a year.  The releases shall take no longer than 5 minutes for 80% of the customer base to install.,not about look & feel,not about look & feel,0.45176297426223755
Every registered user will have access to the product’s support site via the Internet.  70% of registered users shall find a solution to their problem within 5 minutes of using the support site.,not about look & feel,not about look & feel,0.4473254680633545
The customer shall be able to easily integrate new building maps with the product throughout the product’s lifecycle.  Integration of new maps with the product shall be possible with little to no support from product support staff.,not about look & feel,not about look & feel,0.39284747838974
 The product shall be translated into foreign languages other than the target market countries’ languages in future releases.  For each emerging target market  it shall take no more than 5 days to configure the product for that market’s language.,not about look & feel,not about look & feel,0.3854448199272156
 The product is expected to integrate with multiple database management systems.  The product will operate with Oracle  SQL Server  DB2  MySQL  HSQL  and MS Access.,not about look & feel,not about look & feel,0.30276045203208923
The product shall be able to be installed in any operating environment within 2 days.,not about look & feel,not about look & feel,0.49265238642692566
The product shall ensure that only company employees or external users with company-approved user IDs may have product access.  100% of all logons shall be by either company employees or external users with company-approved user IDs.,not about look & feel,not about look & feel,0.38650307059288025
Only managers are able to perform search queries for reservations by user.  100% of all search queries for reservations by user shall be from logons of only management logons.,not about look & feel,not about look & feel,0.4368639588356018
The product shall ensure that the database’s data corresponds to the data entered by the user.  Each conference room reservation in the system will contain the same information as was entered by the user.,not about look & feel,not about look & feel,0.38087719678878784
The product shall prevent the input of malicious data.  The product and/or adjacent hardware/software systems’ data shall remain 100% uncorrupted each time malicious data is input into the product.,not about look & feel,not about look & feel,0.35539641976356506
The product and/or dependent databases/filesystems shall remain operational as a result of the input of malicious data.  The product and/or dependent databases/filesystems shall not crash 100% of the time that malicious data is input into the product.,not about look & feel,not about look & feel,0.36001187562942505
The product shall have the ability to receive automatic software updates as new threats emerge.  100% of customers will be able to receive automatic software updates transmitted to the installed product.,not about look & feel,not about look & feel,0.4049914479255676
The language of the product shall accommodate all of the target market countries. 90% of survey respondents from each target market country will find that the language of the product is acceptable.,not about look & feel,not about look & feel,0.3631536066532135
The product shall be able to display calendar dates and times according to the user’s locale.  90% of survey respondents from each target market country will find that the date and time formatting of the product is correct.,not about look & feel,not about look & feel,0.3618980944156647
The product must be developed with the J2SE/J2EE programming language libraries,not about look & feel,not about look & feel,0.4255844056606293
Recreation of Inventory Quantity Adjustment for the period of previous 30 days shall take no more than 30min.,not about look & feel,not about look & feel,0.43013665080070496
The System shall allow for a minimum of  6 users to work at the same time.,not about look & feel,not about look & feel,0.4976481795310974
The System shall utilize currently owned computer equipment.,not about look & feel,not about look & feel,0.5761574506759644
The System shall be able to automatically backup business data and restore them on demand.,not about look & feel,not about look & feel,0.4907223880290985
The System shall maintain consistent security.  Any changes in user passwords and/or permissions should take affect in all parts of the System.,not about look & feel,not about look & feel,0.4419340491294861
The System shall granularly control access rights to all major subsystems.  It should be possible to assign access rights to all subsystems independently.,not about look & feel,not about look & feel,0.40142759680747986
The System shall meet all applicable accounting standards.  The final version of the System must successfully pass independent audit performed by a certified auditor.,not about look & feel,not about look & feel,0.3861919939517975
The System shall not require additional third party licenses resulting in royalty fees.,not about look & feel,not about look & feel,0.385643869638443
Administrator shall be able to activate a pre-paid card via the Administration section in under 5 seconds.,not about look & feel,not about look & feel,0.41543814539909363
 Customer shall be able to check the status of their prepaid card  by entering in the PIN number  in under 5 seconds.,not about look & feel,not about look & feel,0.41371649503707886
System shall let customers register on the website as a “pay as you go” user in under 5 minutes.,not about look & feel,not about look & feel,0.46931710839271545
System shall let customers register on the website as a “unlimited movie subscriber” user in under 10 minutes.,not about look & feel,not about look & feel,0.45760655403137207
System shall let existing customers log into the website with their email address and password in under 5 seconds.,not about look & feel,not about look & feel,0.49601325392723083
 System shall let customers cancel their account  process shall take no longer than 2 minutes.  Database will mark the account as inactive  and user will not be able to log into the website.,not about look & feel,not about look & feel,0.42785242199897766
System shall let administrator de-activate a customer account in under 1 minute. Customer will no longer be able to access the website.,not about look & feel,not about look & feel,0.5022948980331421
System shall let administrator add/remove movies on the website in under 5 minutes.  Entered movie information will be stored in the database and will now be available on the website.,not about look & feel,not about look & feel,0.424247682094574
System shall let the administrator add/remove categories on the website in under 5 minutes.,not about look & feel,not about look & feel,0.45174640417099
System shall let Izogn Manager access sales and usage statistics in under 2 minutes.,not about look & feel,not about look & feel,0.4761017858982086
System shall let administrators generate unique pre-paid pins in under 2 minutes and generate an Excel file with the generated PINs.,not about look & feel,not about look & feel,0.3918440639972687
The website shall be attractive to all audiences.  The website shall appear to be fun and the colors should be bright and vibrant.,look & feel,not about look & feel,0.41351941227912903
 The website should have an African feel  but should not alienate non-Africans.  The website should use animation on pages which are describing the services  to grab the users attention and encourage them to sign up.,look & feel,not about look & feel,0.39072853326797485
 The website design should be modern  clean  and concise.,look & feel,not about look & feel,0.48933035135269165
The product should be able to be used by 90% of novice users on the Internet.,not about look & feel,not about look & feel,0.46941524744033813
 Users should only have to navigate through a maximum of 4 pages  to create an account with the website.,not about look & feel,not about look & feel,0.4513598680496216
Users should be able to access their streaming movies in under 2 clicks after logging into the website.,not about look & feel,not about look & feel,0.4972403049468994
An anonymous survey will show that 70% of customers are comfortable purchasing streaming movies after 2 weeks using the website.,not about look & feel,not about look & feel,0.4597552418708801
An anonymous survey will show that 95% of customers are comfortable using and purchasing pre-paid cards after a month of using the system.,not about look & feel,not about look & feel,0.42264068126678467
The product shall retain the customer’s buying preferences and information.,not about look & feel,not about look & feel,0.47031503915786743
The product shall be easy for customers with novice skills on the  Internet to purchase and watch streaming movies.  Customers should be able to purchase and watch a pre-determined movie in under 3 minutes.,not about look & feel,not about look & feel,0.3814712464809418
The product shall use symbols and words that are naturally understandable by users familiar with websites,not about look & feel,not about look & feel,0.442503958940506
The website will use standard Internet conventions when interacting with the user.,not about look & feel,not about look & feel,0.542934238910675
 Any interface between a user and the automated system shall have a maximum response time of 5 seconds  unless noted by an exception below.,not about look & feel,not about look & feel,0.40876609086990356
 When purchasing a streaming movie or pre-paid card via credit card  the processing time should have a maximum response time of 15 seconds.,not about look & feel,not about look & feel,0.40333467721939087
 When streaming a movie  the buffering time should take no longer than 10 seconds (plus any latency on the user’s connection.),not about look & feel,not about look & feel,0.4584988057613373
 While streaming a movie  buffering should only occur if there is latency in the user’s connection.,not about look & feel,not about look & feel,0.4682338237762451
 All credit card information will be secured on the server  and only accessible by authorized Izogn administrators.  Information will be encrypted in the database.,not about look & feel,not about look & feel,0.39499497413635254
 The website shall be available for use 24 hours per day  365 days per year.,not about look & feel,not about look & feel,0.535438060760498
The website shall achieve 99.5% up time.,not about look & feel,not about look & feel,0.6515514850616455
 All movies shall be streamed on demand  at any time of the day.,not about look & feel,not about look & feel,0.4688791036605835
The website shall continue to operate if the streaming server goes down.,not about look & feel,not about look & feel,0.5290626883506775
The website shall continue to operate if the payment gateway goes down.,not about look & feel,not about look & feel,0.5512539148330688
The streaming server will support 50 simultaneous streaming connections.,not about look & feel,not about look & feel,0.5651817917823792
The streaming server will support a maximum of 700 movies  new servers can be added to support more movies.,not about look & feel,not about look & feel,0.501121461391449
 The server will support a maximum of 1 000 simultaneous users.,not about look & feel,not about look & feel,0.5455832481384277
 The website shall be capable of supporting 100 000 customers.,not about look & feel,not about look & feel,0.5736298561096191
The product shall be expected to operate within the maximum maintenance budget for a minimum of 2 years.,not about look & feel,not about look & feel,0.4474925100803375
All aspects of the website shall be accessed by a web browser over the Internet.,not about look & feel,not about look & feel,0.476844847202301
The same hardware supporting the current website will be used to support the new system.,not about look & feel,not about look & feel,0.5111622214317322
 We must be able to interface with the following browsers: IE 5.X  6.0  Netscape 6.x  7.x  8.x and Firefox 1.0.,not about look & feel,not about look & feel,0.45607107877731323
Website must interface with the CyberSource API to process credit card transactions.,not about look & feel,not about look & feel,0.43250858783721924
Website must be fully operational with MSN TV2.,not about look & feel,not about look & feel,0.5620632767677307
Movies shall be encoded and streamed via Windows Media Player 9.0.,not about look & feel,not about look & feel,0.492190957069397
Movies shall be encoded for 56k and 256k streams.,not about look & feel,not about look & feel,0.4094371497631073
Promotional updates to the website should take a day to update.,not about look & feel,not about look & feel,0.5310689806938171
Izogn Administrator must be able to update the category listings on the website within 2 minutes.,not about look & feel,not about look & feel,0.46471506357192993
Izogn Administrator must be able to add new products to the website within 2 minutes.,not about look & feel,not about look & feel,0.4925020933151245
The system will provide a 24 hour 800 toll free number for support to its customers.,not about look & feel,not about look & feel,0.5359339714050293
The website will provide a help section with answers and solutions to common problems.,not about look & feel,not about look & feel,0.5425410866737366
 Velkat staff will be available for phone support between 7am-7pm  M-F to provide technical support to the Izogn administrators.,not about look & feel,not about look & feel,0.4563148617744446
The product shall be able to be installed in the specified environment within 1 working day.,not about look & feel,not about look & feel,0.4712192118167877
Only registered customers can purchase streaming movies.,not about look & feel,not about look & feel,0.692474901676178
 A customer can only stream a movie if they purchased it  and are within the 2 day viewing period.,not about look & feel,not about look & feel,0.4804629683494568
Only authorized personnel can access customer records in the database.,not about look & feel,not about look & feel,0.5019272565841675
Only administrators can activate a pre-paid card.,not about look & feel,not about look & feel,0.5591843724250793
Only authorized personnel can access sales information.,not about look & feel,not about look & feel,0.6122058629989624
The website shall prevent its data from being corrupted when incorrect data is entered in.,not about look & feel,not about look & feel,0.5294563174247742
 The website shall protect itself from intentional abuse  and notify the administrator at all occurrences.,not about look & feel,not about look & feel,0.37851130962371826
Data integrity scripts will be run on a weekly basis to verify the integrity of the database.,not about look & feel,not about look & feel,0.4051419496536255
 The website shall make its user aware of its information practices before collection data from them via a Privacy Policy  accessible on all pages of the website.,not about look & feel,not about look & feel,0.4225793480873108
The system shall notify customers of changes to its information policy.,not about look & feel,not about look & feel,0.5924661159515381
The system shall reveal private information only in compliance with the organization’s information policy.,not about look & feel,not about look & feel,0.4557664096355438
 All customer information will be stored on a secure database  accessible only to authorized personnel.,not about look & feel,not about look & feel,0.45280903577804565
All credit card information will be encrypted in the database.,not about look & feel,not about look & feel,0.5410528779029846
The streaming server will have anti-virus software to prevent infection of malicious viruses.,not about look & feel,not about look & feel,0.3828780949115753
The website should cater to all tribes in Nigeria.,look & feel,not about look & feel,0.5004615783691406
The website shall not be offensive to religious or ethnic groups.,look & feel,not about look & feel,0.46789461374282837
 The website should appeal to all Africans  not only Nigerians.,look & feel,not about look & feel,0.47310155630111694
The website should use Flash to provide animation on the home page.,not about look & feel,not about look & feel,0.5561423301696777
IzognMovies shall meet the licensing requirements set forth by the appropriate organizations in order to stream African movies.,not about look & feel,not about look & feel,0.3718464970588684
The website will comply with W3C standards.,not about look & feel,not about look & feel,0.604499876499176
The PHP code will comply with PEAR standards.,not about look & feel,not about look & feel,0.49937739968299866
Total lead cycle time must be completed in 5 minutes for 90% of lead volume between the business hours of 8AM CST to 8PM CST  then 3 minutes for 99% of lead volume during off business hours.,not about look & feel,not about look & feel,0.4075925946235657
No lead evaluation will complete in a time period longer than 25 seconds for 97% of all leads processed.,not about look & feel,not about look & feel,0.5245565176010132
For leads that process longer than 25 seconds the system will record the event and duration,not about look & feel,not about look & feel,0.5160509347915649
The process must fit within the processing time conditions set forth by the Auto Rep Assignment process in which a lead is assigned within 3 minutes of the total life cycle.,not about look & feel,not about look & feel,0.39643946290016174
The lead washing process will operate within the established physical web service structure.,not about look & feel,not about look & feel,0.5101439356803894
 The washing process must use a non binding  neutral data format  such as xml  when receiving and processing lead data.,not about look & feel,not about look & feel,0.41852954030036926
Defect reports will be available to technical units on a 24x7 basis.,not about look & feel,not about look & feel,0.5057793259620667
Washing parameters will be updated during scheduled maintenance hours.,not about look & feel,not about look & feel,0.5896913409233093
The product shall simulate the look of ships at sea.,look & feel,not about look & feel,0.4738309979438782
The product shall display the grids within a circle as a view from a periscope.,look & feel,not about look & feel,0.4486319422721863
The product shall display each type of ship in a grid using an image of the specific type of ship.,look & feel,not about look & feel,0.3651045858860016
 When the offensive player takes a shot  the product shall simulate the sound of a ship at sea.,look & feel,not about look & feel,0.3378716707229614
 When a shot is marked as a miss  the product shall simulate the sound of a shot missing its target.,look & feel,not about look & feel,0.37893640995025635
 When a shot is marked as a hit  the product shall simulate the sound of a shot hitting its target.,look & feel,not about look & feel,0.38392966985702515
 When a ship is sunk  the product shall simulate the sound of a sinking ship.,look & feel,not about look & feel,0.31774961948394775
 The product shall be available 24 hours per day  seven days per week.,not about look & feel,not about look & feel,0.5044695734977722
The product shall able to handle a large number of games simultaneously.,not about look & feel,not about look & feel,0.4859594702720642
The response time shall be fast enough to maintain the flow of the game.  The response time shall be no more than 2 seconds for 95% of responses and no more than 4% for the remaining responses.,not about look & feel,not about look & feel,0.43104857206344604
The product shall protect the identity of the players. The product shall provide players no access to information that might reveal the identity of another player.,not about look & feel,not about look & feel,0.41128742694854736
The product shall be intuitive and self-explanatory.  Nine out ten users shall be able to successfully complete a game with no training.,not about look & feel,not about look & feel,0.45033037662506104
 The product shall be available to players who understand English  Spanish and French.  The product shall allow the user to select the language upon accessing the product.,not about look & feel,not about look & feel,0.38439100980758667
The product shall provide players no access to information that might reveal the identity of another player,not about look & feel,not about look & feel,0.47108474373817444
The response time shall be fast enough to maintain the flow of the game. The response time shall be no more than 2 seconds for 95% of responses and no more than 4% for the remaining responses.,not about look & feel,not about look & feel,0.42539429664611816
The system shall be easy to use by callers and supervisors. Callers and supervisors must be able to accomplish any system task within 2 minutes.,not about look & feel,not about look & feel,0.43610361218452454
The system shall be easy to learn by callers and supervisors. Callers and supervisors shall learn how to use the system within 10 minutes.,not about look & feel,not about look & feel,0.4252338409423828
 The system shall be responsive. At the DePaul TeleServices Center  when a supervisor uses the system to view a callers schedule  the system response time must be no more than 2 seconds 90% of the time and no more than 5 seconds the rest of the time.,not about look & feel,not about look & feel,0.3793252110481262
 On a 56k connection  the system response time for all operations must be no more than 6 seconds 90% of the time.,not about look & feel,not about look & feel,0.4665678143501282
 On a 112k connection or faster  the system response time for all operations must be no more than 3 seconds 90% of the time.,not about look & feel,not about look & feel,0.45059093832969666
The system shall have high availability every day of the year.The system must be available for use between 12:00AM and 6:00PM all days of the year.,not about look & feel,not about look & feel,0.4676642417907715
The system must be available for use between 7:00AM and 11:59PM all days of the year.,not about look & feel,not about look & feel,0.47889387607574463
The product shall be internet browser independent.The product must run using Internet Explorer and Netscape Navigator.,not about look & feel,not about look & feel,0.47147631645202637
The product shall ensure that only supervisors can advertise empty time slots.The product must ensure that supervisors are allowed to access advertise empty time slots.,not about look & feel,not about look & feel,0.4053308367729187
The product shall ensure that only supervisors can enter a caller’s schedule.The product must ensure that supervisors are allowed to access advertise empty time slots.,not about look & feel,not about look & feel,0.42948901653289795
The product shall ensure that only supervisors can view schedule of all callers.The product must ensure that supervisors are allowed to access advertise empty time slots.,not about look & feel,not about look & feel,0.4269822835922241
 The interface shall have a simple look. In the interface and usability survey  90% of beta testers must report that the interface is adequately simple.,look & feel,not about look & feel,0.4286211431026459
 The interface shall be appealing to callers and supervisors. In the interface and usability survey  80% of beta testers must report that the interface is appealing.,look & feel,not about look & feel,0.3739680349826813
The product shall provide GUI based Monitoring Services.System Administrators shall monitor message exchanges will predict and determine problems and will also provide internal and external support.,look & feel,not about look & feel,0.410264253616333
The product shall comply with City of Chicago Application Development Guide Framework.Application Development Framework will provide structured Graphical User Interface.,look & feel,not about look & feel,0.3012472987174988
The product shall provide Monitoring Services.The product shall be easy for System Administrators and DBAs to use after two weeks of usage.,not about look & feel,not about look & feel,0.4580543339252472
The product shall provide Error Tracking Services.The product shall help the System Administrators and DBAs to resolve transaction errors 99% of the time.,not about look & feel,not about look & feel,0.40822339057922363
The product shall provide Portals.The product shall help System Administrators to analyze the transactions with ad-hoc reporting and KPIs (Key Performance Indicators),not about look & feel,not about look & feel,0.3780777156352997
The product shall provide Asynchronous Messaging.The product shall provide asynchronous messaging to enable parallel processing and reduce the overhead in communications,not about look & feel,not about look & feel,0.3977940082550049
The product shall provide Multi-threading and Load Balancing.The product shall provide multi-threading technology as well as load balancing to overcome data load spikes and traffic.,not about look & feel,not about look & feel,0.3547079265117645
The product shall process messages within 2 seconds.The product shall have a maximum message processing time of 2 seconds,not about look & feel,not about look & feel,0.47338488698005676
The product shall poll the system for messages every second.The product shall poll the system for new messages at a maximum of every 1 second.,not about look & feel,not about look & feel,0.46312472224235535
The product shall provide Dynamic Change Support and Transparent resource addition.The product shall support Transparent Resource addition and Dynamic Change support to provide scalability and avoid service interruptions of more than 1 day.,not about look & feel,not about look & feel,0.3562675714492798
The product shall be available 99% of the time. Rationale: To avoid service interruption during busiest customer service response periods. The product shall be available 99.99% of the time for regular business days.,not about look & feel,not about look & feel,0.43704062700271606
The product shall be robust.The product shall have fault avoidance based on standards adoption.,not about look & feel,not about look & feel,0.4187335669994354
The product shall be robust with fault tolerance.The product shall have fault tolerance by using recovery technique compensatory transaction and routing around failures.,not about look & feel,not about look & feel,0.39829158782958984
The product shall be able to process all transactions.The product shall process minimum of 1 million transactions per year.,not about look & feel,not about look & feel,0.4765028953552246
The product shall be platform independent.The product shall enable access to any type of development environment and platform.,not about look & feel,not about look & feel,0.46987658739089966
The product shall interface CSR and Datastream.The product shall exchange messages between CSR and EAM on a real time basis without any direct interfaces between two systems.,not about look & feel,not about look & feel,0.36905884742736816
 : The product shall continue to operate during upgrade  change or new resource addition.The product shall be able to continue to operate with no interruption in service due to new resource additions.,not about look & feel,not about look & feel,0.4341287910938263
The product shall be updated on a regular basis.The product will have a new major feature introduced every six months and quarterly maintenance releases every six months.,not about look & feel,not about look & feel,0.44666019082069397
The product shall operate with every platform.The product shall accommodate any new technology without any change in its architecture.,not about look & feel,not about look & feel,0.4985174238681793
 The product shall have security.The product shall provide authentication  and authorization.,not about look & feel,not about look & feel,0.4938347339630127
The product shall information Security. The product shall enable privacy by encryption WS-Security and Integrity Checking.,not about look & feel,not about look & feel,0.40179726481437683
The product shall have audit capabilities.The product shall store messages for a minimum of one year for audit and transaction tracking purposes.,not about look & feel,not about look & feel,0.4098523259162903
The system shall use IBM and CCR branding standards. The interface must have one IBM logo and one CCR logo.,look & feel,not about look & feel,0.42643821239471436
The system shall be displayable on any work computer a CCR user may have. The system interface shall be formatted to display at 800 by 600 pixel resolution.,look & feel,not about look & feel,0.4532014727592468
The system interface will use CCR nomenclature. The system must use the same nomenclature used in the existing WCS system and reports,look & feel,not about look & feel,0.45957833528518677
The interface must summarize the data in a fashion that’s appealing to CCR management. Every report type must have at least one high level summary shown in the results dashboard/interface,look & feel,not about look & feel,0.42972320318222046
The system must use a point and click interface. 100% of all selection and navigation functionality must be able to be activated/selected by either a mouse or a keyboard,not about look & feel,not about look & feel,0.4448978304862976
The interface shall be easy to use. 90% of users should be able to successfully use the system to generate a report on their first use. The interface should adhere to IBM usability standards.,not about look & feel,not about look & feel,0.4253954291343689
Rreports must be easy to generate. eports must be generated within one button click and exported within one button click (after selecting the report),not about look & feel,not about look & feel,0.42168551683425903
A user shall be able to use the system without instruction after a short amount of time. After one use a user should understand and remember 90% of the system usage and navigation.,not about look & feel,not about look & feel,0.4284732937812805
All CCR users shall receive training before the WCS system is deployed. One training session will be held for 100% of CCR users before system deployment (based on a CCR user being available),not about look & feel,not about look & feel,0.4007069766521454
The WCS system shall use appropriate nomenclature and terminology as defined by the Corporate Community Grants organization. All interfaces and reports will undergo usability tests by CCR users.,not about look & feel,not about look & feel,0.34920716285705566
The WCS system shall be available at all times as long as IBM’s internal intranet W3 is accessible. The WCS system will be available 95% of the time IBM’s internal intranet W3 is available.,not about look & feel,not about look & feel,0.4085908532142639
The WCS system shall have the ability to connect other designated WCS databases currently not included in the system.,not about look & feel,not about look & feel,0.43665704131126404
The WCS system shall have the ability to include data for regions outside the United States and be accessed by users outside of the United States if approved by CCR management.,not about look & feel,not about look & feel,0.3379090428352356
The WCS system shall be run in a Windows environment. The WCS shall be accessed by users through the Internet on an IBM computer running a Windows 2000 or above operating system.,not about look & feel,not about look & feel,0.39890438318252563
The Brio portion of the WCS system must be able to export files in spreadsheet form (Microsoft Excel and Lotus 1-2-3 formats).  Brio will provide buttons in the user interface that produce/export reports in .xls or .123 file formats.,not about look & feel,not about look & feel,0.36264941096305847
The WCS system must run queries to the WCS databases once again (on a specified day) to update the available data available to CCR users. Queries must be made to external databases for data refresh once a week.,not about look & feel,not about look & feel,0.42412495613098145
 All changes  updates  and additions to the WCS system shall be updated in the WCS Developer and WCS User Guides. Every change must be reflected in WCS system documentation,not about look & feel,not about look & feel,0.37702658772468567
The system shall only be accessed by authorized Corporate Community Grants (CCR) employees. Users must be authenticated using their IBM intranet user name and password.,not about look & feel,not about look & feel,0.3915528655052185
The WCS system shall not allow automatic logins by any user. Cookies containing WCS login information about a user will not be stored on a user’s computer.,not about look & feel,not about look & feel,0.443712055683136
Each team owner will need to use a username and password in order to be authenticated to reach the team owner’s page,not about look & feel,not about look & feel,0.4306444525718689
The Commissioner will be the only authorized user per league to adjust league settings.,not about look & feel,not about look & feel,0.4651033878326416
Each page shall contain a navigation menu which shows the index into which the current page is contained.,look & feel,not about look & feel,0.4827513098716736
Each page shall contain a similar format with action items in one location and navigation buttons in a different location.,look & feel,not about look & feel,0.46838217973709106
The message board shall contain the 5 most recently posted messages on the league page. The messages will contain up to the first 150 characters of the message.,look & feel,not about look & feel,0.4006348252296448
;A new user shall be able to navigate through the league and team pages within 30 seconds of reaching the start-up page.,not about look & feel,not about look & feel,0.42557981610298157
Users shall be able to reach the ‘add’  ‘drop’  and ‘trade player’ pages with one click from the team owner’s page.,not about look & feel,not about look & feel,0.3526541590690613
;Users shall be able to view at least 25 NFL player statistics and points on each page.,not about look & feel,not about look & feel,0.46171677112579346
The application shall ask the user to confirm dropping a player or trading a player before performing the action.,not about look & feel,not about look & feel,0.37059271335601807
The application shall be able to complete every user transaction within one fourth of a second of receiving the request over the network.,not about look & feel,not about look & feel,0.4286484122276306
The application shall have a downtime of at most 10 minutes per year.,not about look & feel,not about look & feel,0.5277688503265381
The application shall run on a web application server.,not about look & feel,not about look & feel,0.5935871601104736
A primary database will be used to store cached data for active users.,not about look & feel,not about look & feel,0.5660400986671448
A secondary database will be used to store historical statistics and data.,not about look & feel,not about look & feel,0.5404138565063477
Application updates shall occur between 3AM and 6 AM CST on Wednesday morning during the middle of the NFL season.,not about look & feel,not about look & feel,0.3837209641933441
New System version releases shall be released at the beginning of each NFL season.,not about look & feel,not about look & feel,0.4165608286857605
The RFS system should be available 24/7  especially during the budgeting period. The RFS system shall be available 90% of the time all year  and 98% during the budgeting period. 2% of the time  the system will become available within 1 hour of the time that the situation is reported.,not about look & feel,not about look & feel,0.38763678073883057
98% of the user workstations shall meet the minimum hardware requirements prior to implementation. Minimum Hard Disk Space:  400MB.,not about look & feel,not about look & feel,0.359654039144516
98% of the user workstations shall meet the minimum software requirements prior to implementation: Microsoft Internet Explorer 5.0. Microsoft .NET Framework 1.1. Microsoft Internet Explorer Web Controls,not about look & feel,not about look & feel,0.42546898126602173
The RFS system should be able to easily interface with the BDW environment  in order to load the data. •;7 data files shall be received from the BDW and loaded into the RFS system within 3 hours one day prior to the start of budgeting process  every year. The data will be as of October month-end. ;Test files (7) shall be loaded up to 5 times throughout the year  from the BDW.,not about look & feel,not about look & feel,0.3840002119541168
Changes to revenue and expense formulae must be applied to the RFS system  every year  prior to the budgeting process start. Revenue and expense formulae will be updated within one week of their receipt  after which 2 weeks will be allotted to testing of the budget calculations  to be conducted jointly by the project development team and PCG Finance.,not about look & feel,not about look & feel,0.3548261821269989
New branches/complexes/districts/regions and revenue/expense accounts added to the BDW  must be reflected in the RFS system. 100% of the entities (mentioned above) available as of October month-end  will be loaded into the RFS system  prior to the budget start process.,not about look & feel,not about look & feel,0.32917553186416626
Only authorized user shall access the RFS system. ONLY users that exist in the UAS system  with the RFS system assigned to their role(s)  shall access the RFS system and use it.,not about look & feel,not about look & feel,0.38364094495773315
;User access should be limited to the permissions granted to their role(s) Each level in the PCG hierarchy will be assigned a role and users will be assigned to these roles. Access to functionality within RFS system is dependent on the privileges/permission assigned to the role..,not about look & feel,not about look & feel,0.3809220492839813
The product must comply with the intranet page standards and requirements of ENET Securities. 95% of the product look & feel will be approved by the Architecture group  prior to implementation. The remaining 5% will be corrected and approved within one month of product release.,look & feel,not about look & feel,0.36733782291412354
 The intranet pages should display appropriately in all resolutions  from 800x600 and higher. The display of all the pages will be correct in 95% of the resolutions  prior to implementation. The remaining 5% will be corrected within a week of notification of the incorrect display.,look & feel,not about look & feel,0.3679324686527252
The users should be able to easily use the system to successfully complete their budgets  within the stipulated time for completion. With a week of training prior to product implementation  98% of the users shall complete their budgets within the stipulated time.,not about look & feel,not about look & feel,0.35734307765960693
The product interface should be fast. The response time of the product interface should not exceed 2 seconds 90% of the time. For 10% of the time  the response time should not be more than 10 seconds.not be more than 10 seconds.,not about look & feel,not about look & feel,0.4106571674346924
