,precision,recall,f1-score,support
"graphical, gui, ui, widget, interaction, habit, prefer, comfortable, friendly, feeling, experience, familiar, desire, customize, intent, disability, or impression",0.18181818181818182,0.21052631578947367,0.1951219512195122,38.0
"usability, security, operational, performance, fault & tolerance, legal, maintainability, scalability, availability, or portability",0.9079754601226994,0.891566265060241,0.8996960486322187,332.0
accuracy,0.8216216216216217,0.8216216216216217,0.8216216216216217,0.8216216216216217
macro avg,0.5448968209704406,0.5510462904248573,0.5474089999258654,370.0
weighted avg,0.8333971450535868,0.8216216216216217,0.8273343845736165,370.0
