,precision,recall,f1-score,support
"graphical, gui, ui, widget, interaction, habit, prefer, comfortable, friendly, feeling, experience, or familiar",0.0,0.0,0.0,38.0
"usability, security, operational, performance, fault & tolerance, legal, maintainability, scalability, availability, or portability",0.8972972972972973,1.0,0.9458689458689459,332.0
accuracy,0.8972972972972973,0.8972972972972973,0.8972972972972973,0.8972972972972973
macro avg,0.4486486486486487,0.5,0.47293447293447294,370.0
weighted avg,0.8051424397370344,0.8972972972972973,0.8487256487256487,370.0
