Requirement text,Gold label,Predicated label,ZSL score
The system shall refresh the display every 60 seconds.,"not about appearance, interface, look & feel","not about appearance, interface, look & feel",0.9308789968490601
The application shall match the color of the schema set forth by Department of Homeland Security,"appearance, interface, look & feel","not about appearance, interface, look & feel",0.9142699241638184
 If projected  the data must be readable.  On a 10x10 projection screen  90% of viewers must be able to read Event / Activity data from a viewing distance of 30,"not about appearance, interface, look & feel","not about appearance, interface, look & feel",0.8888125419616699
 The product shall be available during normal business hours. As long as the user has access to the client PC  the system will be available 99% of the time during the first six months of operation.,"not about appearance, interface, look & feel","not about appearance, interface, look & feel",0.879781186580658
 If projected  the data must be understandable. On a 10x10 projection screen  90% of viewers must be able to determine that Events or Activities are occuring in current time from a viewing distance of 100,"not about appearance, interface, look & feel","not about appearance, interface, look & feel",0.8865268230438232
The product shall ensure that it can only be accessed by authorized users.  The product will be able to distinguish between authorized and unauthorized users in all access attempts,"not about appearance, interface, look & feel","not about appearance, interface, look & feel",0.8860130310058594
The product shall be intuitive and self-explanatory.  :  90% of new users shall be able to start the display of Events or Activities within 90 minutes of using the product.,"not about appearance, interface, look & feel","not about appearance, interface, look & feel",0.8889418840408325
The product shall respond fast to keep up-to-date data in the display.,"not about appearance, interface, look & feel","not about appearance, interface, look & feel",0.9085052609443665
The look and feel of the system shall conform to the user interface standards of the smart device.,"appearance, interface, look & feel","not about appearance, interface, look & feel",0.9161924123764038
 The user interface shall have standard menus  buttons for navigation,"appearance, interface, look & feel","not about appearance, interface, look & feel",0.9360356330871582
The system shall have a professional appearance,"appearance, interface, look & feel","appearance, interface, look & feel",0.9363909959793091
The product shall have a consistent color scheme and fonts.,"appearance, interface, look & feel","not about appearance, interface, look & feel",0.9266080856323242
The system shall be used by realtors with no training.,"not about appearance, interface, look & feel","not about appearance, interface, look & feel",0.9283945560455322
The system shall be intuitive and self explanatory.,"not about appearance, interface, look & feel","not about appearance, interface, look & feel",0.9275594353675842
The product shall be easy for a realtor to learn.,"not about appearance, interface, look & feel","not about appearance, interface, look & feel",0.929092526435852
The product shall use symbols and words that are naturally understandable by the realtor community.,"not about appearance, interface, look & feel","not about appearance, interface, look & feel",0.916698694229126
The product shall produce search results in an acceptable time,"not about appearance, interface, look & feel","not about appearance, interface, look & feel",0.9296284914016724
The search results shall be returned no later 30      seconds  after the user has entered the search criteria,"not about appearance, interface, look & feel","not about appearance, interface, look & feel",0.9090896248817444
The product shall generate a CMA report in an acceptable time.,"not about appearance, interface, look & feel","not about appearance, interface, look & feel",0.924241304397583
The CMA report shall be returned no later 60 seconds after the user has entered the CMA report criteria.,"not about appearance, interface, look & feel","not about appearance, interface, look & feel",0.893660843372345
The product shall synchronize contacts and appointments in an acceptable time.,"not about appearance, interface, look & feel","not about appearance, interface, look & feel",0.9261658191680908
The product shall synchronize with the office system every hour.,"not about appearance, interface, look & feel","not about appearance, interface, look & feel",0.9222217202186584
 The product shall be available for use 24 hours per day  365 days  per year,"not about appearance, interface, look & feel","not about appearance, interface, look & feel",0.9209631681442261
 Out of 1000 accesses to the system  the system is available 999 times.,"not about appearance, interface, look & feel","not about appearance, interface, look & feel",0.9154987931251526
The product shall operate in offline mode whenever internet connection is unavailable.,"not about appearance, interface, look & feel","not about appearance, interface, look & feel",0.9317052364349365
 The product shall allow the user to view previously downloaded search results  CMA reports  and appointments.,"not about appearance, interface, look & feel","not about appearance, interface, look & feel",0.9021210074424744
The product shall retain user preferences in the event of a failure.,"not about appearance, interface, look & feel","not about appearance, interface, look & feel",0.9304081797599792
100% of saved user preferences shall be restored when system comes back online.,"not about appearance, interface, look & feel","not about appearance, interface, look & feel",0.9259829521179199
The product shall be able to support multiple remote users,"not about appearance, interface, look & feel","not about appearance, interface, look & feel",0.9292696118354797
The product shall be able support 1000 simultaneous users.,"not about appearance, interface, look & feel","not about appearance, interface, look & feel",0.9329327940940857
The product shall be capable of handling the existing 1000 users. This number is expected to grow 5 times within the next year.,"not about appearance, interface, look & feel","not about appearance, interface, look & feel",0.8966776728630066
The product shall be installed by an untrained realtor   without recourse to separately-printed instructions.,"not about appearance, interface, look & feel","not about appearance, interface, look & feel",0.9103050827980042
90% of untrained realtors shall be able to install the product on their device without printed instructions,"not about appearance, interface, look & feel","not about appearance, interface, look & feel",0.905737042427063
The product is expected to run on Windows CE and Palm operating systems.,"not about appearance, interface, look & feel","not about appearance, interface, look & feel",0.9179844856262207
Only registered realtors shall be able to access the system.,"not about appearance, interface, look & feel","not about appearance, interface, look & feel",0.9285094738006592
Every user of the system shall be authenticated and authorized.,"not about appearance, interface, look & feel","not about appearance, interface, look & feel",0.9249405860900879
The product shall prevent its data from incorrect data being introduced.,"not about appearance, interface, look & feel","not about appearance, interface, look & feel",0.9291355013847351
The system shall be easy to use by the Program Administrators/Nursing Staff Members.,"not about appearance, interface, look & feel","not about appearance, interface, look & feel",0.9034860730171204
All of the users shall be able to use the system after one day of training.,"not about appearance, interface, look & feel","not about appearance, interface, look & feel",0.9088609218597412
The system shall help the user avoid making mistakes while scheduling classes and clinicals for the nursing students.,"not about appearance, interface, look & feel","not about appearance, interface, look & feel",0.8933581113815308
The number of mistakes noted by the students shall be decreased by 50% in the first year.,"not about appearance, interface, look & feel","not about appearance, interface, look & feel",0.9100767374038696
The system shall be intuitive to the Program Administrators/Nursing Staff Members.,"not about appearance, interface, look & feel","not about appearance, interface, look & feel",0.9103620648384094
2 out of 3 Program Administrators/Nursing Staff Members shall successfully be able to use the system to manage the scheduling of classes and clinicals.,"not about appearance, interface, look & feel","not about appearance, interface, look & feel",0.8872103095054626
The system shall use symbols and words that are naturally understandable by the user community.,"not about appearance, interface, look & feel","not about appearance, interface, look & feel",0.9191508293151855
The verbiage used within the system shall be consistent with Standard English and the terminology of the national Nursing Community.,"not about appearance, interface, look & feel","not about appearance, interface, look & feel",0.8980260491371155
Staff members shall be able to complete a set of tasks in a timely manner.,"not about appearance, interface, look & feel","not about appearance, interface, look & feel",0.9135178327560425
The response time of general student management tasks shall take no longer than 5 seconds and the response time of schedule generation shall take no longer than 30 seconds.,"not about appearance, interface, look & feel","not about appearance, interface, look & feel",0.8878213167190552
The system shall be available for use between the hours of 8am and 6pm.,"not about appearance, interface, look & feel","not about appearance, interface, look & feel",0.9192187786102295
The system shall achieve 95% up time.,"not about appearance, interface, look & feel","not about appearance, interface, look & feel",0.9289056658744812
system shall be able to handle all of the user requests/usage during business hours.,"not about appearance, interface, look & feel","not about appearance, interface, look & feel",0.9106792211532593
The system shall cater to 10 simultaneous users from 9am to 5pm.,"not about appearance, interface, look & feel","not about appearance, interface, look & feel",0.9317346811294556
The system shall be capable of processing 100% of nursing students and their classes for the next 10 years.,"not about appearance, interface, look & feel","not about appearance, interface, look & feel",0.894075870513916
The system shall be expected to manage the nursing program curriculum and class/clinical scheduling for a minimum of 5 years.,"not about appearance, interface, look & feel","not about appearance, interface, look & feel",0.8894235491752625
The system shall able to operate within a business office environment typical of the Nursing Department at DePaul University.,"not about appearance, interface, look & feel","not about appearance, interface, look & feel",0.9010485410690308
The system shall be used within the specifications defined by the computers used by the Program Administrators/Nursing Staff Members.,"not about appearance, interface, look & feel","not about appearance, interface, look & feel",0.8962719440460205
The system shall operate within the Windows XP Professional operating system.,"not about appearance, interface, look & feel","not about appearance, interface, look & feel",0.9230833053588867
The system shall interface with CampusConnect’s central server,"not about appearance, interface, look & feel","not about appearance, interface, look & feel",0.9336183071136475
The system shall interface with the faculty central server.,"not about appearance, interface, look & feel","not about appearance, interface, look & feel",0.9412741661071777
The system shall interface with the student master server.,"not about appearance, interface, look & feel","not about appearance, interface, look & feel",0.9447404742240906
We must be able to interface with any HTML browser.,"not about appearance, interface, look & feel","not about appearance, interface, look & feel",0.9438594579696655
Only authorized users shall have access to clinical site information.,"not about appearance, interface, look & feel","not about appearance, interface, look & feel",0.9231701493263245
Program Administrators/Nursing Staff Members are the only people who shall have access to clinical site details.,"not about appearance, interface, look & feel","not about appearance, interface, look & feel",0.8980938196182251
Only authorized users shall have access to students’ personal information.,"not about appearance, interface, look & feel","not about appearance, interface, look & feel",0.9212373495101929
Dr Susan Poslusny and Dr Julie Donalek are the only people who shall have access to students’ personal information.,"not about appearance, interface, look & feel","not about appearance, interface, look & feel",0.8893872499465942
Only authorized users shall have access to the portion of the system that interfaces with CampusConnect.,"not about appearance, interface, look & feel","not about appearance, interface, look & feel",0.9047956466674805
Fit Criterion: Dr Susan Poslusny and Karen Sysol are the only people who shall have access to the final class section scheduling for the system that interfaces with CampusConnect.,"not about appearance, interface, look & feel","not about appearance, interface, look & feel",0.8757979869842529
The system shall have basic data integrity checking to reduce the possibility of incorrect or invalid data being introduced.,"not about appearance, interface, look & feel","not about appearance, interface, look & feel",0.9036430716514587
The system shall protect private information in accordance with the organization’s information policy.,"not about appearance, interface, look & feel","not about appearance, interface, look & feel",0.9135124683380127
The system shall be built such that it is as secure as possible from malicious interference.,"not about appearance, interface, look & feel","not about appearance, interface, look & feel",0.9120345711708069
The system shall use the organization’s standard virus protection software to help monitor threats to itself.,"not about appearance, interface, look & feel","not about appearance, interface, look & feel",0.9001593589782715
The Disputes application shall comply with the corporate standards for user interface creation for internally and externally used applications.,"appearance, interface, look & feel","not about appearance, interface, look & feel",0.9200030565261841
All screens created as part of the Disputes application must comply with corporate standards for interface creation.,"appearance, interface, look & feel","not about appearance, interface, look & feel",0.920897364616394
The list of dispute cases that are displayed after a search is performed must be color coded for easy identification of dispute cases based upon the dispute case status.,"not about appearance, interface, look & feel","not about appearance, interface, look & feel",0.8975816965103149
100% of the cardmember and merchant services representatives shall use the Disputes application regularly after a 2-day training course.,"not about appearance, interface, look & feel","not about appearance, interface, look & feel",0.9002174735069275
100% of cardmember services representatives shall be able to successfully create a dispute case on the first encounter after completing the training course.,"not about appearance, interface, look & feel","not about appearance, interface, look & feel",0.9053713083267212
100% of merchant services representatives shall be able to successfully perform a follow up action on a dispute case on the first encounter after completing the training course.,"not about appearance, interface, look & feel","not about appearance, interface, look & feel",0.8996307253837585
The maximum wait time for a user navigating from one screen to another within the Disputes application shall be no more than 5 seconds.,"not about appearance, interface, look & feel","not about appearance, interface, look & feel",0.8985286951065063
The Disputes application shall support 350 concurrent users without any degradation of performance in the application.,"not about appearance, interface, look & feel","not about appearance, interface, look & feel",0.9180683493614197
 The Disputes application shall be available 24x7x365  with the exception of the following scheduled maintenance windows.  Monday – Saturday 3:00am to 4:00am EST Sunday 1:00amd to 5:00am EST,"not about appearance, interface, look & feel","not about appearance, interface, look & feel",0.885181725025177
The Disputes application shall interface with the Statement Database. The Statement Database provides the transaction details to the Disputes System. All transaction details must be obtained from the Statement Database,"not about appearance, interface, look & feel","not about appearance, interface, look & feel",0.8929097652435303
The Disputes application shall interface with the Cardmember Information Database.  The Cardmember Information Database provides detailed information with regard to a cardmember.  All cardmember detail information must be obtained from the Cardmember Information Database.,"not about appearance, interface, look & feel","not about appearance, interface, look & feel",0.8779692649841309
The Disputes applications shall interface with the Merchant Information Database.  The Merchant Information Database provides detailed information with regard to the merchant. All merchant detail information shall be obtained from the Merchant Information Database.,"not about appearance, interface, look & feel","not about appearance, interface, look & feel",0.8806546330451965
The Disputes application shall interface with the Letters application.  This will allow the Disputes application to request letters as part of the dispute initiation and dispute follow up process. All letter requests must be sent to the Print Letter Utility application.,"not about appearance, interface, look & feel","not about appearance, interface, look & feel",0.8781923055648804
The Disputes application shall interface with the Cardmember Posting and Billing System.  This will allow the Disputes application to request adjustments to cardmember and merchant’s accounts. All adjustment requests must be sent to the Cardmember Posting and Billing System.,"not about appearance, interface, look & feel","not about appearance, interface, look & feel",0.8756586313247681
The Disputes application shall ensure that only users with the appropriate access level are allowed to initiate dispute requests.,"not about appearance, interface, look & feel","not about appearance, interface, look & feel",0.9114140868186951
Only users with Update access must be able to initiate dispute requests.,"not about appearance, interface, look & feel","not about appearance, interface, look & feel",0.9350894093513489
The Disputes application shall ensure that only authorized users are allowed to logon to the application.,"not about appearance, interface, look & feel","not about appearance, interface, look & feel",0.9030669927597046
 All authorized users  once authenticated must be able to logon to the Disputes System,"not about appearance, interface, look & feel","not about appearance, interface, look & feel",0.9152428507804871
The Disputes System shall generate a User Report that details any new users that have been added and any changes to an existing user’s access level.  The report will be reviewed for auditing purposes.,"not about appearance, interface, look & feel","not about appearance, interface, look & feel",0.8856484293937683
All additions of new users and modifications to user’s access shall be recorded on the User Report.,"not about appearance, interface, look & feel","not about appearance, interface, look & feel",0.9116706848144531
 If a user account is revoked  it can only be re-instantiated by the System Administrator.,"not about appearance, interface, look & feel","not about appearance, interface, look & feel",0.9156726598739624
Only the System Administrator shall be able to reset a revoked user logon account,"not about appearance, interface, look & feel","not about appearance, interface, look & feel",0.9233852624893188
The Disputes application shall manipulate and view business data. Users will not have direct access to data files or databases.,"not about appearance, interface, look & feel","not about appearance, interface, look & feel",0.9036458134651184
All updates to data files or database must be initiated from the Disputes System.,"not about appearance, interface, look & feel","not about appearance, interface, look & feel",0.9198228716850281
The Disputes application must conform to the legal requirements as specified by the Merchant Operating Regulations.,"not about appearance, interface, look & feel","not about appearance, interface, look & feel",0.9113218784332275
All business rules specified in the Disputes System shall be in compliance with the Merchant Operating Regulations.,"not about appearance, interface, look & feel","not about appearance, interface, look & feel",0.910891056060791
The Disputes application must conform to the legal requirements as specified by Regulation E and Regulation Z that govern credit card disputes processing.,"not about appearance, interface, look & feel","not about appearance, interface, look & feel",0.8930085301399231
All business rules specified in the Disputes System shall be in compliance to the guidelines of Regulation E and Regulation Z.,"not about appearance, interface, look & feel","not about appearance, interface, look & feel",0.8965301513671875
The Disputes application must maintain a detailed history of every action that a user takes on a dispute case.  This ensures a complete audit trail if questions arise later on with regard to a particular dispute case.,"not about appearance, interface, look & feel","not about appearance, interface, look & feel",0.8841694593429565
All actions that modify an existing dispute case must be recorded in the case history.,"not about appearance, interface, look & feel","not about appearance, interface, look & feel",0.9207556247711182
The product must support Internet Explorer 5.5 and above.,"not about appearance, interface, look & feel","not about appearance, interface, look & feel",0.9192332029342651
The product must support Mozilla Firefox 1.0 and above.,"not about appearance, interface, look & feel","not about appearance, interface, look & feel",0.9214743971824646
The product shall interface with the Choice Parts System.  This provides the feed of recycled parts data.,"not about appearance, interface, look & feel","not about appearance, interface, look & feel",0.9237954616546631
The product shall run on the existing hardware for all environments.,"not about appearance, interface, look & feel","not about appearance, interface, look & feel",0.9360420107841492
The product shall adhere to the corporate Architecture guidelines,"not about appearance, interface, look & feel","not about appearance, interface, look & feel",0.9183565378189087
The product shall comply with corporate User Interface Guidelines,"appearance, interface, look & feel","not about appearance, interface, look & feel",0.9244232773780823
The product shall comply with corporate color scheme,"appearance, interface, look & feel","appearance, interface, look & feel",0.9212574362754822
The appearance of the product shall appear professional,"appearance, interface, look & feel","appearance, interface, look & feel",0.9405950307846069
The product shall be easy to use by Adjusters and Collision Estimators.  95% of Adjusters and Collision Estimators shall find the product easy to use.,"not about appearance, interface, look & feel","not about appearance, interface, look & feel",0.8714067935943604
The product shall increase productivity of Collision Estimators. 80% of the Collision Estimators shall agree their productivity has increase within 1 month of using the product.,"not about appearance, interface, look & feel","not about appearance, interface, look & feel",0.8853143453598022
Users shall feel satisfied using the product.  85% of all users will be satisfied with the product.,"not about appearance, interface, look & feel","not about appearance, interface, look & feel",0.9117846488952637
The product shall be easy to learn by Adjusters and Collision Estimators.  The product shall be learned with two days onsite training,"not about appearance, interface, look & feel","not about appearance, interface, look & feel",0.8906832337379456
The user shall easily locate instructions while using the product.  User help can be found within 90% of the system.,"not about appearance, interface, look & feel","not about appearance, interface, look & feel",0.8948116898536682
The search for recycled parts shall take no longer than 15 seconds.  The search results shall be returned in under 15 seconds.,"not about appearance, interface, look & feel","not about appearance, interface, look & feel",0.8947646021842957
The search for the preferred repair facility shall take no longer than 8 seconds.  The preferred repair facility is returned within 8 seconds,"not about appearance, interface, look & feel","not about appearance, interface, look & feel",0.8985148668289185
The recycled parts audit report shall be returned to the user within 10 seconds.  The audit report shall be returned within 10 seconds.,"not about appearance, interface, look & feel","not about appearance, interface, look & feel",0.8851574659347534
The preferred repair facility ratings shall be saved within 5 seconds. The save shall occur within 5 seconds.,"not about appearance, interface, look & feel","not about appearance, interface, look & feel",0.8963270783424377
The product shall adhere to the corporate online availability schedule.  The application is brought down only within 98% of the scheduled outages per the availability schedule.,"not about appearance, interface, look & feel","not about appearance, interface, look & feel",0.8945693969726562
The product shall achieve a 98% uptime. The product shall not fail more than 2% of the available online time.,"not about appearance, interface, look & feel","not about appearance, interface, look & feel",0.8965572118759155
The product shall be able to handle up to 1500 simultaneous users. The system shall perform with 1500 users as a time.,"not about appearance, interface, look & feel","not about appearance, interface, look & feel",0.8949484825134277
 The average number of recycled parts records per day shall be 50 000.,"not about appearance, interface, look & feel","not about appearance, interface, look & feel",0.9299554228782654
 The product shall be able to handle 10 000 concurrent users within 2 years of the initial launch.,"not about appearance, interface, look & feel","not about appearance, interface, look & feel",0.9147306680679321
 For estimators  the product shall be able to be operated in a repair facility during dirty and noisy conditions.,"not about appearance, interface, look & feel","not about appearance, interface, look & feel",0.8984899520874023
The product shall interface with the ChoiceParts system once per day at approximately 1:00 AM.,"not about appearance, interface, look & feel","not about appearance, interface, look & feel",0.9166568517684937
The maintenance of the product will fall within the established corporate maintenance windows.,"not about appearance, interface, look & feel","not about appearance, interface, look & feel",0.9186192154884338
The product shall be supported using the corporate support center.,"not about appearance, interface, look & feel","not about appearance, interface, look & feel",0.9316132664680481
Product installations and upgrades shall be handled by the middleware technology team within established launch time frames.,"not about appearance, interface, look & feel","not about appearance, interface, look & feel",0.9057584404945374
Only adjusters can request recycled parts audit reports. No users without an adjuster role shall request recycled parts audits.,"not about appearance, interface, look & feel","not about appearance, interface, look & feel",0.8916250467300415
Only adjusters with a supervisor role can update preferred repair facility ratings. Users without the supervisor role cannot access the repair facility ratings.,"not about appearance, interface, look & feel","not about appearance, interface, look & feel",0.8885782957077026
Only collision estimators shall search for recycled parts.  Users without the collision estimator role shall not have access to the search for recycled parts.,"not about appearance, interface, look & feel","not about appearance, interface, look & feel",0.8874533176422119
Only valid data shall be entered into the system.  No invalid data shall be entered into the system.,"not about appearance, interface, look & feel","not about appearance, interface, look & feel",0.8926247358322144
One insurance company shall not be able to view another insurance companys claim data.,"not about appearance, interface, look & feel","not about appearance, interface, look & feel",0.920525848865509
The product shall free of computer viruses.,"not about appearance, interface, look & feel","appearance, interface, look & feel",0.9333280324935913
The system shall prevent malicious attacks including denial of service.,"not about appearance, interface, look & feel","not about appearance, interface, look & feel",0.943344235420227
The product must comply with Sarbanes-Oxley.,"not about appearance, interface, look & feel","not about appearance, interface, look & feel",0.9318087697029114
The product shall comply with the estimatics laws relating to recycled parts usage.,"not about appearance, interface, look & feel","not about appearance, interface, look & feel",0.9125233888626099
The product shall comply with insurance regulations regarding claims processing.,"not about appearance, interface, look & feel","not about appearance, interface, look & feel",0.9247973561286926
 The product must work with most database management systems (DBMS) on the market  whether the DBMS is colocated with the product on the same machine or is located on a different machine on the computer network.,"not about appearance, interface, look & feel","not about appearance, interface, look & feel",0.8732737302780151
The product will function alongside server software on any operating system where the Java runtime can be installed.,"not about appearance, interface, look & feel","not about appearance, interface, look & feel",0.9165830016136169
The product will require collaboration with a database management system (DBMS).  The DBMS may be located on the same machine as the product or on a separate machine residing on the same computer network.,"not about appearance, interface, look & feel","not about appearance, interface, look & feel",0.8793940544128418
 The product must make use of web/application server technology.  Open source examples include Apache web server  Tomcat  and the JBoss application server.,"not about appearance, interface, look & feel","not about appearance, interface, look & feel",0.8988506197929382
 A database management system such as Oracle  DB2  MySql or HSQL will need to be integrated with the product.,"not about appearance, interface, look & feel","not about appearance, interface, look & feel",0.9090003967285156
 The product’s Look and Feel shall be able to incorporate aspects of the customer’s organization such as logo  branding  and identity,"appearance, interface, look & feel","not about appearance, interface, look & feel",0.8901442289352417
The product shall have a conservative and professional appearance.,"appearance, interface, look & feel","not about appearance, interface, look & feel",0.934852659702301
The product shall make the users want to use it. 80% of the users surveyed report they are regularly using the product after the first 2 weeks post-launch.,"not about appearance, interface, look & feel","not about appearance, interface, look & feel",0.8835343718528748
The product shall be easy to use. 90% of users will be able to successfully reserve a conference room within 5 minutes of product use.,"not about appearance, interface, look & feel","not about appearance, interface, look & feel",0.8956133723258972
The product shall give users feedback when necessary. 80% of the users surveyed report that the product accurately confirms their actions.,"not about appearance, interface, look & feel","not about appearance, interface, look & feel",0.8987982273101807
The product shall allow the user to select a chosen language from one of the target market countries.,"not about appearance, interface, look & feel","not about appearance, interface, look & feel",0.9123806357383728
The product shall allow for customization of start page and views preferences.,"not about appearance, interface, look & feel","not about appearance, interface, look & feel",0.9266003370285034
 An employee will be able to successfully use the product within a few minutes.  After informally navigating the product for less than 15 minutes  users shall be able to successfully setup meetings and reserve conference rooms.,"not about appearance, interface, look & feel","not about appearance, interface, look & feel",0.8793177008628845
The product shall use a standard navigation menu familiar to most web users.,"not about appearance, interface, look & feel","not about appearance, interface, look & feel",0.9261285066604614
The product shall allow for intuitive searching of available conference rooms.,"not about appearance, interface, look & feel","not about appearance, interface, look & feel",0.9253365993499756
The product shall conform to the Americans with Disabilities Act.,"not about appearance, interface, look & feel","not about appearance, interface, look & feel",0.9267473220825195
The response shall be fast enough to avoid interrupting the user’s flow of thought.  90% of tasks shall complete within 5 seconds.  98% of tasks shall complete within 8 seconds.,"not about appearance, interface, look & feel","not about appearance, interface, look & feel",0.8828370571136475
 Aside from server failure  the software product shall achieve 99.99% up time.,"not about appearance, interface, look & feel","not about appearance, interface, look & feel",0.908657431602478
The product shall create an exception log of problems encountered within the product for transmission to our company for analysis and resolution.,"not about appearance, interface, look & feel","not about appearance, interface, look & feel",0.8941985368728638
 The product shall be capable of handling up to 1 000 concurrent requests.  This number will increase to 2 000 by Release 2.  The concurrency capacity must be able to handle peak scheduling times such as early morning and late afternoon hours.,"not about appearance, interface, look & feel","not about appearance, interface, look & feel",0.8681984543800354
 The product shall be able to process 10 000 transactions per hour within two years of its launch.  This number will increase to 20 000 by Release 2.,"not about appearance, interface, look & feel","not about appearance, interface, look & feel",0.8914963006973267
The product shall be expected to operate for at least 5 years for each customer installation.,"not about appearance, interface, look & feel","not about appearance, interface, look & feel",0.9081571102142334
The product shall be used in office environments.,"not about appearance, interface, look & feel","not about appearance, interface, look & feel",0.9298341870307922
The product must be able to interface with any HTML browser.  The product shall transmit data between the user and the product without problems. The product shall display HTML properly in 80% of all HTML browsers tested (minimum is to test 8 browsers).,"not about appearance, interface, look & feel","not about appearance, interface, look & feel",0.8667762875556946
The product must be able to interface with various database management systems. The product shall communicate successfully with the database management system on 100% of all transactions.,"not about appearance, interface, look & feel","not about appearance, interface, look & feel",0.8942053914070129
The product must be able to interface with various email servers. The product shall be able to send email.,"not about appearance, interface, look & feel","not about appearance, interface, look & feel",0.9036927223205566
The product shall be available for distribution via the Internet as a binary or ZIP file.,"not about appearance, interface, look & feel","not about appearance, interface, look & feel",0.9151102304458618
The product shall be available for distribution as a packaged CD.,"not about appearance, interface, look & feel","not about appearance, interface, look & feel",0.9275071024894714
 The product will be available for licensing as a one-server  two-five servers  or five-or-more servers license.,"not about appearance, interface, look & feel","not about appearance, interface, look & feel",0.8933959007263184
A new user must be able to be added to the system within 10 minutes.  90% of new users are able to log into the system within 10 minutes.,"not about appearance, interface, look & feel","not about appearance, interface, look & feel",0.8851381540298462
The product must be designed using Design Patterns and coding best practices.  90% of maintenance software developers are able to integrate new functionality into the product with 2 working days.,"not about appearance, interface, look & feel","not about appearance, interface, look & feel",0.8850677013397217
The product must be highly configurable for use with various database management systems for the end users.  80% of end users are able to integrate new database management systems with the product without changing the product’s software code.,"not about appearance, interface, look & feel","not about appearance, interface, look & feel",0.8722677230834961
Maintenance releases will be offered to customers once a year.  The releases shall take no longer than 5 minutes for 80% of the customer base to install.,"not about appearance, interface, look & feel","not about appearance, interface, look & feel",0.8997640609741211
Every registered user will have access to the product’s support site via the Internet.  70% of registered users shall find a solution to their problem within 5 minutes of using the support site.,"not about appearance, interface, look & feel","not about appearance, interface, look & feel",0.880845844745636
The customer shall be able to easily integrate new building maps with the product throughout the product’s lifecycle.  Integration of new maps with the product shall be possible with little to no support from product support staff.,"not about appearance, interface, look & feel","not about appearance, interface, look & feel",0.8679565787315369
 The product shall be translated into foreign languages other than the target market countries’ languages in future releases.  For each emerging target market  it shall take no more than 5 days to configure the product for that market’s language.,"not about appearance, interface, look & feel","not about appearance, interface, look & feel",0.8784382343292236
 The product is expected to integrate with multiple database management systems.  The product will operate with Oracle  SQL Server  DB2  MySQL  HSQL  and MS Access.,"not about appearance, interface, look & feel","not about appearance, interface, look & feel",0.8899638652801514
The product shall be able to be installed in any operating environment within 2 days.,"not about appearance, interface, look & feel","not about appearance, interface, look & feel",0.9174796938896179
The product shall ensure that only company employees or external users with company-approved user IDs may have product access.  100% of all logons shall be by either company employees or external users with company-approved user IDs.,"not about appearance, interface, look & feel","not about appearance, interface, look & feel",0.8767085075378418
Only managers are able to perform search queries for reservations by user.  100% of all search queries for reservations by user shall be from logons of only management logons.,"not about appearance, interface, look & feel","not about appearance, interface, look & feel",0.8858411312103271
The product shall ensure that the database’s data corresponds to the data entered by the user.  Each conference room reservation in the system will contain the same information as was entered by the user.,"not about appearance, interface, look & feel","not about appearance, interface, look & feel",0.8705617189407349
The product shall prevent the input of malicious data.  The product and/or adjacent hardware/software systems’ data shall remain 100% uncorrupted each time malicious data is input into the product.,"not about appearance, interface, look & feel","not about appearance, interface, look & feel",0.8757455945014954
The product and/or dependent databases/filesystems shall remain operational as a result of the input of malicious data.  The product and/or dependent databases/filesystems shall not crash 100% of the time that malicious data is input into the product.,"not about appearance, interface, look & feel","not about appearance, interface, look & feel",0.8723881840705872
The product shall have the ability to receive automatic software updates as new threats emerge.  100% of customers will be able to receive automatic software updates transmitted to the installed product.,"not about appearance, interface, look & feel","not about appearance, interface, look & feel",0.8832711577415466
The language of the product shall accommodate all of the target market countries. 90% of survey respondents from each target market country will find that the language of the product is acceptable.,"not about appearance, interface, look & feel","not about appearance, interface, look & feel",0.8850662112236023
The product shall be able to display calendar dates and times according to the user’s locale.  90% of survey respondents from each target market country will find that the date and time formatting of the product is correct.,"not about appearance, interface, look & feel","not about appearance, interface, look & feel",0.8748824000358582
The product must be developed with the J2SE/J2EE programming language libraries,"not about appearance, interface, look & feel","not about appearance, interface, look & feel",0.9202127456665039
Recreation of Inventory Quantity Adjustment for the period of previous 30 days shall take no more than 30min.,"not about appearance, interface, look & feel","not about appearance, interface, look & feel",0.9060055613517761
The System shall allow for a minimum of  6 users to work at the same time.,"not about appearance, interface, look & feel","not about appearance, interface, look & feel",0.9192988276481628
The System shall utilize currently owned computer equipment.,"not about appearance, interface, look & feel","not about appearance, interface, look & feel",0.9316096901893616
The System shall be able to automatically backup business data and restore them on demand.,"not about appearance, interface, look & feel","not about appearance, interface, look & feel",0.912085771560669
The System shall maintain consistent security.  Any changes in user passwords and/or permissions should take affect in all parts of the System.,"not about appearance, interface, look & feel","not about appearance, interface, look & feel",0.8960754871368408
The System shall granularly control access rights to all major subsystems.  It should be possible to assign access rights to all subsystems independently.,"not about appearance, interface, look & feel","not about appearance, interface, look & feel",0.8895334005355835
The System shall meet all applicable accounting standards.  The final version of the System must successfully pass independent audit performed by a certified auditor.,"not about appearance, interface, look & feel","not about appearance, interface, look & feel",0.9006922245025635
The System shall not require additional third party licenses resulting in royalty fees.,"not about appearance, interface, look & feel","not about appearance, interface, look & feel",0.9295846223831177
Administrator shall be able to activate a pre-paid card via the Administration section in under 5 seconds.,"not about appearance, interface, look & feel","not about appearance, interface, look & feel",0.8933634757995605
 Customer shall be able to check the status of their prepaid card  by entering in the PIN number  in under 5 seconds.,"not about appearance, interface, look & feel","not about appearance, interface, look & feel",0.8991450667381287
System shall let customers register on the website as a “pay as you go” user in under 5 minutes.,"not about appearance, interface, look & feel","not about appearance, interface, look & feel",0.8986373543739319
System shall let customers register on the website as a “unlimited movie subscriber” user in under 10 minutes.,"not about appearance, interface, look & feel","not about appearance, interface, look & feel",0.9058272838592529
System shall let existing customers log into the website with their email address and password in under 5 seconds.,"not about appearance, interface, look & feel","not about appearance, interface, look & feel",0.9077954888343811
 System shall let customers cancel their account  process shall take no longer than 2 minutes.  Database will mark the account as inactive  and user will not be able to log into the website.,"not about appearance, interface, look & feel","not about appearance, interface, look & feel",0.8901656270027161
System shall let administrator de-activate a customer account in under 1 minute. Customer will no longer be able to access the website.,"not about appearance, interface, look & feel","not about appearance, interface, look & feel",0.8989202976226807
System shall let administrator add/remove movies on the website in under 5 minutes.  Entered movie information will be stored in the database and will now be available on the website.,"not about appearance, interface, look & feel","not about appearance, interface, look & feel",0.8836280107498169
System shall let the administrator add/remove categories on the website in under 5 minutes.,"not about appearance, interface, look & feel","not about appearance, interface, look & feel",0.9074171781539917
System shall let Izogn Manager access sales and usage statistics in under 2 minutes.,"not about appearance, interface, look & feel","not about appearance, interface, look & feel",0.9177671074867249
System shall let administrators generate unique pre-paid pins in under 2 minutes and generate an Excel file with the generated PINs.,"not about appearance, interface, look & feel","not about appearance, interface, look & feel",0.8912489414215088
The website shall be attractive to all audiences.  The website shall appear to be fun and the colors should be bright and vibrant.,"appearance, interface, look & feel","not about appearance, interface, look & feel",0.8825383186340332
 The website should have an African feel  but should not alienate non-Africans.  The website should use animation on pages which are describing the services  to grab the users attention and encourage them to sign up.,"appearance, interface, look & feel","not about appearance, interface, look & feel",0.8802168965339661
 The website design should be modern  clean  and concise.,"appearance, interface, look & feel","not about appearance, interface, look & feel",0.9307860732078552
The product should be able to be used by 90% of novice users on the Internet.,"not about appearance, interface, look & feel","not about appearance, interface, look & feel",0.9089611768722534
 Users should only have to navigate through a maximum of 4 pages  to create an account with the website.,"not about appearance, interface, look & feel","not about appearance, interface, look & feel",0.9053490161895752
Users should be able to access their streaming movies in under 2 clicks after logging into the website.,"not about appearance, interface, look & feel","not about appearance, interface, look & feel",0.9100472331047058
An anonymous survey will show that 70% of customers are comfortable purchasing streaming movies after 2 weeks using the website.,"not about appearance, interface, look & feel","not about appearance, interface, look & feel",0.9048019647598267
An anonymous survey will show that 95% of customers are comfortable using and purchasing pre-paid cards after a month of using the system.,"not about appearance, interface, look & feel","not about appearance, interface, look & feel",0.8966954350471497
The product shall retain the customer’s buying preferences and information.,"not about appearance, interface, look & feel","not about appearance, interface, look & feel",0.9231839179992676
The product shall be easy for customers with novice skills on the  Internet to purchase and watch streaming movies.  Customers should be able to purchase and watch a pre-determined movie in under 3 minutes.,"not about appearance, interface, look & feel","not about appearance, interface, look & feel",0.8707661032676697
The product shall use symbols and words that are naturally understandable by users familiar with websites,"not about appearance, interface, look & feel","not about appearance, interface, look & feel",0.9255547523498535
The website will use standard Internet conventions when interacting with the user.,"not about appearance, interface, look & feel","not about appearance, interface, look & feel",0.9277098774909973
 Any interface between a user and the automated system shall have a maximum response time of 5 seconds  unless noted by an exception below.,"not about appearance, interface, look & feel","not about appearance, interface, look & feel",0.8945369124412537
 When purchasing a streaming movie or pre-paid card via credit card  the processing time should have a maximum response time of 15 seconds.,"not about appearance, interface, look & feel","not about appearance, interface, look & feel",0.8904310464859009
 When streaming a movie  the buffering time should take no longer than 10 seconds (plus any latency on the user’s connection.),"not about appearance, interface, look & feel","not about appearance, interface, look & feel",0.9028363227844238
 While streaming a movie  buffering should only occur if there is latency in the user’s connection.,"not about appearance, interface, look & feel","not about appearance, interface, look & feel",0.9066404104232788
 All credit card information will be secured on the server  and only accessible by authorized Izogn administrators.  Information will be encrypted in the database.,"not about appearance, interface, look & feel","not about appearance, interface, look & feel",0.8916865587234497
 The website shall be available for use 24 hours per day  365 days per year.,"not about appearance, interface, look & feel","not about appearance, interface, look & feel",0.918914258480072
The website shall achieve 99.5% up time.,"not about appearance, interface, look & feel","not about appearance, interface, look & feel",0.9212180376052856
 All movies shall be streamed on demand  at any time of the day.,"not about appearance, interface, look & feel","not about appearance, interface, look & feel",0.9312537908554077
The website shall continue to operate if the streaming server goes down.,"not about appearance, interface, look & feel","not about appearance, interface, look & feel",0.9303608536720276
The website shall continue to operate if the payment gateway goes down.,"not about appearance, interface, look & feel","not about appearance, interface, look & feel",0.9295435547828674
The streaming server will support 50 simultaneous streaming connections.,"not about appearance, interface, look & feel","not about appearance, interface, look & feel",0.9326984286308289
The streaming server will support a maximum of 700 movies  new servers can be added to support more movies.,"not about appearance, interface, look & feel","not about appearance, interface, look & feel",0.906466007232666
 The server will support a maximum of 1 000 simultaneous users.,"not about appearance, interface, look & feel","not about appearance, interface, look & feel",0.9369000196456909
 The website shall be capable of supporting 100 000 customers.,"not about appearance, interface, look & feel","not about appearance, interface, look & feel",0.9313795566558838
The product shall be expected to operate within the maximum maintenance budget for a minimum of 2 years.,"not about appearance, interface, look & feel","not about appearance, interface, look & feel",0.9095094799995422
All aspects of the website shall be accessed by a web browser over the Internet.,"not about appearance, interface, look & feel","not about appearance, interface, look & feel",0.9180307388305664
The same hardware supporting the current website will be used to support the new system.,"not about appearance, interface, look & feel","not about appearance, interface, look & feel",0.9191420674324036
 We must be able to interface with the following browsers: IE 5.X  6.0  Netscape 6.x  7.x  8.x and Firefox 1.0.,"not about appearance, interface, look & feel","not about appearance, interface, look & feel",0.8806844353675842
Website must interface with the CyberSource API to process credit card transactions.,"not about appearance, interface, look & feel","not about appearance, interface, look & feel",0.9284471273422241
Website must be fully operational with MSN TV2.,"not about appearance, interface, look & feel","not about appearance, interface, look & feel",0.9282503724098206
Movies shall be encoded and streamed via Windows Media Player 9.0.,"not about appearance, interface, look & feel","not about appearance, interface, look & feel",0.9226377010345459
Movies shall be encoded for 56k and 256k streams.,"not about appearance, interface, look & feel","not about appearance, interface, look & feel",0.9251799583435059
Promotional updates to the website should take a day to update.,"not about appearance, interface, look & feel","not about appearance, interface, look & feel",0.9132755994796753
Izogn Administrator must be able to update the category listings on the website within 2 minutes.,"not about appearance, interface, look & feel","not about appearance, interface, look & feel",0.9093180894851685
Izogn Administrator must be able to add new products to the website within 2 minutes.,"not about appearance, interface, look & feel","not about appearance, interface, look & feel",0.9094786047935486
The system will provide a 24 hour 800 toll free number for support to its customers.,"not about appearance, interface, look & feel","not about appearance, interface, look & feel",0.9196386337280273
The website will provide a help section with answers and solutions to common problems.,"not about appearance, interface, look & feel","not about appearance, interface, look & feel",0.9149041771888733
 Velkat staff will be available for phone support between 7am-7pm  M-F to provide technical support to the Izogn administrators.,"not about appearance, interface, look & feel","not about appearance, interface, look & feel",0.8901976943016052
The product shall be able to be installed in the specified environment within 1 working day.,"not about appearance, interface, look & feel","not about appearance, interface, look & feel",0.9098083972930908
Only registered customers can purchase streaming movies.,"not about appearance, interface, look & feel","appearance, interface, look & feel",0.9276600480079651
 A customer can only stream a movie if they purchased it  and are within the 2 day viewing period.,"not about appearance, interface, look & feel","not about appearance, interface, look & feel",0.9031751155853271
Only authorized personnel can access customer records in the database.,"not about appearance, interface, look & feel","not about appearance, interface, look & feel",0.922421395778656
Only administrators can activate a pre-paid card.,"not about appearance, interface, look & feel","not about appearance, interface, look & feel",0.9137148857116699
Only authorized personnel can access sales information.,"not about appearance, interface, look & feel","appearance, interface, look & feel",0.924039363861084
The website shall prevent its data from being corrupted when incorrect data is entered in.,"not about appearance, interface, look & feel","not about appearance, interface, look & feel",0.9133689403533936
 The website shall protect itself from intentional abuse  and notify the administrator at all occurrences.,"not about appearance, interface, look & feel","not about appearance, interface, look & feel",0.9184708595275879
Data integrity scripts will be run on a weekly basis to verify the integrity of the database.,"not about appearance, interface, look & feel","not about appearance, interface, look & feel",0.9029073715209961
 The website shall make its user aware of its information practices before collection data from them via a Privacy Policy  accessible on all pages of the website.,"not about appearance, interface, look & feel","not about appearance, interface, look & feel",0.9019646644592285
The system shall notify customers of changes to its information policy.,"not about appearance, interface, look & feel","not about appearance, interface, look & feel",0.9235221743583679
The system shall reveal private information only in compliance with the organization’s information policy.,"not about appearance, interface, look & feel","not about appearance, interface, look & feel",0.9041372537612915
 All customer information will be stored on a secure database  accessible only to authorized personnel.,"not about appearance, interface, look & feel","not about appearance, interface, look & feel",0.9157218933105469
All credit card information will be encrypted in the database.,"not about appearance, interface, look & feel","not about appearance, interface, look & feel",0.9225494861602783
The streaming server will have anti-virus software to prevent infection of malicious viruses.,"not about appearance, interface, look & feel","not about appearance, interface, look & feel",0.919933557510376
The website should cater to all tribes in Nigeria.,"appearance, interface, look & feel","not about appearance, interface, look & feel",0.9223198890686035
The website shall not be offensive to religious or ethnic groups.,"appearance, interface, look & feel","not about appearance, interface, look & feel",0.92845219373703
 The website should appeal to all Africans  not only Nigerians.,"appearance, interface, look & feel","not about appearance, interface, look & feel",0.9244670271873474
The website should use Flash to provide animation on the home page.,"not about appearance, interface, look & feel","not about appearance, interface, look & feel",0.919822096824646
IzognMovies shall meet the licensing requirements set forth by the appropriate organizations in order to stream African movies.,"not about appearance, interface, look & feel","not about appearance, interface, look & feel",0.8989859223365784
The website will comply with W3C standards.,"not about appearance, interface, look & feel","appearance, interface, look & feel",0.9260192513465881
The PHP code will comply with PEAR standards.,"not about appearance, interface, look & feel","not about appearance, interface, look & feel",0.9263977408409119
Total lead cycle time must be completed in 5 minutes for 90% of lead volume between the business hours of 8AM CST to 8PM CST  then 3 minutes for 99% of lead volume during off business hours.,"not about appearance, interface, look & feel","not about appearance, interface, look & feel",0.8766462206840515
No lead evaluation will complete in a time period longer than 25 seconds for 97% of all leads processed.,"not about appearance, interface, look & feel","not about appearance, interface, look & feel",0.9085034132003784
For leads that process longer than 25 seconds the system will record the event and duration,"not about appearance, interface, look & feel","not about appearance, interface, look & feel",0.9168117642402649
The process must fit within the processing time conditions set forth by the Auto Rep Assignment process in which a lead is assigned within 3 minutes of the total life cycle.,"not about appearance, interface, look & feel","not about appearance, interface, look & feel",0.8862340450286865
The lead washing process will operate within the established physical web service structure.,"not about appearance, interface, look & feel","not about appearance, interface, look & feel",0.9243021607398987
 The washing process must use a non binding  neutral data format  such as xml  when receiving and processing lead data.,"not about appearance, interface, look & feel","not about appearance, interface, look & feel",0.9003958702087402
Defect reports will be available to technical units on a 24x7 basis.,"not about appearance, interface, look & feel","not about appearance, interface, look & feel",0.9203511476516724
Washing parameters will be updated during scheduled maintenance hours.,"not about appearance, interface, look & feel","not about appearance, interface, look & feel",0.936741828918457
The product shall simulate the look of ships at sea.,"appearance, interface, look & feel","not about appearance, interface, look & feel",0.9350184202194214
The product shall display the grids within a circle as a view from a periscope.,"appearance, interface, look & feel","not about appearance, interface, look & feel",0.9111737608909607
The product shall display each type of ship in a grid using an image of the specific type of ship.,"appearance, interface, look & feel","not about appearance, interface, look & feel",0.9001163244247437
 When the offensive player takes a shot  the product shall simulate the sound of a ship at sea.,"appearance, interface, look & feel","not about appearance, interface, look & feel",0.9006422162055969
 When a shot is marked as a miss  the product shall simulate the sound of a shot missing its target.,"appearance, interface, look & feel","not about appearance, interface, look & feel",0.9027594923973083
 When a shot is marked as a hit  the product shall simulate the sound of a shot hitting its target.,"appearance, interface, look & feel","not about appearance, interface, look & feel",0.9022611379623413
 When a ship is sunk  the product shall simulate the sound of a sinking ship.,"appearance, interface, look & feel","not about appearance, interface, look & feel",0.9034956097602844
 The product shall be available 24 hours per day  seven days per week.,"not about appearance, interface, look & feel","not about appearance, interface, look & feel",0.9267939329147339
The product shall able to handle a large number of games simultaneously.,"not about appearance, interface, look & feel","not about appearance, interface, look & feel",0.9313620924949646
The response time shall be fast enough to maintain the flow of the game.  The response time shall be no more than 2 seconds for 95% of responses and no more than 4% for the remaining responses.,"not about appearance, interface, look & feel","not about appearance, interface, look & feel",0.8788444995880127
The product shall protect the identity of the players. The product shall provide players no access to information that might reveal the identity of another player.,"not about appearance, interface, look & feel","not about appearance, interface, look & feel",0.8916414976119995
The product shall be intuitive and self-explanatory.  Nine out ten users shall be able to successfully complete a game with no training.,"not about appearance, interface, look & feel","not about appearance, interface, look & feel",0.8950110673904419
 The product shall be available to players who understand English  Spanish and French.  The product shall allow the user to select the language upon accessing the product.,"not about appearance, interface, look & feel","not about appearance, interface, look & feel",0.8874181509017944
The product shall provide players no access to information that might reveal the identity of another player,"not about appearance, interface, look & feel","not about appearance, interface, look & feel",0.9042842984199524
The response time shall be fast enough to maintain the flow of the game. The response time shall be no more than 2 seconds for 95% of responses and no more than 4% for the remaining responses.,"not about appearance, interface, look & feel","not about appearance, interface, look & feel",0.8788444995880127
The system shall be easy to use by callers and supervisors. Callers and supervisors must be able to accomplish any system task within 2 minutes.,"not about appearance, interface, look & feel","not about appearance, interface, look & feel",0.8869200348854065
The system shall be easy to learn by callers and supervisors. Callers and supervisors shall learn how to use the system within 10 minutes.,"not about appearance, interface, look & feel","not about appearance, interface, look & feel",0.8880258202552795
 The system shall be responsive. At the DePaul TeleServices Center  when a supervisor uses the system to view a callers schedule  the system response time must be no more than 2 seconds 90% of the time and no more than 5 seconds the rest of the time.,"not about appearance, interface, look & feel","not about appearance, interface, look & feel",0.8607743978500366
 On a 56k connection  the system response time for all operations must be no more than 6 seconds 90% of the time.,"not about appearance, interface, look & feel","not about appearance, interface, look & feel",0.8981156945228577
 On a 112k connection or faster  the system response time for all operations must be no more than 3 seconds 90% of the time.,"not about appearance, interface, look & feel","not about appearance, interface, look & feel",0.8982238173484802
The system shall have high availability every day of the year.The system must be available for use between 12:00AM and 6:00PM all days of the year.,"not about appearance, interface, look & feel","not about appearance, interface, look & feel",0.8909271955490112
The system must be available for use between 7:00AM and 11:59PM all days of the year.,"not about appearance, interface, look & feel","not about appearance, interface, look & feel",0.909943163394928
The product shall be internet browser independent.The product must run using Internet Explorer and Netscape Navigator.,"not about appearance, interface, look & feel","not about appearance, interface, look & feel",0.9096760153770447
The product shall ensure that only supervisors can advertise empty time slots.The product must ensure that supervisors are allowed to access advertise empty time slots.,"not about appearance, interface, look & feel","not about appearance, interface, look & feel",0.884793221950531
The product shall ensure that only supervisors can enter a caller’s schedule.The product must ensure that supervisors are allowed to access advertise empty time slots.,"not about appearance, interface, look & feel","not about appearance, interface, look & feel",0.8880999684333801
The product shall ensure that only supervisors can view schedule of all callers.The product must ensure that supervisors are allowed to access advertise empty time slots.,"not about appearance, interface, look & feel","not about appearance, interface, look & feel",0.887485146522522
 The interface shall have a simple look. In the interface and usability survey  90% of beta testers must report that the interface is adequately simple.,"appearance, interface, look & feel","not about appearance, interface, look & feel",0.9067386388778687
 The interface shall be appealing to callers and supervisors. In the interface and usability survey  80% of beta testers must report that the interface is appealing.,"appearance, interface, look & feel","not about appearance, interface, look & feel",0.904597818851471
The product shall provide GUI based Monitoring Services.System Administrators shall monitor message exchanges will predict and determine problems and will also provide internal and external support.,"appearance, interface, look & feel","not about appearance, interface, look & feel",0.8865606784820557
The product shall comply with City of Chicago Application Development Guide Framework.Application Development Framework will provide structured Graphical User Interface.,"appearance, interface, look & feel","not about appearance, interface, look & feel",0.8986438512802124
The product shall provide Monitoring Services.The product shall be easy for System Administrators and DBAs to use after two weeks of usage.,"not about appearance, interface, look & feel","not about appearance, interface, look & feel",0.8916705846786499
The product shall provide Error Tracking Services.The product shall help the System Administrators and DBAs to resolve transaction errors 99% of the time.,"not about appearance, interface, look & feel","not about appearance, interface, look & feel",0.8943063020706177
The product shall provide Portals.The product shall help System Administrators to analyze the transactions with ad-hoc reporting and KPIs (Key Performance Indicators),"not about appearance, interface, look & feel","not about appearance, interface, look & feel",0.8779608011245728
The product shall provide Asynchronous Messaging.The product shall provide asynchronous messaging to enable parallel processing and reduce the overhead in communications,"not about appearance, interface, look & feel","not about appearance, interface, look & feel",0.8907098770141602
The product shall provide Multi-threading and Load Balancing.The product shall provide multi-threading technology as well as load balancing to overcome data load spikes and traffic.,"not about appearance, interface, look & feel","not about appearance, interface, look & feel",0.8799401521682739
The product shall process messages within 2 seconds.The product shall have a maximum message processing time of 2 seconds,"not about appearance, interface, look & feel","not about appearance, interface, look & feel",0.8990951776504517
The product shall poll the system for messages every second.The product shall poll the system for new messages at a maximum of every 1 second.,"not about appearance, interface, look & feel","not about appearance, interface, look & feel",0.8950048089027405
The product shall provide Dynamic Change Support and Transparent resource addition.The product shall support Transparent Resource addition and Dynamic Change support to provide scalability and avoid service interruptions of more than 1 day.,"not about appearance, interface, look & feel","not about appearance, interface, look & feel",0.86994469165802
The product shall be available 99% of the time. Rationale: To avoid service interruption during busiest customer service response periods. The product shall be available 99.99% of the time for regular business days.,"not about appearance, interface, look & feel","not about appearance, interface, look & feel",0.8812805414199829
The product shall be robust.The product shall have fault avoidance based on standards adoption.,"not about appearance, interface, look & feel","not about appearance, interface, look & feel",0.9034727215766907
The product shall be robust with fault tolerance.The product shall have fault tolerance by using recovery technique compensatory transaction and routing around failures.,"not about appearance, interface, look & feel","not about appearance, interface, look & feel",0.8973784446716309
The product shall be able to process all transactions.The product shall process minimum of 1 million transactions per year.,"not about appearance, interface, look & feel","not about appearance, interface, look & feel",0.8940055966377258
The product shall be platform independent.The product shall enable access to any type of development environment and platform.,"not about appearance, interface, look & feel","not about appearance, interface, look & feel",0.8919850587844849
The product shall interface CSR and Datastream.The product shall exchange messages between CSR and EAM on a real time basis without any direct interfaces between two systems.,"not about appearance, interface, look & feel","not about appearance, interface, look & feel",0.8872200846672058
 : The product shall continue to operate during upgrade  change or new resource addition.The product shall be able to continue to operate with no interruption in service due to new resource additions.,"not about appearance, interface, look & feel","not about appearance, interface, look & feel",0.8858828544616699
The product shall be updated on a regular basis.The product will have a new major feature introduced every six months and quarterly maintenance releases every six months.,"not about appearance, interface, look & feel","not about appearance, interface, look & feel",0.8893539309501648
The product shall operate with every platform.The product shall accommodate any new technology without any change in its architecture.,"not about appearance, interface, look & feel","not about appearance, interface, look & feel",0.9002170562744141
 The product shall have security.The product shall provide authentication  and authorization.,"not about appearance, interface, look & feel","not about appearance, interface, look & feel",0.911869466304779
The product shall information Security. The product shall enable privacy by encryption WS-Security and Integrity Checking.,"not about appearance, interface, look & feel","not about appearance, interface, look & feel",0.9031124114990234
The product shall have audit capabilities.The product shall store messages for a minimum of one year for audit and transaction tracking purposes.,"not about appearance, interface, look & feel","not about appearance, interface, look & feel",0.8917219042778015
The system shall use IBM and CCR branding standards. The interface must have one IBM logo and one CCR logo.,"appearance, interface, look & feel","not about appearance, interface, look & feel",0.8950472474098206
The system shall be displayable on any work computer a CCR user may have. The system interface shall be formatted to display at 800 by 600 pixel resolution.,"appearance, interface, look & feel","not about appearance, interface, look & feel",0.8991003632545471
The system interface will use CCR nomenclature. The system must use the same nomenclature used in the existing WCS system and reports,"appearance, interface, look & feel","not about appearance, interface, look & feel",0.900727391242981
The interface must summarize the data in a fashion that’s appealing to CCR management. Every report type must have at least one high level summary shown in the results dashboard/interface,"appearance, interface, look & feel","not about appearance, interface, look & feel",0.8892385363578796
The system must use a point and click interface. 100% of all selection and navigation functionality must be able to be activated/selected by either a mouse or a keyboard,"not about appearance, interface, look & feel","not about appearance, interface, look & feel",0.8932688236236572
The interface shall be easy to use. 90% of users should be able to successfully use the system to generate a report on their first use. The interface should adhere to IBM usability standards.,"not about appearance, interface, look & feel","not about appearance, interface, look & feel",0.8829245567321777
Rreports must be easy to generate. eports must be generated within one button click and exported within one button click (after selecting the report),"not about appearance, interface, look & feel","not about appearance, interface, look & feel",0.8894844055175781
A user shall be able to use the system without instruction after a short amount of time. After one use a user should understand and remember 90% of the system usage and navigation.,"not about appearance, interface, look & feel","not about appearance, interface, look & feel",0.8766652345657349
All CCR users shall receive training before the WCS system is deployed. One training session will be held for 100% of CCR users before system deployment (based on a CCR user being available),"not about appearance, interface, look & feel","not about appearance, interface, look & feel",0.885743260383606
The WCS system shall use appropriate nomenclature and terminology as defined by the Corporate Community Grants organization. All interfaces and reports will undergo usability tests by CCR users.,"not about appearance, interface, look & feel","not about appearance, interface, look & feel",0.89692223072052
The WCS system shall be available at all times as long as IBM’s internal intranet W3 is accessible. The WCS system will be available 95% of the time IBM’s internal intranet W3 is available.,"not about appearance, interface, look & feel","not about appearance, interface, look & feel",0.8766146898269653
The WCS system shall have the ability to connect other designated WCS databases currently not included in the system.,"not about appearance, interface, look & feel","not about appearance, interface, look & feel",0.9056305289268494
The WCS system shall have the ability to include data for regions outside the United States and be accessed by users outside of the United States if approved by CCR management.,"not about appearance, interface, look & feel","not about appearance, interface, look & feel",0.8882881999015808
The WCS system shall be run in a Windows environment. The WCS shall be accessed by users through the Internet on an IBM computer running a Windows 2000 or above operating system.,"not about appearance, interface, look & feel","not about appearance, interface, look & feel",0.8898049592971802
The Brio portion of the WCS system must be able to export files in spreadsheet form (Microsoft Excel and Lotus 1-2-3 formats).  Brio will provide buttons in the user interface that produce/export reports in .xls or .123 file formats.,"not about appearance, interface, look & feel","not about appearance, interface, look & feel",0.8702036142349243
The WCS system must run queries to the WCS databases once again (on a specified day) to update the available data available to CCR users. Queries must be made to external databases for data refresh once a week.,"not about appearance, interface, look & feel","not about appearance, interface, look & feel",0.8759667873382568
 All changes  updates  and additions to the WCS system shall be updated in the WCS Developer and WCS User Guides. Every change must be reflected in WCS system documentation,"not about appearance, interface, look & feel","not about appearance, interface, look & feel",0.8751952648162842
The system shall only be accessed by authorized Corporate Community Grants (CCR) employees. Users must be authenticated using their IBM intranet user name and password.,"not about appearance, interface, look & feel","not about appearance, interface, look & feel",0.8942766189575195
The WCS system shall not allow automatic logins by any user. Cookies containing WCS login information about a user will not be stored on a user’s computer.,"not about appearance, interface, look & feel","not about appearance, interface, look & feel",0.8995155096054077
Each team owner will need to use a username and password in order to be authenticated to reach the team owner’s page,"not about appearance, interface, look & feel","not about appearance, interface, look & feel",0.8768054246902466
The Commissioner will be the only authorized user per league to adjust league settings.,"not about appearance, interface, look & feel","not about appearance, interface, look & feel",0.9169715642929077
Each page shall contain a navigation menu which shows the index into which the current page is contained.,"appearance, interface, look & feel","not about appearance, interface, look & feel",0.9029408693313599
Each page shall contain a similar format with action items in one location and navigation buttons in a different location.,"appearance, interface, look & feel","not about appearance, interface, look & feel",0.8942240476608276
The message board shall contain the 5 most recently posted messages on the league page. The messages will contain up to the first 150 characters of the message.,"appearance, interface, look & feel","not about appearance, interface, look & feel",0.8965603113174438
;A new user shall be able to navigate through the league and team pages within 30 seconds of reaching the start-up page.,"not about appearance, interface, look & feel","not about appearance, interface, look & feel",0.9021614789962769
Users shall be able to reach the ‘add’  ‘drop’  and ‘trade player’ pages with one click from the team owner’s page.,"not about appearance, interface, look & feel","not about appearance, interface, look & feel",0.8880651593208313
;Users shall be able to view at least 25 NFL player statistics and points on each page.,"not about appearance, interface, look & feel","not about appearance, interface, look & feel",0.9003987312316895
The application shall ask the user to confirm dropping a player or trading a player before performing the action.,"not about appearance, interface, look & feel","not about appearance, interface, look & feel",0.9043771028518677
The application shall be able to complete every user transaction within one fourth of a second of receiving the request over the network.,"not about appearance, interface, look & feel","not about appearance, interface, look & feel",0.8992398977279663
The application shall have a downtime of at most 10 minutes per year.,"not about appearance, interface, look & feel","not about appearance, interface, look & feel",0.9227426648139954
The application shall run on a web application server.,"not about appearance, interface, look & feel","not about appearance, interface, look & feel",0.9284195303916931
A primary database will be used to store cached data for active users.,"not about appearance, interface, look & feel","not about appearance, interface, look & feel",0.9286326169967651
A secondary database will be used to store historical statistics and data.,"not about appearance, interface, look & feel","not about appearance, interface, look & feel",0.9209239482879639
Application updates shall occur between 3AM and 6 AM CST on Wednesday morning during the middle of the NFL season.,"not about appearance, interface, look & feel","not about appearance, interface, look & feel",0.9004698395729065
New System version releases shall be released at the beginning of each NFL season.,"not about appearance, interface, look & feel","not about appearance, interface, look & feel",0.9258816242218018
The RFS system should be available 24/7  especially during the budgeting period. The RFS system shall be available 90% of the time all year  and 98% during the budgeting period. 2% of the time  the system will become available within 1 hour of the time that the situation is reported.,"not about appearance, interface, look & feel","not about appearance, interface, look & feel",0.851034939289093
98% of the user workstations shall meet the minimum hardware requirements prior to implementation. Minimum Hard Disk Space:  400MB.,"not about appearance, interface, look & feel","not about appearance, interface, look & feel",0.9018851518630981
98% of the user workstations shall meet the minimum software requirements prior to implementation: Microsoft Internet Explorer 5.0. Microsoft .NET Framework 1.1. Microsoft Internet Explorer Web Controls,"not about appearance, interface, look & feel","not about appearance, interface, look & feel",0.8793944120407104
The RFS system should be able to easily interface with the BDW environment  in order to load the data. •;7 data files shall be received from the BDW and loaded into the RFS system within 3 hours one day prior to the start of budgeting process  every year. The data will be as of October month-end. ;Test files (7) shall be loaded up to 5 times throughout the year  from the BDW.,"not about appearance, interface, look & feel","not about appearance, interface, look & feel",0.8435204029083252
Changes to revenue and expense formulae must be applied to the RFS system  every year  prior to the budgeting process start. Revenue and expense formulae will be updated within one week of their receipt  after which 2 weeks will be allotted to testing of the budget calculations  to be conducted jointly by the project development team and PCG Finance.,"not about appearance, interface, look & feel","not about appearance, interface, look & feel",0.8499982357025146
New branches/complexes/districts/regions and revenue/expense accounts added to the BDW  must be reflected in the RFS system. 100% of the entities (mentioned above) available as of October month-end  will be loaded into the RFS system  prior to the budget start process.,"not about appearance, interface, look & feel","not about appearance, interface, look & feel",0.8556103706359863
Only authorized user shall access the RFS system. ONLY users that exist in the UAS system  with the RFS system assigned to their role(s)  shall access the RFS system and use it.,"not about appearance, interface, look & feel","not about appearance, interface, look & feel",0.8536466360092163
;User access should be limited to the permissions granted to their role(s) Each level in the PCG hierarchy will be assigned a role and users will be assigned to these roles. Access to functionality within RFS system is dependent on the privileges/permission assigned to the role..,"not about appearance, interface, look & feel","not about appearance, interface, look & feel",0.8559563755989075
The product must comply with the intranet page standards and requirements of ENET Securities. 95% of the product look & feel will be approved by the Architecture group  prior to implementation. The remaining 5% will be corrected and approved within one month of product release.,"appearance, interface, look & feel","not about appearance, interface, look & feel",0.8700501918792725
 The intranet pages should display appropriately in all resolutions  from 800x600 and higher. The display of all the pages will be correct in 95% of the resolutions  prior to implementation. The remaining 5% will be corrected within a week of notification of the incorrect display.,"appearance, interface, look & feel","not about appearance, interface, look & feel",0.873744547367096
The users should be able to easily use the system to successfully complete their budgets  within the stipulated time for completion. With a week of training prior to product implementation  98% of the users shall complete their budgets within the stipulated time.,"not about appearance, interface, look & feel","not about appearance, interface, look & feel",0.8753478527069092
The product interface should be fast. The response time of the product interface should not exceed 2 seconds 90% of the time. For 10% of the time  the response time should not be more than 10 seconds.not be more than 10 seconds.,"not about appearance, interface, look & feel","not about appearance, interface, look & feel",0.8700599074363708
