,precision,recall,f1-score,support
"graphical, gui, ui, widget, interaction, habit, prefer, comfortable, friendly, feeling, experience, or familiar",0.12133891213389121,0.7631578947368421,0.20938628158844766,38.0
"not about graphical, gui, ui, widget, interaction, habit, prefer, comfortable, friendly, feeling, experience, or familiar",0.9312977099236641,0.3674698795180723,0.5269978401727862,332.0
accuracy,0.4081081081081081,0.4081081081081081,0.4081081081081081,0.4081081081081081
macro avg,0.5263183110287777,0.5653138871274572,0.3681920608806169,370.0
weighted avg,0.8481127523128225,0.4081081081081081,0.4943782746965568,370.0
