,precision,recall,f1-score,support
"graphical, gui, ui, widget, interaction, habit, prefer, comfortable, friendly, feeling, experience, familiar, desire, customize, intent, disability, or impression",0.07142857142857142,0.07894736842105263,0.075,38.0
"usability, security, operational, performance, fault & tolerance, legal, maintainability, scalability, availability, or portability",0.8932926829268293,0.8825301204819277,0.8878787878787878,332.0
accuracy,0.8,0.8,0.8,0.8
macro avg,0.48236062717770034,0.4807387444514902,0.4814393939393939,370.0
weighted avg,0.8088850174216028,0.8,0.8043939393939394,370.0
