,precision,recall,f1-score,support
"environmental, organizational, coordination, systemic, or logistics",0.3076923076923077,0.967741935483871,0.46692607003891057,62.0
"not about environmental, organizational, coordination, systemic, or logistics",0.9629629629629629,0.27807486631016043,0.43153526970954353,187.0
accuracy,0.4497991967871486,0.4497991967871486,0.4497991967871486,0.4497991967871486
macro avg,0.6353276353276354,0.6229084008970157,0.44923066987422705,249.0
weighted avg,0.7998032014096271,0.4497991967871486,0.44034743685982775,249.0
