,precision,recall,f1-score,support
"environmental, organizational, coordination, systemic, or logistics",0.27927927927927926,0.5,0.35838150289017334,62.0
"usability, security, performance, look & feel, legal, fault & tolerance, maintainability, scalability, availability, or portability",0.7753623188405797,0.5721925133689839,0.6584615384615384,187.0
accuracy,0.5542168674698795,0.5542168674698795,0.5542168674698795,0.5542168674698795
macro avg,0.5273207990599295,0.536096256684492,0.5084215206758559,249.0
weighted avg,0.6518396342911795,0.5542168674698795,0.5837428147449737,249.0
