,precision,recall,f1-score,support
"environmental, organizational, coordination, systemic, logistics, coordination, or automation",0.3103448275862069,0.5806451612903226,0.4044943820224719,62.0
"usability, security, performance, look & feel, legal, fault & tolerance, maintainability, scalability, availability, or portability",0.8045112781954887,0.5721925133689839,0.66875,187.0
accuracy,0.5742971887550201,0.5742971887550201,0.5742971887550201,0.5742971887550201
macro avg,0.5574280528908478,0.5764188373296533,0.5366221910112359,249.0
weighted avg,0.6814658165979969,0.5742971887550201,0.6029514123911376,249.0
