Requirement text,Gold label,Predicated label,ZSL score
The system shall refresh the display every 60 seconds.,"not about working, running, connecting, interfacing, or operative environment","working, running, connecting, interfacing, or operative environment",0.24244138598442078
 If projected  the data must be readable.  On a 10x10 projection screen  90% of viewers must be able to read Event / Activity data from a viewing distance of 30,"not about working, running, connecting, interfacing, or operative environment","working, running, connecting, interfacing, or operative environment",0.23336470127105713
 If projected  the data must be understandable. On a 10x10 projection screen  90% of viewers must be able to determine that Events or Activities are occuring in current time from a viewing distance of 100,"not about working, running, connecting, interfacing, or operative environment","working, running, connecting, interfacing, or operative environment",0.22928574681282043
The product shall ensure that it can only be accessed by authorized users.  The product will be able to distinguish between authorized and unauthorized users in all access attempts,"not about working, running, connecting, interfacing, or operative environment","working, running, connecting, interfacing, or operative environment",0.2778491675853729
The product shall be intuitive and self-explanatory.  :  90% of new users shall be able to start the display of Events or Activities within 90 minutes of using the product.,"not about working, running, connecting, interfacing, or operative environment","working, running, connecting, interfacing, or operative environment",0.3485841155052185
The product shall respond fast to keep up-to-date data in the display.,"not about working, running, connecting, interfacing, or operative environment","working, running, connecting, interfacing, or operative environment",0.48918595910072327
The system shall be used by realtors with no training.,"not about working, running, connecting, interfacing, or operative environment","not about working, running, connecting, interfacing, or operative environment",0.3274000287055969
The system shall be intuitive and self explanatory.,"not about working, running, connecting, interfacing, or operative environment","working, running, connecting, interfacing, or operative environment",0.3729436993598938
The product shall be easy for a realtor to learn.,"not about working, running, connecting, interfacing, or operative environment","working, running, connecting, interfacing, or operative environment",0.3387684226036072
The product shall use symbols and words that are naturally understandable by the realtor community.,"not about working, running, connecting, interfacing, or operative environment","working, running, connecting, interfacing, or operative environment",0.3763563632965088
The product shall produce search results in an acceptable time,"not about working, running, connecting, interfacing, or operative environment","working, running, connecting, interfacing, or operative environment",0.4872134327888489
The search results shall be returned no later 30      seconds  after the user has entered the search criteria,"not about working, running, connecting, interfacing, or operative environment","working, running, connecting, interfacing, or operative environment",0.14136241376399994
The product shall generate a CMA report in an acceptable time.,"not about working, running, connecting, interfacing, or operative environment","working, running, connecting, interfacing, or operative environment",0.4166010916233063
The CMA report shall be returned no later 60 seconds after the user has entered the CMA report criteria.,"not about working, running, connecting, interfacing, or operative environment","working, running, connecting, interfacing, or operative environment",0.1676168590784073
The product shall synchronize contacts and appointments in an acceptable time.,"not about working, running, connecting, interfacing, or operative environment","working, running, connecting, interfacing, or operative environment",0.49223631620407104
The product shall synchronize with the office system every hour.,"not about working, running, connecting, interfacing, or operative environment","working, running, connecting, interfacing, or operative environment",0.4649295508861542
The product shall be installed by an untrained realtor   without recourse to separately-printed instructions.,"not about working, running, connecting, interfacing, or operative environment","not about working, running, connecting, interfacing, or operative environment",0.4155953526496887
90% of untrained realtors shall be able to install the product on their device without printed instructions,"not about working, running, connecting, interfacing, or operative environment","not about working, running, connecting, interfacing, or operative environment",0.2455216497182846
Only registered realtors shall be able to access the system.,"not about working, running, connecting, interfacing, or operative environment","not about working, running, connecting, interfacing, or operative environment",0.21809907257556915
Every user of the system shall be authenticated and authorized.,"not about working, running, connecting, interfacing, or operative environment","working, running, connecting, interfacing, or operative environment",0.43324536085128784
The product shall prevent its data from incorrect data being introduced.,"not about working, running, connecting, interfacing, or operative environment","working, running, connecting, interfacing, or operative environment",0.40605804324150085
The system shall be easy to use by the Program Administrators/Nursing Staff Members.,"not about working, running, connecting, interfacing, or operative environment","working, running, connecting, interfacing, or operative environment",0.3496987819671631
All of the users shall be able to use the system after one day of training.,"not about working, running, connecting, interfacing, or operative environment","working, running, connecting, interfacing, or operative environment",0.3681403398513794
The system shall help the user avoid making mistakes while scheduling classes and clinicals for the nursing students.,"not about working, running, connecting, interfacing, or operative environment","working, running, connecting, interfacing, or operative environment",0.28044286370277405
The number of mistakes noted by the students shall be decreased by 50% in the first year.,"not about working, running, connecting, interfacing, or operative environment","not about working, running, connecting, interfacing, or operative environment",-0.12499460577964783
The system shall be intuitive to the Program Administrators/Nursing Staff Members.,"not about working, running, connecting, interfacing, or operative environment","working, running, connecting, interfacing, or operative environment",0.3767637014389038
2 out of 3 Program Administrators/Nursing Staff Members shall successfully be able to use the system to manage the scheduling of classes and clinicals.,"not about working, running, connecting, interfacing, or operative environment","working, running, connecting, interfacing, or operative environment",0.41537749767303467
The system shall use symbols and words that are naturally understandable by the user community.,"not about working, running, connecting, interfacing, or operative environment","working, running, connecting, interfacing, or operative environment",0.3770786225795746
The verbiage used within the system shall be consistent with Standard English and the terminology of the national Nursing Community.,"not about working, running, connecting, interfacing, or operative environment","working, running, connecting, interfacing, or operative environment",0.325175404548645
Staff members shall be able to complete a set of tasks in a timely manner.,"not about working, running, connecting, interfacing, or operative environment","working, running, connecting, interfacing, or operative environment",0.5736795663833618
The response time of general student management tasks shall take no longer than 5 seconds and the response time of schedule generation shall take no longer than 30 seconds.,"not about working, running, connecting, interfacing, or operative environment","working, running, connecting, interfacing, or operative environment",0.12083292752504349
The system shall able to operate within a business office environment typical of the Nursing Department at DePaul University.,"working, running, connecting, interfacing, or operative environment","working, running, connecting, interfacing, or operative environment",0.3253307640552521
The system shall be used within the specifications defined by the computers used by the Program Administrators/Nursing Staff Members.,"working, running, connecting, interfacing, or operative environment","working, running, connecting, interfacing, or operative environment",0.40299534797668457
The system shall operate within the Windows XP Professional operating system.,"working, running, connecting, interfacing, or operative environment","working, running, connecting, interfacing, or operative environment",0.3279571235179901
The system shall interface with CampusConnect’s central server,"working, running, connecting, interfacing, or operative environment","working, running, connecting, interfacing, or operative environment",0.4865381121635437
The system shall interface with the faculty central server.,"working, running, connecting, interfacing, or operative environment","working, running, connecting, interfacing, or operative environment",0.45921775698661804
The system shall interface with the student master server.,"working, running, connecting, interfacing, or operative environment","working, running, connecting, interfacing, or operative environment",0.3826400339603424
We must be able to interface with any HTML browser.,"working, running, connecting, interfacing, or operative environment","working, running, connecting, interfacing, or operative environment",0.39690980315208435
Only authorized users shall have access to clinical site information.,"not about working, running, connecting, interfacing, or operative environment","not about working, running, connecting, interfacing, or operative environment",0.16091878712177277
Program Administrators/Nursing Staff Members are the only people who shall have access to clinical site details.,"not about working, running, connecting, interfacing, or operative environment","working, running, connecting, interfacing, or operative environment",0.2536018192768097
Only authorized users shall have access to students’ personal information.,"not about working, running, connecting, interfacing, or operative environment","not about working, running, connecting, interfacing, or operative environment",0.11359526962041855
Dr Susan Poslusny and Dr Julie Donalek are the only people who shall have access to students’ personal information.,"not about working, running, connecting, interfacing, or operative environment","not about working, running, connecting, interfacing, or operative environment",0.18063202500343323
Only authorized users shall have access to the portion of the system that interfaces with CampusConnect.,"not about working, running, connecting, interfacing, or operative environment","not about working, running, connecting, interfacing, or operative environment",0.2525729537010193
Fit Criterion: Dr Susan Poslusny and Karen Sysol are the only people who shall have access to the final class section scheduling for the system that interfaces with CampusConnect.,"not about working, running, connecting, interfacing, or operative environment","working, running, connecting, interfacing, or operative environment",0.26986929774284363
The system shall have basic data integrity checking to reduce the possibility of incorrect or invalid data being introduced.,"not about working, running, connecting, interfacing, or operative environment","working, running, connecting, interfacing, or operative environment",0.3192867040634155
The system shall protect private information in accordance with the organization’s information policy.,"not about working, running, connecting, interfacing, or operative environment","working, running, connecting, interfacing, or operative environment",0.30682501196861267
The system shall be built such that it is as secure as possible from malicious interference.,"not about working, running, connecting, interfacing, or operative environment","working, running, connecting, interfacing, or operative environment",0.3461231291294098
The system shall use the organization’s standard virus protection software to help monitor threats to itself.,"not about working, running, connecting, interfacing, or operative environment","working, running, connecting, interfacing, or operative environment",0.23245751857757568
The list of dispute cases that are displayed after a search is performed must be color coded for easy identification of dispute cases based upon the dispute case status.,"not about working, running, connecting, interfacing, or operative environment","working, running, connecting, interfacing, or operative environment",0.2354053407907486
100% of the cardmember and merchant services representatives shall use the Disputes application regularly after a 2-day training course.,"not about working, running, connecting, interfacing, or operative environment","working, running, connecting, interfacing, or operative environment",0.19713915884494781
100% of cardmember services representatives shall be able to successfully create a dispute case on the first encounter after completing the training course.,"not about working, running, connecting, interfacing, or operative environment","working, running, connecting, interfacing, or operative environment",0.27950024604797363
100% of merchant services representatives shall be able to successfully perform a follow up action on a dispute case on the first encounter after completing the training course.,"not about working, running, connecting, interfacing, or operative environment","working, running, connecting, interfacing, or operative environment",0.2797689735889435
The maximum wait time for a user navigating from one screen to another within the Disputes application shall be no more than 5 seconds.,"not about working, running, connecting, interfacing, or operative environment","not about working, running, connecting, interfacing, or operative environment",0.06316383183002472
The Disputes application shall support 350 concurrent users without any degradation of performance in the application.,"not about working, running, connecting, interfacing, or operative environment","not about working, running, connecting, interfacing, or operative environment",0.30672377347946167
 The Disputes application shall be available 24x7x365  with the exception of the following scheduled maintenance windows.  Monday – Saturday 3:00am to 4:00am EST Sunday 1:00amd to 5:00am EST,"working, running, connecting, interfacing, or operative environment","working, running, connecting, interfacing, or operative environment",0.24656011164188385
The Disputes application shall interface with the Statement Database. The Statement Database provides the transaction details to the Disputes System. All transaction details must be obtained from the Statement Database,"working, running, connecting, interfacing, or operative environment","working, running, connecting, interfacing, or operative environment",0.37003618478775024
The Disputes application shall interface with the Cardmember Information Database.  The Cardmember Information Database provides detailed information with regard to a cardmember.  All cardmember detail information must be obtained from the Cardmember Information Database.,"working, running, connecting, interfacing, or operative environment","working, running, connecting, interfacing, or operative environment",0.35235315561294556
The Disputes applications shall interface with the Merchant Information Database.  The Merchant Information Database provides detailed information with regard to the merchant. All merchant detail information shall be obtained from the Merchant Information Database.,"working, running, connecting, interfacing, or operative environment","working, running, connecting, interfacing, or operative environment",0.2891795039176941
The Disputes application shall interface with the Letters application.  This will allow the Disputes application to request letters as part of the dispute initiation and dispute follow up process. All letter requests must be sent to the Print Letter Utility application.,"working, running, connecting, interfacing, or operative environment","working, running, connecting, interfacing, or operative environment",0.39825788140296936
The Disputes application shall interface with the Cardmember Posting and Billing System.  This will allow the Disputes application to request adjustments to cardmember and merchant’s accounts. All adjustment requests must be sent to the Cardmember Posting and Billing System.,"working, running, connecting, interfacing, or operative environment","working, running, connecting, interfacing, or operative environment",0.3259679675102234
The Disputes application shall ensure that only users with the appropriate access level are allowed to initiate dispute requests.,"not about working, running, connecting, interfacing, or operative environment","working, running, connecting, interfacing, or operative environment",0.24899917840957642
Only users with Update access must be able to initiate dispute requests.,"not about working, running, connecting, interfacing, or operative environment","not about working, running, connecting, interfacing, or operative environment",0.22800439596176147
The Disputes application shall ensure that only authorized users are allowed to logon to the application.,"not about working, running, connecting, interfacing, or operative environment","working, running, connecting, interfacing, or operative environment",0.22956614196300507
 All authorized users  once authenticated must be able to logon to the Disputes System,"not about working, running, connecting, interfacing, or operative environment","working, running, connecting, interfacing, or operative environment",0.36516568064689636
The Disputes System shall generate a User Report that details any new users that have been added and any changes to an existing user’s access level.  The report will be reviewed for auditing purposes.,"not about working, running, connecting, interfacing, or operative environment","working, running, connecting, interfacing, or operative environment",0.3950693905353546
All additions of new users and modifications to user’s access shall be recorded on the User Report.,"not about working, running, connecting, interfacing, or operative environment","working, running, connecting, interfacing, or operative environment",0.4444957375526428
 If a user account is revoked  it can only be re-instantiated by the System Administrator.,"not about working, running, connecting, interfacing, or operative environment","not about working, running, connecting, interfacing, or operative environment",0.2242654263973236
Only the System Administrator shall be able to reset a revoked user logon account,"not about working, running, connecting, interfacing, or operative environment","not about working, running, connecting, interfacing, or operative environment",0.13025003671646118
The Disputes application shall manipulate and view business data. Users will not have direct access to data files or databases.,"not about working, running, connecting, interfacing, or operative environment","working, running, connecting, interfacing, or operative environment",0.2494650036096573
All updates to data files or database must be initiated from the Disputes System.,"not about working, running, connecting, interfacing, or operative environment","working, running, connecting, interfacing, or operative environment",0.39945149421691895
The product must support Internet Explorer 5.5 and above.,"working, running, connecting, interfacing, or operative environment","working, running, connecting, interfacing, or operative environment",0.19486995041370392
The product must support Mozilla Firefox 1.0 and above.,"working, running, connecting, interfacing, or operative environment","working, running, connecting, interfacing, or operative environment",0.2145577371120453
The product shall interface with the Choice Parts System.  This provides the feed of recycled parts data.,"working, running, connecting, interfacing, or operative environment","working, running, connecting, interfacing, or operative environment",0.4359945058822632
The product shall run on the existing hardware for all environments.,"working, running, connecting, interfacing, or operative environment","working, running, connecting, interfacing, or operative environment",0.4647054672241211
The product shall adhere to the corporate Architecture guidelines,"working, running, connecting, interfacing, or operative environment","working, running, connecting, interfacing, or operative environment",0.37312424182891846
The product shall be easy to use by Adjusters and Collision Estimators.  95% of Adjusters and Collision Estimators shall find the product easy to use.,"not about working, running, connecting, interfacing, or operative environment","working, running, connecting, interfacing, or operative environment",0.3107312321662903
The product shall increase productivity of Collision Estimators. 80% of the Collision Estimators shall agree their productivity has increase within 1 month of using the product.,"not about working, running, connecting, interfacing, or operative environment","working, running, connecting, interfacing, or operative environment",0.21724055707454681
Users shall feel satisfied using the product.  85% of all users will be satisfied with the product.,"not about working, running, connecting, interfacing, or operative environment","working, running, connecting, interfacing, or operative environment",0.16518808901309967
The product shall be easy to learn by Adjusters and Collision Estimators.  The product shall be learned with two days onsite training,"not about working, running, connecting, interfacing, or operative environment","working, running, connecting, interfacing, or operative environment",0.42788034677505493
The user shall easily locate instructions while using the product.  User help can be found within 90% of the system.,"not about working, running, connecting, interfacing, or operative environment","working, running, connecting, interfacing, or operative environment",0.46194106340408325
The search for recycled parts shall take no longer than 15 seconds.  The search results shall be returned in under 15 seconds.,"not about working, running, connecting, interfacing, or operative environment","working, running, connecting, interfacing, or operative environment",0.24486476182937622
The search for the preferred repair facility shall take no longer than 8 seconds.  The preferred repair facility is returned within 8 seconds,"not about working, running, connecting, interfacing, or operative environment","working, running, connecting, interfacing, or operative environment",0.27306753396987915
The recycled parts audit report shall be returned to the user within 10 seconds.  The audit report shall be returned within 10 seconds.,"not about working, running, connecting, interfacing, or operative environment","working, running, connecting, interfacing, or operative environment",0.23757627606391907
The preferred repair facility ratings shall be saved within 5 seconds. The save shall occur within 5 seconds.,"not about working, running, connecting, interfacing, or operative environment","working, running, connecting, interfacing, or operative environment",0.17316068708896637
 For estimators  the product shall be able to be operated in a repair facility during dirty and noisy conditions.,"working, running, connecting, interfacing, or operative environment","working, running, connecting, interfacing, or operative environment",0.5293095707893372
The product shall interface with the ChoiceParts system once per day at approximately 1:00 AM.,"working, running, connecting, interfacing, or operative environment","working, running, connecting, interfacing, or operative environment",0.26457521319389343
The maintenance of the product will fall within the established corporate maintenance windows.,"working, running, connecting, interfacing, or operative environment","working, running, connecting, interfacing, or operative environment",0.49602752923965454
The product shall be supported using the corporate support center.,"working, running, connecting, interfacing, or operative environment","working, running, connecting, interfacing, or operative environment",0.4931190013885498
Product installations and upgrades shall be handled by the middleware technology team within established launch time frames.,"working, running, connecting, interfacing, or operative environment","working, running, connecting, interfacing, or operative environment",0.4518054723739624
Only adjusters can request recycled parts audit reports. No users without an adjuster role shall request recycled parts audits.,"not about working, running, connecting, interfacing, or operative environment","not about working, running, connecting, interfacing, or operative environment",0.3230792284011841
Only adjusters with a supervisor role can update preferred repair facility ratings. Users without the supervisor role cannot access the repair facility ratings.,"not about working, running, connecting, interfacing, or operative environment","working, running, connecting, interfacing, or operative environment",0.3035675883293152
Only collision estimators shall search for recycled parts.  Users without the collision estimator role shall not have access to the search for recycled parts.,"not about working, running, connecting, interfacing, or operative environment","not about working, running, connecting, interfacing, or operative environment",0.30674660205841064
Only valid data shall be entered into the system.  No invalid data shall be entered into the system.,"not about working, running, connecting, interfacing, or operative environment","not about working, running, connecting, interfacing, or operative environment",0.39121392369270325
One insurance company shall not be able to view another insurance companys claim data.,"not about working, running, connecting, interfacing, or operative environment","not about working, running, connecting, interfacing, or operative environment",0.21847651898860931
The product shall free of computer viruses.,"not about working, running, connecting, interfacing, or operative environment","not about working, running, connecting, interfacing, or operative environment",0.2342911958694458
The system shall prevent malicious attacks including denial of service.,"not about working, running, connecting, interfacing, or operative environment","not about working, running, connecting, interfacing, or operative environment",0.21736536920070648
 The product must work with most database management systems (DBMS) on the market  whether the DBMS is colocated with the product on the same machine or is located on a different machine on the computer network.,"working, running, connecting, interfacing, or operative environment","working, running, connecting, interfacing, or operative environment",0.3403278589248657
The product will function alongside server software on any operating system where the Java runtime can be installed.,"working, running, connecting, interfacing, or operative environment","working, running, connecting, interfacing, or operative environment",0.4450649619102478
The product will require collaboration with a database management system (DBMS).  The DBMS may be located on the same machine as the product or on a separate machine residing on the same computer network.,"working, running, connecting, interfacing, or operative environment","working, running, connecting, interfacing, or operative environment",0.4276466369628906
 The product must make use of web/application server technology.  Open source examples include Apache web server  Tomcat  and the JBoss application server.,"working, running, connecting, interfacing, or operative environment","working, running, connecting, interfacing, or operative environment",0.417088121175766
 A database management system such as Oracle  DB2  MySql or HSQL will need to be integrated with the product.,"working, running, connecting, interfacing, or operative environment","working, running, connecting, interfacing, or operative environment",0.40054211020469666
The product shall make the users want to use it. 80% of the users surveyed report they are regularly using the product after the first 2 weeks post-launch.,"not about working, running, connecting, interfacing, or operative environment","working, running, connecting, interfacing, or operative environment",0.18435260653495789
The product shall be easy to use. 90% of users will be able to successfully reserve a conference room within 5 minutes of product use.,"not about working, running, connecting, interfacing, or operative environment","working, running, connecting, interfacing, or operative environment",0.12324708700180054
The product shall give users feedback when necessary. 80% of the users surveyed report that the product accurately confirms their actions.,"not about working, running, connecting, interfacing, or operative environment","working, running, connecting, interfacing, or operative environment",0.34378647804260254
The product shall allow the user to select a chosen language from one of the target market countries.,"not about working, running, connecting, interfacing, or operative environment","working, running, connecting, interfacing, or operative environment",0.3270666003227234
The product shall allow for customization of start page and views preferences.,"not about working, running, connecting, interfacing, or operative environment","working, running, connecting, interfacing, or operative environment",0.41977018117904663
 An employee will be able to successfully use the product within a few minutes.  After informally navigating the product for less than 15 minutes  users shall be able to successfully setup meetings and reserve conference rooms.,"not about working, running, connecting, interfacing, or operative environment","working, running, connecting, interfacing, or operative environment",0.34548988938331604
The product shall use a standard navigation menu familiar to most web users.,"not about working, running, connecting, interfacing, or operative environment","working, running, connecting, interfacing, or operative environment",0.3101971447467804
The product shall allow for intuitive searching of available conference rooms.,"not about working, running, connecting, interfacing, or operative environment","working, running, connecting, interfacing, or operative environment",0.3664129078388214
The product shall conform to the Americans with Disabilities Act.,"not about working, running, connecting, interfacing, or operative environment","working, running, connecting, interfacing, or operative environment",0.3144030272960663
The response shall be fast enough to avoid interrupting the user’s flow of thought.  90% of tasks shall complete within 5 seconds.  98% of tasks shall complete within 8 seconds.,"not about working, running, connecting, interfacing, or operative environment","working, running, connecting, interfacing, or operative environment",0.24415016174316406
The product shall be used in office environments.,"working, running, connecting, interfacing, or operative environment","working, running, connecting, interfacing, or operative environment",0.4668519198894501
The product must be able to interface with any HTML browser.  The product shall transmit data between the user and the product without problems. The product shall display HTML properly in 80% of all HTML browsers tested (minimum is to test 8 browsers).,"working, running, connecting, interfacing, or operative environment","working, running, connecting, interfacing, or operative environment",0.3437034487724304
The product must be able to interface with various database management systems. The product shall communicate successfully with the database management system on 100% of all transactions.,"working, running, connecting, interfacing, or operative environment","working, running, connecting, interfacing, or operative environment",0.31832948327064514
The product must be able to interface with various email servers. The product shall be able to send email.,"working, running, connecting, interfacing, or operative environment","working, running, connecting, interfacing, or operative environment",0.4351498484611511
The product shall be available for distribution via the Internet as a binary or ZIP file.,"working, running, connecting, interfacing, or operative environment","working, running, connecting, interfacing, or operative environment",0.27446767687797546
The product shall be available for distribution as a packaged CD.,"working, running, connecting, interfacing, or operative environment","working, running, connecting, interfacing, or operative environment",0.2585422396659851
 The product will be available for licensing as a one-server  two-five servers  or five-or-more servers license.,"working, running, connecting, interfacing, or operative environment","working, running, connecting, interfacing, or operative environment",0.3173651397228241
A new user must be able to be added to the system within 10 minutes.  90% of new users are able to log into the system within 10 minutes.,"not about working, running, connecting, interfacing, or operative environment","working, running, connecting, interfacing, or operative environment",0.21665146946907043
Every registered user will have access to the product’s support site via the Internet.  70% of registered users shall find a solution to their problem within 5 minutes of using the support site.,"not about working, running, connecting, interfacing, or operative environment","working, running, connecting, interfacing, or operative environment",0.15730750560760498
 The product shall be translated into foreign languages other than the target market countries’ languages in future releases.  For each emerging target market  it shall take no more than 5 days to configure the product for that market’s language.,"not about working, running, connecting, interfacing, or operative environment","working, running, connecting, interfacing, or operative environment",0.16842564940452576
 The product is expected to integrate with multiple database management systems.  The product will operate with Oracle  SQL Server  DB2  MySQL  HSQL  and MS Access.,"working, running, connecting, interfacing, or operative environment","working, running, connecting, interfacing, or operative environment",0.2975054979324341
The product shall be able to be installed in any operating environment within 2 days.,"working, running, connecting, interfacing, or operative environment","working, running, connecting, interfacing, or operative environment",0.38472968339920044
The product shall ensure that only company employees or external users with company-approved user IDs may have product access.  100% of all logons shall be by either company employees or external users with company-approved user IDs.,"not about working, running, connecting, interfacing, or operative environment","working, running, connecting, interfacing, or operative environment",0.2783093750476837
Only managers are able to perform search queries for reservations by user.  100% of all search queries for reservations by user shall be from logons of only management logons.,"not about working, running, connecting, interfacing, or operative environment","not about working, running, connecting, interfacing, or operative environment",0.19597961008548737
The product shall ensure that the database’s data corresponds to the data entered by the user.  Each conference room reservation in the system will contain the same information as was entered by the user.,"not about working, running, connecting, interfacing, or operative environment","working, running, connecting, interfacing, or operative environment",0.3293164372444153
The product shall prevent the input of malicious data.  The product and/or adjacent hardware/software systems’ data shall remain 100% uncorrupted each time malicious data is input into the product.,"not about working, running, connecting, interfacing, or operative environment","not about working, running, connecting, interfacing, or operative environment",0.3033214211463928
The product shall have the ability to receive automatic software updates as new threats emerge.  100% of customers will be able to receive automatic software updates transmitted to the installed product.,"not about working, running, connecting, interfacing, or operative environment","working, running, connecting, interfacing, or operative environment",0.3822186291217804
The product shall be able to display calendar dates and times according to the user’s locale.  90% of survey respondents from each target market country will find that the date and time formatting of the product is correct.,"not about working, running, connecting, interfacing, or operative environment","working, running, connecting, interfacing, or operative environment",0.23336118459701538
The product must be developed with the J2SE/J2EE programming language libraries,"working, running, connecting, interfacing, or operative environment","working, running, connecting, interfacing, or operative environment",0.4243745803833008
Recreation of Inventory Quantity Adjustment for the period of previous 30 days shall take no more than 30min.,"not about working, running, connecting, interfacing, or operative environment","working, running, connecting, interfacing, or operative environment",0.1837523877620697
The System shall allow for a minimum of  6 users to work at the same time.,"not about working, running, connecting, interfacing, or operative environment","working, running, connecting, interfacing, or operative environment",0.4545105993747711
The System shall utilize currently owned computer equipment.,"working, running, connecting, interfacing, or operative environment","working, running, connecting, interfacing, or operative environment",0.44473764300346375
The System shall be able to automatically backup business data and restore them on demand.,"working, running, connecting, interfacing, or operative environment","working, running, connecting, interfacing, or operative environment",0.3408207595348358
The System shall maintain consistent security.  Any changes in user passwords and/or permissions should take affect in all parts of the System.,"not about working, running, connecting, interfacing, or operative environment","working, running, connecting, interfacing, or operative environment",0.39477407932281494
The System shall granularly control access rights to all major subsystems.  It should be possible to assign access rights to all subsystems independently.,"not about working, running, connecting, interfacing, or operative environment","working, running, connecting, interfacing, or operative environment",0.4036172330379486
The System shall not require additional third party licenses resulting in royalty fees.,"working, running, connecting, interfacing, or operative environment","not about working, running, connecting, interfacing, or operative environment",0.43871983885765076
Administrator shall be able to activate a pre-paid card via the Administration section in under 5 seconds.,"not about working, running, connecting, interfacing, or operative environment","working, running, connecting, interfacing, or operative environment",0.20298068225383759
 Customer shall be able to check the status of their prepaid card  by entering in the PIN number  in under 5 seconds.,"not about working, running, connecting, interfacing, or operative environment","working, running, connecting, interfacing, or operative environment",0.07683733850717545
System shall let customers register on the website as a “pay as you go” user in under 5 minutes.,"not about working, running, connecting, interfacing, or operative environment","working, running, connecting, interfacing, or operative environment",0.06982411444187164
System shall let customers register on the website as a “unlimited movie subscriber” user in under 10 minutes.,"not about working, running, connecting, interfacing, or operative environment","working, running, connecting, interfacing, or operative environment",0.0729246512055397
System shall let existing customers log into the website with their email address and password in under 5 seconds.,"not about working, running, connecting, interfacing, or operative environment","working, running, connecting, interfacing, or operative environment",0.09365265816450119
 System shall let customers cancel their account  process shall take no longer than 2 minutes.  Database will mark the account as inactive  and user will not be able to log into the website.,"not about working, running, connecting, interfacing, or operative environment","not about working, running, connecting, interfacing, or operative environment",0.13339710235595703
System shall let administrator de-activate a customer account in under 1 minute. Customer will no longer be able to access the website.,"not about working, running, connecting, interfacing, or operative environment","working, running, connecting, interfacing, or operative environment",0.17463481426239014
System shall let administrator add/remove movies on the website in under 5 minutes.  Entered movie information will be stored in the database and will now be available on the website.,"not about working, running, connecting, interfacing, or operative environment","working, running, connecting, interfacing, or operative environment",0.08701594173908234
System shall let the administrator add/remove categories on the website in under 5 minutes.,"not about working, running, connecting, interfacing, or operative environment","working, running, connecting, interfacing, or operative environment",0.1529533565044403
System shall let Izogn Manager access sales and usage statistics in under 2 minutes.,"not about working, running, connecting, interfacing, or operative environment","working, running, connecting, interfacing, or operative environment",0.16221444308757782
System shall let administrators generate unique pre-paid pins in under 2 minutes and generate an Excel file with the generated PINs.,"not about working, running, connecting, interfacing, or operative environment","working, running, connecting, interfacing, or operative environment",0.24121028184890747
The product should be able to be used by 90% of novice users on the Internet.,"not about working, running, connecting, interfacing, or operative environment","working, running, connecting, interfacing, or operative environment",0.14797718822956085
 Users should only have to navigate through a maximum of 4 pages  to create an account with the website.,"not about working, running, connecting, interfacing, or operative environment","not about working, running, connecting, interfacing, or operative environment",0.12551766633987427
Users should be able to access their streaming movies in under 2 clicks after logging into the website.,"not about working, running, connecting, interfacing, or operative environment","working, running, connecting, interfacing, or operative environment",0.11179054528474808
An anonymous survey will show that 70% of customers are comfortable purchasing streaming movies after 2 weeks using the website.,"not about working, running, connecting, interfacing, or operative environment","not about working, running, connecting, interfacing, or operative environment",-0.10157881677150726
An anonymous survey will show that 95% of customers are comfortable using and purchasing pre-paid cards after a month of using the system.,"not about working, running, connecting, interfacing, or operative environment","not about working, running, connecting, interfacing, or operative environment",-0.00734064681455493
The product shall retain the customer’s buying preferences and information.,"not about working, running, connecting, interfacing, or operative environment","not about working, running, connecting, interfacing, or operative environment",0.24318286776542664
The product shall be easy for customers with novice skills on the  Internet to purchase and watch streaming movies.  Customers should be able to purchase and watch a pre-determined movie in under 3 minutes.,"not about working, running, connecting, interfacing, or operative environment","working, running, connecting, interfacing, or operative environment",0.07217791676521301
The product shall use symbols and words that are naturally understandable by users familiar with websites,"not about working, running, connecting, interfacing, or operative environment","working, running, connecting, interfacing, or operative environment",0.37258991599082947
The website will use standard Internet conventions when interacting with the user.,"not about working, running, connecting, interfacing, or operative environment","working, running, connecting, interfacing, or operative environment",0.36880505084991455
 Any interface between a user and the automated system shall have a maximum response time of 5 seconds  unless noted by an exception below.,"not about working, running, connecting, interfacing, or operative environment","working, running, connecting, interfacing, or operative environment",0.24900688230991364
 When purchasing a streaming movie or pre-paid card via credit card  the processing time should have a maximum response time of 15 seconds.,"not about working, running, connecting, interfacing, or operative environment","working, running, connecting, interfacing, or operative environment",0.09326156973838806
 When streaming a movie  the buffering time should take no longer than 10 seconds (plus any latency on the user’s connection.),"not about working, running, connecting, interfacing, or operative environment","not about working, running, connecting, interfacing, or operative environment",0.12860380113124847
 While streaming a movie  buffering should only occur if there is latency in the user’s connection.,"not about working, running, connecting, interfacing, or operative environment","not about working, running, connecting, interfacing, or operative environment",0.16507428884506226
 All credit card information will be secured on the server  and only accessible by authorized Izogn administrators.  Information will be encrypted in the database.,"not about working, running, connecting, interfacing, or operative environment","not about working, running, connecting, interfacing, or operative environment",0.18551303446292877
All aspects of the website shall be accessed by a web browser over the Internet.,"working, running, connecting, interfacing, or operative environment","working, running, connecting, interfacing, or operative environment",0.2546460032463074
The same hardware supporting the current website will be used to support the new system.,"working, running, connecting, interfacing, or operative environment","working, running, connecting, interfacing, or operative environment",0.3796621561050415
 We must be able to interface with the following browsers: IE 5.X  6.0  Netscape 6.x  7.x  8.x and Firefox 1.0.,"working, running, connecting, interfacing, or operative environment","working, running, connecting, interfacing, or operative environment",0.30253902077674866
Website must interface with the CyberSource API to process credit card transactions.,"working, running, connecting, interfacing, or operative environment","working, running, connecting, interfacing, or operative environment",0.2871776521205902
Website must be fully operational with MSN TV2.,"working, running, connecting, interfacing, or operative environment","working, running, connecting, interfacing, or operative environment",0.26236748695373535
Movies shall be encoded and streamed via Windows Media Player 9.0.,"working, running, connecting, interfacing, or operative environment","working, running, connecting, interfacing, or operative environment",0.08059081435203552
Movies shall be encoded for 56k and 256k streams.,"working, running, connecting, interfacing, or operative environment","working, running, connecting, interfacing, or operative environment",0.037887364625930786
Izogn Administrator must be able to update the category listings on the website within 2 minutes.,"not about working, running, connecting, interfacing, or operative environment","working, running, connecting, interfacing, or operative environment",0.2602922320365906
Izogn Administrator must be able to add new products to the website within 2 minutes.,"not about working, running, connecting, interfacing, or operative environment","working, running, connecting, interfacing, or operative environment",0.214692622423172
The website will provide a help section with answers and solutions to common problems.,"not about working, running, connecting, interfacing, or operative environment","working, running, connecting, interfacing, or operative environment",0.33921337127685547
The product shall be able to be installed in the specified environment within 1 working day.,"working, running, connecting, interfacing, or operative environment","working, running, connecting, interfacing, or operative environment",0.4522145390510559
Only registered customers can purchase streaming movies.,"not about working, running, connecting, interfacing, or operative environment","not about working, running, connecting, interfacing, or operative environment",0.07758378982543945
 A customer can only stream a movie if they purchased it  and are within the 2 day viewing period.,"not about working, running, connecting, interfacing, or operative environment","not about working, running, connecting, interfacing, or operative environment",-0.007385258562862873
Only authorized personnel can access customer records in the database.,"not about working, running, connecting, interfacing, or operative environment","not about working, running, connecting, interfacing, or operative environment",0.22179120779037476
Only administrators can activate a pre-paid card.,"not about working, running, connecting, interfacing, or operative environment","not about working, running, connecting, interfacing, or operative environment",0.2132144719362259
Only authorized personnel can access sales information.,"not about working, running, connecting, interfacing, or operative environment","not about working, running, connecting, interfacing, or operative environment",0.24547158181667328
The website shall prevent its data from being corrupted when incorrect data is entered in.,"not about working, running, connecting, interfacing, or operative environment","not about working, running, connecting, interfacing, or operative environment",0.27652451395988464
 The website shall protect itself from intentional abuse  and notify the administrator at all occurrences.,"not about working, running, connecting, interfacing, or operative environment","working, running, connecting, interfacing, or operative environment",0.2698751389980316
Data integrity scripts will be run on a weekly basis to verify the integrity of the database.,"not about working, running, connecting, interfacing, or operative environment","working, running, connecting, interfacing, or operative environment",0.30847543478012085
 The website shall make its user aware of its information practices before collection data from them via a Privacy Policy  accessible on all pages of the website.,"not about working, running, connecting, interfacing, or operative environment","working, running, connecting, interfacing, or operative environment",0.30410072207450867
The system shall notify customers of changes to its information policy.,"not about working, running, connecting, interfacing, or operative environment","not about working, running, connecting, interfacing, or operative environment",0.24851496517658234
The system shall reveal private information only in compliance with the organization’s information policy.,"not about working, running, connecting, interfacing, or operative environment","not about working, running, connecting, interfacing, or operative environment",0.23207609355449677
 All customer information will be stored on a secure database  accessible only to authorized personnel.,"not about working, running, connecting, interfacing, or operative environment","not about working, running, connecting, interfacing, or operative environment",0.2611583173274994
All credit card information will be encrypted in the database.,"not about working, running, connecting, interfacing, or operative environment","working, running, connecting, interfacing, or operative environment",0.2066430151462555
The streaming server will have anti-virus software to prevent infection of malicious viruses.,"not about working, running, connecting, interfacing, or operative environment","working, running, connecting, interfacing, or operative environment",0.19502107799053192
The website should use Flash to provide animation on the home page.,"working, running, connecting, interfacing, or operative environment","working, running, connecting, interfacing, or operative environment",0.18966998159885406
Total lead cycle time must be completed in 5 minutes for 90% of lead volume between the business hours of 8AM CST to 8PM CST  then 3 minutes for 99% of lead volume during off business hours.,"not about working, running, connecting, interfacing, or operative environment","working, running, connecting, interfacing, or operative environment",0.02622363343834877
No lead evaluation will complete in a time period longer than 25 seconds for 97% of all leads processed.,"not about working, running, connecting, interfacing, or operative environment","not about working, running, connecting, interfacing, or operative environment",0.01575430855154991
For leads that process longer than 25 seconds the system will record the event and duration,"not about working, running, connecting, interfacing, or operative environment","working, running, connecting, interfacing, or operative environment",0.3032688796520233
The process must fit within the processing time conditions set forth by the Auto Rep Assignment process in which a lead is assigned within 3 minutes of the total life cycle.,"not about working, running, connecting, interfacing, or operative environment","working, running, connecting, interfacing, or operative environment",0.42760372161865234
The lead washing process will operate within the established physical web service structure.,"working, running, connecting, interfacing, or operative environment","working, running, connecting, interfacing, or operative environment",0.4134674668312073
 The washing process must use a non binding  neutral data format  such as xml  when receiving and processing lead data.,"working, running, connecting, interfacing, or operative environment","not about working, running, connecting, interfacing, or operative environment",0.22178597748279572
The product shall able to handle a large number of games simultaneously.,"not about working, running, connecting, interfacing, or operative environment","working, running, connecting, interfacing, or operative environment",0.4329248070716858
The response time shall be fast enough to maintain the flow of the game.  The response time shall be no more than 2 seconds for 95% of responses and no more than 4% for the remaining responses.,"not about working, running, connecting, interfacing, or operative environment","working, running, connecting, interfacing, or operative environment",0.2613801658153534
The product shall protect the identity of the players. The product shall provide players no access to information that might reveal the identity of another player.,"not about working, running, connecting, interfacing, or operative environment","not about working, running, connecting, interfacing, or operative environment",0.2652825713157654
The product shall be intuitive and self-explanatory.  Nine out ten users shall be able to successfully complete a game with no training.,"not about working, running, connecting, interfacing, or operative environment","not about working, running, connecting, interfacing, or operative environment",0.31674426794052124
 The product shall be available to players who understand English  Spanish and French.  The product shall allow the user to select the language upon accessing the product.,"not about working, running, connecting, interfacing, or operative environment","working, running, connecting, interfacing, or operative environment",0.22478993237018585
The product shall provide players no access to information that might reveal the identity of another player,"not about working, running, connecting, interfacing, or operative environment","not about working, running, connecting, interfacing, or operative environment",0.32229772210121155
The response time shall be fast enough to maintain the flow of the game. The response time shall be no more than 2 seconds for 95% of responses and no more than 4% for the remaining responses.,"not about working, running, connecting, interfacing, or operative environment","working, running, connecting, interfacing, or operative environment",0.2613801658153534
The system shall be easy to use by callers and supervisors. Callers and supervisors must be able to accomplish any system task within 2 minutes.,"not about working, running, connecting, interfacing, or operative environment","working, running, connecting, interfacing, or operative environment",0.3457631468772888
The system shall be easy to learn by callers and supervisors. Callers and supervisors shall learn how to use the system within 10 minutes.,"not about working, running, connecting, interfacing, or operative environment","working, running, connecting, interfacing, or operative environment",0.2627005875110626
 The system shall be responsive. At the DePaul TeleServices Center  when a supervisor uses the system to view a callers schedule  the system response time must be no more than 2 seconds 90% of the time and no more than 5 seconds the rest of the time.,"not about working, running, connecting, interfacing, or operative environment","working, running, connecting, interfacing, or operative environment",0.28211864829063416
 On a 56k connection  the system response time for all operations must be no more than 6 seconds 90% of the time.,"not about working, running, connecting, interfacing, or operative environment","working, running, connecting, interfacing, or operative environment",0.14812572300434113
 On a 112k connection or faster  the system response time for all operations must be no more than 3 seconds 90% of the time.,"not about working, running, connecting, interfacing, or operative environment","working, running, connecting, interfacing, or operative environment",0.2020912915468216
The product shall ensure that only supervisors can advertise empty time slots.The product must ensure that supervisors are allowed to access advertise empty time slots.,"not about working, running, connecting, interfacing, or operative environment","not about working, running, connecting, interfacing, or operative environment",0.23896817862987518
The product shall ensure that only supervisors can enter a caller’s schedule.The product must ensure that supervisors are allowed to access advertise empty time slots.,"not about working, running, connecting, interfacing, or operative environment","not about working, running, connecting, interfacing, or operative environment",0.24013128876686096
The product shall ensure that only supervisors can view schedule of all callers.The product must ensure that supervisors are allowed to access advertise empty time slots.,"not about working, running, connecting, interfacing, or operative environment","not about working, running, connecting, interfacing, or operative environment",0.2249463051557541
The product shall provide Monitoring Services.The product shall be easy for System Administrators and DBAs to use after two weeks of usage.,"not about working, running, connecting, interfacing, or operative environment","working, running, connecting, interfacing, or operative environment",0.336186021566391
The product shall provide Error Tracking Services.The product shall help the System Administrators and DBAs to resolve transaction errors 99% of the time.,"not about working, running, connecting, interfacing, or operative environment","working, running, connecting, interfacing, or operative environment",0.19915315508842468
The product shall provide Portals.The product shall help System Administrators to analyze the transactions with ad-hoc reporting and KPIs (Key Performance Indicators),"not about working, running, connecting, interfacing, or operative environment","working, running, connecting, interfacing, or operative environment",0.425656259059906
The product shall provide Asynchronous Messaging.The product shall provide asynchronous messaging to enable parallel processing and reduce the overhead in communications,"not about working, running, connecting, interfacing, or operative environment","working, running, connecting, interfacing, or operative environment",0.33249861001968384
The product shall provide Multi-threading and Load Balancing.The product shall provide multi-threading technology as well as load balancing to overcome data load spikes and traffic.,"not about working, running, connecting, interfacing, or operative environment","working, running, connecting, interfacing, or operative environment",0.4841157793998718
The product shall process messages within 2 seconds.The product shall have a maximum message processing time of 2 seconds,"not about working, running, connecting, interfacing, or operative environment","working, running, connecting, interfacing, or operative environment",0.34738415479660034
The product shall poll the system for messages every second.The product shall poll the system for new messages at a maximum of every 1 second.,"not about working, running, connecting, interfacing, or operative environment","working, running, connecting, interfacing, or operative environment",0.20777148008346558
The product shall provide Dynamic Change Support and Transparent resource addition.The product shall support Transparent Resource addition and Dynamic Change support to provide scalability and avoid service interruptions of more than 1 day.,"not about working, running, connecting, interfacing, or operative environment","working, running, connecting, interfacing, or operative environment",0.5178112983703613
The product shall be platform independent.The product shall enable access to any type of development environment and platform.,"working, running, connecting, interfacing, or operative environment","working, running, connecting, interfacing, or operative environment",0.474375456571579
The product shall interface CSR and Datastream.The product shall exchange messages between CSR and EAM on a real time basis without any direct interfaces between two systems.,"working, running, connecting, interfacing, or operative environment","not about working, running, connecting, interfacing, or operative environment",0.4442879557609558
 The product shall have security.The product shall provide authentication  and authorization.,"not about working, running, connecting, interfacing, or operative environment","working, running, connecting, interfacing, or operative environment",0.37541839480400085
The product shall information Security. The product shall enable privacy by encryption WS-Security and Integrity Checking.,"not about working, running, connecting, interfacing, or operative environment","working, running, connecting, interfacing, or operative environment",0.2299591600894928
The product shall have audit capabilities.The product shall store messages for a minimum of one year for audit and transaction tracking purposes.,"not about working, running, connecting, interfacing, or operative environment","working, running, connecting, interfacing, or operative environment",0.36662042140960693
The system must use a point and click interface. 100% of all selection and navigation functionality must be able to be activated/selected by either a mouse or a keyboard,"not about working, running, connecting, interfacing, or operative environment","working, running, connecting, interfacing, or operative environment",0.2486511468887329
The interface shall be easy to use. 90% of users should be able to successfully use the system to generate a report on their first use. The interface should adhere to IBM usability standards.,"not about working, running, connecting, interfacing, or operative environment","working, running, connecting, interfacing, or operative environment",0.293026864528656
Rreports must be easy to generate. eports must be generated within one button click and exported within one button click (after selecting the report),"not about working, running, connecting, interfacing, or operative environment","working, running, connecting, interfacing, or operative environment",0.29682594537734985
A user shall be able to use the system without instruction after a short amount of time. After one use a user should understand and remember 90% of the system usage and navigation.,"not about working, running, connecting, interfacing, or operative environment","working, running, connecting, interfacing, or operative environment",0.2372860461473465
All CCR users shall receive training before the WCS system is deployed. One training session will be held for 100% of CCR users before system deployment (based on a CCR user being available),"not about working, running, connecting, interfacing, or operative environment","working, running, connecting, interfacing, or operative environment",0.3444513976573944
The WCS system shall use appropriate nomenclature and terminology as defined by the Corporate Community Grants organization. All interfaces and reports will undergo usability tests by CCR users.,"not about working, running, connecting, interfacing, or operative environment","working, running, connecting, interfacing, or operative environment",0.3978663682937622
The WCS system shall be run in a Windows environment. The WCS shall be accessed by users through the Internet on an IBM computer running a Windows 2000 or above operating system.,"working, running, connecting, interfacing, or operative environment","working, running, connecting, interfacing, or operative environment",0.28697654604911804
The Brio portion of the WCS system must be able to export files in spreadsheet form (Microsoft Excel and Lotus 1-2-3 formats).  Brio will provide buttons in the user interface that produce/export reports in .xls or .123 file formats.,"working, running, connecting, interfacing, or operative environment","working, running, connecting, interfacing, or operative environment",0.3653927445411682
The system shall only be accessed by authorized Corporate Community Grants (CCR) employees. Users must be authenticated using their IBM intranet user name and password.,"not about working, running, connecting, interfacing, or operative environment","not about working, running, connecting, interfacing, or operative environment",0.2641522288322449
The WCS system shall not allow automatic logins by any user. Cookies containing WCS login information about a user will not be stored on a user’s computer.,"not about working, running, connecting, interfacing, or operative environment","not about working, running, connecting, interfacing, or operative environment",0.3237621784210205
Each team owner will need to use a username and password in order to be authenticated to reach the team owner’s page,"not about working, running, connecting, interfacing, or operative environment","working, running, connecting, interfacing, or operative environment",0.21750059723854065
The Commissioner will be the only authorized user per league to adjust league settings.,"not about working, running, connecting, interfacing, or operative environment","working, running, connecting, interfacing, or operative environment",0.1704007089138031
;A new user shall be able to navigate through the league and team pages within 30 seconds of reaching the start-up page.,"not about working, running, connecting, interfacing, or operative environment","working, running, connecting, interfacing, or operative environment",0.15387745201587677
Users shall be able to reach the ‘add’  ‘drop’  and ‘trade player’ pages with one click from the team owner’s page.,"not about working, running, connecting, interfacing, or operative environment","working, running, connecting, interfacing, or operative environment",0.3363650441169739
;Users shall be able to view at least 25 NFL player statistics and points on each page.,"not about working, running, connecting, interfacing, or operative environment","working, running, connecting, interfacing, or operative environment",0.12194981426000595
The application shall ask the user to confirm dropping a player or trading a player before performing the action.,"not about working, running, connecting, interfacing, or operative environment","working, running, connecting, interfacing, or operative environment",0.1473776400089264
The application shall be able to complete every user transaction within one fourth of a second of receiving the request over the network.,"not about working, running, connecting, interfacing, or operative environment","working, running, connecting, interfacing, or operative environment",0.3567570149898529
The application shall run on a web application server.,"working, running, connecting, interfacing, or operative environment","working, running, connecting, interfacing, or operative environment",0.40849462151527405
A primary database will be used to store cached data for active users.,"working, running, connecting, interfacing, or operative environment","working, running, connecting, interfacing, or operative environment",0.4116225242614746
A secondary database will be used to store historical statistics and data.,"working, running, connecting, interfacing, or operative environment","working, running, connecting, interfacing, or operative environment",0.2221161425113678
98% of the user workstations shall meet the minimum hardware requirements prior to implementation. Minimum Hard Disk Space:  400MB.,"working, running, connecting, interfacing, or operative environment","working, running, connecting, interfacing, or operative environment",0.12634789943695068
98% of the user workstations shall meet the minimum software requirements prior to implementation: Microsoft Internet Explorer 5.0. Microsoft .NET Framework 1.1. Microsoft Internet Explorer Web Controls,"working, running, connecting, interfacing, or operative environment","working, running, connecting, interfacing, or operative environment",0.2595626711845398
The RFS system should be able to easily interface with the BDW environment  in order to load the data. •;7 data files shall be received from the BDW and loaded into the RFS system within 3 hours one day prior to the start of budgeting process  every year. The data will be as of October month-end. ;Test files (7) shall be loaded up to 5 times throughout the year  from the BDW.,"working, running, connecting, interfacing, or operative environment","working, running, connecting, interfacing, or operative environment",0.24631211161613464
Only authorized user shall access the RFS system. ONLY users that exist in the UAS system  with the RFS system assigned to their role(s)  shall access the RFS system and use it.,"not about working, running, connecting, interfacing, or operative environment","not about working, running, connecting, interfacing, or operative environment",0.24318084120750427
;User access should be limited to the permissions granted to their role(s) Each level in the PCG hierarchy will be assigned a role and users will be assigned to these roles. Access to functionality within RFS system is dependent on the privileges/permission assigned to the role..,"not about working, running, connecting, interfacing, or operative environment","working, running, connecting, interfacing, or operative environment",0.3139192759990692
The users should be able to easily use the system to successfully complete their budgets  within the stipulated time for completion. With a week of training prior to product implementation  98% of the users shall complete their budgets within the stipulated time.,"not about working, running, connecting, interfacing, or operative environment","working, running, connecting, interfacing, or operative environment",0.34036770462989807
The product interface should be fast. The response time of the product interface should not exceed 2 seconds 90% of the time. For 10% of the time  the response time should not be more than 10 seconds.not be more than 10 seconds.,"not about working, running, connecting, interfacing, or operative environment","working, running, connecting, interfacing, or operative environment",0.2629302740097046
