,precision,recall,f1-score,support
"working, running, connecting, interfacing, or operative environment",0.775609756097561,0.8502673796791443,0.8112244897959182,187.0
"not about working, running, connecting, interfacing, or operative environment",0.36363636363636365,0.25806451612903225,0.3018867924528302,62.0
accuracy,0.7028112449799196,0.7028112449799196,0.7028112449799196,0.7028112449799196
macro avg,0.5696230598669623,0.5541659479040884,0.5565556411243742,249.0
weighted avg,0.673030035886339,0.7028112449799196,0.6844014486904103,249.0
