,precision,recall,f1-score,support
"working, running, connecting, interfacing, or operative environment",0.9423076923076923,0.2620320855614973,0.4100418410041841,187.0
"not about working, running, connecting, interfacing, or operative environment",0.29949238578680204,0.9516129032258065,0.4555984555984557,62.0
accuracy,0.43373493975903615,0.43373493975903615,0.43373493975903615,0.43373493975903615
macro avg,0.6209000390472472,0.6068224943936519,0.4328201483013199,249.0
weighted avg,0.782249262571567,0.43373493975903615,0.42138525507986624,249.0
