,precision,recall,f1-score,support
"working, running, connecting, interfacing, or operative environment",0.8289473684210527,0.6737967914438503,0.7433628318584071,187.0
"not about working, running, connecting, interfacing, or operative environment",0.3711340206185567,0.5806451612903226,0.45283018867924535,62.0
accuracy,0.6506024096385542,0.6506024096385542,0.6506024096385542,0.6506024096385542
macro avg,0.6000406945198047,0.6272209763670864,0.5980965102688263,249.0
weighted avg,0.7149536834260537,0.6506024096385542,0.6710213705045596,249.0
