,precision,recall,f1-score,support
"environmental, organizational, coordination, systemic, or logistics",0.4594594594594595,0.27419354838709675,0.3434343434343434,62.0
"not about environmental, organizational, coordination, systemic, or logistics",0.7877358490566038,0.893048128342246,0.837092731829574,187.0
accuracy,0.7389558232931727,0.7389558232931727,0.7389558232931727,0.7389558232931727
macro avg,0.6235976542580316,0.5836208383646714,0.5902635376319587,249.0
weighted avg,0.7059963464259895,0.7389558232931727,0.7141737756829705,249.0
