Requirement text,Gold label,Predicated label,ZSL score
The system shall refresh the display every 60 seconds.,"not about environmental, organizational, coordination, systemic, or logistics","environmental, organizational, coordination, systemic, or logistics",0.9371902346611023
 If projected  the data must be readable.  On a 10x10 projection screen  90% of viewers must be able to read Event / Activity data from a viewing distance of 30,"not about environmental, organizational, coordination, systemic, or logistics","not about environmental, organizational, coordination, systemic, or logistics",0.9051263928413391
 If projected  the data must be understandable. On a 10x10 projection screen  90% of viewers must be able to determine that Events or Activities are occuring in current time from a viewing distance of 100,"not about environmental, organizational, coordination, systemic, or logistics","not about environmental, organizational, coordination, systemic, or logistics",0.9046574831008911
The product shall ensure that it can only be accessed by authorized users.  The product will be able to distinguish between authorized and unauthorized users in all access attempts,"not about environmental, organizational, coordination, systemic, or logistics","not about environmental, organizational, coordination, systemic, or logistics",0.9030860662460327
The product shall be intuitive and self-explanatory.  :  90% of new users shall be able to start the display of Events or Activities within 90 minutes of using the product.,"not about environmental, organizational, coordination, systemic, or logistics","not about environmental, organizational, coordination, systemic, or logistics",0.9060619473457336
The product shall respond fast to keep up-to-date data in the display.,"not about environmental, organizational, coordination, systemic, or logistics","not about environmental, organizational, coordination, systemic, or logistics",0.925444483757019
The system shall be used by realtors with no training.,"not about environmental, organizational, coordination, systemic, or logistics","not about environmental, organizational, coordination, systemic, or logistics",0.9417250156402588
The system shall be intuitive and self explanatory.,"not about environmental, organizational, coordination, systemic, or logistics","environmental, organizational, coordination, systemic, or logistics",0.9338148832321167
The product shall be easy for a realtor to learn.,"not about environmental, organizational, coordination, systemic, or logistics","environmental, organizational, coordination, systemic, or logistics",0.9351965188980103
The product shall use symbols and words that are naturally understandable by the realtor community.,"not about environmental, organizational, coordination, systemic, or logistics","not about environmental, organizational, coordination, systemic, or logistics",0.9352686405181885
The product shall produce search results in an acceptable time,"not about environmental, organizational, coordination, systemic, or logistics","environmental, organizational, coordination, systemic, or logistics",0.9355692863464355
The search results shall be returned no later 30      seconds  after the user has entered the search criteria,"not about environmental, organizational, coordination, systemic, or logistics","not about environmental, organizational, coordination, systemic, or logistics",0.9259916543960571
The product shall generate a CMA report in an acceptable time.,"not about environmental, organizational, coordination, systemic, or logistics","not about environmental, organizational, coordination, systemic, or logistics",0.9372872114181519
The CMA report shall be returned no later 60 seconds after the user has entered the CMA report criteria.,"not about environmental, organizational, coordination, systemic, or logistics","not about environmental, organizational, coordination, systemic, or logistics",0.9197898507118225
The product shall synchronize contacts and appointments in an acceptable time.,"not about environmental, organizational, coordination, systemic, or logistics","environmental, organizational, coordination, systemic, or logistics",0.9292979836463928
The product shall synchronize with the office system every hour.,"not about environmental, organizational, coordination, systemic, or logistics","environmental, organizational, coordination, systemic, or logistics",0.934490442276001
The product shall be installed by an untrained realtor   without recourse to separately-printed instructions.,"not about environmental, organizational, coordination, systemic, or logistics","not about environmental, organizational, coordination, systemic, or logistics",0.9285207986831665
90% of untrained realtors shall be able to install the product on their device without printed instructions,"not about environmental, organizational, coordination, systemic, or logistics","not about environmental, organizational, coordination, systemic, or logistics",0.9249662756919861
Only registered realtors shall be able to access the system.,"not about environmental, organizational, coordination, systemic, or logistics","not about environmental, organizational, coordination, systemic, or logistics",0.939152717590332
Every user of the system shall be authenticated and authorized.,"not about environmental, organizational, coordination, systemic, or logistics","environmental, organizational, coordination, systemic, or logistics",0.9333764314651489
The product shall prevent its data from incorrect data being introduced.,"not about environmental, organizational, coordination, systemic, or logistics","environmental, organizational, coordination, systemic, or logistics",0.9329096674919128
The system shall be easy to use by the Program Administrators/Nursing Staff Members.,"not about environmental, organizational, coordination, systemic, or logistics","not about environmental, organizational, coordination, systemic, or logistics",0.9295058250427246
All of the users shall be able to use the system after one day of training.,"not about environmental, organizational, coordination, systemic, or logistics","not about environmental, organizational, coordination, systemic, or logistics",0.930342435836792
The system shall help the user avoid making mistakes while scheduling classes and clinicals for the nursing students.,"not about environmental, organizational, coordination, systemic, or logistics","not about environmental, organizational, coordination, systemic, or logistics",0.9178810715675354
The number of mistakes noted by the students shall be decreased by 50% in the first year.,"not about environmental, organizational, coordination, systemic, or logistics","not about environmental, organizational, coordination, systemic, or logistics",0.924198567867279
The system shall be intuitive to the Program Administrators/Nursing Staff Members.,"not about environmental, organizational, coordination, systemic, or logistics","not about environmental, organizational, coordination, systemic, or logistics",0.9308458566665649
2 out of 3 Program Administrators/Nursing Staff Members shall successfully be able to use the system to manage the scheduling of classes and clinicals.,"not about environmental, organizational, coordination, systemic, or logistics","not about environmental, organizational, coordination, systemic, or logistics",0.9088975787162781
The system shall use symbols and words that are naturally understandable by the user community.,"not about environmental, organizational, coordination, systemic, or logistics","not about environmental, organizational, coordination, systemic, or logistics",0.940101146697998
The verbiage used within the system shall be consistent with Standard English and the terminology of the national Nursing Community.,"not about environmental, organizational, coordination, systemic, or logistics","not about environmental, organizational, coordination, systemic, or logistics",0.9174996018409729
Staff members shall be able to complete a set of tasks in a timely manner.,"not about environmental, organizational, coordination, systemic, or logistics","not about environmental, organizational, coordination, systemic, or logistics",0.9323903322219849
The response time of general student management tasks shall take no longer than 5 seconds and the response time of schedule generation shall take no longer than 30 seconds.,"not about environmental, organizational, coordination, systemic, or logistics","not about environmental, organizational, coordination, systemic, or logistics",0.9047646522521973
The system shall able to operate within a business office environment typical of the Nursing Department at DePaul University.,"environmental, organizational, coordination, systemic, or logistics","not about environmental, organizational, coordination, systemic, or logistics",0.924717128276825
The system shall be used within the specifications defined by the computers used by the Program Administrators/Nursing Staff Members.,"environmental, organizational, coordination, systemic, or logistics","not about environmental, organizational, coordination, systemic, or logistics",0.9176242351531982
The system shall operate within the Windows XP Professional operating system.,"environmental, organizational, coordination, systemic, or logistics","environmental, organizational, coordination, systemic, or logistics",0.9380343556404114
The system shall interface with CampusConnect’s central server,"environmental, organizational, coordination, systemic, or logistics","environmental, organizational, coordination, systemic, or logistics",0.9383603930473328
The system shall interface with the faculty central server.,"environmental, organizational, coordination, systemic, or logistics","environmental, organizational, coordination, systemic, or logistics",0.9350560903549194
The system shall interface with the student master server.,"environmental, organizational, coordination, systemic, or logistics","environmental, organizational, coordination, systemic, or logistics",0.9408856630325317
We must be able to interface with any HTML browser.,"environmental, organizational, coordination, systemic, or logistics","environmental, organizational, coordination, systemic, or logistics",0.9414939284324646
Only authorized users shall have access to clinical site information.,"not about environmental, organizational, coordination, systemic, or logistics","environmental, organizational, coordination, systemic, or logistics",0.9381762742996216
Program Administrators/Nursing Staff Members are the only people who shall have access to clinical site details.,"not about environmental, organizational, coordination, systemic, or logistics","not about environmental, organizational, coordination, systemic, or logistics",0.9270297288894653
Only authorized users shall have access to students’ personal information.,"not about environmental, organizational, coordination, systemic, or logistics","environmental, organizational, coordination, systemic, or logistics",0.9344770908355713
Dr Susan Poslusny and Dr Julie Donalek are the only people who shall have access to students’ personal information.,"not about environmental, organizational, coordination, systemic, or logistics","not about environmental, organizational, coordination, systemic, or logistics",0.9148353338241577
Only authorized users shall have access to the portion of the system that interfaces with CampusConnect.,"not about environmental, organizational, coordination, systemic, or logistics","not about environmental, organizational, coordination, systemic, or logistics",0.9324780106544495
Fit Criterion: Dr Susan Poslusny and Karen Sysol are the only people who shall have access to the final class section scheduling for the system that interfaces with CampusConnect.,"not about environmental, organizational, coordination, systemic, or logistics","not about environmental, organizational, coordination, systemic, or logistics",0.8975865244865417
The system shall have basic data integrity checking to reduce the possibility of incorrect or invalid data being introduced.,"not about environmental, organizational, coordination, systemic, or logistics","not about environmental, organizational, coordination, systemic, or logistics",0.9305047988891602
The system shall protect private information in accordance with the organization’s information policy.,"not about environmental, organizational, coordination, systemic, or logistics","not about environmental, organizational, coordination, systemic, or logistics",0.9302582144737244
The system shall be built such that it is as secure as possible from malicious interference.,"not about environmental, organizational, coordination, systemic, or logistics","not about environmental, organizational, coordination, systemic, or logistics",0.933688759803772
The system shall use the organization’s standard virus protection software to help monitor threats to itself.,"not about environmental, organizational, coordination, systemic, or logistics","not about environmental, organizational, coordination, systemic, or logistics",0.9290130138397217
The list of dispute cases that are displayed after a search is performed must be color coded for easy identification of dispute cases based upon the dispute case status.,"not about environmental, organizational, coordination, systemic, or logistics","not about environmental, organizational, coordination, systemic, or logistics",0.9085580110549927
100% of the cardmember and merchant services representatives shall use the Disputes application regularly after a 2-day training course.,"not about environmental, organizational, coordination, systemic, or logistics","not about environmental, organizational, coordination, systemic, or logistics",0.9228270053863525
100% of cardmember services representatives shall be able to successfully create a dispute case on the first encounter after completing the training course.,"not about environmental, organizational, coordination, systemic, or logistics","not about environmental, organizational, coordination, systemic, or logistics",0.9236471056938171
100% of merchant services representatives shall be able to successfully perform a follow up action on a dispute case on the first encounter after completing the training course.,"not about environmental, organizational, coordination, systemic, or logistics","not about environmental, organizational, coordination, systemic, or logistics",0.9186546802520752
The maximum wait time for a user navigating from one screen to another within the Disputes application shall be no more than 5 seconds.,"not about environmental, organizational, coordination, systemic, or logistics","not about environmental, organizational, coordination, systemic, or logistics",0.9222050309181213
The Disputes application shall support 350 concurrent users without any degradation of performance in the application.,"not about environmental, organizational, coordination, systemic, or logistics","not about environmental, organizational, coordination, systemic, or logistics",0.9345903992652893
 The Disputes application shall be available 24x7x365  with the exception of the following scheduled maintenance windows.  Monday – Saturday 3:00am to 4:00am EST Sunday 1:00amd to 5:00am EST,"environmental, organizational, coordination, systemic, or logistics","not about environmental, organizational, coordination, systemic, or logistics",0.8999544978141785
The Disputes application shall interface with the Statement Database. The Statement Database provides the transaction details to the Disputes System. All transaction details must be obtained from the Statement Database,"environmental, organizational, coordination, systemic, or logistics","not about environmental, organizational, coordination, systemic, or logistics",0.8998283743858337
The Disputes application shall interface with the Cardmember Information Database.  The Cardmember Information Database provides detailed information with regard to a cardmember.  All cardmember detail information must be obtained from the Cardmember Information Database.,"environmental, organizational, coordination, systemic, or logistics","not about environmental, organizational, coordination, systemic, or logistics",0.8906087279319763
The Disputes applications shall interface with the Merchant Information Database.  The Merchant Information Database provides detailed information with regard to the merchant. All merchant detail information shall be obtained from the Merchant Information Database.,"environmental, organizational, coordination, systemic, or logistics","not about environmental, organizational, coordination, systemic, or logistics",0.8946512937545776
The Disputes application shall interface with the Letters application.  This will allow the Disputes application to request letters as part of the dispute initiation and dispute follow up process. All letter requests must be sent to the Print Letter Utility application.,"environmental, organizational, coordination, systemic, or logistics","not about environmental, organizational, coordination, systemic, or logistics",0.8937461376190186
The Disputes application shall interface with the Cardmember Posting and Billing System.  This will allow the Disputes application to request adjustments to cardmember and merchant’s accounts. All adjustment requests must be sent to the Cardmember Posting and Billing System.,"environmental, organizational, coordination, systemic, or logistics","not about environmental, organizational, coordination, systemic, or logistics",0.8883414268493652
The Disputes application shall ensure that only users with the appropriate access level are allowed to initiate dispute requests.,"not about environmental, organizational, coordination, systemic, or logistics","not about environmental, organizational, coordination, systemic, or logistics",0.934928834438324
Only users with Update access must be able to initiate dispute requests.,"not about environmental, organizational, coordination, systemic, or logistics","not about environmental, organizational, coordination, systemic, or logistics",0.940589189529419
The Disputes application shall ensure that only authorized users are allowed to logon to the application.,"not about environmental, organizational, coordination, systemic, or logistics","not about environmental, organizational, coordination, systemic, or logistics",0.9249494671821594
 All authorized users  once authenticated must be able to logon to the Disputes System,"not about environmental, organizational, coordination, systemic, or logistics","not about environmental, organizational, coordination, systemic, or logistics",0.9275822639465332
The Disputes System shall generate a User Report that details any new users that have been added and any changes to an existing user’s access level.  The report will be reviewed for auditing purposes.,"not about environmental, organizational, coordination, systemic, or logistics","not about environmental, organizational, coordination, systemic, or logistics",0.9025052785873413
All additions of new users and modifications to user’s access shall be recorded on the User Report.,"not about environmental, organizational, coordination, systemic, or logistics","not about environmental, organizational, coordination, systemic, or logistics",0.9291348457336426
 If a user account is revoked  it can only be re-instantiated by the System Administrator.,"not about environmental, organizational, coordination, systemic, or logistics","not about environmental, organizational, coordination, systemic, or logistics",0.9325095415115356
Only the System Administrator shall be able to reset a revoked user logon account,"not about environmental, organizational, coordination, systemic, or logistics","not about environmental, organizational, coordination, systemic, or logistics",0.932248592376709
The Disputes application shall manipulate and view business data. Users will not have direct access to data files or databases.,"not about environmental, organizational, coordination, systemic, or logistics","not about environmental, organizational, coordination, systemic, or logistics",0.9274066686630249
All updates to data files or database must be initiated from the Disputes System.,"not about environmental, organizational, coordination, systemic, or logistics","not about environmental, organizational, coordination, systemic, or logistics",0.9312047958374023
The product must support Internet Explorer 5.5 and above.,"environmental, organizational, coordination, systemic, or logistics","environmental, organizational, coordination, systemic, or logistics",0.9307159185409546
The product must support Mozilla Firefox 1.0 and above.,"environmental, organizational, coordination, systemic, or logistics","environmental, organizational, coordination, systemic, or logistics",0.9311208724975586
The product shall interface with the Choice Parts System.  This provides the feed of recycled parts data.,"environmental, organizational, coordination, systemic, or logistics","not about environmental, organizational, coordination, systemic, or logistics",0.9364051818847656
The product shall run on the existing hardware for all environments.,"environmental, organizational, coordination, systemic, or logistics","environmental, organizational, coordination, systemic, or logistics",0.9366410374641418
The product shall adhere to the corporate Architecture guidelines,"environmental, organizational, coordination, systemic, or logistics","environmental, organizational, coordination, systemic, or logistics",0.9168995022773743
The product shall be easy to use by Adjusters and Collision Estimators.  95% of Adjusters and Collision Estimators shall find the product easy to use.,"not about environmental, organizational, coordination, systemic, or logistics","not about environmental, organizational, coordination, systemic, or logistics",0.8933040499687195
The product shall increase productivity of Collision Estimators. 80% of the Collision Estimators shall agree their productivity has increase within 1 month of using the product.,"not about environmental, organizational, coordination, systemic, or logistics","not about environmental, organizational, coordination, systemic, or logistics",0.9003962278366089
Users shall feel satisfied using the product.  85% of all users will be satisfied with the product.,"not about environmental, organizational, coordination, systemic, or logistics","not about environmental, organizational, coordination, systemic, or logistics",0.9277361035346985
The product shall be easy to learn by Adjusters and Collision Estimators.  The product shall be learned with two days onsite training,"not about environmental, organizational, coordination, systemic, or logistics","not about environmental, organizational, coordination, systemic, or logistics",0.9117087721824646
The user shall easily locate instructions while using the product.  User help can be found within 90% of the system.,"not about environmental, organizational, coordination, systemic, or logistics","not about environmental, organizational, coordination, systemic, or logistics",0.9200632572174072
The search for recycled parts shall take no longer than 15 seconds.  The search results shall be returned in under 15 seconds.,"not about environmental, organizational, coordination, systemic, or logistics","not about environmental, organizational, coordination, systemic, or logistics",0.9239829778671265
The search for the preferred repair facility shall take no longer than 8 seconds.  The preferred repair facility is returned within 8 seconds,"not about environmental, organizational, coordination, systemic, or logistics","not about environmental, organizational, coordination, systemic, or logistics",0.9243306517601013
The recycled parts audit report shall be returned to the user within 10 seconds.  The audit report shall be returned within 10 seconds.,"not about environmental, organizational, coordination, systemic, or logistics","not about environmental, organizational, coordination, systemic, or logistics",0.9138479828834534
The preferred repair facility ratings shall be saved within 5 seconds. The save shall occur within 5 seconds.,"not about environmental, organizational, coordination, systemic, or logistics","not about environmental, organizational, coordination, systemic, or logistics",0.9231759309768677
 For estimators  the product shall be able to be operated in a repair facility during dirty and noisy conditions.,"environmental, organizational, coordination, systemic, or logistics","not about environmental, organizational, coordination, systemic, or logistics",0.9232046604156494
The product shall interface with the ChoiceParts system once per day at approximately 1:00 AM.,"environmental, organizational, coordination, systemic, or logistics","not about environmental, organizational, coordination, systemic, or logistics",0.9391803741455078
The maintenance of the product will fall within the established corporate maintenance windows.,"environmental, organizational, coordination, systemic, or logistics","not about environmental, organizational, coordination, systemic, or logistics",0.9173427224159241
The product shall be supported using the corporate support center.,"environmental, organizational, coordination, systemic, or logistics","environmental, organizational, coordination, systemic, or logistics",0.9327691793441772
Product installations and upgrades shall be handled by the middleware technology team within established launch time frames.,"environmental, organizational, coordination, systemic, or logistics","not about environmental, organizational, coordination, systemic, or logistics",0.93017578125
Only adjusters can request recycled parts audit reports. No users without an adjuster role shall request recycled parts audits.,"not about environmental, organizational, coordination, systemic, or logistics","not about environmental, organizational, coordination, systemic, or logistics",0.9162294864654541
Only adjusters with a supervisor role can update preferred repair facility ratings. Users without the supervisor role cannot access the repair facility ratings.,"not about environmental, organizational, coordination, systemic, or logistics","not about environmental, organizational, coordination, systemic, or logistics",0.9136607646942139
Only collision estimators shall search for recycled parts.  Users without the collision estimator role shall not have access to the search for recycled parts.,"not about environmental, organizational, coordination, systemic, or logistics","not about environmental, organizational, coordination, systemic, or logistics",0.9099798798561096
Only valid data shall be entered into the system.  No invalid data shall be entered into the system.,"not about environmental, organizational, coordination, systemic, or logistics","not about environmental, organizational, coordination, systemic, or logistics",0.9205708503723145
One insurance company shall not be able to view another insurance companys claim data.,"not about environmental, organizational, coordination, systemic, or logistics","not about environmental, organizational, coordination, systemic, or logistics",0.9359160661697388
The product shall free of computer viruses.,"not about environmental, organizational, coordination, systemic, or logistics","environmental, organizational, coordination, systemic, or logistics",0.9211535453796387
The system shall prevent malicious attacks including denial of service.,"not about environmental, organizational, coordination, systemic, or logistics","environmental, organizational, coordination, systemic, or logistics",0.9460012912750244
 The product must work with most database management systems (DBMS) on the market  whether the DBMS is colocated with the product on the same machine or is located on a different machine on the computer network.,"environmental, organizational, coordination, systemic, or logistics","not about environmental, organizational, coordination, systemic, or logistics",0.8911741971969604
The product will function alongside server software on any operating system where the Java runtime can be installed.,"environmental, organizational, coordination, systemic, or logistics","not about environmental, organizational, coordination, systemic, or logistics",0.9323334097862244
The product will require collaboration with a database management system (DBMS).  The DBMS may be located on the same machine as the product or on a separate machine residing on the same computer network.,"environmental, organizational, coordination, systemic, or logistics","not about environmental, organizational, coordination, systemic, or logistics",0.8978441953659058
 The product must make use of web/application server technology.  Open source examples include Apache web server  Tomcat  and the JBoss application server.,"environmental, organizational, coordination, systemic, or logistics","not about environmental, organizational, coordination, systemic, or logistics",0.9156948328018188
 A database management system such as Oracle  DB2  MySql or HSQL will need to be integrated with the product.,"environmental, organizational, coordination, systemic, or logistics","not about environmental, organizational, coordination, systemic, or logistics",0.9334439039230347
The product shall make the users want to use it. 80% of the users surveyed report they are regularly using the product after the first 2 weeks post-launch.,"not about environmental, organizational, coordination, systemic, or logistics","not about environmental, organizational, coordination, systemic, or logistics",0.9005386829376221
The product shall be easy to use. 90% of users will be able to successfully reserve a conference room within 5 minutes of product use.,"not about environmental, organizational, coordination, systemic, or logistics","not about environmental, organizational, coordination, systemic, or logistics",0.9133716821670532
The product shall give users feedback when necessary. 80% of the users surveyed report that the product accurately confirms their actions.,"not about environmental, organizational, coordination, systemic, or logistics","not about environmental, organizational, coordination, systemic, or logistics",0.9229385852813721
The product shall allow the user to select a chosen language from one of the target market countries.,"not about environmental, organizational, coordination, systemic, or logistics","not about environmental, organizational, coordination, systemic, or logistics",0.9291073083877563
The product shall allow for customization of start page and views preferences.,"not about environmental, organizational, coordination, systemic, or logistics","not about environmental, organizational, coordination, systemic, or logistics",0.9310405254364014
 An employee will be able to successfully use the product within a few minutes.  After informally navigating the product for less than 15 minutes  users shall be able to successfully setup meetings and reserve conference rooms.,"not about environmental, organizational, coordination, systemic, or logistics","not about environmental, organizational, coordination, systemic, or logistics",0.8995150923728943
The product shall use a standard navigation menu familiar to most web users.,"not about environmental, organizational, coordination, systemic, or logistics","not about environmental, organizational, coordination, systemic, or logistics",0.9334871768951416
The product shall allow for intuitive searching of available conference rooms.,"not about environmental, organizational, coordination, systemic, or logistics","environmental, organizational, coordination, systemic, or logistics",0.9327879548072815
The product shall conform to the Americans with Disabilities Act.,"not about environmental, organizational, coordination, systemic, or logistics","not about environmental, organizational, coordination, systemic, or logistics",0.9337599277496338
The response shall be fast enough to avoid interrupting the user’s flow of thought.  90% of tasks shall complete within 5 seconds.  98% of tasks shall complete within 8 seconds.,"not about environmental, organizational, coordination, systemic, or logistics","not about environmental, organizational, coordination, systemic, or logistics",0.9007933139801025
The product shall be used in office environments.,"environmental, organizational, coordination, systemic, or logistics","environmental, organizational, coordination, systemic, or logistics",0.9310635328292847
The product must be able to interface with any HTML browser.  The product shall transmit data between the user and the product without problems. The product shall display HTML properly in 80% of all HTML browsers tested (minimum is to test 8 browsers).,"environmental, organizational, coordination, systemic, or logistics","not about environmental, organizational, coordination, systemic, or logistics",0.8774508833885193
The product must be able to interface with various database management systems. The product shall communicate successfully with the database management system on 100% of all transactions.,"environmental, organizational, coordination, systemic, or logistics","not about environmental, organizational, coordination, systemic, or logistics",0.9093406200408936
The product must be able to interface with various email servers. The product shall be able to send email.,"environmental, organizational, coordination, systemic, or logistics","not about environmental, organizational, coordination, systemic, or logistics",0.9167130589485168
The product shall be available for distribution via the Internet as a binary or ZIP file.,"environmental, organizational, coordination, systemic, or logistics","not about environmental, organizational, coordination, systemic, or logistics",0.9307963848114014
The product shall be available for distribution as a packaged CD.,"environmental, organizational, coordination, systemic, or logistics","environmental, organizational, coordination, systemic, or logistics",0.9275909066200256
 The product will be available for licensing as a one-server  two-five servers  or five-or-more servers license.,"environmental, organizational, coordination, systemic, or logistics","not about environmental, organizational, coordination, systemic, or logistics",0.9147353768348694
A new user must be able to be added to the system within 10 minutes.  90% of new users are able to log into the system within 10 minutes.,"not about environmental, organizational, coordination, systemic, or logistics","not about environmental, organizational, coordination, systemic, or logistics",0.9062268137931824
Every registered user will have access to the product’s support site via the Internet.  70% of registered users shall find a solution to their problem within 5 minutes of using the support site.,"not about environmental, organizational, coordination, systemic, or logistics","not about environmental, organizational, coordination, systemic, or logistics",0.8993082642555237
 The product shall be translated into foreign languages other than the target market countries’ languages in future releases.  For each emerging target market  it shall take no more than 5 days to configure the product for that market’s language.,"not about environmental, organizational, coordination, systemic, or logistics","not about environmental, organizational, coordination, systemic, or logistics",0.8985269665718079
 The product is expected to integrate with multiple database management systems.  The product will operate with Oracle  SQL Server  DB2  MySQL  HSQL  and MS Access.,"environmental, organizational, coordination, systemic, or logistics","not about environmental, organizational, coordination, systemic, or logistics",0.9095984697341919
The product shall be able to be installed in any operating environment within 2 days.,"environmental, organizational, coordination, systemic, or logistics","not about environmental, organizational, coordination, systemic, or logistics",0.9315711855888367
The product shall ensure that only company employees or external users with company-approved user IDs may have product access.  100% of all logons shall be by either company employees or external users with company-approved user IDs.,"not about environmental, organizational, coordination, systemic, or logistics","not about environmental, organizational, coordination, systemic, or logistics",0.8888942003250122
Only managers are able to perform search queries for reservations by user.  100% of all search queries for reservations by user shall be from logons of only management logons.,"not about environmental, organizational, coordination, systemic, or logistics","not about environmental, organizational, coordination, systemic, or logistics",0.9033807516098022
The product shall ensure that the database’s data corresponds to the data entered by the user.  Each conference room reservation in the system will contain the same information as was entered by the user.,"not about environmental, organizational, coordination, systemic, or logistics","not about environmental, organizational, coordination, systemic, or logistics",0.8889433145523071
The product shall prevent the input of malicious data.  The product and/or adjacent hardware/software systems’ data shall remain 100% uncorrupted each time malicious data is input into the product.,"not about environmental, organizational, coordination, systemic, or logistics","not about environmental, organizational, coordination, systemic, or logistics",0.8921560049057007
The product shall have the ability to receive automatic software updates as new threats emerge.  100% of customers will be able to receive automatic software updates transmitted to the installed product.,"not about environmental, organizational, coordination, systemic, or logistics","not about environmental, organizational, coordination, systemic, or logistics",0.8974425792694092
The product shall be able to display calendar dates and times according to the user’s locale.  90% of survey respondents from each target market country will find that the date and time formatting of the product is correct.,"not about environmental, organizational, coordination, systemic, or logistics","not about environmental, organizational, coordination, systemic, or logistics",0.8909796476364136
The product must be developed with the J2SE/J2EE programming language libraries,"environmental, organizational, coordination, systemic, or logistics","environmental, organizational, coordination, systemic, or logistics",0.9219412207603455
Recreation of Inventory Quantity Adjustment for the period of previous 30 days shall take no more than 30min.,"not about environmental, organizational, coordination, systemic, or logistics","not about environmental, organizational, coordination, systemic, or logistics",0.9294760227203369
The System shall allow for a minimum of  6 users to work at the same time.,"not about environmental, organizational, coordination, systemic, or logistics","not about environmental, organizational, coordination, systemic, or logistics",0.9317545890808105
The System shall utilize currently owned computer equipment.,"environmental, organizational, coordination, systemic, or logistics","environmental, organizational, coordination, systemic, or logistics",0.9289548993110657
The System shall be able to automatically backup business data and restore them on demand.,"environmental, organizational, coordination, systemic, or logistics","not about environmental, organizational, coordination, systemic, or logistics",0.9264885187149048
The System shall maintain consistent security.  Any changes in user passwords and/or permissions should take affect in all parts of the System.,"not about environmental, organizational, coordination, systemic, or logistics","not about environmental, organizational, coordination, systemic, or logistics",0.9138827323913574
The System shall granularly control access rights to all major subsystems.  It should be possible to assign access rights to all subsystems independently.,"not about environmental, organizational, coordination, systemic, or logistics","not about environmental, organizational, coordination, systemic, or logistics",0.9108566045761108
The System shall not require additional third party licenses resulting in royalty fees.,"environmental, organizational, coordination, systemic, or logistics","not about environmental, organizational, coordination, systemic, or logistics",0.9420807957649231
Administrator shall be able to activate a pre-paid card via the Administration section in under 5 seconds.,"not about environmental, organizational, coordination, systemic, or logistics","not about environmental, organizational, coordination, systemic, or logistics",0.9201261401176453
 Customer shall be able to check the status of their prepaid card  by entering in the PIN number  in under 5 seconds.,"not about environmental, organizational, coordination, systemic, or logistics","not about environmental, organizational, coordination, systemic, or logistics",0.9210938215255737
System shall let customers register on the website as a “pay as you go” user in under 5 minutes.,"not about environmental, organizational, coordination, systemic, or logistics","not about environmental, organizational, coordination, systemic, or logistics",0.922109842300415
System shall let customers register on the website as a “unlimited movie subscriber” user in under 10 minutes.,"not about environmental, organizational, coordination, systemic, or logistics","not about environmental, organizational, coordination, systemic, or logistics",0.9283548593521118
System shall let existing customers log into the website with their email address and password in under 5 seconds.,"not about environmental, organizational, coordination, systemic, or logistics","not about environmental, organizational, coordination, systemic, or logistics",0.9341613054275513
 System shall let customers cancel their account  process shall take no longer than 2 minutes.  Database will mark the account as inactive  and user will not be able to log into the website.,"not about environmental, organizational, coordination, systemic, or logistics","not about environmental, organizational, coordination, systemic, or logistics",0.9068862795829773
System shall let administrator de-activate a customer account in under 1 minute. Customer will no longer be able to access the website.,"not about environmental, organizational, coordination, systemic, or logistics","not about environmental, organizational, coordination, systemic, or logistics",0.922966480255127
System shall let administrator add/remove movies on the website in under 5 minutes.  Entered movie information will be stored in the database and will now be available on the website.,"not about environmental, organizational, coordination, systemic, or logistics","not about environmental, organizational, coordination, systemic, or logistics",0.9042693376541138
System shall let the administrator add/remove categories on the website in under 5 minutes.,"not about environmental, organizational, coordination, systemic, or logistics","not about environmental, organizational, coordination, systemic, or logistics",0.9295498132705688
System shall let Izogn Manager access sales and usage statistics in under 2 minutes.,"not about environmental, organizational, coordination, systemic, or logistics","not about environmental, organizational, coordination, systemic, or logistics",0.9387245178222656
System shall let administrators generate unique pre-paid pins in under 2 minutes and generate an Excel file with the generated PINs.,"not about environmental, organizational, coordination, systemic, or logistics","not about environmental, organizational, coordination, systemic, or logistics",0.9167062044143677
The product should be able to be used by 90% of novice users on the Internet.,"not about environmental, organizational, coordination, systemic, or logistics","not about environmental, organizational, coordination, systemic, or logistics",0.9248930811882019
 Users should only have to navigate through a maximum of 4 pages  to create an account with the website.,"not about environmental, organizational, coordination, systemic, or logistics","not about environmental, organizational, coordination, systemic, or logistics",0.9283279776573181
Users should be able to access their streaming movies in under 2 clicks after logging into the website.,"not about environmental, organizational, coordination, systemic, or logistics","not about environmental, organizational, coordination, systemic, or logistics",0.9292212724685669
An anonymous survey will show that 70% of customers are comfortable purchasing streaming movies after 2 weeks using the website.,"not about environmental, organizational, coordination, systemic, or logistics","not about environmental, organizational, coordination, systemic, or logistics",0.9307897090911865
An anonymous survey will show that 95% of customers are comfortable using and purchasing pre-paid cards after a month of using the system.,"not about environmental, organizational, coordination, systemic, or logistics","not about environmental, organizational, coordination, systemic, or logistics",0.9207951426506042
The product shall retain the customer’s buying preferences and information.,"not about environmental, organizational, coordination, systemic, or logistics","not about environmental, organizational, coordination, systemic, or logistics",0.932769775390625
The product shall be easy for customers with novice skills on the  Internet to purchase and watch streaming movies.  Customers should be able to purchase and watch a pre-determined movie in under 3 minutes.,"not about environmental, organizational, coordination, systemic, or logistics","not about environmental, organizational, coordination, systemic, or logistics",0.8888358473777771
The product shall use symbols and words that are naturally understandable by users familiar with websites,"not about environmental, organizational, coordination, systemic, or logistics","not about environmental, organizational, coordination, systemic, or logistics",0.9420368671417236
The website will use standard Internet conventions when interacting with the user.,"not about environmental, organizational, coordination, systemic, or logistics","environmental, organizational, coordination, systemic, or logistics",0.934186577796936
 Any interface between a user and the automated system shall have a maximum response time of 5 seconds  unless noted by an exception below.,"not about environmental, organizational, coordination, systemic, or logistics","not about environmental, organizational, coordination, systemic, or logistics",0.916666567325592
 When purchasing a streaming movie or pre-paid card via credit card  the processing time should have a maximum response time of 15 seconds.,"not about environmental, organizational, coordination, systemic, or logistics","not about environmental, organizational, coordination, systemic, or logistics",0.9195569753646851
 When streaming a movie  the buffering time should take no longer than 10 seconds (plus any latency on the user’s connection.),"not about environmental, organizational, coordination, systemic, or logistics","not about environmental, organizational, coordination, systemic, or logistics",0.9216647744178772
 While streaming a movie  buffering should only occur if there is latency in the user’s connection.,"not about environmental, organizational, coordination, systemic, or logistics","not about environmental, organizational, coordination, systemic, or logistics",0.9307184815406799
 All credit card information will be secured on the server  and only accessible by authorized Izogn administrators.  Information will be encrypted in the database.,"not about environmental, organizational, coordination, systemic, or logistics","not about environmental, organizational, coordination, systemic, or logistics",0.9157426953315735
All aspects of the website shall be accessed by a web browser over the Internet.,"environmental, organizational, coordination, systemic, or logistics","not about environmental, organizational, coordination, systemic, or logistics",0.9372248649597168
The same hardware supporting the current website will be used to support the new system.,"environmental, organizational, coordination, systemic, or logistics","not about environmental, organizational, coordination, systemic, or logistics",0.9342503547668457
 We must be able to interface with the following browsers: IE 5.X  6.0  Netscape 6.x  7.x  8.x and Firefox 1.0.,"environmental, organizational, coordination, systemic, or logistics","not about environmental, organizational, coordination, systemic, or logistics",0.8945454359054565
Website must interface with the CyberSource API to process credit card transactions.,"environmental, organizational, coordination, systemic, or logistics","not about environmental, organizational, coordination, systemic, or logistics",0.9363516569137573
Website must be fully operational with MSN TV2.,"environmental, organizational, coordination, systemic, or logistics","environmental, organizational, coordination, systemic, or logistics",0.9323364496231079
Movies shall be encoded and streamed via Windows Media Player 9.0.,"environmental, organizational, coordination, systemic, or logistics","not about environmental, organizational, coordination, systemic, or logistics",0.932172954082489
Movies shall be encoded for 56k and 256k streams.,"environmental, organizational, coordination, systemic, or logistics","environmental, organizational, coordination, systemic, or logistics",0.9293251633644104
Izogn Administrator must be able to update the category listings on the website within 2 minutes.,"not about environmental, organizational, coordination, systemic, or logistics","not about environmental, organizational, coordination, systemic, or logistics",0.9315939545631409
Izogn Administrator must be able to add new products to the website within 2 minutes.,"not about environmental, organizational, coordination, systemic, or logistics","not about environmental, organizational, coordination, systemic, or logistics",0.9326424598693848
The website will provide a help section with answers and solutions to common problems.,"not about environmental, organizational, coordination, systemic, or logistics","not about environmental, organizational, coordination, systemic, or logistics",0.9281958341598511
The product shall be able to be installed in the specified environment within 1 working day.,"environmental, organizational, coordination, systemic, or logistics","not about environmental, organizational, coordination, systemic, or logistics",0.9264609217643738
Only registered customers can purchase streaming movies.,"not about environmental, organizational, coordination, systemic, or logistics","environmental, organizational, coordination, systemic, or logistics",0.9239518046379089
 A customer can only stream a movie if they purchased it  and are within the 2 day viewing period.,"not about environmental, organizational, coordination, systemic, or logistics","not about environmental, organizational, coordination, systemic, or logistics",0.9320083856582642
Only authorized personnel can access customer records in the database.,"not about environmental, organizational, coordination, systemic, or logistics","environmental, organizational, coordination, systemic, or logistics",0.9357455968856812
Only administrators can activate a pre-paid card.,"not about environmental, organizational, coordination, systemic, or logistics","environmental, organizational, coordination, systemic, or logistics",0.9241399765014648
Only authorized personnel can access sales information.,"not about environmental, organizational, coordination, systemic, or logistics","environmental, organizational, coordination, systemic, or logistics",0.921541154384613
The website shall prevent its data from being corrupted when incorrect data is entered in.,"not about environmental, organizational, coordination, systemic, or logistics","not about environmental, organizational, coordination, systemic, or logistics",0.9308256506919861
 The website shall protect itself from intentional abuse  and notify the administrator at all occurrences.,"not about environmental, organizational, coordination, systemic, or logistics","not about environmental, organizational, coordination, systemic, or logistics",0.9342894554138184
Data integrity scripts will be run on a weekly basis to verify the integrity of the database.,"not about environmental, organizational, coordination, systemic, or logistics","not about environmental, organizational, coordination, systemic, or logistics",0.9243534803390503
 The website shall make its user aware of its information practices before collection data from them via a Privacy Policy  accessible on all pages of the website.,"not about environmental, organizational, coordination, systemic, or logistics","not about environmental, organizational, coordination, systemic, or logistics",0.9219865202903748
The system shall notify customers of changes to its information policy.,"not about environmental, organizational, coordination, systemic, or logistics","environmental, organizational, coordination, systemic, or logistics",0.9370120763778687
The system shall reveal private information only in compliance with the organization’s information policy.,"not about environmental, organizational, coordination, systemic, or logistics","not about environmental, organizational, coordination, systemic, or logistics",0.9268283843994141
 All customer information will be stored on a secure database  accessible only to authorized personnel.,"not about environmental, organizational, coordination, systemic, or logistics","not about environmental, organizational, coordination, systemic, or logistics",0.9388598203659058
All credit card information will be encrypted in the database.,"not about environmental, organizational, coordination, systemic, or logistics","environmental, organizational, coordination, systemic, or logistics",0.9375492334365845
The streaming server will have anti-virus software to prevent infection of malicious viruses.,"not about environmental, organizational, coordination, systemic, or logistics","not about environmental, organizational, coordination, systemic, or logistics",0.9341585636138916
The website should use Flash to provide animation on the home page.,"environmental, organizational, coordination, systemic, or logistics","not about environmental, organizational, coordination, systemic, or logistics",0.9315962195396423
Total lead cycle time must be completed in 5 minutes for 90% of lead volume between the business hours of 8AM CST to 8PM CST  then 3 minutes for 99% of lead volume during off business hours.,"not about environmental, organizational, coordination, systemic, or logistics","not about environmental, organizational, coordination, systemic, or logistics",0.8944814205169678
No lead evaluation will complete in a time period longer than 25 seconds for 97% of all leads processed.,"not about environmental, organizational, coordination, systemic, or logistics","not about environmental, organizational, coordination, systemic, or logistics",0.9333643913269043
For leads that process longer than 25 seconds the system will record the event and duration,"not about environmental, organizational, coordination, systemic, or logistics","not about environmental, organizational, coordination, systemic, or logistics",0.9366571307182312
The process must fit within the processing time conditions set forth by the Auto Rep Assignment process in which a lead is assigned within 3 minutes of the total life cycle.,"not about environmental, organizational, coordination, systemic, or logistics","not about environmental, organizational, coordination, systemic, or logistics",0.9061490893363953
The lead washing process will operate within the established physical web service structure.,"environmental, organizational, coordination, systemic, or logistics","not about environmental, organizational, coordination, systemic, or logistics",0.9293797016143799
 The washing process must use a non binding  neutral data format  such as xml  when receiving and processing lead data.,"environmental, organizational, coordination, systemic, or logistics","not about environmental, organizational, coordination, systemic, or logistics",0.9244452118873596
The product shall able to handle a large number of games simultaneously.,"not about environmental, organizational, coordination, systemic, or logistics","not about environmental, organizational, coordination, systemic, or logistics",0.9340372681617737
The response time shall be fast enough to maintain the flow of the game.  The response time shall be no more than 2 seconds for 95% of responses and no more than 4% for the remaining responses.,"not about environmental, organizational, coordination, systemic, or logistics","not about environmental, organizational, coordination, systemic, or logistics",0.8957988023757935
The product shall protect the identity of the players. The product shall provide players no access to information that might reveal the identity of another player.,"not about environmental, organizational, coordination, systemic, or logistics","not about environmental, organizational, coordination, systemic, or logistics",0.9111717343330383
The product shall be intuitive and self-explanatory.  Nine out ten users shall be able to successfully complete a game with no training.,"not about environmental, organizational, coordination, systemic, or logistics","not about environmental, organizational, coordination, systemic, or logistics",0.9169022440910339
 The product shall be available to players who understand English  Spanish and French.  The product shall allow the user to select the language upon accessing the product.,"not about environmental, organizational, coordination, systemic, or logistics","not about environmental, organizational, coordination, systemic, or logistics",0.9044290781021118
The product shall provide players no access to information that might reveal the identity of another player,"not about environmental, organizational, coordination, systemic, or logistics","not about environmental, organizational, coordination, systemic, or logistics",0.9284425973892212
The response time shall be fast enough to maintain the flow of the game. The response time shall be no more than 2 seconds for 95% of responses and no more than 4% for the remaining responses.,"not about environmental, organizational, coordination, systemic, or logistics","not about environmental, organizational, coordination, systemic, or logistics",0.8957988023757935
The system shall be easy to use by callers and supervisors. Callers and supervisors must be able to accomplish any system task within 2 minutes.,"not about environmental, organizational, coordination, systemic, or logistics","not about environmental, organizational, coordination, systemic, or logistics",0.9091453552246094
The system shall be easy to learn by callers and supervisors. Callers and supervisors shall learn how to use the system within 10 minutes.,"not about environmental, organizational, coordination, systemic, or logistics","not about environmental, organizational, coordination, systemic, or logistics",0.9132452607154846
 The system shall be responsive. At the DePaul TeleServices Center  when a supervisor uses the system to view a callers schedule  the system response time must be no more than 2 seconds 90% of the time and no more than 5 seconds the rest of the time.,"not about environmental, organizational, coordination, systemic, or logistics","not about environmental, organizational, coordination, systemic, or logistics",0.8792150020599365
 On a 56k connection  the system response time for all operations must be no more than 6 seconds 90% of the time.,"not about environmental, organizational, coordination, systemic, or logistics","not about environmental, organizational, coordination, systemic, or logistics",0.9232679009437561
 On a 112k connection or faster  the system response time for all operations must be no more than 3 seconds 90% of the time.,"not about environmental, organizational, coordination, systemic, or logistics","not about environmental, organizational, coordination, systemic, or logistics",0.9211953282356262
The product shall ensure that only supervisors can advertise empty time slots.The product must ensure that supervisors are allowed to access advertise empty time slots.,"not about environmental, organizational, coordination, systemic, or logistics","not about environmental, organizational, coordination, systemic, or logistics",0.9035834074020386
The product shall ensure that only supervisors can enter a caller’s schedule.The product must ensure that supervisors are allowed to access advertise empty time slots.,"not about environmental, organizational, coordination, systemic, or logistics","not about environmental, organizational, coordination, systemic, or logistics",0.9058713316917419
The product shall ensure that only supervisors can view schedule of all callers.The product must ensure that supervisors are allowed to access advertise empty time slots.,"not about environmental, organizational, coordination, systemic, or logistics","not about environmental, organizational, coordination, systemic, or logistics",0.9049813151359558
The product shall provide Monitoring Services.The product shall be easy for System Administrators and DBAs to use after two weeks of usage.,"not about environmental, organizational, coordination, systemic, or logistics","not about environmental, organizational, coordination, systemic, or logistics",0.9125129580497742
The product shall provide Error Tracking Services.The product shall help the System Administrators and DBAs to resolve transaction errors 99% of the time.,"not about environmental, organizational, coordination, systemic, or logistics","not about environmental, organizational, coordination, systemic, or logistics",0.9101348519325256
The product shall provide Portals.The product shall help System Administrators to analyze the transactions with ad-hoc reporting and KPIs (Key Performance Indicators),"not about environmental, organizational, coordination, systemic, or logistics","not about environmental, organizational, coordination, systemic, or logistics",0.8982957601547241
The product shall provide Asynchronous Messaging.The product shall provide asynchronous messaging to enable parallel processing and reduce the overhead in communications,"not about environmental, organizational, coordination, systemic, or logistics","not about environmental, organizational, coordination, systemic, or logistics",0.9123379588127136
The product shall provide Multi-threading and Load Balancing.The product shall provide multi-threading technology as well as load balancing to overcome data load spikes and traffic.,"not about environmental, organizational, coordination, systemic, or logistics","not about environmental, organizational, coordination, systemic, or logistics",0.8953593373298645
The product shall process messages within 2 seconds.The product shall have a maximum message processing time of 2 seconds,"not about environmental, organizational, coordination, systemic, or logistics","not about environmental, organizational, coordination, systemic, or logistics",0.9230077862739563
The product shall poll the system for messages every second.The product shall poll the system for new messages at a maximum of every 1 second.,"not about environmental, organizational, coordination, systemic, or logistics","not about environmental, organizational, coordination, systemic, or logistics",0.9121849536895752
The product shall provide Dynamic Change Support and Transparent resource addition.The product shall support Transparent Resource addition and Dynamic Change support to provide scalability and avoid service interruptions of more than 1 day.,"not about environmental, organizational, coordination, systemic, or logistics","not about environmental, organizational, coordination, systemic, or logistics",0.8937501907348633
The product shall be platform independent.The product shall enable access to any type of development environment and platform.,"environmental, organizational, coordination, systemic, or logistics","not about environmental, organizational, coordination, systemic, or logistics",0.9122702479362488
The product shall interface CSR and Datastream.The product shall exchange messages between CSR and EAM on a real time basis without any direct interfaces between two systems.,"environmental, organizational, coordination, systemic, or logistics","not about environmental, organizational, coordination, systemic, or logistics",0.9036434292793274
 The product shall have security.The product shall provide authentication  and authorization.,"not about environmental, organizational, coordination, systemic, or logistics","not about environmental, organizational, coordination, systemic, or logistics",0.9256964921951294
The product shall information Security. The product shall enable privacy by encryption WS-Security and Integrity Checking.,"not about environmental, organizational, coordination, systemic, or logistics","not about environmental, organizational, coordination, systemic, or logistics",0.9274197816848755
The product shall have audit capabilities.The product shall store messages for a minimum of one year for audit and transaction tracking purposes.,"not about environmental, organizational, coordination, systemic, or logistics","not about environmental, organizational, coordination, systemic, or logistics",0.9143129587173462
The system must use a point and click interface. 100% of all selection and navigation functionality must be able to be activated/selected by either a mouse or a keyboard,"not about environmental, organizational, coordination, systemic, or logistics","not about environmental, organizational, coordination, systemic, or logistics",0.909347414970398
The interface shall be easy to use. 90% of users should be able to successfully use the system to generate a report on their first use. The interface should adhere to IBM usability standards.,"not about environmental, organizational, coordination, systemic, or logistics","not about environmental, organizational, coordination, systemic, or logistics",0.8999609351158142
Rreports must be easy to generate. eports must be generated within one button click and exported within one button click (after selecting the report),"not about environmental, organizational, coordination, systemic, or logistics","not about environmental, organizational, coordination, systemic, or logistics",0.9087647795677185
A user shall be able to use the system without instruction after a short amount of time. After one use a user should understand and remember 90% of the system usage and navigation.,"not about environmental, organizational, coordination, systemic, or logistics","not about environmental, organizational, coordination, systemic, or logistics",0.9003592729568481
All CCR users shall receive training before the WCS system is deployed. One training session will be held for 100% of CCR users before system deployment (based on a CCR user being available),"not about environmental, organizational, coordination, systemic, or logistics","not about environmental, organizational, coordination, systemic, or logistics",0.9033910632133484
The WCS system shall use appropriate nomenclature and terminology as defined by the Corporate Community Grants organization. All interfaces and reports will undergo usability tests by CCR users.,"not about environmental, organizational, coordination, systemic, or logistics","not about environmental, organizational, coordination, systemic, or logistics",0.9139126539230347
The WCS system shall be run in a Windows environment. The WCS shall be accessed by users through the Internet on an IBM computer running a Windows 2000 or above operating system.,"environmental, organizational, coordination, systemic, or logistics","not about environmental, organizational, coordination, systemic, or logistics",0.9085637927055359
The Brio portion of the WCS system must be able to export files in spreadsheet form (Microsoft Excel and Lotus 1-2-3 formats).  Brio will provide buttons in the user interface that produce/export reports in .xls or .123 file formats.,"environmental, organizational, coordination, systemic, or logistics","not about environmental, organizational, coordination, systemic, or logistics",0.8820439577102661
The system shall only be accessed by authorized Corporate Community Grants (CCR) employees. Users must be authenticated using their IBM intranet user name and password.,"not about environmental, organizational, coordination, systemic, or logistics","not about environmental, organizational, coordination, systemic, or logistics",0.9145408868789673
The WCS system shall not allow automatic logins by any user. Cookies containing WCS login information about a user will not be stored on a user’s computer.,"not about environmental, organizational, coordination, systemic, or logistics","not about environmental, organizational, coordination, systemic, or logistics",0.9182032346725464
Each team owner will need to use a username and password in order to be authenticated to reach the team owner’s page,"not about environmental, organizational, coordination, systemic, or logistics","not about environmental, organizational, coordination, systemic, or logistics",0.9084374904632568
The Commissioner will be the only authorized user per league to adjust league settings.,"not about environmental, organizational, coordination, systemic, or logistics","not about environmental, organizational, coordination, systemic, or logistics",0.9264902472496033
;A new user shall be able to navigate through the league and team pages within 30 seconds of reaching the start-up page.,"not about environmental, organizational, coordination, systemic, or logistics","not about environmental, organizational, coordination, systemic, or logistics",0.9212350845336914
Users shall be able to reach the ‘add’  ‘drop’  and ‘trade player’ pages with one click from the team owner’s page.,"not about environmental, organizational, coordination, systemic, or logistics","not about environmental, organizational, coordination, systemic, or logistics",0.9112040996551514
;Users shall be able to view at least 25 NFL player statistics and points on each page.,"not about environmental, organizational, coordination, systemic, or logistics","not about environmental, organizational, coordination, systemic, or logistics",0.9248822927474976
The application shall ask the user to confirm dropping a player or trading a player before performing the action.,"not about environmental, organizational, coordination, systemic, or logistics","not about environmental, organizational, coordination, systemic, or logistics",0.9248298406600952
The application shall be able to complete every user transaction within one fourth of a second of receiving the request over the network.,"not about environmental, organizational, coordination, systemic, or logistics","not about environmental, organizational, coordination, systemic, or logistics",0.9192033410072327
The application shall run on a web application server.,"environmental, organizational, coordination, systemic, or logistics","environmental, organizational, coordination, systemic, or logistics",0.9230417609214783
A primary database will be used to store cached data for active users.,"environmental, organizational, coordination, systemic, or logistics","not about environmental, organizational, coordination, systemic, or logistics",0.9379017353057861
A secondary database will be used to store historical statistics and data.,"environmental, organizational, coordination, systemic, or logistics","not about environmental, organizational, coordination, systemic, or logistics",0.9317816495895386
98% of the user workstations shall meet the minimum hardware requirements prior to implementation. Minimum Hard Disk Space:  400MB.,"environmental, organizational, coordination, systemic, or logistics","not about environmental, organizational, coordination, systemic, or logistics",0.9246644973754883
98% of the user workstations shall meet the minimum software requirements prior to implementation: Microsoft Internet Explorer 5.0. Microsoft .NET Framework 1.1. Microsoft Internet Explorer Web Controls,"environmental, organizational, coordination, systemic, or logistics","not about environmental, organizational, coordination, systemic, or logistics",0.8960827589035034
The RFS system should be able to easily interface with the BDW environment  in order to load the data. •;7 data files shall be received from the BDW and loaded into the RFS system within 3 hours one day prior to the start of budgeting process  every year. The data will be as of October month-end. ;Test files (7) shall be loaded up to 5 times throughout the year  from the BDW.,"environmental, organizational, coordination, systemic, or logistics","not about environmental, organizational, coordination, systemic, or logistics",0.8559810519218445
Only authorized user shall access the RFS system. ONLY users that exist in the UAS system  with the RFS system assigned to their role(s)  shall access the RFS system and use it.,"not about environmental, organizational, coordination, systemic, or logistics","not about environmental, organizational, coordination, systemic, or logistics",0.8784003257751465
;User access should be limited to the permissions granted to their role(s) Each level in the PCG hierarchy will be assigned a role and users will be assigned to these roles. Access to functionality within RFS system is dependent on the privileges/permission assigned to the role..,"not about environmental, organizational, coordination, systemic, or logistics","not about environmental, organizational, coordination, systemic, or logistics",0.8724833726882935
The users should be able to easily use the system to successfully complete their budgets  within the stipulated time for completion. With a week of training prior to product implementation  98% of the users shall complete their budgets within the stipulated time.,"not about environmental, organizational, coordination, systemic, or logistics","not about environmental, organizational, coordination, systemic, or logistics",0.8938571214675903
The product interface should be fast. The response time of the product interface should not exceed 2 seconds 90% of the time. For 10% of the time  the response time should not be more than 10 seconds.not be more than 10 seconds.,"not about environmental, organizational, coordination, systemic, or logistics","not about environmental, organizational, coordination, systemic, or logistics",0.8812990188598633
