Requirement text,Gold label,Predicated label,ZSL score
The system shall refresh the display every 60 seconds.,"not about working, running, connecting, interfacing, or operative environment","working, running, connecting, interfacing, or operative environment",0.163155198097229
 If projected  the data must be readable.  On a 10x10 projection screen  90% of viewers must be able to read Event / Activity data from a viewing distance of 30,"not about working, running, connecting, interfacing, or operative environment","not about working, running, connecting, interfacing, or operative environment",0.09203803539276123
 If projected  the data must be understandable. On a 10x10 projection screen  90% of viewers must be able to determine that Events or Activities are occuring in current time from a viewing distance of 100,"not about working, running, connecting, interfacing, or operative environment","not about working, running, connecting, interfacing, or operative environment",0.06490027159452438
The product shall ensure that it can only be accessed by authorized users.  The product will be able to distinguish between authorized and unauthorized users in all access attempts,"not about working, running, connecting, interfacing, or operative environment","not about working, running, connecting, interfacing, or operative environment",0.1657136082649231
The product shall be intuitive and self-explanatory.  :  90% of new users shall be able to start the display of Events or Activities within 90 minutes of using the product.,"not about working, running, connecting, interfacing, or operative environment","not about working, running, connecting, interfacing, or operative environment",0.23660022020339966
The product shall respond fast to keep up-to-date data in the display.,"not about working, running, connecting, interfacing, or operative environment","working, running, connecting, interfacing, or operative environment",0.11358169466257095
The system shall be used by realtors with no training.,"not about working, running, connecting, interfacing, or operative environment","not about working, running, connecting, interfacing, or operative environment",0.21541599929332733
The system shall be intuitive and self explanatory.,"not about working, running, connecting, interfacing, or operative environment","working, running, connecting, interfacing, or operative environment",0.3435620963573456
The product shall be easy for a realtor to learn.,"not about working, running, connecting, interfacing, or operative environment","working, running, connecting, interfacing, or operative environment",0.18031078577041626
The product shall use symbols and words that are naturally understandable by the realtor community.,"not about working, running, connecting, interfacing, or operative environment","working, running, connecting, interfacing, or operative environment",0.18064460158348083
The product shall produce search results in an acceptable time,"not about working, running, connecting, interfacing, or operative environment","working, running, connecting, interfacing, or operative environment",0.2144705057144165
The search results shall be returned no later 30      seconds  after the user has entered the search criteria,"not about working, running, connecting, interfacing, or operative environment","working, running, connecting, interfacing, or operative environment",-0.007621960714459419
The product shall generate a CMA report in an acceptable time.,"not about working, running, connecting, interfacing, or operative environment","working, running, connecting, interfacing, or operative environment",0.1500900536775589
The CMA report shall be returned no later 60 seconds after the user has entered the CMA report criteria.,"not about working, running, connecting, interfacing, or operative environment","working, running, connecting, interfacing, or operative environment",-0.019636619836091995
The product shall synchronize contacts and appointments in an acceptable time.,"not about working, running, connecting, interfacing, or operative environment","working, running, connecting, interfacing, or operative environment",0.1972576379776001
The product shall synchronize with the office system every hour.,"not about working, running, connecting, interfacing, or operative environment","working, running, connecting, interfacing, or operative environment",0.30739009380340576
The product shall be installed by an untrained realtor   without recourse to separately-printed instructions.,"not about working, running, connecting, interfacing, or operative environment","not about working, running, connecting, interfacing, or operative environment",0.26661813259124756
90% of untrained realtors shall be able to install the product on their device without printed instructions,"not about working, running, connecting, interfacing, or operative environment","not about working, running, connecting, interfacing, or operative environment",0.2446540892124176
Only registered realtors shall be able to access the system.,"not about working, running, connecting, interfacing, or operative environment","not about working, running, connecting, interfacing, or operative environment",0.11414577811956406
Every user of the system shall be authenticated and authorized.,"not about working, running, connecting, interfacing, or operative environment","working, running, connecting, interfacing, or operative environment",0.21708093583583832
The product shall prevent its data from incorrect data being introduced.,"not about working, running, connecting, interfacing, or operative environment","not about working, running, connecting, interfacing, or operative environment",0.13552413880825043
The system shall be easy to use by the Program Administrators/Nursing Staff Members.,"not about working, running, connecting, interfacing, or operative environment","not about working, running, connecting, interfacing, or operative environment",0.3017963767051697
All of the users shall be able to use the system after one day of training.,"not about working, running, connecting, interfacing, or operative environment","not about working, running, connecting, interfacing, or operative environment",0.1979377120733261
The system shall help the user avoid making mistakes while scheduling classes and clinicals for the nursing students.,"not about working, running, connecting, interfacing, or operative environment","not about working, running, connecting, interfacing, or operative environment",0.21658265590667725
The number of mistakes noted by the students shall be decreased by 50% in the first year.,"not about working, running, connecting, interfacing, or operative environment","not about working, running, connecting, interfacing, or operative environment",-0.0836501345038414
The system shall be intuitive to the Program Administrators/Nursing Staff Members.,"not about working, running, connecting, interfacing, or operative environment","not about working, running, connecting, interfacing, or operative environment",0.3335144817829132
2 out of 3 Program Administrators/Nursing Staff Members shall successfully be able to use the system to manage the scheduling of classes and clinicals.,"not about working, running, connecting, interfacing, or operative environment","working, running, connecting, interfacing, or operative environment",0.24183355271816254
The system shall use symbols and words that are naturally understandable by the user community.,"not about working, running, connecting, interfacing, or operative environment","working, running, connecting, interfacing, or operative environment",0.21892589330673218
The verbiage used within the system shall be consistent with Standard English and the terminology of the national Nursing Community.,"not about working, running, connecting, interfacing, or operative environment","working, running, connecting, interfacing, or operative environment",0.21508820354938507
Staff members shall be able to complete a set of tasks in a timely manner.,"not about working, running, connecting, interfacing, or operative environment","working, running, connecting, interfacing, or operative environment",0.3335452675819397
The response time of general student management tasks shall take no longer than 5 seconds and the response time of schedule generation shall take no longer than 30 seconds.,"not about working, running, connecting, interfacing, or operative environment","not about working, running, connecting, interfacing, or operative environment",0.14447712898254395
The system shall able to operate within a business office environment typical of the Nursing Department at DePaul University.,"working, running, connecting, interfacing, or operative environment","working, running, connecting, interfacing, or operative environment",0.3258131742477417
The system shall be used within the specifications defined by the computers used by the Program Administrators/Nursing Staff Members.,"working, running, connecting, interfacing, or operative environment","not about working, running, connecting, interfacing, or operative environment",0.26996976137161255
The system shall operate within the Windows XP Professional operating system.,"working, running, connecting, interfacing, or operative environment","not about working, running, connecting, interfacing, or operative environment",0.28760209679603577
The system shall interface with CampusConnect’s central server,"working, running, connecting, interfacing, or operative environment","working, running, connecting, interfacing, or operative environment",0.3223302364349365
The system shall interface with the faculty central server.,"working, running, connecting, interfacing, or operative environment","working, running, connecting, interfacing, or operative environment",0.34797078371047974
The system shall interface with the student master server.,"working, running, connecting, interfacing, or operative environment","working, running, connecting, interfacing, or operative environment",0.27758800983428955
We must be able to interface with any HTML browser.,"working, running, connecting, interfacing, or operative environment","not about working, running, connecting, interfacing, or operative environment",0.22225359082221985
Only authorized users shall have access to clinical site information.,"not about working, running, connecting, interfacing, or operative environment","not about working, running, connecting, interfacing, or operative environment",0.13292360305786133
Program Administrators/Nursing Staff Members are the only people who shall have access to clinical site details.,"not about working, running, connecting, interfacing, or operative environment","not about working, running, connecting, interfacing, or operative environment",0.17214879393577576
Only authorized users shall have access to students’ personal information.,"not about working, running, connecting, interfacing, or operative environment","not about working, running, connecting, interfacing, or operative environment",0.06876112520694733
Dr Susan Poslusny and Dr Julie Donalek are the only people who shall have access to students’ personal information.,"not about working, running, connecting, interfacing, or operative environment","not about working, running, connecting, interfacing, or operative environment",0.05802365764975548
Only authorized users shall have access to the portion of the system that interfaces with CampusConnect.,"not about working, running, connecting, interfacing, or operative environment","not about working, running, connecting, interfacing, or operative environment",0.22195369005203247
Fit Criterion: Dr Susan Poslusny and Karen Sysol are the only people who shall have access to the final class section scheduling for the system that interfaces with CampusConnect.,"not about working, running, connecting, interfacing, or operative environment","not about working, running, connecting, interfacing, or operative environment",0.22229470312595367
The system shall have basic data integrity checking to reduce the possibility of incorrect or invalid data being introduced.,"not about working, running, connecting, interfacing, or operative environment","not about working, running, connecting, interfacing, or operative environment",0.1617138385772705
The system shall protect private information in accordance with the organization’s information policy.,"not about working, running, connecting, interfacing, or operative environment","working, running, connecting, interfacing, or operative environment",0.0839918926358223
The system shall be built such that it is as secure as possible from malicious interference.,"not about working, running, connecting, interfacing, or operative environment","not about working, running, connecting, interfacing, or operative environment",0.30430346727371216
The system shall use the organization’s standard virus protection software to help monitor threats to itself.,"not about working, running, connecting, interfacing, or operative environment","not about working, running, connecting, interfacing, or operative environment",0.22367987036705017
The list of dispute cases that are displayed after a search is performed must be color coded for easy identification of dispute cases based upon the dispute case status.,"not about working, running, connecting, interfacing, or operative environment","working, running, connecting, interfacing, or operative environment",0.08548341691493988
100% of the cardmember and merchant services representatives shall use the Disputes application regularly after a 2-day training course.,"not about working, running, connecting, interfacing, or operative environment","working, running, connecting, interfacing, or operative environment",0.13035553693771362
100% of cardmember services representatives shall be able to successfully create a dispute case on the first encounter after completing the training course.,"not about working, running, connecting, interfacing, or operative environment","working, running, connecting, interfacing, or operative environment",0.11537307500839233
100% of merchant services representatives shall be able to successfully perform a follow up action on a dispute case on the first encounter after completing the training course.,"not about working, running, connecting, interfacing, or operative environment","working, running, connecting, interfacing, or operative environment",0.1749122142791748
The maximum wait time for a user navigating from one screen to another within the Disputes application shall be no more than 5 seconds.,"not about working, running, connecting, interfacing, or operative environment","not about working, running, connecting, interfacing, or operative environment",0.11082678288221359
The Disputes application shall support 350 concurrent users without any degradation of performance in the application.,"not about working, running, connecting, interfacing, or operative environment","not about working, running, connecting, interfacing, or operative environment",0.19472907483577728
 The Disputes application shall be available 24x7x365  with the exception of the following scheduled maintenance windows.  Monday – Saturday 3:00am to 4:00am EST Sunday 1:00amd to 5:00am EST,"working, running, connecting, interfacing, or operative environment","working, running, connecting, interfacing, or operative environment",0.2376721054315567
The Disputes application shall interface with the Statement Database. The Statement Database provides the transaction details to the Disputes System. All transaction details must be obtained from the Statement Database,"working, running, connecting, interfacing, or operative environment","working, running, connecting, interfacing, or operative environment",0.1413339078426361
The Disputes application shall interface with the Cardmember Information Database.  The Cardmember Information Database provides detailed information with regard to a cardmember.  All cardmember detail information must be obtained from the Cardmember Information Database.,"working, running, connecting, interfacing, or operative environment","working, running, connecting, interfacing, or operative environment",0.08789528906345367
The Disputes applications shall interface with the Merchant Information Database.  The Merchant Information Database provides detailed information with regard to the merchant. All merchant detail information shall be obtained from the Merchant Information Database.,"working, running, connecting, interfacing, or operative environment","working, running, connecting, interfacing, or operative environment",0.056909188628196716
The Disputes application shall interface with the Letters application.  This will allow the Disputes application to request letters as part of the dispute initiation and dispute follow up process. All letter requests must be sent to the Print Letter Utility application.,"working, running, connecting, interfacing, or operative environment","working, running, connecting, interfacing, or operative environment",0.13493873178958893
The Disputes application shall interface with the Cardmember Posting and Billing System.  This will allow the Disputes application to request adjustments to cardmember and merchant’s accounts. All adjustment requests must be sent to the Cardmember Posting and Billing System.,"working, running, connecting, interfacing, or operative environment","working, running, connecting, interfacing, or operative environment",0.10912763327360153
The Disputes application shall ensure that only users with the appropriate access level are allowed to initiate dispute requests.,"not about working, running, connecting, interfacing, or operative environment","not about working, running, connecting, interfacing, or operative environment",0.10241496562957764
Only users with Update access must be able to initiate dispute requests.,"not about working, running, connecting, interfacing, or operative environment","not about working, running, connecting, interfacing, or operative environment",0.14785431325435638
The Disputes application shall ensure that only authorized users are allowed to logon to the application.,"not about working, running, connecting, interfacing, or operative environment","not about working, running, connecting, interfacing, or operative environment",0.07801106572151184
 All authorized users  once authenticated must be able to logon to the Disputes System,"not about working, running, connecting, interfacing, or operative environment","working, running, connecting, interfacing, or operative environment",0.15178334712982178
The Disputes System shall generate a User Report that details any new users that have been added and any changes to an existing user’s access level.  The report will be reviewed for auditing purposes.,"not about working, running, connecting, interfacing, or operative environment","working, running, connecting, interfacing, or operative environment",0.1360282152891159
All additions of new users and modifications to user’s access shall be recorded on the User Report.,"not about working, running, connecting, interfacing, or operative environment","working, running, connecting, interfacing, or operative environment",0.08040714263916016
 If a user account is revoked  it can only be re-instantiated by the System Administrator.,"not about working, running, connecting, interfacing, or operative environment","not about working, running, connecting, interfacing, or operative environment",0.026006218045949936
Only the System Administrator shall be able to reset a revoked user logon account,"not about working, running, connecting, interfacing, or operative environment","not about working, running, connecting, interfacing, or operative environment",0.022268671542406082
The Disputes application shall manipulate and view business data. Users will not have direct access to data files or databases.,"not about working, running, connecting, interfacing, or operative environment","not about working, running, connecting, interfacing, or operative environment",0.24413363635540009
All updates to data files or database must be initiated from the Disputes System.,"not about working, running, connecting, interfacing, or operative environment","working, running, connecting, interfacing, or operative environment",0.13032980263233185
The product must support Internet Explorer 5.5 and above.,"working, running, connecting, interfacing, or operative environment","not about working, running, connecting, interfacing, or operative environment",0.06538538634777069
The product must support Mozilla Firefox 1.0 and above.,"working, running, connecting, interfacing, or operative environment","not about working, running, connecting, interfacing, or operative environment",0.03125251829624176
The product shall interface with the Choice Parts System.  This provides the feed of recycled parts data.,"working, running, connecting, interfacing, or operative environment","working, running, connecting, interfacing, or operative environment",0.2344493269920349
The product shall run on the existing hardware for all environments.,"working, running, connecting, interfacing, or operative environment","working, running, connecting, interfacing, or operative environment",0.43175727128982544
The product shall adhere to the corporate Architecture guidelines,"working, running, connecting, interfacing, or operative environment","working, running, connecting, interfacing, or operative environment",0.27781206369400024
The product shall be easy to use by Adjusters and Collision Estimators.  95% of Adjusters and Collision Estimators shall find the product easy to use.,"not about working, running, connecting, interfacing, or operative environment","not about working, running, connecting, interfacing, or operative environment",0.1391252726316452
The product shall increase productivity of Collision Estimators. 80% of the Collision Estimators shall agree their productivity has increase within 1 month of using the product.,"not about working, running, connecting, interfacing, or operative environment","working, running, connecting, interfacing, or operative environment",0.16921401023864746
Users shall feel satisfied using the product.  85% of all users will be satisfied with the product.,"not about working, running, connecting, interfacing, or operative environment","working, running, connecting, interfacing, or operative environment",0.1022121012210846
The product shall be easy to learn by Adjusters and Collision Estimators.  The product shall be learned with two days onsite training,"not about working, running, connecting, interfacing, or operative environment","not about working, running, connecting, interfacing, or operative environment",0.23054426908493042
The user shall easily locate instructions while using the product.  User help can be found within 90% of the system.,"not about working, running, connecting, interfacing, or operative environment","not about working, running, connecting, interfacing, or operative environment",0.20293515920639038
The search for recycled parts shall take no longer than 15 seconds.  The search results shall be returned in under 15 seconds.,"not about working, running, connecting, interfacing, or operative environment","working, running, connecting, interfacing, or operative environment",0.11645148694515228
The search for the preferred repair facility shall take no longer than 8 seconds.  The preferred repair facility is returned within 8 seconds,"not about working, running, connecting, interfacing, or operative environment","working, running, connecting, interfacing, or operative environment",0.21928086876869202
The recycled parts audit report shall be returned to the user within 10 seconds.  The audit report shall be returned within 10 seconds.,"not about working, running, connecting, interfacing, or operative environment","working, running, connecting, interfacing, or operative environment",0.14340101182460785
The preferred repair facility ratings shall be saved within 5 seconds. The save shall occur within 5 seconds.,"not about working, running, connecting, interfacing, or operative environment","working, running, connecting, interfacing, or operative environment",0.18281152844429016
 For estimators  the product shall be able to be operated in a repair facility during dirty and noisy conditions.,"working, running, connecting, interfacing, or operative environment","working, running, connecting, interfacing, or operative environment",0.32938939332962036
The product shall interface with the ChoiceParts system once per day at approximately 1:00 AM.,"working, running, connecting, interfacing, or operative environment","working, running, connecting, interfacing, or operative environment",0.18958251178264618
The maintenance of the product will fall within the established corporate maintenance windows.,"working, running, connecting, interfacing, or operative environment","working, running, connecting, interfacing, or operative environment",0.4098319113254547
The product shall be supported using the corporate support center.,"working, running, connecting, interfacing, or operative environment","working, running, connecting, interfacing, or operative environment",0.21228936314582825
Product installations and upgrades shall be handled by the middleware technology team within established launch time frames.,"working, running, connecting, interfacing, or operative environment","working, running, connecting, interfacing, or operative environment",0.24916478991508484
Only adjusters can request recycled parts audit reports. No users without an adjuster role shall request recycled parts audits.,"not about working, running, connecting, interfacing, or operative environment","not about working, running, connecting, interfacing, or operative environment",0.14952760934829712
Only adjusters with a supervisor role can update preferred repair facility ratings. Users without the supervisor role cannot access the repair facility ratings.,"not about working, running, connecting, interfacing, or operative environment","not about working, running, connecting, interfacing, or operative environment",0.142546147108078
Only collision estimators shall search for recycled parts.  Users without the collision estimator role shall not have access to the search for recycled parts.,"not about working, running, connecting, interfacing, or operative environment","not about working, running, connecting, interfacing, or operative environment",0.17961084842681885
Only valid data shall be entered into the system.  No invalid data shall be entered into the system.,"not about working, running, connecting, interfacing, or operative environment","not about working, running, connecting, interfacing, or operative environment",0.2348754107952118
One insurance company shall not be able to view another insurance companys claim data.,"not about working, running, connecting, interfacing, or operative environment","not about working, running, connecting, interfacing, or operative environment",0.11904527246952057
The product shall free of computer viruses.,"not about working, running, connecting, interfacing, or operative environment","not about working, running, connecting, interfacing, or operative environment",0.19077855348587036
The system shall prevent malicious attacks including denial of service.,"not about working, running, connecting, interfacing, or operative environment","not about working, running, connecting, interfacing, or operative environment",0.2012115865945816
 The product must work with most database management systems (DBMS) on the market  whether the DBMS is colocated with the product on the same machine or is located on a different machine on the computer network.,"working, running, connecting, interfacing, or operative environment","working, running, connecting, interfacing, or operative environment",0.19585886597633362
The product will function alongside server software on any operating system where the Java runtime can be installed.,"working, running, connecting, interfacing, or operative environment","not about working, running, connecting, interfacing, or operative environment",0.22062788903713226
The product will require collaboration with a database management system (DBMS).  The DBMS may be located on the same machine as the product or on a separate machine residing on the same computer network.,"working, running, connecting, interfacing, or operative environment","working, running, connecting, interfacing, or operative environment",0.21116408705711365
 The product must make use of web/application server technology.  Open source examples include Apache web server  Tomcat  and the JBoss application server.,"working, running, connecting, interfacing, or operative environment","not about working, running, connecting, interfacing, or operative environment",0.1764841377735138
 A database management system such as Oracle  DB2  MySql or HSQL will need to be integrated with the product.,"working, running, connecting, interfacing, or operative environment","working, running, connecting, interfacing, or operative environment",0.20611393451690674
The product shall make the users want to use it. 80% of the users surveyed report they are regularly using the product after the first 2 weeks post-launch.,"not about working, running, connecting, interfacing, or operative environment","working, running, connecting, interfacing, or operative environment",0.11261726915836334
The product shall be easy to use. 90% of users will be able to successfully reserve a conference room within 5 minutes of product use.,"not about working, running, connecting, interfacing, or operative environment","not about working, running, connecting, interfacing, or operative environment",0.2060719132423401
The product shall give users feedback when necessary. 80% of the users surveyed report that the product accurately confirms their actions.,"not about working, running, connecting, interfacing, or operative environment","working, running, connecting, interfacing, or operative environment",0.16763991117477417
The product shall allow the user to select a chosen language from one of the target market countries.,"not about working, running, connecting, interfacing, or operative environment","working, running, connecting, interfacing, or operative environment",0.03626991808414459
The product shall allow for customization of start page and views preferences.,"not about working, running, connecting, interfacing, or operative environment","not about working, running, connecting, interfacing, or operative environment",0.08858206868171692
 An employee will be able to successfully use the product within a few minutes.  After informally navigating the product for less than 15 minutes  users shall be able to successfully setup meetings and reserve conference rooms.,"not about working, running, connecting, interfacing, or operative environment","not about working, running, connecting, interfacing, or operative environment",0.21277788281440735
The product shall use a standard navigation menu familiar to most web users.,"not about working, running, connecting, interfacing, or operative environment","not about working, running, connecting, interfacing, or operative environment",0.04312169924378395
The product shall allow for intuitive searching of available conference rooms.,"not about working, running, connecting, interfacing, or operative environment","not about working, running, connecting, interfacing, or operative environment",0.15127883851528168
The product shall conform to the Americans with Disabilities Act.,"not about working, running, connecting, interfacing, or operative environment","working, running, connecting, interfacing, or operative environment",0.19653892517089844
The response shall be fast enough to avoid interrupting the user’s flow of thought.  90% of tasks shall complete within 5 seconds.  98% of tasks shall complete within 8 seconds.,"not about working, running, connecting, interfacing, or operative environment","not about working, running, connecting, interfacing, or operative environment",0.17575876414775848
The product shall be used in office environments.,"working, running, connecting, interfacing, or operative environment","working, running, connecting, interfacing, or operative environment",0.4252753257751465
The product must be able to interface with any HTML browser.  The product shall transmit data between the user and the product without problems. The product shall display HTML properly in 80% of all HTML browsers tested (minimum is to test 8 browsers).,"working, running, connecting, interfacing, or operative environment","not about working, running, connecting, interfacing, or operative environment",0.12007159739732742
The product must be able to interface with various database management systems. The product shall communicate successfully with the database management system on 100% of all transactions.,"working, running, connecting, interfacing, or operative environment","working, running, connecting, interfacing, or operative environment",0.21686212718486786
The product must be able to interface with various email servers. The product shall be able to send email.,"working, running, connecting, interfacing, or operative environment","not about working, running, connecting, interfacing, or operative environment",0.23354780673980713
The product shall be available for distribution via the Internet as a binary or ZIP file.,"working, running, connecting, interfacing, or operative environment","not about working, running, connecting, interfacing, or operative environment",0.12231382727622986
The product shall be available for distribution as a packaged CD.,"working, running, connecting, interfacing, or operative environment","working, running, connecting, interfacing, or operative environment",0.15171492099761963
 The product will be available for licensing as a one-server  two-five servers  or five-or-more servers license.,"working, running, connecting, interfacing, or operative environment","not about working, running, connecting, interfacing, or operative environment",0.13174158334732056
A new user must be able to be added to the system within 10 minutes.  90% of new users are able to log into the system within 10 minutes.,"not about working, running, connecting, interfacing, or operative environment","not about working, running, connecting, interfacing, or operative environment",0.04696881026029587
Every registered user will have access to the product’s support site via the Internet.  70% of registered users shall find a solution to their problem within 5 minutes of using the support site.,"not about working, running, connecting, interfacing, or operative environment","not about working, running, connecting, interfacing, or operative environment",0.16733971238136292
 The product shall be translated into foreign languages other than the target market countries’ languages in future releases.  For each emerging target market  it shall take no more than 5 days to configure the product for that market’s language.,"not about working, running, connecting, interfacing, or operative environment","working, running, connecting, interfacing, or operative environment",-0.0068311686627566814
 The product is expected to integrate with multiple database management systems.  The product will operate with Oracle  SQL Server  DB2  MySQL  HSQL  and MS Access.,"working, running, connecting, interfacing, or operative environment","working, running, connecting, interfacing, or operative environment",0.19737489521503448
The product shall be able to be installed in any operating environment within 2 days.,"working, running, connecting, interfacing, or operative environment","not about working, running, connecting, interfacing, or operative environment",0.2422058880329132
The product shall ensure that only company employees or external users with company-approved user IDs may have product access.  100% of all logons shall be by either company employees or external users with company-approved user IDs.,"not about working, running, connecting, interfacing, or operative environment","working, running, connecting, interfacing, or operative environment",0.13598287105560303
Only managers are able to perform search queries for reservations by user.  100% of all search queries for reservations by user shall be from logons of only management logons.,"not about working, running, connecting, interfacing, or operative environment","not about working, running, connecting, interfacing, or operative environment",0.10834620893001556
The product shall ensure that the database’s data corresponds to the data entered by the user.  Each conference room reservation in the system will contain the same information as was entered by the user.,"not about working, running, connecting, interfacing, or operative environment","working, running, connecting, interfacing, or operative environment",0.13125498592853546
The product shall prevent the input of malicious data.  The product and/or adjacent hardware/software systems’ data shall remain 100% uncorrupted each time malicious data is input into the product.,"not about working, running, connecting, interfacing, or operative environment","not about working, running, connecting, interfacing, or operative environment",0.19853442907333374
The product shall have the ability to receive automatic software updates as new threats emerge.  100% of customers will be able to receive automatic software updates transmitted to the installed product.,"not about working, running, connecting, interfacing, or operative environment","working, running, connecting, interfacing, or operative environment",0.09382817149162292
The product shall be able to display calendar dates and times according to the user’s locale.  90% of survey respondents from each target market country will find that the date and time formatting of the product is correct.,"not about working, running, connecting, interfacing, or operative environment","working, running, connecting, interfacing, or operative environment",-0.006813600659370422
The product must be developed with the J2SE/J2EE programming language libraries,"working, running, connecting, interfacing, or operative environment","not about working, running, connecting, interfacing, or operative environment",0.2003733515739441
Recreation of Inventory Quantity Adjustment for the period of previous 30 days shall take no more than 30min.,"not about working, running, connecting, interfacing, or operative environment","not about working, running, connecting, interfacing, or operative environment",0.08691884577274323
The System shall allow for a minimum of  6 users to work at the same time.,"not about working, running, connecting, interfacing, or operative environment","working, running, connecting, interfacing, or operative environment",0.3222520351409912
The System shall utilize currently owned computer equipment.,"working, running, connecting, interfacing, or operative environment","working, running, connecting, interfacing, or operative environment",0.37239184975624084
The System shall be able to automatically backup business data and restore them on demand.,"working, running, connecting, interfacing, or operative environment","not about working, running, connecting, interfacing, or operative environment",0.13193215429782867
The System shall maintain consistent security.  Any changes in user passwords and/or permissions should take affect in all parts of the System.,"not about working, running, connecting, interfacing, or operative environment","working, running, connecting, interfacing, or operative environment",0.1891269087791443
The System shall granularly control access rights to all major subsystems.  It should be possible to assign access rights to all subsystems independently.,"not about working, running, connecting, interfacing, or operative environment","not about working, running, connecting, interfacing, or operative environment",0.10959741473197937
The System shall not require additional third party licenses resulting in royalty fees.,"working, running, connecting, interfacing, or operative environment","not about working, running, connecting, interfacing, or operative environment",0.079026959836483
Administrator shall be able to activate a pre-paid card via the Administration section in under 5 seconds.,"not about working, running, connecting, interfacing, or operative environment","not about working, running, connecting, interfacing, or operative environment",0.07212343066930771
 Customer shall be able to check the status of their prepaid card  by entering in the PIN number  in under 5 seconds.,"not about working, running, connecting, interfacing, or operative environment","not about working, running, connecting, interfacing, or operative environment",0.07070980221033096
System shall let customers register on the website as a “pay as you go” user in under 5 minutes.,"not about working, running, connecting, interfacing, or operative environment","not about working, running, connecting, interfacing, or operative environment",0.0676109790802002
System shall let customers register on the website as a “unlimited movie subscriber” user in under 10 minutes.,"not about working, running, connecting, interfacing, or operative environment","not about working, running, connecting, interfacing, or operative environment",0.0024797841906547546
System shall let existing customers log into the website with their email address and password in under 5 seconds.,"not about working, running, connecting, interfacing, or operative environment","not about working, running, connecting, interfacing, or operative environment",0.09080477058887482
 System shall let customers cancel their account  process shall take no longer than 2 minutes.  Database will mark the account as inactive  and user will not be able to log into the website.,"not about working, running, connecting, interfacing, or operative environment","not about working, running, connecting, interfacing, or operative environment",0.06273103505373001
System shall let administrator de-activate a customer account in under 1 minute. Customer will no longer be able to access the website.,"not about working, running, connecting, interfacing, or operative environment","not about working, running, connecting, interfacing, or operative environment",0.06957859545946121
System shall let administrator add/remove movies on the website in under 5 minutes.  Entered movie information will be stored in the database and will now be available on the website.,"not about working, running, connecting, interfacing, or operative environment","not about working, running, connecting, interfacing, or operative environment",-0.0074835289269685745
System shall let the administrator add/remove categories on the website in under 5 minutes.,"not about working, running, connecting, interfacing, or operative environment","not about working, running, connecting, interfacing, or operative environment",0.022836096584796906
System shall let Izogn Manager access sales and usage statistics in under 2 minutes.,"not about working, running, connecting, interfacing, or operative environment","not about working, running, connecting, interfacing, or operative environment",0.26065075397491455
System shall let administrators generate unique pre-paid pins in under 2 minutes and generate an Excel file with the generated PINs.,"not about working, running, connecting, interfacing, or operative environment","not about working, running, connecting, interfacing, or operative environment",0.19005699455738068
The product should be able to be used by 90% of novice users on the Internet.,"not about working, running, connecting, interfacing, or operative environment","not about working, running, connecting, interfacing, or operative environment",0.18221065402030945
 Users should only have to navigate through a maximum of 4 pages  to create an account with the website.,"not about working, running, connecting, interfacing, or operative environment","not about working, running, connecting, interfacing, or operative environment",0.01034346129745245
Users should be able to access their streaming movies in under 2 clicks after logging into the website.,"not about working, running, connecting, interfacing, or operative environment","not about working, running, connecting, interfacing, or operative environment",0.029770489782094955
An anonymous survey will show that 70% of customers are comfortable purchasing streaming movies after 2 weeks using the website.,"not about working, running, connecting, interfacing, or operative environment","not about working, running, connecting, interfacing, or operative environment",0.017685486003756523
An anonymous survey will show that 95% of customers are comfortable using and purchasing pre-paid cards after a month of using the system.,"not about working, running, connecting, interfacing, or operative environment","not about working, running, connecting, interfacing, or operative environment",0.07335028052330017
The product shall retain the customer’s buying preferences and information.,"not about working, running, connecting, interfacing, or operative environment","working, running, connecting, interfacing, or operative environment",0.06091954931616783
The product shall be easy for customers with novice skills on the  Internet to purchase and watch streaming movies.  Customers should be able to purchase and watch a pre-determined movie in under 3 minutes.,"not about working, running, connecting, interfacing, or operative environment","not about working, running, connecting, interfacing, or operative environment",0.050815340131521225
The product shall use symbols and words that are naturally understandable by users familiar with websites,"not about working, running, connecting, interfacing, or operative environment","not about working, running, connecting, interfacing, or operative environment",0.1794234961271286
The website will use standard Internet conventions when interacting with the user.,"not about working, running, connecting, interfacing, or operative environment","not about working, running, connecting, interfacing, or operative environment",0.16364873945713043
 Any interface between a user and the automated system shall have a maximum response time of 5 seconds  unless noted by an exception below.,"not about working, running, connecting, interfacing, or operative environment","not about working, running, connecting, interfacing, or operative environment",0.23580655455589294
 When purchasing a streaming movie or pre-paid card via credit card  the processing time should have a maximum response time of 15 seconds.,"not about working, running, connecting, interfacing, or operative environment","not about working, running, connecting, interfacing, or operative environment",-0.021434718742966652
 When streaming a movie  the buffering time should take no longer than 10 seconds (plus any latency on the user’s connection.),"not about working, running, connecting, interfacing, or operative environment","not about working, running, connecting, interfacing, or operative environment",0.015297962352633476
 While streaming a movie  buffering should only occur if there is latency in the user’s connection.,"not about working, running, connecting, interfacing, or operative environment","not about working, running, connecting, interfacing, or operative environment",0.09656021744012833
 All credit card information will be secured on the server  and only accessible by authorized Izogn administrators.  Information will be encrypted in the database.,"not about working, running, connecting, interfacing, or operative environment","working, running, connecting, interfacing, or operative environment",0.08468689024448395
All aspects of the website shall be accessed by a web browser over the Internet.,"working, running, connecting, interfacing, or operative environment","working, running, connecting, interfacing, or operative environment",0.10911934822797775
The same hardware supporting the current website will be used to support the new system.,"working, running, connecting, interfacing, or operative environment","working, running, connecting, interfacing, or operative environment",0.10530929267406464
 We must be able to interface with the following browsers: IE 5.X  6.0  Netscape 6.x  7.x  8.x and Firefox 1.0.,"working, running, connecting, interfacing, or operative environment","not about working, running, connecting, interfacing, or operative environment",0.16754038631916046
Website must interface with the CyberSource API to process credit card transactions.,"working, running, connecting, interfacing, or operative environment","not about working, running, connecting, interfacing, or operative environment",0.15899203717708588
Website must be fully operational with MSN TV2.,"working, running, connecting, interfacing, or operative environment","not about working, running, connecting, interfacing, or operative environment",0.1763697862625122
Movies shall be encoded and streamed via Windows Media Player 9.0.,"working, running, connecting, interfacing, or operative environment","not about working, running, connecting, interfacing, or operative environment",0.0711439847946167
Movies shall be encoded for 56k and 256k streams.,"working, running, connecting, interfacing, or operative environment","not about working, running, connecting, interfacing, or operative environment",0.07875093072652817
Izogn Administrator must be able to update the category listings on the website within 2 minutes.,"not about working, running, connecting, interfacing, or operative environment","not about working, running, connecting, interfacing, or operative environment",0.04870253801345825
Izogn Administrator must be able to add new products to the website within 2 minutes.,"not about working, running, connecting, interfacing, or operative environment","not about working, running, connecting, interfacing, or operative environment",0.15311670303344727
The website will provide a help section with answers and solutions to common problems.,"not about working, running, connecting, interfacing, or operative environment","not about working, running, connecting, interfacing, or operative environment",0.19363150000572205
The product shall be able to be installed in the specified environment within 1 working day.,"working, running, connecting, interfacing, or operative environment","working, running, connecting, interfacing, or operative environment",0.3018670678138733
Only registered customers can purchase streaming movies.,"not about working, running, connecting, interfacing, or operative environment","not about working, running, connecting, interfacing, or operative environment",0.03996838629245758
 A customer can only stream a movie if they purchased it  and are within the 2 day viewing period.,"not about working, running, connecting, interfacing, or operative environment","not about working, running, connecting, interfacing, or operative environment",0.055080536752939224
Only authorized personnel can access customer records in the database.,"not about working, running, connecting, interfacing, or operative environment","not about working, running, connecting, interfacing, or operative environment",0.13553836941719055
Only administrators can activate a pre-paid card.,"not about working, running, connecting, interfacing, or operative environment","not about working, running, connecting, interfacing, or operative environment",0.13386304676532745
Only authorized personnel can access sales information.,"not about working, running, connecting, interfacing, or operative environment","not about working, running, connecting, interfacing, or operative environment",0.17149250209331512
The website shall prevent its data from being corrupted when incorrect data is entered in.,"not about working, running, connecting, interfacing, or operative environment","not about working, running, connecting, interfacing, or operative environment",0.04726645350456238
 The website shall protect itself from intentional abuse  and notify the administrator at all occurrences.,"not about working, running, connecting, interfacing, or operative environment","not about working, running, connecting, interfacing, or operative environment",0.07301731407642365
Data integrity scripts will be run on a weekly basis to verify the integrity of the database.,"not about working, running, connecting, interfacing, or operative environment","working, running, connecting, interfacing, or operative environment",0.17967332899570465
 The website shall make its user aware of its information practices before collection data from them via a Privacy Policy  accessible on all pages of the website.,"not about working, running, connecting, interfacing, or operative environment","not about working, running, connecting, interfacing, or operative environment",0.024007435888051987
The system shall notify customers of changes to its information policy.,"not about working, running, connecting, interfacing, or operative environment","not about working, running, connecting, interfacing, or operative environment",0.1148337870836258
The system shall reveal private information only in compliance with the organization’s information policy.,"not about working, running, connecting, interfacing, or operative environment","not about working, running, connecting, interfacing, or operative environment",0.11851384490728378
 All customer information will be stored on a secure database  accessible only to authorized personnel.,"not about working, running, connecting, interfacing, or operative environment","not about working, running, connecting, interfacing, or operative environment",0.13634935021400452
All credit card information will be encrypted in the database.,"not about working, running, connecting, interfacing, or operative environment","working, running, connecting, interfacing, or operative environment",0.02442961186170578
The streaming server will have anti-virus software to prevent infection of malicious viruses.,"not about working, running, connecting, interfacing, or operative environment","not about working, running, connecting, interfacing, or operative environment",0.19255058467388153
The website should use Flash to provide animation on the home page.,"working, running, connecting, interfacing, or operative environment","not about working, running, connecting, interfacing, or operative environment",0.02739841118454933
Total lead cycle time must be completed in 5 minutes for 90% of lead volume between the business hours of 8AM CST to 8PM CST  then 3 minutes for 99% of lead volume during off business hours.,"not about working, running, connecting, interfacing, or operative environment","working, running, connecting, interfacing, or operative environment",0.0646328553557396
No lead evaluation will complete in a time period longer than 25 seconds for 97% of all leads processed.,"not about working, running, connecting, interfacing, or operative environment","not about working, running, connecting, interfacing, or operative environment",0.1348043978214264
For leads that process longer than 25 seconds the system will record the event and duration,"not about working, running, connecting, interfacing, or operative environment","working, running, connecting, interfacing, or operative environment",0.15076717734336853
The process must fit within the processing time conditions set forth by the Auto Rep Assignment process in which a lead is assigned within 3 minutes of the total life cycle.,"not about working, running, connecting, interfacing, or operative environment","working, running, connecting, interfacing, or operative environment",0.180071160197258
The lead washing process will operate within the established physical web service structure.,"working, running, connecting, interfacing, or operative environment","working, running, connecting, interfacing, or operative environment",0.3053097724914551
 The washing process must use a non binding  neutral data format  such as xml  when receiving and processing lead data.,"working, running, connecting, interfacing, or operative environment","not about working, running, connecting, interfacing, or operative environment",0.21552999317646027
The product shall able to handle a large number of games simultaneously.,"not about working, running, connecting, interfacing, or operative environment","not about working, running, connecting, interfacing, or operative environment",0.19274674355983734
The response time shall be fast enough to maintain the flow of the game.  The response time shall be no more than 2 seconds for 95% of responses and no more than 4% for the remaining responses.,"not about working, running, connecting, interfacing, or operative environment","not about working, running, connecting, interfacing, or operative environment",0.06130698695778847
The product shall protect the identity of the players. The product shall provide players no access to information that might reveal the identity of another player.,"not about working, running, connecting, interfacing, or operative environment","not about working, running, connecting, interfacing, or operative environment",0.13716387748718262
The product shall be intuitive and self-explanatory.  Nine out ten users shall be able to successfully complete a game with no training.,"not about working, running, connecting, interfacing, or operative environment","not about working, running, connecting, interfacing, or operative environment",0.34102898836135864
 The product shall be available to players who understand English  Spanish and French.  The product shall allow the user to select the language upon accessing the product.,"not about working, running, connecting, interfacing, or operative environment","working, running, connecting, interfacing, or operative environment",0.06761910021305084
The product shall provide players no access to information that might reveal the identity of another player,"not about working, running, connecting, interfacing, or operative environment","not about working, running, connecting, interfacing, or operative environment",0.15679135918617249
The response time shall be fast enough to maintain the flow of the game. The response time shall be no more than 2 seconds for 95% of responses and no more than 4% for the remaining responses.,"not about working, running, connecting, interfacing, or operative environment","not about working, running, connecting, interfacing, or operative environment",0.06130698695778847
The system shall be easy to use by callers and supervisors. Callers and supervisors must be able to accomplish any system task within 2 minutes.,"not about working, running, connecting, interfacing, or operative environment","not about working, running, connecting, interfacing, or operative environment",0.3282242715358734
The system shall be easy to learn by callers and supervisors. Callers and supervisors shall learn how to use the system within 10 minutes.,"not about working, running, connecting, interfacing, or operative environment","not about working, running, connecting, interfacing, or operative environment",0.24703404307365417
 The system shall be responsive. At the DePaul TeleServices Center  when a supervisor uses the system to view a callers schedule  the system response time must be no more than 2 seconds 90% of the time and no more than 5 seconds the rest of the time.,"not about working, running, connecting, interfacing, or operative environment","not about working, running, connecting, interfacing, or operative environment",0.16967354714870453
 On a 56k connection  the system response time for all operations must be no more than 6 seconds 90% of the time.,"not about working, running, connecting, interfacing, or operative environment","not about working, running, connecting, interfacing, or operative environment",0.2026868313550949
 On a 112k connection or faster  the system response time for all operations must be no more than 3 seconds 90% of the time.,"not about working, running, connecting, interfacing, or operative environment","not about working, running, connecting, interfacing, or operative environment",0.17480000853538513
The product shall ensure that only supervisors can advertise empty time slots.The product must ensure that supervisors are allowed to access advertise empty time slots.,"not about working, running, connecting, interfacing, or operative environment","working, running, connecting, interfacing, or operative environment",0.1961767077445984
The product shall ensure that only supervisors can enter a caller’s schedule.The product must ensure that supervisors are allowed to access advertise empty time slots.,"not about working, running, connecting, interfacing, or operative environment","not about working, running, connecting, interfacing, or operative environment",0.21713867783546448
The product shall ensure that only supervisors can view schedule of all callers.The product must ensure that supervisors are allowed to access advertise empty time slots.,"not about working, running, connecting, interfacing, or operative environment","not about working, running, connecting, interfacing, or operative environment",0.1965881735086441
The product shall provide Monitoring Services.The product shall be easy for System Administrators and DBAs to use after two weeks of usage.,"not about working, running, connecting, interfacing, or operative environment","not about working, running, connecting, interfacing, or operative environment",0.2658713161945343
The product shall provide Error Tracking Services.The product shall help the System Administrators and DBAs to resolve transaction errors 99% of the time.,"not about working, running, connecting, interfacing, or operative environment","not about working, running, connecting, interfacing, or operative environment",0.2048303186893463
The product shall provide Portals.The product shall help System Administrators to analyze the transactions with ad-hoc reporting and KPIs (Key Performance Indicators),"not about working, running, connecting, interfacing, or operative environment","working, running, connecting, interfacing, or operative environment",0.2817310094833374
The product shall provide Asynchronous Messaging.The product shall provide asynchronous messaging to enable parallel processing and reduce the overhead in communications,"not about working, running, connecting, interfacing, or operative environment","not about working, running, connecting, interfacing, or operative environment",0.22484123706817627
The product shall provide Multi-threading and Load Balancing.The product shall provide multi-threading technology as well as load balancing to overcome data load spikes and traffic.,"not about working, running, connecting, interfacing, or operative environment","working, running, connecting, interfacing, or operative environment",0.1853039562702179
The product shall process messages within 2 seconds.The product shall have a maximum message processing time of 2 seconds,"not about working, running, connecting, interfacing, or operative environment","working, running, connecting, interfacing, or operative environment",0.173390194773674
The product shall poll the system for messages every second.The product shall poll the system for new messages at a maximum of every 1 second.,"not about working, running, connecting, interfacing, or operative environment","not about working, running, connecting, interfacing, or operative environment",0.1736748069524765
The product shall provide Dynamic Change Support and Transparent resource addition.The product shall support Transparent Resource addition and Dynamic Change support to provide scalability and avoid service interruptions of more than 1 day.,"not about working, running, connecting, interfacing, or operative environment","working, running, connecting, interfacing, or operative environment",0.25425097346305847
The product shall be platform independent.The product shall enable access to any type of development environment and platform.,"working, running, connecting, interfacing, or operative environment","not about working, running, connecting, interfacing, or operative environment",0.3153417408466339
The product shall interface CSR and Datastream.The product shall exchange messages between CSR and EAM on a real time basis without any direct interfaces between two systems.,"working, running, connecting, interfacing, or operative environment","not about working, running, connecting, interfacing, or operative environment",0.19290871918201447
 The product shall have security.The product shall provide authentication  and authorization.,"not about working, running, connecting, interfacing, or operative environment","working, running, connecting, interfacing, or operative environment",0.2662985324859619
The product shall information Security. The product shall enable privacy by encryption WS-Security and Integrity Checking.,"not about working, running, connecting, interfacing, or operative environment","not about working, running, connecting, interfacing, or operative environment",0.2571462392807007
The product shall have audit capabilities.The product shall store messages for a minimum of one year for audit and transaction tracking purposes.,"not about working, running, connecting, interfacing, or operative environment","not about working, running, connecting, interfacing, or operative environment",0.11913046985864639
The system must use a point and click interface. 100% of all selection and navigation functionality must be able to be activated/selected by either a mouse or a keyboard,"not about working, running, connecting, interfacing, or operative environment","not about working, running, connecting, interfacing, or operative environment",0.14557720720767975
The interface shall be easy to use. 90% of users should be able to successfully use the system to generate a report on their first use. The interface should adhere to IBM usability standards.,"not about working, running, connecting, interfacing, or operative environment","not about working, running, connecting, interfacing, or operative environment",0.2259652018547058
Rreports must be easy to generate. eports must be generated within one button click and exported within one button click (after selecting the report),"not about working, running, connecting, interfacing, or operative environment","not about working, running, connecting, interfacing, or operative environment",0.01708151027560234
A user shall be able to use the system without instruction after a short amount of time. After one use a user should understand and remember 90% of the system usage and navigation.,"not about working, running, connecting, interfacing, or operative environment","not about working, running, connecting, interfacing, or operative environment",0.2548995614051819
All CCR users shall receive training before the WCS system is deployed. One training session will be held for 100% of CCR users before system deployment (based on a CCR user being available),"not about working, running, connecting, interfacing, or operative environment","working, running, connecting, interfacing, or operative environment",0.1530648022890091
The WCS system shall use appropriate nomenclature and terminology as defined by the Corporate Community Grants organization. All interfaces and reports will undergo usability tests by CCR users.,"not about working, running, connecting, interfacing, or operative environment","working, running, connecting, interfacing, or operative environment",0.185542032122612
The WCS system shall be run in a Windows environment. The WCS shall be accessed by users through the Internet on an IBM computer running a Windows 2000 or above operating system.,"working, running, connecting, interfacing, or operative environment","working, running, connecting, interfacing, or operative environment",0.1278276890516281
The Brio portion of the WCS system must be able to export files in spreadsheet form (Microsoft Excel and Lotus 1-2-3 formats).  Brio will provide buttons in the user interface that produce/export reports in .xls or .123 file formats.,"working, running, connecting, interfacing, or operative environment","working, running, connecting, interfacing, or operative environment",0.10281052440404892
The system shall only be accessed by authorized Corporate Community Grants (CCR) employees. Users must be authenticated using their IBM intranet user name and password.,"not about working, running, connecting, interfacing, or operative environment","not about working, running, connecting, interfacing, or operative environment",0.17442573606967926
The WCS system shall not allow automatic logins by any user. Cookies containing WCS login information about a user will not be stored on a user’s computer.,"not about working, running, connecting, interfacing, or operative environment","not about working, running, connecting, interfacing, or operative environment",0.04433432221412659
Each team owner will need to use a username and password in order to be authenticated to reach the team owner’s page,"not about working, running, connecting, interfacing, or operative environment","working, running, connecting, interfacing, or operative environment",0.12858055531978607
The Commissioner will be the only authorized user per league to adjust league settings.,"not about working, running, connecting, interfacing, or operative environment","not about working, running, connecting, interfacing, or operative environment",0.0867266058921814
;A new user shall be able to navigate through the league and team pages within 30 seconds of reaching the start-up page.,"not about working, running, connecting, interfacing, or operative environment","not about working, running, connecting, interfacing, or operative environment",0.13015951216220856
Users shall be able to reach the ‘add’  ‘drop’  and ‘trade player’ pages with one click from the team owner’s page.,"not about working, running, connecting, interfacing, or operative environment","working, running, connecting, interfacing, or operative environment",0.07605641335248947
;Users shall be able to view at least 25 NFL player statistics and points on each page.,"not about working, running, connecting, interfacing, or operative environment","not about working, running, connecting, interfacing, or operative environment",0.003049394115805626
The application shall ask the user to confirm dropping a player or trading a player before performing the action.,"not about working, running, connecting, interfacing, or operative environment","not about working, running, connecting, interfacing, or operative environment",0.13864311575889587
The application shall be able to complete every user transaction within one fourth of a second of receiving the request over the network.,"not about working, running, connecting, interfacing, or operative environment","not about working, running, connecting, interfacing, or operative environment",0.14439266920089722
The application shall run on a web application server.,"working, running, connecting, interfacing, or operative environment","working, running, connecting, interfacing, or operative environment",0.30127257108688354
A primary database will be used to store cached data for active users.,"working, running, connecting, interfacing, or operative environment","working, running, connecting, interfacing, or operative environment",0.1436743438243866
A secondary database will be used to store historical statistics and data.,"working, running, connecting, interfacing, or operative environment","working, running, connecting, interfacing, or operative environment",0.1001385748386383
98% of the user workstations shall meet the minimum hardware requirements prior to implementation. Minimum Hard Disk Space:  400MB.,"working, running, connecting, interfacing, or operative environment","not about working, running, connecting, interfacing, or operative environment",0.18720580637454987
98% of the user workstations shall meet the minimum software requirements prior to implementation: Microsoft Internet Explorer 5.0. Microsoft .NET Framework 1.1. Microsoft Internet Explorer Web Controls,"working, running, connecting, interfacing, or operative environment","not about working, running, connecting, interfacing, or operative environment",0.17048776149749756
The RFS system should be able to easily interface with the BDW environment  in order to load the data. •;7 data files shall be received from the BDW and loaded into the RFS system within 3 hours one day prior to the start of budgeting process  every year. The data will be as of October month-end. ;Test files (7) shall be loaded up to 5 times throughout the year  from the BDW.,"working, running, connecting, interfacing, or operative environment","working, running, connecting, interfacing, or operative environment",0.12190277874469757
Only authorized user shall access the RFS system. ONLY users that exist in the UAS system  with the RFS system assigned to their role(s)  shall access the RFS system and use it.,"not about working, running, connecting, interfacing, or operative environment","not about working, running, connecting, interfacing, or operative environment",0.1478898823261261
;User access should be limited to the permissions granted to their role(s) Each level in the PCG hierarchy will be assigned a role and users will be assigned to these roles. Access to functionality within RFS system is dependent on the privileges/permission assigned to the role..,"not about working, running, connecting, interfacing, or operative environment","not about working, running, connecting, interfacing, or operative environment",0.14723938703536987
The users should be able to easily use the system to successfully complete their budgets  within the stipulated time for completion. With a week of training prior to product implementation  98% of the users shall complete their budgets within the stipulated time.,"not about working, running, connecting, interfacing, or operative environment","working, running, connecting, interfacing, or operative environment",0.14321166276931763
The product interface should be fast. The response time of the product interface should not exceed 2 seconds 90% of the time. For 10% of the time  the response time should not be more than 10 seconds.not be more than 10 seconds.,"not about working, running, connecting, interfacing, or operative environment","not about working, running, connecting, interfacing, or operative environment",0.1024063304066658
