,precision,recall,f1-score,support
"environmental, organizational, coordination, systemic, logistics, coordination, or automation",0.25142857142857145,0.7096774193548387,0.3713080168776372,62.0
"usability, security, performance, look & feel, legal, fault & tolerance, maintainability, scalability, availability, or portability",0.7567567567567568,0.2994652406417112,0.4291187739463601,187.0
accuracy,0.40160642570281124,0.40160642570281124,0.40160642570281124,0.40160642570281124
macro avg,0.5040926640926642,0.504571329998275,0.40021339541199863,249.0
weighted avg,0.6309320680405018,0.40160642570281124,0.4147241276079632,249.0
