,precision,recall,f1-score,support
"environmental, organizational, coordination, systemic, logistics, coordination, or automation",0.21739130434782608,0.3225806451612903,0.2597402597402597,62.0
"usability, security, performance, look & feel, legal, fault & tolerance, maintainability, scalability, availability, or portability",0.732484076433121,0.6149732620320856,0.6686046511627907,187.0
accuracy,0.5421686746987951,0.5421686746987951,0.5421686746987951,0.5421686746987951
macro avg,0.4749376903904735,0.4687769535966879,0.4641724554515252,249.0
weighted avg,0.6042280448295535,0.5421686746987951,0.5667990597242488,249.0
