,precision,recall,f1-score,support
"environmental, organizational, coordination, systemic, or logistics",0.25,0.6935483870967742,0.36752136752136755,62.0
"usability, security, performance, look & feel, legal, fault & tolerance, maintainability, scalability, availability, or portability",0.7532467532467533,0.31016042780748665,0.43939393939393945,187.0
accuracy,0.40562248995983935,0.40562248995983935,0.40562248995983935,0.40562248995983935
macro avg,0.5016233766233766,0.5018544074521305,0.4034576534576535,249.0
weighted avg,0.6279403327596099,0.40562248995983935,0.42149795764253595,249.0
