Requirement text,Gold label,Predicated label,ZSL score
The system shall refresh the display every 60 seconds.,not about operational,operational,0.18145744502544403
 If projected  the data must be readable.  On a 10x10 projection screen  90% of viewers must be able to read Event / Activity data from a viewing distance of 30,not about operational,not about operational,0.1249971017241478
 If projected  the data must be understandable. On a 10x10 projection screen  90% of viewers must be able to determine that Events or Activities are occuring in current time from a viewing distance of 100,not about operational,not about operational,0.11142932623624802
The product shall ensure that it can only be accessed by authorized users.  The product will be able to distinguish between authorized and unauthorized users in all access attempts,not about operational,operational,0.13482388854026794
The product shall be intuitive and self-explanatory.  :  90% of new users shall be able to start the display of Events or Activities within 90 minutes of using the product.,not about operational,operational,0.22459731996059418
The product shall respond fast to keep up-to-date data in the display.,not about operational,operational,0.18485695123672485
The system shall be used by realtors with no training.,not about operational,not about operational,0.1295662522315979
The system shall be intuitive and self explanatory.,not about operational,operational,0.21579985320568085
The product shall be easy for a realtor to learn.,not about operational,not about operational,0.13237501680850983
The product shall use symbols and words that are naturally understandable by the realtor community.,not about operational,operational,0.12353305518627167
The product shall produce search results in an acceptable time,not about operational,operational,0.21706190705299377
The search results shall be returned no later 30      seconds  after the user has entered the search criteria,not about operational,operational,0.06895925849676132
The product shall generate a CMA report in an acceptable time.,not about operational,operational,0.14728112518787384
The CMA report shall be returned no later 60 seconds after the user has entered the CMA report criteria.,not about operational,operational,0.04456871747970581
The product shall synchronize contacts and appointments in an acceptable time.,not about operational,operational,0.1408511996269226
The product shall synchronize with the office system every hour.,not about operational,operational,0.20810315012931824
The product shall be installed by an untrained realtor   without recourse to separately-printed instructions.,not about operational,not about operational,0.20933672785758972
90% of untrained realtors shall be able to install the product on their device without printed instructions,not about operational,not about operational,0.21817563474178314
Only registered realtors shall be able to access the system.,not about operational,not about operational,0.0788625180721283
Every user of the system shall be authenticated and authorized.,not about operational,operational,0.1822403520345688
The product shall prevent its data from incorrect data being introduced.,not about operational,not about operational,0.14504459500312805
The system shall be easy to use by the Program Administrators/Nursing Staff Members.,not about operational,not about operational,0.160935640335083
All of the users shall be able to use the system after one day of training.,not about operational,operational,0.17798373103141785
The system shall help the user avoid making mistakes while scheduling classes and clinicals for the nursing students.,not about operational,not about operational,0.11308349668979645
The number of mistakes noted by the students shall be decreased by 50% in the first year.,not about operational,not about operational,-0.019485721364617348
The system shall be intuitive to the Program Administrators/Nursing Staff Members.,not about operational,not about operational,0.19190531969070435
2 out of 3 Program Administrators/Nursing Staff Members shall successfully be able to use the system to manage the scheduling of classes and clinicals.,not about operational,not about operational,0.16262272000312805
The system shall use symbols and words that are naturally understandable by the user community.,not about operational,operational,0.17079880833625793
The verbiage used within the system shall be consistent with Standard English and the terminology of the national Nursing Community.,not about operational,operational,0.1537172943353653
Staff members shall be able to complete a set of tasks in a timely manner.,not about operational,operational,0.24021953344345093
The response time of general student management tasks shall take no longer than 5 seconds and the response time of schedule generation shall take no longer than 30 seconds.,not about operational,not about operational,0.1323843151330948
The system shall able to operate within a business office environment typical of the Nursing Department at DePaul University.,operational,operational,0.18501365184783936
The system shall be used within the specifications defined by the computers used by the Program Administrators/Nursing Staff Members.,operational,not about operational,0.1505620777606964
The system shall operate within the Windows XP Professional operating system.,operational,not about operational,0.1285945177078247
The system shall interface with CampusConnect’s central server,operational,not about operational,0.17388544976711273
The system shall interface with the faculty central server.,operational,not about operational,0.19064092636108398
The system shall interface with the student master server.,operational,not about operational,0.1363459974527359
We must be able to interface with any HTML browser.,operational,not about operational,0.12712237238883972
Only authorized users shall have access to clinical site information.,not about operational,not about operational,0.15450356900691986
Program Administrators/Nursing Staff Members are the only people who shall have access to clinical site details.,not about operational,not about operational,0.1354335993528366
Only authorized users shall have access to students’ personal information.,not about operational,not about operational,0.1046801507472992
Dr Susan Poslusny and Dr Julie Donalek are the only people who shall have access to students’ personal information.,not about operational,not about operational,0.027838855981826782
Only authorized users shall have access to the portion of the system that interfaces with CampusConnect.,not about operational,not about operational,0.13116967678070068
Fit Criterion: Dr Susan Poslusny and Karen Sysol are the only people who shall have access to the final class section scheduling for the system that interfaces with CampusConnect.,not about operational,operational,0.18318645656108856
The system shall have basic data integrity checking to reduce the possibility of incorrect or invalid data being introduced.,not about operational,operational,0.13846631348133087
The system shall protect private information in accordance with the organization’s information policy.,not about operational,not about operational,0.17296449840068817
The system shall be built such that it is as secure as possible from malicious interference.,not about operational,operational,0.2118384838104248
The system shall use the organization’s standard virus protection software to help monitor threats to itself.,not about operational,not about operational,0.14773090183734894
The list of dispute cases that are displayed after a search is performed must be color coded for easy identification of dispute cases based upon the dispute case status.,not about operational,operational,0.10925693064928055
100% of the cardmember and merchant services representatives shall use the Disputes application regularly after a 2-day training course.,not about operational,operational,0.13387726247310638
100% of cardmember services representatives shall be able to successfully create a dispute case on the first encounter after completing the training course.,not about operational,operational,0.12716558575630188
100% of merchant services representatives shall be able to successfully perform a follow up action on a dispute case on the first encounter after completing the training course.,not about operational,operational,0.17345638573169708
The maximum wait time for a user navigating from one screen to another within the Disputes application shall be no more than 5 seconds.,not about operational,not about operational,0.1343999207019806
The Disputes application shall support 350 concurrent users without any degradation of performance in the application.,not about operational,not about operational,0.20007172226905823
 The Disputes application shall be available 24x7x365  with the exception of the following scheduled maintenance windows.  Monday – Saturday 3:00am to 4:00am EST Sunday 1:00amd to 5:00am EST,operational,operational,0.25168275833129883
The Disputes application shall interface with the Statement Database. The Statement Database provides the transaction details to the Disputes System. All transaction details must be obtained from the Statement Database,operational,not about operational,0.11967036128044128
The Disputes application shall interface with the Cardmember Information Database.  The Cardmember Information Database provides detailed information with regard to a cardmember.  All cardmember detail information must be obtained from the Cardmember Information Database.,operational,not about operational,0.09864357858896255
The Disputes applications shall interface with the Merchant Information Database.  The Merchant Information Database provides detailed information with regard to the merchant. All merchant detail information shall be obtained from the Merchant Information Database.,operational,not about operational,0.05188988521695137
The Disputes application shall interface with the Letters application.  This will allow the Disputes application to request letters as part of the dispute initiation and dispute follow up process. All letter requests must be sent to the Print Letter Utility application.,operational,not about operational,0.09809548407793045
The Disputes application shall interface with the Cardmember Posting and Billing System.  This will allow the Disputes application to request adjustments to cardmember and merchant’s accounts. All adjustment requests must be sent to the Cardmember Posting and Billing System.,operational,not about operational,0.10467860847711563
The Disputes application shall ensure that only users with the appropriate access level are allowed to initiate dispute requests.,not about operational,not about operational,0.09238581359386444
Only users with Update access must be able to initiate dispute requests.,not about operational,not about operational,0.1706419289112091
The Disputes application shall ensure that only authorized users are allowed to logon to the application.,not about operational,operational,0.10163164883852005
 All authorized users  once authenticated must be able to logon to the Disputes System,not about operational,operational,0.1436638981103897
The Disputes System shall generate a User Report that details any new users that have been added and any changes to an existing user’s access level.  The report will be reviewed for auditing purposes.,not about operational,operational,0.1026146337389946
All additions of new users and modifications to user’s access shall be recorded on the User Report.,not about operational,not about operational,0.05314991995692253
 If a user account is revoked  it can only be re-instantiated by the System Administrator.,not about operational,operational,0.04371493309736252
Only the System Administrator shall be able to reset a revoked user logon account,not about operational,not about operational,0.02094506472349167
The Disputes application shall manipulate and view business data. Users will not have direct access to data files or databases.,not about operational,not about operational,0.19117270410060883
All updates to data files or database must be initiated from the Disputes System.,not about operational,operational,0.1185329258441925
The product must support Internet Explorer 5.5 and above.,operational,not about operational,0.05687342956662178
The product must support Mozilla Firefox 1.0 and above.,operational,not about operational,0.050103601068258286
The product shall interface with the Choice Parts System.  This provides the feed of recycled parts data.,operational,not about operational,0.09603529423475266
The product shall run on the existing hardware for all environments.,operational,not about operational,0.2090025097131729
The product shall adhere to the corporate Architecture guidelines,operational,not about operational,0.20593591034412384
The product shall be easy to use by Adjusters and Collision Estimators.  95% of Adjusters and Collision Estimators shall find the product easy to use.,not about operational,not about operational,0.13966795802116394
The product shall increase productivity of Collision Estimators. 80% of the Collision Estimators shall agree their productivity has increase within 1 month of using the product.,not about operational,not about operational,0.1437206268310547
Users shall feel satisfied using the product.  85% of all users will be satisfied with the product.,not about operational,operational,0.1726885586977005
The product shall be easy to learn by Adjusters and Collision Estimators.  The product shall be learned with two days onsite training,not about operational,not about operational,0.23685163259506226
The user shall easily locate instructions while using the product.  User help can be found within 90% of the system.,not about operational,not about operational,0.12898492813110352
The search for recycled parts shall take no longer than 15 seconds.  The search results shall be returned in under 15 seconds.,not about operational,operational,0.1439746618270874
The search for the preferred repair facility shall take no longer than 8 seconds.  The preferred repair facility is returned within 8 seconds,not about operational,operational,0.22827742993831635
The recycled parts audit report shall be returned to the user within 10 seconds.  The audit report shall be returned within 10 seconds.,not about operational,operational,0.086327463388443
The preferred repair facility ratings shall be saved within 5 seconds. The save shall occur within 5 seconds.,not about operational,operational,0.2026648223400116
 For estimators  the product shall be able to be operated in a repair facility during dirty and noisy conditions.,operational,operational,0.31061533093452454
The product shall interface with the ChoiceParts system once per day at approximately 1:00 AM.,operational,operational,0.13554392755031586
The maintenance of the product will fall within the established corporate maintenance windows.,operational,not about operational,0.19859617948532104
The product shall be supported using the corporate support center.,operational,not about operational,0.14380168914794922
Product installations and upgrades shall be handled by the middleware technology team within established launch time frames.,operational,not about operational,0.2145603597164154
Only adjusters can request recycled parts audit reports. No users without an adjuster role shall request recycled parts audits.,not about operational,not about operational,0.07325288653373718
Only adjusters with a supervisor role can update preferred repair facility ratings. Users without the supervisor role cannot access the repair facility ratings.,not about operational,not about operational,0.11824603378772736
Only collision estimators shall search for recycled parts.  Users without the collision estimator role shall not have access to the search for recycled parts.,not about operational,not about operational,0.16167931258678436
Only valid data shall be entered into the system.  No invalid data shall be entered into the system.,not about operational,operational,0.18605147302150726
One insurance company shall not be able to view another insurance companys claim data.,not about operational,not about operational,0.12911221385002136
The product shall free of computer viruses.,not about operational,not about operational,0.12536665797233582
The system shall prevent malicious attacks including denial of service.,not about operational,not about operational,0.18052645027637482
 The product must work with most database management systems (DBMS) on the market  whether the DBMS is colocated with the product on the same machine or is located on a different machine on the computer network.,operational,not about operational,0.09505640715360641
The product will function alongside server software on any operating system where the Java runtime can be installed.,operational,not about operational,0.06791643798351288
The product will require collaboration with a database management system (DBMS).  The DBMS may be located on the same machine as the product or on a separate machine residing on the same computer network.,operational,not about operational,0.10279513895511627
 The product must make use of web/application server technology.  Open source examples include Apache web server  Tomcat  and the JBoss application server.,operational,not about operational,0.05136232078075409
 A database management system such as Oracle  DB2  MySql or HSQL will need to be integrated with the product.,operational,not about operational,0.052878446877002716
The product shall make the users want to use it. 80% of the users surveyed report they are regularly using the product after the first 2 weeks post-launch.,not about operational,operational,0.16227975487709045
The product shall be easy to use. 90% of users will be able to successfully reserve a conference room within 5 minutes of product use.,not about operational,operational,0.18308360874652863
The product shall give users feedback when necessary. 80% of the users surveyed report that the product accurately confirms their actions.,not about operational,operational,0.2214653193950653
The product shall allow the user to select a chosen language from one of the target market countries.,not about operational,operational,0.05757816880941391
The product shall allow for customization of start page and views preferences.,not about operational,not about operational,0.07713134586811066
 An employee will be able to successfully use the product within a few minutes.  After informally navigating the product for less than 15 minutes  users shall be able to successfully setup meetings and reserve conference rooms.,not about operational,operational,0.18567664921283722
The product shall use a standard navigation menu familiar to most web users.,not about operational,operational,0.03394009917974472
The product shall allow for intuitive searching of available conference rooms.,not about operational,operational,0.09382379800081253
The product shall conform to the Americans with Disabilities Act.,not about operational,operational,0.18688538670539856
The response shall be fast enough to avoid interrupting the user’s flow of thought.  90% of tasks shall complete within 5 seconds.  98% of tasks shall complete within 8 seconds.,not about operational,operational,0.1489904671907425
The product shall be used in office environments.,operational,operational,0.26585692167282104
The product must be able to interface with any HTML browser.  The product shall transmit data between the user and the product without problems. The product shall display HTML properly in 80% of all HTML browsers tested (minimum is to test 8 browsers).,operational,operational,0.08777207136154175
The product must be able to interface with various database management systems. The product shall communicate successfully with the database management system on 100% of all transactions.,operational,not about operational,0.14069582521915436
The product must be able to interface with various email servers. The product shall be able to send email.,operational,not about operational,0.11221660673618317
The product shall be available for distribution via the Internet as a binary or ZIP file.,operational,operational,0.1395583152770996
The product shall be available for distribution as a packaged CD.,operational,operational,0.17716169357299805
 The product will be available for licensing as a one-server  two-five servers  or five-or-more servers license.,operational,operational,0.1247430294752121
A new user must be able to be added to the system within 10 minutes.  90% of new users are able to log into the system within 10 minutes.,not about operational,operational,0.04640626162290573
Every registered user will have access to the product’s support site via the Internet.  70% of registered users shall find a solution to their problem within 5 minutes of using the support site.,not about operational,not about operational,0.19070786237716675
 The product shall be translated into foreign languages other than the target market countries’ languages in future releases.  For each emerging target market  it shall take no more than 5 days to configure the product for that market’s language.,not about operational,operational,0.04305952042341232
 The product is expected to integrate with multiple database management systems.  The product will operate with Oracle  SQL Server  DB2  MySQL  HSQL  and MS Access.,operational,not about operational,0.08859623968601227
The product shall be able to be installed in any operating environment within 2 days.,operational,operational,0.18168053030967712
The product shall ensure that only company employees or external users with company-approved user IDs may have product access.  100% of all logons shall be by either company employees or external users with company-approved user IDs.,not about operational,operational,0.11921742558479309
Only managers are able to perform search queries for reservations by user.  100% of all search queries for reservations by user shall be from logons of only management logons.,not about operational,not about operational,0.12017004191875458
The product shall ensure that the database’s data corresponds to the data entered by the user.  Each conference room reservation in the system will contain the same information as was entered by the user.,not about operational,operational,0.1318163275718689
The product shall prevent the input of malicious data.  The product and/or adjacent hardware/software systems’ data shall remain 100% uncorrupted each time malicious data is input into the product.,not about operational,operational,0.15591703355312347
The product shall have the ability to receive automatic software updates as new threats emerge.  100% of customers will be able to receive automatic software updates transmitted to the installed product.,not about operational,operational,0.15245503187179565
The product shall be able to display calendar dates and times according to the user’s locale.  90% of survey respondents from each target market country will find that the date and time formatting of the product is correct.,not about operational,operational,0.0393473282456398
The product must be developed with the J2SE/J2EE programming language libraries,operational,not about operational,0.11501030623912811
Recreation of Inventory Quantity Adjustment for the period of previous 30 days shall take no more than 30min.,not about operational,not about operational,0.1423899382352829
The System shall allow for a minimum of  6 users to work at the same time.,not about operational,operational,0.1445065140724182
The System shall utilize currently owned computer equipment.,operational,not about operational,0.18140172958374023
The System shall be able to automatically backup business data and restore them on demand.,operational,operational,0.10420076549053192
The System shall maintain consistent security.  Any changes in user passwords and/or permissions should take affect in all parts of the System.,not about operational,operational,0.10872045904397964
The System shall granularly control access rights to all major subsystems.  It should be possible to assign access rights to all subsystems independently.,not about operational,not about operational,0.06355384737253189
The System shall not require additional third party licenses resulting in royalty fees.,operational,not about operational,0.018617603927850723
Administrator shall be able to activate a pre-paid card via the Administration section in under 5 seconds.,not about operational,operational,0.16344234347343445
 Customer shall be able to check the status of their prepaid card  by entering in the PIN number  in under 5 seconds.,not about operational,operational,0.17985814809799194
System shall let customers register on the website as a “pay as you go” user in under 5 minutes.,not about operational,operational,0.11130435019731522
System shall let customers register on the website as a “unlimited movie subscriber” user in under 10 minutes.,not about operational,operational,0.10944484174251556
System shall let existing customers log into the website with their email address and password in under 5 seconds.,not about operational,operational,0.11027263849973679
 System shall let customers cancel their account  process shall take no longer than 2 minutes.  Database will mark the account as inactive  and user will not be able to log into the website.,not about operational,operational,0.13079960644245148
System shall let administrator de-activate a customer account in under 1 minute. Customer will no longer be able to access the website.,not about operational,operational,0.17896856367588043
System shall let administrator add/remove movies on the website in under 5 minutes.  Entered movie information will be stored in the database and will now be available on the website.,not about operational,operational,0.039485350251197815
System shall let the administrator add/remove categories on the website in under 5 minutes.,not about operational,operational,0.08820073306560516
System shall let Izogn Manager access sales and usage statistics in under 2 minutes.,not about operational,not about operational,0.1701323240995407
System shall let administrators generate unique pre-paid pins in under 2 minutes and generate an Excel file with the generated PINs.,not about operational,not about operational,0.11418575048446655
The product should be able to be used by 90% of novice users on the Internet.,not about operational,operational,0.11662300676107407
 Users should only have to navigate through a maximum of 4 pages  to create an account with the website.,not about operational,operational,0.01900901272892952
Users should be able to access their streaming movies in under 2 clicks after logging into the website.,not about operational,not about operational,0.07971308380365372
An anonymous survey will show that 70% of customers are comfortable purchasing streaming movies after 2 weeks using the website.,not about operational,operational,0.10217532515525818
An anonymous survey will show that 95% of customers are comfortable using and purchasing pre-paid cards after a month of using the system.,not about operational,operational,0.08916356414556503
The product shall retain the customer’s buying preferences and information.,not about operational,operational,0.10680332779884338
The product shall be easy for customers with novice skills on the  Internet to purchase and watch streaming movies.  Customers should be able to purchase and watch a pre-determined movie in under 3 minutes.,not about operational,not about operational,0.09993598610162735
The product shall use symbols and words that are naturally understandable by users familiar with websites,not about operational,operational,0.16314788162708282
The website will use standard Internet conventions when interacting with the user.,not about operational,operational,0.14599956572055817
 Any interface between a user and the automated system shall have a maximum response time of 5 seconds  unless noted by an exception below.,not about operational,not about operational,0.1314261257648468
 When purchasing a streaming movie or pre-paid card via credit card  the processing time should have a maximum response time of 15 seconds.,not about operational,not about operational,0.03587472438812256
 When streaming a movie  the buffering time should take no longer than 10 seconds (plus any latency on the user’s connection.),not about operational,not about operational,0.027682814747095108
 While streaming a movie  buffering should only occur if there is latency in the user’s connection.,not about operational,not about operational,0.05088479071855545
 All credit card information will be secured on the server  and only accessible by authorized Izogn administrators.  Information will be encrypted in the database.,not about operational,operational,0.07189059257507324
All aspects of the website shall be accessed by a web browser over the Internet.,operational,operational,0.12247034162282944
The same hardware supporting the current website will be used to support the new system.,operational,not about operational,0.05447375029325485
 We must be able to interface with the following browsers: IE 5.X  6.0  Netscape 6.x  7.x  8.x and Firefox 1.0.,operational,not about operational,0.07632222771644592
Website must interface with the CyberSource API to process credit card transactions.,operational,operational,0.08363207429647446
Website must be fully operational with MSN TV2.,operational,operational,0.25229713320732117
Movies shall be encoded and streamed via Windows Media Player 9.0.,operational,not about operational,0.08205600827932358
Movies shall be encoded for 56k and 256k streams.,operational,not about operational,0.11239940673112869
Izogn Administrator must be able to update the category listings on the website within 2 minutes.,not about operational,operational,0.1362975835800171
Izogn Administrator must be able to add new products to the website within 2 minutes.,not about operational,operational,0.14358362555503845
The website will provide a help section with answers and solutions to common problems.,not about operational,operational,0.1202482134103775
The product shall be able to be installed in the specified environment within 1 working day.,operational,operational,0.22895480692386627
Only registered customers can purchase streaming movies.,not about operational,not about operational,0.10247142612934113
 A customer can only stream a movie if they purchased it  and are within the 2 day viewing period.,not about operational,not about operational,0.11351841688156128
Only authorized personnel can access customer records in the database.,not about operational,not about operational,0.09670591354370117
Only administrators can activate a pre-paid card.,not about operational,not about operational,0.13916568458080292
Only authorized personnel can access sales information.,not about operational,not about operational,0.16590243577957153
The website shall prevent its data from being corrupted when incorrect data is entered in.,not about operational,operational,0.08328716456890106
 The website shall protect itself from intentional abuse  and notify the administrator at all occurrences.,not about operational,operational,0.14429205656051636
Data integrity scripts will be run on a weekly basis to verify the integrity of the database.,not about operational,operational,0.19915729761123657
 The website shall make its user aware of its information practices before collection data from them via a Privacy Policy  accessible on all pages of the website.,not about operational,not about operational,0.09586060792207718
The system shall notify customers of changes to its information policy.,not about operational,not about operational,0.15578873455524445
The system shall reveal private information only in compliance with the organization’s information policy.,not about operational,not about operational,0.17533816397190094
 All customer information will be stored on a secure database  accessible only to authorized personnel.,not about operational,not about operational,0.10565486550331116
All credit card information will be encrypted in the database.,not about operational,operational,0.015223008580505848
The streaming server will have anti-virus software to prevent infection of malicious viruses.,not about operational,not about operational,0.1187099888920784
The website should use Flash to provide animation on the home page.,operational,operational,0.07600554078817368
Total lead cycle time must be completed in 5 minutes for 90% of lead volume between the business hours of 8AM CST to 8PM CST  then 3 minutes for 99% of lead volume during off business hours.,not about operational,operational,0.02507776767015457
No lead evaluation will complete in a time period longer than 25 seconds for 97% of all leads processed.,not about operational,operational,0.15117207169532776
For leads that process longer than 25 seconds the system will record the event and duration,not about operational,not about operational,0.13031376898288727
The process must fit within the processing time conditions set forth by the Auto Rep Assignment process in which a lead is assigned within 3 minutes of the total life cycle.,not about operational,not about operational,0.14089949429035187
The lead washing process will operate within the established physical web service structure.,operational,operational,0.15357767045497894
 The washing process must use a non binding  neutral data format  such as xml  when receiving and processing lead data.,operational,not about operational,0.11675377935171127
The product shall able to handle a large number of games simultaneously.,not about operational,not about operational,0.1532568335533142
The response time shall be fast enough to maintain the flow of the game.  The response time shall be no more than 2 seconds for 95% of responses and no more than 4% for the remaining responses.,not about operational,operational,0.12541133165359497
The product shall protect the identity of the players. The product shall provide players no access to information that might reveal the identity of another player.,not about operational,operational,0.16314978897571564
The product shall be intuitive and self-explanatory.  Nine out ten users shall be able to successfully complete a game with no training.,not about operational,operational,0.2856491208076477
 The product shall be available to players who understand English  Spanish and French.  The product shall allow the user to select the language upon accessing the product.,not about operational,operational,0.13472363352775574
The product shall provide players no access to information that might reveal the identity of another player,not about operational,not about operational,0.18500789999961853
The response time shall be fast enough to maintain the flow of the game. The response time shall be no more than 2 seconds for 95% of responses and no more than 4% for the remaining responses.,not about operational,operational,0.12541133165359497
The system shall be easy to use by callers and supervisors. Callers and supervisors must be able to accomplish any system task within 2 minutes.,not about operational,not about operational,0.21987469494342804
The system shall be easy to learn by callers and supervisors. Callers and supervisors shall learn how to use the system within 10 minutes.,not about operational,not about operational,0.16439887881278992
 The system shall be responsive. At the DePaul TeleServices Center  when a supervisor uses the system to view a callers schedule  the system response time must be no more than 2 seconds 90% of the time and no more than 5 seconds the rest of the time.,not about operational,operational,0.1654171198606491
 On a 56k connection  the system response time for all operations must be no more than 6 seconds 90% of the time.,not about operational,not about operational,0.14299975335597992
 On a 112k connection or faster  the system response time for all operations must be no more than 3 seconds 90% of the time.,not about operational,not about operational,0.14441156387329102
The product shall ensure that only supervisors can advertise empty time slots.The product must ensure that supervisors are allowed to access advertise empty time slots.,not about operational,operational,0.18604591488838196
The product shall ensure that only supervisors can enter a caller’s schedule.The product must ensure that supervisors are allowed to access advertise empty time slots.,not about operational,operational,0.19570192694664001
The product shall ensure that only supervisors can view schedule of all callers.The product must ensure that supervisors are allowed to access advertise empty time slots.,not about operational,operational,0.1857793629169464
The product shall provide Monitoring Services.The product shall be easy for System Administrators and DBAs to use after two weeks of usage.,not about operational,not about operational,0.20245647430419922
The product shall provide Error Tracking Services.The product shall help the System Administrators and DBAs to resolve transaction errors 99% of the time.,not about operational,not about operational,0.1844642162322998
The product shall provide Portals.The product shall help System Administrators to analyze the transactions with ad-hoc reporting and KPIs (Key Performance Indicators),not about operational,not about operational,0.20055077970027924
The product shall provide Asynchronous Messaging.The product shall provide asynchronous messaging to enable parallel processing and reduce the overhead in communications,not about operational,not about operational,0.21264618635177612
The product shall provide Multi-threading and Load Balancing.The product shall provide multi-threading technology as well as load balancing to overcome data load spikes and traffic.,not about operational,not about operational,0.11322039365768433
The product shall process messages within 2 seconds.The product shall have a maximum message processing time of 2 seconds,not about operational,not about operational,0.1854417473077774
The product shall poll the system for messages every second.The product shall poll the system for new messages at a maximum of every 1 second.,not about operational,operational,0.19429734349250793
The product shall provide Dynamic Change Support and Transparent resource addition.The product shall support Transparent Resource addition and Dynamic Change support to provide scalability and avoid service interruptions of more than 1 day.,not about operational,operational,0.20313945412635803
The product shall be platform independent.The product shall enable access to any type of development environment and platform.,operational,not about operational,0.12209681421518326
The product shall interface CSR and Datastream.The product shall exchange messages between CSR and EAM on a real time basis without any direct interfaces between two systems.,operational,not about operational,0.14722344279289246
 The product shall have security.The product shall provide authentication  and authorization.,not about operational,operational,0.18799260258674622
The product shall information Security. The product shall enable privacy by encryption WS-Security and Integrity Checking.,not about operational,operational,0.18871241807937622
The product shall have audit capabilities.The product shall store messages for a minimum of one year for audit and transaction tracking purposes.,not about operational,not about operational,0.09296587109565735
The system must use a point and click interface. 100% of all selection and navigation functionality must be able to be activated/selected by either a mouse or a keyboard,not about operational,operational,0.1362975537776947
The interface shall be easy to use. 90% of users should be able to successfully use the system to generate a report on their first use. The interface should adhere to IBM usability standards.,not about operational,not about operational,0.13004831969738007
Rreports must be easy to generate. eports must be generated within one button click and exported within one button click (after selecting the report),not about operational,not about operational,0.02819644659757614
A user shall be able to use the system without instruction after a short amount of time. After one use a user should understand and remember 90% of the system usage and navigation.,not about operational,not about operational,0.19235627353191376
All CCR users shall receive training before the WCS system is deployed. One training session will be held for 100% of CCR users before system deployment (based on a CCR user being available),not about operational,not about operational,0.18611019849777222
The WCS system shall use appropriate nomenclature and terminology as defined by the Corporate Community Grants organization. All interfaces and reports will undergo usability tests by CCR users.,not about operational,operational,0.13912807404994965
The WCS system shall be run in a Windows environment. The WCS shall be accessed by users through the Internet on an IBM computer running a Windows 2000 or above operating system.,operational,not about operational,0.06086501479148865
The Brio portion of the WCS system must be able to export files in spreadsheet form (Microsoft Excel and Lotus 1-2-3 formats).  Brio will provide buttons in the user interface that produce/export reports in .xls or .123 file formats.,operational,not about operational,0.12134051322937012
The system shall only be accessed by authorized Corporate Community Grants (CCR) employees. Users must be authenticated using their IBM intranet user name and password.,not about operational,not about operational,0.09618756175041199
The WCS system shall not allow automatic logins by any user. Cookies containing WCS login information about a user will not be stored on a user’s computer.,not about operational,operational,0.02702462673187256
Each team owner will need to use a username and password in order to be authenticated to reach the team owner’s page,not about operational,not about operational,0.09918340295553207
The Commissioner will be the only authorized user per league to adjust league settings.,not about operational,operational,0.10330048948526382
;A new user shall be able to navigate through the league and team pages within 30 seconds of reaching the start-up page.,not about operational,operational,0.18864387273788452
Users shall be able to reach the ‘add’  ‘drop’  and ‘trade player’ pages with one click from the team owner’s page.,not about operational,not about operational,0.13024894893169403
;Users shall be able to view at least 25 NFL player statistics and points on each page.,not about operational,not about operational,0.07611735910177231
The application shall ask the user to confirm dropping a player or trading a player before performing the action.,not about operational,not about operational,0.21335969865322113
The application shall be able to complete every user transaction within one fourth of a second of receiving the request over the network.,not about operational,not about operational,0.14323589205741882
The application shall run on a web application server.,operational,not about operational,0.20817583799362183
A primary database will be used to store cached data for active users.,operational,operational,0.08150248229503632
A secondary database will be used to store historical statistics and data.,operational,not about operational,0.03566742688417435
98% of the user workstations shall meet the minimum hardware requirements prior to implementation. Minimum Hard Disk Space:  400MB.,operational,not about operational,0.12161944806575775
98% of the user workstations shall meet the minimum software requirements prior to implementation: Microsoft Internet Explorer 5.0. Microsoft .NET Framework 1.1. Microsoft Internet Explorer Web Controls,operational,not about operational,0.08651874959468842
The RFS system should be able to easily interface with the BDW environment  in order to load the data. •;7 data files shall be received from the BDW and loaded into the RFS system within 3 hours one day prior to the start of budgeting process  every year. The data will be as of October month-end. ;Test files (7) shall be loaded up to 5 times throughout the year  from the BDW.,operational,not about operational,0.10110921412706375
Only authorized user shall access the RFS system. ONLY users that exist in the UAS system  with the RFS system assigned to their role(s)  shall access the RFS system and use it.,not about operational,not about operational,0.10604068636894226
;User access should be limited to the permissions granted to their role(s) Each level in the PCG hierarchy will be assigned a role and users will be assigned to these roles. Access to functionality within RFS system is dependent on the privileges/permission assigned to the role..,not about operational,not about operational,0.1419602930545807
The users should be able to easily use the system to successfully complete their budgets  within the stipulated time for completion. With a week of training prior to product implementation  98% of the users shall complete their budgets within the stipulated time.,not about operational,operational,0.14757715165615082
The product interface should be fast. The response time of the product interface should not exceed 2 seconds 90% of the time. For 10% of the time  the response time should not be more than 10 seconds.not be more than 10 seconds.,not about operational,not about operational,0.11928509175777435
