,precision,recall,f1-score,support
"environmental, organizational, coordination, systemic, or logistics",0.39473684210526316,0.24193548387096775,0.3,62.0
"usability, security, performance, look & feel, legal, fault & tolerance, maintainability, scalability, availability, or portability",0.7772511848341233,0.8770053475935828,0.8241206030150754,187.0
accuracy,0.7188755020080321,0.7188755020080321,0.7188755020080321,0.7188755020080321
macro avg,0.5859940134696933,0.5594704157322753,0.5620603015075377,249.0
weighted avg,0.6820066496968166,0.7188755020080321,0.6936166777663417,249.0
