,precision,recall,f1-score,support
"environmental, organizational, coordination, systemic, or logistics",0.46,0.3709677419354839,0.4107142857142857,62.0
"not about environmental, organizational, coordination, systemic, or logistics",0.8040201005025126,0.8556149732620321,0.8290155440414508,187.0
accuracy,0.7349397590361446,0.7349397590361446,0.7349397590361446,0.7349397590361446
macro avg,0.6320100502512563,0.613291357598758,0.6198649148778683,249.0
weighted avg,0.7183604770842164,0.7349397590361446,0.724860210642719,249.0
