Requirement text,Gold label,Predicated label,ZSL score
The system shall refresh the display every 60 seconds.,"not about working, running, connecting, interfacing, or operative environment","working, running, connecting, interfacing, or operative environment",0.7214112281799316
 If projected  the data must be readable.  On a 10x10 projection screen  90% of viewers must be able to read Event / Activity data from a viewing distance of 30,"not about working, running, connecting, interfacing, or operative environment","not about working, running, connecting, interfacing, or operative environment",0.577976644039154
 If projected  the data must be understandable. On a 10x10 projection screen  90% of viewers must be able to determine that Events or Activities are occuring in current time from a viewing distance of 100,"not about working, running, connecting, interfacing, or operative environment","not about working, running, connecting, interfacing, or operative environment",0.5777750611305237
The product shall ensure that it can only be accessed by authorized users.  The product will be able to distinguish between authorized and unauthorized users in all access attempts,"not about working, running, connecting, interfacing, or operative environment","not about working, running, connecting, interfacing, or operative environment",0.6348976492881775
The product shall be intuitive and self-explanatory.  :  90% of new users shall be able to start the display of Events or Activities within 90 minutes of using the product.,"not about working, running, connecting, interfacing, or operative environment","not about working, running, connecting, interfacing, or operative environment",0.5706446170806885
The product shall respond fast to keep up-to-date data in the display.,"not about working, running, connecting, interfacing, or operative environment","not about working, running, connecting, interfacing, or operative environment",0.7026346921920776
The system shall be used by realtors with no training.,"not about working, running, connecting, interfacing, or operative environment","working, running, connecting, interfacing, or operative environment",0.6762827634811401
The system shall be intuitive and self explanatory.,"not about working, running, connecting, interfacing, or operative environment","working, running, connecting, interfacing, or operative environment",0.6563932299613953
The product shall be easy for a realtor to learn.,"not about working, running, connecting, interfacing, or operative environment","working, running, connecting, interfacing, or operative environment",0.6443452835083008
The product shall use symbols and words that are naturally understandable by the realtor community.,"not about working, running, connecting, interfacing, or operative environment","not about working, running, connecting, interfacing, or operative environment",0.7170190215110779
The product shall produce search results in an acceptable time,"not about working, running, connecting, interfacing, or operative environment","working, running, connecting, interfacing, or operative environment",0.6716814041137695
The search results shall be returned no later 30      seconds  after the user has entered the search criteria,"not about working, running, connecting, interfacing, or operative environment","not about working, running, connecting, interfacing, or operative environment",0.6361008882522583
The product shall generate a CMA report in an acceptable time.,"not about working, running, connecting, interfacing, or operative environment","working, running, connecting, interfacing, or operative environment",0.7227929830551147
The CMA report shall be returned no later 60 seconds after the user has entered the CMA report criteria.,"not about working, running, connecting, interfacing, or operative environment","not about working, running, connecting, interfacing, or operative environment",0.691502571105957
The product shall synchronize contacts and appointments in an acceptable time.,"not about working, running, connecting, interfacing, or operative environment","working, running, connecting, interfacing, or operative environment",0.7293906807899475
The product shall synchronize with the office system every hour.,"not about working, running, connecting, interfacing, or operative environment","working, running, connecting, interfacing, or operative environment",0.7265629768371582
The product shall be installed by an untrained realtor   without recourse to separately-printed instructions.,"not about working, running, connecting, interfacing, or operative environment","not about working, running, connecting, interfacing, or operative environment",0.7121057510375977
90% of untrained realtors shall be able to install the product on their device without printed instructions,"not about working, running, connecting, interfacing, or operative environment","not about working, running, connecting, interfacing, or operative environment",0.6807897090911865
Only registered realtors shall be able to access the system.,"not about working, running, connecting, interfacing, or operative environment","working, running, connecting, interfacing, or operative environment",0.6501107811927795
Every user of the system shall be authenticated and authorized.,"not about working, running, connecting, interfacing, or operative environment","working, running, connecting, interfacing, or operative environment",0.6873575448989868
The product shall prevent its data from incorrect data being introduced.,"not about working, running, connecting, interfacing, or operative environment","working, running, connecting, interfacing, or operative environment",0.6430783271789551
The system shall be easy to use by the Program Administrators/Nursing Staff Members.,"not about working, running, connecting, interfacing, or operative environment","not about working, running, connecting, interfacing, or operative environment",0.7028937935829163
All of the users shall be able to use the system after one day of training.,"not about working, running, connecting, interfacing, or operative environment","not about working, running, connecting, interfacing, or operative environment",0.5904464721679688
The system shall help the user avoid making mistakes while scheduling classes and clinicals for the nursing students.,"not about working, running, connecting, interfacing, or operative environment","not about working, running, connecting, interfacing, or operative environment",0.7186132073402405
The number of mistakes noted by the students shall be decreased by 50% in the first year.,"not about working, running, connecting, interfacing, or operative environment","not about working, running, connecting, interfacing, or operative environment",0.6954960823059082
The system shall be intuitive to the Program Administrators/Nursing Staff Members.,"not about working, running, connecting, interfacing, or operative environment","not about working, running, connecting, interfacing, or operative environment",0.686058759689331
2 out of 3 Program Administrators/Nursing Staff Members shall successfully be able to use the system to manage the scheduling of classes and clinicals.,"not about working, running, connecting, interfacing, or operative environment","not about working, running, connecting, interfacing, or operative environment",0.623085618019104
The system shall use symbols and words that are naturally understandable by the user community.,"not about working, running, connecting, interfacing, or operative environment","not about working, running, connecting, interfacing, or operative environment",0.687114953994751
The verbiage used within the system shall be consistent with Standard English and the terminology of the national Nursing Community.,"not about working, running, connecting, interfacing, or operative environment","not about working, running, connecting, interfacing, or operative environment",0.6843870878219604
Staff members shall be able to complete a set of tasks in a timely manner.,"not about working, running, connecting, interfacing, or operative environment","not about working, running, connecting, interfacing, or operative environment",0.6567071676254272
The response time of general student management tasks shall take no longer than 5 seconds and the response time of schedule generation shall take no longer than 30 seconds.,"not about working, running, connecting, interfacing, or operative environment","not about working, running, connecting, interfacing, or operative environment",0.6059460639953613
The system shall able to operate within a business office environment typical of the Nursing Department at DePaul University.,"working, running, connecting, interfacing, or operative environment","not about working, running, connecting, interfacing, or operative environment",0.6916139125823975
The system shall be used within the specifications defined by the computers used by the Program Administrators/Nursing Staff Members.,"working, running, connecting, interfacing, or operative environment","not about working, running, connecting, interfacing, or operative environment",0.6980489492416382
The system shall operate within the Windows XP Professional operating system.,"working, running, connecting, interfacing, or operative environment","working, running, connecting, interfacing, or operative environment",0.7227254509925842
The system shall interface with CampusConnect’s central server,"working, running, connecting, interfacing, or operative environment","working, running, connecting, interfacing, or operative environment",0.7080268263816833
The system shall interface with the faculty central server.,"working, running, connecting, interfacing, or operative environment","working, running, connecting, interfacing, or operative environment",0.7194101810455322
The system shall interface with the student master server.,"working, running, connecting, interfacing, or operative environment","working, running, connecting, interfacing, or operative environment",0.703431248664856
We must be able to interface with any HTML browser.,"working, running, connecting, interfacing, or operative environment","working, running, connecting, interfacing, or operative environment",0.5881493091583252
Only authorized users shall have access to clinical site information.,"not about working, running, connecting, interfacing, or operative environment","working, running, connecting, interfacing, or operative environment",0.6703097224235535
Program Administrators/Nursing Staff Members are the only people who shall have access to clinical site details.,"not about working, running, connecting, interfacing, or operative environment","not about working, running, connecting, interfacing, or operative environment",0.6961833834648132
Only authorized users shall have access to students’ personal information.,"not about working, running, connecting, interfacing, or operative environment","working, running, connecting, interfacing, or operative environment",0.6606082320213318
Dr Susan Poslusny and Dr Julie Donalek are the only people who shall have access to students’ personal information.,"not about working, running, connecting, interfacing, or operative environment","not about working, running, connecting, interfacing, or operative environment",0.6553953886032104
Only authorized users shall have access to the portion of the system that interfaces with CampusConnect.,"not about working, running, connecting, interfacing, or operative environment","not about working, running, connecting, interfacing, or operative environment",0.691482663154602
Fit Criterion: Dr Susan Poslusny and Karen Sysol are the only people who shall have access to the final class section scheduling for the system that interfaces with CampusConnect.,"not about working, running, connecting, interfacing, or operative environment","not about working, running, connecting, interfacing, or operative environment",0.58868408203125
The system shall have basic data integrity checking to reduce the possibility of incorrect or invalid data being introduced.,"not about working, running, connecting, interfacing, or operative environment","not about working, running, connecting, interfacing, or operative environment",0.6543642282485962
The system shall protect private information in accordance with the organization’s information policy.,"not about working, running, connecting, interfacing, or operative environment","not about working, running, connecting, interfacing, or operative environment",0.6636834740638733
The system shall be built such that it is as secure as possible from malicious interference.,"not about working, running, connecting, interfacing, or operative environment","not about working, running, connecting, interfacing, or operative environment",0.6916032433509827
The system shall use the organization’s standard virus protection software to help monitor threats to itself.,"not about working, running, connecting, interfacing, or operative environment","not about working, running, connecting, interfacing, or operative environment",0.6595205664634705
The list of dispute cases that are displayed after a search is performed must be color coded for easy identification of dispute cases based upon the dispute case status.,"not about working, running, connecting, interfacing, or operative environment","not about working, running, connecting, interfacing, or operative environment",0.6127120852470398
100% of the cardmember and merchant services representatives shall use the Disputes application regularly after a 2-day training course.,"not about working, running, connecting, interfacing, or operative environment","not about working, running, connecting, interfacing, or operative environment",0.6783698797225952
100% of cardmember services representatives shall be able to successfully create a dispute case on the first encounter after completing the training course.,"not about working, running, connecting, interfacing, or operative environment","not about working, running, connecting, interfacing, or operative environment",0.6614488959312439
100% of merchant services representatives shall be able to successfully perform a follow up action on a dispute case on the first encounter after completing the training course.,"not about working, running, connecting, interfacing, or operative environment","not about working, running, connecting, interfacing, or operative environment",0.6173987984657288
The maximum wait time for a user navigating from one screen to another within the Disputes application shall be no more than 5 seconds.,"not about working, running, connecting, interfacing, or operative environment","not about working, running, connecting, interfacing, or operative environment",0.6535022258758545
The Disputes application shall support 350 concurrent users without any degradation of performance in the application.,"not about working, running, connecting, interfacing, or operative environment","not about working, running, connecting, interfacing, or operative environment",0.7324864864349365
 The Disputes application shall be available 24x7x365  with the exception of the following scheduled maintenance windows.  Monday – Saturday 3:00am to 4:00am EST Sunday 1:00amd to 5:00am EST,"working, running, connecting, interfacing, or operative environment","not about working, running, connecting, interfacing, or operative environment",0.5184994339942932
The Disputes application shall interface with the Statement Database. The Statement Database provides the transaction details to the Disputes System. All transaction details must be obtained from the Statement Database,"working, running, connecting, interfacing, or operative environment","not about working, running, connecting, interfacing, or operative environment",0.6353371739387512
The Disputes application shall interface with the Cardmember Information Database.  The Cardmember Information Database provides detailed information with regard to a cardmember.  All cardmember detail information must be obtained from the Cardmember Information Database.,"working, running, connecting, interfacing, or operative environment","not about working, running, connecting, interfacing, or operative environment",0.5029531121253967
The Disputes applications shall interface with the Merchant Information Database.  The Merchant Information Database provides detailed information with regard to the merchant. All merchant detail information shall be obtained from the Merchant Information Database.,"working, running, connecting, interfacing, or operative environment","not about working, running, connecting, interfacing, or operative environment",0.5164597630500793
The Disputes application shall interface with the Letters application.  This will allow the Disputes application to request letters as part of the dispute initiation and dispute follow up process. All letter requests must be sent to the Print Letter Utility application.,"working, running, connecting, interfacing, or operative environment","not about working, running, connecting, interfacing, or operative environment",0.5736441016197205
The Disputes application shall interface with the Cardmember Posting and Billing System.  This will allow the Disputes application to request adjustments to cardmember and merchant’s accounts. All adjustment requests must be sent to the Cardmember Posting and Billing System.,"working, running, connecting, interfacing, or operative environment","not about working, running, connecting, interfacing, or operative environment",0.5473341941833496
The Disputes application shall ensure that only users with the appropriate access level are allowed to initiate dispute requests.,"not about working, running, connecting, interfacing, or operative environment","not about working, running, connecting, interfacing, or operative environment",0.7317126989364624
Only users with Update access must be able to initiate dispute requests.,"not about working, running, connecting, interfacing, or operative environment","working, running, connecting, interfacing, or operative environment",0.622573971748352
The Disputes application shall ensure that only authorized users are allowed to logon to the application.,"not about working, running, connecting, interfacing, or operative environment","not about working, running, connecting, interfacing, or operative environment",0.7053585648536682
 All authorized users  once authenticated must be able to logon to the Disputes System,"not about working, running, connecting, interfacing, or operative environment","not about working, running, connecting, interfacing, or operative environment",0.6579124927520752
The Disputes System shall generate a User Report that details any new users that have been added and any changes to an existing user’s access level.  The report will be reviewed for auditing purposes.,"not about working, running, connecting, interfacing, or operative environment","not about working, running, connecting, interfacing, or operative environment",0.5763162970542908
All additions of new users and modifications to user’s access shall be recorded on the User Report.,"not about working, running, connecting, interfacing, or operative environment","not about working, running, connecting, interfacing, or operative environment",0.7238600254058838
 If a user account is revoked  it can only be re-instantiated by the System Administrator.,"not about working, running, connecting, interfacing, or operative environment","not about working, running, connecting, interfacing, or operative environment",0.7225309014320374
Only the System Administrator shall be able to reset a revoked user logon account,"not about working, running, connecting, interfacing, or operative environment","not about working, running, connecting, interfacing, or operative environment",0.6891807913780212
The Disputes application shall manipulate and view business data. Users will not have direct access to data files or databases.,"not about working, running, connecting, interfacing, or operative environment","not about working, running, connecting, interfacing, or operative environment",0.7016906142234802
All updates to data files or database must be initiated from the Disputes System.,"not about working, running, connecting, interfacing, or operative environment","not about working, running, connecting, interfacing, or operative environment",0.690136194229126
The product must support Internet Explorer 5.5 and above.,"working, running, connecting, interfacing, or operative environment","working, running, connecting, interfacing, or operative environment",0.6557376980781555
The product must support Mozilla Firefox 1.0 and above.,"working, running, connecting, interfacing, or operative environment","not about working, running, connecting, interfacing, or operative environment",0.6506633162498474
The product shall interface with the Choice Parts System.  This provides the feed of recycled parts data.,"working, running, connecting, interfacing, or operative environment","not about working, running, connecting, interfacing, or operative environment",0.679741382598877
The product shall run on the existing hardware for all environments.,"working, running, connecting, interfacing, or operative environment","working, running, connecting, interfacing, or operative environment",0.7071991562843323
The product shall adhere to the corporate Architecture guidelines,"working, running, connecting, interfacing, or operative environment","working, running, connecting, interfacing, or operative environment",0.6943128108978271
The product shall be easy to use by Adjusters and Collision Estimators.  95% of Adjusters and Collision Estimators shall find the product easy to use.,"not about working, running, connecting, interfacing, or operative environment","not about working, running, connecting, interfacing, or operative environment",0.601051926612854
The product shall increase productivity of Collision Estimators. 80% of the Collision Estimators shall agree their productivity has increase within 1 month of using the product.,"not about working, running, connecting, interfacing, or operative environment","not about working, running, connecting, interfacing, or operative environment",0.6302614212036133
Users shall feel satisfied using the product.  85% of all users will be satisfied with the product.,"not about working, running, connecting, interfacing, or operative environment","not about working, running, connecting, interfacing, or operative environment",0.6811979413032532
The product shall be easy to learn by Adjusters and Collision Estimators.  The product shall be learned with two days onsite training,"not about working, running, connecting, interfacing, or operative environment","not about working, running, connecting, interfacing, or operative environment",0.681779682636261
The user shall easily locate instructions while using the product.  User help can be found within 90% of the system.,"not about working, running, connecting, interfacing, or operative environment","not about working, running, connecting, interfacing, or operative environment",0.6230329275131226
The search for recycled parts shall take no longer than 15 seconds.  The search results shall be returned in under 15 seconds.,"not about working, running, connecting, interfacing, or operative environment","not about working, running, connecting, interfacing, or operative environment",0.632186233997345
The search for the preferred repair facility shall take no longer than 8 seconds.  The preferred repair facility is returned within 8 seconds,"not about working, running, connecting, interfacing, or operative environment","not about working, running, connecting, interfacing, or operative environment",0.644364058971405
The recycled parts audit report shall be returned to the user within 10 seconds.  The audit report shall be returned within 10 seconds.,"not about working, running, connecting, interfacing, or operative environment","not about working, running, connecting, interfacing, or operative environment",0.6241959929466248
The preferred repair facility ratings shall be saved within 5 seconds. The save shall occur within 5 seconds.,"not about working, running, connecting, interfacing, or operative environment","not about working, running, connecting, interfacing, or operative environment",0.6746609807014465
 For estimators  the product shall be able to be operated in a repair facility during dirty and noisy conditions.,"working, running, connecting, interfacing, or operative environment","not about working, running, connecting, interfacing, or operative environment",0.6660582423210144
The product shall interface with the ChoiceParts system once per day at approximately 1:00 AM.,"working, running, connecting, interfacing, or operative environment","not about working, running, connecting, interfacing, or operative environment",0.7062442302703857
The maintenance of the product will fall within the established corporate maintenance windows.,"working, running, connecting, interfacing, or operative environment","not about working, running, connecting, interfacing, or operative environment",0.6890405416488647
The product shall be supported using the corporate support center.,"working, running, connecting, interfacing, or operative environment","working, running, connecting, interfacing, or operative environment",0.7010344862937927
Product installations and upgrades shall be handled by the middleware technology team within established launch time frames.,"working, running, connecting, interfacing, or operative environment","not about working, running, connecting, interfacing, or operative environment",0.7129254341125488
Only adjusters can request recycled parts audit reports. No users without an adjuster role shall request recycled parts audits.,"not about working, running, connecting, interfacing, or operative environment","not about working, running, connecting, interfacing, or operative environment",0.6442484259605408
Only adjusters with a supervisor role can update preferred repair facility ratings. Users without the supervisor role cannot access the repair facility ratings.,"not about working, running, connecting, interfacing, or operative environment","not about working, running, connecting, interfacing, or operative environment",0.6737812757492065
Only collision estimators shall search for recycled parts.  Users without the collision estimator role shall not have access to the search for recycled parts.,"not about working, running, connecting, interfacing, or operative environment","not about working, running, connecting, interfacing, or operative environment",0.6485740542411804
Only valid data shall be entered into the system.  No invalid data shall be entered into the system.,"not about working, running, connecting, interfacing, or operative environment","not about working, running, connecting, interfacing, or operative environment",0.6879727840423584
One insurance company shall not be able to view another insurance companys claim data.,"not about working, running, connecting, interfacing, or operative environment","not about working, running, connecting, interfacing, or operative environment",0.7264634370803833
The product shall free of computer viruses.,"not about working, running, connecting, interfacing, or operative environment","working, running, connecting, interfacing, or operative environment",0.703279972076416
The system shall prevent malicious attacks including denial of service.,"not about working, running, connecting, interfacing, or operative environment","working, running, connecting, interfacing, or operative environment",0.7152973413467407
 The product must work with most database management systems (DBMS) on the market  whether the DBMS is colocated with the product on the same machine or is located on a different machine on the computer network.,"working, running, connecting, interfacing, or operative environment","not about working, running, connecting, interfacing, or operative environment",0.5501272082328796
The product will function alongside server software on any operating system where the Java runtime can be installed.,"working, running, connecting, interfacing, or operative environment","not about working, running, connecting, interfacing, or operative environment",0.7179445028305054
The product will require collaboration with a database management system (DBMS).  The DBMS may be located on the same machine as the product or on a separate machine residing on the same computer network.,"working, running, connecting, interfacing, or operative environment","not about working, running, connecting, interfacing, or operative environment",0.5774100422859192
 The product must make use of web/application server technology.  Open source examples include Apache web server  Tomcat  and the JBoss application server.,"working, running, connecting, interfacing, or operative environment","not about working, running, connecting, interfacing, or operative environment",0.5526354908943176
 A database management system such as Oracle  DB2  MySql or HSQL will need to be integrated with the product.,"working, running, connecting, interfacing, or operative environment","not about working, running, connecting, interfacing, or operative environment",0.6634853482246399
The product shall make the users want to use it. 80% of the users surveyed report they are regularly using the product after the first 2 weeks post-launch.,"not about working, running, connecting, interfacing, or operative environment","not about working, running, connecting, interfacing, or operative environment",0.566981315612793
The product shall be easy to use. 90% of users will be able to successfully reserve a conference room within 5 minutes of product use.,"not about working, running, connecting, interfacing, or operative environment","not about working, running, connecting, interfacing, or operative environment",0.5836554765701294
The product shall give users feedback when necessary. 80% of the users surveyed report that the product accurately confirms their actions.,"not about working, running, connecting, interfacing, or operative environment","not about working, running, connecting, interfacing, or operative environment",0.6550567150115967
The product shall allow the user to select a chosen language from one of the target market countries.,"not about working, running, connecting, interfacing, or operative environment","not about working, running, connecting, interfacing, or operative environment",0.6813759803771973
The product shall allow for customization of start page and views preferences.,"not about working, running, connecting, interfacing, or operative environment","working, running, connecting, interfacing, or operative environment",0.6565709710121155
 An employee will be able to successfully use the product within a few minutes.  After informally navigating the product for less than 15 minutes  users shall be able to successfully setup meetings and reserve conference rooms.,"not about working, running, connecting, interfacing, or operative environment","not about working, running, connecting, interfacing, or operative environment",0.5548077821731567
The product shall use a standard navigation menu familiar to most web users.,"not about working, running, connecting, interfacing, or operative environment","not about working, running, connecting, interfacing, or operative environment",0.6615608930587769
The product shall allow for intuitive searching of available conference rooms.,"not about working, running, connecting, interfacing, or operative environment","working, running, connecting, interfacing, or operative environment",0.6806037425994873
The product shall conform to the Americans with Disabilities Act.,"not about working, running, connecting, interfacing, or operative environment","working, running, connecting, interfacing, or operative environment",0.7182961702346802
The response shall be fast enough to avoid interrupting the user’s flow of thought.  90% of tasks shall complete within 5 seconds.  98% of tasks shall complete within 8 seconds.,"not about working, running, connecting, interfacing, or operative environment","not about working, running, connecting, interfacing, or operative environment",0.5298427939414978
The product shall be used in office environments.,"working, running, connecting, interfacing, or operative environment","working, running, connecting, interfacing, or operative environment",0.6870169639587402
The product must be able to interface with any HTML browser.  The product shall transmit data between the user and the product without problems. The product shall display HTML properly in 80% of all HTML browsers tested (minimum is to test 8 browsers).,"working, running, connecting, interfacing, or operative environment","not about working, running, connecting, interfacing, or operative environment",0.5446856021881104
The product must be able to interface with various database management systems. The product shall communicate successfully with the database management system on 100% of all transactions.,"working, running, connecting, interfacing, or operative environment","not about working, running, connecting, interfacing, or operative environment",0.6032970547676086
The product must be able to interface with various email servers. The product shall be able to send email.,"working, running, connecting, interfacing, or operative environment","not about working, running, connecting, interfacing, or operative environment",0.5710217952728271
The product shall be available for distribution via the Internet as a binary or ZIP file.,"working, running, connecting, interfacing, or operative environment","not about working, running, connecting, interfacing, or operative environment",0.7734602689743042
The product shall be available for distribution as a packaged CD.,"working, running, connecting, interfacing, or operative environment","working, running, connecting, interfacing, or operative environment",0.7086732983589172
 The product will be available for licensing as a one-server  two-five servers  or five-or-more servers license.,"working, running, connecting, interfacing, or operative environment","not about working, running, connecting, interfacing, or operative environment",0.6450673937797546
A new user must be able to be added to the system within 10 minutes.  90% of new users are able to log into the system within 10 minutes.,"not about working, running, connecting, interfacing, or operative environment","not about working, running, connecting, interfacing, or operative environment",0.49936217069625854
Every registered user will have access to the product’s support site via the Internet.  70% of registered users shall find a solution to their problem within 5 minutes of using the support site.,"not about working, running, connecting, interfacing, or operative environment","not about working, running, connecting, interfacing, or operative environment",0.5552285313606262
 The product shall be translated into foreign languages other than the target market countries’ languages in future releases.  For each emerging target market  it shall take no more than 5 days to configure the product for that market’s language.,"not about working, running, connecting, interfacing, or operative environment","not about working, running, connecting, interfacing, or operative environment",0.5453819036483765
 The product is expected to integrate with multiple database management systems.  The product will operate with Oracle  SQL Server  DB2  MySQL  HSQL  and MS Access.,"working, running, connecting, interfacing, or operative environment","not about working, running, connecting, interfacing, or operative environment",0.4924168586730957
The product shall be able to be installed in any operating environment within 2 days.,"working, running, connecting, interfacing, or operative environment","not about working, running, connecting, interfacing, or operative environment",0.6527875065803528
The product shall ensure that only company employees or external users with company-approved user IDs may have product access.  100% of all logons shall be by either company employees or external users with company-approved user IDs.,"not about working, running, connecting, interfacing, or operative environment","not about working, running, connecting, interfacing, or operative environment",0.5440637469291687
Only managers are able to perform search queries for reservations by user.  100% of all search queries for reservations by user shall be from logons of only management logons.,"not about working, running, connecting, interfacing, or operative environment","not about working, running, connecting, interfacing, or operative environment",0.5617133378982544
The product shall ensure that the database’s data corresponds to the data entered by the user.  Each conference room reservation in the system will contain the same information as was entered by the user.,"not about working, running, connecting, interfacing, or operative environment","not about working, running, connecting, interfacing, or operative environment",0.578934371471405
The product shall prevent the input of malicious data.  The product and/or adjacent hardware/software systems’ data shall remain 100% uncorrupted each time malicious data is input into the product.,"not about working, running, connecting, interfacing, or operative environment","not about working, running, connecting, interfacing, or operative environment",0.5383021831512451
The product shall have the ability to receive automatic software updates as new threats emerge.  100% of customers will be able to receive automatic software updates transmitted to the installed product.,"not about working, running, connecting, interfacing, or operative environment","not about working, running, connecting, interfacing, or operative environment",0.570182740688324
The product shall be able to display calendar dates and times according to the user’s locale.  90% of survey respondents from each target market country will find that the date and time formatting of the product is correct.,"not about working, running, connecting, interfacing, or operative environment","not about working, running, connecting, interfacing, or operative environment",0.5387605428695679
The product must be developed with the J2SE/J2EE programming language libraries,"working, running, connecting, interfacing, or operative environment","not about working, running, connecting, interfacing, or operative environment",0.6834120154380798
Recreation of Inventory Quantity Adjustment for the period of previous 30 days shall take no more than 30min.,"not about working, running, connecting, interfacing, or operative environment","not about working, running, connecting, interfacing, or operative environment",0.6736742258071899
The System shall allow for a minimum of  6 users to work at the same time.,"not about working, running, connecting, interfacing, or operative environment","not about working, running, connecting, interfacing, or operative environment",0.7154116034507751
The System shall utilize currently owned computer equipment.,"working, running, connecting, interfacing, or operative environment","working, running, connecting, interfacing, or operative environment",0.7025794386863708
The System shall be able to automatically backup business data and restore them on demand.,"working, running, connecting, interfacing, or operative environment","not about working, running, connecting, interfacing, or operative environment",0.6195425391197205
The System shall maintain consistent security.  Any changes in user passwords and/or permissions should take affect in all parts of the System.,"not about working, running, connecting, interfacing, or operative environment","not about working, running, connecting, interfacing, or operative environment",0.6096609234809875
The System shall granularly control access rights to all major subsystems.  It should be possible to assign access rights to all subsystems independently.,"not about working, running, connecting, interfacing, or operative environment","not about working, running, connecting, interfacing, or operative environment",0.6139736771583557
The System shall not require additional third party licenses resulting in royalty fees.,"working, running, connecting, interfacing, or operative environment","not about working, running, connecting, interfacing, or operative environment",0.645545482635498
Administrator shall be able to activate a pre-paid card via the Administration section in under 5 seconds.,"not about working, running, connecting, interfacing, or operative environment","not about working, running, connecting, interfacing, or operative environment",0.6735329627990723
 Customer shall be able to check the status of their prepaid card  by entering in the PIN number  in under 5 seconds.,"not about working, running, connecting, interfacing, or operative environment","not about working, running, connecting, interfacing, or operative environment",0.6289417147636414
System shall let customers register on the website as a “pay as you go” user in under 5 minutes.,"not about working, running, connecting, interfacing, or operative environment","not about working, running, connecting, interfacing, or operative environment",0.6755093932151794
System shall let customers register on the website as a “unlimited movie subscriber” user in under 10 minutes.,"not about working, running, connecting, interfacing, or operative environment","not about working, running, connecting, interfacing, or operative environment",0.6598954200744629
System shall let existing customers log into the website with their email address and password in under 5 seconds.,"not about working, running, connecting, interfacing, or operative environment","not about working, running, connecting, interfacing, or operative environment",0.6443551778793335
 System shall let customers cancel their account  process shall take no longer than 2 minutes.  Database will mark the account as inactive  and user will not be able to log into the website.,"not about working, running, connecting, interfacing, or operative environment","not about working, running, connecting, interfacing, or operative environment",0.5988833904266357
System shall let administrator de-activate a customer account in under 1 minute. Customer will no longer be able to access the website.,"not about working, running, connecting, interfacing, or operative environment","not about working, running, connecting, interfacing, or operative environment",0.6459526419639587
System shall let administrator add/remove movies on the website in under 5 minutes.  Entered movie information will be stored in the database and will now be available on the website.,"not about working, running, connecting, interfacing, or operative environment","not about working, running, connecting, interfacing, or operative environment",0.5796994566917419
System shall let the administrator add/remove categories on the website in under 5 minutes.,"not about working, running, connecting, interfacing, or operative environment","not about working, running, connecting, interfacing, or operative environment",0.6995116472244263
System shall let Izogn Manager access sales and usage statistics in under 2 minutes.,"not about working, running, connecting, interfacing, or operative environment","not about working, running, connecting, interfacing, or operative environment",0.677849531173706
System shall let administrators generate unique pre-paid pins in under 2 minutes and generate an Excel file with the generated PINs.,"not about working, running, connecting, interfacing, or operative environment","not about working, running, connecting, interfacing, or operative environment",0.6537126302719116
The product should be able to be used by 90% of novice users on the Internet.,"not about working, running, connecting, interfacing, or operative environment","not about working, running, connecting, interfacing, or operative environment",0.6386317014694214
 Users should only have to navigate through a maximum of 4 pages  to create an account with the website.,"not about working, running, connecting, interfacing, or operative environment","not about working, running, connecting, interfacing, or operative environment",0.6390361189842224
Users should be able to access their streaming movies in under 2 clicks after logging into the website.,"not about working, running, connecting, interfacing, or operative environment","not about working, running, connecting, interfacing, or operative environment",0.6381510496139526
An anonymous survey will show that 70% of customers are comfortable purchasing streaming movies after 2 weeks using the website.,"not about working, running, connecting, interfacing, or operative environment","not about working, running, connecting, interfacing, or operative environment",0.6724547743797302
An anonymous survey will show that 95% of customers are comfortable using and purchasing pre-paid cards after a month of using the system.,"not about working, running, connecting, interfacing, or operative environment","not about working, running, connecting, interfacing, or operative environment",0.6366606950759888
The product shall retain the customer’s buying preferences and information.,"not about working, running, connecting, interfacing, or operative environment","working, running, connecting, interfacing, or operative environment",0.7357813715934753
The product shall be easy for customers with novice skills on the  Internet to purchase and watch streaming movies.  Customers should be able to purchase and watch a pre-determined movie in under 3 minutes.,"not about working, running, connecting, interfacing, or operative environment","not about working, running, connecting, interfacing, or operative environment",0.5381816029548645
The product shall use symbols and words that are naturally understandable by users familiar with websites,"not about working, running, connecting, interfacing, or operative environment","not about working, running, connecting, interfacing, or operative environment",0.7277219891548157
The website will use standard Internet conventions when interacting with the user.,"not about working, running, connecting, interfacing, or operative environment","working, running, connecting, interfacing, or operative environment",0.6709272265434265
 Any interface between a user and the automated system shall have a maximum response time of 5 seconds  unless noted by an exception below.,"not about working, running, connecting, interfacing, or operative environment","not about working, running, connecting, interfacing, or operative environment",0.6596804261207581
 When purchasing a streaming movie or pre-paid card via credit card  the processing time should have a maximum response time of 15 seconds.,"not about working, running, connecting, interfacing, or operative environment","not about working, running, connecting, interfacing, or operative environment",0.6594544649124146
 When streaming a movie  the buffering time should take no longer than 10 seconds (plus any latency on the user’s connection.),"not about working, running, connecting, interfacing, or operative environment","not about working, running, connecting, interfacing, or operative environment",0.675362765789032
 While streaming a movie  buffering should only occur if there is latency in the user’s connection.,"not about working, running, connecting, interfacing, or operative environment","not about working, running, connecting, interfacing, or operative environment",0.6762430667877197
 All credit card information will be secured on the server  and only accessible by authorized Izogn administrators.  Information will be encrypted in the database.,"not about working, running, connecting, interfacing, or operative environment","not about working, running, connecting, interfacing, or operative environment",0.6720170378684998
All aspects of the website shall be accessed by a web browser over the Internet.,"working, running, connecting, interfacing, or operative environment","not about working, running, connecting, interfacing, or operative environment",0.7107649445533752
The same hardware supporting the current website will be used to support the new system.,"working, running, connecting, interfacing, or operative environment","not about working, running, connecting, interfacing, or operative environment",0.6385701298713684
 We must be able to interface with the following browsers: IE 5.X  6.0  Netscape 6.x  7.x  8.x and Firefox 1.0.,"working, running, connecting, interfacing, or operative environment","not about working, running, connecting, interfacing, or operative environment",0.5249080657958984
Website must interface with the CyberSource API to process credit card transactions.,"working, running, connecting, interfacing, or operative environment","not about working, running, connecting, interfacing, or operative environment",0.7165313959121704
Website must be fully operational with MSN TV2.,"working, running, connecting, interfacing, or operative environment","working, running, connecting, interfacing, or operative environment",0.6659101247787476
Movies shall be encoded and streamed via Windows Media Player 9.0.,"working, running, connecting, interfacing, or operative environment","not about working, running, connecting, interfacing, or operative environment",0.6455941200256348
Movies shall be encoded for 56k and 256k streams.,"working, running, connecting, interfacing, or operative environment","working, running, connecting, interfacing, or operative environment",0.7171915769577026
Izogn Administrator must be able to update the category listings on the website within 2 minutes.,"not about working, running, connecting, interfacing, or operative environment","not about working, running, connecting, interfacing, or operative environment",0.6667068004608154
Izogn Administrator must be able to add new products to the website within 2 minutes.,"not about working, running, connecting, interfacing, or operative environment","not about working, running, connecting, interfacing, or operative environment",0.6221350431442261
The website will provide a help section with answers and solutions to common problems.,"not about working, running, connecting, interfacing, or operative environment","not about working, running, connecting, interfacing, or operative environment",0.5863158106803894
The product shall be able to be installed in the specified environment within 1 working day.,"working, running, connecting, interfacing, or operative environment","not about working, running, connecting, interfacing, or operative environment",0.661375880241394
Only registered customers can purchase streaming movies.,"not about working, running, connecting, interfacing, or operative environment","working, running, connecting, interfacing, or operative environment",0.616760790348053
 A customer can only stream a movie if they purchased it  and are within the 2 day viewing period.,"not about working, running, connecting, interfacing, or operative environment","not about working, running, connecting, interfacing, or operative environment",0.6648678183555603
Only authorized personnel can access customer records in the database.,"not about working, running, connecting, interfacing, or operative environment","working, running, connecting, interfacing, or operative environment",0.7131626009941101
Only administrators can activate a pre-paid card.,"not about working, running, connecting, interfacing, or operative environment","working, running, connecting, interfacing, or operative environment",0.7254111766815186
Only authorized personnel can access sales information.,"not about working, running, connecting, interfacing, or operative environment","working, running, connecting, interfacing, or operative environment",0.6322123408317566
The website shall prevent its data from being corrupted when incorrect data is entered in.,"not about working, running, connecting, interfacing, or operative environment","not about working, running, connecting, interfacing, or operative environment",0.6370046138763428
 The website shall protect itself from intentional abuse  and notify the administrator at all occurrences.,"not about working, running, connecting, interfacing, or operative environment","not about working, running, connecting, interfacing, or operative environment",0.7131356596946716
Data integrity scripts will be run on a weekly basis to verify the integrity of the database.,"not about working, running, connecting, interfacing, or operative environment","not about working, running, connecting, interfacing, or operative environment",0.7090603113174438
 The website shall make its user aware of its information practices before collection data from them via a Privacy Policy  accessible on all pages of the website.,"not about working, running, connecting, interfacing, or operative environment","not about working, running, connecting, interfacing, or operative environment",0.6214879155158997
The system shall notify customers of changes to its information policy.,"not about working, running, connecting, interfacing, or operative environment","working, running, connecting, interfacing, or operative environment",0.6115129590034485
The system shall reveal private information only in compliance with the organization’s information policy.,"not about working, running, connecting, interfacing, or operative environment","not about working, running, connecting, interfacing, or operative environment",0.7019778490066528
 All customer information will be stored on a secure database  accessible only to authorized personnel.,"not about working, running, connecting, interfacing, or operative environment","not about working, running, connecting, interfacing, or operative environment",0.7270785570144653
All credit card information will be encrypted in the database.,"not about working, running, connecting, interfacing, or operative environment","working, running, connecting, interfacing, or operative environment",0.6785781979560852
The streaming server will have anti-virus software to prevent infection of malicious viruses.,"not about working, running, connecting, interfacing, or operative environment","not about working, running, connecting, interfacing, or operative environment",0.6877803802490234
The website should use Flash to provide animation on the home page.,"working, running, connecting, interfacing, or operative environment","working, running, connecting, interfacing, or operative environment",0.6410408616065979
Total lead cycle time must be completed in 5 minutes for 90% of lead volume between the business hours of 8AM CST to 8PM CST  then 3 minutes for 99% of lead volume during off business hours.,"not about working, running, connecting, interfacing, or operative environment","not about working, running, connecting, interfacing, or operative environment",0.5195593237876892
No lead evaluation will complete in a time period longer than 25 seconds for 97% of all leads processed.,"not about working, running, connecting, interfacing, or operative environment","not about working, running, connecting, interfacing, or operative environment",0.6625195145606995
For leads that process longer than 25 seconds the system will record the event and duration,"not about working, running, connecting, interfacing, or operative environment","not about working, running, connecting, interfacing, or operative environment",0.6899896264076233
The process must fit within the processing time conditions set forth by the Auto Rep Assignment process in which a lead is assigned within 3 minutes of the total life cycle.,"not about working, running, connecting, interfacing, or operative environment","not about working, running, connecting, interfacing, or operative environment",0.5964369773864746
The lead washing process will operate within the established physical web service structure.,"working, running, connecting, interfacing, or operative environment","not about working, running, connecting, interfacing, or operative environment",0.694926381111145
 The washing process must use a non binding  neutral data format  such as xml  when receiving and processing lead data.,"working, running, connecting, interfacing, or operative environment","not about working, running, connecting, interfacing, or operative environment",0.6277327537536621
The product shall able to handle a large number of games simultaneously.,"not about working, running, connecting, interfacing, or operative environment","working, running, connecting, interfacing, or operative environment",0.6180747747421265
The response time shall be fast enough to maintain the flow of the game.  The response time shall be no more than 2 seconds for 95% of responses and no more than 4% for the remaining responses.,"not about working, running, connecting, interfacing, or operative environment","not about working, running, connecting, interfacing, or operative environment",0.5448909997940063
The product shall protect the identity of the players. The product shall provide players no access to information that might reveal the identity of another player.,"not about working, running, connecting, interfacing, or operative environment","not about working, running, connecting, interfacing, or operative environment",0.637082576751709
The product shall be intuitive and self-explanatory.  Nine out ten users shall be able to successfully complete a game with no training.,"not about working, running, connecting, interfacing, or operative environment","not about working, running, connecting, interfacing, or operative environment",0.6366671919822693
 The product shall be available to players who understand English  Spanish and French.  The product shall allow the user to select the language upon accessing the product.,"not about working, running, connecting, interfacing, or operative environment","not about working, running, connecting, interfacing, or operative environment",0.6180410981178284
The product shall provide players no access to information that might reveal the identity of another player,"not about working, running, connecting, interfacing, or operative environment","not about working, running, connecting, interfacing, or operative environment",0.6820015907287598
The response time shall be fast enough to maintain the flow of the game. The response time shall be no more than 2 seconds for 95% of responses and no more than 4% for the remaining responses.,"not about working, running, connecting, interfacing, or operative environment","not about working, running, connecting, interfacing, or operative environment",0.5505273938179016
The system shall be easy to use by callers and supervisors. Callers and supervisors must be able to accomplish any system task within 2 minutes.,"not about working, running, connecting, interfacing, or operative environment","not about working, running, connecting, interfacing, or operative environment",0.5814088582992554
The system shall be easy to learn by callers and supervisors. Callers and supervisors shall learn how to use the system within 10 minutes.,"not about working, running, connecting, interfacing, or operative environment","not about working, running, connecting, interfacing, or operative environment",0.6173024773597717
 The system shall be responsive. At the DePaul TeleServices Center  when a supervisor uses the system to view a callers schedule  the system response time must be no more than 2 seconds 90% of the time and no more than 5 seconds the rest of the time.,"not about working, running, connecting, interfacing, or operative environment","not about working, running, connecting, interfacing, or operative environment",0.5356261134147644
 On a 56k connection  the system response time for all operations must be no more than 6 seconds 90% of the time.,"not about working, running, connecting, interfacing, or operative environment","not about working, running, connecting, interfacing, or operative environment",0.6217950582504272
 On a 112k connection or faster  the system response time for all operations must be no more than 3 seconds 90% of the time.,"not about working, running, connecting, interfacing, or operative environment","not about working, running, connecting, interfacing, or operative environment",0.5698906183242798
The product shall ensure that only supervisors can advertise empty time slots.The product must ensure that supervisors are allowed to access advertise empty time slots.,"not about working, running, connecting, interfacing, or operative environment","not about working, running, connecting, interfacing, or operative environment",0.6259081959724426
The product shall ensure that only supervisors can enter a caller’s schedule.The product must ensure that supervisors are allowed to access advertise empty time slots.,"not about working, running, connecting, interfacing, or operative environment","not about working, running, connecting, interfacing, or operative environment",0.6166537404060364
The product shall ensure that only supervisors can view schedule of all callers.The product must ensure that supervisors are allowed to access advertise empty time slots.,"not about working, running, connecting, interfacing, or operative environment","not about working, running, connecting, interfacing, or operative environment",0.6170168519020081
The product shall provide Monitoring Services.The product shall be easy for System Administrators and DBAs to use after two weeks of usage.,"not about working, running, connecting, interfacing, or operative environment","not about working, running, connecting, interfacing, or operative environment",0.6515029668807983
The product shall provide Error Tracking Services.The product shall help the System Administrators and DBAs to resolve transaction errors 99% of the time.,"not about working, running, connecting, interfacing, or operative environment","not about working, running, connecting, interfacing, or operative environment",0.6604756116867065
The product shall provide Portals.The product shall help System Administrators to analyze the transactions with ad-hoc reporting and KPIs (Key Performance Indicators),"not about working, running, connecting, interfacing, or operative environment","not about working, running, connecting, interfacing, or operative environment",0.6077786087989807
The product shall provide Asynchronous Messaging.The product shall provide asynchronous messaging to enable parallel processing and reduce the overhead in communications,"not about working, running, connecting, interfacing, or operative environment","not about working, running, connecting, interfacing, or operative environment",0.653817892074585
The product shall provide Multi-threading and Load Balancing.The product shall provide multi-threading technology as well as load balancing to overcome data load spikes and traffic.,"not about working, running, connecting, interfacing, or operative environment","not about working, running, connecting, interfacing, or operative environment",0.589745819568634
The product shall process messages within 2 seconds.The product shall have a maximum message processing time of 2 seconds,"not about working, running, connecting, interfacing, or operative environment","not about working, running, connecting, interfacing, or operative environment",0.7216934561729431
The product shall poll the system for messages every second.The product shall poll the system for new messages at a maximum of every 1 second.,"not about working, running, connecting, interfacing, or operative environment","not about working, running, connecting, interfacing, or operative environment",0.6257423162460327
The product shall provide Dynamic Change Support and Transparent resource addition.The product shall support Transparent Resource addition and Dynamic Change support to provide scalability and avoid service interruptions of more than 1 day.,"not about working, running, connecting, interfacing, or operative environment","not about working, running, connecting, interfacing, or operative environment",0.5500946640968323
The product shall be platform independent.The product shall enable access to any type of development environment and platform.,"working, running, connecting, interfacing, or operative environment","not about working, running, connecting, interfacing, or operative environment",0.6846469044685364
The product shall interface CSR and Datastream.The product shall exchange messages between CSR and EAM on a real time basis without any direct interfaces between two systems.,"working, running, connecting, interfacing, or operative environment","not about working, running, connecting, interfacing, or operative environment",0.6062098145484924
 The product shall have security.The product shall provide authentication  and authorization.,"not about working, running, connecting, interfacing, or operative environment","not about working, running, connecting, interfacing, or operative environment",0.6795191764831543
The product shall information Security. The product shall enable privacy by encryption WS-Security and Integrity Checking.,"not about working, running, connecting, interfacing, or operative environment","not about working, running, connecting, interfacing, or operative environment",0.675277829170227
The product shall have audit capabilities.The product shall store messages for a minimum of one year for audit and transaction tracking purposes.,"not about working, running, connecting, interfacing, or operative environment","not about working, running, connecting, interfacing, or operative environment",0.6595563888549805
The system must use a point and click interface. 100% of all selection and navigation functionality must be able to be activated/selected by either a mouse or a keyboard,"not about working, running, connecting, interfacing, or operative environment","not about working, running, connecting, interfacing, or operative environment",0.5325666069984436
The interface shall be easy to use. 90% of users should be able to successfully use the system to generate a report on their first use. The interface should adhere to IBM usability standards.,"not about working, running, connecting, interfacing, or operative environment","not about working, running, connecting, interfacing, or operative environment",0.5241424441337585
Rreports must be easy to generate. eports must be generated within one button click and exported within one button click (after selecting the report),"not about working, running, connecting, interfacing, or operative environment","not about working, running, connecting, interfacing, or operative environment",0.6128377914428711
A user shall be able to use the system without instruction after a short amount of time. After one use a user should understand and remember 90% of the system usage and navigation.,"not about working, running, connecting, interfacing, or operative environment","not about working, running, connecting, interfacing, or operative environment",0.5273274183273315
All CCR users shall receive training before the WCS system is deployed. One training session will be held for 100% of CCR users before system deployment (based on a CCR user being available),"not about working, running, connecting, interfacing, or operative environment","not about working, running, connecting, interfacing, or operative environment",0.5834068655967712
The WCS system shall use appropriate nomenclature and terminology as defined by the Corporate Community Grants organization. All interfaces and reports will undergo usability tests by CCR users.,"not about working, running, connecting, interfacing, or operative environment","not about working, running, connecting, interfacing, or operative environment",0.5861412286758423
The WCS system shall be run in a Windows environment. The WCS shall be accessed by users through the Internet on an IBM computer running a Windows 2000 or above operating system.,"working, running, connecting, interfacing, or operative environment","not about working, running, connecting, interfacing, or operative environment",0.6285454034805298
The Brio portion of the WCS system must be able to export files in spreadsheet form (Microsoft Excel and Lotus 1-2-3 formats).  Brio will provide buttons in the user interface that produce/export reports in .xls or .123 file formats.,"working, running, connecting, interfacing, or operative environment","not about working, running, connecting, interfacing, or operative environment",0.48896586894989014
The system shall only be accessed by authorized Corporate Community Grants (CCR) employees. Users must be authenticated using their IBM intranet user name and password.,"not about working, running, connecting, interfacing, or operative environment","not about working, running, connecting, interfacing, or operative environment",0.5817623138427734
The WCS system shall not allow automatic logins by any user. Cookies containing WCS login information about a user will not be stored on a user’s computer.,"not about working, running, connecting, interfacing, or operative environment","not about working, running, connecting, interfacing, or operative environment",0.6259385347366333
Each team owner will need to use a username and password in order to be authenticated to reach the team owner’s page,"not about working, running, connecting, interfacing, or operative environment","not about working, running, connecting, interfacing, or operative environment",0.6280616521835327
The Commissioner will be the only authorized user per league to adjust league settings.,"not about working, running, connecting, interfacing, or operative environment","not about working, running, connecting, interfacing, or operative environment",0.7384841442108154
;A new user shall be able to navigate through the league and team pages within 30 seconds of reaching the start-up page.,"not about working, running, connecting, interfacing, or operative environment","not about working, running, connecting, interfacing, or operative environment",0.6634361743927002
Users shall be able to reach the ‘add’  ‘drop’  and ‘trade player’ pages with one click from the team owner’s page.,"not about working, running, connecting, interfacing, or operative environment","not about working, running, connecting, interfacing, or operative environment",0.541178822517395
;Users shall be able to view at least 25 NFL player statistics and points on each page.,"not about working, running, connecting, interfacing, or operative environment","not about working, running, connecting, interfacing, or operative environment",0.6792804002761841
The application shall ask the user to confirm dropping a player or trading a player before performing the action.,"not about working, running, connecting, interfacing, or operative environment","not about working, running, connecting, interfacing, or operative environment",0.7063024640083313
The application shall be able to complete every user transaction within one fourth of a second of receiving the request over the network.,"not about working, running, connecting, interfacing, or operative environment","not about working, running, connecting, interfacing, or operative environment",0.6378936767578125
The application shall run on a web application server.,"working, running, connecting, interfacing, or operative environment","working, running, connecting, interfacing, or operative environment",0.7010699510574341
A primary database will be used to store cached data for active users.,"working, running, connecting, interfacing, or operative environment","not about working, running, connecting, interfacing, or operative environment",0.6533273458480835
A secondary database will be used to store historical statistics and data.,"working, running, connecting, interfacing, or operative environment","not about working, running, connecting, interfacing, or operative environment",0.657975435256958
98% of the user workstations shall meet the minimum hardware requirements prior to implementation. Minimum Hard Disk Space:  400MB.,"working, running, connecting, interfacing, or operative environment","not about working, running, connecting, interfacing, or operative environment",0.5835939049720764
98% of the user workstations shall meet the minimum software requirements prior to implementation: Microsoft Internet Explorer 5.0. Microsoft .NET Framework 1.1. Microsoft Internet Explorer Web Controls,"working, running, connecting, interfacing, or operative environment","not about working, running, connecting, interfacing, or operative environment",0.5408359169960022
The RFS system should be able to easily interface with the BDW environment  in order to load the data. •;7 data files shall be received from the BDW and loaded into the RFS system within 3 hours one day prior to the start of budgeting process  every year. The data will be as of October month-end. ;Test files (7) shall be loaded up to 5 times throughout the year  from the BDW.,"working, running, connecting, interfacing, or operative environment","not about working, running, connecting, interfacing, or operative environment",0.4994434416294098
Only authorized user shall access the RFS system. ONLY users that exist in the UAS system  with the RFS system assigned to their role(s)  shall access the RFS system and use it.,"not about working, running, connecting, interfacing, or operative environment","not about working, running, connecting, interfacing, or operative environment",0.5845094323158264
;User access should be limited to the permissions granted to their role(s) Each level in the PCG hierarchy will be assigned a role and users will be assigned to these roles. Access to functionality within RFS system is dependent on the privileges/permission assigned to the role..,"not about working, running, connecting, interfacing, or operative environment","not about working, running, connecting, interfacing, or operative environment",0.5354758501052856
The users should be able to easily use the system to successfully complete their budgets  within the stipulated time for completion. With a week of training prior to product implementation  98% of the users shall complete their budgets within the stipulated time.,"not about working, running, connecting, interfacing, or operative environment","not about working, running, connecting, interfacing, or operative environment",0.5541534423828125
The product interface should be fast. The response time of the product interface should not exceed 2 seconds 90% of the time. For 10% of the time  the response time should not be more than 10 seconds.not be more than 10 seconds.,"not about working, running, connecting, interfacing, or operative environment","not about working, running, connecting, interfacing, or operative environment",0.4949938654899597
