,precision,recall,f1-score,support
"environmental, organizational, coordination, systemic, or logistics",0.30275229357798167,0.532258064516129,0.3859649122807018,62.0
"not about environmental, organizational, coordination, systemic, or logistics",0.7928571428571428,0.5935828877005348,0.6788990825688074,187.0
accuracy,0.5783132530120482,0.5783132530120482,0.5783132530120482,0.5783132530120482
macro avg,0.5478047182175623,0.562920476108332,0.5324319974247546,249.0
weighted avg,0.6708230036791991,0.5783132530120482,0.6059596506095201,249.0
