Requirement text,Gold label,Predicated label,ZSL score
The system shall refresh the display every 60 seconds.,not about operational,operational,0.2858837842941284
 If projected  the data must be readable.  On a 10x10 projection screen  90% of viewers must be able to read Event / Activity data from a viewing distance of 30,not about operational,operational,0.28797098994255066
 If projected  the data must be understandable. On a 10x10 projection screen  90% of viewers must be able to determine that Events or Activities are occuring in current time from a viewing distance of 100,not about operational,operational,0.2936803996562958
The product shall ensure that it can only be accessed by authorized users.  The product will be able to distinguish between authorized and unauthorized users in all access attempts,not about operational,operational,0.1973501592874527
The product shall be intuitive and self-explanatory.  :  90% of new users shall be able to start the display of Events or Activities within 90 minutes of using the product.,not about operational,operational,0.3435000777244568
The product shall respond fast to keep up-to-date data in the display.,not about operational,operational,0.38934507966041565
The system shall be used by realtors with no training.,not about operational,not about operational,0.3408486843109131
The system shall be intuitive and self explanatory.,not about operational,operational,0.308342307806015
The product shall be easy for a realtor to learn.,not about operational,operational,0.2520962059497833
The product shall use symbols and words that are naturally understandable by the realtor community.,not about operational,operational,0.20632795989513397
The product shall produce search results in an acceptable time,not about operational,operational,0.4087386727333069
The search results shall be returned no later 30      seconds  after the user has entered the search criteria,not about operational,operational,0.17261706292629242
The product shall generate a CMA report in an acceptable time.,not about operational,operational,0.39588332176208496
The CMA report shall be returned no later 60 seconds after the user has entered the CMA report criteria.,not about operational,operational,0.19832110404968262
The product shall synchronize contacts and appointments in an acceptable time.,not about operational,operational,0.3123079836368561
The product shall synchronize with the office system every hour.,not about operational,operational,0.3480929136276245
The product shall be installed by an untrained realtor   without recourse to separately-printed instructions.,not about operational,not about operational,0.3197847306728363
90% of untrained realtors shall be able to install the product on their device without printed instructions,not about operational,not about operational,0.25569722056388855
Only registered realtors shall be able to access the system.,not about operational,not about operational,0.22779299318790436
Every user of the system shall be authenticated and authorized.,not about operational,operational,0.49375614523887634
The product shall prevent its data from incorrect data being introduced.,not about operational,operational,0.27000686526298523
The system shall be easy to use by the Program Administrators/Nursing Staff Members.,not about operational,operational,0.3282596170902252
All of the users shall be able to use the system after one day of training.,not about operational,operational,0.32368895411491394
The system shall help the user avoid making mistakes while scheduling classes and clinicals for the nursing students.,not about operational,not about operational,0.13034206628799438
The number of mistakes noted by the students shall be decreased by 50% in the first year.,not about operational,not about operational,-0.04866091161966324
The system shall be intuitive to the Program Administrators/Nursing Staff Members.,not about operational,operational,0.3158484995365143
2 out of 3 Program Administrators/Nursing Staff Members shall successfully be able to use the system to manage the scheduling of classes and clinicals.,not about operational,operational,0.23009687662124634
The system shall use symbols and words that are naturally understandable by the user community.,not about operational,operational,0.21685059368610382
The verbiage used within the system shall be consistent with Standard English and the terminology of the national Nursing Community.,not about operational,operational,0.2812598645687103
Staff members shall be able to complete a set of tasks in a timely manner.,not about operational,operational,0.5225119590759277
The response time of general student management tasks shall take no longer than 5 seconds and the response time of schedule generation shall take no longer than 30 seconds.,not about operational,not about operational,0.07895314693450928
The system shall able to operate within a business office environment typical of the Nursing Department at DePaul University.,operational,operational,0.32361772656440735
The system shall be used within the specifications defined by the computers used by the Program Administrators/Nursing Staff Members.,operational,operational,0.32005974650382996
The system shall operate within the Windows XP Professional operating system.,operational,operational,0.46750006079673767
The system shall interface with CampusConnect’s central server,operational,operational,0.3283376097679138
The system shall interface with the faculty central server.,operational,operational,0.26801246404647827
The system shall interface with the student master server.,operational,operational,0.18551474809646606
We must be able to interface with any HTML browser.,operational,operational,0.22013632953166962
Only authorized users shall have access to clinical site information.,not about operational,not about operational,0.19204436242580414
Program Administrators/Nursing Staff Members are the only people who shall have access to clinical site details.,not about operational,operational,0.17632538080215454
Only authorized users shall have access to students’ personal information.,not about operational,not about operational,0.09922060370445251
Dr Susan Poslusny and Dr Julie Donalek are the only people who shall have access to students’ personal information.,not about operational,not about operational,0.12810057401657104
Only authorized users shall have access to the portion of the system that interfaces with CampusConnect.,not about operational,not about operational,0.2646825313568115
Fit Criterion: Dr Susan Poslusny and Karen Sysol are the only people who shall have access to the final class section scheduling for the system that interfaces with CampusConnect.,not about operational,operational,0.13172262907028198
The system shall have basic data integrity checking to reduce the possibility of incorrect or invalid data being introduced.,not about operational,operational,0.22437424957752228
The system shall protect private information in accordance with the organization’s information policy.,not about operational,operational,0.19488728046417236
The system shall be built such that it is as secure as possible from malicious interference.,not about operational,operational,0.23455911874771118
The system shall use the organization’s standard virus protection software to help monitor threats to itself.,not about operational,operational,0.15720698237419128
The list of dispute cases that are displayed after a search is performed must be color coded for easy identification of dispute cases based upon the dispute case status.,not about operational,operational,0.08212769776582718
100% of the cardmember and merchant services representatives shall use the Disputes application regularly after a 2-day training course.,not about operational,operational,0.15017756819725037
100% of cardmember services representatives shall be able to successfully create a dispute case on the first encounter after completing the training course.,not about operational,operational,0.2870140075683594
100% of merchant services representatives shall be able to successfully perform a follow up action on a dispute case on the first encounter after completing the training course.,not about operational,operational,0.22478199005126953
The maximum wait time for a user navigating from one screen to another within the Disputes application shall be no more than 5 seconds.,not about operational,not about operational,0.10924803465604782
The Disputes application shall support 350 concurrent users without any degradation of performance in the application.,not about operational,operational,0.193116694688797
 The Disputes application shall be available 24x7x365  with the exception of the following scheduled maintenance windows.  Monday – Saturday 3:00am to 4:00am EST Sunday 1:00amd to 5:00am EST,operational,operational,0.15721532702445984
The Disputes application shall interface with the Statement Database. The Statement Database provides the transaction details to the Disputes System. All transaction details must be obtained from the Statement Database,operational,operational,0.2400239109992981
The Disputes application shall interface with the Cardmember Information Database.  The Cardmember Information Database provides detailed information with regard to a cardmember.  All cardmember detail information must be obtained from the Cardmember Information Database.,operational,operational,0.192043736577034
The Disputes applications shall interface with the Merchant Information Database.  The Merchant Information Database provides detailed information with regard to the merchant. All merchant detail information shall be obtained from the Merchant Information Database.,operational,operational,0.07067976146936417
The Disputes application shall interface with the Letters application.  This will allow the Disputes application to request letters as part of the dispute initiation and dispute follow up process. All letter requests must be sent to the Print Letter Utility application.,operational,operational,0.14891833066940308
The Disputes application shall interface with the Cardmember Posting and Billing System.  This will allow the Disputes application to request adjustments to cardmember and merchant’s accounts. All adjustment requests must be sent to the Cardmember Posting and Billing System.,operational,operational,0.10773970186710358
The Disputes application shall ensure that only users with the appropriate access level are allowed to initiate dispute requests.,not about operational,not about operational,0.18147939443588257
Only users with Update access must be able to initiate dispute requests.,not about operational,not about operational,0.23991233110427856
The Disputes application shall ensure that only authorized users are allowed to logon to the application.,not about operational,not about operational,0.14478249847888947
 All authorized users  once authenticated must be able to logon to the Disputes System,not about operational,operational,0.3013511896133423
The Disputes System shall generate a User Report that details any new users that have been added and any changes to an existing user’s access level.  The report will be reviewed for auditing purposes.,not about operational,operational,0.21503287553787231
All additions of new users and modifications to user’s access shall be recorded on the User Report.,not about operational,operational,0.2702367901802063
 If a user account is revoked  it can only be re-instantiated by the System Administrator.,not about operational,not about operational,0.2617039382457733
Only the System Administrator shall be able to reset a revoked user logon account,not about operational,not about operational,0.14707627892494202
The Disputes application shall manipulate and view business data. Users will not have direct access to data files or databases.,not about operational,not about operational,0.24117298424243927
All updates to data files or database must be initiated from the Disputes System.,not about operational,operational,0.2651766240596771
The product must support Internet Explorer 5.5 and above.,operational,operational,0.08995170891284943
The product must support Mozilla Firefox 1.0 and above.,operational,operational,0.14207956194877625
The product shall interface with the Choice Parts System.  This provides the feed of recycled parts data.,operational,operational,0.1681247502565384
The product shall run on the existing hardware for all environments.,operational,operational,0.4188145697116852
The product shall adhere to the corporate Architecture guidelines,operational,operational,0.35015371441841125
The product shall be easy to use by Adjusters and Collision Estimators.  95% of Adjusters and Collision Estimators shall find the product easy to use.,not about operational,operational,0.29265096783638
The product shall increase productivity of Collision Estimators. 80% of the Collision Estimators shall agree their productivity has increase within 1 month of using the product.,not about operational,operational,0.17494216561317444
Users shall feel satisfied using the product.  85% of all users will be satisfied with the product.,not about operational,operational,0.21203941106796265
The product shall be easy to learn by Adjusters and Collision Estimators.  The product shall be learned with two days onsite training,not about operational,operational,0.2291528880596161
The user shall easily locate instructions while using the product.  User help can be found within 90% of the system.,not about operational,operational,0.3818078637123108
The search for recycled parts shall take no longer than 15 seconds.  The search results shall be returned in under 15 seconds.,not about operational,operational,0.13020393252372742
The search for the preferred repair facility shall take no longer than 8 seconds.  The preferred repair facility is returned within 8 seconds,not about operational,operational,0.19523701071739197
The recycled parts audit report shall be returned to the user within 10 seconds.  The audit report shall be returned within 10 seconds.,not about operational,operational,0.18034623563289642
The preferred repair facility ratings shall be saved within 5 seconds. The save shall occur within 5 seconds.,not about operational,operational,0.042562443763017654
 For estimators  the product shall be able to be operated in a repair facility during dirty and noisy conditions.,operational,operational,0.3342810273170471
The product shall interface with the ChoiceParts system once per day at approximately 1:00 AM.,operational,operational,0.28029510378837585
The maintenance of the product will fall within the established corporate maintenance windows.,operational,operational,0.46601396799087524
The product shall be supported using the corporate support center.,operational,operational,0.37455251812934875
Product installations and upgrades shall be handled by the middleware technology team within established launch time frames.,operational,operational,0.334573358297348
Only adjusters can request recycled parts audit reports. No users without an adjuster role shall request recycled parts audits.,not about operational,not about operational,0.23615899682044983
Only adjusters with a supervisor role can update preferred repair facility ratings. Users without the supervisor role cannot access the repair facility ratings.,not about operational,not about operational,0.2986195981502533
Only collision estimators shall search for recycled parts.  Users without the collision estimator role shall not have access to the search for recycled parts.,not about operational,not about operational,0.221559077501297
Only valid data shall be entered into the system.  No invalid data shall be entered into the system.,not about operational,not about operational,0.26851052045822144
One insurance company shall not be able to view another insurance companys claim data.,not about operational,not about operational,0.2790266275405884
The product shall free of computer viruses.,not about operational,not about operational,0.11290857195854187
The system shall prevent malicious attacks including denial of service.,not about operational,not about operational,0.19869928061962128
 The product must work with most database management systems (DBMS) on the market  whether the DBMS is colocated with the product on the same machine or is located on a different machine on the computer network.,operational,operational,0.17150649428367615
The product will function alongside server software on any operating system where the Java runtime can be installed.,operational,operational,0.2602623999118805
The product will require collaboration with a database management system (DBMS).  The DBMS may be located on the same machine as the product or on a separate machine residing on the same computer network.,operational,operational,0.14385312795639038
 The product must make use of web/application server technology.  Open source examples include Apache web server  Tomcat  and the JBoss application server.,operational,operational,0.2214292734861374
 A database management system such as Oracle  DB2  MySql or HSQL will need to be integrated with the product.,operational,operational,0.2714901566505432
The product shall make the users want to use it. 80% of the users surveyed report they are regularly using the product after the first 2 weeks post-launch.,not about operational,operational,0.1886196881532669
The product shall be easy to use. 90% of users will be able to successfully reserve a conference room within 5 minutes of product use.,not about operational,operational,0.15895038843154907
The product shall give users feedback when necessary. 80% of the users surveyed report that the product accurately confirms their actions.,not about operational,operational,0.3331974148750305
The product shall allow the user to select a chosen language from one of the target market countries.,not about operational,operational,0.15453527867794037
The product shall allow for customization of start page and views preferences.,not about operational,operational,0.2278764694929123
 An employee will be able to successfully use the product within a few minutes.  After informally navigating the product for less than 15 minutes  users shall be able to successfully setup meetings and reserve conference rooms.,not about operational,operational,0.2158132791519165
The product shall use a standard navigation menu familiar to most web users.,not about operational,operational,0.2542472183704376
The product shall allow for intuitive searching of available conference rooms.,not about operational,operational,0.3199138045310974
The product shall conform to the Americans with Disabilities Act.,not about operational,operational,0.23962165415287018
The response shall be fast enough to avoid interrupting the user’s flow of thought.  90% of tasks shall complete within 5 seconds.  98% of tasks shall complete within 8 seconds.,not about operational,operational,0.2230127453804016
The product shall be used in office environments.,operational,operational,0.4183621108531952
The product must be able to interface with any HTML browser.  The product shall transmit data between the user and the product without problems. The product shall display HTML properly in 80% of all HTML browsers tested (minimum is to test 8 browsers).,operational,operational,0.24372106790542603
The product must be able to interface with various database management systems. The product shall communicate successfully with the database management system on 100% of all transactions.,operational,operational,0.33705705404281616
The product must be able to interface with various email servers. The product shall be able to send email.,operational,operational,0.2139662206172943
The product shall be available for distribution via the Internet as a binary or ZIP file.,operational,operational,0.11878101527690887
The product shall be available for distribution as a packaged CD.,operational,operational,0.2278635948896408
 The product will be available for licensing as a one-server  two-five servers  or five-or-more servers license.,operational,operational,0.18524174392223358
A new user must be able to be added to the system within 10 minutes.  90% of new users are able to log into the system within 10 minutes.,not about operational,operational,0.20305576920509338
Every registered user will have access to the product’s support site via the Internet.  70% of registered users shall find a solution to their problem within 5 minutes of using the support site.,not about operational,operational,0.08463180810213089
 The product shall be translated into foreign languages other than the target market countries’ languages in future releases.  For each emerging target market  it shall take no more than 5 days to configure the product for that market’s language.,not about operational,operational,0.0052728732116520405
 The product is expected to integrate with multiple database management systems.  The product will operate with Oracle  SQL Server  DB2  MySQL  HSQL  and MS Access.,operational,operational,0.2903243601322174
The product shall be able to be installed in any operating environment within 2 days.,operational,operational,0.36337268352508545
The product shall ensure that only company employees or external users with company-approved user IDs may have product access.  100% of all logons shall be by either company employees or external users with company-approved user IDs.,not about operational,operational,0.18315985798835754
Only managers are able to perform search queries for reservations by user.  100% of all search queries for reservations by user shall be from logons of only management logons.,not about operational,not about operational,0.16571637988090515
The product shall ensure that the database’s data corresponds to the data entered by the user.  Each conference room reservation in the system will contain the same information as was entered by the user.,not about operational,operational,0.23762953281402588
The product shall prevent the input of malicious data.  The product and/or adjacent hardware/software systems’ data shall remain 100% uncorrupted each time malicious data is input into the product.,not about operational,operational,0.21228300034999847
The product shall have the ability to receive automatic software updates as new threats emerge.  100% of customers will be able to receive automatic software updates transmitted to the installed product.,not about operational,operational,0.3353005349636078
The product shall be able to display calendar dates and times according to the user’s locale.  90% of survey respondents from each target market country will find that the date and time formatting of the product is correct.,not about operational,operational,0.26143354177474976
The product must be developed with the J2SE/J2EE programming language libraries,operational,operational,0.1687995195388794
Recreation of Inventory Quantity Adjustment for the period of previous 30 days shall take no more than 30min.,not about operational,operational,0.218054860830307
The System shall allow for a minimum of  6 users to work at the same time.,not about operational,operational,0.32141828536987305
The System shall utilize currently owned computer equipment.,operational,operational,0.4581942856311798
The System shall be able to automatically backup business data and restore them on demand.,operational,operational,0.29433056712150574
The System shall maintain consistent security.  Any changes in user passwords and/or permissions should take affect in all parts of the System.,not about operational,operational,0.28491607308387756
The System shall granularly control access rights to all major subsystems.  It should be possible to assign access rights to all subsystems independently.,not about operational,operational,0.2586396336555481
The System shall not require additional third party licenses resulting in royalty fees.,operational,not about operational,0.27664172649383545
Administrator shall be able to activate a pre-paid card via the Administration section in under 5 seconds.,not about operational,operational,0.1754046380519867
 Customer shall be able to check the status of their prepaid card  by entering in the PIN number  in under 5 seconds.,not about operational,operational,0.02967970445752144
System shall let customers register on the website as a “pay as you go” user in under 5 minutes.,not about operational,operational,-0.005861304700374603
System shall let customers register on the website as a “unlimited movie subscriber” user in under 10 minutes.,not about operational,operational,0.13181103765964508
System shall let existing customers log into the website with their email address and password in under 5 seconds.,not about operational,operational,0.016456007957458496
 System shall let customers cancel their account  process shall take no longer than 2 minutes.  Database will mark the account as inactive  and user will not be able to log into the website.,not about operational,not about operational,0.18829026818275452
System shall let administrator de-activate a customer account in under 1 minute. Customer will no longer be able to access the website.,not about operational,operational,0.1528628021478653
System shall let administrator add/remove movies on the website in under 5 minutes.  Entered movie information will be stored in the database and will now be available on the website.,not about operational,operational,0.02726396918296814
System shall let the administrator add/remove categories on the website in under 5 minutes.,not about operational,operational,0.04066121578216553
System shall let Izogn Manager access sales and usage statistics in under 2 minutes.,not about operational,operational,0.1484883725643158
System shall let administrators generate unique pre-paid pins in under 2 minutes and generate an Excel file with the generated PINs.,not about operational,operational,0.13687334954738617
The product should be able to be used by 90% of novice users on the Internet.,not about operational,operational,0.17169663310050964
 Users should only have to navigate through a maximum of 4 pages  to create an account with the website.,not about operational,not about operational,0.10047450661659241
Users should be able to access their streaming movies in under 2 clicks after logging into the website.,not about operational,operational,0.06543760001659393
An anonymous survey will show that 70% of customers are comfortable purchasing streaming movies after 2 weeks using the website.,not about operational,operational,-0.009442484006285667
An anonymous survey will show that 95% of customers are comfortable using and purchasing pre-paid cards after a month of using the system.,not about operational,operational,0.05465763434767723
The product shall retain the customer’s buying preferences and information.,not about operational,operational,0.1531214565038681
The product shall be easy for customers with novice skills on the  Internet to purchase and watch streaming movies.  Customers should be able to purchase and watch a pre-determined movie in under 3 minutes.,not about operational,operational,0.06381070613861084
The product shall use symbols and words that are naturally understandable by users familiar with websites,not about operational,operational,0.2210739105939865
The website will use standard Internet conventions when interacting with the user.,not about operational,operational,0.2332334816455841
 Any interface between a user and the automated system shall have a maximum response time of 5 seconds  unless noted by an exception below.,not about operational,not about operational,0.12319035828113556
 When purchasing a streaming movie or pre-paid card via credit card  the processing time should have a maximum response time of 15 seconds.,not about operational,operational,0.06029296666383743
 When streaming a movie  the buffering time should take no longer than 10 seconds (plus any latency on the user’s connection.),not about operational,not about operational,0.1251530796289444
 While streaming a movie  buffering should only occur if there is latency in the user’s connection.,not about operational,not about operational,0.2013324350118637
 All credit card information will be secured on the server  and only accessible by authorized Izogn administrators.  Information will be encrypted in the database.,not about operational,operational,0.1433277428150177
All aspects of the website shall be accessed by a web browser over the Internet.,operational,operational,0.14682471752166748
The same hardware supporting the current website will be used to support the new system.,operational,operational,0.2977966368198395
 We must be able to interface with the following browsers: IE 5.X  6.0  Netscape 6.x  7.x  8.x and Firefox 1.0.,operational,operational,0.16869843006134033
Website must interface with the CyberSource API to process credit card transactions.,operational,operational,0.14069253206253052
Website must be fully operational with MSN TV2.,operational,operational,0.42040276527404785
Movies shall be encoded and streamed via Windows Media Player 9.0.,operational,operational,0.16764476895332336
Movies shall be encoded for 56k and 256k streams.,operational,operational,0.045879412442445755
Izogn Administrator must be able to update the category listings on the website within 2 minutes.,not about operational,operational,0.16118644177913666
Izogn Administrator must be able to add new products to the website within 2 minutes.,not about operational,operational,0.09977752715349197
The website will provide a help section with answers and solutions to common problems.,not about operational,operational,0.12001600861549377
The product shall be able to be installed in the specified environment within 1 working day.,operational,operational,0.40627172589302063
Only registered customers can purchase streaming movies.,not about operational,not about operational,0.13921938836574554
 A customer can only stream a movie if they purchased it  and are within the 2 day viewing period.,not about operational,not about operational,0.0437764972448349
Only authorized personnel can access customer records in the database.,not about operational,not about operational,0.26020070910453796
Only administrators can activate a pre-paid card.,not about operational,not about operational,0.23555965721607208
Only authorized personnel can access sales information.,not about operational,not about operational,0.2756463289260864
The website shall prevent its data from being corrupted when incorrect data is entered in.,not about operational,not about operational,0.2003147453069687
 The website shall protect itself from intentional abuse  and notify the administrator at all occurrences.,not about operational,not about operational,0.19611579179763794
Data integrity scripts will be run on a weekly basis to verify the integrity of the database.,not about operational,operational,0.21837188303470612
 The website shall make its user aware of its information practices before collection data from them via a Privacy Policy  accessible on all pages of the website.,not about operational,operational,0.14173521101474762
The system shall notify customers of changes to its information policy.,not about operational,not about operational,0.3573569655418396
The system shall reveal private information only in compliance with the organization’s information policy.,not about operational,not about operational,0.26581478118896484
 All customer information will be stored on a secure database  accessible only to authorized personnel.,not about operational,operational,0.2797539234161377
All credit card information will be encrypted in the database.,not about operational,operational,0.18181639909744263
The streaming server will have anti-virus software to prevent infection of malicious viruses.,not about operational,operational,0.02362167462706566
The website should use Flash to provide animation on the home page.,operational,operational,0.04522554203867912
Total lead cycle time must be completed in 5 minutes for 90% of lead volume between the business hours of 8AM CST to 8PM CST  then 3 minutes for 99% of lead volume during off business hours.,not about operational,operational,0.02340131811797619
No lead evaluation will complete in a time period longer than 25 seconds for 97% of all leads processed.,not about operational,not about operational,0.07634758204221725
For leads that process longer than 25 seconds the system will record the event and duration,not about operational,operational,0.20894354581832886
The process must fit within the processing time conditions set forth by the Auto Rep Assignment process in which a lead is assigned within 3 minutes of the total life cycle.,not about operational,operational,0.28736916184425354
The lead washing process will operate within the established physical web service structure.,operational,operational,0.2133418172597885
 The washing process must use a non binding  neutral data format  such as xml  when receiving and processing lead data.,operational,not about operational,0.09222210198640823
The product shall able to handle a large number of games simultaneously.,not about operational,operational,0.3419806957244873
The response time shall be fast enough to maintain the flow of the game.  The response time shall be no more than 2 seconds for 95% of responses and no more than 4% for the remaining responses.,not about operational,operational,0.22481824457645416
The product shall protect the identity of the players. The product shall provide players no access to information that might reveal the identity of another player.,not about operational,not about operational,0.20419491827487946
The product shall be intuitive and self-explanatory.  Nine out ten users shall be able to successfully complete a game with no training.,not about operational,not about operational,0.23395653069019318
 The product shall be available to players who understand English  Spanish and French.  The product shall allow the user to select the language upon accessing the product.,not about operational,operational,0.06869375705718994
The product shall provide players no access to information that might reveal the identity of another player,not about operational,not about operational,0.3846983313560486
The response time shall be fast enough to maintain the flow of the game. The response time shall be no more than 2 seconds for 95% of responses and no more than 4% for the remaining responses.,not about operational,operational,0.22481824457645416
The system shall be easy to use by callers and supervisors. Callers and supervisors must be able to accomplish any system task within 2 minutes.,not about operational,operational,0.3010006546974182
The system shall be easy to learn by callers and supervisors. Callers and supervisors shall learn how to use the system within 10 minutes.,not about operational,operational,0.23215351998806
 The system shall be responsive. At the DePaul TeleServices Center  when a supervisor uses the system to view a callers schedule  the system response time must be no more than 2 seconds 90% of the time and no more than 5 seconds the rest of the time.,not about operational,operational,0.23598913848400116
 On a 56k connection  the system response time for all operations must be no more than 6 seconds 90% of the time.,not about operational,operational,0.15323247015476227
 On a 112k connection or faster  the system response time for all operations must be no more than 3 seconds 90% of the time.,not about operational,operational,0.17986446619033813
The product shall ensure that only supervisors can advertise empty time slots.The product must ensure that supervisors are allowed to access advertise empty time slots.,not about operational,not about operational,0.25958451628685
The product shall ensure that only supervisors can enter a caller’s schedule.The product must ensure that supervisors are allowed to access advertise empty time slots.,not about operational,not about operational,0.2798837125301361
The product shall ensure that only supervisors can view schedule of all callers.The product must ensure that supervisors are allowed to access advertise empty time slots.,not about operational,not about operational,0.25836440920829773
The product shall provide Monitoring Services.The product shall be easy for System Administrators and DBAs to use after two weeks of usage.,not about operational,operational,0.3030700981616974
The product shall provide Error Tracking Services.The product shall help the System Administrators and DBAs to resolve transaction errors 99% of the time.,not about operational,operational,0.20341062545776367
The product shall provide Portals.The product shall help System Administrators to analyze the transactions with ad-hoc reporting and KPIs (Key Performance Indicators),not about operational,operational,0.28399959206581116
The product shall provide Asynchronous Messaging.The product shall provide asynchronous messaging to enable parallel processing and reduce the overhead in communications,not about operational,operational,0.1735784411430359
The product shall provide Multi-threading and Load Balancing.The product shall provide multi-threading technology as well as load balancing to overcome data load spikes and traffic.,not about operational,operational,0.26373791694641113
The product shall process messages within 2 seconds.The product shall have a maximum message processing time of 2 seconds,not about operational,operational,0.20537005364894867
The product shall poll the system for messages every second.The product shall poll the system for new messages at a maximum of every 1 second.,not about operational,operational,0.13193491101264954
The product shall provide Dynamic Change Support and Transparent resource addition.The product shall support Transparent Resource addition and Dynamic Change support to provide scalability and avoid service interruptions of more than 1 day.,not about operational,operational,0.38519638776779175
The product shall be platform independent.The product shall enable access to any type of development environment and platform.,operational,operational,0.3753076493740082
The product shall interface CSR and Datastream.The product shall exchange messages between CSR and EAM on a real time basis without any direct interfaces between two systems.,operational,not about operational,0.326122909784317
 The product shall have security.The product shall provide authentication  and authorization.,not about operational,operational,0.31903716921806335
The product shall information Security. The product shall enable privacy by encryption WS-Security and Integrity Checking.,not about operational,operational,0.20073649287223816
The product shall have audit capabilities.The product shall store messages for a minimum of one year for audit and transaction tracking purposes.,not about operational,operational,0.33199089765548706
The system must use a point and click interface. 100% of all selection and navigation functionality must be able to be activated/selected by either a mouse or a keyboard,not about operational,operational,0.2611539959907532
The interface shall be easy to use. 90% of users should be able to successfully use the system to generate a report on their first use. The interface should adhere to IBM usability standards.,not about operational,operational,0.3393227458000183
Rreports must be easy to generate. eports must be generated within one button click and exported within one button click (after selecting the report),not about operational,operational,0.2952813506126404
A user shall be able to use the system without instruction after a short amount of time. After one use a user should understand and remember 90% of the system usage and navigation.,not about operational,operational,0.26774725317955017
All CCR users shall receive training before the WCS system is deployed. One training session will be held for 100% of CCR users before system deployment (based on a CCR user being available),not about operational,operational,0.24173325300216675
The WCS system shall use appropriate nomenclature and terminology as defined by the Corporate Community Grants organization. All interfaces and reports will undergo usability tests by CCR users.,not about operational,operational,0.2332455813884735
The WCS system shall be run in a Windows environment. The WCS shall be accessed by users through the Internet on an IBM computer running a Windows 2000 or above operating system.,operational,operational,0.18371698260307312
The Brio portion of the WCS system must be able to export files in spreadsheet form (Microsoft Excel and Lotus 1-2-3 formats).  Brio will provide buttons in the user interface that produce/export reports in .xls or .123 file formats.,operational,operational,0.13863758742809296
The system shall only be accessed by authorized Corporate Community Grants (CCR) employees. Users must be authenticated using their IBM intranet user name and password.,not about operational,not about operational,0.1772661656141281
The WCS system shall not allow automatic logins by any user. Cookies containing WCS login information about a user will not be stored on a user’s computer.,not about operational,not about operational,0.3259478807449341
Each team owner will need to use a username and password in order to be authenticated to reach the team owner’s page,not about operational,operational,0.1208995133638382
The Commissioner will be the only authorized user per league to adjust league settings.,not about operational,not about operational,0.12196620553731918
;A new user shall be able to navigate through the league and team pages within 30 seconds of reaching the start-up page.,not about operational,operational,0.14763423800468445
Users shall be able to reach the ‘add’  ‘drop’  and ‘trade player’ pages with one click from the team owner’s page.,not about operational,operational,0.1480083167552948
;Users shall be able to view at least 25 NFL player statistics and points on each page.,not about operational,operational,0.12327638268470764
The application shall ask the user to confirm dropping a player or trading a player before performing the action.,not about operational,not about operational,0.091371551156044
The application shall be able to complete every user transaction within one fourth of a second of receiving the request over the network.,not about operational,operational,0.29868489503860474
The application shall run on a web application server.,operational,operational,0.19217059016227722
A primary database will be used to store cached data for active users.,operational,operational,0.31947487592697144
A secondary database will be used to store historical statistics and data.,operational,operational,0.11794763058423996
98% of the user workstations shall meet the minimum hardware requirements prior to implementation. Minimum Hard Disk Space:  400MB.,operational,operational,0.21746627986431122
98% of the user workstations shall meet the minimum software requirements prior to implementation: Microsoft Internet Explorer 5.0. Microsoft .NET Framework 1.1. Microsoft Internet Explorer Web Controls,operational,operational,0.22410458326339722
The RFS system should be able to easily interface with the BDW environment  in order to load the data. •;7 data files shall be received from the BDW and loaded into the RFS system within 3 hours one day prior to the start of budgeting process  every year. The data will be as of October month-end. ;Test files (7) shall be loaded up to 5 times throughout the year  from the BDW.,operational,operational,0.2181016504764557
Only authorized user shall access the RFS system. ONLY users that exist in the UAS system  with the RFS system assigned to their role(s)  shall access the RFS system and use it.,not about operational,operational,0.2945578396320343
;User access should be limited to the permissions granted to their role(s) Each level in the PCG hierarchy will be assigned a role and users will be assigned to these roles. Access to functionality within RFS system is dependent on the privileges/permission assigned to the role..,not about operational,not about operational,0.2548077404499054
The users should be able to easily use the system to successfully complete their budgets  within the stipulated time for completion. With a week of training prior to product implementation  98% of the users shall complete their budgets within the stipulated time.,not about operational,operational,0.31638506054878235
The product interface should be fast. The response time of the product interface should not exceed 2 seconds 90% of the time. For 10% of the time  the response time should not be more than 10 seconds.not be more than 10 seconds.,not about operational,operational,0.1419815868139267
