Requirement text,Gold label,Predicated label,ZSL score
The system shall refresh the display every 60 seconds.,"not about environmental, organizational, coordination, systemic, or logistics","environmental, organizational, coordination, systemic, or logistics",0.08491624891757965
 If projected  the data must be readable.  On a 10x10 projection screen  90% of viewers must be able to read Event / Activity data from a viewing distance of 30,"not about environmental, organizational, coordination, systemic, or logistics","environmental, organizational, coordination, systemic, or logistics",0.18059179186820984
 If projected  the data must be understandable. On a 10x10 projection screen  90% of viewers must be able to determine that Events or Activities are occuring in current time from a viewing distance of 100,"not about environmental, organizational, coordination, systemic, or logistics","environmental, organizational, coordination, systemic, or logistics",0.24088534712791443
The product shall ensure that it can only be accessed by authorized users.  The product will be able to distinguish between authorized and unauthorized users in all access attempts,"not about environmental, organizational, coordination, systemic, or logistics","environmental, organizational, coordination, systemic, or logistics",0.21637266874313354
The product shall be intuitive and self-explanatory.  :  90% of new users shall be able to start the display of Events or Activities within 90 minutes of using the product.,"not about environmental, organizational, coordination, systemic, or logistics","environmental, organizational, coordination, systemic, or logistics",0.18701252341270447
The product shall respond fast to keep up-to-date data in the display.,"not about environmental, organizational, coordination, systemic, or logistics","environmental, organizational, coordination, systemic, or logistics",0.24129268527030945
The system shall be used by realtors with no training.,"not about environmental, organizational, coordination, systemic, or logistics","not about environmental, organizational, coordination, systemic, or logistics",0.18912941217422485
The system shall be intuitive and self explanatory.,"not about environmental, organizational, coordination, systemic, or logistics","environmental, organizational, coordination, systemic, or logistics",0.2414943277835846
The product shall be easy for a realtor to learn.,"not about environmental, organizational, coordination, systemic, or logistics","environmental, organizational, coordination, systemic, or logistics",0.12784865498542786
The product shall use symbols and words that are naturally understandable by the realtor community.,"not about environmental, organizational, coordination, systemic, or logistics","environmental, organizational, coordination, systemic, or logistics",0.1830846071243286
The product shall produce search results in an acceptable time,"not about environmental, organizational, coordination, systemic, or logistics","environmental, organizational, coordination, systemic, or logistics",0.3135698437690735
The search results shall be returned no later 30      seconds  after the user has entered the search criteria,"not about environmental, organizational, coordination, systemic, or logistics","environmental, organizational, coordination, systemic, or logistics",0.032410260289907455
The product shall generate a CMA report in an acceptable time.,"not about environmental, organizational, coordination, systemic, or logistics","environmental, organizational, coordination, systemic, or logistics",0.34827449917793274
The CMA report shall be returned no later 60 seconds after the user has entered the CMA report criteria.,"not about environmental, organizational, coordination, systemic, or logistics","environmental, organizational, coordination, systemic, or logistics",0.13730132579803467
The product shall synchronize contacts and appointments in an acceptable time.,"not about environmental, organizational, coordination, systemic, or logistics","environmental, organizational, coordination, systemic, or logistics",0.20166072249412537
The product shall synchronize with the office system every hour.,"not about environmental, organizational, coordination, systemic, or logistics","environmental, organizational, coordination, systemic, or logistics",0.12229380011558533
The product shall be installed by an untrained realtor   without recourse to separately-printed instructions.,"not about environmental, organizational, coordination, systemic, or logistics","not about environmental, organizational, coordination, systemic, or logistics",0.25780168175697327
90% of untrained realtors shall be able to install the product on their device without printed instructions,"not about environmental, organizational, coordination, systemic, or logistics","not about environmental, organizational, coordination, systemic, or logistics",0.22114810347557068
Only registered realtors shall be able to access the system.,"not about environmental, organizational, coordination, systemic, or logistics","not about environmental, organizational, coordination, systemic, or logistics",0.143437460064888
Every user of the system shall be authenticated and authorized.,"not about environmental, organizational, coordination, systemic, or logistics","environmental, organizational, coordination, systemic, or logistics",0.20351777970790863
The product shall prevent its data from incorrect data being introduced.,"not about environmental, organizational, coordination, systemic, or logistics","environmental, organizational, coordination, systemic, or logistics",0.3345435857772827
The system shall be easy to use by the Program Administrators/Nursing Staff Members.,"not about environmental, organizational, coordination, systemic, or logistics","not about environmental, organizational, coordination, systemic, or logistics",0.20701797306537628
All of the users shall be able to use the system after one day of training.,"not about environmental, organizational, coordination, systemic, or logistics","environmental, organizational, coordination, systemic, or logistics",0.054557785391807556
The system shall help the user avoid making mistakes while scheduling classes and clinicals for the nursing students.,"not about environmental, organizational, coordination, systemic, or logistics","not about environmental, organizational, coordination, systemic, or logistics",0.05133770406246185
The number of mistakes noted by the students shall be decreased by 50% in the first year.,"not about environmental, organizational, coordination, systemic, or logistics","not about environmental, organizational, coordination, systemic, or logistics",-0.0745932087302208
The system shall be intuitive to the Program Administrators/Nursing Staff Members.,"not about environmental, organizational, coordination, systemic, or logistics","environmental, organizational, coordination, systemic, or logistics",0.16844689846038818
2 out of 3 Program Administrators/Nursing Staff Members shall successfully be able to use the system to manage the scheduling of classes and clinicals.,"not about environmental, organizational, coordination, systemic, or logistics","environmental, organizational, coordination, systemic, or logistics",0.14671963453292847
The system shall use symbols and words that are naturally understandable by the user community.,"not about environmental, organizational, coordination, systemic, or logistics","environmental, organizational, coordination, systemic, or logistics",0.19012312591075897
The verbiage used within the system shall be consistent with Standard English and the terminology of the national Nursing Community.,"not about environmental, organizational, coordination, systemic, or logistics","environmental, organizational, coordination, systemic, or logistics",0.13577832281589508
Staff members shall be able to complete a set of tasks in a timely manner.,"not about environmental, organizational, coordination, systemic, or logistics","environmental, organizational, coordination, systemic, or logistics",0.3219529986381531
The response time of general student management tasks shall take no longer than 5 seconds and the response time of schedule generation shall take no longer than 30 seconds.,"not about environmental, organizational, coordination, systemic, or logistics","environmental, organizational, coordination, systemic, or logistics",0.06996923685073853
The system shall able to operate within a business office environment typical of the Nursing Department at DePaul University.,"environmental, organizational, coordination, systemic, or logistics","environmental, organizational, coordination, systemic, or logistics",0.1722099483013153
The system shall be used within the specifications defined by the computers used by the Program Administrators/Nursing Staff Members.,"environmental, organizational, coordination, systemic, or logistics","environmental, organizational, coordination, systemic, or logistics",0.17550119757652283
The system shall operate within the Windows XP Professional operating system.,"environmental, organizational, coordination, systemic, or logistics","environmental, organizational, coordination, systemic, or logistics",0.10531211644411087
The system shall interface with CampusConnect’s central server,"environmental, organizational, coordination, systemic, or logistics","environmental, organizational, coordination, systemic, or logistics",0.32924431562423706
The system shall interface with the faculty central server.,"environmental, organizational, coordination, systemic, or logistics","environmental, organizational, coordination, systemic, or logistics",0.2695046067237854
The system shall interface with the student master server.,"environmental, organizational, coordination, systemic, or logistics","environmental, organizational, coordination, systemic, or logistics",0.1618831753730774
We must be able to interface with any HTML browser.,"environmental, organizational, coordination, systemic, or logistics","environmental, organizational, coordination, systemic, or logistics",0.2775321304798126
Only authorized users shall have access to clinical site information.,"not about environmental, organizational, coordination, systemic, or logistics","not about environmental, organizational, coordination, systemic, or logistics",0.13732080161571503
Program Administrators/Nursing Staff Members are the only people who shall have access to clinical site details.,"not about environmental, organizational, coordination, systemic, or logistics","not about environmental, organizational, coordination, systemic, or logistics",0.10556790232658386
Only authorized users shall have access to students’ personal information.,"not about environmental, organizational, coordination, systemic, or logistics","not about environmental, organizational, coordination, systemic, or logistics",0.05091836303472519
Dr Susan Poslusny and Dr Julie Donalek are the only people who shall have access to students’ personal information.,"not about environmental, organizational, coordination, systemic, or logistics","not about environmental, organizational, coordination, systemic, or logistics",0.12500691413879395
Only authorized users shall have access to the portion of the system that interfaces with CampusConnect.,"not about environmental, organizational, coordination, systemic, or logistics","environmental, organizational, coordination, systemic, or logistics",0.22711333632469177
Fit Criterion: Dr Susan Poslusny and Karen Sysol are the only people who shall have access to the final class section scheduling for the system that interfaces with CampusConnect.,"not about environmental, organizational, coordination, systemic, or logistics","environmental, organizational, coordination, systemic, or logistics",0.14633607864379883
The system shall have basic data integrity checking to reduce the possibility of incorrect or invalid data being introduced.,"not about environmental, organizational, coordination, systemic, or logistics","environmental, organizational, coordination, systemic, or logistics",0.22906941175460815
The system shall protect private information in accordance with the organization’s information policy.,"not about environmental, organizational, coordination, systemic, or logistics","environmental, organizational, coordination, systemic, or logistics",0.24631473422050476
The system shall be built such that it is as secure as possible from malicious interference.,"not about environmental, organizational, coordination, systemic, or logistics","environmental, organizational, coordination, systemic, or logistics",0.22872835397720337
The system shall use the organization’s standard virus protection software to help monitor threats to itself.,"not about environmental, organizational, coordination, systemic, or logistics","environmental, organizational, coordination, systemic, or logistics",0.1118103563785553
The list of dispute cases that are displayed after a search is performed must be color coded for easy identification of dispute cases based upon the dispute case status.,"not about environmental, organizational, coordination, systemic, or logistics","environmental, organizational, coordination, systemic, or logistics",0.12720105051994324
100% of the cardmember and merchant services representatives shall use the Disputes application regularly after a 2-day training course.,"not about environmental, organizational, coordination, systemic, or logistics","environmental, organizational, coordination, systemic, or logistics",0.03955744579434395
100% of cardmember services representatives shall be able to successfully create a dispute case on the first encounter after completing the training course.,"not about environmental, organizational, coordination, systemic, or logistics","environmental, organizational, coordination, systemic, or logistics",0.07587696611881256
100% of merchant services representatives shall be able to successfully perform a follow up action on a dispute case on the first encounter after completing the training course.,"not about environmental, organizational, coordination, systemic, or logistics","environmental, organizational, coordination, systemic, or logistics",0.118087999522686
The maximum wait time for a user navigating from one screen to another within the Disputes application shall be no more than 5 seconds.,"not about environmental, organizational, coordination, systemic, or logistics","not about environmental, organizational, coordination, systemic, or logistics",0.04444567859172821
The Disputes application shall support 350 concurrent users without any degradation of performance in the application.,"not about environmental, organizational, coordination, systemic, or logistics","not about environmental, organizational, coordination, systemic, or logistics",0.23397047817707062
 The Disputes application shall be available 24x7x365  with the exception of the following scheduled maintenance windows.  Monday – Saturday 3:00am to 4:00am EST Sunday 1:00amd to 5:00am EST,"environmental, organizational, coordination, systemic, or logistics","environmental, organizational, coordination, systemic, or logistics",0.12691913545131683
The Disputes application shall interface with the Statement Database. The Statement Database provides the transaction details to the Disputes System. All transaction details must be obtained from the Statement Database,"environmental, organizational, coordination, systemic, or logistics","environmental, organizational, coordination, systemic, or logistics",0.36160099506378174
The Disputes application shall interface with the Cardmember Information Database.  The Cardmember Information Database provides detailed information with regard to a cardmember.  All cardmember detail information must be obtained from the Cardmember Information Database.,"environmental, organizational, coordination, systemic, or logistics","environmental, organizational, coordination, systemic, or logistics",0.24547319114208221
The Disputes applications shall interface with the Merchant Information Database.  The Merchant Information Database provides detailed information with regard to the merchant. All merchant detail information shall be obtained from the Merchant Information Database.,"environmental, organizational, coordination, systemic, or logistics","environmental, organizational, coordination, systemic, or logistics",0.23760950565338135
The Disputes application shall interface with the Letters application.  This will allow the Disputes application to request letters as part of the dispute initiation and dispute follow up process. All letter requests must be sent to the Print Letter Utility application.,"environmental, organizational, coordination, systemic, or logistics","environmental, organizational, coordination, systemic, or logistics",0.22082039713859558
The Disputes application shall interface with the Cardmember Posting and Billing System.  This will allow the Disputes application to request adjustments to cardmember and merchant’s accounts. All adjustment requests must be sent to the Cardmember Posting and Billing System.,"environmental, organizational, coordination, systemic, or logistics","environmental, organizational, coordination, systemic, or logistics",0.25090986490249634
The Disputes application shall ensure that only users with the appropriate access level are allowed to initiate dispute requests.,"not about environmental, organizational, coordination, systemic, or logistics","environmental, organizational, coordination, systemic, or logistics",0.21276652812957764
Only users with Update access must be able to initiate dispute requests.,"not about environmental, organizational, coordination, systemic, or logistics","not about environmental, organizational, coordination, systemic, or logistics",0.18767501413822174
The Disputes application shall ensure that only authorized users are allowed to logon to the application.,"not about environmental, organizational, coordination, systemic, or logistics","environmental, organizational, coordination, systemic, or logistics",0.1328880935907364
 All authorized users  once authenticated must be able to logon to the Disputes System,"not about environmental, organizational, coordination, systemic, or logistics","environmental, organizational, coordination, systemic, or logistics",0.1476723551750183
The Disputes System shall generate a User Report that details any new users that have been added and any changes to an existing user’s access level.  The report will be reviewed for auditing purposes.,"not about environmental, organizational, coordination, systemic, or logistics","environmental, organizational, coordination, systemic, or logistics",0.2598460912704468
All additions of new users and modifications to user’s access shall be recorded on the User Report.,"not about environmental, organizational, coordination, systemic, or logistics","environmental, organizational, coordination, systemic, or logistics",0.22723984718322754
 If a user account is revoked  it can only be re-instantiated by the System Administrator.,"not about environmental, organizational, coordination, systemic, or logistics","not about environmental, organizational, coordination, systemic, or logistics",0.185500830411911
Only the System Administrator shall be able to reset a revoked user logon account,"not about environmental, organizational, coordination, systemic, or logistics","not about environmental, organizational, coordination, systemic, or logistics",0.11418467015028
The Disputes application shall manipulate and view business data. Users will not have direct access to data files or databases.,"not about environmental, organizational, coordination, systemic, or logistics","environmental, organizational, coordination, systemic, or logistics",0.2324976623058319
All updates to data files or database must be initiated from the Disputes System.,"not about environmental, organizational, coordination, systemic, or logistics","environmental, organizational, coordination, systemic, or logistics",0.2584623396396637
The product must support Internet Explorer 5.5 and above.,"environmental, organizational, coordination, systemic, or logistics","environmental, organizational, coordination, systemic, or logistics",0.16833366453647614
The product must support Mozilla Firefox 1.0 and above.,"environmental, organizational, coordination, systemic, or logistics","environmental, organizational, coordination, systemic, or logistics",0.27331608533859253
The product shall interface with the Choice Parts System.  This provides the feed of recycled parts data.,"environmental, organizational, coordination, systemic, or logistics","environmental, organizational, coordination, systemic, or logistics",0.42322710156440735
The product shall run on the existing hardware for all environments.,"environmental, organizational, coordination, systemic, or logistics","environmental, organizational, coordination, systemic, or logistics",0.2104923129081726
The product shall adhere to the corporate Architecture guidelines,"environmental, organizational, coordination, systemic, or logistics","environmental, organizational, coordination, systemic, or logistics",0.2763897478580475
The product shall be easy to use by Adjusters and Collision Estimators.  95% of Adjusters and Collision Estimators shall find the product easy to use.,"not about environmental, organizational, coordination, systemic, or logistics","environmental, organizational, coordination, systemic, or logistics",0.19496291875839233
The product shall increase productivity of Collision Estimators. 80% of the Collision Estimators shall agree their productivity has increase within 1 month of using the product.,"not about environmental, organizational, coordination, systemic, or logistics","environmental, organizational, coordination, systemic, or logistics",0.17039956152439117
Users shall feel satisfied using the product.  85% of all users will be satisfied with the product.,"not about environmental, organizational, coordination, systemic, or logistics","environmental, organizational, coordination, systemic, or logistics",0.05522387847304344
The product shall be easy to learn by Adjusters and Collision Estimators.  The product shall be learned with two days onsite training,"not about environmental, organizational, coordination, systemic, or logistics","environmental, organizational, coordination, systemic, or logistics",0.1258842647075653
The user shall easily locate instructions while using the product.  User help can be found within 90% of the system.,"not about environmental, organizational, coordination, systemic, or logistics","environmental, organizational, coordination, systemic, or logistics",0.2312333732843399
The search for recycled parts shall take no longer than 15 seconds.  The search results shall be returned in under 15 seconds.,"not about environmental, organizational, coordination, systemic, or logistics","environmental, organizational, coordination, systemic, or logistics",0.2906820476055145
The search for the preferred repair facility shall take no longer than 8 seconds.  The preferred repair facility is returned within 8 seconds,"not about environmental, organizational, coordination, systemic, or logistics","environmental, organizational, coordination, systemic, or logistics",0.14776603877544403
The recycled parts audit report shall be returned to the user within 10 seconds.  The audit report shall be returned within 10 seconds.,"not about environmental, organizational, coordination, systemic, or logistics","environmental, organizational, coordination, systemic, or logistics",0.34610405564308167
The preferred repair facility ratings shall be saved within 5 seconds. The save shall occur within 5 seconds.,"not about environmental, organizational, coordination, systemic, or logistics","environmental, organizational, coordination, systemic, or logistics",0.05273875221610069
 For estimators  the product shall be able to be operated in a repair facility during dirty and noisy conditions.,"environmental, organizational, coordination, systemic, or logistics","environmental, organizational, coordination, systemic, or logistics",0.3371773660182953
The product shall interface with the ChoiceParts system once per day at approximately 1:00 AM.,"environmental, organizational, coordination, systemic, or logistics","environmental, organizational, coordination, systemic, or logistics",0.13252931833267212
The maintenance of the product will fall within the established corporate maintenance windows.,"environmental, organizational, coordination, systemic, or logistics","environmental, organizational, coordination, systemic, or logistics",0.4164580702781677
The product shall be supported using the corporate support center.,"environmental, organizational, coordination, systemic, or logistics","environmental, organizational, coordination, systemic, or logistics",0.4126991629600525
Product installations and upgrades shall be handled by the middleware technology team within established launch time frames.,"environmental, organizational, coordination, systemic, or logistics","environmental, organizational, coordination, systemic, or logistics",0.20393666625022888
Only adjusters can request recycled parts audit reports. No users without an adjuster role shall request recycled parts audits.,"not about environmental, organizational, coordination, systemic, or logistics","not about environmental, organizational, coordination, systemic, or logistics",0.36509138345718384
Only adjusters with a supervisor role can update preferred repair facility ratings. Users without the supervisor role cannot access the repair facility ratings.,"not about environmental, organizational, coordination, systemic, or logistics","not about environmental, organizational, coordination, systemic, or logistics",0.23644134402275085
Only collision estimators shall search for recycled parts.  Users without the collision estimator role shall not have access to the search for recycled parts.,"not about environmental, organizational, coordination, systemic, or logistics","not about environmental, organizational, coordination, systemic, or logistics",0.3564222455024719
Only valid data shall be entered into the system.  No invalid data shall be entered into the system.,"not about environmental, organizational, coordination, systemic, or logistics","not about environmental, organizational, coordination, systemic, or logistics",0.30432379245758057
One insurance company shall not be able to view another insurance companys claim data.,"not about environmental, organizational, coordination, systemic, or logistics","environmental, organizational, coordination, systemic, or logistics",0.2448273003101349
The product shall free of computer viruses.,"not about environmental, organizational, coordination, systemic, or logistics","not about environmental, organizational, coordination, systemic, or logistics",0.17104823887348175
The system shall prevent malicious attacks including denial of service.,"not about environmental, organizational, coordination, systemic, or logistics","not about environmental, organizational, coordination, systemic, or logistics",0.17534008622169495
 The product must work with most database management systems (DBMS) on the market  whether the DBMS is colocated with the product on the same machine or is located on a different machine on the computer network.,"environmental, organizational, coordination, systemic, or logistics","environmental, organizational, coordination, systemic, or logistics",0.26349717378616333
The product will function alongside server software on any operating system where the Java runtime can be installed.,"environmental, organizational, coordination, systemic, or logistics","environmental, organizational, coordination, systemic, or logistics",0.24899925291538239
The product will require collaboration with a database management system (DBMS).  The DBMS may be located on the same machine as the product or on a separate machine residing on the same computer network.,"environmental, organizational, coordination, systemic, or logistics","environmental, organizational, coordination, systemic, or logistics",0.2757066488265991
 The product must make use of web/application server technology.  Open source examples include Apache web server  Tomcat  and the JBoss application server.,"environmental, organizational, coordination, systemic, or logistics","environmental, organizational, coordination, systemic, or logistics",0.34774917364120483
 A database management system such as Oracle  DB2  MySql or HSQL will need to be integrated with the product.,"environmental, organizational, coordination, systemic, or logistics","environmental, organizational, coordination, systemic, or logistics",0.37920084595680237
The product shall make the users want to use it. 80% of the users surveyed report they are regularly using the product after the first 2 weeks post-launch.,"not about environmental, organizational, coordination, systemic, or logistics","environmental, organizational, coordination, systemic, or logistics",0.026032734662294388
The product shall be easy to use. 90% of users will be able to successfully reserve a conference room within 5 minutes of product use.,"not about environmental, organizational, coordination, systemic, or logistics","environmental, organizational, coordination, systemic, or logistics",0.04875248670578003
The product shall give users feedback when necessary. 80% of the users surveyed report that the product accurately confirms their actions.,"not about environmental, organizational, coordination, systemic, or logistics","environmental, organizational, coordination, systemic, or logistics",0.15943312644958496
The product shall allow the user to select a chosen language from one of the target market countries.,"not about environmental, organizational, coordination, systemic, or logistics","environmental, organizational, coordination, systemic, or logistics",0.1109655424952507
The product shall allow for customization of start page and views preferences.,"not about environmental, organizational, coordination, systemic, or logistics","environmental, organizational, coordination, systemic, or logistics",0.28640812635421753
 An employee will be able to successfully use the product within a few minutes.  After informally navigating the product for less than 15 minutes  users shall be able to successfully setup meetings and reserve conference rooms.,"not about environmental, organizational, coordination, systemic, or logistics","environmental, organizational, coordination, systemic, or logistics",0.14240776002407074
The product shall use a standard navigation menu familiar to most web users.,"not about environmental, organizational, coordination, systemic, or logistics","environmental, organizational, coordination, systemic, or logistics",0.22750365734100342
The product shall allow for intuitive searching of available conference rooms.,"not about environmental, organizational, coordination, systemic, or logistics","environmental, organizational, coordination, systemic, or logistics",0.17978957295417786
The product shall conform to the Americans with Disabilities Act.,"not about environmental, organizational, coordination, systemic, or logistics","environmental, organizational, coordination, systemic, or logistics",0.28629499673843384
The response shall be fast enough to avoid interrupting the user’s flow of thought.  90% of tasks shall complete within 5 seconds.  98% of tasks shall complete within 8 seconds.,"not about environmental, organizational, coordination, systemic, or logistics","environmental, organizational, coordination, systemic, or logistics",0.15947352349758148
The product shall be used in office environments.,"environmental, organizational, coordination, systemic, or logistics","environmental, organizational, coordination, systemic, or logistics",0.22621186077594757
The product must be able to interface with any HTML browser.  The product shall transmit data between the user and the product without problems. The product shall display HTML properly in 80% of all HTML browsers tested (minimum is to test 8 browsers).,"environmental, organizational, coordination, systemic, or logistics","environmental, organizational, coordination, systemic, or logistics",0.20745010673999786
The product must be able to interface with various database management systems. The product shall communicate successfully with the database management system on 100% of all transactions.,"environmental, organizational, coordination, systemic, or logistics","environmental, organizational, coordination, systemic, or logistics",0.2793876826763153
The product must be able to interface with various email servers. The product shall be able to send email.,"environmental, organizational, coordination, systemic, or logistics","environmental, organizational, coordination, systemic, or logistics",0.1979430466890335
The product shall be available for distribution via the Internet as a binary or ZIP file.,"environmental, organizational, coordination, systemic, or logistics","environmental, organizational, coordination, systemic, or logistics",0.2987605333328247
The product shall be available for distribution as a packaged CD.,"environmental, organizational, coordination, systemic, or logistics","environmental, organizational, coordination, systemic, or logistics",0.2496611475944519
 The product will be available for licensing as a one-server  two-five servers  or five-or-more servers license.,"environmental, organizational, coordination, systemic, or logistics","environmental, organizational, coordination, systemic, or logistics",0.1676023304462433
A new user must be able to be added to the system within 10 minutes.  90% of new users are able to log into the system within 10 minutes.,"not about environmental, organizational, coordination, systemic, or logistics","environmental, organizational, coordination, systemic, or logistics",0.16169537603855133
Every registered user will have access to the product’s support site via the Internet.  70% of registered users shall find a solution to their problem within 5 minutes of using the support site.,"not about environmental, organizational, coordination, systemic, or logistics","environmental, organizational, coordination, systemic, or logistics",-0.043976232409477234
 The product shall be translated into foreign languages other than the target market countries’ languages in future releases.  For each emerging target market  it shall take no more than 5 days to configure the product for that market’s language.,"not about environmental, organizational, coordination, systemic, or logistics","environmental, organizational, coordination, systemic, or logistics",-0.022672364488244057
 The product is expected to integrate with multiple database management systems.  The product will operate with Oracle  SQL Server  DB2  MySQL  HSQL  and MS Access.,"environmental, organizational, coordination, systemic, or logistics","environmental, organizational, coordination, systemic, or logistics",0.3003910183906555
The product shall be able to be installed in any operating environment within 2 days.,"environmental, organizational, coordination, systemic, or logistics","environmental, organizational, coordination, systemic, or logistics",0.1467161625623703
The product shall ensure that only company employees or external users with company-approved user IDs may have product access.  100% of all logons shall be by either company employees or external users with company-approved user IDs.,"not about environmental, organizational, coordination, systemic, or logistics","environmental, organizational, coordination, systemic, or logistics",0.23644879460334778
Only managers are able to perform search queries for reservations by user.  100% of all search queries for reservations by user shall be from logons of only management logons.,"not about environmental, organizational, coordination, systemic, or logistics","not about environmental, organizational, coordination, systemic, or logistics",0.176606222987175
The product shall ensure that the database’s data corresponds to the data entered by the user.  Each conference room reservation in the system will contain the same information as was entered by the user.,"not about environmental, organizational, coordination, systemic, or logistics","environmental, organizational, coordination, systemic, or logistics",0.15597787499427795
The product shall prevent the input of malicious data.  The product and/or adjacent hardware/software systems’ data shall remain 100% uncorrupted each time malicious data is input into the product.,"not about environmental, organizational, coordination, systemic, or logistics","not about environmental, organizational, coordination, systemic, or logistics",0.23116448521614075
The product shall have the ability to receive automatic software updates as new threats emerge.  100% of customers will be able to receive automatic software updates transmitted to the installed product.,"not about environmental, organizational, coordination, systemic, or logistics","environmental, organizational, coordination, systemic, or logistics",0.15738825500011444
The product shall be able to display calendar dates and times according to the user’s locale.  90% of survey respondents from each target market country will find that the date and time formatting of the product is correct.,"not about environmental, organizational, coordination, systemic, or logistics","environmental, organizational, coordination, systemic, or logistics",0.11736714094877243
The product must be developed with the J2SE/J2EE programming language libraries,"environmental, organizational, coordination, systemic, or logistics","environmental, organizational, coordination, systemic, or logistics",0.31919488310813904
Recreation of Inventory Quantity Adjustment for the period of previous 30 days shall take no more than 30min.,"not about environmental, organizational, coordination, systemic, or logistics","environmental, organizational, coordination, systemic, or logistics",0.18873213231563568
The System shall allow for a minimum of  6 users to work at the same time.,"not about environmental, organizational, coordination, systemic, or logistics","environmental, organizational, coordination, systemic, or logistics",0.1352609246969223
The System shall utilize currently owned computer equipment.,"environmental, organizational, coordination, systemic, or logistics","environmental, organizational, coordination, systemic, or logistics",0.29857000708580017
The System shall be able to automatically backup business data and restore them on demand.,"environmental, organizational, coordination, systemic, or logistics","environmental, organizational, coordination, systemic, or logistics",0.19883668422698975
The System shall maintain consistent security.  Any changes in user passwords and/or permissions should take affect in all parts of the System.,"not about environmental, organizational, coordination, systemic, or logistics","environmental, organizational, coordination, systemic, or logistics",0.21496400237083435
The System shall granularly control access rights to all major subsystems.  It should be possible to assign access rights to all subsystems independently.,"not about environmental, organizational, coordination, systemic, or logistics","environmental, organizational, coordination, systemic, or logistics",0.40363940596580505
The System shall not require additional third party licenses resulting in royalty fees.,"environmental, organizational, coordination, systemic, or logistics","not about environmental, organizational, coordination, systemic, or logistics",0.4122569262981415
Administrator shall be able to activate a pre-paid card via the Administration section in under 5 seconds.,"not about environmental, organizational, coordination, systemic, or logistics","environmental, organizational, coordination, systemic, or logistics",0.09557494521141052
 Customer shall be able to check the status of their prepaid card  by entering in the PIN number  in under 5 seconds.,"not about environmental, organizational, coordination, systemic, or logistics","not about environmental, organizational, coordination, systemic, or logistics",-0.11212754249572754
System shall let customers register on the website as a “pay as you go” user in under 5 minutes.,"not about environmental, organizational, coordination, systemic, or logistics","environmental, organizational, coordination, systemic, or logistics",-0.07312477380037308
System shall let customers register on the website as a “unlimited movie subscriber” user in under 10 minutes.,"not about environmental, organizational, coordination, systemic, or logistics","environmental, organizational, coordination, systemic, or logistics",0.019519630819559097
System shall let existing customers log into the website with their email address and password in under 5 seconds.,"not about environmental, organizational, coordination, systemic, or logistics","environmental, organizational, coordination, systemic, or logistics",-0.04766951873898506
 System shall let customers cancel their account  process shall take no longer than 2 minutes.  Database will mark the account as inactive  and user will not be able to log into the website.,"not about environmental, organizational, coordination, systemic, or logistics","not about environmental, organizational, coordination, systemic, or logistics",0.11936559528112411
System shall let administrator de-activate a customer account in under 1 minute. Customer will no longer be able to access the website.,"not about environmental, organizational, coordination, systemic, or logistics","environmental, organizational, coordination, systemic, or logistics",0.07981748878955841
System shall let administrator add/remove movies on the website in under 5 minutes.  Entered movie information will be stored in the database and will now be available on the website.,"not about environmental, organizational, coordination, systemic, or logistics","environmental, organizational, coordination, systemic, or logistics",0.005026873201131821
System shall let the administrator add/remove categories on the website in under 5 minutes.,"not about environmental, organizational, coordination, systemic, or logistics","environmental, organizational, coordination, systemic, or logistics",0.07095768302679062
System shall let Izogn Manager access sales and usage statistics in under 2 minutes.,"not about environmental, organizational, coordination, systemic, or logistics","environmental, organizational, coordination, systemic, or logistics",0.07451395690441132
System shall let administrators generate unique pre-paid pins in under 2 minutes and generate an Excel file with the generated PINs.,"not about environmental, organizational, coordination, systemic, or logistics","environmental, organizational, coordination, systemic, or logistics",0.06687968969345093
The product should be able to be used by 90% of novice users on the Internet.,"not about environmental, organizational, coordination, systemic, or logistics","environmental, organizational, coordination, systemic, or logistics",0.0319102518260479
 Users should only have to navigate through a maximum of 4 pages  to create an account with the website.,"not about environmental, organizational, coordination, systemic, or logistics","not about environmental, organizational, coordination, systemic, or logistics",0.11692683398723602
Users should be able to access their streaming movies in under 2 clicks after logging into the website.,"not about environmental, organizational, coordination, systemic, or logistics","environmental, organizational, coordination, systemic, or logistics",-0.014728141017258167
An anonymous survey will show that 70% of customers are comfortable purchasing streaming movies after 2 weeks using the website.,"not about environmental, organizational, coordination, systemic, or logistics","not about environmental, organizational, coordination, systemic, or logistics",-0.16432252526283264
An anonymous survey will show that 95% of customers are comfortable using and purchasing pre-paid cards after a month of using the system.,"not about environmental, organizational, coordination, systemic, or logistics","not about environmental, organizational, coordination, systemic, or logistics",-0.042776431888341904
The product shall retain the customer’s buying preferences and information.,"not about environmental, organizational, coordination, systemic, or logistics","not about environmental, organizational, coordination, systemic, or logistics",0.18110448122024536
The product shall be easy for customers with novice skills on the  Internet to purchase and watch streaming movies.  Customers should be able to purchase and watch a pre-determined movie in under 3 minutes.,"not about environmental, organizational, coordination, systemic, or logistics","environmental, organizational, coordination, systemic, or logistics",-0.02395246922969818
The product shall use symbols and words that are naturally understandable by users familiar with websites,"not about environmental, organizational, coordination, systemic, or logistics","environmental, organizational, coordination, systemic, or logistics",0.19637656211853027
The website will use standard Internet conventions when interacting with the user.,"not about environmental, organizational, coordination, systemic, or logistics","environmental, organizational, coordination, systemic, or logistics",0.25628942251205444
 Any interface between a user and the automated system shall have a maximum response time of 5 seconds  unless noted by an exception below.,"not about environmental, organizational, coordination, systemic, or logistics","environmental, organizational, coordination, systemic, or logistics",0.12188400328159332
 When purchasing a streaming movie or pre-paid card via credit card  the processing time should have a maximum response time of 15 seconds.,"not about environmental, organizational, coordination, systemic, or logistics","environmental, organizational, coordination, systemic, or logistics",0.08848893642425537
 When streaming a movie  the buffering time should take no longer than 10 seconds (plus any latency on the user’s connection.),"not about environmental, organizational, coordination, systemic, or logistics","environmental, organizational, coordination, systemic, or logistics",0.20875704288482666
 While streaming a movie  buffering should only occur if there is latency in the user’s connection.,"not about environmental, organizational, coordination, systemic, or logistics","environmental, organizational, coordination, systemic, or logistics",0.12518389523029327
 All credit card information will be secured on the server  and only accessible by authorized Izogn administrators.  Information will be encrypted in the database.,"not about environmental, organizational, coordination, systemic, or logistics","environmental, organizational, coordination, systemic, or logistics",0.14369475841522217
All aspects of the website shall be accessed by a web browser over the Internet.,"environmental, organizational, coordination, systemic, or logistics","environmental, organizational, coordination, systemic, or logistics",0.1669224351644516
The same hardware supporting the current website will be used to support the new system.,"environmental, organizational, coordination, systemic, or logistics","environmental, organizational, coordination, systemic, or logistics",0.13691756129264832
 We must be able to interface with the following browsers: IE 5.X  6.0  Netscape 6.x  7.x  8.x and Firefox 1.0.,"environmental, organizational, coordination, systemic, or logistics","environmental, organizational, coordination, systemic, or logistics",0.28638753294944763
Website must interface with the CyberSource API to process credit card transactions.,"environmental, organizational, coordination, systemic, or logistics","environmental, organizational, coordination, systemic, or logistics",0.19459593296051025
Website must be fully operational with MSN TV2.,"environmental, organizational, coordination, systemic, or logistics","environmental, organizational, coordination, systemic, or logistics",0.1222887858748436
Movies shall be encoded and streamed via Windows Media Player 9.0.,"environmental, organizational, coordination, systemic, or logistics","environmental, organizational, coordination, systemic, or logistics",0.045991841703653336
Movies shall be encoded for 56k and 256k streams.,"environmental, organizational, coordination, systemic, or logistics","environmental, organizational, coordination, systemic, or logistics",0.08775320649147034
Izogn Administrator must be able to update the category listings on the website within 2 minutes.,"not about environmental, organizational, coordination, systemic, or logistics","environmental, organizational, coordination, systemic, or logistics",0.12101072818040848
Izogn Administrator must be able to add new products to the website within 2 minutes.,"not about environmental, organizational, coordination, systemic, or logistics","environmental, organizational, coordination, systemic, or logistics",0.05928527191281319
The website will provide a help section with answers and solutions to common problems.,"not about environmental, organizational, coordination, systemic, or logistics","environmental, organizational, coordination, systemic, or logistics",0.15923279523849487
The product shall be able to be installed in the specified environment within 1 working day.,"environmental, organizational, coordination, systemic, or logistics","environmental, organizational, coordination, systemic, or logistics",0.25385046005249023
Only registered customers can purchase streaming movies.,"not about environmental, organizational, coordination, systemic, or logistics","not about environmental, organizational, coordination, systemic, or logistics",0.025860518217086792
 A customer can only stream a movie if they purchased it  and are within the 2 day viewing period.,"not about environmental, organizational, coordination, systemic, or logistics","not about environmental, organizational, coordination, systemic, or logistics",-0.06423050165176392
Only authorized personnel can access customer records in the database.,"not about environmental, organizational, coordination, systemic, or logistics","not about environmental, organizational, coordination, systemic, or logistics",0.20174765586853027
Only administrators can activate a pre-paid card.,"not about environmental, organizational, coordination, systemic, or logistics","not about environmental, organizational, coordination, systemic, or logistics",0.1413211077451706
Only authorized personnel can access sales information.,"not about environmental, organizational, coordination, systemic, or logistics","not about environmental, organizational, coordination, systemic, or logistics",0.20677992701530457
The website shall prevent its data from being corrupted when incorrect data is entered in.,"not about environmental, organizational, coordination, systemic, or logistics","not about environmental, organizational, coordination, systemic, or logistics",0.2141662985086441
 The website shall protect itself from intentional abuse  and notify the administrator at all occurrences.,"not about environmental, organizational, coordination, systemic, or logistics","not about environmental, organizational, coordination, systemic, or logistics",0.21239396929740906
Data integrity scripts will be run on a weekly basis to verify the integrity of the database.,"not about environmental, organizational, coordination, systemic, or logistics","environmental, organizational, coordination, systemic, or logistics",0.13464593887329102
 The website shall make its user aware of its information practices before collection data from them via a Privacy Policy  accessible on all pages of the website.,"not about environmental, organizational, coordination, systemic, or logistics","environmental, organizational, coordination, systemic, or logistics",0.13832414150238037
The system shall notify customers of changes to its information policy.,"not about environmental, organizational, coordination, systemic, or logistics","not about environmental, organizational, coordination, systemic, or logistics",0.24312953650951385
The system shall reveal private information only in compliance with the organization’s information policy.,"not about environmental, organizational, coordination, systemic, or logistics","not about environmental, organizational, coordination, systemic, or logistics",0.240231454372406
 All customer information will be stored on a secure database  accessible only to authorized personnel.,"not about environmental, organizational, coordination, systemic, or logistics","not about environmental, organizational, coordination, systemic, or logistics",0.1991768479347229
All credit card information will be encrypted in the database.,"not about environmental, organizational, coordination, systemic, or logistics","environmental, organizational, coordination, systemic, or logistics",0.11627452075481415
The streaming server will have anti-virus software to prevent infection of malicious viruses.,"not about environmental, organizational, coordination, systemic, or logistics","environmental, organizational, coordination, systemic, or logistics",0.10763813555240631
The website should use Flash to provide animation on the home page.,"environmental, organizational, coordination, systemic, or logistics","environmental, organizational, coordination, systemic, or logistics",-0.01383039727807045
Total lead cycle time must be completed in 5 minutes for 90% of lead volume between the business hours of 8AM CST to 8PM CST  then 3 minutes for 99% of lead volume during off business hours.,"not about environmental, organizational, coordination, systemic, or logistics","environmental, organizational, coordination, systemic, or logistics",0.016198664903640747
No lead evaluation will complete in a time period longer than 25 seconds for 97% of all leads processed.,"not about environmental, organizational, coordination, systemic, or logistics","not about environmental, organizational, coordination, systemic, or logistics",0.022387385368347168
For leads that process longer than 25 seconds the system will record the event and duration,"not about environmental, organizational, coordination, systemic, or logistics","environmental, organizational, coordination, systemic, or logistics",0.1243000403046608
The process must fit within the processing time conditions set forth by the Auto Rep Assignment process in which a lead is assigned within 3 minutes of the total life cycle.,"not about environmental, organizational, coordination, systemic, or logistics","environmental, organizational, coordination, systemic, or logistics",0.2994533181190491
The lead washing process will operate within the established physical web service structure.,"environmental, organizational, coordination, systemic, or logistics","environmental, organizational, coordination, systemic, or logistics",0.3025965392589569
 The washing process must use a non binding  neutral data format  such as xml  when receiving and processing lead data.,"environmental, organizational, coordination, systemic, or logistics","environmental, organizational, coordination, systemic, or logistics",0.299026757478714
The product shall able to handle a large number of games simultaneously.,"not about environmental, organizational, coordination, systemic, or logistics","environmental, organizational, coordination, systemic, or logistics",0.23719145357608795
The response time shall be fast enough to maintain the flow of the game.  The response time shall be no more than 2 seconds for 95% of responses and no more than 4% for the remaining responses.,"not about environmental, organizational, coordination, systemic, or logistics","environmental, organizational, coordination, systemic, or logistics",0.162832111120224
The product shall protect the identity of the players. The product shall provide players no access to information that might reveal the identity of another player.,"not about environmental, organizational, coordination, systemic, or logistics","not about environmental, organizational, coordination, systemic, or logistics",0.20824502408504486
The product shall be intuitive and self-explanatory.  Nine out ten users shall be able to successfully complete a game with no training.,"not about environmental, organizational, coordination, systemic, or logistics","not about environmental, organizational, coordination, systemic, or logistics",0.21193116903305054
 The product shall be available to players who understand English  Spanish and French.  The product shall allow the user to select the language upon accessing the product.,"not about environmental, organizational, coordination, systemic, or logistics","environmental, organizational, coordination, systemic, or logistics",0.08809249848127365
The product shall provide players no access to information that might reveal the identity of another player,"not about environmental, organizational, coordination, systemic, or logistics","not about environmental, organizational, coordination, systemic, or logistics",0.3053160011768341
The response time shall be fast enough to maintain the flow of the game. The response time shall be no more than 2 seconds for 95% of responses and no more than 4% for the remaining responses.,"not about environmental, organizational, coordination, systemic, or logistics","environmental, organizational, coordination, systemic, or logistics",0.162832111120224
The system shall be easy to use by callers and supervisors. Callers and supervisors must be able to accomplish any system task within 2 minutes.,"not about environmental, organizational, coordination, systemic, or logistics","environmental, organizational, coordination, systemic, or logistics",0.14232058823108673
The system shall be easy to learn by callers and supervisors. Callers and supervisors shall learn how to use the system within 10 minutes.,"not about environmental, organizational, coordination, systemic, or logistics","environmental, organizational, coordination, systemic, or logistics",0.1028609648346901
 The system shall be responsive. At the DePaul TeleServices Center  when a supervisor uses the system to view a callers schedule  the system response time must be no more than 2 seconds 90% of the time and no more than 5 seconds the rest of the time.,"not about environmental, organizational, coordination, systemic, or logistics","environmental, organizational, coordination, systemic, or logistics",0.1510138213634491
 On a 56k connection  the system response time for all operations must be no more than 6 seconds 90% of the time.,"not about environmental, organizational, coordination, systemic, or logistics","environmental, organizational, coordination, systemic, or logistics",0.1392545849084854
 On a 112k connection or faster  the system response time for all operations must be no more than 3 seconds 90% of the time.,"not about environmental, organizational, coordination, systemic, or logistics","environmental, organizational, coordination, systemic, or logistics",0.22185364365577698
The product shall ensure that only supervisors can advertise empty time slots.The product must ensure that supervisors are allowed to access advertise empty time slots.,"not about environmental, organizational, coordination, systemic, or logistics","not about environmental, organizational, coordination, systemic, or logistics",0.2307053804397583
The product shall ensure that only supervisors can enter a caller’s schedule.The product must ensure that supervisors are allowed to access advertise empty time slots.,"not about environmental, organizational, coordination, systemic, or logistics","not about environmental, organizational, coordination, systemic, or logistics",0.17942248284816742
The product shall ensure that only supervisors can view schedule of all callers.The product must ensure that supervisors are allowed to access advertise empty time slots.,"not about environmental, organizational, coordination, systemic, or logistics","not about environmental, organizational, coordination, systemic, or logistics",0.1843860000371933
The product shall provide Monitoring Services.The product shall be easy for System Administrators and DBAs to use after two weeks of usage.,"not about environmental, organizational, coordination, systemic, or logistics","environmental, organizational, coordination, systemic, or logistics",0.16349157691001892
The product shall provide Error Tracking Services.The product shall help the System Administrators and DBAs to resolve transaction errors 99% of the time.,"not about environmental, organizational, coordination, systemic, or logistics","environmental, organizational, coordination, systemic, or logistics",0.18212535977363586
The product shall provide Portals.The product shall help System Administrators to analyze the transactions with ad-hoc reporting and KPIs (Key Performance Indicators),"not about environmental, organizational, coordination, systemic, or logistics","environmental, organizational, coordination, systemic, or logistics",0.3261283040046692
The product shall provide Asynchronous Messaging.The product shall provide asynchronous messaging to enable parallel processing and reduce the overhead in communications,"not about environmental, organizational, coordination, systemic, or logistics","environmental, organizational, coordination, systemic, or logistics",0.18809223175048828
The product shall provide Multi-threading and Load Balancing.The product shall provide multi-threading technology as well as load balancing to overcome data load spikes and traffic.,"not about environmental, organizational, coordination, systemic, or logistics","environmental, organizational, coordination, systemic, or logistics",0.41798973083496094
The product shall process messages within 2 seconds.The product shall have a maximum message processing time of 2 seconds,"not about environmental, organizational, coordination, systemic, or logistics","environmental, organizational, coordination, systemic, or logistics",0.14207850396633148
The product shall poll the system for messages every second.The product shall poll the system for new messages at a maximum of every 1 second.,"not about environmental, organizational, coordination, systemic, or logistics","environmental, organizational, coordination, systemic, or logistics",0.047287214547395706
The product shall provide Dynamic Change Support and Transparent resource addition.The product shall support Transparent Resource addition and Dynamic Change support to provide scalability and avoid service interruptions of more than 1 day.,"not about environmental, organizational, coordination, systemic, or logistics","environmental, organizational, coordination, systemic, or logistics",0.47031253576278687
The product shall be platform independent.The product shall enable access to any type of development environment and platform.,"environmental, organizational, coordination, systemic, or logistics","environmental, organizational, coordination, systemic, or logistics",0.326026976108551
The product shall interface CSR and Datastream.The product shall exchange messages between CSR and EAM on a real time basis without any direct interfaces between two systems.,"environmental, organizational, coordination, systemic, or logistics","not about environmental, organizational, coordination, systemic, or logistics",0.3684957027435303
 The product shall have security.The product shall provide authentication  and authorization.,"not about environmental, organizational, coordination, systemic, or logistics","environmental, organizational, coordination, systemic, or logistics",0.26513057947158813
The product shall information Security. The product shall enable privacy by encryption WS-Security and Integrity Checking.,"not about environmental, organizational, coordination, systemic, or logistics","environmental, organizational, coordination, systemic, or logistics",0.20021414756774902
The product shall have audit capabilities.The product shall store messages for a minimum of one year for audit and transaction tracking purposes.,"not about environmental, organizational, coordination, systemic, or logistics","environmental, organizational, coordination, systemic, or logistics",0.30336520075798035
The system must use a point and click interface. 100% of all selection and navigation functionality must be able to be activated/selected by either a mouse or a keyboard,"not about environmental, organizational, coordination, systemic, or logistics","environmental, organizational, coordination, systemic, or logistics",0.13267670571804047
The interface shall be easy to use. 90% of users should be able to successfully use the system to generate a report on their first use. The interface should adhere to IBM usability standards.,"not about environmental, organizational, coordination, systemic, or logistics","environmental, organizational, coordination, systemic, or logistics",0.1337207406759262
Rreports must be easy to generate. eports must be generated within one button click and exported within one button click (after selecting the report),"not about environmental, organizational, coordination, systemic, or logistics","environmental, organizational, coordination, systemic, or logistics",0.26895084977149963
A user shall be able to use the system without instruction after a short amount of time. After one use a user should understand and remember 90% of the system usage and navigation.,"not about environmental, organizational, coordination, systemic, or logistics","not about environmental, organizational, coordination, systemic, or logistics",0.15967977046966553
All CCR users shall receive training before the WCS system is deployed. One training session will be held for 100% of CCR users before system deployment (based on a CCR user being available),"not about environmental, organizational, coordination, systemic, or logistics","environmental, organizational, coordination, systemic, or logistics",0.17506873607635498
The WCS system shall use appropriate nomenclature and terminology as defined by the Corporate Community Grants organization. All interfaces and reports will undergo usability tests by CCR users.,"not about environmental, organizational, coordination, systemic, or logistics","environmental, organizational, coordination, systemic, or logistics",0.31161439418792725
The WCS system shall be run in a Windows environment. The WCS shall be accessed by users through the Internet on an IBM computer running a Windows 2000 or above operating system.,"environmental, organizational, coordination, systemic, or logistics","environmental, organizational, coordination, systemic, or logistics",0.19010159373283386
The Brio portion of the WCS system must be able to export files in spreadsheet form (Microsoft Excel and Lotus 1-2-3 formats).  Brio will provide buttons in the user interface that produce/export reports in .xls or .123 file formats.,"environmental, organizational, coordination, systemic, or logistics","environmental, organizational, coordination, systemic, or logistics",0.3034030497074127
The system shall only be accessed by authorized Corporate Community Grants (CCR) employees. Users must be authenticated using their IBM intranet user name and password.,"not about environmental, organizational, coordination, systemic, or logistics","not about environmental, organizational, coordination, systemic, or logistics",0.2151767611503601
The WCS system shall not allow automatic logins by any user. Cookies containing WCS login information about a user will not be stored on a user’s computer.,"not about environmental, organizational, coordination, systemic, or logistics","not about environmental, organizational, coordination, systemic, or logistics",0.38609421253204346
Each team owner will need to use a username and password in order to be authenticated to reach the team owner’s page,"not about environmental, organizational, coordination, systemic, or logistics","environmental, organizational, coordination, systemic, or logistics",0.03892088681459427
The Commissioner will be the only authorized user per league to adjust league settings.,"not about environmental, organizational, coordination, systemic, or logistics","not about environmental, organizational, coordination, systemic, or logistics",0.05158739909529686
;A new user shall be able to navigate through the league and team pages within 30 seconds of reaching the start-up page.,"not about environmental, organizational, coordination, systemic, or logistics","environmental, organizational, coordination, systemic, or logistics",-0.07716310024261475
Users shall be able to reach the ‘add’  ‘drop’  and ‘trade player’ pages with one click from the team owner’s page.,"not about environmental, organizational, coordination, systemic, or logistics","environmental, organizational, coordination, systemic, or logistics",0.15037670731544495
;Users shall be able to view at least 25 NFL player statistics and points on each page.,"not about environmental, organizational, coordination, systemic, or logistics","environmental, organizational, coordination, systemic, or logistics",-0.03753937408328056
The application shall ask the user to confirm dropping a player or trading a player before performing the action.,"not about environmental, organizational, coordination, systemic, or logistics","environmental, organizational, coordination, systemic, or logistics",0.10012588649988174
The application shall be able to complete every user transaction within one fourth of a second of receiving the request over the network.,"not about environmental, organizational, coordination, systemic, or logistics","environmental, organizational, coordination, systemic, or logistics",0.17014180123806
The application shall run on a web application server.,"environmental, organizational, coordination, systemic, or logistics","environmental, organizational, coordination, systemic, or logistics",0.21924850344657898
A primary database will be used to store cached data for active users.,"environmental, organizational, coordination, systemic, or logistics","environmental, organizational, coordination, systemic, or logistics",0.3082304894924164
A secondary database will be used to store historical statistics and data.,"environmental, organizational, coordination, systemic, or logistics","environmental, organizational, coordination, systemic, or logistics",0.19709643721580505
98% of the user workstations shall meet the minimum hardware requirements prior to implementation. Minimum Hard Disk Space:  400MB.,"environmental, organizational, coordination, systemic, or logistics","environmental, organizational, coordination, systemic, or logistics",0.15821970999240875
98% of the user workstations shall meet the minimum software requirements prior to implementation: Microsoft Internet Explorer 5.0. Microsoft .NET Framework 1.1. Microsoft Internet Explorer Web Controls,"environmental, organizational, coordination, systemic, or logistics","environmental, organizational, coordination, systemic, or logistics",0.17836041748523712
The RFS system should be able to easily interface with the BDW environment  in order to load the data. •;7 data files shall be received from the BDW and loaded into the RFS system within 3 hours one day prior to the start of budgeting process  every year. The data will be as of October month-end. ;Test files (7) shall be loaded up to 5 times throughout the year  from the BDW.,"environmental, organizational, coordination, systemic, or logistics","environmental, organizational, coordination, systemic, or logistics",0.08790572732686996
Only authorized user shall access the RFS system. ONLY users that exist in the UAS system  with the RFS system assigned to their role(s)  shall access the RFS system and use it.,"not about environmental, organizational, coordination, systemic, or logistics","not about environmental, organizational, coordination, systemic, or logistics",0.17487472295761108
;User access should be limited to the permissions granted to their role(s) Each level in the PCG hierarchy will be assigned a role and users will be assigned to these roles. Access to functionality within RFS system is dependent on the privileges/permission assigned to the role..,"not about environmental, organizational, coordination, systemic, or logistics","environmental, organizational, coordination, systemic, or logistics",0.2635478377342224
The users should be able to easily use the system to successfully complete their budgets  within the stipulated time for completion. With a week of training prior to product implementation  98% of the users shall complete their budgets within the stipulated time.,"not about environmental, organizational, coordination, systemic, or logistics","environmental, organizational, coordination, systemic, or logistics",0.15373146533966064
The product interface should be fast. The response time of the product interface should not exceed 2 seconds 90% of the time. For 10% of the time  the response time should not be more than 10 seconds.not be more than 10 seconds.,"not about environmental, organizational, coordination, systemic, or logistics","environmental, organizational, coordination, systemic, or logistics",0.2686692774295807
