Requirement text,Gold label,Predicated label,ZSL score
The system shall refresh the display every 60 seconds.,"usability, security, performance, look & feel, legal, fault & tolerance, maintainability, scalability, availability, or portability","environmental, organizational, coordination, systemic, or logistics",0.9499820470809937
 If projected  the data must be readable.  On a 10x10 projection screen  90% of viewers must be able to read Event / Activity data from a viewing distance of 30,"usability, security, performance, look & feel, legal, fault & tolerance, maintainability, scalability, availability, or portability","usability, security, performance, look & feel, legal, fault & tolerance, maintainability, scalability, availability, or portability",0.9394480586051941
 If projected  the data must be understandable. On a 10x10 projection screen  90% of viewers must be able to determine that Events or Activities are occuring in current time from a viewing distance of 100,"usability, security, performance, look & feel, legal, fault & tolerance, maintainability, scalability, availability, or portability","usability, security, performance, look & feel, legal, fault & tolerance, maintainability, scalability, availability, or portability",0.934445321559906
The product shall ensure that it can only be accessed by authorized users.  The product will be able to distinguish between authorized and unauthorized users in all access attempts,"usability, security, performance, look & feel, legal, fault & tolerance, maintainability, scalability, availability, or portability","usability, security, performance, look & feel, legal, fault & tolerance, maintainability, scalability, availability, or portability",0.9292891025543213
The product shall be intuitive and self-explanatory.  :  90% of new users shall be able to start the display of Events or Activities within 90 minutes of using the product.,"usability, security, performance, look & feel, legal, fault & tolerance, maintainability, scalability, availability, or portability","usability, security, performance, look & feel, legal, fault & tolerance, maintainability, scalability, availability, or portability",0.9278785586357117
The product shall respond fast to keep up-to-date data in the display.,"usability, security, performance, look & feel, legal, fault & tolerance, maintainability, scalability, availability, or portability","environmental, organizational, coordination, systemic, or logistics",0.9349250793457031
The system shall be used by realtors with no training.,"usability, security, performance, look & feel, legal, fault & tolerance, maintainability, scalability, availability, or portability","environmental, organizational, coordination, systemic, or logistics",0.9497848153114319
The system shall be intuitive and self explanatory.,"usability, security, performance, look & feel, legal, fault & tolerance, maintainability, scalability, availability, or portability","environmental, organizational, coordination, systemic, or logistics",0.9461140036582947
The product shall be easy for a realtor to learn.,"usability, security, performance, look & feel, legal, fault & tolerance, maintainability, scalability, availability, or portability","environmental, organizational, coordination, systemic, or logistics",0.9492986798286438
The product shall use symbols and words that are naturally understandable by the realtor community.,"usability, security, performance, look & feel, legal, fault & tolerance, maintainability, scalability, availability, or portability","environmental, organizational, coordination, systemic, or logistics",0.9436416029930115
The product shall produce search results in an acceptable time,"usability, security, performance, look & feel, legal, fault & tolerance, maintainability, scalability, availability, or portability","environmental, organizational, coordination, systemic, or logistics",0.9479919075965881
The search results shall be returned no later 30      seconds  after the user has entered the search criteria,"usability, security, performance, look & feel, legal, fault & tolerance, maintainability, scalability, availability, or portability","environmental, organizational, coordination, systemic, or logistics",0.9339098930358887
The product shall generate a CMA report in an acceptable time.,"usability, security, performance, look & feel, legal, fault & tolerance, maintainability, scalability, availability, or portability","environmental, organizational, coordination, systemic, or logistics",0.951303243637085
The CMA report shall be returned no later 60 seconds after the user has entered the CMA report criteria.,"usability, security, performance, look & feel, legal, fault & tolerance, maintainability, scalability, availability, or portability","usability, security, performance, look & feel, legal, fault & tolerance, maintainability, scalability, availability, or portability",0.9320629835128784
The product shall synchronize contacts and appointments in an acceptable time.,"usability, security, performance, look & feel, legal, fault & tolerance, maintainability, scalability, availability, or portability","environmental, organizational, coordination, systemic, or logistics",0.9438756704330444
The product shall synchronize with the office system every hour.,"usability, security, performance, look & feel, legal, fault & tolerance, maintainability, scalability, availability, or portability","environmental, organizational, coordination, systemic, or logistics",0.9464846849441528
The product shall be installed by an untrained realtor   without recourse to separately-printed instructions.,"usability, security, performance, look & feel, legal, fault & tolerance, maintainability, scalability, availability, or portability","environmental, organizational, coordination, systemic, or logistics",0.9320721626281738
90% of untrained realtors shall be able to install the product on their device without printed instructions,"usability, security, performance, look & feel, legal, fault & tolerance, maintainability, scalability, availability, or portability","usability, security, performance, look & feel, legal, fault & tolerance, maintainability, scalability, availability, or portability",0.9304864406585693
Only registered realtors shall be able to access the system.,"usability, security, performance, look & feel, legal, fault & tolerance, maintainability, scalability, availability, or portability","environmental, organizational, coordination, systemic, or logistics",0.9492655992507935
Every user of the system shall be authenticated and authorized.,"usability, security, performance, look & feel, legal, fault & tolerance, maintainability, scalability, availability, or portability","environmental, organizational, coordination, systemic, or logistics",0.9473703503608704
The product shall prevent its data from incorrect data being introduced.,"usability, security, performance, look & feel, legal, fault & tolerance, maintainability, scalability, availability, or portability","environmental, organizational, coordination, systemic, or logistics",0.9458738565444946
The system shall be easy to use by the Program Administrators/Nursing Staff Members.,"usability, security, performance, look & feel, legal, fault & tolerance, maintainability, scalability, availability, or portability","environmental, organizational, coordination, systemic, or logistics",0.935621976852417
All of the users shall be able to use the system after one day of training.,"usability, security, performance, look & feel, legal, fault & tolerance, maintainability, scalability, availability, or portability","environmental, organizational, coordination, systemic, or logistics",0.9347153306007385
The system shall help the user avoid making mistakes while scheduling classes and clinicals for the nursing students.,"usability, security, performance, look & feel, legal, fault & tolerance, maintainability, scalability, availability, or portability","usability, security, performance, look & feel, legal, fault & tolerance, maintainability, scalability, availability, or portability",0.9286013841629028
The number of mistakes noted by the students shall be decreased by 50% in the first year.,"usability, security, performance, look & feel, legal, fault & tolerance, maintainability, scalability, availability, or portability","environmental, organizational, coordination, systemic, or logistics",0.9289319515228271
The system shall be intuitive to the Program Administrators/Nursing Staff Members.,"usability, security, performance, look & feel, legal, fault & tolerance, maintainability, scalability, availability, or portability","environmental, organizational, coordination, systemic, or logistics",0.9417444467544556
2 out of 3 Program Administrators/Nursing Staff Members shall successfully be able to use the system to manage the scheduling of classes and clinicals.,"usability, security, performance, look & feel, legal, fault & tolerance, maintainability, scalability, availability, or portability","usability, security, performance, look & feel, legal, fault & tolerance, maintainability, scalability, availability, or portability",0.9350720643997192
The system shall use symbols and words that are naturally understandable by the user community.,"usability, security, performance, look & feel, legal, fault & tolerance, maintainability, scalability, availability, or portability","environmental, organizational, coordination, systemic, or logistics",0.9486829042434692
The verbiage used within the system shall be consistent with Standard English and the terminology of the national Nursing Community.,"usability, security, performance, look & feel, legal, fault & tolerance, maintainability, scalability, availability, or portability","usability, security, performance, look & feel, legal, fault & tolerance, maintainability, scalability, availability, or portability",0.9212862849235535
Staff members shall be able to complete a set of tasks in a timely manner.,"usability, security, performance, look & feel, legal, fault & tolerance, maintainability, scalability, availability, or portability","environmental, organizational, coordination, systemic, or logistics",0.9421550035476685
The response time of general student management tasks shall take no longer than 5 seconds and the response time of schedule generation shall take no longer than 30 seconds.,"usability, security, performance, look & feel, legal, fault & tolerance, maintainability, scalability, availability, or portability","usability, security, performance, look & feel, legal, fault & tolerance, maintainability, scalability, availability, or portability",0.9253203272819519
The system shall able to operate within a business office environment typical of the Nursing Department at DePaul University.,"environmental, organizational, coordination, systemic, or logistics","usability, security, performance, look & feel, legal, fault & tolerance, maintainability, scalability, availability, or portability",0.9287019968032837
The system shall be used within the specifications defined by the computers used by the Program Administrators/Nursing Staff Members.,"environmental, organizational, coordination, systemic, or logistics","usability, security, performance, look & feel, legal, fault & tolerance, maintainability, scalability, availability, or portability",0.9320734143257141
The system shall operate within the Windows XP Professional operating system.,"environmental, organizational, coordination, systemic, or logistics","environmental, organizational, coordination, systemic, or logistics",0.9520366787910461
The system shall interface with CampusConnect’s central server,"environmental, organizational, coordination, systemic, or logistics","environmental, organizational, coordination, systemic, or logistics",0.9509602189064026
The system shall interface with the faculty central server.,"environmental, organizational, coordination, systemic, or logistics","environmental, organizational, coordination, systemic, or logistics",0.9472364187240601
The system shall interface with the student master server.,"environmental, organizational, coordination, systemic, or logistics","environmental, organizational, coordination, systemic, or logistics",0.9521552324295044
We must be able to interface with any HTML browser.,"environmental, organizational, coordination, systemic, or logistics","environmental, organizational, coordination, systemic, or logistics",0.9526084661483765
Only authorized users shall have access to clinical site information.,"usability, security, performance, look & feel, legal, fault & tolerance, maintainability, scalability, availability, or portability","environmental, organizational, coordination, systemic, or logistics",0.9494699239730835
Program Administrators/Nursing Staff Members are the only people who shall have access to clinical site details.,"usability, security, performance, look & feel, legal, fault & tolerance, maintainability, scalability, availability, or portability","usability, security, performance, look & feel, legal, fault & tolerance, maintainability, scalability, availability, or portability",0.9361735582351685
Only authorized users shall have access to students’ personal information.,"usability, security, performance, look & feel, legal, fault & tolerance, maintainability, scalability, availability, or portability","environmental, organizational, coordination, systemic, or logistics",0.9480608701705933
Dr Susan Poslusny and Dr Julie Donalek are the only people who shall have access to students’ personal information.,"usability, security, performance, look & feel, legal, fault & tolerance, maintainability, scalability, availability, or portability","usability, security, performance, look & feel, legal, fault & tolerance, maintainability, scalability, availability, or portability",0.9353328943252563
Only authorized users shall have access to the portion of the system that interfaces with CampusConnect.,"usability, security, performance, look & feel, legal, fault & tolerance, maintainability, scalability, availability, or portability","environmental, organizational, coordination, systemic, or logistics",0.9365006685256958
Fit Criterion: Dr Susan Poslusny and Karen Sysol are the only people who shall have access to the final class section scheduling for the system that interfaces with CampusConnect.,"usability, security, performance, look & feel, legal, fault & tolerance, maintainability, scalability, availability, or portability","usability, security, performance, look & feel, legal, fault & tolerance, maintainability, scalability, availability, or portability",0.923796534538269
The system shall have basic data integrity checking to reduce the possibility of incorrect or invalid data being introduced.,"usability, security, performance, look & feel, legal, fault & tolerance, maintainability, scalability, availability, or portability","environmental, organizational, coordination, systemic, or logistics",0.9328281879425049
The system shall protect private information in accordance with the organization’s information policy.,"usability, security, performance, look & feel, legal, fault & tolerance, maintainability, scalability, availability, or portability","environmental, organizational, coordination, systemic, or logistics",0.9409229755401611
The system shall be built such that it is as secure as possible from malicious interference.,"usability, security, performance, look & feel, legal, fault & tolerance, maintainability, scalability, availability, or portability","environmental, organizational, coordination, systemic, or logistics",0.938214123249054
The system shall use the organization’s standard virus protection software to help monitor threats to itself.,"usability, security, performance, look & feel, legal, fault & tolerance, maintainability, scalability, availability, or portability","environmental, organizational, coordination, systemic, or logistics",0.9340013265609741
The list of dispute cases that are displayed after a search is performed must be color coded for easy identification of dispute cases based upon the dispute case status.,"usability, security, performance, look & feel, legal, fault & tolerance, maintainability, scalability, availability, or portability","usability, security, performance, look & feel, legal, fault & tolerance, maintainability, scalability, availability, or portability",0.9321172833442688
100% of the cardmember and merchant services representatives shall use the Disputes application regularly after a 2-day training course.,"usability, security, performance, look & feel, legal, fault & tolerance, maintainability, scalability, availability, or portability","usability, security, performance, look & feel, legal, fault & tolerance, maintainability, scalability, availability, or portability",0.9318363666534424
100% of cardmember services representatives shall be able to successfully create a dispute case on the first encounter after completing the training course.,"usability, security, performance, look & feel, legal, fault & tolerance, maintainability, scalability, availability, or portability","usability, security, performance, look & feel, legal, fault & tolerance, maintainability, scalability, availability, or portability",0.9370002746582031
100% of merchant services representatives shall be able to successfully perform a follow up action on a dispute case on the first encounter after completing the training course.,"usability, security, performance, look & feel, legal, fault & tolerance, maintainability, scalability, availability, or portability","usability, security, performance, look & feel, legal, fault & tolerance, maintainability, scalability, availability, or portability",0.9359948635101318
The maximum wait time for a user navigating from one screen to another within the Disputes application shall be no more than 5 seconds.,"usability, security, performance, look & feel, legal, fault & tolerance, maintainability, scalability, availability, or portability","usability, security, performance, look & feel, legal, fault & tolerance, maintainability, scalability, availability, or portability",0.936678946018219
The Disputes application shall support 350 concurrent users without any degradation of performance in the application.,"usability, security, performance, look & feel, legal, fault & tolerance, maintainability, scalability, availability, or portability","environmental, organizational, coordination, systemic, or logistics",0.9376266002655029
 The Disputes application shall be available 24x7x365  with the exception of the following scheduled maintenance windows.  Monday – Saturday 3:00am to 4:00am EST Sunday 1:00amd to 5:00am EST,"environmental, organizational, coordination, systemic, or logistics","usability, security, performance, look & feel, legal, fault & tolerance, maintainability, scalability, availability, or portability",0.9230645895004272
The Disputes application shall interface with the Statement Database. The Statement Database provides the transaction details to the Disputes System. All transaction details must be obtained from the Statement Database,"environmental, organizational, coordination, systemic, or logistics","usability, security, performance, look & feel, legal, fault & tolerance, maintainability, scalability, availability, or portability",0.9228103756904602
The Disputes application shall interface with the Cardmember Information Database.  The Cardmember Information Database provides detailed information with regard to a cardmember.  All cardmember detail information must be obtained from the Cardmember Information Database.,"environmental, organizational, coordination, systemic, or logistics","usability, security, performance, look & feel, legal, fault & tolerance, maintainability, scalability, availability, or portability",0.9191187620162964
The Disputes applications shall interface with the Merchant Information Database.  The Merchant Information Database provides detailed information with regard to the merchant. All merchant detail information shall be obtained from the Merchant Information Database.,"environmental, organizational, coordination, systemic, or logistics","usability, security, performance, look & feel, legal, fault & tolerance, maintainability, scalability, availability, or portability",0.9171161651611328
The Disputes application shall interface with the Letters application.  This will allow the Disputes application to request letters as part of the dispute initiation and dispute follow up process. All letter requests must be sent to the Print Letter Utility application.,"environmental, organizational, coordination, systemic, or logistics","usability, security, performance, look & feel, legal, fault & tolerance, maintainability, scalability, availability, or portability",0.9170788526535034
The Disputes application shall interface with the Cardmember Posting and Billing System.  This will allow the Disputes application to request adjustments to cardmember and merchant’s accounts. All adjustment requests must be sent to the Cardmember Posting and Billing System.,"environmental, organizational, coordination, systemic, or logistics","usability, security, performance, look & feel, legal, fault & tolerance, maintainability, scalability, availability, or portability",0.9177248477935791
The Disputes application shall ensure that only users with the appropriate access level are allowed to initiate dispute requests.,"usability, security, performance, look & feel, legal, fault & tolerance, maintainability, scalability, availability, or portability","usability, security, performance, look & feel, legal, fault & tolerance, maintainability, scalability, availability, or portability",0.9353011846542358
Only users with Update access must be able to initiate dispute requests.,"usability, security, performance, look & feel, legal, fault & tolerance, maintainability, scalability, availability, or portability","environmental, organizational, coordination, systemic, or logistics",0.9526780247688293
The Disputes application shall ensure that only authorized users are allowed to logon to the application.,"usability, security, performance, look & feel, legal, fault & tolerance, maintainability, scalability, availability, or portability","environmental, organizational, coordination, systemic, or logistics",0.9306824207305908
 All authorized users  once authenticated must be able to logon to the Disputes System,"usability, security, performance, look & feel, legal, fault & tolerance, maintainability, scalability, availability, or portability","environmental, organizational, coordination, systemic, or logistics",0.9373701810836792
The Disputes System shall generate a User Report that details any new users that have been added and any changes to an existing user’s access level.  The report will be reviewed for auditing purposes.,"usability, security, performance, look & feel, legal, fault & tolerance, maintainability, scalability, availability, or portability","usability, security, performance, look & feel, legal, fault & tolerance, maintainability, scalability, availability, or portability",0.9312642216682434
All additions of new users and modifications to user’s access shall be recorded on the User Report.,"usability, security, performance, look & feel, legal, fault & tolerance, maintainability, scalability, availability, or portability","usability, security, performance, look & feel, legal, fault & tolerance, maintainability, scalability, availability, or portability",0.9346709847450256
 If a user account is revoked  it can only be re-instantiated by the System Administrator.,"usability, security, performance, look & feel, legal, fault & tolerance, maintainability, scalability, availability, or portability","environmental, organizational, coordination, systemic, or logistics",0.9383732080459595
Only the System Administrator shall be able to reset a revoked user logon account,"usability, security, performance, look & feel, legal, fault & tolerance, maintainability, scalability, availability, or portability","environmental, organizational, coordination, systemic, or logistics",0.9439644813537598
The Disputes application shall manipulate and view business data. Users will not have direct access to data files or databases.,"usability, security, performance, look & feel, legal, fault & tolerance, maintainability, scalability, availability, or portability","usability, security, performance, look & feel, legal, fault & tolerance, maintainability, scalability, availability, or portability",0.9341251850128174
All updates to data files or database must be initiated from the Disputes System.,"usability, security, performance, look & feel, legal, fault & tolerance, maintainability, scalability, availability, or portability","environmental, organizational, coordination, systemic, or logistics",0.9443042874336243
The product must support Internet Explorer 5.5 and above.,"environmental, organizational, coordination, systemic, or logistics","environmental, organizational, coordination, systemic, or logistics",0.9471667408943176
The product must support Mozilla Firefox 1.0 and above.,"environmental, organizational, coordination, systemic, or logistics","environmental, organizational, coordination, systemic, or logistics",0.9459657669067383
The product shall interface with the Choice Parts System.  This provides the feed of recycled parts data.,"environmental, organizational, coordination, systemic, or logistics","environmental, organizational, coordination, systemic, or logistics",0.938886284828186
The product shall run on the existing hardware for all environments.,"environmental, organizational, coordination, systemic, or logistics","environmental, organizational, coordination, systemic, or logistics",0.9507235884666443
The product shall adhere to the corporate Architecture guidelines,"environmental, organizational, coordination, systemic, or logistics","environmental, organizational, coordination, systemic, or logistics",0.9347058534622192
The product shall be easy to use by Adjusters and Collision Estimators.  95% of Adjusters and Collision Estimators shall find the product easy to use.,"usability, security, performance, look & feel, legal, fault & tolerance, maintainability, scalability, availability, or portability","usability, security, performance, look & feel, legal, fault & tolerance, maintainability, scalability, availability, or portability",0.9195991158485413
The product shall increase productivity of Collision Estimators. 80% of the Collision Estimators shall agree their productivity has increase within 1 month of using the product.,"usability, security, performance, look & feel, legal, fault & tolerance, maintainability, scalability, availability, or portability","usability, security, performance, look & feel, legal, fault & tolerance, maintainability, scalability, availability, or portability",0.9228101968765259
Users shall feel satisfied using the product.  85% of all users will be satisfied with the product.,"usability, security, performance, look & feel, legal, fault & tolerance, maintainability, scalability, availability, or portability","environmental, organizational, coordination, systemic, or logistics",0.9273984432220459
The product shall be easy to learn by Adjusters and Collision Estimators.  The product shall be learned with two days onsite training,"usability, security, performance, look & feel, legal, fault & tolerance, maintainability, scalability, availability, or portability","usability, security, performance, look & feel, legal, fault & tolerance, maintainability, scalability, availability, or portability",0.9315427541732788
The user shall easily locate instructions while using the product.  User help can be found within 90% of the system.,"usability, security, performance, look & feel, legal, fault & tolerance, maintainability, scalability, availability, or portability","usability, security, performance, look & feel, legal, fault & tolerance, maintainability, scalability, availability, or portability",0.9269170165061951
The search for recycled parts shall take no longer than 15 seconds.  The search results shall be returned in under 15 seconds.,"usability, security, performance, look & feel, legal, fault & tolerance, maintainability, scalability, availability, or portability","usability, security, performance, look & feel, legal, fault & tolerance, maintainability, scalability, availability, or portability",0.9370385408401489
The search for the preferred repair facility shall take no longer than 8 seconds.  The preferred repair facility is returned within 8 seconds,"usability, security, performance, look & feel, legal, fault & tolerance, maintainability, scalability, availability, or portability","usability, security, performance, look & feel, legal, fault & tolerance, maintainability, scalability, availability, or portability",0.9312721490859985
The recycled parts audit report shall be returned to the user within 10 seconds.  The audit report shall be returned within 10 seconds.,"usability, security, performance, look & feel, legal, fault & tolerance, maintainability, scalability, availability, or portability","usability, security, performance, look & feel, legal, fault & tolerance, maintainability, scalability, availability, or portability",0.931958794593811
The preferred repair facility ratings shall be saved within 5 seconds. The save shall occur within 5 seconds.,"usability, security, performance, look & feel, legal, fault & tolerance, maintainability, scalability, availability, or portability","environmental, organizational, coordination, systemic, or logistics",0.9226155877113342
 For estimators  the product shall be able to be operated in a repair facility during dirty and noisy conditions.,"environmental, organizational, coordination, systemic, or logistics","usability, security, performance, look & feel, legal, fault & tolerance, maintainability, scalability, availability, or portability",0.929755449295044
The product shall interface with the ChoiceParts system once per day at approximately 1:00 AM.,"environmental, organizational, coordination, systemic, or logistics","environmental, organizational, coordination, systemic, or logistics",0.938922107219696
The maintenance of the product will fall within the established corporate maintenance windows.,"environmental, organizational, coordination, systemic, or logistics","environmental, organizational, coordination, systemic, or logistics",0.9337118268013
The product shall be supported using the corporate support center.,"environmental, organizational, coordination, systemic, or logistics","environmental, organizational, coordination, systemic, or logistics",0.9458288550376892
Product installations and upgrades shall be handled by the middleware technology team within established launch time frames.,"environmental, organizational, coordination, systemic, or logistics","environmental, organizational, coordination, systemic, or logistics",0.9327978491783142
Only adjusters can request recycled parts audit reports. No users without an adjuster role shall request recycled parts audits.,"usability, security, performance, look & feel, legal, fault & tolerance, maintainability, scalability, availability, or portability","usability, security, performance, look & feel, legal, fault & tolerance, maintainability, scalability, availability, or portability",0.9277154207229614
Only adjusters with a supervisor role can update preferred repair facility ratings. Users without the supervisor role cannot access the repair facility ratings.,"usability, security, performance, look & feel, legal, fault & tolerance, maintainability, scalability, availability, or portability","usability, security, performance, look & feel, legal, fault & tolerance, maintainability, scalability, availability, or portability",0.9282039403915405
Only collision estimators shall search for recycled parts.  Users without the collision estimator role shall not have access to the search for recycled parts.,"usability, security, performance, look & feel, legal, fault & tolerance, maintainability, scalability, availability, or portability","usability, security, performance, look & feel, legal, fault & tolerance, maintainability, scalability, availability, or portability",0.9248563051223755
Only valid data shall be entered into the system.  No invalid data shall be entered into the system.,"usability, security, performance, look & feel, legal, fault & tolerance, maintainability, scalability, availability, or portability","environmental, organizational, coordination, systemic, or logistics",0.9230421185493469
One insurance company shall not be able to view another insurance companys claim data.,"usability, security, performance, look & feel, legal, fault & tolerance, maintainability, scalability, availability, or portability","environmental, organizational, coordination, systemic, or logistics",0.9373320937156677
The product shall free of computer viruses.,"usability, security, performance, look & feel, legal, fault & tolerance, maintainability, scalability, availability, or portability","environmental, organizational, coordination, systemic, or logistics",0.9367109537124634
The system shall prevent malicious attacks including denial of service.,"usability, security, performance, look & feel, legal, fault & tolerance, maintainability, scalability, availability, or portability","environmental, organizational, coordination, systemic, or logistics",0.9571018815040588
 The product must work with most database management systems (DBMS) on the market  whether the DBMS is colocated with the product on the same machine or is located on a different machine on the computer network.,"environmental, organizational, coordination, systemic, or logistics","usability, security, performance, look & feel, legal, fault & tolerance, maintainability, scalability, availability, or portability",0.91475909948349
The product will function alongside server software on any operating system where the Java runtime can be installed.,"environmental, organizational, coordination, systemic, or logistics","environmental, organizational, coordination, systemic, or logistics",0.9342694282531738
The product will require collaboration with a database management system (DBMS).  The DBMS may be located on the same machine as the product or on a separate machine residing on the same computer network.,"environmental, organizational, coordination, systemic, or logistics","usability, security, performance, look & feel, legal, fault & tolerance, maintainability, scalability, availability, or portability",0.9239516258239746
 The product must make use of web/application server technology.  Open source examples include Apache web server  Tomcat  and the JBoss application server.,"environmental, organizational, coordination, systemic, or logistics","usability, security, performance, look & feel, legal, fault & tolerance, maintainability, scalability, availability, or portability",0.9305197596549988
 A database management system such as Oracle  DB2  MySql or HSQL will need to be integrated with the product.,"environmental, organizational, coordination, systemic, or logistics","environmental, organizational, coordination, systemic, or logistics",0.9337862133979797
The product shall make the users want to use it. 80% of the users surveyed report they are regularly using the product after the first 2 weeks post-launch.,"usability, security, performance, look & feel, legal, fault & tolerance, maintainability, scalability, availability, or portability","usability, security, performance, look & feel, legal, fault & tolerance, maintainability, scalability, availability, or portability",0.9252007007598877
The product shall be easy to use. 90% of users will be able to successfully reserve a conference room within 5 minutes of product use.,"usability, security, performance, look & feel, legal, fault & tolerance, maintainability, scalability, availability, or portability","usability, security, performance, look & feel, legal, fault & tolerance, maintainability, scalability, availability, or portability",0.939724326133728
The product shall give users feedback when necessary. 80% of the users surveyed report that the product accurately confirms their actions.,"usability, security, performance, look & feel, legal, fault & tolerance, maintainability, scalability, availability, or portability","usability, security, performance, look & feel, legal, fault & tolerance, maintainability, scalability, availability, or portability",0.9362832307815552
The product shall allow the user to select a chosen language from one of the target market countries.,"usability, security, performance, look & feel, legal, fault & tolerance, maintainability, scalability, availability, or portability","environmental, organizational, coordination, systemic, or logistics",0.9334313273429871
The product shall allow for customization of start page and views preferences.,"usability, security, performance, look & feel, legal, fault & tolerance, maintainability, scalability, availability, or portability","environmental, organizational, coordination, systemic, or logistics",0.9448188543319702
 An employee will be able to successfully use the product within a few minutes.  After informally navigating the product for less than 15 minutes  users shall be able to successfully setup meetings and reserve conference rooms.,"usability, security, performance, look & feel, legal, fault & tolerance, maintainability, scalability, availability, or portability","usability, security, performance, look & feel, legal, fault & tolerance, maintainability, scalability, availability, or portability",0.9305978417396545
The product shall use a standard navigation menu familiar to most web users.,"usability, security, performance, look & feel, legal, fault & tolerance, maintainability, scalability, availability, or portability","environmental, organizational, coordination, systemic, or logistics",0.9450246095657349
The product shall allow for intuitive searching of available conference rooms.,"usability, security, performance, look & feel, legal, fault & tolerance, maintainability, scalability, availability, or portability","environmental, organizational, coordination, systemic, or logistics",0.9477137923240662
The product shall conform to the Americans with Disabilities Act.,"usability, security, performance, look & feel, legal, fault & tolerance, maintainability, scalability, availability, or portability","environmental, organizational, coordination, systemic, or logistics",0.9491039514541626
The response shall be fast enough to avoid interrupting the user’s flow of thought.  90% of tasks shall complete within 5 seconds.  98% of tasks shall complete within 8 seconds.,"usability, security, performance, look & feel, legal, fault & tolerance, maintainability, scalability, availability, or portability","usability, security, performance, look & feel, legal, fault & tolerance, maintainability, scalability, availability, or portability",0.9288174510002136
The product shall be used in office environments.,"environmental, organizational, coordination, systemic, or logistics","environmental, organizational, coordination, systemic, or logistics",0.9429318308830261
The product must be able to interface with any HTML browser.  The product shall transmit data between the user and the product without problems. The product shall display HTML properly in 80% of all HTML browsers tested (minimum is to test 8 browsers).,"environmental, organizational, coordination, systemic, or logistics","usability, security, performance, look & feel, legal, fault & tolerance, maintainability, scalability, availability, or portability",0.9125866889953613
The product must be able to interface with various database management systems. The product shall communicate successfully with the database management system on 100% of all transactions.,"environmental, organizational, coordination, systemic, or logistics","usability, security, performance, look & feel, legal, fault & tolerance, maintainability, scalability, availability, or portability",0.9338505864143372
The product must be able to interface with various email servers. The product shall be able to send email.,"environmental, organizational, coordination, systemic, or logistics","usability, security, performance, look & feel, legal, fault & tolerance, maintainability, scalability, availability, or portability",0.9246964454650879
The product shall be available for distribution via the Internet as a binary or ZIP file.,"environmental, organizational, coordination, systemic, or logistics","environmental, organizational, coordination, systemic, or logistics",0.9375354647636414
The product shall be available for distribution as a packaged CD.,"environmental, organizational, coordination, systemic, or logistics","environmental, organizational, coordination, systemic, or logistics",0.9433443546295166
 The product will be available for licensing as a one-server  two-five servers  or five-or-more servers license.,"environmental, organizational, coordination, systemic, or logistics","usability, security, performance, look & feel, legal, fault & tolerance, maintainability, scalability, availability, or portability",0.926342785358429
A new user must be able to be added to the system within 10 minutes.  90% of new users are able to log into the system within 10 minutes.,"usability, security, performance, look & feel, legal, fault & tolerance, maintainability, scalability, availability, or portability","usability, security, performance, look & feel, legal, fault & tolerance, maintainability, scalability, availability, or portability",0.9294942617416382
Every registered user will have access to the product’s support site via the Internet.  70% of registered users shall find a solution to their problem within 5 minutes of using the support site.,"usability, security, performance, look & feel, legal, fault & tolerance, maintainability, scalability, availability, or portability","usability, security, performance, look & feel, legal, fault & tolerance, maintainability, scalability, availability, or portability",0.9297510981559753
 The product shall be translated into foreign languages other than the target market countries’ languages in future releases.  For each emerging target market  it shall take no more than 5 days to configure the product for that market’s language.,"usability, security, performance, look & feel, legal, fault & tolerance, maintainability, scalability, availability, or portability","usability, security, performance, look & feel, legal, fault & tolerance, maintainability, scalability, availability, or portability",0.9226141571998596
 The product is expected to integrate with multiple database management systems.  The product will operate with Oracle  SQL Server  DB2  MySQL  HSQL  and MS Access.,"environmental, organizational, coordination, systemic, or logistics","usability, security, performance, look & feel, legal, fault & tolerance, maintainability, scalability, availability, or portability",0.9317335486412048
The product shall be able to be installed in any operating environment within 2 days.,"environmental, organizational, coordination, systemic, or logistics","environmental, organizational, coordination, systemic, or logistics",0.9396541118621826
The product shall ensure that only company employees or external users with company-approved user IDs may have product access.  100% of all logons shall be by either company employees or external users with company-approved user IDs.,"usability, security, performance, look & feel, legal, fault & tolerance, maintainability, scalability, availability, or portability","usability, security, performance, look & feel, legal, fault & tolerance, maintainability, scalability, availability, or portability",0.914478063583374
Only managers are able to perform search queries for reservations by user.  100% of all search queries for reservations by user shall be from logons of only management logons.,"usability, security, performance, look & feel, legal, fault & tolerance, maintainability, scalability, availability, or portability","usability, security, performance, look & feel, legal, fault & tolerance, maintainability, scalability, availability, or portability",0.932715892791748
The product shall ensure that the database’s data corresponds to the data entered by the user.  Each conference room reservation in the system will contain the same information as was entered by the user.,"usability, security, performance, look & feel, legal, fault & tolerance, maintainability, scalability, availability, or portability","usability, security, performance, look & feel, legal, fault & tolerance, maintainability, scalability, availability, or portability",0.9179797768592834
The product shall prevent the input of malicious data.  The product and/or adjacent hardware/software systems’ data shall remain 100% uncorrupted each time malicious data is input into the product.,"usability, security, performance, look & feel, legal, fault & tolerance, maintainability, scalability, availability, or portability","usability, security, performance, look & feel, legal, fault & tolerance, maintainability, scalability, availability, or portability",0.9284807443618774
The product shall have the ability to receive automatic software updates as new threats emerge.  100% of customers will be able to receive automatic software updates transmitted to the installed product.,"usability, security, performance, look & feel, legal, fault & tolerance, maintainability, scalability, availability, or portability","usability, security, performance, look & feel, legal, fault & tolerance, maintainability, scalability, availability, or portability",0.9307776093482971
The product shall be able to display calendar dates and times according to the user’s locale.  90% of survey respondents from each target market country will find that the date and time formatting of the product is correct.,"usability, security, performance, look & feel, legal, fault & tolerance, maintainability, scalability, availability, or portability","usability, security, performance, look & feel, legal, fault & tolerance, maintainability, scalability, availability, or portability",0.921237587928772
The product must be developed with the J2SE/J2EE programming language libraries,"environmental, organizational, coordination, systemic, or logistics","environmental, organizational, coordination, systemic, or logistics",0.9396330714225769
Recreation of Inventory Quantity Adjustment for the period of previous 30 days shall take no more than 30min.,"usability, security, performance, look & feel, legal, fault & tolerance, maintainability, scalability, availability, or portability","usability, security, performance, look & feel, legal, fault & tolerance, maintainability, scalability, availability, or portability",0.9354173541069031
The System shall allow for a minimum of  6 users to work at the same time.,"usability, security, performance, look & feel, legal, fault & tolerance, maintainability, scalability, availability, or portability","environmental, organizational, coordination, systemic, or logistics",0.939437747001648
The System shall utilize currently owned computer equipment.,"environmental, organizational, coordination, systemic, or logistics","environmental, organizational, coordination, systemic, or logistics",0.9436871409416199
The System shall be able to automatically backup business data and restore them on demand.,"environmental, organizational, coordination, systemic, or logistics","environmental, organizational, coordination, systemic, or logistics",0.9354801177978516
The System shall maintain consistent security.  Any changes in user passwords and/or permissions should take affect in all parts of the System.,"usability, security, performance, look & feel, legal, fault & tolerance, maintainability, scalability, availability, or portability","usability, security, performance, look & feel, legal, fault & tolerance, maintainability, scalability, availability, or portability",0.9310967922210693
The System shall granularly control access rights to all major subsystems.  It should be possible to assign access rights to all subsystems independently.,"usability, security, performance, look & feel, legal, fault & tolerance, maintainability, scalability, availability, or portability","usability, security, performance, look & feel, legal, fault & tolerance, maintainability, scalability, availability, or portability",0.9316879510879517
The System shall not require additional third party licenses resulting in royalty fees.,"environmental, organizational, coordination, systemic, or logistics","environmental, organizational, coordination, systemic, or logistics",0.9467740058898926
Administrator shall be able to activate a pre-paid card via the Administration section in under 5 seconds.,"usability, security, performance, look & feel, legal, fault & tolerance, maintainability, scalability, availability, or portability","usability, security, performance, look & feel, legal, fault & tolerance, maintainability, scalability, availability, or portability",0.9259867072105408
 Customer shall be able to check the status of their prepaid card  by entering in the PIN number  in under 5 seconds.,"usability, security, performance, look & feel, legal, fault & tolerance, maintainability, scalability, availability, or portability","usability, security, performance, look & feel, legal, fault & tolerance, maintainability, scalability, availability, or portability",0.9331949949264526
System shall let customers register on the website as a “pay as you go” user in under 5 minutes.,"usability, security, performance, look & feel, legal, fault & tolerance, maintainability, scalability, availability, or portability","usability, security, performance, look & feel, legal, fault & tolerance, maintainability, scalability, availability, or portability",0.9298076629638672
System shall let customers register on the website as a “unlimited movie subscriber” user in under 10 minutes.,"usability, security, performance, look & feel, legal, fault & tolerance, maintainability, scalability, availability, or portability","usability, security, performance, look & feel, legal, fault & tolerance, maintainability, scalability, availability, or portability",0.933498203754425
System shall let existing customers log into the website with their email address and password in under 5 seconds.,"usability, security, performance, look & feel, legal, fault & tolerance, maintainability, scalability, availability, or portability","environmental, organizational, coordination, systemic, or logistics",0.9352537393569946
 System shall let customers cancel their account  process shall take no longer than 2 minutes.  Database will mark the account as inactive  and user will not be able to log into the website.,"usability, security, performance, look & feel, legal, fault & tolerance, maintainability, scalability, availability, or portability","usability, security, performance, look & feel, legal, fault & tolerance, maintainability, scalability, availability, or portability",0.9259424209594727
System shall let administrator de-activate a customer account in under 1 minute. Customer will no longer be able to access the website.,"usability, security, performance, look & feel, legal, fault & tolerance, maintainability, scalability, availability, or portability","usability, security, performance, look & feel, legal, fault & tolerance, maintainability, scalability, availability, or portability",0.9396677017211914
System shall let administrator add/remove movies on the website in under 5 minutes.  Entered movie information will be stored in the database and will now be available on the website.,"usability, security, performance, look & feel, legal, fault & tolerance, maintainability, scalability, availability, or portability","usability, security, performance, look & feel, legal, fault & tolerance, maintainability, scalability, availability, or portability",0.9270046949386597
System shall let the administrator add/remove categories on the website in under 5 minutes.,"usability, security, performance, look & feel, legal, fault & tolerance, maintainability, scalability, availability, or portability","environmental, organizational, coordination, systemic, or logistics",0.9375457763671875
System shall let Izogn Manager access sales and usage statistics in under 2 minutes.,"usability, security, performance, look & feel, legal, fault & tolerance, maintainability, scalability, availability, or portability","environmental, organizational, coordination, systemic, or logistics",0.9443569779396057
System shall let administrators generate unique pre-paid pins in under 2 minutes and generate an Excel file with the generated PINs.,"usability, security, performance, look & feel, legal, fault & tolerance, maintainability, scalability, availability, or portability","usability, security, performance, look & feel, legal, fault & tolerance, maintainability, scalability, availability, or portability",0.928839385509491
The product should be able to be used by 90% of novice users on the Internet.,"usability, security, performance, look & feel, legal, fault & tolerance, maintainability, scalability, availability, or portability","environmental, organizational, coordination, systemic, or logistics",0.9290926456451416
 Users should only have to navigate through a maximum of 4 pages  to create an account with the website.,"usability, security, performance, look & feel, legal, fault & tolerance, maintainability, scalability, availability, or portability","environmental, organizational, coordination, systemic, or logistics",0.9325058460235596
Users should be able to access their streaming movies in under 2 clicks after logging into the website.,"usability, security, performance, look & feel, legal, fault & tolerance, maintainability, scalability, availability, or portability","environmental, organizational, coordination, systemic, or logistics",0.9327462315559387
An anonymous survey will show that 70% of customers are comfortable purchasing streaming movies after 2 weeks using the website.,"usability, security, performance, look & feel, legal, fault & tolerance, maintainability, scalability, availability, or portability","usability, security, performance, look & feel, legal, fault & tolerance, maintainability, scalability, availability, or portability",0.9299593567848206
An anonymous survey will show that 95% of customers are comfortable using and purchasing pre-paid cards after a month of using the system.,"usability, security, performance, look & feel, legal, fault & tolerance, maintainability, scalability, availability, or portability","usability, security, performance, look & feel, legal, fault & tolerance, maintainability, scalability, availability, or portability",0.9308674335479736
The product shall retain the customer’s buying preferences and information.,"usability, security, performance, look & feel, legal, fault & tolerance, maintainability, scalability, availability, or portability","environmental, organizational, coordination, systemic, or logistics",0.9460397362709045
The product shall be easy for customers with novice skills on the  Internet to purchase and watch streaming movies.  Customers should be able to purchase and watch a pre-determined movie in under 3 minutes.,"usability, security, performance, look & feel, legal, fault & tolerance, maintainability, scalability, availability, or portability","usability, security, performance, look & feel, legal, fault & tolerance, maintainability, scalability, availability, or portability",0.9165782928466797
The product shall use symbols and words that are naturally understandable by users familiar with websites,"usability, security, performance, look & feel, legal, fault & tolerance, maintainability, scalability, availability, or portability","environmental, organizational, coordination, systemic, or logistics",0.9502876400947571
The website will use standard Internet conventions when interacting with the user.,"usability, security, performance, look & feel, legal, fault & tolerance, maintainability, scalability, availability, or portability","environmental, organizational, coordination, systemic, or logistics",0.9508405923843384
 Any interface between a user and the automated system shall have a maximum response time of 5 seconds  unless noted by an exception below.,"usability, security, performance, look & feel, legal, fault & tolerance, maintainability, scalability, availability, or portability","usability, security, performance, look & feel, legal, fault & tolerance, maintainability, scalability, availability, or portability",0.9281198978424072
 When purchasing a streaming movie or pre-paid card via credit card  the processing time should have a maximum response time of 15 seconds.,"usability, security, performance, look & feel, legal, fault & tolerance, maintainability, scalability, availability, or portability","usability, security, performance, look & feel, legal, fault & tolerance, maintainability, scalability, availability, or portability",0.9368239045143127
 When streaming a movie  the buffering time should take no longer than 10 seconds (plus any latency on the user’s connection.),"usability, security, performance, look & feel, legal, fault & tolerance, maintainability, scalability, availability, or portability","usability, security, performance, look & feel, legal, fault & tolerance, maintainability, scalability, availability, or portability",0.939281702041626
 While streaming a movie  buffering should only occur if there is latency in the user’s connection.,"usability, security, performance, look & feel, legal, fault & tolerance, maintainability, scalability, availability, or portability","environmental, organizational, coordination, systemic, or logistics",0.9339130520820618
 All credit card information will be secured on the server  and only accessible by authorized Izogn administrators.  Information will be encrypted in the database.,"usability, security, performance, look & feel, legal, fault & tolerance, maintainability, scalability, availability, or portability","usability, security, performance, look & feel, legal, fault & tolerance, maintainability, scalability, availability, or portability",0.9370788335800171
All aspects of the website shall be accessed by a web browser over the Internet.,"environmental, organizational, coordination, systemic, or logistics","environmental, organizational, coordination, systemic, or logistics",0.9397816061973572
The same hardware supporting the current website will be used to support the new system.,"environmental, organizational, coordination, systemic, or logistics","environmental, organizational, coordination, systemic, or logistics",0.9426912069320679
 We must be able to interface with the following browsers: IE 5.X  6.0  Netscape 6.x  7.x  8.x and Firefox 1.0.,"environmental, organizational, coordination, systemic, or logistics","usability, security, performance, look & feel, legal, fault & tolerance, maintainability, scalability, availability, or portability",0.9248353838920593
Website must interface with the CyberSource API to process credit card transactions.,"environmental, organizational, coordination, systemic, or logistics","environmental, organizational, coordination, systemic, or logistics",0.9480290412902832
Website must be fully operational with MSN TV2.,"environmental, organizational, coordination, systemic, or logistics","environmental, organizational, coordination, systemic, or logistics",0.9455960988998413
Movies shall be encoded and streamed via Windows Media Player 9.0.,"environmental, organizational, coordination, systemic, or logistics","environmental, organizational, coordination, systemic, or logistics",0.9443676471710205
Movies shall be encoded for 56k and 256k streams.,"environmental, organizational, coordination, systemic, or logistics","environmental, organizational, coordination, systemic, or logistics",0.9456603527069092
Izogn Administrator must be able to update the category listings on the website within 2 minutes.,"usability, security, performance, look & feel, legal, fault & tolerance, maintainability, scalability, availability, or portability","environmental, organizational, coordination, systemic, or logistics",0.9335987567901611
Izogn Administrator must be able to add new products to the website within 2 minutes.,"usability, security, performance, look & feel, legal, fault & tolerance, maintainability, scalability, availability, or portability","environmental, organizational, coordination, systemic, or logistics",0.9373736381530762
The website will provide a help section with answers and solutions to common problems.,"usability, security, performance, look & feel, legal, fault & tolerance, maintainability, scalability, availability, or portability","environmental, organizational, coordination, systemic, or logistics",0.9437445998191833
The product shall be able to be installed in the specified environment within 1 working day.,"environmental, organizational, coordination, systemic, or logistics","environmental, organizational, coordination, systemic, or logistics",0.9340649843215942
Only registered customers can purchase streaming movies.,"usability, security, performance, look & feel, legal, fault & tolerance, maintainability, scalability, availability, or portability","environmental, organizational, coordination, systemic, or logistics",0.938401460647583
 A customer can only stream a movie if they purchased it  and are within the 2 day viewing period.,"usability, security, performance, look & feel, legal, fault & tolerance, maintainability, scalability, availability, or portability","environmental, organizational, coordination, systemic, or logistics",0.9308077096939087
Only authorized personnel can access customer records in the database.,"usability, security, performance, look & feel, legal, fault & tolerance, maintainability, scalability, availability, or portability","environmental, organizational, coordination, systemic, or logistics",0.9470506310462952
Only administrators can activate a pre-paid card.,"usability, security, performance, look & feel, legal, fault & tolerance, maintainability, scalability, availability, or portability","environmental, organizational, coordination, systemic, or logistics",0.93809574842453
Only authorized personnel can access sales information.,"usability, security, performance, look & feel, legal, fault & tolerance, maintainability, scalability, availability, or portability","environmental, organizational, coordination, systemic, or logistics",0.935173511505127
The website shall prevent its data from being corrupted when incorrect data is entered in.,"usability, security, performance, look & feel, legal, fault & tolerance, maintainability, scalability, availability, or portability","environmental, organizational, coordination, systemic, or logistics",0.9386703372001648
 The website shall protect itself from intentional abuse  and notify the administrator at all occurrences.,"usability, security, performance, look & feel, legal, fault & tolerance, maintainability, scalability, availability, or portability","environmental, organizational, coordination, systemic, or logistics",0.9436331391334534
Data integrity scripts will be run on a weekly basis to verify the integrity of the database.,"usability, security, performance, look & feel, legal, fault & tolerance, maintainability, scalability, availability, or portability","environmental, organizational, coordination, systemic, or logistics",0.9293290972709656
 The website shall make its user aware of its information practices before collection data from them via a Privacy Policy  accessible on all pages of the website.,"usability, security, performance, look & feel, legal, fault & tolerance, maintainability, scalability, availability, or portability","usability, security, performance, look & feel, legal, fault & tolerance, maintainability, scalability, availability, or portability",0.9429600834846497
The system shall notify customers of changes to its information policy.,"usability, security, performance, look & feel, legal, fault & tolerance, maintainability, scalability, availability, or portability","environmental, organizational, coordination, systemic, or logistics",0.9513822793960571
The system shall reveal private information only in compliance with the organization’s information policy.,"usability, security, performance, look & feel, legal, fault & tolerance, maintainability, scalability, availability, or portability","environmental, organizational, coordination, systemic, or logistics",0.9370474815368652
 All customer information will be stored on a secure database  accessible only to authorized personnel.,"usability, security, performance, look & feel, legal, fault & tolerance, maintainability, scalability, availability, or portability","environmental, organizational, coordination, systemic, or logistics",0.945587694644928
All credit card information will be encrypted in the database.,"usability, security, performance, look & feel, legal, fault & tolerance, maintainability, scalability, availability, or portability","environmental, organizational, coordination, systemic, or logistics",0.9486799240112305
The streaming server will have anti-virus software to prevent infection of malicious viruses.,"usability, security, performance, look & feel, legal, fault & tolerance, maintainability, scalability, availability, or portability","environmental, organizational, coordination, systemic, or logistics",0.9416763186454773
The website should use Flash to provide animation on the home page.,"environmental, organizational, coordination, systemic, or logistics","environmental, organizational, coordination, systemic, or logistics",0.9475800395011902
Total lead cycle time must be completed in 5 minutes for 90% of lead volume between the business hours of 8AM CST to 8PM CST  then 3 minutes for 99% of lead volume during off business hours.,"usability, security, performance, look & feel, legal, fault & tolerance, maintainability, scalability, availability, or portability","usability, security, performance, look & feel, legal, fault & tolerance, maintainability, scalability, availability, or portability",0.9220940470695496
No lead evaluation will complete in a time period longer than 25 seconds for 97% of all leads processed.,"usability, security, performance, look & feel, legal, fault & tolerance, maintainability, scalability, availability, or portability","usability, security, performance, look & feel, legal, fault & tolerance, maintainability, scalability, availability, or portability",0.9389066696166992
For leads that process longer than 25 seconds the system will record the event and duration,"usability, security, performance, look & feel, legal, fault & tolerance, maintainability, scalability, availability, or portability","environmental, organizational, coordination, systemic, or logistics",0.9427920579910278
The process must fit within the processing time conditions set forth by the Auto Rep Assignment process in which a lead is assigned within 3 minutes of the total life cycle.,"usability, security, performance, look & feel, legal, fault & tolerance, maintainability, scalability, availability, or portability","usability, security, performance, look & feel, legal, fault & tolerance, maintainability, scalability, availability, or portability",0.9289484024047852
The lead washing process will operate within the established physical web service structure.,"environmental, organizational, coordination, systemic, or logistics","environmental, organizational, coordination, systemic, or logistics",0.9403673410415649
 The washing process must use a non binding  neutral data format  such as xml  when receiving and processing lead data.,"environmental, organizational, coordination, systemic, or logistics","usability, security, performance, look & feel, legal, fault & tolerance, maintainability, scalability, availability, or portability",0.9351394176483154
The product shall able to handle a large number of games simultaneously.,"usability, security, performance, look & feel, legal, fault & tolerance, maintainability, scalability, availability, or portability","environmental, organizational, coordination, systemic, or logistics",0.9477493762969971
The response time shall be fast enough to maintain the flow of the game.  The response time shall be no more than 2 seconds for 95% of responses and no more than 4% for the remaining responses.,"usability, security, performance, look & feel, legal, fault & tolerance, maintainability, scalability, availability, or portability","usability, security, performance, look & feel, legal, fault & tolerance, maintainability, scalability, availability, or portability",0.9188299775123596
The product shall protect the identity of the players. The product shall provide players no access to information that might reveal the identity of another player.,"usability, security, performance, look & feel, legal, fault & tolerance, maintainability, scalability, availability, or portability","usability, security, performance, look & feel, legal, fault & tolerance, maintainability, scalability, availability, or portability",0.9328067302703857
The product shall be intuitive and self-explanatory.  Nine out ten users shall be able to successfully complete a game with no training.,"usability, security, performance, look & feel, legal, fault & tolerance, maintainability, scalability, availability, or portability","usability, security, performance, look & feel, legal, fault & tolerance, maintainability, scalability, availability, or portability",0.932682454586029
 The product shall be available to players who understand English  Spanish and French.  The product shall allow the user to select the language upon accessing the product.,"usability, security, performance, look & feel, legal, fault & tolerance, maintainability, scalability, availability, or portability","usability, security, performance, look & feel, legal, fault & tolerance, maintainability, scalability, availability, or portability",0.9268345832824707
The product shall provide players no access to information that might reveal the identity of another player,"usability, security, performance, look & feel, legal, fault & tolerance, maintainability, scalability, availability, or portability","environmental, organizational, coordination, systemic, or logistics",0.9335408210754395
The response time shall be fast enough to maintain the flow of the game. The response time shall be no more than 2 seconds for 95% of responses and no more than 4% for the remaining responses.,"usability, security, performance, look & feel, legal, fault & tolerance, maintainability, scalability, availability, or portability","usability, security, performance, look & feel, legal, fault & tolerance, maintainability, scalability, availability, or portability",0.9188299775123596
The system shall be easy to use by callers and supervisors. Callers and supervisors must be able to accomplish any system task within 2 minutes.,"usability, security, performance, look & feel, legal, fault & tolerance, maintainability, scalability, availability, or portability","usability, security, performance, look & feel, legal, fault & tolerance, maintainability, scalability, availability, or portability",0.9232387542724609
The system shall be easy to learn by callers and supervisors. Callers and supervisors shall learn how to use the system within 10 minutes.,"usability, security, performance, look & feel, legal, fault & tolerance, maintainability, scalability, availability, or portability","usability, security, performance, look & feel, legal, fault & tolerance, maintainability, scalability, availability, or portability",0.9248374104499817
 The system shall be responsive. At the DePaul TeleServices Center  when a supervisor uses the system to view a callers schedule  the system response time must be no more than 2 seconds 90% of the time and no more than 5 seconds the rest of the time.,"usability, security, performance, look & feel, legal, fault & tolerance, maintainability, scalability, availability, or portability","usability, security, performance, look & feel, legal, fault & tolerance, maintainability, scalability, availability, or portability",0.9000259637832642
 On a 56k connection  the system response time for all operations must be no more than 6 seconds 90% of the time.,"usability, security, performance, look & feel, legal, fault & tolerance, maintainability, scalability, availability, or portability","usability, security, performance, look & feel, legal, fault & tolerance, maintainability, scalability, availability, or portability",0.9346665143966675
 On a 112k connection or faster  the system response time for all operations must be no more than 3 seconds 90% of the time.,"usability, security, performance, look & feel, legal, fault & tolerance, maintainability, scalability, availability, or portability","usability, security, performance, look & feel, legal, fault & tolerance, maintainability, scalability, availability, or portability",0.9398801326751709
The product shall ensure that only supervisors can advertise empty time slots.The product must ensure that supervisors are allowed to access advertise empty time slots.,"usability, security, performance, look & feel, legal, fault & tolerance, maintainability, scalability, availability, or portability","usability, security, performance, look & feel, legal, fault & tolerance, maintainability, scalability, availability, or portability",0.9339703321456909
The product shall ensure that only supervisors can enter a caller’s schedule.The product must ensure that supervisors are allowed to access advertise empty time slots.,"usability, security, performance, look & feel, legal, fault & tolerance, maintainability, scalability, availability, or portability","usability, security, performance, look & feel, legal, fault & tolerance, maintainability, scalability, availability, or portability",0.9350377917289734
The product shall ensure that only supervisors can view schedule of all callers.The product must ensure that supervisors are allowed to access advertise empty time slots.,"usability, security, performance, look & feel, legal, fault & tolerance, maintainability, scalability, availability, or portability","usability, security, performance, look & feel, legal, fault & tolerance, maintainability, scalability, availability, or portability",0.9341848492622375
The product shall provide Monitoring Services.The product shall be easy for System Administrators and DBAs to use after two weeks of usage.,"usability, security, performance, look & feel, legal, fault & tolerance, maintainability, scalability, availability, or portability","usability, security, performance, look & feel, legal, fault & tolerance, maintainability, scalability, availability, or portability",0.9300435185432434
The product shall provide Error Tracking Services.The product shall help the System Administrators and DBAs to resolve transaction errors 99% of the time.,"usability, security, performance, look & feel, legal, fault & tolerance, maintainability, scalability, availability, or portability","usability, security, performance, look & feel, legal, fault & tolerance, maintainability, scalability, availability, or portability",0.9305157661437988
The product shall provide Portals.The product shall help System Administrators to analyze the transactions with ad-hoc reporting and KPIs (Key Performance Indicators),"usability, security, performance, look & feel, legal, fault & tolerance, maintainability, scalability, availability, or portability","usability, security, performance, look & feel, legal, fault & tolerance, maintainability, scalability, availability, or portability",0.9199338555335999
The product shall provide Asynchronous Messaging.The product shall provide asynchronous messaging to enable parallel processing and reduce the overhead in communications,"usability, security, performance, look & feel, legal, fault & tolerance, maintainability, scalability, availability, or portability","usability, security, performance, look & feel, legal, fault & tolerance, maintainability, scalability, availability, or portability",0.9201579093933105
The product shall provide Multi-threading and Load Balancing.The product shall provide multi-threading technology as well as load balancing to overcome data load spikes and traffic.,"usability, security, performance, look & feel, legal, fault & tolerance, maintainability, scalability, availability, or portability","usability, security, performance, look & feel, legal, fault & tolerance, maintainability, scalability, availability, or portability",0.9217330813407898
The product shall process messages within 2 seconds.The product shall have a maximum message processing time of 2 seconds,"usability, security, performance, look & feel, legal, fault & tolerance, maintainability, scalability, availability, or portability","usability, security, performance, look & feel, legal, fault & tolerance, maintainability, scalability, availability, or portability",0.9231026768684387
The product shall poll the system for messages every second.The product shall poll the system for new messages at a maximum of every 1 second.,"usability, security, performance, look & feel, legal, fault & tolerance, maintainability, scalability, availability, or portability","usability, security, performance, look & feel, legal, fault & tolerance, maintainability, scalability, availability, or portability",0.9290628433227539
The product shall provide Dynamic Change Support and Transparent resource addition.The product shall support Transparent Resource addition and Dynamic Change support to provide scalability and avoid service interruptions of more than 1 day.,"usability, security, performance, look & feel, legal, fault & tolerance, maintainability, scalability, availability, or portability","usability, security, performance, look & feel, legal, fault & tolerance, maintainability, scalability, availability, or portability",0.9212119579315186
The product shall be platform independent.The product shall enable access to any type of development environment and platform.,"environmental, organizational, coordination, systemic, or logistics","usability, security, performance, look & feel, legal, fault & tolerance, maintainability, scalability, availability, or portability",0.9197937250137329
The product shall interface CSR and Datastream.The product shall exchange messages between CSR and EAM on a real time basis without any direct interfaces between two systems.,"environmental, organizational, coordination, systemic, or logistics","usability, security, performance, look & feel, legal, fault & tolerance, maintainability, scalability, availability, or portability",0.9294183254241943
 The product shall have security.The product shall provide authentication  and authorization.,"usability, security, performance, look & feel, legal, fault & tolerance, maintainability, scalability, availability, or portability","environmental, organizational, coordination, systemic, or logistics",0.9374741911888123
The product shall information Security. The product shall enable privacy by encryption WS-Security and Integrity Checking.,"usability, security, performance, look & feel, legal, fault & tolerance, maintainability, scalability, availability, or portability","environmental, organizational, coordination, systemic, or logistics",0.9285487532615662
The product shall have audit capabilities.The product shall store messages for a minimum of one year for audit and transaction tracking purposes.,"usability, security, performance, look & feel, legal, fault & tolerance, maintainability, scalability, availability, or portability","usability, security, performance, look & feel, legal, fault & tolerance, maintainability, scalability, availability, or portability",0.9337731003761292
The system must use a point and click interface. 100% of all selection and navigation functionality must be able to be activated/selected by either a mouse or a keyboard,"usability, security, performance, look & feel, legal, fault & tolerance, maintainability, scalability, availability, or portability","usability, security, performance, look & feel, legal, fault & tolerance, maintainability, scalability, availability, or portability",0.9339165687561035
The interface shall be easy to use. 90% of users should be able to successfully use the system to generate a report on their first use. The interface should adhere to IBM usability standards.,"usability, security, performance, look & feel, legal, fault & tolerance, maintainability, scalability, availability, or portability","usability, security, performance, look & feel, legal, fault & tolerance, maintainability, scalability, availability, or portability",0.9304234981536865
Rreports must be easy to generate. eports must be generated within one button click and exported within one button click (after selecting the report),"usability, security, performance, look & feel, legal, fault & tolerance, maintainability, scalability, availability, or portability","usability, security, performance, look & feel, legal, fault & tolerance, maintainability, scalability, availability, or portability",0.9261700510978699
A user shall be able to use the system without instruction after a short amount of time. After one use a user should understand and remember 90% of the system usage and navigation.,"usability, security, performance, look & feel, legal, fault & tolerance, maintainability, scalability, availability, or portability","usability, security, performance, look & feel, legal, fault & tolerance, maintainability, scalability, availability, or portability",0.9241254925727844
All CCR users shall receive training before the WCS system is deployed. One training session will be held for 100% of CCR users before system deployment (based on a CCR user being available),"usability, security, performance, look & feel, legal, fault & tolerance, maintainability, scalability, availability, or portability","usability, security, performance, look & feel, legal, fault & tolerance, maintainability, scalability, availability, or portability",0.9302054047584534
The WCS system shall use appropriate nomenclature and terminology as defined by the Corporate Community Grants organization. All interfaces and reports will undergo usability tests by CCR users.,"usability, security, performance, look & feel, legal, fault & tolerance, maintainability, scalability, availability, or portability","usability, security, performance, look & feel, legal, fault & tolerance, maintainability, scalability, availability, or portability",0.9316964149475098
The WCS system shall be run in a Windows environment. The WCS shall be accessed by users through the Internet on an IBM computer running a Windows 2000 or above operating system.,"environmental, organizational, coordination, systemic, or logistics","usability, security, performance, look & feel, legal, fault & tolerance, maintainability, scalability, availability, or portability",0.929922342300415
The Brio portion of the WCS system must be able to export files in spreadsheet form (Microsoft Excel and Lotus 1-2-3 formats).  Brio will provide buttons in the user interface that produce/export reports in .xls or .123 file formats.,"environmental, organizational, coordination, systemic, or logistics","usability, security, performance, look & feel, legal, fault & tolerance, maintainability, scalability, availability, or portability",0.909275233745575
The system shall only be accessed by authorized Corporate Community Grants (CCR) employees. Users must be authenticated using their IBM intranet user name and password.,"usability, security, performance, look & feel, legal, fault & tolerance, maintainability, scalability, availability, or portability","usability, security, performance, look & feel, legal, fault & tolerance, maintainability, scalability, availability, or portability",0.9350700974464417
The WCS system shall not allow automatic logins by any user. Cookies containing WCS login information about a user will not be stored on a user’s computer.,"usability, security, performance, look & feel, legal, fault & tolerance, maintainability, scalability, availability, or portability","usability, security, performance, look & feel, legal, fault & tolerance, maintainability, scalability, availability, or portability",0.9382023811340332
Each team owner will need to use a username and password in order to be authenticated to reach the team owner’s page,"usability, security, performance, look & feel, legal, fault & tolerance, maintainability, scalability, availability, or portability","usability, security, performance, look & feel, legal, fault & tolerance, maintainability, scalability, availability, or portability",0.9265516996383667
The Commissioner will be the only authorized user per league to adjust league settings.,"usability, security, performance, look & feel, legal, fault & tolerance, maintainability, scalability, availability, or portability","environmental, organizational, coordination, systemic, or logistics",0.937307596206665
;A new user shall be able to navigate through the league and team pages within 30 seconds of reaching the start-up page.,"usability, security, performance, look & feel, legal, fault & tolerance, maintainability, scalability, availability, or portability","usability, security, performance, look & feel, legal, fault & tolerance, maintainability, scalability, availability, or portability",0.9399718046188354
Users shall be able to reach the ‘add’  ‘drop’  and ‘trade player’ pages with one click from the team owner’s page.,"usability, security, performance, look & feel, legal, fault & tolerance, maintainability, scalability, availability, or portability","usability, security, performance, look & feel, legal, fault & tolerance, maintainability, scalability, availability, or portability",0.934125542640686
;Users shall be able to view at least 25 NFL player statistics and points on each page.,"usability, security, performance, look & feel, legal, fault & tolerance, maintainability, scalability, availability, or portability","usability, security, performance, look & feel, legal, fault & tolerance, maintainability, scalability, availability, or portability",0.9291970133781433
The application shall ask the user to confirm dropping a player or trading a player before performing the action.,"usability, security, performance, look & feel, legal, fault & tolerance, maintainability, scalability, availability, or portability","usability, security, performance, look & feel, legal, fault & tolerance, maintainability, scalability, availability, or portability",0.9278972744941711
The application shall be able to complete every user transaction within one fourth of a second of receiving the request over the network.,"usability, security, performance, look & feel, legal, fault & tolerance, maintainability, scalability, availability, or portability","usability, security, performance, look & feel, legal, fault & tolerance, maintainability, scalability, availability, or portability",0.9250866770744324
The application shall run on a web application server.,"environmental, organizational, coordination, systemic, or logistics","environmental, organizational, coordination, systemic, or logistics",0.9378015995025635
A primary database will be used to store cached data for active users.,"environmental, organizational, coordination, systemic, or logistics","environmental, organizational, coordination, systemic, or logistics",0.9490280747413635
A secondary database will be used to store historical statistics and data.,"environmental, organizational, coordination, systemic, or logistics","environmental, organizational, coordination, systemic, or logistics",0.9484707713127136
98% of the user workstations shall meet the minimum hardware requirements prior to implementation. Minimum Hard Disk Space:  400MB.,"environmental, organizational, coordination, systemic, or logistics","usability, security, performance, look & feel, legal, fault & tolerance, maintainability, scalability, availability, or portability",0.9352625012397766
98% of the user workstations shall meet the minimum software requirements prior to implementation: Microsoft Internet Explorer 5.0. Microsoft .NET Framework 1.1. Microsoft Internet Explorer Web Controls,"environmental, organizational, coordination, systemic, or logistics","usability, security, performance, look & feel, legal, fault & tolerance, maintainability, scalability, availability, or portability",0.9281274676322937
The RFS system should be able to easily interface with the BDW environment  in order to load the data. •;7 data files shall be received from the BDW and loaded into the RFS system within 3 hours one day prior to the start of budgeting process  every year. The data will be as of October month-end. ;Test files (7) shall be loaded up to 5 times throughout the year  from the BDW.,"environmental, organizational, coordination, systemic, or logistics","usability, security, performance, look & feel, legal, fault & tolerance, maintainability, scalability, availability, or portability",0.881244957447052
Only authorized user shall access the RFS system. ONLY users that exist in the UAS system  with the RFS system assigned to their role(s)  shall access the RFS system and use it.,"usability, security, performance, look & feel, legal, fault & tolerance, maintainability, scalability, availability, or portability","usability, security, performance, look & feel, legal, fault & tolerance, maintainability, scalability, availability, or portability",0.9025497436523438
;User access should be limited to the permissions granted to their role(s) Each level in the PCG hierarchy will be assigned a role and users will be assigned to these roles. Access to functionality within RFS system is dependent on the privileges/permission assigned to the role..,"usability, security, performance, look & feel, legal, fault & tolerance, maintainability, scalability, availability, or portability","usability, security, performance, look & feel, legal, fault & tolerance, maintainability, scalability, availability, or portability",0.900490403175354
The users should be able to easily use the system to successfully complete their budgets  within the stipulated time for completion. With a week of training prior to product implementation  98% of the users shall complete their budgets within the stipulated time.,"usability, security, performance, look & feel, legal, fault & tolerance, maintainability, scalability, availability, or portability","usability, security, performance, look & feel, legal, fault & tolerance, maintainability, scalability, availability, or portability",0.9214453101158142
The product interface should be fast. The response time of the product interface should not exceed 2 seconds 90% of the time. For 10% of the time  the response time should not be more than 10 seconds.not be more than 10 seconds.,"usability, security, performance, look & feel, legal, fault & tolerance, maintainability, scalability, availability, or portability","usability, security, performance, look & feel, legal, fault & tolerance, maintainability, scalability, availability, or portability",0.9089361429214478
