Requirement text,Gold label,Predicated label,ZSL score
The system shall refresh the display every 60 seconds.,"not about working, running, connecting, interfacing, or operative environment","working, running, connecting, interfacing, or operative environment",0.9190108776092529
 If projected  the data must be readable.  On a 10x10 projection screen  90% of viewers must be able to read Event / Activity data from a viewing distance of 30,"not about working, running, connecting, interfacing, or operative environment","not about working, running, connecting, interfacing, or operative environment",0.9072070121765137
 If projected  the data must be understandable. On a 10x10 projection screen  90% of viewers must be able to determine that Events or Activities are occuring in current time from a viewing distance of 100,"not about working, running, connecting, interfacing, or operative environment","not about working, running, connecting, interfacing, or operative environment",0.9057576656341553
The product shall ensure that it can only be accessed by authorized users.  The product will be able to distinguish between authorized and unauthorized users in all access attempts,"not about working, running, connecting, interfacing, or operative environment","not about working, running, connecting, interfacing, or operative environment",0.9076675176620483
The product shall be intuitive and self-explanatory.  :  90% of new users shall be able to start the display of Events or Activities within 90 minutes of using the product.,"not about working, running, connecting, interfacing, or operative environment","not about working, running, connecting, interfacing, or operative environment",0.9056954383850098
The product shall respond fast to keep up-to-date data in the display.,"not about working, running, connecting, interfacing, or operative environment","not about working, running, connecting, interfacing, or operative environment",0.9268720746040344
The system shall be used by realtors with no training.,"not about working, running, connecting, interfacing, or operative environment","not about working, running, connecting, interfacing, or operative environment",0.9345316886901855
The system shall be intuitive and self explanatory.,"not about working, running, connecting, interfacing, or operative environment","working, running, connecting, interfacing, or operative environment",0.920030951499939
The product shall be easy for a realtor to learn.,"not about working, running, connecting, interfacing, or operative environment","working, running, connecting, interfacing, or operative environment",0.9260088801383972
The product shall use symbols and words that are naturally understandable by the realtor community.,"not about working, running, connecting, interfacing, or operative environment","not about working, running, connecting, interfacing, or operative environment",0.9335238337516785
The product shall produce search results in an acceptable time,"not about working, running, connecting, interfacing, or operative environment","working, running, connecting, interfacing, or operative environment",0.9247499108314514
The search results shall be returned no later 30      seconds  after the user has entered the search criteria,"not about working, running, connecting, interfacing, or operative environment","not about working, running, connecting, interfacing, or operative environment",0.9218361973762512
The product shall generate a CMA report in an acceptable time.,"not about working, running, connecting, interfacing, or operative environment","not about working, running, connecting, interfacing, or operative environment",0.9352788329124451
The CMA report shall be returned no later 60 seconds after the user has entered the CMA report criteria.,"not about working, running, connecting, interfacing, or operative environment","not about working, running, connecting, interfacing, or operative environment",0.9207909107208252
The product shall synchronize contacts and appointments in an acceptable time.,"not about working, running, connecting, interfacing, or operative environment","not about working, running, connecting, interfacing, or operative environment",0.9258769154548645
The product shall synchronize with the office system every hour.,"not about working, running, connecting, interfacing, or operative environment","working, running, connecting, interfacing, or operative environment",0.9250065088272095
The product shall be installed by an untrained realtor   without recourse to separately-printed instructions.,"not about working, running, connecting, interfacing, or operative environment","not about working, running, connecting, interfacing, or operative environment",0.9277141690254211
90% of untrained realtors shall be able to install the product on their device without printed instructions,"not about working, running, connecting, interfacing, or operative environment","not about working, running, connecting, interfacing, or operative environment",0.9256221652030945
Only registered realtors shall be able to access the system.,"not about working, running, connecting, interfacing, or operative environment","not about working, running, connecting, interfacing, or operative environment",0.9318053126335144
Every user of the system shall be authenticated and authorized.,"not about working, running, connecting, interfacing, or operative environment","not about working, running, connecting, interfacing, or operative environment",0.9231075048446655
The product shall prevent its data from incorrect data being introduced.,"not about working, running, connecting, interfacing, or operative environment","not about working, running, connecting, interfacing, or operative environment",0.9258701801300049
The system shall be easy to use by the Program Administrators/Nursing Staff Members.,"not about working, running, connecting, interfacing, or operative environment","not about working, running, connecting, interfacing, or operative environment",0.9281495213508606
All of the users shall be able to use the system after one day of training.,"not about working, running, connecting, interfacing, or operative environment","not about working, running, connecting, interfacing, or operative environment",0.9252806305885315
The system shall help the user avoid making mistakes while scheduling classes and clinicals for the nursing students.,"not about working, running, connecting, interfacing, or operative environment","not about working, running, connecting, interfacing, or operative environment",0.9160447120666504
The number of mistakes noted by the students shall be decreased by 50% in the first year.,"not about working, running, connecting, interfacing, or operative environment","not about working, running, connecting, interfacing, or operative environment",0.9281015396118164
The system shall be intuitive to the Program Administrators/Nursing Staff Members.,"not about working, running, connecting, interfacing, or operative environment","not about working, running, connecting, interfacing, or operative environment",0.931767463684082
2 out of 3 Program Administrators/Nursing Staff Members shall successfully be able to use the system to manage the scheduling of classes and clinicals.,"not about working, running, connecting, interfacing, or operative environment","not about working, running, connecting, interfacing, or operative environment",0.9121865034103394
The system shall use symbols and words that are naturally understandable by the user community.,"not about working, running, connecting, interfacing, or operative environment","not about working, running, connecting, interfacing, or operative environment",0.9374270439147949
The verbiage used within the system shall be consistent with Standard English and the terminology of the national Nursing Community.,"not about working, running, connecting, interfacing, or operative environment","not about working, running, connecting, interfacing, or operative environment",0.9127957820892334
Staff members shall be able to complete a set of tasks in a timely manner.,"not about working, running, connecting, interfacing, or operative environment","not about working, running, connecting, interfacing, or operative environment",0.9339625239372253
The response time of general student management tasks shall take no longer than 5 seconds and the response time of schedule generation shall take no longer than 30 seconds.,"not about working, running, connecting, interfacing, or operative environment","not about working, running, connecting, interfacing, or operative environment",0.9031466245651245
The system shall able to operate within a business office environment typical of the Nursing Department at DePaul University.,"working, running, connecting, interfacing, or operative environment","not about working, running, connecting, interfacing, or operative environment",0.9243255853652954
The system shall be used within the specifications defined by the computers used by the Program Administrators/Nursing Staff Members.,"working, running, connecting, interfacing, or operative environment","not about working, running, connecting, interfacing, or operative environment",0.9187688827514648
The system shall operate within the Windows XP Professional operating system.,"working, running, connecting, interfacing, or operative environment","not about working, running, connecting, interfacing, or operative environment",0.9261489510536194
The system shall interface with CampusConnect’s central server,"working, running, connecting, interfacing, or operative environment","not about working, running, connecting, interfacing, or operative environment",0.9264874458312988
The system shall interface with the faculty central server.,"working, running, connecting, interfacing, or operative environment","not about working, running, connecting, interfacing, or operative environment",0.919293224811554
The system shall interface with the student master server.,"working, running, connecting, interfacing, or operative environment","working, running, connecting, interfacing, or operative environment",0.9257290959358215
We must be able to interface with any HTML browser.,"working, running, connecting, interfacing, or operative environment","working, running, connecting, interfacing, or operative environment",0.9328370094299316
Only authorized users shall have access to clinical site information.,"not about working, running, connecting, interfacing, or operative environment","working, running, connecting, interfacing, or operative environment",0.9374298453330994
Program Administrators/Nursing Staff Members are the only people who shall have access to clinical site details.,"not about working, running, connecting, interfacing, or operative environment","not about working, running, connecting, interfacing, or operative environment",0.9314716458320618
Only authorized users shall have access to students’ personal information.,"not about working, running, connecting, interfacing, or operative environment","not about working, running, connecting, interfacing, or operative environment",0.9369556903839111
Dr Susan Poslusny and Dr Julie Donalek are the only people who shall have access to students’ personal information.,"not about working, running, connecting, interfacing, or operative environment","not about working, running, connecting, interfacing, or operative environment",0.9204097390174866
Only authorized users shall have access to the portion of the system that interfaces with CampusConnect.,"not about working, running, connecting, interfacing, or operative environment","not about working, running, connecting, interfacing, or operative environment",0.9313644170761108
Fit Criterion: Dr Susan Poslusny and Karen Sysol are the only people who shall have access to the final class section scheduling for the system that interfaces with CampusConnect.,"not about working, running, connecting, interfacing, or operative environment","not about working, running, connecting, interfacing, or operative environment",0.8964639902114868
The system shall have basic data integrity checking to reduce the possibility of incorrect or invalid data being introduced.,"not about working, running, connecting, interfacing, or operative environment","not about working, running, connecting, interfacing, or operative environment",0.9294631481170654
The system shall protect private information in accordance with the organization’s information policy.,"not about working, running, connecting, interfacing, or operative environment","not about working, running, connecting, interfacing, or operative environment",0.9302821755409241
The system shall be built such that it is as secure as possible from malicious interference.,"not about working, running, connecting, interfacing, or operative environment","not about working, running, connecting, interfacing, or operative environment",0.9301038980484009
The system shall use the organization’s standard virus protection software to help monitor threats to itself.,"not about working, running, connecting, interfacing, or operative environment","not about working, running, connecting, interfacing, or operative environment",0.9281027913093567
The list of dispute cases that are displayed after a search is performed must be color coded for easy identification of dispute cases based upon the dispute case status.,"not about working, running, connecting, interfacing, or operative environment","not about working, running, connecting, interfacing, or operative environment",0.9094128608703613
100% of the cardmember and merchant services representatives shall use the Disputes application regularly after a 2-day training course.,"not about working, running, connecting, interfacing, or operative environment","not about working, running, connecting, interfacing, or operative environment",0.9251893162727356
100% of cardmember services representatives shall be able to successfully create a dispute case on the first encounter after completing the training course.,"not about working, running, connecting, interfacing, or operative environment","not about working, running, connecting, interfacing, or operative environment",0.9247498512268066
100% of merchant services representatives shall be able to successfully perform a follow up action on a dispute case on the first encounter after completing the training course.,"not about working, running, connecting, interfacing, or operative environment","not about working, running, connecting, interfacing, or operative environment",0.9174279570579529
The maximum wait time for a user navigating from one screen to another within the Disputes application shall be no more than 5 seconds.,"not about working, running, connecting, interfacing, or operative environment","not about working, running, connecting, interfacing, or operative environment",0.9203824996948242
The Disputes application shall support 350 concurrent users without any degradation of performance in the application.,"not about working, running, connecting, interfacing, or operative environment","not about working, running, connecting, interfacing, or operative environment",0.9295841455459595
 The Disputes application shall be available 24x7x365  with the exception of the following scheduled maintenance windows.  Monday – Saturday 3:00am to 4:00am EST Sunday 1:00amd to 5:00am EST,"working, running, connecting, interfacing, or operative environment","not about working, running, connecting, interfacing, or operative environment",0.9005374312400818
The Disputes application shall interface with the Statement Database. The Statement Database provides the transaction details to the Disputes System. All transaction details must be obtained from the Statement Database,"working, running, connecting, interfacing, or operative environment","not about working, running, connecting, interfacing, or operative environment",0.8957232236862183
The Disputes application shall interface with the Cardmember Information Database.  The Cardmember Information Database provides detailed information with regard to a cardmember.  All cardmember detail information must be obtained from the Cardmember Information Database.,"working, running, connecting, interfacing, or operative environment","not about working, running, connecting, interfacing, or operative environment",0.8909934163093567
The Disputes applications shall interface with the Merchant Information Database.  The Merchant Information Database provides detailed information with regard to the merchant. All merchant detail information shall be obtained from the Merchant Information Database.,"working, running, connecting, interfacing, or operative environment","not about working, running, connecting, interfacing, or operative environment",0.8952794075012207
The Disputes application shall interface with the Letters application.  This will allow the Disputes application to request letters as part of the dispute initiation and dispute follow up process. All letter requests must be sent to the Print Letter Utility application.,"working, running, connecting, interfacing, or operative environment","not about working, running, connecting, interfacing, or operative environment",0.8917256593704224
The Disputes application shall interface with the Cardmember Posting and Billing System.  This will allow the Disputes application to request adjustments to cardmember and merchant’s accounts. All adjustment requests must be sent to the Cardmember Posting and Billing System.,"working, running, connecting, interfacing, or operative environment","not about working, running, connecting, interfacing, or operative environment",0.8893970251083374
The Disputes application shall ensure that only users with the appropriate access level are allowed to initiate dispute requests.,"not about working, running, connecting, interfacing, or operative environment","not about working, running, connecting, interfacing, or operative environment",0.9339265823364258
Only users with Update access must be able to initiate dispute requests.,"not about working, running, connecting, interfacing, or operative environment","not about working, running, connecting, interfacing, or operative environment",0.9372903108596802
The Disputes application shall ensure that only authorized users are allowed to logon to the application.,"not about working, running, connecting, interfacing, or operative environment","not about working, running, connecting, interfacing, or operative environment",0.9239939451217651
 All authorized users  once authenticated must be able to logon to the Disputes System,"not about working, running, connecting, interfacing, or operative environment","not about working, running, connecting, interfacing, or operative environment",0.9217662215232849
The Disputes System shall generate a User Report that details any new users that have been added and any changes to an existing user’s access level.  The report will be reviewed for auditing purposes.,"not about working, running, connecting, interfacing, or operative environment","not about working, running, connecting, interfacing, or operative environment",0.903470516204834
All additions of new users and modifications to user’s access shall be recorded on the User Report.,"not about working, running, connecting, interfacing, or operative environment","not about working, running, connecting, interfacing, or operative environment",0.9324437975883484
 If a user account is revoked  it can only be re-instantiated by the System Administrator.,"not about working, running, connecting, interfacing, or operative environment","not about working, running, connecting, interfacing, or operative environment",0.9311193823814392
Only the System Administrator shall be able to reset a revoked user logon account,"not about working, running, connecting, interfacing, or operative environment","not about working, running, connecting, interfacing, or operative environment",0.9299055337905884
The Disputes application shall manipulate and view business data. Users will not have direct access to data files or databases.,"not about working, running, connecting, interfacing, or operative environment","not about working, running, connecting, interfacing, or operative environment",0.9232157468795776
All updates to data files or database must be initiated from the Disputes System.,"not about working, running, connecting, interfacing, or operative environment","not about working, running, connecting, interfacing, or operative environment",0.9254631996154785
The product must support Internet Explorer 5.5 and above.,"working, running, connecting, interfacing, or operative environment","not about working, running, connecting, interfacing, or operative environment",0.919748842716217
The product must support Mozilla Firefox 1.0 and above.,"working, running, connecting, interfacing, or operative environment","not about working, running, connecting, interfacing, or operative environment",0.9183142781257629
The product shall interface with the Choice Parts System.  This provides the feed of recycled parts data.,"working, running, connecting, interfacing, or operative environment","not about working, running, connecting, interfacing, or operative environment",0.9327703714370728
The product shall run on the existing hardware for all environments.,"working, running, connecting, interfacing, or operative environment","not about working, running, connecting, interfacing, or operative environment",0.9307812452316284
The product shall adhere to the corporate Architecture guidelines,"working, running, connecting, interfacing, or operative environment","working, running, connecting, interfacing, or operative environment",0.9096037745475769
The product shall be easy to use by Adjusters and Collision Estimators.  95% of Adjusters and Collision Estimators shall find the product easy to use.,"not about working, running, connecting, interfacing, or operative environment","not about working, running, connecting, interfacing, or operative environment",0.8943191170692444
The product shall increase productivity of Collision Estimators. 80% of the Collision Estimators shall agree their productivity has increase within 1 month of using the product.,"not about working, running, connecting, interfacing, or operative environment","not about working, running, connecting, interfacing, or operative environment",0.9018161296844482
Users shall feel satisfied using the product.  85% of all users will be satisfied with the product.,"not about working, running, connecting, interfacing, or operative environment","not about working, running, connecting, interfacing, or operative environment",0.924498438835144
The product shall be easy to learn by Adjusters and Collision Estimators.  The product shall be learned with two days onsite training,"not about working, running, connecting, interfacing, or operative environment","not about working, running, connecting, interfacing, or operative environment",0.9121703505516052
The user shall easily locate instructions while using the product.  User help can be found within 90% of the system.,"not about working, running, connecting, interfacing, or operative environment","not about working, running, connecting, interfacing, or operative environment",0.9202909469604492
The search for recycled parts shall take no longer than 15 seconds.  The search results shall be returned in under 15 seconds.,"not about working, running, connecting, interfacing, or operative environment","not about working, running, connecting, interfacing, or operative environment",0.9215526580810547
The search for the preferred repair facility shall take no longer than 8 seconds.  The preferred repair facility is returned within 8 seconds,"not about working, running, connecting, interfacing, or operative environment","not about working, running, connecting, interfacing, or operative environment",0.920925498008728
The recycled parts audit report shall be returned to the user within 10 seconds.  The audit report shall be returned within 10 seconds.,"not about working, running, connecting, interfacing, or operative environment","not about working, running, connecting, interfacing, or operative environment",0.9123993515968323
The preferred repair facility ratings shall be saved within 5 seconds. The save shall occur within 5 seconds.,"not about working, running, connecting, interfacing, or operative environment","not about working, running, connecting, interfacing, or operative environment",0.9193133115768433
 For estimators  the product shall be able to be operated in a repair facility during dirty and noisy conditions.,"working, running, connecting, interfacing, or operative environment","not about working, running, connecting, interfacing, or operative environment",0.9204115271568298
The product shall interface with the ChoiceParts system once per day at approximately 1:00 AM.,"working, running, connecting, interfacing, or operative environment","not about working, running, connecting, interfacing, or operative environment",0.9373916387557983
The maintenance of the product will fall within the established corporate maintenance windows.,"working, running, connecting, interfacing, or operative environment","not about working, running, connecting, interfacing, or operative environment",0.9110114574432373
The product shall be supported using the corporate support center.,"working, running, connecting, interfacing, or operative environment","not about working, running, connecting, interfacing, or operative environment",0.917368471622467
Product installations and upgrades shall be handled by the middleware technology team within established launch time frames.,"working, running, connecting, interfacing, or operative environment","not about working, running, connecting, interfacing, or operative environment",0.9211245775222778
Only adjusters can request recycled parts audit reports. No users without an adjuster role shall request recycled parts audits.,"not about working, running, connecting, interfacing, or operative environment","not about working, running, connecting, interfacing, or operative environment",0.917278528213501
Only adjusters with a supervisor role can update preferred repair facility ratings. Users without the supervisor role cannot access the repair facility ratings.,"not about working, running, connecting, interfacing, or operative environment","not about working, running, connecting, interfacing, or operative environment",0.9165093302726746
Only collision estimators shall search for recycled parts.  Users without the collision estimator role shall not have access to the search for recycled parts.,"not about working, running, connecting, interfacing, or operative environment","not about working, running, connecting, interfacing, or operative environment",0.9098663330078125
Only valid data shall be entered into the system.  No invalid data shall be entered into the system.,"not about working, running, connecting, interfacing, or operative environment","not about working, running, connecting, interfacing, or operative environment",0.9168655276298523
One insurance company shall not be able to view another insurance companys claim data.,"not about working, running, connecting, interfacing, or operative environment","not about working, running, connecting, interfacing, or operative environment",0.9290931224822998
The product shall free of computer viruses.,"not about working, running, connecting, interfacing, or operative environment","working, running, connecting, interfacing, or operative environment",0.9135345220565796
The system shall prevent malicious attacks including denial of service.,"not about working, running, connecting, interfacing, or operative environment","not about working, running, connecting, interfacing, or operative environment",0.9365776777267456
 The product must work with most database management systems (DBMS) on the market  whether the DBMS is colocated with the product on the same machine or is located on a different machine on the computer network.,"working, running, connecting, interfacing, or operative environment","not about working, running, connecting, interfacing, or operative environment",0.890199601650238
The product will function alongside server software on any operating system where the Java runtime can be installed.,"working, running, connecting, interfacing, or operative environment","not about working, running, connecting, interfacing, or operative environment",0.9268840551376343
The product will require collaboration with a database management system (DBMS).  The DBMS may be located on the same machine as the product or on a separate machine residing on the same computer network.,"working, running, connecting, interfacing, or operative environment","not about working, running, connecting, interfacing, or operative environment",0.9004948139190674
 The product must make use of web/application server technology.  Open source examples include Apache web server  Tomcat  and the JBoss application server.,"working, running, connecting, interfacing, or operative environment","not about working, running, connecting, interfacing, or operative environment",0.9149991273880005
 A database management system such as Oracle  DB2  MySql or HSQL will need to be integrated with the product.,"working, running, connecting, interfacing, or operative environment","not about working, running, connecting, interfacing, or operative environment",0.9322431683540344
The product shall make the users want to use it. 80% of the users surveyed report they are regularly using the product after the first 2 weeks post-launch.,"not about working, running, connecting, interfacing, or operative environment","not about working, running, connecting, interfacing, or operative environment",0.9019597768783569
The product shall be easy to use. 90% of users will be able to successfully reserve a conference room within 5 minutes of product use.,"not about working, running, connecting, interfacing, or operative environment","not about working, running, connecting, interfacing, or operative environment",0.9182956218719482
The product shall give users feedback when necessary. 80% of the users surveyed report that the product accurately confirms their actions.,"not about working, running, connecting, interfacing, or operative environment","not about working, running, connecting, interfacing, or operative environment",0.9234551787376404
The product shall allow the user to select a chosen language from one of the target market countries.,"not about working, running, connecting, interfacing, or operative environment","not about working, running, connecting, interfacing, or operative environment",0.9275204539299011
The product shall allow for customization of start page and views preferences.,"not about working, running, connecting, interfacing, or operative environment","not about working, running, connecting, interfacing, or operative environment",0.9301871061325073
 An employee will be able to successfully use the product within a few minutes.  After informally navigating the product for less than 15 minutes  users shall be able to successfully setup meetings and reserve conference rooms.,"not about working, running, connecting, interfacing, or operative environment","not about working, running, connecting, interfacing, or operative environment",0.8979323506355286
The product shall use a standard navigation menu familiar to most web users.,"not about working, running, connecting, interfacing, or operative environment","not about working, running, connecting, interfacing, or operative environment",0.9309005737304688
The product shall allow for intuitive searching of available conference rooms.,"not about working, running, connecting, interfacing, or operative environment","not about working, running, connecting, interfacing, or operative environment",0.9293268322944641
The product shall conform to the Americans with Disabilities Act.,"not about working, running, connecting, interfacing, or operative environment","not about working, running, connecting, interfacing, or operative environment",0.9322777986526489
The response shall be fast enough to avoid interrupting the user’s flow of thought.  90% of tasks shall complete within 5 seconds.  98% of tasks shall complete within 8 seconds.,"not about working, running, connecting, interfacing, or operative environment","not about working, running, connecting, interfacing, or operative environment",0.9048365354537964
The product shall be used in office environments.,"working, running, connecting, interfacing, or operative environment","working, running, connecting, interfacing, or operative environment",0.9209955334663391
The product must be able to interface with any HTML browser.  The product shall transmit data between the user and the product without problems. The product shall display HTML properly in 80% of all HTML browsers tested (minimum is to test 8 browsers).,"working, running, connecting, interfacing, or operative environment","not about working, running, connecting, interfacing, or operative environment",0.881197988986969
The product must be able to interface with various database management systems. The product shall communicate successfully with the database management system on 100% of all transactions.,"working, running, connecting, interfacing, or operative environment","not about working, running, connecting, interfacing, or operative environment",0.9117081165313721
The product must be able to interface with various email servers. The product shall be able to send email.,"working, running, connecting, interfacing, or operative environment","not about working, running, connecting, interfacing, or operative environment",0.9187085032463074
The product shall be available for distribution via the Internet as a binary or ZIP file.,"working, running, connecting, interfacing, or operative environment","not about working, running, connecting, interfacing, or operative environment",0.9277481436729431
The product shall be available for distribution as a packaged CD.,"working, running, connecting, interfacing, or operative environment","not about working, running, connecting, interfacing, or operative environment",0.9234111309051514
 The product will be available for licensing as a one-server  two-five servers  or five-or-more servers license.,"working, running, connecting, interfacing, or operative environment","not about working, running, connecting, interfacing, or operative environment",0.9155513048171997
A new user must be able to be added to the system within 10 minutes.  90% of new users are able to log into the system within 10 minutes.,"not about working, running, connecting, interfacing, or operative environment","not about working, running, connecting, interfacing, or operative environment",0.9046376347541809
Every registered user will have access to the product’s support site via the Internet.  70% of registered users shall find a solution to their problem within 5 minutes of using the support site.,"not about working, running, connecting, interfacing, or operative environment","not about working, running, connecting, interfacing, or operative environment",0.8992156982421875
 The product shall be translated into foreign languages other than the target market countries’ languages in future releases.  For each emerging target market  it shall take no more than 5 days to configure the product for that market’s language.,"not about working, running, connecting, interfacing, or operative environment","not about working, running, connecting, interfacing, or operative environment",0.8969501256942749
 The product is expected to integrate with multiple database management systems.  The product will operate with Oracle  SQL Server  DB2  MySQL  HSQL  and MS Access.,"working, running, connecting, interfacing, or operative environment","not about working, running, connecting, interfacing, or operative environment",0.9104297757148743
The product shall be able to be installed in any operating environment within 2 days.,"working, running, connecting, interfacing, or operative environment","not about working, running, connecting, interfacing, or operative environment",0.9314870834350586
The product shall ensure that only company employees or external users with company-approved user IDs may have product access.  100% of all logons shall be by either company employees or external users with company-approved user IDs.,"not about working, running, connecting, interfacing, or operative environment","not about working, running, connecting, interfacing, or operative environment",0.8916202783584595
Only managers are able to perform search queries for reservations by user.  100% of all search queries for reservations by user shall be from logons of only management logons.,"not about working, running, connecting, interfacing, or operative environment","not about working, running, connecting, interfacing, or operative environment",0.9067565202713013
The product shall ensure that the database’s data corresponds to the data entered by the user.  Each conference room reservation in the system will contain the same information as was entered by the user.,"not about working, running, connecting, interfacing, or operative environment","not about working, running, connecting, interfacing, or operative environment",0.8893438577651978
The product shall prevent the input of malicious data.  The product and/or adjacent hardware/software systems’ data shall remain 100% uncorrupted each time malicious data is input into the product.,"not about working, running, connecting, interfacing, or operative environment","not about working, running, connecting, interfacing, or operative environment",0.8963544964790344
The product shall have the ability to receive automatic software updates as new threats emerge.  100% of customers will be able to receive automatic software updates transmitted to the installed product.,"not about working, running, connecting, interfacing, or operative environment","not about working, running, connecting, interfacing, or operative environment",0.9005205631256104
The product shall be able to display calendar dates and times according to the user’s locale.  90% of survey respondents from each target market country will find that the date and time formatting of the product is correct.,"not about working, running, connecting, interfacing, or operative environment","not about working, running, connecting, interfacing, or operative environment",0.8917708396911621
The product must be developed with the J2SE/J2EE programming language libraries,"working, running, connecting, interfacing, or operative environment","not about working, running, connecting, interfacing, or operative environment",0.913425862789154
Recreation of Inventory Quantity Adjustment for the period of previous 30 days shall take no more than 30min.,"not about working, running, connecting, interfacing, or operative environment","not about working, running, connecting, interfacing, or operative environment",0.9293029308319092
The System shall allow for a minimum of  6 users to work at the same time.,"not about working, running, connecting, interfacing, or operative environment","not about working, running, connecting, interfacing, or operative environment",0.9294173717498779
The System shall utilize currently owned computer equipment.,"working, running, connecting, interfacing, or operative environment","working, running, connecting, interfacing, or operative environment",0.9213256239891052
The System shall be able to automatically backup business data and restore them on demand.,"working, running, connecting, interfacing, or operative environment","not about working, running, connecting, interfacing, or operative environment",0.9203237891197205
The System shall maintain consistent security.  Any changes in user passwords and/or permissions should take affect in all parts of the System.,"not about working, running, connecting, interfacing, or operative environment","not about working, running, connecting, interfacing, or operative environment",0.9161400198936462
The System shall granularly control access rights to all major subsystems.  It should be possible to assign access rights to all subsystems independently.,"not about working, running, connecting, interfacing, or operative environment","not about working, running, connecting, interfacing, or operative environment",0.9128268957138062
The System shall not require additional third party licenses resulting in royalty fees.,"working, running, connecting, interfacing, or operative environment","not about working, running, connecting, interfacing, or operative environment",0.9401572942733765
Administrator shall be able to activate a pre-paid card via the Administration section in under 5 seconds.,"not about working, running, connecting, interfacing, or operative environment","not about working, running, connecting, interfacing, or operative environment",0.9168939590454102
 Customer shall be able to check the status of their prepaid card  by entering in the PIN number  in under 5 seconds.,"not about working, running, connecting, interfacing, or operative environment","not about working, running, connecting, interfacing, or operative environment",0.9217622876167297
System shall let customers register on the website as a “pay as you go” user in under 5 minutes.,"not about working, running, connecting, interfacing, or operative environment","not about working, running, connecting, interfacing, or operative environment",0.9221140146255493
System shall let customers register on the website as a “unlimited movie subscriber” user in under 10 minutes.,"not about working, running, connecting, interfacing, or operative environment","not about working, running, connecting, interfacing, or operative environment",0.9250544905662537
System shall let existing customers log into the website with their email address and password in under 5 seconds.,"not about working, running, connecting, interfacing, or operative environment","not about working, running, connecting, interfacing, or operative environment",0.9293156862258911
 System shall let customers cancel their account  process shall take no longer than 2 minutes.  Database will mark the account as inactive  and user will not be able to log into the website.,"not about working, running, connecting, interfacing, or operative environment","not about working, running, connecting, interfacing, or operative environment",0.9021459817886353
System shall let administrator de-activate a customer account in under 1 minute. Customer will no longer be able to access the website.,"not about working, running, connecting, interfacing, or operative environment","not about working, running, connecting, interfacing, or operative environment",0.9212184548377991
System shall let administrator add/remove movies on the website in under 5 minutes.  Entered movie information will be stored in the database and will now be available on the website.,"not about working, running, connecting, interfacing, or operative environment","not about working, running, connecting, interfacing, or operative environment",0.9012213349342346
System shall let the administrator add/remove categories on the website in under 5 minutes.,"not about working, running, connecting, interfacing, or operative environment","not about working, running, connecting, interfacing, or operative environment",0.9220902919769287
System shall let Izogn Manager access sales and usage statistics in under 2 minutes.,"not about working, running, connecting, interfacing, or operative environment","not about working, running, connecting, interfacing, or operative environment",0.9312088489532471
System shall let administrators generate unique pre-paid pins in under 2 minutes and generate an Excel file with the generated PINs.,"not about working, running, connecting, interfacing, or operative environment","not about working, running, connecting, interfacing, or operative environment",0.9155364036560059
The product should be able to be used by 90% of novice users on the Internet.,"not about working, running, connecting, interfacing, or operative environment","not about working, running, connecting, interfacing, or operative environment",0.9230445027351379
 Users should only have to navigate through a maximum of 4 pages  to create an account with the website.,"not about working, running, connecting, interfacing, or operative environment","not about working, running, connecting, interfacing, or operative environment",0.9290910363197327
Users should be able to access their streaming movies in under 2 clicks after logging into the website.,"not about working, running, connecting, interfacing, or operative environment","not about working, running, connecting, interfacing, or operative environment",0.9275302886962891
An anonymous survey will show that 70% of customers are comfortable purchasing streaming movies after 2 weeks using the website.,"not about working, running, connecting, interfacing, or operative environment","not about working, running, connecting, interfacing, or operative environment",0.9287368059158325
An anonymous survey will show that 95% of customers are comfortable using and purchasing pre-paid cards after a month of using the system.,"not about working, running, connecting, interfacing, or operative environment","not about working, running, connecting, interfacing, or operative environment",0.9183472990989685
The product shall retain the customer’s buying preferences and information.,"not about working, running, connecting, interfacing, or operative environment","not about working, running, connecting, interfacing, or operative environment",0.9292851090431213
The product shall be easy for customers with novice skills on the  Internet to purchase and watch streaming movies.  Customers should be able to purchase and watch a pre-determined movie in under 3 minutes.,"not about working, running, connecting, interfacing, or operative environment","not about working, running, connecting, interfacing, or operative environment",0.8877931237220764
The product shall use symbols and words that are naturally understandable by users familiar with websites,"not about working, running, connecting, interfacing, or operative environment","not about working, running, connecting, interfacing, or operative environment",0.9400774836540222
The website will use standard Internet conventions when interacting with the user.,"not about working, running, connecting, interfacing, or operative environment","not about working, running, connecting, interfacing, or operative environment",0.9314289689064026
 Any interface between a user and the automated system shall have a maximum response time of 5 seconds  unless noted by an exception below.,"not about working, running, connecting, interfacing, or operative environment","not about working, running, connecting, interfacing, or operative environment",0.917252242565155
 When purchasing a streaming movie or pre-paid card via credit card  the processing time should have a maximum response time of 15 seconds.,"not about working, running, connecting, interfacing, or operative environment","not about working, running, connecting, interfacing, or operative environment",0.9207063913345337
 When streaming a movie  the buffering time should take no longer than 10 seconds (plus any latency on the user’s connection.),"not about working, running, connecting, interfacing, or operative environment","not about working, running, connecting, interfacing, or operative environment",0.9203717708587646
 While streaming a movie  buffering should only occur if there is latency in the user’s connection.,"not about working, running, connecting, interfacing, or operative environment","not about working, running, connecting, interfacing, or operative environment",0.9310394525527954
 All credit card information will be secured on the server  and only accessible by authorized Izogn administrators.  Information will be encrypted in the database.,"not about working, running, connecting, interfacing, or operative environment","not about working, running, connecting, interfacing, or operative environment",0.9155455827713013
All aspects of the website shall be accessed by a web browser over the Internet.,"working, running, connecting, interfacing, or operative environment","not about working, running, connecting, interfacing, or operative environment",0.9336735010147095
The same hardware supporting the current website will be used to support the new system.,"working, running, connecting, interfacing, or operative environment","not about working, running, connecting, interfacing, or operative environment",0.9306613206863403
 We must be able to interface with the following browsers: IE 5.X  6.0  Netscape 6.x  7.x  8.x and Firefox 1.0.,"working, running, connecting, interfacing, or operative environment","not about working, running, connecting, interfacing, or operative environment",0.898101806640625
Website must interface with the CyberSource API to process credit card transactions.,"working, running, connecting, interfacing, or operative environment","not about working, running, connecting, interfacing, or operative environment",0.9311209917068481
Website must be fully operational with MSN TV2.,"working, running, connecting, interfacing, or operative environment","working, running, connecting, interfacing, or operative environment",0.9149312973022461
Movies shall be encoded and streamed via Windows Media Player 9.0.,"working, running, connecting, interfacing, or operative environment","not about working, running, connecting, interfacing, or operative environment",0.9271992444992065
Movies shall be encoded for 56k and 256k streams.,"working, running, connecting, interfacing, or operative environment","not about working, running, connecting, interfacing, or operative environment",0.9260356426239014
Izogn Administrator must be able to update the category listings on the website within 2 minutes.,"not about working, running, connecting, interfacing, or operative environment","not about working, running, connecting, interfacing, or operative environment",0.9224135875701904
Izogn Administrator must be able to add new products to the website within 2 minutes.,"not about working, running, connecting, interfacing, or operative environment","not about working, running, connecting, interfacing, or operative environment",0.9261311292648315
The website will provide a help section with answers and solutions to common problems.,"not about working, running, connecting, interfacing, or operative environment","not about working, running, connecting, interfacing, or operative environment",0.9278693199157715
The product shall be able to be installed in the specified environment within 1 working day.,"working, running, connecting, interfacing, or operative environment","not about working, running, connecting, interfacing, or operative environment",0.9285210967063904
Only registered customers can purchase streaming movies.,"not about working, running, connecting, interfacing, or operative environment","working, running, connecting, interfacing, or operative environment",0.9116584658622742
 A customer can only stream a movie if they purchased it  and are within the 2 day viewing period.,"not about working, running, connecting, interfacing, or operative environment","not about working, running, connecting, interfacing, or operative environment",0.9292328953742981
Only authorized personnel can access customer records in the database.,"not about working, running, connecting, interfacing, or operative environment","working, running, connecting, interfacing, or operative environment",0.9291632175445557
Only administrators can activate a pre-paid card.,"not about working, running, connecting, interfacing, or operative environment","working, running, connecting, interfacing, or operative environment",0.9136297106742859
Only authorized personnel can access sales information.,"not about working, running, connecting, interfacing, or operative environment","working, running, connecting, interfacing, or operative environment",0.9150911569595337
The website shall prevent its data from being corrupted when incorrect data is entered in.,"not about working, running, connecting, interfacing, or operative environment","not about working, running, connecting, interfacing, or operative environment",0.9278972148895264
 The website shall protect itself from intentional abuse  and notify the administrator at all occurrences.,"not about working, running, connecting, interfacing, or operative environment","not about working, running, connecting, interfacing, or operative environment",0.9314608573913574
Data integrity scripts will be run on a weekly basis to verify the integrity of the database.,"not about working, running, connecting, interfacing, or operative environment","not about working, running, connecting, interfacing, or operative environment",0.9174046516418457
 The website shall make its user aware of its information practices before collection data from them via a Privacy Policy  accessible on all pages of the website.,"not about working, running, connecting, interfacing, or operative environment","not about working, running, connecting, interfacing, or operative environment",0.9219526052474976
The system shall notify customers of changes to its information policy.,"not about working, running, connecting, interfacing, or operative environment","not about working, running, connecting, interfacing, or operative environment",0.9351372718811035
The system shall reveal private information only in compliance with the organization’s information policy.,"not about working, running, connecting, interfacing, or operative environment","not about working, running, connecting, interfacing, or operative environment",0.9296926259994507
 All customer information will be stored on a secure database  accessible only to authorized personnel.,"not about working, running, connecting, interfacing, or operative environment","not about working, running, connecting, interfacing, or operative environment",0.938569962978363
All credit card information will be encrypted in the database.,"not about working, running, connecting, interfacing, or operative environment","working, running, connecting, interfacing, or operative environment",0.9286187291145325
The streaming server will have anti-virus software to prevent infection of malicious viruses.,"not about working, running, connecting, interfacing, or operative environment","not about working, running, connecting, interfacing, or operative environment",0.9370766282081604
The website should use Flash to provide animation on the home page.,"working, running, connecting, interfacing, or operative environment","not about working, running, connecting, interfacing, or operative environment",0.928523063659668
Total lead cycle time must be completed in 5 minutes for 90% of lead volume between the business hours of 8AM CST to 8PM CST  then 3 minutes for 99% of lead volume during off business hours.,"not about working, running, connecting, interfacing, or operative environment","not about working, running, connecting, interfacing, or operative environment",0.8962559700012207
No lead evaluation will complete in a time period longer than 25 seconds for 97% of all leads processed.,"not about working, running, connecting, interfacing, or operative environment","not about working, running, connecting, interfacing, or operative environment",0.9356080889701843
For leads that process longer than 25 seconds the system will record the event and duration,"not about working, running, connecting, interfacing, or operative environment","not about working, running, connecting, interfacing, or operative environment",0.9258836507797241
The process must fit within the processing time conditions set forth by the Auto Rep Assignment process in which a lead is assigned within 3 minutes of the total life cycle.,"not about working, running, connecting, interfacing, or operative environment","not about working, running, connecting, interfacing, or operative environment",0.9044121503829956
The lead washing process will operate within the established physical web service structure.,"working, running, connecting, interfacing, or operative environment","not about working, running, connecting, interfacing, or operative environment",0.92168790102005
 The washing process must use a non binding  neutral data format  such as xml  when receiving and processing lead data.,"working, running, connecting, interfacing, or operative environment","not about working, running, connecting, interfacing, or operative environment",0.9248821139335632
The product shall able to handle a large number of games simultaneously.,"not about working, running, connecting, interfacing, or operative environment","not about working, running, connecting, interfacing, or operative environment",0.9298049211502075
The response time shall be fast enough to maintain the flow of the game.  The response time shall be no more than 2 seconds for 95% of responses and no more than 4% for the remaining responses.,"not about working, running, connecting, interfacing, or operative environment","not about working, running, connecting, interfacing, or operative environment",0.8962376117706299
The product shall protect the identity of the players. The product shall provide players no access to information that might reveal the identity of another player.,"not about working, running, connecting, interfacing, or operative environment","not about working, running, connecting, interfacing, or operative environment",0.9125873446464539
The product shall be intuitive and self-explanatory.  Nine out ten users shall be able to successfully complete a game with no training.,"not about working, running, connecting, interfacing, or operative environment","not about working, running, connecting, interfacing, or operative environment",0.9200263023376465
 The product shall be available to players who understand English  Spanish and French.  The product shall allow the user to select the language upon accessing the product.,"not about working, running, connecting, interfacing, or operative environment","not about working, running, connecting, interfacing, or operative environment",0.9055205583572388
The product shall provide players no access to information that might reveal the identity of another player,"not about working, running, connecting, interfacing, or operative environment","not about working, running, connecting, interfacing, or operative environment",0.9280195832252502
The response time shall be fast enough to maintain the flow of the game. The response time shall be no more than 2 seconds for 95% of responses and no more than 4% for the remaining responses.,"not about working, running, connecting, interfacing, or operative environment","not about working, running, connecting, interfacing, or operative environment",0.8962376117706299
The system shall be easy to use by callers and supervisors. Callers and supervisors must be able to accomplish any system task within 2 minutes.,"not about working, running, connecting, interfacing, or operative environment","not about working, running, connecting, interfacing, or operative environment",0.9093997478485107
The system shall be easy to learn by callers and supervisors. Callers and supervisors shall learn how to use the system within 10 minutes.,"not about working, running, connecting, interfacing, or operative environment","not about working, running, connecting, interfacing, or operative environment",0.9121603965759277
 The system shall be responsive. At the DePaul TeleServices Center  when a supervisor uses the system to view a callers schedule  the system response time must be no more than 2 seconds 90% of the time and no more than 5 seconds the rest of the time.,"not about working, running, connecting, interfacing, or operative environment","not about working, running, connecting, interfacing, or operative environment",0.8782345056533813
 On a 56k connection  the system response time for all operations must be no more than 6 seconds 90% of the time.,"not about working, running, connecting, interfacing, or operative environment","not about working, running, connecting, interfacing, or operative environment",0.9229164719581604
 On a 112k connection or faster  the system response time for all operations must be no more than 3 seconds 90% of the time.,"not about working, running, connecting, interfacing, or operative environment","not about working, running, connecting, interfacing, or operative environment",0.9219092130661011
The product shall ensure that only supervisors can advertise empty time slots.The product must ensure that supervisors are allowed to access advertise empty time slots.,"not about working, running, connecting, interfacing, or operative environment","not about working, running, connecting, interfacing, or operative environment",0.9095745086669922
The product shall ensure that only supervisors can enter a caller’s schedule.The product must ensure that supervisors are allowed to access advertise empty time slots.,"not about working, running, connecting, interfacing, or operative environment","not about working, running, connecting, interfacing, or operative environment",0.9106309413909912
The product shall ensure that only supervisors can view schedule of all callers.The product must ensure that supervisors are allowed to access advertise empty time slots.,"not about working, running, connecting, interfacing, or operative environment","not about working, running, connecting, interfacing, or operative environment",0.9096447825431824
The product shall provide Monitoring Services.The product shall be easy for System Administrators and DBAs to use after two weeks of usage.,"not about working, running, connecting, interfacing, or operative environment","not about working, running, connecting, interfacing, or operative environment",0.9128243923187256
The product shall provide Error Tracking Services.The product shall help the System Administrators and DBAs to resolve transaction errors 99% of the time.,"not about working, running, connecting, interfacing, or operative environment","not about working, running, connecting, interfacing, or operative environment",0.9118379354476929
The product shall provide Portals.The product shall help System Administrators to analyze the transactions with ad-hoc reporting and KPIs (Key Performance Indicators),"not about working, running, connecting, interfacing, or operative environment","not about working, running, connecting, interfacing, or operative environment",0.8991583585739136
The product shall provide Asynchronous Messaging.The product shall provide asynchronous messaging to enable parallel processing and reduce the overhead in communications,"not about working, running, connecting, interfacing, or operative environment","not about working, running, connecting, interfacing, or operative environment",0.9127142429351807
The product shall provide Multi-threading and Load Balancing.The product shall provide multi-threading technology as well as load balancing to overcome data load spikes and traffic.,"not about working, running, connecting, interfacing, or operative environment","not about working, running, connecting, interfacing, or operative environment",0.8986667990684509
The product shall process messages within 2 seconds.The product shall have a maximum message processing time of 2 seconds,"not about working, running, connecting, interfacing, or operative environment","not about working, running, connecting, interfacing, or operative environment",0.9214122891426086
The product shall poll the system for messages every second.The product shall poll the system for new messages at a maximum of every 1 second.,"not about working, running, connecting, interfacing, or operative environment","not about working, running, connecting, interfacing, or operative environment",0.909711480140686
The product shall provide Dynamic Change Support and Transparent resource addition.The product shall support Transparent Resource addition and Dynamic Change support to provide scalability and avoid service interruptions of more than 1 day.,"not about working, running, connecting, interfacing, or operative environment","not about working, running, connecting, interfacing, or operative environment",0.8922046422958374
The product shall be platform independent.The product shall enable access to any type of development environment and platform.,"working, running, connecting, interfacing, or operative environment","not about working, running, connecting, interfacing, or operative environment",0.9177969098091125
The product shall interface CSR and Datastream.The product shall exchange messages between CSR and EAM on a real time basis without any direct interfaces between two systems.,"working, running, connecting, interfacing, or operative environment","not about working, running, connecting, interfacing, or operative environment",0.9061551094055176
 The product shall have security.The product shall provide authentication  and authorization.,"not about working, running, connecting, interfacing, or operative environment","not about working, running, connecting, interfacing, or operative environment",0.9212250709533691
The product shall information Security. The product shall enable privacy by encryption WS-Security and Integrity Checking.,"not about working, running, connecting, interfacing, or operative environment","not about working, running, connecting, interfacing, or operative environment",0.9245038628578186
The product shall have audit capabilities.The product shall store messages for a minimum of one year for audit and transaction tracking purposes.,"not about working, running, connecting, interfacing, or operative environment","not about working, running, connecting, interfacing, or operative environment",0.9165292978286743
The system must use a point and click interface. 100% of all selection and navigation functionality must be able to be activated/selected by either a mouse or a keyboard,"not about working, running, connecting, interfacing, or operative environment","not about working, running, connecting, interfacing, or operative environment",0.9078369140625
The interface shall be easy to use. 90% of users should be able to successfully use the system to generate a report on their first use. The interface should adhere to IBM usability standards.,"not about working, running, connecting, interfacing, or operative environment","not about working, running, connecting, interfacing, or operative environment",0.9041430950164795
Rreports must be easy to generate. eports must be generated within one button click and exported within one button click (after selecting the report),"not about working, running, connecting, interfacing, or operative environment","not about working, running, connecting, interfacing, or operative environment",0.9050963521003723
A user shall be able to use the system without instruction after a short amount of time. After one use a user should understand and remember 90% of the system usage and navigation.,"not about working, running, connecting, interfacing, or operative environment","not about working, running, connecting, interfacing, or operative environment",0.9012328386306763
All CCR users shall receive training before the WCS system is deployed. One training session will be held for 100% of CCR users before system deployment (based on a CCR user being available),"not about working, running, connecting, interfacing, or operative environment","not about working, running, connecting, interfacing, or operative environment",0.9018487334251404
The WCS system shall use appropriate nomenclature and terminology as defined by the Corporate Community Grants organization. All interfaces and reports will undergo usability tests by CCR users.,"not about working, running, connecting, interfacing, or operative environment","not about working, running, connecting, interfacing, or operative environment",0.9132882952690125
The WCS system shall be run in a Windows environment. The WCS shall be accessed by users through the Internet on an IBM computer running a Windows 2000 or above operating system.,"working, running, connecting, interfacing, or operative environment","not about working, running, connecting, interfacing, or operative environment",0.910298764705658
The Brio portion of the WCS system must be able to export files in spreadsheet form (Microsoft Excel and Lotus 1-2-3 formats).  Brio will provide buttons in the user interface that produce/export reports in .xls or .123 file formats.,"working, running, connecting, interfacing, or operative environment","not about working, running, connecting, interfacing, or operative environment",0.8848176598548889
The system shall only be accessed by authorized Corporate Community Grants (CCR) employees. Users must be authenticated using their IBM intranet user name and password.,"not about working, running, connecting, interfacing, or operative environment","not about working, running, connecting, interfacing, or operative environment",0.9088691473007202
The WCS system shall not allow automatic logins by any user. Cookies containing WCS login information about a user will not be stored on a user’s computer.,"not about working, running, connecting, interfacing, or operative environment","not about working, running, connecting, interfacing, or operative environment",0.9205651879310608
Each team owner will need to use a username and password in order to be authenticated to reach the team owner’s page,"not about working, running, connecting, interfacing, or operative environment","not about working, running, connecting, interfacing, or operative environment",0.9096991419792175
The Commissioner will be the only authorized user per league to adjust league settings.,"not about working, running, connecting, interfacing, or operative environment","not about working, running, connecting, interfacing, or operative environment",0.9299666881561279
;A new user shall be able to navigate through the league and team pages within 30 seconds of reaching the start-up page.,"not about working, running, connecting, interfacing, or operative environment","not about working, running, connecting, interfacing, or operative environment",0.9204262495040894
Users shall be able to reach the ‘add’  ‘drop’  and ‘trade player’ pages with one click from the team owner’s page.,"not about working, running, connecting, interfacing, or operative environment","not about working, running, connecting, interfacing, or operative environment",0.912329912185669
;Users shall be able to view at least 25 NFL player statistics and points on each page.,"not about working, running, connecting, interfacing, or operative environment","not about working, running, connecting, interfacing, or operative environment",0.9240096807479858
The application shall ask the user to confirm dropping a player or trading a player before performing the action.,"not about working, running, connecting, interfacing, or operative environment","not about working, running, connecting, interfacing, or operative environment",0.9245456457138062
The application shall be able to complete every user transaction within one fourth of a second of receiving the request over the network.,"not about working, running, connecting, interfacing, or operative environment","not about working, running, connecting, interfacing, or operative environment",0.919668972492218
The application shall run on a web application server.,"working, running, connecting, interfacing, or operative environment","not about working, running, connecting, interfacing, or operative environment",0.9071313142776489
A primary database will be used to store cached data for active users.,"working, running, connecting, interfacing, or operative environment","not about working, running, connecting, interfacing, or operative environment",0.9343723654747009
A secondary database will be used to store historical statistics and data.,"working, running, connecting, interfacing, or operative environment","not about working, running, connecting, interfacing, or operative environment",0.928383469581604
98% of the user workstations shall meet the minimum hardware requirements prior to implementation. Minimum Hard Disk Space:  400MB.,"working, running, connecting, interfacing, or operative environment","not about working, running, connecting, interfacing, or operative environment",0.9270715117454529
98% of the user workstations shall meet the minimum software requirements prior to implementation: Microsoft Internet Explorer 5.0. Microsoft .NET Framework 1.1. Microsoft Internet Explorer Web Controls,"working, running, connecting, interfacing, or operative environment","not about working, running, connecting, interfacing, or operative environment",0.9015071392059326
The RFS system should be able to easily interface with the BDW environment  in order to load the data. •;7 data files shall be received from the BDW and loaded into the RFS system within 3 hours one day prior to the start of budgeting process  every year. The data will be as of October month-end. ;Test files (7) shall be loaded up to 5 times throughout the year  from the BDW.,"working, running, connecting, interfacing, or operative environment","not about working, running, connecting, interfacing, or operative environment",0.8588148951530457
Only authorized user shall access the RFS system. ONLY users that exist in the UAS system  with the RFS system assigned to their role(s)  shall access the RFS system and use it.,"not about working, running, connecting, interfacing, or operative environment","not about working, running, connecting, interfacing, or operative environment",0.8802132606506348
;User access should be limited to the permissions granted to their role(s) Each level in the PCG hierarchy will be assigned a role and users will be assigned to these roles. Access to functionality within RFS system is dependent on the privileges/permission assigned to the role..,"not about working, running, connecting, interfacing, or operative environment","not about working, running, connecting, interfacing, or operative environment",0.8740628957748413
The users should be able to easily use the system to successfully complete their budgets  within the stipulated time for completion. With a week of training prior to product implementation  98% of the users shall complete their budgets within the stipulated time.,"not about working, running, connecting, interfacing, or operative environment","not about working, running, connecting, interfacing, or operative environment",0.8938829898834229
The product interface should be fast. The response time of the product interface should not exceed 2 seconds 90% of the time. For 10% of the time  the response time should not be more than 10 seconds.not be more than 10 seconds.,"not about working, running, connecting, interfacing, or operative environment","not about working, running, connecting, interfacing, or operative environment",0.8809522390365601
