Requirement text,Gold label,Predicated label,ZSL score
The system shall refresh the display every 60 seconds.,not about operational,not about operational,0.5092419981956482
 If projected  the data must be readable.  On a 10x10 projection screen  90% of viewers must be able to read Event / Activity data from a viewing distance of 30,not about operational,not about operational,0.4070509970188141
 If projected  the data must be understandable. On a 10x10 projection screen  90% of viewers must be able to determine that Events or Activities are occuring in current time from a viewing distance of 100,not about operational,not about operational,0.36972561478614807
The product shall ensure that it can only be accessed by authorized users.  The product will be able to distinguish between authorized and unauthorized users in all access attempts,not about operational,not about operational,0.4089767634868622
The product shall be intuitive and self-explanatory.  :  90% of new users shall be able to start the display of Events or Activities within 90 minutes of using the product.,not about operational,not about operational,0.33328303694725037
The product shall respond fast to keep up-to-date data in the display.,not about operational,not about operational,0.4118373990058899
The system shall be used by realtors with no training.,not about operational,not about operational,0.4849957227706909
The system shall be intuitive and self explanatory.,not about operational,not about operational,0.48297935724258423
The product shall be easy for a realtor to learn.,not about operational,not about operational,0.4474320411682129
The product shall use symbols and words that are naturally understandable by the realtor community.,not about operational,not about operational,0.3607582747936249
The product shall produce search results in an acceptable time,not about operational,not about operational,0.4816373586654663
The search results shall be returned no later 30      seconds  after the user has entered the search criteria,not about operational,not about operational,0.35649240016937256
The product shall generate a CMA report in an acceptable time.,not about operational,not about operational,0.4441540837287903
The CMA report shall be returned no later 60 seconds after the user has entered the CMA report criteria.,not about operational,not about operational,0.37906593084335327
The product shall synchronize contacts and appointments in an acceptable time.,not about operational,not about operational,0.43560895323753357
The product shall synchronize with the office system every hour.,not about operational,not about operational,0.5010020136833191
The product shall be installed by an untrained realtor   without recourse to separately-printed instructions.,not about operational,not about operational,0.3481570780277252
90% of untrained realtors shall be able to install the product on their device without printed instructions,not about operational,not about operational,0.38979384303092957
Only registered realtors shall be able to access the system.,not about operational,not about operational,0.46780872344970703
Every user of the system shall be authenticated and authorized.,not about operational,not about operational,0.4138374626636505
The product shall prevent its data from incorrect data being introduced.,not about operational,not about operational,0.5220306515693665
The system shall be easy to use by the Program Administrators/Nursing Staff Members.,not about operational,not about operational,0.3636937439441681
All of the users shall be able to use the system after one day of training.,not about operational,not about operational,0.38607537746429443
The system shall help the user avoid making mistakes while scheduling classes and clinicals for the nursing students.,not about operational,not about operational,0.391889750957489
The number of mistakes noted by the students shall be decreased by 50% in the first year.,not about operational,not about operational,0.36488187313079834
The system shall be intuitive to the Program Administrators/Nursing Staff Members.,not about operational,not about operational,0.35739144682884216
2 out of 3 Program Administrators/Nursing Staff Members shall successfully be able to use the system to manage the scheduling of classes and clinicals.,not about operational,not about operational,0.3399522602558136
The system shall use symbols and words that are naturally understandable by the user community.,not about operational,not about operational,0.40188804268836975
The verbiage used within the system shall be consistent with Standard English and the terminology of the national Nursing Community.,not about operational,not about operational,0.286641389131546
Staff members shall be able to complete a set of tasks in a timely manner.,not about operational,not about operational,0.3499702215194702
The response time of general student management tasks shall take no longer than 5 seconds and the response time of schedule generation shall take no longer than 30 seconds.,not about operational,not about operational,0.3770371377468109
The system shall able to operate within a business office environment typical of the Nursing Department at DePaul University.,operational,not about operational,0.3245466351509094
The system shall be used within the specifications defined by the computers used by the Program Administrators/Nursing Staff Members.,operational,not about operational,0.3395528197288513
The system shall operate within the Windows XP Professional operating system.,operational,not about operational,0.4484542906284332
The system shall interface with CampusConnect’s central server,operational,not about operational,0.492503821849823
The system shall interface with the faculty central server.,operational,not about operational,0.4681413769721985
The system shall interface with the student master server.,operational,not about operational,0.47969478368759155
We must be able to interface with any HTML browser.,operational,not about operational,0.4686253070831299
Only authorized users shall have access to clinical site information.,not about operational,not about operational,0.4732501804828644
Program Administrators/Nursing Staff Members are the only people who shall have access to clinical site details.,not about operational,not about operational,0.3867141902446747
Only authorized users shall have access to students’ personal information.,not about operational,not about operational,0.453821063041687
Dr Susan Poslusny and Dr Julie Donalek are the only people who shall have access to students’ personal information.,not about operational,not about operational,0.3412652015686035
Only authorized users shall have access to the portion of the system that interfaces with CampusConnect.,not about operational,not about operational,0.3620606064796448
Fit Criterion: Dr Susan Poslusny and Karen Sysol are the only people who shall have access to the final class section scheduling for the system that interfaces with CampusConnect.,not about operational,not about operational,0.324578195810318
The system shall have basic data integrity checking to reduce the possibility of incorrect or invalid data being introduced.,not about operational,not about operational,0.38897058367729187
The system shall protect private information in accordance with the organization’s information policy.,not about operational,not about operational,0.41977447271347046
The system shall be built such that it is as secure as possible from malicious interference.,not about operational,not about operational,0.38807594776153564
The system shall use the organization’s standard virus protection software to help monitor threats to itself.,not about operational,not about operational,0.3887459933757782
The list of dispute cases that are displayed after a search is performed must be color coded for easy identification of dispute cases based upon the dispute case status.,not about operational,not about operational,0.3460885286331177
100% of the cardmember and merchant services representatives shall use the Disputes application regularly after a 2-day training course.,not about operational,not about operational,0.343497097492218
100% of cardmember services representatives shall be able to successfully create a dispute case on the first encounter after completing the training course.,not about operational,not about operational,0.3425543010234833
100% of merchant services representatives shall be able to successfully perform a follow up action on a dispute case on the first encounter after completing the training course.,not about operational,not about operational,0.3597928583621979
The maximum wait time for a user navigating from one screen to another within the Disputes application shall be no more than 5 seconds.,not about operational,not about operational,0.4105583429336548
The Disputes application shall support 350 concurrent users without any degradation of performance in the application.,not about operational,not about operational,0.3684633672237396
 The Disputes application shall be available 24x7x365  with the exception of the following scheduled maintenance windows.  Monday – Saturday 3:00am to 4:00am EST Sunday 1:00amd to 5:00am EST,operational,not about operational,0.4008276164531708
The Disputes application shall interface with the Statement Database. The Statement Database provides the transaction details to the Disputes System. All transaction details must be obtained from the Statement Database,operational,not about operational,0.3584195375442505
The Disputes application shall interface with the Cardmember Information Database.  The Cardmember Information Database provides detailed information with regard to a cardmember.  All cardmember detail information must be obtained from the Cardmember Information Database.,operational,not about operational,0.30246275663375854
The Disputes applications shall interface with the Merchant Information Database.  The Merchant Information Database provides detailed information with regard to the merchant. All merchant detail information shall be obtained from the Merchant Information Database.,operational,not about operational,0.28843533992767334
The Disputes application shall interface with the Letters application.  This will allow the Disputes application to request letters as part of the dispute initiation and dispute follow up process. All letter requests must be sent to the Print Letter Utility application.,operational,not about operational,0.3535481095314026
The Disputes application shall interface with the Cardmember Posting and Billing System.  This will allow the Disputes application to request adjustments to cardmember and merchant’s accounts. All adjustment requests must be sent to the Cardmember Posting and Billing System.,operational,not about operational,0.3551756739616394
The Disputes application shall ensure that only users with the appropriate access level are allowed to initiate dispute requests.,not about operational,not about operational,0.3658035397529602
Only users with Update access must be able to initiate dispute requests.,not about operational,not about operational,0.47915223240852356
The Disputes application shall ensure that only authorized users are allowed to logon to the application.,not about operational,not about operational,0.34691882133483887
 All authorized users  once authenticated must be able to logon to the Disputes System,not about operational,not about operational,0.39050108194351196
The Disputes System shall generate a User Report that details any new users that have been added and any changes to an existing user’s access level.  The report will be reviewed for auditing purposes.,not about operational,not about operational,0.3835664689540863
All additions of new users and modifications to user’s access shall be recorded on the User Report.,not about operational,not about operational,0.36362817883491516
 If a user account is revoked  it can only be re-instantiated by the System Administrator.,not about operational,not about operational,0.43632131814956665
Only the System Administrator shall be able to reset a revoked user logon account,not about operational,not about operational,0.4035998582839966
The Disputes application shall manipulate and view business data. Users will not have direct access to data files or databases.,not about operational,not about operational,0.44680047035217285
All updates to data files or database must be initiated from the Disputes System.,not about operational,not about operational,0.3946859836578369
The product must support Internet Explorer 5.5 and above.,operational,not about operational,0.5472887754440308
The product must support Mozilla Firefox 1.0 and above.,operational,not about operational,0.4907050132751465
The product shall interface with the Choice Parts System.  This provides the feed of recycled parts data.,operational,not about operational,0.4396934509277344
The product shall run on the existing hardware for all environments.,operational,not about operational,0.47641104459762573
The product shall adhere to the corporate Architecture guidelines,operational,not about operational,0.40265917778015137
The product shall be easy to use by Adjusters and Collision Estimators.  95% of Adjusters and Collision Estimators shall find the product easy to use.,not about operational,not about operational,0.3412388265132904
The product shall increase productivity of Collision Estimators. 80% of the Collision Estimators shall agree their productivity has increase within 1 month of using the product.,not about operational,not about operational,0.37866756319999695
Users shall feel satisfied using the product.  85% of all users will be satisfied with the product.,not about operational,not about operational,0.4166538417339325
The product shall be easy to learn by Adjusters and Collision Estimators.  The product shall be learned with two days onsite training,not about operational,not about operational,0.38590097427368164
The user shall easily locate instructions while using the product.  User help can be found within 90% of the system.,not about operational,not about operational,0.4220629334449768
The search for recycled parts shall take no longer than 15 seconds.  The search results shall be returned in under 15 seconds.,not about operational,not about operational,0.4361204504966736
The search for the preferred repair facility shall take no longer than 8 seconds.  The preferred repair facility is returned within 8 seconds,not about operational,not about operational,0.4216304123401642
The recycled parts audit report shall be returned to the user within 10 seconds.  The audit report shall be returned within 10 seconds.,not about operational,not about operational,0.37086373567581177
The preferred repair facility ratings shall be saved within 5 seconds. The save shall occur within 5 seconds.,not about operational,not about operational,0.4129813313484192
 For estimators  the product shall be able to be operated in a repair facility during dirty and noisy conditions.,operational,not about operational,0.2999303340911865
The product shall interface with the ChoiceParts system once per day at approximately 1:00 AM.,operational,not about operational,0.4565119445323944
The maintenance of the product will fall within the established corporate maintenance windows.,operational,not about operational,0.331059992313385
The product shall be supported using the corporate support center.,operational,not about operational,0.4631233811378479
Product installations and upgrades shall be handled by the middleware technology team within established launch time frames.,operational,not about operational,0.3778850734233856
Only adjusters can request recycled parts audit reports. No users without an adjuster role shall request recycled parts audits.,not about operational,not about operational,0.39350268244743347
Only adjusters with a supervisor role can update preferred repair facility ratings. Users without the supervisor role cannot access the repair facility ratings.,not about operational,not about operational,0.37533050775527954
Only collision estimators shall search for recycled parts.  Users without the collision estimator role shall not have access to the search for recycled parts.,not about operational,not about operational,0.37517213821411133
Only valid data shall be entered into the system.  No invalid data shall be entered into the system.,not about operational,not about operational,0.434619665145874
One insurance company shall not be able to view another insurance companys claim data.,not about operational,not about operational,0.40635618567466736
The product shall free of computer viruses.,not about operational,not about operational,0.5200639367103577
The system shall prevent malicious attacks including denial of service.,not about operational,not about operational,0.4647997319698334
 The product must work with most database management systems (DBMS) on the market  whether the DBMS is colocated with the product on the same machine or is located on a different machine on the computer network.,operational,not about operational,0.353840708732605
The product will function alongside server software on any operating system where the Java runtime can be installed.,operational,not about operational,0.40723082423210144
The product will require collaboration with a database management system (DBMS).  The DBMS may be located on the same machine as the product or on a separate machine residing on the same computer network.,operational,not about operational,0.3368236720561981
 The product must make use of web/application server technology.  Open source examples include Apache web server  Tomcat  and the JBoss application server.,operational,not about operational,0.35397207736968994
 A database management system such as Oracle  DB2  MySql or HSQL will need to be integrated with the product.,operational,not about operational,0.33912068605422974
The product shall make the users want to use it. 80% of the users surveyed report they are regularly using the product after the first 2 weeks post-launch.,not about operational,not about operational,0.35291892290115356
The product shall be easy to use. 90% of users will be able to successfully reserve a conference room within 5 minutes of product use.,not about operational,not about operational,0.38187363743782043
The product shall give users feedback when necessary. 80% of the users surveyed report that the product accurately confirms their actions.,not about operational,not about operational,0.37276560068130493
The product shall allow the user to select a chosen language from one of the target market countries.,not about operational,not about operational,0.39054176211357117
The product shall allow for customization of start page and views preferences.,not about operational,not about operational,0.4327428638935089
 An employee will be able to successfully use the product within a few minutes.  After informally navigating the product for less than 15 minutes  users shall be able to successfully setup meetings and reserve conference rooms.,not about operational,not about operational,0.36178383231163025
The product shall use a standard navigation menu familiar to most web users.,not about operational,not about operational,0.4434264898300171
The product shall allow for intuitive searching of available conference rooms.,not about operational,not about operational,0.474306583404541
The product shall conform to the Americans with Disabilities Act.,not about operational,not about operational,0.38248708844184875
The response shall be fast enough to avoid interrupting the user’s flow of thought.  90% of tasks shall complete within 5 seconds.  98% of tasks shall complete within 8 seconds.,not about operational,not about operational,0.3827730417251587
The product shall be used in office environments.,operational,not about operational,0.48293066024780273
The product must be able to interface with any HTML browser.  The product shall transmit data between the user and the product without problems. The product shall display HTML properly in 80% of all HTML browsers tested (minimum is to test 8 browsers).,operational,not about operational,0.37483054399490356
The product must be able to interface with various database management systems. The product shall communicate successfully with the database management system on 100% of all transactions.,operational,not about operational,0.4141805171966553
The product must be able to interface with various email servers. The product shall be able to send email.,operational,not about operational,0.4226173162460327
The product shall be available for distribution via the Internet as a binary or ZIP file.,operational,not about operational,0.36125448346138
The product shall be available for distribution as a packaged CD.,operational,not about operational,0.3948032855987549
 The product will be available for licensing as a one-server  two-five servers  or five-or-more servers license.,operational,not about operational,0.37155881524086
A new user must be able to be added to the system within 10 minutes.  90% of new users are able to log into the system within 10 minutes.,not about operational,not about operational,0.3768739104270935
Every registered user will have access to the product’s support site via the Internet.  70% of registered users shall find a solution to their problem within 5 minutes of using the support site.,not about operational,not about operational,0.40813231468200684
 The product shall be translated into foreign languages other than the target market countries’ languages in future releases.  For each emerging target market  it shall take no more than 5 days to configure the product for that market’s language.,not about operational,not about operational,0.3689897358417511
 The product is expected to integrate with multiple database management systems.  The product will operate with Oracle  SQL Server  DB2  MySQL  HSQL  and MS Access.,operational,not about operational,0.3306523561477661
The product shall be able to be installed in any operating environment within 2 days.,operational,not about operational,0.3940684497356415
The product shall ensure that only company employees or external users with company-approved user IDs may have product access.  100% of all logons shall be by either company employees or external users with company-approved user IDs.,not about operational,not about operational,0.3701189458370209
Only managers are able to perform search queries for reservations by user.  100% of all search queries for reservations by user shall be from logons of only management logons.,not about operational,not about operational,0.41228118538856506
The product shall ensure that the database’s data corresponds to the data entered by the user.  Each conference room reservation in the system will contain the same information as was entered by the user.,not about operational,not about operational,0.35725197196006775
The product shall prevent the input of malicious data.  The product and/or adjacent hardware/software systems’ data shall remain 100% uncorrupted each time malicious data is input into the product.,not about operational,not about operational,0.35953593254089355
The product shall have the ability to receive automatic software updates as new threats emerge.  100% of customers will be able to receive automatic software updates transmitted to the installed product.,not about operational,not about operational,0.3589802384376526
The product shall be able to display calendar dates and times according to the user’s locale.  90% of survey respondents from each target market country will find that the date and time formatting of the product is correct.,not about operational,not about operational,0.33173704147338867
The product must be developed with the J2SE/J2EE programming language libraries,operational,not about operational,0.39739376306533813
Recreation of Inventory Quantity Adjustment for the period of previous 30 days shall take no more than 30min.,not about operational,not about operational,0.40565329790115356
The System shall allow for a minimum of  6 users to work at the same time.,not about operational,not about operational,0.41674572229385376
The System shall utilize currently owned computer equipment.,operational,not about operational,0.5450049042701721
The System shall be able to automatically backup business data and restore them on demand.,operational,not about operational,0.3974711000919342
The System shall maintain consistent security.  Any changes in user passwords and/or permissions should take affect in all parts of the System.,not about operational,not about operational,0.408383309841156
The System shall granularly control access rights to all major subsystems.  It should be possible to assign access rights to all subsystems independently.,not about operational,not about operational,0.3806450366973877
The System shall not require additional third party licenses resulting in royalty fees.,operational,not about operational,0.38920846581459045
Administrator shall be able to activate a pre-paid card via the Administration section in under 5 seconds.,not about operational,not about operational,0.3754989206790924
 Customer shall be able to check the status of their prepaid card  by entering in the PIN number  in under 5 seconds.,not about operational,not about operational,0.37098321318626404
System shall let customers register on the website as a “pay as you go” user in under 5 minutes.,not about operational,not about operational,0.426810622215271
System shall let customers register on the website as a “unlimited movie subscriber” user in under 10 minutes.,not about operational,not about operational,0.42436712980270386
System shall let existing customers log into the website with their email address and password in under 5 seconds.,not about operational,not about operational,0.4337511360645294
 System shall let customers cancel their account  process shall take no longer than 2 minutes.  Database will mark the account as inactive  and user will not be able to log into the website.,not about operational,not about operational,0.39170101284980774
System shall let administrator de-activate a customer account in under 1 minute. Customer will no longer be able to access the website.,not about operational,not about operational,0.44826215505599976
System shall let administrator add/remove movies on the website in under 5 minutes.  Entered movie information will be stored in the database and will now be available on the website.,not about operational,not about operational,0.3835412263870239
System shall let the administrator add/remove categories on the website in under 5 minutes.,not about operational,not about operational,0.4145269989967346
System shall let Izogn Manager access sales and usage statistics in under 2 minutes.,not about operational,not about operational,0.4316321611404419
System shall let administrators generate unique pre-paid pins in under 2 minutes and generate an Excel file with the generated PINs.,not about operational,not about operational,0.3629562556743622
The product should be able to be used by 90% of novice users on the Internet.,not about operational,not about operational,0.3842303156852722
 Users should only have to navigate through a maximum of 4 pages  to create an account with the website.,not about operational,not about operational,0.373340368270874
Users should be able to access their streaming movies in under 2 clicks after logging into the website.,not about operational,not about operational,0.4186723828315735
An anonymous survey will show that 70% of customers are comfortable purchasing streaming movies after 2 weeks using the website.,not about operational,not about operational,0.40961897373199463
An anonymous survey will show that 95% of customers are comfortable using and purchasing pre-paid cards after a month of using the system.,not about operational,not about operational,0.37133702635765076
The product shall retain the customer’s buying preferences and information.,not about operational,not about operational,0.4047704041004181
The product shall be easy for customers with novice skills on the  Internet to purchase and watch streaming movies.  Customers should be able to purchase and watch a pre-determined movie in under 3 minutes.,not about operational,not about operational,0.3441392481327057
The product shall use symbols and words that are naturally understandable by users familiar with websites,not about operational,not about operational,0.3884551525115967
The website will use standard Internet conventions when interacting with the user.,not about operational,not about operational,0.47690048813819885
 Any interface between a user and the automated system shall have a maximum response time of 5 seconds  unless noted by an exception below.,not about operational,not about operational,0.37360531091690063
 When purchasing a streaming movie or pre-paid card via credit card  the processing time should have a maximum response time of 15 seconds.,not about operational,not about operational,0.3596225678920746
 When streaming a movie  the buffering time should take no longer than 10 seconds (plus any latency on the user’s connection.),not about operational,not about operational,0.41260257363319397
 While streaming a movie  buffering should only occur if there is latency in the user’s connection.,not about operational,not about operational,0.394916832447052
 All credit card information will be secured on the server  and only accessible by authorized Izogn administrators.  Information will be encrypted in the database.,not about operational,not about operational,0.3745857775211334
All aspects of the website shall be accessed by a web browser over the Internet.,operational,not about operational,0.3977888524532318
The same hardware supporting the current website will be used to support the new system.,operational,not about operational,0.41789448261260986
 We must be able to interface with the following browsers: IE 5.X  6.0  Netscape 6.x  7.x  8.x and Firefox 1.0.,operational,not about operational,0.4383084774017334
Website must interface with the CyberSource API to process credit card transactions.,operational,not about operational,0.4028463363647461
Website must be fully operational with MSN TV2.,operational,not about operational,0.4950186014175415
Movies shall be encoded and streamed via Windows Media Player 9.0.,operational,not about operational,0.46507957577705383
Movies shall be encoded for 56k and 256k streams.,operational,not about operational,0.3801755905151367
Izogn Administrator must be able to update the category listings on the website within 2 minutes.,not about operational,not about operational,0.39655470848083496
Izogn Administrator must be able to add new products to the website within 2 minutes.,not about operational,not about operational,0.40778180956840515
The website will provide a help section with answers and solutions to common problems.,not about operational,not about operational,0.44415482878685
The product shall be able to be installed in the specified environment within 1 working day.,operational,not about operational,0.37799933552742004
Only registered customers can purchase streaming movies.,not about operational,not about operational,0.6003198027610779
 A customer can only stream a movie if they purchased it  and are within the 2 day viewing period.,not about operational,not about operational,0.4002227485179901
Only authorized personnel can access customer records in the database.,not about operational,not about operational,0.4435134530067444
Only administrators can activate a pre-paid card.,not about operational,not about operational,0.46602678298950195
Only authorized personnel can access sales information.,not about operational,not about operational,0.5435821413993835
The website shall prevent its data from being corrupted when incorrect data is entered in.,not about operational,not about operational,0.4517686665058136
 The website shall protect itself from intentional abuse  and notify the administrator at all occurrences.,not about operational,not about operational,0.36185261607170105
Data integrity scripts will be run on a weekly basis to verify the integrity of the database.,not about operational,not about operational,0.3548843562602997
 The website shall make its user aware of its information practices before collection data from them via a Privacy Policy  accessible on all pages of the website.,not about operational,not about operational,0.3845139145851135
The system shall notify customers of changes to its information policy.,not about operational,not about operational,0.49655139446258545
The system shall reveal private information only in compliance with the organization’s information policy.,not about operational,not about operational,0.40043923258781433
 All customer information will be stored on a secure database  accessible only to authorized personnel.,not about operational,not about operational,0.3977932929992676
All credit card information will be encrypted in the database.,not about operational,not about operational,0.4496917426586151
The streaming server will have anti-virus software to prevent infection of malicious viruses.,not about operational,not about operational,0.3372561037540436
The website should use Flash to provide animation on the home page.,operational,not about operational,0.4605974555015564
Total lead cycle time must be completed in 5 minutes for 90% of lead volume between the business hours of 8AM CST to 8PM CST  then 3 minutes for 99% of lead volume during off business hours.,not about operational,not about operational,0.38866540789604187
No lead evaluation will complete in a time period longer than 25 seconds for 97% of all leads processed.,not about operational,not about operational,0.4857129156589508
For leads that process longer than 25 seconds the system will record the event and duration,not about operational,not about operational,0.4266938269138336
The process must fit within the processing time conditions set forth by the Auto Rep Assignment process in which a lead is assigned within 3 minutes of the total life cycle.,not about operational,not about operational,0.36497387290000916
The lead washing process will operate within the established physical web service structure.,operational,not about operational,0.4584597945213318
 The washing process must use a non binding  neutral data format  such as xml  when receiving and processing lead data.,operational,not about operational,0.4032424986362457
The product shall able to handle a large number of games simultaneously.,not about operational,not about operational,0.39481320977211
The response time shall be fast enough to maintain the flow of the game.  The response time shall be no more than 2 seconds for 95% of responses and no more than 4% for the remaining responses.,not about operational,not about operational,0.38954368233680725
The product shall protect the identity of the players. The product shall provide players no access to information that might reveal the identity of another player.,not about operational,not about operational,0.3765176832675934
The product shall be intuitive and self-explanatory.  Nine out ten users shall be able to successfully complete a game with no training.,not about operational,not about operational,0.41340959072113037
 The product shall be available to players who understand English  Spanish and French.  The product shall allow the user to select the language upon accessing the product.,not about operational,not about operational,0.3547621965408325
The product shall provide players no access to information that might reveal the identity of another player,not about operational,not about operational,0.3969060778617859
The response time shall be fast enough to maintain the flow of the game. The response time shall be no more than 2 seconds for 95% of responses and no more than 4% for the remaining responses.,not about operational,not about operational,0.38162747025489807
The system shall be easy to use by callers and supervisors. Callers and supervisors must be able to accomplish any system task within 2 minutes.,not about operational,not about operational,0.37924590706825256
The system shall be easy to learn by callers and supervisors. Callers and supervisors shall learn how to use the system within 10 minutes.,not about operational,not about operational,0.3676992356777191
 The system shall be responsive. At the DePaul TeleServices Center  when a supervisor uses the system to view a callers schedule  the system response time must be no more than 2 seconds 90% of the time and no more than 5 seconds the rest of the time.,not about operational,not about operational,0.349107027053833
 On a 56k connection  the system response time for all operations must be no more than 6 seconds 90% of the time.,not about operational,not about operational,0.41137009859085083
 On a 112k connection or faster  the system response time for all operations must be no more than 3 seconds 90% of the time.,not about operational,not about operational,0.39687061309814453
The product shall ensure that only supervisors can advertise empty time slots.The product must ensure that supervisors are allowed to access advertise empty time slots.,not about operational,not about operational,0.3754267394542694
The product shall ensure that only supervisors can enter a caller’s schedule.The product must ensure that supervisors are allowed to access advertise empty time slots.,not about operational,not about operational,0.3890702724456787
The product shall ensure that only supervisors can view schedule of all callers.The product must ensure that supervisors are allowed to access advertise empty time slots.,not about operational,not about operational,0.38563552498817444
The product shall provide Monitoring Services.The product shall be easy for System Administrators and DBAs to use after two weeks of usage.,not about operational,not about operational,0.40996161103248596
The product shall provide Error Tracking Services.The product shall help the System Administrators and DBAs to resolve transaction errors 99% of the time.,not about operational,not about operational,0.3842390477657318
The product shall provide Portals.The product shall help System Administrators to analyze the transactions with ad-hoc reporting and KPIs (Key Performance Indicators),not about operational,not about operational,0.37985116243362427
The product shall provide Asynchronous Messaging.The product shall provide asynchronous messaging to enable parallel processing and reduce the overhead in communications,not about operational,not about operational,0.385423481464386
The product shall provide Multi-threading and Load Balancing.The product shall provide multi-threading technology as well as load balancing to overcome data load spikes and traffic.,not about operational,not about operational,0.35179874300956726
The product shall process messages within 2 seconds.The product shall have a maximum message processing time of 2 seconds,not about operational,not about operational,0.4223897457122803
The product shall poll the system for messages every second.The product shall poll the system for new messages at a maximum of every 1 second.,not about operational,not about operational,0.4217192232608795
The product shall provide Dynamic Change Support and Transparent resource addition.The product shall support Transparent Resource addition and Dynamic Change support to provide scalability and avoid service interruptions of more than 1 day.,not about operational,not about operational,0.35498446226119995
The product shall be platform independent.The product shall enable access to any type of development environment and platform.,operational,not about operational,0.40841102600097656
The product shall interface CSR and Datastream.The product shall exchange messages between CSR and EAM on a real time basis without any direct interfaces between two systems.,operational,not about operational,0.3529294729232788
 The product shall have security.The product shall provide authentication  and authorization.,not about operational,not about operational,0.43271884322166443
The product shall information Security. The product shall enable privacy by encryption WS-Security and Integrity Checking.,not about operational,not about operational,0.38618114590644836
The product shall have audit capabilities.The product shall store messages for a minimum of one year for audit and transaction tracking purposes.,not about operational,not about operational,0.36710596084594727
The system must use a point and click interface. 100% of all selection and navigation functionality must be able to be activated/selected by either a mouse or a keyboard,not about operational,not about operational,0.38681918382644653
The interface shall be easy to use. 90% of users should be able to successfully use the system to generate a report on their first use. The interface should adhere to IBM usability standards.,not about operational,not about operational,0.377104252576828
Rreports must be easy to generate. eports must be generated within one button click and exported within one button click (after selecting the report),not about operational,not about operational,0.3816538453102112
A user shall be able to use the system without instruction after a short amount of time. After one use a user should understand and remember 90% of the system usage and navigation.,not about operational,not about operational,0.37186503410339355
All CCR users shall receive training before the WCS system is deployed. One training session will be held for 100% of CCR users before system deployment (based on a CCR user being available),not about operational,not about operational,0.3833519518375397
The WCS system shall use appropriate nomenclature and terminology as defined by the Corporate Community Grants organization. All interfaces and reports will undergo usability tests by CCR users.,not about operational,not about operational,0.3517932891845703
The WCS system shall be run in a Windows environment. The WCS shall be accessed by users through the Internet on an IBM computer running a Windows 2000 or above operating system.,operational,not about operational,0.36751270294189453
The Brio portion of the WCS system must be able to export files in spreadsheet form (Microsoft Excel and Lotus 1-2-3 formats).  Brio will provide buttons in the user interface that produce/export reports in .xls or .123 file formats.,operational,not about operational,0.3523888885974884
The system shall only be accessed by authorized Corporate Community Grants (CCR) employees. Users must be authenticated using their IBM intranet user name and password.,not about operational,not about operational,0.37812891602516174
The WCS system shall not allow automatic logins by any user. Cookies containing WCS login information about a user will not be stored on a user’s computer.,not about operational,not about operational,0.4127129912376404
Each team owner will need to use a username and password in order to be authenticated to reach the team owner’s page,not about operational,not about operational,0.3683086335659027
The Commissioner will be the only authorized user per league to adjust league settings.,not about operational,not about operational,0.4011276364326477
;A new user shall be able to navigate through the league and team pages within 30 seconds of reaching the start-up page.,not about operational,not about operational,0.3730561137199402
Users shall be able to reach the ‘add’  ‘drop’  and ‘trade player’ pages with one click from the team owner’s page.,not about operational,not about operational,0.3428071439266205
;Users shall be able to view at least 25 NFL player statistics and points on each page.,not about operational,not about operational,0.3900664150714874
The application shall ask the user to confirm dropping a player or trading a player before performing the action.,not about operational,not about operational,0.3126044273376465
The application shall be able to complete every user transaction within one fourth of a second of receiving the request over the network.,not about operational,not about operational,0.36434540152549744
The application shall run on a web application server.,operational,not about operational,0.4874539375305176
A primary database will be used to store cached data for active users.,operational,not about operational,0.48553895950317383
A secondary database will be used to store historical statistics and data.,operational,not about operational,0.4485037624835968
98% of the user workstations shall meet the minimum hardware requirements prior to implementation. Minimum Hard Disk Space:  400MB.,operational,not about operational,0.37681832909584045
98% of the user workstations shall meet the minimum software requirements prior to implementation: Microsoft Internet Explorer 5.0. Microsoft .NET Framework 1.1. Microsoft Internet Explorer Web Controls,operational,not about operational,0.428931325674057
The RFS system should be able to easily interface with the BDW environment  in order to load the data. •;7 data files shall be received from the BDW and loaded into the RFS system within 3 hours one day prior to the start of budgeting process  every year. The data will be as of October month-end. ;Test files (7) shall be loaded up to 5 times throughout the year  from the BDW.,operational,not about operational,0.3653228282928467
Only authorized user shall access the RFS system. ONLY users that exist in the UAS system  with the RFS system assigned to their role(s)  shall access the RFS system and use it.,not about operational,not about operational,0.3632379174232483
;User access should be limited to the permissions granted to their role(s) Each level in the PCG hierarchy will be assigned a role and users will be assigned to these roles. Access to functionality within RFS system is dependent on the privileges/permission assigned to the role..,not about operational,not about operational,0.36812809109687805
The users should be able to easily use the system to successfully complete their budgets  within the stipulated time for completion. With a week of training prior to product implementation  98% of the users shall complete their budgets within the stipulated time.,not about operational,not about operational,0.33609628677368164
The product interface should be fast. The response time of the product interface should not exceed 2 seconds 90% of the time. For 10% of the time  the response time should not be more than 10 seconds.not be more than 10 seconds.,not about operational,not about operational,0.3682628571987152
