,precision,recall,f1-score,support
"environmental, organizational, coordination, systemic, or logistics",0.3130434782608696,0.5806451612903226,0.4067796610169492,62.0
"usability, security, performance, look & feel, legal, fault & tolerance, maintainability, scalability, availability, or portability",0.8059701492537313,0.5775401069518716,0.6728971962616822,187.0
accuracy,0.5783132530120482,0.5783132530120482,0.5783132530120482,0.5783132530120482
macro avg,0.5595068137573005,0.5790926341210971,0.5398384286393156,249.0
weighted avg,0.6832333878016935,0.5783132530120482,0.6066349987308651,249.0
