,precision,recall,f1-score,support
"environmental, organizational, coordination, systemic, logistics, coordination, or automation",0.32558139534883723,0.45161290322580644,0.3783783783783784,62.0
"usability, security, performance, look & feel, legal, fault & tolerance, maintainability, scalability, availability, or portability",0.7914110429447853,0.6898395721925134,0.7371428571428571,187.0
accuracy,0.6305220883534136,0.6305220883534136,0.6305220883534136,0.6305220883534136
macro avg,0.5584962191468112,0.5707262377091599,0.5577606177606178,249.0
weighted avg,0.6754213314951918,0.6305220883534136,0.6478119427517017,249.0
