,precision,recall,f1-score,support
"reliability, dependability, resilience",0.07373271889400922,0.7619047619047619,0.13445378151260504,21.0
"usability, security, operational, performance, look & feel, legal, fault & tolerance, maintainability, scalability, or portability",0.9673202614379085,0.42406876790830944,0.5896414342629482,349.0
accuracy,0.44324324324324327,0.44324324324324327,0.44324324324324327,0.44324324324324327
macro avg,0.5205264901659589,0.5929867649065357,0.3620476078877766,370.0
weighted avg,0.9166031306448764,0.44324324324324327,0.5638064593771179,370.0
