Requirement text,Gold label,Predicated label,ZSL score
The system shall refresh the display every 60 seconds.,"not about reliability, dependability, resilience","reliability, dependability, resilience",0.19794857501983643
The application shall match the color of the schema set forth by Department of Homeland Security,"not about reliability, dependability, resilience","reliability, dependability, resilience",0.30534544587135315
 If projected  the data must be readable.  On a 10x10 projection screen  90% of viewers must be able to read Event / Activity data from a viewing distance of 30,"not about reliability, dependability, resilience","reliability, dependability, resilience",0.18541641533374786
 The product shall be available during normal business hours. As long as the user has access to the client PC  the system will be available 99% of the time during the first six months of operation.,"reliability, dependability, resilience","reliability, dependability, resilience",0.2248533070087433
 If projected  the data must be understandable. On a 10x10 projection screen  90% of viewers must be able to determine that Events or Activities are occuring in current time from a viewing distance of 100,"not about reliability, dependability, resilience","reliability, dependability, resilience",0.2412249892950058
The product shall ensure that it can only be accessed by authorized users.  The product will be able to distinguish between authorized and unauthorized users in all access attempts,"not about reliability, dependability, resilience","reliability, dependability, resilience",0.23054683208465576
The product shall be intuitive and self-explanatory.  :  90% of new users shall be able to start the display of Events or Activities within 90 minutes of using the product.,"not about reliability, dependability, resilience","reliability, dependability, resilience",0.29213082790374756
The product shall respond fast to keep up-to-date data in the display.,"not about reliability, dependability, resilience","reliability, dependability, resilience",0.4931482672691345
The look and feel of the system shall conform to the user interface standards of the smart device.,"not about reliability, dependability, resilience","reliability, dependability, resilience",0.4018898904323578
 The user interface shall have standard menus  buttons for navigation,"not about reliability, dependability, resilience","reliability, dependability, resilience",0.24265259504318237
The system shall have a professional appearance,"not about reliability, dependability, resilience","reliability, dependability, resilience",0.6081123948097229
The product shall have a consistent color scheme and fonts.,"not about reliability, dependability, resilience","reliability, dependability, resilience",0.4496203362941742
The system shall be used by realtors with no training.,"not about reliability, dependability, resilience","not about reliability, dependability, resilience",0.24170275032520294
The system shall be intuitive and self explanatory.,"not about reliability, dependability, resilience","reliability, dependability, resilience",0.5134919881820679
The product shall be easy for a realtor to learn.,"not about reliability, dependability, resilience","reliability, dependability, resilience",0.36313486099243164
The product shall use symbols and words that are naturally understandable by the realtor community.,"not about reliability, dependability, resilience","reliability, dependability, resilience",0.2910158932209015
The product shall produce search results in an acceptable time,"not about reliability, dependability, resilience","reliability, dependability, resilience",0.36159300804138184
The search results shall be returned no later 30      seconds  after the user has entered the search criteria,"not about reliability, dependability, resilience","reliability, dependability, resilience",0.07753162831068039
The product shall generate a CMA report in an acceptable time.,"not about reliability, dependability, resilience","reliability, dependability, resilience",0.3289635181427002
The CMA report shall be returned no later 60 seconds after the user has entered the CMA report criteria.,"not about reliability, dependability, resilience","reliability, dependability, resilience",0.07447022944688797
The product shall synchronize contacts and appointments in an acceptable time.,"not about reliability, dependability, resilience","reliability, dependability, resilience",0.2937527596950531
The product shall synchronize with the office system every hour.,"not about reliability, dependability, resilience","reliability, dependability, resilience",0.19639745354652405
 The product shall be available for use 24 hours per day  365 days  per year,"reliability, dependability, resilience","reliability, dependability, resilience",0.3398192226886749
 Out of 1000 accesses to the system  the system is available 999 times.,"reliability, dependability, resilience","reliability, dependability, resilience",0.1174677386879921
The product shall operate in offline mode whenever internet connection is unavailable.,"not about reliability, dependability, resilience","not about reliability, dependability, resilience",0.13798774778842926
 The product shall allow the user to view previously downloaded search results  CMA reports  and appointments.,"not about reliability, dependability, resilience","reliability, dependability, resilience",0.10796912759542465
The product shall retain user preferences in the event of a failure.,"not about reliability, dependability, resilience","reliability, dependability, resilience",0.5084792375564575
100% of saved user preferences shall be restored when system comes back online.,"not about reliability, dependability, resilience","reliability, dependability, resilience",0.2431037873029709
The product shall be able to support multiple remote users,"not about reliability, dependability, resilience","reliability, dependability, resilience",0.2832235097885132
The product shall be able support 1000 simultaneous users.,"not about reliability, dependability, resilience","reliability, dependability, resilience",0.18084347248077393
The product shall be capable of handling the existing 1000 users. This number is expected to grow 5 times within the next year.,"not about reliability, dependability, resilience","reliability, dependability, resilience",0.16778522729873657
The product shall be installed by an untrained realtor   without recourse to separately-printed instructions.,"not about reliability, dependability, resilience","not about reliability, dependability, resilience",0.25081872940063477
90% of untrained realtors shall be able to install the product on their device without printed instructions,"not about reliability, dependability, resilience","not about reliability, dependability, resilience",0.19200801849365234
The product is expected to run on Windows CE and Palm operating systems.,"not about reliability, dependability, resilience","reliability, dependability, resilience",0.18820501863956451
Only registered realtors shall be able to access the system.,"not about reliability, dependability, resilience","not about reliability, dependability, resilience",0.1528061330318451
Every user of the system shall be authenticated and authorized.,"not about reliability, dependability, resilience","reliability, dependability, resilience",0.47034192085266113
The product shall prevent its data from incorrect data being introduced.,"not about reliability, dependability, resilience","reliability, dependability, resilience",0.44443994760513306
The system shall be easy to use by the Program Administrators/Nursing Staff Members.,"not about reliability, dependability, resilience","reliability, dependability, resilience",0.45969992876052856
All of the users shall be able to use the system after one day of training.,"not about reliability, dependability, resilience","reliability, dependability, resilience",0.1732635647058487
The system shall help the user avoid making mistakes while scheduling classes and clinicals for the nursing students.,"not about reliability, dependability, resilience","reliability, dependability, resilience",0.2405991554260254
The number of mistakes noted by the students shall be decreased by 50% in the first year.,"not about reliability, dependability, resilience","not about reliability, dependability, resilience",-0.07996367663145065
The system shall be intuitive to the Program Administrators/Nursing Staff Members.,"not about reliability, dependability, resilience","reliability, dependability, resilience",0.39272207021713257
2 out of 3 Program Administrators/Nursing Staff Members shall successfully be able to use the system to manage the scheduling of classes and clinicals.,"not about reliability, dependability, resilience","reliability, dependability, resilience",0.19811497628688812
The system shall use symbols and words that are naturally understandable by the user community.,"not about reliability, dependability, resilience","reliability, dependability, resilience",0.3332197666168213
The verbiage used within the system shall be consistent with Standard English and the terminology of the national Nursing Community.,"not about reliability, dependability, resilience","reliability, dependability, resilience",0.3639901280403137
Staff members shall be able to complete a set of tasks in a timely manner.,"not about reliability, dependability, resilience","reliability, dependability, resilience",0.618914008140564
The response time of general student management tasks shall take no longer than 5 seconds and the response time of schedule generation shall take no longer than 30 seconds.,"not about reliability, dependability, resilience","reliability, dependability, resilience",0.10072856396436691
The system shall be available for use between the hours of 8am and 6pm.,"reliability, dependability, resilience","reliability, dependability, resilience",0.11092574894428253
The system shall achieve 95% up time.,"reliability, dependability, resilience","reliability, dependability, resilience",0.17448267340660095
system shall be able to handle all of the user requests/usage during business hours.,"not about reliability, dependability, resilience","reliability, dependability, resilience",0.2995022237300873
The system shall cater to 10 simultaneous users from 9am to 5pm.,"not about reliability, dependability, resilience","reliability, dependability, resilience",0.08297073096036911
The system shall be capable of processing 100% of nursing students and their classes for the next 10 years.,"not about reliability, dependability, resilience","reliability, dependability, resilience",0.1271672248840332
The system shall be expected to manage the nursing program curriculum and class/clinical scheduling for a minimum of 5 years.,"not about reliability, dependability, resilience","reliability, dependability, resilience",0.07145346701145172
The system shall able to operate within a business office environment typical of the Nursing Department at DePaul University.,"not about reliability, dependability, resilience","reliability, dependability, resilience",0.21395552158355713
The system shall be used within the specifications defined by the computers used by the Program Administrators/Nursing Staff Members.,"not about reliability, dependability, resilience","reliability, dependability, resilience",0.2295142263174057
The system shall operate within the Windows XP Professional operating system.,"not about reliability, dependability, resilience","reliability, dependability, resilience",0.293618381023407
The system shall interface with CampusConnect’s central server,"not about reliability, dependability, resilience","reliability, dependability, resilience",0.23696351051330566
The system shall interface with the faculty central server.,"not about reliability, dependability, resilience","reliability, dependability, resilience",0.1812160462141037
The system shall interface with the student master server.,"not about reliability, dependability, resilience","reliability, dependability, resilience",0.09603596478700638
We must be able to interface with any HTML browser.,"not about reliability, dependability, resilience","reliability, dependability, resilience",0.16601984202861786
Only authorized users shall have access to clinical site information.,"not about reliability, dependability, resilience","not about reliability, dependability, resilience",0.07947767525911331
Program Administrators/Nursing Staff Members are the only people who shall have access to clinical site details.,"not about reliability, dependability, resilience","reliability, dependability, resilience",0.1706642061471939
Only authorized users shall have access to students’ personal information.,"not about reliability, dependability, resilience","not about reliability, dependability, resilience",0.05128315091133118
Dr Susan Poslusny and Dr Julie Donalek are the only people who shall have access to students’ personal information.,"not about reliability, dependability, resilience","reliability, dependability, resilience",0.13510069251060486
Only authorized users shall have access to the portion of the system that interfaces with CampusConnect.,"not about reliability, dependability, resilience","not about reliability, dependability, resilience",0.14914986491203308
Fit Criterion: Dr Susan Poslusny and Karen Sysol are the only people who shall have access to the final class section scheduling for the system that interfaces with CampusConnect.,"not about reliability, dependability, resilience","reliability, dependability, resilience",0.14223574101924896
The system shall have basic data integrity checking to reduce the possibility of incorrect or invalid data being introduced.,"not about reliability, dependability, resilience","reliability, dependability, resilience",0.5255358219146729
The system shall protect private information in accordance with the organization’s information policy.,"not about reliability, dependability, resilience","reliability, dependability, resilience",0.3577076196670532
The system shall be built such that it is as secure as possible from malicious interference.,"not about reliability, dependability, resilience","reliability, dependability, resilience",0.5166727304458618
The system shall use the organization’s standard virus protection software to help monitor threats to itself.,"not about reliability, dependability, resilience","reliability, dependability, resilience",0.228145569562912
The Disputes application shall comply with the corporate standards for user interface creation for internally and externally used applications.,"not about reliability, dependability, resilience","reliability, dependability, resilience",0.4016155004501343
All screens created as part of the Disputes application must comply with corporate standards for interface creation.,"not about reliability, dependability, resilience","reliability, dependability, resilience",0.2787945866584778
The list of dispute cases that are displayed after a search is performed must be color coded for easy identification of dispute cases based upon the dispute case status.,"not about reliability, dependability, resilience","reliability, dependability, resilience",0.12434884905815125
100% of the cardmember and merchant services representatives shall use the Disputes application regularly after a 2-day training course.,"not about reliability, dependability, resilience","reliability, dependability, resilience",0.07123569399118423
100% of cardmember services representatives shall be able to successfully create a dispute case on the first encounter after completing the training course.,"not about reliability, dependability, resilience","reliability, dependability, resilience",0.23793992400169373
100% of merchant services representatives shall be able to successfully perform a follow up action on a dispute case on the first encounter after completing the training course.,"not about reliability, dependability, resilience","reliability, dependability, resilience",0.23699916899204254
The maximum wait time for a user navigating from one screen to another within the Disputes application shall be no more than 5 seconds.,"not about reliability, dependability, resilience","not about reliability, dependability, resilience",0.024973446503281593
The Disputes application shall support 350 concurrent users without any degradation of performance in the application.,"not about reliability, dependability, resilience","reliability, dependability, resilience",0.3421245217323303
 The Disputes application shall be available 24x7x365  with the exception of the following scheduled maintenance windows.  Monday – Saturday 3:00am to 4:00am EST Sunday 1:00amd to 5:00am EST,"not about reliability, dependability, resilience","reliability, dependability, resilience",0.28758862614631653
The Disputes application shall interface with the Statement Database. The Statement Database provides the transaction details to the Disputes System. All transaction details must be obtained from the Statement Database,"not about reliability, dependability, resilience","reliability, dependability, resilience",0.22730931639671326
The Disputes application shall interface with the Cardmember Information Database.  The Cardmember Information Database provides detailed information with regard to a cardmember.  All cardmember detail information must be obtained from the Cardmember Information Database.,"not about reliability, dependability, resilience","reliability, dependability, resilience",0.22755545377731323
The Disputes applications shall interface with the Merchant Information Database.  The Merchant Information Database provides detailed information with regard to the merchant. All merchant detail information shall be obtained from the Merchant Information Database.,"not about reliability, dependability, resilience","reliability, dependability, resilience",0.14394038915634155
The Disputes application shall interface with the Letters application.  This will allow the Disputes application to request letters as part of the dispute initiation and dispute follow up process. All letter requests must be sent to the Print Letter Utility application.,"not about reliability, dependability, resilience","reliability, dependability, resilience",0.11151668429374695
The Disputes application shall interface with the Cardmember Posting and Billing System.  This will allow the Disputes application to request adjustments to cardmember and merchant’s accounts. All adjustment requests must be sent to the Cardmember Posting and Billing System.,"not about reliability, dependability, resilience","reliability, dependability, resilience",0.1353762149810791
The Disputes application shall ensure that only users with the appropriate access level are allowed to initiate dispute requests.,"not about reliability, dependability, resilience","reliability, dependability, resilience",0.18865904211997986
Only users with Update access must be able to initiate dispute requests.,"not about reliability, dependability, resilience","not about reliability, dependability, resilience",0.2240389585494995
The Disputes application shall ensure that only authorized users are allowed to logon to the application.,"not about reliability, dependability, resilience","reliability, dependability, resilience",0.11892515420913696
 All authorized users  once authenticated must be able to logon to the Disputes System,"not about reliability, dependability, resilience","reliability, dependability, resilience",0.23552140593528748
The Disputes System shall generate a User Report that details any new users that have been added and any changes to an existing user’s access level.  The report will be reviewed for auditing purposes.,"not about reliability, dependability, resilience","reliability, dependability, resilience",0.1808410882949829
All additions of new users and modifications to user’s access shall be recorded on the User Report.,"not about reliability, dependability, resilience","reliability, dependability, resilience",0.1463688313961029
 If a user account is revoked  it can only be re-instantiated by the System Administrator.,"not about reliability, dependability, resilience","not about reliability, dependability, resilience",0.19716566801071167
Only the System Administrator shall be able to reset a revoked user logon account,"not about reliability, dependability, resilience","not about reliability, dependability, resilience",0.07149817049503326
The Disputes application shall manipulate and view business data. Users will not have direct access to data files or databases.,"not about reliability, dependability, resilience","not about reliability, dependability, resilience",0.09344249218702316
All updates to data files or database must be initiated from the Disputes System.,"not about reliability, dependability, resilience","reliability, dependability, resilience",0.20054470002651215
The Disputes application must conform to the legal requirements as specified by the Merchant Operating Regulations.,"not about reliability, dependability, resilience","reliability, dependability, resilience",0.35020291805267334
All business rules specified in the Disputes System shall be in compliance with the Merchant Operating Regulations.,"not about reliability, dependability, resilience","reliability, dependability, resilience",0.3057370185852051
The Disputes application must conform to the legal requirements as specified by Regulation E and Regulation Z that govern credit card disputes processing.,"not about reliability, dependability, resilience","reliability, dependability, resilience",0.313496470451355
All business rules specified in the Disputes System shall be in compliance to the guidelines of Regulation E and Regulation Z.,"not about reliability, dependability, resilience","reliability, dependability, resilience",0.3529919981956482
The Disputes application must maintain a detailed history of every action that a user takes on a dispute case.  This ensures a complete audit trail if questions arise later on with regard to a particular dispute case.,"not about reliability, dependability, resilience","reliability, dependability, resilience",0.413651704788208
All actions that modify an existing dispute case must be recorded in the case history.,"not about reliability, dependability, resilience","reliability, dependability, resilience",0.26739129424095154
The product must support Internet Explorer 5.5 and above.,"not about reliability, dependability, resilience","reliability, dependability, resilience",0.12955786287784576
The product must support Mozilla Firefox 1.0 and above.,"not about reliability, dependability, resilience","reliability, dependability, resilience",0.14911839365959167
The product shall interface with the Choice Parts System.  This provides the feed of recycled parts data.,"not about reliability, dependability, resilience","reliability, dependability, resilience",0.17997853457927704
The product shall run on the existing hardware for all environments.,"not about reliability, dependability, resilience","reliability, dependability, resilience",0.3266047537326813
The product shall adhere to the corporate Architecture guidelines,"not about reliability, dependability, resilience","reliability, dependability, resilience",0.39586105942726135
The product shall comply with corporate User Interface Guidelines,"not about reliability, dependability, resilience","reliability, dependability, resilience",0.39444732666015625
The product shall comply with corporate color scheme,"not about reliability, dependability, resilience","reliability, dependability, resilience",0.40760087966918945
The appearance of the product shall appear professional,"not about reliability, dependability, resilience","reliability, dependability, resilience",0.6145321726799011
The product shall be easy to use by Adjusters and Collision Estimators.  95% of Adjusters and Collision Estimators shall find the product easy to use.,"not about reliability, dependability, resilience","reliability, dependability, resilience",0.4152975380420685
The product shall increase productivity of Collision Estimators. 80% of the Collision Estimators shall agree their productivity has increase within 1 month of using the product.,"not about reliability, dependability, resilience","reliability, dependability, resilience",0.13975751399993896
Users shall feel satisfied using the product.  85% of all users will be satisfied with the product.,"not about reliability, dependability, resilience","reliability, dependability, resilience",0.339150995016098
The product shall be easy to learn by Adjusters and Collision Estimators.  The product shall be learned with two days onsite training,"not about reliability, dependability, resilience","reliability, dependability, resilience",0.30640852451324463
The user shall easily locate instructions while using the product.  User help can be found within 90% of the system.,"not about reliability, dependability, resilience","reliability, dependability, resilience",0.2541103959083557
The search for recycled parts shall take no longer than 15 seconds.  The search results shall be returned in under 15 seconds.,"not about reliability, dependability, resilience","reliability, dependability, resilience",0.08707374334335327
The search for the preferred repair facility shall take no longer than 8 seconds.  The preferred repair facility is returned within 8 seconds,"not about reliability, dependability, resilience","reliability, dependability, resilience",0.18130826950073242
The recycled parts audit report shall be returned to the user within 10 seconds.  The audit report shall be returned within 10 seconds.,"not about reliability, dependability, resilience","reliability, dependability, resilience",0.2166193425655365
The preferred repair facility ratings shall be saved within 5 seconds. The save shall occur within 5 seconds.,"not about reliability, dependability, resilience","reliability, dependability, resilience",0.19776412844657898
The product shall adhere to the corporate online availability schedule.  The application is brought down only within 98% of the scheduled outages per the availability schedule.,"reliability, dependability, resilience","reliability, dependability, resilience",0.2825086712837219
The product shall achieve a 98% uptime. The product shall not fail more than 2% of the available online time.,"reliability, dependability, resilience","reliability, dependability, resilience",0.25280261039733887
The product shall be able to handle up to 1500 simultaneous users. The system shall perform with 1500 users as a time.,"not about reliability, dependability, resilience","reliability, dependability, resilience",0.18934805691242218
 The average number of recycled parts records per day shall be 50 000.,"not about reliability, dependability, resilience","reliability, dependability, resilience",0.062492068856954575
 The product shall be able to handle 10 000 concurrent users within 2 years of the initial launch.,"not about reliability, dependability, resilience","reliability, dependability, resilience",0.07580526173114777
 For estimators  the product shall be able to be operated in a repair facility during dirty and noisy conditions.,"not about reliability, dependability, resilience","reliability, dependability, resilience",0.40327486395835876
The product shall interface with the ChoiceParts system once per day at approximately 1:00 AM.,"not about reliability, dependability, resilience","reliability, dependability, resilience",0.03455997258424759
The maintenance of the product will fall within the established corporate maintenance windows.,"not about reliability, dependability, resilience","reliability, dependability, resilience",0.3503226637840271
The product shall be supported using the corporate support center.,"not about reliability, dependability, resilience","reliability, dependability, resilience",0.397635281085968
Product installations and upgrades shall be handled by the middleware technology team within established launch time frames.,"not about reliability, dependability, resilience","reliability, dependability, resilience",0.20750252902507782
Only adjusters can request recycled parts audit reports. No users without an adjuster role shall request recycled parts audits.,"not about reliability, dependability, resilience","not about reliability, dependability, resilience",0.27563631534576416
Only adjusters with a supervisor role can update preferred repair facility ratings. Users without the supervisor role cannot access the repair facility ratings.,"not about reliability, dependability, resilience","not about reliability, dependability, resilience",0.26780903339385986
Only collision estimators shall search for recycled parts.  Users without the collision estimator role shall not have access to the search for recycled parts.,"not about reliability, dependability, resilience","not about reliability, dependability, resilience",0.2924528419971466
Only valid data shall be entered into the system.  No invalid data shall be entered into the system.,"not about reliability, dependability, resilience","not about reliability, dependability, resilience",0.3854261636734009
One insurance company shall not be able to view another insurance companys claim data.,"not about reliability, dependability, resilience","not about reliability, dependability, resilience",0.18096643686294556
The product shall free of computer viruses.,"not about reliability, dependability, resilience","reliability, dependability, resilience",0.29035550355911255
The system shall prevent malicious attacks including denial of service.,"not about reliability, dependability, resilience","reliability, dependability, resilience",0.3896942138671875
The product must comply with Sarbanes-Oxley.,"not about reliability, dependability, resilience","reliability, dependability, resilience",0.495481938123703
The product shall comply with the estimatics laws relating to recycled parts usage.,"not about reliability, dependability, resilience","reliability, dependability, resilience",0.43279001116752625
The product shall comply with insurance regulations regarding claims processing.,"not about reliability, dependability, resilience","reliability, dependability, resilience",0.3557546138763428
 The product must work with most database management systems (DBMS) on the market  whether the DBMS is colocated with the product on the same machine or is located on a different machine on the computer network.,"not about reliability, dependability, resilience","reliability, dependability, resilience",0.19800437986850739
The product will function alongside server software on any operating system where the Java runtime can be installed.,"not about reliability, dependability, resilience","reliability, dependability, resilience",0.28021031618118286
The product will require collaboration with a database management system (DBMS).  The DBMS may be located on the same machine as the product or on a separate machine residing on the same computer network.,"not about reliability, dependability, resilience","reliability, dependability, resilience",0.16615897417068481
 The product must make use of web/application server technology.  Open source examples include Apache web server  Tomcat  and the JBoss application server.,"not about reliability, dependability, resilience","reliability, dependability, resilience",0.24307580292224884
 A database management system such as Oracle  DB2  MySql or HSQL will need to be integrated with the product.,"not about reliability, dependability, resilience","reliability, dependability, resilience",0.24484291672706604
 The product’s Look and Feel shall be able to incorporate aspects of the customer’s organization such as logo  branding  and identity,"not about reliability, dependability, resilience","reliability, dependability, resilience",0.29122182726860046
The product shall have a conservative and professional appearance.,"not about reliability, dependability, resilience","reliability, dependability, resilience",0.4850071966648102
The product shall make the users want to use it. 80% of the users surveyed report they are regularly using the product after the first 2 weeks post-launch.,"not about reliability, dependability, resilience","reliability, dependability, resilience",0.11826585978269577
The product shall be easy to use. 90% of users will be able to successfully reserve a conference room within 5 minutes of product use.,"not about reliability, dependability, resilience","reliability, dependability, resilience",0.22561348974704742
The product shall give users feedback when necessary. 80% of the users surveyed report that the product accurately confirms their actions.,"not about reliability, dependability, resilience","reliability, dependability, resilience",0.41388174891471863
The product shall allow the user to select a chosen language from one of the target market countries.,"not about reliability, dependability, resilience","reliability, dependability, resilience",0.0858500674366951
The product shall allow for customization of start page and views preferences.,"not about reliability, dependability, resilience","reliability, dependability, resilience",0.12295369803905487
 An employee will be able to successfully use the product within a few minutes.  After informally navigating the product for less than 15 minutes  users shall be able to successfully setup meetings and reserve conference rooms.,"not about reliability, dependability, resilience","reliability, dependability, resilience",0.17747585475444794
The product shall use a standard navigation menu familiar to most web users.,"not about reliability, dependability, resilience","reliability, dependability, resilience",0.19608448445796967
The product shall allow for intuitive searching of available conference rooms.,"not about reliability, dependability, resilience","reliability, dependability, resilience",0.2865849733352661
The product shall conform to the Americans with Disabilities Act.,"not about reliability, dependability, resilience","reliability, dependability, resilience",0.3731340169906616
The response shall be fast enough to avoid interrupting the user’s flow of thought.  90% of tasks shall complete within 5 seconds.  98% of tasks shall complete within 8 seconds.,"not about reliability, dependability, resilience","reliability, dependability, resilience",0.33131036162376404
 Aside from server failure  the software product shall achieve 99.99% up time.,"reliability, dependability, resilience","reliability, dependability, resilience",0.28875216841697693
The product shall create an exception log of problems encountered within the product for transmission to our company for analysis and resolution.,"not about reliability, dependability, resilience","reliability, dependability, resilience",0.17397698760032654
 The product shall be capable of handling up to 1 000 concurrent requests.  This number will increase to 2 000 by Release 2.  The concurrency capacity must be able to handle peak scheduling times such as early morning and late afternoon hours.,"not about reliability, dependability, resilience","reliability, dependability, resilience",0.31016799807548523
 The product shall be able to process 10 000 transactions per hour within two years of its launch.  This number will increase to 20 000 by Release 2.,"not about reliability, dependability, resilience","reliability, dependability, resilience",0.042564600706100464
The product shall be expected to operate for at least 5 years for each customer installation.,"not about reliability, dependability, resilience","reliability, dependability, resilience",0.16959398984909058
The product shall be used in office environments.,"not about reliability, dependability, resilience","reliability, dependability, resilience",0.2387736737728119
The product must be able to interface with any HTML browser.  The product shall transmit data between the user and the product without problems. The product shall display HTML properly in 80% of all HTML browsers tested (minimum is to test 8 browsers).,"not about reliability, dependability, resilience","reliability, dependability, resilience",0.24419988691806793
The product must be able to interface with various database management systems. The product shall communicate successfully with the database management system on 100% of all transactions.,"not about reliability, dependability, resilience","reliability, dependability, resilience",0.27680015563964844
The product must be able to interface with various email servers. The product shall be able to send email.,"not about reliability, dependability, resilience","reliability, dependability, resilience",0.1839659959077835
The product shall be available for distribution via the Internet as a binary or ZIP file.,"not about reliability, dependability, resilience","reliability, dependability, resilience",0.04031399264931679
The product shall be available for distribution as a packaged CD.,"not about reliability, dependability, resilience","reliability, dependability, resilience",0.1943708062171936
 The product will be available for licensing as a one-server  two-five servers  or five-or-more servers license.,"not about reliability, dependability, resilience","reliability, dependability, resilience",0.16809822618961334
A new user must be able to be added to the system within 10 minutes.  90% of new users are able to log into the system within 10 minutes.,"not about reliability, dependability, resilience","reliability, dependability, resilience",0.1006091833114624
The product must be designed using Design Patterns and coding best practices.  90% of maintenance software developers are able to integrate new functionality into the product with 2 working days.,"not about reliability, dependability, resilience","reliability, dependability, resilience",0.17755571007728577
The product must be highly configurable for use with various database management systems for the end users.  80% of end users are able to integrate new database management systems with the product without changing the product’s software code.,"not about reliability, dependability, resilience","reliability, dependability, resilience",0.31937864422798157
Maintenance releases will be offered to customers once a year.  The releases shall take no longer than 5 minutes for 80% of the customer base to install.,"not about reliability, dependability, resilience","reliability, dependability, resilience",0.14857640862464905
Every registered user will have access to the product’s support site via the Internet.  70% of registered users shall find a solution to their problem within 5 minutes of using the support site.,"not about reliability, dependability, resilience","reliability, dependability, resilience",0.07252883166074753
The customer shall be able to easily integrate new building maps with the product throughout the product’s lifecycle.  Integration of new maps with the product shall be possible with little to no support from product support staff.,"not about reliability, dependability, resilience","not about reliability, dependability, resilience",0.15393319725990295
 The product shall be translated into foreign languages other than the target market countries’ languages in future releases.  For each emerging target market  it shall take no more than 5 days to configure the product for that market’s language.,"not about reliability, dependability, resilience","reliability, dependability, resilience",0.002556221792474389
 The product is expected to integrate with multiple database management systems.  The product will operate with Oracle  SQL Server  DB2  MySQL  HSQL  and MS Access.,"not about reliability, dependability, resilience","reliability, dependability, resilience",0.20845775306224823
The product shall be able to be installed in any operating environment within 2 days.,"not about reliability, dependability, resilience","reliability, dependability, resilience",0.16878023743629456
The product shall ensure that only company employees or external users with company-approved user IDs may have product access.  100% of all logons shall be by either company employees or external users with company-approved user IDs.,"not about reliability, dependability, resilience","reliability, dependability, resilience",0.16733774542808533
Only managers are able to perform search queries for reservations by user.  100% of all search queries for reservations by user shall be from logons of only management logons.,"not about reliability, dependability, resilience","not about reliability, dependability, resilience",0.09432270377874374
The product shall ensure that the database’s data corresponds to the data entered by the user.  Each conference room reservation in the system will contain the same information as was entered by the user.,"not about reliability, dependability, resilience","reliability, dependability, resilience",0.2350836545228958
The product shall prevent the input of malicious data.  The product and/or adjacent hardware/software systems’ data shall remain 100% uncorrupted each time malicious data is input into the product.,"not about reliability, dependability, resilience","reliability, dependability, resilience",0.36036837100982666
The product and/or dependent databases/filesystems shall remain operational as a result of the input of malicious data.  The product and/or dependent databases/filesystems shall not crash 100% of the time that malicious data is input into the product.,"not about reliability, dependability, resilience","reliability, dependability, resilience",0.4587167799472809
The product shall have the ability to receive automatic software updates as new threats emerge.  100% of customers will be able to receive automatic software updates transmitted to the installed product.,"not about reliability, dependability, resilience","reliability, dependability, resilience",0.3136178255081177
The language of the product shall accommodate all of the target market countries. 90% of survey respondents from each target market country will find that the language of the product is acceptable.,"not about reliability, dependability, resilience","reliability, dependability, resilience",0.23598548769950867
The product shall be able to display calendar dates and times according to the user’s locale.  90% of survey respondents from each target market country will find that the date and time formatting of the product is correct.,"not about reliability, dependability, resilience","reliability, dependability, resilience",0.226052924990654
The product must be developed with the J2SE/J2EE programming language libraries,"not about reliability, dependability, resilience","reliability, dependability, resilience",0.15935742855072021
Recreation of Inventory Quantity Adjustment for the period of previous 30 days shall take no more than 30min.,"not about reliability, dependability, resilience","reliability, dependability, resilience",0.10434217005968094
The System shall allow for a minimum of  6 users to work at the same time.,"not about reliability, dependability, resilience","reliability, dependability, resilience",0.29729822278022766
The System shall utilize currently owned computer equipment.,"not about reliability, dependability, resilience","reliability, dependability, resilience",0.2730323374271393
The System shall be able to automatically backup business data and restore them on demand.,"not about reliability, dependability, resilience","reliability, dependability, resilience",0.35024213790893555
The System shall maintain consistent security.  Any changes in user passwords and/or permissions should take affect in all parts of the System.,"not about reliability, dependability, resilience","reliability, dependability, resilience",0.46282604336738586
The System shall granularly control access rights to all major subsystems.  It should be possible to assign access rights to all subsystems independently.,"not about reliability, dependability, resilience","reliability, dependability, resilience",0.28944846987724304
The System shall meet all applicable accounting standards.  The final version of the System must successfully pass independent audit performed by a certified auditor.,"not about reliability, dependability, resilience","reliability, dependability, resilience",0.4652579426765442
The System shall not require additional third party licenses resulting in royalty fees.,"not about reliability, dependability, resilience","not about reliability, dependability, resilience",0.47409331798553467
Administrator shall be able to activate a pre-paid card via the Administration section in under 5 seconds.,"not about reliability, dependability, resilience","reliability, dependability, resilience",0.09553833305835724
 Customer shall be able to check the status of their prepaid card  by entering in the PIN number  in under 5 seconds.,"not about reliability, dependability, resilience","reliability, dependability, resilience",0.09302723407745361
System shall let customers register on the website as a “pay as you go” user in under 5 minutes.,"not about reliability, dependability, resilience","reliability, dependability, resilience",-0.04730428755283356
System shall let customers register on the website as a “unlimited movie subscriber” user in under 10 minutes.,"not about reliability, dependability, resilience","reliability, dependability, resilience",0.02154649794101715
System shall let existing customers log into the website with their email address and password in under 5 seconds.,"not about reliability, dependability, resilience","reliability, dependability, resilience",0.018395528197288513
 System shall let customers cancel their account  process shall take no longer than 2 minutes.  Database will mark the account as inactive  and user will not be able to log into the website.,"not about reliability, dependability, resilience","not about reliability, dependability, resilience",0.013307323679327965
System shall let administrator de-activate a customer account in under 1 minute. Customer will no longer be able to access the website.,"not about reliability, dependability, resilience","reliability, dependability, resilience",-0.013363637030124664
System shall let administrator add/remove movies on the website in under 5 minutes.  Entered movie information will be stored in the database and will now be available on the website.,"not about reliability, dependability, resilience","reliability, dependability, resilience",-0.07812294363975525
System shall let the administrator add/remove categories on the website in under 5 minutes.,"not about reliability, dependability, resilience","reliability, dependability, resilience",-0.010636622086167336
System shall let Izogn Manager access sales and usage statistics in under 2 minutes.,"not about reliability, dependability, resilience","reliability, dependability, resilience",0.012870405800640583
System shall let administrators generate unique pre-paid pins in under 2 minutes and generate an Excel file with the generated PINs.,"not about reliability, dependability, resilience","reliability, dependability, resilience",-0.01861359179019928
The website shall be attractive to all audiences.  The website shall appear to be fun and the colors should be bright and vibrant.,"not about reliability, dependability, resilience","reliability, dependability, resilience",0.275421679019928
 The website should have an African feel  but should not alienate non-Africans.  The website should use animation on pages which are describing the services  to grab the users attention and encourage them to sign up.,"not about reliability, dependability, resilience","reliability, dependability, resilience",0.14366206526756287
 The website design should be modern  clean  and concise.,"not about reliability, dependability, resilience","reliability, dependability, resilience",0.3867180347442627
The product should be able to be used by 90% of novice users on the Internet.,"not about reliability, dependability, resilience","reliability, dependability, resilience",0.07010204344987869
 Users should only have to navigate through a maximum of 4 pages  to create an account with the website.,"not about reliability, dependability, resilience","not about reliability, dependability, resilience",0.09296669811010361
Users should be able to access their streaming movies in under 2 clicks after logging into the website.,"not about reliability, dependability, resilience","reliability, dependability, resilience",-0.04055227339267731
An anonymous survey will show that 70% of customers are comfortable purchasing streaming movies after 2 weeks using the website.,"not about reliability, dependability, resilience","reliability, dependability, resilience",-0.06986043602228165
An anonymous survey will show that 95% of customers are comfortable using and purchasing pre-paid cards after a month of using the system.,"not about reliability, dependability, resilience","reliability, dependability, resilience",0.00556552316993475
The product shall retain the customer’s buying preferences and information.,"not about reliability, dependability, resilience","reliability, dependability, resilience",0.3348548710346222
The product shall be easy for customers with novice skills on the  Internet to purchase and watch streaming movies.  Customers should be able to purchase and watch a pre-determined movie in under 3 minutes.,"not about reliability, dependability, resilience","reliability, dependability, resilience",0.07752714306116104
The product shall use symbols and words that are naturally understandable by users familiar with websites,"not about reliability, dependability, resilience","reliability, dependability, resilience",0.26409971714019775
The website will use standard Internet conventions when interacting with the user.,"not about reliability, dependability, resilience","reliability, dependability, resilience",0.25878241658210754
 Any interface between a user and the automated system shall have a maximum response time of 5 seconds  unless noted by an exception below.,"not about reliability, dependability, resilience","reliability, dependability, resilience",0.18788182735443115
 When purchasing a streaming movie or pre-paid card via credit card  the processing time should have a maximum response time of 15 seconds.,"not about reliability, dependability, resilience","reliability, dependability, resilience",-0.041095227003097534
 When streaming a movie  the buffering time should take no longer than 10 seconds (plus any latency on the user’s connection.),"not about reliability, dependability, resilience","not about reliability, dependability, resilience",0.1561480462551117
 While streaming a movie  buffering should only occur if there is latency in the user’s connection.,"not about reliability, dependability, resilience","not about reliability, dependability, resilience",0.2471075803041458
 All credit card information will be secured on the server  and only accessible by authorized Izogn administrators.  Information will be encrypted in the database.,"not about reliability, dependability, resilience","reliability, dependability, resilience",0.13456521928310394
 The website shall be available for use 24 hours per day  365 days per year.,"reliability, dependability, resilience","reliability, dependability, resilience",0.23505496978759766
The website shall achieve 99.5% up time.,"reliability, dependability, resilience","reliability, dependability, resilience",0.11648844182491302
 All movies shall be streamed on demand  at any time of the day.,"reliability, dependability, resilience","reliability, dependability, resilience",0.027831174433231354
The website shall continue to operate if the streaming server goes down.,"not about reliability, dependability, resilience","reliability, dependability, resilience",0.2938874363899231
The website shall continue to operate if the payment gateway goes down.,"not about reliability, dependability, resilience","reliability, dependability, resilience",0.32436785101890564
The streaming server will support 50 simultaneous streaming connections.,"not about reliability, dependability, resilience","reliability, dependability, resilience",0.058651573956012726
The streaming server will support a maximum of 700 movies  new servers can be added to support more movies.,"not about reliability, dependability, resilience","reliability, dependability, resilience",0.1475682407617569
 The server will support a maximum of 1 000 simultaneous users.,"not about reliability, dependability, resilience","reliability, dependability, resilience",0.13828782737255096
 The website shall be capable of supporting 100 000 customers.,"not about reliability, dependability, resilience","reliability, dependability, resilience",0.16139355301856995
The product shall be expected to operate within the maximum maintenance budget for a minimum of 2 years.,"not about reliability, dependability, resilience","reliability, dependability, resilience",0.3056696355342865
All aspects of the website shall be accessed by a web browser over the Internet.,"not about reliability, dependability, resilience","reliability, dependability, resilience",-0.03181625157594681
The same hardware supporting the current website will be used to support the new system.,"not about reliability, dependability, resilience","reliability, dependability, resilience",0.32161062955856323
 We must be able to interface with the following browsers: IE 5.X  6.0  Netscape 6.x  7.x  8.x and Firefox 1.0.,"not about reliability, dependability, resilience","reliability, dependability, resilience",0.16896721720695496
Website must interface with the CyberSource API to process credit card transactions.,"not about reliability, dependability, resilience","reliability, dependability, resilience",0.09373993426561356
Website must be fully operational with MSN TV2.,"not about reliability, dependability, resilience","reliability, dependability, resilience",0.24195273220539093
Movies shall be encoded and streamed via Windows Media Player 9.0.,"not about reliability, dependability, resilience","reliability, dependability, resilience",-0.02020750194787979
Movies shall be encoded for 56k and 256k streams.,"not about reliability, dependability, resilience","reliability, dependability, resilience",-0.015425468795001507
Promotional updates to the website should take a day to update.,"not about reliability, dependability, resilience","reliability, dependability, resilience",0.04659551754593849
Izogn Administrator must be able to update the category listings on the website within 2 minutes.,"not about reliability, dependability, resilience","reliability, dependability, resilience",0.06758584827184677
Izogn Administrator must be able to add new products to the website within 2 minutes.,"not about reliability, dependability, resilience","reliability, dependability, resilience",-0.021655306220054626
The system will provide a 24 hour 800 toll free number for support to its customers.,"reliability, dependability, resilience","reliability, dependability, resilience",0.29768601059913635
The website will provide a help section with answers and solutions to common problems.,"not about reliability, dependability, resilience","reliability, dependability, resilience",0.26762333512306213
 Velkat staff will be available for phone support between 7am-7pm  M-F to provide technical support to the Izogn administrators.,"reliability, dependability, resilience","reliability, dependability, resilience",0.15773974359035492
The product shall be able to be installed in the specified environment within 1 working day.,"not about reliability, dependability, resilience","reliability, dependability, resilience",0.21066699922084808
Only registered customers can purchase streaming movies.,"not about reliability, dependability, resilience","not about reliability, dependability, resilience",0.05425475537776947
 A customer can only stream a movie if they purchased it  and are within the 2 day viewing period.,"not about reliability, dependability, resilience","not about reliability, dependability, resilience",-0.035229846835136414
Only authorized personnel can access customer records in the database.,"not about reliability, dependability, resilience","not about reliability, dependability, resilience",0.16330377757549286
Only administrators can activate a pre-paid card.,"not about reliability, dependability, resilience","not about reliability, dependability, resilience",0.10437566787004471
Only authorized personnel can access sales information.,"not about reliability, dependability, resilience","not about reliability, dependability, resilience",0.13574515283107758
The website shall prevent its data from being corrupted when incorrect data is entered in.,"not about reliability, dependability, resilience","reliability, dependability, resilience",0.2781597673892975
 The website shall protect itself from intentional abuse  and notify the administrator at all occurrences.,"not about reliability, dependability, resilience","reliability, dependability, resilience",0.35626715421676636
Data integrity scripts will be run on a weekly basis to verify the integrity of the database.,"not about reliability, dependability, resilience","reliability, dependability, resilience",0.3659627139568329
 The website shall make its user aware of its information practices before collection data from them via a Privacy Policy  accessible on all pages of the website.,"not about reliability, dependability, resilience","reliability, dependability, resilience",0.18811456859111786
The system shall notify customers of changes to its information policy.,"not about reliability, dependability, resilience","not about reliability, dependability, resilience",0.12721744179725647
The system shall reveal private information only in compliance with the organization’s information policy.,"not about reliability, dependability, resilience","not about reliability, dependability, resilience",0.17549385130405426
 All customer information will be stored on a secure database  accessible only to authorized personnel.,"not about reliability, dependability, resilience","reliability, dependability, resilience",0.2519144117832184
All credit card information will be encrypted in the database.,"not about reliability, dependability, resilience","reliability, dependability, resilience",0.08269691467285156
The streaming server will have anti-virus software to prevent infection of malicious viruses.,"not about reliability, dependability, resilience","reliability, dependability, resilience",0.2196355015039444
The website should cater to all tribes in Nigeria.,"not about reliability, dependability, resilience","reliability, dependability, resilience",0.04908134043216705
The website shall not be offensive to religious or ethnic groups.,"not about reliability, dependability, resilience","not about reliability, dependability, resilience",0.41530632972717285
 The website should appeal to all Africans  not only Nigerians.,"not about reliability, dependability, resilience","reliability, dependability, resilience",0.1949584186077118
The website should use Flash to provide animation on the home page.,"not about reliability, dependability, resilience","reliability, dependability, resilience",-0.0991356149315834
IzognMovies shall meet the licensing requirements set forth by the appropriate organizations in order to stream African movies.,"not about reliability, dependability, resilience","reliability, dependability, resilience",0.17093360424041748
The website will comply with W3C standards.,"not about reliability, dependability, resilience","reliability, dependability, resilience",0.49585554003715515
The PHP code will comply with PEAR standards.,"not about reliability, dependability, resilience","reliability, dependability, resilience",0.34943318367004395
Total lead cycle time must be completed in 5 minutes for 90% of lead volume between the business hours of 8AM CST to 8PM CST  then 3 minutes for 99% of lead volume during off business hours.,"not about reliability, dependability, resilience","reliability, dependability, resilience",0.02358260378241539
No lead evaluation will complete in a time period longer than 25 seconds for 97% of all leads processed.,"not about reliability, dependability, resilience","not about reliability, dependability, resilience",0.07613885402679443
For leads that process longer than 25 seconds the system will record the event and duration,"not about reliability, dependability, resilience","reliability, dependability, resilience",0.2648753523826599
The process must fit within the processing time conditions set forth by the Auto Rep Assignment process in which a lead is assigned within 3 minutes of the total life cycle.,"not about reliability, dependability, resilience","reliability, dependability, resilience",0.32997027039527893
The lead washing process will operate within the established physical web service structure.,"not about reliability, dependability, resilience","reliability, dependability, resilience",0.16107985377311707
 The washing process must use a non binding  neutral data format  such as xml  when receiving and processing lead data.,"not about reliability, dependability, resilience","reliability, dependability, resilience",0.19045041501522064
Defect reports will be available to technical units on a 24x7 basis.,"reliability, dependability, resilience","reliability, dependability, resilience",0.27585381269454956
Washing parameters will be updated during scheduled maintenance hours.,"not about reliability, dependability, resilience","reliability, dependability, resilience",0.3041348159313202
The product shall simulate the look of ships at sea.,"not about reliability, dependability, resilience","reliability, dependability, resilience",0.19795718789100647
The product shall display the grids within a circle as a view from a periscope.,"not about reliability, dependability, resilience","reliability, dependability, resilience",0.050970807671546936
The product shall display each type of ship in a grid using an image of the specific type of ship.,"not about reliability, dependability, resilience","reliability, dependability, resilience",0.0667954832315445
 When the offensive player takes a shot  the product shall simulate the sound of a ship at sea.,"not about reliability, dependability, resilience","reliability, dependability, resilience",0.12099523842334747
 When a shot is marked as a miss  the product shall simulate the sound of a shot missing its target.,"not about reliability, dependability, resilience","reliability, dependability, resilience",0.1351965069770813
 When a shot is marked as a hit  the product shall simulate the sound of a shot hitting its target.,"not about reliability, dependability, resilience","reliability, dependability, resilience",0.1512872278690338
 When a ship is sunk  the product shall simulate the sound of a sinking ship.,"not about reliability, dependability, resilience","reliability, dependability, resilience",0.01388617418706417
 The product shall be available 24 hours per day  seven days per week.,"reliability, dependability, resilience","reliability, dependability, resilience",0.29453352093696594
The product shall able to handle a large number of games simultaneously.,"not about reliability, dependability, resilience","reliability, dependability, resilience",0.24107792973518372
The response time shall be fast enough to maintain the flow of the game.  The response time shall be no more than 2 seconds for 95% of responses and no more than 4% for the remaining responses.,"not about reliability, dependability, resilience","reliability, dependability, resilience",0.37978366017341614
The product shall protect the identity of the players. The product shall provide players no access to information that might reveal the identity of another player.,"not about reliability, dependability, resilience","not about reliability, dependability, resilience",0.29858312010765076
The product shall be intuitive and self-explanatory.  Nine out ten users shall be able to successfully complete a game with no training.,"not about reliability, dependability, resilience","not about reliability, dependability, resilience",0.29811975359916687
 The product shall be available to players who understand English  Spanish and French.  The product shall allow the user to select the language upon accessing the product.,"not about reliability, dependability, resilience","reliability, dependability, resilience",0.04891166090965271
The product shall provide players no access to information that might reveal the identity of another player,"not about reliability, dependability, resilience","not about reliability, dependability, resilience",0.2754738926887512
The response time shall be fast enough to maintain the flow of the game. The response time shall be no more than 2 seconds for 95% of responses and no more than 4% for the remaining responses.,"not about reliability, dependability, resilience","reliability, dependability, resilience",0.37978366017341614
The system shall be easy to use by callers and supervisors. Callers and supervisors must be able to accomplish any system task within 2 minutes.,"not about reliability, dependability, resilience","reliability, dependability, resilience",0.3552108705043793
The system shall be easy to learn by callers and supervisors. Callers and supervisors shall learn how to use the system within 10 minutes.,"not about reliability, dependability, resilience","reliability, dependability, resilience",0.2663577198982239
 The system shall be responsive. At the DePaul TeleServices Center  when a supervisor uses the system to view a callers schedule  the system response time must be no more than 2 seconds 90% of the time and no more than 5 seconds the rest of the time.,"not about reliability, dependability, resilience","reliability, dependability, resilience",0.26630473136901855
 On a 56k connection  the system response time for all operations must be no more than 6 seconds 90% of the time.,"not about reliability, dependability, resilience","reliability, dependability, resilience",0.11751284450292587
 On a 112k connection or faster  the system response time for all operations must be no more than 3 seconds 90% of the time.,"not about reliability, dependability, resilience","reliability, dependability, resilience",0.17712530493736267
The system shall have high availability every day of the year.The system must be available for use between 12:00AM and 6:00PM all days of the year.,"reliability, dependability, resilience","reliability, dependability, resilience",0.35826972126960754
The system must be available for use between 7:00AM and 11:59PM all days of the year.,"reliability, dependability, resilience","reliability, dependability, resilience",0.18879233300685883
The product shall be internet browser independent.The product must run using Internet Explorer and Netscape Navigator.,"not about reliability, dependability, resilience","not about reliability, dependability, resilience",0.11824774742126465
The product shall ensure that only supervisors can advertise empty time slots.The product must ensure that supervisors are allowed to access advertise empty time slots.,"not about reliability, dependability, resilience","reliability, dependability, resilience",0.24023853242397308
The product shall ensure that only supervisors can enter a caller’s schedule.The product must ensure that supervisors are allowed to access advertise empty time slots.,"not about reliability, dependability, resilience","not about reliability, dependability, resilience",0.1937629133462906
The product shall ensure that only supervisors can view schedule of all callers.The product must ensure that supervisors are allowed to access advertise empty time slots.,"not about reliability, dependability, resilience","reliability, dependability, resilience",0.1877318024635315
 The interface shall have a simple look. In the interface and usability survey  90% of beta testers must report that the interface is adequately simple.,"not about reliability, dependability, resilience","reliability, dependability, resilience",0.34280863404273987
 The interface shall be appealing to callers and supervisors. In the interface and usability survey  80% of beta testers must report that the interface is appealing.,"not about reliability, dependability, resilience","reliability, dependability, resilience",0.29326215386390686
The product shall provide GUI based Monitoring Services.System Administrators shall monitor message exchanges will predict and determine problems and will also provide internal and external support.,"not about reliability, dependability, resilience","reliability, dependability, resilience",0.30780959129333496
The product shall comply with City of Chicago Application Development Guide Framework.Application Development Framework will provide structured Graphical User Interface.,"not about reliability, dependability, resilience","reliability, dependability, resilience",0.19076792895793915
The product shall provide Monitoring Services.The product shall be easy for System Administrators and DBAs to use after two weeks of usage.,"not about reliability, dependability, resilience","reliability, dependability, resilience",0.3544352054595947
The product shall provide Error Tracking Services.The product shall help the System Administrators and DBAs to resolve transaction errors 99% of the time.,"not about reliability, dependability, resilience","reliability, dependability, resilience",0.2771594226360321
The product shall provide Portals.The product shall help System Administrators to analyze the transactions with ad-hoc reporting and KPIs (Key Performance Indicators),"not about reliability, dependability, resilience","reliability, dependability, resilience",0.22387191653251648
The product shall provide Asynchronous Messaging.The product shall provide asynchronous messaging to enable parallel processing and reduce the overhead in communications,"not about reliability, dependability, resilience","reliability, dependability, resilience",0.24659942090511322
The product shall provide Multi-threading and Load Balancing.The product shall provide multi-threading technology as well as load balancing to overcome data load spikes and traffic.,"not about reliability, dependability, resilience","reliability, dependability, resilience",0.4098777174949646
The product shall process messages within 2 seconds.The product shall have a maximum message processing time of 2 seconds,"not about reliability, dependability, resilience","reliability, dependability, resilience",0.14562608301639557
The product shall poll the system for messages every second.The product shall poll the system for new messages at a maximum of every 1 second.,"not about reliability, dependability, resilience","reliability, dependability, resilience",0.03423124924302101
The product shall provide Dynamic Change Support and Transparent resource addition.The product shall support Transparent Resource addition and Dynamic Change support to provide scalability and avoid service interruptions of more than 1 day.,"not about reliability, dependability, resilience","reliability, dependability, resilience",0.5156725645065308
The product shall be available 99% of the time. Rationale: To avoid service interruption during busiest customer service response periods. The product shall be available 99.99% of the time for regular business days.,"reliability, dependability, resilience","reliability, dependability, resilience",0.3569204807281494
The product shall be robust.The product shall have fault avoidance based on standards adoption.,"not about reliability, dependability, resilience","reliability, dependability, resilience",0.518123209476471
The product shall be robust with fault tolerance.The product shall have fault tolerance by using recovery technique compensatory transaction and routing around failures.,"not about reliability, dependability, resilience","reliability, dependability, resilience",0.4992794990539551
The product shall be able to process all transactions.The product shall process minimum of 1 million transactions per year.,"not about reliability, dependability, resilience","reliability, dependability, resilience",0.23914656043052673
The product shall be platform independent.The product shall enable access to any type of development environment and platform.,"not about reliability, dependability, resilience","reliability, dependability, resilience",0.3370596766471863
The product shall interface CSR and Datastream.The product shall exchange messages between CSR and EAM on a real time basis without any direct interfaces between two systems.,"not about reliability, dependability, resilience","not about reliability, dependability, resilience",0.29238516092300415
 : The product shall continue to operate during upgrade  change or new resource addition.The product shall be able to continue to operate with no interruption in service due to new resource additions.,"not about reliability, dependability, resilience","reliability, dependability, resilience",0.5592353940010071
The product shall be updated on a regular basis.The product will have a new major feature introduced every six months and quarterly maintenance releases every six months.,"not about reliability, dependability, resilience","reliability, dependability, resilience",0.30033788084983826
The product shall operate with every platform.The product shall accommodate any new technology without any change in its architecture.,"not about reliability, dependability, resilience","reliability, dependability, resilience",0.3326486349105835
 The product shall have security.The product shall provide authentication  and authorization.,"not about reliability, dependability, resilience","reliability, dependability, resilience",0.4591507613658905
The product shall information Security. The product shall enable privacy by encryption WS-Security and Integrity Checking.,"not about reliability, dependability, resilience","reliability, dependability, resilience",0.39574363827705383
The product shall have audit capabilities.The product shall store messages for a minimum of one year for audit and transaction tracking purposes.,"not about reliability, dependability, resilience","reliability, dependability, resilience",0.31095272302627563
The system shall use IBM and CCR branding standards. The interface must have one IBM logo and one CCR logo.,"not about reliability, dependability, resilience","reliability, dependability, resilience",0.16484296321868896
The system shall be displayable on any work computer a CCR user may have. The system interface shall be formatted to display at 800 by 600 pixel resolution.,"not about reliability, dependability, resilience","reliability, dependability, resilience",0.09711429476737976
The system interface will use CCR nomenclature. The system must use the same nomenclature used in the existing WCS system and reports,"not about reliability, dependability, resilience","reliability, dependability, resilience",0.24238310754299164
The interface must summarize the data in a fashion that’s appealing to CCR management. Every report type must have at least one high level summary shown in the results dashboard/interface,"not about reliability, dependability, resilience","reliability, dependability, resilience",0.34753623604774475
The system must use a point and click interface. 100% of all selection and navigation functionality must be able to be activated/selected by either a mouse or a keyboard,"not about reliability, dependability, resilience","reliability, dependability, resilience",0.14428383111953735
The interface shall be easy to use. 90% of users should be able to successfully use the system to generate a report on their first use. The interface should adhere to IBM usability standards.,"not about reliability, dependability, resilience","reliability, dependability, resilience",0.3089465796947479
Rreports must be easy to generate. eports must be generated within one button click and exported within one button click (after selecting the report),"not about reliability, dependability, resilience","reliability, dependability, resilience",0.3357294797897339
A user shall be able to use the system without instruction after a short amount of time. After one use a user should understand and remember 90% of the system usage and navigation.,"not about reliability, dependability, resilience","reliability, dependability, resilience",0.2627813220024109
All CCR users shall receive training before the WCS system is deployed. One training session will be held for 100% of CCR users before system deployment (based on a CCR user being available),"not about reliability, dependability, resilience","reliability, dependability, resilience",0.16061322391033173
The WCS system shall use appropriate nomenclature and terminology as defined by the Corporate Community Grants organization. All interfaces and reports will undergo usability tests by CCR users.,"not about reliability, dependability, resilience","reliability, dependability, resilience",0.2508038282394409
The WCS system shall be available at all times as long as IBM’s internal intranet W3 is accessible. The WCS system will be available 95% of the time IBM’s internal intranet W3 is available.,"reliability, dependability, resilience","reliability, dependability, resilience",0.3256319761276245
The WCS system shall have the ability to connect other designated WCS databases currently not included in the system.,"not about reliability, dependability, resilience","reliability, dependability, resilience",0.24063381552696228
The WCS system shall have the ability to include data for regions outside the United States and be accessed by users outside of the United States if approved by CCR management.,"not about reliability, dependability, resilience","reliability, dependability, resilience",0.15740664303302765
The WCS system shall be run in a Windows environment. The WCS shall be accessed by users through the Internet on an IBM computer running a Windows 2000 or above operating system.,"not about reliability, dependability, resilience","reliability, dependability, resilience",0.06608271598815918
The Brio portion of the WCS system must be able to export files in spreadsheet form (Microsoft Excel and Lotus 1-2-3 formats).  Brio will provide buttons in the user interface that produce/export reports in .xls or .123 file formats.,"not about reliability, dependability, resilience","reliability, dependability, resilience",0.12225328385829926
The WCS system must run queries to the WCS databases once again (on a specified day) to update the available data available to CCR users. Queries must be made to external databases for data refresh once a week.,"not about reliability, dependability, resilience","reliability, dependability, resilience",0.16785717010498047
 All changes  updates  and additions to the WCS system shall be updated in the WCS Developer and WCS User Guides. Every change must be reflected in WCS system documentation,"not about reliability, dependability, resilience","reliability, dependability, resilience",0.23555919528007507
The system shall only be accessed by authorized Corporate Community Grants (CCR) employees. Users must be authenticated using their IBM intranet user name and password.,"not about reliability, dependability, resilience","not about reliability, dependability, resilience",0.18897365033626556
The WCS system shall not allow automatic logins by any user. Cookies containing WCS login information about a user will not be stored on a user’s computer.,"not about reliability, dependability, resilience","not about reliability, dependability, resilience",0.287111759185791
Each team owner will need to use a username and password in order to be authenticated to reach the team owner’s page,"not about reliability, dependability, resilience","reliability, dependability, resilience",0.14986750483512878
The Commissioner will be the only authorized user per league to adjust league settings.,"not about reliability, dependability, resilience","reliability, dependability, resilience",0.1102386862039566
Each page shall contain a navigation menu which shows the index into which the current page is contained.,"not about reliability, dependability, resilience","reliability, dependability, resilience",0.06344114989042282
Each page shall contain a similar format with action items in one location and navigation buttons in a different location.,"not about reliability, dependability, resilience","reliability, dependability, resilience",0.2824991047382355
The message board shall contain the 5 most recently posted messages on the league page. The messages will contain up to the first 150 characters of the message.,"not about reliability, dependability, resilience","reliability, dependability, resilience",-0.02915561944246292
;A new user shall be able to navigate through the league and team pages within 30 seconds of reaching the start-up page.,"not about reliability, dependability, resilience","reliability, dependability, resilience",0.017881061881780624
Users shall be able to reach the ‘add’  ‘drop’  and ‘trade player’ pages with one click from the team owner’s page.,"not about reliability, dependability, resilience","reliability, dependability, resilience",0.03905685245990753
;Users shall be able to view at least 25 NFL player statistics and points on each page.,"not about reliability, dependability, resilience","reliability, dependability, resilience",0.10936259478330612
The application shall ask the user to confirm dropping a player or trading a player before performing the action.,"not about reliability, dependability, resilience","reliability, dependability, resilience",-0.035079360008239746
The application shall be able to complete every user transaction within one fourth of a second of receiving the request over the network.,"not about reliability, dependability, resilience","reliability, dependability, resilience",0.18965674936771393
The application shall have a downtime of at most 10 minutes per year.,"reliability, dependability, resilience","reliability, dependability, resilience",0.0921882688999176
The application shall run on a web application server.,"not about reliability, dependability, resilience","reliability, dependability, resilience",0.0822225883603096
A primary database will be used to store cached data for active users.,"not about reliability, dependability, resilience","reliability, dependability, resilience",0.18536143004894257
A secondary database will be used to store historical statistics and data.,"not about reliability, dependability, resilience","reliability, dependability, resilience",0.06690694391727448
Application updates shall occur between 3AM and 6 AM CST on Wednesday morning during the middle of the NFL season.,"not about reliability, dependability, resilience","reliability, dependability, resilience",0.030153580009937286
New System version releases shall be released at the beginning of each NFL season.,"not about reliability, dependability, resilience","reliability, dependability, resilience",-0.024075740948319435
The RFS system should be available 24/7  especially during the budgeting period. The RFS system shall be available 90% of the time all year  and 98% during the budgeting period. 2% of the time  the system will become available within 1 hour of the time that the situation is reported.,"reliability, dependability, resilience","reliability, dependability, resilience",0.2813560664653778
98% of the user workstations shall meet the minimum hardware requirements prior to implementation. Minimum Hard Disk Space:  400MB.,"not about reliability, dependability, resilience","reliability, dependability, resilience",0.1801334172487259
98% of the user workstations shall meet the minimum software requirements prior to implementation: Microsoft Internet Explorer 5.0. Microsoft .NET Framework 1.1. Microsoft Internet Explorer Web Controls,"not about reliability, dependability, resilience","reliability, dependability, resilience",0.16396744549274445
The RFS system should be able to easily interface with the BDW environment  in order to load the data. •;7 data files shall be received from the BDW and loaded into the RFS system within 3 hours one day prior to the start of budgeting process  every year. The data will be as of October month-end. ;Test files (7) shall be loaded up to 5 times throughout the year  from the BDW.,"not about reliability, dependability, resilience","reliability, dependability, resilience",0.13901229202747345
Changes to revenue and expense formulae must be applied to the RFS system  every year  prior to the budgeting process start. Revenue and expense formulae will be updated within one week of their receipt  after which 2 weeks will be allotted to testing of the budget calculations  to be conducted jointly by the project development team and PCG Finance.,"not about reliability, dependability, resilience","reliability, dependability, resilience",0.02550988644361496
New branches/complexes/districts/regions and revenue/expense accounts added to the BDW  must be reflected in the RFS system. 100% of the entities (mentioned above) available as of October month-end  will be loaded into the RFS system  prior to the budget start process.,"not about reliability, dependability, resilience","reliability, dependability, resilience",0.13260811567306519
Only authorized user shall access the RFS system. ONLY users that exist in the UAS system  with the RFS system assigned to their role(s)  shall access the RFS system and use it.,"not about reliability, dependability, resilience","not about reliability, dependability, resilience",0.2078656703233719
;User access should be limited to the permissions granted to their role(s) Each level in the PCG hierarchy will be assigned a role and users will be assigned to these roles. Access to functionality within RFS system is dependent on the privileges/permission assigned to the role..,"not about reliability, dependability, resilience","not about reliability, dependability, resilience",0.15269367396831512
The product must comply with the intranet page standards and requirements of ENET Securities. 95% of the product look & feel will be approved by the Architecture group  prior to implementation. The remaining 5% will be corrected and approved within one month of product release.,"not about reliability, dependability, resilience","reliability, dependability, resilience",0.1988607943058014
 The intranet pages should display appropriately in all resolutions  from 800x600 and higher. The display of all the pages will be correct in 95% of the resolutions  prior to implementation. The remaining 5% will be corrected within a week of notification of the incorrect display.,"not about reliability, dependability, resilience","reliability, dependability, resilience",0.13689500093460083
The users should be able to easily use the system to successfully complete their budgets  within the stipulated time for completion. With a week of training prior to product implementation  98% of the users shall complete their budgets within the stipulated time.,"not about reliability, dependability, resilience","reliability, dependability, resilience",0.2949666678905487
The product interface should be fast. The response time of the product interface should not exceed 2 seconds 90% of the time. For 10% of the time  the response time should not be more than 10 seconds.not be more than 10 seconds.,"not about reliability, dependability, resilience","reliability, dependability, resilience",0.27701321244239807
