,precision,recall,f1-score,support
"reliability, dependability, resilience",0.061611374407582936,0.6190476190476191,0.11206896551724137,21.0
"usability, security, operational, performance, look & feel, legal, fault & tolerance, maintainability, scalability, or portability",0.949685534591195,0.4326647564469914,0.5944881889763779,349.0
accuracy,0.44324324324324327,0.44324324324324327,0.44324324324324327,0.44324324324324327
macro avg,0.505648454499389,0.5258561877473052,0.3532785772468096,370.0
weighted avg,0.8992813254996928,0.44324324324324327,0.5671076384557242,370.0
