Requirement text,Gold label,Predicated label,ZSL score
The system shall refresh the display every 60 seconds.,not about avaliable or timely achievable,not about avaliable or timely achievable,0.908315122127533
The application shall match the color of the schema set forth by Department of Homeland Security,not about avaliable or timely achievable,not about avaliable or timely achievable,0.8867068290710449
 If projected  the data must be readable.  On a 10x10 projection screen  90% of viewers must be able to read Event / Activity data from a viewing distance of 30,not about avaliable or timely achievable,not about avaliable or timely achievable,0.856987714767456
 The product shall be available during normal business hours. As long as the user has access to the client PC  the system will be available 99% of the time during the first six months of operation.,avaliable or timely achievable,not about avaliable or timely achievable,0.8541653752326965
 If projected  the data must be understandable. On a 10x10 projection screen  90% of viewers must be able to determine that Events or Activities are occuring in current time from a viewing distance of 100,not about avaliable or timely achievable,not about avaliable or timely achievable,0.8571662306785583
The product shall ensure that it can only be accessed by authorized users.  The product will be able to distinguish between authorized and unauthorized users in all access attempts,not about avaliable or timely achievable,not about avaliable or timely achievable,0.8630625605583191
The product shall be intuitive and self-explanatory.  :  90% of new users shall be able to start the display of Events or Activities within 90 minutes of using the product.,not about avaliable or timely achievable,not about avaliable or timely achievable,0.8650531768798828
The product shall respond fast to keep up-to-date data in the display.,not about avaliable or timely achievable,not about avaliable or timely achievable,0.8788430690765381
The look and feel of the system shall conform to the user interface standards of the smart device.,not about avaliable or timely achievable,not about avaliable or timely achievable,0.8745618462562561
 The user interface shall have standard menus  buttons for navigation,not about avaliable or timely achievable,not about avaliable or timely achievable,0.9076274633407593
The system shall have a professional appearance,not about avaliable or timely achievable,not about avaliable or timely achievable,0.9182166457176208
The product shall have a consistent color scheme and fonts.,not about avaliable or timely achievable,not about avaliable or timely achievable,0.9043844938278198
The system shall be used by realtors with no training.,not about avaliable or timely achievable,not about avaliable or timely achievable,0.9020004868507385
The system shall be intuitive and self explanatory.,not about avaliable or timely achievable,not about avaliable or timely achievable,0.9147036671638489
The product shall be easy for a realtor to learn.,not about avaliable or timely achievable,not about avaliable or timely achievable,0.895889401435852
The product shall use symbols and words that are naturally understandable by the realtor community.,not about avaliable or timely achievable,not about avaliable or timely achievable,0.8780601620674133
The product shall produce search results in an acceptable time,not about avaliable or timely achievable,not about avaliable or timely achievable,0.9024439454078674
The search results shall be returned no later 30      seconds  after the user has entered the search criteria,not about avaliable or timely achievable,not about avaliable or timely achievable,0.8715765476226807
The product shall generate a CMA report in an acceptable time.,not about avaliable or timely achievable,not about avaliable or timely achievable,0.8974392414093018
The CMA report shall be returned no later 60 seconds after the user has entered the CMA report criteria.,not about avaliable or timely achievable,not about avaliable or timely achievable,0.8665768504142761
The product shall synchronize contacts and appointments in an acceptable time.,not about avaliable or timely achievable,not about avaliable or timely achievable,0.8938236832618713
The product shall synchronize with the office system every hour.,not about avaliable or timely achievable,not about avaliable or timely achievable,0.893521785736084
 The product shall be available for use 24 hours per day  365 days  per year,avaliable or timely achievable,not about avaliable or timely achievable,0.8882631659507751
 Out of 1000 accesses to the system  the system is available 999 times.,avaliable or timely achievable,not about avaliable or timely achievable,0.8969029784202576
The product shall operate in offline mode whenever internet connection is unavailable.,not about avaliable or timely achievable,not about avaliable or timely achievable,0.8997350931167603
 The product shall allow the user to view previously downloaded search results  CMA reports  and appointments.,not about avaliable or timely achievable,not about avaliable or timely achievable,0.8611605763435364
The product shall retain user preferences in the event of a failure.,not about avaliable or timely achievable,not about avaliable or timely achievable,0.890579879283905
100% of saved user preferences shall be restored when system comes back online.,not about avaliable or timely achievable,not about avaliable or timely achievable,0.8934915065765381
The product shall be able to support multiple remote users,not about avaliable or timely achievable,not about avaliable or timely achievable,0.9086259603500366
The product shall be able support 1000 simultaneous users.,not about avaliable or timely achievable,not about avaliable or timely achievable,0.9064348340034485
The product shall be capable of handling the existing 1000 users. This number is expected to grow 5 times within the next year.,not about avaliable or timely achievable,not about avaliable or timely achievable,0.8697665929794312
The product shall be installed by an untrained realtor   without recourse to separately-printed instructions.,not about avaliable or timely achievable,not about avaliable or timely achievable,0.8724635243415833
90% of untrained realtors shall be able to install the product on their device without printed instructions,not about avaliable or timely achievable,not about avaliable or timely achievable,0.8704022765159607
The product is expected to run on Windows CE and Palm operating systems.,not about avaliable or timely achievable,not about avaliable or timely achievable,0.8983318209648132
Only registered realtors shall be able to access the system.,not about avaliable or timely achievable,not about avaliable or timely achievable,0.8938314914703369
Every user of the system shall be authenticated and authorized.,not about avaliable or timely achievable,not about avaliable or timely achievable,0.8954513669013977
The product shall prevent its data from incorrect data being introduced.,not about avaliable or timely achievable,not about avaliable or timely achievable,0.8970047831535339
The system shall be easy to use by the Program Administrators/Nursing Staff Members.,not about avaliable or timely achievable,not about avaliable or timely achievable,0.8651543259620667
All of the users shall be able to use the system after one day of training.,not about avaliable or timely achievable,not about avaliable or timely achievable,0.8759326934814453
The system shall help the user avoid making mistakes while scheduling classes and clinicals for the nursing students.,not about avaliable or timely achievable,not about avaliable or timely achievable,0.8607883453369141
The number of mistakes noted by the students shall be decreased by 50% in the first year.,not about avaliable or timely achievable,not about avaliable or timely achievable,0.8676964044570923
The system shall be intuitive to the Program Administrators/Nursing Staff Members.,not about avaliable or timely achievable,not about avaliable or timely achievable,0.8741647601127625
2 out of 3 Program Administrators/Nursing Staff Members shall successfully be able to use the system to manage the scheduling of classes and clinicals.,not about avaliable or timely achievable,not about avaliable or timely achievable,0.858008861541748
The system shall use symbols and words that are naturally understandable by the user community.,not about avaliable or timely achievable,not about avaliable or timely achievable,0.879604697227478
The verbiage used within the system shall be consistent with Standard English and the terminology of the national Nursing Community.,not about avaliable or timely achievable,not about avaliable or timely achievable,0.8765146136283875
Staff members shall be able to complete a set of tasks in a timely manner.,not about avaliable or timely achievable,not about avaliable or timely achievable,0.8757772445678711
The response time of general student management tasks shall take no longer than 5 seconds and the response time of schedule generation shall take no longer than 30 seconds.,not about avaliable or timely achievable,not about avaliable or timely achievable,0.8639534711837769
The system shall be available for use between the hours of 8am and 6pm.,avaliable or timely achievable,not about avaliable or timely achievable,0.8871680498123169
The system shall achieve 95% up time.,avaliable or timely achievable,not about avaliable or timely achievable,0.9136276841163635
system shall be able to handle all of the user requests/usage during business hours.,not about avaliable or timely achievable,not about avaliable or timely achievable,0.8753191232681274
The system shall cater to 10 simultaneous users from 9am to 5pm.,not about avaliable or timely achievable,not about avaliable or timely achievable,0.8999155163764954
The system shall be capable of processing 100% of nursing students and their classes for the next 10 years.,not about avaliable or timely achievable,not about avaliable or timely achievable,0.8718355298042297
The system shall be expected to manage the nursing program curriculum and class/clinical scheduling for a minimum of 5 years.,not about avaliable or timely achievable,not about avaliable or timely achievable,0.8655052185058594
The system shall able to operate within a business office environment typical of the Nursing Department at DePaul University.,not about avaliable or timely achievable,not about avaliable or timely achievable,0.8770217299461365
The system shall be used within the specifications defined by the computers used by the Program Administrators/Nursing Staff Members.,not about avaliable or timely achievable,not about avaliable or timely achievable,0.8657234907150269
The system shall operate within the Windows XP Professional operating system.,not about avaliable or timely achievable,not about avaliable or timely achievable,0.8927031755447388
The system shall interface with CampusConnect’s central server,not about avaliable or timely achievable,not about avaliable or timely achievable,0.915993332862854
The system shall interface with the faculty central server.,not about avaliable or timely achievable,not about avaliable or timely achievable,0.9169811010360718
The system shall interface with the student master server.,not about avaliable or timely achievable,not about avaliable or timely achievable,0.9186177253723145
We must be able to interface with any HTML browser.,not about avaliable or timely achievable,not about avaliable or timely achievable,0.9097695350646973
Only authorized users shall have access to clinical site information.,not about avaliable or timely achievable,not about avaliable or timely achievable,0.8961644172668457
Program Administrators/Nursing Staff Members are the only people who shall have access to clinical site details.,not about avaliable or timely achievable,not about avaliable or timely achievable,0.8621106743812561
Only authorized users shall have access to students’ personal information.,not about avaliable or timely achievable,not about avaliable or timely achievable,0.8918746709823608
Dr Susan Poslusny and Dr Julie Donalek are the only people who shall have access to students’ personal information.,not about avaliable or timely achievable,not about avaliable or timely achievable,0.8602721691131592
Only authorized users shall have access to the portion of the system that interfaces with CampusConnect.,not about avaliable or timely achievable,not about avaliable or timely achievable,0.8790147304534912
Fit Criterion: Dr Susan Poslusny and Karen Sysol are the only people who shall have access to the final class section scheduling for the system that interfaces with CampusConnect.,not about avaliable or timely achievable,not about avaliable or timely achievable,0.8503032922744751
The system shall have basic data integrity checking to reduce the possibility of incorrect or invalid data being introduced.,not about avaliable or timely achievable,not about avaliable or timely achievable,0.8746044635772705
The system shall protect private information in accordance with the organization’s information policy.,not about avaliable or timely achievable,not about avaliable or timely achievable,0.8827088475227356
The system shall be built such that it is as secure as possible from malicious interference.,not about avaliable or timely achievable,not about avaliable or timely achievable,0.8786822557449341
The system shall use the organization’s standard virus protection software to help monitor threats to itself.,not about avaliable or timely achievable,not about avaliable or timely achievable,0.8681958913803101
The Disputes application shall comply with the corporate standards for user interface creation for internally and externally used applications.,not about avaliable or timely achievable,not about avaliable or timely achievable,0.8938995599746704
All screens created as part of the Disputes application must comply with corporate standards for interface creation.,not about avaliable or timely achievable,not about avaliable or timely achievable,0.890772819519043
The list of dispute cases that are displayed after a search is performed must be color coded for easy identification of dispute cases based upon the dispute case status.,not about avaliable or timely achievable,not about avaliable or timely achievable,0.8639620542526245
100% of the cardmember and merchant services representatives shall use the Disputes application regularly after a 2-day training course.,not about avaliable or timely achievable,not about avaliable or timely achievable,0.8811066150665283
100% of cardmember services representatives shall be able to successfully create a dispute case on the first encounter after completing the training course.,not about avaliable or timely achievable,not about avaliable or timely achievable,0.8727052807807922
100% of merchant services representatives shall be able to successfully perform a follow up action on a dispute case on the first encounter after completing the training course.,not about avaliable or timely achievable,not about avaliable or timely achievable,0.8696604371070862
The maximum wait time for a user navigating from one screen to another within the Disputes application shall be no more than 5 seconds.,not about avaliable or timely achievable,not about avaliable or timely achievable,0.8766552209854126
The Disputes application shall support 350 concurrent users without any degradation of performance in the application.,not about avaliable or timely achievable,not about avaliable or timely achievable,0.8845375180244446
 The Disputes application shall be available 24x7x365  with the exception of the following scheduled maintenance windows.  Monday – Saturday 3:00am to 4:00am EST Sunday 1:00amd to 5:00am EST,not about avaliable or timely achievable,not about avaliable or timely achievable,0.85833740234375
The Disputes application shall interface with the Statement Database. The Statement Database provides the transaction details to the Disputes System. All transaction details must be obtained from the Statement Database,not about avaliable or timely achievable,not about avaliable or timely achievable,0.8622742295265198
The Disputes application shall interface with the Cardmember Information Database.  The Cardmember Information Database provides detailed information with regard to a cardmember.  All cardmember detail information must be obtained from the Cardmember Information Database.,not about avaliable or timely achievable,not about avaliable or timely achievable,0.8511843085289001
The Disputes applications shall interface with the Merchant Information Database.  The Merchant Information Database provides detailed information with regard to the merchant. All merchant detail information shall be obtained from the Merchant Information Database.,not about avaliable or timely achievable,not about avaliable or timely achievable,0.8556250929832458
The Disputes application shall interface with the Letters application.  This will allow the Disputes application to request letters as part of the dispute initiation and dispute follow up process. All letter requests must be sent to the Print Letter Utility application.,not about avaliable or timely achievable,not about avaliable or timely achievable,0.8576986789703369
The Disputes application shall interface with the Cardmember Posting and Billing System.  This will allow the Disputes application to request adjustments to cardmember and merchant’s accounts. All adjustment requests must be sent to the Cardmember Posting and Billing System.,not about avaliable or timely achievable,not about avaliable or timely achievable,0.8495863676071167
The Disputes application shall ensure that only users with the appropriate access level are allowed to initiate dispute requests.,not about avaliable or timely achievable,not about avaliable or timely achievable,0.8808646202087402
Only users with Update access must be able to initiate dispute requests.,not about avaliable or timely achievable,not about avaliable or timely achievable,0.9088649153709412
The Disputes application shall ensure that only authorized users are allowed to logon to the application.,not about avaliable or timely achievable,not about avaliable or timely achievable,0.8749620914459229
 All authorized users  once authenticated must be able to logon to the Disputes System,not about avaliable or timely achievable,not about avaliable or timely achievable,0.8822975754737854
The Disputes System shall generate a User Report that details any new users that have been added and any changes to an existing user’s access level.  The report will be reviewed for auditing purposes.,not about avaliable or timely achievable,not about avaliable or timely achievable,0.8582608699798584
All additions of new users and modifications to user’s access shall be recorded on the User Report.,not about avaliable or timely achievable,not about avaliable or timely achievable,0.8770632743835449
 If a user account is revoked  it can only be re-instantiated by the System Administrator.,not about avaliable or timely achievable,not about avaliable or timely achievable,0.8802307844161987
Only the System Administrator shall be able to reset a revoked user logon account,not about avaliable or timely achievable,not about avaliable or timely achievable,0.8893808722496033
The Disputes application shall manipulate and view business data. Users will not have direct access to data files or databases.,not about avaliable or timely achievable,not about avaliable or timely achievable,0.8815888166427612
All updates to data files or database must be initiated from the Disputes System.,not about avaliable or timely achievable,not about avaliable or timely achievable,0.8897308707237244
The Disputes application must conform to the legal requirements as specified by the Merchant Operating Regulations.,not about avaliable or timely achievable,not about avaliable or timely achievable,0.8842003345489502
All business rules specified in the Disputes System shall be in compliance with the Merchant Operating Regulations.,not about avaliable or timely achievable,not about avaliable or timely achievable,0.8825374841690063
The Disputes application must conform to the legal requirements as specified by Regulation E and Regulation Z that govern credit card disputes processing.,not about avaliable or timely achievable,not about avaliable or timely achievable,0.8659898042678833
All business rules specified in the Disputes System shall be in compliance to the guidelines of Regulation E and Regulation Z.,not about avaliable or timely achievable,not about avaliable or timely achievable,0.8679676055908203
The Disputes application must maintain a detailed history of every action that a user takes on a dispute case.  This ensures a complete audit trail if questions arise later on with regard to a particular dispute case.,not about avaliable or timely achievable,not about avaliable or timely achievable,0.8544968962669373
All actions that modify an existing dispute case must be recorded in the case history.,not about avaliable or timely achievable,not about avaliable or timely achievable,0.8827453255653381
The product must support Internet Explorer 5.5 and above.,not about avaliable or timely achievable,not about avaliable or timely achievable,0.8865030407905579
The product must support Mozilla Firefox 1.0 and above.,not about avaliable or timely achievable,not about avaliable or timely achievable,0.8839885592460632
The product shall interface with the Choice Parts System.  This provides the feed of recycled parts data.,not about avaliable or timely achievable,not about avaliable or timely achievable,0.886705219745636
The product shall run on the existing hardware for all environments.,not about avaliable or timely achievable,not about avaliable or timely achievable,0.9043331742286682
The product shall adhere to the corporate Architecture guidelines,not about avaliable or timely achievable,not about avaliable or timely achievable,0.900691032409668
The product shall comply with corporate User Interface Guidelines,not about avaliable or timely achievable,not about avaliable or timely achievable,0.9129090309143066
The product shall comply with corporate color scheme,not about avaliable or timely achievable,not about avaliable or timely achievable,0.9209706783294678
The appearance of the product shall appear professional,not about avaliable or timely achievable,not about avaliable or timely achievable,0.9237108826637268
The product shall be easy to use by Adjusters and Collision Estimators.  95% of Adjusters and Collision Estimators shall find the product easy to use.,not about avaliable or timely achievable,not about avaliable or timely achievable,0.8447543978691101
The product shall increase productivity of Collision Estimators. 80% of the Collision Estimators shall agree their productivity has increase within 1 month of using the product.,not about avaliable or timely achievable,not about avaliable or timely achievable,0.8643350601196289
Users shall feel satisfied using the product.  85% of all users will be satisfied with the product.,not about avaliable or timely achievable,not about avaliable or timely achievable,0.8782793283462524
The product shall be easy to learn by Adjusters and Collision Estimators.  The product shall be learned with two days onsite training,not about avaliable or timely achievable,not about avaliable or timely achievable,0.8628787994384766
The user shall easily locate instructions while using the product.  User help can be found within 90% of the system.,not about avaliable or timely achievable,not about avaliable or timely achievable,0.8695871829986572
The search for recycled parts shall take no longer than 15 seconds.  The search results shall be returned in under 15 seconds.,not about avaliable or timely achievable,not about avaliable or timely achievable,0.8666068315505981
The search for the preferred repair facility shall take no longer than 8 seconds.  The preferred repair facility is returned within 8 seconds,not about avaliable or timely achievable,not about avaliable or timely achievable,0.8810185790061951
The recycled parts audit report shall be returned to the user within 10 seconds.  The audit report shall be returned within 10 seconds.,not about avaliable or timely achievable,not about avaliable or timely achievable,0.8616907596588135
The preferred repair facility ratings shall be saved within 5 seconds. The save shall occur within 5 seconds.,not about avaliable or timely achievable,not about avaliable or timely achievable,0.8763414621353149
The product shall adhere to the corporate online availability schedule.  The application is brought down only within 98% of the scheduled outages per the availability schedule.,avaliable or timely achievable,not about avaliable or timely achievable,0.8641625046730042
The product shall achieve a 98% uptime. The product shall not fail more than 2% of the available online time.,avaliable or timely achievable,not about avaliable or timely achievable,0.8725486993789673
The product shall be able to handle up to 1500 simultaneous users. The system shall perform with 1500 users as a time.,not about avaliable or timely achievable,not about avaliable or timely achievable,0.8663097620010376
 The average number of recycled parts records per day shall be 50 000.,not about avaliable or timely achievable,not about avaliable or timely achievable,0.8941613435745239
 The product shall be able to handle 10 000 concurrent users within 2 years of the initial launch.,not about avaliable or timely achievable,not about avaliable or timely achievable,0.88248610496521
 For estimators  the product shall be able to be operated in a repair facility during dirty and noisy conditions.,not about avaliable or timely achievable,not about avaliable or timely achievable,0.8651006817817688
The product shall interface with the ChoiceParts system once per day at approximately 1:00 AM.,not about avaliable or timely achievable,not about avaliable or timely achievable,0.8734983801841736
The maintenance of the product will fall within the established corporate maintenance windows.,not about avaliable or timely achievable,not about avaliable or timely achievable,0.8949167728424072
The product shall be supported using the corporate support center.,not about avaliable or timely achievable,not about avaliable or timely achievable,0.908373236656189
Product installations and upgrades shall be handled by the middleware technology team within established launch time frames.,not about avaliable or timely achievable,not about avaliable or timely achievable,0.874240517616272
Only adjusters can request recycled parts audit reports. No users without an adjuster role shall request recycled parts audits.,not about avaliable or timely achievable,not about avaliable or timely achievable,0.8639271855354309
Only adjusters with a supervisor role can update preferred repair facility ratings. Users without the supervisor role cannot access the repair facility ratings.,not about avaliable or timely achievable,not about avaliable or timely achievable,0.8682816028594971
Only collision estimators shall search for recycled parts.  Users without the collision estimator role shall not have access to the search for recycled parts.,not about avaliable or timely achievable,not about avaliable or timely achievable,0.8601599335670471
Only valid data shall be entered into the system.  No invalid data shall be entered into the system.,not about avaliable or timely achievable,not about avaliable or timely achievable,0.8671746253967285
One insurance company shall not be able to view another insurance companys claim data.,not about avaliable or timely achievable,not about avaliable or timely achievable,0.8904056549072266
The product shall free of computer viruses.,not about avaliable or timely achievable,not about avaliable or timely achievable,0.9174383878707886
The system shall prevent malicious attacks including denial of service.,not about avaliable or timely achievable,not about avaliable or timely achievable,0.9121946692466736
The product must comply with Sarbanes-Oxley.,not about avaliable or timely achievable,not about avaliable or timely achievable,0.896792471408844
The product shall comply with the estimatics laws relating to recycled parts usage.,not about avaliable or timely achievable,not about avaliable or timely achievable,0.8864994049072266
The product shall comply with insurance regulations regarding claims processing.,not about avaliable or timely achievable,not about avaliable or timely achievable,0.8974654674530029
 The product must work with most database management systems (DBMS) on the market  whether the DBMS is colocated with the product on the same machine or is located on a different machine on the computer network.,not about avaliable or timely achievable,not about avaliable or timely achievable,0.8533673882484436
The product will function alongside server software on any operating system where the Java runtime can be installed.,not about avaliable or timely achievable,not about avaliable or timely achievable,0.8870881795883179
The product will require collaboration with a database management system (DBMS).  The DBMS may be located on the same machine as the product or on a separate machine residing on the same computer network.,not about avaliable or timely achievable,not about avaliable or timely achievable,0.8571013808250427
 The product must make use of web/application server technology.  Open source examples include Apache web server  Tomcat  and the JBoss application server.,not about avaliable or timely achievable,not about avaliable or timely achievable,0.8694207072257996
 A database management system such as Oracle  DB2  MySql or HSQL will need to be integrated with the product.,not about avaliable or timely achievable,not about avaliable or timely achievable,0.8771562576293945
 The product’s Look and Feel shall be able to incorporate aspects of the customer’s organization such as logo  branding  and identity,not about avaliable or timely achievable,not about avaliable or timely achievable,0.8673922419548035
The product shall have a conservative and professional appearance.,not about avaliable or timely achievable,not about avaliable or timely achievable,0.911374568939209
The product shall make the users want to use it. 80% of the users surveyed report they are regularly using the product after the first 2 weeks post-launch.,not about avaliable or timely achievable,not about avaliable or timely achievable,0.855507493019104
The product shall be easy to use. 90% of users will be able to successfully reserve a conference room within 5 minutes of product use.,not about avaliable or timely achievable,not about avaliable or timely achievable,0.8621139526367188
The product shall give users feedback when necessary. 80% of the users surveyed report that the product accurately confirms their actions.,not about avaliable or timely achievable,not about avaliable or timely achievable,0.8721768856048584
The product shall allow the user to select a chosen language from one of the target market countries.,not about avaliable or timely achievable,not about avaliable or timely achievable,0.8790805339813232
The product shall allow for customization of start page and views preferences.,not about avaliable or timely achievable,not about avaliable or timely achievable,0.8938882350921631
 An employee will be able to successfully use the product within a few minutes.  After informally navigating the product for less than 15 minutes  users shall be able to successfully setup meetings and reserve conference rooms.,not about avaliable or timely achievable,not about avaliable or timely achievable,0.8509175777435303
The product shall use a standard navigation menu familiar to most web users.,not about avaliable or timely achievable,not about avaliable or timely achievable,0.8883756995201111
The product shall allow for intuitive searching of available conference rooms.,not about avaliable or timely achievable,not about avaliable or timely achievable,0.8985814452171326
The product shall conform to the Americans with Disabilities Act.,not about avaliable or timely achievable,not about avaliable or timely achievable,0.896994948387146
The response shall be fast enough to avoid interrupting the user’s flow of thought.  90% of tasks shall complete within 5 seconds.  98% of tasks shall complete within 8 seconds.,not about avaliable or timely achievable,not about avaliable or timely achievable,0.8569849729537964
 Aside from server failure  the software product shall achieve 99.99% up time.,avaliable or timely achievable,not about avaliable or timely achievable,0.8670703172683716
The product shall create an exception log of problems encountered within the product for transmission to our company for analysis and resolution.,not about avaliable or timely achievable,not about avaliable or timely achievable,0.8714806437492371
 The product shall be capable of handling up to 1 000 concurrent requests.  This number will increase to 2 000 by Release 2.  The concurrency capacity must be able to handle peak scheduling times such as early morning and late afternoon hours.,not about avaliable or timely achievable,not about avaliable or timely achievable,0.8413406014442444
 The product shall be able to process 10 000 transactions per hour within two years of its launch.  This number will increase to 20 000 by Release 2.,not about avaliable or timely achievable,not about avaliable or timely achievable,0.860260009765625
The product shall be expected to operate for at least 5 years for each customer installation.,not about avaliable or timely achievable,not about avaliable or timely achievable,0.878092885017395
The product shall be used in office environments.,not about avaliable or timely achievable,not about avaliable or timely achievable,0.9159771203994751
The product must be able to interface with any HTML browser.  The product shall transmit data between the user and the product without problems. The product shall display HTML properly in 80% of all HTML browsers tested (minimum is to test 8 browsers).,not about avaliable or timely achievable,not about avaliable or timely achievable,0.8408299088478088
The product must be able to interface with various database management systems. The product shall communicate successfully with the database management system on 100% of all transactions.,not about avaliable or timely achievable,not about avaliable or timely achievable,0.8642828464508057
The product must be able to interface with various email servers. The product shall be able to send email.,not about avaliable or timely achievable,not about avaliable or timely achievable,0.8701572418212891
The product shall be available for distribution via the Internet as a binary or ZIP file.,not about avaliable or timely achievable,not about avaliable or timely achievable,0.8788389563560486
The product shall be available for distribution as a packaged CD.,not about avaliable or timely achievable,not about avaliable or timely achievable,0.8966270685195923
 The product will be available for licensing as a one-server  two-five servers  or five-or-more servers license.,not about avaliable or timely achievable,not about avaliable or timely achievable,0.875593364238739
A new user must be able to be added to the system within 10 minutes.  90% of new users are able to log into the system within 10 minutes.,not about avaliable or timely achievable,not about avaliable or timely achievable,0.8541676998138428
The product must be designed using Design Patterns and coding best practices.  90% of maintenance software developers are able to integrate new functionality into the product with 2 working days.,not about avaliable or timely achievable,not about avaliable or timely achievable,0.8597985506057739
The product must be highly configurable for use with various database management systems for the end users.  80% of end users are able to integrate new database management systems with the product without changing the product’s software code.,not about avaliable or timely achievable,not about avaliable or timely achievable,0.8412604331970215
Maintenance releases will be offered to customers once a year.  The releases shall take no longer than 5 minutes for 80% of the customer base to install.,not about avaliable or timely achievable,not about avaliable or timely achievable,0.8699750900268555
Every registered user will have access to the product’s support site via the Internet.  70% of registered users shall find a solution to their problem within 5 minutes of using the support site.,not about avaliable or timely achievable,not about avaliable or timely achievable,0.8503235578536987
The customer shall be able to easily integrate new building maps with the product throughout the product’s lifecycle.  Integration of new maps with the product shall be possible with little to no support from product support staff.,not about avaliable or timely achievable,not about avaliable or timely achievable,0.8436312079429626
 The product shall be translated into foreign languages other than the target market countries’ languages in future releases.  For each emerging target market  it shall take no more than 5 days to configure the product for that market’s language.,not about avaliable or timely achievable,not about avaliable or timely achievable,0.8547304272651672
 The product is expected to integrate with multiple database management systems.  The product will operate with Oracle  SQL Server  DB2  MySQL  HSQL  and MS Access.,not about avaliable or timely achievable,not about avaliable or timely achievable,0.8618792295455933
The product shall be able to be installed in any operating environment within 2 days.,not about avaliable or timely achievable,not about avaliable or timely achievable,0.8855962157249451
The product shall ensure that only company employees or external users with company-approved user IDs may have product access.  100% of all logons shall be by either company employees or external users with company-approved user IDs.,not about avaliable or timely achievable,not about avaliable or timely achievable,0.8545834422111511
Only managers are able to perform search queries for reservations by user.  100% of all search queries for reservations by user shall be from logons of only management logons.,not about avaliable or timely achievable,not about avaliable or timely achievable,0.8519375324249268
The product shall ensure that the database’s data corresponds to the data entered by the user.  Each conference room reservation in the system will contain the same information as was entered by the user.,not about avaliable or timely achievable,not about avaliable or timely achievable,0.8472186326980591
The product shall prevent the input of malicious data.  The product and/or adjacent hardware/software systems’ data shall remain 100% uncorrupted each time malicious data is input into the product.,not about avaliable or timely achievable,not about avaliable or timely achievable,0.8518009185791016
The product and/or dependent databases/filesystems shall remain operational as a result of the input of malicious data.  The product and/or dependent databases/filesystems shall not crash 100% of the time that malicious data is input into the product.,not about avaliable or timely achievable,not about avaliable or timely achievable,0.8541091084480286
The product shall have the ability to receive automatic software updates as new threats emerge.  100% of customers will be able to receive automatic software updates transmitted to the installed product.,not about avaliable or timely achievable,not about avaliable or timely achievable,0.8529232740402222
The language of the product shall accommodate all of the target market countries. 90% of survey respondents from each target market country will find that the language of the product is acceptable.,not about avaliable or timely achievable,not about avaliable or timely achievable,0.8614750504493713
The product shall be able to display calendar dates and times according to the user’s locale.  90% of survey respondents from each target market country will find that the date and time formatting of the product is correct.,not about avaliable or timely achievable,not about avaliable or timely achievable,0.8510918021202087
The product must be developed with the J2SE/J2EE programming language libraries,not about avaliable or timely achievable,not about avaliable or timely achievable,0.896014928817749
Recreation of Inventory Quantity Adjustment for the period of previous 30 days shall take no more than 30min.,not about avaliable or timely achievable,not about avaliable or timely achievable,0.8724299669265747
The System shall allow for a minimum of  6 users to work at the same time.,not about avaliable or timely achievable,not about avaliable or timely achievable,0.8849427103996277
The System shall utilize currently owned computer equipment.,not about avaliable or timely achievable,not about avaliable or timely achievable,0.9023922085762024
The System shall be able to automatically backup business data and restore them on demand.,not about avaliable or timely achievable,not about avaliable or timely achievable,0.8832394480705261
The System shall maintain consistent security.  Any changes in user passwords and/or permissions should take affect in all parts of the System.,not about avaliable or timely achievable,not about avaliable or timely achievable,0.865787148475647
The System shall granularly control access rights to all major subsystems.  It should be possible to assign access rights to all subsystems independently.,not about avaliable or timely achievable,not about avaliable or timely achievable,0.8590644598007202
The System shall meet all applicable accounting standards.  The final version of the System must successfully pass independent audit performed by a certified auditor.,not about avaliable or timely achievable,not about avaliable or timely achievable,0.8606996536254883
The System shall not require additional third party licenses resulting in royalty fees.,not about avaliable or timely achievable,not about avaliable or timely achievable,0.8924119472503662
Administrator shall be able to activate a pre-paid card via the Administration section in under 5 seconds.,not about avaliable or timely achievable,not about avaliable or timely achievable,0.869263768196106
 Customer shall be able to check the status of their prepaid card  by entering in the PIN number  in under 5 seconds.,not about avaliable or timely achievable,not about avaliable or timely achievable,0.8721339702606201
System shall let customers register on the website as a “pay as you go” user in under 5 minutes.,not about avaliable or timely achievable,not about avaliable or timely achievable,0.8606613874435425
System shall let customers register on the website as a “unlimited movie subscriber” user in under 10 minutes.,not about avaliable or timely achievable,not about avaliable or timely achievable,0.8656290769577026
System shall let existing customers log into the website with their email address and password in under 5 seconds.,not about avaliable or timely achievable,not about avaliable or timely achievable,0.8772265911102295
 System shall let customers cancel their account  process shall take no longer than 2 minutes.  Database will mark the account as inactive  and user will not be able to log into the website.,not about avaliable or timely achievable,not about avaliable or timely achievable,0.864170253276825
System shall let administrator de-activate a customer account in under 1 minute. Customer will no longer be able to access the website.,not about avaliable or timely achievable,not about avaliable or timely achievable,0.8693106770515442
System shall let administrator add/remove movies on the website in under 5 minutes.  Entered movie information will be stored in the database and will now be available on the website.,not about avaliable or timely achievable,not about avaliable or timely achievable,0.857216477394104
System shall let the administrator add/remove categories on the website in under 5 minutes.,not about avaliable or timely achievable,not about avaliable or timely achievable,0.8754137754440308
System shall let Izogn Manager access sales and usage statistics in under 2 minutes.,not about avaliable or timely achievable,not about avaliable or timely achievable,0.886732816696167
System shall let administrators generate unique pre-paid pins in under 2 minutes and generate an Excel file with the generated PINs.,not about avaliable or timely achievable,not about avaliable or timely achievable,0.874725878238678
The website shall be attractive to all audiences.  The website shall appear to be fun and the colors should be bright and vibrant.,not about avaliable or timely achievable,not about avaliable or timely achievable,0.8504705429077148
 The website should have an African feel  but should not alienate non-Africans.  The website should use animation on pages which are describing the services  to grab the users attention and encourage them to sign up.,not about avaliable or timely achievable,not about avaliable or timely achievable,0.8461204767227173
 The website design should be modern  clean  and concise.,not about avaliable or timely achievable,not about avaliable or timely achievable,0.9057151079177856
The product should be able to be used by 90% of novice users on the Internet.,not about avaliable or timely achievable,not about avaliable or timely achievable,0.8712618947029114
 Users should only have to navigate through a maximum of 4 pages  to create an account with the website.,not about avaliable or timely achievable,not about avaliable or timely achievable,0.8730126619338989
Users should be able to access their streaming movies in under 2 clicks after logging into the website.,not about avaliable or timely achievable,not about avaliable or timely achievable,0.881036639213562
An anonymous survey will show that 70% of customers are comfortable purchasing streaming movies after 2 weeks using the website.,not about avaliable or timely achievable,not about avaliable or timely achievable,0.877585232257843
An anonymous survey will show that 95% of customers are comfortable using and purchasing pre-paid cards after a month of using the system.,not about avaliable or timely achievable,not about avaliable or timely achievable,0.8724473118782043
The product shall retain the customer’s buying preferences and information.,not about avaliable or timely achievable,not about avaliable or timely achievable,0.8977487683296204
The product shall be easy for customers with novice skills on the  Internet to purchase and watch streaming movies.  Customers should be able to purchase and watch a pre-determined movie in under 3 minutes.,not about avaliable or timely achievable,not about avaliable or timely achievable,0.84355229139328
The product shall use symbols and words that are naturally understandable by users familiar with websites,not about avaliable or timely achievable,not about avaliable or timely achievable,0.8887405395507812
The website will use standard Internet conventions when interacting with the user.,not about avaliable or timely achievable,not about avaliable or timely achievable,0.8882496356964111
 Any interface between a user and the automated system shall have a maximum response time of 5 seconds  unless noted by an exception below.,not about avaliable or timely achievable,not about avaliable or timely achievable,0.8653472065925598
 When purchasing a streaming movie or pre-paid card via credit card  the processing time should have a maximum response time of 15 seconds.,not about avaliable or timely achievable,not about avaliable or timely achievable,0.8682892322540283
 When streaming a movie  the buffering time should take no longer than 10 seconds (plus any latency on the user’s connection.),not about avaliable or timely achievable,not about avaliable or timely achievable,0.8734570145606995
 While streaming a movie  buffering should only occur if there is latency in the user’s connection.,not about avaliable or timely achievable,not about avaliable or timely achievable,0.8730769753456116
 All credit card information will be secured on the server  and only accessible by authorized Izogn administrators.  Information will be encrypted in the database.,not about avaliable or timely achievable,not about avaliable or timely achievable,0.8582291007041931
 The website shall be available for use 24 hours per day  365 days per year.,avaliable or timely achievable,not about avaliable or timely achievable,0.8789949417114258
The website shall achieve 99.5% up time.,avaliable or timely achievable,not about avaliable or timely achievable,0.8895126581192017
 All movies shall be streamed on demand  at any time of the day.,avaliable or timely achievable,not about avaliable or timely achievable,0.901372492313385
The website shall continue to operate if the streaming server goes down.,not about avaliable or timely achievable,not about avaliable or timely achievable,0.8939347267150879
The website shall continue to operate if the payment gateway goes down.,not about avaliable or timely achievable,not about avaliable or timely achievable,0.8953981399536133
The streaming server will support 50 simultaneous streaming connections.,not about avaliable or timely achievable,not about avaliable or timely achievable,0.9076360464096069
The streaming server will support a maximum of 700 movies  new servers can be added to support more movies.,not about avaliable or timely achievable,not about avaliable or timely achievable,0.8811390399932861
 The server will support a maximum of 1 000 simultaneous users.,not about avaliable or timely achievable,not about avaliable or timely achievable,0.8993204832077026
 The website shall be capable of supporting 100 000 customers.,not about avaliable or timely achievable,not about avaliable or timely achievable,0.8977663516998291
The product shall be expected to operate within the maximum maintenance budget for a minimum of 2 years.,not about avaliable or timely achievable,not about avaliable or timely achievable,0.879978358745575
All aspects of the website shall be accessed by a web browser over the Internet.,not about avaliable or timely achievable,not about avaliable or timely achievable,0.874885082244873
The same hardware supporting the current website will be used to support the new system.,not about avaliable or timely achievable,not about avaliable or timely achievable,0.8825465440750122
 We must be able to interface with the following browsers: IE 5.X  6.0  Netscape 6.x  7.x  8.x and Firefox 1.0.,not about avaliable or timely achievable,not about avaliable or timely achievable,0.845345139503479
Website must interface with the CyberSource API to process credit card transactions.,not about avaliable or timely achievable,not about avaliable or timely achievable,0.889332115650177
Website must be fully operational with MSN TV2.,not about avaliable or timely achievable,not about avaliable or timely achievable,0.9080153703689575
Movies shall be encoded and streamed via Windows Media Player 9.0.,not about avaliable or timely achievable,not about avaliable or timely achievable,0.8780066967010498
Movies shall be encoded for 56k and 256k streams.,not about avaliable or timely achievable,not about avaliable or timely achievable,0.9023617506027222
Promotional updates to the website should take a day to update.,not about avaliable or timely achievable,not about avaliable or timely achievable,0.8800626397132874
Izogn Administrator must be able to update the category listings on the website within 2 minutes.,not about avaliable or timely achievable,not about avaliable or timely achievable,0.8774720430374146
Izogn Administrator must be able to add new products to the website within 2 minutes.,not about avaliable or timely achievable,not about avaliable or timely achievable,0.8799293637275696
The system will provide a 24 hour 800 toll free number for support to its customers.,avaliable or timely achievable,not about avaliable or timely achievable,0.8794559836387634
The website will provide a help section with answers and solutions to common problems.,not about avaliable or timely achievable,not about avaliable or timely achievable,0.8899839520454407
 Velkat staff will be available for phone support between 7am-7pm  M-F to provide technical support to the Izogn administrators.,avaliable or timely achievable,not about avaliable or timely achievable,0.8670398592948914
The product shall be able to be installed in the specified environment within 1 working day.,not about avaliable or timely achievable,not about avaliable or timely achievable,0.8731933236122131
Only registered customers can purchase streaming movies.,not about avaliable or timely achievable,not about avaliable or timely achievable,0.913820743560791
 A customer can only stream a movie if they purchased it  and are within the 2 day viewing period.,not about avaliable or timely achievable,not about avaliable or timely achievable,0.8755610585212708
Only authorized personnel can access customer records in the database.,not about avaliable or timely achievable,not about avaliable or timely achievable,0.9032479524612427
Only administrators can activate a pre-paid card.,not about avaliable or timely achievable,not about avaliable or timely achievable,0.902337908744812
Only authorized personnel can access sales information.,not about avaliable or timely achievable,not about avaliable or timely achievable,0.9113411903381348
The website shall prevent its data from being corrupted when incorrect data is entered in.,not about avaliable or timely achievable,not about avaliable or timely achievable,0.8817723989486694
 The website shall protect itself from intentional abuse  and notify the administrator at all occurrences.,not about avaliable or timely achievable,not about avaliable or timely achievable,0.8836679458618164
Data integrity scripts will be run on a weekly basis to verify the integrity of the database.,not about avaliable or timely achievable,not about avaliable or timely achievable,0.8702738881111145
 The website shall make its user aware of its information practices before collection data from them via a Privacy Policy  accessible on all pages of the website.,not about avaliable or timely achievable,not about avaliable or timely achievable,0.8668792247772217
The system shall notify customers of changes to its information policy.,not about avaliable or timely achievable,not about avaliable or timely achievable,0.8936625719070435
The system shall reveal private information only in compliance with the organization’s information policy.,not about avaliable or timely achievable,not about avaliable or timely achievable,0.8684818148612976
 All customer information will be stored on a secure database  accessible only to authorized personnel.,not about avaliable or timely achievable,not about avaliable or timely achievable,0.882511556148529
All credit card information will be encrypted in the database.,not about avaliable or timely achievable,not about avaliable or timely achievable,0.8937060832977295
The streaming server will have anti-virus software to prevent infection of malicious viruses.,not about avaliable or timely achievable,not about avaliable or timely achievable,0.8832017779350281
The website should cater to all tribes in Nigeria.,not about avaliable or timely achievable,not about avaliable or timely achievable,0.8829320669174194
The website shall not be offensive to religious or ethnic groups.,not about avaliable or timely achievable,not about avaliable or timely achievable,0.8986539244651794
 The website should appeal to all Africans  not only Nigerians.,not about avaliable or timely achievable,not about avaliable or timely achievable,0.8900761604309082
The website should use Flash to provide animation on the home page.,not about avaliable or timely achievable,not about avaliable or timely achievable,0.8773882389068604
IzognMovies shall meet the licensing requirements set forth by the appropriate organizations in order to stream African movies.,not about avaliable or timely achievable,not about avaliable or timely achievable,0.8690617084503174
The website will comply with W3C standards.,not about avaliable or timely achievable,not about avaliable or timely achievable,0.9051873087882996
The PHP code will comply with PEAR standards.,not about avaliable or timely achievable,not about avaliable or timely achievable,0.9083449244499207
Total lead cycle time must be completed in 5 minutes for 90% of lead volume between the business hours of 8AM CST to 8PM CST  then 3 minutes for 99% of lead volume during off business hours.,not about avaliable or timely achievable,not about avaliable or timely achievable,0.8472257852554321
No lead evaluation will complete in a time period longer than 25 seconds for 97% of all leads processed.,not about avaliable or timely achievable,not about avaliable or timely achievable,0.8767003417015076
For leads that process longer than 25 seconds the system will record the event and duration,not about avaliable or timely achievable,not about avaliable or timely achievable,0.8826202154159546
The process must fit within the processing time conditions set forth by the Auto Rep Assignment process in which a lead is assigned within 3 minutes of the total life cycle.,not about avaliable or timely achievable,not about avaliable or timely achievable,0.8624931573867798
The lead washing process will operate within the established physical web service structure.,not about avaliable or timely achievable,not about avaliable or timely achievable,0.8910889029502869
 The washing process must use a non binding  neutral data format  such as xml  when receiving and processing lead data.,not about avaliable or timely achievable,not about avaliable or timely achievable,0.8643219470977783
Defect reports will be available to technical units on a 24x7 basis.,avaliable or timely achievable,not about avaliable or timely achievable,0.8937230706214905
Washing parameters will be updated during scheduled maintenance hours.,not about avaliable or timely achievable,not about avaliable or timely achievable,0.9073596000671387
The product shall simulate the look of ships at sea.,not about avaliable or timely achievable,not about avaliable or timely achievable,0.9000210762023926
The product shall display the grids within a circle as a view from a periscope.,not about avaliable or timely achievable,not about avaliable or timely achievable,0.8786292672157288
The product shall display each type of ship in a grid using an image of the specific type of ship.,not about avaliable or timely achievable,not about avaliable or timely achievable,0.8758262991905212
 When the offensive player takes a shot  the product shall simulate the sound of a ship at sea.,not about avaliable or timely achievable,not about avaliable or timely achievable,0.8651940822601318
 When a shot is marked as a miss  the product shall simulate the sound of a shot missing its target.,not about avaliable or timely achievable,not about avaliable or timely achievable,0.8630290031433105
 When a shot is marked as a hit  the product shall simulate the sound of a shot hitting its target.,not about avaliable or timely achievable,not about avaliable or timely achievable,0.8636065721511841
 When a ship is sunk  the product shall simulate the sound of a sinking ship.,not about avaliable or timely achievable,not about avaliable or timely achievable,0.8735694885253906
 The product shall be available 24 hours per day  seven days per week.,avaliable or timely achievable,not about avaliable or timely achievable,0.8905451893806458
The product shall able to handle a large number of games simultaneously.,not about avaliable or timely achievable,not about avaliable or timely achievable,0.8990105986595154
The response time shall be fast enough to maintain the flow of the game.  The response time shall be no more than 2 seconds for 95% of responses and no more than 4% for the remaining responses.,not about avaliable or timely achievable,not about avaliable or timely achievable,0.8579041957855225
The product shall protect the identity of the players. The product shall provide players no access to information that might reveal the identity of another player.,not about avaliable or timely achievable,not about avaliable or timely achievable,0.8639376759529114
The product shall be intuitive and self-explanatory.  Nine out ten users shall be able to successfully complete a game with no training.,not about avaliable or timely achievable,not about avaliable or timely achievable,0.8648728132247925
 The product shall be available to players who understand English  Spanish and French.  The product shall allow the user to select the language upon accessing the product.,not about avaliable or timely achievable,not about avaliable or timely achievable,0.8597961068153381
The product shall provide players no access to information that might reveal the identity of another player,not about avaliable or timely achievable,not about avaliable or timely achievable,0.8769250512123108
The response time shall be fast enough to maintain the flow of the game. The response time shall be no more than 2 seconds for 95% of responses and no more than 4% for the remaining responses.,not about avaliable or timely achievable,not about avaliable or timely achievable,0.8579041957855225
The system shall be easy to use by callers and supervisors. Callers and supervisors must be able to accomplish any system task within 2 minutes.,not about avaliable or timely achievable,not about avaliable or timely achievable,0.8587005138397217
The system shall be easy to learn by callers and supervisors. Callers and supervisors shall learn how to use the system within 10 minutes.,not about avaliable or timely achievable,not about avaliable or timely achievable,0.8578889966011047
 The system shall be responsive. At the DePaul TeleServices Center  when a supervisor uses the system to view a callers schedule  the system response time must be no more than 2 seconds 90% of the time and no more than 5 seconds the rest of the time.,not about avaliable or timely achievable,not about avaliable or timely achievable,0.8413316011428833
 On a 56k connection  the system response time for all operations must be no more than 6 seconds 90% of the time.,not about avaliable or timely achievable,not about avaliable or timely achievable,0.8756417036056519
 On a 112k connection or faster  the system response time for all operations must be no more than 3 seconds 90% of the time.,not about avaliable or timely achievable,not about avaliable or timely achievable,0.873284101486206
The system shall have high availability every day of the year.The system must be available for use between 12:00AM and 6:00PM all days of the year.,avaliable or timely achievable,not about avaliable or timely achievable,0.8612507581710815
The system must be available for use between 7:00AM and 11:59PM all days of the year.,avaliable or timely achievable,not about avaliable or timely achievable,0.8768787384033203
The product shall be internet browser independent.The product must run using Internet Explorer and Netscape Navigator.,not about avaliable or timely achievable,not about avaliable or timely achievable,0.8748401403427124
The product shall ensure that only supervisors can advertise empty time slots.The product must ensure that supervisors are allowed to access advertise empty time slots.,not about avaliable or timely achievable,not about avaliable or timely achievable,0.8485485315322876
The product shall ensure that only supervisors can enter a caller’s schedule.The product must ensure that supervisors are allowed to access advertise empty time slots.,not about avaliable or timely achievable,not about avaliable or timely achievable,0.857466995716095
The product shall ensure that only supervisors can view schedule of all callers.The product must ensure that supervisors are allowed to access advertise empty time slots.,not about avaliable or timely achievable,not about avaliable or timely achievable,0.8566914796829224
 The interface shall have a simple look. In the interface and usability survey  90% of beta testers must report that the interface is adequately simple.,not about avaliable or timely achievable,not about avaliable or timely achievable,0.8724515438079834
 The interface shall be appealing to callers and supervisors. In the interface and usability survey  80% of beta testers must report that the interface is appealing.,not about avaliable or timely achievable,not about avaliable or timely achievable,0.8752452731132507
The product shall provide GUI based Monitoring Services.System Administrators shall monitor message exchanges will predict and determine problems and will also provide internal and external support.,not about avaliable or timely achievable,not about avaliable or timely achievable,0.8611509203910828
The product shall comply with City of Chicago Application Development Guide Framework.Application Development Framework will provide structured Graphical User Interface.,not about avaliable or timely achievable,not about avaliable or timely achievable,0.8690489530563354
The product shall provide Monitoring Services.The product shall be easy for System Administrators and DBAs to use after two weeks of usage.,not about avaliable or timely achievable,not about avaliable or timely achievable,0.8678994178771973
The product shall provide Error Tracking Services.The product shall help the System Administrators and DBAs to resolve transaction errors 99% of the time.,not about avaliable or timely achievable,not about avaliable or timely achievable,0.8690125942230225
The product shall provide Portals.The product shall help System Administrators to analyze the transactions with ad-hoc reporting and KPIs (Key Performance Indicators),not about avaliable or timely achievable,not about avaliable or timely achievable,0.8572984933853149
The product shall provide Asynchronous Messaging.The product shall provide asynchronous messaging to enable parallel processing and reduce the overhead in communications,not about avaliable or timely achievable,not about avaliable or timely achievable,0.8728810548782349
The product shall provide Multi-threading and Load Balancing.The product shall provide multi-threading technology as well as load balancing to overcome data load spikes and traffic.,not about avaliable or timely achievable,not about avaliable or timely achievable,0.8532986640930176
The product shall process messages within 2 seconds.The product shall have a maximum message processing time of 2 seconds,not about avaliable or timely achievable,not about avaliable or timely achievable,0.8813744187355042
The product shall poll the system for messages every second.The product shall poll the system for new messages at a maximum of every 1 second.,not about avaliable or timely achievable,not about avaliable or timely achievable,0.8590534925460815
The product shall provide Dynamic Change Support and Transparent resource addition.The product shall support Transparent Resource addition and Dynamic Change support to provide scalability and avoid service interruptions of more than 1 day.,not about avaliable or timely achievable,not about avaliable or timely achievable,0.8469095230102539
The product shall be available 99% of the time. Rationale: To avoid service interruption during busiest customer service response periods. The product shall be available 99.99% of the time for regular business days.,avaliable or timely achievable,not about avaliable or timely achievable,0.8521903157234192
The product shall be robust.The product shall have fault avoidance based on standards adoption.,not about avaliable or timely achievable,not about avaliable or timely achievable,0.8692687153816223
The product shall be robust with fault tolerance.The product shall have fault tolerance by using recovery technique compensatory transaction and routing around failures.,not about avaliable or timely achievable,not about avaliable or timely achievable,0.8652676939964294
The product shall be able to process all transactions.The product shall process minimum of 1 million transactions per year.,not about avaliable or timely achievable,not about avaliable or timely achievable,0.8581998348236084
The product shall be platform independent.The product shall enable access to any type of development environment and platform.,not about avaliable or timely achievable,not about avaliable or timely achievable,0.8594666719436646
The product shall interface CSR and Datastream.The product shall exchange messages between CSR and EAM on a real time basis without any direct interfaces between two systems.,not about avaliable or timely achievable,not about avaliable or timely achievable,0.857651948928833
 : The product shall continue to operate during upgrade  change or new resource addition.The product shall be able to continue to operate with no interruption in service due to new resource additions.,not about avaliable or timely achievable,not about avaliable or timely achievable,0.853417694568634
The product shall be updated on a regular basis.The product will have a new major feature introduced every six months and quarterly maintenance releases every six months.,not about avaliable or timely achievable,not about avaliable or timely achievable,0.8564027547836304
The product shall operate with every platform.The product shall accommodate any new technology without any change in its architecture.,not about avaliable or timely achievable,not about avaliable or timely achievable,0.8617652654647827
 The product shall have security.The product shall provide authentication  and authorization.,not about avaliable or timely achievable,not about avaliable or timely achievable,0.8837192058563232
The product shall information Security. The product shall enable privacy by encryption WS-Security and Integrity Checking.,not about avaliable or timely achievable,not about avaliable or timely achievable,0.8776931166648865
The product shall have audit capabilities.The product shall store messages for a minimum of one year for audit and transaction tracking purposes.,not about avaliable or timely achievable,not about avaliable or timely achievable,0.8655596375465393
The system shall use IBM and CCR branding standards. The interface must have one IBM logo and one CCR logo.,not about avaliable or timely achievable,not about avaliable or timely achievable,0.8603237271308899
The system shall be displayable on any work computer a CCR user may have. The system interface shall be formatted to display at 800 by 600 pixel resolution.,not about avaliable or timely achievable,not about avaliable or timely achievable,0.8687303066253662
The system interface will use CCR nomenclature. The system must use the same nomenclature used in the existing WCS system and reports,not about avaliable or timely achievable,not about avaliable or timely achievable,0.8713739514350891
The interface must summarize the data in a fashion that’s appealing to CCR management. Every report type must have at least one high level summary shown in the results dashboard/interface,not about avaliable or timely achievable,not about avaliable or timely achievable,0.8535642623901367
The system must use a point and click interface. 100% of all selection and navigation functionality must be able to be activated/selected by either a mouse or a keyboard,not about avaliable or timely achievable,not about avaliable or timely achievable,0.8626697659492493
The interface shall be easy to use. 90% of users should be able to successfully use the system to generate a report on their first use. The interface should adhere to IBM usability standards.,not about avaliable or timely achievable,not about avaliable or timely achievable,0.8466868996620178
Rreports must be easy to generate. eports must be generated within one button click and exported within one button click (after selecting the report),not about avaliable or timely achievable,not about avaliable or timely achievable,0.8690285086631775
A user shall be able to use the system without instruction after a short amount of time. After one use a user should understand and remember 90% of the system usage and navigation.,not about avaliable or timely achievable,not about avaliable or timely achievable,0.8467601537704468
All CCR users shall receive training before the WCS system is deployed. One training session will be held for 100% of CCR users before system deployment (based on a CCR user being available),not about avaliable or timely achievable,not about avaliable or timely achievable,0.8555428981781006
The WCS system shall use appropriate nomenclature and terminology as defined by the Corporate Community Grants organization. All interfaces and reports will undergo usability tests by CCR users.,not about avaliable or timely achievable,not about avaliable or timely achievable,0.8681960701942444
The WCS system shall be available at all times as long as IBM’s internal intranet W3 is accessible. The WCS system will be available 95% of the time IBM’s internal intranet W3 is available.,avaliable or timely achievable,not about avaliable or timely achievable,0.8556187152862549
The WCS system shall have the ability to connect other designated WCS databases currently not included in the system.,not about avaliable or timely achievable,not about avaliable or timely achievable,0.8679531216621399
The WCS system shall have the ability to include data for regions outside the United States and be accessed by users outside of the United States if approved by CCR management.,not about avaliable or timely achievable,not about avaliable or timely achievable,0.8611236810684204
The WCS system shall be run in a Windows environment. The WCS shall be accessed by users through the Internet on an IBM computer running a Windows 2000 or above operating system.,not about avaliable or timely achievable,not about avaliable or timely achievable,0.857952356338501
The Brio portion of the WCS system must be able to export files in spreadsheet form (Microsoft Excel and Lotus 1-2-3 formats).  Brio will provide buttons in the user interface that produce/export reports in .xls or .123 file formats.,not about avaliable or timely achievable,not about avaliable or timely achievable,0.8446378707885742
The WCS system must run queries to the WCS databases once again (on a specified day) to update the available data available to CCR users. Queries must be made to external databases for data refresh once a week.,not about avaliable or timely achievable,not about avaliable or timely achievable,0.8449857831001282
 All changes  updates  and additions to the WCS system shall be updated in the WCS Developer and WCS User Guides. Every change must be reflected in WCS system documentation,not about avaliable or timely achievable,not about avaliable or timely achievable,0.8408929705619812
The system shall only be accessed by authorized Corporate Community Grants (CCR) employees. Users must be authenticated using their IBM intranet user name and password.,not about avaliable or timely achievable,not about avaliable or timely achievable,0.8674524426460266
The WCS system shall not allow automatic logins by any user. Cookies containing WCS login information about a user will not be stored on a user’s computer.,not about avaliable or timely achievable,not about avaliable or timely achievable,0.8653778433799744
Each team owner will need to use a username and password in order to be authenticated to reach the team owner’s page,not about avaliable or timely achievable,not about avaliable or timely achievable,0.846968412399292
The Commissioner will be the only authorized user per league to adjust league settings.,not about avaliable or timely achievable,not about avaliable or timely achievable,0.8775477409362793
Each page shall contain a navigation menu which shows the index into which the current page is contained.,not about avaliable or timely achievable,not about avaliable or timely achievable,0.8751161098480225
Each page shall contain a similar format with action items in one location and navigation buttons in a different location.,not about avaliable or timely achievable,not about avaliable or timely achievable,0.8659384250640869
The message board shall contain the 5 most recently posted messages on the league page. The messages will contain up to the first 150 characters of the message.,not about avaliable or timely achievable,not about avaliable or timely achievable,0.868522584438324
;A new user shall be able to navigate through the league and team pages within 30 seconds of reaching the start-up page.,not about avaliable or timely achievable,not about avaliable or timely achievable,0.8690860867500305
Users shall be able to reach the ‘add’  ‘drop’  and ‘trade player’ pages with one click from the team owner’s page.,not about avaliable or timely achievable,not about avaliable or timely achievable,0.8639550805091858
;Users shall be able to view at least 25 NFL player statistics and points on each page.,not about avaliable or timely achievable,not about avaliable or timely achievable,0.873024046421051
The application shall ask the user to confirm dropping a player or trading a player before performing the action.,not about avaliable or timely achievable,not about avaliable or timely achievable,0.8720093369483948
The application shall be able to complete every user transaction within one fourth of a second of receiving the request over the network.,not about avaliable or timely achievable,not about avaliable or timely achievable,0.8742926716804504
The application shall have a downtime of at most 10 minutes per year.,avaliable or timely achievable,not about avaliable or timely achievable,0.8902238607406616
The application shall run on a web application server.,not about avaliable or timely achievable,not about avaliable or timely achievable,0.9114265441894531
A primary database will be used to store cached data for active users.,not about avaliable or timely achievable,not about avaliable or timely achievable,0.8992784023284912
A secondary database will be used to store historical statistics and data.,not about avaliable or timely achievable,not about avaliable or timely achievable,0.8920047283172607
Application updates shall occur between 3AM and 6 AM CST on Wednesday morning during the middle of the NFL season.,not about avaliable or timely achievable,not about avaliable or timely achievable,0.8715157508850098
New System version releases shall be released at the beginning of each NFL season.,not about avaliable or timely achievable,not about avaliable or timely achievable,0.8850536346435547
The RFS system should be available 24/7  especially during the budgeting period. The RFS system shall be available 90% of the time all year  and 98% during the budgeting period. 2% of the time  the system will become available within 1 hour of the time that the situation is reported.,avaliable or timely achievable,not about avaliable or timely achievable,0.8314814567565918
98% of the user workstations shall meet the minimum hardware requirements prior to implementation. Minimum Hard Disk Space:  400MB.,not about avaliable or timely achievable,not about avaliable or timely achievable,0.872377336025238
98% of the user workstations shall meet the minimum software requirements prior to implementation: Microsoft Internet Explorer 5.0. Microsoft .NET Framework 1.1. Microsoft Internet Explorer Web Controls,not about avaliable or timely achievable,not about avaliable or timely achievable,0.8431839942932129
The RFS system should be able to easily interface with the BDW environment  in order to load the data. •;7 data files shall be received from the BDW and loaded into the RFS system within 3 hours one day prior to the start of budgeting process  every year. The data will be as of October month-end. ;Test files (7) shall be loaded up to 5 times throughout the year  from the BDW.,not about avaliable or timely achievable,not about avaliable or timely achievable,0.8266783952713013
Changes to revenue and expense formulae must be applied to the RFS system  every year  prior to the budgeting process start. Revenue and expense formulae will be updated within one week of their receipt  after which 2 weeks will be allotted to testing of the budget calculations  to be conducted jointly by the project development team and PCG Finance.,not about avaliable or timely achievable,not about avaliable or timely achievable,0.827469527721405
New branches/complexes/districts/regions and revenue/expense accounts added to the BDW  must be reflected in the RFS system. 100% of the entities (mentioned above) available as of October month-end  will be loaded into the RFS system  prior to the budget start process.,not about avaliable or timely achievable,not about avaliable or timely achievable,0.8352799415588379
Only authorized user shall access the RFS system. ONLY users that exist in the UAS system  with the RFS system assigned to their role(s)  shall access the RFS system and use it.,not about avaliable or timely achievable,not about avaliable or timely achievable,0.8319237232208252
;User access should be limited to the permissions granted to their role(s) Each level in the PCG hierarchy will be assigned a role and users will be assigned to these roles. Access to functionality within RFS system is dependent on the privileges/permission assigned to the role..,not about avaliable or timely achievable,not about avaliable or timely achievable,0.8350720405578613
The product must comply with the intranet page standards and requirements of ENET Securities. 95% of the product look & feel will be approved by the Architecture group  prior to implementation. The remaining 5% will be corrected and approved within one month of product release.,not about avaliable or timely achievable,not about avaliable or timely achievable,0.8411281704902649
 The intranet pages should display appropriately in all resolutions  from 800x600 and higher. The display of all the pages will be correct in 95% of the resolutions  prior to implementation. The remaining 5% will be corrected within a week of notification of the incorrect display.,not about avaliable or timely achievable,not about avaliable or timely achievable,0.8493108749389648
The users should be able to easily use the system to successfully complete their budgets  within the stipulated time for completion. With a week of training prior to product implementation  98% of the users shall complete their budgets within the stipulated time.,not about avaliable or timely achievable,not about avaliable or timely achievable,0.8493041396141052
The product interface should be fast. The response time of the product interface should not exceed 2 seconds 90% of the time. For 10% of the time  the response time should not be more than 10 seconds.not be more than 10 seconds.,not about avaliable or timely achievable,not about avaliable or timely achievable,0.8470773696899414
