Requirement text,Gold label,Predicated label,ZSL score
The system shall refresh the display every 60 seconds.,"not about reliability, dependability, resilience","not about reliability, dependability, resilience",0.937396228313446
The application shall match the color of the schema set forth by Department of Homeland Security,"not about reliability, dependability, resilience","not about reliability, dependability, resilience",0.9089903831481934
 If projected  the data must be readable.  On a 10x10 projection screen  90% of viewers must be able to read Event / Activity data from a viewing distance of 30,"not about reliability, dependability, resilience","not about reliability, dependability, resilience",0.8853728771209717
 The product shall be available during normal business hours. As long as the user has access to the client PC  the system will be available 99% of the time during the first six months of operation.,"reliability, dependability, resilience","not about reliability, dependability, resilience",0.8772039413452148
 If projected  the data must be understandable. On a 10x10 projection screen  90% of viewers must be able to determine that Events or Activities are occuring in current time from a viewing distance of 100,"not about reliability, dependability, resilience","not about reliability, dependability, resilience",0.8845700025558472
The product shall ensure that it can only be accessed by authorized users.  The product will be able to distinguish between authorized and unauthorized users in all access attempts,"not about reliability, dependability, resilience","not about reliability, dependability, resilience",0.8846110701560974
The product shall be intuitive and self-explanatory.  :  90% of new users shall be able to start the display of Events or Activities within 90 minutes of using the product.,"not about reliability, dependability, resilience","not about reliability, dependability, resilience",0.8820228576660156
The product shall respond fast to keep up-to-date data in the display.,"not about reliability, dependability, resilience","not about reliability, dependability, resilience",0.9084292650222778
The look and feel of the system shall conform to the user interface standards of the smart device.,"not about reliability, dependability, resilience","not about reliability, dependability, resilience",0.8995294570922852
 The user interface shall have standard menus  buttons for navigation,"not about reliability, dependability, resilience","not about reliability, dependability, resilience",0.933929979801178
The system shall have a professional appearance,"not about reliability, dependability, resilience","not about reliability, dependability, resilience",0.9337599277496338
The product shall have a consistent color scheme and fonts.,"not about reliability, dependability, resilience","not about reliability, dependability, resilience",0.932374119758606
The system shall be used by realtors with no training.,"not about reliability, dependability, resilience","not about reliability, dependability, resilience",0.9341145753860474
The system shall be intuitive and self explanatory.,"not about reliability, dependability, resilience","not about reliability, dependability, resilience",0.9366523027420044
The product shall be easy for a realtor to learn.,"not about reliability, dependability, resilience","not about reliability, dependability, resilience",0.9317448735237122
The product shall use symbols and words that are naturally understandable by the realtor community.,"not about reliability, dependability, resilience","not about reliability, dependability, resilience",0.9155758619308472
The product shall produce search results in an acceptable time,"not about reliability, dependability, resilience","not about reliability, dependability, resilience",0.9342630505561829
The search results shall be returned no later 30      seconds  after the user has entered the search criteria,"not about reliability, dependability, resilience","not about reliability, dependability, resilience",0.9078348875045776
The product shall generate a CMA report in an acceptable time.,"not about reliability, dependability, resilience","not about reliability, dependability, resilience",0.9322853088378906
The CMA report shall be returned no later 60 seconds after the user has entered the CMA report criteria.,"not about reliability, dependability, resilience","not about reliability, dependability, resilience",0.9027783870697021
The product shall synchronize contacts and appointments in an acceptable time.,"not about reliability, dependability, resilience","not about reliability, dependability, resilience",0.9284179210662842
The product shall synchronize with the office system every hour.,"not about reliability, dependability, resilience","not about reliability, dependability, resilience",0.9253016114234924
 The product shall be available for use 24 hours per day  365 days  per year,"reliability, dependability, resilience","not about reliability, dependability, resilience",0.9216262698173523
 Out of 1000 accesses to the system  the system is available 999 times.,"reliability, dependability, resilience","not about reliability, dependability, resilience",0.9182643294334412
The product shall operate in offline mode whenever internet connection is unavailable.,"not about reliability, dependability, resilience","not about reliability, dependability, resilience",0.9347430467605591
 The product shall allow the user to view previously downloaded search results  CMA reports  and appointments.,"not about reliability, dependability, resilience","not about reliability, dependability, resilience",0.9037485718727112
The product shall retain user preferences in the event of a failure.,"not about reliability, dependability, resilience","not about reliability, dependability, resilience",0.9271161556243896
100% of saved user preferences shall be restored when system comes back online.,"not about reliability, dependability, resilience","not about reliability, dependability, resilience",0.9217655658721924
The product shall be able to support multiple remote users,"not about reliability, dependability, resilience","not about reliability, dependability, resilience",0.935604453086853
The product shall be able support 1000 simultaneous users.,"not about reliability, dependability, resilience","not about reliability, dependability, resilience",0.9362714290618896
The product shall be capable of handling the existing 1000 users. This number is expected to grow 5 times within the next year.,"not about reliability, dependability, resilience","not about reliability, dependability, resilience",0.896298348903656
The product shall be installed by an untrained realtor   without recourse to separately-printed instructions.,"not about reliability, dependability, resilience","not about reliability, dependability, resilience",0.9069125056266785
90% of untrained realtors shall be able to install the product on their device without printed instructions,"not about reliability, dependability, resilience","not about reliability, dependability, resilience",0.9008461833000183
The product is expected to run on Windows CE and Palm operating systems.,"not about reliability, dependability, resilience","not about reliability, dependability, resilience",0.9249349236488342
Only registered realtors shall be able to access the system.,"not about reliability, dependability, resilience","not about reliability, dependability, resilience",0.9279900789260864
Every user of the system shall be authenticated and authorized.,"not about reliability, dependability, resilience","not about reliability, dependability, resilience",0.924452543258667
The product shall prevent its data from incorrect data being introduced.,"not about reliability, dependability, resilience","not about reliability, dependability, resilience",0.9350160360336304
The system shall be easy to use by the Program Administrators/Nursing Staff Members.,"not about reliability, dependability, resilience","not about reliability, dependability, resilience",0.9042854309082031
All of the users shall be able to use the system after one day of training.,"not about reliability, dependability, resilience","not about reliability, dependability, resilience",0.9043408632278442
The system shall help the user avoid making mistakes while scheduling classes and clinicals for the nursing students.,"not about reliability, dependability, resilience","not about reliability, dependability, resilience",0.8935741186141968
The number of mistakes noted by the students shall be decreased by 50% in the first year.,"not about reliability, dependability, resilience","not about reliability, dependability, resilience",0.9031959176063538
The system shall be intuitive to the Program Administrators/Nursing Staff Members.,"not about reliability, dependability, resilience","not about reliability, dependability, resilience",0.9120182394981384
2 out of 3 Program Administrators/Nursing Staff Members shall successfully be able to use the system to manage the scheduling of classes and clinicals.,"not about reliability, dependability, resilience","not about reliability, dependability, resilience",0.8852238655090332
The system shall use symbols and words that are naturally understandable by the user community.,"not about reliability, dependability, resilience","not about reliability, dependability, resilience",0.9166688919067383
The verbiage used within the system shall be consistent with Standard English and the terminology of the national Nursing Community.,"not about reliability, dependability, resilience","not about reliability, dependability, resilience",0.896834135055542
Staff members shall be able to complete a set of tasks in a timely manner.,"not about reliability, dependability, resilience","not about reliability, dependability, resilience",0.9133510589599609
The response time of general student management tasks shall take no longer than 5 seconds and the response time of schedule generation shall take no longer than 30 seconds.,"not about reliability, dependability, resilience","not about reliability, dependability, resilience",0.8897886276245117
The system shall be available for use between the hours of 8am and 6pm.,"reliability, dependability, resilience","not about reliability, dependability, resilience",0.9204095602035522
The system shall achieve 95% up time.,"reliability, dependability, resilience","not about reliability, dependability, resilience",0.9423260688781738
system shall be able to handle all of the user requests/usage during business hours.,"not about reliability, dependability, resilience","not about reliability, dependability, resilience",0.9091329574584961
The system shall cater to 10 simultaneous users from 9am to 5pm.,"not about reliability, dependability, resilience","not about reliability, dependability, resilience",0.9328678250312805
The system shall be capable of processing 100% of nursing students and their classes for the next 10 years.,"not about reliability, dependability, resilience","not about reliability, dependability, resilience",0.893859326839447
The system shall be expected to manage the nursing program curriculum and class/clinical scheduling for a minimum of 5 years.,"not about reliability, dependability, resilience","not about reliability, dependability, resilience",0.8916598558425903
The system shall able to operate within a business office environment typical of the Nursing Department at DePaul University.,"not about reliability, dependability, resilience","not about reliability, dependability, resilience",0.900093674659729
The system shall be used within the specifications defined by the computers used by the Program Administrators/Nursing Staff Members.,"not about reliability, dependability, resilience","not about reliability, dependability, resilience",0.8932252526283264
The system shall operate within the Windows XP Professional operating system.,"not about reliability, dependability, resilience","not about reliability, dependability, resilience",0.9241722226142883
The system shall interface with CampusConnect’s central server,"not about reliability, dependability, resilience","not about reliability, dependability, resilience",0.9325617551803589
The system shall interface with the faculty central server.,"not about reliability, dependability, resilience","not about reliability, dependability, resilience",0.9326229095458984
The system shall interface with the student master server.,"not about reliability, dependability, resilience","not about reliability, dependability, resilience",0.935518205165863
We must be able to interface with any HTML browser.,"not about reliability, dependability, resilience","not about reliability, dependability, resilience",0.9374895691871643
Only authorized users shall have access to clinical site information.,"not about reliability, dependability, resilience","not about reliability, dependability, resilience",0.9265486001968384
Program Administrators/Nursing Staff Members are the only people who shall have access to clinical site details.,"not about reliability, dependability, resilience","not about reliability, dependability, resilience",0.8973878026008606
Only authorized users shall have access to students’ personal information.,"not about reliability, dependability, resilience","not about reliability, dependability, resilience",0.925273060798645
Dr Susan Poslusny and Dr Julie Donalek are the only people who shall have access to students’ personal information.,"not about reliability, dependability, resilience","not about reliability, dependability, resilience",0.8894345760345459
Only authorized users shall have access to the portion of the system that interfaces with CampusConnect.,"not about reliability, dependability, resilience","not about reliability, dependability, resilience",0.903782844543457
Fit Criterion: Dr Susan Poslusny and Karen Sysol are the only people who shall have access to the final class section scheduling for the system that interfaces with CampusConnect.,"not about reliability, dependability, resilience","not about reliability, dependability, resilience",0.8731160163879395
The system shall have basic data integrity checking to reduce the possibility of incorrect or invalid data being introduced.,"not about reliability, dependability, resilience","not about reliability, dependability, resilience",0.9026029109954834
The system shall protect private information in accordance with the organization’s information policy.,"not about reliability, dependability, resilience","not about reliability, dependability, resilience",0.9133026599884033
The system shall be built such that it is as secure as possible from malicious interference.,"not about reliability, dependability, resilience","not about reliability, dependability, resilience",0.915034294128418
The system shall use the organization’s standard virus protection software to help monitor threats to itself.,"not about reliability, dependability, resilience","not about reliability, dependability, resilience",0.9031789898872375
The Disputes application shall comply with the corporate standards for user interface creation for internally and externally used applications.,"not about reliability, dependability, resilience","not about reliability, dependability, resilience",0.9131501317024231
All screens created as part of the Disputes application must comply with corporate standards for interface creation.,"not about reliability, dependability, resilience","not about reliability, dependability, resilience",0.9118481278419495
The list of dispute cases that are displayed after a search is performed must be color coded for easy identification of dispute cases based upon the dispute case status.,"not about reliability, dependability, resilience","not about reliability, dependability, resilience",0.8952720761299133
100% of the cardmember and merchant services representatives shall use the Disputes application regularly after a 2-day training course.,"not about reliability, dependability, resilience","not about reliability, dependability, resilience",0.897793173789978
100% of cardmember services representatives shall be able to successfully create a dispute case on the first encounter after completing the training course.,"not about reliability, dependability, resilience","not about reliability, dependability, resilience",0.8984086513519287
100% of merchant services representatives shall be able to successfully perform a follow up action on a dispute case on the first encounter after completing the training course.,"not about reliability, dependability, resilience","not about reliability, dependability, resilience",0.897162914276123
The maximum wait time for a user navigating from one screen to another within the Disputes application shall be no more than 5 seconds.,"not about reliability, dependability, resilience","not about reliability, dependability, resilience",0.8986448049545288
The Disputes application shall support 350 concurrent users without any degradation of performance in the application.,"not about reliability, dependability, resilience","not about reliability, dependability, resilience",0.9114820957183838
 The Disputes application shall be available 24x7x365  with the exception of the following scheduled maintenance windows.  Monday – Saturday 3:00am to 4:00am EST Sunday 1:00amd to 5:00am EST,"not about reliability, dependability, resilience","not about reliability, dependability, resilience",0.8827459216117859
The Disputes application shall interface with the Statement Database. The Statement Database provides the transaction details to the Disputes System. All transaction details must be obtained from the Statement Database,"not about reliability, dependability, resilience","not about reliability, dependability, resilience",0.8800679445266724
The Disputes application shall interface with the Cardmember Information Database.  The Cardmember Information Database provides detailed information with regard to a cardmember.  All cardmember detail information must be obtained from the Cardmember Information Database.,"not about reliability, dependability, resilience","not about reliability, dependability, resilience",0.8686935901641846
The Disputes applications shall interface with the Merchant Information Database.  The Merchant Information Database provides detailed information with regard to the merchant. All merchant detail information shall be obtained from the Merchant Information Database.,"not about reliability, dependability, resilience","not about reliability, dependability, resilience",0.8686527609825134
The Disputes application shall interface with the Letters application.  This will allow the Disputes application to request letters as part of the dispute initiation and dispute follow up process. All letter requests must be sent to the Print Letter Utility application.,"not about reliability, dependability, resilience","not about reliability, dependability, resilience",0.8744775056838989
The Disputes application shall interface with the Cardmember Posting and Billing System.  This will allow the Disputes application to request adjustments to cardmember and merchant’s accounts. All adjustment requests must be sent to the Cardmember Posting and Billing System.,"not about reliability, dependability, resilience","not about reliability, dependability, resilience",0.8698484301567078
The Disputes application shall ensure that only users with the appropriate access level are allowed to initiate dispute requests.,"not about reliability, dependability, resilience","not about reliability, dependability, resilience",0.911357045173645
Only users with Update access must be able to initiate dispute requests.,"not about reliability, dependability, resilience","not about reliability, dependability, resilience",0.9349951148033142
The Disputes application shall ensure that only authorized users are allowed to logon to the application.,"not about reliability, dependability, resilience","not about reliability, dependability, resilience",0.9020208120346069
 All authorized users  once authenticated must be able to logon to the Disputes System,"not about reliability, dependability, resilience","not about reliability, dependability, resilience",0.9091359376907349
The Disputes System shall generate a User Report that details any new users that have been added and any changes to an existing user’s access level.  The report will be reviewed for auditing purposes.,"not about reliability, dependability, resilience","not about reliability, dependability, resilience",0.8819321393966675
All additions of new users and modifications to user’s access shall be recorded on the User Report.,"not about reliability, dependability, resilience","not about reliability, dependability, resilience",0.9074224233627319
 If a user account is revoked  it can only be re-instantiated by the System Administrator.,"not about reliability, dependability, resilience","not about reliability, dependability, resilience",0.9177183508872986
Only the System Administrator shall be able to reset a revoked user logon account,"not about reliability, dependability, resilience","not about reliability, dependability, resilience",0.9234928488731384
The Disputes application shall manipulate and view business data. Users will not have direct access to data files or databases.,"not about reliability, dependability, resilience","not about reliability, dependability, resilience",0.899829089641571
All updates to data files or database must be initiated from the Disputes System.,"not about reliability, dependability, resilience","not about reliability, dependability, resilience",0.9171720147132874
The Disputes application must conform to the legal requirements as specified by the Merchant Operating Regulations.,"not about reliability, dependability, resilience","not about reliability, dependability, resilience",0.9079947471618652
All business rules specified in the Disputes System shall be in compliance with the Merchant Operating Regulations.,"not about reliability, dependability, resilience","not about reliability, dependability, resilience",0.905345618724823
The Disputes application must conform to the legal requirements as specified by Regulation E and Regulation Z that govern credit card disputes processing.,"not about reliability, dependability, resilience","not about reliability, dependability, resilience",0.8919459581375122
All business rules specified in the Disputes System shall be in compliance to the guidelines of Regulation E and Regulation Z.,"not about reliability, dependability, resilience","not about reliability, dependability, resilience",0.8935333490371704
The Disputes application must maintain a detailed history of every action that a user takes on a dispute case.  This ensures a complete audit trail if questions arise later on with regard to a particular dispute case.,"not about reliability, dependability, resilience","not about reliability, dependability, resilience",0.8824450373649597
All actions that modify an existing dispute case must be recorded in the case history.,"not about reliability, dependability, resilience","not about reliability, dependability, resilience",0.9139786958694458
The product must support Internet Explorer 5.5 and above.,"not about reliability, dependability, resilience","not about reliability, dependability, resilience",0.9220260977745056
The product must support Mozilla Firefox 1.0 and above.,"not about reliability, dependability, resilience","not about reliability, dependability, resilience",0.9215666055679321
The product shall interface with the Choice Parts System.  This provides the feed of recycled parts data.,"not about reliability, dependability, resilience","not about reliability, dependability, resilience",0.9150362014770508
The product shall run on the existing hardware for all environments.,"not about reliability, dependability, resilience","not about reliability, dependability, resilience",0.9311951398849487
The product shall adhere to the corporate Architecture guidelines,"not about reliability, dependability, resilience","not about reliability, dependability, resilience",0.9305282235145569
The product shall comply with corporate User Interface Guidelines,"not about reliability, dependability, resilience","not about reliability, dependability, resilience",0.9348857402801514
The product shall comply with corporate color scheme,"not about reliability, dependability, resilience","not about reliability, dependability, resilience",0.9368600249290466
The appearance of the product shall appear professional,"not about reliability, dependability, resilience","not about reliability, dependability, resilience",0.9360231161117554
The product shall be easy to use by Adjusters and Collision Estimators.  95% of Adjusters and Collision Estimators shall find the product easy to use.,"not about reliability, dependability, resilience","not about reliability, dependability, resilience",0.8717878460884094
The product shall increase productivity of Collision Estimators. 80% of the Collision Estimators shall agree their productivity has increase within 1 month of using the product.,"not about reliability, dependability, resilience","not about reliability, dependability, resilience",0.8827998638153076
Users shall feel satisfied using the product.  85% of all users will be satisfied with the product.,"not about reliability, dependability, resilience","not about reliability, dependability, resilience",0.9022722244262695
The product shall be easy to learn by Adjusters and Collision Estimators.  The product shall be learned with two days onsite training,"not about reliability, dependability, resilience","not about reliability, dependability, resilience",0.8894956111907959
The user shall easily locate instructions while using the product.  User help can be found within 90% of the system.,"not about reliability, dependability, resilience","not about reliability, dependability, resilience",0.8935661315917969
The search for recycled parts shall take no longer than 15 seconds.  The search results shall be returned in under 15 seconds.,"not about reliability, dependability, resilience","not about reliability, dependability, resilience",0.8996730446815491
The search for the preferred repair facility shall take no longer than 8 seconds.  The preferred repair facility is returned within 8 seconds,"not about reliability, dependability, resilience","not about reliability, dependability, resilience",0.9034749269485474
The recycled parts audit report shall be returned to the user within 10 seconds.  The audit report shall be returned within 10 seconds.,"not about reliability, dependability, resilience","not about reliability, dependability, resilience",0.89271479845047
The preferred repair facility ratings shall be saved within 5 seconds. The save shall occur within 5 seconds.,"not about reliability, dependability, resilience","not about reliability, dependability, resilience",0.9007842540740967
The product shall adhere to the corporate online availability schedule.  The application is brought down only within 98% of the scheduled outages per the availability schedule.,"reliability, dependability, resilience","not about reliability, dependability, resilience",0.892022967338562
The product shall achieve a 98% uptime. The product shall not fail more than 2% of the available online time.,"reliability, dependability, resilience","not about reliability, dependability, resilience",0.8951236009597778
The product shall be able to handle up to 1500 simultaneous users. The system shall perform with 1500 users as a time.,"not about reliability, dependability, resilience","not about reliability, dependability, resilience",0.8997786641120911
 The average number of recycled parts records per day shall be 50 000.,"not about reliability, dependability, resilience","not about reliability, dependability, resilience",0.9299364686012268
 The product shall be able to handle 10 000 concurrent users within 2 years of the initial launch.,"not about reliability, dependability, resilience","not about reliability, dependability, resilience",0.9146267175674438
 For estimators  the product shall be able to be operated in a repair facility during dirty and noisy conditions.,"not about reliability, dependability, resilience","not about reliability, dependability, resilience",0.8978602290153503
The product shall interface with the ChoiceParts system once per day at approximately 1:00 AM.,"not about reliability, dependability, resilience","not about reliability, dependability, resilience",0.9046111106872559
The maintenance of the product will fall within the established corporate maintenance windows.,"not about reliability, dependability, resilience","not about reliability, dependability, resilience",0.919333279132843
The product shall be supported using the corporate support center.,"not about reliability, dependability, resilience","not about reliability, dependability, resilience",0.9375931024551392
Product installations and upgrades shall be handled by the middleware technology team within established launch time frames.,"not about reliability, dependability, resilience","not about reliability, dependability, resilience",0.9074023962020874
Only adjusters can request recycled parts audit reports. No users without an adjuster role shall request recycled parts audits.,"not about reliability, dependability, resilience","not about reliability, dependability, resilience",0.8902665376663208
Only adjusters with a supervisor role can update preferred repair facility ratings. Users without the supervisor role cannot access the repair facility ratings.,"not about reliability, dependability, resilience","not about reliability, dependability, resilience",0.8876111507415771
Only collision estimators shall search for recycled parts.  Users without the collision estimator role shall not have access to the search for recycled parts.,"not about reliability, dependability, resilience","not about reliability, dependability, resilience",0.8843129277229309
Only valid data shall be entered into the system.  No invalid data shall be entered into the system.,"not about reliability, dependability, resilience","not about reliability, dependability, resilience",0.8929042816162109
One insurance company shall not be able to view another insurance companys claim data.,"not about reliability, dependability, resilience","not about reliability, dependability, resilience",0.9182720184326172
The product shall free of computer viruses.,"not about reliability, dependability, resilience","not about reliability, dependability, resilience",0.9310798048973083
The system shall prevent malicious attacks including denial of service.,"not about reliability, dependability, resilience","not about reliability, dependability, resilience",0.9469420313835144
The product must comply with Sarbanes-Oxley.,"not about reliability, dependability, resilience","not about reliability, dependability, resilience",0.9266926050186157
The product shall comply with the estimatics laws relating to recycled parts usage.,"not about reliability, dependability, resilience","not about reliability, dependability, resilience",0.9162444472312927
The product shall comply with insurance regulations regarding claims processing.,"not about reliability, dependability, resilience","not about reliability, dependability, resilience",0.9300515651702881
 The product must work with most database management systems (DBMS) on the market  whether the DBMS is colocated with the product on the same machine or is located on a different machine on the computer network.,"not about reliability, dependability, resilience","not about reliability, dependability, resilience",0.8739318251609802
The product will function alongside server software on any operating system where the Java runtime can be installed.,"not about reliability, dependability, resilience","not about reliability, dependability, resilience",0.9158058762550354
The product will require collaboration with a database management system (DBMS).  The DBMS may be located on the same machine as the product or on a separate machine residing on the same computer network.,"not about reliability, dependability, resilience","not about reliability, dependability, resilience",0.8816511034965515
 The product must make use of web/application server technology.  Open source examples include Apache web server  Tomcat  and the JBoss application server.,"not about reliability, dependability, resilience","not about reliability, dependability, resilience",0.8898954391479492
 A database management system such as Oracle  DB2  MySql or HSQL will need to be integrated with the product.,"not about reliability, dependability, resilience","not about reliability, dependability, resilience",0.9128378629684448
 The product’s Look and Feel shall be able to incorporate aspects of the customer’s organization such as logo  branding  and identity,"not about reliability, dependability, resilience","not about reliability, dependability, resilience",0.8886847496032715
The product shall have a conservative and professional appearance.,"not about reliability, dependability, resilience","not about reliability, dependability, resilience",0.9335185289382935
The product shall make the users want to use it. 80% of the users surveyed report they are regularly using the product after the first 2 weeks post-launch.,"not about reliability, dependability, resilience","not about reliability, dependability, resilience",0.8793668746948242
The product shall be easy to use. 90% of users will be able to successfully reserve a conference room within 5 minutes of product use.,"not about reliability, dependability, resilience","not about reliability, dependability, resilience",0.8910870552062988
The product shall give users feedback when necessary. 80% of the users surveyed report that the product accurately confirms their actions.,"not about reliability, dependability, resilience","not about reliability, dependability, resilience",0.8942704200744629
The product shall allow the user to select a chosen language from one of the target market countries.,"not about reliability, dependability, resilience","not about reliability, dependability, resilience",0.9069259762763977
The product shall allow for customization of start page and views preferences.,"not about reliability, dependability, resilience","not about reliability, dependability, resilience",0.9232730865478516
 An employee will be able to successfully use the product within a few minutes.  After informally navigating the product for less than 15 minutes  users shall be able to successfully setup meetings and reserve conference rooms.,"not about reliability, dependability, resilience","not about reliability, dependability, resilience",0.8761178255081177
The product shall use a standard navigation menu familiar to most web users.,"not about reliability, dependability, resilience","not about reliability, dependability, resilience",0.9240467548370361
The product shall allow for intuitive searching of available conference rooms.,"not about reliability, dependability, resilience","not about reliability, dependability, resilience",0.9315440654754639
The product shall conform to the Americans with Disabilities Act.,"not about reliability, dependability, resilience","not about reliability, dependability, resilience",0.9303026795387268
The response shall be fast enough to avoid interrupting the user’s flow of thought.  90% of tasks shall complete within 5 seconds.  98% of tasks shall complete within 8 seconds.,"not about reliability, dependability, resilience","not about reliability, dependability, resilience",0.8802265524864197
 Aside from server failure  the software product shall achieve 99.99% up time.,"reliability, dependability, resilience","not about reliability, dependability, resilience",0.9069867134094238
The product shall create an exception log of problems encountered within the product for transmission to our company for analysis and resolution.,"not about reliability, dependability, resilience","not about reliability, dependability, resilience",0.8912364840507507
 The product shall be capable of handling up to 1 000 concurrent requests.  This number will increase to 2 000 by Release 2.  The concurrency capacity must be able to handle peak scheduling times such as early morning and late afternoon hours.,"not about reliability, dependability, resilience","not about reliability, dependability, resilience",0.8650789260864258
 The product shall be able to process 10 000 transactions per hour within two years of its launch.  This number will increase to 20 000 by Release 2.,"not about reliability, dependability, resilience","not about reliability, dependability, resilience",0.8900750875473022
The product shall be expected to operate for at least 5 years for each customer installation.,"not about reliability, dependability, resilience","not about reliability, dependability, resilience",0.9130702018737793
The product shall be used in office environments.,"not about reliability, dependability, resilience","not about reliability, dependability, resilience",0.9406917691230774
The product must be able to interface with any HTML browser.  The product shall transmit data between the user and the product without problems. The product shall display HTML properly in 80% of all HTML browsers tested (minimum is to test 8 browsers).,"not about reliability, dependability, resilience","not about reliability, dependability, resilience",0.8610252141952515
The product must be able to interface with various database management systems. The product shall communicate successfully with the database management system on 100% of all transactions.,"not about reliability, dependability, resilience","not about reliability, dependability, resilience",0.885772705078125
The product must be able to interface with various email servers. The product shall be able to send email.,"not about reliability, dependability, resilience","not about reliability, dependability, resilience",0.8981512784957886
The product shall be available for distribution via the Internet as a binary or ZIP file.,"not about reliability, dependability, resilience","not about reliability, dependability, resilience",0.9156039357185364
The product shall be available for distribution as a packaged CD.,"not about reliability, dependability, resilience","not about reliability, dependability, resilience",0.9327524304389954
 The product will be available for licensing as a one-server  two-five servers  or five-or-more servers license.,"not about reliability, dependability, resilience","not about reliability, dependability, resilience",0.889211118221283
A new user must be able to be added to the system within 10 minutes.  90% of new users are able to log into the system within 10 minutes.,"not about reliability, dependability, resilience","not about reliability, dependability, resilience",0.8793402314186096
The product must be designed using Design Patterns and coding best practices.  90% of maintenance software developers are able to integrate new functionality into the product with 2 working days.,"not about reliability, dependability, resilience","not about reliability, dependability, resilience",0.882413387298584
The product must be highly configurable for use with various database management systems for the end users.  80% of end users are able to integrate new database management systems with the product without changing the product’s software code.,"not about reliability, dependability, resilience","not about reliability, dependability, resilience",0.865706741809845
Maintenance releases will be offered to customers once a year.  The releases shall take no longer than 5 minutes for 80% of the customer base to install.,"not about reliability, dependability, resilience","not about reliability, dependability, resilience",0.8976221084594727
Every registered user will have access to the product’s support site via the Internet.  70% of registered users shall find a solution to their problem within 5 minutes of using the support site.,"not about reliability, dependability, resilience","not about reliability, dependability, resilience",0.8735573887825012
The customer shall be able to easily integrate new building maps with the product throughout the product’s lifecycle.  Integration of new maps with the product shall be possible with little to no support from product support staff.,"not about reliability, dependability, resilience","not about reliability, dependability, resilience",0.8670257925987244
 The product shall be translated into foreign languages other than the target market countries’ languages in future releases.  For each emerging target market  it shall take no more than 5 days to configure the product for that market’s language.,"not about reliability, dependability, resilience","not about reliability, dependability, resilience",0.8745104074478149
 The product is expected to integrate with multiple database management systems.  The product will operate with Oracle  SQL Server  DB2  MySQL  HSQL  and MS Access.,"not about reliability, dependability, resilience","not about reliability, dependability, resilience",0.8913945555686951
The product shall be able to be installed in any operating environment within 2 days.,"not about reliability, dependability, resilience","not about reliability, dependability, resilience",0.920100212097168
The product shall ensure that only company employees or external users with company-approved user IDs may have product access.  100% of all logons shall be by either company employees or external users with company-approved user IDs.,"not about reliability, dependability, resilience","not about reliability, dependability, resilience",0.8710500597953796
Only managers are able to perform search queries for reservations by user.  100% of all search queries for reservations by user shall be from logons of only management logons.,"not about reliability, dependability, resilience","not about reliability, dependability, resilience",0.8784379959106445
The product shall ensure that the database’s data corresponds to the data entered by the user.  Each conference room reservation in the system will contain the same information as was entered by the user.,"not about reliability, dependability, resilience","not about reliability, dependability, resilience",0.8668948411941528
The product shall prevent the input of malicious data.  The product and/or adjacent hardware/software systems’ data shall remain 100% uncorrupted each time malicious data is input into the product.,"not about reliability, dependability, resilience","not about reliability, dependability, resilience",0.87262362241745
The product and/or dependent databases/filesystems shall remain operational as a result of the input of malicious data.  The product and/or dependent databases/filesystems shall not crash 100% of the time that malicious data is input into the product.,"not about reliability, dependability, resilience","not about reliability, dependability, resilience",0.8695431351661682
The product shall have the ability to receive automatic software updates as new threats emerge.  100% of customers will be able to receive automatic software updates transmitted to the installed product.,"not about reliability, dependability, resilience","not about reliability, dependability, resilience",0.8769136667251587
The language of the product shall accommodate all of the target market countries. 90% of survey respondents from each target market country will find that the language of the product is acceptable.,"not about reliability, dependability, resilience","not about reliability, dependability, resilience",0.879406750202179
The product shall be able to display calendar dates and times according to the user’s locale.  90% of survey respondents from each target market country will find that the date and time formatting of the product is correct.,"not about reliability, dependability, resilience","not about reliability, dependability, resilience",0.8731501698493958
The product must be developed with the J2SE/J2EE programming language libraries,"not about reliability, dependability, resilience","not about reliability, dependability, resilience",0.9277733564376831
Recreation of Inventory Quantity Adjustment for the period of previous 30 days shall take no more than 30min.,"not about reliability, dependability, resilience","not about reliability, dependability, resilience",0.9009372591972351
The System shall allow for a minimum of  6 users to work at the same time.,"not about reliability, dependability, resilience","not about reliability, dependability, resilience",0.9151531457901001
The System shall utilize currently owned computer equipment.,"not about reliability, dependability, resilience","not about reliability, dependability, resilience",0.9346290826797485
The System shall be able to automatically backup business data and restore them on demand.,"not about reliability, dependability, resilience","not about reliability, dependability, resilience",0.9171891212463379
The System shall maintain consistent security.  Any changes in user passwords and/or permissions should take affect in all parts of the System.,"not about reliability, dependability, resilience","not about reliability, dependability, resilience",0.8900320529937744
The System shall granularly control access rights to all major subsystems.  It should be possible to assign access rights to all subsystems independently.,"not about reliability, dependability, resilience","not about reliability, dependability, resilience",0.884343683719635
The System shall meet all applicable accounting standards.  The final version of the System must successfully pass independent audit performed by a certified auditor.,"not about reliability, dependability, resilience","not about reliability, dependability, resilience",0.8964000940322876
The System shall not require additional third party licenses resulting in royalty fees.,"not about reliability, dependability, resilience","not about reliability, dependability, resilience",0.9261552691459656
Administrator shall be able to activate a pre-paid card via the Administration section in under 5 seconds.,"not about reliability, dependability, resilience","not about reliability, dependability, resilience",0.8968746066093445
 Customer shall be able to check the status of their prepaid card  by entering in the PIN number  in under 5 seconds.,"not about reliability, dependability, resilience","not about reliability, dependability, resilience",0.8951124548912048
System shall let customers register on the website as a “pay as you go” user in under 5 minutes.,"not about reliability, dependability, resilience","not about reliability, dependability, resilience",0.8960171937942505
System shall let customers register on the website as a “unlimited movie subscriber” user in under 10 minutes.,"not about reliability, dependability, resilience","not about reliability, dependability, resilience",0.9021139740943909
System shall let existing customers log into the website with their email address and password in under 5 seconds.,"not about reliability, dependability, resilience","not about reliability, dependability, resilience",0.9051202535629272
 System shall let customers cancel their account  process shall take no longer than 2 minutes.  Database will mark the account as inactive  and user will not be able to log into the website.,"not about reliability, dependability, resilience","not about reliability, dependability, resilience",0.8871119618415833
System shall let administrator de-activate a customer account in under 1 minute. Customer will no longer be able to access the website.,"not about reliability, dependability, resilience","not about reliability, dependability, resilience",0.8955499529838562
System shall let administrator add/remove movies on the website in under 5 minutes.  Entered movie information will be stored in the database and will now be available on the website.,"not about reliability, dependability, resilience","not about reliability, dependability, resilience",0.8846035003662109
System shall let the administrator add/remove categories on the website in under 5 minutes.,"not about reliability, dependability, resilience","not about reliability, dependability, resilience",0.906760036945343
System shall let Izogn Manager access sales and usage statistics in under 2 minutes.,"not about reliability, dependability, resilience","not about reliability, dependability, resilience",0.9177887439727783
System shall let administrators generate unique pre-paid pins in under 2 minutes and generate an Excel file with the generated PINs.,"not about reliability, dependability, resilience","not about reliability, dependability, resilience",0.8921430110931396
The website shall be attractive to all audiences.  The website shall appear to be fun and the colors should be bright and vibrant.,"not about reliability, dependability, resilience","not about reliability, dependability, resilience",0.883378267288208
 The website should have an African feel  but should not alienate non-Africans.  The website should use animation on pages which are describing the services  to grab the users attention and encourage them to sign up.,"not about reliability, dependability, resilience","not about reliability, dependability, resilience",0.8763368725776672
 The website design should be modern  clean  and concise.,"not about reliability, dependability, resilience","not about reliability, dependability, resilience",0.9404990673065186
The product should be able to be used by 90% of novice users on the Internet.,"not about reliability, dependability, resilience","not about reliability, dependability, resilience",0.9084277749061584
 Users should only have to navigate through a maximum of 4 pages  to create an account with the website.,"not about reliability, dependability, resilience","not about reliability, dependability, resilience",0.9037653207778931
Users should be able to access their streaming movies in under 2 clicks after logging into the website.,"not about reliability, dependability, resilience","not about reliability, dependability, resilience",0.9077128171920776
An anonymous survey will show that 70% of customers are comfortable purchasing streaming movies after 2 weeks using the website.,"not about reliability, dependability, resilience","not about reliability, dependability, resilience",0.9065454602241516
An anonymous survey will show that 95% of customers are comfortable using and purchasing pre-paid cards after a month of using the system.,"not about reliability, dependability, resilience","not about reliability, dependability, resilience",0.895472526550293
The product shall retain the customer’s buying preferences and information.,"not about reliability, dependability, resilience","not about reliability, dependability, resilience",0.9288028478622437
The product shall be easy for customers with novice skills on the  Internet to purchase and watch streaming movies.  Customers should be able to purchase and watch a pre-determined movie in under 3 minutes.,"not about reliability, dependability, resilience","not about reliability, dependability, resilience",0.8699964880943298
The product shall use symbols and words that are naturally understandable by users familiar with websites,"not about reliability, dependability, resilience","not about reliability, dependability, resilience",0.9246286153793335
The website will use standard Internet conventions when interacting with the user.,"not about reliability, dependability, resilience","not about reliability, dependability, resilience",0.9284422397613525
 Any interface between a user and the automated system shall have a maximum response time of 5 seconds  unless noted by an exception below.,"not about reliability, dependability, resilience","not about reliability, dependability, resilience",0.8925718069076538
 When purchasing a streaming movie or pre-paid card via credit card  the processing time should have a maximum response time of 15 seconds.,"not about reliability, dependability, resilience","not about reliability, dependability, resilience",0.8931527733802795
 When streaming a movie  the buffering time should take no longer than 10 seconds (plus any latency on the user’s connection.),"not about reliability, dependability, resilience","not about reliability, dependability, resilience",0.9038456678390503
 While streaming a movie  buffering should only occur if there is latency in the user’s connection.,"not about reliability, dependability, resilience","not about reliability, dependability, resilience",0.911809504032135
 All credit card information will be secured on the server  and only accessible by authorized Izogn administrators.  Information will be encrypted in the database.,"not about reliability, dependability, resilience","not about reliability, dependability, resilience",0.8863071203231812
 The website shall be available for use 24 hours per day  365 days per year.,"reliability, dependability, resilience","not about reliability, dependability, resilience",0.9171658754348755
The website shall achieve 99.5% up time.,"reliability, dependability, resilience","not about reliability, dependability, resilience",0.926124632358551
 All movies shall be streamed on demand  at any time of the day.,"reliability, dependability, resilience","not about reliability, dependability, resilience",0.9336386322975159
The website shall continue to operate if the streaming server goes down.,"not about reliability, dependability, resilience","not about reliability, dependability, resilience",0.9252581596374512
The website shall continue to operate if the payment gateway goes down.,"not about reliability, dependability, resilience","not about reliability, dependability, resilience",0.9287329912185669
The streaming server will support 50 simultaneous streaming connections.,"not about reliability, dependability, resilience","not about reliability, dependability, resilience",0.9335394501686096
The streaming server will support a maximum of 700 movies  new servers can be added to support more movies.,"not about reliability, dependability, resilience","not about reliability, dependability, resilience",0.906899094581604
 The server will support a maximum of 1 000 simultaneous users.,"not about reliability, dependability, resilience","not about reliability, dependability, resilience",0.9345287680625916
 The website shall be capable of supporting 100 000 customers.,"not about reliability, dependability, resilience","not about reliability, dependability, resilience",0.9328353404998779
The product shall be expected to operate within the maximum maintenance budget for a minimum of 2 years.,"not about reliability, dependability, resilience","not about reliability, dependability, resilience",0.9107984304428101
All aspects of the website shall be accessed by a web browser over the Internet.,"not about reliability, dependability, resilience","not about reliability, dependability, resilience",0.912562370300293
The same hardware supporting the current website will be used to support the new system.,"not about reliability, dependability, resilience","not about reliability, dependability, resilience",0.9151909351348877
 We must be able to interface with the following browsers: IE 5.X  6.0  Netscape 6.x  7.x  8.x and Firefox 1.0.,"not about reliability, dependability, resilience","not about reliability, dependability, resilience",0.872948408126831
Website must interface with the CyberSource API to process credit card transactions.,"not about reliability, dependability, resilience","not about reliability, dependability, resilience",0.927708089351654
Website must be fully operational with MSN TV2.,"not about reliability, dependability, resilience","not about reliability, dependability, resilience",0.933273196220398
Movies shall be encoded and streamed via Windows Media Player 9.0.,"not about reliability, dependability, resilience","not about reliability, dependability, resilience",0.9182846546173096
Movies shall be encoded for 56k and 256k streams.,"not about reliability, dependability, resilience","not about reliability, dependability, resilience",0.9280658960342407
Promotional updates to the website should take a day to update.,"not about reliability, dependability, resilience","not about reliability, dependability, resilience",0.9193580746650696
Izogn Administrator must be able to update the category listings on the website within 2 minutes.,"not about reliability, dependability, resilience","not about reliability, dependability, resilience",0.9071730971336365
Izogn Administrator must be able to add new products to the website within 2 minutes.,"not about reliability, dependability, resilience","not about reliability, dependability, resilience",0.9100924730300903
The system will provide a 24 hour 800 toll free number for support to its customers.,"reliability, dependability, resilience","not about reliability, dependability, resilience",0.9219703674316406
The website will provide a help section with answers and solutions to common problems.,"not about reliability, dependability, resilience","not about reliability, dependability, resilience",0.919520914554596
 Velkat staff will be available for phone support between 7am-7pm  M-F to provide technical support to the Izogn administrators.,"reliability, dependability, resilience","not about reliability, dependability, resilience",0.8938892483711243
The product shall be able to be installed in the specified environment within 1 working day.,"not about reliability, dependability, resilience","not about reliability, dependability, resilience",0.9072214961051941
Only registered customers can purchase streaming movies.,"not about reliability, dependability, resilience","reliability, dependability, resilience",0.9353870153427124
 A customer can only stream a movie if they purchased it  and are within the 2 day viewing period.,"not about reliability, dependability, resilience","not about reliability, dependability, resilience",0.9106767177581787
Only authorized personnel can access customer records in the database.,"not about reliability, dependability, resilience","not about reliability, dependability, resilience",0.928307294845581
Only administrators can activate a pre-paid card.,"not about reliability, dependability, resilience","not about reliability, dependability, resilience",0.9258036613464355
Only authorized personnel can access sales information.,"not about reliability, dependability, resilience","not about reliability, dependability, resilience",0.9273129105567932
The website shall prevent its data from being corrupted when incorrect data is entered in.,"not about reliability, dependability, resilience","not about reliability, dependability, resilience",0.9160723686218262
 The website shall protect itself from intentional abuse  and notify the administrator at all occurrences.,"not about reliability, dependability, resilience","not about reliability, dependability, resilience",0.9180034399032593
Data integrity scripts will be run on a weekly basis to verify the integrity of the database.,"not about reliability, dependability, resilience","not about reliability, dependability, resilience",0.9090660214424133
 The website shall make its user aware of its information practices before collection data from them via a Privacy Policy  accessible on all pages of the website.,"not about reliability, dependability, resilience","not about reliability, dependability, resilience",0.8967261910438538
The system shall notify customers of changes to its information policy.,"not about reliability, dependability, resilience","not about reliability, dependability, resilience",0.9276646375656128
The system shall reveal private information only in compliance with the organization’s information policy.,"not about reliability, dependability, resilience","not about reliability, dependability, resilience",0.9045162200927734
 All customer information will be stored on a secure database  accessible only to authorized personnel.,"not about reliability, dependability, resilience","not about reliability, dependability, resilience",0.9216828942298889
All credit card information will be encrypted in the database.,"not about reliability, dependability, resilience","not about reliability, dependability, resilience",0.929814875125885
The streaming server will have anti-virus software to prevent infection of malicious viruses.,"not about reliability, dependability, resilience","not about reliability, dependability, resilience",0.9159732460975647
The website should cater to all tribes in Nigeria.,"not about reliability, dependability, resilience","not about reliability, dependability, resilience",0.9222772717475891
The website shall not be offensive to religious or ethnic groups.,"not about reliability, dependability, resilience","not about reliability, dependability, resilience",0.9372482895851135
 The website should appeal to all Africans  not only Nigerians.,"not about reliability, dependability, resilience","not about reliability, dependability, resilience",0.9252434968948364
The website should use Flash to provide animation on the home page.,"not about reliability, dependability, resilience","not about reliability, dependability, resilience",0.9236394166946411
IzognMovies shall meet the licensing requirements set forth by the appropriate organizations in order to stream African movies.,"not about reliability, dependability, resilience","not about reliability, dependability, resilience",0.9010390043258667
The website will comply with W3C standards.,"not about reliability, dependability, resilience","not about reliability, dependability, resilience",0.9334649443626404
The PHP code will comply with PEAR standards.,"not about reliability, dependability, resilience","not about reliability, dependability, resilience",0.9399148225784302
Total lead cycle time must be completed in 5 minutes for 90% of lead volume between the business hours of 8AM CST to 8PM CST  then 3 minutes for 99% of lead volume during off business hours.,"not about reliability, dependability, resilience","not about reliability, dependability, resilience",0.8717564344406128
No lead evaluation will complete in a time period longer than 25 seconds for 97% of all leads processed.,"not about reliability, dependability, resilience","not about reliability, dependability, resilience",0.9091461300849915
For leads that process longer than 25 seconds the system will record the event and duration,"not about reliability, dependability, resilience","not about reliability, dependability, resilience",0.918840229511261
The process must fit within the processing time conditions set forth by the Auto Rep Assignment process in which a lead is assigned within 3 minutes of the total life cycle.,"not about reliability, dependability, resilience","not about reliability, dependability, resilience",0.8870947360992432
The lead washing process will operate within the established physical web service structure.,"not about reliability, dependability, resilience","not about reliability, dependability, resilience",0.9253054857254028
 The washing process must use a non binding  neutral data format  such as xml  when receiving and processing lead data.,"not about reliability, dependability, resilience","not about reliability, dependability, resilience",0.9011262059211731
Defect reports will be available to technical units on a 24x7 basis.,"reliability, dependability, resilience","not about reliability, dependability, resilience",0.933210551738739
Washing parameters will be updated during scheduled maintenance hours.,"not about reliability, dependability, resilience","not about reliability, dependability, resilience",0.9412739276885986
The product shall simulate the look of ships at sea.,"not about reliability, dependability, resilience","not about reliability, dependability, resilience",0.9323036074638367
The product shall display the grids within a circle as a view from a periscope.,"not about reliability, dependability, resilience","not about reliability, dependability, resilience",0.9154859781265259
The product shall display each type of ship in a grid using an image of the specific type of ship.,"not about reliability, dependability, resilience","not about reliability, dependability, resilience",0.8992346525192261
 When the offensive player takes a shot  the product shall simulate the sound of a ship at sea.,"not about reliability, dependability, resilience","not about reliability, dependability, resilience",0.8960865139961243
 When a shot is marked as a miss  the product shall simulate the sound of a shot missing its target.,"not about reliability, dependability, resilience","not about reliability, dependability, resilience",0.8956841230392456
 When a shot is marked as a hit  the product shall simulate the sound of a shot hitting its target.,"not about reliability, dependability, resilience","not about reliability, dependability, resilience",0.8961061835289001
 When a ship is sunk  the product shall simulate the sound of a sinking ship.,"not about reliability, dependability, resilience","not about reliability, dependability, resilience",0.9011013507843018
 The product shall be available 24 hours per day  seven days per week.,"reliability, dependability, resilience","not about reliability, dependability, resilience",0.9273089170455933
The product shall able to handle a large number of games simultaneously.,"not about reliability, dependability, resilience","not about reliability, dependability, resilience",0.9292485117912292
The response time shall be fast enough to maintain the flow of the game.  The response time shall be no more than 2 seconds for 95% of responses and no more than 4% for the remaining responses.,"not about reliability, dependability, resilience","not about reliability, dependability, resilience",0.8787472248077393
The product shall protect the identity of the players. The product shall provide players no access to information that might reveal the identity of another player.,"not about reliability, dependability, resilience","not about reliability, dependability, resilience",0.8896231651306152
The product shall be intuitive and self-explanatory.  Nine out ten users shall be able to successfully complete a game with no training.,"not about reliability, dependability, resilience","not about reliability, dependability, resilience",0.892654299736023
 The product shall be available to players who understand English  Spanish and French.  The product shall allow the user to select the language upon accessing the product.,"not about reliability, dependability, resilience","not about reliability, dependability, resilience",0.883317768573761
The product shall provide players no access to information that might reveal the identity of another player,"not about reliability, dependability, resilience","not about reliability, dependability, resilience",0.9096816778182983
The response time shall be fast enough to maintain the flow of the game. The response time shall be no more than 2 seconds for 95% of responses and no more than 4% for the remaining responses.,"not about reliability, dependability, resilience","not about reliability, dependability, resilience",0.8787472248077393
The system shall be easy to use by callers and supervisors. Callers and supervisors must be able to accomplish any system task within 2 minutes.,"not about reliability, dependability, resilience","not about reliability, dependability, resilience",0.8846643567085266
The system shall be easy to learn by callers and supervisors. Callers and supervisors shall learn how to use the system within 10 minutes.,"not about reliability, dependability, resilience","not about reliability, dependability, resilience",0.8834965229034424
 The system shall be responsive. At the DePaul TeleServices Center  when a supervisor uses the system to view a callers schedule  the system response time must be no more than 2 seconds 90% of the time and no more than 5 seconds the rest of the time.,"not about reliability, dependability, resilience","not about reliability, dependability, resilience",0.858907163143158
 On a 56k connection  the system response time for all operations must be no more than 6 seconds 90% of the time.,"not about reliability, dependability, resilience","not about reliability, dependability, resilience",0.8938284516334534
 On a 112k connection or faster  the system response time for all operations must be no more than 3 seconds 90% of the time.,"not about reliability, dependability, resilience","not about reliability, dependability, resilience",0.8922537565231323
The system shall have high availability every day of the year.The system must be available for use between 12:00AM and 6:00PM all days of the year.,"reliability, dependability, resilience","not about reliability, dependability, resilience",0.885125994682312
The system must be available for use between 7:00AM and 11:59PM all days of the year.,"reliability, dependability, resilience","not about reliability, dependability, resilience",0.9106418490409851
The product shall be internet browser independent.The product must run using Internet Explorer and Netscape Navigator.,"not about reliability, dependability, resilience","not about reliability, dependability, resilience",0.9070093631744385
The product shall ensure that only supervisors can advertise empty time slots.The product must ensure that supervisors are allowed to access advertise empty time slots.,"not about reliability, dependability, resilience","not about reliability, dependability, resilience",0.8837001323699951
The product shall ensure that only supervisors can enter a caller’s schedule.The product must ensure that supervisors are allowed to access advertise empty time slots.,"not about reliability, dependability, resilience","not about reliability, dependability, resilience",0.8885864615440369
The product shall ensure that only supervisors can view schedule of all callers.The product must ensure that supervisors are allowed to access advertise empty time slots.,"not about reliability, dependability, resilience","not about reliability, dependability, resilience",0.8871919512748718
 The interface shall have a simple look. In the interface and usability survey  90% of beta testers must report that the interface is adequately simple.,"not about reliability, dependability, resilience","not about reliability, dependability, resilience",0.8966408967971802
 The interface shall be appealing to callers and supervisors. In the interface and usability survey  80% of beta testers must report that the interface is appealing.,"not about reliability, dependability, resilience","not about reliability, dependability, resilience",0.8968322277069092
The product shall provide GUI based Monitoring Services.System Administrators shall monitor message exchanges will predict and determine problems and will also provide internal and external support.,"not about reliability, dependability, resilience","not about reliability, dependability, resilience",0.888070821762085
The product shall comply with City of Chicago Application Development Guide Framework.Application Development Framework will provide structured Graphical User Interface.,"not about reliability, dependability, resilience","not about reliability, dependability, resilience",0.8933805823326111
The product shall provide Monitoring Services.The product shall be easy for System Administrators and DBAs to use after two weeks of usage.,"not about reliability, dependability, resilience","not about reliability, dependability, resilience",0.895588219165802
The product shall provide Error Tracking Services.The product shall help the System Administrators and DBAs to resolve transaction errors 99% of the time.,"not about reliability, dependability, resilience","not about reliability, dependability, resilience",0.8907021284103394
The product shall provide Portals.The product shall help System Administrators to analyze the transactions with ad-hoc reporting and KPIs (Key Performance Indicators),"not about reliability, dependability, resilience","not about reliability, dependability, resilience",0.8802825808525085
The product shall provide Asynchronous Messaging.The product shall provide asynchronous messaging to enable parallel processing and reduce the overhead in communications,"not about reliability, dependability, resilience","not about reliability, dependability, resilience",0.8914619088172913
The product shall provide Multi-threading and Load Balancing.The product shall provide multi-threading technology as well as load balancing to overcome data load spikes and traffic.,"not about reliability, dependability, resilience","not about reliability, dependability, resilience",0.8760614395141602
The product shall process messages within 2 seconds.The product shall have a maximum message processing time of 2 seconds,"not about reliability, dependability, resilience","not about reliability, dependability, resilience",0.9050348401069641
The product shall poll the system for messages every second.The product shall poll the system for new messages at a maximum of every 1 second.,"not about reliability, dependability, resilience","not about reliability, dependability, resilience",0.8835752606391907
The product shall provide Dynamic Change Support and Transparent resource addition.The product shall support Transparent Resource addition and Dynamic Change support to provide scalability and avoid service interruptions of more than 1 day.,"not about reliability, dependability, resilience","not about reliability, dependability, resilience",0.8688135743141174
The product shall be available 99% of the time. Rationale: To avoid service interruption during busiest customer service response periods. The product shall be available 99.99% of the time for regular business days.,"reliability, dependability, resilience","not about reliability, dependability, resilience",0.8783614635467529
The product shall be robust.The product shall have fault avoidance based on standards adoption.,"not about reliability, dependability, resilience","not about reliability, dependability, resilience",0.9028674960136414
The product shall be robust with fault tolerance.The product shall have fault tolerance by using recovery technique compensatory transaction and routing around failures.,"not about reliability, dependability, resilience","not about reliability, dependability, resilience",0.8912674784660339
The product shall be able to process all transactions.The product shall process minimum of 1 million transactions per year.,"not about reliability, dependability, resilience","not about reliability, dependability, resilience",0.8922025561332703
The product shall be platform independent.The product shall enable access to any type of development environment and platform.,"not about reliability, dependability, resilience","not about reliability, dependability, resilience",0.8930624723434448
The product shall interface CSR and Datastream.The product shall exchange messages between CSR and EAM on a real time basis without any direct interfaces between two systems.,"not about reliability, dependability, resilience","not about reliability, dependability, resilience",0.8857725858688354
 : The product shall continue to operate during upgrade  change or new resource addition.The product shall be able to continue to operate with no interruption in service due to new resource additions.,"not about reliability, dependability, resilience","not about reliability, dependability, resilience",0.8753190636634827
The product shall be updated on a regular basis.The product will have a new major feature introduced every six months and quarterly maintenance releases every six months.,"not about reliability, dependability, resilience","not about reliability, dependability, resilience",0.8883697390556335
The product shall operate with every platform.The product shall accommodate any new technology without any change in its architecture.,"not about reliability, dependability, resilience","not about reliability, dependability, resilience",0.8960999250411987
 The product shall have security.The product shall provide authentication  and authorization.,"not about reliability, dependability, resilience","not about reliability, dependability, resilience",0.9131599068641663
The product shall information Security. The product shall enable privacy by encryption WS-Security and Integrity Checking.,"not about reliability, dependability, resilience","not about reliability, dependability, resilience",0.9033539891242981
The product shall have audit capabilities.The product shall store messages for a minimum of one year for audit and transaction tracking purposes.,"not about reliability, dependability, resilience","not about reliability, dependability, resilience",0.8898188471794128
The system shall use IBM and CCR branding standards. The interface must have one IBM logo and one CCR logo.,"not about reliability, dependability, resilience","not about reliability, dependability, resilience",0.8876489996910095
The system shall be displayable on any work computer a CCR user may have. The system interface shall be formatted to display at 800 by 600 pixel resolution.,"not about reliability, dependability, resilience","not about reliability, dependability, resilience",0.8954122066497803
The system interface will use CCR nomenclature. The system must use the same nomenclature used in the existing WCS system and reports,"not about reliability, dependability, resilience","not about reliability, dependability, resilience",0.8947515487670898
The interface must summarize the data in a fashion that’s appealing to CCR management. Every report type must have at least one high level summary shown in the results dashboard/interface,"not about reliability, dependability, resilience","not about reliability, dependability, resilience",0.8816628456115723
The system must use a point and click interface. 100% of all selection and navigation functionality must be able to be activated/selected by either a mouse or a keyboard,"not about reliability, dependability, resilience","not about reliability, dependability, resilience",0.8878943920135498
The interface shall be easy to use. 90% of users should be able to successfully use the system to generate a report on their first use. The interface should adhere to IBM usability standards.,"not about reliability, dependability, resilience","not about reliability, dependability, resilience",0.8761352896690369
Rreports must be easy to generate. eports must be generated within one button click and exported within one button click (after selecting the report),"not about reliability, dependability, resilience","not about reliability, dependability, resilience",0.8926794528961182
A user shall be able to use the system without instruction after a short amount of time. After one use a user should understand and remember 90% of the system usage and navigation.,"not about reliability, dependability, resilience","not about reliability, dependability, resilience",0.8737130165100098
All CCR users shall receive training before the WCS system is deployed. One training session will be held for 100% of CCR users before system deployment (based on a CCR user being available),"not about reliability, dependability, resilience","not about reliability, dependability, resilience",0.881357729434967
The WCS system shall use appropriate nomenclature and terminology as defined by the Corporate Community Grants organization. All interfaces and reports will undergo usability tests by CCR users.,"not about reliability, dependability, resilience","not about reliability, dependability, resilience",0.891893208026886
The WCS system shall be available at all times as long as IBM’s internal intranet W3 is accessible. The WCS system will be available 95% of the time IBM’s internal intranet W3 is available.,"reliability, dependability, resilience","not about reliability, dependability, resilience",0.8770728707313538
The WCS system shall have the ability to connect other designated WCS databases currently not included in the system.,"not about reliability, dependability, resilience","not about reliability, dependability, resilience",0.8978180885314941
The WCS system shall have the ability to include data for regions outside the United States and be accessed by users outside of the United States if approved by CCR management.,"not about reliability, dependability, resilience","not about reliability, dependability, resilience",0.8845434188842773
The WCS system shall be run in a Windows environment. The WCS shall be accessed by users through the Internet on an IBM computer running a Windows 2000 or above operating system.,"not about reliability, dependability, resilience","not about reliability, dependability, resilience",0.8860702514648438
The Brio portion of the WCS system must be able to export files in spreadsheet form (Microsoft Excel and Lotus 1-2-3 formats).  Brio will provide buttons in the user interface that produce/export reports in .xls or .123 file formats.,"not about reliability, dependability, resilience","not about reliability, dependability, resilience",0.865912675857544
The WCS system must run queries to the WCS databases once again (on a specified day) to update the available data available to CCR users. Queries must be made to external databases for data refresh once a week.,"not about reliability, dependability, resilience","not about reliability, dependability, resilience",0.8703392744064331
 All changes  updates  and additions to the WCS system shall be updated in the WCS Developer and WCS User Guides. Every change must be reflected in WCS system documentation,"not about reliability, dependability, resilience","not about reliability, dependability, resilience",0.8674371838569641
The system shall only be accessed by authorized Corporate Community Grants (CCR) employees. Users must be authenticated using their IBM intranet user name and password.,"not about reliability, dependability, resilience","not about reliability, dependability, resilience",0.8914118409156799
The WCS system shall not allow automatic logins by any user. Cookies containing WCS login information about a user will not be stored on a user’s computer.,"not about reliability, dependability, resilience","not about reliability, dependability, resilience",0.8967300057411194
Each team owner will need to use a username and password in order to be authenticated to reach the team owner’s page,"not about reliability, dependability, resilience","not about reliability, dependability, resilience",0.8844660520553589
The Commissioner will be the only authorized user per league to adjust league settings.,"not about reliability, dependability, resilience","not about reliability, dependability, resilience",0.918303906917572
Each page shall contain a navigation menu which shows the index into which the current page is contained.,"not about reliability, dependability, resilience","not about reliability, dependability, resilience",0.9027540683746338
Each page shall contain a similar format with action items in one location and navigation buttons in a different location.,"not about reliability, dependability, resilience","not about reliability, dependability, resilience",0.8942272067070007
The message board shall contain the 5 most recently posted messages on the league page. The messages will contain up to the first 150 characters of the message.,"not about reliability, dependability, resilience","not about reliability, dependability, resilience",0.8929800987243652
;A new user shall be able to navigate through the league and team pages within 30 seconds of reaching the start-up page.,"not about reliability, dependability, resilience","not about reliability, dependability, resilience",0.8974488377571106
Users shall be able to reach the ‘add’  ‘drop’  and ‘trade player’ pages with one click from the team owner’s page.,"not about reliability, dependability, resilience","not about reliability, dependability, resilience",0.8866697549819946
;Users shall be able to view at least 25 NFL player statistics and points on each page.,"not about reliability, dependability, resilience","not about reliability, dependability, resilience",0.9022448062896729
The application shall ask the user to confirm dropping a player or trading a player before performing the action.,"not about reliability, dependability, resilience","not about reliability, dependability, resilience",0.9056189656257629
The application shall be able to complete every user transaction within one fourth of a second of receiving the request over the network.,"not about reliability, dependability, resilience","not about reliability, dependability, resilience",0.899612545967102
The application shall have a downtime of at most 10 minutes per year.,"reliability, dependability, resilience","not about reliability, dependability, resilience",0.9193770885467529
The application shall run on a web application server.,"not about reliability, dependability, resilience","not about reliability, dependability, resilience",0.9267238974571228
A primary database will be used to store cached data for active users.,"not about reliability, dependability, resilience","not about reliability, dependability, resilience",0.9311763048171997
A secondary database will be used to store historical statistics and data.,"not about reliability, dependability, resilience","not about reliability, dependability, resilience",0.9301287531852722
Application updates shall occur between 3AM and 6 AM CST on Wednesday morning during the middle of the NFL season.,"not about reliability, dependability, resilience","not about reliability, dependability, resilience",0.8974456787109375
New System version releases shall be released at the beginning of each NFL season.,"not about reliability, dependability, resilience","not about reliability, dependability, resilience",0.9247410297393799
The RFS system should be available 24/7  especially during the budgeting period. The RFS system shall be available 90% of the time all year  and 98% during the budgeting period. 2% of the time  the system will become available within 1 hour of the time that the situation is reported.,"reliability, dependability, resilience","not about reliability, dependability, resilience",0.8507734537124634
98% of the user workstations shall meet the minimum hardware requirements prior to implementation. Minimum Hard Disk Space:  400MB.,"not about reliability, dependability, resilience","not about reliability, dependability, resilience",0.9013383388519287
98% of the user workstations shall meet the minimum software requirements prior to implementation: Microsoft Internet Explorer 5.0. Microsoft .NET Framework 1.1. Microsoft Internet Explorer Web Controls,"not about reliability, dependability, resilience","not about reliability, dependability, resilience",0.8761225938796997
The RFS system should be able to easily interface with the BDW environment  in order to load the data. •;7 data files shall be received from the BDW and loaded into the RFS system within 3 hours one day prior to the start of budgeting process  every year. The data will be as of October month-end. ;Test files (7) shall be loaded up to 5 times throughout the year  from the BDW.,"not about reliability, dependability, resilience","not about reliability, dependability, resilience",0.8429809212684631
Changes to revenue and expense formulae must be applied to the RFS system  every year  prior to the budgeting process start. Revenue and expense formulae will be updated within one week of their receipt  after which 2 weeks will be allotted to testing of the budget calculations  to be conducted jointly by the project development team and PCG Finance.,"not about reliability, dependability, resilience","not about reliability, dependability, resilience",0.8511959910392761
New branches/complexes/districts/regions and revenue/expense accounts added to the BDW  must be reflected in the RFS system. 100% of the entities (mentioned above) available as of October month-end  will be loaded into the RFS system  prior to the budget start process.,"not about reliability, dependability, resilience","not about reliability, dependability, resilience",0.8554915189743042
Only authorized user shall access the RFS system. ONLY users that exist in the UAS system  with the RFS system assigned to their role(s)  shall access the RFS system and use it.,"not about reliability, dependability, resilience","not about reliability, dependability, resilience",0.8521277904510498
;User access should be limited to the permissions granted to their role(s) Each level in the PCG hierarchy will be assigned a role and users will be assigned to these roles. Access to functionality within RFS system is dependent on the privileges/permission assigned to the role..,"not about reliability, dependability, resilience","not about reliability, dependability, resilience",0.8587895035743713
The product must comply with the intranet page standards and requirements of ENET Securities. 95% of the product look & feel will be approved by the Architecture group  prior to implementation. The remaining 5% will be corrected and approved within one month of product release.,"not about reliability, dependability, resilience","not about reliability, dependability, resilience",0.8653422594070435
 The intranet pages should display appropriately in all resolutions  from 800x600 and higher. The display of all the pages will be correct in 95% of the resolutions  prior to implementation. The remaining 5% will be corrected within a week of notification of the incorrect display.,"not about reliability, dependability, resilience","not about reliability, dependability, resilience",0.8708118200302124
The users should be able to easily use the system to successfully complete their budgets  within the stipulated time for completion. With a week of training prior to product implementation  98% of the users shall complete their budgets within the stipulated time.,"not about reliability, dependability, resilience","not about reliability, dependability, resilience",0.8715753555297852
The product interface should be fast. The response time of the product interface should not exceed 2 seconds 90% of the time. For 10% of the time  the response time should not be more than 10 seconds.not be more than 10 seconds.,"not about reliability, dependability, resilience","not about reliability, dependability, resilience",0.8659340739250183
