Requirement text,Gold label,Predicated label,ZSL score
The system shall refresh the display every 60 seconds.,not about availability,availability,0.14744560420513153
The application shall match the color of the schema set forth by Department of Homeland Security,not about availability,availability,0.28313055634498596
 If projected  the data must be readable.  On a 10x10 projection screen  90% of viewers must be able to read Event / Activity data from a viewing distance of 30,not about availability,availability,0.23818038403987885
 The product shall be available during normal business hours. As long as the user has access to the client PC  the system will be available 99% of the time during the first six months of operation.,availability,availability,0.230542853474617
 If projected  the data must be understandable. On a 10x10 projection screen  90% of viewers must be able to determine that Events or Activities are occuring in current time from a viewing distance of 100,not about availability,availability,0.2923935651779175
The product shall ensure that it can only be accessed by authorized users.  The product will be able to distinguish between authorized and unauthorized users in all access attempts,not about availability,availability,0.27076655626296997
The product shall be intuitive and self-explanatory.  :  90% of new users shall be able to start the display of Events or Activities within 90 minutes of using the product.,not about availability,availability,0.39351773262023926
The product shall respond fast to keep up-to-date data in the display.,not about availability,availability,0.3607217073440552
The look and feel of the system shall conform to the user interface standards of the smart device.,not about availability,availability,0.32245588302612305
 The user interface shall have standard menus  buttons for navigation,not about availability,availability,0.29813840985298157
The system shall have a professional appearance,not about availability,availability,0.4014747440814972
The product shall have a consistent color scheme and fonts.,not about availability,availability,0.29613038897514343
The system shall be used by realtors with no training.,not about availability,not about availability,0.24546824395656586
The system shall be intuitive and self explanatory.,not about availability,availability,0.4868653118610382
The product shall be easy for a realtor to learn.,not about availability,availability,0.3574164807796478
The product shall use symbols and words that are naturally understandable by the realtor community.,not about availability,availability,0.287853479385376
The product shall produce search results in an acceptable time,not about availability,availability,0.5002366900444031
The search results shall be returned no later 30      seconds  after the user has entered the search criteria,not about availability,availability,0.1447683423757553
The product shall generate a CMA report in an acceptable time.,not about availability,availability,0.39201590418815613
The CMA report shall be returned no later 60 seconds after the user has entered the CMA report criteria.,not about availability,availability,0.17401431500911713
The product shall synchronize contacts and appointments in an acceptable time.,not about availability,availability,0.3582972288131714
The product shall synchronize with the office system every hour.,not about availability,availability,0.18151317536830902
 The product shall be available for use 24 hours per day  365 days  per year,availability,availability,0.29742008447647095
 Out of 1000 accesses to the system  the system is available 999 times.,availability,availability,0.2598687708377838
The product shall operate in offline mode whenever internet connection is unavailable.,not about availability,not about availability,0.26987189054489136
 The product shall allow the user to view previously downloaded search results  CMA reports  and appointments.,not about availability,availability,0.22218292951583862
The product shall retain user preferences in the event of a failure.,not about availability,availability,0.4014236032962799
100% of saved user preferences shall be restored when system comes back online.,not about availability,availability,0.29613906145095825
The product shall be able to support multiple remote users,not about availability,availability,0.4212300777435303
The product shall be able support 1000 simultaneous users.,not about availability,availability,0.30989041924476624
The product shall be capable of handling the existing 1000 users. This number is expected to grow 5 times within the next year.,not about availability,availability,0.16417577862739563
The product shall be installed by an untrained realtor   without recourse to separately-printed instructions.,not about availability,not about availability,0.2051374912261963
90% of untrained realtors shall be able to install the product on their device without printed instructions,not about availability,not about availability,0.15606191754341125
The product is expected to run on Windows CE and Palm operating systems.,not about availability,availability,0.15156249701976776
Only registered realtors shall be able to access the system.,not about availability,not about availability,0.20567098259925842
Every user of the system shall be authenticated and authorized.,not about availability,availability,0.41608455777168274
The product shall prevent its data from incorrect data being introduced.,not about availability,availability,0.3484366834163666
The system shall be easy to use by the Program Administrators/Nursing Staff Members.,not about availability,availability,0.4782417416572571
All of the users shall be able to use the system after one day of training.,not about availability,availability,0.22594623267650604
The system shall help the user avoid making mistakes while scheduling classes and clinicals for the nursing students.,not about availability,availability,0.061497416347265244
The number of mistakes noted by the students shall be decreased by 50% in the first year.,not about availability,not about availability,-0.009378556162118912
The system shall be intuitive to the Program Administrators/Nursing Staff Members.,not about availability,availability,0.4086422324180603
2 out of 3 Program Administrators/Nursing Staff Members shall successfully be able to use the system to manage the scheduling of classes and clinicals.,not about availability,availability,0.16944018006324768
The system shall use symbols and words that are naturally understandable by the user community.,not about availability,availability,0.3476284146308899
The verbiage used within the system shall be consistent with Standard English and the terminology of the national Nursing Community.,not about availability,availability,0.21425314247608185
Staff members shall be able to complete a set of tasks in a timely manner.,not about availability,availability,0.5078564882278442
The response time of general student management tasks shall take no longer than 5 seconds and the response time of schedule generation shall take no longer than 30 seconds.,not about availability,availability,0.0976824015378952
The system shall be available for use between the hours of 8am and 6pm.,availability,availability,0.24506819248199463
The system shall achieve 95% up time.,availability,availability,0.22648566961288452
system shall be able to handle all of the user requests/usage during business hours.,not about availability,availability,0.30336740612983704
The system shall cater to 10 simultaneous users from 9am to 5pm.,not about availability,availability,0.16382205486297607
The system shall be capable of processing 100% of nursing students and their classes for the next 10 years.,not about availability,availability,0.05419343709945679
The system shall be expected to manage the nursing program curriculum and class/clinical scheduling for a minimum of 5 years.,not about availability,availability,0.006821919698268175
The system shall able to operate within a business office environment typical of the Nursing Department at DePaul University.,not about availability,availability,0.14144177734851837
The system shall be used within the specifications defined by the computers used by the Program Administrators/Nursing Staff Members.,not about availability,availability,0.1804889738559723
The system shall operate within the Windows XP Professional operating system.,not about availability,availability,0.1710108071565628
The system shall interface with CampusConnect’s central server,not about availability,availability,0.3208099603652954
The system shall interface with the faculty central server.,not about availability,availability,0.27775678038597107
The system shall interface with the student master server.,not about availability,availability,0.1684345155954361
We must be able to interface with any HTML browser.,not about availability,availability,0.30764877796173096
Only authorized users shall have access to clinical site information.,not about availability,not about availability,0.22154413163661957
Program Administrators/Nursing Staff Members are the only people who shall have access to clinical site details.,not about availability,availability,0.17520099878311157
Only authorized users shall have access to students’ personal information.,not about availability,not about availability,0.20007261633872986
Dr Susan Poslusny and Dr Julie Donalek are the only people who shall have access to students’ personal information.,not about availability,availability,0.20879998803138733
Only authorized users shall have access to the portion of the system that interfaces with CampusConnect.,not about availability,not about availability,0.3034224808216095
Fit Criterion: Dr Susan Poslusny and Karen Sysol are the only people who shall have access to the final class section scheduling for the system that interfaces with CampusConnect.,not about availability,availability,0.23949840664863586
The system shall have basic data integrity checking to reduce the possibility of incorrect or invalid data being introduced.,not about availability,availability,0.22248244285583496
The system shall protect private information in accordance with the organization’s information policy.,not about availability,availability,0.2665225565433502
The system shall be built such that it is as secure as possible from malicious interference.,not about availability,availability,0.2617168426513672
The system shall use the organization’s standard virus protection software to help monitor threats to itself.,not about availability,availability,0.07898629456758499
The Disputes application shall comply with the corporate standards for user interface creation for internally and externally used applications.,not about availability,availability,0.21947148442268372
All screens created as part of the Disputes application must comply with corporate standards for interface creation.,not about availability,availability,0.16056177020072937
The list of dispute cases that are displayed after a search is performed must be color coded for easy identification of dispute cases based upon the dispute case status.,not about availability,availability,0.13280756771564484
100% of the cardmember and merchant services representatives shall use the Disputes application regularly after a 2-day training course.,not about availability,availability,0.06569766998291016
100% of cardmember services representatives shall be able to successfully create a dispute case on the first encounter after completing the training course.,not about availability,availability,0.21309472620487213
100% of merchant services representatives shall be able to successfully perform a follow up action on a dispute case on the first encounter after completing the training course.,not about availability,availability,0.15853413939476013
The maximum wait time for a user navigating from one screen to another within the Disputes application shall be no more than 5 seconds.,not about availability,not about availability,0.12774154543876648
The Disputes application shall support 350 concurrent users without any degradation of performance in the application.,not about availability,availability,0.3064032196998596
 The Disputes application shall be available 24x7x365  with the exception of the following scheduled maintenance windows.  Monday – Saturday 3:00am to 4:00am EST Sunday 1:00amd to 5:00am EST,not about availability,availability,0.1555498242378235
The Disputes application shall interface with the Statement Database. The Statement Database provides the transaction details to the Disputes System. All transaction details must be obtained from the Statement Database,not about availability,availability,0.2261832058429718
The Disputes application shall interface with the Cardmember Information Database.  The Cardmember Information Database provides detailed information with regard to a cardmember.  All cardmember detail information must be obtained from the Cardmember Information Database.,not about availability,availability,0.23598048090934753
The Disputes applications shall interface with the Merchant Information Database.  The Merchant Information Database provides detailed information with regard to the merchant. All merchant detail information shall be obtained from the Merchant Information Database.,not about availability,availability,0.13375216722488403
The Disputes application shall interface with the Letters application.  This will allow the Disputes application to request letters as part of the dispute initiation and dispute follow up process. All letter requests must be sent to the Print Letter Utility application.,not about availability,availability,0.1496620774269104
The Disputes application shall interface with the Cardmember Posting and Billing System.  This will allow the Disputes application to request adjustments to cardmember and merchant’s accounts. All adjustment requests must be sent to the Cardmember Posting and Billing System.,not about availability,availability,0.16589480638504028
The Disputes application shall ensure that only users with the appropriate access level are allowed to initiate dispute requests.,not about availability,availability,0.2447262555360794
Only users with Update access must be able to initiate dispute requests.,not about availability,not about availability,0.28292015194892883
The Disputes application shall ensure that only authorized users are allowed to logon to the application.,not about availability,not about availability,0.13735824823379517
 All authorized users  once authenticated must be able to logon to the Disputes System,not about availability,availability,0.25048530101776123
The Disputes System shall generate a User Report that details any new users that have been added and any changes to an existing user’s access level.  The report will be reviewed for auditing purposes.,not about availability,availability,0.14074577391147614
All additions of new users and modifications to user’s access shall be recorded on the User Report.,not about availability,availability,0.25845152139663696
 If a user account is revoked  it can only be re-instantiated by the System Administrator.,not about availability,not about availability,0.20373108983039856
Only the System Administrator shall be able to reset a revoked user logon account,not about availability,not about availability,0.08713431656360626
The Disputes application shall manipulate and view business data. Users will not have direct access to data files or databases.,not about availability,not about availability,0.13238933682441711
All updates to data files or database must be initiated from the Disputes System.,not about availability,availability,0.20380041003227234
The Disputes application must conform to the legal requirements as specified by the Merchant Operating Regulations.,not about availability,availability,0.2054232805967331
All business rules specified in the Disputes System shall be in compliance with the Merchant Operating Regulations.,not about availability,availability,0.16316437721252441
The Disputes application must conform to the legal requirements as specified by Regulation E and Regulation Z that govern credit card disputes processing.,not about availability,availability,0.1622459888458252
All business rules specified in the Disputes System shall be in compliance to the guidelines of Regulation E and Regulation Z.,not about availability,availability,0.17574313282966614
The Disputes application must maintain a detailed history of every action that a user takes on a dispute case.  This ensures a complete audit trail if questions arise later on with regard to a particular dispute case.,not about availability,availability,0.2611968219280243
All actions that modify an existing dispute case must be recorded in the case history.,not about availability,availability,0.2775607109069824
The product must support Internet Explorer 5.5 and above.,not about availability,availability,0.18627655506134033
The product must support Mozilla Firefox 1.0 and above.,not about availability,availability,0.07914511114358902
The product shall interface with the Choice Parts System.  This provides the feed of recycled parts data.,not about availability,availability,0.2359166145324707
The product shall run on the existing hardware for all environments.,not about availability,availability,0.26833072304725647
The product shall adhere to the corporate Architecture guidelines,not about availability,availability,0.18788953125476837
The product shall comply with corporate User Interface Guidelines,not about availability,availability,0.2746649384498596
The product shall comply with corporate color scheme,not about availability,availability,0.26228803396224976
The appearance of the product shall appear professional,not about availability,availability,0.43032389879226685
The product shall be easy to use by Adjusters and Collision Estimators.  95% of Adjusters and Collision Estimators shall find the product easy to use.,not about availability,availability,0.41621577739715576
The product shall increase productivity of Collision Estimators. 80% of the Collision Estimators shall agree their productivity has increase within 1 month of using the product.,not about availability,availability,0.12744300067424774
Users shall feel satisfied using the product.  85% of all users will be satisfied with the product.,not about availability,availability,0.2925010323524475
The product shall be easy to learn by Adjusters and Collision Estimators.  The product shall be learned with two days onsite training,not about availability,availability,0.2483619749546051
The user shall easily locate instructions while using the product.  User help can be found within 90% of the system.,not about availability,availability,0.32041412591934204
The search for recycled parts shall take no longer than 15 seconds.  The search results shall be returned in under 15 seconds.,not about availability,availability,0.13957872986793518
The search for the preferred repair facility shall take no longer than 8 seconds.  The preferred repair facility is returned within 8 seconds,not about availability,availability,0.17768798768520355
The recycled parts audit report shall be returned to the user within 10 seconds.  The audit report shall be returned within 10 seconds.,not about availability,availability,0.13708564639091492
The preferred repair facility ratings shall be saved within 5 seconds. The save shall occur within 5 seconds.,not about availability,availability,0.14254966378211975
The product shall adhere to the corporate online availability schedule.  The application is brought down only within 98% of the scheduled outages per the availability schedule.,availability,availability,0.2761160433292389
The product shall achieve a 98% uptime. The product shall not fail more than 2% of the available online time.,availability,availability,0.30175235867500305
The product shall be able to handle up to 1500 simultaneous users. The system shall perform with 1500 users as a time.,not about availability,availability,0.28190043568611145
 The average number of recycled parts records per day shall be 50 000.,not about availability,availability,0.10309749841690063
 The product shall be able to handle 10 000 concurrent users within 2 years of the initial launch.,not about availability,availability,0.15834325551986694
 For estimators  the product shall be able to be operated in a repair facility during dirty and noisy conditions.,not about availability,availability,0.21443575620651245
The product shall interface with the ChoiceParts system once per day at approximately 1:00 AM.,not about availability,availability,0.23650239408016205
The maintenance of the product will fall within the established corporate maintenance windows.,not about availability,availability,0.18834452331066132
The product shall be supported using the corporate support center.,not about availability,availability,0.2578456699848175
Product installations and upgrades shall be handled by the middleware technology team within established launch time frames.,not about availability,availability,0.1735798567533493
Only adjusters can request recycled parts audit reports. No users without an adjuster role shall request recycled parts audits.,not about availability,not about availability,0.24317128956317902
Only adjusters with a supervisor role can update preferred repair facility ratings. Users without the supervisor role cannot access the repair facility ratings.,not about availability,not about availability,0.23632317781448364
Only collision estimators shall search for recycled parts.  Users without the collision estimator role shall not have access to the search for recycled parts.,not about availability,not about availability,0.28974929451942444
Only valid data shall be entered into the system.  No invalid data shall be entered into the system.,not about availability,not about availability,0.345505952835083
One insurance company shall not be able to view another insurance companys claim data.,not about availability,not about availability,0.16550801694393158
The product shall free of computer viruses.,not about availability,availability,0.23461325466632843
The system shall prevent malicious attacks including denial of service.,not about availability,not about availability,0.2017553448677063
The product must comply with Sarbanes-Oxley.,not about availability,availability,0.3397264778614044
The product shall comply with the estimatics laws relating to recycled parts usage.,not about availability,availability,0.30054497718811035
The product shall comply with insurance regulations regarding claims processing.,not about availability,availability,0.2730944752693176
 The product must work with most database management systems (DBMS) on the market  whether the DBMS is colocated with the product on the same machine or is located on a different machine on the computer network.,not about availability,availability,0.15130558609962463
The product will function alongside server software on any operating system where the Java runtime can be installed.,not about availability,availability,0.27744054794311523
The product will require collaboration with a database management system (DBMS).  The DBMS may be located on the same machine as the product or on a separate machine residing on the same computer network.,not about availability,availability,0.1505029797554016
 The product must make use of web/application server technology.  Open source examples include Apache web server  Tomcat  and the JBoss application server.,not about availability,availability,0.2740386128425598
 A database management system such as Oracle  DB2  MySql or HSQL will need to be integrated with the product.,not about availability,availability,0.23456230759620667
 The product’s Look and Feel shall be able to incorporate aspects of the customer’s organization such as logo  branding  and identity,not about availability,availability,0.23443536460399628
The product shall have a conservative and professional appearance.,not about availability,availability,0.3258228003978729
The product shall make the users want to use it. 80% of the users surveyed report they are regularly using the product after the first 2 weeks post-launch.,not about availability,availability,0.12856034934520721
The product shall be easy to use. 90% of users will be able to successfully reserve a conference room within 5 minutes of product use.,not about availability,availability,0.26901283860206604
The product shall give users feedback when necessary. 80% of the users surveyed report that the product accurately confirms their actions.,not about availability,availability,0.29987862706184387
The product shall allow the user to select a chosen language from one of the target market countries.,not about availability,availability,0.21958409249782562
The product shall allow for customization of start page and views preferences.,not about availability,availability,0.356124609708786
 An employee will be able to successfully use the product within a few minutes.  After informally navigating the product for less than 15 minutes  users shall be able to successfully setup meetings and reserve conference rooms.,not about availability,availability,0.22870180010795593
The product shall use a standard navigation menu familiar to most web users.,not about availability,availability,0.33326584100723267
The product shall allow for intuitive searching of available conference rooms.,not about availability,availability,0.3724215030670166
The product shall conform to the Americans with Disabilities Act.,not about availability,availability,0.2800202965736389
The response shall be fast enough to avoid interrupting the user’s flow of thought.  90% of tasks shall complete within 5 seconds.  98% of tasks shall complete within 8 seconds.,not about availability,availability,0.27840572595596313
 Aside from server failure  the software product shall achieve 99.99% up time.,availability,availability,0.2372443974018097
The product shall create an exception log of problems encountered within the product for transmission to our company for analysis and resolution.,not about availability,availability,0.17164276540279388
 The product shall be capable of handling up to 1 000 concurrent requests.  This number will increase to 2 000 by Release 2.  The concurrency capacity must be able to handle peak scheduling times such as early morning and late afternoon hours.,not about availability,availability,0.2907920181751251
 The product shall be able to process 10 000 transactions per hour within two years of its launch.  This number will increase to 20 000 by Release 2.,not about availability,availability,0.09339875727891922
The product shall be expected to operate for at least 5 years for each customer installation.,not about availability,availability,0.10521361231803894
The product shall be used in office environments.,not about availability,availability,0.17754723131656647
The product must be able to interface with any HTML browser.  The product shall transmit data between the user and the product without problems. The product shall display HTML properly in 80% of all HTML browsers tested (minimum is to test 8 browsers).,not about availability,availability,0.2527123987674713
The product must be able to interface with various database management systems. The product shall communicate successfully with the database management system on 100% of all transactions.,not about availability,availability,0.2955254912376404
The product must be able to interface with various email servers. The product shall be able to send email.,not about availability,availability,0.17279541492462158
The product shall be available for distribution via the Internet as a binary or ZIP file.,not about availability,availability,0.2877243757247925
The product shall be available for distribution as a packaged CD.,not about availability,availability,0.2992999851703644
 The product will be available for licensing as a one-server  two-five servers  or five-or-more servers license.,not about availability,availability,0.242314413189888
A new user must be able to be added to the system within 10 minutes.  90% of new users are able to log into the system within 10 minutes.,not about availability,availability,0.13765095174312592
The product must be designed using Design Patterns and coding best practices.  90% of maintenance software developers are able to integrate new functionality into the product with 2 working days.,not about availability,availability,0.06824657320976257
The product must be highly configurable for use with various database management systems for the end users.  80% of end users are able to integrate new database management systems with the product without changing the product’s software code.,not about availability,availability,0.25221699476242065
Maintenance releases will be offered to customers once a year.  The releases shall take no longer than 5 minutes for 80% of the customer base to install.,not about availability,availability,0.03809671849012375
Every registered user will have access to the product’s support site via the Internet.  70% of registered users shall find a solution to their problem within 5 minutes of using the support site.,not about availability,availability,0.12812459468841553
The customer shall be able to easily integrate new building maps with the product throughout the product’s lifecycle.  Integration of new maps with the product shall be possible with little to no support from product support staff.,not about availability,availability,0.15270450711250305
 The product shall be translated into foreign languages other than the target market countries’ languages in future releases.  For each emerging target market  it shall take no more than 5 days to configure the product for that market’s language.,not about availability,availability,0.04327170178294182
 The product is expected to integrate with multiple database management systems.  The product will operate with Oracle  SQL Server  DB2  MySQL  HSQL  and MS Access.,not about availability,availability,0.22821013629436493
The product shall be able to be installed in any operating environment within 2 days.,not about availability,availability,0.24190284311771393
The product shall ensure that only company employees or external users with company-approved user IDs may have product access.  100% of all logons shall be by either company employees or external users with company-approved user IDs.,not about availability,availability,0.13294245302677155
Only managers are able to perform search queries for reservations by user.  100% of all search queries for reservations by user shall be from logons of only management logons.,not about availability,not about availability,0.14082714915275574
The product shall ensure that the database’s data corresponds to the data entered by the user.  Each conference room reservation in the system will contain the same information as was entered by the user.,not about availability,availability,0.27700820565223694
The product shall prevent the input of malicious data.  The product and/or adjacent hardware/software systems’ data shall remain 100% uncorrupted each time malicious data is input into the product.,not about availability,availability,0.21399101614952087
The product and/or dependent databases/filesystems shall remain operational as a result of the input of malicious data.  The product and/or dependent databases/filesystems shall not crash 100% of the time that malicious data is input into the product.,not about availability,availability,0.25743335485458374
The product shall have the ability to receive automatic software updates as new threats emerge.  100% of customers will be able to receive automatic software updates transmitted to the installed product.,not about availability,availability,0.2800374925136566
The language of the product shall accommodate all of the target market countries. 90% of survey respondents from each target market country will find that the language of the product is acceptable.,not about availability,availability,0.27537885308265686
The product shall be able to display calendar dates and times according to the user’s locale.  90% of survey respondents from each target market country will find that the date and time formatting of the product is correct.,not about availability,availability,0.2705969512462616
The product must be developed with the J2SE/J2EE programming language libraries,not about availability,availability,0.19186130166053772
Recreation of Inventory Quantity Adjustment for the period of previous 30 days shall take no more than 30min.,not about availability,not about availability,0.13323988020420074
The System shall allow for a minimum of  6 users to work at the same time.,not about availability,availability,0.29781898856163025
The System shall utilize currently owned computer equipment.,not about availability,availability,0.3347775936126709
The System shall be able to automatically backup business data and restore them on demand.,not about availability,availability,0.256382554769516
The System shall maintain consistent security.  Any changes in user passwords and/or permissions should take affect in all parts of the System.,not about availability,availability,0.29548460245132446
The System shall granularly control access rights to all major subsystems.  It should be possible to assign access rights to all subsystems independently.,not about availability,availability,0.33118942379951477
The System shall meet all applicable accounting standards.  The final version of the System must successfully pass independent audit performed by a certified auditor.,not about availability,availability,0.19099316000938416
The System shall not require additional third party licenses resulting in royalty fees.,not about availability,not about availability,0.3919733464717865
Administrator shall be able to activate a pre-paid card via the Administration section in under 5 seconds.,not about availability,availability,0.18555578589439392
 Customer shall be able to check the status of their prepaid card  by entering in the PIN number  in under 5 seconds.,not about availability,availability,0.06233540549874306
System shall let customers register on the website as a “pay as you go” user in under 5 minutes.,not about availability,availability,0.08606183528900146
System shall let customers register on the website as a “unlimited movie subscriber” user in under 10 minutes.,not about availability,availability,0.1838626265525818
System shall let existing customers log into the website with their email address and password in under 5 seconds.,not about availability,availability,0.03157135099172592
 System shall let customers cancel their account  process shall take no longer than 2 minutes.  Database will mark the account as inactive  and user will not be able to log into the website.,not about availability,not about availability,0.14150479435920715
System shall let administrator de-activate a customer account in under 1 minute. Customer will no longer be able to access the website.,not about availability,availability,0.03507541865110397
System shall let administrator add/remove movies on the website in under 5 minutes.  Entered movie information will be stored in the database and will now be available on the website.,not about availability,availability,0.02493872120976448
System shall let the administrator add/remove categories on the website in under 5 minutes.,not about availability,availability,0.08080190420150757
System shall let Izogn Manager access sales and usage statistics in under 2 minutes.,not about availability,availability,0.13240499794483185
System shall let administrators generate unique pre-paid pins in under 2 minutes and generate an Excel file with the generated PINs.,not about availability,availability,0.06308798491954803
The website shall be attractive to all audiences.  The website shall appear to be fun and the colors should be bright and vibrant.,not about availability,availability,0.37433892488479614
 The website should have an African feel  but should not alienate non-Africans.  The website should use animation on pages which are describing the services  to grab the users attention and encourage them to sign up.,not about availability,availability,0.1713489443063736
 The website design should be modern  clean  and concise.,not about availability,availability,0.3090777099132538
The product should be able to be used by 90% of novice users on the Internet.,not about availability,availability,0.1380368024110794
 Users should only have to navigate through a maximum of 4 pages  to create an account with the website.,not about availability,availability,0.08324846625328064
Users should be able to access their streaming movies in under 2 clicks after logging into the website.,not about availability,availability,0.12530070543289185
An anonymous survey will show that 70% of customers are comfortable purchasing streaming movies after 2 weeks using the website.,not about availability,availability,0.0239137951284647
An anonymous survey will show that 95% of customers are comfortable using and purchasing pre-paid cards after a month of using the system.,not about availability,availability,0.07442694157361984
The product shall retain the customer’s buying preferences and information.,not about availability,availability,0.3372379243373871
The product shall be easy for customers with novice skills on the  Internet to purchase and watch streaming movies.  Customers should be able to purchase and watch a pre-determined movie in under 3 minutes.,not about availability,availability,0.23562678694725037
The product shall use symbols and words that are naturally understandable by users familiar with websites,not about availability,availability,0.3423697352409363
The website will use standard Internet conventions when interacting with the user.,not about availability,availability,0.32700708508491516
 Any interface between a user and the automated system shall have a maximum response time of 5 seconds  unless noted by an exception below.,not about availability,availability,0.2002972960472107
 When purchasing a streaming movie or pre-paid card via credit card  the processing time should have a maximum response time of 15 seconds.,not about availability,availability,0.08494207262992859
 When streaming a movie  the buffering time should take no longer than 10 seconds (plus any latency on the user’s connection.),not about availability,not about availability,0.18344658613204956
 While streaming a movie  buffering should only occur if there is latency in the user’s connection.,not about availability,not about availability,0.25527557730674744
 All credit card information will be secured on the server  and only accessible by authorized Izogn administrators.  Information will be encrypted in the database.,not about availability,availability,0.15262511372566223
 The website shall be available for use 24 hours per day  365 days per year.,availability,availability,0.22728411853313446
The website shall achieve 99.5% up time.,availability,availability,0.20032714307308197
 All movies shall be streamed on demand  at any time of the day.,availability,availability,0.25253546237945557
The website shall continue to operate if the streaming server goes down.,not about availability,availability,0.2181662768125534
The website shall continue to operate if the payment gateway goes down.,not about availability,availability,0.2570993900299072
The streaming server will support 50 simultaneous streaming connections.,not about availability,availability,0.23339799046516418
The streaming server will support a maximum of 700 movies  new servers can be added to support more movies.,not about availability,availability,0.17711246013641357
 The server will support a maximum of 1 000 simultaneous users.,not about availability,availability,0.26654064655303955
 The website shall be capable of supporting 100 000 customers.,not about availability,availability,0.23948538303375244
The product shall be expected to operate within the maximum maintenance budget for a minimum of 2 years.,not about availability,availability,0.23746617138385773
All aspects of the website shall be accessed by a web browser over the Internet.,not about availability,availability,0.20152929425239563
The same hardware supporting the current website will be used to support the new system.,not about availability,availability,0.28162136673927307
 We must be able to interface with the following browsers: IE 5.X  6.0  Netscape 6.x  7.x  8.x and Firefox 1.0.,not about availability,availability,0.20494447648525238
Website must interface with the CyberSource API to process credit card transactions.,not about availability,availability,0.12840712070465088
Website must be fully operational with MSN TV2.,not about availability,availability,0.2645398676395416
Movies shall be encoded and streamed via Windows Media Player 9.0.,not about availability,availability,0.09497368335723877
Movies shall be encoded for 56k and 256k streams.,not about availability,availability,0.09999135881662369
Promotional updates to the website should take a day to update.,not about availability,availability,0.11697729676961899
Izogn Administrator must be able to update the category listings on the website within 2 minutes.,not about availability,availability,0.14051397144794464
Izogn Administrator must be able to add new products to the website within 2 minutes.,not about availability,availability,0.06842755526304245
The system will provide a 24 hour 800 toll free number for support to its customers.,availability,availability,0.28242361545562744
The website will provide a help section with answers and solutions to common problems.,not about availability,availability,0.2974937856197357
 Velkat staff will be available for phone support between 7am-7pm  M-F to provide technical support to the Izogn administrators.,availability,availability,0.10986211150884628
The product shall be able to be installed in the specified environment within 1 working day.,not about availability,availability,0.23887529969215393
Only registered customers can purchase streaming movies.,not about availability,not about availability,0.21210576593875885
 A customer can only stream a movie if they purchased it  and are within the 2 day viewing period.,not about availability,not about availability,0.0811956375837326
Only authorized personnel can access customer records in the database.,not about availability,not about availability,0.24420417845249176
Only administrators can activate a pre-paid card.,not about availability,not about availability,0.2545624375343323
Only authorized personnel can access sales information.,not about availability,not about availability,0.30498206615448
The website shall prevent its data from being corrupted when incorrect data is entered in.,not about availability,not about availability,0.20252904295921326
 The website shall protect itself from intentional abuse  and notify the administrator at all occurrences.,not about availability,availability,0.1785353124141693
Data integrity scripts will be run on a weekly basis to verify the integrity of the database.,not about availability,availability,0.1417914181947708
 The website shall make its user aware of its information practices before collection data from them via a Privacy Policy  accessible on all pages of the website.,not about availability,availability,0.18793681263923645
The system shall notify customers of changes to its information policy.,not about availability,not about availability,0.24155889451503754
The system shall reveal private information only in compliance with the organization’s information policy.,not about availability,not about availability,0.2793203890323639
 All customer information will be stored on a secure database  accessible only to authorized personnel.,not about availability,availability,0.24407412111759186
All credit card information will be encrypted in the database.,not about availability,availability,0.10536934435367584
The streaming server will have anti-virus software to prevent infection of malicious viruses.,not about availability,availability,0.1152246966958046
The website should cater to all tribes in Nigeria.,not about availability,availability,0.18424123525619507
The website shall not be offensive to religious or ethnic groups.,not about availability,not about availability,0.3658302426338196
 The website should appeal to all Africans  not only Nigerians.,not about availability,availability,0.24634097516536713
The website should use Flash to provide animation on the home page.,not about availability,availability,0.057276252657175064
IzognMovies shall meet the licensing requirements set forth by the appropriate organizations in order to stream African movies.,not about availability,availability,0.15678679943084717
The website will comply with W3C standards.,not about availability,availability,0.3917957842350006
The PHP code will comply with PEAR standards.,not about availability,availability,0.31712090969085693
Total lead cycle time must be completed in 5 minutes for 90% of lead volume between the business hours of 8AM CST to 8PM CST  then 3 minutes for 99% of lead volume during off business hours.,not about availability,availability,-0.029973601922392845
No lead evaluation will complete in a time period longer than 25 seconds for 97% of all leads processed.,not about availability,not about availability,0.08204352855682373
For leads that process longer than 25 seconds the system will record the event and duration,not about availability,availability,0.26530489325523376
The process must fit within the processing time conditions set forth by the Auto Rep Assignment process in which a lead is assigned within 3 minutes of the total life cycle.,not about availability,availability,0.23483328521251678
The lead washing process will operate within the established physical web service structure.,not about availability,availability,0.21183305978775024
 The washing process must use a non binding  neutral data format  such as xml  when receiving and processing lead data.,not about availability,not about availability,0.15973138809204102
Defect reports will be available to technical units on a 24x7 basis.,availability,availability,0.20739352703094482
Washing parameters will be updated during scheduled maintenance hours.,not about availability,availability,0.1983105093240738
The product shall simulate the look of ships at sea.,not about availability,availability,0.17613384127616882
The product shall display the grids within a circle as a view from a periscope.,not about availability,availability,0.23814482986927032
The product shall display each type of ship in a grid using an image of the specific type of ship.,not about availability,availability,0.12910401821136475
 When the offensive player takes a shot  the product shall simulate the sound of a ship at sea.,not about availability,availability,0.1331050992012024
 When a shot is marked as a miss  the product shall simulate the sound of a shot missing its target.,not about availability,not about availability,0.16769997775554657
 When a shot is marked as a hit  the product shall simulate the sound of a shot hitting its target.,not about availability,availability,0.1850094050168991
 When a ship is sunk  the product shall simulate the sound of a sinking ship.,not about availability,availability,-2.226000651717186e-05
 The product shall be available 24 hours per day  seven days per week.,availability,availability,0.26457270979881287
The product shall able to handle a large number of games simultaneously.,not about availability,availability,0.3919978439807892
The response time shall be fast enough to maintain the flow of the game.  The response time shall be no more than 2 seconds for 95% of responses and no more than 4% for the remaining responses.,not about availability,availability,0.2476423680782318
The product shall protect the identity of the players. The product shall provide players no access to information that might reveal the identity of another player.,not about availability,not about availability,0.2229248434305191
The product shall be intuitive and self-explanatory.  Nine out ten users shall be able to successfully complete a game with no training.,not about availability,availability,0.2750409245491028
 The product shall be available to players who understand English  Spanish and French.  The product shall allow the user to select the language upon accessing the product.,not about availability,availability,0.20022889971733093
The product shall provide players no access to information that might reveal the identity of another player,not about availability,not about availability,0.34870949387550354
The response time shall be fast enough to maintain the flow of the game. The response time shall be no more than 2 seconds for 95% of responses and no more than 4% for the remaining responses.,not about availability,availability,0.2476423680782318
The system shall be easy to use by callers and supervisors. Callers and supervisors must be able to accomplish any system task within 2 minutes.,not about availability,availability,0.33817392587661743
The system shall be easy to learn by callers and supervisors. Callers and supervisors shall learn how to use the system within 10 minutes.,not about availability,availability,0.2168908715248108
 The system shall be responsive. At the DePaul TeleServices Center  when a supervisor uses the system to view a callers schedule  the system response time must be no more than 2 seconds 90% of the time and no more than 5 seconds the rest of the time.,not about availability,availability,0.1954147219657898
 On a 56k connection  the system response time for all operations must be no more than 6 seconds 90% of the time.,not about availability,availability,0.11317002028226852
 On a 112k connection or faster  the system response time for all operations must be no more than 3 seconds 90% of the time.,not about availability,availability,0.15007416903972626
The system shall have high availability every day of the year.The system must be available for use between 12:00AM and 6:00PM all days of the year.,availability,availability,0.3311927616596222
The system must be available for use between 7:00AM and 11:59PM all days of the year.,availability,availability,0.19862060248851776
The product shall be internet browser independent.The product must run using Internet Explorer and Netscape Navigator.,not about availability,not about availability,0.22568006813526154
The product shall ensure that only supervisors can advertise empty time slots.The product must ensure that supervisors are allowed to access advertise empty time slots.,not about availability,not about availability,0.26148948073387146
The product shall ensure that only supervisors can enter a caller’s schedule.The product must ensure that supervisors are allowed to access advertise empty time slots.,not about availability,not about availability,0.22171427309513092
The product shall ensure that only supervisors can view schedule of all callers.The product must ensure that supervisors are allowed to access advertise empty time slots.,not about availability,not about availability,0.20928233861923218
 The interface shall have a simple look. In the interface and usability survey  90% of beta testers must report that the interface is adequately simple.,not about availability,availability,0.3059267997741699
 The interface shall be appealing to callers and supervisors. In the interface and usability survey  80% of beta testers must report that the interface is appealing.,not about availability,availability,0.2301662564277649
The product shall provide GUI based Monitoring Services.System Administrators shall monitor message exchanges will predict and determine problems and will also provide internal and external support.,not about availability,availability,0.19729889929294586
The product shall comply with City of Chicago Application Development Guide Framework.Application Development Framework will provide structured Graphical User Interface.,not about availability,availability,0.27951517701148987
The product shall provide Monitoring Services.The product shall be easy for System Administrators and DBAs to use after two weeks of usage.,not about availability,availability,0.3081229031085968
The product shall provide Error Tracking Services.The product shall help the System Administrators and DBAs to resolve transaction errors 99% of the time.,not about availability,availability,0.17739196121692657
The product shall provide Portals.The product shall help System Administrators to analyze the transactions with ad-hoc reporting and KPIs (Key Performance Indicators),not about availability,availability,0.2894233465194702
The product shall provide Asynchronous Messaging.The product shall provide asynchronous messaging to enable parallel processing and reduce the overhead in communications,not about availability,availability,0.19136254489421844
The product shall provide Multi-threading and Load Balancing.The product shall provide multi-threading technology as well as load balancing to overcome data load spikes and traffic.,not about availability,availability,0.2474772036075592
The product shall process messages within 2 seconds.The product shall have a maximum message processing time of 2 seconds,not about availability,availability,0.15279266238212585
The product shall poll the system for messages every second.The product shall poll the system for new messages at a maximum of every 1 second.,not about availability,availability,0.04770535230636597
The product shall provide Dynamic Change Support and Transparent resource addition.The product shall support Transparent Resource addition and Dynamic Change support to provide scalability and avoid service interruptions of more than 1 day.,not about availability,availability,0.3536207675933838
The product shall be available 99% of the time. Rationale: To avoid service interruption during busiest customer service response periods. The product shall be available 99.99% of the time for regular business days.,availability,availability,0.30149325728416443
The product shall be robust.The product shall have fault avoidance based on standards adoption.,not about availability,availability,0.3287629783153534
The product shall be robust with fault tolerance.The product shall have fault tolerance by using recovery technique compensatory transaction and routing around failures.,not about availability,availability,0.2887634038925171
The product shall be able to process all transactions.The product shall process minimum of 1 million transactions per year.,not about availability,availability,0.27961960434913635
The product shall be platform independent.The product shall enable access to any type of development environment and platform.,not about availability,availability,0.3916049897670746
The product shall interface CSR and Datastream.The product shall exchange messages between CSR and EAM on a real time basis without any direct interfaces between two systems.,not about availability,not about availability,0.2715936303138733
 : The product shall continue to operate during upgrade  change or new resource addition.The product shall be able to continue to operate with no interruption in service due to new resource additions.,not about availability,availability,0.3962228298187256
The product shall be updated on a regular basis.The product will have a new major feature introduced every six months and quarterly maintenance releases every six months.,not about availability,availability,0.19970495998859406
The product shall operate with every platform.The product shall accommodate any new technology without any change in its architecture.,not about availability,availability,0.32804641127586365
 The product shall have security.The product shall provide authentication  and authorization.,not about availability,availability,0.3465820848941803
The product shall information Security. The product shall enable privacy by encryption WS-Security and Integrity Checking.,not about availability,availability,0.236673504114151
The product shall have audit capabilities.The product shall store messages for a minimum of one year for audit and transaction tracking purposes.,not about availability,availability,0.21182526648044586
The system shall use IBM and CCR branding standards. The interface must have one IBM logo and one CCR logo.,not about availability,availability,0.14833617210388184
The system shall be displayable on any work computer a CCR user may have. The system interface shall be formatted to display at 800 by 600 pixel resolution.,not about availability,availability,0.17256572842597961
The system interface will use CCR nomenclature. The system must use the same nomenclature used in the existing WCS system and reports,not about availability,availability,0.19703403115272522
The interface must summarize the data in a fashion that’s appealing to CCR management. Every report type must have at least one high level summary shown in the results dashboard/interface,not about availability,availability,0.32403481006622314
The system must use a point and click interface. 100% of all selection and navigation functionality must be able to be activated/selected by either a mouse or a keyboard,not about availability,availability,0.24998700618743896
The interface shall be easy to use. 90% of users should be able to successfully use the system to generate a report on their first use. The interface should adhere to IBM usability standards.,not about availability,availability,0.3240404427051544
Rreports must be easy to generate. eports must be generated within one button click and exported within one button click (after selecting the report),not about availability,availability,0.37647777795791626
A user shall be able to use the system without instruction after a short amount of time. After one use a user should understand and remember 90% of the system usage and navigation.,not about availability,availability,0.23885811865329742
All CCR users shall receive training before the WCS system is deployed. One training session will be held for 100% of CCR users before system deployment (based on a CCR user being available),not about availability,availability,0.1591244339942932
The WCS system shall use appropriate nomenclature and terminology as defined by the Corporate Community Grants organization. All interfaces and reports will undergo usability tests by CCR users.,not about availability,availability,0.13836316764354706
The WCS system shall be available at all times as long as IBM’s internal intranet W3 is accessible. The WCS system will be available 95% of the time IBM’s internal intranet W3 is available.,availability,availability,0.3798940181732178
The WCS system shall have the ability to connect other designated WCS databases currently not included in the system.,not about availability,availability,0.34505921602249146
The WCS system shall have the ability to include data for regions outside the United States and be accessed by users outside of the United States if approved by CCR management.,not about availability,availability,0.31789714097976685
The WCS system shall be run in a Windows environment. The WCS shall be accessed by users through the Internet on an IBM computer running a Windows 2000 or above operating system.,not about availability,availability,0.1233731210231781
The Brio portion of the WCS system must be able to export files in spreadsheet form (Microsoft Excel and Lotus 1-2-3 formats).  Brio will provide buttons in the user interface that produce/export reports in .xls or .123 file formats.,not about availability,availability,0.06834455579519272
The WCS system must run queries to the WCS databases once again (on a specified day) to update the available data available to CCR users. Queries must be made to external databases for data refresh once a week.,not about availability,availability,0.052025098353624344
 All changes  updates  and additions to the WCS system shall be updated in the WCS Developer and WCS User Guides. Every change must be reflected in WCS system documentation,not about availability,availability,0.1738778054714203
The system shall only be accessed by authorized Corporate Community Grants (CCR) employees. Users must be authenticated using their IBM intranet user name and password.,not about availability,not about availability,0.11794686317443848
The WCS system shall not allow automatic logins by any user. Cookies containing WCS login information about a user will not be stored on a user’s computer.,not about availability,not about availability,0.24963776767253876
Each team owner will need to use a username and password in order to be authenticated to reach the team owner’s page,not about availability,availability,0.0889643207192421
The Commissioner will be the only authorized user per league to adjust league settings.,not about availability,availability,0.16634264588356018
Each page shall contain a navigation menu which shows the index into which the current page is contained.,not about availability,availability,0.26655736565589905
Each page shall contain a similar format with action items in one location and navigation buttons in a different location.,not about availability,availability,0.38078615069389343
The message board shall contain the 5 most recently posted messages on the league page. The messages will contain up to the first 150 characters of the message.,not about availability,availability,0.004062929656356573
;A new user shall be able to navigate through the league and team pages within 30 seconds of reaching the start-up page.,not about availability,availability,0.1079491600394249
Users shall be able to reach the ‘add’  ‘drop’  and ‘trade player’ pages with one click from the team owner’s page.,not about availability,availability,0.2190696746110916
;Users shall be able to view at least 25 NFL player statistics and points on each page.,not about availability,availability,0.0989430695772171
The application shall ask the user to confirm dropping a player or trading a player before performing the action.,not about availability,availability,0.12417105585336685
The application shall be able to complete every user transaction within one fourth of a second of receiving the request over the network.,not about availability,availability,0.26699337363243103
The application shall have a downtime of at most 10 minutes per year.,availability,availability,0.14851926267147064
The application shall run on a web application server.,not about availability,availability,0.17983022332191467
A primary database will be used to store cached data for active users.,not about availability,availability,0.2430504858493805
A secondary database will be used to store historical statistics and data.,not about availability,availability,0.07103417068719864
Application updates shall occur between 3AM and 6 AM CST on Wednesday morning during the middle of the NFL season.,not about availability,availability,0.06681772321462631
New System version releases shall be released at the beginning of each NFL season.,not about availability,availability,0.014698449522256851
The RFS system should be available 24/7  especially during the budgeting period. The RFS system shall be available 90% of the time all year  and 98% during the budgeting period. 2% of the time  the system will become available within 1 hour of the time that the situation is reported.,availability,availability,0.23799605667591095
98% of the user workstations shall meet the minimum hardware requirements prior to implementation. Minimum Hard Disk Space:  400MB.,not about availability,availability,0.1210901141166687
98% of the user workstations shall meet the minimum software requirements prior to implementation: Microsoft Internet Explorer 5.0. Microsoft .NET Framework 1.1. Microsoft Internet Explorer Web Controls,not about availability,availability,0.18676377832889557
The RFS system should be able to easily interface with the BDW environment  in order to load the data. •;7 data files shall be received from the BDW and loaded into the RFS system within 3 hours one day prior to the start of budgeting process  every year. The data will be as of October month-end. ;Test files (7) shall be loaded up to 5 times throughout the year  from the BDW.,not about availability,availability,0.11146896332502365
Changes to revenue and expense formulae must be applied to the RFS system  every year  prior to the budgeting process start. Revenue and expense formulae will be updated within one week of their receipt  after which 2 weeks will be allotted to testing of the budget calculations  to be conducted jointly by the project development team and PCG Finance.,not about availability,availability,-0.04655516892671585
New branches/complexes/districts/regions and revenue/expense accounts added to the BDW  must be reflected in the RFS system. 100% of the entities (mentioned above) available as of October month-end  will be loaded into the RFS system  prior to the budget start process.,not about availability,availability,0.14104443788528442
Only authorized user shall access the RFS system. ONLY users that exist in the UAS system  with the RFS system assigned to their role(s)  shall access the RFS system and use it.,not about availability,not about availability,0.230230450630188
;User access should be limited to the permissions granted to their role(s) Each level in the PCG hierarchy will be assigned a role and users will be assigned to these roles. Access to functionality within RFS system is dependent on the privileges/permission assigned to the role..,not about availability,not about availability,0.2332669496536255
The product must comply with the intranet page standards and requirements of ENET Securities. 95% of the product look & feel will be approved by the Architecture group  prior to implementation. The remaining 5% will be corrected and approved within one month of product release.,not about availability,availability,0.08177430927753448
 The intranet pages should display appropriately in all resolutions  from 800x600 and higher. The display of all the pages will be correct in 95% of the resolutions  prior to implementation. The remaining 5% will be corrected within a week of notification of the incorrect display.,not about availability,availability,0.09426742047071457
The users should be able to easily use the system to successfully complete their budgets  within the stipulated time for completion. With a week of training prior to product implementation  98% of the users shall complete their budgets within the stipulated time.,not about availability,availability,0.2728101313114166
The product interface should be fast. The response time of the product interface should not exceed 2 seconds 90% of the time. For 10% of the time  the response time should not be more than 10 seconds.not be more than 10 seconds.,not about availability,availability,0.15625135600566864
