Requirement text,Gold label,Predicated label,ZSL score
The system shall refresh the display every 60 seconds.,not about availability,availability,0.23866841197013855
The application shall match the color of the schema set forth by Department of Homeland Security,not about availability,availability,0.1299392282962799
 If projected  the data must be readable.  On a 10x10 projection screen  90% of viewers must be able to read Event / Activity data from a viewing distance of 30,not about availability,availability,0.12462634593248367
 The product shall be available during normal business hours. As long as the user has access to the client PC  the system will be available 99% of the time during the first six months of operation.,availability,availability,0.3320431709289551
 If projected  the data must be understandable. On a 10x10 projection screen  90% of viewers must be able to determine that Events or Activities are occuring in current time from a viewing distance of 100,not about availability,availability,0.13572661578655243
The product shall ensure that it can only be accessed by authorized users.  The product will be able to distinguish between authorized and unauthorized users in all access attempts,not about availability,availability,0.15702278912067413
The product shall be intuitive and self-explanatory.  :  90% of new users shall be able to start the display of Events or Activities within 90 minutes of using the product.,not about availability,availability,0.25153905153274536
The product shall respond fast to keep up-to-date data in the display.,not about availability,not about availability,0.2560833990573883
The look and feel of the system shall conform to the user interface standards of the smart device.,not about availability,availability,0.15971539914608002
 The user interface shall have standard menus  buttons for navigation,not about availability,availability,0.10031706839799881
The system shall have a professional appearance,not about availability,availability,0.2535489797592163
The product shall have a consistent color scheme and fonts.,not about availability,availability,0.23902113735675812
The system shall be used by realtors with no training.,not about availability,not about availability,0.15725208818912506
The system shall be intuitive and self explanatory.,not about availability,availability,0.23756393790245056
The product shall be easy for a realtor to learn.,not about availability,availability,0.1397380828857422
The product shall use symbols and words that are naturally understandable by the realtor community.,not about availability,availability,0.11836410313844681
The product shall produce search results in an acceptable time,not about availability,availability,0.303785115480423
The search results shall be returned no later 30      seconds  after the user has entered the search criteria,not about availability,availability,0.09949234127998352
The product shall generate a CMA report in an acceptable time.,not about availability,availability,0.16973651945590973
The CMA report shall be returned no later 60 seconds after the user has entered the CMA report criteria.,not about availability,availability,0.05521317943930626
The product shall synchronize contacts and appointments in an acceptable time.,not about availability,availability,0.26211026310920715
The product shall synchronize with the office system every hour.,not about availability,availability,0.2852749228477478
 The product shall be available for use 24 hours per day  365 days  per year,availability,availability,0.3357197642326355
 Out of 1000 accesses to the system  the system is available 999 times.,availability,availability,0.25072935223579407
The product shall operate in offline mode whenever internet connection is unavailable.,not about availability,availability,0.3538026809692383
 The product shall allow the user to view previously downloaded search results  CMA reports  and appointments.,not about availability,availability,0.08442027866840363
The product shall retain user preferences in the event of a failure.,not about availability,availability,0.3120853304862976
100% of saved user preferences shall be restored when system comes back online.,not about availability,availability,0.17864196002483368
The product shall be able to support multiple remote users,not about availability,not about availability,0.28389573097229004
The product shall be able support 1000 simultaneous users.,not about availability,not about availability,0.263278603553772
The product shall be capable of handling the existing 1000 users. This number is expected to grow 5 times within the next year.,not about availability,availability,0.26310691237449646
The product shall be installed by an untrained realtor   without recourse to separately-printed instructions.,not about availability,not about availability,0.14729878306388855
90% of untrained realtors shall be able to install the product on their device without printed instructions,not about availability,availability,0.14627225697040558
The product is expected to run on Windows CE and Palm operating systems.,not about availability,not about availability,0.14166885614395142
Only registered realtors shall be able to access the system.,not about availability,not about availability,0.14293646812438965
Every user of the system shall be authenticated and authorized.,not about availability,availability,0.1349983960390091
The product shall prevent its data from incorrect data being introduced.,not about availability,not about availability,0.19372552633285522
The system shall be easy to use by the Program Administrators/Nursing Staff Members.,not about availability,not about availability,0.123825803399086
All of the users shall be able to use the system after one day of training.,not about availability,availability,0.23301176726818085
The system shall help the user avoid making mistakes while scheduling classes and clinicals for the nursing students.,not about availability,not about availability,0.12409012019634247
The number of mistakes noted by the students shall be decreased by 50% in the first year.,not about availability,availability,0.00688236765563488
The system shall be intuitive to the Program Administrators/Nursing Staff Members.,not about availability,availability,0.12558797001838684
2 out of 3 Program Administrators/Nursing Staff Members shall successfully be able to use the system to manage the scheduling of classes and clinicals.,not about availability,availability,0.1896650493144989
The system shall use symbols and words that are naturally understandable by the user community.,not about availability,availability,0.15604418516159058
The verbiage used within the system shall be consistent with Standard English and the terminology of the national Nursing Community.,not about availability,availability,0.1745661050081253
Staff members shall be able to complete a set of tasks in a timely manner.,not about availability,availability,0.20168021321296692
The response time of general student management tasks shall take no longer than 5 seconds and the response time of schedule generation shall take no longer than 30 seconds.,not about availability,availability,0.16134898364543915
The system shall be available for use between the hours of 8am and 6pm.,availability,availability,0.25186148285865784
The system shall achieve 95% up time.,availability,availability,0.26935142278671265
system shall be able to handle all of the user requests/usage during business hours.,not about availability,availability,0.2719300091266632
The system shall cater to 10 simultaneous users from 9am to 5pm.,not about availability,availability,0.18004538118839264
The system shall be capable of processing 100% of nursing students and their classes for the next 10 years.,not about availability,availability,0.11213403195142746
The system shall be expected to manage the nursing program curriculum and class/clinical scheduling for a minimum of 5 years.,not about availability,availability,0.05486097186803818
The system shall able to operate within a business office environment typical of the Nursing Department at DePaul University.,not about availability,availability,0.14371392130851746
The system shall be used within the specifications defined by the computers used by the Program Administrators/Nursing Staff Members.,not about availability,not about availability,0.1369149088859558
The system shall operate within the Windows XP Professional operating system.,not about availability,not about availability,0.11365785449743271
The system shall interface with CampusConnect’s central server,not about availability,not about availability,0.26616397500038147
The system shall interface with the faculty central server.,not about availability,not about availability,0.2342049479484558
The system shall interface with the student master server.,not about availability,not about availability,0.23072153329849243
We must be able to interface with any HTML browser.,not about availability,availability,0.163497656583786
Only authorized users shall have access to clinical site information.,not about availability,not about availability,0.15495508909225464
Program Administrators/Nursing Staff Members are the only people who shall have access to clinical site details.,not about availability,not about availability,0.09475841373205185
Only authorized users shall have access to students’ personal information.,not about availability,not about availability,0.15098892152309418
Dr Susan Poslusny and Dr Julie Donalek are the only people who shall have access to students’ personal information.,not about availability,not about availability,0.10387887805700302
Only authorized users shall have access to the portion of the system that interfaces with CampusConnect.,not about availability,not about availability,0.19310571253299713
Fit Criterion: Dr Susan Poslusny and Karen Sysol are the only people who shall have access to the final class section scheduling for the system that interfaces with CampusConnect.,not about availability,availability,0.280998170375824
The system shall have basic data integrity checking to reduce the possibility of incorrect or invalid data being introduced.,not about availability,not about availability,0.13239924609661102
The system shall protect private information in accordance with the organization’s information policy.,not about availability,not about availability,0.12215407192707062
The system shall be built such that it is as secure as possible from malicious interference.,not about availability,not about availability,0.19462017714977264
The system shall use the organization’s standard virus protection software to help monitor threats to itself.,not about availability,not about availability,0.1122838705778122
The Disputes application shall comply with the corporate standards for user interface creation for internally and externally used applications.,not about availability,not about availability,0.16075289249420166
All screens created as part of the Disputes application must comply with corporate standards for interface creation.,not about availability,not about availability,0.08782677352428436
The list of dispute cases that are displayed after a search is performed must be color coded for easy identification of dispute cases based upon the dispute case status.,not about availability,availability,0.11462265253067017
100% of the cardmember and merchant services representatives shall use the Disputes application regularly after a 2-day training course.,not about availability,availability,0.16060051321983337
100% of cardmember services representatives shall be able to successfully create a dispute case on the first encounter after completing the training course.,not about availability,availability,0.15577247738838196
100% of merchant services representatives shall be able to successfully perform a follow up action on a dispute case on the first encounter after completing the training course.,not about availability,availability,0.21613384783267975
The maximum wait time for a user navigating from one screen to another within the Disputes application shall be no more than 5 seconds.,not about availability,availability,0.18691971898078918
The Disputes application shall support 350 concurrent users without any degradation of performance in the application.,not about availability,not about availability,0.26714253425598145
 The Disputes application shall be available 24x7x365  with the exception of the following scheduled maintenance windows.  Monday – Saturday 3:00am to 4:00am EST Sunday 1:00amd to 5:00am EST,not about availability,availability,0.3064601421356201
The Disputes application shall interface with the Statement Database. The Statement Database provides the transaction details to the Disputes System. All transaction details must be obtained from the Statement Database,not about availability,not about availability,0.14465686678886414
The Disputes application shall interface with the Cardmember Information Database.  The Cardmember Information Database provides detailed information with regard to a cardmember.  All cardmember detail information must be obtained from the Cardmember Information Database.,not about availability,not about availability,0.1156843900680542
The Disputes applications shall interface with the Merchant Information Database.  The Merchant Information Database provides detailed information with regard to the merchant. All merchant detail information shall be obtained from the Merchant Information Database.,not about availability,not about availability,0.10184407979249954
The Disputes application shall interface with the Letters application.  This will allow the Disputes application to request letters as part of the dispute initiation and dispute follow up process. All letter requests must be sent to the Print Letter Utility application.,not about availability,availability,0.09985475987195969
The Disputes application shall interface with the Cardmember Posting and Billing System.  This will allow the Disputes application to request adjustments to cardmember and merchant’s accounts. All adjustment requests must be sent to the Cardmember Posting and Billing System.,not about availability,availability,0.12599864602088928
The Disputes application shall ensure that only users with the appropriate access level are allowed to initiate dispute requests.,not about availability,not about availability,0.1317460536956787
Only users with Update access must be able to initiate dispute requests.,not about availability,not about availability,0.19388899207115173
The Disputes application shall ensure that only authorized users are allowed to logon to the application.,not about availability,availability,0.09258297085762024
 All authorized users  once authenticated must be able to logon to the Disputes System,not about availability,availability,0.13274450600147247
The Disputes System shall generate a User Report that details any new users that have been added and any changes to an existing user’s access level.  The report will be reviewed for auditing purposes.,not about availability,availability,0.08521954715251923
All additions of new users and modifications to user’s access shall be recorded on the User Report.,not about availability,availability,-0.0031882659532129765
 If a user account is revoked  it can only be re-instantiated by the System Administrator.,not about availability,availability,0.016724202781915665
Only the System Administrator shall be able to reset a revoked user logon account,not about availability,not about availability,0.023823648691177368
The Disputes application shall manipulate and view business data. Users will not have direct access to data files or databases.,not about availability,not about availability,0.180029034614563
All updates to data files or database must be initiated from the Disputes System.,not about availability,availability,0.09171368181705475
The Disputes application must conform to the legal requirements as specified by the Merchant Operating Regulations.,not about availability,availability,0.09368403255939484
All business rules specified in the Disputes System shall be in compliance with the Merchant Operating Regulations.,not about availability,availability,0.08232210576534271
The Disputes application must conform to the legal requirements as specified by Regulation E and Regulation Z that govern credit card disputes processing.,not about availability,availability,0.10458140075206757
All business rules specified in the Disputes System shall be in compliance to the guidelines of Regulation E and Regulation Z.,not about availability,availability,0.09058251231908798
The Disputes application must maintain a detailed history of every action that a user takes on a dispute case.  This ensures a complete audit trail if questions arise later on with regard to a particular dispute case.,not about availability,availability,0.09441253542900085
All actions that modify an existing dispute case must be recorded in the case history.,not about availability,not about availability,-0.017725538462400436
The product must support Internet Explorer 5.5 and above.,not about availability,not about availability,0.10769814252853394
The product must support Mozilla Firefox 1.0 and above.,not about availability,not about availability,0.09886335581541061
The product shall interface with the Choice Parts System.  This provides the feed of recycled parts data.,not about availability,availability,0.1882154643535614
The product shall run on the existing hardware for all environments.,not about availability,not about availability,0.22727864980697632
The product shall adhere to the corporate Architecture guidelines,not about availability,availability,0.2101326286792755
The product shall comply with corporate User Interface Guidelines,not about availability,availability,0.23840902745723724
The product shall comply with corporate color scheme,not about availability,availability,0.1967325061559677
The appearance of the product shall appear professional,not about availability,availability,0.24470460414886475
The product shall be easy to use by Adjusters and Collision Estimators.  95% of Adjusters and Collision Estimators shall find the product easy to use.,not about availability,availability,0.08563728630542755
The product shall increase productivity of Collision Estimators. 80% of the Collision Estimators shall agree their productivity has increase within 1 month of using the product.,not about availability,availability,0.19844859838485718
Users shall feel satisfied using the product.  85% of all users will be satisfied with the product.,not about availability,availability,0.25236278772354126
The product shall be easy to learn by Adjusters and Collision Estimators.  The product shall be learned with two days onsite training,not about availability,availability,0.18399515748023987
The user shall easily locate instructions while using the product.  User help can be found within 90% of the system.,not about availability,not about availability,0.02069077081978321
The search for recycled parts shall take no longer than 15 seconds.  The search results shall be returned in under 15 seconds.,not about availability,availability,0.14221829175949097
The search for the preferred repair facility shall take no longer than 8 seconds.  The preferred repair facility is returned within 8 seconds,not about availability,availability,0.2657923102378845
The recycled parts audit report shall be returned to the user within 10 seconds.  The audit report shall be returned within 10 seconds.,not about availability,availability,0.06766872853040695
The preferred repair facility ratings shall be saved within 5 seconds. The save shall occur within 5 seconds.,not about availability,availability,0.2293364554643631
The product shall adhere to the corporate online availability schedule.  The application is brought down only within 98% of the scheduled outages per the availability schedule.,availability,availability,0.4611375331878662
The product shall achieve a 98% uptime. The product shall not fail more than 2% of the available online time.,availability,availability,0.39209967851638794
The product shall be able to handle up to 1500 simultaneous users. The system shall perform with 1500 users as a time.,not about availability,availability,0.21191135048866272
 The average number of recycled parts records per day shall be 50 000.,not about availability,availability,0.07938896864652634
 The product shall be able to handle 10 000 concurrent users within 2 years of the initial launch.,not about availability,availability,0.23895585536956787
 For estimators  the product shall be able to be operated in a repair facility during dirty and noisy conditions.,not about availability,availability,0.2681907117366791
The product shall interface with the ChoiceParts system once per day at approximately 1:00 AM.,not about availability,availability,0.2633504867553711
The maintenance of the product will fall within the established corporate maintenance windows.,not about availability,availability,0.2707703411579132
The product shall be supported using the corporate support center.,not about availability,not about availability,0.24252472817897797
Product installations and upgrades shall be handled by the middleware technology team within established launch time frames.,not about availability,not about availability,0.25742363929748535
Only adjusters can request recycled parts audit reports. No users without an adjuster role shall request recycled parts audits.,not about availability,availability,0.02502182498574257
Only adjusters with a supervisor role can update preferred repair facility ratings. Users without the supervisor role cannot access the repair facility ratings.,not about availability,availability,0.12160032987594604
Only collision estimators shall search for recycled parts.  Users without the collision estimator role shall not have access to the search for recycled parts.,not about availability,not about availability,0.1619618833065033
Only valid data shall be entered into the system.  No invalid data shall be entered into the system.,not about availability,availability,0.2518150508403778
One insurance company shall not be able to view another insurance companys claim data.,not about availability,not about availability,0.16240237653255463
The product shall free of computer viruses.,not about availability,not about availability,0.20626892149448395
The system shall prevent malicious attacks including denial of service.,not about availability,not about availability,0.16114453971385956
The product must comply with Sarbanes-Oxley.,not about availability,availability,0.13812284171581268
The product shall comply with the estimatics laws relating to recycled parts usage.,not about availability,availability,0.13062357902526855
The product shall comply with insurance regulations regarding claims processing.,not about availability,not about availability,0.1765274852514267
 The product must work with most database management systems (DBMS) on the market  whether the DBMS is colocated with the product on the same machine or is located on a different machine on the computer network.,not about availability,not about availability,0.22974896430969238
The product will function alongside server software on any operating system where the Java runtime can be installed.,not about availability,not about availability,0.14329823851585388
The product will require collaboration with a database management system (DBMS).  The DBMS may be located on the same machine as the product or on a separate machine residing on the same computer network.,not about availability,availability,0.23750123381614685
 The product must make use of web/application server technology.  Open source examples include Apache web server  Tomcat  and the JBoss application server.,not about availability,availability,0.1477259248495102
 A database management system such as Oracle  DB2  MySql or HSQL will need to be integrated with the product.,not about availability,not about availability,0.15596817433834076
 The product’s Look and Feel shall be able to incorporate aspects of the customer’s organization such as logo  branding  and identity,not about availability,availability,0.15859860181808472
The product shall have a conservative and professional appearance.,not about availability,availability,0.24226920306682587
The product shall make the users want to use it. 80% of the users surveyed report they are regularly using the product after the first 2 weeks post-launch.,not about availability,availability,0.2828623950481415
The product shall be easy to use. 90% of users will be able to successfully reserve a conference room within 5 minutes of product use.,not about availability,availability,0.2531389594078064
The product shall give users feedback when necessary. 80% of the users surveyed report that the product accurately confirms their actions.,not about availability,availability,0.24534372985363007
The product shall allow the user to select a chosen language from one of the target market countries.,not about availability,availability,0.1440364420413971
The product shall allow for customization of start page and views preferences.,not about availability,availability,0.061359696090221405
 An employee will be able to successfully use the product within a few minutes.  After informally navigating the product for less than 15 minutes  users shall be able to successfully setup meetings and reserve conference rooms.,not about availability,availability,0.2639921009540558
The product shall use a standard navigation menu familiar to most web users.,not about availability,availability,0.07420165836811066
The product shall allow for intuitive searching of available conference rooms.,not about availability,availability,0.15197943150997162
The product shall conform to the Americans with Disabilities Act.,not about availability,availability,0.15828591585159302
The response shall be fast enough to avoid interrupting the user’s flow of thought.  90% of tasks shall complete within 5 seconds.  98% of tasks shall complete within 8 seconds.,not about availability,availability,0.15102553367614746
 Aside from server failure  the software product shall achieve 99.99% up time.,availability,not about availability,0.3362530767917633
The product shall create an exception log of problems encountered within the product for transmission to our company for analysis and resolution.,not about availability,not about availability,0.17492638528347015
 The product shall be capable of handling up to 1 000 concurrent requests.  This number will increase to 2 000 by Release 2.  The concurrency capacity must be able to handle peak scheduling times such as early morning and late afternoon hours.,not about availability,availability,0.2648859918117523
 The product shall be able to process 10 000 transactions per hour within two years of its launch.  This number will increase to 20 000 by Release 2.,not about availability,availability,0.23653408885002136
The product shall be expected to operate for at least 5 years for each customer installation.,not about availability,availability,0.21492505073547363
The product shall be used in office environments.,not about availability,availability,0.23367837071418762
The product must be able to interface with any HTML browser.  The product shall transmit data between the user and the product without problems. The product shall display HTML properly in 80% of all HTML browsers tested (minimum is to test 8 browsers).,not about availability,availability,0.18789544701576233
The product must be able to interface with various database management systems. The product shall communicate successfully with the database management system on 100% of all transactions.,not about availability,not about availability,0.2540965676307678
The product must be able to interface with various email servers. The product shall be able to send email.,not about availability,not about availability,0.22952869534492493
The product shall be available for distribution via the Internet as a binary or ZIP file.,not about availability,availability,0.24290163815021515
The product shall be available for distribution as a packaged CD.,not about availability,availability,0.23830479383468628
 The product will be available for licensing as a one-server  two-five servers  or five-or-more servers license.,not about availability,availability,0.24445722997188568
A new user must be able to be added to the system within 10 minutes.  90% of new users are able to log into the system within 10 minutes.,not about availability,availability,0.07744394987821579
The product must be designed using Design Patterns and coding best practices.  90% of maintenance software developers are able to integrate new functionality into the product with 2 working days.,not about availability,availability,0.19982102513313293
The product must be highly configurable for use with various database management systems for the end users.  80% of end users are able to integrate new database management systems with the product without changing the product’s software code.,not about availability,not about availability,0.16734397411346436
Maintenance releases will be offered to customers once a year.  The releases shall take no longer than 5 minutes for 80% of the customer base to install.,not about availability,availability,0.26103973388671875
Every registered user will have access to the product’s support site via the Internet.  70% of registered users shall find a solution to their problem within 5 minutes of using the support site.,not about availability,availability,0.29460301995277405
The customer shall be able to easily integrate new building maps with the product throughout the product’s lifecycle.  Integration of new maps with the product shall be possible with little to no support from product support staff.,not about availability,availability,0.17788156867027283
 The product shall be translated into foreign languages other than the target market countries’ languages in future releases.  For each emerging target market  it shall take no more than 5 days to configure the product for that market’s language.,not about availability,availability,0.12008894979953766
 The product is expected to integrate with multiple database management systems.  The product will operate with Oracle  SQL Server  DB2  MySQL  HSQL  and MS Access.,not about availability,not about availability,0.18862837553024292
The product shall be able to be installed in any operating environment within 2 days.,not about availability,availability,0.24258644878864288
The product shall ensure that only company employees or external users with company-approved user IDs may have product access.  100% of all logons shall be by either company employees or external users with company-approved user IDs.,not about availability,not about availability,0.15615418553352356
Only managers are able to perform search queries for reservations by user.  100% of all search queries for reservations by user shall be from logons of only management logons.,not about availability,availability,0.1876545399427414
The product shall ensure that the database’s data corresponds to the data entered by the user.  Each conference room reservation in the system will contain the same information as was entered by the user.,not about availability,availability,0.2607002556324005
The product shall prevent the input of malicious data.  The product and/or adjacent hardware/software systems’ data shall remain 100% uncorrupted each time malicious data is input into the product.,not about availability,not about availability,0.2134416252374649
The product and/or dependent databases/filesystems shall remain operational as a result of the input of malicious data.  The product and/or dependent databases/filesystems shall not crash 100% of the time that malicious data is input into the product.,not about availability,not about availability,0.2609444856643677
The product shall have the ability to receive automatic software updates as new threats emerge.  100% of customers will be able to receive automatic software updates transmitted to the installed product.,not about availability,availability,0.22646401822566986
The language of the product shall accommodate all of the target market countries. 90% of survey respondents from each target market country will find that the language of the product is acceptable.,not about availability,availability,0.1643678992986679
The product shall be able to display calendar dates and times according to the user’s locale.  90% of survey respondents from each target market country will find that the date and time formatting of the product is correct.,not about availability,availability,0.1697780042886734
The product must be developed with the J2SE/J2EE programming language libraries,not about availability,availability,0.19175943732261658
Recreation of Inventory Quantity Adjustment for the period of previous 30 days shall take no more than 30min.,not about availability,availability,0.19775214791297913
The System shall allow for a minimum of  6 users to work at the same time.,not about availability,availability,0.22683246433734894
The System shall utilize currently owned computer equipment.,not about availability,availability,0.20660267770290375
The System shall be able to automatically backup business data and restore them on demand.,not about availability,availability,0.20891506969928741
The System shall maintain consistent security.  Any changes in user passwords and/or permissions should take affect in all parts of the System.,not about availability,not about availability,0.15630437433719635
The System shall granularly control access rights to all major subsystems.  It should be possible to assign access rights to all subsystems independently.,not about availability,not about availability,0.08666360378265381
The System shall meet all applicable accounting standards.  The final version of the System must successfully pass independent audit performed by a certified auditor.,not about availability,availability,0.11905962228775024
The System shall not require additional third party licenses resulting in royalty fees.,not about availability,not about availability,0.12020940333604813
Administrator shall be able to activate a pre-paid card via the Administration section in under 5 seconds.,not about availability,availability,0.08680801093578339
 Customer shall be able to check the status of their prepaid card  by entering in the PIN number  in under 5 seconds.,not about availability,availability,0.19119596481323242
System shall let customers register on the website as a “pay as you go” user in under 5 minutes.,not about availability,availability,0.15783703327178955
System shall let customers register on the website as a “unlimited movie subscriber” user in under 10 minutes.,not about availability,availability,0.20955894887447357
System shall let existing customers log into the website with their email address and password in under 5 seconds.,not about availability,availability,0.12401311844587326
 System shall let customers cancel their account  process shall take no longer than 2 minutes.  Database will mark the account as inactive  and user will not be able to log into the website.,not about availability,availability,0.13384215533733368
System shall let administrator de-activate a customer account in under 1 minute. Customer will no longer be able to access the website.,not about availability,availability,0.12589199841022491
System shall let administrator add/remove movies on the website in under 5 minutes.  Entered movie information will be stored in the database and will now be available on the website.,not about availability,availability,0.08530490100383759
System shall let the administrator add/remove categories on the website in under 5 minutes.,not about availability,availability,0.05108457803726196
System shall let Izogn Manager access sales and usage statistics in under 2 minutes.,not about availability,availability,0.2260158360004425
System shall let administrators generate unique pre-paid pins in under 2 minutes and generate an Excel file with the generated PINs.,not about availability,availability,0.10318891704082489
The website shall be attractive to all audiences.  The website shall appear to be fun and the colors should be bright and vibrant.,not about availability,availability,0.2020293027162552
 The website should have an African feel  but should not alienate non-Africans.  The website should use animation on pages which are describing the services  to grab the users attention and encourage them to sign up.,not about availability,availability,0.08278854936361313
 The website design should be modern  clean  and concise.,not about availability,availability,0.11815342307090759
The product should be able to be used by 90% of novice users on the Internet.,not about availability,availability,0.2272963970899582
 Users should only have to navigate through a maximum of 4 pages  to create an account with the website.,not about availability,availability,0.023190319538116455
Users should be able to access their streaming movies in under 2 clicks after logging into the website.,not about availability,availability,0.1537124067544937
An anonymous survey will show that 70% of customers are comfortable purchasing streaming movies after 2 weeks using the website.,not about availability,availability,0.26216834783554077
An anonymous survey will show that 95% of customers are comfortable using and purchasing pre-paid cards after a month of using the system.,not about availability,availability,0.21291807293891907
The product shall retain the customer’s buying preferences and information.,not about availability,availability,0.27704572677612305
The product shall be easy for customers with novice skills on the  Internet to purchase and watch streaming movies.  Customers should be able to purchase and watch a pre-determined movie in under 3 minutes.,not about availability,availability,0.20328296720981598
The product shall use symbols and words that are naturally understandable by users familiar with websites,not about availability,availability,0.1869983673095703
The website will use standard Internet conventions when interacting with the user.,not about availability,availability,0.14296561479568481
 Any interface between a user and the automated system shall have a maximum response time of 5 seconds  unless noted by an exception below.,not about availability,availability,0.17373143136501312
 When purchasing a streaming movie or pre-paid card via credit card  the processing time should have a maximum response time of 15 seconds.,not about availability,availability,0.10272660851478577
 When streaming a movie  the buffering time should take no longer than 10 seconds (plus any latency on the user’s connection.),not about availability,availability,0.1217174157500267
 While streaming a movie  buffering should only occur if there is latency in the user’s connection.,not about availability,not about availability,0.21405762434005737
 All credit card information will be secured on the server  and only accessible by authorized Izogn administrators.  Information will be encrypted in the database.,not about availability,not about availability,0.09953787922859192
 The website shall be available for use 24 hours per day  365 days per year.,availability,availability,0.25481516122817993
The website shall achieve 99.5% up time.,availability,availability,0.24231672286987305
 All movies shall be streamed on demand  at any time of the day.,availability,availability,0.24648086726665497
The website shall continue to operate if the streaming server goes down.,not about availability,availability,0.3343410789966583
The website shall continue to operate if the payment gateway goes down.,not about availability,availability,0.2831595242023468
The streaming server will support 50 simultaneous streaming connections.,not about availability,availability,0.20819918811321259
The streaming server will support a maximum of 700 movies  new servers can be added to support more movies.,not about availability,availability,0.1849595606327057
 The server will support a maximum of 1 000 simultaneous users.,not about availability,availability,0.2060679793357849
 The website shall be capable of supporting 100 000 customers.,not about availability,availability,0.17630688846111298
The product shall be expected to operate within the maximum maintenance budget for a minimum of 2 years.,not about availability,availability,0.25806933641433716
All aspects of the website shall be accessed by a web browser over the Internet.,not about availability,availability,0.17414136230945587
The same hardware supporting the current website will be used to support the new system.,not about availability,not about availability,0.17293235659599304
 We must be able to interface with the following browsers: IE 5.X  6.0  Netscape 6.x  7.x  8.x and Firefox 1.0.,not about availability,availability,0.12663979828357697
Website must interface with the CyberSource API to process credit card transactions.,not about availability,availability,0.11348387598991394
Website must be fully operational with MSN TV2.,not about availability,availability,0.29814812541007996
Movies shall be encoded and streamed via Windows Media Player 9.0.,not about availability,availability,0.1359933316707611
Movies shall be encoded for 56k and 256k streams.,not about availability,availability,0.19167186319828033
Promotional updates to the website should take a day to update.,not about availability,availability,0.18684081733226776
Izogn Administrator must be able to update the category listings on the website within 2 minutes.,not about availability,availability,0.10674941539764404
Izogn Administrator must be able to add new products to the website within 2 minutes.,not about availability,availability,0.14906395971775055
The system will provide a 24 hour 800 toll free number for support to its customers.,availability,availability,0.17019709944725037
The website will provide a help section with answers and solutions to common problems.,not about availability,availability,0.20250339806079865
 Velkat staff will be available for phone support between 7am-7pm  M-F to provide technical support to the Izogn administrators.,availability,availability,0.17702387273311615
The product shall be able to be installed in the specified environment within 1 working day.,not about availability,availability,0.27209365367889404
Only registered customers can purchase streaming movies.,not about availability,not about availability,0.25156667828559875
 A customer can only stream a movie if they purchased it  and are within the 2 day viewing period.,not about availability,availability,0.24358054995536804
Only authorized personnel can access customer records in the database.,not about availability,not about availability,0.14471448957920074
Only administrators can activate a pre-paid card.,not about availability,not about availability,0.13211581110954285
Only authorized personnel can access sales information.,not about availability,not about availability,0.15789973735809326
The website shall prevent its data from being corrupted when incorrect data is entered in.,not about availability,not about availability,0.1422557532787323
 The website shall protect itself from intentional abuse  and notify the administrator at all occurrences.,not about availability,not about availability,0.06241563707590103
Data integrity scripts will be run on a weekly basis to verify the integrity of the database.,not about availability,availability,0.1479865461587906
 The website shall make its user aware of its information practices before collection data from them via a Privacy Policy  accessible on all pages of the website.,not about availability,not about availability,0.0735122412443161
The system shall notify customers of changes to its information policy.,not about availability,not about availability,0.18131402134895325
The system shall reveal private information only in compliance with the organization’s information policy.,not about availability,not about availability,0.1508437693119049
 All customer information will be stored on a secure database  accessible only to authorized personnel.,not about availability,not about availability,0.1739586591720581
All credit card information will be encrypted in the database.,not about availability,not about availability,0.059601910412311554
The streaming server will have anti-virus software to prevent infection of malicious viruses.,not about availability,not about availability,0.2202567756175995
The website should cater to all tribes in Nigeria.,not about availability,availability,0.13026051223278046
The website shall not be offensive to religious or ethnic groups.,not about availability,not about availability,0.0553760752081871
 The website should appeal to all Africans  not only Nigerians.,not about availability,not about availability,0.08935536444187164
The website should use Flash to provide animation on the home page.,not about availability,availability,0.05626775324344635
IzognMovies shall meet the licensing requirements set forth by the appropriate organizations in order to stream African movies.,not about availability,availability,0.11566749960184097
The website will comply with W3C standards.,not about availability,availability,0.15927912294864655
The PHP code will comply with PEAR standards.,not about availability,availability,0.13450349867343903
Total lead cycle time must be completed in 5 minutes for 90% of lead volume between the business hours of 8AM CST to 8PM CST  then 3 minutes for 99% of lead volume during off business hours.,not about availability,availability,0.05473233759403229
No lead evaluation will complete in a time period longer than 25 seconds for 97% of all leads processed.,not about availability,availability,0.11632921546697617
For leads that process longer than 25 seconds the system will record the event and duration,not about availability,availability,0.08313270658254623
The process must fit within the processing time conditions set forth by the Auto Rep Assignment process in which a lead is assigned within 3 minutes of the total life cycle.,not about availability,availability,0.15927201509475708
The lead washing process will operate within the established physical web service structure.,not about availability,availability,0.09472410380840302
 The washing process must use a non binding  neutral data format  such as xml  when receiving and processing lead data.,not about availability,not about availability,0.07572851330041885
Defect reports will be available to technical units on a 24x7 basis.,availability,availability,0.14731930196285248
Washing parameters will be updated during scheduled maintenance hours.,not about availability,availability,0.114771269261837
The product shall simulate the look of ships at sea.,not about availability,availability,0.11791323125362396
The product shall display the grids within a circle as a view from a periscope.,not about availability,availability,0.14631244540214539
The product shall display each type of ship in a grid using an image of the specific type of ship.,not about availability,availability,0.17580342292785645
 When the offensive player takes a shot  the product shall simulate the sound of a ship at sea.,not about availability,not about availability,0.1955590546131134
 When a shot is marked as a miss  the product shall simulate the sound of a shot missing its target.,not about availability,availability,0.19554807245731354
 When a shot is marked as a hit  the product shall simulate the sound of a shot hitting its target.,not about availability,availability,0.14069345593452454
 When a ship is sunk  the product shall simulate the sound of a sinking ship.,not about availability,availability,0.2259039282798767
 The product shall be available 24 hours per day  seven days per week.,availability,availability,0.28134283423423767
The product shall able to handle a large number of games simultaneously.,not about availability,not about availability,0.2640315890312195
The response time shall be fast enough to maintain the flow of the game.  The response time shall be no more than 2 seconds for 95% of responses and no more than 4% for the remaining responses.,not about availability,availability,0.21739310026168823
The product shall protect the identity of the players. The product shall provide players no access to information that might reveal the identity of another player.,not about availability,not about availability,0.2069665640592575
The product shall be intuitive and self-explanatory.  Nine out ten users shall be able to successfully complete a game with no training.,not about availability,availability,0.2634481191635132
 The product shall be available to players who understand English  Spanish and French.  The product shall allow the user to select the language upon accessing the product.,not about availability,availability,0.20147646963596344
The product shall provide players no access to information that might reveal the identity of another player,not about availability,not about availability,0.2283496856689453
The response time shall be fast enough to maintain the flow of the game. The response time shall be no more than 2 seconds for 95% of responses and no more than 4% for the remaining responses.,not about availability,availability,0.21739310026168823
The system shall be easy to use by callers and supervisors. Callers and supervisors must be able to accomplish any system task within 2 minutes.,not about availability,availability,0.24196280539035797
The system shall be easy to learn by callers and supervisors. Callers and supervisors shall learn how to use the system within 10 minutes.,not about availability,availability,0.1642240285873413
 The system shall be responsive. At the DePaul TeleServices Center  when a supervisor uses the system to view a callers schedule  the system response time must be no more than 2 seconds 90% of the time and no more than 5 seconds the rest of the time.,not about availability,availability,0.2162540704011917
 On a 56k connection  the system response time for all operations must be no more than 6 seconds 90% of the time.,not about availability,availability,0.1628771424293518
 On a 112k connection or faster  the system response time for all operations must be no more than 3 seconds 90% of the time.,not about availability,not about availability,0.17361792922019958
The system shall have high availability every day of the year.The system must be available for use between 12:00AM and 6:00PM all days of the year.,availability,availability,0.38233682513237
The system must be available for use between 7:00AM and 11:59PM all days of the year.,availability,availability,0.2679959237575531
The product shall be internet browser independent.The product must run using Internet Explorer and Netscape Navigator.,not about availability,availability,0.20664474368095398
The product shall ensure that only supervisors can advertise empty time slots.The product must ensure that supervisors are allowed to access advertise empty time slots.,not about availability,availability,0.2685421109199524
The product shall ensure that only supervisors can enter a caller’s schedule.The product must ensure that supervisors are allowed to access advertise empty time slots.,not about availability,availability,0.2589913308620453
The product shall ensure that only supervisors can view schedule of all callers.The product must ensure that supervisors are allowed to access advertise empty time slots.,not about availability,availability,0.24946734309196472
 The interface shall have a simple look. In the interface and usability survey  90% of beta testers must report that the interface is adequately simple.,not about availability,availability,0.15902042388916016
 The interface shall be appealing to callers and supervisors. In the interface and usability survey  80% of beta testers must report that the interface is appealing.,not about availability,availability,0.22166599333286285
The product shall provide GUI based Monitoring Services.System Administrators shall monitor message exchanges will predict and determine problems and will also provide internal and external support.,not about availability,availability,0.22282283008098602
The product shall comply with City of Chicago Application Development Guide Framework.Application Development Framework will provide structured Graphical User Interface.,not about availability,availability,0.13440737128257751
The product shall provide Monitoring Services.The product shall be easy for System Administrators and DBAs to use after two weeks of usage.,not about availability,availability,0.2740894556045532
The product shall provide Error Tracking Services.The product shall help the System Administrators and DBAs to resolve transaction errors 99% of the time.,not about availability,not about availability,0.2463693767786026
The product shall provide Portals.The product shall help System Administrators to analyze the transactions with ad-hoc reporting and KPIs (Key Performance Indicators),not about availability,not about availability,0.22220543026924133
The product shall provide Asynchronous Messaging.The product shall provide asynchronous messaging to enable parallel processing and reduce the overhead in communications,not about availability,not about availability,0.33134332299232483
The product shall provide Multi-threading and Load Balancing.The product shall provide multi-threading technology as well as load balancing to overcome data load spikes and traffic.,not about availability,not about availability,0.2854650318622589
The product shall process messages within 2 seconds.The product shall have a maximum message processing time of 2 seconds,not about availability,availability,0.24293209612369537
The product shall poll the system for messages every second.The product shall poll the system for new messages at a maximum of every 1 second.,not about availability,availability,0.2787497639656067
The product shall provide Dynamic Change Support and Transparent resource addition.The product shall support Transparent Resource addition and Dynamic Change support to provide scalability and avoid service interruptions of more than 1 day.,not about availability,availability,0.35370078682899475
The product shall be available 99% of the time. Rationale: To avoid service interruption during busiest customer service response periods. The product shall be available 99.99% of the time for regular business days.,availability,availability,0.35495564341545105
The product shall be robust.The product shall have fault avoidance based on standards adoption.,not about availability,not about availability,0.2878739833831787
The product shall be robust with fault tolerance.The product shall have fault tolerance by using recovery technique compensatory transaction and routing around failures.,not about availability,not about availability,0.3435121774673462
The product shall be able to process all transactions.The product shall process minimum of 1 million transactions per year.,not about availability,availability,0.24606923758983612
The product shall be platform independent.The product shall enable access to any type of development environment and platform.,not about availability,not about availability,0.2737337350845337
The product shall interface CSR and Datastream.The product shall exchange messages between CSR and EAM on a real time basis without any direct interfaces between two systems.,not about availability,availability,0.24640965461730957
 : The product shall continue to operate during upgrade  change or new resource addition.The product shall be able to continue to operate with no interruption in service due to new resource additions.,not about availability,availability,0.3461998403072357
The product shall be updated on a regular basis.The product will have a new major feature introduced every six months and quarterly maintenance releases every six months.,not about availability,availability,0.24422498047351837
The product shall operate with every platform.The product shall accommodate any new technology without any change in its architecture.,not about availability,not about availability,0.28038737177848816
 The product shall have security.The product shall provide authentication  and authorization.,not about availability,availability,0.21837271749973297
The product shall information Security. The product shall enable privacy by encryption WS-Security and Integrity Checking.,not about availability,not about availability,0.2000439167022705
The product shall have audit capabilities.The product shall store messages for a minimum of one year for audit and transaction tracking purposes.,not about availability,availability,0.2069110870361328
The system shall use IBM and CCR branding standards. The interface must have one IBM logo and one CCR logo.,not about availability,availability,0.14174406230449677
The system shall be displayable on any work computer a CCR user may have. The system interface shall be formatted to display at 800 by 600 pixel resolution.,not about availability,availability,0.15818428993225098
The system interface will use CCR nomenclature. The system must use the same nomenclature used in the existing WCS system and reports,not about availability,not about availability,0.07944153994321823
The interface must summarize the data in a fashion that’s appealing to CCR management. Every report type must have at least one high level summary shown in the results dashboard/interface,not about availability,availability,-0.015905363485217094
The system must use a point and click interface. 100% of all selection and navigation functionality must be able to be activated/selected by either a mouse or a keyboard,not about availability,availability,0.10453897714614868
The interface shall be easy to use. 90% of users should be able to successfully use the system to generate a report on their first use. The interface should adhere to IBM usability standards.,not about availability,availability,0.19760216772556305
Rreports must be easy to generate. eports must be generated within one button click and exported within one button click (after selecting the report),not about availability,not about availability,-0.06473363190889359
A user shall be able to use the system without instruction after a short amount of time. After one use a user should understand and remember 90% of the system usage and navigation.,not about availability,availability,0.20010623335838318
All CCR users shall receive training before the WCS system is deployed. One training session will be held for 100% of CCR users before system deployment (based on a CCR user being available),not about availability,availability,0.164044588804245
The WCS system shall use appropriate nomenclature and terminology as defined by the Corporate Community Grants organization. All interfaces and reports will undergo usability tests by CCR users.,not about availability,availability,0.14070351421833038
The WCS system shall be available at all times as long as IBM’s internal intranet W3 is accessible. The WCS system will be available 95% of the time IBM’s internal intranet W3 is available.,availability,availability,0.2842167019844055
The WCS system shall have the ability to connect other designated WCS databases currently not included in the system.,not about availability,not about availability,0.20616430044174194
The WCS system shall have the ability to include data for regions outside the United States and be accessed by users outside of the United States if approved by CCR management.,not about availability,not about availability,0.13917596638202667
The WCS system shall be run in a Windows environment. The WCS shall be accessed by users through the Internet on an IBM computer running a Windows 2000 or above operating system.,not about availability,availability,0.10921145975589752
The Brio portion of the WCS system must be able to export files in spreadsheet form (Microsoft Excel and Lotus 1-2-3 formats).  Brio will provide buttons in the user interface that produce/export reports in .xls or .123 file formats.,not about availability,availability,0.06716448068618774
The WCS system must run queries to the WCS databases once again (on a specified day) to update the available data available to CCR users. Queries must be made to external databases for data refresh once a week.,not about availability,availability,0.19165976345539093
 All changes  updates  and additions to the WCS system shall be updated in the WCS Developer and WCS User Guides. Every change must be reflected in WCS system documentation,not about availability,availability,0.04293332248926163
The system shall only be accessed by authorized Corporate Community Grants (CCR) employees. Users must be authenticated using their IBM intranet user name and password.,not about availability,availability,0.1324092447757721
The WCS system shall not allow automatic logins by any user. Cookies containing WCS login information about a user will not be stored on a user’s computer.,not about availability,not about availability,0.014915825799107552
Each team owner will need to use a username and password in order to be authenticated to reach the team owner’s page,not about availability,not about availability,0.10038131475448608
The Commissioner will be the only authorized user per league to adjust league settings.,not about availability,not about availability,0.09433125704526901
Each page shall contain a navigation menu which shows the index into which the current page is contained.,not about availability,availability,0.007273142226040363
Each page shall contain a similar format with action items in one location and navigation buttons in a different location.,not about availability,availability,0.0769834816455841
The message board shall contain the 5 most recently posted messages on the league page. The messages will contain up to the first 150 characters of the message.,not about availability,availability,0.09260036796331406
;A new user shall be able to navigate through the league and team pages within 30 seconds of reaching the start-up page.,not about availability,availability,0.13847306370735168
Users shall be able to reach the ‘add’  ‘drop’  and ‘trade player’ pages with one click from the team owner’s page.,not about availability,not about availability,0.14580872654914856
;Users shall be able to view at least 25 NFL player statistics and points on each page.,not about availability,not about availability,0.07808144390583038
The application shall ask the user to confirm dropping a player or trading a player before performing the action.,not about availability,availability,0.24499362707138062
The application shall be able to complete every user transaction within one fourth of a second of receiving the request over the network.,not about availability,not about availability,0.22739484906196594
The application shall have a downtime of at most 10 minutes per year.,availability,availability,0.1991332620382309
The application shall run on a web application server.,not about availability,not about availability,0.20885679125785828
A primary database will be used to store cached data for active users.,not about availability,not about availability,0.20345884561538696
A secondary database will be used to store historical statistics and data.,not about availability,not about availability,0.19065222144126892
Application updates shall occur between 3AM and 6 AM CST on Wednesday morning during the middle of the NFL season.,not about availability,not about availability,0.13524232804775238
New System version releases shall be released at the beginning of each NFL season.,not about availability,not about availability,0.16156280040740967
The RFS system should be available 24/7  especially during the budgeting period. The RFS system shall be available 90% of the time all year  and 98% during the budgeting period. 2% of the time  the system will become available within 1 hour of the time that the situation is reported.,availability,availability,0.23549526929855347
98% of the user workstations shall meet the minimum hardware requirements prior to implementation. Minimum Hard Disk Space:  400MB.,not about availability,not about availability,0.16828590631484985
98% of the user workstations shall meet the minimum software requirements prior to implementation: Microsoft Internet Explorer 5.0. Microsoft .NET Framework 1.1. Microsoft Internet Explorer Web Controls,not about availability,availability,0.16656649112701416
The RFS system should be able to easily interface with the BDW environment  in order to load the data. •;7 data files shall be received from the BDW and loaded into the RFS system within 3 hours one day prior to the start of budgeting process  every year. The data will be as of October month-end. ;Test files (7) shall be loaded up to 5 times throughout the year  from the BDW.,not about availability,availability,0.14540210366249084
Changes to revenue and expense formulae must be applied to the RFS system  every year  prior to the budgeting process start. Revenue and expense formulae will be updated within one week of their receipt  after which 2 weeks will be allotted to testing of the budget calculations  to be conducted jointly by the project development team and PCG Finance.,not about availability,availability,0.06430154293775558
New branches/complexes/districts/regions and revenue/expense accounts added to the BDW  must be reflected in the RFS system. 100% of the entities (mentioned above) available as of October month-end  will be loaded into the RFS system  prior to the budget start process.,not about availability,availability,0.12339236587285995
Only authorized user shall access the RFS system. ONLY users that exist in the UAS system  with the RFS system assigned to their role(s)  shall access the RFS system and use it.,not about availability,not about availability,0.09972173720598221
;User access should be limited to the permissions granted to their role(s) Each level in the PCG hierarchy will be assigned a role and users will be assigned to these roles. Access to functionality within RFS system is dependent on the privileges/permission assigned to the role..,not about availability,not about availability,0.10190405696630478
The product must comply with the intranet page standards and requirements of ENET Securities. 95% of the product look & feel will be approved by the Architecture group  prior to implementation. The remaining 5% will be corrected and approved within one month of product release.,not about availability,availability,0.18930423259735107
 The intranet pages should display appropriately in all resolutions  from 800x600 and higher. The display of all the pages will be correct in 95% of the resolutions  prior to implementation. The remaining 5% will be corrected within a week of notification of the incorrect display.,not about availability,availability,0.07755357772111893
The users should be able to easily use the system to successfully complete their budgets  within the stipulated time for completion. With a week of training prior to product implementation  98% of the users shall complete their budgets within the stipulated time.,not about availability,availability,0.2359919250011444
The product interface should be fast. The response time of the product interface should not exceed 2 seconds 90% of the time. For 10% of the time  the response time should not be more than 10 seconds.not be more than 10 seconds.,not about availability,availability,0.19810238480567932
