Requirement text,Gold label,Predicated label,ZSL score
The system shall refresh the display every 60 seconds.,not about avaliable or timely achievable,avaliable or timely achievable,0.3030359148979187
The application shall match the color of the schema set forth by Department of Homeland Security,not about avaliable or timely achievable,not about avaliable or timely achievable,0.16496776044368744
 If projected  the data must be readable.  On a 10x10 projection screen  90% of viewers must be able to read Event / Activity data from a viewing distance of 30,not about avaliable or timely achievable,not about avaliable or timely achievable,0.09528210759162903
 The product shall be available during normal business hours. As long as the user has access to the client PC  the system will be available 99% of the time during the first six months of operation.,avaliable or timely achievable,avaliable or timely achievable,0.21126438677310944
 If projected  the data must be understandable. On a 10x10 projection screen  90% of viewers must be able to determine that Events or Activities are occuring in current time from a viewing distance of 100,not about avaliable or timely achievable,avaliable or timely achievable,0.14438456296920776
The product shall ensure that it can only be accessed by authorized users.  The product will be able to distinguish between authorized and unauthorized users in all access attempts,not about avaliable or timely achievable,not about avaliable or timely achievable,0.18534111976623535
The product shall be intuitive and self-explanatory.  :  90% of new users shall be able to start the display of Events or Activities within 90 minutes of using the product.,not about avaliable or timely achievable,not about avaliable or timely achievable,0.2799358665943146
The product shall respond fast to keep up-to-date data in the display.,not about avaliable or timely achievable,avaliable or timely achievable,0.3652532696723938
The look and feel of the system shall conform to the user interface standards of the smart device.,not about avaliable or timely achievable,avaliable or timely achievable,0.1354658156633377
 The user interface shall have standard menus  buttons for navigation,not about avaliable or timely achievable,not about avaliable or timely achievable,0.11734375357627869
The system shall have a professional appearance,not about avaliable or timely achievable,avaliable or timely achievable,0.24909430742263794
The product shall have a consistent color scheme and fonts.,not about avaliable or timely achievable,avaliable or timely achievable,0.24192626774311066
The system shall be used by realtors with no training.,not about avaliable or timely achievable,not about avaliable or timely achievable,0.08880136162042618
The system shall be intuitive and self explanatory.,not about avaliable or timely achievable,not about avaliable or timely achievable,0.266442209482193
The product shall be easy for a realtor to learn.,not about avaliable or timely achievable,not about avaliable or timely achievable,0.15253235399723053
The product shall use symbols and words that are naturally understandable by the realtor community.,not about avaliable or timely achievable,not about avaliable or timely achievable,0.157942995429039
The product shall produce search results in an acceptable time,not about avaliable or timely achievable,avaliable or timely achievable,0.3888430893421173
The search results shall be returned no later 30      seconds  after the user has entered the search criteria,not about avaliable or timely achievable,not about avaliable or timely achievable,0.22491003572940826
The product shall generate a CMA report in an acceptable time.,not about avaliable or timely achievable,avaliable or timely achievable,0.3164428472518921
The CMA report shall be returned no later 60 seconds after the user has entered the CMA report criteria.,not about avaliable or timely achievable,avaliable or timely achievable,0.18094173073768616
The product shall synchronize contacts and appointments in an acceptable time.,not about avaliable or timely achievable,avaliable or timely achievable,0.373627245426178
The product shall synchronize with the office system every hour.,not about avaliable or timely achievable,avaliable or timely achievable,0.3359995186328888
 The product shall be available for use 24 hours per day  365 days  per year,avaliable or timely achievable,avaliable or timely achievable,0.27924081683158875
 Out of 1000 accesses to the system  the system is available 999 times.,avaliable or timely achievable,not about avaliable or timely achievable,0.23438586294651031
The product shall operate in offline mode whenever internet connection is unavailable.,not about avaliable or timely achievable,avaliable or timely achievable,0.18648481369018555
 The product shall allow the user to view previously downloaded search results  CMA reports  and appointments.,not about avaliable or timely achievable,not about avaliable or timely achievable,0.11390415579080582
The product shall retain user preferences in the event of a failure.,not about avaliable or timely achievable,avaliable or timely achievable,0.23618833720684052
100% of saved user preferences shall be restored when system comes back online.,not about avaliable or timely achievable,avaliable or timely achievable,0.06215191259980202
The product shall be able to support multiple remote users,not about avaliable or timely achievable,not about avaliable or timely achievable,0.17418913543224335
The product shall be able support 1000 simultaneous users.,not about avaliable or timely achievable,avaliable or timely achievable,0.18823300302028656
The product shall be capable of handling the existing 1000 users. This number is expected to grow 5 times within the next year.,not about avaliable or timely achievable,avaliable or timely achievable,0.17525047063827515
The product shall be installed by an untrained realtor   without recourse to separately-printed instructions.,not about avaliable or timely achievable,not about avaliable or timely achievable,0.20097395777702332
90% of untrained realtors shall be able to install the product on their device without printed instructions,not about avaliable or timely achievable,not about avaliable or timely achievable,0.15506970882415771
The product is expected to run on Windows CE and Palm operating systems.,not about avaliable or timely achievable,not about avaliable or timely achievable,0.06901568174362183
Only registered realtors shall be able to access the system.,not about avaliable or timely achievable,not about avaliable or timely achievable,0.1283615529537201
Every user of the system shall be authenticated and authorized.,not about avaliable or timely achievable,avaliable or timely achievable,0.1963636577129364
The product shall prevent its data from incorrect data being introduced.,not about avaliable or timely achievable,not about avaliable or timely achievable,0.19723790884017944
The system shall be easy to use by the Program Administrators/Nursing Staff Members.,not about avaliable or timely achievable,not about avaliable or timely achievable,0.23801660537719727
All of the users shall be able to use the system after one day of training.,not about avaliable or timely achievable,avaliable or timely achievable,0.15563595294952393
The system shall help the user avoid making mistakes while scheduling classes and clinicals for the nursing students.,not about avaliable or timely achievable,not about avaliable or timely achievable,0.22508686780929565
The number of mistakes noted by the students shall be decreased by 50% in the first year.,not about avaliable or timely achievable,avaliable or timely achievable,0.0012974683195352554
The system shall be intuitive to the Program Administrators/Nursing Staff Members.,not about avaliable or timely achievable,not about avaliable or timely achievable,0.24602285027503967
2 out of 3 Program Administrators/Nursing Staff Members shall successfully be able to use the system to manage the scheduling of classes and clinicals.,not about avaliable or timely achievable,not about avaliable or timely achievable,0.21701747179031372
The system shall use symbols and words that are naturally understandable by the user community.,not about avaliable or timely achievable,not about avaliable or timely achievable,0.21984544396400452
The verbiage used within the system shall be consistent with Standard English and the terminology of the national Nursing Community.,not about avaliable or timely achievable,avaliable or timely achievable,0.18258877098560333
Staff members shall be able to complete a set of tasks in a timely manner.,not about avaliable or timely achievable,avaliable or timely achievable,0.4659561514854431
The response time of general student management tasks shall take no longer than 5 seconds and the response time of schedule generation shall take no longer than 30 seconds.,not about avaliable or timely achievable,avaliable or timely achievable,0.2816435396671295
The system shall be available for use between the hours of 8am and 6pm.,avaliable or timely achievable,not about avaliable or timely achievable,0.2749428451061249
The system shall achieve 95% up time.,avaliable or timely achievable,avaliable or timely achievable,0.350449800491333
system shall be able to handle all of the user requests/usage during business hours.,not about avaliable or timely achievable,avaliable or timely achievable,0.2579846680164337
The system shall cater to 10 simultaneous users from 9am to 5pm.,not about avaliable or timely achievable,avaliable or timely achievable,0.24738715589046478
The system shall be capable of processing 100% of nursing students and their classes for the next 10 years.,not about avaliable or timely achievable,avaliable or timely achievable,0.13511355221271515
The system shall be expected to manage the nursing program curriculum and class/clinical scheduling for a minimum of 5 years.,not about avaliable or timely achievable,avaliable or timely achievable,0.13338424265384674
The system shall able to operate within a business office environment typical of the Nursing Department at DePaul University.,not about avaliable or timely achievable,not about avaliable or timely achievable,0.0796692818403244
The system shall be used within the specifications defined by the computers used by the Program Administrators/Nursing Staff Members.,not about avaliable or timely achievable,not about avaliable or timely achievable,0.13388249278068542
The system shall operate within the Windows XP Professional operating system.,not about avaliable or timely achievable,not about avaliable or timely achievable,0.0686391070485115
The system shall interface with CampusConnect’s central server,not about avaliable or timely achievable,avaliable or timely achievable,0.14818096160888672
The system shall interface with the faculty central server.,not about avaliable or timely achievable,avaliable or timely achievable,0.13882304728031158
The system shall interface with the student master server.,not about avaliable or timely achievable,avaliable or timely achievable,0.10174356400966644
We must be able to interface with any HTML browser.,not about avaliable or timely achievable,not about avaliable or timely achievable,0.1981744021177292
Only authorized users shall have access to clinical site information.,not about avaliable or timely achievable,not about avaliable or timely achievable,0.13225360214710236
Program Administrators/Nursing Staff Members are the only people who shall have access to clinical site details.,not about avaliable or timely achievable,not about avaliable or timely achievable,0.09755919128656387
Only authorized users shall have access to students’ personal information.,not about avaliable or timely achievable,not about avaliable or timely achievable,0.08423243463039398
Dr Susan Poslusny and Dr Julie Donalek are the only people who shall have access to students’ personal information.,not about avaliable or timely achievable,not about avaliable or timely achievable,0.07211989909410477
Only authorized users shall have access to the portion of the system that interfaces with CampusConnect.,not about avaliable or timely achievable,not about avaliable or timely achievable,0.12673306465148926
Fit Criterion: Dr Susan Poslusny and Karen Sysol are the only people who shall have access to the final class section scheduling for the system that interfaces with CampusConnect.,not about avaliable or timely achievable,not about avaliable or timely achievable,0.22260496020317078
The system shall have basic data integrity checking to reduce the possibility of incorrect or invalid data being introduced.,not about avaliable or timely achievable,avaliable or timely achievable,0.17920635640621185
The system shall protect private information in accordance with the organization’s information policy.,not about avaliable or timely achievable,not about avaliable or timely achievable,0.10958214849233627
The system shall be built such that it is as secure as possible from malicious interference.,not about avaliable or timely achievable,avaliable or timely achievable,0.23957937955856323
The system shall use the organization’s standard virus protection software to help monitor threats to itself.,not about avaliable or timely achievable,not about avaliable or timely achievable,0.14481304585933685
The Disputes application shall comply with the corporate standards for user interface creation for internally and externally used applications.,not about avaliable or timely achievable,not about avaliable or timely achievable,0.14989101886749268
All screens created as part of the Disputes application must comply with corporate standards for interface creation.,not about avaliable or timely achievable,avaliable or timely achievable,0.07683666050434113
The list of dispute cases that are displayed after a search is performed must be color coded for easy identification of dispute cases based upon the dispute case status.,not about avaliable or timely achievable,not about avaliable or timely achievable,0.1487426906824112
100% of the cardmember and merchant services representatives shall use the Disputes application regularly after a 2-day training course.,not about avaliable or timely achievable,avaliable or timely achievable,0.10649244487285614
100% of cardmember services representatives shall be able to successfully create a dispute case on the first encounter after completing the training course.,not about avaliable or timely achievable,not about avaliable or timely achievable,0.10749276727437973
100% of merchant services representatives shall be able to successfully perform a follow up action on a dispute case on the first encounter after completing the training course.,not about avaliable or timely achievable,avaliable or timely achievable,0.1740465611219406
The maximum wait time for a user navigating from one screen to another within the Disputes application shall be no more than 5 seconds.,not about avaliable or timely achievable,not about avaliable or timely achievable,0.28088808059692383
The Disputes application shall support 350 concurrent users without any degradation of performance in the application.,not about avaliable or timely achievable,not about avaliable or timely achievable,0.23012147843837738
 The Disputes application shall be available 24x7x365  with the exception of the following scheduled maintenance windows.  Monday – Saturday 3:00am to 4:00am EST Sunday 1:00amd to 5:00am EST,not about avaliable or timely achievable,not about avaliable or timely achievable,0.28126847743988037
The Disputes application shall interface with the Statement Database. The Statement Database provides the transaction details to the Disputes System. All transaction details must be obtained from the Statement Database,not about avaliable or timely achievable,not about avaliable or timely achievable,0.06878527253866196
The Disputes application shall interface with the Cardmember Information Database.  The Cardmember Information Database provides detailed information with regard to a cardmember.  All cardmember detail information must be obtained from the Cardmember Information Database.,not about avaliable or timely achievable,not about avaliable or timely achievable,0.09293268620967865
The Disputes applications shall interface with the Merchant Information Database.  The Merchant Information Database provides detailed information with regard to the merchant. All merchant detail information shall be obtained from the Merchant Information Database.,not about avaliable or timely achievable,not about avaliable or timely achievable,0.05181805044412613
The Disputes application shall interface with the Letters application.  This will allow the Disputes application to request letters as part of the dispute initiation and dispute follow up process. All letter requests must be sent to the Print Letter Utility application.,not about avaliable or timely achievable,not about avaliable or timely achievable,0.1334076076745987
The Disputes application shall interface with the Cardmember Posting and Billing System.  This will allow the Disputes application to request adjustments to cardmember and merchant’s accounts. All adjustment requests must be sent to the Cardmember Posting and Billing System.,not about avaliable or timely achievable,not about avaliable or timely achievable,0.13951344788074493
The Disputes application shall ensure that only users with the appropriate access level are allowed to initiate dispute requests.,not about avaliable or timely achievable,not about avaliable or timely achievable,0.1788487285375595
Only users with Update access must be able to initiate dispute requests.,not about avaliable or timely achievable,not about avaliable or timely achievable,0.2643839716911316
The Disputes application shall ensure that only authorized users are allowed to logon to the application.,not about avaliable or timely achievable,not about avaliable or timely achievable,0.11734423041343689
 All authorized users  once authenticated must be able to logon to the Disputes System,not about avaliable or timely achievable,not about avaliable or timely achievable,0.1982867419719696
The Disputes System shall generate a User Report that details any new users that have been added and any changes to an existing user’s access level.  The report will be reviewed for auditing purposes.,not about avaliable or timely achievable,not about avaliable or timely achievable,0.11291811615228653
All additions of new users and modifications to user’s access shall be recorded on the User Report.,not about avaliable or timely achievable,avaliable or timely achievable,0.07434732466936111
 If a user account is revoked  it can only be re-instantiated by the System Administrator.,not about avaliable or timely achievable,avaliable or timely achievable,0.08682122081518173
Only the System Administrator shall be able to reset a revoked user logon account,not about avaliable or timely achievable,avaliable or timely achievable,0.10274983942508698
The Disputes application shall manipulate and view business data. Users will not have direct access to data files or databases.,not about avaliable or timely achievable,not about avaliable or timely achievable,0.1382913887500763
All updates to data files or database must be initiated from the Disputes System.,not about avaliable or timely achievable,avaliable or timely achievable,0.13693812489509583
The Disputes application must conform to the legal requirements as specified by the Merchant Operating Regulations.,not about avaliable or timely achievable,not about avaliable or timely achievable,0.11356983333826065
All business rules specified in the Disputes System shall be in compliance with the Merchant Operating Regulations.,not about avaliable or timely achievable,avaliable or timely achievable,0.08699698001146317
The Disputes application must conform to the legal requirements as specified by Regulation E and Regulation Z that govern credit card disputes processing.,not about avaliable or timely achievable,not about avaliable or timely achievable,0.11325487494468689
All business rules specified in the Disputes System shall be in compliance to the guidelines of Regulation E and Regulation Z.,not about avaliable or timely achievable,not about avaliable or timely achievable,0.07262834906578064
The Disputes application must maintain a detailed history of every action that a user takes on a dispute case.  This ensures a complete audit trail if questions arise later on with regard to a particular dispute case.,not about avaliable or timely achievable,avaliable or timely achievable,0.1217149943113327
All actions that modify an existing dispute case must be recorded in the case history.,not about avaliable or timely achievable,not about avaliable or timely achievable,0.12649910151958466
The product must support Internet Explorer 5.5 and above.,not about avaliable or timely achievable,not about avaliable or timely achievable,0.07039666920900345
The product must support Mozilla Firefox 1.0 and above.,not about avaliable or timely achievable,not about avaliable or timely achievable,0.09011080116033554
The product shall interface with the Choice Parts System.  This provides the feed of recycled parts data.,not about avaliable or timely achievable,not about avaliable or timely achievable,0.13408352434635162
The product shall run on the existing hardware for all environments.,not about avaliable or timely achievable,not about avaliable or timely achievable,0.1315363347530365
The product shall adhere to the corporate Architecture guidelines,not about avaliable or timely achievable,avaliable or timely achievable,0.18424570560455322
The product shall comply with corporate User Interface Guidelines,not about avaliable or timely achievable,avaliable or timely achievable,0.22894857823848724
The product shall comply with corporate color scheme,not about avaliable or timely achievable,avaliable or timely achievable,0.21128004789352417
The appearance of the product shall appear professional,not about avaliable or timely achievable,avaliable or timely achievable,0.24197229743003845
The product shall be easy to use by Adjusters and Collision Estimators.  95% of Adjusters and Collision Estimators shall find the product easy to use.,not about avaliable or timely achievable,not about avaliable or timely achievable,0.13938018679618835
The product shall increase productivity of Collision Estimators. 80% of the Collision Estimators shall agree their productivity has increase within 1 month of using the product.,not about avaliable or timely achievable,not about avaliable or timely achievable,0.1744341403245926
Users shall feel satisfied using the product.  85% of all users will be satisfied with the product.,not about avaliable or timely achievable,avaliable or timely achievable,0.09585915505886078
The product shall be easy to learn by Adjusters and Collision Estimators.  The product shall be learned with two days onsite training,not about avaliable or timely achievable,not about avaliable or timely achievable,0.2004098892211914
The user shall easily locate instructions while using the product.  User help can be found within 90% of the system.,not about avaliable or timely achievable,not about avaliable or timely achievable,0.06041676923632622
The search for recycled parts shall take no longer than 15 seconds.  The search results shall be returned in under 15 seconds.,not about avaliable or timely achievable,avaliable or timely achievable,0.26912856101989746
The search for the preferred repair facility shall take no longer than 8 seconds.  The preferred repair facility is returned within 8 seconds,not about avaliable or timely achievable,avaliable or timely achievable,0.35130083560943604
The recycled parts audit report shall be returned to the user within 10 seconds.  The audit report shall be returned within 10 seconds.,not about avaliable or timely achievable,avaliable or timely achievable,0.2014085054397583
The preferred repair facility ratings shall be saved within 5 seconds. The save shall occur within 5 seconds.,not about avaliable or timely achievable,avaliable or timely achievable,0.3161865174770355
The product shall adhere to the corporate online availability schedule.  The application is brought down only within 98% of the scheduled outages per the availability schedule.,avaliable or timely achievable,avaliable or timely achievable,0.2972469627857208
The product shall achieve a 98% uptime. The product shall not fail more than 2% of the available online time.,avaliable or timely achievable,avaliable or timely achievable,0.34355226159095764
The product shall be able to handle up to 1500 simultaneous users. The system shall perform with 1500 users as a time.,not about avaliable or timely achievable,not about avaliable or timely achievable,0.20425094664096832
 The average number of recycled parts records per day shall be 50 000.,not about avaliable or timely achievable,avaliable or timely achievable,0.02978336066007614
 The product shall be able to handle 10 000 concurrent users within 2 years of the initial launch.,not about avaliable or timely achievable,avaliable or timely achievable,0.20690375566482544
 For estimators  the product shall be able to be operated in a repair facility during dirty and noisy conditions.,not about avaliable or timely achievable,not about avaliable or timely achievable,0.2144334614276886
The product shall interface with the ChoiceParts system once per day at approximately 1:00 AM.,not about avaliable or timely achievable,avaliable or timely achievable,0.3031221032142639
The maintenance of the product will fall within the established corporate maintenance windows.,not about avaliable or timely achievable,avaliable or timely achievable,0.1850055754184723
The product shall be supported using the corporate support center.,not about avaliable or timely achievable,not about avaliable or timely achievable,0.140306755900383
Product installations and upgrades shall be handled by the middleware technology team within established launch time frames.,not about avaliable or timely achievable,avaliable or timely achievable,0.23481692373752594
Only adjusters can request recycled parts audit reports. No users without an adjuster role shall request recycled parts audits.,not about avaliable or timely achievable,not about avaliable or timely achievable,0.10321425646543503
Only adjusters with a supervisor role can update preferred repair facility ratings. Users without the supervisor role cannot access the repair facility ratings.,not about avaliable or timely achievable,not about avaliable or timely achievable,0.14400316774845123
Only collision estimators shall search for recycled parts.  Users without the collision estimator role shall not have access to the search for recycled parts.,not about avaliable or timely achievable,not about avaliable or timely achievable,0.14510034024715424
Only valid data shall be entered into the system.  No invalid data shall be entered into the system.,not about avaliable or timely achievable,not about avaliable or timely achievable,0.19613930583000183
One insurance company shall not be able to view another insurance companys claim data.,not about avaliable or timely achievable,not about avaliable or timely achievable,0.20490597188472748
The product shall free of computer viruses.,not about avaliable or timely achievable,avaliable or timely achievable,0.20468436181545258
The system shall prevent malicious attacks including denial of service.,not about avaliable or timely achievable,not about avaliable or timely achievable,0.22686050832271576
The product must comply with Sarbanes-Oxley.,not about avaliable or timely achievable,not about avaliable or timely achievable,0.20640280842781067
The product shall comply with the estimatics laws relating to recycled parts usage.,not about avaliable or timely achievable,avaliable or timely achievable,0.1038738489151001
The product shall comply with insurance regulations regarding claims processing.,not about avaliable or timely achievable,not about avaliable or timely achievable,0.2340344935655594
 The product must work with most database management systems (DBMS) on the market  whether the DBMS is colocated with the product on the same machine or is located on a different machine on the computer network.,not about avaliable or timely achievable,not about avaliable or timely achievable,0.07156170159578323
The product will function alongside server software on any operating system where the Java runtime can be installed.,not about avaliable or timely achievable,not about avaliable or timely achievable,0.018826305866241455
The product will require collaboration with a database management system (DBMS).  The DBMS may be located on the same machine as the product or on a separate machine residing on the same computer network.,not about avaliable or timely achievable,avaliable or timely achievable,0.06572167575359344
 The product must make use of web/application server technology.  Open source examples include Apache web server  Tomcat  and the JBoss application server.,not about avaliable or timely achievable,not about avaliable or timely achievable,-0.01059895008802414
 A database management system such as Oracle  DB2  MySql or HSQL will need to be integrated with the product.,not about avaliable or timely achievable,not about avaliable or timely achievable,0.02449662983417511
 The product’s Look and Feel shall be able to incorporate aspects of the customer’s organization such as logo  branding  and identity,not about avaliable or timely achievable,not about avaliable or timely achievable,0.12311680614948273
The product shall have a conservative and professional appearance.,not about avaliable or timely achievable,avaliable or timely achievable,0.22745925188064575
The product shall make the users want to use it. 80% of the users surveyed report they are regularly using the product after the first 2 weeks post-launch.,not about avaliable or timely achievable,avaliable or timely achievable,0.16118930280208588
The product shall be easy to use. 90% of users will be able to successfully reserve a conference room within 5 minutes of product use.,not about avaliable or timely achievable,not about avaliable or timely achievable,0.17906726896762848
The product shall give users feedback when necessary. 80% of the users surveyed report that the product accurately confirms their actions.,not about avaliable or timely achievable,avaliable or timely achievable,0.20922577381134033
The product shall allow the user to select a chosen language from one of the target market countries.,not about avaliable or timely achievable,not about avaliable or timely achievable,0.1272229552268982
The product shall allow for customization of start page and views preferences.,not about avaliable or timely achievable,not about avaliable or timely achievable,0.10957090556621552
 An employee will be able to successfully use the product within a few minutes.  After informally navigating the product for less than 15 minutes  users shall be able to successfully setup meetings and reserve conference rooms.,not about avaliable or timely achievable,avaliable or timely achievable,0.23965202271938324
The product shall use a standard navigation menu familiar to most web users.,not about avaliable or timely achievable,not about avaliable or timely achievable,0.046524062752723694
The product shall allow for intuitive searching of available conference rooms.,not about avaliable or timely achievable,not about avaliable or timely achievable,0.1356874406337738
The product shall conform to the Americans with Disabilities Act.,not about avaliable or timely achievable,avaliable or timely achievable,0.22998744249343872
The response shall be fast enough to avoid interrupting the user’s flow of thought.  90% of tasks shall complete within 5 seconds.  98% of tasks shall complete within 8 seconds.,not about avaliable or timely achievable,avaliable or timely achievable,0.31825241446495056
 Aside from server failure  the software product shall achieve 99.99% up time.,avaliable or timely achievable,avaliable or timely achievable,0.329250305891037
The product shall create an exception log of problems encountered within the product for transmission to our company for analysis and resolution.,not about avaliable or timely achievable,not about avaliable or timely achievable,0.2037975937128067
 The product shall be capable of handling up to 1 000 concurrent requests.  This number will increase to 2 000 by Release 2.  The concurrency capacity must be able to handle peak scheduling times such as early morning and late afternoon hours.,not about avaliable or timely achievable,avaliable or timely achievable,0.23226721584796906
 The product shall be able to process 10 000 transactions per hour within two years of its launch.  This number will increase to 20 000 by Release 2.,not about avaliable or timely achievable,not about avaliable or timely achievable,0.2022058069705963
The product shall be expected to operate for at least 5 years for each customer installation.,not about avaliable or timely achievable,avaliable or timely achievable,0.18217825889587402
The product shall be used in office environments.,not about avaliable or timely achievable,avaliable or timely achievable,0.20021367073059082
The product must be able to interface with any HTML browser.  The product shall transmit data between the user and the product without problems. The product shall display HTML properly in 80% of all HTML browsers tested (minimum is to test 8 browsers).,not about avaliable or timely achievable,not about avaliable or timely achievable,0.05951680615544319
The product must be able to interface with various database management systems. The product shall communicate successfully with the database management system on 100% of all transactions.,not about avaliable or timely achievable,avaliable or timely achievable,0.13672040402889252
The product must be able to interface with various email servers. The product shall be able to send email.,not about avaliable or timely achievable,not about avaliable or timely achievable,0.15760686993598938
The product shall be available for distribution via the Internet as a binary or ZIP file.,not about avaliable or timely achievable,avaliable or timely achievable,0.10431432723999023
The product shall be available for distribution as a packaged CD.,not about avaliable or timely achievable,avaliable or timely achievable,0.13639919459819794
 The product will be available for licensing as a one-server  two-five servers  or five-or-more servers license.,not about avaliable or timely achievable,not about avaliable or timely achievable,0.09893735498189926
A new user must be able to be added to the system within 10 minutes.  90% of new users are able to log into the system within 10 minutes.,not about avaliable or timely achievable,avaliable or timely achievable,0.1565360426902771
The product must be designed using Design Patterns and coding best practices.  90% of maintenance software developers are able to integrate new functionality into the product with 2 working days.,not about avaliable or timely achievable,avaliable or timely achievable,0.17858515679836273
The product must be highly configurable for use with various database management systems for the end users.  80% of end users are able to integrate new database management systems with the product without changing the product’s software code.,not about avaliable or timely achievable,not about avaliable or timely achievable,0.03875353932380676
Maintenance releases will be offered to customers once a year.  The releases shall take no longer than 5 minutes for 80% of the customer base to install.,not about avaliable or timely achievable,avaliable or timely achievable,0.20677784085273743
Every registered user will have access to the product’s support site via the Internet.  70% of registered users shall find a solution to their problem within 5 minutes of using the support site.,not about avaliable or timely achievable,not about avaliable or timely achievable,0.1978314220905304
The customer shall be able to easily integrate new building maps with the product throughout the product’s lifecycle.  Integration of new maps with the product shall be possible with little to no support from product support staff.,not about avaliable or timely achievable,not about avaliable or timely achievable,0.14232617616653442
 The product shall be translated into foreign languages other than the target market countries’ languages in future releases.  For each emerging target market  it shall take no more than 5 days to configure the product for that market’s language.,not about avaliable or timely achievable,avaliable or timely achievable,0.13714297115802765
 The product is expected to integrate with multiple database management systems.  The product will operate with Oracle  SQL Server  DB2  MySQL  HSQL  and MS Access.,not about avaliable or timely achievable,not about avaliable or timely achievable,0.04356700927019119
The product shall be able to be installed in any operating environment within 2 days.,not about avaliable or timely achievable,avaliable or timely achievable,0.2660176753997803
The product shall ensure that only company employees or external users with company-approved user IDs may have product access.  100% of all logons shall be by either company employees or external users with company-approved user IDs.,not about avaliable or timely achievable,not about avaliable or timely achievable,0.10052688419818878
Only managers are able to perform search queries for reservations by user.  100% of all search queries for reservations by user shall be from logons of only management logons.,not about avaliable or timely achievable,not about avaliable or timely achievable,0.10458008944988251
The product shall ensure that the database’s data corresponds to the data entered by the user.  Each conference room reservation in the system will contain the same information as was entered by the user.,not about avaliable or timely achievable,avaliable or timely achievable,0.12045714259147644
The product shall prevent the input of malicious data.  The product and/or adjacent hardware/software systems’ data shall remain 100% uncorrupted each time malicious data is input into the product.,not about avaliable or timely achievable,avaliable or timely achievable,0.19905763864517212
The product and/or dependent databases/filesystems shall remain operational as a result of the input of malicious data.  The product and/or dependent databases/filesystems shall not crash 100% of the time that malicious data is input into the product.,not about avaliable or timely achievable,avaliable or timely achievable,0.1539277881383896
The product shall have the ability to receive automatic software updates as new threats emerge.  100% of customers will be able to receive automatic software updates transmitted to the installed product.,not about avaliable or timely achievable,avaliable or timely achievable,0.19747407734394073
The language of the product shall accommodate all of the target market countries. 90% of survey respondents from each target market country will find that the language of the product is acceptable.,not about avaliable or timely achievable,avaliable or timely achievable,0.08280517905950546
The product shall be able to display calendar dates and times according to the user’s locale.  90% of survey respondents from each target market country will find that the date and time formatting of the product is correct.,not about avaliable or timely achievable,avaliable or timely achievable,0.1463615447282791
The product must be developed with the J2SE/J2EE programming language libraries,not about avaliable or timely achievable,not about avaliable or timely achievable,0.0826730728149414
Recreation of Inventory Quantity Adjustment for the period of previous 30 days shall take no more than 30min.,not about avaliable or timely achievable,avaliable or timely achievable,0.26596078276634216
The System shall allow for a minimum of  6 users to work at the same time.,not about avaliable or timely achievable,not about avaliable or timely achievable,0.19862255454063416
The System shall utilize currently owned computer equipment.,not about avaliable or timely achievable,avaliable or timely achievable,0.19348978996276855
The System shall be able to automatically backup business data and restore them on demand.,not about avaliable or timely achievable,avaliable or timely achievable,0.1837855726480484
The System shall maintain consistent security.  Any changes in user passwords and/or permissions should take affect in all parts of the System.,not about avaliable or timely achievable,avaliable or timely achievable,0.12364000827074051
The System shall granularly control access rights to all major subsystems.  It should be possible to assign access rights to all subsystems independently.,not about avaliable or timely achievable,not about avaliable or timely achievable,0.09402712434530258
The System shall meet all applicable accounting standards.  The final version of the System must successfully pass independent audit performed by a certified auditor.,not about avaliable or timely achievable,avaliable or timely achievable,0.10798896104097366
The System shall not require additional third party licenses resulting in royalty fees.,not about avaliable or timely achievable,not about avaliable or timely achievable,0.12168404459953308
Administrator shall be able to activate a pre-paid card via the Administration section in under 5 seconds.,not about avaliable or timely achievable,not about avaliable or timely achievable,0.2779918909072876
 Customer shall be able to check the status of their prepaid card  by entering in the PIN number  in under 5 seconds.,not about avaliable or timely achievable,avaliable or timely achievable,0.2500627040863037
System shall let customers register on the website as a “pay as you go” user in under 5 minutes.,not about avaliable or timely achievable,avaliable or timely achievable,0.20148810744285583
System shall let customers register on the website as a “unlimited movie subscriber” user in under 10 minutes.,not about avaliable or timely achievable,avaliable or timely achievable,0.22211988270282745
System shall let existing customers log into the website with their email address and password in under 5 seconds.,not about avaliable or timely achievable,avaliable or timely achievable,0.2031334936618805
 System shall let customers cancel their account  process shall take no longer than 2 minutes.  Database will mark the account as inactive  and user will not be able to log into the website.,not about avaliable or timely achievable,avaliable or timely achievable,0.18531246483325958
System shall let administrator de-activate a customer account in under 1 minute. Customer will no longer be able to access the website.,not about avaliable or timely achievable,avaliable or timely achievable,0.2320985198020935
System shall let administrator add/remove movies on the website in under 5 minutes.  Entered movie information will be stored in the database and will now be available on the website.,not about avaliable or timely achievable,avaliable or timely achievable,0.16776694357395172
System shall let the administrator add/remove categories on the website in under 5 minutes.,not about avaliable or timely achievable,not about avaliable or timely achievable,0.23143722116947174
System shall let Izogn Manager access sales and usage statistics in under 2 minutes.,not about avaliable or timely achievable,not about avaliable or timely achievable,0.2781699597835541
System shall let administrators generate unique pre-paid pins in under 2 minutes and generate an Excel file with the generated PINs.,not about avaliable or timely achievable,not about avaliable or timely achievable,0.21768972277641296
The website shall be attractive to all audiences.  The website shall appear to be fun and the colors should be bright and vibrant.,not about avaliable or timely achievable,avaliable or timely achievable,0.1650812029838562
 The website should have an African feel  but should not alienate non-Africans.  The website should use animation on pages which are describing the services  to grab the users attention and encourage them to sign up.,not about avaliable or timely achievable,not about avaliable or timely achievable,0.12387935072183609
 The website design should be modern  clean  and concise.,not about avaliable or timely achievable,avaliable or timely achievable,0.15604917705059052
The product should be able to be used by 90% of novice users on the Internet.,not about avaliable or timely achievable,not about avaliable or timely achievable,0.13370676338672638
 Users should only have to navigate through a maximum of 4 pages  to create an account with the website.,not about avaliable or timely achievable,not about avaliable or timely achievable,0.051405422389507294
Users should be able to access their streaming movies in under 2 clicks after logging into the website.,not about avaliable or timely achievable,not about avaliable or timely achievable,0.15443439781665802
An anonymous survey will show that 70% of customers are comfortable purchasing streaming movies after 2 weeks using the website.,not about avaliable or timely achievable,avaliable or timely achievable,0.137939915060997
An anonymous survey will show that 95% of customers are comfortable using and purchasing pre-paid cards after a month of using the system.,not about avaliable or timely achievable,avaliable or timely achievable,0.07467132806777954
The product shall retain the customer’s buying preferences and information.,not about avaliable or timely achievable,avaliable or timely achievable,0.16610853374004364
The product shall be easy for customers with novice skills on the  Internet to purchase and watch streaming movies.  Customers should be able to purchase and watch a pre-determined movie in under 3 minutes.,not about avaliable or timely achievable,avaliable or timely achievable,0.21691589057445526
The product shall use symbols and words that are naturally understandable by users familiar with websites,not about avaliable or timely achievable,not about avaliable or timely achievable,0.19772543013095856
The website will use standard Internet conventions when interacting with the user.,not about avaliable or timely achievable,not about avaliable or timely achievable,0.10501185804605484
 Any interface between a user and the automated system shall have a maximum response time of 5 seconds  unless noted by an exception below.,not about avaliable or timely achievable,avaliable or timely achievable,0.3246538043022156
 When purchasing a streaming movie or pre-paid card via credit card  the processing time should have a maximum response time of 15 seconds.,not about avaliable or timely achievable,avaliable or timely achievable,0.21914571523666382
 When streaming a movie  the buffering time should take no longer than 10 seconds (plus any latency on the user’s connection.),not about avaliable or timely achievable,avaliable or timely achievable,0.19357693195343018
 While streaming a movie  buffering should only occur if there is latency in the user’s connection.,not about avaliable or timely achievable,avaliable or timely achievable,0.22596541047096252
 All credit card information will be secured on the server  and only accessible by authorized Izogn administrators.  Information will be encrypted in the database.,not about avaliable or timely achievable,avaliable or timely achievable,0.06691069900989532
 The website shall be available for use 24 hours per day  365 days per year.,avaliable or timely achievable,avaliable or timely achievable,0.18021462857723236
The website shall achieve 99.5% up time.,avaliable or timely achievable,avaliable or timely achievable,0.29231035709381104
 All movies shall be streamed on demand  at any time of the day.,avaliable or timely achievable,avaliable or timely achievable,0.2218773514032364
The website shall continue to operate if the streaming server goes down.,not about avaliable or timely achievable,avaliable or timely achievable,0.16318725049495697
The website shall continue to operate if the payment gateway goes down.,not about avaliable or timely achievable,avaliable or timely achievable,0.1715320646762848
The streaming server will support 50 simultaneous streaming connections.,not about avaliable or timely achievable,avaliable or timely achievable,0.11197151988744736
The streaming server will support a maximum of 700 movies  new servers can be added to support more movies.,not about avaliable or timely achievable,not about avaliable or timely achievable,0.07358056306838989
 The server will support a maximum of 1 000 simultaneous users.,not about avaliable or timely achievable,not about avaliable or timely achievable,0.1172139123082161
 The website shall be capable of supporting 100 000 customers.,not about avaliable or timely achievable,avaliable or timely achievable,0.12198561429977417
The product shall be expected to operate within the maximum maintenance budget for a minimum of 2 years.,not about avaliable or timely achievable,avaliable or timely achievable,0.18390940129756927
All aspects of the website shall be accessed by a web browser over the Internet.,not about avaliable or timely achievable,avaliable or timely achievable,0.09276504814624786
The same hardware supporting the current website will be used to support the new system.,not about avaliable or timely achievable,avaliable or timely achievable,0.035318419337272644
 We must be able to interface with the following browsers: IE 5.X  6.0  Netscape 6.x  7.x  8.x and Firefox 1.0.,not about avaliable or timely achievable,not about avaliable or timely achievable,0.09014749526977539
Website must interface with the CyberSource API to process credit card transactions.,not about avaliable or timely achievable,not about avaliable or timely achievable,0.13237090408802032
Website must be fully operational with MSN TV2.,not about avaliable or timely achievable,not about avaliable or timely achievable,0.21009241044521332
Movies shall be encoded and streamed via Windows Media Player 9.0.,not about avaliable or timely achievable,not about avaliable or timely achievable,0.0836588591337204
Movies shall be encoded for 56k and 256k streams.,not about avaliable or timely achievable,not about avaliable or timely achievable,0.1824558973312378
Promotional updates to the website should take a day to update.,not about avaliable or timely achievable,avaliable or timely achievable,0.2745873034000397
Izogn Administrator must be able to update the category listings on the website within 2 minutes.,not about avaliable or timely achievable,not about avaliable or timely achievable,0.2862287163734436
Izogn Administrator must be able to add new products to the website within 2 minutes.,not about avaliable or timely achievable,not about avaliable or timely achievable,0.3082695007324219
The system will provide a 24 hour 800 toll free number for support to its customers.,avaliable or timely achievable,avaliable or timely achievable,0.1951701045036316
The website will provide a help section with answers and solutions to common problems.,not about avaliable or timely achievable,not about avaliable or timely achievable,0.14514699578285217
 Velkat staff will be available for phone support between 7am-7pm  M-F to provide technical support to the Izogn administrators.,avaliable or timely achievable,not about avaliable or timely achievable,0.17986366152763367
The product shall be able to be installed in the specified environment within 1 working day.,not about avaliable or timely achievable,avaliable or timely achievable,0.2931556701660156
Only registered customers can purchase streaming movies.,not about avaliable or timely achievable,not about avaliable or timely achievable,0.12176328152418137
 A customer can only stream a movie if they purchased it  and are within the 2 day viewing period.,not about avaliable or timely achievable,not about avaliable or timely achievable,0.2210586667060852
Only authorized personnel can access customer records in the database.,not about avaliable or timely achievable,not about avaliable or timely achievable,0.12109310925006866
Only administrators can activate a pre-paid card.,not about avaliable or timely achievable,not about avaliable or timely achievable,0.25075069069862366
Only authorized personnel can access sales information.,not about avaliable or timely achievable,not about avaliable or timely achievable,0.1265382170677185
The website shall prevent its data from being corrupted when incorrect data is entered in.,not about avaliable or timely achievable,avaliable or timely achievable,0.1558656096458435
 The website shall protect itself from intentional abuse  and notify the administrator at all occurrences.,not about avaliable or timely achievable,avaliable or timely achievable,0.1985456347465515
Data integrity scripts will be run on a weekly basis to verify the integrity of the database.,not about avaliable or timely achievable,avaliable or timely achievable,0.23282772302627563
 The website shall make its user aware of its information practices before collection data from them via a Privacy Policy  accessible on all pages of the website.,not about avaliable or timely achievable,not about avaliable or timely achievable,0.09000961482524872
The system shall notify customers of changes to its information policy.,not about avaliable or timely achievable,avaliable or timely achievable,0.17138779163360596
The system shall reveal private information only in compliance with the organization’s information policy.,not about avaliable or timely achievable,not about avaliable or timely achievable,0.09576854109764099
 All customer information will be stored on a secure database  accessible only to authorized personnel.,not about avaliable or timely achievable,not about avaliable or timely achievable,0.0864504724740982
All credit card information will be encrypted in the database.,not about avaliable or timely achievable,not about avaliable or timely achievable,0.027499036863446236
The streaming server will have anti-virus software to prevent infection of malicious viruses.,not about avaliable or timely achievable,not about avaliable or timely achievable,0.1757969856262207
The website should cater to all tribes in Nigeria.,not about avaliable or timely achievable,not about avaliable or timely achievable,0.11352965980768204
The website shall not be offensive to religious or ethnic groups.,not about avaliable or timely achievable,not about avaliable or timely achievable,0.046260517090559006
 The website should appeal to all Africans  not only Nigerians.,not about avaliable or timely achievable,not about avaliable or timely achievable,0.1666860580444336
The website should use Flash to provide animation on the home page.,not about avaliable or timely achievable,not about avaliable or timely achievable,0.12492619454860687
IzognMovies shall meet the licensing requirements set forth by the appropriate organizations in order to stream African movies.,not about avaliable or timely achievable,avaliable or timely achievable,0.12228430062532425
The website will comply with W3C standards.,not about avaliable or timely achievable,avaliable or timely achievable,0.18511125445365906
The PHP code will comply with PEAR standards.,not about avaliable or timely achievable,not about avaliable or timely achievable,0.1468329280614853
Total lead cycle time must be completed in 5 minutes for 90% of lead volume between the business hours of 8AM CST to 8PM CST  then 3 minutes for 99% of lead volume during off business hours.,not about avaliable or timely achievable,avaliable or timely achievable,0.1379239708185196
No lead evaluation will complete in a time period longer than 25 seconds for 97% of all leads processed.,not about avaliable or timely achievable,not about avaliable or timely achievable,0.19536003470420837
For leads that process longer than 25 seconds the system will record the event and duration,not about avaliable or timely achievable,not about avaliable or timely achievable,0.25656306743621826
The process must fit within the processing time conditions set forth by the Auto Rep Assignment process in which a lead is assigned within 3 minutes of the total life cycle.,not about avaliable or timely achievable,avaliable or timely achievable,0.2517876625061035
The lead washing process will operate within the established physical web service structure.,not about avaliable or timely achievable,not about avaliable or timely achievable,0.0425313375890255
 The washing process must use a non binding  neutral data format  such as xml  when receiving and processing lead data.,not about avaliable or timely achievable,not about avaliable or timely achievable,0.07279251515865326
Defect reports will be available to technical units on a 24x7 basis.,avaliable or timely achievable,not about avaliable or timely achievable,0.1093386858701706
Washing parameters will be updated during scheduled maintenance hours.,not about avaliable or timely achievable,avaliable or timely achievable,0.22177913784980774
The product shall simulate the look of ships at sea.,not about avaliable or timely achievable,not about avaliable or timely achievable,0.07599468529224396
The product shall display the grids within a circle as a view from a periscope.,not about avaliable or timely achievable,not about avaliable or timely achievable,0.10602053999900818
The product shall display each type of ship in a grid using an image of the specific type of ship.,not about avaliable or timely achievable,not about avaliable or timely achievable,0.11396962404251099
 When the offensive player takes a shot  the product shall simulate the sound of a ship at sea.,not about avaliable or timely achievable,not about avaliable or timely achievable,0.1770944595336914
 When a shot is marked as a miss  the product shall simulate the sound of a shot missing its target.,not about avaliable or timely achievable,not about avaliable or timely achievable,0.18298949301242828
 When a shot is marked as a hit  the product shall simulate the sound of a shot hitting its target.,not about avaliable or timely achievable,not about avaliable or timely achievable,0.13893532752990723
 When a ship is sunk  the product shall simulate the sound of a sinking ship.,not about avaliable or timely achievable,not about avaliable or timely achievable,0.19385941326618195
 The product shall be available 24 hours per day  seven days per week.,avaliable or timely achievable,avaliable or timely achievable,0.29470205307006836
The product shall able to handle a large number of games simultaneously.,not about avaliable or timely achievable,not about avaliable or timely achievable,0.20963029563426971
The response time shall be fast enough to maintain the flow of the game.  The response time shall be no more than 2 seconds for 95% of responses and no more than 4% for the remaining responses.,not about avaliable or timely achievable,avaliable or timely achievable,0.27919965982437134
The product shall protect the identity of the players. The product shall provide players no access to information that might reveal the identity of another player.,not about avaliable or timely achievable,not about avaliable or timely achievable,0.1681421995162964
The product shall be intuitive and self-explanatory.  Nine out ten users shall be able to successfully complete a game with no training.,not about avaliable or timely achievable,not about avaliable or timely achievable,0.21556895971298218
 The product shall be available to players who understand English  Spanish and French.  The product shall allow the user to select the language upon accessing the product.,not about avaliable or timely achievable,not about avaliable or timely achievable,0.12087661772966385
The product shall provide players no access to information that might reveal the identity of another player,not about avaliable or timely achievable,not about avaliable or timely achievable,0.1882454752922058
The response time shall be fast enough to maintain the flow of the game. The response time shall be no more than 2 seconds for 95% of responses and no more than 4% for the remaining responses.,not about avaliable or timely achievable,avaliable or timely achievable,0.27919965982437134
The system shall be easy to use by callers and supervisors. Callers and supervisors must be able to accomplish any system task within 2 minutes.,not about avaliable or timely achievable,avaliable or timely achievable,0.33801373839378357
The system shall be easy to learn by callers and supervisors. Callers and supervisors shall learn how to use the system within 10 minutes.,not about avaliable or timely achievable,not about avaliable or timely achievable,0.23455357551574707
 The system shall be responsive. At the DePaul TeleServices Center  when a supervisor uses the system to view a callers schedule  the system response time must be no more than 2 seconds 90% of the time and no more than 5 seconds the rest of the time.,not about avaliable or timely achievable,avaliable or timely achievable,0.2664579153060913
 On a 56k connection  the system response time for all operations must be no more than 6 seconds 90% of the time.,not about avaliable or timely achievable,avaliable or timely achievable,0.28243663907051086
 On a 112k connection or faster  the system response time for all operations must be no more than 3 seconds 90% of the time.,not about avaliable or timely achievable,avaliable or timely achievable,0.2943800985813141
The system shall have high availability every day of the year.The system must be available for use between 12:00AM and 6:00PM all days of the year.,avaliable or timely achievable,avaliable or timely achievable,0.3007587790489197
The system must be available for use between 7:00AM and 11:59PM all days of the year.,avaliable or timely achievable,not about avaliable or timely achievable,0.28984391689300537
The product shall be internet browser independent.The product must run using Internet Explorer and Netscape Navigator.,not about avaliable or timely achievable,not about avaliable or timely achievable,0.10052212327718735
The product shall ensure that only supervisors can advertise empty time slots.The product must ensure that supervisors are allowed to access advertise empty time slots.,not about avaliable or timely achievable,not about avaliable or timely achievable,0.28742241859436035
The product shall ensure that only supervisors can enter a caller’s schedule.The product must ensure that supervisors are allowed to access advertise empty time slots.,not about avaliable or timely achievable,not about avaliable or timely achievable,0.32476770877838135
The product shall ensure that only supervisors can view schedule of all callers.The product must ensure that supervisors are allowed to access advertise empty time slots.,not about avaliable or timely achievable,not about avaliable or timely achievable,0.3185587525367737
 The interface shall have a simple look. In the interface and usability survey  90% of beta testers must report that the interface is adequately simple.,not about avaliable or timely achievable,not about avaliable or timely achievable,0.12315963208675385
 The interface shall be appealing to callers and supervisors. In the interface and usability survey  80% of beta testers must report that the interface is appealing.,not about avaliable or timely achievable,not about avaliable or timely achievable,0.1882060021162033
The product shall provide GUI based Monitoring Services.System Administrators shall monitor message exchanges will predict and determine problems and will also provide internal and external support.,not about avaliable or timely achievable,avaliable or timely achievable,0.1970721334218979
The product shall comply with City of Chicago Application Development Guide Framework.Application Development Framework will provide structured Graphical User Interface.,not about avaliable or timely achievable,not about avaliable or timely achievable,0.04010806232690811
The product shall provide Monitoring Services.The product shall be easy for System Administrators and DBAs to use after two weeks of usage.,not about avaliable or timely achievable,avaliable or timely achievable,0.29420799016952515
The product shall provide Error Tracking Services.The product shall help the System Administrators and DBAs to resolve transaction errors 99% of the time.,not about avaliable or timely achievable,avaliable or timely achievable,0.22478699684143066
The product shall provide Portals.The product shall help System Administrators to analyze the transactions with ad-hoc reporting and KPIs (Key Performance Indicators),not about avaliable or timely achievable,not about avaliable or timely achievable,0.23091310262680054
The product shall provide Asynchronous Messaging.The product shall provide asynchronous messaging to enable parallel processing and reduce the overhead in communications,not about avaliable or timely achievable,avaliable or timely achievable,0.3230016231536865
The product shall provide Multi-threading and Load Balancing.The product shall provide multi-threading technology as well as load balancing to overcome data load spikes and traffic.,not about avaliable or timely achievable,avaliable or timely achievable,0.15373222529888153
The product shall process messages within 2 seconds.The product shall have a maximum message processing time of 2 seconds,not about avaliable or timely achievable,avaliable or timely achievable,0.3101886510848999
The product shall poll the system for messages every second.The product shall poll the system for new messages at a maximum of every 1 second.,not about avaliable or timely achievable,avaliable or timely achievable,0.3269900679588318
The product shall provide Dynamic Change Support and Transparent resource addition.The product shall support Transparent Resource addition and Dynamic Change support to provide scalability and avoid service interruptions of more than 1 day.,not about avaliable or timely achievable,avaliable or timely achievable,0.27368348836898804
The product shall be available 99% of the time. Rationale: To avoid service interruption during busiest customer service response periods. The product shall be available 99.99% of the time for regular business days.,avaliable or timely achievable,avaliable or timely achievable,0.23796331882476807
The product shall be robust.The product shall have fault avoidance based on standards adoption.,not about avaliable or timely achievable,avaliable or timely achievable,0.2973549962043762
The product shall be robust with fault tolerance.The product shall have fault tolerance by using recovery technique compensatory transaction and routing around failures.,not about avaliable or timely achievable,avaliable or timely achievable,0.28020179271698
The product shall be able to process all transactions.The product shall process minimum of 1 million transactions per year.,not about avaliable or timely achievable,not about avaliable or timely achievable,0.19265474379062653
The product shall be platform independent.The product shall enable access to any type of development environment and platform.,not about avaliable or timely achievable,not about avaliable or timely achievable,0.16204997897148132
The product shall interface CSR and Datastream.The product shall exchange messages between CSR and EAM on a real time basis without any direct interfaces between two systems.,not about avaliable or timely achievable,not about avaliable or timely achievable,0.15803150832653046
 : The product shall continue to operate during upgrade  change or new resource addition.The product shall be able to continue to operate with no interruption in service due to new resource additions.,not about avaliable or timely achievable,avaliable or timely achievable,0.19807453453540802
The product shall be updated on a regular basis.The product will have a new major feature introduced every six months and quarterly maintenance releases every six months.,not about avaliable or timely achievable,avaliable or timely achievable,0.18885263800621033
The product shall operate with every platform.The product shall accommodate any new technology without any change in its architecture.,not about avaliable or timely achievable,not about avaliable or timely achievable,0.15634983777999878
 The product shall have security.The product shall provide authentication  and authorization.,not about avaliable or timely achievable,not about avaliable or timely achievable,0.23011131584644318
The product shall information Security. The product shall enable privacy by encryption WS-Security and Integrity Checking.,not about avaliable or timely achievable,not about avaliable or timely achievable,0.20189009606838226
The product shall have audit capabilities.The product shall store messages for a minimum of one year for audit and transaction tracking purposes.,not about avaliable or timely achievable,avaliable or timely achievable,0.21085135638713837
The system shall use IBM and CCR branding standards. The interface must have one IBM logo and one CCR logo.,not about avaliable or timely achievable,not about avaliable or timely achievable,0.07102120667695999
The system shall be displayable on any work computer a CCR user may have. The system interface shall be formatted to display at 800 by 600 pixel resolution.,not about avaliable or timely achievable,avaliable or timely achievable,0.0964968129992485
The system interface will use CCR nomenclature. The system must use the same nomenclature used in the existing WCS system and reports,not about avaliable or timely achievable,not about avaliable or timely achievable,0.08509509265422821
The interface must summarize the data in a fashion that’s appealing to CCR management. Every report type must have at least one high level summary shown in the results dashboard/interface,not about avaliable or timely achievable,not about avaliable or timely achievable,0.026860447600483894
The system must use a point and click interface. 100% of all selection and navigation functionality must be able to be activated/selected by either a mouse or a keyboard,not about avaliable or timely achievable,not about avaliable or timely achievable,0.1005684956908226
The interface shall be easy to use. 90% of users should be able to successfully use the system to generate a report on their first use. The interface should adhere to IBM usability standards.,not about avaliable or timely achievable,not about avaliable or timely achievable,0.10382913053035736
Rreports must be easy to generate. eports must be generated within one button click and exported within one button click (after selecting the report),not about avaliable or timely achievable,not about avaliable or timely achievable,0.1142769306898117
A user shall be able to use the system without instruction after a short amount of time. After one use a user should understand and remember 90% of the system usage and navigation.,not about avaliable or timely achievable,not about avaliable or timely achievable,0.1829776018857956
All CCR users shall receive training before the WCS system is deployed. One training session will be held for 100% of CCR users before system deployment (based on a CCR user being available),not about avaliable or timely achievable,not about avaliable or timely achievable,0.06896885484457016
The WCS system shall use appropriate nomenclature and terminology as defined by the Corporate Community Grants organization. All interfaces and reports will undergo usability tests by CCR users.,not about avaliable or timely achievable,not about avaliable or timely achievable,0.10800513625144958
The WCS system shall be available at all times as long as IBM’s internal intranet W3 is accessible. The WCS system will be available 95% of the time IBM’s internal intranet W3 is available.,avaliable or timely achievable,avaliable or timely achievable,0.1320078819990158
The WCS system shall have the ability to connect other designated WCS databases currently not included in the system.,not about avaliable or timely achievable,not about avaliable or timely achievable,0.1024862602353096
The WCS system shall have the ability to include data for regions outside the United States and be accessed by users outside of the United States if approved by CCR management.,not about avaliable or timely achievable,not about avaliable or timely achievable,0.06041141226887703
The WCS system shall be run in a Windows environment. The WCS shall be accessed by users through the Internet on an IBM computer running a Windows 2000 or above operating system.,not about avaliable or timely achievable,avaliable or timely achievable,-0.010637322440743446
The Brio portion of the WCS system must be able to export files in spreadsheet form (Microsoft Excel and Lotus 1-2-3 formats).  Brio will provide buttons in the user interface that produce/export reports in .xls or .123 file formats.,not about avaliable or timely achievable,not about avaliable or timely achievable,-0.030316079035401344
The WCS system must run queries to the WCS databases once again (on a specified day) to update the available data available to CCR users. Queries must be made to external databases for data refresh once a week.,not about avaliable or timely achievable,avaliable or timely achievable,0.15737088024616241
 All changes  updates  and additions to the WCS system shall be updated in the WCS Developer and WCS User Guides. Every change must be reflected in WCS system documentation,not about avaliable or timely achievable,avaliable or timely achievable,-0.005407115910202265
The system shall only be accessed by authorized Corporate Community Grants (CCR) employees. Users must be authenticated using their IBM intranet user name and password.,not about avaliable or timely achievable,not about avaliable or timely achievable,0.09645228832960129
The WCS system shall not allow automatic logins by any user. Cookies containing WCS login information about a user will not be stored on a user’s computer.,not about avaliable or timely achievable,not about avaliable or timely achievable,0.030139131471514702
Each team owner will need to use a username and password in order to be authenticated to reach the team owner’s page,not about avaliable or timely achievable,not about avaliable or timely achievable,0.08447303622961044
The Commissioner will be the only authorized user per league to adjust league settings.,not about avaliable or timely achievable,not about avaliable or timely achievable,0.15227791666984558
Each page shall contain a navigation menu which shows the index into which the current page is contained.,not about avaliable or timely achievable,avaliable or timely achievable,0.016229718923568726
Each page shall contain a similar format with action items in one location and navigation buttons in a different location.,not about avaliable or timely achievable,not about avaliable or timely achievable,0.09029427170753479
The message board shall contain the 5 most recently posted messages on the league page. The messages will contain up to the first 150 characters of the message.,not about avaliable or timely achievable,not about avaliable or timely achievable,0.12012852728366852
;A new user shall be able to navigate through the league and team pages within 30 seconds of reaching the start-up page.,not about avaliable or timely achievable,not about avaliable or timely achievable,0.2080550193786621
Users shall be able to reach the ‘add’  ‘drop’  and ‘trade player’ pages with one click from the team owner’s page.,not about avaliable or timely achievable,not about avaliable or timely achievable,0.1300451010465622
;Users shall be able to view at least 25 NFL player statistics and points on each page.,not about avaliable or timely achievable,not about avaliable or timely achievable,0.1347179114818573
The application shall ask the user to confirm dropping a player or trading a player before performing the action.,not about avaliable or timely achievable,not about avaliable or timely achievable,0.18581855297088623
The application shall be able to complete every user transaction within one fourth of a second of receiving the request over the network.,not about avaliable or timely achievable,avaliable or timely achievable,0.32492759823799133
The application shall have a downtime of at most 10 minutes per year.,avaliable or timely achievable,avaliable or timely achievable,0.28462958335876465
The application shall run on a web application server.,not about avaliable or timely achievable,avaliable or timely achievable,0.09996955096721649
A primary database will be used to store cached data for active users.,not about avaliable or timely achievable,avaliable or timely achievable,0.08789744973182678
A secondary database will be used to store historical statistics and data.,not about avaliable or timely achievable,avaliable or timely achievable,0.07957910001277924
Application updates shall occur between 3AM and 6 AM CST on Wednesday morning during the middle of the NFL season.,not about avaliable or timely achievable,not about avaliable or timely achievable,0.24717576801776886
New System version releases shall be released at the beginning of each NFL season.,not about avaliable or timely achievable,avaliable or timely achievable,0.0699182003736496
The RFS system should be available 24/7  especially during the budgeting period. The RFS system shall be available 90% of the time all year  and 98% during the budgeting period. 2% of the time  the system will become available within 1 hour of the time that the situation is reported.,avaliable or timely achievable,avaliable or timely achievable,0.1943982094526291
98% of the user workstations shall meet the minimum hardware requirements prior to implementation. Minimum Hard Disk Space:  400MB.,not about avaliable or timely achievable,not about avaliable or timely achievable,0.08612607419490814
98% of the user workstations shall meet the minimum software requirements prior to implementation: Microsoft Internet Explorer 5.0. Microsoft .NET Framework 1.1. Microsoft Internet Explorer Web Controls,not about avaliable or timely achievable,not about avaliable or timely achievable,0.10191910713911057
The RFS system should be able to easily interface with the BDW environment  in order to load the data. •;7 data files shall be received from the BDW and loaded into the RFS system within 3 hours one day prior to the start of budgeting process  every year. The data will be as of October month-end. ;Test files (7) shall be loaded up to 5 times throughout the year  from the BDW.,not about avaliable or timely achievable,avaliable or timely achievable,0.14632120728492737
Changes to revenue and expense formulae must be applied to the RFS system  every year  prior to the budgeting process start. Revenue and expense formulae will be updated within one week of their receipt  after which 2 weeks will be allotted to testing of the budget calculations  to be conducted jointly by the project development team and PCG Finance.,not about avaliable or timely achievable,avaliable or timely achievable,0.0956774577498436
New branches/complexes/districts/regions and revenue/expense accounts added to the BDW  must be reflected in the RFS system. 100% of the entities (mentioned above) available as of October month-end  will be loaded into the RFS system  prior to the budget start process.,not about avaliable or timely achievable,avaliable or timely achievable,0.05176413059234619
Only authorized user shall access the RFS system. ONLY users that exist in the UAS system  with the RFS system assigned to their role(s)  shall access the RFS system and use it.,not about avaliable or timely achievable,not about avaliable or timely achievable,0.07755181938409805
;User access should be limited to the permissions granted to their role(s) Each level in the PCG hierarchy will be assigned a role and users will be assigned to these roles. Access to functionality within RFS system is dependent on the privileges/permission assigned to the role..,not about avaliable or timely achievable,not about avaliable or timely achievable,0.08190575242042542
The product must comply with the intranet page standards and requirements of ENET Securities. 95% of the product look & feel will be approved by the Architecture group  prior to implementation. The remaining 5% will be corrected and approved within one month of product release.,not about avaliable or timely achievable,avaliable or timely achievable,0.171159029006958
 The intranet pages should display appropriately in all resolutions  from 800x600 and higher. The display of all the pages will be correct in 95% of the resolutions  prior to implementation. The remaining 5% will be corrected within a week of notification of the incorrect display.,not about avaliable or timely achievable,avaliable or timely achievable,0.03983693942427635
The users should be able to easily use the system to successfully complete their budgets  within the stipulated time for completion. With a week of training prior to product implementation  98% of the users shall complete their budgets within the stipulated time.,not about avaliable or timely achievable,avaliable or timely achievable,0.24059481918811798
The product interface should be fast. The response time of the product interface should not exceed 2 seconds 90% of the time. For 10% of the time  the response time should not be more than 10 seconds.not be more than 10 seconds.,not about avaliable or timely achievable,avaliable or timely achievable,0.2570122182369232
