Requirement text,Gold label,Predicated label,ZSL score
The system shall refresh the display every 60 seconds.,"not about reliability, dependability, resilience","reliability, dependability, resilience",0.14891551434993744
The application shall match the color of the schema set forth by Department of Homeland Security,"not about reliability, dependability, resilience","reliability, dependability, resilience",0.14488773047924042
 If projected  the data must be readable.  On a 10x10 projection screen  90% of viewers must be able to read Event / Activity data from a viewing distance of 30,"not about reliability, dependability, resilience","not about reliability, dependability, resilience",0.07147292047739029
 The product shall be available during normal business hours. As long as the user has access to the client PC  the system will be available 99% of the time during the first six months of operation.,"reliability, dependability, resilience","reliability, dependability, resilience",0.09074272960424423
 If projected  the data must be understandable. On a 10x10 projection screen  90% of viewers must be able to determine that Events or Activities are occuring in current time from a viewing distance of 100,"not about reliability, dependability, resilience","not about reliability, dependability, resilience",0.0460255965590477
The product shall ensure that it can only be accessed by authorized users.  The product will be able to distinguish between authorized and unauthorized users in all access attempts,"not about reliability, dependability, resilience","reliability, dependability, resilience",0.08969476819038391
The product shall be intuitive and self-explanatory.  :  90% of new users shall be able to start the display of Events or Activities within 90 minutes of using the product.,"not about reliability, dependability, resilience","not about reliability, dependability, resilience",0.11739397048950195
The product shall respond fast to keep up-to-date data in the display.,"not about reliability, dependability, resilience","reliability, dependability, resilience",0.211234450340271
The look and feel of the system shall conform to the user interface standards of the smart device.,"not about reliability, dependability, resilience","reliability, dependability, resilience",0.19787925481796265
 The user interface shall have standard menus  buttons for navigation,"not about reliability, dependability, resilience","reliability, dependability, resilience",0.05562238395214081
The system shall have a professional appearance,"not about reliability, dependability, resilience","reliability, dependability, resilience",0.25219565629959106
The product shall have a consistent color scheme and fonts.,"not about reliability, dependability, resilience","reliability, dependability, resilience",0.23808133602142334
The system shall be used by realtors with no training.,"not about reliability, dependability, resilience","not about reliability, dependability, resilience",0.06618709117174149
The system shall be intuitive and self explanatory.,"not about reliability, dependability, resilience","not about reliability, dependability, resilience",0.3339659571647644
The product shall be easy for a realtor to learn.,"not about reliability, dependability, resilience","not about reliability, dependability, resilience",0.12022894620895386
The product shall use symbols and words that are naturally understandable by the realtor community.,"not about reliability, dependability, resilience","reliability, dependability, resilience",0.14668650925159454
The product shall produce search results in an acceptable time,"not about reliability, dependability, resilience","reliability, dependability, resilience",0.13630042970180511
The search results shall be returned no later 30      seconds  after the user has entered the search criteria,"not about reliability, dependability, resilience","not about reliability, dependability, resilience",0.008921519853174686
The product shall generate a CMA report in an acceptable time.,"not about reliability, dependability, resilience","reliability, dependability, resilience",0.16726699471473694
The CMA report shall be returned no later 60 seconds after the user has entered the CMA report criteria.,"not about reliability, dependability, resilience","not about reliability, dependability, resilience",0.0426463820040226
The product shall synchronize contacts and appointments in an acceptable time.,"not about reliability, dependability, resilience","reliability, dependability, resilience",0.15418057143688202
The product shall synchronize with the office system every hour.,"not about reliability, dependability, resilience","reliability, dependability, resilience",0.15816594660282135
 The product shall be available for use 24 hours per day  365 days  per year,"reliability, dependability, resilience","not about reliability, dependability, resilience",0.22248494625091553
 Out of 1000 accesses to the system  the system is available 999 times.,"reliability, dependability, resilience","reliability, dependability, resilience",0.19731612503528595
The product shall operate in offline mode whenever internet connection is unavailable.,"not about reliability, dependability, resilience","reliability, dependability, resilience",0.17534849047660828
 The product shall allow the user to view previously downloaded search results  CMA reports  and appointments.,"not about reliability, dependability, resilience","not about reliability, dependability, resilience",0.02830108441412449
The product shall retain user preferences in the event of a failure.,"not about reliability, dependability, resilience","reliability, dependability, resilience",0.3753920793533325
100% of saved user preferences shall be restored when system comes back online.,"not about reliability, dependability, resilience","reliability, dependability, resilience",0.15328674018383026
The product shall be able to support multiple remote users,"not about reliability, dependability, resilience","reliability, dependability, resilience",0.14876426756381989
The product shall be able support 1000 simultaneous users.,"not about reliability, dependability, resilience","reliability, dependability, resilience",0.14053335785865784
The product shall be capable of handling the existing 1000 users. This number is expected to grow 5 times within the next year.,"not about reliability, dependability, resilience","reliability, dependability, resilience",0.17088019847869873
The product shall be installed by an untrained realtor   without recourse to separately-printed instructions.,"not about reliability, dependability, resilience","not about reliability, dependability, resilience",0.11278677731752396
90% of untrained realtors shall be able to install the product on their device without printed instructions,"not about reliability, dependability, resilience","not about reliability, dependability, resilience",0.16190525889396667
The product is expected to run on Windows CE and Palm operating systems.,"not about reliability, dependability, resilience","reliability, dependability, resilience",0.10824353992938995
Only registered realtors shall be able to access the system.,"not about reliability, dependability, resilience","not about reliability, dependability, resilience",-0.0013823146000504494
Every user of the system shall be authenticated and authorized.,"not about reliability, dependability, resilience","reliability, dependability, resilience",0.1742306649684906
The product shall prevent its data from incorrect data being introduced.,"not about reliability, dependability, resilience","reliability, dependability, resilience",0.20163016021251678
The system shall be easy to use by the Program Administrators/Nursing Staff Members.,"not about reliability, dependability, resilience","not about reliability, dependability, resilience",0.26950424909591675
All of the users shall be able to use the system after one day of training.,"not about reliability, dependability, resilience","not about reliability, dependability, resilience",0.13750532269477844
The system shall help the user avoid making mistakes while scheduling classes and clinicals for the nursing students.,"not about reliability, dependability, resilience","not about reliability, dependability, resilience",0.16296301782131195
The number of mistakes noted by the students shall be decreased by 50% in the first year.,"not about reliability, dependability, resilience","reliability, dependability, resilience",0.023083336651325226
The system shall be intuitive to the Program Administrators/Nursing Staff Members.,"not about reliability, dependability, resilience","not about reliability, dependability, resilience",0.28413504362106323
2 out of 3 Program Administrators/Nursing Staff Members shall successfully be able to use the system to manage the scheduling of classes and clinicals.,"not about reliability, dependability, resilience","reliability, dependability, resilience",0.18203935027122498
The system shall use symbols and words that are naturally understandable by the user community.,"not about reliability, dependability, resilience","reliability, dependability, resilience",0.2408284693956375
The verbiage used within the system shall be consistent with Standard English and the terminology of the national Nursing Community.,"not about reliability, dependability, resilience","reliability, dependability, resilience",0.2327074408531189
Staff members shall be able to complete a set of tasks in a timely manner.,"not about reliability, dependability, resilience","reliability, dependability, resilience",0.20569707453250885
The response time of general student management tasks shall take no longer than 5 seconds and the response time of schedule generation shall take no longer than 30 seconds.,"not about reliability, dependability, resilience","reliability, dependability, resilience",0.0995372086763382
The system shall be available for use between the hours of 8am and 6pm.,"reliability, dependability, resilience","not about reliability, dependability, resilience",0.11300933361053467
The system shall achieve 95% up time.,"reliability, dependability, resilience","reliability, dependability, resilience",0.20581692457199097
system shall be able to handle all of the user requests/usage during business hours.,"not about reliability, dependability, resilience","reliability, dependability, resilience",0.17260555922985077
The system shall cater to 10 simultaneous users from 9am to 5pm.,"not about reliability, dependability, resilience","reliability, dependability, resilience",0.08004763722419739
The system shall be capable of processing 100% of nursing students and their classes for the next 10 years.,"not about reliability, dependability, resilience","not about reliability, dependability, resilience",0.13150061666965485
The system shall be expected to manage the nursing program curriculum and class/clinical scheduling for a minimum of 5 years.,"not about reliability, dependability, resilience","not about reliability, dependability, resilience",0.07884126901626587
The system shall able to operate within a business office environment typical of the Nursing Department at DePaul University.,"not about reliability, dependability, resilience","not about reliability, dependability, resilience",0.1530672162771225
The system shall be used within the specifications defined by the computers used by the Program Administrators/Nursing Staff Members.,"not about reliability, dependability, resilience","not about reliability, dependability, resilience",0.20154255628585815
The system shall operate within the Windows XP Professional operating system.,"not about reliability, dependability, resilience","reliability, dependability, resilience",0.09831665456295013
The system shall interface with CampusConnect’s central server,"not about reliability, dependability, resilience","reliability, dependability, resilience",0.15609043836593628
The system shall interface with the faculty central server.,"not about reliability, dependability, resilience","reliability, dependability, resilience",0.15853999555110931
The system shall interface with the student master server.,"not about reliability, dependability, resilience","reliability, dependability, resilience",0.11334475874900818
We must be able to interface with any HTML browser.,"not about reliability, dependability, resilience","not about reliability, dependability, resilience",0.10339240729808807
Only authorized users shall have access to clinical site information.,"not about reliability, dependability, resilience","not about reliability, dependability, resilience",0.0729425847530365
Program Administrators/Nursing Staff Members are the only people who shall have access to clinical site details.,"not about reliability, dependability, resilience","not about reliability, dependability, resilience",0.0680149644613266
Only authorized users shall have access to students’ personal information.,"not about reliability, dependability, resilience","reliability, dependability, resilience",0.06014807149767876
Dr Susan Poslusny and Dr Julie Donalek are the only people who shall have access to students’ personal information.,"not about reliability, dependability, resilience","not about reliability, dependability, resilience",0.07448627799749374
Only authorized users shall have access to the portion of the system that interfaces with CampusConnect.,"not about reliability, dependability, resilience","reliability, dependability, resilience",0.06677199900150299
Fit Criterion: Dr Susan Poslusny and Karen Sysol are the only people who shall have access to the final class section scheduling for the system that interfaces with CampusConnect.,"not about reliability, dependability, resilience","reliability, dependability, resilience",0.1465151011943817
The system shall have basic data integrity checking to reduce the possibility of incorrect or invalid data being introduced.,"not about reliability, dependability, resilience","reliability, dependability, resilience",0.22913260757923126
The system shall protect private information in accordance with the organization’s information policy.,"not about reliability, dependability, resilience","reliability, dependability, resilience",0.18498700857162476
The system shall be built such that it is as secure as possible from malicious interference.,"not about reliability, dependability, resilience","reliability, dependability, resilience",0.26700741052627563
The system shall use the organization’s standard virus protection software to help monitor threats to itself.,"not about reliability, dependability, resilience","not about reliability, dependability, resilience",0.183355912566185
The Disputes application shall comply with the corporate standards for user interface creation for internally and externally used applications.,"not about reliability, dependability, resilience","reliability, dependability, resilience",0.15668849647045135
All screens created as part of the Disputes application must comply with corporate standards for interface creation.,"not about reliability, dependability, resilience","reliability, dependability, resilience",0.09490503370761871
The list of dispute cases that are displayed after a search is performed must be color coded for easy identification of dispute cases based upon the dispute case status.,"not about reliability, dependability, resilience","reliability, dependability, resilience",0.03656454756855965
100% of the cardmember and merchant services representatives shall use the Disputes application regularly after a 2-day training course.,"not about reliability, dependability, resilience","not about reliability, dependability, resilience",0.10290481150150299
100% of cardmember services representatives shall be able to successfully create a dispute case on the first encounter after completing the training course.,"not about reliability, dependability, resilience","not about reliability, dependability, resilience",0.07062060385942459
100% of merchant services representatives shall be able to successfully perform a follow up action on a dispute case on the first encounter after completing the training course.,"not about reliability, dependability, resilience","reliability, dependability, resilience",0.10177014768123627
The maximum wait time for a user navigating from one screen to another within the Disputes application shall be no more than 5 seconds.,"not about reliability, dependability, resilience","not about reliability, dependability, resilience",0.05075928568840027
The Disputes application shall support 350 concurrent users without any degradation of performance in the application.,"not about reliability, dependability, resilience","not about reliability, dependability, resilience",0.17135553061962128
 The Disputes application shall be available 24x7x365  with the exception of the following scheduled maintenance windows.  Monday – Saturday 3:00am to 4:00am EST Sunday 1:00amd to 5:00am EST,"not about reliability, dependability, resilience","reliability, dependability, resilience",0.193806990981102
The Disputes application shall interface with the Statement Database. The Statement Database provides the transaction details to the Disputes System. All transaction details must be obtained from the Statement Database,"not about reliability, dependability, resilience","reliability, dependability, resilience",0.08248351514339447
The Disputes application shall interface with the Cardmember Information Database.  The Cardmember Information Database provides detailed information with regard to a cardmember.  All cardmember detail information must be obtained from the Cardmember Information Database.,"not about reliability, dependability, resilience","not about reliability, dependability, resilience",0.09244206547737122
The Disputes applications shall interface with the Merchant Information Database.  The Merchant Information Database provides detailed information with regard to the merchant. All merchant detail information shall be obtained from the Merchant Information Database.,"not about reliability, dependability, resilience","reliability, dependability, resilience",0.05599801242351532
The Disputes application shall interface with the Letters application.  This will allow the Disputes application to request letters as part of the dispute initiation and dispute follow up process. All letter requests must be sent to the Print Letter Utility application.,"not about reliability, dependability, resilience","not about reliability, dependability, resilience",0.06323543190956116
The Disputes application shall interface with the Cardmember Posting and Billing System.  This will allow the Disputes application to request adjustments to cardmember and merchant’s accounts. All adjustment requests must be sent to the Cardmember Posting and Billing System.,"not about reliability, dependability, resilience","not about reliability, dependability, resilience",0.06255882978439331
The Disputes application shall ensure that only users with the appropriate access level are allowed to initiate dispute requests.,"not about reliability, dependability, resilience","reliability, dependability, resilience",0.06470763683319092
Only users with Update access must be able to initiate dispute requests.,"not about reliability, dependability, resilience","not about reliability, dependability, resilience",0.11879044026136398
The Disputes application shall ensure that only authorized users are allowed to logon to the application.,"not about reliability, dependability, resilience","reliability, dependability, resilience",0.040249042212963104
 All authorized users  once authenticated must be able to logon to the Disputes System,"not about reliability, dependability, resilience","reliability, dependability, resilience",0.10079782456159592
The Disputes System shall generate a User Report that details any new users that have been added and any changes to an existing user’s access level.  The report will be reviewed for auditing purposes.,"not about reliability, dependability, resilience","reliability, dependability, resilience",0.09891480952501297
All additions of new users and modifications to user’s access shall be recorded on the User Report.,"not about reliability, dependability, resilience","reliability, dependability, resilience",0.009736641310155392
 If a user account is revoked  it can only be re-instantiated by the System Administrator.,"not about reliability, dependability, resilience","not about reliability, dependability, resilience",-0.014246700331568718
Only the System Administrator shall be able to reset a revoked user logon account,"not about reliability, dependability, resilience","not about reliability, dependability, resilience",0.006127668544650078
The Disputes application shall manipulate and view business data. Users will not have direct access to data files or databases.,"not about reliability, dependability, resilience","not about reliability, dependability, resilience",0.08212955296039581
All updates to data files or database must be initiated from the Disputes System.,"not about reliability, dependability, resilience","reliability, dependability, resilience",0.10532182455062866
The Disputes application must conform to the legal requirements as specified by the Merchant Operating Regulations.,"not about reliability, dependability, resilience","reliability, dependability, resilience",0.1321459263563156
All business rules specified in the Disputes System shall be in compliance with the Merchant Operating Regulations.,"not about reliability, dependability, resilience","reliability, dependability, resilience",0.12971453368663788
The Disputes application must conform to the legal requirements as specified by Regulation E and Regulation Z that govern credit card disputes processing.,"not about reliability, dependability, resilience","reliability, dependability, resilience",0.1203574612736702
All business rules specified in the Disputes System shall be in compliance to the guidelines of Regulation E and Regulation Z.,"not about reliability, dependability, resilience","reliability, dependability, resilience",0.14452460408210754
The Disputes application must maintain a detailed history of every action that a user takes on a dispute case.  This ensures a complete audit trail if questions arise later on with regard to a particular dispute case.,"not about reliability, dependability, resilience","reliability, dependability, resilience",0.08479267358779907
All actions that modify an existing dispute case must be recorded in the case history.,"not about reliability, dependability, resilience","not about reliability, dependability, resilience",0.006184588652104139
The product must support Internet Explorer 5.5 and above.,"not about reliability, dependability, resilience","reliability, dependability, resilience",0.09393379092216492
The product must support Mozilla Firefox 1.0 and above.,"not about reliability, dependability, resilience","not about reliability, dependability, resilience",0.10135819017887115
The product shall interface with the Choice Parts System.  This provides the feed of recycled parts data.,"not about reliability, dependability, resilience","reliability, dependability, resilience",0.23864595592021942
The product shall run on the existing hardware for all environments.,"not about reliability, dependability, resilience","not about reliability, dependability, resilience",0.2053835242986679
The product shall adhere to the corporate Architecture guidelines,"not about reliability, dependability, resilience","reliability, dependability, resilience",0.2935253083705902
The product shall comply with corporate User Interface Guidelines,"not about reliability, dependability, resilience","reliability, dependability, resilience",0.25655752420425415
The product shall comply with corporate color scheme,"not about reliability, dependability, resilience","reliability, dependability, resilience",0.16445207595825195
The appearance of the product shall appear professional,"not about reliability, dependability, resilience","reliability, dependability, resilience",0.19437174499034882
The product shall be easy to use by Adjusters and Collision Estimators.  95% of Adjusters and Collision Estimators shall find the product easy to use.,"not about reliability, dependability, resilience","not about reliability, dependability, resilience",0.1651928722858429
The product shall increase productivity of Collision Estimators. 80% of the Collision Estimators shall agree their productivity has increase within 1 month of using the product.,"not about reliability, dependability, resilience","not about reliability, dependability, resilience",0.15278442203998566
Users shall feel satisfied using the product.  85% of all users will be satisfied with the product.,"not about reliability, dependability, resilience","reliability, dependability, resilience",0.16893169283866882
The product shall be easy to learn by Adjusters and Collision Estimators.  The product shall be learned with two days onsite training,"not about reliability, dependability, resilience","not about reliability, dependability, resilience",0.18653438985347748
The user shall easily locate instructions while using the product.  User help can be found within 90% of the system.,"not about reliability, dependability, resilience","not about reliability, dependability, resilience",0.10860709100961685
The search for recycled parts shall take no longer than 15 seconds.  The search results shall be returned in under 15 seconds.,"not about reliability, dependability, resilience","not about reliability, dependability, resilience",0.13848134875297546
The search for the preferred repair facility shall take no longer than 8 seconds.  The preferred repair facility is returned within 8 seconds,"not about reliability, dependability, resilience","not about reliability, dependability, resilience",0.2834937572479248
The recycled parts audit report shall be returned to the user within 10 seconds.  The audit report shall be returned within 10 seconds.,"not about reliability, dependability, resilience","reliability, dependability, resilience",0.14770111441612244
The preferred repair facility ratings shall be saved within 5 seconds. The save shall occur within 5 seconds.,"not about reliability, dependability, resilience","not about reliability, dependability, resilience",0.3071531057357788
The product shall adhere to the corporate online availability schedule.  The application is brought down only within 98% of the scheduled outages per the availability schedule.,"reliability, dependability, resilience","reliability, dependability, resilience",0.25491267442703247
The product shall achieve a 98% uptime. The product shall not fail more than 2% of the available online time.,"reliability, dependability, resilience","reliability, dependability, resilience",0.24963344633579254
The product shall be able to handle up to 1500 simultaneous users. The system shall perform with 1500 users as a time.,"not about reliability, dependability, resilience","reliability, dependability, resilience",0.09938868135213852
 The average number of recycled parts records per day shall be 50 000.,"not about reliability, dependability, resilience","reliability, dependability, resilience",0.12707865238189697
 The product shall be able to handle 10 000 concurrent users within 2 years of the initial launch.,"not about reliability, dependability, resilience","reliability, dependability, resilience",0.1358950138092041
 For estimators  the product shall be able to be operated in a repair facility during dirty and noisy conditions.,"not about reliability, dependability, resilience","not about reliability, dependability, resilience",0.33254361152648926
The product shall interface with the ChoiceParts system once per day at approximately 1:00 AM.,"not about reliability, dependability, resilience","not about reliability, dependability, resilience",0.1218055784702301
The maintenance of the product will fall within the established corporate maintenance windows.,"not about reliability, dependability, resilience","not about reliability, dependability, resilience",0.35363489389419556
The product shall be supported using the corporate support center.,"not about reliability, dependability, resilience","not about reliability, dependability, resilience",0.25516754388809204
Product installations and upgrades shall be handled by the middleware technology team within established launch time frames.,"not about reliability, dependability, resilience","reliability, dependability, resilience",0.1970798820257187
Only adjusters can request recycled parts audit reports. No users without an adjuster role shall request recycled parts audits.,"not about reliability, dependability, resilience","not about reliability, dependability, resilience",0.14829762279987335
Only adjusters with a supervisor role can update preferred repair facility ratings. Users without the supervisor role cannot access the repair facility ratings.,"not about reliability, dependability, resilience","not about reliability, dependability, resilience",0.21708714962005615
Only collision estimators shall search for recycled parts.  Users without the collision estimator role shall not have access to the search for recycled parts.,"not about reliability, dependability, resilience","not about reliability, dependability, resilience",0.221937358379364
Only valid data shall be entered into the system.  No invalid data shall be entered into the system.,"not about reliability, dependability, resilience","reliability, dependability, resilience",0.23261535167694092
One insurance company shall not be able to view another insurance companys claim data.,"not about reliability, dependability, resilience","not about reliability, dependability, resilience",0.1547113060951233
The product shall free of computer viruses.,"not about reliability, dependability, resilience","reliability, dependability, resilience",0.18725676834583282
The system shall prevent malicious attacks including denial of service.,"not about reliability, dependability, resilience","reliability, dependability, resilience",0.18110807240009308
The product must comply with Sarbanes-Oxley.,"not about reliability, dependability, resilience","reliability, dependability, resilience",0.22031724452972412
The product shall comply with the estimatics laws relating to recycled parts usage.,"not about reliability, dependability, resilience","not about reliability, dependability, resilience",0.21911504864692688
The product shall comply with insurance regulations regarding claims processing.,"not about reliability, dependability, resilience","not about reliability, dependability, resilience",0.2555066645145416
 The product must work with most database management systems (DBMS) on the market  whether the DBMS is colocated with the product on the same machine or is located on a different machine on the computer network.,"not about reliability, dependability, resilience","reliability, dependability, resilience",0.14608485996723175
The product will function alongside server software on any operating system where the Java runtime can be installed.,"not about reliability, dependability, resilience","reliability, dependability, resilience",0.07813331484794617
The product will require collaboration with a database management system (DBMS).  The DBMS may be located on the same machine as the product or on a separate machine residing on the same computer network.,"not about reliability, dependability, resilience","reliability, dependability, resilience",0.1420307457447052
 The product must make use of web/application server technology.  Open source examples include Apache web server  Tomcat  and the JBoss application server.,"not about reliability, dependability, resilience","reliability, dependability, resilience",0.0893210768699646
 A database management system such as Oracle  DB2  MySql or HSQL will need to be integrated with the product.,"not about reliability, dependability, resilience","reliability, dependability, resilience",0.14385679364204407
 The product’s Look and Feel shall be able to incorporate aspects of the customer’s organization such as logo  branding  and identity,"not about reliability, dependability, resilience","reliability, dependability, resilience",0.14937570691108704
The product shall have a conservative and professional appearance.,"not about reliability, dependability, resilience","reliability, dependability, resilience",0.2555285394191742
The product shall make the users want to use it. 80% of the users surveyed report they are regularly using the product after the first 2 weeks post-launch.,"not about reliability, dependability, resilience","reliability, dependability, resilience",0.16333796083927155
The product shall be easy to use. 90% of users will be able to successfully reserve a conference room within 5 minutes of product use.,"not about reliability, dependability, resilience","not about reliability, dependability, resilience",0.13633176684379578
The product shall give users feedback when necessary. 80% of the users surveyed report that the product accurately confirms their actions.,"not about reliability, dependability, resilience","reliability, dependability, resilience",0.23354753851890564
The product shall allow the user to select a chosen language from one of the target market countries.,"not about reliability, dependability, resilience","reliability, dependability, resilience",0.04308779537677765
The product shall allow for customization of start page and views preferences.,"not about reliability, dependability, resilience","not about reliability, dependability, resilience",0.04591390863060951
 An employee will be able to successfully use the product within a few minutes.  After informally navigating the product for less than 15 minutes  users shall be able to successfully setup meetings and reserve conference rooms.,"not about reliability, dependability, resilience","reliability, dependability, resilience",0.10285519063472748
The product shall use a standard navigation menu familiar to most web users.,"not about reliability, dependability, resilience","reliability, dependability, resilience",0.05775091424584389
The product shall allow for intuitive searching of available conference rooms.,"not about reliability, dependability, resilience","not about reliability, dependability, resilience",0.0669558197259903
The product shall conform to the Americans with Disabilities Act.,"not about reliability, dependability, resilience","not about reliability, dependability, resilience",0.2581152021884918
The response shall be fast enough to avoid interrupting the user’s flow of thought.  90% of tasks shall complete within 5 seconds.  98% of tasks shall complete within 8 seconds.,"not about reliability, dependability, resilience","reliability, dependability, resilience",0.13540901243686676
 Aside from server failure  the software product shall achieve 99.99% up time.,"reliability, dependability, resilience","reliability, dependability, resilience",0.26928117871284485
The product shall create an exception log of problems encountered within the product for transmission to our company for analysis and resolution.,"not about reliability, dependability, resilience","not about reliability, dependability, resilience",0.25475817918777466
 The product shall be capable of handling up to 1 000 concurrent requests.  This number will increase to 2 000 by Release 2.  The concurrency capacity must be able to handle peak scheduling times such as early morning and late afternoon hours.,"not about reliability, dependability, resilience","reliability, dependability, resilience",0.16137650609016418
 The product shall be able to process 10 000 transactions per hour within two years of its launch.  This number will increase to 20 000 by Release 2.,"not about reliability, dependability, resilience","reliability, dependability, resilience",0.08285868167877197
The product shall be expected to operate for at least 5 years for each customer installation.,"not about reliability, dependability, resilience","not about reliability, dependability, resilience",0.22007235884666443
The product shall be used in office environments.,"not about reliability, dependability, resilience","reliability, dependability, resilience",0.22847995162010193
The product must be able to interface with any HTML browser.  The product shall transmit data between the user and the product without problems. The product shall display HTML properly in 80% of all HTML browsers tested (minimum is to test 8 browsers).,"not about reliability, dependability, resilience","reliability, dependability, resilience",0.14744824171066284
The product must be able to interface with various database management systems. The product shall communicate successfully with the database management system on 100% of all transactions.,"not about reliability, dependability, resilience","reliability, dependability, resilience",0.1792363077402115
The product must be able to interface with various email servers. The product shall be able to send email.,"not about reliability, dependability, resilience","reliability, dependability, resilience",0.16748365759849548
The product shall be available for distribution via the Internet as a binary or ZIP file.,"not about reliability, dependability, resilience","reliability, dependability, resilience",0.13089433312416077
The product shall be available for distribution as a packaged CD.,"not about reliability, dependability, resilience","reliability, dependability, resilience",0.1260170340538025
 The product will be available for licensing as a one-server  two-five servers  or five-or-more servers license.,"not about reliability, dependability, resilience","reliability, dependability, resilience",0.07465547323226929
A new user must be able to be added to the system within 10 minutes.  90% of new users are able to log into the system within 10 minutes.,"not about reliability, dependability, resilience","reliability, dependability, resilience",-0.011798018589615822
The product must be designed using Design Patterns and coding best practices.  90% of maintenance software developers are able to integrate new functionality into the product with 2 working days.,"not about reliability, dependability, resilience","not about reliability, dependability, resilience",0.21264240145683289
The product must be highly configurable for use with various database management systems for the end users.  80% of end users are able to integrate new database management systems with the product without changing the product’s software code.,"not about reliability, dependability, resilience","reliability, dependability, resilience",0.11429372429847717
Maintenance releases will be offered to customers once a year.  The releases shall take no longer than 5 minutes for 80% of the customer base to install.,"not about reliability, dependability, resilience","reliability, dependability, resilience",0.19029299914836884
Every registered user will have access to the product’s support site via the Internet.  70% of registered users shall find a solution to their problem within 5 minutes of using the support site.,"not about reliability, dependability, resilience","reliability, dependability, resilience",0.2217268943786621
The customer shall be able to easily integrate new building maps with the product throughout the product’s lifecycle.  Integration of new maps with the product shall be possible with little to no support from product support staff.,"not about reliability, dependability, resilience","reliability, dependability, resilience",0.16294260323047638
 The product shall be translated into foreign languages other than the target market countries’ languages in future releases.  For each emerging target market  it shall take no more than 5 days to configure the product for that market’s language.,"not about reliability, dependability, resilience","reliability, dependability, resilience",0.013567215763032436
 The product is expected to integrate with multiple database management systems.  The product will operate with Oracle  SQL Server  DB2  MySQL  HSQL  and MS Access.,"not about reliability, dependability, resilience","reliability, dependability, resilience",0.12012182921171188
The product shall be able to be installed in any operating environment within 2 days.,"not about reliability, dependability, resilience","not about reliability, dependability, resilience",0.14968374371528625
The product shall ensure that only company employees or external users with company-approved user IDs may have product access.  100% of all logons shall be by either company employees or external users with company-approved user IDs.,"not about reliability, dependability, resilience","reliability, dependability, resilience",0.09536897391080856
Only managers are able to perform search queries for reservations by user.  100% of all search queries for reservations by user shall be from logons of only management logons.,"not about reliability, dependability, resilience","not about reliability, dependability, resilience",0.03704645112156868
The product shall ensure that the database’s data corresponds to the data entered by the user.  Each conference room reservation in the system will contain the same information as was entered by the user.,"not about reliability, dependability, resilience","reliability, dependability, resilience",0.15928107500076294
The product shall prevent the input of malicious data.  The product and/or adjacent hardware/software systems’ data shall remain 100% uncorrupted each time malicious data is input into the product.,"not about reliability, dependability, resilience","reliability, dependability, resilience",0.22771063446998596
The product and/or dependent databases/filesystems shall remain operational as a result of the input of malicious data.  The product and/or dependent databases/filesystems shall not crash 100% of the time that malicious data is input into the product.,"not about reliability, dependability, resilience","reliability, dependability, resilience",0.3027380406856537
The product shall have the ability to receive automatic software updates as new threats emerge.  100% of customers will be able to receive automatic software updates transmitted to the installed product.,"not about reliability, dependability, resilience","reliability, dependability, resilience",0.19143502414226532
The language of the product shall accommodate all of the target market countries. 90% of survey respondents from each target market country will find that the language of the product is acceptable.,"not about reliability, dependability, resilience","reliability, dependability, resilience",0.13261450827121735
The product shall be able to display calendar dates and times according to the user’s locale.  90% of survey respondents from each target market country will find that the date and time formatting of the product is correct.,"not about reliability, dependability, resilience","reliability, dependability, resilience",0.056254781782627106
The product must be developed with the J2SE/J2EE programming language libraries,"not about reliability, dependability, resilience","reliability, dependability, resilience",0.11108148097991943
Recreation of Inventory Quantity Adjustment for the period of previous 30 days shall take no more than 30min.,"not about reliability, dependability, resilience","not about reliability, dependability, resilience",0.04667472094297409
The System shall allow for a minimum of  6 users to work at the same time.,"not about reliability, dependability, resilience","reliability, dependability, resilience",0.17551913857460022
The System shall utilize currently owned computer equipment.,"not about reliability, dependability, resilience","reliability, dependability, resilience",0.22357937693595886
The System shall be able to automatically backup business data and restore them on demand.,"not about reliability, dependability, resilience","reliability, dependability, resilience",0.18715257942676544
The System shall maintain consistent security.  Any changes in user passwords and/or permissions should take affect in all parts of the System.,"not about reliability, dependability, resilience","reliability, dependability, resilience",0.257875919342041
The System shall granularly control access rights to all major subsystems.  It should be possible to assign access rights to all subsystems independently.,"not about reliability, dependability, resilience","reliability, dependability, resilience",0.0960206612944603
The System shall meet all applicable accounting standards.  The final version of the System must successfully pass independent audit performed by a certified auditor.,"not about reliability, dependability, resilience","reliability, dependability, resilience",0.1761588603258133
The System shall not require additional third party licenses resulting in royalty fees.,"not about reliability, dependability, resilience","not about reliability, dependability, resilience",0.013408109545707703
Administrator shall be able to activate a pre-paid card via the Administration section in under 5 seconds.,"not about reliability, dependability, resilience","not about reliability, dependability, resilience",-0.03588412329554558
 Customer shall be able to check the status of their prepaid card  by entering in the PIN number  in under 5 seconds.,"not about reliability, dependability, resilience","reliability, dependability, resilience",0.02523878589272499
System shall let customers register on the website as a “pay as you go” user in under 5 minutes.,"not about reliability, dependability, resilience","reliability, dependability, resilience",-0.019075516611337662
System shall let customers register on the website as a “unlimited movie subscriber” user in under 10 minutes.,"not about reliability, dependability, resilience","reliability, dependability, resilience",0.022959338501095772
System shall let existing customers log into the website with their email address and password in under 5 seconds.,"not about reliability, dependability, resilience","reliability, dependability, resilience",0.023624347522854805
 System shall let customers cancel their account  process shall take no longer than 2 minutes.  Database will mark the account as inactive  and user will not be able to log into the website.,"not about reliability, dependability, resilience","reliability, dependability, resilience",0.011983017437160015
System shall let administrator de-activate a customer account in under 1 minute. Customer will no longer be able to access the website.,"not about reliability, dependability, resilience","reliability, dependability, resilience",0.03150371089577675
System shall let administrator add/remove movies on the website in under 5 minutes.  Entered movie information will be stored in the database and will now be available on the website.,"not about reliability, dependability, resilience","reliability, dependability, resilience",-0.015805870294570923
System shall let the administrator add/remove categories on the website in under 5 minutes.,"not about reliability, dependability, resilience","reliability, dependability, resilience",-0.04037480801343918
System shall let Izogn Manager access sales and usage statistics in under 2 minutes.,"not about reliability, dependability, resilience","not about reliability, dependability, resilience",0.08999326080083847
System shall let administrators generate unique pre-paid pins in under 2 minutes and generate an Excel file with the generated PINs.,"not about reliability, dependability, resilience","reliability, dependability, resilience",0.04720184579491615
The website shall be attractive to all audiences.  The website shall appear to be fun and the colors should be bright and vibrant.,"not about reliability, dependability, resilience","reliability, dependability, resilience",0.12703603506088257
 The website should have an African feel  but should not alienate non-Africans.  The website should use animation on pages which are describing the services  to grab the users attention and encourage them to sign up.,"not about reliability, dependability, resilience","reliability, dependability, resilience",0.0431801863014698
 The website design should be modern  clean  and concise.,"not about reliability, dependability, resilience","not about reliability, dependability, resilience",0.1757407784461975
The product should be able to be used by 90% of novice users on the Internet.,"not about reliability, dependability, resilience","not about reliability, dependability, resilience",0.14577311277389526
 Users should only have to navigate through a maximum of 4 pages  to create an account with the website.,"not about reliability, dependability, resilience","not about reliability, dependability, resilience",-0.01702057011425495
Users should be able to access their streaming movies in under 2 clicks after logging into the website.,"not about reliability, dependability, resilience","reliability, dependability, resilience",-0.03137210011482239
An anonymous survey will show that 70% of customers are comfortable purchasing streaming movies after 2 weeks using the website.,"not about reliability, dependability, resilience","reliability, dependability, resilience",0.0892588198184967
An anonymous survey will show that 95% of customers are comfortable using and purchasing pre-paid cards after a month of using the system.,"not about reliability, dependability, resilience","reliability, dependability, resilience",0.10289951413869858
The product shall retain the customer’s buying preferences and information.,"not about reliability, dependability, resilience","reliability, dependability, resilience",0.20776227116584778
The product shall be easy for customers with novice skills on the  Internet to purchase and watch streaming movies.  Customers should be able to purchase and watch a pre-determined movie in under 3 minutes.,"not about reliability, dependability, resilience","reliability, dependability, resilience",0.018266214057803154
The product shall use symbols and words that are naturally understandable by users familiar with websites,"not about reliability, dependability, resilience","reliability, dependability, resilience",0.23042680323123932
The website will use standard Internet conventions when interacting with the user.,"not about reliability, dependability, resilience","reliability, dependability, resilience",0.09144781529903412
 Any interface between a user and the automated system shall have a maximum response time of 5 seconds  unless noted by an exception below.,"not about reliability, dependability, resilience","reliability, dependability, resilience",0.11790227890014648
 When purchasing a streaming movie or pre-paid card via credit card  the processing time should have a maximum response time of 15 seconds.,"not about reliability, dependability, resilience","reliability, dependability, resilience",-0.04742453619837761
 When streaming a movie  the buffering time should take no longer than 10 seconds (plus any latency on the user’s connection.),"not about reliability, dependability, resilience","reliability, dependability, resilience",-0.009537348523736
 While streaming a movie  buffering should only occur if there is latency in the user’s connection.,"not about reliability, dependability, resilience","not about reliability, dependability, resilience",0.06903912127017975
 All credit card information will be secured on the server  and only accessible by authorized Izogn administrators.  Information will be encrypted in the database.,"not about reliability, dependability, resilience","reliability, dependability, resilience",0.09210938960313797
 The website shall be available for use 24 hours per day  365 days per year.,"reliability, dependability, resilience","reliability, dependability, resilience",0.13220936059951782
The website shall achieve 99.5% up time.,"reliability, dependability, resilience","not about reliability, dependability, resilience",0.108100526034832
 All movies shall be streamed on demand  at any time of the day.,"reliability, dependability, resilience","reliability, dependability, resilience",-0.0037355483509600163
The website shall continue to operate if the streaming server goes down.,"not about reliability, dependability, resilience","reliability, dependability, resilience",0.15846240520477295
The website shall continue to operate if the payment gateway goes down.,"not about reliability, dependability, resilience","reliability, dependability, resilience",0.1510830521583557
The streaming server will support 50 simultaneous streaming connections.,"not about reliability, dependability, resilience","reliability, dependability, resilience",0.07559758424758911
The streaming server will support a maximum of 700 movies  new servers can be added to support more movies.,"not about reliability, dependability, resilience","reliability, dependability, resilience",0.02197004295885563
 The server will support a maximum of 1 000 simultaneous users.,"not about reliability, dependability, resilience","reliability, dependability, resilience",0.07376784086227417
 The website shall be capable of supporting 100 000 customers.,"not about reliability, dependability, resilience","reliability, dependability, resilience",0.10359760373830795
The product shall be expected to operate within the maximum maintenance budget for a minimum of 2 years.,"not about reliability, dependability, resilience","not about reliability, dependability, resilience",0.28253239393234253
All aspects of the website shall be accessed by a web browser over the Internet.,"not about reliability, dependability, resilience","reliability, dependability, resilience",0.14486746490001678
The same hardware supporting the current website will be used to support the new system.,"not about reliability, dependability, resilience","reliability, dependability, resilience",0.1269437074661255
 We must be able to interface with the following browsers: IE 5.X  6.0  Netscape 6.x  7.x  8.x and Firefox 1.0.,"not about reliability, dependability, resilience","reliability, dependability, resilience",0.10571949183940887
Website must interface with the CyberSource API to process credit card transactions.,"not about reliability, dependability, resilience","not about reliability, dependability, resilience",0.0346534326672554
Website must be fully operational with MSN TV2.,"not about reliability, dependability, resilience","reliability, dependability, resilience",0.12226464599370956
Movies shall be encoded and streamed via Windows Media Player 9.0.,"not about reliability, dependability, resilience","reliability, dependability, resilience",-0.006563636474311352
Movies shall be encoded for 56k and 256k streams.,"not about reliability, dependability, resilience","reliability, dependability, resilience",0.06889086216688156
Promotional updates to the website should take a day to update.,"not about reliability, dependability, resilience","reliability, dependability, resilience",0.04089667648077011
Izogn Administrator must be able to update the category listings on the website within 2 minutes.,"not about reliability, dependability, resilience","not about reliability, dependability, resilience",0.011892206966876984
Izogn Administrator must be able to add new products to the website within 2 minutes.,"not about reliability, dependability, resilience","not about reliability, dependability, resilience",0.011037485674023628
The system will provide a 24 hour 800 toll free number for support to its customers.,"reliability, dependability, resilience","not about reliability, dependability, resilience",0.1326039433479309
The website will provide a help section with answers and solutions to common problems.,"not about reliability, dependability, resilience","not about reliability, dependability, resilience",0.260738730430603
 Velkat staff will be available for phone support between 7am-7pm  M-F to provide technical support to the Izogn administrators.,"reliability, dependability, resilience","not about reliability, dependability, resilience",0.13824065029621124
The product shall be able to be installed in the specified environment within 1 working day.,"not about reliability, dependability, resilience","not about reliability, dependability, resilience",0.16513653099536896
Only registered customers can purchase streaming movies.,"not about reliability, dependability, resilience","not about reliability, dependability, resilience",-0.023914121091365814
 A customer can only stream a movie if they purchased it  and are within the 2 day viewing period.,"not about reliability, dependability, resilience","not about reliability, dependability, resilience",0.025414040312170982
Only authorized personnel can access customer records in the database.,"not about reliability, dependability, resilience","reliability, dependability, resilience",0.06005232781171799
Only administrators can activate a pre-paid card.,"not about reliability, dependability, resilience","not about reliability, dependability, resilience",0.02459627017378807
Only authorized personnel can access sales information.,"not about reliability, dependability, resilience","reliability, dependability, resilience",0.05170935019850731
The website shall prevent its data from being corrupted when incorrect data is entered in.,"not about reliability, dependability, resilience","reliability, dependability, resilience",0.203735813498497
 The website shall protect itself from intentional abuse  and notify the administrator at all occurrences.,"not about reliability, dependability, resilience","reliability, dependability, resilience",0.0866016298532486
Data integrity scripts will be run on a weekly basis to verify the integrity of the database.,"not about reliability, dependability, resilience","reliability, dependability, resilience",0.18722106516361237
 The website shall make its user aware of its information practices before collection data from them via a Privacy Policy  accessible on all pages of the website.,"not about reliability, dependability, resilience","reliability, dependability, resilience",0.07846735417842865
The system shall notify customers of changes to its information policy.,"not about reliability, dependability, resilience","not about reliability, dependability, resilience",0.13640397787094116
The system shall reveal private information only in compliance with the organization’s information policy.,"not about reliability, dependability, resilience","not about reliability, dependability, resilience",0.11527524143457413
 All customer information will be stored on a secure database  accessible only to authorized personnel.,"not about reliability, dependability, resilience","reliability, dependability, resilience",0.12808868288993835
All credit card information will be encrypted in the database.,"not about reliability, dependability, resilience","reliability, dependability, resilience",0.055220358073711395
The streaming server will have anti-virus software to prevent infection of malicious viruses.,"not about reliability, dependability, resilience","reliability, dependability, resilience",0.11806794255971909
The website should cater to all tribes in Nigeria.,"not about reliability, dependability, resilience","not about reliability, dependability, resilience",0.08244375884532928
The website shall not be offensive to religious or ethnic groups.,"not about reliability, dependability, resilience","not about reliability, dependability, resilience",0.03559822589159012
 The website should appeal to all Africans  not only Nigerians.,"not about reliability, dependability, resilience","not about reliability, dependability, resilience",0.03087601438164711
The website should use Flash to provide animation on the home page.,"not about reliability, dependability, resilience","not about reliability, dependability, resilience",-0.04727517440915108
IzognMovies shall meet the licensing requirements set forth by the appropriate organizations in order to stream African movies.,"not about reliability, dependability, resilience","reliability, dependability, resilience",0.047030072659254074
The website will comply with W3C standards.,"not about reliability, dependability, resilience","reliability, dependability, resilience",0.19830244779586792
The PHP code will comply with PEAR standards.,"not about reliability, dependability, resilience","reliability, dependability, resilience",0.14349278807640076
Total lead cycle time must be completed in 5 minutes for 90% of lead volume between the business hours of 8AM CST to 8PM CST  then 3 minutes for 99% of lead volume during off business hours.,"not about reliability, dependability, resilience","reliability, dependability, resilience",-0.05976779758930206
No lead evaluation will complete in a time period longer than 25 seconds for 97% of all leads processed.,"not about reliability, dependability, resilience","not about reliability, dependability, resilience",0.014148049056529999
For leads that process longer than 25 seconds the system will record the event and duration,"not about reliability, dependability, resilience","reliability, dependability, resilience",0.02030782960355282
The process must fit within the processing time conditions set forth by the Auto Rep Assignment process in which a lead is assigned within 3 minutes of the total life cycle.,"not about reliability, dependability, resilience","not about reliability, dependability, resilience",0.14869946241378784
The lead washing process will operate within the established physical web service structure.,"not about reliability, dependability, resilience","reliability, dependability, resilience",0.09388194978237152
 The washing process must use a non binding  neutral data format  such as xml  when receiving and processing lead data.,"not about reliability, dependability, resilience","reliability, dependability, resilience",0.11282315105199814
Defect reports will be available to technical units on a 24x7 basis.,"reliability, dependability, resilience","not about reliability, dependability, resilience",0.2883974015712738
Washing parameters will be updated during scheduled maintenance hours.,"not about reliability, dependability, resilience","reliability, dependability, resilience",0.17756886780261993
The product shall simulate the look of ships at sea.,"not about reliability, dependability, resilience","reliability, dependability, resilience",0.0830255001783371
The product shall display the grids within a circle as a view from a periscope.,"not about reliability, dependability, resilience","reliability, dependability, resilience",0.12000226229429245
The product shall display each type of ship in a grid using an image of the specific type of ship.,"not about reliability, dependability, resilience","reliability, dependability, resilience",0.16195248067378998
 When the offensive player takes a shot  the product shall simulate the sound of a ship at sea.,"not about reliability, dependability, resilience","not about reliability, dependability, resilience",0.16486380994319916
 When a shot is marked as a miss  the product shall simulate the sound of a shot missing its target.,"not about reliability, dependability, resilience","not about reliability, dependability, resilience",0.12856706976890564
 When a shot is marked as a hit  the product shall simulate the sound of a shot hitting its target.,"not about reliability, dependability, resilience","not about reliability, dependability, resilience",0.11108880490064621
 When a ship is sunk  the product shall simulate the sound of a sinking ship.,"not about reliability, dependability, resilience","not about reliability, dependability, resilience",0.19205033779144287
 The product shall be available 24 hours per day  seven days per week.,"reliability, dependability, resilience","not about reliability, dependability, resilience",0.14773471653461456
The product shall able to handle a large number of games simultaneously.,"not about reliability, dependability, resilience","reliability, dependability, resilience",0.16232234239578247
The response time shall be fast enough to maintain the flow of the game.  The response time shall be no more than 2 seconds for 95% of responses and no more than 4% for the remaining responses.,"not about reliability, dependability, resilience","reliability, dependability, resilience",0.16518624126911163
The product shall protect the identity of the players. The product shall provide players no access to information that might reveal the identity of another player.,"not about reliability, dependability, resilience","reliability, dependability, resilience",0.10954947769641876
The product shall be intuitive and self-explanatory.  Nine out ten users shall be able to successfully complete a game with no training.,"not about reliability, dependability, resilience","not about reliability, dependability, resilience",0.17016072571277618
 The product shall be available to players who understand English  Spanish and French.  The product shall allow the user to select the language upon accessing the product.,"not about reliability, dependability, resilience","reliability, dependability, resilience",0.10396978259086609
The product shall provide players no access to information that might reveal the identity of another player,"not about reliability, dependability, resilience","reliability, dependability, resilience",0.08106166869401932
The response time shall be fast enough to maintain the flow of the game. The response time shall be no more than 2 seconds for 95% of responses and no more than 4% for the remaining responses.,"not about reliability, dependability, resilience","reliability, dependability, resilience",0.16518624126911163
The system shall be easy to use by callers and supervisors. Callers and supervisors must be able to accomplish any system task within 2 minutes.,"not about reliability, dependability, resilience","not about reliability, dependability, resilience",0.208311527967453
The system shall be easy to learn by callers and supervisors. Callers and supervisors shall learn how to use the system within 10 minutes.,"not about reliability, dependability, resilience","not about reliability, dependability, resilience",0.15945827960968018
 The system shall be responsive. At the DePaul TeleServices Center  when a supervisor uses the system to view a callers schedule  the system response time must be no more than 2 seconds 90% of the time and no more than 5 seconds the rest of the time.,"not about reliability, dependability, resilience","not about reliability, dependability, resilience",0.14609453082084656
 On a 56k connection  the system response time for all operations must be no more than 6 seconds 90% of the time.,"not about reliability, dependability, resilience","reliability, dependability, resilience",0.12101095914840698
 On a 112k connection or faster  the system response time for all operations must be no more than 3 seconds 90% of the time.,"not about reliability, dependability, resilience","reliability, dependability, resilience",0.11685235053300858
The system shall have high availability every day of the year.The system must be available for use between 12:00AM and 6:00PM all days of the year.,"reliability, dependability, resilience","reliability, dependability, resilience",0.2013644576072693
The system must be available for use between 7:00AM and 11:59PM all days of the year.,"reliability, dependability, resilience","reliability, dependability, resilience",0.12649060785770416
The product shall be internet browser independent.The product must run using Internet Explorer and Netscape Navigator.,"not about reliability, dependability, resilience","reliability, dependability, resilience",0.10800193250179291
The product shall ensure that only supervisors can advertise empty time slots.The product must ensure that supervisors are allowed to access advertise empty time slots.,"not about reliability, dependability, resilience","reliability, dependability, resilience",0.13636711239814758
The product shall ensure that only supervisors can enter a caller’s schedule.The product must ensure that supervisors are allowed to access advertise empty time slots.,"not about reliability, dependability, resilience","reliability, dependability, resilience",0.1503198742866516
The product shall ensure that only supervisors can view schedule of all callers.The product must ensure that supervisors are allowed to access advertise empty time slots.,"not about reliability, dependability, resilience","reliability, dependability, resilience",0.13158276677131653
 The interface shall have a simple look. In the interface and usability survey  90% of beta testers must report that the interface is adequately simple.,"not about reliability, dependability, resilience","not about reliability, dependability, resilience",0.17321312427520752
 The interface shall be appealing to callers and supervisors. In the interface and usability survey  80% of beta testers must report that the interface is appealing.,"not about reliability, dependability, resilience","reliability, dependability, resilience",0.16972216963768005
The product shall provide GUI based Monitoring Services.System Administrators shall monitor message exchanges will predict and determine problems and will also provide internal and external support.,"not about reliability, dependability, resilience","reliability, dependability, resilience",0.206810861825943
The product shall comply with City of Chicago Application Development Guide Framework.Application Development Framework will provide structured Graphical User Interface.,"not about reliability, dependability, resilience","reliability, dependability, resilience",0.1373104751110077
The product shall provide Monitoring Services.The product shall be easy for System Administrators and DBAs to use after two weeks of usage.,"not about reliability, dependability, resilience","not about reliability, dependability, resilience",0.2449188530445099
The product shall provide Error Tracking Services.The product shall help the System Administrators and DBAs to resolve transaction errors 99% of the time.,"not about reliability, dependability, resilience","reliability, dependability, resilience",0.27495765686035156
The product shall provide Portals.The product shall help System Administrators to analyze the transactions with ad-hoc reporting and KPIs (Key Performance Indicators),"not about reliability, dependability, resilience","reliability, dependability, resilience",0.21885795891284943
The product shall provide Asynchronous Messaging.The product shall provide asynchronous messaging to enable parallel processing and reduce the overhead in communications,"not about reliability, dependability, resilience","reliability, dependability, resilience",0.21954689919948578
The product shall provide Multi-threading and Load Balancing.The product shall provide multi-threading technology as well as load balancing to overcome data load spikes and traffic.,"not about reliability, dependability, resilience","reliability, dependability, resilience",0.21851561963558197
The product shall process messages within 2 seconds.The product shall have a maximum message processing time of 2 seconds,"not about reliability, dependability, resilience","reliability, dependability, resilience",0.15473295748233795
The product shall poll the system for messages every second.The product shall poll the system for new messages at a maximum of every 1 second.,"not about reliability, dependability, resilience","reliability, dependability, resilience",0.1792091429233551
The product shall provide Dynamic Change Support and Transparent resource addition.The product shall support Transparent Resource addition and Dynamic Change support to provide scalability and avoid service interruptions of more than 1 day.,"not about reliability, dependability, resilience","not about reliability, dependability, resilience",0.26424235105514526
The product shall be available 99% of the time. Rationale: To avoid service interruption during busiest customer service response periods. The product shall be available 99.99% of the time for regular business days.,"reliability, dependability, resilience","reliability, dependability, resilience",0.16209755837917328
The product shall be robust.The product shall have fault avoidance based on standards adoption.,"not about reliability, dependability, resilience","reliability, dependability, resilience",0.46102026104927063
The product shall be robust with fault tolerance.The product shall have fault tolerance by using recovery technique compensatory transaction and routing around failures.,"not about reliability, dependability, resilience","reliability, dependability, resilience",0.4316917955875397
The product shall be able to process all transactions.The product shall process minimum of 1 million transactions per year.,"not about reliability, dependability, resilience","reliability, dependability, resilience",0.15798451006412506
The product shall be platform independent.The product shall enable access to any type of development environment and platform.,"not about reliability, dependability, resilience","not about reliability, dependability, resilience",0.22586488723754883
The product shall interface CSR and Datastream.The product shall exchange messages between CSR and EAM on a real time basis without any direct interfaces between two systems.,"not about reliability, dependability, resilience","reliability, dependability, resilience",0.11240840703248978
 : The product shall continue to operate during upgrade  change or new resource addition.The product shall be able to continue to operate with no interruption in service due to new resource additions.,"not about reliability, dependability, resilience","reliability, dependability, resilience",0.23906493186950684
The product shall be updated on a regular basis.The product will have a new major feature introduced every six months and quarterly maintenance releases every six months.,"not about reliability, dependability, resilience","reliability, dependability, resilience",0.24943624436855316
The product shall operate with every platform.The product shall accommodate any new technology without any change in its architecture.,"not about reliability, dependability, resilience","reliability, dependability, resilience",0.22602957487106323
 The product shall have security.The product shall provide authentication  and authorization.,"not about reliability, dependability, resilience","reliability, dependability, resilience",0.27665629982948303
The product shall information Security. The product shall enable privacy by encryption WS-Security and Integrity Checking.,"not about reliability, dependability, resilience","reliability, dependability, resilience",0.25838425755500793
The product shall have audit capabilities.The product shall store messages for a minimum of one year for audit and transaction tracking purposes.,"not about reliability, dependability, resilience","not about reliability, dependability, resilience",0.17688381671905518
The system shall use IBM and CCR branding standards. The interface must have one IBM logo and one CCR logo.,"not about reliability, dependability, resilience","reliability, dependability, resilience",0.11892490833997726
The system shall be displayable on any work computer a CCR user may have. The system interface shall be formatted to display at 800 by 600 pixel resolution.,"not about reliability, dependability, resilience","reliability, dependability, resilience",0.09825579077005386
The system interface will use CCR nomenclature. The system must use the same nomenclature used in the existing WCS system and reports,"not about reliability, dependability, resilience","reliability, dependability, resilience",0.09774401038885117
The interface must summarize the data in a fashion that’s appealing to CCR management. Every report type must have at least one high level summary shown in the results dashboard/interface,"not about reliability, dependability, resilience","not about reliability, dependability, resilience",0.04754913970828056
The system must use a point and click interface. 100% of all selection and navigation functionality must be able to be activated/selected by either a mouse or a keyboard,"not about reliability, dependability, resilience","not about reliability, dependability, resilience",0.04871060326695442
The interface shall be easy to use. 90% of users should be able to successfully use the system to generate a report on their first use. The interface should adhere to IBM usability standards.,"not about reliability, dependability, resilience","reliability, dependability, resilience",0.20446455478668213
Rreports must be easy to generate. eports must be generated within one button click and exported within one button click (after selecting the report),"not about reliability, dependability, resilience","not about reliability, dependability, resilience",0.07450602948665619
A user shall be able to use the system without instruction after a short amount of time. After one use a user should understand and remember 90% of the system usage and navigation.,"not about reliability, dependability, resilience","not about reliability, dependability, resilience",0.1703336536884308
All CCR users shall receive training before the WCS system is deployed. One training session will be held for 100% of CCR users before system deployment (based on a CCR user being available),"not about reliability, dependability, resilience","not about reliability, dependability, resilience",0.0918152928352356
The WCS system shall use appropriate nomenclature and terminology as defined by the Corporate Community Grants organization. All interfaces and reports will undergo usability tests by CCR users.,"not about reliability, dependability, resilience","reliability, dependability, resilience",0.1846717745065689
The WCS system shall be available at all times as long as IBM’s internal intranet W3 is accessible. The WCS system will be available 95% of the time IBM’s internal intranet W3 is available.,"reliability, dependability, resilience","reliability, dependability, resilience",0.12006689608097076
The WCS system shall have the ability to connect other designated WCS databases currently not included in the system.,"not about reliability, dependability, resilience","not about reliability, dependability, resilience",0.08100669831037521
The WCS system shall have the ability to include data for regions outside the United States and be accessed by users outside of the United States if approved by CCR management.,"not about reliability, dependability, resilience","not about reliability, dependability, resilience",0.05753907561302185
The WCS system shall be run in a Windows environment. The WCS shall be accessed by users through the Internet on an IBM computer running a Windows 2000 or above operating system.,"not about reliability, dependability, resilience","reliability, dependability, resilience",0.05402673780918121
The Brio portion of the WCS system must be able to export files in spreadsheet form (Microsoft Excel and Lotus 1-2-3 formats).  Brio will provide buttons in the user interface that produce/export reports in .xls or .123 file formats.,"not about reliability, dependability, resilience","reliability, dependability, resilience",0.03796297311782837
The WCS system must run queries to the WCS databases once again (on a specified day) to update the available data available to CCR users. Queries must be made to external databases for data refresh once a week.,"not about reliability, dependability, resilience","reliability, dependability, resilience",0.09962819516658783
 All changes  updates  and additions to the WCS system shall be updated in the WCS Developer and WCS User Guides. Every change must be reflected in WCS system documentation,"not about reliability, dependability, resilience","reliability, dependability, resilience",0.016321972012519836
The system shall only be accessed by authorized Corporate Community Grants (CCR) employees. Users must be authenticated using their IBM intranet user name and password.,"not about reliability, dependability, resilience","reliability, dependability, resilience",0.09105709195137024
The WCS system shall not allow automatic logins by any user. Cookies containing WCS login information about a user will not be stored on a user’s computer.,"not about reliability, dependability, resilience","reliability, dependability, resilience",-0.019537178799510002
Each team owner will need to use a username and password in order to be authenticated to reach the team owner’s page,"not about reliability, dependability, resilience","reliability, dependability, resilience",0.05772486329078674
The Commissioner will be the only authorized user per league to adjust league settings.,"not about reliability, dependability, resilience","not about reliability, dependability, resilience",0.02395201101899147
Each page shall contain a navigation menu which shows the index into which the current page is contained.,"not about reliability, dependability, resilience","reliability, dependability, resilience",-0.006290418095886707
Each page shall contain a similar format with action items in one location and navigation buttons in a different location.,"not about reliability, dependability, resilience","reliability, dependability, resilience",0.06024579703807831
The message board shall contain the 5 most recently posted messages on the league page. The messages will contain up to the first 150 characters of the message.,"not about reliability, dependability, resilience","reliability, dependability, resilience",0.06774448603391647
;A new user shall be able to navigate through the league and team pages within 30 seconds of reaching the start-up page.,"not about reliability, dependability, resilience","not about reliability, dependability, resilience",0.059665925800800323
Users shall be able to reach the ‘add’  ‘drop’  and ‘trade player’ pages with one click from the team owner’s page.,"not about reliability, dependability, resilience","not about reliability, dependability, resilience",0.018804356455802917
;Users shall be able to view at least 25 NFL player statistics and points on each page.,"not about reliability, dependability, resilience","not about reliability, dependability, resilience",0.10170544683933258
The application shall ask the user to confirm dropping a player or trading a player before performing the action.,"not about reliability, dependability, resilience","reliability, dependability, resilience",0.039676107466220856
The application shall be able to complete every user transaction within one fourth of a second of receiving the request over the network.,"not about reliability, dependability, resilience","reliability, dependability, resilience",0.11020855605602264
The application shall have a downtime of at most 10 minutes per year.,"reliability, dependability, resilience","not about reliability, dependability, resilience",0.14587433636188507
The application shall run on a web application server.,"not about reliability, dependability, resilience","reliability, dependability, resilience",0.1324828863143921
A primary database will be used to store cached data for active users.,"not about reliability, dependability, resilience","reliability, dependability, resilience",0.14671042561531067
A secondary database will be used to store historical statistics and data.,"not about reliability, dependability, resilience","reliability, dependability, resilience",0.15564295649528503
Application updates shall occur between 3AM and 6 AM CST on Wednesday morning during the middle of the NFL season.,"not about reliability, dependability, resilience","not about reliability, dependability, resilience",0.11108811944723129
New System version releases shall be released at the beginning of each NFL season.,"not about reliability, dependability, resilience","not about reliability, dependability, resilience",0.0858578309416771
The RFS system should be available 24/7  especially during the budgeting period. The RFS system shall be available 90% of the time all year  and 98% during the budgeting period. 2% of the time  the system will become available within 1 hour of the time that the situation is reported.,"reliability, dependability, resilience","not about reliability, dependability, resilience",0.10219446569681168
98% of the user workstations shall meet the minimum hardware requirements prior to implementation. Minimum Hard Disk Space:  400MB.,"not about reliability, dependability, resilience","reliability, dependability, resilience",0.16197116672992706
98% of the user workstations shall meet the minimum software requirements prior to implementation: Microsoft Internet Explorer 5.0. Microsoft .NET Framework 1.1. Microsoft Internet Explorer Web Controls,"not about reliability, dependability, resilience","reliability, dependability, resilience",0.17263443768024445
The RFS system should be able to easily interface with the BDW environment  in order to load the data. •;7 data files shall be received from the BDW and loaded into the RFS system within 3 hours one day prior to the start of budgeting process  every year. The data will be as of October month-end. ;Test files (7) shall be loaded up to 5 times throughout the year  from the BDW.,"not about reliability, dependability, resilience","reliability, dependability, resilience",0.07004512846469879
Changes to revenue and expense formulae must be applied to the RFS system  every year  prior to the budgeting process start. Revenue and expense formulae will be updated within one week of their receipt  after which 2 weeks will be allotted to testing of the budget calculations  to be conducted jointly by the project development team and PCG Finance.,"not about reliability, dependability, resilience","not about reliability, dependability, resilience",0.05852113664150238
New branches/complexes/districts/regions and revenue/expense accounts added to the BDW  must be reflected in the RFS system. 100% of the entities (mentioned above) available as of October month-end  will be loaded into the RFS system  prior to the budget start process.,"not about reliability, dependability, resilience","reliability, dependability, resilience",0.058020126074552536
Only authorized user shall access the RFS system. ONLY users that exist in the UAS system  with the RFS system assigned to their role(s)  shall access the RFS system and use it.,"not about reliability, dependability, resilience","reliability, dependability, resilience",0.0647738128900528
;User access should be limited to the permissions granted to their role(s) Each level in the PCG hierarchy will be assigned a role and users will be assigned to these roles. Access to functionality within RFS system is dependent on the privileges/permission assigned to the role..,"not about reliability, dependability, resilience","reliability, dependability, resilience",0.10958308726549149
The product must comply with the intranet page standards and requirements of ENET Securities. 95% of the product look & feel will be approved by the Architecture group  prior to implementation. The remaining 5% will be corrected and approved within one month of product release.,"not about reliability, dependability, resilience","reliability, dependability, resilience",0.14532028138637543
 The intranet pages should display appropriately in all resolutions  from 800x600 and higher. The display of all the pages will be correct in 95% of the resolutions  prior to implementation. The remaining 5% will be corrected within a week of notification of the incorrect display.,"not about reliability, dependability, resilience","reliability, dependability, resilience",0.02315501868724823
The users should be able to easily use the system to successfully complete their budgets  within the stipulated time for completion. With a week of training prior to product implementation  98% of the users shall complete their budgets within the stipulated time.,"not about reliability, dependability, resilience","reliability, dependability, resilience",0.129148930311203
The product interface should be fast. The response time of the product interface should not exceed 2 seconds 90% of the time. For 10% of the time  the response time should not be more than 10 seconds.not be more than 10 seconds.,"not about reliability, dependability, resilience","reliability, dependability, resilience",0.11663477122783661
