,precision,recall,f1-score,support
"reliability, dependability, resilience",0.046511627906976744,0.09523809523809523,0.0625,21.0
"usability, security, operational, performance, look & feel, legal, fault & tolerance, maintainability, scalability, or portability",0.9418960244648318,0.8825214899713467,0.9112426035502958,349.0
accuracy,0.8378378378378378,0.8378378378378378,0.8378378378378378,0.8378378378378378
macro avg,0.49420382618590425,0.488879792604721,0.4868713017751479,370.0
weighted avg,0.8910769100656022,0.8378378378378378,0.8630707260514953,370.0
