Requirement text,Gold label,Predicated label,ZSL score
The system shall refresh the display every 60 seconds.,not about availability,not about availability,0.8649240732192993
The application shall match the color of the schema set forth by Department of Homeland Security,not about availability,not about availability,0.8463242053985596
 If projected  the data must be readable.  On a 10x10 projection screen  90% of viewers must be able to read Event / Activity data from a viewing distance of 30,not about availability,not about availability,0.8264511227607727
 The product shall be available during normal business hours. As long as the user has access to the client PC  the system will be available 99% of the time during the first six months of operation.,availability,not about availability,0.8291842937469482
 If projected  the data must be understandable. On a 10x10 projection screen  90% of viewers must be able to determine that Events or Activities are occuring in current time from a viewing distance of 100,not about availability,not about availability,0.8279552459716797
The product shall ensure that it can only be accessed by authorized users.  The product will be able to distinguish between authorized and unauthorized users in all access attempts,not about availability,not about availability,0.8336002826690674
The product shall be intuitive and self-explanatory.  :  90% of new users shall be able to start the display of Events or Activities within 90 minutes of using the product.,not about availability,not about availability,0.8316015601158142
The product shall respond fast to keep up-to-date data in the display.,not about availability,not about availability,0.8414919972419739
The look and feel of the system shall conform to the user interface standards of the smart device.,not about availability,not about availability,0.8434302806854248
 The user interface shall have standard menus  buttons for navigation,not about availability,not about availability,0.8623823523521423
The system shall have a professional appearance,not about availability,not about availability,0.8816190361976624
The product shall have a consistent color scheme and fonts.,not about availability,not about availability,0.8612872362136841
The system shall be used by realtors with no training.,not about availability,not about availability,0.8569844365119934
The system shall be intuitive and self explanatory.,not about availability,not about availability,0.8686429262161255
The product shall be easy for a realtor to learn.,not about availability,not about availability,0.8512679934501648
The product shall use symbols and words that are naturally understandable by the realtor community.,not about availability,not about availability,0.847964882850647
The product shall produce search results in an acceptable time,not about availability,not about availability,0.8628205060958862
The search results shall be returned no later 30      seconds  after the user has entered the search criteria,not about availability,not about availability,0.8347728252410889
The product shall generate a CMA report in an acceptable time.,not about availability,not about availability,0.8551123738288879
The CMA report shall be returned no later 60 seconds after the user has entered the CMA report criteria.,not about availability,not about availability,0.8285450339317322
The product shall synchronize contacts and appointments in an acceptable time.,not about availability,not about availability,0.8518985509872437
The product shall synchronize with the office system every hour.,not about availability,not about availability,0.863845944404602
 The product shall be available for use 24 hours per day  365 days  per year,availability,not about availability,0.8415676951408386
 Out of 1000 accesses to the system  the system is available 999 times.,availability,not about availability,0.8473806977272034
The product shall operate in offline mode whenever internet connection is unavailable.,not about availability,not about availability,0.856793999671936
 The product shall allow the user to view previously downloaded search results  CMA reports  and appointments.,not about availability,not about availability,0.8240717053413391
The product shall retain user preferences in the event of a failure.,not about availability,not about availability,0.8579616546630859
100% of saved user preferences shall be restored when system comes back online.,not about availability,not about availability,0.8498663902282715
The product shall be able to support multiple remote users,not about availability,not about availability,0.8638585805892944
The product shall be able support 1000 simultaneous users.,not about availability,not about availability,0.8642222881317139
The product shall be capable of handling the existing 1000 users. This number is expected to grow 5 times within the next year.,not about availability,not about availability,0.8348866105079651
The product shall be installed by an untrained realtor   without recourse to separately-printed instructions.,not about availability,not about availability,0.836101233959198
90% of untrained realtors shall be able to install the product on their device without printed instructions,not about availability,not about availability,0.8363749384880066
The product is expected to run on Windows CE and Palm operating systems.,not about availability,not about availability,0.8518247008323669
Only registered realtors shall be able to access the system.,not about availability,not about availability,0.8568127155303955
Every user of the system shall be authenticated and authorized.,not about availability,not about availability,0.8632692694664001
The product shall prevent its data from incorrect data being introduced.,not about availability,not about availability,0.8570822477340698
The system shall be easy to use by the Program Administrators/Nursing Staff Members.,not about availability,not about availability,0.8250144124031067
All of the users shall be able to use the system after one day of training.,not about availability,not about availability,0.8365129232406616
The system shall help the user avoid making mistakes while scheduling classes and clinicals for the nursing students.,not about availability,not about availability,0.830561637878418
The number of mistakes noted by the students shall be decreased by 50% in the first year.,not about availability,not about availability,0.8363979458808899
The system shall be intuitive to the Program Administrators/Nursing Staff Members.,not about availability,not about availability,0.8306280970573425
2 out of 3 Program Administrators/Nursing Staff Members shall successfully be able to use the system to manage the scheduling of classes and clinicals.,not about availability,not about availability,0.8240334391593933
The system shall use symbols and words that are naturally understandable by the user community.,not about availability,not about availability,0.8462607264518738
The verbiage used within the system shall be consistent with Standard English and the terminology of the national Nursing Community.,not about availability,not about availability,0.8469536304473877
Staff members shall be able to complete a set of tasks in a timely manner.,not about availability,not about availability,0.8261260986328125
The response time of general student management tasks shall take no longer than 5 seconds and the response time of schedule generation shall take no longer than 30 seconds.,not about availability,not about availability,0.8305821418762207
The system shall be available for use between the hours of 8am and 6pm.,availability,not about availability,0.844672679901123
The system shall achieve 95% up time.,availability,not about availability,0.8787344694137573
system shall be able to handle all of the user requests/usage during business hours.,not about availability,not about availability,0.8361450433731079
The system shall cater to 10 simultaneous users from 9am to 5pm.,not about availability,not about availability,0.8624178767204285
The system shall be capable of processing 100% of nursing students and their classes for the next 10 years.,not about availability,not about availability,0.837582528591156
The system shall be expected to manage the nursing program curriculum and class/clinical scheduling for a minimum of 5 years.,not about availability,not about availability,0.8280825614929199
The system shall able to operate within a business office environment typical of the Nursing Department at DePaul University.,not about availability,not about availability,0.8367924094200134
The system shall be used within the specifications defined by the computers used by the Program Administrators/Nursing Staff Members.,not about availability,not about availability,0.8315764665603638
The system shall operate within the Windows XP Professional operating system.,not about availability,not about availability,0.8557742238044739
The system shall interface with CampusConnect’s central server,not about availability,not about availability,0.8701037764549255
The system shall interface with the faculty central server.,not about availability,not about availability,0.878544807434082
The system shall interface with the student master server.,not about availability,not about availability,0.8797039985656738
We must be able to interface with any HTML browser.,not about availability,not about availability,0.869074821472168
Only authorized users shall have access to clinical site information.,not about availability,not about availability,0.8516513705253601
Program Administrators/Nursing Staff Members are the only people who shall have access to clinical site details.,not about availability,not about availability,0.8287224769592285
Only authorized users shall have access to students’ personal information.,not about availability,not about availability,0.8431572318077087
Dr Susan Poslusny and Dr Julie Donalek are the only people who shall have access to students’ personal information.,not about availability,not about availability,0.8243319392204285
Only authorized users shall have access to the portion of the system that interfaces with CampusConnect.,not about availability,not about availability,0.8406404852867126
Fit Criterion: Dr Susan Poslusny and Karen Sysol are the only people who shall have access to the final class section scheduling for the system that interfaces with CampusConnect.,not about availability,not about availability,0.8190942406654358
The system shall have basic data integrity checking to reduce the possibility of incorrect or invalid data being introduced.,not about availability,not about availability,0.8326887488365173
The system shall protect private information in accordance with the organization’s information policy.,not about availability,not about availability,0.8384886980056763
The system shall be built such that it is as secure as possible from malicious interference.,not about availability,not about availability,0.8465662002563477
The system shall use the organization’s standard virus protection software to help monitor threats to itself.,not about availability,not about availability,0.8321850895881653
The Disputes application shall comply with the corporate standards for user interface creation for internally and externally used applications.,not about availability,not about availability,0.8518632650375366
All screens created as part of the Disputes application must comply with corporate standards for interface creation.,not about availability,not about availability,0.8545337319374084
The list of dispute cases that are displayed after a search is performed must be color coded for easy identification of dispute cases based upon the dispute case status.,not about availability,not about availability,0.8329055309295654
100% of the cardmember and merchant services representatives shall use the Disputes application regularly after a 2-day training course.,not about availability,not about availability,0.8426737189292908
100% of cardmember services representatives shall be able to successfully create a dispute case on the first encounter after completing the training course.,not about availability,not about availability,0.8426377177238464
100% of merchant services representatives shall be able to successfully perform a follow up action on a dispute case on the first encounter after completing the training course.,not about availability,not about availability,0.8356853127479553
The maximum wait time for a user navigating from one screen to another within the Disputes application shall be no more than 5 seconds.,not about availability,not about availability,0.838916540145874
The Disputes application shall support 350 concurrent users without any degradation of performance in the application.,not about availability,not about availability,0.8535634279251099
 The Disputes application shall be available 24x7x365  with the exception of the following scheduled maintenance windows.  Monday – Saturday 3:00am to 4:00am EST Sunday 1:00amd to 5:00am EST,not about availability,not about availability,0.8271839618682861
The Disputes application shall interface with the Statement Database. The Statement Database provides the transaction details to the Disputes System. All transaction details must be obtained from the Statement Database,not about availability,not about availability,0.8359420299530029
The Disputes application shall interface with the Cardmember Information Database.  The Cardmember Information Database provides detailed information with regard to a cardmember.  All cardmember detail information must be obtained from the Cardmember Information Database.,not about availability,not about availability,0.8263334631919861
The Disputes applications shall interface with the Merchant Information Database.  The Merchant Information Database provides detailed information with regard to the merchant. All merchant detail information shall be obtained from the Merchant Information Database.,not about availability,not about availability,0.8296248912811279
The Disputes application shall interface with the Letters application.  This will allow the Disputes application to request letters as part of the dispute initiation and dispute follow up process. All letter requests must be sent to the Print Letter Utility application.,not about availability,not about availability,0.8325713872909546
The Disputes application shall interface with the Cardmember Posting and Billing System.  This will allow the Disputes application to request adjustments to cardmember and merchant’s accounts. All adjustment requests must be sent to the Cardmember Posting and Billing System.,not about availability,not about availability,0.8232167363166809
The Disputes application shall ensure that only users with the appropriate access level are allowed to initiate dispute requests.,not about availability,not about availability,0.8480384349822998
Only users with Update access must be able to initiate dispute requests.,not about availability,not about availability,0.8596405386924744
The Disputes application shall ensure that only authorized users are allowed to logon to the application.,not about availability,not about availability,0.8469313383102417
 All authorized users  once authenticated must be able to logon to the Disputes System,not about availability,not about availability,0.8520474433898926
The Disputes System shall generate a User Report that details any new users that have been added and any changes to an existing user’s access level.  The report will be reviewed for auditing purposes.,not about availability,not about availability,0.8281031847000122
All additions of new users and modifications to user’s access shall be recorded on the User Report.,not about availability,not about availability,0.8334190249443054
 If a user account is revoked  it can only be re-instantiated by the System Administrator.,not about availability,not about availability,0.8441622853279114
Only the System Administrator shall be able to reset a revoked user logon account,not about availability,not about availability,0.8512587547302246
The Disputes application shall manipulate and view business data. Users will not have direct access to data files or databases.,not about availability,not about availability,0.8439340591430664
All updates to data files or database must be initiated from the Disputes System.,not about availability,not about availability,0.8497206568717957
The Disputes application must conform to the legal requirements as specified by the Merchant Operating Regulations.,not about availability,not about availability,0.8561578989028931
All business rules specified in the Disputes System shall be in compliance with the Merchant Operating Regulations.,not about availability,not about availability,0.850263774394989
The Disputes application must conform to the legal requirements as specified by Regulation E and Regulation Z that govern credit card disputes processing.,not about availability,not about availability,0.8376530408859253
All business rules specified in the Disputes System shall be in compliance to the guidelines of Regulation E and Regulation Z.,not about availability,not about availability,0.8391845226287842
The Disputes application must maintain a detailed history of every action that a user takes on a dispute case.  This ensures a complete audit trail if questions arise later on with regard to a particular dispute case.,not about availability,not about availability,0.8259143233299255
All actions that modify an existing dispute case must be recorded in the case history.,not about availability,not about availability,0.8463178277015686
The product must support Internet Explorer 5.5 and above.,not about availability,not about availability,0.8500844240188599
The product must support Mozilla Firefox 1.0 and above.,not about availability,not about availability,0.8480847477912903
The product shall interface with the Choice Parts System.  This provides the feed of recycled parts data.,not about availability,not about availability,0.855474591255188
The product shall run on the existing hardware for all environments.,not about availability,not about availability,0.8574350476264954
The product shall adhere to the corporate Architecture guidelines,not about availability,not about availability,0.8623691201210022
The product shall comply with corporate User Interface Guidelines,not about availability,not about availability,0.8730936646461487
The product shall comply with corporate color scheme,not about availability,not about availability,0.8819406032562256
The appearance of the product shall appear professional,not about availability,not about availability,0.8947377800941467
The product shall be easy to use by Adjusters and Collision Estimators.  95% of Adjusters and Collision Estimators shall find the product easy to use.,not about availability,not about availability,0.8177987933158875
The product shall increase productivity of Collision Estimators. 80% of the Collision Estimators shall agree their productivity has increase within 1 month of using the product.,not about availability,not about availability,0.833930253982544
Users shall feel satisfied using the product.  85% of all users will be satisfied with the product.,not about availability,not about availability,0.8461298942565918
The product shall be easy to learn by Adjusters and Collision Estimators.  The product shall be learned with two days onsite training,not about availability,not about availability,0.8287397027015686
The user shall easily locate instructions while using the product.  User help can be found within 90% of the system.,not about availability,not about availability,0.8372181057929993
The search for recycled parts shall take no longer than 15 seconds.  The search results shall be returned in under 15 seconds.,not about availability,not about availability,0.8281978368759155
The search for the preferred repair facility shall take no longer than 8 seconds.  The preferred repair facility is returned within 8 seconds,not about availability,not about availability,0.8345947861671448
The recycled parts audit report shall be returned to the user within 10 seconds.  The audit report shall be returned within 10 seconds.,not about availability,not about availability,0.8249438405036926
The preferred repair facility ratings shall be saved within 5 seconds. The save shall occur within 5 seconds.,not about availability,not about availability,0.8307151794433594
The product shall adhere to the corporate online availability schedule.  The application is brought down only within 98% of the scheduled outages per the availability schedule.,availability,not about availability,0.8395525813102722
The product shall achieve a 98% uptime. The product shall not fail more than 2% of the available online time.,availability,not about availability,0.8384312987327576
The product shall be able to handle up to 1500 simultaneous users. The system shall perform with 1500 users as a time.,not about availability,not about availability,0.8298255205154419
 The average number of recycled parts records per day shall be 50 000.,not about availability,not about availability,0.8538758158683777
 The product shall be able to handle 10 000 concurrent users within 2 years of the initial launch.,not about availability,not about availability,0.8480743169784546
 For estimators  the product shall be able to be operated in a repair facility during dirty and noisy conditions.,not about availability,not about availability,0.8316598534584045
The product shall interface with the ChoiceParts system once per day at approximately 1:00 AM.,not about availability,not about availability,0.8413823843002319
The maintenance of the product will fall within the established corporate maintenance windows.,not about availability,not about availability,0.8578526377677917
The product shall be supported using the corporate support center.,not about availability,not about availability,0.8678808212280273
Product installations and upgrades shall be handled by the middleware technology team within established launch time frames.,not about availability,not about availability,0.8377428650856018
Only adjusters can request recycled parts audit reports. No users without an adjuster role shall request recycled parts audits.,not about availability,not about availability,0.8300526738166809
Only adjusters with a supervisor role can update preferred repair facility ratings. Users without the supervisor role cannot access the repair facility ratings.,not about availability,not about availability,0.8349440693855286
Only collision estimators shall search for recycled parts.  Users without the collision estimator role shall not have access to the search for recycled parts.,not about availability,not about availability,0.8293089866638184
Only valid data shall be entered into the system.  No invalid data shall be entered into the system.,not about availability,not about availability,0.8256886005401611
One insurance company shall not be able to view another insurance companys claim data.,not about availability,not about availability,0.845869243144989
The product shall free of computer viruses.,not about availability,not about availability,0.885438859462738
The system shall prevent malicious attacks including denial of service.,not about availability,not about availability,0.8722694516181946
The product must comply with Sarbanes-Oxley.,not about availability,not about availability,0.8573513031005859
The product shall comply with the estimatics laws relating to recycled parts usage.,not about availability,not about availability,0.8514654040336609
The product shall comply with insurance regulations regarding claims processing.,not about availability,not about availability,0.8604668974876404
 The product must work with most database management systems (DBMS) on the market  whether the DBMS is colocated with the product on the same machine or is located on a different machine on the computer network.,not about availability,not about availability,0.8252489566802979
The product will function alongside server software on any operating system where the Java runtime can be installed.,not about availability,not about availability,0.8529614806175232
The product will require collaboration with a database management system (DBMS).  The DBMS may be located on the same machine as the product or on a separate machine residing on the same computer network.,not about availability,not about availability,0.8330641388893127
 The product must make use of web/application server technology.  Open source examples include Apache web server  Tomcat  and the JBoss application server.,not about availability,not about availability,0.8373494148254395
 A database management system such as Oracle  DB2  MySql or HSQL will need to be integrated with the product.,not about availability,not about availability,0.8363510370254517
 The product’s Look and Feel shall be able to incorporate aspects of the customer’s organization such as logo  branding  and identity,not about availability,not about availability,0.8272407650947571
The product shall have a conservative and professional appearance.,not about availability,not about availability,0.8707886934280396
The product shall make the users want to use it. 80% of the users surveyed report they are regularly using the product after the first 2 weeks post-launch.,not about availability,not about availability,0.8286866545677185
The product shall be easy to use. 90% of users will be able to successfully reserve a conference room within 5 minutes of product use.,not about availability,not about availability,0.8304831385612488
The product shall give users feedback when necessary. 80% of the users surveyed report that the product accurately confirms their actions.,not about availability,not about availability,0.8370710015296936
The product shall allow the user to select a chosen language from one of the target market countries.,not about availability,not about availability,0.8397072553634644
The product shall allow for customization of start page and views preferences.,not about availability,not about availability,0.8460931777954102
 An employee will be able to successfully use the product within a few minutes.  After informally navigating the product for less than 15 minutes  users shall be able to successfully setup meetings and reserve conference rooms.,not about availability,not about availability,0.8248088359832764
The product shall use a standard navigation menu familiar to most web users.,not about availability,not about availability,0.8470569252967834
The product shall allow for intuitive searching of available conference rooms.,not about availability,not about availability,0.8420859575271606
The product shall conform to the Americans with Disabilities Act.,not about availability,not about availability,0.861930251121521
The response shall be fast enough to avoid interrupting the user’s flow of thought.  90% of tasks shall complete within 5 seconds.  98% of tasks shall complete within 8 seconds.,not about availability,not about availability,0.8228605389595032
 Aside from server failure  the software product shall achieve 99.99% up time.,availability,not about availability,0.8432214260101318
The product shall create an exception log of problems encountered within the product for transmission to our company for analysis and resolution.,not about availability,not about availability,0.8346472978591919
 The product shall be capable of handling up to 1 000 concurrent requests.  This number will increase to 2 000 by Release 2.  The concurrency capacity must be able to handle peak scheduling times such as early morning and late afternoon hours.,not about availability,not about availability,0.8116967082023621
 The product shall be able to process 10 000 transactions per hour within two years of its launch.  This number will increase to 20 000 by Release 2.,not about availability,not about availability,0.8297937512397766
The product shall be expected to operate for at least 5 years for each customer installation.,not about availability,not about availability,0.8363363146781921
The product shall be used in office environments.,not about availability,not about availability,0.8702530264854431
The product must be able to interface with any HTML browser.  The product shall transmit data between the user and the product without problems. The product shall display HTML properly in 80% of all HTML browsers tested (minimum is to test 8 browsers).,not about availability,not about availability,0.8092445731163025
The product must be able to interface with various database management systems. The product shall communicate successfully with the database management system on 100% of all transactions.,not about availability,not about availability,0.8331234455108643
The product must be able to interface with various email servers. The product shall be able to send email.,not about availability,not about availability,0.8312916159629822
The product shall be available for distribution via the Internet as a binary or ZIP file.,not about availability,not about availability,0.8389686942100525
The product shall be available for distribution as a packaged CD.,not about availability,not about availability,0.849494993686676
 The product will be available for licensing as a one-server  two-five servers  or five-or-more servers license.,not about availability,not about availability,0.837181568145752
A new user must be able to be added to the system within 10 minutes.  90% of new users are able to log into the system within 10 minutes.,not about availability,not about availability,0.8254297971725464
The product must be designed using Design Patterns and coding best practices.  90% of maintenance software developers are able to integrate new functionality into the product with 2 working days.,not about availability,not about availability,0.8278329372406006
The product must be highly configurable for use with various database management systems for the end users.  80% of end users are able to integrate new database management systems with the product without changing the product’s software code.,not about availability,not about availability,0.813978374004364
Maintenance releases will be offered to customers once a year.  The releases shall take no longer than 5 minutes for 80% of the customer base to install.,not about availability,not about availability,0.8392238020896912
Every registered user will have access to the product’s support site via the Internet.  70% of registered users shall find a solution to their problem within 5 minutes of using the support site.,not about availability,not about availability,0.8223802447319031
The customer shall be able to easily integrate new building maps with the product throughout the product’s lifecycle.  Integration of new maps with the product shall be possible with little to no support from product support staff.,not about availability,not about availability,0.8189386129379272
 The product shall be translated into foreign languages other than the target market countries’ languages in future releases.  For each emerging target market  it shall take no more than 5 days to configure the product for that market’s language.,not about availability,not about availability,0.8243556022644043
 The product is expected to integrate with multiple database management systems.  The product will operate with Oracle  SQL Server  DB2  MySQL  HSQL  and MS Access.,not about availability,not about availability,0.8280616402626038
The product shall be able to be installed in any operating environment within 2 days.,not about availability,not about availability,0.8430829048156738
The product shall ensure that only company employees or external users with company-approved user IDs may have product access.  100% of all logons shall be by either company employees or external users with company-approved user IDs.,not about availability,not about availability,0.8234971761703491
Only managers are able to perform search queries for reservations by user.  100% of all search queries for reservations by user shall be from logons of only management logons.,not about availability,not about availability,0.8237496018409729
The product shall ensure that the database’s data corresponds to the data entered by the user.  Each conference room reservation in the system will contain the same information as was entered by the user.,not about availability,not about availability,0.8209530115127563
The product shall prevent the input of malicious data.  The product and/or adjacent hardware/software systems’ data shall remain 100% uncorrupted each time malicious data is input into the product.,not about availability,not about availability,0.8170599937438965
The product and/or dependent databases/filesystems shall remain operational as a result of the input of malicious data.  The product and/or dependent databases/filesystems shall not crash 100% of the time that malicious data is input into the product.,not about availability,not about availability,0.8224698901176453
The product shall have the ability to receive automatic software updates as new threats emerge.  100% of customers will be able to receive automatic software updates transmitted to the installed product.,not about availability,not about availability,0.8257666826248169
The language of the product shall accommodate all of the target market countries. 90% of survey respondents from each target market country will find that the language of the product is acceptable.,not about availability,not about availability,0.8321382999420166
The product shall be able to display calendar dates and times according to the user’s locale.  90% of survey respondents from each target market country will find that the date and time formatting of the product is correct.,not about availability,not about availability,0.8229237794876099
The product must be developed with the J2SE/J2EE programming language libraries,not about availability,not about availability,0.8544434905052185
Recreation of Inventory Quantity Adjustment for the period of previous 30 days shall take no more than 30min.,not about availability,not about availability,0.8366082906723022
The System shall allow for a minimum of  6 users to work at the same time.,not about availability,not about availability,0.846209704875946
The System shall utilize currently owned computer equipment.,not about availability,not about availability,0.8730350732803345
The System shall be able to automatically backup business data and restore them on demand.,not about availability,not about availability,0.8336580395698547
The System shall maintain consistent security.  Any changes in user passwords and/or permissions should take affect in all parts of the System.,not about availability,not about availability,0.8343666195869446
The System shall granularly control access rights to all major subsystems.  It should be possible to assign access rights to all subsystems independently.,not about availability,not about availability,0.8266556262969971
The System shall meet all applicable accounting standards.  The final version of the System must successfully pass independent audit performed by a certified auditor.,not about availability,not about availability,0.830544650554657
The System shall not require additional third party licenses resulting in royalty fees.,not about availability,not about availability,0.8539091348648071
Administrator shall be able to activate a pre-paid card via the Administration section in under 5 seconds.,not about availability,not about availability,0.8325929641723633
 Customer shall be able to check the status of their prepaid card  by entering in the PIN number  in under 5 seconds.,not about availability,not about availability,0.8318654298782349
System shall let customers register on the website as a “pay as you go” user in under 5 minutes.,not about availability,not about availability,0.8330169916152954
System shall let customers register on the website as a “unlimited movie subscriber” user in under 10 minutes.,not about availability,not about availability,0.8391232490539551
System shall let existing customers log into the website with their email address and password in under 5 seconds.,not about availability,not about availability,0.8407726883888245
 System shall let customers cancel their account  process shall take no longer than 2 minutes.  Database will mark the account as inactive  and user will not be able to log into the website.,not about availability,not about availability,0.8375279307365417
System shall let administrator de-activate a customer account in under 1 minute. Customer will no longer be able to access the website.,not about availability,not about availability,0.8349868655204773
System shall let administrator add/remove movies on the website in under 5 minutes.  Entered movie information will be stored in the database and will now be available on the website.,not about availability,not about availability,0.8333406448364258
System shall let the administrator add/remove categories on the website in under 5 minutes.,not about availability,not about availability,0.8472257256507874
System shall let Izogn Manager access sales and usage statistics in under 2 minutes.,not about availability,not about availability,0.8433912396430969
System shall let administrators generate unique pre-paid pins in under 2 minutes and generate an Excel file with the generated PINs.,not about availability,not about availability,0.8388538956642151
The website shall be attractive to all audiences.  The website shall appear to be fun and the colors should be bright and vibrant.,not about availability,not about availability,0.8227815628051758
 The website should have an African feel  but should not alienate non-Africans.  The website should use animation on pages which are describing the services  to grab the users attention and encourage them to sign up.,not about availability,not about availability,0.8216331601142883
 The website design should be modern  clean  and concise.,not about availability,not about availability,0.8716748356819153
The product should be able to be used by 90% of novice users on the Internet.,not about availability,not about availability,0.8342908620834351
 Users should only have to navigate through a maximum of 4 pages  to create an account with the website.,not about availability,not about availability,0.8335179090499878
Users should be able to access their streaming movies in under 2 clicks after logging into the website.,not about availability,not about availability,0.8442788124084473
An anonymous survey will show that 70% of customers are comfortable purchasing streaming movies after 2 weeks using the website.,not about availability,not about availability,0.8402054309844971
An anonymous survey will show that 95% of customers are comfortable using and purchasing pre-paid cards after a month of using the system.,not about availability,not about availability,0.841494619846344
The product shall retain the customer’s buying preferences and information.,not about availability,not about availability,0.8533533811569214
The product shall be easy for customers with novice skills on the  Internet to purchase and watch streaming movies.  Customers should be able to purchase and watch a pre-determined movie in under 3 minutes.,not about availability,not about availability,0.8150495886802673
The product shall use symbols and words that are naturally understandable by users familiar with websites,not about availability,not about availability,0.8534841537475586
The website will use standard Internet conventions when interacting with the user.,not about availability,not about availability,0.8593993782997131
 Any interface between a user and the automated system shall have a maximum response time of 5 seconds  unless noted by an exception below.,not about availability,not about availability,0.8270879983901978
 When purchasing a streaming movie or pre-paid card via credit card  the processing time should have a maximum response time of 15 seconds.,not about availability,not about availability,0.8346986174583435
 When streaming a movie  the buffering time should take no longer than 10 seconds (plus any latency on the user’s connection.),not about availability,not about availability,0.8429909348487854
 While streaming a movie  buffering should only occur if there is latency in the user’s connection.,not about availability,not about availability,0.8404973149299622
 All credit card information will be secured on the server  and only accessible by authorized Izogn administrators.  Information will be encrypted in the database.,not about availability,not about availability,0.8304610252380371
 The website shall be available for use 24 hours per day  365 days per year.,availability,not about availability,0.8353190422058105
The website shall achieve 99.5% up time.,availability,not about availability,0.8607774376869202
 All movies shall be streamed on demand  at any time of the day.,availability,not about availability,0.8586137294769287
The website shall continue to operate if the streaming server goes down.,not about availability,not about availability,0.8599989414215088
The website shall continue to operate if the payment gateway goes down.,not about availability,not about availability,0.8609822988510132
The streaming server will support 50 simultaneous streaming connections.,not about availability,not about availability,0.8689702749252319
The streaming server will support a maximum of 700 movies  new servers can be added to support more movies.,not about availability,not about availability,0.8371341824531555
 The server will support a maximum of 1 000 simultaneous users.,not about availability,not about availability,0.8563638925552368
 The website shall be capable of supporting 100 000 customers.,not about availability,not about availability,0.8636966943740845
The product shall be expected to operate within the maximum maintenance budget for a minimum of 2 years.,not about availability,not about availability,0.8386471271514893
All aspects of the website shall be accessed by a web browser over the Internet.,not about availability,not about availability,0.8456339836120605
The same hardware supporting the current website will be used to support the new system.,not about availability,not about availability,0.8506777286529541
 We must be able to interface with the following browsers: IE 5.X  6.0  Netscape 6.x  7.x  8.x and Firefox 1.0.,not about availability,not about availability,0.8182375431060791
Website must interface with the CyberSource API to process credit card transactions.,not about availability,not about availability,0.8557835817337036
Website must be fully operational with MSN TV2.,not about availability,not about availability,0.8765798807144165
Movies shall be encoded and streamed via Windows Media Player 9.0.,not about availability,not about availability,0.8359417915344238
Movies shall be encoded for 56k and 256k streams.,not about availability,not about availability,0.8552029132843018
Promotional updates to the website should take a day to update.,not about availability,not about availability,0.8514304161071777
Izogn Administrator must be able to update the category listings on the website within 2 minutes.,not about availability,not about availability,0.8410617709159851
Izogn Administrator must be able to add new products to the website within 2 minutes.,not about availability,not about availability,0.8411242961883545
The system will provide a 24 hour 800 toll free number for support to its customers.,availability,not about availability,0.8367921113967896
The website will provide a help section with answers and solutions to common problems.,not about availability,not about availability,0.849543571472168
 Velkat staff will be available for phone support between 7am-7pm  M-F to provide technical support to the Izogn administrators.,availability,not about availability,0.8273464441299438
The product shall be able to be installed in the specified environment within 1 working day.,not about availability,not about availability,0.8393567800521851
Only registered customers can purchase streaming movies.,not about availability,not about availability,0.8658469915390015
 A customer can only stream a movie if they purchased it  and are within the 2 day viewing period.,not about availability,not about availability,0.8423928618431091
Only authorized personnel can access customer records in the database.,not about availability,not about availability,0.8676765561103821
Only administrators can activate a pre-paid card.,not about availability,not about availability,0.8590288162231445
Only authorized personnel can access sales information.,not about availability,not about availability,0.8713907599449158
The website shall prevent its data from being corrupted when incorrect data is entered in.,not about availability,not about availability,0.8443994522094727
 The website shall protect itself from intentional abuse  and notify the administrator at all occurrences.,not about availability,not about availability,0.8425511121749878
Data integrity scripts will be run on a weekly basis to verify the integrity of the database.,not about availability,not about availability,0.8364678621292114
 The website shall make its user aware of its information practices before collection data from them via a Privacy Policy  accessible on all pages of the website.,not about availability,not about availability,0.8339837193489075
The system shall notify customers of changes to its information policy.,not about availability,not about availability,0.8420202732086182
The system shall reveal private information only in compliance with the organization’s information policy.,not about availability,not about availability,0.8352634906768799
 All customer information will be stored on a secure database  accessible only to authorized personnel.,not about availability,not about availability,0.8423353433609009
All credit card information will be encrypted in the database.,not about availability,not about availability,0.8597999215126038
The streaming server will have anti-virus software to prevent infection of malicious viruses.,not about availability,not about availability,0.8443844318389893
The website should cater to all tribes in Nigeria.,not about availability,not about availability,0.847724199295044
The website shall not be offensive to religious or ethnic groups.,not about availability,not about availability,0.8572646379470825
 The website should appeal to all Africans  not only Nigerians.,not about availability,not about availability,0.8606064915657043
The website should use Flash to provide animation on the home page.,not about availability,not about availability,0.84458327293396
IzognMovies shall meet the licensing requirements set forth by the appropriate organizations in order to stream African movies.,not about availability,not about availability,0.8362842202186584
The website will comply with W3C standards.,not about availability,not about availability,0.876940906047821
The PHP code will comply with PEAR standards.,not about availability,not about availability,0.8714562058448792
Total lead cycle time must be completed in 5 minutes for 90% of lead volume between the business hours of 8AM CST to 8PM CST  then 3 minutes for 99% of lead volume during off business hours.,not about availability,not about availability,0.8144233822822571
No lead evaluation will complete in a time period longer than 25 seconds for 97% of all leads processed.,not about availability,not about availability,0.8378041982650757
For leads that process longer than 25 seconds the system will record the event and duration,not about availability,not about availability,0.8529652953147888
The process must fit within the processing time conditions set forth by the Auto Rep Assignment process in which a lead is assigned within 3 minutes of the total life cycle.,not about availability,not about availability,0.8308506011962891
The lead washing process will operate within the established physical web service structure.,not about availability,not about availability,0.8485046625137329
 The washing process must use a non binding  neutral data format  such as xml  when receiving and processing lead data.,not about availability,not about availability,0.8286969661712646
Defect reports will be available to technical units on a 24x7 basis.,availability,not about availability,0.8504741191864014
Washing parameters will be updated during scheduled maintenance hours.,not about availability,not about availability,0.8702176809310913
The product shall simulate the look of ships at sea.,not about availability,not about availability,0.867991030216217
The product shall display the grids within a circle as a view from a periscope.,not about availability,not about availability,0.8436874747276306
The product shall display each type of ship in a grid using an image of the specific type of ship.,not about availability,not about availability,0.8389235734939575
 When the offensive player takes a shot  the product shall simulate the sound of a ship at sea.,not about availability,not about availability,0.8394037485122681
 When a shot is marked as a miss  the product shall simulate the sound of a shot missing its target.,not about availability,not about availability,0.8349060416221619
 When a shot is marked as a hit  the product shall simulate the sound of a shot hitting its target.,not about availability,not about availability,0.8363032341003418
 When a ship is sunk  the product shall simulate the sound of a sinking ship.,not about availability,not about availability,0.8388622403144836
 The product shall be available 24 hours per day  seven days per week.,availability,not about availability,0.8430466651916504
The product shall able to handle a large number of games simultaneously.,not about availability,not about availability,0.858228862285614
The response time shall be fast enough to maintain the flow of the game.  The response time shall be no more than 2 seconds for 95% of responses and no more than 4% for the remaining responses.,not about availability,not about availability,0.8263437151908875
The product shall protect the identity of the players. The product shall provide players no access to information that might reveal the identity of another player.,not about availability,not about availability,0.8313391208648682
The product shall be intuitive and self-explanatory.  Nine out ten users shall be able to successfully complete a game with no training.,not about availability,not about availability,0.8290031552314758
 The product shall be available to players who understand English  Spanish and French.  The product shall allow the user to select the language upon accessing the product.,not about availability,not about availability,0.8290880918502808
The product shall provide players no access to information that might reveal the identity of another player,not about availability,not about availability,0.8364778757095337
The response time shall be fast enough to maintain the flow of the game. The response time shall be no more than 2 seconds for 95% of responses and no more than 4% for the remaining responses.,not about availability,not about availability,0.8263437151908875
The system shall be easy to use by callers and supervisors. Callers and supervisors must be able to accomplish any system task within 2 minutes.,not about availability,not about availability,0.821945309638977
The system shall be easy to learn by callers and supervisors. Callers and supervisors shall learn how to use the system within 10 minutes.,not about availability,not about availability,0.8197555541992188
 The system shall be responsive. At the DePaul TeleServices Center  when a supervisor uses the system to view a callers schedule  the system response time must be no more than 2 seconds 90% of the time and no more than 5 seconds the rest of the time.,not about availability,not about availability,0.8154886960983276
 On a 56k connection  the system response time for all operations must be no more than 6 seconds 90% of the time.,not about availability,not about availability,0.8399837017059326
 On a 112k connection or faster  the system response time for all operations must be no more than 3 seconds 90% of the time.,not about availability,not about availability,0.8356220126152039
The system shall have high availability every day of the year.The system must be available for use between 12:00AM and 6:00PM all days of the year.,availability,not about availability,0.8301205039024353
The system must be available for use between 7:00AM and 11:59PM all days of the year.,availability,not about availability,0.8339520692825317
The product shall be internet browser independent.The product must run using Internet Explorer and Netscape Navigator.,not about availability,not about availability,0.8350988626480103
The product shall ensure that only supervisors can advertise empty time slots.The product must ensure that supervisors are allowed to access advertise empty time slots.,not about availability,not about availability,0.8179696202278137
The product shall ensure that only supervisors can enter a caller’s schedule.The product must ensure that supervisors are allowed to access advertise empty time slots.,not about availability,not about availability,0.8238810896873474
The product shall ensure that only supervisors can view schedule of all callers.The product must ensure that supervisors are allowed to access advertise empty time slots.,not about availability,not about availability,0.8259316682815552
 The interface shall have a simple look. In the interface and usability survey  90% of beta testers must report that the interface is adequately simple.,not about availability,not about availability,0.8408909440040588
 The interface shall be appealing to callers and supervisors. In the interface and usability survey  80% of beta testers must report that the interface is appealing.,not about availability,not about availability,0.8436172604560852
The product shall provide GUI based Monitoring Services.System Administrators shall monitor message exchanges will predict and determine problems and will also provide internal and external support.,not about availability,not about availability,0.8250839114189148
The product shall comply with City of Chicago Application Development Guide Framework.Application Development Framework will provide structured Graphical User Interface.,not about availability,not about availability,0.8294631242752075
The product shall provide Monitoring Services.The product shall be easy for System Administrators and DBAs to use after two weeks of usage.,not about availability,not about availability,0.8269068002700806
The product shall provide Error Tracking Services.The product shall help the System Administrators and DBAs to resolve transaction errors 99% of the time.,not about availability,not about availability,0.8373078107833862
The product shall provide Portals.The product shall help System Administrators to analyze the transactions with ad-hoc reporting and KPIs (Key Performance Indicators),not about availability,not about availability,0.8243823647499084
The product shall provide Asynchronous Messaging.The product shall provide asynchronous messaging to enable parallel processing and reduce the overhead in communications,not about availability,not about availability,0.8306719064712524
The product shall provide Multi-threading and Load Balancing.The product shall provide multi-threading technology as well as load balancing to overcome data load spikes and traffic.,not about availability,not about availability,0.8210291266441345
The product shall process messages within 2 seconds.The product shall have a maximum message processing time of 2 seconds,not about availability,not about availability,0.8365673422813416
The product shall poll the system for messages every second.The product shall poll the system for new messages at a maximum of every 1 second.,not about availability,not about availability,0.8246436715126038
The product shall provide Dynamic Change Support and Transparent resource addition.The product shall support Transparent Resource addition and Dynamic Change support to provide scalability and avoid service interruptions of more than 1 day.,not about availability,not about availability,0.812483549118042
The product shall be available 99% of the time. Rationale: To avoid service interruption during busiest customer service response periods. The product shall be available 99.99% of the time for regular business days.,availability,not about availability,0.8236700296401978
The product shall be robust.The product shall have fault avoidance based on standards adoption.,not about availability,not about availability,0.8213890790939331
The product shall be robust with fault tolerance.The product shall have fault tolerance by using recovery technique compensatory transaction and routing around failures.,not about availability,not about availability,0.8295701742172241
The product shall be able to process all transactions.The product shall process minimum of 1 million transactions per year.,not about availability,not about availability,0.8216164708137512
The product shall be platform independent.The product shall enable access to any type of development environment and platform.,not about availability,not about availability,0.8186523914337158
The product shall interface CSR and Datastream.The product shall exchange messages between CSR and EAM on a real time basis without any direct interfaces between two systems.,not about availability,not about availability,0.826484739780426
 : The product shall continue to operate during upgrade  change or new resource addition.The product shall be able to continue to operate with no interruption in service due to new resource additions.,not about availability,not about availability,0.8237975239753723
The product shall be updated on a regular basis.The product will have a new major feature introduced every six months and quarterly maintenance releases every six months.,not about availability,not about availability,0.8292927145957947
The product shall operate with every platform.The product shall accommodate any new technology without any change in its architecture.,not about availability,not about availability,0.8302237391471863
 The product shall have security.The product shall provide authentication  and authorization.,not about availability,not about availability,0.8366363644599915
The product shall information Security. The product shall enable privacy by encryption WS-Security and Integrity Checking.,not about availability,not about availability,0.8260220885276794
The product shall have audit capabilities.The product shall store messages for a minimum of one year for audit and transaction tracking purposes.,not about availability,not about availability,0.8211657404899597
The system shall use IBM and CCR branding standards. The interface must have one IBM logo and one CCR logo.,not about availability,not about availability,0.8168911933898926
The system shall be displayable on any work computer a CCR user may have. The system interface shall be formatted to display at 800 by 600 pixel resolution.,not about availability,not about availability,0.8354684114456177
The system interface will use CCR nomenclature. The system must use the same nomenclature used in the existing WCS system and reports,not about availability,not about availability,0.8400876522064209
The interface must summarize the data in a fashion that’s appealing to CCR management. Every report type must have at least one high level summary shown in the results dashboard/interface,not about availability,not about availability,0.8199161887168884
The system must use a point and click interface. 100% of all selection and navigation functionality must be able to be activated/selected by either a mouse or a keyboard,not about availability,not about availability,0.8298019766807556
The interface shall be easy to use. 90% of users should be able to successfully use the system to generate a report on their first use. The interface should adhere to IBM usability standards.,not about availability,not about availability,0.817129909992218
Rreports must be easy to generate. eports must be generated within one button click and exported within one button click (after selecting the report),not about availability,not about availability,0.8252168893814087
A user shall be able to use the system without instruction after a short amount of time. After one use a user should understand and remember 90% of the system usage and navigation.,not about availability,not about availability,0.8167137503623962
All CCR users shall receive training before the WCS system is deployed. One training session will be held for 100% of CCR users before system deployment (based on a CCR user being available),not about availability,not about availability,0.8229620456695557
The WCS system shall use appropriate nomenclature and terminology as defined by the Corporate Community Grants organization. All interfaces and reports will undergo usability tests by CCR users.,not about availability,not about availability,0.8379867672920227
The WCS system shall be available at all times as long as IBM’s internal intranet W3 is accessible. The WCS system will be available 95% of the time IBM’s internal intranet W3 is available.,availability,not about availability,0.8220754861831665
The WCS system shall have the ability to connect other designated WCS databases currently not included in the system.,not about availability,not about availability,0.8346990346908569
The WCS system shall have the ability to include data for regions outside the United States and be accessed by users outside of the United States if approved by CCR management.,not about availability,not about availability,0.8271118402481079
The WCS system shall be run in a Windows environment. The WCS shall be accessed by users through the Internet on an IBM computer running a Windows 2000 or above operating system.,not about availability,not about availability,0.8265324831008911
The Brio portion of the WCS system must be able to export files in spreadsheet form (Microsoft Excel and Lotus 1-2-3 formats).  Brio will provide buttons in the user interface that produce/export reports in .xls or .123 file formats.,not about availability,not about availability,0.8093336224555969
The WCS system must run queries to the WCS databases once again (on a specified day) to update the available data available to CCR users. Queries must be made to external databases for data refresh once a week.,not about availability,not about availability,0.8103304505348206
 All changes  updates  and additions to the WCS system shall be updated in the WCS Developer and WCS User Guides. Every change must be reflected in WCS system documentation,not about availability,not about availability,0.8172038197517395
The system shall only be accessed by authorized Corporate Community Grants (CCR) employees. Users must be authenticated using their IBM intranet user name and password.,not about availability,not about availability,0.8363187313079834
The WCS system shall not allow automatic logins by any user. Cookies containing WCS login information about a user will not be stored on a user’s computer.,not about availability,not about availability,0.833001971244812
Each team owner will need to use a username and password in order to be authenticated to reach the team owner’s page,not about availability,not about availability,0.8147064447402954
The Commissioner will be the only authorized user per league to adjust league settings.,not about availability,not about availability,0.8405093550682068
Each page shall contain a navigation menu which shows the index into which the current page is contained.,not about availability,not about availability,0.8396002054214478
Each page shall contain a similar format with action items in one location and navigation buttons in a different location.,not about availability,not about availability,0.829244077205658
The message board shall contain the 5 most recently posted messages on the league page. The messages will contain up to the first 150 characters of the message.,not about availability,not about availability,0.8392707705497742
;A new user shall be able to navigate through the league and team pages within 30 seconds of reaching the start-up page.,not about availability,not about availability,0.8308746814727783
Users shall be able to reach the ‘add’  ‘drop’  and ‘trade player’ pages with one click from the team owner’s page.,not about availability,not about availability,0.833296000957489
;Users shall be able to view at least 25 NFL player statistics and points on each page.,not about availability,not about availability,0.8305630683898926
The application shall ask the user to confirm dropping a player or trading a player before performing the action.,not about availability,not about availability,0.834092915058136
The application shall be able to complete every user transaction within one fourth of a second of receiving the request over the network.,not about availability,not about availability,0.8359386920928955
The application shall have a downtime of at most 10 minutes per year.,availability,not about availability,0.8484529256820679
The application shall run on a web application server.,not about availability,not about availability,0.8666994571685791
A primary database will be used to store cached data for active users.,not about availability,not about availability,0.8511632084846497
A secondary database will be used to store historical statistics and data.,not about availability,not about availability,0.846981942653656
Application updates shall occur between 3AM and 6 AM CST on Wednesday morning during the middle of the NFL season.,not about availability,not about availability,0.8367484211921692
New System version releases shall be released at the beginning of each NFL season.,not about availability,not about availability,0.8512128591537476
The RFS system should be available 24/7  especially during the budgeting period. The RFS system shall be available 90% of the time all year  and 98% during the budgeting period. 2% of the time  the system will become available within 1 hour of the time that the situation is reported.,availability,not about availability,0.806598961353302
98% of the user workstations shall meet the minimum hardware requirements prior to implementation. Minimum Hard Disk Space:  400MB.,not about availability,not about availability,0.8324347734451294
98% of the user workstations shall meet the minimum software requirements prior to implementation: Microsoft Internet Explorer 5.0. Microsoft .NET Framework 1.1. Microsoft Internet Explorer Web Controls,not about availability,not about availability,0.8185572624206543
The RFS system should be able to easily interface with the BDW environment  in order to load the data. •;7 data files shall be received from the BDW and loaded into the RFS system within 3 hours one day prior to the start of budgeting process  every year. The data will be as of October month-end. ;Test files (7) shall be loaded up to 5 times throughout the year  from the BDW.,not about availability,not about availability,0.8011234402656555
Changes to revenue and expense formulae must be applied to the RFS system  every year  prior to the budgeting process start. Revenue and expense formulae will be updated within one week of their receipt  after which 2 weeks will be allotted to testing of the budget calculations  to be conducted jointly by the project development team and PCG Finance.,not about availability,not about availability,0.7998573780059814
New branches/complexes/districts/regions and revenue/expense accounts added to the BDW  must be reflected in the RFS system. 100% of the entities (mentioned above) available as of October month-end  will be loaded into the RFS system  prior to the budget start process.,not about availability,not about availability,0.807589054107666
Only authorized user shall access the RFS system. ONLY users that exist in the UAS system  with the RFS system assigned to their role(s)  shall access the RFS system and use it.,not about availability,not about availability,0.8020967245101929
;User access should be limited to the permissions granted to their role(s) Each level in the PCG hierarchy will be assigned a role and users will be assigned to these roles. Access to functionality within RFS system is dependent on the privileges/permission assigned to the role..,not about availability,not about availability,0.8048666715621948
The product must comply with the intranet page standards and requirements of ENET Securities. 95% of the product look & feel will be approved by the Architecture group  prior to implementation. The remaining 5% will be corrected and approved within one month of product release.,not about availability,not about availability,0.81644606590271
 The intranet pages should display appropriately in all resolutions  from 800x600 and higher. The display of all the pages will be correct in 95% of the resolutions  prior to implementation. The remaining 5% will be corrected within a week of notification of the incorrect display.,not about availability,not about availability,0.824046790599823
The users should be able to easily use the system to successfully complete their budgets  within the stipulated time for completion. With a week of training prior to product implementation  98% of the users shall complete their budgets within the stipulated time.,not about availability,not about availability,0.8181178569793701
The product interface should be fast. The response time of the product interface should not exceed 2 seconds 90% of the time. For 10% of the time  the response time should not be more than 10 seconds.not be more than 10 seconds.,not about availability,not about availability,0.8225845694541931
