,precision,recall,f1-score,support
"reliability, dependability, resilience, flexibility, accountability, ensur, disruption, timely, or standby",0.058823529411764705,0.6190476190476191,0.10743801652892562,21.0
"usability, security, operational, performance, look & feel, legal, fault & tolerance, maintainability, scalability, or portability",0.9463087248322147,0.4040114613180516,0.5662650602409639,349.0
accuracy,0.41621621621621624,0.41621621621621624,0.41621621621621624,0.41621621621621624
macro avg,0.5025661271219897,0.5115295401828354,0.33685153838494475,370.0
weighted avg,0.8959379434705136,0.41621621621621624,0.540223525327578,370.0
