Requirement text,Gold label,Predicated label,ZSL score
The system shall refresh the display every 60 seconds.,"not about reliability, dependability, resilience","not about reliability, dependability, resilience",0.7328999638557434
The application shall match the color of the schema set forth by Department of Homeland Security,"not about reliability, dependability, resilience","not about reliability, dependability, resilience",0.66148442029953
 If projected  the data must be readable.  On a 10x10 projection screen  90% of viewers must be able to read Event / Activity data from a viewing distance of 30,"not about reliability, dependability, resilience","not about reliability, dependability, resilience",0.5416767597198486
 The product shall be available during normal business hours. As long as the user has access to the client PC  the system will be available 99% of the time during the first six months of operation.,"reliability, dependability, resilience","not about reliability, dependability, resilience",0.4904686212539673
 If projected  the data must be understandable. On a 10x10 projection screen  90% of viewers must be able to determine that Events or Activities are occuring in current time from a viewing distance of 100,"not about reliability, dependability, resilience","not about reliability, dependability, resilience",0.5253121256828308
The product shall ensure that it can only be accessed by authorized users.  The product will be able to distinguish between authorized and unauthorized users in all access attempts,"not about reliability, dependability, resilience","not about reliability, dependability, resilience",0.5478807687759399
The product shall be intuitive and self-explanatory.  :  90% of new users shall be able to start the display of Events or Activities within 90 minutes of using the product.,"not about reliability, dependability, resilience","not about reliability, dependability, resilience",0.5043924450874329
The product shall respond fast to keep up-to-date data in the display.,"not about reliability, dependability, resilience","not about reliability, dependability, resilience",0.6411644220352173
The look and feel of the system shall conform to the user interface standards of the smart device.,"not about reliability, dependability, resilience","not about reliability, dependability, resilience",0.5756610035896301
 The user interface shall have standard menus  buttons for navigation,"not about reliability, dependability, resilience","reliability, dependability, resilience",0.696325421333313
The system shall have a professional appearance,"not about reliability, dependability, resilience","reliability, dependability, resilience",0.6646458506584167
The product shall have a consistent color scheme and fonts.,"not about reliability, dependability, resilience","not about reliability, dependability, resilience",0.6521159410476685
The system shall be used by realtors with no training.,"not about reliability, dependability, resilience","not about reliability, dependability, resilience",0.6623944044113159
The system shall be intuitive and self explanatory.,"not about reliability, dependability, resilience","reliability, dependability, resilience",0.6844048500061035
The product shall be easy for a realtor to learn.,"not about reliability, dependability, resilience","not about reliability, dependability, resilience",0.6152921319007874
The product shall use symbols and words that are naturally understandable by the realtor community.,"not about reliability, dependability, resilience","not about reliability, dependability, resilience",0.6596008539199829
The product shall produce search results in an acceptable time,"not about reliability, dependability, resilience","not about reliability, dependability, resilience",0.6658651828765869
The search results shall be returned no later 30      seconds  after the user has entered the search criteria,"not about reliability, dependability, resilience","not about reliability, dependability, resilience",0.6074365377426147
The product shall generate a CMA report in an acceptable time.,"not about reliability, dependability, resilience","not about reliability, dependability, resilience",0.7161962389945984
The CMA report shall be returned no later 60 seconds after the user has entered the CMA report criteria.,"not about reliability, dependability, resilience","not about reliability, dependability, resilience",0.6476055383682251
The product shall synchronize contacts and appointments in an acceptable time.,"not about reliability, dependability, resilience","not about reliability, dependability, resilience",0.6973313689231873
The product shall synchronize with the office system every hour.,"not about reliability, dependability, resilience","not about reliability, dependability, resilience",0.7423173785209656
 The product shall be available for use 24 hours per day  365 days  per year,"reliability, dependability, resilience","not about reliability, dependability, resilience",0.7094283699989319
 Out of 1000 accesses to the system  the system is available 999 times.,"reliability, dependability, resilience","not about reliability, dependability, resilience",0.6269527673721313
The product shall operate in offline mode whenever internet connection is unavailable.,"not about reliability, dependability, resilience","not about reliability, dependability, resilience",0.670168399810791
 The product shall allow the user to view previously downloaded search results  CMA reports  and appointments.,"not about reliability, dependability, resilience","not about reliability, dependability, resilience",0.6365604996681213
The product shall retain user preferences in the event of a failure.,"not about reliability, dependability, resilience","not about reliability, dependability, resilience",0.7274637818336487
100% of saved user preferences shall be restored when system comes back online.,"not about reliability, dependability, resilience","not about reliability, dependability, resilience",0.658632755279541
The product shall be able to support multiple remote users,"not about reliability, dependability, resilience","not about reliability, dependability, resilience",0.5704947710037231
The product shall be able support 1000 simultaneous users.,"not about reliability, dependability, resilience","not about reliability, dependability, resilience",0.6870054602622986
The product shall be capable of handling the existing 1000 users. This number is expected to grow 5 times within the next year.,"not about reliability, dependability, resilience","not about reliability, dependability, resilience",0.5652609467506409
The product shall be installed by an untrained realtor   without recourse to separately-printed instructions.,"not about reliability, dependability, resilience","not about reliability, dependability, resilience",0.6616561412811279
90% of untrained realtors shall be able to install the product on their device without printed instructions,"not about reliability, dependability, resilience","not about reliability, dependability, resilience",0.592767059803009
The product is expected to run on Windows CE and Palm operating systems.,"not about reliability, dependability, resilience","not about reliability, dependability, resilience",0.6766069531440735
Only registered realtors shall be able to access the system.,"not about reliability, dependability, resilience","not about reliability, dependability, resilience",0.6008353233337402
Every user of the system shall be authenticated and authorized.,"not about reliability, dependability, resilience","not about reliability, dependability, resilience",0.6718596816062927
The product shall prevent its data from incorrect data being introduced.,"not about reliability, dependability, resilience","not about reliability, dependability, resilience",0.6780831217765808
The system shall be easy to use by the Program Administrators/Nursing Staff Members.,"not about reliability, dependability, resilience","not about reliability, dependability, resilience",0.678098738193512
All of the users shall be able to use the system after one day of training.,"not about reliability, dependability, resilience","not about reliability, dependability, resilience",0.5130640268325806
The system shall help the user avoid making mistakes while scheduling classes and clinicals for the nursing students.,"not about reliability, dependability, resilience","not about reliability, dependability, resilience",0.6665570735931396
The number of mistakes noted by the students shall be decreased by 50% in the first year.,"not about reliability, dependability, resilience","not about reliability, dependability, resilience",0.610889732837677
The system shall be intuitive to the Program Administrators/Nursing Staff Members.,"not about reliability, dependability, resilience","not about reliability, dependability, resilience",0.7163863182067871
2 out of 3 Program Administrators/Nursing Staff Members shall successfully be able to use the system to manage the scheduling of classes and clinicals.,"not about reliability, dependability, resilience","not about reliability, dependability, resilience",0.5597506761550903
The system shall use symbols and words that are naturally understandable by the user community.,"not about reliability, dependability, resilience","not about reliability, dependability, resilience",0.6485525369644165
The verbiage used within the system shall be consistent with Standard English and the terminology of the national Nursing Community.,"not about reliability, dependability, resilience","not about reliability, dependability, resilience",0.5995076298713684
Staff members shall be able to complete a set of tasks in a timely manner.,"not about reliability, dependability, resilience","not about reliability, dependability, resilience",0.5786417126655579
The response time of general student management tasks shall take no longer than 5 seconds and the response time of schedule generation shall take no longer than 30 seconds.,"not about reliability, dependability, resilience","not about reliability, dependability, resilience",0.5332749485969543
The system shall be available for use between the hours of 8am and 6pm.,"reliability, dependability, resilience","not about reliability, dependability, resilience",0.5856947898864746
The system shall achieve 95% up time.,"reliability, dependability, resilience","reliability, dependability, resilience",0.729332447052002
system shall be able to handle all of the user requests/usage during business hours.,"not about reliability, dependability, resilience","not about reliability, dependability, resilience",0.6616888642311096
The system shall cater to 10 simultaneous users from 9am to 5pm.,"not about reliability, dependability, resilience","not about reliability, dependability, resilience",0.6056816577911377
The system shall be capable of processing 100% of nursing students and their classes for the next 10 years.,"not about reliability, dependability, resilience","not about reliability, dependability, resilience",0.5931065082550049
The system shall be expected to manage the nursing program curriculum and class/clinical scheduling for a minimum of 5 years.,"not about reliability, dependability, resilience","not about reliability, dependability, resilience",0.5883514881134033
The system shall able to operate within a business office environment typical of the Nursing Department at DePaul University.,"not about reliability, dependability, resilience","not about reliability, dependability, resilience",0.6256060600280762
The system shall be used within the specifications defined by the computers used by the Program Administrators/Nursing Staff Members.,"not about reliability, dependability, resilience","not about reliability, dependability, resilience",0.6340286731719971
The system shall operate within the Windows XP Professional operating system.,"not about reliability, dependability, resilience","not about reliability, dependability, resilience",0.7675862312316895
The system shall interface with CampusConnect’s central server,"not about reliability, dependability, resilience","not about reliability, dependability, resilience",0.7934169769287109
The system shall interface with the faculty central server.,"not about reliability, dependability, resilience","reliability, dependability, resilience",0.7603731751441956
The system shall interface with the student master server.,"not about reliability, dependability, resilience","not about reliability, dependability, resilience",0.7365072965621948
We must be able to interface with any HTML browser.,"not about reliability, dependability, resilience","not about reliability, dependability, resilience",0.5428012609481812
Only authorized users shall have access to clinical site information.,"not about reliability, dependability, resilience","not about reliability, dependability, resilience",0.6265840530395508
Program Administrators/Nursing Staff Members are the only people who shall have access to clinical site details.,"not about reliability, dependability, resilience","not about reliability, dependability, resilience",0.6408582925796509
Only authorized users shall have access to students’ personal information.,"not about reliability, dependability, resilience","not about reliability, dependability, resilience",0.6277250647544861
Dr Susan Poslusny and Dr Julie Donalek are the only people who shall have access to students’ personal information.,"not about reliability, dependability, resilience","not about reliability, dependability, resilience",0.5939897894859314
Only authorized users shall have access to the portion of the system that interfaces with CampusConnect.,"not about reliability, dependability, resilience","not about reliability, dependability, resilience",0.6118746399879456
Fit Criterion: Dr Susan Poslusny and Karen Sysol are the only people who shall have access to the final class section scheduling for the system that interfaces with CampusConnect.,"not about reliability, dependability, resilience","not about reliability, dependability, resilience",0.5338202714920044
The system shall have basic data integrity checking to reduce the possibility of incorrect or invalid data being introduced.,"not about reliability, dependability, resilience","not about reliability, dependability, resilience",0.5963189601898193
The system shall protect private information in accordance with the organization’s information policy.,"not about reliability, dependability, resilience","not about reliability, dependability, resilience",0.6735257506370544
The system shall be built such that it is as secure as possible from malicious interference.,"not about reliability, dependability, resilience","not about reliability, dependability, resilience",0.6256111264228821
The system shall use the organization’s standard virus protection software to help monitor threats to itself.,"not about reliability, dependability, resilience","not about reliability, dependability, resilience",0.6132098436355591
The Disputes application shall comply with the corporate standards for user interface creation for internally and externally used applications.,"not about reliability, dependability, resilience","not about reliability, dependability, resilience",0.6467803120613098
All screens created as part of the Disputes application must comply with corporate standards for interface creation.,"not about reliability, dependability, resilience","not about reliability, dependability, resilience",0.7038703560829163
The list of dispute cases that are displayed after a search is performed must be color coded for easy identification of dispute cases based upon the dispute case status.,"not about reliability, dependability, resilience","not about reliability, dependability, resilience",0.5617624521255493
100% of the cardmember and merchant services representatives shall use the Disputes application regularly after a 2-day training course.,"not about reliability, dependability, resilience","not about reliability, dependability, resilience",0.5992069840431213
100% of cardmember services representatives shall be able to successfully create a dispute case on the first encounter after completing the training course.,"not about reliability, dependability, resilience","not about reliability, dependability, resilience",0.5733878016471863
100% of merchant services representatives shall be able to successfully perform a follow up action on a dispute case on the first encounter after completing the training course.,"not about reliability, dependability, resilience","not about reliability, dependability, resilience",0.537078857421875
The maximum wait time for a user navigating from one screen to another within the Disputes application shall be no more than 5 seconds.,"not about reliability, dependability, resilience","not about reliability, dependability, resilience",0.5543912649154663
The Disputes application shall support 350 concurrent users without any degradation of performance in the application.,"not about reliability, dependability, resilience","not about reliability, dependability, resilience",0.6851292252540588
 The Disputes application shall be available 24x7x365  with the exception of the following scheduled maintenance windows.  Monday – Saturday 3:00am to 4:00am EST Sunday 1:00amd to 5:00am EST,"not about reliability, dependability, resilience","not about reliability, dependability, resilience",0.5002464652061462
The Disputes application shall interface with the Statement Database. The Statement Database provides the transaction details to the Disputes System. All transaction details must be obtained from the Statement Database,"not about reliability, dependability, resilience","not about reliability, dependability, resilience",0.5968190431594849
The Disputes application shall interface with the Cardmember Information Database.  The Cardmember Information Database provides detailed information with regard to a cardmember.  All cardmember detail information must be obtained from the Cardmember Information Database.,"not about reliability, dependability, resilience","not about reliability, dependability, resilience",0.5055245161056519
The Disputes applications shall interface with the Merchant Information Database.  The Merchant Information Database provides detailed information with regard to the merchant. All merchant detail information shall be obtained from the Merchant Information Database.,"not about reliability, dependability, resilience","not about reliability, dependability, resilience",0.5136100649833679
The Disputes application shall interface with the Letters application.  This will allow the Disputes application to request letters as part of the dispute initiation and dispute follow up process. All letter requests must be sent to the Print Letter Utility application.,"not about reliability, dependability, resilience","not about reliability, dependability, resilience",0.5361698269844055
The Disputes application shall interface with the Cardmember Posting and Billing System.  This will allow the Disputes application to request adjustments to cardmember and merchant’s accounts. All adjustment requests must be sent to the Cardmember Posting and Billing System.,"not about reliability, dependability, resilience","not about reliability, dependability, resilience",0.5162034034729004
The Disputes application shall ensure that only users with the appropriate access level are allowed to initiate dispute requests.,"not about reliability, dependability, resilience","not about reliability, dependability, resilience",0.6496607065200806
Only users with Update access must be able to initiate dispute requests.,"not about reliability, dependability, resilience","not about reliability, dependability, resilience",0.6226162314414978
The Disputes application shall ensure that only authorized users are allowed to logon to the application.,"not about reliability, dependability, resilience","not about reliability, dependability, resilience",0.6353403329849243
 All authorized users  once authenticated must be able to logon to the Disputes System,"not about reliability, dependability, resilience","not about reliability, dependability, resilience",0.6372272372245789
The Disputes System shall generate a User Report that details any new users that have been added and any changes to an existing user’s access level.  The report will be reviewed for auditing purposes.,"not about reliability, dependability, resilience","not about reliability, dependability, resilience",0.5166577696800232
All additions of new users and modifications to user’s access shall be recorded on the User Report.,"not about reliability, dependability, resilience","not about reliability, dependability, resilience",0.6299267411231995
 If a user account is revoked  it can only be re-instantiated by the System Administrator.,"not about reliability, dependability, resilience","not about reliability, dependability, resilience",0.6625152826309204
Only the System Administrator shall be able to reset a revoked user logon account,"not about reliability, dependability, resilience","not about reliability, dependability, resilience",0.6764912009239197
The Disputes application shall manipulate and view business data. Users will not have direct access to data files or databases.,"not about reliability, dependability, resilience","not about reliability, dependability, resilience",0.6228355169296265
All updates to data files or database must be initiated from the Disputes System.,"not about reliability, dependability, resilience","not about reliability, dependability, resilience",0.6445091962814331
The Disputes application must conform to the legal requirements as specified by the Merchant Operating Regulations.,"not about reliability, dependability, resilience","not about reliability, dependability, resilience",0.6446806192398071
All business rules specified in the Disputes System shall be in compliance with the Merchant Operating Regulations.,"not about reliability, dependability, resilience","not about reliability, dependability, resilience",0.6401288509368896
The Disputes application must conform to the legal requirements as specified by Regulation E and Regulation Z that govern credit card disputes processing.,"not about reliability, dependability, resilience","not about reliability, dependability, resilience",0.6032052040100098
All business rules specified in the Disputes System shall be in compliance to the guidelines of Regulation E and Regulation Z.,"not about reliability, dependability, resilience","not about reliability, dependability, resilience",0.6021735072135925
The Disputes application must maintain a detailed history of every action that a user takes on a dispute case.  This ensures a complete audit trail if questions arise later on with regard to a particular dispute case.,"not about reliability, dependability, resilience","not about reliability, dependability, resilience",0.5196554064750671
All actions that modify an existing dispute case must be recorded in the case history.,"not about reliability, dependability, resilience","not about reliability, dependability, resilience",0.6083875894546509
The product must support Internet Explorer 5.5 and above.,"not about reliability, dependability, resilience","not about reliability, dependability, resilience",0.6790066957473755
The product must support Mozilla Firefox 1.0 and above.,"not about reliability, dependability, resilience","not about reliability, dependability, resilience",0.7131032347679138
The product shall interface with the Choice Parts System.  This provides the feed of recycled parts data.,"not about reliability, dependability, resilience","not about reliability, dependability, resilience",0.6634306311607361
The product shall run on the existing hardware for all environments.,"not about reliability, dependability, resilience","not about reliability, dependability, resilience",0.7184354066848755
The product shall adhere to the corporate Architecture guidelines,"not about reliability, dependability, resilience","reliability, dependability, resilience",0.7539538741111755
The product shall comply with corporate User Interface Guidelines,"not about reliability, dependability, resilience","reliability, dependability, resilience",0.8134632706642151
The product shall comply with corporate color scheme,"not about reliability, dependability, resilience","reliability, dependability, resilience",0.7945002317428589
The appearance of the product shall appear professional,"not about reliability, dependability, resilience","reliability, dependability, resilience",0.7427425384521484
The product shall be easy to use by Adjusters and Collision Estimators.  95% of Adjusters and Collision Estimators shall find the product easy to use.,"not about reliability, dependability, resilience","not about reliability, dependability, resilience",0.5420172810554504
The product shall increase productivity of Collision Estimators. 80% of the Collision Estimators shall agree their productivity has increase within 1 month of using the product.,"not about reliability, dependability, resilience","not about reliability, dependability, resilience",0.5829470157623291
Users shall feel satisfied using the product.  85% of all users will be satisfied with the product.,"not about reliability, dependability, resilience","not about reliability, dependability, resilience",0.6083831787109375
The product shall be easy to learn by Adjusters and Collision Estimators.  The product shall be learned with two days onsite training,"not about reliability, dependability, resilience","not about reliability, dependability, resilience",0.6230748295783997
The user shall easily locate instructions while using the product.  User help can be found within 90% of the system.,"not about reliability, dependability, resilience","not about reliability, dependability, resilience",0.5574081540107727
The search for recycled parts shall take no longer than 15 seconds.  The search results shall be returned in under 15 seconds.,"not about reliability, dependability, resilience","not about reliability, dependability, resilience",0.5850721597671509
The search for the preferred repair facility shall take no longer than 8 seconds.  The preferred repair facility is returned within 8 seconds,"not about reliability, dependability, resilience","not about reliability, dependability, resilience",0.6133015155792236
The recycled parts audit report shall be returned to the user within 10 seconds.  The audit report shall be returned within 10 seconds.,"not about reliability, dependability, resilience","not about reliability, dependability, resilience",0.5686502456665039
The preferred repair facility ratings shall be saved within 5 seconds. The save shall occur within 5 seconds.,"not about reliability, dependability, resilience","not about reliability, dependability, resilience",0.6093811988830566
The product shall adhere to the corporate online availability schedule.  The application is brought down only within 98% of the scheduled outages per the availability schedule.,"reliability, dependability, resilience","not about reliability, dependability, resilience",0.5678778290748596
The product shall achieve a 98% uptime. The product shall not fail more than 2% of the available online time.,"reliability, dependability, resilience","not about reliability, dependability, resilience",0.5780804753303528
The product shall be able to handle up to 1500 simultaneous users. The system shall perform with 1500 users as a time.,"not about reliability, dependability, resilience","not about reliability, dependability, resilience",0.5654826164245605
 The average number of recycled parts records per day shall be 50 000.,"not about reliability, dependability, resilience","not about reliability, dependability, resilience",0.719852089881897
 The product shall be able to handle 10 000 concurrent users within 2 years of the initial launch.,"not about reliability, dependability, resilience","not about reliability, dependability, resilience",0.6119266152381897
 For estimators  the product shall be able to be operated in a repair facility during dirty and noisy conditions.,"not about reliability, dependability, resilience","not about reliability, dependability, resilience",0.591839611530304
The product shall interface with the ChoiceParts system once per day at approximately 1:00 AM.,"not about reliability, dependability, resilience","not about reliability, dependability, resilience",0.6712359189987183
The maintenance of the product will fall within the established corporate maintenance windows.,"not about reliability, dependability, resilience","not about reliability, dependability, resilience",0.6954617500305176
The product shall be supported using the corporate support center.,"not about reliability, dependability, resilience","not about reliability, dependability, resilience",0.6770241260528564
Product installations and upgrades shall be handled by the middleware technology team within established launch time frames.,"not about reliability, dependability, resilience","not about reliability, dependability, resilience",0.6608098745346069
Only adjusters can request recycled parts audit reports. No users without an adjuster role shall request recycled parts audits.,"not about reliability, dependability, resilience","not about reliability, dependability, resilience",0.6113631129264832
Only adjusters with a supervisor role can update preferred repair facility ratings. Users without the supervisor role cannot access the repair facility ratings.,"not about reliability, dependability, resilience","not about reliability, dependability, resilience",0.601981520652771
Only collision estimators shall search for recycled parts.  Users without the collision estimator role shall not have access to the search for recycled parts.,"not about reliability, dependability, resilience","not about reliability, dependability, resilience",0.6029289364814758
Only valid data shall be entered into the system.  No invalid data shall be entered into the system.,"not about reliability, dependability, resilience","not about reliability, dependability, resilience",0.6307528614997864
One insurance company shall not be able to view another insurance companys claim data.,"not about reliability, dependability, resilience","not about reliability, dependability, resilience",0.6834659576416016
The product shall free of computer viruses.,"not about reliability, dependability, resilience","reliability, dependability, resilience",0.7570832967758179
The system shall prevent malicious attacks including denial of service.,"not about reliability, dependability, resilience","not about reliability, dependability, resilience",0.7981993556022644
The product must comply with Sarbanes-Oxley.,"not about reliability, dependability, resilience","not about reliability, dependability, resilience",0.7518522143363953
The product shall comply with the estimatics laws relating to recycled parts usage.,"not about reliability, dependability, resilience","not about reliability, dependability, resilience",0.7342357635498047
The product shall comply with insurance regulations regarding claims processing.,"not about reliability, dependability, resilience","not about reliability, dependability, resilience",0.7962450981140137
 The product must work with most database management systems (DBMS) on the market  whether the DBMS is colocated with the product on the same machine or is located on a different machine on the computer network.,"not about reliability, dependability, resilience","not about reliability, dependability, resilience",0.5095943808555603
The product will function alongside server software on any operating system where the Java runtime can be installed.,"not about reliability, dependability, resilience","not about reliability, dependability, resilience",0.6298137903213501
The product will require collaboration with a database management system (DBMS).  The DBMS may be located on the same machine as the product or on a separate machine residing on the same computer network.,"not about reliability, dependability, resilience","not about reliability, dependability, resilience",0.5170241594314575
 The product must make use of web/application server technology.  Open source examples include Apache web server  Tomcat  and the JBoss application server.,"not about reliability, dependability, resilience","not about reliability, dependability, resilience",0.536323070526123
 A database management system such as Oracle  DB2  MySql or HSQL will need to be integrated with the product.,"not about reliability, dependability, resilience","not about reliability, dependability, resilience",0.6022852063179016
 The product’s Look and Feel shall be able to incorporate aspects of the customer’s organization such as logo  branding  and identity,"not about reliability, dependability, resilience","not about reliability, dependability, resilience",0.5984033346176147
The product shall have a conservative and professional appearance.,"not about reliability, dependability, resilience","reliability, dependability, resilience",0.695063054561615
The product shall make the users want to use it. 80% of the users surveyed report they are regularly using the product after the first 2 weeks post-launch.,"not about reliability, dependability, resilience","not about reliability, dependability, resilience",0.4803576171398163
The product shall be easy to use. 90% of users will be able to successfully reserve a conference room within 5 minutes of product use.,"not about reliability, dependability, resilience","not about reliability, dependability, resilience",0.49526289105415344
The product shall give users feedback when necessary. 80% of the users surveyed report that the product accurately confirms their actions.,"not about reliability, dependability, resilience","not about reliability, dependability, resilience",0.5734910368919373
The product shall allow the user to select a chosen language from one of the target market countries.,"not about reliability, dependability, resilience","not about reliability, dependability, resilience",0.6062807440757751
The product shall allow for customization of start page and views preferences.,"not about reliability, dependability, resilience","not about reliability, dependability, resilience",0.6608201265335083
 An employee will be able to successfully use the product within a few minutes.  After informally navigating the product for less than 15 minutes  users shall be able to successfully setup meetings and reserve conference rooms.,"not about reliability, dependability, resilience","not about reliability, dependability, resilience",0.5079826712608337
The product shall use a standard navigation menu familiar to most web users.,"not about reliability, dependability, resilience","not about reliability, dependability, resilience",0.6371393799781799
The product shall allow for intuitive searching of available conference rooms.,"not about reliability, dependability, resilience","not about reliability, dependability, resilience",0.704512357711792
The product shall conform to the Americans with Disabilities Act.,"not about reliability, dependability, resilience","not about reliability, dependability, resilience",0.7480698823928833
The response shall be fast enough to avoid interrupting the user’s flow of thought.  90% of tasks shall complete within 5 seconds.  98% of tasks shall complete within 8 seconds.,"not about reliability, dependability, resilience","not about reliability, dependability, resilience",0.49642449617385864
 Aside from server failure  the software product shall achieve 99.99% up time.,"reliability, dependability, resilience","not about reliability, dependability, resilience",0.7192477583885193
The product shall create an exception log of problems encountered within the product for transmission to our company for analysis and resolution.,"not about reliability, dependability, resilience","not about reliability, dependability, resilience",0.5708705186843872
 The product shall be capable of handling up to 1 000 concurrent requests.  This number will increase to 2 000 by Release 2.  The concurrency capacity must be able to handle peak scheduling times such as early morning and late afternoon hours.,"not about reliability, dependability, resilience","not about reliability, dependability, resilience",0.515187680721283
 The product shall be able to process 10 000 transactions per hour within two years of its launch.  This number will increase to 20 000 by Release 2.,"not about reliability, dependability, resilience","not about reliability, dependability, resilience",0.5600348711013794
The product shall be expected to operate for at least 5 years for each customer installation.,"not about reliability, dependability, resilience","not about reliability, dependability, resilience",0.5854350328445435
The product shall be used in office environments.,"not about reliability, dependability, resilience","reliability, dependability, resilience",0.698644757270813
The product must be able to interface with any HTML browser.  The product shall transmit data between the user and the product without problems. The product shall display HTML properly in 80% of all HTML browsers tested (minimum is to test 8 browsers).,"not about reliability, dependability, resilience","not about reliability, dependability, resilience",0.5019794702529907
The product must be able to interface with various database management systems. The product shall communicate successfully with the database management system on 100% of all transactions.,"not about reliability, dependability, resilience","not about reliability, dependability, resilience",0.5580632090568542
The product must be able to interface with various email servers. The product shall be able to send email.,"not about reliability, dependability, resilience","not about reliability, dependability, resilience",0.5083732604980469
The product shall be available for distribution via the Internet as a binary or ZIP file.,"not about reliability, dependability, resilience","not about reliability, dependability, resilience",0.6635781526565552
The product shall be available for distribution as a packaged CD.,"not about reliability, dependability, resilience","not about reliability, dependability, resilience",0.6994225978851318
 The product will be available for licensing as a one-server  two-five servers  or five-or-more servers license.,"not about reliability, dependability, resilience","not about reliability, dependability, resilience",0.5778501629829407
A new user must be able to be added to the system within 10 minutes.  90% of new users are able to log into the system within 10 minutes.,"not about reliability, dependability, resilience","not about reliability, dependability, resilience",0.43311023712158203
The product must be designed using Design Patterns and coding best practices.  90% of maintenance software developers are able to integrate new functionality into the product with 2 working days.,"not about reliability, dependability, resilience","not about reliability, dependability, resilience",0.5403491854667664
The product must be highly configurable for use with various database management systems for the end users.  80% of end users are able to integrate new database management systems with the product without changing the product’s software code.,"not about reliability, dependability, resilience","not about reliability, dependability, resilience",0.5130793452262878
Maintenance releases will be offered to customers once a year.  The releases shall take no longer than 5 minutes for 80% of the customer base to install.,"not about reliability, dependability, resilience","not about reliability, dependability, resilience",0.5449122786521912
Every registered user will have access to the product’s support site via the Internet.  70% of registered users shall find a solution to their problem within 5 minutes of using the support site.,"not about reliability, dependability, resilience","not about reliability, dependability, resilience",0.49351778626441956
The customer shall be able to easily integrate new building maps with the product throughout the product’s lifecycle.  Integration of new maps with the product shall be possible with little to no support from product support staff.,"not about reliability, dependability, resilience","not about reliability, dependability, resilience",0.49232804775238037
 The product shall be translated into foreign languages other than the target market countries’ languages in future releases.  For each emerging target market  it shall take no more than 5 days to configure the product for that market’s language.,"not about reliability, dependability, resilience","not about reliability, dependability, resilience",0.5065872073173523
 The product is expected to integrate with multiple database management systems.  The product will operate with Oracle  SQL Server  DB2  MySQL  HSQL  and MS Access.,"not about reliability, dependability, resilience","not about reliability, dependability, resilience",0.5080819725990295
The product shall be able to be installed in any operating environment within 2 days.,"not about reliability, dependability, resilience","not about reliability, dependability, resilience",0.5812065005302429
The product shall ensure that only company employees or external users with company-approved user IDs may have product access.  100% of all logons shall be by either company employees or external users with company-approved user IDs.,"not about reliability, dependability, resilience","not about reliability, dependability, resilience",0.5012964606285095
Only managers are able to perform search queries for reservations by user.  100% of all search queries for reservations by user shall be from logons of only management logons.,"not about reliability, dependability, resilience","not about reliability, dependability, resilience",0.5258117318153381
The product shall ensure that the database’s data corresponds to the data entered by the user.  Each conference room reservation in the system will contain the same information as was entered by the user.,"not about reliability, dependability, resilience","not about reliability, dependability, resilience",0.5219265818595886
The product shall prevent the input of malicious data.  The product and/or adjacent hardware/software systems’ data shall remain 100% uncorrupted each time malicious data is input into the product.,"not about reliability, dependability, resilience","not about reliability, dependability, resilience",0.5200093388557434
The product and/or dependent databases/filesystems shall remain operational as a result of the input of malicious data.  The product and/or dependent databases/filesystems shall not crash 100% of the time that malicious data is input into the product.,"not about reliability, dependability, resilience","not about reliability, dependability, resilience",0.515335738658905
The product shall have the ability to receive automatic software updates as new threats emerge.  100% of customers will be able to receive automatic software updates transmitted to the installed product.,"not about reliability, dependability, resilience","not about reliability, dependability, resilience",0.48839208483695984
The language of the product shall accommodate all of the target market countries. 90% of survey respondents from each target market country will find that the language of the product is acceptable.,"not about reliability, dependability, resilience","not about reliability, dependability, resilience",0.5038741827011108
The product shall be able to display calendar dates and times according to the user’s locale.  90% of survey respondents from each target market country will find that the date and time formatting of the product is correct.,"not about reliability, dependability, resilience","not about reliability, dependability, resilience",0.4830537736415863
The product must be developed with the J2SE/J2EE programming language libraries,"not about reliability, dependability, resilience","not about reliability, dependability, resilience",0.6766007542610168
Recreation of Inventory Quantity Adjustment for the period of previous 30 days shall take no more than 30min.,"not about reliability, dependability, resilience","not about reliability, dependability, resilience",0.635209321975708
The System shall allow for a minimum of  6 users to work at the same time.,"not about reliability, dependability, resilience","not about reliability, dependability, resilience",0.6136258840560913
The System shall utilize currently owned computer equipment.,"not about reliability, dependability, resilience","reliability, dependability, resilience",0.7891168594360352
The System shall be able to automatically backup business data and restore them on demand.,"not about reliability, dependability, resilience","not about reliability, dependability, resilience",0.561080813407898
The System shall maintain consistent security.  Any changes in user passwords and/or permissions should take affect in all parts of the System.,"not about reliability, dependability, resilience","not about reliability, dependability, resilience",0.5627479553222656
The System shall granularly control access rights to all major subsystems.  It should be possible to assign access rights to all subsystems independently.,"not about reliability, dependability, resilience","not about reliability, dependability, resilience",0.5681046843528748
The System shall meet all applicable accounting standards.  The final version of the System must successfully pass independent audit performed by a certified auditor.,"not about reliability, dependability, resilience","not about reliability, dependability, resilience",0.5993162393569946
The System shall not require additional third party licenses resulting in royalty fees.,"not about reliability, dependability, resilience","not about reliability, dependability, resilience",0.7248420119285583
Administrator shall be able to activate a pre-paid card via the Administration section in under 5 seconds.,"not about reliability, dependability, resilience","not about reliability, dependability, resilience",0.5944482684135437
 Customer shall be able to check the status of their prepaid card  by entering in the PIN number  in under 5 seconds.,"not about reliability, dependability, resilience","not about reliability, dependability, resilience",0.565701425075531
System shall let customers register on the website as a “pay as you go” user in under 5 minutes.,"not about reliability, dependability, resilience","not about reliability, dependability, resilience",0.6067940592765808
System shall let customers register on the website as a “unlimited movie subscriber” user in under 10 minutes.,"not about reliability, dependability, resilience","not about reliability, dependability, resilience",0.6321896314620972
System shall let existing customers log into the website with their email address and password in under 5 seconds.,"not about reliability, dependability, resilience","not about reliability, dependability, resilience",0.5967338681221008
 System shall let customers cancel their account  process shall take no longer than 2 minutes.  Database will mark the account as inactive  and user will not be able to log into the website.,"not about reliability, dependability, resilience","not about reliability, dependability, resilience",0.5333092212677002
System shall let administrator de-activate a customer account in under 1 minute. Customer will no longer be able to access the website.,"not about reliability, dependability, resilience","not about reliability, dependability, resilience",0.5721821784973145
System shall let administrator add/remove movies on the website in under 5 minutes.  Entered movie information will be stored in the database and will now be available on the website.,"not about reliability, dependability, resilience","not about reliability, dependability, resilience",0.5224413871765137
System shall let the administrator add/remove categories on the website in under 5 minutes.,"not about reliability, dependability, resilience","not about reliability, dependability, resilience",0.6757540702819824
System shall let Izogn Manager access sales and usage statistics in under 2 minutes.,"not about reliability, dependability, resilience","not about reliability, dependability, resilience",0.6940746307373047
System shall let administrators generate unique pre-paid pins in under 2 minutes and generate an Excel file with the generated PINs.,"not about reliability, dependability, resilience","not about reliability, dependability, resilience",0.5934638977050781
The website shall be attractive to all audiences.  The website shall appear to be fun and the colors should be bright and vibrant.,"not about reliability, dependability, resilience","not about reliability, dependability, resilience",0.552578866481781
 The website should have an African feel  but should not alienate non-Africans.  The website should use animation on pages which are describing the services  to grab the users attention and encourage them to sign up.,"not about reliability, dependability, resilience","not about reliability, dependability, resilience",0.495046466588974
 The website design should be modern  clean  and concise.,"not about reliability, dependability, resilience","not about reliability, dependability, resilience",0.7376688122749329
The product should be able to be used by 90% of novice users on the Internet.,"not about reliability, dependability, resilience","not about reliability, dependability, resilience",0.5478818416595459
 Users should only have to navigate through a maximum of 4 pages  to create an account with the website.,"not about reliability, dependability, resilience","not about reliability, dependability, resilience",0.5335066318511963
Users should be able to access their streaming movies in under 2 clicks after logging into the website.,"not about reliability, dependability, resilience","not about reliability, dependability, resilience",0.5635982751846313
An anonymous survey will show that 70% of customers are comfortable purchasing streaming movies after 2 weeks using the website.,"not about reliability, dependability, resilience","not about reliability, dependability, resilience",0.5993015766143799
An anonymous survey will show that 95% of customers are comfortable using and purchasing pre-paid cards after a month of using the system.,"not about reliability, dependability, resilience","not about reliability, dependability, resilience",0.5493506193161011
The product shall retain the customer’s buying preferences and information.,"not about reliability, dependability, resilience","not about reliability, dependability, resilience",0.750303328037262
The product shall be easy for customers with novice skills on the  Internet to purchase and watch streaming movies.  Customers should be able to purchase and watch a pre-determined movie in under 3 minutes.,"not about reliability, dependability, resilience","not about reliability, dependability, resilience",0.48870885372161865
The product shall use symbols and words that are naturally understandable by users familiar with websites,"not about reliability, dependability, resilience","not about reliability, dependability, resilience",0.6801530122756958
The website will use standard Internet conventions when interacting with the user.,"not about reliability, dependability, resilience","not about reliability, dependability, resilience",0.7076502442359924
 Any interface between a user and the automated system shall have a maximum response time of 5 seconds  unless noted by an exception below.,"not about reliability, dependability, resilience","not about reliability, dependability, resilience",0.5876442193984985
 When purchasing a streaming movie or pre-paid card via credit card  the processing time should have a maximum response time of 15 seconds.,"not about reliability, dependability, resilience","not about reliability, dependability, resilience",0.5599378943443298
 When streaming a movie  the buffering time should take no longer than 10 seconds (plus any latency on the user’s connection.),"not about reliability, dependability, resilience","not about reliability, dependability, resilience",0.5966513752937317
 While streaming a movie  buffering should only occur if there is latency in the user’s connection.,"not about reliability, dependability, resilience","not about reliability, dependability, resilience",0.607906699180603
 All credit card information will be secured on the server  and only accessible by authorized Izogn administrators.  Information will be encrypted in the database.,"not about reliability, dependability, resilience","not about reliability, dependability, resilience",0.6126802563667297
 The website shall be available for use 24 hours per day  365 days per year.,"reliability, dependability, resilience","not about reliability, dependability, resilience",0.6932574510574341
The website shall achieve 99.5% up time.,"reliability, dependability, resilience","not about reliability, dependability, resilience",0.7322894334793091
 All movies shall be streamed on demand  at any time of the day.,"reliability, dependability, resilience","not about reliability, dependability, resilience",0.6868579387664795
The website shall continue to operate if the streaming server goes down.,"not about reliability, dependability, resilience","not about reliability, dependability, resilience",0.6602340936660767
The website shall continue to operate if the payment gateway goes down.,"not about reliability, dependability, resilience","not about reliability, dependability, resilience",0.6949397325515747
The streaming server will support 50 simultaneous streaming connections.,"not about reliability, dependability, resilience","reliability, dependability, resilience",0.686461329460144
The streaming server will support a maximum of 700 movies  new servers can be added to support more movies.,"not about reliability, dependability, resilience","not about reliability, dependability, resilience",0.5913706421852112
 The server will support a maximum of 1 000 simultaneous users.,"not about reliability, dependability, resilience","reliability, dependability, resilience",0.6849001049995422
 The website shall be capable of supporting 100 000 customers.,"not about reliability, dependability, resilience","not about reliability, dependability, resilience",0.7266554832458496
The product shall be expected to operate within the maximum maintenance budget for a minimum of 2 years.,"not about reliability, dependability, resilience","not about reliability, dependability, resilience",0.6510769128799438
All aspects of the website shall be accessed by a web browser over the Internet.,"not about reliability, dependability, resilience","not about reliability, dependability, resilience",0.6469628810882568
The same hardware supporting the current website will be used to support the new system.,"not about reliability, dependability, resilience","not about reliability, dependability, resilience",0.5676596164703369
 We must be able to interface with the following browsers: IE 5.X  6.0  Netscape 6.x  7.x  8.x and Firefox 1.0.,"not about reliability, dependability, resilience","not about reliability, dependability, resilience",0.5098803639411926
Website must interface with the CyberSource API to process credit card transactions.,"not about reliability, dependability, resilience","not about reliability, dependability, resilience",0.7011487483978271
Website must be fully operational with MSN TV2.,"not about reliability, dependability, resilience","not about reliability, dependability, resilience",0.7164618968963623
Movies shall be encoded and streamed via Windows Media Player 9.0.,"not about reliability, dependability, resilience","not about reliability, dependability, resilience",0.715775728225708
Movies shall be encoded for 56k and 256k streams.,"not about reliability, dependability, resilience","not about reliability, dependability, resilience",0.7352020740509033
Promotional updates to the website should take a day to update.,"not about reliability, dependability, resilience","not about reliability, dependability, resilience",0.5697490572929382
Izogn Administrator must be able to update the category listings on the website within 2 minutes.,"not about reliability, dependability, resilience","not about reliability, dependability, resilience",0.5926927924156189
Izogn Administrator must be able to add new products to the website within 2 minutes.,"not about reliability, dependability, resilience","not about reliability, dependability, resilience",0.5600122809410095
The system will provide a 24 hour 800 toll free number for support to its customers.,"reliability, dependability, resilience","not about reliability, dependability, resilience",0.5958187580108643
The website will provide a help section with answers and solutions to common problems.,"not about reliability, dependability, resilience","not about reliability, dependability, resilience",0.5916644930839539
 Velkat staff will be available for phone support between 7am-7pm  M-F to provide technical support to the Izogn administrators.,"reliability, dependability, resilience","not about reliability, dependability, resilience",0.5752488374710083
The product shall be able to be installed in the specified environment within 1 working day.,"not about reliability, dependability, resilience","not about reliability, dependability, resilience",0.5762689113616943
Only registered customers can purchase streaming movies.,"not about reliability, dependability, resilience","reliability, dependability, resilience",0.6339625120162964
 A customer can only stream a movie if they purchased it  and are within the 2 day viewing period.,"not about reliability, dependability, resilience","not about reliability, dependability, resilience",0.5599607229232788
Only authorized personnel can access customer records in the database.,"not about reliability, dependability, resilience","reliability, dependability, resilience",0.695244312286377
Only administrators can activate a pre-paid card.,"not about reliability, dependability, resilience","reliability, dependability, resilience",0.6751348972320557
Only authorized personnel can access sales information.,"not about reliability, dependability, resilience","reliability, dependability, resilience",0.6223602890968323
The website shall prevent its data from being corrupted when incorrect data is entered in.,"not about reliability, dependability, resilience","not about reliability, dependability, resilience",0.654121994972229
 The website shall protect itself from intentional abuse  and notify the administrator at all occurrences.,"not about reliability, dependability, resilience","not about reliability, dependability, resilience",0.6819751858711243
Data integrity scripts will be run on a weekly basis to verify the integrity of the database.,"not about reliability, dependability, resilience","not about reliability, dependability, resilience",0.6364263296127319
 The website shall make its user aware of its information practices before collection data from them via a Privacy Policy  accessible on all pages of the website.,"not about reliability, dependability, resilience","not about reliability, dependability, resilience",0.5476804971694946
The system shall notify customers of changes to its information policy.,"not about reliability, dependability, resilience","not about reliability, dependability, resilience",0.6354467868804932
The system shall reveal private information only in compliance with the organization’s information policy.,"not about reliability, dependability, resilience","not about reliability, dependability, resilience",0.6835037469863892
 All customer information will be stored on a secure database  accessible only to authorized personnel.,"not about reliability, dependability, resilience","not about reliability, dependability, resilience",0.6795046925544739
All credit card information will be encrypted in the database.,"not about reliability, dependability, resilience","not about reliability, dependability, resilience",0.649768590927124
The streaming server will have anti-virus software to prevent infection of malicious viruses.,"not about reliability, dependability, resilience","not about reliability, dependability, resilience",0.6667230129241943
The website should cater to all tribes in Nigeria.,"not about reliability, dependability, resilience","reliability, dependability, resilience",0.6713017225265503
The website shall not be offensive to religious or ethnic groups.,"not about reliability, dependability, resilience","not about reliability, dependability, resilience",0.6923896074295044
 The website should appeal to all Africans  not only Nigerians.,"not about reliability, dependability, resilience","not about reliability, dependability, resilience",0.7261512279510498
The website should use Flash to provide animation on the home page.,"not about reliability, dependability, resilience","not about reliability, dependability, resilience",0.638378918170929
IzognMovies shall meet the licensing requirements set forth by the appropriate organizations in order to stream African movies.,"not about reliability, dependability, resilience","not about reliability, dependability, resilience",0.621680736541748
The website will comply with W3C standards.,"not about reliability, dependability, resilience","not about reliability, dependability, resilience",0.7166164517402649
The PHP code will comply with PEAR standards.,"not about reliability, dependability, resilience","not about reliability, dependability, resilience",0.7945135235786438
Total lead cycle time must be completed in 5 minutes for 90% of lead volume between the business hours of 8AM CST to 8PM CST  then 3 minutes for 99% of lead volume during off business hours.,"not about reliability, dependability, resilience","not about reliability, dependability, resilience",0.49549588561058044
No lead evaluation will complete in a time period longer than 25 seconds for 97% of all leads processed.,"not about reliability, dependability, resilience","not about reliability, dependability, resilience",0.6343575716018677
For leads that process longer than 25 seconds the system will record the event and duration,"not about reliability, dependability, resilience","not about reliability, dependability, resilience",0.6343500018119812
The process must fit within the processing time conditions set forth by the Auto Rep Assignment process in which a lead is assigned within 3 minutes of the total life cycle.,"not about reliability, dependability, resilience","not about reliability, dependability, resilience",0.5473767518997192
The lead washing process will operate within the established physical web service structure.,"not about reliability, dependability, resilience","not about reliability, dependability, resilience",0.7472089529037476
 The washing process must use a non binding  neutral data format  such as xml  when receiving and processing lead data.,"not about reliability, dependability, resilience","not about reliability, dependability, resilience",0.5930769443511963
Defect reports will be available to technical units on a 24x7 basis.,"reliability, dependability, resilience","not about reliability, dependability, resilience",0.6629192233085632
Washing parameters will be updated during scheduled maintenance hours.,"not about reliability, dependability, resilience","not about reliability, dependability, resilience",0.7321680784225464
The product shall simulate the look of ships at sea.,"not about reliability, dependability, resilience","reliability, dependability, resilience",0.774239182472229
The product shall display the grids within a circle as a view from a periscope.,"not about reliability, dependability, resilience","not about reliability, dependability, resilience",0.6659452319145203
The product shall display each type of ship in a grid using an image of the specific type of ship.,"not about reliability, dependability, resilience","not about reliability, dependability, resilience",0.5492861270904541
 When the offensive player takes a shot  the product shall simulate the sound of a ship at sea.,"not about reliability, dependability, resilience","not about reliability, dependability, resilience",0.6256769895553589
 When a shot is marked as a miss  the product shall simulate the sound of a shot missing its target.,"not about reliability, dependability, resilience","not about reliability, dependability, resilience",0.5988994240760803
 When a shot is marked as a hit  the product shall simulate the sound of a shot hitting its target.,"not about reliability, dependability, resilience","not about reliability, dependability, resilience",0.6093804836273193
 When a ship is sunk  the product shall simulate the sound of a sinking ship.,"not about reliability, dependability, resilience","not about reliability, dependability, resilience",0.653792142868042
 The product shall be available 24 hours per day  seven days per week.,"reliability, dependability, resilience","not about reliability, dependability, resilience",0.7359116077423096
The product shall able to handle a large number of games simultaneously.,"not about reliability, dependability, resilience","not about reliability, dependability, resilience",0.6341803073883057
The response time shall be fast enough to maintain the flow of the game.  The response time shall be no more than 2 seconds for 95% of responses and no more than 4% for the remaining responses.,"not about reliability, dependability, resilience","not about reliability, dependability, resilience",0.48662251234054565
The product shall protect the identity of the players. The product shall provide players no access to information that might reveal the identity of another player.,"not about reliability, dependability, resilience","not about reliability, dependability, resilience",0.5718057751655579
The product shall be intuitive and self-explanatory.  Nine out ten users shall be able to successfully complete a game with no training.,"not about reliability, dependability, resilience","not about reliability, dependability, resilience",0.5847569108009338
 The product shall be available to players who understand English  Spanish and French.  The product shall allow the user to select the language upon accessing the product.,"not about reliability, dependability, resilience","not about reliability, dependability, resilience",0.543061375617981
The product shall provide players no access to information that might reveal the identity of another player,"not about reliability, dependability, resilience","not about reliability, dependability, resilience",0.6196818351745605
The response time shall be fast enough to maintain the flow of the game. The response time shall be no more than 2 seconds for 95% of responses and no more than 4% for the remaining responses.,"not about reliability, dependability, resilience","not about reliability, dependability, resilience",0.4850822687149048
The system shall be easy to use by callers and supervisors. Callers and supervisors must be able to accomplish any system task within 2 minutes.,"not about reliability, dependability, resilience","not about reliability, dependability, resilience",0.5122777819633484
The system shall be easy to learn by callers and supervisors. Callers and supervisors shall learn how to use the system within 10 minutes.,"not about reliability, dependability, resilience","not about reliability, dependability, resilience",0.542499303817749
 The system shall be responsive. At the DePaul TeleServices Center  when a supervisor uses the system to view a callers schedule  the system response time must be no more than 2 seconds 90% of the time and no more than 5 seconds the rest of the time.,"not about reliability, dependability, resilience","not about reliability, dependability, resilience",0.47573140263557434
 On a 56k connection  the system response time for all operations must be no more than 6 seconds 90% of the time.,"not about reliability, dependability, resilience","not about reliability, dependability, resilience",0.5452917814254761
 On a 112k connection or faster  the system response time for all operations must be no more than 3 seconds 90% of the time.,"not about reliability, dependability, resilience","not about reliability, dependability, resilience",0.497144877910614
The system shall have high availability every day of the year.The system must be available for use between 12:00AM and 6:00PM all days of the year.,"reliability, dependability, resilience","not about reliability, dependability, resilience",0.5112404227256775
The system must be available for use between 7:00AM and 11:59PM all days of the year.,"reliability, dependability, resilience","not about reliability, dependability, resilience",0.5594765543937683
The product shall be internet browser independent.The product must run using Internet Explorer and Netscape Navigator.,"not about reliability, dependability, resilience","not about reliability, dependability, resilience",0.6785681247711182
The product shall ensure that only supervisors can advertise empty time slots.The product must ensure that supervisors are allowed to access advertise empty time slots.,"not about reliability, dependability, resilience","not about reliability, dependability, resilience",0.5639563798904419
The product shall ensure that only supervisors can enter a caller’s schedule.The product must ensure that supervisors are allowed to access advertise empty time slots.,"not about reliability, dependability, resilience","not about reliability, dependability, resilience",0.5465635657310486
The product shall ensure that only supervisors can view schedule of all callers.The product must ensure that supervisors are allowed to access advertise empty time slots.,"not about reliability, dependability, resilience","not about reliability, dependability, resilience",0.5484418272972107
 The interface shall have a simple look. In the interface and usability survey  90% of beta testers must report that the interface is adequately simple.,"not about reliability, dependability, resilience","not about reliability, dependability, resilience",0.5523360371589661
 The interface shall be appealing to callers and supervisors. In the interface and usability survey  80% of beta testers must report that the interface is appealing.,"not about reliability, dependability, resilience","not about reliability, dependability, resilience",0.5572311282157898
The product shall provide GUI based Monitoring Services.System Administrators shall monitor message exchanges will predict and determine problems and will also provide internal and external support.,"not about reliability, dependability, resilience","not about reliability, dependability, resilience",0.5927976965904236
The product shall comply with City of Chicago Application Development Guide Framework.Application Development Framework will provide structured Graphical User Interface.,"not about reliability, dependability, resilience","not about reliability, dependability, resilience",0.587996780872345
The product shall provide Monitoring Services.The product shall be easy for System Administrators and DBAs to use after two weeks of usage.,"not about reliability, dependability, resilience","not about reliability, dependability, resilience",0.5888140201568604
The product shall provide Error Tracking Services.The product shall help the System Administrators and DBAs to resolve transaction errors 99% of the time.,"not about reliability, dependability, resilience","not about reliability, dependability, resilience",0.6063343286514282
The product shall provide Portals.The product shall help System Administrators to analyze the transactions with ad-hoc reporting and KPIs (Key Performance Indicators),"not about reliability, dependability, resilience","not about reliability, dependability, resilience",0.5859774947166443
The product shall provide Asynchronous Messaging.The product shall provide asynchronous messaging to enable parallel processing and reduce the overhead in communications,"not about reliability, dependability, resilience","not about reliability, dependability, resilience",0.6229637265205383
The product shall provide Multi-threading and Load Balancing.The product shall provide multi-threading technology as well as load balancing to overcome data load spikes and traffic.,"not about reliability, dependability, resilience","not about reliability, dependability, resilience",0.5616025328636169
The product shall process messages within 2 seconds.The product shall have a maximum message processing time of 2 seconds,"not about reliability, dependability, resilience","not about reliability, dependability, resilience",0.6429531574249268
The product shall poll the system for messages every second.The product shall poll the system for new messages at a maximum of every 1 second.,"not about reliability, dependability, resilience","not about reliability, dependability, resilience",0.5685388445854187
The product shall provide Dynamic Change Support and Transparent resource addition.The product shall support Transparent Resource addition and Dynamic Change support to provide scalability and avoid service interruptions of more than 1 day.,"not about reliability, dependability, resilience","not about reliability, dependability, resilience",0.5318886637687683
The product shall be available 99% of the time. Rationale: To avoid service interruption during busiest customer service response periods. The product shall be available 99.99% of the time for regular business days.,"reliability, dependability, resilience","not about reliability, dependability, resilience",0.5447684526443481
The product shall be robust.The product shall have fault avoidance based on standards adoption.,"not about reliability, dependability, resilience","not about reliability, dependability, resilience",0.6835466623306274
The product shall be robust with fault tolerance.The product shall have fault tolerance by using recovery technique compensatory transaction and routing around failures.,"not about reliability, dependability, resilience","not about reliability, dependability, resilience",0.6100741028785706
The product shall be able to process all transactions.The product shall process minimum of 1 million transactions per year.,"not about reliability, dependability, resilience","not about reliability, dependability, resilience",0.6255587935447693
The product shall be platform independent.The product shall enable access to any type of development environment and platform.,"not about reliability, dependability, resilience","not about reliability, dependability, resilience",0.599524736404419
The product shall interface CSR and Datastream.The product shall exchange messages between CSR and EAM on a real time basis without any direct interfaces between two systems.,"not about reliability, dependability, resilience","not about reliability, dependability, resilience",0.5571169853210449
 : The product shall continue to operate during upgrade  change or new resource addition.The product shall be able to continue to operate with no interruption in service due to new resource additions.,"not about reliability, dependability, resilience","not about reliability, dependability, resilience",0.5260334014892578
The product shall be updated on a regular basis.The product will have a new major feature introduced every six months and quarterly maintenance releases every six months.,"not about reliability, dependability, resilience","not about reliability, dependability, resilience",0.5660743117332458
The product shall operate with every platform.The product shall accommodate any new technology without any change in its architecture.,"not about reliability, dependability, resilience","not about reliability, dependability, resilience",0.6524867415428162
 The product shall have security.The product shall provide authentication  and authorization.,"not about reliability, dependability, resilience","not about reliability, dependability, resilience",0.6854075789451599
The product shall information Security. The product shall enable privacy by encryption WS-Security and Integrity Checking.,"not about reliability, dependability, resilience","not about reliability, dependability, resilience",0.6493220329284668
The product shall have audit capabilities.The product shall store messages for a minimum of one year for audit and transaction tracking purposes.,"not about reliability, dependability, resilience","not about reliability, dependability, resilience",0.5857373476028442
The system shall use IBM and CCR branding standards. The interface must have one IBM logo and one CCR logo.,"not about reliability, dependability, resilience","not about reliability, dependability, resilience",0.6280553340911865
The system shall be displayable on any work computer a CCR user may have. The system interface shall be formatted to display at 800 by 600 pixel resolution.,"not about reliability, dependability, resilience","not about reliability, dependability, resilience",0.540123462677002
The system interface will use CCR nomenclature. The system must use the same nomenclature used in the existing WCS system and reports,"not about reliability, dependability, resilience","not about reliability, dependability, resilience",0.5997427701950073
The interface must summarize the data in a fashion that’s appealing to CCR management. Every report type must have at least one high level summary shown in the results dashboard/interface,"not about reliability, dependability, resilience","not about reliability, dependability, resilience",0.5536236763000488
The system must use a point and click interface. 100% of all selection and navigation functionality must be able to be activated/selected by either a mouse or a keyboard,"not about reliability, dependability, resilience","not about reliability, dependability, resilience",0.46644559502601624
The interface shall be easy to use. 90% of users should be able to successfully use the system to generate a report on their first use. The interface should adhere to IBM usability standards.,"not about reliability, dependability, resilience","not about reliability, dependability, resilience",0.46021217107772827
Rreports must be easy to generate. eports must be generated within one button click and exported within one button click (after selecting the report),"not about reliability, dependability, resilience","not about reliability, dependability, resilience",0.5387533903121948
A user shall be able to use the system without instruction after a short amount of time. After one use a user should understand and remember 90% of the system usage and navigation.,"not about reliability, dependability, resilience","not about reliability, dependability, resilience",0.4502350091934204
All CCR users shall receive training before the WCS system is deployed. One training session will be held for 100% of CCR users before system deployment (based on a CCR user being available),"not about reliability, dependability, resilience","not about reliability, dependability, resilience",0.5349245071411133
The WCS system shall use appropriate nomenclature and terminology as defined by the Corporate Community Grants organization. All interfaces and reports will undergo usability tests by CCR users.,"not about reliability, dependability, resilience","not about reliability, dependability, resilience",0.5554190874099731
The WCS system shall be available at all times as long as IBM’s internal intranet W3 is accessible. The WCS system will be available 95% of the time IBM’s internal intranet W3 is available.,"reliability, dependability, resilience","not about reliability, dependability, resilience",0.5053550004959106
The WCS system shall have the ability to connect other designated WCS databases currently not included in the system.,"not about reliability, dependability, resilience","not about reliability, dependability, resilience",0.6251742243766785
The WCS system shall have the ability to include data for regions outside the United States and be accessed by users outside of the United States if approved by CCR management.,"not about reliability, dependability, resilience","not about reliability, dependability, resilience",0.5327180624008179
The WCS system shall be run in a Windows environment. The WCS shall be accessed by users through the Internet on an IBM computer running a Windows 2000 or above operating system.,"not about reliability, dependability, resilience","not about reliability, dependability, resilience",0.5575559139251709
The Brio portion of the WCS system must be able to export files in spreadsheet form (Microsoft Excel and Lotus 1-2-3 formats).  Brio will provide buttons in the user interface that produce/export reports in .xls or .123 file formats.,"not about reliability, dependability, resilience","not about reliability, dependability, resilience",0.4587501585483551
The WCS system must run queries to the WCS databases once again (on a specified day) to update the available data available to CCR users. Queries must be made to external databases for data refresh once a week.,"not about reliability, dependability, resilience","not about reliability, dependability, resilience",0.5093696117401123
 All changes  updates  and additions to the WCS system shall be updated in the WCS Developer and WCS User Guides. Every change must be reflected in WCS system documentation,"not about reliability, dependability, resilience","not about reliability, dependability, resilience",0.5732028484344482
The system shall only be accessed by authorized Corporate Community Grants (CCR) employees. Users must be authenticated using their IBM intranet user name and password.,"not about reliability, dependability, resilience","not about reliability, dependability, resilience",0.5486961603164673
The WCS system shall not allow automatic logins by any user. Cookies containing WCS login information about a user will not be stored on a user’s computer.,"not about reliability, dependability, resilience","not about reliability, dependability, resilience",0.5738429427146912
Each team owner will need to use a username and password in order to be authenticated to reach the team owner’s page,"not about reliability, dependability, resilience","not about reliability, dependability, resilience",0.5252747535705566
The Commissioner will be the only authorized user per league to adjust league settings.,"not about reliability, dependability, resilience","not about reliability, dependability, resilience",0.6815980076789856
Each page shall contain a navigation menu which shows the index into which the current page is contained.,"not about reliability, dependability, resilience","not about reliability, dependability, resilience",0.6585245132446289
Each page shall contain a similar format with action items in one location and navigation buttons in a different location.,"not about reliability, dependability, resilience","not about reliability, dependability, resilience",0.5687801837921143
The message board shall contain the 5 most recently posted messages on the league page. The messages will contain up to the first 150 characters of the message.,"not about reliability, dependability, resilience","not about reliability, dependability, resilience",0.5172104239463806
;A new user shall be able to navigate through the league and team pages within 30 seconds of reaching the start-up page.,"not about reliability, dependability, resilience","not about reliability, dependability, resilience",0.565273642539978
Users shall be able to reach the ‘add’  ‘drop’  and ‘trade player’ pages with one click from the team owner’s page.,"not about reliability, dependability, resilience","not about reliability, dependability, resilience",0.5142660737037659
;Users shall be able to view at least 25 NFL player statistics and points on each page.,"not about reliability, dependability, resilience","not about reliability, dependability, resilience",0.5953335762023926
The application shall ask the user to confirm dropping a player or trading a player before performing the action.,"not about reliability, dependability, resilience","not about reliability, dependability, resilience",0.6037440896034241
The application shall be able to complete every user transaction within one fourth of a second of receiving the request over the network.,"not about reliability, dependability, resilience","not about reliability, dependability, resilience",0.539033055305481
The application shall have a downtime of at most 10 minutes per year.,"reliability, dependability, resilience","not about reliability, dependability, resilience",0.6738933324813843
The application shall run on a web application server.,"not about reliability, dependability, resilience","not about reliability, dependability, resilience",0.683539628982544
A primary database will be used to store cached data for active users.,"not about reliability, dependability, resilience","not about reliability, dependability, resilience",0.6427891850471497
A secondary database will be used to store historical statistics and data.,"not about reliability, dependability, resilience","not about reliability, dependability, resilience",0.64304518699646
Application updates shall occur between 3AM and 6 AM CST on Wednesday morning during the middle of the NFL season.,"not about reliability, dependability, resilience","not about reliability, dependability, resilience",0.6433577537536621
New System version releases shall be released at the beginning of each NFL season.,"not about reliability, dependability, resilience","not about reliability, dependability, resilience",0.6932077407836914
The RFS system should be available 24/7  especially during the budgeting period. The RFS system shall be available 90% of the time all year  and 98% during the budgeting period. 2% of the time  the system will become available within 1 hour of the time that the situation is reported.,"reliability, dependability, resilience","not about reliability, dependability, resilience",0.46681341528892517
98% of the user workstations shall meet the minimum hardware requirements prior to implementation. Minimum Hard Disk Space:  400MB.,"not about reliability, dependability, resilience","not about reliability, dependability, resilience",0.5751085877418518
98% of the user workstations shall meet the minimum software requirements prior to implementation: Microsoft Internet Explorer 5.0. Microsoft .NET Framework 1.1. Microsoft Internet Explorer Web Controls,"not about reliability, dependability, resilience","not about reliability, dependability, resilience",0.5396417379379272
The RFS system should be able to easily interface with the BDW environment  in order to load the data. •;7 data files shall be received from the BDW and loaded into the RFS system within 3 hours one day prior to the start of budgeting process  every year. The data will be as of October month-end. ;Test files (7) shall be loaded up to 5 times throughout the year  from the BDW.,"not about reliability, dependability, resilience","not about reliability, dependability, resilience",0.455116868019104
Changes to revenue and expense formulae must be applied to the RFS system  every year  prior to the budgeting process start. Revenue and expense formulae will be updated within one week of their receipt  after which 2 weeks will be allotted to testing of the budget calculations  to be conducted jointly by the project development team and PCG Finance.,"not about reliability, dependability, resilience","not about reliability, dependability, resilience",0.4645208716392517
New branches/complexes/districts/regions and revenue/expense accounts added to the BDW  must be reflected in the RFS system. 100% of the entities (mentioned above) available as of October month-end  will be loaded into the RFS system  prior to the budget start process.,"not about reliability, dependability, resilience","not about reliability, dependability, resilience",0.45175957679748535
Only authorized user shall access the RFS system. ONLY users that exist in the UAS system  with the RFS system assigned to their role(s)  shall access the RFS system and use it.,"not about reliability, dependability, resilience","not about reliability, dependability, resilience",0.5336104035377502
;User access should be limited to the permissions granted to their role(s) Each level in the PCG hierarchy will be assigned a role and users will be assigned to these roles. Access to functionality within RFS system is dependent on the privileges/permission assigned to the role..,"not about reliability, dependability, resilience","not about reliability, dependability, resilience",0.48972129821777344
The product must comply with the intranet page standards and requirements of ENET Securities. 95% of the product look & feel will be approved by the Architecture group  prior to implementation. The remaining 5% will be corrected and approved within one month of product release.,"not about reliability, dependability, resilience","not about reliability, dependability, resilience",0.4987795352935791
 The intranet pages should display appropriately in all resolutions  from 800x600 and higher. The display of all the pages will be correct in 95% of the resolutions  prior to implementation. The remaining 5% will be corrected within a week of notification of the incorrect display.,"not about reliability, dependability, resilience","not about reliability, dependability, resilience",0.47040557861328125
The users should be able to easily use the system to successfully complete their budgets  within the stipulated time for completion. With a week of training prior to product implementation  98% of the users shall complete their budgets within the stipulated time.,"not about reliability, dependability, resilience","not about reliability, dependability, resilience",0.49290144443511963
The product interface should be fast. The response time of the product interface should not exceed 2 seconds 90% of the time. For 10% of the time  the response time should not be more than 10 seconds.not be more than 10 seconds.,"not about reliability, dependability, resilience","not about reliability, dependability, resilience",0.43480172753334045
