Requirement text,Gold label,Predicated label,ZSL score
The system shall refresh the display every 60 seconds.,not about avaliable or timely achievable,avaliable or timely achievable,0.19035296142101288
The application shall match the color of the schema set forth by Department of Homeland Security,not about avaliable or timely achievable,avaliable or timely achievable,0.27201515436172485
 If projected  the data must be readable.  On a 10x10 projection screen  90% of viewers must be able to read Event / Activity data from a viewing distance of 30,not about avaliable or timely achievable,avaliable or timely achievable,0.2881133258342743
 The product shall be available during normal business hours. As long as the user has access to the client PC  the system will be available 99% of the time during the first six months of operation.,avaliable or timely achievable,avaliable or timely achievable,0.20921379327774048
 If projected  the data must be understandable. On a 10x10 projection screen  90% of viewers must be able to determine that Events or Activities are occuring in current time from a viewing distance of 100,not about avaliable or timely achievable,avaliable or timely achievable,0.37166833877563477
The product shall ensure that it can only be accessed by authorized users.  The product will be able to distinguish between authorized and unauthorized users in all access attempts,not about avaliable or timely achievable,avaliable or timely achievable,0.27054351568222046
The product shall be intuitive and self-explanatory.  :  90% of new users shall be able to start the display of Events or Activities within 90 minutes of using the product.,not about avaliable or timely achievable,avaliable or timely achievable,0.3986959755420685
The product shall respond fast to keep up-to-date data in the display.,not about avaliable or timely achievable,avaliable or timely achievable,0.41900211572647095
The look and feel of the system shall conform to the user interface standards of the smart device.,not about avaliable or timely achievable,avaliable or timely achievable,0.3020506203174591
 The user interface shall have standard menus  buttons for navigation,not about avaliable or timely achievable,avaliable or timely achievable,0.3330952525138855
The system shall have a professional appearance,not about avaliable or timely achievable,avaliable or timely achievable,0.4554351568222046
The product shall have a consistent color scheme and fonts.,not about avaliable or timely achievable,avaliable or timely achievable,0.4027394950389862
The system shall be used by realtors with no training.,not about avaliable or timely achievable,not about avaliable or timely achievable,0.2170649915933609
The system shall be intuitive and self explanatory.,not about avaliable or timely achievable,avaliable or timely achievable,0.47954314947128296
The product shall be easy for a realtor to learn.,not about avaliable or timely achievable,avaliable or timely achievable,0.3310829699039459
The product shall use symbols and words that are naturally understandable by the realtor community.,not about avaliable or timely achievable,avaliable or timely achievable,0.34114527702331543
The product shall produce search results in an acceptable time,not about avaliable or timely achievable,avaliable or timely achievable,0.41239017248153687
The search results shall be returned no later 30      seconds  after the user has entered the search criteria,not about avaliable or timely achievable,avaliable or timely achievable,0.08903303742408752
The product shall generate a CMA report in an acceptable time.,not about avaliable or timely achievable,avaliable or timely achievable,0.339424192905426
The CMA report shall be returned no later 60 seconds after the user has entered the CMA report criteria.,not about avaliable or timely achievable,avaliable or timely achievable,0.11008920520544052
The product shall synchronize contacts and appointments in an acceptable time.,not about avaliable or timely achievable,avaliable or timely achievable,0.35806429386138916
The product shall synchronize with the office system every hour.,not about avaliable or timely achievable,avaliable or timely achievable,0.14079239964485168
 The product shall be available for use 24 hours per day  365 days  per year,avaliable or timely achievable,avaliable or timely achievable,0.26095783710479736
 Out of 1000 accesses to the system  the system is available 999 times.,avaliable or timely achievable,avaliable or timely achievable,0.2522319555282593
The product shall operate in offline mode whenever internet connection is unavailable.,not about avaliable or timely achievable,not about avaliable or timely achievable,0.16004739701747894
 The product shall allow the user to view previously downloaded search results  CMA reports  and appointments.,not about avaliable or timely achievable,avaliable or timely achievable,0.15674394369125366
The product shall retain user preferences in the event of a failure.,not about avaliable or timely achievable,avaliable or timely achievable,0.3788267970085144
100% of saved user preferences shall be restored when system comes back online.,not about avaliable or timely achievable,avaliable or timely achievable,0.24517257511615753
The product shall be able to support multiple remote users,not about avaliable or timely achievable,avaliable or timely achievable,0.2981942892074585
The product shall be able support 1000 simultaneous users.,not about avaliable or timely achievable,avaliable or timely achievable,0.29285308718681335
The product shall be capable of handling the existing 1000 users. This number is expected to grow 5 times within the next year.,not about avaliable or timely achievable,avaliable or timely achievable,0.15520653128623962
The product shall be installed by an untrained realtor   without recourse to separately-printed instructions.,not about avaliable or timely achievable,not about avaliable or timely achievable,0.23799993097782135
90% of untrained realtors shall be able to install the product on their device without printed instructions,not about avaliable or timely achievable,not about avaliable or timely achievable,0.18768638372421265
The product is expected to run on Windows CE and Palm operating systems.,not about avaliable or timely achievable,avaliable or timely achievable,0.1474635899066925
Only registered realtors shall be able to access the system.,not about avaliable or timely achievable,not about avaliable or timely achievable,0.16905109584331512
Every user of the system shall be authenticated and authorized.,not about avaliable or timely achievable,avaliable or timely achievable,0.44186022877693176
The product shall prevent its data from incorrect data being introduced.,not about avaliable or timely achievable,avaliable or timely achievable,0.3972160816192627
The system shall be easy to use by the Program Administrators/Nursing Staff Members.,not about avaliable or timely achievable,avaliable or timely achievable,0.48021185398101807
All of the users shall be able to use the system after one day of training.,not about avaliable or timely achievable,avaliable or timely achievable,0.09973162412643433
The system shall help the user avoid making mistakes while scheduling classes and clinicals for the nursing students.,not about avaliable or timely achievable,avaliable or timely achievable,0.17428527772426605
The number of mistakes noted by the students shall be decreased by 50% in the first year.,not about avaliable or timely achievable,not about avaliable or timely achievable,-0.0714917853474617
The system shall be intuitive to the Program Administrators/Nursing Staff Members.,not about avaliable or timely achievable,avaliable or timely achievable,0.4231190085411072
2 out of 3 Program Administrators/Nursing Staff Members shall successfully be able to use the system to manage the scheduling of classes and clinicals.,not about avaliable or timely achievable,avaliable or timely achievable,0.10706605017185211
The system shall use symbols and words that are naturally understandable by the user community.,not about avaliable or timely achievable,avaliable or timely achievable,0.36183276772499084
The verbiage used within the system shall be consistent with Standard English and the terminology of the national Nursing Community.,not about avaliable or timely achievable,avaliable or timely achievable,0.3945719301700592
Staff members shall be able to complete a set of tasks in a timely manner.,not about avaliable or timely achievable,avaliable or timely achievable,0.5296534895896912
The response time of general student management tasks shall take no longer than 5 seconds and the response time of schedule generation shall take no longer than 30 seconds.,not about avaliable or timely achievable,avaliable or timely achievable,0.0531834252178669
The system shall be available for use between the hours of 8am and 6pm.,avaliable or timely achievable,avaliable or timely achievable,0.17802628874778748
The system shall achieve 95% up time.,avaliable or timely achievable,avaliable or timely achievable,0.25571632385253906
system shall be able to handle all of the user requests/usage during business hours.,not about avaliable or timely achievable,avaliable or timely achievable,0.2719992697238922
The system shall cater to 10 simultaneous users from 9am to 5pm.,not about avaliable or timely achievable,avaliable or timely achievable,0.1764005720615387
The system shall be capable of processing 100% of nursing students and their classes for the next 10 years.,not about avaliable or timely achievable,avaliable or timely achievable,0.16835615038871765
The system shall be expected to manage the nursing program curriculum and class/clinical scheduling for a minimum of 5 years.,not about avaliable or timely achievable,avaliable or timely achievable,-0.0027754558250308037
The system shall able to operate within a business office environment typical of the Nursing Department at DePaul University.,not about avaliable or timely achievable,avaliable or timely achievable,0.22036588191986084
The system shall be used within the specifications defined by the computers used by the Program Administrators/Nursing Staff Members.,not about avaliable or timely achievable,avaliable or timely achievable,0.1607334166765213
The system shall operate within the Windows XP Professional operating system.,not about avaliable or timely achievable,avaliable or timely achievable,0.2409781962633133
The system shall interface with CampusConnect’s central server,not about avaliable or timely achievable,avaliable or timely achievable,0.17308847606182098
The system shall interface with the faculty central server.,not about avaliable or timely achievable,avaliable or timely achievable,0.11573965847492218
The system shall interface with the student master server.,not about avaliable or timely achievable,avaliable or timely achievable,-0.0021670134738087654
We must be able to interface with any HTML browser.,not about avaliable or timely achievable,avaliable or timely achievable,0.2023870050907135
Only authorized users shall have access to clinical site information.,not about avaliable or timely achievable,not about avaliable or timely achievable,0.1741088628768921
Program Administrators/Nursing Staff Members are the only people who shall have access to clinical site details.,not about avaliable or timely achievable,avaliable or timely achievable,0.15433767437934875
Only authorized users shall have access to students’ personal information.,not about avaliable or timely achievable,not about avaliable or timely achievable,0.06400620192289352
Dr Susan Poslusny and Dr Julie Donalek are the only people who shall have access to students’ personal information.,not about avaliable or timely achievable,not about avaliable or timely achievable,0.17450198531150818
Only authorized users shall have access to the portion of the system that interfaces with CampusConnect.,not about avaliable or timely achievable,not about avaliable or timely achievable,0.24353855848312378
Fit Criterion: Dr Susan Poslusny and Karen Sysol are the only people who shall have access to the final class section scheduling for the system that interfaces with CampusConnect.,not about avaliable or timely achievable,avaliable or timely achievable,0.1826477199792862
The system shall have basic data integrity checking to reduce the possibility of incorrect or invalid data being introduced.,not about avaliable or timely achievable,avaliable or timely achievable,0.36611858010292053
The system shall protect private information in accordance with the organization’s information policy.,not about avaliable or timely achievable,avaliable or timely achievable,0.2436852753162384
The system shall be built such that it is as secure as possible from malicious interference.,not about avaliable or timely achievable,avaliable or timely achievable,0.36501356959342957
The system shall use the organization’s standard virus protection software to help monitor threats to itself.,not about avaliable or timely achievable,avaliable or timely achievable,0.13047130405902863
The Disputes application shall comply with the corporate standards for user interface creation for internally and externally used applications.,not about avaliable or timely achievable,avaliable or timely achievable,0.33674073219299316
All screens created as part of the Disputes application must comply with corporate standards for interface creation.,not about avaliable or timely achievable,avaliable or timely achievable,0.24075588583946228
The list of dispute cases that are displayed after a search is performed must be color coded for easy identification of dispute cases based upon the dispute case status.,not about avaliable or timely achievable,avaliable or timely achievable,0.1284029334783554
100% of the cardmember and merchant services representatives shall use the Disputes application regularly after a 2-day training course.,not about avaliable or timely achievable,avaliable or timely achievable,0.007694551721215248
100% of cardmember services representatives shall be able to successfully create a dispute case on the first encounter after completing the training course.,not about avaliable or timely achievable,avaliable or timely achievable,0.17358039319515228
100% of merchant services representatives shall be able to successfully perform a follow up action on a dispute case on the first encounter after completing the training course.,not about avaliable or timely achievable,avaliable or timely achievable,0.17171640694141388
The maximum wait time for a user navigating from one screen to another within the Disputes application shall be no more than 5 seconds.,not about avaliable or timely achievable,not about avaliable or timely achievable,0.08758869767189026
The Disputes application shall support 350 concurrent users without any degradation of performance in the application.,not about avaliable or timely achievable,avaliable or timely achievable,0.3294200897216797
 The Disputes application shall be available 24x7x365  with the exception of the following scheduled maintenance windows.  Monday – Saturday 3:00am to 4:00am EST Sunday 1:00amd to 5:00am EST,not about avaliable or timely achievable,not about avaliable or timely achievable,0.21635183691978455
The Disputes application shall interface with the Statement Database. The Statement Database provides the transaction details to the Disputes System. All transaction details must be obtained from the Statement Database,not about avaliable or timely achievable,avaliable or timely achievable,0.17057402431964874
The Disputes application shall interface with the Cardmember Information Database.  The Cardmember Information Database provides detailed information with regard to a cardmember.  All cardmember detail information must be obtained from the Cardmember Information Database.,not about avaliable or timely achievable,not about avaliable or timely achievable,0.18912984430789948
The Disputes applications shall interface with the Merchant Information Database.  The Merchant Information Database provides detailed information with regard to the merchant. All merchant detail information shall be obtained from the Merchant Information Database.,not about avaliable or timely achievable,avaliable or timely achievable,0.11290886253118515
The Disputes application shall interface with the Letters application.  This will allow the Disputes application to request letters as part of the dispute initiation and dispute follow up process. All letter requests must be sent to the Print Letter Utility application.,not about avaliable or timely achievable,avaliable or timely achievable,0.1351555436849594
The Disputes application shall interface with the Cardmember Posting and Billing System.  This will allow the Disputes application to request adjustments to cardmember and merchant’s accounts. All adjustment requests must be sent to the Cardmember Posting and Billing System.,not about avaliable or timely achievable,avaliable or timely achievable,0.13469791412353516
The Disputes application shall ensure that only users with the appropriate access level are allowed to initiate dispute requests.,not about avaliable or timely achievable,not about avaliable or timely achievable,0.2865372598171234
Only users with Update access must be able to initiate dispute requests.,not about avaliable or timely achievable,not about avaliable or timely achievable,0.31567490100860596
The Disputes application shall ensure that only authorized users are allowed to logon to the application.,not about avaliable or timely achievable,not about avaliable or timely achievable,0.2490045130252838
 All authorized users  once authenticated must be able to logon to the Disputes System,not about avaliable or timely achievable,avaliable or timely achievable,0.2962254285812378
The Disputes System shall generate a User Report that details any new users that have been added and any changes to an existing user’s access level.  The report will be reviewed for auditing purposes.,not about avaliable or timely achievable,avaliable or timely achievable,0.11359250545501709
All additions of new users and modifications to user’s access shall be recorded on the User Report.,not about avaliable or timely achievable,avaliable or timely achievable,0.15052172541618347
 If a user account is revoked  it can only be re-instantiated by the System Administrator.,not about avaliable or timely achievable,not about avaliable or timely achievable,0.18820270895957947
Only the System Administrator shall be able to reset a revoked user logon account,not about avaliable or timely achievable,not about avaliable or timely achievable,0.04021936655044556
The Disputes application shall manipulate and view business data. Users will not have direct access to data files or databases.,not about avaliable or timely achievable,not about avaliable or timely achievable,0.19765041768550873
All updates to data files or database must be initiated from the Disputes System.,not about avaliable or timely achievable,avaliable or timely achievable,0.18216712772846222
The Disputes application must conform to the legal requirements as specified by the Merchant Operating Regulations.,not about avaliable or timely achievable,avaliable or timely achievable,0.313497394323349
All business rules specified in the Disputes System shall be in compliance with the Merchant Operating Regulations.,not about avaliable or timely achievable,avaliable or timely achievable,0.24542474746704102
The Disputes application must conform to the legal requirements as specified by Regulation E and Regulation Z that govern credit card disputes processing.,not about avaliable or timely achievable,avaliable or timely achievable,0.2906602919101715
All business rules specified in the Disputes System shall be in compliance to the guidelines of Regulation E and Regulation Z.,not about avaliable or timely achievable,avaliable or timely achievable,0.27343085408210754
The Disputes application must maintain a detailed history of every action that a user takes on a dispute case.  This ensures a complete audit trail if questions arise later on with regard to a particular dispute case.,not about avaliable or timely achievable,avaliable or timely achievable,0.32202011346817017
All actions that modify an existing dispute case must be recorded in the case history.,not about avaliable or timely achievable,avaliable or timely achievable,0.29936230182647705
The product must support Internet Explorer 5.5 and above.,not about avaliable or timely achievable,avaliable or timely achievable,0.13469114899635315
The product must support Mozilla Firefox 1.0 and above.,not about avaliable or timely achievable,avaliable or timely achievable,0.1242704689502716
The product shall interface with the Choice Parts System.  This provides the feed of recycled parts data.,not about avaliable or timely achievable,avaliable or timely achievable,0.08993712067604065
The product shall run on the existing hardware for all environments.,not about avaliable or timely achievable,avaliable or timely achievable,0.22712139785289764
The product shall adhere to the corporate Architecture guidelines,not about avaliable or timely achievable,avaliable or timely achievable,0.29965662956237793
The product shall comply with corporate User Interface Guidelines,not about avaliable or timely achievable,avaliable or timely achievable,0.3609870374202728
The product shall comply with corporate color scheme,not about avaliable or timely achievable,avaliable or timely achievable,0.37506893277168274
The appearance of the product shall appear professional,not about avaliable or timely achievable,avaliable or timely achievable,0.5376237034797668
The product shall be easy to use by Adjusters and Collision Estimators.  95% of Adjusters and Collision Estimators shall find the product easy to use.,not about avaliable or timely achievable,avaliable or timely achievable,0.4476543068885803
The product shall increase productivity of Collision Estimators. 80% of the Collision Estimators shall agree their productivity has increase within 1 month of using the product.,not about avaliable or timely achievable,avaliable or timely achievable,0.1501081883907318
Users shall feel satisfied using the product.  85% of all users will be satisfied with the product.,not about avaliable or timely achievable,avaliable or timely achievable,0.32968342304229736
The product shall be easy to learn by Adjusters and Collision Estimators.  The product shall be learned with two days onsite training,not about avaliable or timely achievable,avaliable or timely achievable,0.2195311039686203
The user shall easily locate instructions while using the product.  User help can be found within 90% of the system.,not about avaliable or timely achievable,avaliable or timely achievable,0.31508395075798035
The search for recycled parts shall take no longer than 15 seconds.  The search results shall be returned in under 15 seconds.,not about avaliable or timely achievable,avaliable or timely achievable,0.10461471974849701
The search for the preferred repair facility shall take no longer than 8 seconds.  The preferred repair facility is returned within 8 seconds,not about avaliable or timely achievable,avaliable or timely achievable,0.1610644906759262
The recycled parts audit report shall be returned to the user within 10 seconds.  The audit report shall be returned within 10 seconds.,not about avaliable or timely achievable,avaliable or timely achievable,0.1519065797328949
The preferred repair facility ratings shall be saved within 5 seconds. The save shall occur within 5 seconds.,not about avaliable or timely achievable,avaliable or timely achievable,0.12586311995983124
The product shall adhere to the corporate online availability schedule.  The application is brought down only within 98% of the scheduled outages per the availability schedule.,avaliable or timely achievable,avaliable or timely achievable,0.2728036940097809
The product shall achieve a 98% uptime. The product shall not fail more than 2% of the available online time.,avaliable or timely achievable,avaliable or timely achievable,0.242437481880188
The product shall be able to handle up to 1500 simultaneous users. The system shall perform with 1500 users as a time.,not about avaliable or timely achievable,avaliable or timely achievable,0.2385091483592987
 The average number of recycled parts records per day shall be 50 000.,not about avaliable or timely achievable,avaliable or timely achievable,0.03838885575532913
 The product shall be able to handle 10 000 concurrent users within 2 years of the initial launch.,not about avaliable or timely achievable,avaliable or timely achievable,0.11783535778522491
 For estimators  the product shall be able to be operated in a repair facility during dirty and noisy conditions.,not about avaliable or timely achievable,avaliable or timely achievable,0.2489555925130844
The product shall interface with the ChoiceParts system once per day at approximately 1:00 AM.,not about avaliable or timely achievable,avaliable or timely achievable,0.18998749554157257
The maintenance of the product will fall within the established corporate maintenance windows.,not about avaliable or timely achievable,avaliable or timely achievable,0.23944908380508423
The product shall be supported using the corporate support center.,not about avaliable or timely achievable,avaliable or timely achievable,0.27125656604766846
Product installations and upgrades shall be handled by the middleware technology team within established launch time frames.,not about avaliable or timely achievable,avaliable or timely achievable,0.144724041223526
Only adjusters can request recycled parts audit reports. No users without an adjuster role shall request recycled parts audits.,not about avaliable or timely achievable,not about avaliable or timely achievable,0.14834526181221008
Only adjusters with a supervisor role can update preferred repair facility ratings. Users without the supervisor role cannot access the repair facility ratings.,not about avaliable or timely achievable,not about avaliable or timely achievable,0.24092744290828705
Only collision estimators shall search for recycled parts.  Users without the collision estimator role shall not have access to the search for recycled parts.,not about avaliable or timely achievable,not about avaliable or timely achievable,0.16609904170036316
Only valid data shall be entered into the system.  No invalid data shall be entered into the system.,not about avaliable or timely achievable,avaliable or timely achievable,0.2772254943847656
One insurance company shall not be able to view another insurance companys claim data.,not about avaliable or timely achievable,not about avaliable or timely achievable,0.2694004774093628
The product shall free of computer viruses.,not about avaliable or timely achievable,avaliable or timely achievable,0.2913687229156494
The system shall prevent malicious attacks including denial of service.,not about avaliable or timely achievable,avaliable or timely achievable,0.272630900144577
The product must comply with Sarbanes-Oxley.,not about avaliable or timely achievable,avaliable or timely achievable,0.39814677834510803
The product shall comply with the estimatics laws relating to recycled parts usage.,not about avaliable or timely achievable,avaliable or timely achievable,0.33225753903388977
The product shall comply with insurance regulations regarding claims processing.,not about avaliable or timely achievable,avaliable or timely achievable,0.36961737275123596
 The product must work with most database management systems (DBMS) on the market  whether the DBMS is colocated with the product on the same machine or is located on a different machine on the computer network.,not about avaliable or timely achievable,avaliable or timely achievable,0.11406585574150085
The product will function alongside server software on any operating system where the Java runtime can be installed.,not about avaliable or timely achievable,avaliable or timely achievable,0.16806788742542267
The product will require collaboration with a database management system (DBMS).  The DBMS may be located on the same machine as the product or on a separate machine residing on the same computer network.,not about avaliable or timely achievable,avaliable or timely achievable,0.06623322516679764
 The product must make use of web/application server technology.  Open source examples include Apache web server  Tomcat  and the JBoss application server.,not about avaliable or timely achievable,avaliable or timely achievable,0.17008428275585175
 A database management system such as Oracle  DB2  MySql or HSQL will need to be integrated with the product.,not about avaliable or timely achievable,avaliable or timely achievable,0.15105479955673218
 The product’s Look and Feel shall be able to incorporate aspects of the customer’s organization such as logo  branding  and identity,not about avaliable or timely achievable,avaliable or timely achievable,0.24230633676052094
The product shall have a conservative and professional appearance.,not about avaliable or timely achievable,avaliable or timely achievable,0.45116788148880005
The product shall make the users want to use it. 80% of the users surveyed report they are regularly using the product after the first 2 weeks post-launch.,not about avaliable or timely achievable,avaliable or timely achievable,0.0847497507929802
The product shall be easy to use. 90% of users will be able to successfully reserve a conference room within 5 minutes of product use.,not about avaliable or timely achievable,avaliable or timely achievable,0.2651074230670929
The product shall give users feedback when necessary. 80% of the users surveyed report that the product accurately confirms their actions.,not about avaliable or timely achievable,avaliable or timely achievable,0.3754240572452545
The product shall allow the user to select a chosen language from one of the target market countries.,not about avaliable or timely achievable,avaliable or timely achievable,0.15453562140464783
The product shall allow for customization of start page and views preferences.,not about avaliable or timely achievable,avaliable or timely achievable,0.21679210662841797
 An employee will be able to successfully use the product within a few minutes.  After informally navigating the product for less than 15 minutes  users shall be able to successfully setup meetings and reserve conference rooms.,not about avaliable or timely achievable,avaliable or timely achievable,0.18910451233386993
The product shall use a standard navigation menu familiar to most web users.,not about avaliable or timely achievable,avaliable or timely achievable,0.25197330117225647
The product shall allow for intuitive searching of available conference rooms.,not about avaliable or timely achievable,avaliable or timely achievable,0.3553474545478821
The product shall conform to the Americans with Disabilities Act.,not about avaliable or timely achievable,avaliable or timely achievable,0.3506999611854553
The response shall be fast enough to avoid interrupting the user’s flow of thought.  90% of tasks shall complete within 5 seconds.  98% of tasks shall complete within 8 seconds.,not about avaliable or timely achievable,avaliable or timely achievable,0.3455023467540741
 Aside from server failure  the software product shall achieve 99.99% up time.,avaliable or timely achievable,avaliable or timely achievable,0.27711164951324463
The product shall create an exception log of problems encountered within the product for transmission to our company for analysis and resolution.,not about avaliable or timely achievable,avaliable or timely achievable,0.1363067328929901
 The product shall be capable of handling up to 1 000 concurrent requests.  This number will increase to 2 000 by Release 2.  The concurrency capacity must be able to handle peak scheduling times such as early morning and late afternoon hours.,not about avaliable or timely achievable,avaliable or timely achievable,0.33625611662864685
 The product shall be able to process 10 000 transactions per hour within two years of its launch.  This number will increase to 20 000 by Release 2.,not about avaliable or timely achievable,avaliable or timely achievable,0.06596788763999939
The product shall be expected to operate for at least 5 years for each customer installation.,not about avaliable or timely achievable,avaliable or timely achievable,0.05777380242943764
The product shall be used in office environments.,not about avaliable or timely achievable,avaliable or timely achievable,0.18367034196853638
The product must be able to interface with any HTML browser.  The product shall transmit data between the user and the product without problems. The product shall display HTML properly in 80% of all HTML browsers tested (minimum is to test 8 browsers).,not about avaliable or timely achievable,avaliable or timely achievable,0.24743065237998962
The product must be able to interface with various database management systems. The product shall communicate successfully with the database management system on 100% of all transactions.,not about avaliable or timely achievable,avaliable or timely achievable,0.26209819316864014
The product must be able to interface with various email servers. The product shall be able to send email.,not about avaliable or timely achievable,avaliable or timely achievable,0.1134447455406189
The product shall be available for distribution via the Internet as a binary or ZIP file.,not about avaliable or timely achievable,avaliable or timely achievable,0.047146987169981
The product shall be available for distribution as a packaged CD.,not about avaliable or timely achievable,avaliable or timely achievable,0.20264600217342377
 The product will be available for licensing as a one-server  two-five servers  or five-or-more servers license.,not about avaliable or timely achievable,avaliable or timely achievable,0.11337355524301529
A new user must be able to be added to the system within 10 minutes.  90% of new users are able to log into the system within 10 minutes.,not about avaliable or timely achievable,avaliable or timely achievable,0.15282180905342102
The product must be designed using Design Patterns and coding best practices.  90% of maintenance software developers are able to integrate new functionality into the product with 2 working days.,not about avaliable or timely achievable,avaliable or timely achievable,0.10645683854818344
The product must be highly configurable for use with various database management systems for the end users.  80% of end users are able to integrate new database management systems with the product without changing the product’s software code.,not about avaliable or timely achievable,avaliable or timely achievable,0.28750190138816833
Maintenance releases will be offered to customers once a year.  The releases shall take no longer than 5 minutes for 80% of the customer base to install.,not about avaliable or timely achievable,avaliable or timely achievable,0.0458022803068161
Every registered user will have access to the product’s support site via the Internet.  70% of registered users shall find a solution to their problem within 5 minutes of using the support site.,not about avaliable or timely achievable,avaliable or timely achievable,0.04238973557949066
The customer shall be able to easily integrate new building maps with the product throughout the product’s lifecycle.  Integration of new maps with the product shall be possible with little to no support from product support staff.,not about avaliable or timely achievable,not about avaliable or timely achievable,0.1868867129087448
 The product shall be translated into foreign languages other than the target market countries’ languages in future releases.  For each emerging target market  it shall take no more than 5 days to configure the product for that market’s language.,not about avaliable or timely achievable,avaliable or timely achievable,0.03091108426451683
 The product is expected to integrate with multiple database management systems.  The product will operate with Oracle  SQL Server  DB2  MySQL  HSQL  and MS Access.,not about avaliable or timely achievable,avaliable or timely achievable,0.1969667226076126
The product shall be able to be installed in any operating environment within 2 days.,not about avaliable or timely achievable,avaliable or timely achievable,0.14448340237140656
The product shall ensure that only company employees or external users with company-approved user IDs may have product access.  100% of all logons shall be by either company employees or external users with company-approved user IDs.,not about avaliable or timely achievable,avaliable or timely achievable,0.1573883444070816
Only managers are able to perform search queries for reservations by user.  100% of all search queries for reservations by user shall be from logons of only management logons.,not about avaliable or timely achievable,not about avaliable or timely achievable,0.11786793172359467
The product shall ensure that the database’s data corresponds to the data entered by the user.  Each conference room reservation in the system will contain the same information as was entered by the user.,not about avaliable or timely achievable,avaliable or timely achievable,0.26331624388694763
The product shall prevent the input of malicious data.  The product and/or adjacent hardware/software systems’ data shall remain 100% uncorrupted each time malicious data is input into the product.,not about avaliable or timely achievable,avaliable or timely achievable,0.30130505561828613
The product and/or dependent databases/filesystems shall remain operational as a result of the input of malicious data.  The product and/or dependent databases/filesystems shall not crash 100% of the time that malicious data is input into the product.,not about avaliable or timely achievable,avaliable or timely achievable,0.33414188027381897
The product shall have the ability to receive automatic software updates as new threats emerge.  100% of customers will be able to receive automatic software updates transmitted to the installed product.,not about avaliable or timely achievable,avaliable or timely achievable,0.2833103835582733
The language of the product shall accommodate all of the target market countries. 90% of survey respondents from each target market country will find that the language of the product is acceptable.,not about avaliable or timely achievable,avaliable or timely achievable,0.3351229131221771
The product shall be able to display calendar dates and times according to the user’s locale.  90% of survey respondents from each target market country will find that the date and time formatting of the product is correct.,not about avaliable or timely achievable,avaliable or timely achievable,0.35168182849884033
The product must be developed with the J2SE/J2EE programming language libraries,not about avaliable or timely achievable,avaliable or timely achievable,0.06311418861150742
Recreation of Inventory Quantity Adjustment for the period of previous 30 days shall take no more than 30min.,not about avaliable or timely achievable,avaliable or timely achievable,0.12414536625146866
The System shall allow for a minimum of  6 users to work at the same time.,not about avaliable or timely achievable,avaliable or timely achievable,0.19205130636692047
The System shall utilize currently owned computer equipment.,not about avaliable or timely achievable,avaliable or timely achievable,0.22626878321170807
The System shall be able to automatically backup business data and restore them on demand.,not about avaliable or timely achievable,avaliable or timely achievable,0.26325324177742004
The System shall maintain consistent security.  Any changes in user passwords and/or permissions should take affect in all parts of the System.,not about avaliable or timely achievable,avaliable or timely achievable,0.3297621011734009
The System shall granularly control access rights to all major subsystems.  It should be possible to assign access rights to all subsystems independently.,not about avaliable or timely achievable,avaliable or timely achievable,0.33563295006752014
The System shall meet all applicable accounting standards.  The final version of the System must successfully pass independent audit performed by a certified auditor.,not about avaliable or timely achievable,avaliable or timely achievable,0.31021809577941895
The System shall not require additional third party licenses resulting in royalty fees.,not about avaliable or timely achievable,not about avaliable or timely achievable,0.28562870621681213
Administrator shall be able to activate a pre-paid card via the Administration section in under 5 seconds.,not about avaliable or timely achievable,avaliable or timely achievable,0.13255177438259125
 Customer shall be able to check the status of their prepaid card  by entering in the PIN number  in under 5 seconds.,not about avaliable or timely achievable,avaliable or timely achievable,0.04891180992126465
System shall let customers register on the website as a “pay as you go” user in under 5 minutes.,not about avaliable or timely achievable,avaliable or timely achievable,0.0007287897169589996
System shall let customers register on the website as a “unlimited movie subscriber” user in under 10 minutes.,not about avaliable or timely achievable,avaliable or timely achievable,0.16122296452522278
System shall let existing customers log into the website with their email address and password in under 5 seconds.,not about avaliable or timely achievable,avaliable or timely achievable,-0.024236340075731277
 System shall let customers cancel their account  process shall take no longer than 2 minutes.  Database will mark the account as inactive  and user will not be able to log into the website.,not about avaliable or timely achievable,not about avaliable or timely achievable,0.061308085918426514
System shall let administrator de-activate a customer account in under 1 minute. Customer will no longer be able to access the website.,not about avaliable or timely achievable,not about avaliable or timely achievable,0.01690039411187172
System shall let administrator add/remove movies on the website in under 5 minutes.  Entered movie information will be stored in the database and will now be available on the website.,not about avaliable or timely achievable,avaliable or timely achievable,-0.010919192805886269
System shall let the administrator add/remove categories on the website in under 5 minutes.,not about avaliable or timely achievable,avaliable or timely achievable,0.023565825074911118
System shall let Izogn Manager access sales and usage statistics in under 2 minutes.,not about avaliable or timely achievable,avaliable or timely achievable,0.02999182976782322
System shall let administrators generate unique pre-paid pins in under 2 minutes and generate an Excel file with the generated PINs.,not about avaliable or timely achievable,avaliable or timely achievable,-0.009937251918017864
The website shall be attractive to all audiences.  The website shall appear to be fun and the colors should be bright and vibrant.,not about avaliable or timely achievable,avaliable or timely achievable,0.3211665153503418
 The website should have an African feel  but should not alienate non-Africans.  The website should use animation on pages which are describing the services  to grab the users attention and encourage them to sign up.,not about avaliable or timely achievable,avaliable or timely achievable,0.165470689535141
 The website design should be modern  clean  and concise.,not about avaliable or timely achievable,avaliable or timely achievable,0.43301576375961304
The product should be able to be used by 90% of novice users on the Internet.,not about avaliable or timely achievable,avaliable or timely achievable,0.08112100511789322
 Users should only have to navigate through a maximum of 4 pages  to create an account with the website.,not about avaliable or timely achievable,not about avaliable or timely achievable,0.07600909471511841
Users should be able to access their streaming movies in under 2 clicks after logging into the website.,not about avaliable or timely achievable,avaliable or timely achievable,0.01588432304561138
An anonymous survey will show that 70% of customers are comfortable purchasing streaming movies after 2 weeks using the website.,not about avaliable or timely achievable,avaliable or timely achievable,-0.029246509075164795
An anonymous survey will show that 95% of customers are comfortable using and purchasing pre-paid cards after a month of using the system.,not about avaliable or timely achievable,avaliable or timely achievable,0.014011361636221409
The product shall retain the customer’s buying preferences and information.,not about avaliable or timely achievable,avaliable or timely achievable,0.3020111918449402
The product shall be easy for customers with novice skills on the  Internet to purchase and watch streaming movies.  Customers should be able to purchase and watch a pre-determined movie in under 3 minutes.,not about avaliable or timely achievable,avaliable or timely achievable,0.14722472429275513
The product shall use symbols and words that are naturally understandable by users familiar with websites,not about avaliable or timely achievable,avaliable or timely achievable,0.32732316851615906
The website will use standard Internet conventions when interacting with the user.,not about avaliable or timely achievable,avaliable or timely achievable,0.2754671573638916
 Any interface between a user and the automated system shall have a maximum response time of 5 seconds  unless noted by an exception below.,not about avaliable or timely achievable,avaliable or timely achievable,0.15789321064949036
 When purchasing a streaming movie or pre-paid card via credit card  the processing time should have a maximum response time of 15 seconds.,not about avaliable or timely achievable,avaliable or timely achievable,0.11957108229398727
 When streaming a movie  the buffering time should take no longer than 10 seconds (plus any latency on the user’s connection.),not about avaliable or timely achievable,avaliable or timely achievable,0.15853099524974823
 While streaming a movie  buffering should only occur if there is latency in the user’s connection.,not about avaliable or timely achievable,not about avaliable or timely achievable,0.3080432415008545
 All credit card information will be secured on the server  and only accessible by authorized Izogn administrators.  Information will be encrypted in the database.,not about avaliable or timely achievable,not about avaliable or timely achievable,0.14472690224647522
 The website shall be available for use 24 hours per day  365 days per year.,avaliable or timely achievable,avaliable or timely achievable,0.17083202302455902
The website shall achieve 99.5% up time.,avaliable or timely achievable,avaliable or timely achievable,0.15690378844738007
 All movies shall be streamed on demand  at any time of the day.,avaliable or timely achievable,avaliable or timely achievable,0.16835883259773254
The website shall continue to operate if the streaming server goes down.,not about avaliable or timely achievable,avaliable or timely achievable,0.13976013660430908
The website shall continue to operate if the payment gateway goes down.,not about avaliable or timely achievable,avaliable or timely achievable,0.17897853255271912
The streaming server will support 50 simultaneous streaming connections.,not about avaliable or timely achievable,avaliable or timely achievable,0.06699312478303909
The streaming server will support a maximum of 700 movies  new servers can be added to support more movies.,not about avaliable or timely achievable,avaliable or timely achievable,0.15261919796466827
 The server will support a maximum of 1 000 simultaneous users.,not about avaliable or timely achievable,avaliable or timely achievable,0.20024137198925018
 The website shall be capable of supporting 100 000 customers.,not about avaliable or timely achievable,avaliable or timely achievable,0.2232281118631363
The product shall be expected to operate within the maximum maintenance budget for a minimum of 2 years.,not about avaliable or timely achievable,avaliable or timely achievable,0.17016921937465668
All aspects of the website shall be accessed by a web browser over the Internet.,not about avaliable or timely achievable,avaliable or timely achievable,0.017484581097960472
The same hardware supporting the current website will be used to support the new system.,not about avaliable or timely achievable,avaliable or timely achievable,0.23833514750003815
 We must be able to interface with the following browsers: IE 5.X  6.0  Netscape 6.x  7.x  8.x and Firefox 1.0.,not about avaliable or timely achievable,avaliable or timely achievable,0.14482326805591583
Website must interface with the CyberSource API to process credit card transactions.,not about avaliable or timely achievable,avaliable or timely achievable,0.06760948896408081
Website must be fully operational with MSN TV2.,not about avaliable or timely achievable,avaliable or timely achievable,0.23967690765857697
Movies shall be encoded and streamed via Windows Media Player 9.0.,not about avaliable or timely achievable,avaliable or timely achievable,0.10866247117519379
Movies shall be encoded for 56k and 256k streams.,not about avaliable or timely achievable,avaliable or timely achievable,0.05674896761775017
Promotional updates to the website should take a day to update.,not about avaliable or timely achievable,avaliable or timely achievable,0.07854019105434418
Izogn Administrator must be able to update the category listings on the website within 2 minutes.,not about avaliable or timely achievable,avaliable or timely achievable,0.07864311337471008
Izogn Administrator must be able to add new products to the website within 2 minutes.,not about avaliable or timely achievable,avaliable or timely achievable,-0.010586712509393692
The system will provide a 24 hour 800 toll free number for support to its customers.,avaliable or timely achievable,avaliable or timely achievable,0.28555044531822205
The website will provide a help section with answers and solutions to common problems.,not about avaliable or timely achievable,avaliable or timely achievable,0.24985583126544952
 Velkat staff will be available for phone support between 7am-7pm  M-F to provide technical support to the Izogn administrators.,avaliable or timely achievable,avaliable or timely achievable,0.14894722402095795
The product shall be able to be installed in the specified environment within 1 working day.,not about avaliable or timely achievable,avaliable or timely achievable,0.17524968087673187
Only registered customers can purchase streaming movies.,not about avaliable or timely achievable,not about avaliable or timely achievable,0.11828027665615082
 A customer can only stream a movie if they purchased it  and are within the 2 day viewing period.,not about avaliable or timely achievable,not about avaliable or timely achievable,-0.012522708624601364
Only authorized personnel can access customer records in the database.,not about avaliable or timely achievable,not about avaliable or timely achievable,0.20895817875862122
Only administrators can activate a pre-paid card.,not about avaliable or timely achievable,not about avaliable or timely achievable,0.21240593492984772
Only authorized personnel can access sales information.,not about avaliable or timely achievable,not about avaliable or timely achievable,0.24393844604492188
The website shall prevent its data from being corrupted when incorrect data is entered in.,not about avaliable or timely achievable,avaliable or timely achievable,0.224297434091568
 The website shall protect itself from intentional abuse  and notify the administrator at all occurrences.,not about avaliable or timely achievable,avaliable or timely achievable,0.2858588397502899
Data integrity scripts will be run on a weekly basis to verify the integrity of the database.,not about avaliable or timely achievable,avaliable or timely achievable,0.14771687984466553
 The website shall make its user aware of its information practices before collection data from them via a Privacy Policy  accessible on all pages of the website.,not about avaliable or timely achievable,avaliable or timely achievable,0.13823361694812775
The system shall notify customers of changes to its information policy.,not about avaliable or timely achievable,not about avaliable or timely achievable,0.20556500554084778
The system shall reveal private information only in compliance with the organization’s information policy.,not about avaliable or timely achievable,not about avaliable or timely achievable,0.18277224898338318
 All customer information will be stored on a secure database  accessible only to authorized personnel.,not about avaliable or timely achievable,avaliable or timely achievable,0.24017339944839478
All credit card information will be encrypted in the database.,not about avaliable or timely achievable,avaliable or timely achievable,0.07561688870191574
The streaming server will have anti-virus software to prevent infection of malicious viruses.,not about avaliable or timely achievable,avaliable or timely achievable,0.15587349236011505
The website should cater to all tribes in Nigeria.,not about avaliable or timely achievable,avaliable or timely achievable,0.12409274280071259
The website shall not be offensive to religious or ethnic groups.,not about avaliable or timely achievable,avaliable or timely achievable,0.3643285632133484
 The website should appeal to all Africans  not only Nigerians.,not about avaliable or timely achievable,avaliable or timely achievable,0.2246934175491333
The website should use Flash to provide animation on the home page.,not about avaliable or timely achievable,avaliable or timely achievable,-0.05056333541870117
IzognMovies shall meet the licensing requirements set forth by the appropriate organizations in order to stream African movies.,not about avaliable or timely achievable,avaliable or timely achievable,0.1878998875617981
The website will comply with W3C standards.,not about avaliable or timely achievable,avaliable or timely achievable,0.4192042350769043
The PHP code will comply with PEAR standards.,not about avaliable or timely achievable,avaliable or timely achievable,0.38174134492874146
Total lead cycle time must be completed in 5 minutes for 90% of lead volume between the business hours of 8AM CST to 8PM CST  then 3 minutes for 99% of lead volume during off business hours.,not about avaliable or timely achievable,avaliable or timely achievable,0.0383804552257061
No lead evaluation will complete in a time period longer than 25 seconds for 97% of all leads processed.,not about avaliable or timely achievable,not about avaliable or timely achievable,0.11216411739587784
For leads that process longer than 25 seconds the system will record the event and duration,not about avaliable or timely achievable,avaliable or timely achievable,0.18905913829803467
The process must fit within the processing time conditions set forth by the Auto Rep Assignment process in which a lead is assigned within 3 minutes of the total life cycle.,not about avaliable or timely achievable,avaliable or timely achievable,0.17605100572109222
The lead washing process will operate within the established physical web service structure.,not about avaliable or timely achievable,avaliable or timely achievable,0.0624823123216629
 The washing process must use a non binding  neutral data format  such as xml  when receiving and processing lead data.,not about avaliable or timely achievable,not about avaliable or timely achievable,0.20794014632701874
Defect reports will be available to technical units on a 24x7 basis.,avaliable or timely achievable,avaliable or timely achievable,0.1706448346376419
Washing parameters will be updated during scheduled maintenance hours.,not about avaliable or timely achievable,avaliable or timely achievable,0.18340203166007996
The product shall simulate the look of ships at sea.,not about avaliable or timely achievable,avaliable or timely achievable,0.20102673768997192
The product shall display the grids within a circle as a view from a periscope.,not about avaliable or timely achievable,avaliable or timely achievable,0.14102618396282196
The product shall display each type of ship in a grid using an image of the specific type of ship.,not about avaliable or timely achievable,avaliable or timely achievable,0.09831931442022324
 When the offensive player takes a shot  the product shall simulate the sound of a ship at sea.,not about avaliable or timely achievable,avaliable or timely achievable,0.17247186601161957
 When a shot is marked as a miss  the product shall simulate the sound of a shot missing its target.,not about avaliable or timely achievable,not about avaliable or timely achievable,0.16026151180267334
 When a shot is marked as a hit  the product shall simulate the sound of a shot hitting its target.,not about avaliable or timely achievable,avaliable or timely achievable,0.17032679915428162
 When a ship is sunk  the product shall simulate the sound of a sinking ship.,not about avaliable or timely achievable,avaliable or timely achievable,-0.03922414779663086
 The product shall be available 24 hours per day  seven days per week.,avaliable or timely achievable,avaliable or timely achievable,0.2408658266067505
The product shall able to handle a large number of games simultaneously.,not about avaliable or timely achievable,avaliable or timely achievable,0.2874757647514343
The response time shall be fast enough to maintain the flow of the game.  The response time shall be no more than 2 seconds for 95% of responses and no more than 4% for the remaining responses.,not about avaliable or timely achievable,avaliable or timely achievable,0.3072274327278137
The product shall protect the identity of the players. The product shall provide players no access to information that might reveal the identity of another player.,not about avaliable or timely achievable,not about avaliable or timely achievable,0.17461542785167694
The product shall be intuitive and self-explanatory.  Nine out ten users shall be able to successfully complete a game with no training.,not about avaliable or timely achievable,avaliable or timely achievable,0.2912912368774414
 The product shall be available to players who understand English  Spanish and French.  The product shall allow the user to select the language upon accessing the product.,not about avaliable or timely achievable,avaliable or timely achievable,0.10837626457214355
The product shall provide players no access to information that might reveal the identity of another player,not about avaliable or timely achievable,not about avaliable or timely achievable,0.24924235045909882
The response time shall be fast enough to maintain the flow of the game. The response time shall be no more than 2 seconds for 95% of responses and no more than 4% for the remaining responses.,not about avaliable or timely achievable,avaliable or timely achievable,0.3072274327278137
The system shall be easy to use by callers and supervisors. Callers and supervisors must be able to accomplish any system task within 2 minutes.,not about avaliable or timely achievable,avaliable or timely achievable,0.2959669232368469
The system shall be easy to learn by callers and supervisors. Callers and supervisors shall learn how to use the system within 10 minutes.,not about avaliable or timely achievable,avaliable or timely achievable,0.23775000870227814
 The system shall be responsive. At the DePaul TeleServices Center  when a supervisor uses the system to view a callers schedule  the system response time must be no more than 2 seconds 90% of the time and no more than 5 seconds the rest of the time.,not about avaliable or timely achievable,avaliable or timely achievable,0.22259186208248138
 On a 56k connection  the system response time for all operations must be no more than 6 seconds 90% of the time.,not about avaliable or timely achievable,not about avaliable or timely achievable,0.1327841430902481
 On a 112k connection or faster  the system response time for all operations must be no more than 3 seconds 90% of the time.,not about avaliable or timely achievable,not about avaliable or timely achievable,0.20477275550365448
The system shall have high availability every day of the year.The system must be available for use between 12:00AM and 6:00PM all days of the year.,avaliable or timely achievable,avaliable or timely achievable,0.316843718290329
The system must be available for use between 7:00AM and 11:59PM all days of the year.,avaliable or timely achievable,avaliable or timely achievable,0.22755782306194305
The product shall be internet browser independent.The product must run using Internet Explorer and Netscape Navigator.,not about avaliable or timely achievable,not about avaliable or timely achievable,0.08665791898965836
The product shall ensure that only supervisors can advertise empty time slots.The product must ensure that supervisors are allowed to access advertise empty time slots.,not about avaliable or timely achievable,not about avaliable or timely achievable,0.2503834068775177
The product shall ensure that only supervisors can enter a caller’s schedule.The product must ensure that supervisors are allowed to access advertise empty time slots.,not about avaliable or timely achievable,not about avaliable or timely achievable,0.2221444547176361
The product shall ensure that only supervisors can view schedule of all callers.The product must ensure that supervisors are allowed to access advertise empty time slots.,not about avaliable or timely achievable,not about avaliable or timely achievable,0.20733600854873657
 The interface shall have a simple look. In the interface and usability survey  90% of beta testers must report that the interface is adequately simple.,not about avaliable or timely achievable,avaliable or timely achievable,0.3296933174133301
 The interface shall be appealing to callers and supervisors. In the interface and usability survey  80% of beta testers must report that the interface is appealing.,not about avaliable or timely achievable,avaliable or timely achievable,0.2385389357805252
The product shall provide GUI based Monitoring Services.System Administrators shall monitor message exchanges will predict and determine problems and will also provide internal and external support.,not about avaliable or timely achievable,avaliable or timely achievable,0.2385326623916626
The product shall comply with City of Chicago Application Development Guide Framework.Application Development Framework will provide structured Graphical User Interface.,not about avaliable or timely achievable,avaliable or timely achievable,0.1868842989206314
The product shall provide Monitoring Services.The product shall be easy for System Administrators and DBAs to use after two weeks of usage.,not about avaliable or timely achievable,avaliable or timely achievable,0.2718244791030884
The product shall provide Error Tracking Services.The product shall help the System Administrators and DBAs to resolve transaction errors 99% of the time.,not about avaliable or timely achievable,avaliable or timely achievable,0.25506454706192017
The product shall provide Portals.The product shall help System Administrators to analyze the transactions with ad-hoc reporting and KPIs (Key Performance Indicators),not about avaliable or timely achievable,avaliable or timely achievable,0.22364647686481476
The product shall provide Asynchronous Messaging.The product shall provide asynchronous messaging to enable parallel processing and reduce the overhead in communications,not about avaliable or timely achievable,avaliable or timely achievable,0.23095399141311646
The product shall provide Multi-threading and Load Balancing.The product shall provide multi-threading technology as well as load balancing to overcome data load spikes and traffic.,not about avaliable or timely achievable,avaliable or timely achievable,0.2886255979537964
The product shall process messages within 2 seconds.The product shall have a maximum message processing time of 2 seconds,not about avaliable or timely achievable,avaliable or timely achievable,0.08843344449996948
The product shall poll the system for messages every second.The product shall poll the system for new messages at a maximum of every 1 second.,not about avaliable or timely achievable,avaliable or timely achievable,0.012520179152488708
The product shall provide Dynamic Change Support and Transparent resource addition.The product shall support Transparent Resource addition and Dynamic Change support to provide scalability and avoid service interruptions of more than 1 day.,not about avaliable or timely achievable,avaliable or timely achievable,0.4370739161968231
The product shall be available 99% of the time. Rationale: To avoid service interruption during busiest customer service response periods. The product shall be available 99.99% of the time for regular business days.,avaliable or timely achievable,avaliable or timely achievable,0.39222797751426697
The product shall be robust.The product shall have fault avoidance based on standards adoption.,not about avaliable or timely achievable,avaliable or timely achievable,0.39893820881843567
The product shall be robust with fault tolerance.The product shall have fault tolerance by using recovery technique compensatory transaction and routing around failures.,not about avaliable or timely achievable,avaliable or timely achievable,0.33764877915382385
The product shall be able to process all transactions.The product shall process minimum of 1 million transactions per year.,not about avaliable or timely achievable,avaliable or timely achievable,0.24394536018371582
The product shall be platform independent.The product shall enable access to any type of development environment and platform.,not about avaliable or timely achievable,avaliable or timely achievable,0.2869206964969635
The product shall interface CSR and Datastream.The product shall exchange messages between CSR and EAM on a real time basis without any direct interfaces between two systems.,not about avaliable or timely achievable,not about avaliable or timely achievable,0.2771545350551605
 : The product shall continue to operate during upgrade  change or new resource addition.The product shall be able to continue to operate with no interruption in service due to new resource additions.,not about avaliable or timely achievable,avaliable or timely achievable,0.38535547256469727
The product shall be updated on a regular basis.The product will have a new major feature introduced every six months and quarterly maintenance releases every six months.,not about avaliable or timely achievable,avaliable or timely achievable,0.1962718665599823
The product shall operate with every platform.The product shall accommodate any new technology without any change in its architecture.,not about avaliable or timely achievable,avaliable or timely achievable,0.3052195906639099
 The product shall have security.The product shall provide authentication  and authorization.,not about avaliable or timely achievable,avaliable or timely achievable,0.38191044330596924
The product shall information Security. The product shall enable privacy by encryption WS-Security and Integrity Checking.,not about avaliable or timely achievable,avaliable or timely achievable,0.2916118800640106
The product shall have audit capabilities.The product shall store messages for a minimum of one year for audit and transaction tracking purposes.,not about avaliable or timely achievable,avaliable or timely achievable,0.20525458455085754
The system shall use IBM and CCR branding standards. The interface must have one IBM logo and one CCR logo.,not about avaliable or timely achievable,avaliable or timely achievable,0.10653496533632278
The system shall be displayable on any work computer a CCR user may have. The system interface shall be formatted to display at 800 by 600 pixel resolution.,not about avaliable or timely achievable,avaliable or timely achievable,0.13999921083450317
The system interface will use CCR nomenclature. The system must use the same nomenclature used in the existing WCS system and reports,not about avaliable or timely achievable,avaliable or timely achievable,0.20344746112823486
The interface must summarize the data in a fashion that’s appealing to CCR management. Every report type must have at least one high level summary shown in the results dashboard/interface,not about avaliable or timely achievable,avaliable or timely achievable,0.30782651901245117
The system must use a point and click interface. 100% of all selection and navigation functionality must be able to be activated/selected by either a mouse or a keyboard,not about avaliable or timely achievable,avaliable or timely achievable,0.18660902976989746
The interface shall be easy to use. 90% of users should be able to successfully use the system to generate a report on their first use. The interface should adhere to IBM usability standards.,not about avaliable or timely achievable,avaliable or timely achievable,0.29708728194236755
Rreports must be easy to generate. eports must be generated within one button click and exported within one button click (after selecting the report),not about avaliable or timely achievable,avaliable or timely achievable,0.37994956970214844
A user shall be able to use the system without instruction after a short amount of time. After one use a user should understand and remember 90% of the system usage and navigation.,not about avaliable or timely achievable,avaliable or timely achievable,0.25975507497787476
All CCR users shall receive training before the WCS system is deployed. One training session will be held for 100% of CCR users before system deployment (based on a CCR user being available),not about avaliable or timely achievable,avaliable or timely achievable,0.04659535735845566
The WCS system shall use appropriate nomenclature and terminology as defined by the Corporate Community Grants organization. All interfaces and reports will undergo usability tests by CCR users.,not about avaliable or timely achievable,avaliable or timely achievable,0.15179914236068726
The WCS system shall be available at all times as long as IBM’s internal intranet W3 is accessible. The WCS system will be available 95% of the time IBM’s internal intranet W3 is available.,avaliable or timely achievable,avaliable or timely achievable,0.2676604092121124
The WCS system shall have the ability to connect other designated WCS databases currently not included in the system.,not about avaliable or timely achievable,avaliable or timely achievable,0.21101368963718414
The WCS system shall have the ability to include data for regions outside the United States and be accessed by users outside of the United States if approved by CCR management.,not about avaliable or timely achievable,avaliable or timely achievable,0.23183399438858032
The WCS system shall be run in a Windows environment. The WCS shall be accessed by users through the Internet on an IBM computer running a Windows 2000 or above operating system.,not about avaliable or timely achievable,avaliable or timely achievable,0.006110101472586393
The Brio portion of the WCS system must be able to export files in spreadsheet form (Microsoft Excel and Lotus 1-2-3 formats).  Brio will provide buttons in the user interface that produce/export reports in .xls or .123 file formats.,not about avaliable or timely achievable,avaliable or timely achievable,0.0894092246890068
The WCS system must run queries to the WCS databases once again (on a specified day) to update the available data available to CCR users. Queries must be made to external databases for data refresh once a week.,not about avaliable or timely achievable,avaliable or timely achievable,0.04425333812832832
 All changes  updates  and additions to the WCS system shall be updated in the WCS Developer and WCS User Guides. Every change must be reflected in WCS system documentation,not about avaliable or timely achievable,avaliable or timely achievable,0.14852146804332733
The system shall only be accessed by authorized Corporate Community Grants (CCR) employees. Users must be authenticated using their IBM intranet user name and password.,not about avaliable or timely achievable,not about avaliable or timely achievable,0.09227626770734787
The WCS system shall not allow automatic logins by any user. Cookies containing WCS login information about a user will not be stored on a user’s computer.,not about avaliable or timely achievable,not about avaliable or timely achievable,0.20576134324073792
Each team owner will need to use a username and password in order to be authenticated to reach the team owner’s page,not about avaliable or timely achievable,avaliable or timely achievable,0.029025159776210785
The Commissioner will be the only authorized user per league to adjust league settings.,not about avaliable or timely achievable,avaliable or timely achievable,0.1308685541152954
Each page shall contain a navigation menu which shows the index into which the current page is contained.,not about avaliable or timely achievable,avaliable or timely achievable,0.18012763559818268
Each page shall contain a similar format with action items in one location and navigation buttons in a different location.,not about avaliable or timely achievable,avaliable or timely achievable,0.3667362332344055
The message board shall contain the 5 most recently posted messages on the league page. The messages will contain up to the first 150 characters of the message.,not about avaliable or timely achievable,avaliable or timely achievable,-0.04803558066487312
;A new user shall be able to navigate through the league and team pages within 30 seconds of reaching the start-up page.,not about avaliable or timely achievable,avaliable or timely achievable,0.024498295038938522
Users shall be able to reach the ‘add’  ‘drop’  and ‘trade player’ pages with one click from the team owner’s page.,not about avaliable or timely achievable,avaliable or timely achievable,0.07618488371372223
;Users shall be able to view at least 25 NFL player statistics and points on each page.,not about avaliable or timely achievable,avaliable or timely achievable,0.07686146348714828
The application shall ask the user to confirm dropping a player or trading a player before performing the action.,not about avaliable or timely achievable,not about avaliable or timely achievable,0.0341518297791481
The application shall be able to complete every user transaction within one fourth of a second of receiving the request over the network.,not about avaliable or timely achievable,avaliable or timely achievable,0.13628269731998444
The application shall have a downtime of at most 10 minutes per year.,avaliable or timely achievable,avaliable or timely achievable,0.1671753227710724
The application shall run on a web application server.,not about avaliable or timely achievable,avaliable or timely achievable,-0.0024514070246368647
A primary database will be used to store cached data for active users.,not about avaliable or timely achievable,avaliable or timely achievable,0.11319763958454132
A secondary database will be used to store historical statistics and data.,not about avaliable or timely achievable,avaliable or timely achievable,-0.004784358665347099
Application updates shall occur between 3AM and 6 AM CST on Wednesday morning during the middle of the NFL season.,not about avaliable or timely achievable,avaliable or timely achievable,0.04888409376144409
New System version releases shall be released at the beginning of each NFL season.,not about avaliable or timely achievable,avaliable or timely achievable,-0.0039496212266385555
The RFS system should be available 24/7  especially during the budgeting period. The RFS system shall be available 90% of the time all year  and 98% during the budgeting period. 2% of the time  the system will become available within 1 hour of the time that the situation is reported.,avaliable or timely achievable,avaliable or timely achievable,0.2899351418018341
98% of the user workstations shall meet the minimum hardware requirements prior to implementation. Minimum Hard Disk Space:  400MB.,not about avaliable or timely achievable,avaliable or timely achievable,0.09918776154518127
98% of the user workstations shall meet the minimum software requirements prior to implementation: Microsoft Internet Explorer 5.0. Microsoft .NET Framework 1.1. Microsoft Internet Explorer Web Controls,not about avaliable or timely achievable,avaliable or timely achievable,0.1162181869149208
The RFS system should be able to easily interface with the BDW environment  in order to load the data. •;7 data files shall be received from the BDW and loaded into the RFS system within 3 hours one day prior to the start of budgeting process  every year. The data will be as of October month-end. ;Test files (7) shall be loaded up to 5 times throughout the year  from the BDW.,not about avaliable or timely achievable,avaliable or timely achievable,0.08403366804122925
Changes to revenue and expense formulae must be applied to the RFS system  every year  prior to the budgeting process start. Revenue and expense formulae will be updated within one week of their receipt  after which 2 weeks will be allotted to testing of the budget calculations  to be conducted jointly by the project development team and PCG Finance.,not about avaliable or timely achievable,avaliable or timely achievable,-0.010640708729624748
New branches/complexes/districts/regions and revenue/expense accounts added to the BDW  must be reflected in the RFS system. 100% of the entities (mentioned above) available as of October month-end  will be loaded into the RFS system  prior to the budget start process.,not about avaliable or timely achievable,avaliable or timely achievable,0.1553025096654892
Only authorized user shall access the RFS system. ONLY users that exist in the UAS system  with the RFS system assigned to their role(s)  shall access the RFS system and use it.,not about avaliable or timely achievable,not about avaliable or timely achievable,0.26448580622673035
;User access should be limited to the permissions granted to their role(s) Each level in the PCG hierarchy will be assigned a role and users will be assigned to these roles. Access to functionality within RFS system is dependent on the privileges/permission assigned to the role..,not about avaliable or timely achievable,not about avaliable or timely achievable,0.2518936097621918
The product must comply with the intranet page standards and requirements of ENET Securities. 95% of the product look & feel will be approved by the Architecture group  prior to implementation. The remaining 5% will be corrected and approved within one month of product release.,not about avaliable or timely achievable,avaliable or timely achievable,0.15462324023246765
 The intranet pages should display appropriately in all resolutions  from 800x600 and higher. The display of all the pages will be correct in 95% of the resolutions  prior to implementation. The remaining 5% will be corrected within a week of notification of the incorrect display.,not about avaliable or timely achievable,avaliable or timely achievable,0.18111029267311096
The users should be able to easily use the system to successfully complete their budgets  within the stipulated time for completion. With a week of training prior to product implementation  98% of the users shall complete their budgets within the stipulated time.,not about avaliable or timely achievable,avaliable or timely achievable,0.2234923243522644
The product interface should be fast. The response time of the product interface should not exceed 2 seconds 90% of the time. For 10% of the time  the response time should not be more than 10 seconds.not be more than 10 seconds.,not about avaliable or timely achievable,avaliable or timely achievable,0.2693454325199127
