,precision,recall,f1-score,support
"throughput, reliability, scalability, responsiveness, efficiency, workload, benchmark, latency, speed, improvement, or accuracy",0.8041958041958042,0.5897435897435898,0.680473372781065,195.0
"not about throughput, reliability, scalability, responsiveness, efficiency, workload, benchmark, latency, speed, improvement, or accuracy",0.24528301886792453,0.48148148148148145,0.325,54.0
accuracy,0.5662650602409639,0.5662650602409639,0.5662650602409639,0.5662650602409639
macro avg,0.5247394115318643,0.5356125356125356,0.5027366863905325,249.0
weighted avg,0.6829858025584327,0.5662650602409639,0.6033827618164967,249.0
