Requirement text,Gold label,Predicated label,ZSL score
The system shall refresh the display every 60 seconds.,periodic execution or efficacy performance,not about periodic execution or efficacy performance,0.7285535335540771
 If projected  the data must be readable.  On a 10x10 projection screen  90% of viewers must be able to read Event / Activity data from a viewing distance of 30,not about periodic execution or efficacy performance,not about periodic execution or efficacy performance,0.5450195670127869
 If projected  the data must be understandable. On a 10x10 projection screen  90% of viewers must be able to determine that Events or Activities are occuring in current time from a viewing distance of 100,not about periodic execution or efficacy performance,not about periodic execution or efficacy performance,0.5052034258842468
The product shall ensure that it can only be accessed by authorized users.  The product will be able to distinguish between authorized and unauthorized users in all access attempts,not about periodic execution or efficacy performance,not about periodic execution or efficacy performance,0.5452402830123901
The product shall be intuitive and self-explanatory.  :  90% of new users shall be able to start the display of Events or Activities within 90 minutes of using the product.,not about periodic execution or efficacy performance,not about periodic execution or efficacy performance,0.47909530997276306
The product shall respond fast to keep up-to-date data in the display.,periodic execution or efficacy performance,not about periodic execution or efficacy performance,0.6338568329811096
The system shall be used by realtors with no training.,not about periodic execution or efficacy performance,not about periodic execution or efficacy performance,0.671457827091217
The system shall be intuitive and self explanatory.,not about periodic execution or efficacy performance,periodic execution or efficacy performance,0.6364270448684692
The product shall be easy for a realtor to learn.,not about periodic execution or efficacy performance,not about periodic execution or efficacy performance,0.5965467095375061
The product shall use symbols and words that are naturally understandable by the realtor community.,not about periodic execution or efficacy performance,not about periodic execution or efficacy performance,0.6324608325958252
The product shall produce search results in an acceptable time,periodic execution or efficacy performance,not about periodic execution or efficacy performance,0.6697497963905334
The search results shall be returned no later 30      seconds  after the user has entered the search criteria,periodic execution or efficacy performance,not about periodic execution or efficacy performance,0.5986676812171936
The product shall generate a CMA report in an acceptable time.,periodic execution or efficacy performance,not about periodic execution or efficacy performance,0.6832627058029175
The CMA report shall be returned no later 60 seconds after the user has entered the CMA report criteria.,periodic execution or efficacy performance,not about periodic execution or efficacy performance,0.6220865845680237
The product shall synchronize contacts and appointments in an acceptable time.,periodic execution or efficacy performance,not about periodic execution or efficacy performance,0.6761509776115417
The product shall synchronize with the office system every hour.,periodic execution or efficacy performance,not about periodic execution or efficacy performance,0.7231422662734985
The product shall be installed by an untrained realtor   without recourse to separately-printed instructions.,not about periodic execution or efficacy performance,not about periodic execution or efficacy performance,0.6578872203826904
90% of untrained realtors shall be able to install the product on their device without printed instructions,not about periodic execution or efficacy performance,not about periodic execution or efficacy performance,0.5797930359840393
Only registered realtors shall be able to access the system.,not about periodic execution or efficacy performance,not about periodic execution or efficacy performance,0.6017729640007019
Every user of the system shall be authenticated and authorized.,not about periodic execution or efficacy performance,not about periodic execution or efficacy performance,0.63189297914505
The product shall prevent its data from incorrect data being introduced.,not about periodic execution or efficacy performance,not about periodic execution or efficacy performance,0.7532141804695129
The system shall be easy to use by the Program Administrators/Nursing Staff Members.,not about periodic execution or efficacy performance,not about periodic execution or efficacy performance,0.6346473693847656
All of the users shall be able to use the system after one day of training.,not about periodic execution or efficacy performance,not about periodic execution or efficacy performance,0.5068378448486328
The system shall help the user avoid making mistakes while scheduling classes and clinicals for the nursing students.,not about periodic execution or efficacy performance,not about periodic execution or efficacy performance,0.6507972478866577
The number of mistakes noted by the students shall be decreased by 50% in the first year.,not about periodic execution or efficacy performance,not about periodic execution or efficacy performance,0.5699039697647095
The system shall be intuitive to the Program Administrators/Nursing Staff Members.,not about periodic execution or efficacy performance,not about periodic execution or efficacy performance,0.6788083910942078
2 out of 3 Program Administrators/Nursing Staff Members shall successfully be able to use the system to manage the scheduling of classes and clinicals.,not about periodic execution or efficacy performance,not about periodic execution or efficacy performance,0.5210378766059875
The system shall use symbols and words that are naturally understandable by the user community.,not about periodic execution or efficacy performance,not about periodic execution or efficacy performance,0.6390401124954224
The verbiage used within the system shall be consistent with Standard English and the terminology of the national Nursing Community.,not about periodic execution or efficacy performance,not about periodic execution or efficacy performance,0.5354678630828857
Staff members shall be able to complete a set of tasks in a timely manner.,periodic execution or efficacy performance,not about periodic execution or efficacy performance,0.5583782196044922
The response time of general student management tasks shall take no longer than 5 seconds and the response time of schedule generation shall take no longer than 30 seconds.,periodic execution or efficacy performance,not about periodic execution or efficacy performance,0.5230100154876709
The system shall able to operate within a business office environment typical of the Nursing Department at DePaul University.,not about periodic execution or efficacy performance,not about periodic execution or efficacy performance,0.5781239867210388
The system shall be used within the specifications defined by the computers used by the Program Administrators/Nursing Staff Members.,not about periodic execution or efficacy performance,not about periodic execution or efficacy performance,0.5867122411727905
The system shall operate within the Windows XP Professional operating system.,not about periodic execution or efficacy performance,not about periodic execution or efficacy performance,0.7677749395370483
The system shall interface with CampusConnect’s central server,not about periodic execution or efficacy performance,not about periodic execution or efficacy performance,0.8237950801849365
The system shall interface with the faculty central server.,not about periodic execution or efficacy performance,not about periodic execution or efficacy performance,0.7171153426170349
The system shall interface with the student master server.,not about periodic execution or efficacy performance,not about periodic execution or efficacy performance,0.7263035178184509
We must be able to interface with any HTML browser.,not about periodic execution or efficacy performance,not about periodic execution or efficacy performance,0.6032509803771973
Only authorized users shall have access to clinical site information.,not about periodic execution or efficacy performance,not about periodic execution or efficacy performance,0.6557350158691406
Program Administrators/Nursing Staff Members are the only people who shall have access to clinical site details.,not about periodic execution or efficacy performance,not about periodic execution or efficacy performance,0.6313762664794922
Only authorized users shall have access to students’ personal information.,not about periodic execution or efficacy performance,not about periodic execution or efficacy performance,0.6668047904968262
Dr Susan Poslusny and Dr Julie Donalek are the only people who shall have access to students’ personal information.,not about periodic execution or efficacy performance,not about periodic execution or efficacy performance,0.5801047086715698
Only authorized users shall have access to the portion of the system that interfaces with CampusConnect.,not about periodic execution or efficacy performance,not about periodic execution or efficacy performance,0.5692316293716431
Fit Criterion: Dr Susan Poslusny and Karen Sysol are the only people who shall have access to the final class section scheduling for the system that interfaces with CampusConnect.,not about periodic execution or efficacy performance,not about periodic execution or efficacy performance,0.5066389441490173
The system shall have basic data integrity checking to reduce the possibility of incorrect or invalid data being introduced.,not about periodic execution or efficacy performance,not about periodic execution or efficacy performance,0.61808180809021
The system shall protect private information in accordance with the organization’s information policy.,not about periodic execution or efficacy performance,not about periodic execution or efficacy performance,0.6819002628326416
The system shall be built such that it is as secure as possible from malicious interference.,not about periodic execution or efficacy performance,not about periodic execution or efficacy performance,0.6056779026985168
The system shall use the organization’s standard virus protection software to help monitor threats to itself.,not about periodic execution or efficacy performance,not about periodic execution or efficacy performance,0.6161288022994995
The list of dispute cases that are displayed after a search is performed must be color coded for easy identification of dispute cases based upon the dispute case status.,not about periodic execution or efficacy performance,not about periodic execution or efficacy performance,0.5299379825592041
100% of the cardmember and merchant services representatives shall use the Disputes application regularly after a 2-day training course.,not about periodic execution or efficacy performance,not about periodic execution or efficacy performance,0.5854349136352539
100% of cardmember services representatives shall be able to successfully create a dispute case on the first encounter after completing the training course.,not about periodic execution or efficacy performance,not about periodic execution or efficacy performance,0.5507090091705322
100% of merchant services representatives shall be able to successfully perform a follow up action on a dispute case on the first encounter after completing the training course.,not about periodic execution or efficacy performance,not about periodic execution or efficacy performance,0.5218783020973206
The maximum wait time for a user navigating from one screen to another within the Disputes application shall be no more than 5 seconds.,periodic execution or efficacy performance,not about periodic execution or efficacy performance,0.5604812502861023
The Disputes application shall support 350 concurrent users without any degradation of performance in the application.,periodic execution or efficacy performance,not about periodic execution or efficacy performance,0.6578137874603271
 The Disputes application shall be available 24x7x365  with the exception of the following scheduled maintenance windows.  Monday – Saturday 3:00am to 4:00am EST Sunday 1:00amd to 5:00am EST,not about periodic execution or efficacy performance,not about periodic execution or efficacy performance,0.522022008895874
The Disputes application shall interface with the Statement Database. The Statement Database provides the transaction details to the Disputes System. All transaction details must be obtained from the Statement Database,not about periodic execution or efficacy performance,not about periodic execution or efficacy performance,0.5560908317565918
The Disputes application shall interface with the Cardmember Information Database.  The Cardmember Information Database provides detailed information with regard to a cardmember.  All cardmember detail information must be obtained from the Cardmember Information Database.,not about periodic execution or efficacy performance,not about periodic execution or efficacy performance,0.48427408933639526
The Disputes applications shall interface with the Merchant Information Database.  The Merchant Information Database provides detailed information with regard to the merchant. All merchant detail information shall be obtained from the Merchant Information Database.,not about periodic execution or efficacy performance,not about periodic execution or efficacy performance,0.47332677245140076
The Disputes application shall interface with the Letters application.  This will allow the Disputes application to request letters as part of the dispute initiation and dispute follow up process. All letter requests must be sent to the Print Letter Utility application.,not about periodic execution or efficacy performance,not about periodic execution or efficacy performance,0.497939795255661
The Disputes application shall interface with the Cardmember Posting and Billing System.  This will allow the Disputes application to request adjustments to cardmember and merchant’s accounts. All adjustment requests must be sent to the Cardmember Posting and Billing System.,not about periodic execution or efficacy performance,not about periodic execution or efficacy performance,0.491588830947876
The Disputes application shall ensure that only users with the appropriate access level are allowed to initiate dispute requests.,not about periodic execution or efficacy performance,not about periodic execution or efficacy performance,0.6181652545928955
Only users with Update access must be able to initiate dispute requests.,not about periodic execution or efficacy performance,not about periodic execution or efficacy performance,0.6615986824035645
The Disputes application shall ensure that only authorized users are allowed to logon to the application.,not about periodic execution or efficacy performance,not about periodic execution or efficacy performance,0.5967147350311279
 All authorized users  once authenticated must be able to logon to the Disputes System,not about periodic execution or efficacy performance,not about periodic execution or efficacy performance,0.649146318435669
The Disputes System shall generate a User Report that details any new users that have been added and any changes to an existing user’s access level.  The report will be reviewed for auditing purposes.,not about periodic execution or efficacy performance,not about periodic execution or efficacy performance,0.5056744813919067
All additions of new users and modifications to user’s access shall be recorded on the User Report.,not about periodic execution or efficacy performance,not about periodic execution or efficacy performance,0.5908588171005249
 If a user account is revoked  it can only be re-instantiated by the System Administrator.,not about periodic execution or efficacy performance,not about periodic execution or efficacy performance,0.6536430716514587
Only the System Administrator shall be able to reset a revoked user logon account,not about periodic execution or efficacy performance,not about periodic execution or efficacy performance,0.6569209098815918
The Disputes application shall manipulate and view business data. Users will not have direct access to data files or databases.,not about periodic execution or efficacy performance,not about periodic execution or efficacy performance,0.6347795128822327
All updates to data files or database must be initiated from the Disputes System.,not about periodic execution or efficacy performance,not about periodic execution or efficacy performance,0.621678352355957
The product must support Internet Explorer 5.5 and above.,not about periodic execution or efficacy performance,not about periodic execution or efficacy performance,0.7325975894927979
The product must support Mozilla Firefox 1.0 and above.,not about periodic execution or efficacy performance,not about periodic execution or efficacy performance,0.7580122947692871
The product shall interface with the Choice Parts System.  This provides the feed of recycled parts data.,not about periodic execution or efficacy performance,not about periodic execution or efficacy performance,0.6568347215652466
The product shall run on the existing hardware for all environments.,not about periodic execution or efficacy performance,not about periodic execution or efficacy performance,0.7160719037055969
The product shall adhere to the corporate Architecture guidelines,not about periodic execution or efficacy performance,periodic execution or efficacy performance,0.6748002767562866
The product shall be easy to use by Adjusters and Collision Estimators.  95% of Adjusters and Collision Estimators shall find the product easy to use.,not about periodic execution or efficacy performance,not about periodic execution or efficacy performance,0.5188391804695129
The product shall increase productivity of Collision Estimators. 80% of the Collision Estimators shall agree their productivity has increase within 1 month of using the product.,not about periodic execution or efficacy performance,not about periodic execution or efficacy performance,0.5590860843658447
Users shall feel satisfied using the product.  85% of all users will be satisfied with the product.,not about periodic execution or efficacy performance,not about periodic execution or efficacy performance,0.6018555164337158
The product shall be easy to learn by Adjusters and Collision Estimators.  The product shall be learned with two days onsite training,not about periodic execution or efficacy performance,not about periodic execution or efficacy performance,0.6027873158454895
The user shall easily locate instructions while using the product.  User help can be found within 90% of the system.,not about periodic execution or efficacy performance,not about periodic execution or efficacy performance,0.562839925289154
The search for recycled parts shall take no longer than 15 seconds.  The search results shall be returned in under 15 seconds.,periodic execution or efficacy performance,not about periodic execution or efficacy performance,0.6053223609924316
The search for the preferred repair facility shall take no longer than 8 seconds.  The preferred repair facility is returned within 8 seconds,periodic execution or efficacy performance,not about periodic execution or efficacy performance,0.6013897061347961
The recycled parts audit report shall be returned to the user within 10 seconds.  The audit report shall be returned within 10 seconds.,periodic execution or efficacy performance,not about periodic execution or efficacy performance,0.5641703605651855
The preferred repair facility ratings shall be saved within 5 seconds. The save shall occur within 5 seconds.,periodic execution or efficacy performance,not about periodic execution or efficacy performance,0.6326544880867004
 For estimators  the product shall be able to be operated in a repair facility during dirty and noisy conditions.,not about periodic execution or efficacy performance,not about periodic execution or efficacy performance,0.5422425866127014
The product shall interface with the ChoiceParts system once per day at approximately 1:00 AM.,not about periodic execution or efficacy performance,not about periodic execution or efficacy performance,0.6939564943313599
The maintenance of the product will fall within the established corporate maintenance windows.,not about periodic execution or efficacy performance,not about periodic execution or efficacy performance,0.6322299242019653
The product shall be supported using the corporate support center.,not about periodic execution or efficacy performance,not about periodic execution or efficacy performance,0.6820504665374756
Product installations and upgrades shall be handled by the middleware technology team within established launch time frames.,not about periodic execution or efficacy performance,not about periodic execution or efficacy performance,0.6525682210922241
Only adjusters can request recycled parts audit reports. No users without an adjuster role shall request recycled parts audits.,not about periodic execution or efficacy performance,not about periodic execution or efficacy performance,0.6378242373466492
Only adjusters with a supervisor role can update preferred repair facility ratings. Users without the supervisor role cannot access the repair facility ratings.,not about periodic execution or efficacy performance,not about periodic execution or efficacy performance,0.5899543166160583
Only collision estimators shall search for recycled parts.  Users without the collision estimator role shall not have access to the search for recycled parts.,not about periodic execution or efficacy performance,not about periodic execution or efficacy performance,0.5795831084251404
Only valid data shall be entered into the system.  No invalid data shall be entered into the system.,not about periodic execution or efficacy performance,not about periodic execution or efficacy performance,0.6468536853790283
One insurance company shall not be able to view another insurance companys claim data.,not about periodic execution or efficacy performance,not about periodic execution or efficacy performance,0.6700549125671387
The product shall free of computer viruses.,not about periodic execution or efficacy performance,periodic execution or efficacy performance,0.6918504238128662
The system shall prevent malicious attacks including denial of service.,not about periodic execution or efficacy performance,not about periodic execution or efficacy performance,0.7829594016075134
 The product must work with most database management systems (DBMS) on the market  whether the DBMS is colocated with the product on the same machine or is located on a different machine on the computer network.,not about periodic execution or efficacy performance,not about periodic execution or efficacy performance,0.4751676619052887
The product will function alongside server software on any operating system where the Java runtime can be installed.,not about periodic execution or efficacy performance,not about periodic execution or efficacy performance,0.6155586242675781
The product will require collaboration with a database management system (DBMS).  The DBMS may be located on the same machine as the product or on a separate machine residing on the same computer network.,not about periodic execution or efficacy performance,not about periodic execution or efficacy performance,0.48354285955429077
 The product must make use of web/application server technology.  Open source examples include Apache web server  Tomcat  and the JBoss application server.,not about periodic execution or efficacy performance,not about periodic execution or efficacy performance,0.536100447177887
 A database management system such as Oracle  DB2  MySql or HSQL will need to be integrated with the product.,not about periodic execution or efficacy performance,not about periodic execution or efficacy performance,0.5865421295166016
The product shall make the users want to use it. 80% of the users surveyed report they are regularly using the product after the first 2 weeks post-launch.,not about periodic execution or efficacy performance,not about periodic execution or efficacy performance,0.461809366941452
The product shall be easy to use. 90% of users will be able to successfully reserve a conference room within 5 minutes of product use.,not about periodic execution or efficacy performance,not about periodic execution or efficacy performance,0.49825814366340637
The product shall give users feedback when necessary. 80% of the users surveyed report that the product accurately confirms their actions.,not about periodic execution or efficacy performance,not about periodic execution or efficacy performance,0.5678529739379883
The product shall allow the user to select a chosen language from one of the target market countries.,not about periodic execution or efficacy performance,not about periodic execution or efficacy performance,0.5822683572769165
The product shall allow for customization of start page and views preferences.,not about periodic execution or efficacy performance,not about periodic execution or efficacy performance,0.629170298576355
 An employee will be able to successfully use the product within a few minutes.  After informally navigating the product for less than 15 minutes  users shall be able to successfully setup meetings and reserve conference rooms.,not about periodic execution or efficacy performance,not about periodic execution or efficacy performance,0.5031248927116394
The product shall use a standard navigation menu familiar to most web users.,not about periodic execution or efficacy performance,not about periodic execution or efficacy performance,0.6456811428070068
The product shall allow for intuitive searching of available conference rooms.,not about periodic execution or efficacy performance,not about periodic execution or efficacy performance,0.7267228364944458
The product shall conform to the Americans with Disabilities Act.,not about periodic execution or efficacy performance,not about periodic execution or efficacy performance,0.7229947447776794
The response shall be fast enough to avoid interrupting the user’s flow of thought.  90% of tasks shall complete within 5 seconds.  98% of tasks shall complete within 8 seconds.,periodic execution or efficacy performance,not about periodic execution or efficacy performance,0.5072159767150879
The product shall be used in office environments.,not about periodic execution or efficacy performance,periodic execution or efficacy performance,0.7064594626426697
The product must be able to interface with any HTML browser.  The product shall transmit data between the user and the product without problems. The product shall display HTML properly in 80% of all HTML browsers tested (minimum is to test 8 browsers).,not about periodic execution or efficacy performance,not about periodic execution or efficacy performance,0.4886432886123657
The product must be able to interface with various database management systems. The product shall communicate successfully with the database management system on 100% of all transactions.,not about periodic execution or efficacy performance,not about periodic execution or efficacy performance,0.5617300868034363
The product must be able to interface with various email servers. The product shall be able to send email.,not about periodic execution or efficacy performance,not about periodic execution or efficacy performance,0.5545071959495544
The product shall be available for distribution via the Internet as a binary or ZIP file.,not about periodic execution or efficacy performance,not about periodic execution or efficacy performance,0.6445128321647644
The product shall be available for distribution as a packaged CD.,not about periodic execution or efficacy performance,not about periodic execution or efficacy performance,0.6724546551704407
 The product will be available for licensing as a one-server  two-five servers  or five-or-more servers license.,not about periodic execution or efficacy performance,not about periodic execution or efficacy performance,0.578480064868927
A new user must be able to be added to the system within 10 minutes.  90% of new users are able to log into the system within 10 minutes.,not about periodic execution or efficacy performance,not about periodic execution or efficacy performance,0.44985994696617126
Every registered user will have access to the product’s support site via the Internet.  70% of registered users shall find a solution to their problem within 5 minutes of using the support site.,not about periodic execution or efficacy performance,not about periodic execution or efficacy performance,0.4949985444545746
 The product shall be translated into foreign languages other than the target market countries’ languages in future releases.  For each emerging target market  it shall take no more than 5 days to configure the product for that market’s language.,not about periodic execution or efficacy performance,not about periodic execution or efficacy performance,0.5033634901046753
 The product is expected to integrate with multiple database management systems.  The product will operate with Oracle  SQL Server  DB2  MySQL  HSQL  and MS Access.,not about periodic execution or efficacy performance,not about periodic execution or efficacy performance,0.5102992057800293
The product shall be able to be installed in any operating environment within 2 days.,not about periodic execution or efficacy performance,not about periodic execution or efficacy performance,0.5816235542297363
The product shall ensure that only company employees or external users with company-approved user IDs may have product access.  100% of all logons shall be by either company employees or external users with company-approved user IDs.,not about periodic execution or efficacy performance,not about periodic execution or efficacy performance,0.5090520977973938
Only managers are able to perform search queries for reservations by user.  100% of all search queries for reservations by user shall be from logons of only management logons.,not about periodic execution or efficacy performance,not about periodic execution or efficacy performance,0.5436435341835022
The product shall ensure that the database’s data corresponds to the data entered by the user.  Each conference room reservation in the system will contain the same information as was entered by the user.,not about periodic execution or efficacy performance,not about periodic execution or efficacy performance,0.49141502380371094
The product shall prevent the input of malicious data.  The product and/or adjacent hardware/software systems’ data shall remain 100% uncorrupted each time malicious data is input into the product.,not about periodic execution or efficacy performance,not about periodic execution or efficacy performance,0.5091476440429688
The product shall have the ability to receive automatic software updates as new threats emerge.  100% of customers will be able to receive automatic software updates transmitted to the installed product.,not about periodic execution or efficacy performance,not about periodic execution or efficacy performance,0.46802958846092224
The product shall be able to display calendar dates and times according to the user’s locale.  90% of survey respondents from each target market country will find that the date and time formatting of the product is correct.,not about periodic execution or efficacy performance,not about periodic execution or efficacy performance,0.4483448266983032
The product must be developed with the J2SE/J2EE programming language libraries,not about periodic execution or efficacy performance,not about periodic execution or efficacy performance,0.7055860161781311
Recreation of Inventory Quantity Adjustment for the period of previous 30 days shall take no more than 30min.,periodic execution or efficacy performance,not about periodic execution or efficacy performance,0.6260337829589844
The System shall allow for a minimum of  6 users to work at the same time.,periodic execution or efficacy performance,not about periodic execution or efficacy performance,0.5786668658256531
The System shall utilize currently owned computer equipment.,not about periodic execution or efficacy performance,periodic execution or efficacy performance,0.8201810121536255
The System shall be able to automatically backup business data and restore them on demand.,not about periodic execution or efficacy performance,not about periodic execution or efficacy performance,0.5629948377609253
The System shall maintain consistent security.  Any changes in user passwords and/or permissions should take affect in all parts of the System.,not about periodic execution or efficacy performance,not about periodic execution or efficacy performance,0.572935163974762
The System shall granularly control access rights to all major subsystems.  It should be possible to assign access rights to all subsystems independently.,not about periodic execution or efficacy performance,not about periodic execution or efficacy performance,0.5611537098884583
The System shall not require additional third party licenses resulting in royalty fees.,not about periodic execution or efficacy performance,not about periodic execution or efficacy performance,0.7462912797927856
Administrator shall be able to activate a pre-paid card via the Administration section in under 5 seconds.,periodic execution or efficacy performance,not about periodic execution or efficacy performance,0.6029690504074097
 Customer shall be able to check the status of their prepaid card  by entering in the PIN number  in under 5 seconds.,periodic execution or efficacy performance,not about periodic execution or efficacy performance,0.5583165287971497
System shall let customers register on the website as a “pay as you go” user in under 5 minutes.,periodic execution or efficacy performance,not about periodic execution or efficacy performance,0.626460075378418
System shall let customers register on the website as a “unlimited movie subscriber” user in under 10 minutes.,periodic execution or efficacy performance,not about periodic execution or efficacy performance,0.6520088315010071
System shall let existing customers log into the website with their email address and password in under 5 seconds.,periodic execution or efficacy performance,not about periodic execution or efficacy performance,0.6147912740707397
 System shall let customers cancel their account  process shall take no longer than 2 minutes.  Database will mark the account as inactive  and user will not be able to log into the website.,periodic execution or efficacy performance,not about periodic execution or efficacy performance,0.5212892889976501
System shall let administrator de-activate a customer account in under 1 minute. Customer will no longer be able to access the website.,periodic execution or efficacy performance,not about periodic execution or efficacy performance,0.5892919898033142
System shall let administrator add/remove movies on the website in under 5 minutes.  Entered movie information will be stored in the database and will now be available on the website.,periodic execution or efficacy performance,not about periodic execution or efficacy performance,0.5027455687522888
System shall let the administrator add/remove categories on the website in under 5 minutes.,periodic execution or efficacy performance,not about periodic execution or efficacy performance,0.6605846285820007
System shall let Izogn Manager access sales and usage statistics in under 2 minutes.,periodic execution or efficacy performance,not about periodic execution or efficacy performance,0.7332121729850769
System shall let administrators generate unique pre-paid pins in under 2 minutes and generate an Excel file with the generated PINs.,periodic execution or efficacy performance,not about periodic execution or efficacy performance,0.5913476943969727
The product should be able to be used by 90% of novice users on the Internet.,not about periodic execution or efficacy performance,not about periodic execution or efficacy performance,0.5397590398788452
 Users should only have to navigate through a maximum of 4 pages  to create an account with the website.,not about periodic execution or efficacy performance,not about periodic execution or efficacy performance,0.5176606774330139
Users should be able to access their streaming movies in under 2 clicks after logging into the website.,not about periodic execution or efficacy performance,not about periodic execution or efficacy performance,0.5918112993240356
An anonymous survey will show that 70% of customers are comfortable purchasing streaming movies after 2 weeks using the website.,not about periodic execution or efficacy performance,not about periodic execution or efficacy performance,0.6081286072731018
An anonymous survey will show that 95% of customers are comfortable using and purchasing pre-paid cards after a month of using the system.,not about periodic execution or efficacy performance,not about periodic execution or efficacy performance,0.5386564135551453
The product shall retain the customer’s buying preferences and information.,not about periodic execution or efficacy performance,not about periodic execution or efficacy performance,0.7239185571670532
The product shall be easy for customers with novice skills on the  Internet to purchase and watch streaming movies.  Customers should be able to purchase and watch a pre-determined movie in under 3 minutes.,not about periodic execution or efficacy performance,not about periodic execution or efficacy performance,0.4629392921924591
The product shall use symbols and words that are naturally understandable by users familiar with websites,not about periodic execution or efficacy performance,not about periodic execution or efficacy performance,0.6667152643203735
The website will use standard Internet conventions when interacting with the user.,not about periodic execution or efficacy performance,not about periodic execution or efficacy performance,0.7244888544082642
 Any interface between a user and the automated system shall have a maximum response time of 5 seconds  unless noted by an exception below.,periodic execution or efficacy performance,not about periodic execution or efficacy performance,0.5715177059173584
 When purchasing a streaming movie or pre-paid card via credit card  the processing time should have a maximum response time of 15 seconds.,periodic execution or efficacy performance,not about periodic execution or efficacy performance,0.552931547164917
 When streaming a movie  the buffering time should take no longer than 10 seconds (plus any latency on the user’s connection.),periodic execution or efficacy performance,not about periodic execution or efficacy performance,0.5922326445579529
 While streaming a movie  buffering should only occur if there is latency in the user’s connection.,periodic execution or efficacy performance,not about periodic execution or efficacy performance,0.5936897993087769
 All credit card information will be secured on the server  and only accessible by authorized Izogn administrators.  Information will be encrypted in the database.,not about periodic execution or efficacy performance,not about periodic execution or efficacy performance,0.559114933013916
All aspects of the website shall be accessed by a web browser over the Internet.,not about periodic execution or efficacy performance,not about periodic execution or efficacy performance,0.5967749357223511
The same hardware supporting the current website will be used to support the new system.,not about periodic execution or efficacy performance,not about periodic execution or efficacy performance,0.5468884706497192
 We must be able to interface with the following browsers: IE 5.X  6.0  Netscape 6.x  7.x  8.x and Firefox 1.0.,not about periodic execution or efficacy performance,not about periodic execution or efficacy performance,0.5337653160095215
Website must interface with the CyberSource API to process credit card transactions.,not about periodic execution or efficacy performance,not about periodic execution or efficacy performance,0.6813936233520508
Website must be fully operational with MSN TV2.,not about periodic execution or efficacy performance,not about periodic execution or efficacy performance,0.7810161113739014
Movies shall be encoded and streamed via Windows Media Player 9.0.,not about periodic execution or efficacy performance,not about periodic execution or efficacy performance,0.7645710706710815
Movies shall be encoded for 56k and 256k streams.,not about periodic execution or efficacy performance,not about periodic execution or efficacy performance,0.7042681574821472
Izogn Administrator must be able to update the category listings on the website within 2 minutes.,periodic execution or efficacy performance,not about periodic execution or efficacy performance,0.6112380027770996
Izogn Administrator must be able to add new products to the website within 2 minutes.,periodic execution or efficacy performance,not about periodic execution or efficacy performance,0.5923324823379517
The website will provide a help section with answers and solutions to common problems.,not about periodic execution or efficacy performance,not about periodic execution or efficacy performance,0.5931985378265381
The product shall be able to be installed in the specified environment within 1 working day.,not about periodic execution or efficacy performance,not about periodic execution or efficacy performance,0.5633388161659241
Only registered customers can purchase streaming movies.,not about periodic execution or efficacy performance,periodic execution or efficacy performance,0.7637280225753784
 A customer can only stream a movie if they purchased it  and are within the 2 day viewing period.,not about periodic execution or efficacy performance,not about periodic execution or efficacy performance,0.5742793679237366
Only authorized personnel can access customer records in the database.,not about periodic execution or efficacy performance,periodic execution or efficacy performance,0.6647994518280029
Only administrators can activate a pre-paid card.,not about periodic execution or efficacy performance,periodic execution or efficacy performance,0.6940979957580566
Only authorized personnel can access sales information.,not about periodic execution or efficacy performance,periodic execution or efficacy performance,0.7586499452590942
The website shall prevent its data from being corrupted when incorrect data is entered in.,not about periodic execution or efficacy performance,not about periodic execution or efficacy performance,0.6707488894462585
 The website shall protect itself from intentional abuse  and notify the administrator at all occurrences.,not about periodic execution or efficacy performance,not about periodic execution or efficacy performance,0.6672496795654297
Data integrity scripts will be run on a weekly basis to verify the integrity of the database.,not about periodic execution or efficacy performance,not about periodic execution or efficacy performance,0.586432695388794
 The website shall make its user aware of its information practices before collection data from them via a Privacy Policy  accessible on all pages of the website.,not about periodic execution or efficacy performance,not about periodic execution or efficacy performance,0.542070209980011
The system shall notify customers of changes to its information policy.,not about periodic execution or efficacy performance,not about periodic execution or efficacy performance,0.666240930557251
The system shall reveal private information only in compliance with the organization’s information policy.,not about periodic execution or efficacy performance,not about periodic execution or efficacy performance,0.6662352085113525
 All customer information will be stored on a secure database  accessible only to authorized personnel.,not about periodic execution or efficacy performance,not about periodic execution or efficacy performance,0.6406530737876892
All credit card information will be encrypted in the database.,not about periodic execution or efficacy performance,not about periodic execution or efficacy performance,0.6038743257522583
The streaming server will have anti-virus software to prevent infection of malicious viruses.,not about periodic execution or efficacy performance,not about periodic execution or efficacy performance,0.6224725842475891
The website should use Flash to provide animation on the home page.,not about periodic execution or efficacy performance,not about periodic execution or efficacy performance,0.6120193600654602
Total lead cycle time must be completed in 5 minutes for 90% of lead volume between the business hours of 8AM CST to 8PM CST  then 3 minutes for 99% of lead volume during off business hours.,periodic execution or efficacy performance,not about periodic execution or efficacy performance,0.4861837327480316
No lead evaluation will complete in a time period longer than 25 seconds for 97% of all leads processed.,periodic execution or efficacy performance,not about periodic execution or efficacy performance,0.6730912923812866
For leads that process longer than 25 seconds the system will record the event and duration,periodic execution or efficacy performance,not about periodic execution or efficacy performance,0.6120373010635376
The process must fit within the processing time conditions set forth by the Auto Rep Assignment process in which a lead is assigned within 3 minutes of the total life cycle.,periodic execution or efficacy performance,not about periodic execution or efficacy performance,0.510775625705719
The lead washing process will operate within the established physical web service structure.,not about periodic execution or efficacy performance,not about periodic execution or efficacy performance,0.7370458841323853
 The washing process must use a non binding  neutral data format  such as xml  when receiving and processing lead data.,not about periodic execution or efficacy performance,not about periodic execution or efficacy performance,0.6164143681526184
The product shall able to handle a large number of games simultaneously.,periodic execution or efficacy performance,not about periodic execution or efficacy performance,0.5893451571464539
The response time shall be fast enough to maintain the flow of the game.  The response time shall be no more than 2 seconds for 95% of responses and no more than 4% for the remaining responses.,periodic execution or efficacy performance,not about periodic execution or efficacy performance,0.4803013801574707
The product shall protect the identity of the players. The product shall provide players no access to information that might reveal the identity of another player.,periodic execution or efficacy performance,not about periodic execution or efficacy performance,0.5280739068984985
The product shall be intuitive and self-explanatory.  Nine out ten users shall be able to successfully complete a game with no training.,not about periodic execution or efficacy performance,not about periodic execution or efficacy performance,0.5935432314872742
 The product shall be available to players who understand English  Spanish and French.  The product shall allow the user to select the language upon accessing the product.,not about periodic execution or efficacy performance,not about periodic execution or efficacy performance,0.5173125863075256
The product shall provide players no access to information that might reveal the identity of another player,not about periodic execution or efficacy performance,not about periodic execution or efficacy performance,0.5935826301574707
The response time shall be fast enough to maintain the flow of the game. The response time shall be no more than 2 seconds for 95% of responses and no more than 4% for the remaining responses.,periodic execution or efficacy performance,not about periodic execution or efficacy performance,0.4746602475643158
The system shall be easy to use by callers and supervisors. Callers and supervisors must be able to accomplish any system task within 2 minutes.,not about periodic execution or efficacy performance,not about periodic execution or efficacy performance,0.5063028335571289
The system shall be easy to learn by callers and supervisors. Callers and supervisors shall learn how to use the system within 10 minutes.,not about periodic execution or efficacy performance,not about periodic execution or efficacy performance,0.5196019411087036
 The system shall be responsive. At the DePaul TeleServices Center  when a supervisor uses the system to view a callers schedule  the system response time must be no more than 2 seconds 90% of the time and no more than 5 seconds the rest of the time.,periodic execution or efficacy performance,not about periodic execution or efficacy performance,0.44756609201431274
 On a 56k connection  the system response time for all operations must be no more than 6 seconds 90% of the time.,periodic execution or efficacy performance,not about periodic execution or efficacy performance,0.5427630543708801
 On a 112k connection or faster  the system response time for all operations must be no more than 3 seconds 90% of the time.,periodic execution or efficacy performance,not about periodic execution or efficacy performance,0.5094653367996216
The product shall ensure that only supervisors can advertise empty time slots.The product must ensure that supervisors are allowed to access advertise empty time slots.,not about periodic execution or efficacy performance,not about periodic execution or efficacy performance,0.5527241230010986
The product shall ensure that only supervisors can enter a caller’s schedule.The product must ensure that supervisors are allowed to access advertise empty time slots.,not about periodic execution or efficacy performance,not about periodic execution or efficacy performance,0.5461437106132507
The product shall ensure that only supervisors can view schedule of all callers.The product must ensure that supervisors are allowed to access advertise empty time slots.,not about periodic execution or efficacy performance,not about periodic execution or efficacy performance,0.5399124622344971
The product shall provide Monitoring Services.The product shall be easy for System Administrators and DBAs to use after two weeks of usage.,not about periodic execution or efficacy performance,not about periodic execution or efficacy performance,0.5832746028900146
The product shall provide Error Tracking Services.The product shall help the System Administrators and DBAs to resolve transaction errors 99% of the time.,not about periodic execution or efficacy performance,not about periodic execution or efficacy performance,0.57183837890625
The product shall provide Portals.The product shall help System Administrators to analyze the transactions with ad-hoc reporting and KPIs (Key Performance Indicators),not about periodic execution or efficacy performance,not about periodic execution or efficacy performance,0.5790771245956421
The product shall provide Asynchronous Messaging.The product shall provide asynchronous messaging to enable parallel processing and reduce the overhead in communications,periodic execution or efficacy performance,not about periodic execution or efficacy performance,0.6195527911186218
The product shall provide Multi-threading and Load Balancing.The product shall provide multi-threading technology as well as load balancing to overcome data load spikes and traffic.,periodic execution or efficacy performance,not about periodic execution or efficacy performance,0.5368596315383911
The product shall process messages within 2 seconds.The product shall have a maximum message processing time of 2 seconds,periodic execution or efficacy performance,not about periodic execution or efficacy performance,0.6378896832466125
The product shall poll the system for messages every second.The product shall poll the system for new messages at a maximum of every 1 second.,periodic execution or efficacy performance,not about periodic execution or efficacy performance,0.5584090948104858
The product shall provide Dynamic Change Support and Transparent resource addition.The product shall support Transparent Resource addition and Dynamic Change support to provide scalability and avoid service interruptions of more than 1 day.,periodic execution or efficacy performance,not about periodic execution or efficacy performance,0.509693443775177
The product shall be platform independent.The product shall enable access to any type of development environment and platform.,not about periodic execution or efficacy performance,not about periodic execution or efficacy performance,0.5818521976470947
The product shall interface CSR and Datastream.The product shall exchange messages between CSR and EAM on a real time basis without any direct interfaces between two systems.,not about periodic execution or efficacy performance,not about periodic execution or efficacy performance,0.5399731993675232
 The product shall have security.The product shall provide authentication  and authorization.,not about periodic execution or efficacy performance,not about periodic execution or efficacy performance,0.6729941368103027
The product shall information Security. The product shall enable privacy by encryption WS-Security and Integrity Checking.,not about periodic execution or efficacy performance,not about periodic execution or efficacy performance,0.6553836464881897
The product shall have audit capabilities.The product shall store messages for a minimum of one year for audit and transaction tracking purposes.,not about periodic execution or efficacy performance,not about periodic execution or efficacy performance,0.5614848136901855
The system must use a point and click interface. 100% of all selection and navigation functionality must be able to be activated/selected by either a mouse or a keyboard,not about periodic execution or efficacy performance,not about periodic execution or efficacy performance,0.4645962715148926
The interface shall be easy to use. 90% of users should be able to successfully use the system to generate a report on their first use. The interface should adhere to IBM usability standards.,not about periodic execution or efficacy performance,not about periodic execution or efficacy performance,0.46467217803001404
Rreports must be easy to generate. eports must be generated within one button click and exported within one button click (after selecting the report),not about periodic execution or efficacy performance,not about periodic execution or efficacy performance,0.5502930283546448
A user shall be able to use the system without instruction after a short amount of time. After one use a user should understand and remember 90% of the system usage and navigation.,not about periodic execution or efficacy performance,not about periodic execution or efficacy performance,0.44342470169067383
All CCR users shall receive training before the WCS system is deployed. One training session will be held for 100% of CCR users before system deployment (based on a CCR user being available),not about periodic execution or efficacy performance,not about periodic execution or efficacy performance,0.5286480188369751
The WCS system shall use appropriate nomenclature and terminology as defined by the Corporate Community Grants organization. All interfaces and reports will undergo usability tests by CCR users.,not about periodic execution or efficacy performance,not about periodic execution or efficacy performance,0.5505893230438232
The WCS system shall be run in a Windows environment. The WCS shall be accessed by users through the Internet on an IBM computer running a Windows 2000 or above operating system.,not about periodic execution or efficacy performance,not about periodic execution or efficacy performance,0.5279051661491394
The Brio portion of the WCS system must be able to export files in spreadsheet form (Microsoft Excel and Lotus 1-2-3 formats).  Brio will provide buttons in the user interface that produce/export reports in .xls or .123 file formats.,not about periodic execution or efficacy performance,not about periodic execution or efficacy performance,0.4651249647140503
The system shall only be accessed by authorized Corporate Community Grants (CCR) employees. Users must be authenticated using their IBM intranet user name and password.,not about periodic execution or efficacy performance,not about periodic execution or efficacy performance,0.5645291209220886
The WCS system shall not allow automatic logins by any user. Cookies containing WCS login information about a user will not be stored on a user’s computer.,not about periodic execution or efficacy performance,not about periodic execution or efficacy performance,0.5697178840637207
Each team owner will need to use a username and password in order to be authenticated to reach the team owner’s page,not about periodic execution or efficacy performance,not about periodic execution or efficacy performance,0.5135256052017212
The Commissioner will be the only authorized user per league to adjust league settings.,not about periodic execution or efficacy performance,not about periodic execution or efficacy performance,0.6524827480316162
;A new user shall be able to navigate through the league and team pages within 30 seconds of reaching the start-up page.,not about periodic execution or efficacy performance,not about periodic execution or efficacy performance,0.5308442711830139
Users shall be able to reach the ‘add’  ‘drop’  and ‘trade player’ pages with one click from the team owner’s page.,not about periodic execution or efficacy performance,not about periodic execution or efficacy performance,0.5091292858123779
;Users shall be able to view at least 25 NFL player statistics and points on each page.,not about periodic execution or efficacy performance,not about periodic execution or efficacy performance,0.6026155948638916
The application shall ask the user to confirm dropping a player or trading a player before performing the action.,not about periodic execution or efficacy performance,not about periodic execution or efficacy performance,0.557426393032074
The application shall be able to complete every user transaction within one fourth of a second of receiving the request over the network.,periodic execution or efficacy performance,not about periodic execution or efficacy performance,0.5284284949302673
The application shall run on a web application server.,not about periodic execution or efficacy performance,not about periodic execution or efficacy performance,0.6461208462715149
A primary database will be used to store cached data for active users.,not about periodic execution or efficacy performance,not about periodic execution or efficacy performance,0.659074068069458
A secondary database will be used to store historical statistics and data.,not about periodic execution or efficacy performance,not about periodic execution or efficacy performance,0.6671001315116882
98% of the user workstations shall meet the minimum hardware requirements prior to implementation. Minimum Hard Disk Space:  400MB.,not about periodic execution or efficacy performance,not about periodic execution or efficacy performance,0.5845378637313843
98% of the user workstations shall meet the minimum software requirements prior to implementation: Microsoft Internet Explorer 5.0. Microsoft .NET Framework 1.1. Microsoft Internet Explorer Web Controls,not about periodic execution or efficacy performance,not about periodic execution or efficacy performance,0.5618709325790405
The RFS system should be able to easily interface with the BDW environment  in order to load the data. •;7 data files shall be received from the BDW and loaded into the RFS system within 3 hours one day prior to the start of budgeting process  every year. The data will be as of October month-end. ;Test files (7) shall be loaded up to 5 times throughout the year  from the BDW.,not about periodic execution or efficacy performance,not about periodic execution or efficacy performance,0.43769371509552
Only authorized user shall access the RFS system. ONLY users that exist in the UAS system  with the RFS system assigned to their role(s)  shall access the RFS system and use it.,not about periodic execution or efficacy performance,not about periodic execution or efficacy performance,0.5081498622894287
;User access should be limited to the permissions granted to their role(s) Each level in the PCG hierarchy will be assigned a role and users will be assigned to these roles. Access to functionality within RFS system is dependent on the privileges/permission assigned to the role..,not about periodic execution or efficacy performance,not about periodic execution or efficacy performance,0.4752129912376404
The users should be able to easily use the system to successfully complete their budgets  within the stipulated time for completion. With a week of training prior to product implementation  98% of the users shall complete their budgets within the stipulated time.,not about periodic execution or efficacy performance,not about periodic execution or efficacy performance,0.4624038636684418
The product interface should be fast. The response time of the product interface should not exceed 2 seconds 90% of the time. For 10% of the time  the response time should not be more than 10 seconds.not be more than 10 seconds.,periodic execution or efficacy performance,not about periodic execution or efficacy performance,0.4277907609939575
