Requirement text,Gold label,Predicated label,ZSL score
The system shall refresh the display every 60 seconds.,performance,not about performance,0.8859227299690247
 If projected  the data must be readable.  On a 10x10 projection screen  90% of viewers must be able to read Event / Activity data from a viewing distance of 30,not about performance,not about performance,0.8214983940124512
 If projected  the data must be understandable. On a 10x10 projection screen  90% of viewers must be able to determine that Events or Activities are occuring in current time from a viewing distance of 100,not about performance,not about performance,0.8257684707641602
The product shall ensure that it can only be accessed by authorized users.  The product will be able to distinguish between authorized and unauthorized users in all access attempts,not about performance,not about performance,0.8300607204437256
The product shall be intuitive and self-explanatory.  :  90% of new users shall be able to start the display of Events or Activities within 90 minutes of using the product.,not about performance,not about performance,0.8290567398071289
The product shall respond fast to keep up-to-date data in the display.,performance,not about performance,0.8398802280426025
The system shall be used by realtors with no training.,not about performance,not about performance,0.8692899942398071
The system shall be intuitive and self explanatory.,not about performance,not about performance,0.8766922950744629
The product shall be easy for a realtor to learn.,not about performance,not about performance,0.8636400103569031
The product shall use symbols and words that are naturally understandable by the realtor community.,not about performance,not about performance,0.8540769815444946
The product shall produce search results in an acceptable time,performance,not about performance,0.8704346418380737
The search results shall be returned no later 30      seconds  after the user has entered the search criteria,performance,not about performance,0.8394237756729126
The product shall generate a CMA report in an acceptable time.,performance,not about performance,0.8671029210090637
The CMA report shall be returned no later 60 seconds after the user has entered the CMA report criteria.,performance,not about performance,0.8321539163589478
The product shall synchronize contacts and appointments in an acceptable time.,performance,not about performance,0.8597776293754578
The product shall synchronize with the office system every hour.,performance,not about performance,0.8738948702812195
The product shall be installed by an untrained realtor   without recourse to separately-printed instructions.,not about performance,not about performance,0.8376920223236084
90% of untrained realtors shall be able to install the product on their device without printed instructions,not about performance,not about performance,0.8339048027992249
Only registered realtors shall be able to access the system.,not about performance,not about performance,0.8656660318374634
Every user of the system shall be authenticated and authorized.,not about performance,not about performance,0.8661779165267944
The product shall prevent its data from incorrect data being introduced.,not about performance,not about performance,0.863980233669281
The system shall be easy to use by the Program Administrators/Nursing Staff Members.,not about performance,not about performance,0.8325241208076477
All of the users shall be able to use the system after one day of training.,not about performance,not about performance,0.8391280770301819
The system shall help the user avoid making mistakes while scheduling classes and clinicals for the nursing students.,not about performance,not about performance,0.8344955444335938
The number of mistakes noted by the students shall be decreased by 50% in the first year.,not about performance,not about performance,0.8410174250602722
The system shall be intuitive to the Program Administrators/Nursing Staff Members.,not about performance,not about performance,0.839991569519043
2 out of 3 Program Administrators/Nursing Staff Members shall successfully be able to use the system to manage the scheduling of classes and clinicals.,not about performance,not about performance,0.824059009552002
The system shall use symbols and words that are naturally understandable by the user community.,not about performance,not about performance,0.8550419807434082
The verbiage used within the system shall be consistent with Standard English and the terminology of the national Nursing Community.,not about performance,not about performance,0.8463596701622009
Staff members shall be able to complete a set of tasks in a timely manner.,performance,not about performance,0.8303015828132629
The response time of general student management tasks shall take no longer than 5 seconds and the response time of schedule generation shall take no longer than 30 seconds.,performance,not about performance,0.832875669002533
The system shall able to operate within a business office environment typical of the Nursing Department at DePaul University.,not about performance,not about performance,0.8412816524505615
The system shall be used within the specifications defined by the computers used by the Program Administrators/Nursing Staff Members.,not about performance,not about performance,0.8370894193649292
The system shall operate within the Windows XP Professional operating system.,not about performance,not about performance,0.8736782073974609
The system shall interface with CampusConnect’s central server,not about performance,not about performance,0.8763249516487122
The system shall interface with the faculty central server.,not about performance,not about performance,0.8879488110542297
The system shall interface with the student master server.,not about performance,not about performance,0.8921688795089722
We must be able to interface with any HTML browser.,not about performance,not about performance,0.8669465780258179
Only authorized users shall have access to clinical site information.,not about performance,not about performance,0.8574121594429016
Program Administrators/Nursing Staff Members are the only people who shall have access to clinical site details.,not about performance,not about performance,0.8326107263565063
Only authorized users shall have access to students’ personal information.,not about performance,not about performance,0.8511039018630981
Dr Susan Poslusny and Dr Julie Donalek are the only people who shall have access to students’ personal information.,not about performance,not about performance,0.8214012384414673
Only authorized users shall have access to the portion of the system that interfaces with CampusConnect.,not about performance,not about performance,0.8402774930000305
Fit Criterion: Dr Susan Poslusny and Karen Sysol are the only people who shall have access to the final class section scheduling for the system that interfaces with CampusConnect.,not about performance,not about performance,0.819431483745575
The system shall have basic data integrity checking to reduce the possibility of incorrect or invalid data being introduced.,not about performance,not about performance,0.83637535572052
The system shall protect private information in accordance with the organization’s information policy.,not about performance,not about performance,0.8467810153961182
The system shall be built such that it is as secure as possible from malicious interference.,not about performance,not about performance,0.8432884216308594
The system shall use the organization’s standard virus protection software to help monitor threats to itself.,not about performance,not about performance,0.8373160362243652
The list of dispute cases that are displayed after a search is performed must be color coded for easy identification of dispute cases based upon the dispute case status.,not about performance,not about performance,0.8336184024810791
100% of the cardmember and merchant services representatives shall use the Disputes application regularly after a 2-day training course.,not about performance,not about performance,0.8441935777664185
100% of cardmember services representatives shall be able to successfully create a dispute case on the first encounter after completing the training course.,not about performance,not about performance,0.84355628490448
100% of merchant services representatives shall be able to successfully perform a follow up action on a dispute case on the first encounter after completing the training course.,not about performance,not about performance,0.8388067483901978
The maximum wait time for a user navigating from one screen to another within the Disputes application shall be no more than 5 seconds.,performance,not about performance,0.8387827277183533
The Disputes application shall support 350 concurrent users without any degradation of performance in the application.,performance,not about performance,0.8598808646202087
 The Disputes application shall be available 24x7x365  with the exception of the following scheduled maintenance windows.  Monday – Saturday 3:00am to 4:00am EST Sunday 1:00amd to 5:00am EST,not about performance,not about performance,0.8289893865585327
The Disputes application shall interface with the Statement Database. The Statement Database provides the transaction details to the Disputes System. All transaction details must be obtained from the Statement Database,not about performance,not about performance,0.8353933095932007
The Disputes application shall interface with the Cardmember Information Database.  The Cardmember Information Database provides detailed information with regard to a cardmember.  All cardmember detail information must be obtained from the Cardmember Information Database.,not about performance,not about performance,0.8227457404136658
The Disputes applications shall interface with the Merchant Information Database.  The Merchant Information Database provides detailed information with regard to the merchant. All merchant detail information shall be obtained from the Merchant Information Database.,not about performance,not about performance,0.8328344821929932
The Disputes application shall interface with the Letters application.  This will allow the Disputes application to request letters as part of the dispute initiation and dispute follow up process. All letter requests must be sent to the Print Letter Utility application.,not about performance,not about performance,0.8297396898269653
The Disputes application shall interface with the Cardmember Posting and Billing System.  This will allow the Disputes application to request adjustments to cardmember and merchant’s accounts. All adjustment requests must be sent to the Cardmember Posting and Billing System.,not about performance,not about performance,0.8184463977813721
The Disputes application shall ensure that only users with the appropriate access level are allowed to initiate dispute requests.,not about performance,not about performance,0.8466646671295166
Only users with Update access must be able to initiate dispute requests.,not about performance,not about performance,0.8599607348442078
The Disputes application shall ensure that only authorized users are allowed to logon to the application.,not about performance,not about performance,0.8442583084106445
 All authorized users  once authenticated must be able to logon to the Disputes System,not about performance,not about performance,0.8470234274864197
The Disputes System shall generate a User Report that details any new users that have been added and any changes to an existing user’s access level.  The report will be reviewed for auditing purposes.,not about performance,not about performance,0.8274651765823364
All additions of new users and modifications to user’s access shall be recorded on the User Report.,not about performance,not about performance,0.8358339667320251
 If a user account is revoked  it can only be re-instantiated by the System Administrator.,not about performance,not about performance,0.8463455438613892
Only the System Administrator shall be able to reset a revoked user logon account,not about performance,not about performance,0.8492255210876465
The Disputes application shall manipulate and view business data. Users will not have direct access to data files or databases.,not about performance,not about performance,0.8462550640106201
All updates to data files or database must be initiated from the Disputes System.,not about performance,not about performance,0.845856785774231
The product must support Internet Explorer 5.5 and above.,not about performance,not about performance,0.8489510416984558
The product must support Mozilla Firefox 1.0 and above.,not about performance,not about performance,0.8433756232261658
The product shall interface with the Choice Parts System.  This provides the feed of recycled parts data.,not about performance,not about performance,0.8565266728401184
The product shall run on the existing hardware for all environments.,not about performance,not about performance,0.8676563501358032
The product shall adhere to the corporate Architecture guidelines,not about performance,not about performance,0.8749849796295166
The product shall be easy to use by Adjusters and Collision Estimators.  95% of Adjusters and Collision Estimators shall find the product easy to use.,not about performance,not about performance,0.8156734108924866
The product shall increase productivity of Collision Estimators. 80% of the Collision Estimators shall agree their productivity has increase within 1 month of using the product.,not about performance,not about performance,0.832663893699646
Users shall feel satisfied using the product.  85% of all users will be satisfied with the product.,not about performance,not about performance,0.8442198038101196
The product shall be easy to learn by Adjusters and Collision Estimators.  The product shall be learned with two days onsite training,not about performance,not about performance,0.8259716033935547
The user shall easily locate instructions while using the product.  User help can be found within 90% of the system.,not about performance,not about performance,0.8361270427703857
The search for recycled parts shall take no longer than 15 seconds.  The search results shall be returned in under 15 seconds.,performance,not about performance,0.8342424035072327
The search for the preferred repair facility shall take no longer than 8 seconds.  The preferred repair facility is returned within 8 seconds,performance,not about performance,0.8372288346290588
The recycled parts audit report shall be returned to the user within 10 seconds.  The audit report shall be returned within 10 seconds.,performance,not about performance,0.8275672793388367
The preferred repair facility ratings shall be saved within 5 seconds. The save shall occur within 5 seconds.,performance,not about performance,0.8377787470817566
 For estimators  the product shall be able to be operated in a repair facility during dirty and noisy conditions.,not about performance,not about performance,0.8294850587844849
The product shall interface with the ChoiceParts system once per day at approximately 1:00 AM.,not about performance,not about performance,0.8439936637878418
The maintenance of the product will fall within the established corporate maintenance windows.,not about performance,not about performance,0.8638296127319336
The product shall be supported using the corporate support center.,not about performance,not about performance,0.8740626573562622
Product installations and upgrades shall be handled by the middleware technology team within established launch time frames.,not about performance,not about performance,0.8409309387207031
Only adjusters can request recycled parts audit reports. No users without an adjuster role shall request recycled parts audits.,not about performance,not about performance,0.8292276859283447
Only adjusters with a supervisor role can update preferred repair facility ratings. Users without the supervisor role cannot access the repair facility ratings.,not about performance,not about performance,0.8305642008781433
Only collision estimators shall search for recycled parts.  Users without the collision estimator role shall not have access to the search for recycled parts.,not about performance,not about performance,0.833845317363739
Only valid data shall be entered into the system.  No invalid data shall be entered into the system.,not about performance,not about performance,0.8328874111175537
One insurance company shall not be able to view another insurance companys claim data.,not about performance,not about performance,0.8496326804161072
The product shall free of computer viruses.,not about performance,not about performance,0.8889799118041992
The system shall prevent malicious attacks including denial of service.,not about performance,not about performance,0.8804345726966858
 The product must work with most database management systems (DBMS) on the market  whether the DBMS is colocated with the product on the same machine or is located on a different machine on the computer network.,not about performance,not about performance,0.8206995129585266
The product will function alongside server software on any operating system where the Java runtime can be installed.,not about performance,not about performance,0.8570933938026428
The product will require collaboration with a database management system (DBMS).  The DBMS may be located on the same machine as the product or on a separate machine residing on the same computer network.,not about performance,not about performance,0.831303060054779
 The product must make use of web/application server technology.  Open source examples include Apache web server  Tomcat  and the JBoss application server.,not about performance,not about performance,0.8388766050338745
 A database management system such as Oracle  DB2  MySql or HSQL will need to be integrated with the product.,not about performance,not about performance,0.8373733162879944
The product shall make the users want to use it. 80% of the users surveyed report they are regularly using the product after the first 2 weeks post-launch.,not about performance,not about performance,0.8295862674713135
The product shall be easy to use. 90% of users will be able to successfully reserve a conference room within 5 minutes of product use.,not about performance,not about performance,0.8288339972496033
The product shall give users feedback when necessary. 80% of the users surveyed report that the product accurately confirms their actions.,not about performance,not about performance,0.841645359992981
The product shall allow the user to select a chosen language from one of the target market countries.,not about performance,not about performance,0.8435486555099487
The product shall allow for customization of start page and views preferences.,not about performance,not about performance,0.8531942963600159
 An employee will be able to successfully use the product within a few minutes.  After informally navigating the product for less than 15 minutes  users shall be able to successfully setup meetings and reserve conference rooms.,not about performance,not about performance,0.8195346593856812
The product shall use a standard navigation menu familiar to most web users.,not about performance,not about performance,0.8550130724906921
The product shall allow for intuitive searching of available conference rooms.,not about performance,not about performance,0.8537406921386719
The product shall conform to the Americans with Disabilities Act.,not about performance,not about performance,0.8650994300842285
The response shall be fast enough to avoid interrupting the user’s flow of thought.  90% of tasks shall complete within 5 seconds.  98% of tasks shall complete within 8 seconds.,performance,not about performance,0.8230718970298767
The product shall be used in office environments.,not about performance,not about performance,0.8822537660598755
The product must be able to interface with any HTML browser.  The product shall transmit data between the user and the product without problems. The product shall display HTML properly in 80% of all HTML browsers tested (minimum is to test 8 browsers).,not about performance,not about performance,0.8060246109962463
The product must be able to interface with various database management systems. The product shall communicate successfully with the database management system on 100% of all transactions.,not about performance,not about performance,0.8327538371086121
The product must be able to interface with various email servers. The product shall be able to send email.,not about performance,not about performance,0.83399897813797
The product shall be available for distribution via the Internet as a binary or ZIP file.,not about performance,not about performance,0.842704176902771
The product shall be available for distribution as a packaged CD.,not about performance,not about performance,0.858913242816925
 The product will be available for licensing as a one-server  two-five servers  or five-or-more servers license.,not about performance,not about performance,0.8346490263938904
A new user must be able to be added to the system within 10 minutes.  90% of new users are able to log into the system within 10 minutes.,not about performance,not about performance,0.8197759985923767
Every registered user will have access to the product’s support site via the Internet.  70% of registered users shall find a solution to their problem within 5 minutes of using the support site.,not about performance,not about performance,0.8203155398368835
 The product shall be translated into foreign languages other than the target market countries’ languages in future releases.  For each emerging target market  it shall take no more than 5 days to configure the product for that market’s language.,not about performance,not about performance,0.8269157409667969
 The product is expected to integrate with multiple database management systems.  The product will operate with Oracle  SQL Server  DB2  MySQL  HSQL  and MS Access.,not about performance,not about performance,0.824540376663208
The product shall be able to be installed in any operating environment within 2 days.,not about performance,not about performance,0.8465825319290161
The product shall ensure that only company employees or external users with company-approved user IDs may have product access.  100% of all logons shall be by either company employees or external users with company-approved user IDs.,not about performance,not about performance,0.8230909705162048
Only managers are able to perform search queries for reservations by user.  100% of all search queries for reservations by user shall be from logons of only management logons.,not about performance,not about performance,0.8219818472862244
The product shall ensure that the database’s data corresponds to the data entered by the user.  Each conference room reservation in the system will contain the same information as was entered by the user.,not about performance,not about performance,0.8230283260345459
The product shall prevent the input of malicious data.  The product and/or adjacent hardware/software systems’ data shall remain 100% uncorrupted each time malicious data is input into the product.,not about performance,not about performance,0.8130525946617126
The product shall have the ability to receive automatic software updates as new threats emerge.  100% of customers will be able to receive automatic software updates transmitted to the installed product.,not about performance,not about performance,0.8201808929443359
The product shall be able to display calendar dates and times according to the user’s locale.  90% of survey respondents from each target market country will find that the date and time formatting of the product is correct.,not about performance,not about performance,0.8190727829933167
The product must be developed with the J2SE/J2EE programming language libraries,not about performance,not about performance,0.8537746071815491
Recreation of Inventory Quantity Adjustment for the period of previous 30 days shall take no more than 30min.,performance,not about performance,0.8364717364311218
The System shall allow for a minimum of  6 users to work at the same time.,performance,not about performance,0.8455577492713928
The System shall utilize currently owned computer equipment.,not about performance,not about performance,0.8827359676361084
The System shall be able to automatically backup business data and restore them on demand.,not about performance,not about performance,0.8372563123703003
The System shall maintain consistent security.  Any changes in user passwords and/or permissions should take affect in all parts of the System.,not about performance,not about performance,0.8319389224052429
The System shall granularly control access rights to all major subsystems.  It should be possible to assign access rights to all subsystems independently.,not about performance,not about performance,0.8242174386978149
The System shall not require additional third party licenses resulting in royalty fees.,not about performance,not about performance,0.8638907670974731
Administrator shall be able to activate a pre-paid card via the Administration section in under 5 seconds.,performance,not about performance,0.8326889276504517
 Customer shall be able to check the status of their prepaid card  by entering in the PIN number  in under 5 seconds.,performance,not about performance,0.8375710844993591
System shall let customers register on the website as a “pay as you go” user in under 5 minutes.,performance,not about performance,0.8307825326919556
System shall let customers register on the website as a “unlimited movie subscriber” user in under 10 minutes.,performance,not about performance,0.8376856446266174
System shall let existing customers log into the website with their email address and password in under 5 seconds.,performance,not about performance,0.8463994860649109
 System shall let customers cancel their account  process shall take no longer than 2 minutes.  Database will mark the account as inactive  and user will not be able to log into the website.,performance,not about performance,0.8376414775848389
System shall let administrator de-activate a customer account in under 1 minute. Customer will no longer be able to access the website.,performance,not about performance,0.8349826335906982
System shall let administrator add/remove movies on the website in under 5 minutes.  Entered movie information will be stored in the database and will now be available on the website.,performance,not about performance,0.8339991569519043
System shall let the administrator add/remove categories on the website in under 5 minutes.,performance,not about performance,0.8485535383224487
System shall let Izogn Manager access sales and usage statistics in under 2 minutes.,performance,not about performance,0.8500006198883057
System shall let administrators generate unique pre-paid pins in under 2 minutes and generate an Excel file with the generated PINs.,performance,not about performance,0.8407408595085144
The product should be able to be used by 90% of novice users on the Internet.,not about performance,not about performance,0.8340102434158325
 Users should only have to navigate through a maximum of 4 pages  to create an account with the website.,not about performance,not about performance,0.8342804908752441
Users should be able to access their streaming movies in under 2 clicks after logging into the website.,not about performance,not about performance,0.8432983756065369
An anonymous survey will show that 70% of customers are comfortable purchasing streaming movies after 2 weeks using the website.,not about performance,not about performance,0.8389444351196289
An anonymous survey will show that 95% of customers are comfortable using and purchasing pre-paid cards after a month of using the system.,not about performance,not about performance,0.8424816131591797
The product shall retain the customer’s buying preferences and information.,not about performance,not about performance,0.8629217743873596
The product shall be easy for customers with novice skills on the  Internet to purchase and watch streaming movies.  Customers should be able to purchase and watch a pre-determined movie in under 3 minutes.,not about performance,not about performance,0.8142067790031433
The product shall use symbols and words that are naturally understandable by users familiar with websites,not about performance,not about performance,0.8582777380943298
The website will use standard Internet conventions when interacting with the user.,not about performance,not about performance,0.8576645851135254
 Any interface between a user and the automated system shall have a maximum response time of 5 seconds  unless noted by an exception below.,performance,not about performance,0.8302974700927734
 When purchasing a streaming movie or pre-paid card via credit card  the processing time should have a maximum response time of 15 seconds.,performance,not about performance,0.8324300050735474
 When streaming a movie  the buffering time should take no longer than 10 seconds (plus any latency on the user’s connection.),performance,not about performance,0.8421838283538818
 While streaming a movie  buffering should only occur if there is latency in the user’s connection.,performance,not about performance,0.8425257802009583
 All credit card information will be secured on the server  and only accessible by authorized Izogn administrators.  Information will be encrypted in the database.,not about performance,not about performance,0.8313766717910767
All aspects of the website shall be accessed by a web browser over the Internet.,not about performance,not about performance,0.8471018671989441
The same hardware supporting the current website will be used to support the new system.,not about performance,not about performance,0.8467884063720703
 We must be able to interface with the following browsers: IE 5.X  6.0  Netscape 6.x  7.x  8.x and Firefox 1.0.,not about performance,not about performance,0.8168630003929138
Website must interface with the CyberSource API to process credit card transactions.,not about performance,not about performance,0.8592200875282288
Website must be fully operational with MSN TV2.,not about performance,not about performance,0.8792769908905029
Movies shall be encoded and streamed via Windows Media Player 9.0.,not about performance,not about performance,0.8408558368682861
Movies shall be encoded for 56k and 256k streams.,not about performance,not about performance,0.8590929508209229
Izogn Administrator must be able to update the category listings on the website within 2 minutes.,performance,not about performance,0.8355528712272644
Izogn Administrator must be able to add new products to the website within 2 minutes.,performance,not about performance,0.831545352935791
The website will provide a help section with answers and solutions to common problems.,not about performance,not about performance,0.8491985201835632
The product shall be able to be installed in the specified environment within 1 working day.,not about performance,not about performance,0.8378797769546509
Only registered customers can purchase streaming movies.,not about performance,not about performance,0.8677676320075989
 A customer can only stream a movie if they purchased it  and are within the 2 day viewing period.,not about performance,not about performance,0.8460152745246887
Only authorized personnel can access customer records in the database.,not about performance,not about performance,0.8728013634681702
Only administrators can activate a pre-paid card.,not about performance,not about performance,0.8647415637969971
Only authorized personnel can access sales information.,not about performance,not about performance,0.8738793134689331
The website shall prevent its data from being corrupted when incorrect data is entered in.,not about performance,not about performance,0.8440821170806885
 The website shall protect itself from intentional abuse  and notify the administrator at all occurrences.,not about performance,not about performance,0.8448883295059204
Data integrity scripts will be run on a weekly basis to verify the integrity of the database.,not about performance,not about performance,0.8398216366767883
 The website shall make its user aware of its information practices before collection data from them via a Privacy Policy  accessible on all pages of the website.,not about performance,not about performance,0.8291929960250854
The system shall notify customers of changes to its information policy.,not about performance,not about performance,0.8508054614067078
The system shall reveal private information only in compliance with the organization’s information policy.,not about performance,not about performance,0.8405507206916809
 All customer information will be stored on a secure database  accessible only to authorized personnel.,not about performance,not about performance,0.8454214930534363
All credit card information will be encrypted in the database.,not about performance,not about performance,0.8677164912223816
The streaming server will have anti-virus software to prevent infection of malicious viruses.,not about performance,not about performance,0.8426437377929688
The website should use Flash to provide animation on the home page.,not about performance,not about performance,0.8474783897399902
Total lead cycle time must be completed in 5 minutes for 90% of lead volume between the business hours of 8AM CST to 8PM CST  then 3 minutes for 99% of lead volume during off business hours.,performance,not about performance,0.8120778799057007
No lead evaluation will complete in a time period longer than 25 seconds for 97% of all leads processed.,performance,not about performance,0.8395422101020813
For leads that process longer than 25 seconds the system will record the event and duration,performance,not about performance,0.8541226387023926
The process must fit within the processing time conditions set forth by the Auto Rep Assignment process in which a lead is assigned within 3 minutes of the total life cycle.,performance,not about performance,0.8319487571716309
The lead washing process will operate within the established physical web service structure.,not about performance,not about performance,0.8594735860824585
 The washing process must use a non binding  neutral data format  such as xml  when receiving and processing lead data.,not about performance,not about performance,0.8300011157989502
The product shall able to handle a large number of games simultaneously.,performance,not about performance,0.8638232350349426
The response time shall be fast enough to maintain the flow of the game.  The response time shall be no more than 2 seconds for 95% of responses and no more than 4% for the remaining responses.,performance,not about performance,0.8275429010391235
The product shall protect the identity of the players. The product shall provide players no access to information that might reveal the identity of another player.,performance,not about performance,0.8312273621559143
The product shall be intuitive and self-explanatory.  Nine out ten users shall be able to successfully complete a game with no training.,not about performance,not about performance,0.8279600739479065
 The product shall be available to players who understand English  Spanish and French.  The product shall allow the user to select the language upon accessing the product.,not about performance,not about performance,0.8273894786834717
The product shall provide players no access to information that might reveal the identity of another player,not about performance,not about performance,0.83506840467453
The response time shall be fast enough to maintain the flow of the game. The response time shall be no more than 2 seconds for 95% of responses and no more than 4% for the remaining responses.,performance,not about performance,0.8275429010391235
The system shall be easy to use by callers and supervisors. Callers and supervisors must be able to accomplish any system task within 2 minutes.,not about performance,not about performance,0.8229772448539734
The system shall be easy to learn by callers and supervisors. Callers and supervisors shall learn how to use the system within 10 minutes.,not about performance,not about performance,0.824211835861206
 The system shall be responsive. At the DePaul TeleServices Center  when a supervisor uses the system to view a callers schedule  the system response time must be no more than 2 seconds 90% of the time and no more than 5 seconds the rest of the time.,performance,not about performance,0.8161824941635132
 On a 56k connection  the system response time for all operations must be no more than 6 seconds 90% of the time.,performance,not about performance,0.8376773595809937
 On a 112k connection or faster  the system response time for all operations must be no more than 3 seconds 90% of the time.,performance,not about performance,0.8355516195297241
The product shall ensure that only supervisors can advertise empty time slots.The product must ensure that supervisors are allowed to access advertise empty time slots.,not about performance,not about performance,0.8142136335372925
The product shall ensure that only supervisors can enter a caller’s schedule.The product must ensure that supervisors are allowed to access advertise empty time slots.,not about performance,not about performance,0.8228203058242798
The product shall ensure that only supervisors can view schedule of all callers.The product must ensure that supervisors are allowed to access advertise empty time slots.,not about performance,not about performance,0.8219078779220581
The product shall provide Monitoring Services.The product shall be easy for System Administrators and DBAs to use after two weeks of usage.,not about performance,not about performance,0.8291301131248474
The product shall provide Error Tracking Services.The product shall help the System Administrators and DBAs to resolve transaction errors 99% of the time.,not about performance,not about performance,0.8351091146469116
The product shall provide Portals.The product shall help System Administrators to analyze the transactions with ad-hoc reporting and KPIs (Key Performance Indicators),not about performance,not about performance,0.8236393928527832
The product shall provide Asynchronous Messaging.The product shall provide asynchronous messaging to enable parallel processing and reduce the overhead in communications,performance,not about performance,0.8279940485954285
The product shall provide Multi-threading and Load Balancing.The product shall provide multi-threading technology as well as load balancing to overcome data load spikes and traffic.,performance,not about performance,0.82127845287323
The product shall process messages within 2 seconds.The product shall have a maximum message processing time of 2 seconds,performance,not about performance,0.8398236632347107
The product shall poll the system for messages every second.The product shall poll the system for new messages at a maximum of every 1 second.,performance,not about performance,0.8305171132087708
The product shall provide Dynamic Change Support and Transparent resource addition.The product shall support Transparent Resource addition and Dynamic Change support to provide scalability and avoid service interruptions of more than 1 day.,performance,not about performance,0.8094854354858398
The product shall be platform independent.The product shall enable access to any type of development environment and platform.,not about performance,not about performance,0.8187518119812012
The product shall interface CSR and Datastream.The product shall exchange messages between CSR and EAM on a real time basis without any direct interfaces between two systems.,not about performance,not about performance,0.8275471925735474
 The product shall have security.The product shall provide authentication  and authorization.,not about performance,not about performance,0.8463637828826904
The product shall information Security. The product shall enable privacy by encryption WS-Security and Integrity Checking.,not about performance,not about performance,0.8324048519134521
The product shall have audit capabilities.The product shall store messages for a minimum of one year for audit and transaction tracking purposes.,not about performance,not about performance,0.8224555253982544
The system must use a point and click interface. 100% of all selection and navigation functionality must be able to be activated/selected by either a mouse or a keyboard,not about performance,not about performance,0.8280469179153442
The interface shall be easy to use. 90% of users should be able to successfully use the system to generate a report on their first use. The interface should adhere to IBM usability standards.,not about performance,not about performance,0.8210123777389526
Rreports must be easy to generate. eports must be generated within one button click and exported within one button click (after selecting the report),not about performance,not about performance,0.8234404921531677
A user shall be able to use the system without instruction after a short amount of time. After one use a user should understand and remember 90% of the system usage and navigation.,not about performance,not about performance,0.8206325769424438
All CCR users shall receive training before the WCS system is deployed. One training session will be held for 100% of CCR users before system deployment (based on a CCR user being available),not about performance,not about performance,0.8212710618972778
The WCS system shall use appropriate nomenclature and terminology as defined by the Corporate Community Grants organization. All interfaces and reports will undergo usability tests by CCR users.,not about performance,not about performance,0.841572105884552
The WCS system shall be run in a Windows environment. The WCS shall be accessed by users through the Internet on an IBM computer running a Windows 2000 or above operating system.,not about performance,not about performance,0.8351789712905884
The Brio portion of the WCS system must be able to export files in spreadsheet form (Microsoft Excel and Lotus 1-2-3 formats).  Brio will provide buttons in the user interface that produce/export reports in .xls or .123 file formats.,not about performance,not about performance,0.8103998899459839
The system shall only be accessed by authorized Corporate Community Grants (CCR) employees. Users must be authenticated using their IBM intranet user name and password.,not about performance,not about performance,0.8364458084106445
The WCS system shall not allow automatic logins by any user. Cookies containing WCS login information about a user will not be stored on a user’s computer.,not about performance,not about performance,0.839382529258728
Each team owner will need to use a username and password in order to be authenticated to reach the team owner’s page,not about performance,not about performance,0.8081334233283997
The Commissioner will be the only authorized user per league to adjust league settings.,not about performance,not about performance,0.8366600275039673
;A new user shall be able to navigate through the league and team pages within 30 seconds of reaching the start-up page.,not about performance,not about performance,0.8322776556015015
Users shall be able to reach the ‘add’  ‘drop’  and ‘trade player’ pages with one click from the team owner’s page.,not about performance,not about performance,0.8291279673576355
;Users shall be able to view at least 25 NFL player statistics and points on each page.,not about performance,not about performance,0.8324451446533203
The application shall ask the user to confirm dropping a player or trading a player before performing the action.,not about performance,not about performance,0.8357810974121094
The application shall be able to complete every user transaction within one fourth of a second of receiving the request over the network.,performance,not about performance,0.8345308303833008
The application shall run on a web application server.,not about performance,not about performance,0.8848046064376831
A primary database will be used to store cached data for active users.,not about performance,not about performance,0.855373203754425
A secondary database will be used to store historical statistics and data.,not about performance,not about performance,0.8514811992645264
98% of the user workstations shall meet the minimum hardware requirements prior to implementation. Minimum Hard Disk Space:  400MB.,not about performance,not about performance,0.8308179974555969
98% of the user workstations shall meet the minimum software requirements prior to implementation: Microsoft Internet Explorer 5.0. Microsoft .NET Framework 1.1. Microsoft Internet Explorer Web Controls,not about performance,not about performance,0.8149719834327698
The RFS system should be able to easily interface with the BDW environment  in order to load the data. •;7 data files shall be received from the BDW and loaded into the RFS system within 3 hours one day prior to the start of budgeting process  every year. The data will be as of October month-end. ;Test files (7) shall be loaded up to 5 times throughout the year  from the BDW.,not about performance,not about performance,0.7981752157211304
Only authorized user shall access the RFS system. ONLY users that exist in the UAS system  with the RFS system assigned to their role(s)  shall access the RFS system and use it.,not about performance,not about performance,0.8042683601379395
;User access should be limited to the permissions granted to their role(s) Each level in the PCG hierarchy will be assigned a role and users will be assigned to these roles. Access to functionality within RFS system is dependent on the privileges/permission assigned to the role..,not about performance,not about performance,0.8027935028076172
The users should be able to easily use the system to successfully complete their budgets  within the stipulated time for completion. With a week of training prior to product implementation  98% of the users shall complete their budgets within the stipulated time.,not about performance,not about performance,0.8161254525184631
The product interface should be fast. The response time of the product interface should not exceed 2 seconds 90% of the time. For 10% of the time  the response time should not be more than 10 seconds.not be more than 10 seconds.,performance,not about performance,0.8216357231140137
