,precision,recall,f1-score,support
"throughput, reliability, scalability, responsiveness, efficiency, workload, benchmark, latency, speed, improvement, or accuracy",0.7455621301775148,0.6461538461538462,0.6923076923076923,195.0
"not about throughput, reliability, scalability, responsiveness, efficiency, workload, benchmark, latency, speed, improvement, or accuracy",0.1375,0.2037037037037037,0.16417910447761197,54.0
accuracy,0.5502008032128514,0.5502008032128514,0.5502008032128514,0.5502008032128514
macro avg,0.4415310650887574,0.42492877492877495,0.42824339839265213,249.0
weighted avg,0.613693234476367,0.5502008032128514,0.5777737816939399,249.0
