,precision,recall,f1-score,support
"throughput, reliability, scalability, responsiveness, efficiency, workload, benchmark, latency, speed, improvement, or accuracy",0.9019607843137255,0.2358974358974359,0.37398373983739835,195.0
"not about throughput, reliability, scalability, responsiveness, efficiency, workload, benchmark, latency, speed, improvement, or accuracy",0.2474747474747475,0.9074074074074074,0.3888888888888889,54.0
accuracy,0.3815261044176707,0.3815261044176707,0.3815261044176707,0.3815261044176707
macro avg,0.5747177658942365,0.5716524216524217,0.3814363143631436,249.0
weighted avg,0.7600240534329833,0.3815261044176707,0.3772161818003722,249.0
