,precision,recall,f1-score,support
"throughput, reliability, scalability, responsiveness, efficiency, workload, benchmark, latency, speed, improvement, or accuracy",0.15517241379310345,0.3333333333333333,0.21176470588235294,54.0
"usability, security, operational, look & feel, legal, fault & tolerance, maintainability, scalability, availability, or portability",0.7293233082706767,0.49743589743589745,0.5914634146341463,195.0
accuracy,0.46184738955823296,0.46184738955823296,0.46184738955823296,0.46184738955823296
macro avg,0.44224786103189007,0.41538461538461535,0.40161406025824964,249.0
weighted avg,0.6048086564562632,0.46184738955823296,0.5091191163506249,249.0
