,precision,recall,f1-score,support
"throughput, reliability, scalability, responsiveness, efficiency, workload, benchmark, latency, speed, improvement, accuracy, achieve, tuning, bottleneck, better, high, optimize, effectiveness, low, enhances, reducing, incresaed, quality, faster, or degrades",0.2,0.018518518518518517,0.03389830508474576,54.0
"usability, security, operational, look & feel, legal, fault & tolerance, maintainability, scalability, availability, or portability",0.7827868852459017,0.9794871794871794,0.8701594533029613,195.0
accuracy,0.7710843373493976,0.7710843373493976,0.7710843373493976,0.7710843373493976
macro avg,0.4913934426229508,0.49900284900284897,0.45202887919385354,249.0
weighted avg,0.6563993679636579,0.7710843373493976,0.6888016139303363,249.0
