,precision,recall,f1-score,support
"throughput, reliability, scalability, responsiveness, efficiency, workload, benchmark, latency, speed, improvement, accuracy, achieve, tuning, bottleneck, better, high, optimize, effectiveness, low, enhances, reducing, incresaed, quality, faster, or degrades",0.0,0.0,0.0,54.0
"usability, security, operational, look & feel, legal, fault & tolerance, maintainability, scalability, availability, or portability",0.782258064516129,0.9948717948717949,0.8758465011286681,195.0
accuracy,0.7791164658634538,0.7791164658634538,0.7791164658634538,0.7791164658634538
macro avg,0.3911290322580645,0.49743589743589745,0.43792325056433407,249.0
weighted avg,0.6126117372716673,0.7791164658634538,0.6859038864260655,249.0
