,precision,recall,f1-score,support
"throughput, reliability, scalability, responsiveness, efficiency, workload, benchmark, latency, speed, improvement, or accuracy",0.0,0.0,0.0,54.0
"usability, security, operational, look & feel, legal, fault & tolerance, maintainability, scalability, availability, or portability",0.7768595041322314,0.9641025641025641,0.8604118993135011,195.0
accuracy,0.7550200803212851,0.7550200803212851,0.7550200803212851,0.7550200803212851
macro avg,0.3884297520661157,0.48205128205128206,0.4302059496567506,249.0
weighted avg,0.6083839490192173,0.7550200803212851,0.6738165476551514,249.0
