Requirement text,Gold label,Predicated label,ZSL score
The system shall refresh the display every 60 seconds.,periodic execution or efficacy performance,not about periodic execution or efficacy performance,0.9329275488853455
 If projected  the data must be readable.  On a 10x10 projection screen  90% of viewers must be able to read Event / Activity data from a viewing distance of 30,not about periodic execution or efficacy performance,not about periodic execution or efficacy performance,0.8819430470466614
 If projected  the data must be understandable. On a 10x10 projection screen  90% of viewers must be able to determine that Events or Activities are occuring in current time from a viewing distance of 100,not about periodic execution or efficacy performance,not about periodic execution or efficacy performance,0.8829888105392456
The product shall ensure that it can only be accessed by authorized users.  The product will be able to distinguish between authorized and unauthorized users in all access attempts,not about periodic execution or efficacy performance,not about periodic execution or efficacy performance,0.8831298351287842
The product shall be intuitive and self-explanatory.  :  90% of new users shall be able to start the display of Events or Activities within 90 minutes of using the product.,not about periodic execution or efficacy performance,not about periodic execution or efficacy performance,0.8827782869338989
The product shall respond fast to keep up-to-date data in the display.,periodic execution or efficacy performance,not about periodic execution or efficacy performance,0.9038894176483154
The system shall be used by realtors with no training.,not about periodic execution or efficacy performance,not about periodic execution or efficacy performance,0.9320252537727356
The system shall be intuitive and self explanatory.,not about periodic execution or efficacy performance,not about periodic execution or efficacy performance,0.9262645840644836
The product shall be easy for a realtor to learn.,not about periodic execution or efficacy performance,not about periodic execution or efficacy performance,0.9289149641990662
The product shall use symbols and words that are naturally understandable by the realtor community.,not about periodic execution or efficacy performance,not about periodic execution or efficacy performance,0.9113736748695374
The product shall produce search results in an acceptable time,periodic execution or efficacy performance,not about periodic execution or efficacy performance,0.9222293496131897
The search results shall be returned no later 30      seconds  after the user has entered the search criteria,periodic execution or efficacy performance,not about periodic execution or efficacy performance,0.9043715000152588
The product shall generate a CMA report in an acceptable time.,periodic execution or efficacy performance,not about periodic execution or efficacy performance,0.9240860342979431
The CMA report shall be returned no later 60 seconds after the user has entered the CMA report criteria.,periodic execution or efficacy performance,not about periodic execution or efficacy performance,0.8954643607139587
The product shall synchronize contacts and appointments in an acceptable time.,periodic execution or efficacy performance,not about periodic execution or efficacy performance,0.9152936935424805
The product shall synchronize with the office system every hour.,periodic execution or efficacy performance,not about periodic execution or efficacy performance,0.9228415489196777
The product shall be installed by an untrained realtor   without recourse to separately-printed instructions.,not about periodic execution or efficacy performance,not about periodic execution or efficacy performance,0.904549777507782
90% of untrained realtors shall be able to install the product on their device without printed instructions,not about periodic execution or efficacy performance,not about periodic execution or efficacy performance,0.9017245173454285
Only registered realtors shall be able to access the system.,not about periodic execution or efficacy performance,not about periodic execution or efficacy performance,0.9299459457397461
Every user of the system shall be authenticated and authorized.,not about periodic execution or efficacy performance,not about periodic execution or efficacy performance,0.9264855980873108
The product shall prevent its data from incorrect data being introduced.,not about periodic execution or efficacy performance,not about periodic execution or efficacy performance,0.9326170086860657
The system shall be easy to use by the Program Administrators/Nursing Staff Members.,not about periodic execution or efficacy performance,not about periodic execution or efficacy performance,0.9018946886062622
All of the users shall be able to use the system after one day of training.,not about periodic execution or efficacy performance,not about periodic execution or efficacy performance,0.9094249606132507
The system shall help the user avoid making mistakes while scheduling classes and clinicals for the nursing students.,not about periodic execution or efficacy performance,not about periodic execution or efficacy performance,0.8906315565109253
The number of mistakes noted by the students shall be decreased by 50% in the first year.,not about periodic execution or efficacy performance,not about periodic execution or efficacy performance,0.8991200923919678
The system shall be intuitive to the Program Administrators/Nursing Staff Members.,not about periodic execution or efficacy performance,not about periodic execution or efficacy performance,0.9040313959121704
2 out of 3 Program Administrators/Nursing Staff Members shall successfully be able to use the system to manage the scheduling of classes and clinicals.,not about periodic execution or efficacy performance,not about periodic execution or efficacy performance,0.8856713771820068
The system shall use symbols and words that are naturally understandable by the user community.,not about periodic execution or efficacy performance,not about periodic execution or efficacy performance,0.9120950102806091
The verbiage used within the system shall be consistent with Standard English and the terminology of the national Nursing Community.,not about periodic execution or efficacy performance,not about periodic execution or efficacy performance,0.90153968334198
Staff members shall be able to complete a set of tasks in a timely manner.,periodic execution or efficacy performance,not about periodic execution or efficacy performance,0.8993690609931946
The response time of general student management tasks shall take no longer than 5 seconds and the response time of schedule generation shall take no longer than 30 seconds.,periodic execution or efficacy performance,not about periodic execution or efficacy performance,0.8846701383590698
The system shall able to operate within a business office environment typical of the Nursing Department at DePaul University.,not about periodic execution or efficacy performance,not about periodic execution or efficacy performance,0.9015011787414551
The system shall be used within the specifications defined by the computers used by the Program Administrators/Nursing Staff Members.,not about periodic execution or efficacy performance,not about periodic execution or efficacy performance,0.895840585231781
The system shall operate within the Windows XP Professional operating system.,not about periodic execution or efficacy performance,not about periodic execution or efficacy performance,0.9282816648483276
The system shall interface with CampusConnect’s central server,not about periodic execution or efficacy performance,not about periodic execution or efficacy performance,0.9332705140113831
The system shall interface with the faculty central server.,not about periodic execution or efficacy performance,not about periodic execution or efficacy performance,0.9376226663589478
The system shall interface with the student master server.,not about periodic execution or efficacy performance,not about periodic execution or efficacy performance,0.9414033889770508
We must be able to interface with any HTML browser.,not about periodic execution or efficacy performance,not about periodic execution or efficacy performance,0.9365824460983276
Only authorized users shall have access to clinical site information.,not about periodic execution or efficacy performance,not about periodic execution or efficacy performance,0.9221921563148499
Program Administrators/Nursing Staff Members are the only people who shall have access to clinical site details.,not about periodic execution or efficacy performance,not about periodic execution or efficacy performance,0.8941712975502014
Only authorized users shall have access to students’ personal information.,not about periodic execution or efficacy performance,not about periodic execution or efficacy performance,0.9180806279182434
Dr Susan Poslusny and Dr Julie Donalek are the only people who shall have access to students’ personal information.,not about periodic execution or efficacy performance,not about periodic execution or efficacy performance,0.8845555186271667
Only authorized users shall have access to the portion of the system that interfaces with CampusConnect.,not about periodic execution or efficacy performance,not about periodic execution or efficacy performance,0.9042551517486572
Fit Criterion: Dr Susan Poslusny and Karen Sysol are the only people who shall have access to the final class section scheduling for the system that interfaces with CampusConnect.,not about periodic execution or efficacy performance,not about periodic execution or efficacy performance,0.8751879334449768
The system shall have basic data integrity checking to reduce the possibility of incorrect or invalid data being introduced.,not about periodic execution or efficacy performance,not about periodic execution or efficacy performance,0.9041814804077148
The system shall protect private information in accordance with the organization’s information policy.,not about periodic execution or efficacy performance,not about periodic execution or efficacy performance,0.9063137769699097
The system shall be built such that it is as secure as possible from malicious interference.,not about periodic execution or efficacy performance,not about periodic execution or efficacy performance,0.9073269367218018
The system shall use the organization’s standard virus protection software to help monitor threats to itself.,not about periodic execution or efficacy performance,not about periodic execution or efficacy performance,0.90416419506073
The list of dispute cases that are displayed after a search is performed must be color coded for easy identification of dispute cases based upon the dispute case status.,not about periodic execution or efficacy performance,not about periodic execution or efficacy performance,0.8894251585006714
100% of the cardmember and merchant services representatives shall use the Disputes application regularly after a 2-day training course.,not about periodic execution or efficacy performance,not about periodic execution or efficacy performance,0.9018513560295105
100% of cardmember services representatives shall be able to successfully create a dispute case on the first encounter after completing the training course.,not about periodic execution or efficacy performance,not about periodic execution or efficacy performance,0.8996477127075195
100% of merchant services representatives shall be able to successfully perform a follow up action on a dispute case on the first encounter after completing the training course.,not about periodic execution or efficacy performance,not about periodic execution or efficacy performance,0.8948372006416321
The maximum wait time for a user navigating from one screen to another within the Disputes application shall be no more than 5 seconds.,periodic execution or efficacy performance,not about periodic execution or efficacy performance,0.8975533246994019
The Disputes application shall support 350 concurrent users without any degradation of performance in the application.,periodic execution or efficacy performance,not about periodic execution or efficacy performance,0.9233874678611755
 The Disputes application shall be available 24x7x365  with the exception of the following scheduled maintenance windows.  Monday – Saturday 3:00am to 4:00am EST Sunday 1:00amd to 5:00am EST,not about periodic execution or efficacy performance,not about periodic execution or efficacy performance,0.8825914263725281
The Disputes application shall interface with the Statement Database. The Statement Database provides the transaction details to the Disputes System. All transaction details must be obtained from the Statement Database,not about periodic execution or efficacy performance,not about periodic execution or efficacy performance,0.8858546614646912
The Disputes application shall interface with the Cardmember Information Database.  The Cardmember Information Database provides detailed information with regard to a cardmember.  All cardmember detail information must be obtained from the Cardmember Information Database.,not about periodic execution or efficacy performance,not about periodic execution or efficacy performance,0.8708401918411255
The Disputes applications shall interface with the Merchant Information Database.  The Merchant Information Database provides detailed information with regard to the merchant. All merchant detail information shall be obtained from the Merchant Information Database.,not about periodic execution or efficacy performance,not about periodic execution or efficacy performance,0.8768593072891235
The Disputes application shall interface with the Letters application.  This will allow the Disputes application to request letters as part of the dispute initiation and dispute follow up process. All letter requests must be sent to the Print Letter Utility application.,not about periodic execution or efficacy performance,not about periodic execution or efficacy performance,0.8799716234207153
The Disputes application shall interface with the Cardmember Posting and Billing System.  This will allow the Disputes application to request adjustments to cardmember and merchant’s accounts. All adjustment requests must be sent to the Cardmember Posting and Billing System.,not about periodic execution or efficacy performance,not about periodic execution or efficacy performance,0.8710740208625793
The Disputes application shall ensure that only users with the appropriate access level are allowed to initiate dispute requests.,not about periodic execution or efficacy performance,not about periodic execution or efficacy performance,0.9094830751419067
Only users with Update access must be able to initiate dispute requests.,not about periodic execution or efficacy performance,not about periodic execution or efficacy performance,0.9287059903144836
The Disputes application shall ensure that only authorized users are allowed to logon to the application.,not about periodic execution or efficacy performance,not about periodic execution or efficacy performance,0.9090766906738281
 All authorized users  once authenticated must be able to logon to the Disputes System,not about periodic execution or efficacy performance,not about periodic execution or efficacy performance,0.9179362058639526
The Disputes System shall generate a User Report that details any new users that have been added and any changes to an existing user’s access level.  The report will be reviewed for auditing purposes.,not about periodic execution or efficacy performance,not about periodic execution or efficacy performance,0.8803958296775818
All additions of new users and modifications to user’s access shall be recorded on the User Report.,not about periodic execution or efficacy performance,not about periodic execution or efficacy performance,0.9048010110855103
 If a user account is revoked  it can only be re-instantiated by the System Administrator.,not about periodic execution or efficacy performance,not about periodic execution or efficacy performance,0.9090001583099365
Only the System Administrator shall be able to reset a revoked user logon account,not about periodic execution or efficacy performance,not about periodic execution or efficacy performance,0.9173668622970581
The Disputes application shall manipulate and view business data. Users will not have direct access to data files or databases.,not about periodic execution or efficacy performance,not about periodic execution or efficacy performance,0.9050526022911072
All updates to data files or database must be initiated from the Disputes System.,not about periodic execution or efficacy performance,not about periodic execution or efficacy performance,0.9185964465141296
The product must support Internet Explorer 5.5 and above.,not about periodic execution or efficacy performance,not about periodic execution or efficacy performance,0.9137507081031799
The product must support Mozilla Firefox 1.0 and above.,not about periodic execution or efficacy performance,not about periodic execution or efficacy performance,0.9113353490829468
The product shall interface with the Choice Parts System.  This provides the feed of recycled parts data.,not about periodic execution or efficacy performance,not about periodic execution or efficacy performance,0.9166123270988464
The product shall run on the existing hardware for all environments.,not about periodic execution or efficacy performance,not about periodic execution or efficacy performance,0.9267489910125732
The product shall adhere to the corporate Architecture guidelines,not about periodic execution or efficacy performance,not about periodic execution or efficacy performance,0.9262173175811768
The product shall be easy to use by Adjusters and Collision Estimators.  95% of Adjusters and Collision Estimators shall find the product easy to use.,not about periodic execution or efficacy performance,not about periodic execution or efficacy performance,0.8731024265289307
The product shall increase productivity of Collision Estimators. 80% of the Collision Estimators shall agree their productivity has increase within 1 month of using the product.,not about periodic execution or efficacy performance,not about periodic execution or efficacy performance,0.882944643497467
Users shall feel satisfied using the product.  85% of all users will be satisfied with the product.,not about periodic execution or efficacy performance,not about periodic execution or efficacy performance,0.9065608382225037
The product shall be easy to learn by Adjusters and Collision Estimators.  The product shall be learned with two days onsite training,not about periodic execution or efficacy performance,not about periodic execution or efficacy performance,0.8882535099983215
The user shall easily locate instructions while using the product.  User help can be found within 90% of the system.,not about periodic execution or efficacy performance,not about periodic execution or efficacy performance,0.8944381475448608
The search for recycled parts shall take no longer than 15 seconds.  The search results shall be returned in under 15 seconds.,periodic execution or efficacy performance,not about periodic execution or efficacy performance,0.8946473598480225
The search for the preferred repair facility shall take no longer than 8 seconds.  The preferred repair facility is returned within 8 seconds,periodic execution or efficacy performance,not about periodic execution or efficacy performance,0.8986330628395081
The recycled parts audit report shall be returned to the user within 10 seconds.  The audit report shall be returned within 10 seconds.,periodic execution or efficacy performance,not about periodic execution or efficacy performance,0.8888982534408569
The preferred repair facility ratings shall be saved within 5 seconds. The save shall occur within 5 seconds.,periodic execution or efficacy performance,not about periodic execution or efficacy performance,0.8967808485031128
 For estimators  the product shall be able to be operated in a repair facility during dirty and noisy conditions.,not about periodic execution or efficacy performance,not about periodic execution or efficacy performance,0.8977919220924377
The product shall interface with the ChoiceParts system once per day at approximately 1:00 AM.,not about periodic execution or efficacy performance,not about periodic execution or efficacy performance,0.9112739562988281
The maintenance of the product will fall within the established corporate maintenance windows.,not about periodic execution or efficacy performance,not about periodic execution or efficacy performance,0.9213155508041382
The product shall be supported using the corporate support center.,not about periodic execution or efficacy performance,not about periodic execution or efficacy performance,0.9337313175201416
Product installations and upgrades shall be handled by the middleware technology team within established launch time frames.,not about periodic execution or efficacy performance,not about periodic execution or efficacy performance,0.9061023592948914
Only adjusters can request recycled parts audit reports. No users without an adjuster role shall request recycled parts audits.,not about periodic execution or efficacy performance,not about periodic execution or efficacy performance,0.8881959915161133
Only adjusters with a supervisor role can update preferred repair facility ratings. Users without the supervisor role cannot access the repair facility ratings.,not about periodic execution or efficacy performance,not about periodic execution or efficacy performance,0.8874109387397766
Only collision estimators shall search for recycled parts.  Users without the collision estimator role shall not have access to the search for recycled parts.,not about periodic execution or efficacy performance,not about periodic execution or efficacy performance,0.8876997232437134
Only valid data shall be entered into the system.  No invalid data shall be entered into the system.,not about periodic execution or efficacy performance,not about periodic execution or efficacy performance,0.8976495265960693
One insurance company shall not be able to view another insurance companys claim data.,not about periodic execution or efficacy performance,not about periodic execution or efficacy performance,0.9158604145050049
The product shall free of computer viruses.,not about periodic execution or efficacy performance,not about periodic execution or efficacy performance,0.9332830905914307
The system shall prevent malicious attacks including denial of service.,not about periodic execution or efficacy performance,not about periodic execution or efficacy performance,0.9390360116958618
 The product must work with most database management systems (DBMS) on the market  whether the DBMS is colocated with the product on the same machine or is located on a different machine on the computer network.,not about periodic execution or efficacy performance,not about periodic execution or efficacy performance,0.8744062781333923
The product will function alongside server software on any operating system where the Java runtime can be installed.,not about periodic execution or efficacy performance,not about periodic execution or efficacy performance,0.9204027652740479
The product will require collaboration with a database management system (DBMS).  The DBMS may be located on the same machine as the product or on a separate machine residing on the same computer network.,not about periodic execution or efficacy performance,not about periodic execution or efficacy performance,0.8802481889724731
 The product must make use of web/application server technology.  Open source examples include Apache web server  Tomcat  and the JBoss application server.,not about periodic execution or efficacy performance,not about periodic execution or efficacy performance,0.8965502381324768
 A database management system such as Oracle  DB2  MySql or HSQL will need to be integrated with the product.,not about periodic execution or efficacy performance,not about periodic execution or efficacy performance,0.9086738228797913
The product shall make the users want to use it. 80% of the users surveyed report they are regularly using the product after the first 2 weeks post-launch.,not about periodic execution or efficacy performance,not about periodic execution or efficacy performance,0.8802036046981812
The product shall be easy to use. 90% of users will be able to successfully reserve a conference room within 5 minutes of product use.,not about periodic execution or efficacy performance,not about periodic execution or efficacy performance,0.8879739046096802
The product shall give users feedback when necessary. 80% of the users surveyed report that the product accurately confirms their actions.,not about periodic execution or efficacy performance,not about periodic execution or efficacy performance,0.8986692428588867
The product shall allow the user to select a chosen language from one of the target market countries.,not about periodic execution or efficacy performance,not about periodic execution or efficacy performance,0.9081288576126099
The product shall allow for customization of start page and views preferences.,not about periodic execution or efficacy performance,not about periodic execution or efficacy performance,0.9153825044631958
 An employee will be able to successfully use the product within a few minutes.  After informally navigating the product for less than 15 minutes  users shall be able to successfully setup meetings and reserve conference rooms.,not about periodic execution or efficacy performance,not about periodic execution or efficacy performance,0.8755618333816528
The product shall use a standard navigation menu familiar to most web users.,not about periodic execution or efficacy performance,not about periodic execution or efficacy performance,0.9209022521972656
The product shall allow for intuitive searching of available conference rooms.,not about periodic execution or efficacy performance,not about periodic execution or efficacy performance,0.9155110120773315
The product shall conform to the Americans with Disabilities Act.,not about periodic execution or efficacy performance,not about periodic execution or efficacy performance,0.9248850345611572
The response shall be fast enough to avoid interrupting the user’s flow of thought.  90% of tasks shall complete within 5 seconds.  98% of tasks shall complete within 8 seconds.,periodic execution or efficacy performance,not about periodic execution or efficacy performance,0.8738797307014465
The product shall be used in office environments.,not about periodic execution or efficacy performance,not about periodic execution or efficacy performance,0.9308950901031494
The product must be able to interface with any HTML browser.  The product shall transmit data between the user and the product without problems. The product shall display HTML properly in 80% of all HTML browsers tested (minimum is to test 8 browsers).,not about periodic execution or efficacy performance,not about periodic execution or efficacy performance,0.8569704294204712
The product must be able to interface with various database management systems. The product shall communicate successfully with the database management system on 100% of all transactions.,not about periodic execution or efficacy performance,not about periodic execution or efficacy performance,0.8879142999649048
The product must be able to interface with various email servers. The product shall be able to send email.,not about periodic execution or efficacy performance,not about periodic execution or efficacy performance,0.8973631262779236
The product shall be available for distribution via the Internet as a binary or ZIP file.,not about periodic execution or efficacy performance,not about periodic execution or efficacy performance,0.9120654463768005
The product shall be available for distribution as a packaged CD.,not about periodic execution or efficacy performance,not about periodic execution or efficacy performance,0.9217922687530518
 The product will be available for licensing as a one-server  two-five servers  or five-or-more servers license.,not about periodic execution or efficacy performance,not about periodic execution or efficacy performance,0.8944094181060791
A new user must be able to be added to the system within 10 minutes.  90% of new users are able to log into the system within 10 minutes.,not about periodic execution or efficacy performance,not about periodic execution or efficacy performance,0.882758378982544
Every registered user will have access to the product’s support site via the Internet.  70% of registered users shall find a solution to their problem within 5 minutes of using the support site.,not about periodic execution or efficacy performance,not about periodic execution or efficacy performance,0.8755091428756714
 The product shall be translated into foreign languages other than the target market countries’ languages in future releases.  For each emerging target market  it shall take no more than 5 days to configure the product for that market’s language.,not about periodic execution or efficacy performance,not about periodic execution or efficacy performance,0.8757288455963135
 The product is expected to integrate with multiple database management systems.  The product will operate with Oracle  SQL Server  DB2  MySQL  HSQL  and MS Access.,not about periodic execution or efficacy performance,not about periodic execution or efficacy performance,0.8860799074172974
The product shall be able to be installed in any operating environment within 2 days.,not about periodic execution or efficacy performance,not about periodic execution or efficacy performance,0.9148832559585571
The product shall ensure that only company employees or external users with company-approved user IDs may have product access.  100% of all logons shall be by either company employees or external users with company-approved user IDs.,not about periodic execution or efficacy performance,not about periodic execution or efficacy performance,0.8700262308120728
Only managers are able to perform search queries for reservations by user.  100% of all search queries for reservations by user shall be from logons of only management logons.,not about periodic execution or efficacy performance,not about periodic execution or efficacy performance,0.8783170580863953
The product shall ensure that the database’s data corresponds to the data entered by the user.  Each conference room reservation in the system will contain the same information as was entered by the user.,not about periodic execution or efficacy performance,not about periodic execution or efficacy performance,0.8696107268333435
The product shall prevent the input of malicious data.  The product and/or adjacent hardware/software systems’ data shall remain 100% uncorrupted each time malicious data is input into the product.,not about periodic execution or efficacy performance,not about periodic execution or efficacy performance,0.8685150146484375
The product shall have the ability to receive automatic software updates as new threats emerge.  100% of customers will be able to receive automatic software updates transmitted to the installed product.,not about periodic execution or efficacy performance,not about periodic execution or efficacy performance,0.8774697780609131
The product shall be able to display calendar dates and times according to the user’s locale.  90% of survey respondents from each target market country will find that the date and time formatting of the product is correct.,not about periodic execution or efficacy performance,not about periodic execution or efficacy performance,0.8720493912696838
The product must be developed with the J2SE/J2EE programming language libraries,not about periodic execution or efficacy performance,not about periodic execution or efficacy performance,0.9232587218284607
Recreation of Inventory Quantity Adjustment for the period of previous 30 days shall take no more than 30min.,periodic execution or efficacy performance,not about periodic execution or efficacy performance,0.9006401300430298
The System shall allow for a minimum of  6 users to work at the same time.,periodic execution or efficacy performance,not about periodic execution or efficacy performance,0.909306526184082
The System shall utilize currently owned computer equipment.,not about periodic execution or efficacy performance,not about periodic execution or efficacy performance,0.9238430857658386
The System shall be able to automatically backup business data and restore them on demand.,not about periodic execution or efficacy performance,not about periodic execution or efficacy performance,0.9071424603462219
The System shall maintain consistent security.  Any changes in user passwords and/or permissions should take affect in all parts of the System.,not about periodic execution or efficacy performance,not about periodic execution or efficacy performance,0.8886500597000122
The System shall granularly control access rights to all major subsystems.  It should be possible to assign access rights to all subsystems independently.,not about periodic execution or efficacy performance,not about periodic execution or efficacy performance,0.8839483857154846
The System shall not require additional third party licenses resulting in royalty fees.,not about periodic execution or efficacy performance,not about periodic execution or efficacy performance,0.9244776368141174
Administrator shall be able to activate a pre-paid card via the Administration section in under 5 seconds.,periodic execution or efficacy performance,not about periodic execution or efficacy performance,0.8987690210342407
 Customer shall be able to check the status of their prepaid card  by entering in the PIN number  in under 5 seconds.,periodic execution or efficacy performance,not about periodic execution or efficacy performance,0.8990349769592285
System shall let customers register on the website as a “pay as you go” user in under 5 minutes.,periodic execution or efficacy performance,not about periodic execution or efficacy performance,0.8933374285697937
System shall let customers register on the website as a “unlimited movie subscriber” user in under 10 minutes.,periodic execution or efficacy performance,not about periodic execution or efficacy performance,0.9019775986671448
System shall let existing customers log into the website with their email address and password in under 5 seconds.,periodic execution or efficacy performance,not about periodic execution or efficacy performance,0.907142162322998
 System shall let customers cancel their account  process shall take no longer than 2 minutes.  Database will mark the account as inactive  and user will not be able to log into the website.,periodic execution or efficacy performance,not about periodic execution or efficacy performance,0.8876638412475586
System shall let administrator de-activate a customer account in under 1 minute. Customer will no longer be able to access the website.,periodic execution or efficacy performance,not about periodic execution or efficacy performance,0.8946197032928467
System shall let administrator add/remove movies on the website in under 5 minutes.  Entered movie information will be stored in the database and will now be available on the website.,periodic execution or efficacy performance,not about periodic execution or efficacy performance,0.8826556205749512
System shall let the administrator add/remove categories on the website in under 5 minutes.,periodic execution or efficacy performance,not about periodic execution or efficacy performance,0.9072598814964294
System shall let Izogn Manager access sales and usage statistics in under 2 minutes.,periodic execution or efficacy performance,not about periodic execution or efficacy performance,0.9170417189598083
System shall let administrators generate unique pre-paid pins in under 2 minutes and generate an Excel file with the generated PINs.,periodic execution or efficacy performance,not about periodic execution or efficacy performance,0.8931881189346313
The product should be able to be used by 90% of novice users on the Internet.,not about periodic execution or efficacy performance,not about periodic execution or efficacy performance,0.904536783695221
 Users should only have to navigate through a maximum of 4 pages  to create an account with the website.,not about periodic execution or efficacy performance,not about periodic execution or efficacy performance,0.9041188955307007
Users should be able to access their streaming movies in under 2 clicks after logging into the website.,not about periodic execution or efficacy performance,not about periodic execution or efficacy performance,0.9094553589820862
An anonymous survey will show that 70% of customers are comfortable purchasing streaming movies after 2 weeks using the website.,not about periodic execution or efficacy performance,not about periodic execution or efficacy performance,0.9020618796348572
An anonymous survey will show that 95% of customers are comfortable using and purchasing pre-paid cards after a month of using the system.,not about periodic execution or efficacy performance,not about periodic execution or efficacy performance,0.8974884748458862
The product shall retain the customer’s buying preferences and information.,not about periodic execution or efficacy performance,not about periodic execution or efficacy performance,0.9223334193229675
The product shall be easy for customers with novice skills on the  Internet to purchase and watch streaming movies.  Customers should be able to purchase and watch a pre-determined movie in under 3 minutes.,not about periodic execution or efficacy performance,not about periodic execution or efficacy performance,0.8657411932945251
The product shall use symbols and words that are naturally understandable by users familiar with websites,not about periodic execution or efficacy performance,not about periodic execution or efficacy performance,0.9172646403312683
The website will use standard Internet conventions when interacting with the user.,not about periodic execution or efficacy performance,not about periodic execution or efficacy performance,0.9201569557189941
 Any interface between a user and the automated system shall have a maximum response time of 5 seconds  unless noted by an exception below.,periodic execution or efficacy performance,not about periodic execution or efficacy performance,0.892579197883606
 When purchasing a streaming movie or pre-paid card via credit card  the processing time should have a maximum response time of 15 seconds.,periodic execution or efficacy performance,not about periodic execution or efficacy performance,0.8939255475997925
 When streaming a movie  the buffering time should take no longer than 10 seconds (plus any latency on the user’s connection.),periodic execution or efficacy performance,not about periodic execution or efficacy performance,0.90031498670578
 While streaming a movie  buffering should only occur if there is latency in the user’s connection.,periodic execution or efficacy performance,not about periodic execution or efficacy performance,0.9074596762657166
 All credit card information will be secured on the server  and only accessible by authorized Izogn administrators.  Information will be encrypted in the database.,not about periodic execution or efficacy performance,not about periodic execution or efficacy performance,0.8889008164405823
All aspects of the website shall be accessed by a web browser over the Internet.,not about periodic execution or efficacy performance,not about periodic execution or efficacy performance,0.9093769192695618
The same hardware supporting the current website will be used to support the new system.,not about periodic execution or efficacy performance,not about periodic execution or efficacy performance,0.9136577844619751
 We must be able to interface with the following browsers: IE 5.X  6.0  Netscape 6.x  7.x  8.x and Firefox 1.0.,not about periodic execution or efficacy performance,not about periodic execution or efficacy performance,0.86956787109375
Website must interface with the CyberSource API to process credit card transactions.,not about periodic execution or efficacy performance,not about periodic execution or efficacy performance,0.9305771589279175
Website must be fully operational with MSN TV2.,not about periodic execution or efficacy performance,not about periodic execution or efficacy performance,0.9348583221435547
Movies shall be encoded and streamed via Windows Media Player 9.0.,not about periodic execution or efficacy performance,not about periodic execution or efficacy performance,0.911642849445343
Movies shall be encoded for 56k and 256k streams.,not about periodic execution or efficacy performance,not about periodic execution or efficacy performance,0.9221964478492737
Izogn Administrator must be able to update the category listings on the website within 2 minutes.,periodic execution or efficacy performance,not about periodic execution or efficacy performance,0.9064306020736694
Izogn Administrator must be able to add new products to the website within 2 minutes.,periodic execution or efficacy performance,not about periodic execution or efficacy performance,0.9093503355979919
The website will provide a help section with answers and solutions to common problems.,not about periodic execution or efficacy performance,not about periodic execution or efficacy performance,0.9112605452537537
The product shall be able to be installed in the specified environment within 1 working day.,not about periodic execution or efficacy performance,not about periodic execution or efficacy performance,0.9031728506088257
Only registered customers can purchase streaming movies.,not about periodic execution or efficacy performance,periodic execution or efficacy performance,0.9206870198249817
 A customer can only stream a movie if they purchased it  and are within the 2 day viewing period.,not about periodic execution or efficacy performance,not about periodic execution or efficacy performance,0.9107100367546082
Only authorized personnel can access customer records in the database.,not about periodic execution or efficacy performance,not about periodic execution or efficacy performance,0.9269734025001526
Only administrators can activate a pre-paid card.,not about periodic execution or efficacy performance,not about periodic execution or efficacy performance,0.9185313582420349
Only authorized personnel can access sales information.,not about periodic execution or efficacy performance,periodic execution or efficacy performance,0.9320371150970459
The website shall prevent its data from being corrupted when incorrect data is entered in.,not about periodic execution or efficacy performance,not about periodic execution or efficacy performance,0.911605715751648
 The website shall protect itself from intentional abuse  and notify the administrator at all occurrences.,not about periodic execution or efficacy performance,not about periodic execution or efficacy performance,0.9129248857498169
Data integrity scripts will be run on a weekly basis to verify the integrity of the database.,not about periodic execution or efficacy performance,not about periodic execution or efficacy performance,0.9061110019683838
 The website shall make its user aware of its information practices before collection data from them via a Privacy Policy  accessible on all pages of the website.,not about periodic execution or efficacy performance,not about periodic execution or efficacy performance,0.8963820338249207
The system shall notify customers of changes to its information policy.,not about periodic execution or efficacy performance,not about periodic execution or efficacy performance,0.9215985536575317
The system shall reveal private information only in compliance with the organization’s information policy.,not about periodic execution or efficacy performance,not about periodic execution or efficacy performance,0.8981781601905823
 All customer information will be stored on a secure database  accessible only to authorized personnel.,not about periodic execution or efficacy performance,not about periodic execution or efficacy performance,0.9159867763519287
All credit card information will be encrypted in the database.,not about periodic execution or efficacy performance,not about periodic execution or efficacy performance,0.9286993145942688
The streaming server will have anti-virus software to prevent infection of malicious viruses.,not about periodic execution or efficacy performance,not about periodic execution or efficacy performance,0.9108984470367432
The website should use Flash to provide animation on the home page.,not about periodic execution or efficacy performance,not about periodic execution or efficacy performance,0.9165981411933899
Total lead cycle time must be completed in 5 minutes for 90% of lead volume between the business hours of 8AM CST to 8PM CST  then 3 minutes for 99% of lead volume during off business hours.,periodic execution or efficacy performance,not about periodic execution or efficacy performance,0.8724208474159241
No lead evaluation will complete in a time period longer than 25 seconds for 97% of all leads processed.,periodic execution or efficacy performance,not about periodic execution or efficacy performance,0.9068055152893066
For leads that process longer than 25 seconds the system will record the event and duration,periodic execution or efficacy performance,not about periodic execution or efficacy performance,0.9164762496948242
The process must fit within the processing time conditions set forth by the Auto Rep Assignment process in which a lead is assigned within 3 minutes of the total life cycle.,periodic execution or efficacy performance,not about periodic execution or efficacy performance,0.890204668045044
The lead washing process will operate within the established physical web service structure.,not about periodic execution or efficacy performance,not about periodic execution or efficacy performance,0.9260101914405823
 The washing process must use a non binding  neutral data format  such as xml  when receiving and processing lead data.,not about periodic execution or efficacy performance,not about periodic execution or efficacy performance,0.8990914225578308
The product shall able to handle a large number of games simultaneously.,periodic execution or efficacy performance,not about periodic execution or efficacy performance,0.9269109964370728
The response time shall be fast enough to maintain the flow of the game.  The response time shall be no more than 2 seconds for 95% of responses and no more than 4% for the remaining responses.,periodic execution or efficacy performance,not about periodic execution or efficacy performance,0.8785759210586548
The product shall protect the identity of the players. The product shall provide players no access to information that might reveal the identity of another player.,periodic execution or efficacy performance,not about periodic execution or efficacy performance,0.8869026303291321
The product shall be intuitive and self-explanatory.  Nine out ten users shall be able to successfully complete a game with no training.,not about periodic execution or efficacy performance,not about periodic execution or efficacy performance,0.8867899179458618
 The product shall be available to players who understand English  Spanish and French.  The product shall allow the user to select the language upon accessing the product.,not about periodic execution or efficacy performance,not about periodic execution or efficacy performance,0.8831961154937744
The product shall provide players no access to information that might reveal the identity of another player,not about periodic execution or efficacy performance,not about periodic execution or efficacy performance,0.903929591178894
The response time shall be fast enough to maintain the flow of the game. The response time shall be no more than 2 seconds for 95% of responses and no more than 4% for the remaining responses.,periodic execution or efficacy performance,not about periodic execution or efficacy performance,0.8785759210586548
The system shall be easy to use by callers and supervisors. Callers and supervisors must be able to accomplish any system task within 2 minutes.,not about periodic execution or efficacy performance,not about periodic execution or efficacy performance,0.8852205872535706
The system shall be easy to learn by callers and supervisors. Callers and supervisors shall learn how to use the system within 10 minutes.,not about periodic execution or efficacy performance,not about periodic execution or efficacy performance,0.8860062956809998
 The system shall be responsive. At the DePaul TeleServices Center  when a supervisor uses the system to view a callers schedule  the system response time must be no more than 2 seconds 90% of the time and no more than 5 seconds the rest of the time.,periodic execution or efficacy performance,not about periodic execution or efficacy performance,0.862502932548523
 On a 56k connection  the system response time for all operations must be no more than 6 seconds 90% of the time.,periodic execution or efficacy performance,not about periodic execution or efficacy performance,0.8960918188095093
 On a 112k connection or faster  the system response time for all operations must be no more than 3 seconds 90% of the time.,periodic execution or efficacy performance,not about periodic execution or efficacy performance,0.8961665034294128
The product shall ensure that only supervisors can advertise empty time slots.The product must ensure that supervisors are allowed to access advertise empty time slots.,not about periodic execution or efficacy performance,not about periodic execution or efficacy performance,0.8693943619728088
The product shall ensure that only supervisors can enter a caller’s schedule.The product must ensure that supervisors are allowed to access advertise empty time slots.,not about periodic execution or efficacy performance,not about periodic execution or efficacy performance,0.8776013255119324
The product shall ensure that only supervisors can view schedule of all callers.The product must ensure that supervisors are allowed to access advertise empty time slots.,not about periodic execution or efficacy performance,not about periodic execution or efficacy performance,0.8771450519561768
The product shall provide Monitoring Services.The product shall be easy for System Administrators and DBAs to use after two weeks of usage.,not about periodic execution or efficacy performance,not about periodic execution or efficacy performance,0.888795793056488
The product shall provide Error Tracking Services.The product shall help the System Administrators and DBAs to resolve transaction errors 99% of the time.,not about periodic execution or efficacy performance,not about periodic execution or efficacy performance,0.8882955312728882
The product shall provide Portals.The product shall help System Administrators to analyze the transactions with ad-hoc reporting and KPIs (Key Performance Indicators),not about periodic execution or efficacy performance,not about periodic execution or efficacy performance,0.8754368424415588
The product shall provide Asynchronous Messaging.The product shall provide asynchronous messaging to enable parallel processing and reduce the overhead in communications,periodic execution or efficacy performance,not about periodic execution or efficacy performance,0.8864305019378662
The product shall provide Multi-threading and Load Balancing.The product shall provide multi-threading technology as well as load balancing to overcome data load spikes and traffic.,periodic execution or efficacy performance,not about periodic execution or efficacy performance,0.8727729320526123
The product shall process messages within 2 seconds.The product shall have a maximum message processing time of 2 seconds,periodic execution or efficacy performance,not about periodic execution or efficacy performance,0.8998243808746338
The product shall poll the system for messages every second.The product shall poll the system for new messages at a maximum of every 1 second.,periodic execution or efficacy performance,not about periodic execution or efficacy performance,0.8837437629699707
The product shall provide Dynamic Change Support and Transparent resource addition.The product shall support Transparent Resource addition and Dynamic Change support to provide scalability and avoid service interruptions of more than 1 day.,periodic execution or efficacy performance,not about periodic execution or efficacy performance,0.8651414513587952
The product shall be platform independent.The product shall enable access to any type of development environment and platform.,not about periodic execution or efficacy performance,not about periodic execution or efficacy performance,0.8832484483718872
The product shall interface CSR and Datastream.The product shall exchange messages between CSR and EAM on a real time basis without any direct interfaces between two systems.,not about periodic execution or efficacy performance,not about periodic execution or efficacy performance,0.8829998970031738
 The product shall have security.The product shall provide authentication  and authorization.,not about periodic execution or efficacy performance,not about periodic execution or efficacy performance,0.9084610342979431
The product shall information Security. The product shall enable privacy by encryption WS-Security and Integrity Checking.,not about periodic execution or efficacy performance,not about periodic execution or efficacy performance,0.9002612829208374
The product shall have audit capabilities.The product shall store messages for a minimum of one year for audit and transaction tracking purposes.,not about periodic execution or efficacy performance,not about periodic execution or efficacy performance,0.8799651861190796
The system must use a point and click interface. 100% of all selection and navigation functionality must be able to be activated/selected by either a mouse or a keyboard,not about periodic execution or efficacy performance,not about periodic execution or efficacy performance,0.8874087929725647
The interface shall be easy to use. 90% of users should be able to successfully use the system to generate a report on their first use. The interface should adhere to IBM usability standards.,not about periodic execution or efficacy performance,not about periodic execution or efficacy performance,0.878178596496582
Rreports must be easy to generate. eports must be generated within one button click and exported within one button click (after selecting the report),not about periodic execution or efficacy performance,not about periodic execution or efficacy performance,0.8895420432090759
A user shall be able to use the system without instruction after a short amount of time. After one use a user should understand and remember 90% of the system usage and navigation.,not about periodic execution or efficacy performance,not about periodic execution or efficacy performance,0.876673698425293
All CCR users shall receive training before the WCS system is deployed. One training session will be held for 100% of CCR users before system deployment (based on a CCR user being available),not about periodic execution or efficacy performance,not about periodic execution or efficacy performance,0.8796060681343079
The WCS system shall use appropriate nomenclature and terminology as defined by the Corporate Community Grants organization. All interfaces and reports will undergo usability tests by CCR users.,not about periodic execution or efficacy performance,not about periodic execution or efficacy performance,0.8955965042114258
The WCS system shall be run in a Windows environment. The WCS shall be accessed by users through the Internet on an IBM computer running a Windows 2000 or above operating system.,not about periodic execution or efficacy performance,not about periodic execution or efficacy performance,0.8852500319480896
The Brio portion of the WCS system must be able to export files in spreadsheet form (Microsoft Excel and Lotus 1-2-3 formats).  Brio will provide buttons in the user interface that produce/export reports in .xls or .123 file formats.,not about periodic execution or efficacy performance,not about periodic execution or efficacy performance,0.8605976104736328
The system shall only be accessed by authorized Corporate Community Grants (CCR) employees. Users must be authenticated using their IBM intranet user name and password.,not about periodic execution or efficacy performance,not about periodic execution or efficacy performance,0.8941100835800171
The WCS system shall not allow automatic logins by any user. Cookies containing WCS login information about a user will not be stored on a user’s computer.,not about periodic execution or efficacy performance,not about periodic execution or efficacy performance,0.8926250338554382
Each team owner will need to use a username and password in order to be authenticated to reach the team owner’s page,not about periodic execution or efficacy performance,not about periodic execution or efficacy performance,0.8798573017120361
The Commissioner will be the only authorized user per league to adjust league settings.,not about periodic execution or efficacy performance,not about periodic execution or efficacy performance,0.9057782292366028
;A new user shall be able to navigate through the league and team pages within 30 seconds of reaching the start-up page.,not about periodic execution or efficacy performance,not about periodic execution or efficacy performance,0.8968579769134521
Users shall be able to reach the ‘add’  ‘drop’  and ‘trade player’ pages with one click from the team owner’s page.,not about periodic execution or efficacy performance,not about periodic execution or efficacy performance,0.8890656232833862
;Users shall be able to view at least 25 NFL player statistics and points on each page.,not about periodic execution or efficacy performance,not about periodic execution or efficacy performance,0.9004019498825073
The application shall ask the user to confirm dropping a player or trading a player before performing the action.,not about periodic execution or efficacy performance,not about periodic execution or efficacy performance,0.9072237014770508
The application shall be able to complete every user transaction within one fourth of a second of receiving the request over the network.,periodic execution or efficacy performance,not about periodic execution or efficacy performance,0.9001778364181519
The application shall run on a web application server.,not about periodic execution or efficacy performance,not about periodic execution or efficacy performance,0.9344325661659241
A primary database will be used to store cached data for active users.,not about periodic execution or efficacy performance,not about periodic execution or efficacy performance,0.9260287880897522
A secondary database will be used to store historical statistics and data.,not about periodic execution or efficacy performance,not about periodic execution or efficacy performance,0.92118239402771
98% of the user workstations shall meet the minimum hardware requirements prior to implementation. Minimum Hard Disk Space:  400MB.,not about periodic execution or efficacy performance,not about periodic execution or efficacy performance,0.8984477519989014
98% of the user workstations shall meet the minimum software requirements prior to implementation: Microsoft Internet Explorer 5.0. Microsoft .NET Framework 1.1. Microsoft Internet Explorer Web Controls,not about periodic execution or efficacy performance,not about periodic execution or efficacy performance,0.866800844669342
The RFS system should be able to easily interface with the BDW environment  in order to load the data. •;7 data files shall be received from the BDW and loaded into the RFS system within 3 hours one day prior to the start of budgeting process  every year. The data will be as of October month-end. ;Test files (7) shall be loaded up to 5 times throughout the year  from the BDW.,not about periodic execution or efficacy performance,not about periodic execution or efficacy performance,0.8424195051193237
Only authorized user shall access the RFS system. ONLY users that exist in the UAS system  with the RFS system assigned to their role(s)  shall access the RFS system and use it.,not about periodic execution or efficacy performance,not about periodic execution or efficacy performance,0.8527764081954956
;User access should be limited to the permissions granted to their role(s) Each level in the PCG hierarchy will be assigned a role and users will be assigned to these roles. Access to functionality within RFS system is dependent on the privileges/permission assigned to the role..,not about periodic execution or efficacy performance,not about periodic execution or efficacy performance,0.8564422130584717
The users should be able to easily use the system to successfully complete their budgets  within the stipulated time for completion. With a week of training prior to product implementation  98% of the users shall complete their budgets within the stipulated time.,not about periodic execution or efficacy performance,not about periodic execution or efficacy performance,0.8713274002075195
The product interface should be fast. The response time of the product interface should not exceed 2 seconds 90% of the time. For 10% of the time  the response time should not be more than 10 seconds.not be more than 10 seconds.,periodic execution or efficacy performance,not about periodic execution or efficacy performance,0.8675341010093689
