,precision,recall,f1-score,support
"throughput, reliability, scalability, responsiveness, efficiency, workload, benchmark, latency, speed, improvement, accuracy, achieve, tuning, bottleneck, better, high, optimize, effectiveness, low, enhances, reducing, incresaed, quality, faster, or degrades",0.39705882352941174,0.5,0.4426229508196721,54.0
"usability, security, operational, look & feel, legal, fault & tolerance, maintainability, scalability, availability, or portability",0.850828729281768,0.7897435897435897,0.8191489361702127,195.0
accuracy,0.7269076305220884,0.7269076305220884,0.7269076305220884,0.7269076305220884
macro avg,0.6239437764055898,0.6448717948717948,0.6308859434949424,249.0
weighted avg,0.7524207979137871,0.7269076305220884,0.7374926983833484,249.0
