Requirement text,Gold label,Predicated label,ZSL score
The system shall refresh the display every 60 seconds.,periodic execution or efficacy performance,periodic execution or efficacy performance,0.36701446771621704
 If projected  the data must be readable.  On a 10x10 projection screen  90% of viewers must be able to read Event / Activity data from a viewing distance of 30,not about periodic execution or efficacy performance,periodic execution or efficacy performance,0.3173238933086395
 If projected  the data must be understandable. On a 10x10 projection screen  90% of viewers must be able to determine that Events or Activities are occuring in current time from a viewing distance of 100,not about periodic execution or efficacy performance,periodic execution or efficacy performance,0.3288593888282776
The product shall ensure that it can only be accessed by authorized users.  The product will be able to distinguish between authorized and unauthorized users in all access attempts,not about periodic execution or efficacy performance,periodic execution or efficacy performance,0.2658740282058716
The product shall be intuitive and self-explanatory.  :  90% of new users shall be able to start the display of Events or Activities within 90 minutes of using the product.,not about periodic execution or efficacy performance,periodic execution or efficacy performance,0.363929808139801
The product shall respond fast to keep up-to-date data in the display.,periodic execution or efficacy performance,periodic execution or efficacy performance,0.4824585020542145
The system shall be used by realtors with no training.,not about periodic execution or efficacy performance,not about periodic execution or efficacy performance,0.2703665792942047
The system shall be intuitive and self explanatory.,not about periodic execution or efficacy performance,periodic execution or efficacy performance,0.3994967043399811
The product shall be easy for a realtor to learn.,not about periodic execution or efficacy performance,periodic execution or efficacy performance,0.2676944434642792
The product shall use symbols and words that are naturally understandable by the realtor community.,not about periodic execution or efficacy performance,periodic execution or efficacy performance,0.20816224813461304
The product shall produce search results in an acceptable time,periodic execution or efficacy performance,periodic execution or efficacy performance,0.5084158778190613
The search results shall be returned no later 30      seconds  after the user has entered the search criteria,periodic execution or efficacy performance,periodic execution or efficacy performance,0.3282598555088043
The product shall generate a CMA report in an acceptable time.,periodic execution or efficacy performance,periodic execution or efficacy performance,0.5345310568809509
The CMA report shall be returned no later 60 seconds after the user has entered the CMA report criteria.,periodic execution or efficacy performance,periodic execution or efficacy performance,0.3304039537906647
The product shall synchronize contacts and appointments in an acceptable time.,periodic execution or efficacy performance,periodic execution or efficacy performance,0.40840938687324524
The product shall synchronize with the office system every hour.,periodic execution or efficacy performance,periodic execution or efficacy performance,0.30554643273353577
The product shall be installed by an untrained realtor   without recourse to separately-printed instructions.,not about periodic execution or efficacy performance,not about periodic execution or efficacy performance,0.27231693267822266
90% of untrained realtors shall be able to install the product on their device without printed instructions,not about periodic execution or efficacy performance,not about periodic execution or efficacy performance,0.2262527495622635
Only registered realtors shall be able to access the system.,not about periodic execution or efficacy performance,not about periodic execution or efficacy performance,0.17436088621616364
Every user of the system shall be authenticated and authorized.,not about periodic execution or efficacy performance,periodic execution or efficacy performance,0.37492701411247253
The product shall prevent its data from incorrect data being introduced.,not about periodic execution or efficacy performance,periodic execution or efficacy performance,0.45606401562690735
The system shall be easy to use by the Program Administrators/Nursing Staff Members.,not about periodic execution or efficacy performance,periodic execution or efficacy performance,0.3627047538757324
All of the users shall be able to use the system after one day of training.,not about periodic execution or efficacy performance,periodic execution or efficacy performance,0.340309739112854
The system shall help the user avoid making mistakes while scheduling classes and clinicals for the nursing students.,not about periodic execution or efficacy performance,periodic execution or efficacy performance,0.2796056270599365
The number of mistakes noted by the students shall be decreased by 50% in the first year.,not about periodic execution or efficacy performance,periodic execution or efficacy performance,0.06669443100690842
The system shall be intuitive to the Program Administrators/Nursing Staff Members.,not about periodic execution or efficacy performance,periodic execution or efficacy performance,0.39333513379096985
2 out of 3 Program Administrators/Nursing Staff Members shall successfully be able to use the system to manage the scheduling of classes and clinicals.,not about periodic execution or efficacy performance,periodic execution or efficacy performance,0.3531563878059387
The system shall use symbols and words that are naturally understandable by the user community.,not about periodic execution or efficacy performance,periodic execution or efficacy performance,0.27735191583633423
The verbiage used within the system shall be consistent with Standard English and the terminology of the national Nursing Community.,not about periodic execution or efficacy performance,periodic execution or efficacy performance,0.3102486729621887
Staff members shall be able to complete a set of tasks in a timely manner.,periodic execution or efficacy performance,periodic execution or efficacy performance,0.47628074884414673
The response time of general student management tasks shall take no longer than 5 seconds and the response time of schedule generation shall take no longer than 30 seconds.,periodic execution or efficacy performance,periodic execution or efficacy performance,0.24762530624866486
The system shall able to operate within a business office environment typical of the Nursing Department at DePaul University.,not about periodic execution or efficacy performance,periodic execution or efficacy performance,0.1871051788330078
The system shall be used within the specifications defined by the computers used by the Program Administrators/Nursing Staff Members.,not about periodic execution or efficacy performance,periodic execution or efficacy performance,0.27096372842788696
The system shall operate within the Windows XP Professional operating system.,not about periodic execution or efficacy performance,periodic execution or efficacy performance,0.3009776771068573
The system shall interface with CampusConnect’s central server,not about periodic execution or efficacy performance,periodic execution or efficacy performance,0.25102296471595764
The system shall interface with the faculty central server.,not about periodic execution or efficacy performance,periodic execution or efficacy performance,0.28509992361068726
The system shall interface with the student master server.,not about periodic execution or efficacy performance,periodic execution or efficacy performance,0.2519560754299164
We must be able to interface with any HTML browser.,not about periodic execution or efficacy performance,periodic execution or efficacy performance,0.1865573525428772
Only authorized users shall have access to clinical site information.,not about periodic execution or efficacy performance,not about periodic execution or efficacy performance,0.21666502952575684
Program Administrators/Nursing Staff Members are the only people who shall have access to clinical site details.,not about periodic execution or efficacy performance,periodic execution or efficacy performance,0.2074362337589264
Only authorized users shall have access to students’ personal information.,not about periodic execution or efficacy performance,not about periodic execution or efficacy performance,0.09646932035684586
Dr Susan Poslusny and Dr Julie Donalek are the only people who shall have access to students’ personal information.,not about periodic execution or efficacy performance,not about periodic execution or efficacy performance,0.11149877309799194
Only authorized users shall have access to the portion of the system that interfaces with CampusConnect.,not about periodic execution or efficacy performance,not about periodic execution or efficacy performance,0.23467837274074554
Fit Criterion: Dr Susan Poslusny and Karen Sysol are the only people who shall have access to the final class section scheduling for the system that interfaces with CampusConnect.,not about periodic execution or efficacy performance,periodic execution or efficacy performance,0.2217543125152588
The system shall have basic data integrity checking to reduce the possibility of incorrect or invalid data being introduced.,not about periodic execution or efficacy performance,periodic execution or efficacy performance,0.37285828590393066
The system shall protect private information in accordance with the organization’s information policy.,not about periodic execution or efficacy performance,periodic execution or efficacy performance,0.21605056524276733
The system shall be built such that it is as secure as possible from malicious interference.,not about periodic execution or efficacy performance,periodic execution or efficacy performance,0.28366973996162415
The system shall use the organization’s standard virus protection software to help monitor threats to itself.,not about periodic execution or efficacy performance,periodic execution or efficacy performance,0.2162647843360901
The list of dispute cases that are displayed after a search is performed must be color coded for easy identification of dispute cases based upon the dispute case status.,not about periodic execution or efficacy performance,periodic execution or efficacy performance,0.1734829694032669
100% of the cardmember and merchant services representatives shall use the Disputes application regularly after a 2-day training course.,not about periodic execution or efficacy performance,periodic execution or efficacy performance,0.21074382960796356
100% of cardmember services representatives shall be able to successfully create a dispute case on the first encounter after completing the training course.,not about periodic execution or efficacy performance,periodic execution or efficacy performance,0.28347378969192505
100% of merchant services representatives shall be able to successfully perform a follow up action on a dispute case on the first encounter after completing the training course.,not about periodic execution or efficacy performance,periodic execution or efficacy performance,0.30833134055137634
The maximum wait time for a user navigating from one screen to another within the Disputes application shall be no more than 5 seconds.,periodic execution or efficacy performance,periodic execution or efficacy performance,0.10248598456382751
The Disputes application shall support 350 concurrent users without any degradation of performance in the application.,periodic execution or efficacy performance,not about periodic execution or efficacy performance,0.28309619426727295
 The Disputes application shall be available 24x7x365  with the exception of the following scheduled maintenance windows.  Monday – Saturday 3:00am to 4:00am EST Sunday 1:00amd to 5:00am EST,not about periodic execution or efficacy performance,periodic execution or efficacy performance,0.3264729678630829
The Disputes application shall interface with the Statement Database. The Statement Database provides the transaction details to the Disputes System. All transaction details must be obtained from the Statement Database,not about periodic execution or efficacy performance,periodic execution or efficacy performance,0.22706767916679382
The Disputes application shall interface with the Cardmember Information Database.  The Cardmember Information Database provides detailed information with regard to a cardmember.  All cardmember detail information must be obtained from the Cardmember Information Database.,not about periodic execution or efficacy performance,periodic execution or efficacy performance,0.18751686811447144
The Disputes applications shall interface with the Merchant Information Database.  The Merchant Information Database provides detailed information with regard to the merchant. All merchant detail information shall be obtained from the Merchant Information Database.,not about periodic execution or efficacy performance,periodic execution or efficacy performance,0.13482898473739624
The Disputes application shall interface with the Letters application.  This will allow the Disputes application to request letters as part of the dispute initiation and dispute follow up process. All letter requests must be sent to the Print Letter Utility application.,not about periodic execution or efficacy performance,periodic execution or efficacy performance,0.19642464816570282
The Disputes application shall interface with the Cardmember Posting and Billing System.  This will allow the Disputes application to request adjustments to cardmember and merchant’s accounts. All adjustment requests must be sent to the Cardmember Posting and Billing System.,not about periodic execution or efficacy performance,periodic execution or efficacy performance,0.24307817220687866
The Disputes application shall ensure that only users with the appropriate access level are allowed to initiate dispute requests.,not about periodic execution or efficacy performance,periodic execution or efficacy performance,0.22959508001804352
Only users with Update access must be able to initiate dispute requests.,not about periodic execution or efficacy performance,not about periodic execution or efficacy performance,0.3232836127281189
The Disputes application shall ensure that only authorized users are allowed to logon to the application.,not about periodic execution or efficacy performance,periodic execution or efficacy performance,0.17947201430797577
 All authorized users  once authenticated must be able to logon to the Disputes System,not about periodic execution or efficacy performance,periodic execution or efficacy performance,0.2570638656616211
The Disputes System shall generate a User Report that details any new users that have been added and any changes to an existing user’s access level.  The report will be reviewed for auditing purposes.,not about periodic execution or efficacy performance,periodic execution or efficacy performance,0.3885631263256073
All additions of new users and modifications to user’s access shall be recorded on the User Report.,not about periodic execution or efficacy performance,periodic execution or efficacy performance,0.37999048829078674
 If a user account is revoked  it can only be re-instantiated by the System Administrator.,not about periodic execution or efficacy performance,not about periodic execution or efficacy performance,0.3474937081336975
Only the System Administrator shall be able to reset a revoked user logon account,not about periodic execution or efficacy performance,not about periodic execution or efficacy performance,0.21726541221141815
The Disputes application shall manipulate and view business data. Users will not have direct access to data files or databases.,not about periodic execution or efficacy performance,not about periodic execution or efficacy performance,0.17171348631381989
All updates to data files or database must be initiated from the Disputes System.,not about periodic execution or efficacy performance,periodic execution or efficacy performance,0.3404209315776825
The product must support Internet Explorer 5.5 and above.,not about periodic execution or efficacy performance,periodic execution or efficacy performance,0.053117766976356506
The product must support Mozilla Firefox 1.0 and above.,not about periodic execution or efficacy performance,periodic execution or efficacy performance,0.12290988117456436
The product shall interface with the Choice Parts System.  This provides the feed of recycled parts data.,not about periodic execution or efficacy performance,periodic execution or efficacy performance,0.2804659605026245
The product shall run on the existing hardware for all environments.,not about periodic execution or efficacy performance,periodic execution or efficacy performance,0.32485389709472656
The product shall adhere to the corporate Architecture guidelines,not about periodic execution or efficacy performance,periodic execution or efficacy performance,0.30303364992141724
The product shall be easy to use by Adjusters and Collision Estimators.  95% of Adjusters and Collision Estimators shall find the product easy to use.,not about periodic execution or efficacy performance,periodic execution or efficacy performance,0.37546616792678833
The product shall increase productivity of Collision Estimators. 80% of the Collision Estimators shall agree their productivity has increase within 1 month of using the product.,not about periodic execution or efficacy performance,periodic execution or efficacy performance,0.27843332290649414
Users shall feel satisfied using the product.  85% of all users will be satisfied with the product.,not about periodic execution or efficacy performance,periodic execution or efficacy performance,0.2292335033416748
The product shall be easy to learn by Adjusters and Collision Estimators.  The product shall be learned with two days onsite training,not about periodic execution or efficacy performance,periodic execution or efficacy performance,0.3469923138618469
The user shall easily locate instructions while using the product.  User help can be found within 90% of the system.,not about periodic execution or efficacy performance,periodic execution or efficacy performance,0.3560784161090851
The search for recycled parts shall take no longer than 15 seconds.  The search results shall be returned in under 15 seconds.,periodic execution or efficacy performance,periodic execution or efficacy performance,0.2296178936958313
The search for the preferred repair facility shall take no longer than 8 seconds.  The preferred repair facility is returned within 8 seconds,periodic execution or efficacy performance,periodic execution or efficacy performance,0.3083224594593048
The recycled parts audit report shall be returned to the user within 10 seconds.  The audit report shall be returned within 10 seconds.,periodic execution or efficacy performance,periodic execution or efficacy performance,0.3627673089504242
The preferred repair facility ratings shall be saved within 5 seconds. The save shall occur within 5 seconds.,periodic execution or efficacy performance,periodic execution or efficacy performance,0.28078046441078186
 For estimators  the product shall be able to be operated in a repair facility during dirty and noisy conditions.,not about periodic execution or efficacy performance,periodic execution or efficacy performance,0.34350594878196716
The product shall interface with the ChoiceParts system once per day at approximately 1:00 AM.,not about periodic execution or efficacy performance,periodic execution or efficacy performance,0.3520621955394745
The maintenance of the product will fall within the established corporate maintenance windows.,not about periodic execution or efficacy performance,periodic execution or efficacy performance,0.41083788871765137
The product shall be supported using the corporate support center.,not about periodic execution or efficacy performance,periodic execution or efficacy performance,0.2651369869709015
Product installations and upgrades shall be handled by the middleware technology team within established launch time frames.,not about periodic execution or efficacy performance,periodic execution or efficacy performance,0.32915565371513367
Only adjusters can request recycled parts audit reports. No users without an adjuster role shall request recycled parts audits.,not about periodic execution or efficacy performance,not about periodic execution or efficacy performance,0.3017626106739044
Only adjusters with a supervisor role can update preferred repair facility ratings. Users without the supervisor role cannot access the repair facility ratings.,not about periodic execution or efficacy performance,not about periodic execution or efficacy performance,0.4043000042438507
Only collision estimators shall search for recycled parts.  Users without the collision estimator role shall not have access to the search for recycled parts.,not about periodic execution or efficacy performance,not about periodic execution or efficacy performance,0.26622509956359863
Only valid data shall be entered into the system.  No invalid data shall be entered into the system.,not about periodic execution or efficacy performance,not about periodic execution or efficacy performance,0.3659825623035431
One insurance company shall not be able to view another insurance companys claim data.,not about periodic execution or efficacy performance,not about periodic execution or efficacy performance,0.1657741218805313
The product shall free of computer viruses.,not about periodic execution or efficacy performance,not about periodic execution or efficacy performance,0.23840653896331787
The system shall prevent malicious attacks including denial of service.,not about periodic execution or efficacy performance,periodic execution or efficacy performance,0.3027702271938324
 The product must work with most database management systems (DBMS) on the market  whether the DBMS is colocated with the product on the same machine or is located on a different machine on the computer network.,not about periodic execution or efficacy performance,periodic execution or efficacy performance,0.1911766529083252
The product will function alongside server software on any operating system where the Java runtime can be installed.,not about periodic execution or efficacy performance,periodic execution or efficacy performance,0.308445543050766
The product will require collaboration with a database management system (DBMS).  The DBMS may be located on the same machine as the product or on a separate machine residing on the same computer network.,not about periodic execution or efficacy performance,periodic execution or efficacy performance,0.19443173706531525
 The product must make use of web/application server technology.  Open source examples include Apache web server  Tomcat  and the JBoss application server.,not about periodic execution or efficacy performance,periodic execution or efficacy performance,0.18670354783535004
 A database management system such as Oracle  DB2  MySql or HSQL will need to be integrated with the product.,not about periodic execution or efficacy performance,periodic execution or efficacy performance,0.31009942293167114
The product shall make the users want to use it. 80% of the users surveyed report they are regularly using the product after the first 2 weeks post-launch.,not about periodic execution or efficacy performance,periodic execution or efficacy performance,0.26568159461021423
The product shall be easy to use. 90% of users will be able to successfully reserve a conference room within 5 minutes of product use.,not about periodic execution or efficacy performance,periodic execution or efficacy performance,0.19330023229122162
The product shall give users feedback when necessary. 80% of the users surveyed report that the product accurately confirms their actions.,not about periodic execution or efficacy performance,periodic execution or efficacy performance,0.42984500527381897
The product shall allow the user to select a chosen language from one of the target market countries.,not about periodic execution or efficacy performance,periodic execution or efficacy performance,0.144773930311203
The product shall allow for customization of start page and views preferences.,not about periodic execution or efficacy performance,periodic execution or efficacy performance,0.32584020495414734
 An employee will be able to successfully use the product within a few minutes.  After informally navigating the product for less than 15 minutes  users shall be able to successfully setup meetings and reserve conference rooms.,not about periodic execution or efficacy performance,periodic execution or efficacy performance,0.28149616718292236
The product shall use a standard navigation menu familiar to most web users.,not about periodic execution or efficacy performance,periodic execution or efficacy performance,0.2252466231584549
The product shall allow for intuitive searching of available conference rooms.,not about periodic execution or efficacy performance,periodic execution or efficacy performance,0.2560258209705353
The product shall conform to the Americans with Disabilities Act.,not about periodic execution or efficacy performance,periodic execution or efficacy performance,0.32173874974250793
The response shall be fast enough to avoid interrupting the user’s flow of thought.  90% of tasks shall complete within 5 seconds.  98% of tasks shall complete within 8 seconds.,periodic execution or efficacy performance,periodic execution or efficacy performance,0.3324098587036133
The product shall be used in office environments.,not about periodic execution or efficacy performance,periodic execution or efficacy performance,0.19377589225769043
The product must be able to interface with any HTML browser.  The product shall transmit data between the user and the product without problems. The product shall display HTML properly in 80% of all HTML browsers tested (minimum is to test 8 browsers).,not about periodic execution or efficacy performance,periodic execution or efficacy performance,0.24529023468494415
The product must be able to interface with various database management systems. The product shall communicate successfully with the database management system on 100% of all transactions.,not about periodic execution or efficacy performance,periodic execution or efficacy performance,0.29786384105682373
The product must be able to interface with various email servers. The product shall be able to send email.,not about periodic execution or efficacy performance,periodic execution or efficacy performance,0.14289043843746185
The product shall be available for distribution via the Internet as a binary or ZIP file.,not about periodic execution or efficacy performance,periodic execution or efficacy performance,0.07000438123941422
The product shall be available for distribution as a packaged CD.,not about periodic execution or efficacy performance,periodic execution or efficacy performance,0.2741434574127197
 The product will be available for licensing as a one-server  two-five servers  or five-or-more servers license.,not about periodic execution or efficacy performance,periodic execution or efficacy performance,0.2583538889884949
A new user must be able to be added to the system within 10 minutes.  90% of new users are able to log into the system within 10 minutes.,not about periodic execution or efficacy performance,periodic execution or efficacy performance,0.268393337726593
Every registered user will have access to the product’s support site via the Internet.  70% of registered users shall find a solution to their problem within 5 minutes of using the support site.,not about periodic execution or efficacy performance,periodic execution or efficacy performance,0.10755554586648941
 The product shall be translated into foreign languages other than the target market countries’ languages in future releases.  For each emerging target market  it shall take no more than 5 days to configure the product for that market’s language.,not about periodic execution or efficacy performance,periodic execution or efficacy performance,0.035683851689100266
 The product is expected to integrate with multiple database management systems.  The product will operate with Oracle  SQL Server  DB2  MySQL  HSQL  and MS Access.,not about periodic execution or efficacy performance,periodic execution or efficacy performance,0.30710914731025696
The product shall be able to be installed in any operating environment within 2 days.,not about periodic execution or efficacy performance,periodic execution or efficacy performance,0.3119560480117798
The product shall ensure that only company employees or external users with company-approved user IDs may have product access.  100% of all logons shall be by either company employees or external users with company-approved user IDs.,not about periodic execution or efficacy performance,periodic execution or efficacy performance,0.13249649107456207
Only managers are able to perform search queries for reservations by user.  100% of all search queries for reservations by user shall be from logons of only management logons.,not about periodic execution or efficacy performance,not about periodic execution or efficacy performance,0.1601952463388443
The product shall ensure that the database’s data corresponds to the data entered by the user.  Each conference room reservation in the system will contain the same information as was entered by the user.,not about periodic execution or efficacy performance,periodic execution or efficacy performance,0.3132457137107849
The product shall prevent the input of malicious data.  The product and/or adjacent hardware/software systems’ data shall remain 100% uncorrupted each time malicious data is input into the product.,not about periodic execution or efficacy performance,periodic execution or efficacy performance,0.36151251196861267
The product shall have the ability to receive automatic software updates as new threats emerge.  100% of customers will be able to receive automatic software updates transmitted to the installed product.,not about periodic execution or efficacy performance,periodic execution or efficacy performance,0.4263150095939636
The product shall be able to display calendar dates and times according to the user’s locale.  90% of survey respondents from each target market country will find that the date and time formatting of the product is correct.,not about periodic execution or efficacy performance,periodic execution or efficacy performance,0.3608698546886444
The product must be developed with the J2SE/J2EE programming language libraries,not about periodic execution or efficacy performance,periodic execution or efficacy performance,0.18334729969501495
Recreation of Inventory Quantity Adjustment for the period of previous 30 days shall take no more than 30min.,periodic execution or efficacy performance,periodic execution or efficacy performance,0.3952239155769348
The System shall allow for a minimum of  6 users to work at the same time.,periodic execution or efficacy performance,periodic execution or efficacy performance,0.32087355852127075
The System shall utilize currently owned computer equipment.,not about periodic execution or efficacy performance,periodic execution or efficacy performance,0.3527929484844208
The System shall be able to automatically backup business data and restore them on demand.,not about periodic execution or efficacy performance,periodic execution or efficacy performance,0.3728022873401642
The System shall maintain consistent security.  Any changes in user passwords and/or permissions should take affect in all parts of the System.,not about periodic execution or efficacy performance,periodic execution or efficacy performance,0.3462473154067993
The System shall granularly control access rights to all major subsystems.  It should be possible to assign access rights to all subsystems independently.,not about periodic execution or efficacy performance,periodic execution or efficacy performance,0.32984885573387146
The System shall not require additional third party licenses resulting in royalty fees.,not about periodic execution or efficacy performance,not about periodic execution or efficacy performance,0.4255046546459198
Administrator shall be able to activate a pre-paid card via the Administration section in under 5 seconds.,periodic execution or efficacy performance,periodic execution or efficacy performance,0.24859032034873962
 Customer shall be able to check the status of their prepaid card  by entering in the PIN number  in under 5 seconds.,periodic execution or efficacy performance,periodic execution or efficacy performance,0.11329688876867294
System shall let customers register on the website as a “pay as you go” user in under 5 minutes.,periodic execution or efficacy performance,periodic execution or efficacy performance,0.13273827731609344
System shall let customers register on the website as a “unlimited movie subscriber” user in under 10 minutes.,periodic execution or efficacy performance,periodic execution or efficacy performance,0.23433101177215576
System shall let existing customers log into the website with their email address and password in under 5 seconds.,periodic execution or efficacy performance,periodic execution or efficacy performance,0.0542801208794117
 System shall let customers cancel their account  process shall take no longer than 2 minutes.  Database will mark the account as inactive  and user will not be able to log into the website.,periodic execution or efficacy performance,not about periodic execution or efficacy performance,0.22157463431358337
System shall let administrator de-activate a customer account in under 1 minute. Customer will no longer be able to access the website.,periodic execution or efficacy performance,periodic execution or efficacy performance,0.18535472452640533
System shall let administrator add/remove movies on the website in under 5 minutes.  Entered movie information will be stored in the database and will now be available on the website.,periodic execution or efficacy performance,periodic execution or efficacy performance,0.13797061145305634
System shall let the administrator add/remove categories on the website in under 5 minutes.,periodic execution or efficacy performance,periodic execution or efficacy performance,0.17800413072109222
System shall let Izogn Manager access sales and usage statistics in under 2 minutes.,periodic execution or efficacy performance,periodic execution or efficacy performance,0.223091259598732
System shall let administrators generate unique pre-paid pins in under 2 minutes and generate an Excel file with the generated PINs.,periodic execution or efficacy performance,periodic execution or efficacy performance,0.21444277465343475
The product should be able to be used by 90% of novice users on the Internet.,not about periodic execution or efficacy performance,periodic execution or efficacy performance,0.1741718053817749
 Users should only have to navigate through a maximum of 4 pages  to create an account with the website.,not about periodic execution or efficacy performance,not about periodic execution or efficacy performance,0.05910027399659157
Users should be able to access their streaming movies in under 2 clicks after logging into the website.,not about periodic execution or efficacy performance,periodic execution or efficacy performance,0.1148923933506012
An anonymous survey will show that 70% of customers are comfortable purchasing streaming movies after 2 weeks using the website.,not about periodic execution or efficacy performance,periodic execution or efficacy performance,0.08237150311470032
An anonymous survey will show that 95% of customers are comfortable using and purchasing pre-paid cards after a month of using the system.,not about periodic execution or efficacy performance,periodic execution or efficacy performance,0.18232519924640656
The product shall retain the customer’s buying preferences and information.,not about periodic execution or efficacy performance,periodic execution or efficacy performance,0.33057111501693726
The product shall be easy for customers with novice skills on the  Internet to purchase and watch streaming movies.  Customers should be able to purchase and watch a pre-determined movie in under 3 minutes.,not about periodic execution or efficacy performance,periodic execution or efficacy performance,0.18462999165058136
The product shall use symbols and words that are naturally understandable by users familiar with websites,not about periodic execution or efficacy performance,periodic execution or efficacy performance,0.250725656747818
The website will use standard Internet conventions when interacting with the user.,not about periodic execution or efficacy performance,periodic execution or efficacy performance,0.2657252252101898
 Any interface between a user and the automated system shall have a maximum response time of 5 seconds  unless noted by an exception below.,periodic execution or efficacy performance,periodic execution or efficacy performance,0.28887027502059937
 When purchasing a streaming movie or pre-paid card via credit card  the processing time should have a maximum response time of 15 seconds.,periodic execution or efficacy performance,periodic execution or efficacy performance,0.16636738181114197
 When streaming a movie  the buffering time should take no longer than 10 seconds (plus any latency on the user’s connection.),periodic execution or efficacy performance,periodic execution or efficacy performance,0.22206196188926697
 While streaming a movie  buffering should only occur if there is latency in the user’s connection.,periodic execution or efficacy performance,not about periodic execution or efficacy performance,0.2903641164302826
 All credit card information will be secured on the server  and only accessible by authorized Izogn administrators.  Information will be encrypted in the database.,not about periodic execution or efficacy performance,not about periodic execution or efficacy performance,0.1389264315366745
All aspects of the website shall be accessed by a web browser over the Internet.,not about periodic execution or efficacy performance,periodic execution or efficacy performance,0.03401602804660797
The same hardware supporting the current website will be used to support the new system.,not about periodic execution or efficacy performance,periodic execution or efficacy performance,0.2863900065422058
 We must be able to interface with the following browsers: IE 5.X  6.0  Netscape 6.x  7.x  8.x and Firefox 1.0.,not about periodic execution or efficacy performance,periodic execution or efficacy performance,0.13145574927330017
Website must interface with the CyberSource API to process credit card transactions.,not about periodic execution or efficacy performance,periodic execution or efficacy performance,0.11159595102071762
Website must be fully operational with MSN TV2.,not about periodic execution or efficacy performance,periodic execution or efficacy performance,0.21465691924095154
Movies shall be encoded and streamed via Windows Media Player 9.0.,not about periodic execution or efficacy performance,periodic execution or efficacy performance,0.016003688797354698
Movies shall be encoded for 56k and 256k streams.,not about periodic execution or efficacy performance,periodic execution or efficacy performance,0.10023920238018036
Izogn Administrator must be able to update the category listings on the website within 2 minutes.,periodic execution or efficacy performance,periodic execution or efficacy performance,0.28653615713119507
Izogn Administrator must be able to add new products to the website within 2 minutes.,periodic execution or efficacy performance,periodic execution or efficacy performance,0.14205722510814667
The website will provide a help section with answers and solutions to common problems.,not about periodic execution or efficacy performance,periodic execution or efficacy performance,0.28161948919296265
The product shall be able to be installed in the specified environment within 1 working day.,not about periodic execution or efficacy performance,periodic execution or efficacy performance,0.315143346786499
Only registered customers can purchase streaming movies.,not about periodic execution or efficacy performance,not about periodic execution or efficacy performance,0.1434222310781479
 A customer can only stream a movie if they purchased it  and are within the 2 day viewing period.,not about periodic execution or efficacy performance,not about periodic execution or efficacy performance,0.10039776563644409
Only authorized personnel can access customer records in the database.,not about periodic execution or efficacy performance,not about periodic execution or efficacy performance,0.21766503155231476
Only administrators can activate a pre-paid card.,not about periodic execution or efficacy performance,not about periodic execution or efficacy performance,0.23755793273448944
Only authorized personnel can access sales information.,not about periodic execution or efficacy performance,not about periodic execution or efficacy performance,0.23669464886188507
The website shall prevent its data from being corrupted when incorrect data is entered in.,not about periodic execution or efficacy performance,not about periodic execution or efficacy performance,0.3159046173095703
 The website shall protect itself from intentional abuse  and notify the administrator at all occurrences.,not about periodic execution or efficacy performance,periodic execution or efficacy performance,0.26134276390075684
Data integrity scripts will be run on a weekly basis to verify the integrity of the database.,not about periodic execution or efficacy performance,periodic execution or efficacy performance,0.45742666721343994
 The website shall make its user aware of its information practices before collection data from them via a Privacy Policy  accessible on all pages of the website.,not about periodic execution or efficacy performance,periodic execution or efficacy performance,0.20681342482566833
The system shall notify customers of changes to its information policy.,not about periodic execution or efficacy performance,not about periodic execution or efficacy performance,0.2581939995288849
The system shall reveal private information only in compliance with the organization’s information policy.,not about periodic execution or efficacy performance,not about periodic execution or efficacy performance,0.14927347004413605
 All customer information will be stored on a secure database  accessible only to authorized personnel.,not about periodic execution or efficacy performance,not about periodic execution or efficacy performance,0.2034134715795517
All credit card information will be encrypted in the database.,not about periodic execution or efficacy performance,periodic execution or efficacy performance,0.07531470060348511
The streaming server will have anti-virus software to prevent infection of malicious viruses.,not about periodic execution or efficacy performance,periodic execution or efficacy performance,0.19832751154899597
The website should use Flash to provide animation on the home page.,not about periodic execution or efficacy performance,periodic execution or efficacy performance,-0.002879735082387924
Total lead cycle time must be completed in 5 minutes for 90% of lead volume between the business hours of 8AM CST to 8PM CST  then 3 minutes for 99% of lead volume during off business hours.,periodic execution or efficacy performance,periodic execution or efficacy performance,0.10157305747270584
No lead evaluation will complete in a time period longer than 25 seconds for 97% of all leads processed.,periodic execution or efficacy performance,not about periodic execution or efficacy performance,0.18701711297035217
For leads that process longer than 25 seconds the system will record the event and duration,periodic execution or efficacy performance,periodic execution or efficacy performance,0.4244987666606903
The process must fit within the processing time conditions set forth by the Auto Rep Assignment process in which a lead is assigned within 3 minutes of the total life cycle.,periodic execution or efficacy performance,periodic execution or efficacy performance,0.40161919593811035
The lead washing process will operate within the established physical web service structure.,not about periodic execution or efficacy performance,periodic execution or efficacy performance,0.22977662086486816
 The washing process must use a non binding  neutral data format  such as xml  when receiving and processing lead data.,not about periodic execution or efficacy performance,periodic execution or efficacy performance,0.12229716777801514
The product shall able to handle a large number of games simultaneously.,periodic execution or efficacy performance,periodic execution or efficacy performance,0.344660222530365
The response time shall be fast enough to maintain the flow of the game.  The response time shall be no more than 2 seconds for 95% of responses and no more than 4% for the remaining responses.,periodic execution or efficacy performance,periodic execution or efficacy performance,0.33347031474113464
The product shall protect the identity of the players. The product shall provide players no access to information that might reveal the identity of another player.,periodic execution or efficacy performance,not about periodic execution or efficacy performance,0.19575998187065125
The product shall be intuitive and self-explanatory.  Nine out ten users shall be able to successfully complete a game with no training.,not about periodic execution or efficacy performance,not about periodic execution or efficacy performance,0.3279576897621155
 The product shall be available to players who understand English  Spanish and French.  The product shall allow the user to select the language upon accessing the product.,not about periodic execution or efficacy performance,periodic execution or efficacy performance,0.16131289303302765
The product shall provide players no access to information that might reveal the identity of another player,not about periodic execution or efficacy performance,not about periodic execution or efficacy performance,0.30345994234085083
The response time shall be fast enough to maintain the flow of the game. The response time shall be no more than 2 seconds for 95% of responses and no more than 4% for the remaining responses.,periodic execution or efficacy performance,periodic execution or efficacy performance,0.33347031474113464
The system shall be easy to use by callers and supervisors. Callers and supervisors must be able to accomplish any system task within 2 minutes.,not about periodic execution or efficacy performance,periodic execution or efficacy performance,0.3136056661605835
The system shall be easy to learn by callers and supervisors. Callers and supervisors shall learn how to use the system within 10 minutes.,not about periodic execution or efficacy performance,periodic execution or efficacy performance,0.30573445558547974
 The system shall be responsive. At the DePaul TeleServices Center  when a supervisor uses the system to view a callers schedule  the system response time must be no more than 2 seconds 90% of the time and no more than 5 seconds the rest of the time.,periodic execution or efficacy performance,periodic execution or efficacy performance,0.30155402421951294
 On a 56k connection  the system response time for all operations must be no more than 6 seconds 90% of the time.,periodic execution or efficacy performance,periodic execution or efficacy performance,0.20602113008499146
 On a 112k connection or faster  the system response time for all operations must be no more than 3 seconds 90% of the time.,periodic execution or efficacy performance,periodic execution or efficacy performance,0.3502001464366913
The product shall ensure that only supervisors can advertise empty time slots.The product must ensure that supervisors are allowed to access advertise empty time slots.,not about periodic execution or efficacy performance,not about periodic execution or efficacy performance,0.30509454011917114
The product shall ensure that only supervisors can enter a caller’s schedule.The product must ensure that supervisors are allowed to access advertise empty time slots.,not about periodic execution or efficacy performance,not about periodic execution or efficacy performance,0.2921050786972046
The product shall ensure that only supervisors can view schedule of all callers.The product must ensure that supervisors are allowed to access advertise empty time slots.,not about periodic execution or efficacy performance,not about periodic execution or efficacy performance,0.30032864212989807
The product shall provide Monitoring Services.The product shall be easy for System Administrators and DBAs to use after two weeks of usage.,not about periodic execution or efficacy performance,periodic execution or efficacy performance,0.4581596255302429
The product shall provide Error Tracking Services.The product shall help the System Administrators and DBAs to resolve transaction errors 99% of the time.,not about periodic execution or efficacy performance,periodic execution or efficacy performance,0.36787739396095276
The product shall provide Portals.The product shall help System Administrators to analyze the transactions with ad-hoc reporting and KPIs (Key Performance Indicators),not about periodic execution or efficacy performance,periodic execution or efficacy performance,0.3521946966648102
The product shall provide Asynchronous Messaging.The product shall provide asynchronous messaging to enable parallel processing and reduce the overhead in communications,periodic execution or efficacy performance,periodic execution or efficacy performance,0.264647901058197
The product shall provide Multi-threading and Load Balancing.The product shall provide multi-threading technology as well as load balancing to overcome data load spikes and traffic.,periodic execution or efficacy performance,periodic execution or efficacy performance,0.311439573764801
The product shall process messages within 2 seconds.The product shall have a maximum message processing time of 2 seconds,periodic execution or efficacy performance,periodic execution or efficacy performance,0.2667137682437897
The product shall poll the system for messages every second.The product shall poll the system for new messages at a maximum of every 1 second.,periodic execution or efficacy performance,periodic execution or efficacy performance,0.22163721919059753
The product shall provide Dynamic Change Support and Transparent resource addition.The product shall support Transparent Resource addition and Dynamic Change support to provide scalability and avoid service interruptions of more than 1 day.,periodic execution or efficacy performance,periodic execution or efficacy performance,0.5016695261001587
The product shall be platform independent.The product shall enable access to any type of development environment and platform.,not about periodic execution or efficacy performance,periodic execution or efficacy performance,0.28526541590690613
The product shall interface CSR and Datastream.The product shall exchange messages between CSR and EAM on a real time basis without any direct interfaces between two systems.,not about periodic execution or efficacy performance,not about periodic execution or efficacy performance,0.32532572746276855
 The product shall have security.The product shall provide authentication  and authorization.,not about periodic execution or efficacy performance,periodic execution or efficacy performance,0.31553560495376587
The product shall information Security. The product shall enable privacy by encryption WS-Security and Integrity Checking.,not about periodic execution or efficacy performance,periodic execution or efficacy performance,0.187699094414711
The product shall have audit capabilities.The product shall store messages for a minimum of one year for audit and transaction tracking purposes.,not about periodic execution or efficacy performance,periodic execution or efficacy performance,0.41538795828819275
The system must use a point and click interface. 100% of all selection and navigation functionality must be able to be activated/selected by either a mouse or a keyboard,not about periodic execution or efficacy performance,periodic execution or efficacy performance,0.17635869979858398
The interface shall be easy to use. 90% of users should be able to successfully use the system to generate a report on their first use. The interface should adhere to IBM usability standards.,not about periodic execution or efficacy performance,periodic execution or efficacy performance,0.2937210500240326
Rreports must be easy to generate. eports must be generated within one button click and exported within one button click (after selecting the report),not about periodic execution or efficacy performance,periodic execution or efficacy performance,0.31433361768722534
A user shall be able to use the system without instruction after a short amount of time. After one use a user should understand and remember 90% of the system usage and navigation.,not about periodic execution or efficacy performance,periodic execution or efficacy performance,0.38323041796684265
All CCR users shall receive training before the WCS system is deployed. One training session will be held for 100% of CCR users before system deployment (based on a CCR user being available),not about periodic execution or efficacy performance,periodic execution or efficacy performance,0.24752281606197357
The WCS system shall use appropriate nomenclature and terminology as defined by the Corporate Community Grants organization. All interfaces and reports will undergo usability tests by CCR users.,not about periodic execution or efficacy performance,periodic execution or efficacy performance,0.2383613884449005
The WCS system shall be run in a Windows environment. The WCS shall be accessed by users through the Internet on an IBM computer running a Windows 2000 or above operating system.,not about periodic execution or efficacy performance,periodic execution or efficacy performance,0.06170456111431122
The Brio portion of the WCS system must be able to export files in spreadsheet form (Microsoft Excel and Lotus 1-2-3 formats).  Brio will provide buttons in the user interface that produce/export reports in .xls or .123 file formats.,not about periodic execution or efficacy performance,periodic execution or efficacy performance,0.07767955213785172
The system shall only be accessed by authorized Corporate Community Grants (CCR) employees. Users must be authenticated using their IBM intranet user name and password.,not about periodic execution or efficacy performance,not about periodic execution or efficacy performance,0.09315704554319382
The WCS system shall not allow automatic logins by any user. Cookies containing WCS login information about a user will not be stored on a user’s computer.,not about periodic execution or efficacy performance,not about periodic execution or efficacy performance,0.3077525794506073
Each team owner will need to use a username and password in order to be authenticated to reach the team owner’s page,not about periodic execution or efficacy performance,periodic execution or efficacy performance,0.11200683563947678
The Commissioner will be the only authorized user per league to adjust league settings.,not about periodic execution or efficacy performance,periodic execution or efficacy performance,0.24191659688949585
;A new user shall be able to navigate through the league and team pages within 30 seconds of reaching the start-up page.,not about periodic execution or efficacy performance,periodic execution or efficacy performance,0.22537679970264435
Users shall be able to reach the ‘add’  ‘drop’  and ‘trade player’ pages with one click from the team owner’s page.,not about periodic execution or efficacy performance,periodic execution or efficacy performance,0.2720681130886078
;Users shall be able to view at least 25 NFL player statistics and points on each page.,not about periodic execution or efficacy performance,periodic execution or efficacy performance,0.13390548527240753
The application shall ask the user to confirm dropping a player or trading a player before performing the action.,not about periodic execution or efficacy performance,periodic execution or efficacy performance,0.22305867075920105
The application shall be able to complete every user transaction within one fourth of a second of receiving the request over the network.,periodic execution or efficacy performance,periodic execution or efficacy performance,0.2504493296146393
The application shall run on a web application server.,not about periodic execution or efficacy performance,periodic execution or efficacy performance,0.19174759089946747
A primary database will be used to store cached data for active users.,not about periodic execution or efficacy performance,periodic execution or efficacy performance,0.3309978246688843
A secondary database will be used to store historical statistics and data.,not about periodic execution or efficacy performance,periodic execution or efficacy performance,0.2916456460952759
98% of the user workstations shall meet the minimum hardware requirements prior to implementation. Minimum Hard Disk Space:  400MB.,not about periodic execution or efficacy performance,periodic execution or efficacy performance,0.10542728751897812
98% of the user workstations shall meet the minimum software requirements prior to implementation: Microsoft Internet Explorer 5.0. Microsoft .NET Framework 1.1. Microsoft Internet Explorer Web Controls,not about periodic execution or efficacy performance,periodic execution or efficacy performance,0.20315474271774292
The RFS system should be able to easily interface with the BDW environment  in order to load the data. •;7 data files shall be received from the BDW and loaded into the RFS system within 3 hours one day prior to the start of budgeting process  every year. The data will be as of October month-end. ;Test files (7) shall be loaded up to 5 times throughout the year  from the BDW.,not about periodic execution or efficacy performance,periodic execution or efficacy performance,0.24232281744480133
Only authorized user shall access the RFS system. ONLY users that exist in the UAS system  with the RFS system assigned to their role(s)  shall access the RFS system and use it.,not about periodic execution or efficacy performance,not about periodic execution or efficacy performance,0.20311611890792847
;User access should be limited to the permissions granted to their role(s) Each level in the PCG hierarchy will be assigned a role and users will be assigned to these roles. Access to functionality within RFS system is dependent on the privileges/permission assigned to the role..,not about periodic execution or efficacy performance,not about periodic execution or efficacy performance,0.21529832482337952
The users should be able to easily use the system to successfully complete their budgets  within the stipulated time for completion. With a week of training prior to product implementation  98% of the users shall complete their budgets within the stipulated time.,not about periodic execution or efficacy performance,periodic execution or efficacy performance,0.33622509241104126
The product interface should be fast. The response time of the product interface should not exceed 2 seconds 90% of the time. For 10% of the time  the response time should not be more than 10 seconds.not be more than 10 seconds.,periodic execution or efficacy performance,periodic execution or efficacy performance,0.2634594142436981
