,precision,recall,f1-score,support
"throughput, reliability, scalability, responsiveness, efficiency, workload, benchmark, latency, speed, improvement, or accuracy",0.3805309734513274,0.7962962962962963,0.5149700598802395,54.0
"usability, security, operational, look & feel, legal, fault & tolerance, maintainability, scalability, availability, or portability",0.9191176470588235,0.6410256410256411,0.7552870090634441,195.0
accuracy,0.6746987951807228,0.6746987951807228,0.6746987951807228,0.6746987951807228
macro avg,0.6498243102550755,0.7186609686609686,0.6351285344718418,249.0
weighted avg,0.80231571784274,0.6746987951807228,0.7031700803249179,249.0
