,precision,recall,f1-score,support
"throughput, reliability, scalability, responsiveness, efficiency, workload, benchmark, latency, speed, improvement, or accuracy",0.39090909090909093,0.7962962962962963,0.524390243902439,54.0
"usability, security, operational, look & feel, legal, fault & tolerance, maintainability, scalability, availability, or portability",0.920863309352518,0.6564102564102564,0.7664670658682635,195.0
accuracy,0.6867469879518072,0.6867469879518072,0.6867469879518072,0.6867469879518072
macro avg,0.6558862001308045,0.7263532763532763,0.6454286548853513,249.0
weighted avg,0.8059334788467146,0.6867469879518072,0.7139684779720605,249.0
