,precision,recall,f1-score,support
"accessibility, aesthetic, contextual, experience, satisfaction, HCI, UX, questionnaire, ease, ergonomics, designer, evaluate, multimodal, practitioner, prototyping, preference, personalization, suitability, focus, clarity, responsiveness, judgement, feel, or helpful",0.2,0.04477611940298507,0.07317073170731708,67.0
"vulnerability, security, protection, cybersecurity, assurance, countermeasure, threat, privacy, authentication, prevention, confidentiality, trusted, intrusion, compromise, safety, insecure, defensive, breach, proactive, tampering, penetration, policy, phishing, vulnerable, authorization, dependability, or certification",0.24034334763948498,0.9032258064516129,0.3796610169491525,62.0
"throughput, reliability, scalability, responsiveness, efficiency, workload, benchmark, latency, speed, improvement, accuracy, achieve, tuning, bottleneck, better, high, optimize, effectiveness, low, enhances, reducing, incresaed, quality, faster, or degrades",0.0,0.0,0.0,54.0
"environmental, organizational, coordination, systemic, logistics, coordination, or automation",0.0,0.0,0.0,66.0
accuracy,0.23694779116465864,0.23694779116465864,0.23694779116465864,0.23694779116465864
macro avg,0.11008583690987125,0.2370004814636495,0.1132079371641174,249.0
weighted avg,0.11365978937208059,0.23694779116465864,0.11422257861541245,249.0
