,precision,recall,f1-score,support
"accessibility, aesthetic, contextual, experience, satisfaction, HCI, UX, questionnaire, ease, ergonomics, designer, evaluate, multimodal, practitioner, prototyping, preference, personalization, suitability, focus, clarity, responsiveness, judgement, feel, or helpful",0.3372093023255814,0.43283582089552236,0.3790849673202614,67.0
"vulnerability, security, protection, cybersecurity, assurance, countermeasure, threat, privacy, authentication, prevention, confidentiality, trusted, intrusion, compromise, safety, insecure, defensive, breach, proactive, tampering, penetration, policy, phishing, vulnerable, authorization, dependability, or certification",0.24528301886792453,0.41935483870967744,0.30952380952380953,62.0
"throughput, reliability, scalability, responsiveness, efficiency, workload, benchmark, latency, speed, improvement, accuracy, achieve, tuning, bottleneck, better, high, optimize, effectiveness, low, enhances, reducing, incresaed, quality, faster, or degrades",0.46875,0.2777777777777778,0.3488372093023256,54.0
"environmental, organizational, coordination, systemic, logistics, coordination, or automation",0.88,0.3333333333333333,0.4835164835164835,66.0
accuracy,0.36947791164658633,0.36947791164658633,0.36947791164658633,0.36947791164658633
macro avg,0.4828105802983764,0.36582544267907774,0.38024061741572,249.0
weighted avg,0.4867191583358445,0.36947791164658633,0.3828854064873382,249.0
