,precision,recall,f1-score,support
"accessibility, aesthetic, contextual, experience, satisfaction, HCI, UX, questionnaire, ease, ergonomics, designer, evaluate, multimodal, practitioner, prototyping, preference, personalization, suitability, focus, clarity, responsiveness, judgement, feel, or helpful",0.0,0.0,0.0,67.0
"vulnerability, security, protection, cybersecurity, assurance, countermeasure, threat, privacy, authentication, prevention, confidentiality, trusted, intrusion, compromise, safety, insecure, defensive, breach, proactive, tampering, penetration, policy, phishing, vulnerable, authorization, dependability, or certification",0.24066390041493776,0.9354838709677419,0.38283828382838286,62.0
"throughput, reliability, scalability, responsiveness, efficiency, workload, benchmark, latency, speed, improvement, accuracy, achieve, tuning, bottleneck, better, high, optimize, effectiveness, low, enhances, reducing, incresaed, quality, faster, or degrades",0.25,0.037037037037037035,0.06451612903225806,54.0
"environmental, organizational, coordination, systemic, logistics, coordination, or automation",0.0,0.0,0.0,66.0
accuracy,0.24096385542168675,0.24096385542168675,0.24096385542168675,0.24096385542168675
macro avg,0.12266597510373445,0.24313022700119474,0.11183860321516023,249.0
weighted avg,0.1141412121515106,0.24096385542168675,0.10931664483976576,249.0
