,precision,recall,f1-score,support
"instructive, easy, helpful, useful, learnable, explainable, affordable, intuitive, or understandable",0.7741935483870968,0.3582089552238806,0.4897959183673469,67.0
"security, authorization, or protection",0.59375,0.7037037037037037,0.6440677966101694,54.0
periodic execution or efficacy performance,0.6326530612244898,0.9393939393939394,0.7560975609756098,66.0
"working, running, connecting, interfacing, or operative environment",0.6428571428571429,0.5806451612903226,0.6101694915254238,62.0
accuracy,0.642570281124498,0.642570281124498,0.642570281124498,0.642570281124498
macro avg,0.6608634381171824,0.6454879399029615,0.6250326918696375,249.0
weighted avg,0.664842219437328,0.642570281124498,0.6238109841226022,249.0
