,precision,recall,f1-score,support
"instructive, easy, helpful, useful, learnable, explainable, affordable, intuitive, or understandable",0.30337078651685395,0.8059701492537313,0.4408163265306123,67.0
"security, authorization, or protection",0.08333333333333333,0.05555555555555555,0.06666666666666667,54.0
periodic execution or efficacy performance,0.0,0.0,0.0,66.0
"working, running, connecting, interfacing, or operative environment",0.2857142857142857,0.16129032258064516,0.20618556701030927,62.0
accuracy,0.26907630522088355,0.26907630522088355,0.26907630522088355,0.26907630522088355
macro avg,0.16810460139111824,0.255704006847483,0.17841714005189707,249.0
weighted avg,0.17084388920046156,0.26907630522088355,0.1844104378802819,249.0
