,precision,recall,f1-score,support
"instructive, easy, helpful, useful, learnable, explainable, affordable, intuitive, or understandable",0.725,0.43283582089552236,0.5420560747663551,67.0
"security, authorization, or protection",0.47692307692307695,0.5740740740740741,0.5210084033613446,54.0
periodic execution or efficacy performance,0.6885245901639344,0.6363636363636364,0.6614173228346456,66.0
"working, running, connecting, interfacing, or operative environment",0.5301204819277109,0.7096774193548387,0.6068965517241379,62.0
accuracy,0.5863453815261044,0.5863453815261044,0.5863453815261044,0.5863453815261044
macro avg,0.6051420372536805,0.5882377376720178,0.5828445881716208,249.0
weighted avg,0.6130077870850759,0.5863453815261044,0.5852744590555886,249.0
