Requirement text,Gold label,Predicated label,ZSL score
The system shall refresh the display every 60 seconds.,performance,operational,0.2858838438987732
 If projected  the data must be readable.  On a 10x10 projection screen  90% of viewers must be able to read Event / Activity data from a viewing distance of 30,usability,performance,0.30860650539398193
 If projected  the data must be understandable. On a 10x10 projection screen  90% of viewers must be able to determine that Events or Activities are occuring in current time from a viewing distance of 100,usability,usability,0.3494417071342468
The product shall ensure that it can only be accessed by authorized users.  The product will be able to distinguish between authorized and unauthorized users in all access attempts,security,security,0.38038572669029236
The product shall be intuitive and self-explanatory.  :  90% of new users shall be able to start the display of Events or Activities within 90 minutes of using the product.,usability,usability,0.42108145356178284
The product shall respond fast to keep up-to-date data in the display.,performance,usability,0.4436427652835846
The system shall be used by realtors with no training.,usability,security,0.1949201375246048
The system shall be intuitive and self explanatory.,usability,usability,0.49788233637809753
The product shall be easy for a realtor to learn.,usability,usability,0.4111801087856293
The product shall use symbols and words that are naturally understandable by the realtor community.,usability,usability,0.32133662700653076
The product shall produce search results in an acceptable time,performance,usability,0.44570600986480713
The search results shall be returned no later 30      seconds  after the user has entered the search criteria,performance,performance,0.1895637810230255
The product shall generate a CMA report in an acceptable time.,performance,operational,0.3958832919597626
The CMA report shall be returned no later 60 seconds after the user has entered the CMA report criteria.,performance,performance,0.29545798897743225
The product shall synchronize contacts and appointments in an acceptable time.,performance,security,0.34801095724105835
The product shall synchronize with the office system every hour.,performance,operational,0.3480929732322693
The product shall be installed by an untrained realtor   without recourse to separately-printed instructions.,usability,security,0.18559738993644714
90% of untrained realtors shall be able to install the product on their device without printed instructions,usability,security,0.13058343529701233
Only registered realtors shall be able to access the system.,security,security,0.23520660400390625
Every user of the system shall be authenticated and authorized.,security,operational,0.49375614523887634
The product shall prevent its data from incorrect data being introduced.,security,security,0.5232117176055908
The system shall be easy to use by the Program Administrators/Nursing Staff Members.,usability,usability,0.5026828050613403
All of the users shall be able to use the system after one day of training.,usability,operational,0.32368895411491394
The system shall help the user avoid making mistakes while scheduling classes and clinicals for the nursing students.,usability,security,0.20670512318611145
The number of mistakes noted by the students shall be decreased by 50% in the first year.,usability,performance,0.02481497824192047
The system shall be intuitive to the Program Administrators/Nursing Staff Members.,usability,usability,0.4148029386997223
2 out of 3 Program Administrators/Nursing Staff Members shall successfully be able to use the system to manage the scheduling of classes and clinicals.,usability,operational,0.23009687662124634
The system shall use symbols and words that are naturally understandable by the user community.,usability,usability,0.3485090732574463
The verbiage used within the system shall be consistent with Standard English and the terminology of the national Nursing Community.,usability,operational,0.2812598645687103
Staff members shall be able to complete a set of tasks in a timely manner.,performance,usability,0.5237625241279602
The response time of general student management tasks shall take no longer than 5 seconds and the response time of schedule generation shall take no longer than 30 seconds.,performance,performance,0.1832468956708908
The system shall able to operate within a business office environment typical of the Nursing Department at DePaul University.,operational,operational,0.32361772656440735
The system shall be used within the specifications defined by the computers used by the Program Administrators/Nursing Staff Members.,operational,operational,0.32005974650382996
The system shall operate within the Windows XP Professional operating system.,operational,operational,0.46750009059906006
The system shall interface with CampusConnect’s central server,operational,security,0.37522009015083313
The system shall interface with the faculty central server.,operational,security,0.3098704218864441
The system shall interface with the student master server.,operational,security,0.27033737301826477
We must be able to interface with any HTML browser.,operational,usability,0.27173468470573425
Only authorized users shall have access to clinical site information.,security,security,0.15924307703971863
Program Administrators/Nursing Staff Members are the only people who shall have access to clinical site details.,security,security,0.20341914892196655
Only authorized users shall have access to students’ personal information.,security,security,0.23447169363498688
Dr Susan Poslusny and Dr Julie Donalek are the only people who shall have access to students’ personal information.,security,security,0.22410929203033447
Only authorized users shall have access to the portion of the system that interfaces with CampusConnect.,security,security,0.3023141920566559
Fit Criterion: Dr Susan Poslusny and Karen Sysol are the only people who shall have access to the final class section scheduling for the system that interfaces with CampusConnect.,security,usability,0.1990332007408142
The system shall have basic data integrity checking to reduce the possibility of incorrect or invalid data being introduced.,security,security,0.3986361622810364
The system shall protect private information in accordance with the organization’s information policy.,security,security,0.4801979959011078
The system shall be built such that it is as secure as possible from malicious interference.,security,security,0.537641167640686
The system shall use the organization’s standard virus protection software to help monitor threats to itself.,security,security,0.3712073862552643
The list of dispute cases that are displayed after a search is performed must be color coded for easy identification of dispute cases based upon the dispute case status.,usability,performance,0.13770893216133118
100% of the cardmember and merchant services representatives shall use the Disputes application regularly after a 2-day training course.,usability,operational,0.15017756819725037
100% of cardmember services representatives shall be able to successfully create a dispute case on the first encounter after completing the training course.,usability,operational,0.2870140075683594
100% of merchant services representatives shall be able to successfully perform a follow up action on a dispute case on the first encounter after completing the training course.,usability,operational,0.22478199005126953
The maximum wait time for a user navigating from one screen to another within the Disputes application shall be no more than 5 seconds.,performance,performance,0.1496562957763672
The Disputes application shall support 350 concurrent users without any degradation of performance in the application.,performance,usability,0.30034834146499634
 The Disputes application shall be available 24x7x365  with the exception of the following scheduled maintenance windows.  Monday – Saturday 3:00am to 4:00am EST Sunday 1:00amd to 5:00am EST,operational,usability,0.159759983420372
The Disputes application shall interface with the Statement Database. The Statement Database provides the transaction details to the Disputes System. All transaction details must be obtained from the Statement Database,operational,operational,0.2400239109992981
The Disputes application shall interface with the Cardmember Information Database.  The Cardmember Information Database provides detailed information with regard to a cardmember.  All cardmember detail information must be obtained from the Cardmember Information Database.,operational,security,0.2235449105501175
The Disputes applications shall interface with the Merchant Information Database.  The Merchant Information Database provides detailed information with regard to the merchant. All merchant detail information shall be obtained from the Merchant Information Database.,operational,security,0.2059122920036316
The Disputes application shall interface with the Letters application.  This will allow the Disputes application to request letters as part of the dispute initiation and dispute follow up process. All letter requests must be sent to the Print Letter Utility application.,operational,operational,0.14891833066940308
The Disputes application shall interface with the Cardmember Posting and Billing System.  This will allow the Disputes application to request adjustments to cardmember and merchant’s accounts. All adjustment requests must be sent to the Cardmember Posting and Billing System.,operational,security,0.20881086587905884
The Disputes application shall ensure that only users with the appropriate access level are allowed to initiate dispute requests.,security,security,0.24657979607582092
Only users with Update access must be able to initiate dispute requests.,security,security,0.19035634398460388
The Disputes application shall ensure that only authorized users are allowed to logon to the application.,security,security,0.19305472075939178
 All authorized users  once authenticated must be able to logon to the Disputes System,security,operational,0.30135104060173035
The Disputes System shall generate a User Report that details any new users that have been added and any changes to an existing user’s access level.  The report will be reviewed for auditing purposes.,security,performance,0.3135601878166199
All additions of new users and modifications to user’s access shall be recorded on the User Report.,security,performance,0.31450074911117554
 If a user account is revoked  it can only be re-instantiated by the System Administrator.,security,security,0.21572862565517426
Only the System Administrator shall be able to reset a revoked user logon account,security,operational,0.09753604978322983
The Disputes application shall manipulate and view business data. Users will not have direct access to data files or databases.,security,security,0.22789844870567322
All updates to data files or database must be initiated from the Disputes System.,security,operational,0.26517656445503235
The product must support Internet Explorer 5.5 and above.,operational,usability,0.2025902271270752
The product must support Mozilla Firefox 1.0 and above.,operational,usability,0.16750364005565643
The product shall interface with the Choice Parts System.  This provides the feed of recycled parts data.,operational,performance,0.22014851868152618
The product shall run on the existing hardware for all environments.,operational,operational,0.41881462931632996
The product shall adhere to the corporate Architecture guidelines,operational,operational,0.35015371441841125
The product shall be easy to use by Adjusters and Collision Estimators.  95% of Adjusters and Collision Estimators shall find the product easy to use.,usability,usability,0.5100376605987549
The product shall increase productivity of Collision Estimators. 80% of the Collision Estimators shall agree their productivity has increase within 1 month of using the product.,usability,usability,0.1857178658246994
Users shall feel satisfied using the product.  85% of all users will be satisfied with the product.,usability,usability,0.3502778708934784
The product shall be easy to learn by Adjusters and Collision Estimators.  The product shall be learned with two days onsite training,usability,usability,0.3324781358242035
The user shall easily locate instructions while using the product.  User help can be found within 90% of the system.,usability,operational,0.3818078637123108
The search for recycled parts shall take no longer than 15 seconds.  The search results shall be returned in under 15 seconds.,performance,usability,0.14908286929130554
The search for the preferred repair facility shall take no longer than 8 seconds.  The preferred repair facility is returned within 8 seconds,performance,security,0.22295327484607697
The recycled parts audit report shall be returned to the user within 10 seconds.  The audit report shall be returned within 10 seconds.,performance,usability,0.21234960854053497
The preferred repair facility ratings shall be saved within 5 seconds. The save shall occur within 5 seconds.,performance,usability,0.14267365634441376
 For estimators  the product shall be able to be operated in a repair facility during dirty and noisy conditions.,operational,usability,0.3624161183834076
The product shall interface with the ChoiceParts system once per day at approximately 1:00 AM.,operational,operational,0.28029510378837585
The maintenance of the product will fall within the established corporate maintenance windows.,operational,operational,0.4660138189792633
The product shall be supported using the corporate support center.,operational,operational,0.37455254793167114
Product installations and upgrades shall be handled by the middleware technology team within established launch time frames.,operational,operational,0.334573358297348
Only adjusters can request recycled parts audit reports. No users without an adjuster role shall request recycled parts audits.,security,usability,0.19510962069034576
Only adjusters with a supervisor role can update preferred repair facility ratings. Users without the supervisor role cannot access the repair facility ratings.,security,performance,0.1702013909816742
Only collision estimators shall search for recycled parts.  Users without the collision estimator role shall not have access to the search for recycled parts.,security,usability,0.18656668066978455
Only valid data shall be entered into the system.  No invalid data shall be entered into the system.,security,security,0.33217653632164
One insurance company shall not be able to view another insurance companys claim data.,security,security,0.24701304733753204
The product shall free of computer viruses.,security,usability,0.3690032362937927
The system shall prevent malicious attacks including denial of service.,security,security,0.4562796652317047
 The product must work with most database management systems (DBMS) on the market  whether the DBMS is colocated with the product on the same machine or is located on a different machine on the computer network.,operational,usability,0.21236379444599152
The product will function alongside server software on any operating system where the Java runtime can be installed.,operational,operational,0.2602623999118805
The product will require collaboration with a database management system (DBMS).  The DBMS may be located on the same machine as the product or on a separate machine residing on the same computer network.,operational,security,0.2004798948764801
 The product must make use of web/application server technology.  Open source examples include Apache web server  Tomcat  and the JBoss application server.,operational,usability,0.29082146286964417
 A database management system such as Oracle  DB2  MySql or HSQL will need to be integrated with the product.,operational,operational,0.2714901566505432
The product shall make the users want to use it. 80% of the users surveyed report they are regularly using the product after the first 2 weeks post-launch.,usability,operational,0.1886196881532669
The product shall be easy to use. 90% of users will be able to successfully reserve a conference room within 5 minutes of product use.,usability,usability,0.3075997233390808
The product shall give users feedback when necessary. 80% of the users surveyed report that the product accurately confirms their actions.,usability,usability,0.3867763876914978
The product shall allow the user to select a chosen language from one of the target market countries.,usability,security,0.18480630218982697
The product shall allow for customization of start page and views preferences.,usability,performance,0.33503010869026184
 An employee will be able to successfully use the product within a few minutes.  After informally navigating the product for less than 15 minutes  users shall be able to successfully setup meetings and reserve conference rooms.,usability,usability,0.2165924310684204
The product shall use a standard navigation menu familiar to most web users.,usability,usability,0.28538453578948975
The product shall allow for intuitive searching of available conference rooms.,usability,usability,0.4080197513103485
The product shall conform to the Americans with Disabilities Act.,usability,usability,0.36793771386146545
The response shall be fast enough to avoid interrupting the user’s flow of thought.  90% of tasks shall complete within 5 seconds.  98% of tasks shall complete within 8 seconds.,performance,usability,0.33497369289398193
The product shall be used in office environments.,operational,operational,0.4183621108531952
The product must be able to interface with any HTML browser.  The product shall transmit data between the user and the product without problems. The product shall display HTML properly in 80% of all HTML browsers tested (minimum is to test 8 browsers).,operational,usability,0.2892518937587738
The product must be able to interface with various database management systems. The product shall communicate successfully with the database management system on 100% of all transactions.,operational,operational,0.33705705404281616
The product must be able to interface with various email servers. The product shall be able to send email.,operational,security,0.2680869400501251
The product shall be available for distribution via the Internet as a binary or ZIP file.,operational,usability,0.16540543735027313
The product shall be available for distribution as a packaged CD.,operational,usability,0.2832340598106384
 The product will be available for licensing as a one-server  two-five servers  or five-or-more servers license.,operational,performance,0.24237264692783356
A new user must be able to be added to the system within 10 minutes.  90% of new users are able to log into the system within 10 minutes.,usability,operational,0.20305576920509338
Every registered user will have access to the product’s support site via the Internet.  70% of registered users shall find a solution to their problem within 5 minutes of using the support site.,usability,usability,0.12702037394046783
 The product shall be translated into foreign languages other than the target market countries’ languages in future releases.  For each emerging target market  it shall take no more than 5 days to configure the product for that market’s language.,usability,security,0.09791260957717896
 The product is expected to integrate with multiple database management systems.  The product will operate with Oracle  SQL Server  DB2  MySQL  HSQL  and MS Access.,operational,operational,0.2903243601322174
The product shall be able to be installed in any operating environment within 2 days.,operational,operational,0.36337268352508545
The product shall ensure that only company employees or external users with company-approved user IDs may have product access.  100% of all logons shall be by either company employees or external users with company-approved user IDs.,security,security,0.21505574882030487
Only managers are able to perform search queries for reservations by user.  100% of all search queries for reservations by user shall be from logons of only management logons.,security,security,0.1502068042755127
The product shall ensure that the database’s data corresponds to the data entered by the user.  Each conference room reservation in the system will contain the same information as was entered by the user.,security,security,0.3075762391090393
The product shall prevent the input of malicious data.  The product and/or adjacent hardware/software systems’ data shall remain 100% uncorrupted each time malicious data is input into the product.,security,usability,0.3288648724555969
The product shall have the ability to receive automatic software updates as new threats emerge.  100% of customers will be able to receive automatic software updates transmitted to the installed product.,security,usability,0.34469351172447205
The product shall be able to display calendar dates and times according to the user’s locale.  90% of survey respondents from each target market country will find that the date and time formatting of the product is correct.,usability,usability,0.29684513807296753
The product must be developed with the J2SE/J2EE programming language libraries,operational,usability,0.1898946464061737
Recreation of Inventory Quantity Adjustment for the period of previous 30 days shall take no more than 30min.,performance,operational,0.218054860830307
The System shall allow for a minimum of  6 users to work at the same time.,performance,operational,0.32141828536987305
The System shall utilize currently owned computer equipment.,operational,operational,0.4581943154335022
The System shall be able to automatically backup business data and restore them on demand.,operational,operational,0.2943305969238281
The System shall maintain consistent security.  Any changes in user passwords and/or permissions should take affect in all parts of the System.,security,security,0.5467652082443237
The System shall granularly control access rights to all major subsystems.  It should be possible to assign access rights to all subsystems independently.,security,usability,0.318676620721817
The System shall not require additional third party licenses resulting in royalty fees.,operational,usability,0.2269030511379242
Administrator shall be able to activate a pre-paid card via the Administration section in under 5 seconds.,performance,security,0.19500859081745148
 Customer shall be able to check the status of their prepaid card  by entering in the PIN number  in under 5 seconds.,performance,security,0.14609725773334503
System shall let customers register on the website as a “pay as you go” user in under 5 minutes.,performance,performance,0.14717872440814972
System shall let customers register on the website as a “unlimited movie subscriber” user in under 10 minutes.,performance,performance,0.18100999295711517
System shall let existing customers log into the website with their email address and password in under 5 seconds.,performance,security,0.11659855395555496
 System shall let customers cancel their account  process shall take no longer than 2 minutes.  Database will mark the account as inactive  and user will not be able to log into the website.,performance,security,0.05861509591341019
System shall let administrator de-activate a customer account in under 1 minute. Customer will no longer be able to access the website.,performance,security,0.1565382331609726
System shall let administrator add/remove movies on the website in under 5 minutes.  Entered movie information will be stored in the database and will now be available on the website.,performance,performance,0.14518135786056519
System shall let the administrator add/remove categories on the website in under 5 minutes.,performance,performance,0.13638049364089966
System shall let Izogn Manager access sales and usage statistics in under 2 minutes.,performance,operational,0.1484883725643158
System shall let administrators generate unique pre-paid pins in under 2 minutes and generate an Excel file with the generated PINs.,performance,operational,0.13687334954738617
The product should be able to be used by 90% of novice users on the Internet.,usability,security,0.1721169352531433
 Users should only have to navigate through a maximum of 4 pages  to create an account with the website.,usability,security,0.13305453956127167
Users should be able to access their streaming movies in under 2 clicks after logging into the website.,usability,performance,0.12882132828235626
An anonymous survey will show that 70% of customers are comfortable purchasing streaming movies after 2 weeks using the website.,usability,performance,0.04155661165714264
An anonymous survey will show that 95% of customers are comfortable using and purchasing pre-paid cards after a month of using the system.,usability,security,0.0643734484910965
The product shall retain the customer’s buying preferences and information.,usability,security,0.29102739691734314
The product shall be easy for customers with novice skills on the  Internet to purchase and watch streaming movies.  Customers should be able to purchase and watch a pre-determined movie in under 3 minutes.,usability,usability,0.21726234257221222
The product shall use symbols and words that are naturally understandable by users familiar with websites,usability,usability,0.34249579906463623
The website will use standard Internet conventions when interacting with the user.,usability,security,0.38686156272888184
 Any interface between a user and the automated system shall have a maximum response time of 5 seconds  unless noted by an exception below.,performance,performance,0.2315906137228012
 When purchasing a streaming movie or pre-paid card via credit card  the processing time should have a maximum response time of 15 seconds.,performance,performance,0.07006549835205078
 When streaming a movie  the buffering time should take no longer than 10 seconds (plus any latency on the user’s connection.),performance,usability,0.15461567044258118
 While streaming a movie  buffering should only occur if there is latency in the user’s connection.,performance,security,0.19538776576519012
 All credit card information will be secured on the server  and only accessible by authorized Izogn administrators.  Information will be encrypted in the database.,security,security,0.3042554259300232
All aspects of the website shall be accessed by a web browser over the Internet.,operational,security,0.16137050092220306
The same hardware supporting the current website will be used to support the new system.,operational,usability,0.38045111298561096
 We must be able to interface with the following browsers: IE 5.X  6.0  Netscape 6.x  7.x  8.x and Firefox 1.0.,operational,usability,0.20334580540657043
Website must interface with the CyberSource API to process credit card transactions.,operational,security,0.27318453788757324
Website must be fully operational with MSN TV2.,operational,operational,0.42040297389030457
Movies shall be encoded and streamed via Windows Media Player 9.0.,operational,operational,0.16764478385448456
Movies shall be encoded for 56k and 256k streams.,operational,usability,0.1263933777809143
Izogn Administrator must be able to update the category listings on the website within 2 minutes.,performance,operational,0.16118644177913666
Izogn Administrator must be able to add new products to the website within 2 minutes.,performance,security,0.10046976804733276
The website will provide a help section with answers and solutions to common problems.,usability,usability,0.2690916061401367
The product shall be able to be installed in the specified environment within 1 working day.,operational,operational,0.40627172589302063
Only registered customers can purchase streaming movies.,security,usability,0.05793183669447899
 A customer can only stream a movie if they purchased it  and are within the 2 day viewing period.,security,performance,0.045903947204351425
Only authorized personnel can access customer records in the database.,security,security,0.2687076926231384
Only administrators can activate a pre-paid card.,security,security,0.2316543161869049
Only authorized personnel can access sales information.,security,security,0.18911048769950867
The website shall prevent its data from being corrupted when incorrect data is entered in.,security,security,0.36581742763519287
 The website shall protect itself from intentional abuse  and notify the administrator at all occurrences.,security,security,0.4699857532978058
Data integrity scripts will be run on a weekly basis to verify the integrity of the database.,security,operational,0.21837188303470612
 The website shall make its user aware of its information practices before collection data from them via a Privacy Policy  accessible on all pages of the website.,security,security,0.4116279184818268
The system shall notify customers of changes to its information policy.,security,security,0.32500749826431274
The system shall reveal private information only in compliance with the organization’s information policy.,security,security,0.35065796971321106
 All customer information will be stored on a secure database  accessible only to authorized personnel.,security,security,0.3998667001724243
All credit card information will be encrypted in the database.,security,security,0.22596332430839539
The streaming server will have anti-virus software to prevent infection of malicious viruses.,security,security,0.34661421179771423
The website should use Flash to provide animation on the home page.,operational,usability,0.09548250585794449
Total lead cycle time must be completed in 5 minutes for 90% of lead volume between the business hours of 8AM CST to 8PM CST; then 3 minutes for 99% of lead volume during off business hours.,performance,operational,0.01977609656751156
No lead evaluation will complete in a time period longer than 25 seconds for 97% of all leads processed.,performance,usability,0.08075027912855148
For leads that process longer than 25 seconds the system will record the event and duration,performance,performance,0.37260711193084717
The process must fit within the processing time conditions set forth by the Auto Rep Assignment process in which a lead is assigned within 3 minutes of the total life cycle.,performance,operational,0.28736916184425354
The lead washing process will operate within the established physical web service structure.,operational,operational,0.21334172785282135
 The washing process must use a non binding  neutral data format  such as xml  when receiving and processing lead data.,operational,security,0.16468845307826996
The product shall able to handle a large number of games simultaneously.,performance,usability,0.3878049850463867
The response time shall be fast enough to maintain the flow of the game.  The response time shall be no more than 2 seconds for 95% of responses and no more than 4% for the remaining responses.,performance,usability,0.32178226113319397
The product shall protect the identity of the players. The product shall provide players no access to information that might reveal the identity of another player.,performance,security,0.38937050104141235
The product shall be intuitive and self-explanatory.  Nine out ten users shall be able to successfully complete a game with no training.,usability,usability,0.34282827377319336
 The product shall be available to players who understand English  Spanish and French.  The product shall allow the user to select the language upon accessing the product.,usability,performance,0.19792340695858002
The product shall provide players no access to information that might reveal the identity of another player,security,security,0.23155394196510315
The response time shall be fast enough to maintain the flow of the game. The response time shall be no more than 2 seconds for 95% of responses and no more than 4% for the remaining responses.,performance,usability,0.32178226113319397
The system shall be easy to use by callers and supervisors. Callers and supervisors must be able to accomplish any system task within 2 minutes.,usability,usability,0.3732309639453888
The system shall be easy to learn by callers and supervisors. Callers and supervisors shall learn how to use the system within 10 minutes.,usability,usability,0.27438583970069885
 The system shall be responsive. At the DePaul TeleServices Center  when a supervisor uses the system to view a callers schedule  the system response time must be no more than 2 seconds 90% of the time and no more than 5 seconds the rest of the time.,performance,operational,0.23598913848400116
 On a 56k connection  the system response time for all operations must be no more than 6 seconds 90% of the time.,performance,performance,0.1727125644683838
 On a 112k connection or faster  the system response time for all operations must be no more than 3 seconds 90% of the time.,performance,usability,0.18883287906646729
The product shall ensure that only supervisors can advertise empty time slots.The product must ensure that supervisors are allowed to access advertise empty time slots.,security,security,0.20270827412605286
The product shall ensure that only supervisors can enter a caller’s schedule.The product must ensure that supervisors are allowed to access advertise empty time slots.,security,security,0.2444879710674286
The product shall ensure that only supervisors can view schedule of all callers.The product must ensure that supervisors are allowed to access advertise empty time slots.,security,security,0.22243668138980865
The product shall provide Monitoring Services.The product shall be easy for System Administrators and DBAs to use after two weeks of usage.,usability,usability,0.35068583488464355
The product shall provide Error Tracking Services.The product shall help the System Administrators and DBAs to resolve transaction errors 99% of the time.,usability,usability,0.29470735788345337
The product shall provide Portals.The product shall help System Administrators to analyze the transactions with ad-hoc reporting and KPIs (Key Performance Indicators),usability,security,0.312164843082428
The product shall provide Asynchronous Messaging.The product shall provide asynchronous messaging to enable parallel processing and reduce the overhead in communications,performance,usability,0.2365388572216034
The product shall provide Multi-threading and Load Balancing.The product shall provide multi-threading technology as well as load balancing to overcome data load spikes and traffic.,performance,usability,0.3223126530647278
The product shall process messages within 2 seconds.The product shall have a maximum message processing time of 2 seconds,performance,operational,0.20537005364894867
The product shall poll the system for messages every second.The product shall poll the system for new messages at a maximum of every 1 second.,performance,operational,0.13193491101264954
The product shall provide Dynamic Change Support and Transparent resource addition.The product shall support Transparent Resource addition and Dynamic Change support to provide scalability and avoid service interruptions of more than 1 day.,performance,usability,0.42729151248931885
The product shall be platform independent.The product shall enable access to any type of development environment and platform.,operational,usability,0.4330309331417084
The product shall interface CSR and Datastream.The product shall exchange messages between CSR and EAM on a real time basis without any direct interfaces between two systems.,operational,security,0.24460284411907196
 The product shall have security.The product shall provide authentication  and authorization.,security,security,0.6392739415168762
The product shall information Security. The product shall enable privacy by encryption WS-Security and Integrity Checking.,security,security,0.5948672890663147
The product shall have audit capabilities.The product shall store messages for a minimum of one year for audit and transaction tracking purposes.,security,operational,0.33199089765548706
The system must use a point and click interface. 100% of all selection and navigation functionality must be able to be activated/selected by either a mouse or a keyboard,usability,usability,0.26806357502937317
The interface shall be easy to use. 90% of users should be able to successfully use the system to generate a report on their first use. The interface should adhere to IBM usability standards.,usability,usability,0.38327836990356445
Rreports must be easy to generate. eports must be generated within one button click and exported within one button click (after selecting the report),usability,usability,0.4443835914134979
A user shall be able to use the system without instruction after a short amount of time. After one use a user should understand and remember 90% of the system usage and navigation.,usability,usability,0.2791650891304016
All CCR users shall receive training before the WCS system is deployed. One training session will be held for 100% of CCR users before system deployment (based on a CCR user being available),usability,operational,0.24173325300216675
The WCS system shall use appropriate nomenclature and terminology as defined by the Corporate Community Grants organization. All interfaces and reports will undergo usability tests by CCR users.,usability,usability,0.24564549326896667
The WCS system shall be run in a Windows environment. The WCS shall be accessed by users through the Internet on an IBM computer running a Windows 2000 or above operating system.,operational,operational,0.18371698260307312
The Brio portion of the WCS system must be able to export files in spreadsheet form (Microsoft Excel and Lotus 1-2-3 formats).  Brio will provide buttons in the user interface that produce/export reports in .xls or .123 file formats.,operational,operational,0.13863758742809296
The system shall only be accessed by authorized Corporate Community Grants (CCR) employees. Users must be authenticated using their IBM intranet user name and password.,security,security,0.22268900275230408
The WCS system shall not allow automatic logins by any user. Cookies containing WCS login information about a user will not be stored on a user’s computer.,security,security,0.15003855526447296
Each team owner will need to use a username and password in order to be authenticated to reach the team owner’s page,security,security,0.23644796013832092
The Commissioner will be the only authorized user per league to adjust league settings.,security,usability,0.17372643947601318
	A new user shall be able to navigate through the league and team pages within 30 seconds of reaching the start-up page.,usability,operational,0.14110073447227478
 	Users shall be able to reach the ‘add’  ‘drop’  and ‘trade player’ pages with one click from the team owner’s page.,usability,performance,0.22027921676635742
	Users shall be able to view at least 25 NFL player statistics and points on each page.,usability,usability,0.1550883650779724
The application shall ask the user to confirm dropping a player or trading a player before performing the action.,usability,performance,0.1958024650812149
The application shall be able to complete every user transaction within one fourth of a second of receiving the request over the network.,performance,operational,0.29868489503860474
The application shall run on a web application server.,operational,security,0.196203351020813
A primary database will be used to store cached data for active users.,operational,operational,0.31947481632232666
A secondary database will be used to store historical statistics and data.,operational,performance,0.23513424396514893
98% of the user workstations shall meet the minimum hardware requirements prior to implementation. Minimum Hard Disk Space:  400MB.,operational,usability,0.22691911458969116
98% of the user workstations shall meet the minimum software requirements prior to implementation: Microsoft Internet Explorer 5.0. Microsoft .NET Framework 1.1. Microsoft Internet Explorer Web Controls,operational,operational,0.22410458326339722
 	The RFS system should be able to easily interface with the BDW environment  in order to load the data. •	7 data files shall be received from the BDW and loaded into the RFS system within 3 hours one day prior to the start of budgeting process  every year. The data will be as of October month-end. 	Test files (7) shall be loaded up to 5 times throughout the year  from the BDW.,operational,operational,0.21595627069473267
 	Only authorized user shall access the RFS system. ONLY users that exist in the UAS system  with the RFS system assigned to their role(s)  shall access the RFS system and use it.,security,operational,0.2945578396320343
	User access should be limited to the permissions granted to their role(s) Each level in the PCG hierarchy will be assigned a role and users will be assigned to these roles. Access to functionality within RFS system is dependent on the privileges/permission assigned to the role..,security,security,0.2577778100967407
 	The users should be able to easily use the system to successfully complete their budgets  within the stipulated time for completion. With a week of training prior to product implementation  98% of the users shall complete their budgets within the stipulated time.,usability,usability,0.32145944237709045
 	The product interface should be fast. The response time of the product interface should not exceed 2 seconds 90% of the time. For 10% of the time  the response time should not be more than 10 seconds.not be more than 10 seconds.,performance,usability,0.30487197637557983
