Requirement text,Gold label,Predicated label,ZSL score
The system shall refresh the display every 60 seconds.,periodic execution or efficacy performance,periodic execution or efficacy performance,0.39164644479751587
 If projected  the data must be readable.  On a 10x10 projection screen  90% of viewers must be able to read Event / Activity data from a viewing distance of 30,"instructive, easy, helpful, useful, learnable, explainable, affordable, intuitive, or understandable",periodic execution or efficacy performance,0.3173238933086395
 If projected  the data must be understandable. On a 10x10 projection screen  90% of viewers must be able to determine that Events or Activities are occuring in current time from a viewing distance of 100,"instructive, easy, helpful, useful, learnable, explainable, affordable, intuitive, or understandable","instructive, easy, helpful, useful, learnable, explainable, affordable, intuitive, or understandable",0.38267746567726135
The product shall ensure that it can only be accessed by authorized users.  The product will be able to distinguish between authorized and unauthorized users in all access attempts,"security, authorization, or protection","security, authorization, or protection",0.46544149518013
The product shall be intuitive and self-explanatory.  :  90% of new users shall be able to start the display of Events or Activities within 90 minutes of using the product.,"instructive, easy, helpful, useful, learnable, explainable, affordable, intuitive, or understandable","instructive, easy, helpful, useful, learnable, explainable, affordable, intuitive, or understandable",0.5997097492218018
The product shall respond fast to keep up-to-date data in the display.,periodic execution or efficacy performance,"working, running, connecting, interfacing, or operative environment",0.49947187304496765
The system shall be used by realtors with no training.,"instructive, easy, helpful, useful, learnable, explainable, affordable, intuitive, or understandable","working, running, connecting, interfacing, or operative environment",0.18506315350532532
The system shall be intuitive and self explanatory.,"instructive, easy, helpful, useful, learnable, explainable, affordable, intuitive, or understandable","instructive, easy, helpful, useful, learnable, explainable, affordable, intuitive, or understandable",0.6260584592819214
The product shall be easy for a realtor to learn.,"instructive, easy, helpful, useful, learnable, explainable, affordable, intuitive, or understandable","instructive, easy, helpful, useful, learnable, explainable, affordable, intuitive, or understandable",0.609370768070221
The product shall use symbols and words that are naturally understandable by the realtor community.,"instructive, easy, helpful, useful, learnable, explainable, affordable, intuitive, or understandable","security, authorization, or protection",0.4180338680744171
The product shall produce search results in an acceptable time,periodic execution or efficacy performance,periodic execution or efficacy performance,0.5398598313331604
The search results shall be returned no later 30      seconds  after the user has entered the search criteria,periodic execution or efficacy performance,periodic execution or efficacy performance,0.35348814725875854
The product shall generate a CMA report in an acceptable time.,periodic execution or efficacy performance,periodic execution or efficacy performance,0.5596853494644165
The CMA report shall be returned no later 60 seconds after the user has entered the CMA report criteria.,periodic execution or efficacy performance,periodic execution or efficacy performance,0.3338592052459717
The product shall synchronize contacts and appointments in an acceptable time.,periodic execution or efficacy performance,"working, running, connecting, interfacing, or operative environment",0.5087569355964661
The product shall synchronize with the office system every hour.,periodic execution or efficacy performance,"working, running, connecting, interfacing, or operative environment",0.48821526765823364
The product shall be installed by an untrained realtor   without recourse to separately-printed instructions.,"instructive, easy, helpful, useful, learnable, explainable, affordable, intuitive, or understandable","working, running, connecting, interfacing, or operative environment",0.286550909280777
90% of untrained realtors shall be able to install the product on their device without printed instructions,"instructive, easy, helpful, useful, learnable, explainable, affordable, intuitive, or understandable","instructive, easy, helpful, useful, learnable, explainable, affordable, intuitive, or understandable",0.08340011537075043
Only registered realtors shall be able to access the system.,"security, authorization, or protection","security, authorization, or protection",0.21750399470329285
Every user of the system shall be authenticated and authorized.,"security, authorization, or protection","security, authorization, or protection",0.5047823190689087
The product shall prevent its data from incorrect data being introduced.,"security, authorization, or protection","security, authorization, or protection",0.5995016694068909
The system shall be easy to use by the Program Administrators/Nursing Staff Members.,"instructive, easy, helpful, useful, learnable, explainable, affordable, intuitive, or understandable","instructive, easy, helpful, useful, learnable, explainable, affordable, intuitive, or understandable",0.6874682307243347
All of the users shall be able to use the system after one day of training.,"instructive, easy, helpful, useful, learnable, explainable, affordable, intuitive, or understandable","working, running, connecting, interfacing, or operative environment",0.38448888063430786
The system shall help the user avoid making mistakes while scheduling classes and clinicals for the nursing students.,"instructive, easy, helpful, useful, learnable, explainable, affordable, intuitive, or understandable",periodic execution or efficacy performance,0.29901617765426636
The number of mistakes noted by the students shall be decreased by 50% in the first year.,"instructive, easy, helpful, useful, learnable, explainable, affordable, intuitive, or understandable",periodic execution or efficacy performance,0.08658614754676819
The system shall be intuitive to the Program Administrators/Nursing Staff Members.,"instructive, easy, helpful, useful, learnable, explainable, affordable, intuitive, or understandable","instructive, easy, helpful, useful, learnable, explainable, affordable, intuitive, or understandable",0.5415247082710266
2 out of 3 Program Administrators/Nursing Staff Members shall successfully be able to use the system to manage the scheduling of classes and clinicals.,"instructive, easy, helpful, useful, learnable, explainable, affordable, intuitive, or understandable","working, running, connecting, interfacing, or operative environment",0.41537749767303467
The system shall use symbols and words that are naturally understandable by the user community.,"instructive, easy, helpful, useful, learnable, explainable, affordable, intuitive, or understandable","instructive, easy, helpful, useful, learnable, explainable, affordable, intuitive, or understandable",0.47442618012428284
The verbiage used within the system shall be consistent with Standard English and the terminology of the national Nursing Community.,"instructive, easy, helpful, useful, learnable, explainable, affordable, intuitive, or understandable","working, running, connecting, interfacing, or operative environment",0.325175404548645
Staff members shall be able to complete a set of tasks in a timely manner.,periodic execution or efficacy performance,"working, running, connecting, interfacing, or operative environment",0.5800037384033203
The response time of general student management tasks shall take no longer than 5 seconds and the response time of schedule generation shall take no longer than 30 seconds.,periodic execution or efficacy performance,periodic execution or efficacy performance,0.24762530624866486
The system shall able to operate within a business office environment typical of the Nursing Department at DePaul University.,"working, running, connecting, interfacing, or operative environment","working, running, connecting, interfacing, or operative environment",0.32810184359550476
The system shall be used within the specifications defined by the computers used by the Program Administrators/Nursing Staff Members.,"working, running, connecting, interfacing, or operative environment","working, running, connecting, interfacing, or operative environment",0.4054519832134247
The system shall operate within the Windows XP Professional operating system.,"working, running, connecting, interfacing, or operative environment","working, running, connecting, interfacing, or operative environment",0.3325583338737488
The system shall interface with CampusConnect’s central server,"working, running, connecting, interfacing, or operative environment","working, running, connecting, interfacing, or operative environment",0.4965052902698517
The system shall interface with the faculty central server.,"working, running, connecting, interfacing, or operative environment","working, running, connecting, interfacing, or operative environment",0.46678999066352844
The system shall interface with the student master server.,"working, running, connecting, interfacing, or operative environment","working, running, connecting, interfacing, or operative environment",0.395540326833725
We must be able to interface with any HTML browser.,"working, running, connecting, interfacing, or operative environment","working, running, connecting, interfacing, or operative environment",0.405866414308548
Only authorized users shall have access to clinical site information.,"security, authorization, or protection","security, authorization, or protection",0.21651500463485718
Program Administrators/Nursing Staff Members are the only people who shall have access to clinical site details.,"security, authorization, or protection","working, running, connecting, interfacing, or operative environment",0.2563616931438446
Only authorized users shall have access to students’ personal information.,"security, authorization, or protection","security, authorization, or protection",0.22898904979228973
Dr Susan Poslusny and Dr Julie Donalek are the only people who shall have access to students’ personal information.,"security, authorization, or protection","security, authorization, or protection",0.1642930656671524
Only authorized users shall have access to the portion of the system that interfaces with CampusConnect.,"security, authorization, or protection","security, authorization, or protection",0.31260189414024353
Fit Criterion: Dr Susan Poslusny and Karen Sysol are the only people who shall have access to the final class section scheduling for the system that interfaces with CampusConnect.,"security, authorization, or protection","working, running, connecting, interfacing, or operative environment",0.26986929774284363
The system shall have basic data integrity checking to reduce the possibility of incorrect or invalid data being introduced.,"security, authorization, or protection","security, authorization, or protection",0.4403533339500427
The system shall protect private information in accordance with the organization’s information policy.,"security, authorization, or protection","security, authorization, or protection",0.4596318006515503
The system shall be built such that it is as secure as possible from malicious interference.,"security, authorization, or protection","security, authorization, or protection",0.5643798112869263
The system shall use the organization’s standard virus protection software to help monitor threats to itself.,"security, authorization, or protection","security, authorization, or protection",0.3585183918476105
The list of dispute cases that are displayed after a search is performed must be color coded for easy identification of dispute cases based upon the dispute case status.,"instructive, easy, helpful, useful, learnable, explainable, affordable, intuitive, or understandable","security, authorization, or protection",0.2585946023464203
100% of the cardmember and merchant services representatives shall use the Disputes application regularly after a 2-day training course.,"instructive, easy, helpful, useful, learnable, explainable, affordable, intuitive, or understandable",periodic execution or efficacy performance,0.21074382960796356
100% of cardmember services representatives shall be able to successfully create a dispute case on the first encounter after completing the training course.,"instructive, easy, helpful, useful, learnable, explainable, affordable, intuitive, or understandable",periodic execution or efficacy performance,0.28347378969192505
100% of merchant services representatives shall be able to successfully perform a follow up action on a dispute case on the first encounter after completing the training course.,"instructive, easy, helpful, useful, learnable, explainable, affordable, intuitive, or understandable",periodic execution or efficacy performance,0.30833134055137634
The maximum wait time for a user navigating from one screen to another within the Disputes application shall be no more than 5 seconds.,periodic execution or efficacy performance,periodic execution or efficacy performance,0.10248598456382751
The Disputes application shall support 350 concurrent users without any degradation of performance in the application.,periodic execution or efficacy performance,"instructive, easy, helpful, useful, learnable, explainable, affordable, intuitive, or understandable",0.3265853822231293
 The Disputes application shall be available 24x7x365  with the exception of the following scheduled maintenance windows.  Monday – Saturday 3:00am to 4:00am EST Sunday 1:00amd to 5:00am EST,"working, running, connecting, interfacing, or operative environment",periodic execution or efficacy performance,0.3264729678630829
The Disputes application shall interface with the Statement Database. The Statement Database provides the transaction details to the Disputes System. All transaction details must be obtained from the Statement Database,"working, running, connecting, interfacing, or operative environment","working, running, connecting, interfacing, or operative environment",0.37003618478775024
The Disputes application shall interface with the Cardmember Information Database.  The Cardmember Information Database provides detailed information with regard to a cardmember.  All cardmember detail information must be obtained from the Cardmember Information Database.,"working, running, connecting, interfacing, or operative environment","working, running, connecting, interfacing, or operative environment",0.35235315561294556
The Disputes applications shall interface with the Merchant Information Database.  The Merchant Information Database provides detailed information with regard to the merchant. All merchant detail information shall be obtained from the Merchant Information Database.,"working, running, connecting, interfacing, or operative environment","working, running, connecting, interfacing, or operative environment",0.2891795039176941
The Disputes application shall interface with the Letters application.  This will allow the Disputes application to request letters as part of the dispute initiation and dispute follow up process. All letter requests must be sent to the Print Letter Utility application.,"working, running, connecting, interfacing, or operative environment","working, running, connecting, interfacing, or operative environment",0.39825788140296936
The Disputes application shall interface with the Cardmember Posting and Billing System.  This will allow the Disputes application to request adjustments to cardmember and merchant’s accounts. All adjustment requests must be sent to the Cardmember Posting and Billing System.,"working, running, connecting, interfacing, or operative environment","working, running, connecting, interfacing, or operative environment",0.3259679675102234
The Disputes application shall ensure that only users with the appropriate access level are allowed to initiate dispute requests.,"security, authorization, or protection","security, authorization, or protection",0.3418610095977783
Only users with Update access must be able to initiate dispute requests.,"security, authorization, or protection",periodic execution or efficacy performance,0.32945090532302856
The Disputes application shall ensure that only authorized users are allowed to logon to the application.,"security, authorization, or protection","security, authorization, or protection",0.3182634711265564
 All authorized users  once authenticated must be able to logon to the Disputes System,"security, authorization, or protection","security, authorization, or protection",0.3947465419769287
The Disputes System shall generate a User Report that details any new users that have been added and any changes to an existing user’s access level.  The report will be reviewed for auditing purposes.,"security, authorization, or protection","working, running, connecting, interfacing, or operative environment",0.3950693905353546
All additions of new users and modifications to user’s access shall be recorded on the User Report.,"security, authorization, or protection","working, running, connecting, interfacing, or operative environment",0.45151031017303467
 If a user account is revoked  it can only be re-instantiated by the System Administrator.,"security, authorization, or protection",periodic execution or efficacy performance,0.31767651438713074
Only the System Administrator shall be able to reset a revoked user logon account,"security, authorization, or protection",periodic execution or efficacy performance,0.2352251410484314
The Disputes application shall manipulate and view business data. Users will not have direct access to data files or databases.,"security, authorization, or protection","working, running, connecting, interfacing, or operative environment",0.25009894371032715
All updates to data files or database must be initiated from the Disputes System.,"security, authorization, or protection","working, running, connecting, interfacing, or operative environment",0.4128389358520508
The product must support Internet Explorer 5.5 and above.,"working, running, connecting, interfacing, or operative environment","security, authorization, or protection",0.2297641932964325
The product must support Mozilla Firefox 1.0 and above.,"working, running, connecting, interfacing, or operative environment","working, running, connecting, interfacing, or operative environment",0.23592041432857513
The product shall interface with the Choice Parts System.  This provides the feed of recycled parts data.,"working, running, connecting, interfacing, or operative environment","working, running, connecting, interfacing, or operative environment",0.4396119713783264
The product shall run on the existing hardware for all environments.,"working, running, connecting, interfacing, or operative environment","working, running, connecting, interfacing, or operative environment",0.4762968420982361
The product shall adhere to the corporate Architecture guidelines,"working, running, connecting, interfacing, or operative environment","security, authorization, or protection",0.39246827363967896
The product shall be easy to use by Adjusters and Collision Estimators.  95% of Adjusters and Collision Estimators shall find the product easy to use.,"instructive, easy, helpful, useful, learnable, explainable, affordable, intuitive, or understandable","instructive, easy, helpful, useful, learnable, explainable, affordable, intuitive, or understandable",0.7045662999153137
The product shall increase productivity of Collision Estimators. 80% of the Collision Estimators shall agree their productivity has increase within 1 month of using the product.,"instructive, easy, helpful, useful, learnable, explainable, affordable, intuitive, or understandable",periodic execution or efficacy performance,0.27843332290649414
Users shall feel satisfied using the product.  85% of all users will be satisfied with the product.,"instructive, easy, helpful, useful, learnable, explainable, affordable, intuitive, or understandable","instructive, easy, helpful, useful, learnable, explainable, affordable, intuitive, or understandable",0.49909302592277527
The product shall be easy to learn by Adjusters and Collision Estimators.  The product shall be learned with two days onsite training,"instructive, easy, helpful, useful, learnable, explainable, affordable, intuitive, or understandable","instructive, easy, helpful, useful, learnable, explainable, affordable, intuitive, or understandable",0.4946911334991455
The user shall easily locate instructions while using the product.  User help can be found within 90% of the system.,"instructive, easy, helpful, useful, learnable, explainable, affordable, intuitive, or understandable","working, running, connecting, interfacing, or operative environment",0.46194106340408325
The search for recycled parts shall take no longer than 15 seconds.  The search results shall be returned in under 15 seconds.,periodic execution or efficacy performance,"working, running, connecting, interfacing, or operative environment",0.24486476182937622
The search for the preferred repair facility shall take no longer than 8 seconds.  The preferred repair facility is returned within 8 seconds,periodic execution or efficacy performance,periodic execution or efficacy performance,0.3083224594593048
The recycled parts audit report shall be returned to the user within 10 seconds.  The audit report shall be returned within 10 seconds.,periodic execution or efficacy performance,periodic execution or efficacy performance,0.3627673089504242
The preferred repair facility ratings shall be saved within 5 seconds. The save shall occur within 5 seconds.,periodic execution or efficacy performance,periodic execution or efficacy performance,0.28950878977775574
 For estimators  the product shall be able to be operated in a repair facility during dirty and noisy conditions.,"working, running, connecting, interfacing, or operative environment","working, running, connecting, interfacing, or operative environment",0.532130777835846
The product shall interface with the ChoiceParts system once per day at approximately 1:00 AM.,"working, running, connecting, interfacing, or operative environment",periodic execution or efficacy performance,0.3712063133716583
The maintenance of the product will fall within the established corporate maintenance windows.,"working, running, connecting, interfacing, or operative environment","working, running, connecting, interfacing, or operative environment",0.5025572776794434
The product shall be supported using the corporate support center.,"working, running, connecting, interfacing, or operative environment","working, running, connecting, interfacing, or operative environment",0.4934358298778534
Product installations and upgrades shall be handled by the middleware technology team within established launch time frames.,"working, running, connecting, interfacing, or operative environment","working, running, connecting, interfacing, or operative environment",0.45822039246559143
Only adjusters can request recycled parts audit reports. No users without an adjuster role shall request recycled parts audits.,"security, authorization, or protection","working, running, connecting, interfacing, or operative environment",0.22274509072303772
Only adjusters with a supervisor role can update preferred repair facility ratings. Users without the supervisor role cannot access the repair facility ratings.,"security, authorization, or protection",periodic execution or efficacy performance,0.38634538650512695
Only collision estimators shall search for recycled parts.  Users without the collision estimator role shall not have access to the search for recycled parts.,"security, authorization, or protection","instructive, easy, helpful, useful, learnable, explainable, affordable, intuitive, or understandable",0.21123233437538147
Only valid data shall be entered into the system.  No invalid data shall be entered into the system.,"security, authorization, or protection","security, authorization, or protection",0.3494534492492676
One insurance company shall not be able to view another insurance companys claim data.,"security, authorization, or protection","security, authorization, or protection",0.297402560710907
The product shall free of computer viruses.,"security, authorization, or protection","instructive, easy, helpful, useful, learnable, explainable, affordable, intuitive, or understandable",0.4256027638912201
The system shall prevent malicious attacks including denial of service.,"security, authorization, or protection","security, authorization, or protection",0.5039598345756531
 The product must work with most database management systems (DBMS) on the market  whether the DBMS is colocated with the product on the same machine or is located on a different machine on the computer network.,"working, running, connecting, interfacing, or operative environment","working, running, connecting, interfacing, or operative environment",0.3403278589248657
The product will function alongside server software on any operating system where the Java runtime can be installed.,"working, running, connecting, interfacing, or operative environment","working, running, connecting, interfacing, or operative environment",0.44653841853141785
The product will require collaboration with a database management system (DBMS).  The DBMS may be located on the same machine as the product or on a separate machine residing on the same computer network.,"working, running, connecting, interfacing, or operative environment","working, running, connecting, interfacing, or operative environment",0.4276466369628906
 The product must make use of web/application server technology.  Open source examples include Apache web server  Tomcat  and the JBoss application server.,"working, running, connecting, interfacing, or operative environment","security, authorization, or protection",0.4328276515007019
 A database management system such as Oracle  DB2  MySql or HSQL will need to be integrated with the product.,"working, running, connecting, interfacing, or operative environment","working, running, connecting, interfacing, or operative environment",0.40054211020469666
The product shall make the users want to use it. 80% of the users surveyed report they are regularly using the product after the first 2 weeks post-launch.,"instructive, easy, helpful, useful, learnable, explainable, affordable, intuitive, or understandable",periodic execution or efficacy performance,0.26568159461021423
The product shall be easy to use. 90% of users will be able to successfully reserve a conference room within 5 minutes of product use.,"instructive, easy, helpful, useful, learnable, explainable, affordable, intuitive, or understandable","instructive, easy, helpful, useful, learnable, explainable, affordable, intuitive, or understandable",0.409184992313385
The product shall give users feedback when necessary. 80% of the users surveyed report that the product accurately confirms their actions.,"instructive, easy, helpful, useful, learnable, explainable, affordable, intuitive, or understandable","instructive, easy, helpful, useful, learnable, explainable, affordable, intuitive, or understandable",0.4665078818798065
The product shall allow the user to select a chosen language from one of the target market countries.,"instructive, easy, helpful, useful, learnable, explainable, affordable, intuitive, or understandable","working, running, connecting, interfacing, or operative environment",0.33616840839385986
The product shall allow for customization of start page and views preferences.,"instructive, easy, helpful, useful, learnable, explainable, affordable, intuitive, or understandable","working, running, connecting, interfacing, or operative environment",0.43236905336380005
 An employee will be able to successfully use the product within a few minutes.  After informally navigating the product for less than 15 minutes  users shall be able to successfully setup meetings and reserve conference rooms.,"instructive, easy, helpful, useful, learnable, explainable, affordable, intuitive, or understandable","working, running, connecting, interfacing, or operative environment",0.34548988938331604
The product shall use a standard navigation menu familiar to most web users.,"instructive, easy, helpful, useful, learnable, explainable, affordable, intuitive, or understandable","instructive, easy, helpful, useful, learnable, explainable, affordable, intuitive, or understandable",0.33066147565841675
The product shall allow for intuitive searching of available conference rooms.,"instructive, easy, helpful, useful, learnable, explainable, affordable, intuitive, or understandable","security, authorization, or protection",0.439497709274292
The product shall conform to the Americans with Disabilities Act.,"instructive, easy, helpful, useful, learnable, explainable, affordable, intuitive, or understandable","security, authorization, or protection",0.43924224376678467
The response shall be fast enough to avoid interrupting the user’s flow of thought.  90% of tasks shall complete within 5 seconds.  98% of tasks shall complete within 8 seconds.,periodic execution or efficacy performance,"instructive, easy, helpful, useful, learnable, explainable, affordable, intuitive, or understandable",0.4461052417755127
The product shall be used in office environments.,"working, running, connecting, interfacing, or operative environment","working, running, connecting, interfacing, or operative environment",0.46940338611602783
The product must be able to interface with any HTML browser.  The product shall transmit data between the user and the product without problems. The product shall display HTML properly in 80% of all HTML browsers tested (minimum is to test 8 browsers).,"working, running, connecting, interfacing, or operative environment","instructive, easy, helpful, useful, learnable, explainable, affordable, intuitive, or understandable",0.39980053901672363
The product must be able to interface with various database management systems. The product shall communicate successfully with the database management system on 100% of all transactions.,"working, running, connecting, interfacing, or operative environment","instructive, easy, helpful, useful, learnable, explainable, affordable, intuitive, or understandable",0.3494957387447357
The product must be able to interface with various email servers. The product shall be able to send email.,"working, running, connecting, interfacing, or operative environment","working, running, connecting, interfacing, or operative environment",0.43827024102211
The product shall be available for distribution via the Internet as a binary or ZIP file.,"working, running, connecting, interfacing, or operative environment","working, running, connecting, interfacing, or operative environment",0.29179298877716064
The product shall be available for distribution as a packaged CD.,"working, running, connecting, interfacing, or operative environment","security, authorization, or protection",0.32998186349868774
 The product will be available for licensing as a one-server  two-five servers  or five-or-more servers license.,"working, running, connecting, interfacing, or operative environment","working, running, connecting, interfacing, or operative environment",0.3173651397228241
A new user must be able to be added to the system within 10 minutes.  90% of new users are able to log into the system within 10 minutes.,"instructive, easy, helpful, useful, learnable, explainable, affordable, intuitive, or understandable",periodic execution or efficacy performance,0.268393337726593
Every registered user will have access to the product’s support site via the Internet.  70% of registered users shall find a solution to their problem within 5 minutes of using the support site.,"instructive, easy, helpful, useful, learnable, explainable, affordable, intuitive, or understandable","instructive, easy, helpful, useful, learnable, explainable, affordable, intuitive, or understandable",0.1629093587398529
 The product shall be translated into foreign languages other than the target market countries’ languages in future releases.  For each emerging target market  it shall take no more than 5 days to configure the product for that market’s language.,"instructive, easy, helpful, useful, learnable, explainable, affordable, intuitive, or understandable","working, running, connecting, interfacing, or operative environment",0.16842564940452576
 The product is expected to integrate with multiple database management systems.  The product will operate with Oracle  SQL Server  DB2  MySQL  HSQL  and MS Access.,"working, running, connecting, interfacing, or operative environment","security, authorization, or protection",0.3223936855792999
The product shall be able to be installed in any operating environment within 2 days.,"working, running, connecting, interfacing, or operative environment","working, running, connecting, interfacing, or operative environment",0.3977869749069214
The product shall ensure that only company employees or external users with company-approved user IDs may have product access.  100% of all logons shall be by either company employees or external users with company-approved user IDs.,"security, authorization, or protection","security, authorization, or protection",0.2906334102153778
Only managers are able to perform search queries for reservations by user.  100% of all search queries for reservations by user shall be from logons of only management logons.,"security, authorization, or protection","instructive, easy, helpful, useful, learnable, explainable, affordable, intuitive, or understandable",0.15365836024284363
The product shall ensure that the database’s data corresponds to the data entered by the user.  Each conference room reservation in the system will contain the same information as was entered by the user.,"security, authorization, or protection","security, authorization, or protection",0.396374374628067
The product shall prevent the input of malicious data.  The product and/or adjacent hardware/software systems’ data shall remain 100% uncorrupted each time malicious data is input into the product.,"security, authorization, or protection","instructive, easy, helpful, useful, learnable, explainable, affordable, intuitive, or understandable",0.38386601209640503
The product shall have the ability to receive automatic software updates as new threats emerge.  100% of customers will be able to receive automatic software updates transmitted to the installed product.,"security, authorization, or protection",periodic execution or efficacy performance,0.4263150095939636
The product shall be able to display calendar dates and times according to the user’s locale.  90% of survey respondents from each target market country will find that the date and time formatting of the product is correct.,"instructive, easy, helpful, useful, learnable, explainable, affordable, intuitive, or understandable",periodic execution or efficacy performance,0.3608698546886444
The product must be developed with the J2SE/J2EE programming language libraries,"working, running, connecting, interfacing, or operative environment","working, running, connecting, interfacing, or operative environment",0.44167473912239075
Recreation of Inventory Quantity Adjustment for the period of previous 30 days shall take no more than 30min.,periodic execution or efficacy performance,periodic execution or efficacy performance,0.40968671441078186
The System shall allow for a minimum of  6 users to work at the same time.,periodic execution or efficacy performance,"working, running, connecting, interfacing, or operative environment",0.45132720470428467
The System shall utilize currently owned computer equipment.,"working, running, connecting, interfacing, or operative environment","working, running, connecting, interfacing, or operative environment",0.46007126569747925
The System shall be able to automatically backup business data and restore them on demand.,"working, running, connecting, interfacing, or operative environment",periodic execution or efficacy performance,0.3917793929576874
The System shall maintain consistent security.  Any changes in user passwords and/or permissions should take affect in all parts of the System.,"security, authorization, or protection","security, authorization, or protection",0.5755599141120911
The System shall granularly control access rights to all major subsystems.  It should be possible to assign access rights to all subsystems independently.,"security, authorization, or protection","working, running, connecting, interfacing, or operative environment",0.4036172330379486
The System shall not require additional third party licenses resulting in royalty fees.,"working, running, connecting, interfacing, or operative environment",periodic execution or efficacy performance,0.28457558155059814
Administrator shall be able to activate a pre-paid card via the Administration section in under 5 seconds.,periodic execution or efficacy performance,periodic execution or efficacy performance,0.26136988401412964
 Customer shall be able to check the status of their prepaid card  by entering in the PIN number  in under 5 seconds.,periodic execution or efficacy performance,"security, authorization, or protection",0.12074010819196701
System shall let customers register on the website as a “pay as you go” user in under 5 minutes.,periodic execution or efficacy performance,periodic execution or efficacy performance,0.1370214819908142
System shall let customers register on the website as a “unlimited movie subscriber” user in under 10 minutes.,periodic execution or efficacy performance,periodic execution or efficacy performance,0.23433101177215576
System shall let existing customers log into the website with their email address and password in under 5 seconds.,periodic execution or efficacy performance,"working, running, connecting, interfacing, or operative environment",0.10590122640132904
 System shall let customers cancel their account  process shall take no longer than 2 minutes.  Database will mark the account as inactive  and user will not be able to log into the website.,periodic execution or efficacy performance,periodic execution or efficacy performance,0.09129515290260315
System shall let administrator de-activate a customer account in under 1 minute. Customer will no longer be able to access the website.,periodic execution or efficacy performance,"security, authorization, or protection",0.18578395247459412
System shall let administrator add/remove movies on the website in under 5 minutes.  Entered movie information will be stored in the database and will now be available on the website.,periodic execution or efficacy performance,periodic execution or efficacy performance,0.13797061145305634
System shall let the administrator add/remove categories on the website in under 5 minutes.,periodic execution or efficacy performance,periodic execution or efficacy performance,0.1987321376800537
System shall let Izogn Manager access sales and usage statistics in under 2 minutes.,periodic execution or efficacy performance,periodic execution or efficacy performance,0.2458232194185257
System shall let administrators generate unique pre-paid pins in under 2 minutes and generate an Excel file with the generated PINs.,periodic execution or efficacy performance,"working, running, connecting, interfacing, or operative environment",0.24121028184890747
The product should be able to be used by 90% of novice users on the Internet.,"instructive, easy, helpful, useful, learnable, explainable, affordable, intuitive, or understandable","instructive, easy, helpful, useful, learnable, explainable, affordable, intuitive, or understandable",0.26124700903892517
 Users should only have to navigate through a maximum of 4 pages  to create an account with the website.,"instructive, easy, helpful, useful, learnable, explainable, affordable, intuitive, or understandable","working, running, connecting, interfacing, or operative environment",0.09890830516815186
Users should be able to access their streaming movies in under 2 clicks after logging into the website.,"instructive, easy, helpful, useful, learnable, explainable, affordable, intuitive, or understandable",periodic execution or efficacy performance,0.13266803324222565
An anonymous survey will show that 70% of customers are comfortable purchasing streaming movies after 2 weeks using the website.,"instructive, easy, helpful, useful, learnable, explainable, affordable, intuitive, or understandable",periodic execution or efficacy performance,0.08820042759180069
An anonymous survey will show that 95% of customers are comfortable using and purchasing pre-paid cards after a month of using the system.,"instructive, easy, helpful, useful, learnable, explainable, affordable, intuitive, or understandable",periodic execution or efficacy performance,0.18232519924640656
The product shall retain the customer’s buying preferences and information.,"instructive, easy, helpful, useful, learnable, explainable, affordable, intuitive, or understandable",periodic execution or efficacy performance,0.3649820387363434
The product shall be easy for customers with novice skills on the  Internet to purchase and watch streaming movies.  Customers should be able to purchase and watch a pre-determined movie in under 3 minutes.,"instructive, easy, helpful, useful, learnable, explainable, affordable, intuitive, or understandable","instructive, easy, helpful, useful, learnable, explainable, affordable, intuitive, or understandable",0.29151222109794617
The product shall use symbols and words that are naturally understandable by users familiar with websites,"instructive, easy, helpful, useful, learnable, explainable, affordable, intuitive, or understandable","instructive, easy, helpful, useful, learnable, explainable, affordable, intuitive, or understandable",0.46580803394317627
The website will use standard Internet conventions when interacting with the user.,"instructive, easy, helpful, useful, learnable, explainable, affordable, intuitive, or understandable","security, authorization, or protection",0.4285101890563965
 Any interface between a user and the automated system shall have a maximum response time of 5 seconds  unless noted by an exception below.,periodic execution or efficacy performance,periodic execution or efficacy performance,0.28887027502059937
 When purchasing a streaming movie or pre-paid card via credit card  the processing time should have a maximum response time of 15 seconds.,periodic execution or efficacy performance,periodic execution or efficacy performance,0.16636738181114197
 When streaming a movie  the buffering time should take no longer than 10 seconds (plus any latency on the user’s connection.),periodic execution or efficacy performance,periodic execution or efficacy performance,0.22206196188926697
 While streaming a movie  buffering should only occur if there is latency in the user’s connection.,periodic execution or efficacy performance,periodic execution or efficacy performance,0.2353818118572235
 All credit card information will be secured on the server  and only accessible by authorized Izogn administrators.  Information will be encrypted in the database.,"security, authorization, or protection","security, authorization, or protection",0.2773670554161072
All aspects of the website shall be accessed by a web browser over the Internet.,"working, running, connecting, interfacing, or operative environment","working, running, connecting, interfacing, or operative environment",0.2734360992908478
The same hardware supporting the current website will be used to support the new system.,"working, running, connecting, interfacing, or operative environment","working, running, connecting, interfacing, or operative environment",0.39602604508399963
 We must be able to interface with the following browsers: IE 5.X  6.0  Netscape 6.x  7.x  8.x and Firefox 1.0.,"working, running, connecting, interfacing, or operative environment","working, running, connecting, interfacing, or operative environment",0.30253902077674866
Website must interface with the CyberSource API to process credit card transactions.,"working, running, connecting, interfacing, or operative environment","security, authorization, or protection",0.33781540393829346
Website must be fully operational with MSN TV2.,"working, running, connecting, interfacing, or operative environment","working, running, connecting, interfacing, or operative environment",0.28517603874206543
Movies shall be encoded and streamed via Windows Media Player 9.0.,"working, running, connecting, interfacing, or operative environment","security, authorization, or protection",0.20268981158733368
Movies shall be encoded for 56k and 256k streams.,"working, running, connecting, interfacing, or operative environment","security, authorization, or protection",0.1502419263124466
Izogn Administrator must be able to update the category listings on the website within 2 minutes.,periodic execution or efficacy performance,periodic execution or efficacy performance,0.3039514124393463
Izogn Administrator must be able to add new products to the website within 2 minutes.,periodic execution or efficacy performance,"working, running, connecting, interfacing, or operative environment",0.2326461374759674
The website will provide a help section with answers and solutions to common problems.,"instructive, easy, helpful, useful, learnable, explainable, affordable, intuitive, or understandable","instructive, easy, helpful, useful, learnable, explainable, affordable, intuitive, or understandable",0.4425407350063324
The product shall be able to be installed in the specified environment within 1 working day.,"working, running, connecting, interfacing, or operative environment","working, running, connecting, interfacing, or operative environment",0.4628063440322876
Only registered customers can purchase streaming movies.,"security, authorization, or protection",periodic execution or efficacy performance,0.06776051968336105
 A customer can only stream a movie if they purchased it  and are within the 2 day viewing period.,"security, authorization, or protection",periodic execution or efficacy performance,0.09043131023645401
Only authorized personnel can access customer records in the database.,"security, authorization, or protection","security, authorization, or protection",0.24727724492549896
Only administrators can activate a pre-paid card.,"security, authorization, or protection","security, authorization, or protection",0.24612374603748322
Only authorized personnel can access sales information.,"security, authorization, or protection","security, authorization, or protection",0.16111662983894348
The website shall prevent its data from being corrupted when incorrect data is entered in.,"security, authorization, or protection","security, authorization, or protection",0.43184739351272583
 The website shall protect itself from intentional abuse  and notify the administrator at all occurrences.,"security, authorization, or protection","security, authorization, or protection",0.4965985417366028
Data integrity scripts will be run on a weekly basis to verify the integrity of the database.,"security, authorization, or protection",periodic execution or efficacy performance,0.47491225600242615
 The website shall make its user aware of its information practices before collection data from them via a Privacy Policy  accessible on all pages of the website.,"security, authorization, or protection","security, authorization, or protection",0.4354548454284668
The system shall notify customers of changes to its information policy.,"security, authorization, or protection","security, authorization, or protection",0.33179059624671936
The system shall reveal private information only in compliance with the organization’s information policy.,"security, authorization, or protection","security, authorization, or protection",0.2996799945831299
 All customer information will be stored on a secure database  accessible only to authorized personnel.,"security, authorization, or protection","security, authorization, or protection",0.36290600895881653
All credit card information will be encrypted in the database.,"security, authorization, or protection","security, authorization, or protection",0.2761979401111603
The streaming server will have anti-virus software to prevent infection of malicious viruses.,"security, authorization, or protection","security, authorization, or protection",0.3749067187309265
The website should use Flash to provide animation on the home page.,"working, running, connecting, interfacing, or operative environment","working, running, connecting, interfacing, or operative environment",0.21435385942459106
Total lead cycle time must be completed in 5 minutes for 90% of lead volume between the business hours of 8AM CST to 8PM CST; then 3 minutes for 99% of lead volume during off business hours.,periodic execution or efficacy performance,periodic execution or efficacy performance,0.09960050135850906
No lead evaluation will complete in a time period longer than 25 seconds for 97% of all leads processed.,periodic execution or efficacy performance,periodic execution or efficacy performance,0.18989138305187225
For leads that process longer than 25 seconds the system will record the event and duration,periodic execution or efficacy performance,periodic execution or efficacy performance,0.44223475456237793
The process must fit within the processing time conditions set forth by the Auto Rep Assignment process in which a lead is assigned within 3 minutes of the total life cycle.,periodic execution or efficacy performance,"working, running, connecting, interfacing, or operative environment",0.42760372161865234
The lead washing process will operate within the established physical web service structure.,"working, running, connecting, interfacing, or operative environment","working, running, connecting, interfacing, or operative environment",0.4273507297039032
 The washing process must use a non binding  neutral data format  such as xml  when receiving and processing lead data.,"working, running, connecting, interfacing, or operative environment","security, authorization, or protection",0.2954072654247284
The product shall able to handle a large number of games simultaneously.,periodic execution or efficacy performance,"working, running, connecting, interfacing, or operative environment",0.4520851969718933
The response time shall be fast enough to maintain the flow of the game.  The response time shall be no more than 2 seconds for 95% of responses and no more than 4% for the remaining responses.,periodic execution or efficacy performance,periodic execution or efficacy performance,0.33347031474113464
The product shall protect the identity of the players. The product shall provide players no access to information that might reveal the identity of another player.,periodic execution or efficacy performance,"security, authorization, or protection",0.4183133542537689
The product shall be intuitive and self-explanatory.  Nine out ten users shall be able to successfully complete a game with no training.,"instructive, easy, helpful, useful, learnable, explainable, affordable, intuitive, or understandable","instructive, easy, helpful, useful, learnable, explainable, affordable, intuitive, or understandable",0.5363149642944336
 The product shall be available to players who understand English  Spanish and French.  The product shall allow the user to select the language upon accessing the product.,"instructive, easy, helpful, useful, learnable, explainable, affordable, intuitive, or understandable","security, authorization, or protection",0.2668440043926239
The product shall provide players no access to information that might reveal the identity of another player,"security, authorization, or protection","security, authorization, or protection",0.2575264573097229
The response time shall be fast enough to maintain the flow of the game. The response time shall be no more than 2 seconds for 95% of responses and no more than 4% for the remaining responses.,periodic execution or efficacy performance,periodic execution or efficacy performance,0.33347031474113464
The system shall be easy to use by callers and supervisors. Callers and supervisors must be able to accomplish any system task within 2 minutes.,"instructive, easy, helpful, useful, learnable, explainable, affordable, intuitive, or understandable","instructive, easy, helpful, useful, learnable, explainable, affordable, intuitive, or understandable",0.5047364830970764
The system shall be easy to learn by callers and supervisors. Callers and supervisors shall learn how to use the system within 10 minutes.,"instructive, easy, helpful, useful, learnable, explainable, affordable, intuitive, or understandable","instructive, easy, helpful, useful, learnable, explainable, affordable, intuitive, or understandable",0.49417632818222046
 The system shall be responsive. At the DePaul TeleServices Center  when a supervisor uses the system to view a callers schedule  the system response time must be no more than 2 seconds 90% of the time and no more than 5 seconds the rest of the time.,periodic execution or efficacy performance,"instructive, easy, helpful, useful, learnable, explainable, affordable, intuitive, or understandable",0.3029531240463257
 On a 56k connection  the system response time for all operations must be no more than 6 seconds 90% of the time.,periodic execution or efficacy performance,periodic execution or efficacy performance,0.20602113008499146
 On a 112k connection or faster  the system response time for all operations must be no more than 3 seconds 90% of the time.,periodic execution or efficacy performance,periodic execution or efficacy performance,0.3502001464366913
The product shall ensure that only supervisors can advertise empty time slots.The product must ensure that supervisors are allowed to access advertise empty time slots.,"security, authorization, or protection",periodic execution or efficacy performance,0.24351970851421356
The product shall ensure that only supervisors can enter a caller’s schedule.The product must ensure that supervisors are allowed to access advertise empty time slots.,"security, authorization, or protection","security, authorization, or protection",0.24072934687137604
The product shall ensure that only supervisors can view schedule of all callers.The product must ensure that supervisors are allowed to access advertise empty time slots.,"security, authorization, or protection",periodic execution or efficacy performance,0.2710050642490387
The product shall provide Monitoring Services.The product shall be easy for System Administrators and DBAs to use after two weeks of usage.,"instructive, easy, helpful, useful, learnable, explainable, affordable, intuitive, or understandable","instructive, easy, helpful, useful, learnable, explainable, affordable, intuitive, or understandable",0.48080694675445557
The product shall provide Error Tracking Services.The product shall help the System Administrators and DBAs to resolve transaction errors 99% of the time.,"instructive, easy, helpful, useful, learnable, explainable, affordable, intuitive, or understandable","instructive, easy, helpful, useful, learnable, explainable, affordable, intuitive, or understandable",0.38428255915641785
The product shall provide Portals.The product shall help System Administrators to analyze the transactions with ad-hoc reporting and KPIs (Key Performance Indicators),"instructive, easy, helpful, useful, learnable, explainable, affordable, intuitive, or understandable","working, running, connecting, interfacing, or operative environment",0.425656259059906
The product shall provide Asynchronous Messaging.The product shall provide asynchronous messaging to enable parallel processing and reduce the overhead in communications,periodic execution or efficacy performance,"working, running, connecting, interfacing, or operative environment",0.33249861001968384
The product shall provide Multi-threading and Load Balancing.The product shall provide multi-threading technology as well as load balancing to overcome data load spikes and traffic.,periodic execution or efficacy performance,"working, running, connecting, interfacing, or operative environment",0.4841157793998718
The product shall process messages within 2 seconds.The product shall have a maximum message processing time of 2 seconds,periodic execution or efficacy performance,"working, running, connecting, interfacing, or operative environment",0.3493340313434601
The product shall poll the system for messages every second.The product shall poll the system for new messages at a maximum of every 1 second.,periodic execution or efficacy performance,periodic execution or efficacy performance,0.22163721919059753
The product shall provide Dynamic Change Support and Transparent resource addition.The product shall support Transparent Resource addition and Dynamic Change support to provide scalability and avoid service interruptions of more than 1 day.,periodic execution or efficacy performance,"working, running, connecting, interfacing, or operative environment",0.5178112983703613
The product shall be platform independent.The product shall enable access to any type of development environment and platform.,"working, running, connecting, interfacing, or operative environment","working, running, connecting, interfacing, or operative environment",0.47497308254241943
The product shall interface CSR and Datastream.The product shall exchange messages between CSR and EAM on a real time basis without any direct interfaces between two systems.,"working, running, connecting, interfacing, or operative environment","working, running, connecting, interfacing, or operative environment",0.2991345226764679
 The product shall have security.The product shall provide authentication  and authorization.,"security, authorization, or protection","security, authorization, or protection",0.8226229548454285
The product shall information Security. The product shall enable privacy by encryption WS-Security and Integrity Checking.,"security, authorization, or protection","security, authorization, or protection",0.6265751719474792
The product shall have audit capabilities.The product shall store messages for a minimum of one year for audit and transaction tracking purposes.,"security, authorization, or protection",periodic execution or efficacy performance,0.41538795828819275
The system must use a point and click interface. 100% of all selection and navigation functionality must be able to be activated/selected by either a mouse or a keyboard,"instructive, easy, helpful, useful, learnable, explainable, affordable, intuitive, or understandable","instructive, easy, helpful, useful, learnable, explainable, affordable, intuitive, or understandable",0.2886638939380646
The interface shall be easy to use. 90% of users should be able to successfully use the system to generate a report on their first use. The interface should adhere to IBM usability standards.,"instructive, easy, helpful, useful, learnable, explainable, affordable, intuitive, or understandable","instructive, easy, helpful, useful, learnable, explainable, affordable, intuitive, or understandable",0.511555552482605
Rreports must be easy to generate. eports must be generated within one button click and exported within one button click (after selecting the report),"instructive, easy, helpful, useful, learnable, explainable, affordable, intuitive, or understandable","instructive, easy, helpful, useful, learnable, explainable, affordable, intuitive, or understandable",0.5792245268821716
A user shall be able to use the system without instruction after a short amount of time. After one use a user should understand and remember 90% of the system usage and navigation.,"instructive, easy, helpful, useful, learnable, explainable, affordable, intuitive, or understandable","instructive, easy, helpful, useful, learnable, explainable, affordable, intuitive, or understandable",0.38345950841903687
All CCR users shall receive training before the WCS system is deployed. One training session will be held for 100% of CCR users before system deployment (based on a CCR user being available),"instructive, easy, helpful, useful, learnable, explainable, affordable, intuitive, or understandable","working, running, connecting, interfacing, or operative environment",0.3444513976573944
The WCS system shall use appropriate nomenclature and terminology as defined by the Corporate Community Grants organization. All interfaces and reports will undergo usability tests by CCR users.,"instructive, easy, helpful, useful, learnable, explainable, affordable, intuitive, or understandable","working, running, connecting, interfacing, or operative environment",0.3978663682937622
The WCS system shall be run in a Windows environment. The WCS shall be accessed by users through the Internet on an IBM computer running a Windows 2000 or above operating system.,"working, running, connecting, interfacing, or operative environment","working, running, connecting, interfacing, or operative environment",0.28697654604911804
The Brio portion of the WCS system must be able to export files in spreadsheet form (Microsoft Excel and Lotus 1-2-3 formats).  Brio will provide buttons in the user interface that produce/export reports in .xls or .123 file formats.,"working, running, connecting, interfacing, or operative environment","working, running, connecting, interfacing, or operative environment",0.3653927445411682
The system shall only be accessed by authorized Corporate Community Grants (CCR) employees. Users must be authenticated using their IBM intranet user name and password.,"security, authorization, or protection","security, authorization, or protection",0.19544783234596252
The WCS system shall not allow automatic logins by any user. Cookies containing WCS login information about a user will not be stored on a user’s computer.,"security, authorization, or protection","security, authorization, or protection",0.15120448172092438
Each team owner will need to use a username and password in order to be authenticated to reach the team owner’s page,"security, authorization, or protection","security, authorization, or protection",0.2827296257019043
The Commissioner will be the only authorized user per league to adjust league settings.,"security, authorization, or protection",periodic execution or efficacy performance,0.28831419348716736
	A new user shall be able to navigate through the league and team pages within 30 seconds of reaching the start-up page.,"instructive, easy, helpful, useful, learnable, explainable, affordable, intuitive, or understandable",periodic execution or efficacy performance,0.2188207060098648
 	Users shall be able to reach the ‘add’  ‘drop’  and ‘trade player’ pages with one click from the team owner’s page.,"instructive, easy, helpful, useful, learnable, explainable, affordable, intuitive, or understandable","working, running, connecting, interfacing, or operative environment",0.3363650441169739
	Users shall be able to view at least 25 NFL player statistics and points on each page.,"instructive, easy, helpful, useful, learnable, explainable, affordable, intuitive, or understandable",periodic execution or efficacy performance,0.15979385375976562
The application shall ask the user to confirm dropping a player or trading a player before performing the action.,"instructive, easy, helpful, useful, learnable, explainable, affordable, intuitive, or understandable",periodic execution or efficacy performance,0.23497112095355988
The application shall be able to complete every user transaction within one fourth of a second of receiving the request over the network.,periodic execution or efficacy performance,"working, running, connecting, interfacing, or operative environment",0.3567570149898529
The application shall run on a web application server.,"working, running, connecting, interfacing, or operative environment","working, running, connecting, interfacing, or operative environment",0.4193187952041626
A primary database will be used to store cached data for active users.,"working, running, connecting, interfacing, or operative environment","working, running, connecting, interfacing, or operative environment",0.4329753518104553
A secondary database will be used to store historical statistics and data.,"working, running, connecting, interfacing, or operative environment",periodic execution or efficacy performance,0.33234095573425293
98% of the user workstations shall meet the minimum hardware requirements prior to implementation. Minimum Hard Disk Space:  400MB.,"working, running, connecting, interfacing, or operative environment","instructive, easy, helpful, useful, learnable, explainable, affordable, intuitive, or understandable",0.16660092771053314
98% of the user workstations shall meet the minimum software requirements prior to implementation: Microsoft Internet Explorer 5.0. Microsoft .NET Framework 1.1. Microsoft Internet Explorer Web Controls,"working, running, connecting, interfacing, or operative environment","security, authorization, or protection",0.25989699363708496
 	The RFS system should be able to easily interface with the BDW environment  in order to load the data. •	7 data files shall be received from the BDW and loaded into the RFS system within 3 hours one day prior to the start of budgeting process  every year. The data will be as of October month-end. 	Test files (7) shall be loaded up to 5 times throughout the year  from the BDW.,"working, running, connecting, interfacing, or operative environment","working, running, connecting, interfacing, or operative environment",0.2494589239358902
 	Only authorized user shall access the RFS system. ONLY users that exist in the UAS system  with the RFS system assigned to their role(s)  shall access the RFS system and use it.,"security, authorization, or protection","security, authorization, or protection",0.27542364597320557
	User access should be limited to the permissions granted to their role(s) Each level in the PCG hierarchy will be assigned a role and users will be assigned to these roles. Access to functionality within RFS system is dependent on the privileges/permission assigned to the role..,"security, authorization, or protection","security, authorization, or protection",0.3903602361679077
 	The users should be able to easily use the system to successfully complete their budgets  within the stipulated time for completion. With a week of training prior to product implementation  98% of the users shall complete their budgets within the stipulated time.,"instructive, easy, helpful, useful, learnable, explainable, affordable, intuitive, or understandable","instructive, easy, helpful, useful, learnable, explainable, affordable, intuitive, or understandable",0.36043235659599304
 	The product interface should be fast. The response time of the product interface should not exceed 2 seconds 90% of the time. For 10% of the time  the response time should not be more than 10 seconds.not be more than 10 seconds.,periodic execution or efficacy performance,"instructive, easy, helpful, useful, learnable, explainable, affordable, intuitive, or understandable",0.34028360247612
