,precision,recall,f1-score,support
"instructive, easy, helpful, useful, learnable, explainable, affordable, intuitive, or understandable",0.3252032520325203,0.5970149253731343,0.42105263157894735,67.0
"security, authorization, or protection",0.125,0.018518518518518517,0.03225806451612903,54.0
periodic execution or efficacy performance,0.0,0.0,0.0,66.0
"working, running, connecting, interfacing, or operative environment",0.28205128205128205,0.532258064516129,0.3687150837988827,62.0
accuracy,0.2971887550200803,0.2971887550200803,0.2971887550200803,0.2971887550200803
macro avg,0.1830636335209506,0.28694787710194547,0.20550644497348974,249.0
weighted avg,0.18484255973236283,0.2971887550200803,0.21209958632606893,249.0
