,precision,recall,f1-score,support
"accessibility, aesthetic, contextual, experience, satisfaction, HCI, UX, questionnaire, ease, or ergonomics",0.3333333333333333,0.05970149253731343,0.10126582278481013,67.0
"vulnerability, security, protection, cybersecurity, assurance, countermeasure, threat, privacy, authentication, prevention, or confidentiality",0.24277456647398843,0.6774193548387096,0.35744680851063826,62.0
"throughput, reliability, scalability, responsiveness, efficiency, workload, benchmark, latency, speed, improvement, or accuracy",0.25,0.16666666666666666,0.2,54.0
"environmental, organizational, coordination, systemic, or logistics",0.17857142857142858,0.07575757575757576,0.10638297872340424,66.0
accuracy,0.24096385542168675,0.24096385542168675,0.24096385542168675,0.24096385542168675
macro avg,0.2511698320946876,0.24488627245006636,0.19127390250471316,249.0
weighted avg,0.25169104715034096,0.24096385542168675,0.1878224451806688,249.0
