Requirement text,Gold label,Predicated label,ZSL score
The system shall refresh the display every 60 seconds.,"throughput, reliability, scalability, responsiveness, efficiency, workload, benchmark, latency, speed, improvement, or accuracy","throughput, reliability, scalability, responsiveness, efficiency, workload, benchmark, latency, speed, improvement, or accuracy",0.34918829798698425
 If projected  the data must be readable.  On a 10x10 projection screen  90% of viewers must be able to read Event / Activity data from a viewing distance of 30,"accessibility, aesthetic, contextual, experience, satisfaction, HCI, UX, questionnaire, ease, or ergonomics","throughput, reliability, scalability, responsiveness, efficiency, workload, benchmark, latency, speed, improvement, or accuracy",0.401006281375885
 If projected  the data must be understandable. On a 10x10 projection screen  90% of viewers must be able to determine that Events or Activities are occuring in current time from a viewing distance of 100,"accessibility, aesthetic, contextual, experience, satisfaction, HCI, UX, questionnaire, ease, or ergonomics","throughput, reliability, scalability, responsiveness, efficiency, workload, benchmark, latency, speed, improvement, or accuracy",0.45717185735702515
The product shall ensure that it can only be accessed by authorized users.  The product will be able to distinguish between authorized and unauthorized users in all access attempts,"vulnerability, security, protection, cybersecurity, assurance, countermeasure, threat, privacy, authentication, prevention, or confidentiality","vulnerability, security, protection, cybersecurity, assurance, countermeasure, threat, privacy, authentication, prevention, or confidentiality",0.4380999207496643
The product shall be intuitive and self-explanatory.  :  90% of new users shall be able to start the display of Events or Activities within 90 minutes of using the product.,"accessibility, aesthetic, contextual, experience, satisfaction, HCI, UX, questionnaire, ease, or ergonomics","throughput, reliability, scalability, responsiveness, efficiency, workload, benchmark, latency, speed, improvement, or accuracy",0.4701520502567291
The product shall respond fast to keep up-to-date data in the display.,"throughput, reliability, scalability, responsiveness, efficiency, workload, benchmark, latency, speed, improvement, or accuracy","throughput, reliability, scalability, responsiveness, efficiency, workload, benchmark, latency, speed, improvement, or accuracy",0.5613012909889221
The system shall be used by realtors with no training.,"accessibility, aesthetic, contextual, experience, satisfaction, HCI, UX, questionnaire, ease, or ergonomics","vulnerability, security, protection, cybersecurity, assurance, countermeasure, threat, privacy, authentication, prevention, or confidentiality",0.1016804501414299
The system shall be intuitive and self explanatory.,"accessibility, aesthetic, contextual, experience, satisfaction, HCI, UX, questionnaire, ease, or ergonomics","accessibility, aesthetic, contextual, experience, satisfaction, HCI, UX, questionnaire, ease, or ergonomics",0.5397833585739136
The product shall be easy for a realtor to learn.,"accessibility, aesthetic, contextual, experience, satisfaction, HCI, UX, questionnaire, ease, or ergonomics","accessibility, aesthetic, contextual, experience, satisfaction, HCI, UX, questionnaire, ease, or ergonomics",0.4032408595085144
The product shall use symbols and words that are naturally understandable by the realtor community.,"accessibility, aesthetic, contextual, experience, satisfaction, HCI, UX, questionnaire, ease, or ergonomics","accessibility, aesthetic, contextual, experience, satisfaction, HCI, UX, questionnaire, ease, or ergonomics",0.4364362359046936
The product shall produce search results in an acceptable time,"throughput, reliability, scalability, responsiveness, efficiency, workload, benchmark, latency, speed, improvement, or accuracy","throughput, reliability, scalability, responsiveness, efficiency, workload, benchmark, latency, speed, improvement, or accuracy",0.5095312595367432
The search results shall be returned no later 30      seconds  after the user has entered the search criteria,"throughput, reliability, scalability, responsiveness, efficiency, workload, benchmark, latency, speed, improvement, or accuracy","throughput, reliability, scalability, responsiveness, efficiency, workload, benchmark, latency, speed, improvement, or accuracy",0.19715450704097748
The product shall generate a CMA report in an acceptable time.,"throughput, reliability, scalability, responsiveness, efficiency, workload, benchmark, latency, speed, improvement, or accuracy","throughput, reliability, scalability, responsiveness, efficiency, workload, benchmark, latency, speed, improvement, or accuracy",0.4510728120803833
The CMA report shall be returned no later 60 seconds after the user has entered the CMA report criteria.,"throughput, reliability, scalability, responsiveness, efficiency, workload, benchmark, latency, speed, improvement, or accuracy","throughput, reliability, scalability, responsiveness, efficiency, workload, benchmark, latency, speed, improvement, or accuracy",0.19503691792488098
The product shall synchronize contacts and appointments in an acceptable time.,"throughput, reliability, scalability, responsiveness, efficiency, workload, benchmark, latency, speed, improvement, or accuracy","throughput, reliability, scalability, responsiveness, efficiency, workload, benchmark, latency, speed, improvement, or accuracy",0.4448096454143524
The product shall synchronize with the office system every hour.,"throughput, reliability, scalability, responsiveness, efficiency, workload, benchmark, latency, speed, improvement, or accuracy","throughput, reliability, scalability, responsiveness, efficiency, workload, benchmark, latency, speed, improvement, or accuracy",0.42403972148895264
The product shall be installed by an untrained realtor   without recourse to separately-printed instructions.,"accessibility, aesthetic, contextual, experience, satisfaction, HCI, UX, questionnaire, ease, or ergonomics","throughput, reliability, scalability, responsiveness, efficiency, workload, benchmark, latency, speed, improvement, or accuracy",0.18283824622631073
90% of untrained realtors shall be able to install the product on their device without printed instructions,"accessibility, aesthetic, contextual, experience, satisfaction, HCI, UX, questionnaire, ease, or ergonomics","throughput, reliability, scalability, responsiveness, efficiency, workload, benchmark, latency, speed, improvement, or accuracy",0.10891708731651306
Only registered realtors shall be able to access the system.,"vulnerability, security, protection, cybersecurity, assurance, countermeasure, threat, privacy, authentication, prevention, or confidentiality","vulnerability, security, protection, cybersecurity, assurance, countermeasure, threat, privacy, authentication, prevention, or confidentiality",0.12284582108259201
Every user of the system shall be authenticated and authorized.,"vulnerability, security, protection, cybersecurity, assurance, countermeasure, threat, privacy, authentication, prevention, or confidentiality","throughput, reliability, scalability, responsiveness, efficiency, workload, benchmark, latency, speed, improvement, or accuracy",0.497638463973999
The product shall prevent its data from incorrect data being introduced.,"vulnerability, security, protection, cybersecurity, assurance, countermeasure, threat, privacy, authentication, prevention, or confidentiality","vulnerability, security, protection, cybersecurity, assurance, countermeasure, threat, privacy, authentication, prevention, or confidentiality",0.5023899078369141
The system shall be easy to use by the Program Administrators/Nursing Staff Members.,"accessibility, aesthetic, contextual, experience, satisfaction, HCI, UX, questionnaire, ease, or ergonomics","accessibility, aesthetic, contextual, experience, satisfaction, HCI, UX, questionnaire, ease, or ergonomics",0.46137088537216187
All of the users shall be able to use the system after one day of training.,"accessibility, aesthetic, contextual, experience, satisfaction, HCI, UX, questionnaire, ease, or ergonomics","throughput, reliability, scalability, responsiveness, efficiency, workload, benchmark, latency, speed, improvement, or accuracy",0.2755628824234009
The system shall help the user avoid making mistakes while scheduling classes and clinicals for the nursing students.,"accessibility, aesthetic, contextual, experience, satisfaction, HCI, UX, questionnaire, ease, or ergonomics","throughput, reliability, scalability, responsiveness, efficiency, workload, benchmark, latency, speed, improvement, or accuracy",0.3104057013988495
The number of mistakes noted by the students shall be decreased by 50% in the first year.,"accessibility, aesthetic, contextual, experience, satisfaction, HCI, UX, questionnaire, ease, or ergonomics","accessibility, aesthetic, contextual, experience, satisfaction, HCI, UX, questionnaire, ease, or ergonomics",-0.00849401205778122
The system shall be intuitive to the Program Administrators/Nursing Staff Members.,"accessibility, aesthetic, contextual, experience, satisfaction, HCI, UX, questionnaire, ease, or ergonomics","accessibility, aesthetic, contextual, experience, satisfaction, HCI, UX, questionnaire, ease, or ergonomics",0.4799281656742096
2 out of 3 Program Administrators/Nursing Staff Members shall successfully be able to use the system to manage the scheduling of classes and clinicals.,"accessibility, aesthetic, contextual, experience, satisfaction, HCI, UX, questionnaire, ease, or ergonomics","throughput, reliability, scalability, responsiveness, efficiency, workload, benchmark, latency, speed, improvement, or accuracy",0.2764512300491333
The system shall use symbols and words that are naturally understandable by the user community.,"accessibility, aesthetic, contextual, experience, satisfaction, HCI, UX, questionnaire, ease, or ergonomics","accessibility, aesthetic, contextual, experience, satisfaction, HCI, UX, questionnaire, ease, or ergonomics",0.4272444248199463
The verbiage used within the system shall be consistent with Standard English and the terminology of the national Nursing Community.,"accessibility, aesthetic, contextual, experience, satisfaction, HCI, UX, questionnaire, ease, or ergonomics","accessibility, aesthetic, contextual, experience, satisfaction, HCI, UX, questionnaire, ease, or ergonomics",0.36212924122810364
Staff members shall be able to complete a set of tasks in a timely manner.,"throughput, reliability, scalability, responsiveness, efficiency, workload, benchmark, latency, speed, improvement, or accuracy","throughput, reliability, scalability, responsiveness, efficiency, workload, benchmark, latency, speed, improvement, or accuracy",0.6280248165130615
The response time of general student management tasks shall take no longer than 5 seconds and the response time of schedule generation shall take no longer than 30 seconds.,"throughput, reliability, scalability, responsiveness, efficiency, workload, benchmark, latency, speed, improvement, or accuracy","throughput, reliability, scalability, responsiveness, efficiency, workload, benchmark, latency, speed, improvement, or accuracy",0.17277082800865173
The system shall able to operate within a business office environment typical of the Nursing Department at DePaul University.,"environmental, organizational, coordination, systemic, or logistics","throughput, reliability, scalability, responsiveness, efficiency, workload, benchmark, latency, speed, improvement, or accuracy",0.2989261746406555
The system shall be used within the specifications defined by the computers used by the Program Administrators/Nursing Staff Members.,"environmental, organizational, coordination, systemic, or logistics","throughput, reliability, scalability, responsiveness, efficiency, workload, benchmark, latency, speed, improvement, or accuracy",0.3845001459121704
The system shall operate within the Windows XP Professional operating system.,"environmental, organizational, coordination, systemic, or logistics","throughput, reliability, scalability, responsiveness, efficiency, workload, benchmark, latency, speed, improvement, or accuracy",0.3953258693218231
The system shall interface with CampusConnect’s central server,"environmental, organizational, coordination, systemic, or logistics","vulnerability, security, protection, cybersecurity, assurance, countermeasure, threat, privacy, authentication, prevention, or confidentiality",0.3647764027118683
The system shall interface with the faculty central server.,"environmental, organizational, coordination, systemic, or logistics","vulnerability, security, protection, cybersecurity, assurance, countermeasure, threat, privacy, authentication, prevention, or confidentiality",0.3489905297756195
The system shall interface with the student master server.,"environmental, organizational, coordination, systemic, or logistics","vulnerability, security, protection, cybersecurity, assurance, countermeasure, threat, privacy, authentication, prevention, or confidentiality",0.2881280183792114
We must be able to interface with any HTML browser.,"environmental, organizational, coordination, systemic, or logistics","environmental, organizational, coordination, systemic, or logistics",0.304236501455307
Only authorized users shall have access to clinical site information.,"vulnerability, security, protection, cybersecurity, assurance, countermeasure, threat, privacy, authentication, prevention, or confidentiality","environmental, organizational, coordination, systemic, or logistics",0.122032031416893
Program Administrators/Nursing Staff Members are the only people who shall have access to clinical site details.,"vulnerability, security, protection, cybersecurity, assurance, countermeasure, threat, privacy, authentication, prevention, or confidentiality","vulnerability, security, protection, cybersecurity, assurance, countermeasure, threat, privacy, authentication, prevention, or confidentiality",0.1803300827741623
Only authorized users shall have access to students’ personal information.,"vulnerability, security, protection, cybersecurity, assurance, countermeasure, threat, privacy, authentication, prevention, or confidentiality","vulnerability, security, protection, cybersecurity, assurance, countermeasure, threat, privacy, authentication, prevention, or confidentiality",0.1668311506509781
Dr Susan Poslusny and Dr Julie Donalek are the only people who shall have access to students’ personal information.,"vulnerability, security, protection, cybersecurity, assurance, countermeasure, threat, privacy, authentication, prevention, or confidentiality","vulnerability, security, protection, cybersecurity, assurance, countermeasure, threat, privacy, authentication, prevention, or confidentiality",0.1825927346944809
Only authorized users shall have access to the portion of the system that interfaces with CampusConnect.,"vulnerability, security, protection, cybersecurity, assurance, countermeasure, threat, privacy, authentication, prevention, or confidentiality","environmental, organizational, coordination, systemic, or logistics",0.25001001358032227
Fit Criterion: Dr Susan Poslusny and Karen Sysol are the only people who shall have access to the final class section scheduling for the system that interfaces with CampusConnect.,"vulnerability, security, protection, cybersecurity, assurance, countermeasure, threat, privacy, authentication, prevention, or confidentiality","accessibility, aesthetic, contextual, experience, satisfaction, HCI, UX, questionnaire, ease, or ergonomics",0.2449217289686203
The system shall have basic data integrity checking to reduce the possibility of incorrect or invalid data being introduced.,"vulnerability, security, protection, cybersecurity, assurance, countermeasure, threat, privacy, authentication, prevention, or confidentiality","vulnerability, security, protection, cybersecurity, assurance, countermeasure, threat, privacy, authentication, prevention, or confidentiality",0.5037630796432495
The system shall protect private information in accordance with the organization’s information policy.,"vulnerability, security, protection, cybersecurity, assurance, countermeasure, threat, privacy, authentication, prevention, or confidentiality","vulnerability, security, protection, cybersecurity, assurance, countermeasure, threat, privacy, authentication, prevention, or confidentiality",0.46457961201667786
The system shall be built such that it is as secure as possible from malicious interference.,"vulnerability, security, protection, cybersecurity, assurance, countermeasure, threat, privacy, authentication, prevention, or confidentiality","vulnerability, security, protection, cybersecurity, assurance, countermeasure, threat, privacy, authentication, prevention, or confidentiality",0.46316298842430115
The system shall use the organization’s standard virus protection software to help monitor threats to itself.,"vulnerability, security, protection, cybersecurity, assurance, countermeasure, threat, privacy, authentication, prevention, or confidentiality","vulnerability, security, protection, cybersecurity, assurance, countermeasure, threat, privacy, authentication, prevention, or confidentiality",0.49293631315231323
The list of dispute cases that are displayed after a search is performed must be color coded for easy identification of dispute cases based upon the dispute case status.,"accessibility, aesthetic, contextual, experience, satisfaction, HCI, UX, questionnaire, ease, or ergonomics","vulnerability, security, protection, cybersecurity, assurance, countermeasure, threat, privacy, authentication, prevention, or confidentiality",0.24457240104675293
100% of the cardmember and merchant services representatives shall use the Disputes application regularly after a 2-day training course.,"accessibility, aesthetic, contextual, experience, satisfaction, HCI, UX, questionnaire, ease, or ergonomics","throughput, reliability, scalability, responsiveness, efficiency, workload, benchmark, latency, speed, improvement, or accuracy",0.18400464951992035
100% of cardmember services representatives shall be able to successfully create a dispute case on the first encounter after completing the training course.,"accessibility, aesthetic, contextual, experience, satisfaction, HCI, UX, questionnaire, ease, or ergonomics","throughput, reliability, scalability, responsiveness, efficiency, workload, benchmark, latency, speed, improvement, or accuracy",0.30008167028427124
100% of merchant services representatives shall be able to successfully perform a follow up action on a dispute case on the first encounter after completing the training course.,"accessibility, aesthetic, contextual, experience, satisfaction, HCI, UX, questionnaire, ease, or ergonomics","throughput, reliability, scalability, responsiveness, efficiency, workload, benchmark, latency, speed, improvement, or accuracy",0.33022770285606384
The maximum wait time for a user navigating from one screen to another within the Disputes application shall be no more than 5 seconds.,"throughput, reliability, scalability, responsiveness, efficiency, workload, benchmark, latency, speed, improvement, or accuracy","vulnerability, security, protection, cybersecurity, assurance, countermeasure, threat, privacy, authentication, prevention, or confidentiality",0.08688648790121078
The Disputes application shall support 350 concurrent users without any degradation of performance in the application.,"throughput, reliability, scalability, responsiveness, efficiency, workload, benchmark, latency, speed, improvement, or accuracy","throughput, reliability, scalability, responsiveness, efficiency, workload, benchmark, latency, speed, improvement, or accuracy",0.3254295587539673
 The Disputes application shall be available 24x7x365  with the exception of the following scheduled maintenance windows.  Monday – Saturday 3:00am to 4:00am EST Sunday 1:00amd to 5:00am EST,"environmental, organizational, coordination, systemic, or logistics","vulnerability, security, protection, cybersecurity, assurance, countermeasure, threat, privacy, authentication, prevention, or confidentiality",0.32808852195739746
The Disputes application shall interface with the Statement Database. The Statement Database provides the transaction details to the Disputes System. All transaction details must be obtained from the Statement Database,"environmental, organizational, coordination, systemic, or logistics","vulnerability, security, protection, cybersecurity, assurance, countermeasure, threat, privacy, authentication, prevention, or confidentiality",0.36288657784461975
The Disputes application shall interface with the Cardmember Information Database.  The Cardmember Information Database provides detailed information with regard to a cardmember.  All cardmember detail information must be obtained from the Cardmember Information Database.,"environmental, organizational, coordination, systemic, or logistics","vulnerability, security, protection, cybersecurity, assurance, countermeasure, threat, privacy, authentication, prevention, or confidentiality",0.3769958019256592
The Disputes applications shall interface with the Merchant Information Database.  The Merchant Information Database provides detailed information with regard to the merchant. All merchant detail information shall be obtained from the Merchant Information Database.,"environmental, organizational, coordination, systemic, or logistics","vulnerability, security, protection, cybersecurity, assurance, countermeasure, threat, privacy, authentication, prevention, or confidentiality",0.3122967481613159
The Disputes application shall interface with the Letters application.  This will allow the Disputes application to request letters as part of the dispute initiation and dispute follow up process. All letter requests must be sent to the Print Letter Utility application.,"environmental, organizational, coordination, systemic, or logistics","accessibility, aesthetic, contextual, experience, satisfaction, HCI, UX, questionnaire, ease, or ergonomics",0.27769410610198975
The Disputes application shall interface with the Cardmember Posting and Billing System.  This will allow the Disputes application to request adjustments to cardmember and merchant’s accounts. All adjustment requests must be sent to the Cardmember Posting and Billing System.,"environmental, organizational, coordination, systemic, or logistics","vulnerability, security, protection, cybersecurity, assurance, countermeasure, threat, privacy, authentication, prevention, or confidentiality",0.33008110523223877
The Disputes application shall ensure that only users with the appropriate access level are allowed to initiate dispute requests.,"vulnerability, security, protection, cybersecurity, assurance, countermeasure, threat, privacy, authentication, prevention, or confidentiality","vulnerability, security, protection, cybersecurity, assurance, countermeasure, threat, privacy, authentication, prevention, or confidentiality",0.32980144023895264
Only users with Update access must be able to initiate dispute requests.,"vulnerability, security, protection, cybersecurity, assurance, countermeasure, threat, privacy, authentication, prevention, or confidentiality","vulnerability, security, protection, cybersecurity, assurance, countermeasure, threat, privacy, authentication, prevention, or confidentiality",0.1983620524406433
The Disputes application shall ensure that only authorized users are allowed to logon to the application.,"vulnerability, security, protection, cybersecurity, assurance, countermeasure, threat, privacy, authentication, prevention, or confidentiality","vulnerability, security, protection, cybersecurity, assurance, countermeasure, threat, privacy, authentication, prevention, or confidentiality",0.2420194149017334
 All authorized users  once authenticated must be able to logon to the Disputes System,"vulnerability, security, protection, cybersecurity, assurance, countermeasure, threat, privacy, authentication, prevention, or confidentiality","throughput, reliability, scalability, responsiveness, efficiency, workload, benchmark, latency, speed, improvement, or accuracy",0.2743600606918335
The Disputes System shall generate a User Report that details any new users that have been added and any changes to an existing user’s access level.  The report will be reviewed for auditing purposes.,"vulnerability, security, protection, cybersecurity, assurance, countermeasure, threat, privacy, authentication, prevention, or confidentiality","vulnerability, security, protection, cybersecurity, assurance, countermeasure, threat, privacy, authentication, prevention, or confidentiality",0.3623177707195282
All additions of new users and modifications to user’s access shall be recorded on the User Report.,"vulnerability, security, protection, cybersecurity, assurance, countermeasure, threat, privacy, authentication, prevention, or confidentiality","throughput, reliability, scalability, responsiveness, efficiency, workload, benchmark, latency, speed, improvement, or accuracy",0.2994270622730255
 If a user account is revoked  it can only be re-instantiated by the System Administrator.,"vulnerability, security, protection, cybersecurity, assurance, countermeasure, threat, privacy, authentication, prevention, or confidentiality","vulnerability, security, protection, cybersecurity, assurance, countermeasure, threat, privacy, authentication, prevention, or confidentiality",0.3540459871292114
Only the System Administrator shall be able to reset a revoked user logon account,"vulnerability, security, protection, cybersecurity, assurance, countermeasure, threat, privacy, authentication, prevention, or confidentiality","vulnerability, security, protection, cybersecurity, assurance, countermeasure, threat, privacy, authentication, prevention, or confidentiality",0.1456247866153717
The Disputes application shall manipulate and view business data. Users will not have direct access to data files or databases.,"vulnerability, security, protection, cybersecurity, assurance, countermeasure, threat, privacy, authentication, prevention, or confidentiality","vulnerability, security, protection, cybersecurity, assurance, countermeasure, threat, privacy, authentication, prevention, or confidentiality",0.264699250459671
All updates to data files or database must be initiated from the Disputes System.,"vulnerability, security, protection, cybersecurity, assurance, countermeasure, threat, privacy, authentication, prevention, or confidentiality","throughput, reliability, scalability, responsiveness, efficiency, workload, benchmark, latency, speed, improvement, or accuracy",0.2996353805065155
The product must support Internet Explorer 5.5 and above.,"environmental, organizational, coordination, systemic, or logistics","vulnerability, security, protection, cybersecurity, assurance, countermeasure, threat, privacy, authentication, prevention, or confidentiality",0.30080607533454895
The product must support Mozilla Firefox 1.0 and above.,"environmental, organizational, coordination, systemic, or logistics","environmental, organizational, coordination, systemic, or logistics",0.31568777561187744
The product shall interface with the Choice Parts System.  This provides the feed of recycled parts data.,"environmental, organizational, coordination, systemic, or logistics","environmental, organizational, coordination, systemic, or logistics",0.4436776340007782
The product shall run on the existing hardware for all environments.,"environmental, organizational, coordination, systemic, or logistics","throughput, reliability, scalability, responsiveness, efficiency, workload, benchmark, latency, speed, improvement, or accuracy",0.4659056067466736
The product shall adhere to the corporate Architecture guidelines,"environmental, organizational, coordination, systemic, or logistics","throughput, reliability, scalability, responsiveness, efficiency, workload, benchmark, latency, speed, improvement, or accuracy",0.34900209307670593
The product shall be easy to use by Adjusters and Collision Estimators.  95% of Adjusters and Collision Estimators shall find the product easy to use.,"accessibility, aesthetic, contextual, experience, satisfaction, HCI, UX, questionnaire, ease, or ergonomics","throughput, reliability, scalability, responsiveness, efficiency, workload, benchmark, latency, speed, improvement, or accuracy",0.5646950006484985
The product shall increase productivity of Collision Estimators. 80% of the Collision Estimators shall agree their productivity has increase within 1 month of using the product.,"accessibility, aesthetic, contextual, experience, satisfaction, HCI, UX, questionnaire, ease, or ergonomics","throughput, reliability, scalability, responsiveness, efficiency, workload, benchmark, latency, speed, improvement, or accuracy",0.43746399879455566
Users shall feel satisfied using the product.  85% of all users will be satisfied with the product.,"accessibility, aesthetic, contextual, experience, satisfaction, HCI, UX, questionnaire, ease, or ergonomics","throughput, reliability, scalability, responsiveness, efficiency, workload, benchmark, latency, speed, improvement, or accuracy",0.4267878234386444
The product shall be easy to learn by Adjusters and Collision Estimators.  The product shall be learned with two days onsite training,"accessibility, aesthetic, contextual, experience, satisfaction, HCI, UX, questionnaire, ease, or ergonomics","throughput, reliability, scalability, responsiveness, efficiency, workload, benchmark, latency, speed, improvement, or accuracy",0.41977304220199585
The user shall easily locate instructions while using the product.  User help can be found within 90% of the system.,"accessibility, aesthetic, contextual, experience, satisfaction, HCI, UX, questionnaire, ease, or ergonomics","throughput, reliability, scalability, responsiveness, efficiency, workload, benchmark, latency, speed, improvement, or accuracy",0.5112869143486023
The search for recycled parts shall take no longer than 15 seconds.  The search results shall be returned in under 15 seconds.,"throughput, reliability, scalability, responsiveness, efficiency, workload, benchmark, latency, speed, improvement, or accuracy","environmental, organizational, coordination, systemic, or logistics",0.31401097774505615
The search for the preferred repair facility shall take no longer than 8 seconds.  The preferred repair facility is returned within 8 seconds,"throughput, reliability, scalability, responsiveness, efficiency, workload, benchmark, latency, speed, improvement, or accuracy","throughput, reliability, scalability, responsiveness, efficiency, workload, benchmark, latency, speed, improvement, or accuracy",0.26952603459358215
The recycled parts audit report shall be returned to the user within 10 seconds.  The audit report shall be returned within 10 seconds.,"throughput, reliability, scalability, responsiveness, efficiency, workload, benchmark, latency, speed, improvement, or accuracy","throughput, reliability, scalability, responsiveness, efficiency, workload, benchmark, latency, speed, improvement, or accuracy",0.40973877906799316
The preferred repair facility ratings shall be saved within 5 seconds. The save shall occur within 5 seconds.,"throughput, reliability, scalability, responsiveness, efficiency, workload, benchmark, latency, speed, improvement, or accuracy","accessibility, aesthetic, contextual, experience, satisfaction, HCI, UX, questionnaire, ease, or ergonomics",0.2632966637611389
 For estimators  the product shall be able to be operated in a repair facility during dirty and noisy conditions.,"environmental, organizational, coordination, systemic, or logistics","throughput, reliability, scalability, responsiveness, efficiency, workload, benchmark, latency, speed, improvement, or accuracy",0.5248803496360779
The product shall interface with the ChoiceParts system once per day at approximately 1:00 AM.,"environmental, organizational, coordination, systemic, or logistics","accessibility, aesthetic, contextual, experience, satisfaction, HCI, UX, questionnaire, ease, or ergonomics",0.27874279022216797
The maintenance of the product will fall within the established corporate maintenance windows.,"environmental, organizational, coordination, systemic, or logistics","environmental, organizational, coordination, systemic, or logistics",0.4529109597206116
The product shall be supported using the corporate support center.,"environmental, organizational, coordination, systemic, or logistics","environmental, organizational, coordination, systemic, or logistics",0.4417247772216797
Product installations and upgrades shall be handled by the middleware technology team within established launch time frames.,"environmental, organizational, coordination, systemic, or logistics","throughput, reliability, scalability, responsiveness, efficiency, workload, benchmark, latency, speed, improvement, or accuracy",0.4426061809062958
Only adjusters can request recycled parts audit reports. No users without an adjuster role shall request recycled parts audits.,"vulnerability, security, protection, cybersecurity, assurance, countermeasure, threat, privacy, authentication, prevention, or confidentiality","environmental, organizational, coordination, systemic, or logistics",0.30339211225509644
Only adjusters with a supervisor role can update preferred repair facility ratings. Users without the supervisor role cannot access the repair facility ratings.,"vulnerability, security, protection, cybersecurity, assurance, countermeasure, threat, privacy, authentication, prevention, or confidentiality","throughput, reliability, scalability, responsiveness, efficiency, workload, benchmark, latency, speed, improvement, or accuracy",0.293488472700119
Only collision estimators shall search for recycled parts.  Users without the collision estimator role shall not have access to the search for recycled parts.,"vulnerability, security, protection, cybersecurity, assurance, countermeasure, threat, privacy, authentication, prevention, or confidentiality","environmental, organizational, coordination, systemic, or logistics",0.31997573375701904
Only valid data shall be entered into the system.  No invalid data shall be entered into the system.,"vulnerability, security, protection, cybersecurity, assurance, countermeasure, threat, privacy, authentication, prevention, or confidentiality","vulnerability, security, protection, cybersecurity, assurance, countermeasure, threat, privacy, authentication, prevention, or confidentiality",0.3394799530506134
One insurance company shall not be able to view another insurance companys claim data.,"vulnerability, security, protection, cybersecurity, assurance, countermeasure, threat, privacy, authentication, prevention, or confidentiality","vulnerability, security, protection, cybersecurity, assurance, countermeasure, threat, privacy, authentication, prevention, or confidentiality",0.3850095868110657
The product shall free of computer viruses.,"vulnerability, security, protection, cybersecurity, assurance, countermeasure, threat, privacy, authentication, prevention, or confidentiality","vulnerability, security, protection, cybersecurity, assurance, countermeasure, threat, privacy, authentication, prevention, or confidentiality",0.29540711641311646
The system shall prevent malicious attacks including denial of service.,"vulnerability, security, protection, cybersecurity, assurance, countermeasure, threat, privacy, authentication, prevention, or confidentiality","vulnerability, security, protection, cybersecurity, assurance, countermeasure, threat, privacy, authentication, prevention, or confidentiality",0.5394662618637085
 The product must work with most database management systems (DBMS) on the market  whether the DBMS is colocated with the product on the same machine or is located on a different machine on the computer network.,"environmental, organizational, coordination, systemic, or logistics","throughput, reliability, scalability, responsiveness, efficiency, workload, benchmark, latency, speed, improvement, or accuracy",0.3915255665779114
The product will function alongside server software on any operating system where the Java runtime can be installed.,"environmental, organizational, coordination, systemic, or logistics","throughput, reliability, scalability, responsiveness, efficiency, workload, benchmark, latency, speed, improvement, or accuracy",0.41549643874168396
The product will require collaboration with a database management system (DBMS).  The DBMS may be located on the same machine as the product or on a separate machine residing on the same computer network.,"environmental, organizational, coordination, systemic, or logistics","vulnerability, security, protection, cybersecurity, assurance, countermeasure, threat, privacy, authentication, prevention, or confidentiality",0.38268226385116577
 The product must make use of web/application server technology.  Open source examples include Apache web server  Tomcat  and the JBoss application server.,"environmental, organizational, coordination, systemic, or logistics","vulnerability, security, protection, cybersecurity, assurance, countermeasure, threat, privacy, authentication, prevention, or confidentiality",0.4848327934741974
 A database management system such as Oracle  DB2  MySql or HSQL will need to be integrated with the product.,"environmental, organizational, coordination, systemic, or logistics","vulnerability, security, protection, cybersecurity, assurance, countermeasure, threat, privacy, authentication, prevention, or confidentiality",0.39876213669776917
The product shall make the users want to use it. 80% of the users surveyed report they are regularly using the product after the first 2 weeks post-launch.,"accessibility, aesthetic, contextual, experience, satisfaction, HCI, UX, questionnaire, ease, or ergonomics","throughput, reliability, scalability, responsiveness, efficiency, workload, benchmark, latency, speed, improvement, or accuracy",0.21908366680145264
The product shall be easy to use. 90% of users will be able to successfully reserve a conference room within 5 minutes of product use.,"accessibility, aesthetic, contextual, experience, satisfaction, HCI, UX, questionnaire, ease, or ergonomics","throughput, reliability, scalability, responsiveness, efficiency, workload, benchmark, latency, speed, improvement, or accuracy",0.3683616518974304
The product shall give users feedback when necessary. 80% of the users surveyed report that the product accurately confirms their actions.,"accessibility, aesthetic, contextual, experience, satisfaction, HCI, UX, questionnaire, ease, or ergonomics","throughput, reliability, scalability, responsiveness, efficiency, workload, benchmark, latency, speed, improvement, or accuracy",0.5234488844871521
The product shall allow the user to select a chosen language from one of the target market countries.,"accessibility, aesthetic, contextual, experience, satisfaction, HCI, UX, questionnaire, ease, or ergonomics","accessibility, aesthetic, contextual, experience, satisfaction, HCI, UX, questionnaire, ease, or ergonomics",0.35399213433265686
The product shall allow for customization of start page and views preferences.,"accessibility, aesthetic, contextual, experience, satisfaction, HCI, UX, questionnaire, ease, or ergonomics","accessibility, aesthetic, contextual, experience, satisfaction, HCI, UX, questionnaire, ease, or ergonomics",0.4007450342178345
 An employee will be able to successfully use the product within a few minutes.  After informally navigating the product for less than 15 minutes  users shall be able to successfully setup meetings and reserve conference rooms.,"accessibility, aesthetic, contextual, experience, satisfaction, HCI, UX, questionnaire, ease, or ergonomics","throughput, reliability, scalability, responsiveness, efficiency, workload, benchmark, latency, speed, improvement, or accuracy",0.3716154396533966
The product shall use a standard navigation menu familiar to most web users.,"accessibility, aesthetic, contextual, experience, satisfaction, HCI, UX, questionnaire, ease, or ergonomics","accessibility, aesthetic, contextual, experience, satisfaction, HCI, UX, questionnaire, ease, or ergonomics",0.29897522926330566
The product shall allow for intuitive searching of available conference rooms.,"accessibility, aesthetic, contextual, experience, satisfaction, HCI, UX, questionnaire, ease, or ergonomics","throughput, reliability, scalability, responsiveness, efficiency, workload, benchmark, latency, speed, improvement, or accuracy",0.44701987504959106
The product shall conform to the Americans with Disabilities Act.,"accessibility, aesthetic, contextual, experience, satisfaction, HCI, UX, questionnaire, ease, or ergonomics","accessibility, aesthetic, contextual, experience, satisfaction, HCI, UX, questionnaire, ease, or ergonomics",0.4529252350330353
The response shall be fast enough to avoid interrupting the user’s flow of thought.  90% of tasks shall complete within 5 seconds.  98% of tasks shall complete within 8 seconds.,"throughput, reliability, scalability, responsiveness, efficiency, workload, benchmark, latency, speed, improvement, or accuracy","throughput, reliability, scalability, responsiveness, efficiency, workload, benchmark, latency, speed, improvement, or accuracy",0.46678218245506287
The product shall be used in office environments.,"environmental, organizational, coordination, systemic, or logistics","throughput, reliability, scalability, responsiveness, efficiency, workload, benchmark, latency, speed, improvement, or accuracy",0.4595901072025299
The product must be able to interface with any HTML browser.  The product shall transmit data between the user and the product without problems. The product shall display HTML properly in 80% of all HTML browsers tested (minimum is to test 8 browsers).,"environmental, organizational, coordination, systemic, or logistics","throughput, reliability, scalability, responsiveness, efficiency, workload, benchmark, latency, speed, improvement, or accuracy",0.4311257004737854
The product must be able to interface with various database management systems. The product shall communicate successfully with the database management system on 100% of all transactions.,"environmental, organizational, coordination, systemic, or logistics","throughput, reliability, scalability, responsiveness, efficiency, workload, benchmark, latency, speed, improvement, or accuracy",0.5061432123184204
The product must be able to interface with various email servers. The product shall be able to send email.,"environmental, organizational, coordination, systemic, or logistics","vulnerability, security, protection, cybersecurity, assurance, countermeasure, threat, privacy, authentication, prevention, or confidentiality",0.41125941276550293
The product shall be available for distribution via the Internet as a binary or ZIP file.,"environmental, organizational, coordination, systemic, or logistics","environmental, organizational, coordination, systemic, or logistics",0.31931135058403015
The product shall be available for distribution as a packaged CD.,"environmental, organizational, coordination, systemic, or logistics","accessibility, aesthetic, contextual, experience, satisfaction, HCI, UX, questionnaire, ease, or ergonomics",0.32562530040740967
 The product will be available for licensing as a one-server  two-five servers  or five-or-more servers license.,"environmental, organizational, coordination, systemic, or logistics","vulnerability, security, protection, cybersecurity, assurance, countermeasure, threat, privacy, authentication, prevention, or confidentiality",0.3308836817741394
A new user must be able to be added to the system within 10 minutes.  90% of new users are able to log into the system within 10 minutes.,"accessibility, aesthetic, contextual, experience, satisfaction, HCI, UX, questionnaire, ease, or ergonomics","throughput, reliability, scalability, responsiveness, efficiency, workload, benchmark, latency, speed, improvement, or accuracy",0.3431680202484131
Every registered user will have access to the product’s support site via the Internet.  70% of registered users shall find a solution to their problem within 5 minutes of using the support site.,"accessibility, aesthetic, contextual, experience, satisfaction, HCI, UX, questionnaire, ease, or ergonomics","throughput, reliability, scalability, responsiveness, efficiency, workload, benchmark, latency, speed, improvement, or accuracy",0.20488841831684113
 The product shall be translated into foreign languages other than the target market countries’ languages in future releases.  For each emerging target market  it shall take no more than 5 days to configure the product for that market’s language.,"accessibility, aesthetic, contextual, experience, satisfaction, HCI, UX, questionnaire, ease, or ergonomics","throughput, reliability, scalability, responsiveness, efficiency, workload, benchmark, latency, speed, improvement, or accuracy",0.09967152774333954
 The product is expected to integrate with multiple database management systems.  The product will operate with Oracle  SQL Server  DB2  MySQL  HSQL  and MS Access.,"environmental, organizational, coordination, systemic, or logistics","throughput, reliability, scalability, responsiveness, efficiency, workload, benchmark, latency, speed, improvement, or accuracy",0.367482453584671
The product shall be able to be installed in any operating environment within 2 days.,"environmental, organizational, coordination, systemic, or logistics","throughput, reliability, scalability, responsiveness, efficiency, workload, benchmark, latency, speed, improvement, or accuracy",0.33595311641693115
The product shall ensure that only company employees or external users with company-approved user IDs may have product access.  100% of all logons shall be by either company employees or external users with company-approved user IDs.,"vulnerability, security, protection, cybersecurity, assurance, countermeasure, threat, privacy, authentication, prevention, or confidentiality","throughput, reliability, scalability, responsiveness, efficiency, workload, benchmark, latency, speed, improvement, or accuracy",0.2787371277809143
Only managers are able to perform search queries for reservations by user.  100% of all search queries for reservations by user shall be from logons of only management logons.,"vulnerability, security, protection, cybersecurity, assurance, countermeasure, threat, privacy, authentication, prevention, or confidentiality","throughput, reliability, scalability, responsiveness, efficiency, workload, benchmark, latency, speed, improvement, or accuracy",0.18928587436676025
The product shall ensure that the database’s data corresponds to the data entered by the user.  Each conference room reservation in the system will contain the same information as was entered by the user.,"vulnerability, security, protection, cybersecurity, assurance, countermeasure, threat, privacy, authentication, prevention, or confidentiality","throughput, reliability, scalability, responsiveness, efficiency, workload, benchmark, latency, speed, improvement, or accuracy",0.4059012830257416
The product shall prevent the input of malicious data.  The product and/or adjacent hardware/software systems’ data shall remain 100% uncorrupted each time malicious data is input into the product.,"vulnerability, security, protection, cybersecurity, assurance, countermeasure, threat, privacy, authentication, prevention, or confidentiality","throughput, reliability, scalability, responsiveness, efficiency, workload, benchmark, latency, speed, improvement, or accuracy",0.42848679423332214
The product shall have the ability to receive automatic software updates as new threats emerge.  100% of customers will be able to receive automatic software updates transmitted to the installed product.,"vulnerability, security, protection, cybersecurity, assurance, countermeasure, threat, privacy, authentication, prevention, or confidentiality","throughput, reliability, scalability, responsiveness, efficiency, workload, benchmark, latency, speed, improvement, or accuracy",0.5060908794403076
The product shall be able to display calendar dates and times according to the user’s locale.  90% of survey respondents from each target market country will find that the date and time formatting of the product is correct.,"accessibility, aesthetic, contextual, experience, satisfaction, HCI, UX, questionnaire, ease, or ergonomics","accessibility, aesthetic, contextual, experience, satisfaction, HCI, UX, questionnaire, ease, or ergonomics",0.40374091267585754
The product must be developed with the J2SE/J2EE programming language libraries,"environmental, organizational, coordination, systemic, or logistics","environmental, organizational, coordination, systemic, or logistics",0.33962956070899963
Recreation of Inventory Quantity Adjustment for the period of previous 30 days shall take no more than 30min.,"throughput, reliability, scalability, responsiveness, efficiency, workload, benchmark, latency, speed, improvement, or accuracy","throughput, reliability, scalability, responsiveness, efficiency, workload, benchmark, latency, speed, improvement, or accuracy",0.2853265404701233
The System shall allow for a minimum of  6 users to work at the same time.,"throughput, reliability, scalability, responsiveness, efficiency, workload, benchmark, latency, speed, improvement, or accuracy","throughput, reliability, scalability, responsiveness, efficiency, workload, benchmark, latency, speed, improvement, or accuracy",0.400617778301239
The System shall utilize currently owned computer equipment.,"environmental, organizational, coordination, systemic, or logistics","vulnerability, security, protection, cybersecurity, assurance, countermeasure, threat, privacy, authentication, prevention, or confidentiality",0.3813621401786804
The System shall be able to automatically backup business data and restore them on demand.,"environmental, organizational, coordination, systemic, or logistics","throughput, reliability, scalability, responsiveness, efficiency, workload, benchmark, latency, speed, improvement, or accuracy",0.43139728903770447
The System shall maintain consistent security.  Any changes in user passwords and/or permissions should take affect in all parts of the System.,"vulnerability, security, protection, cybersecurity, assurance, countermeasure, threat, privacy, authentication, prevention, or confidentiality","vulnerability, security, protection, cybersecurity, assurance, countermeasure, threat, privacy, authentication, prevention, or confidentiality",0.5827978849411011
The System shall granularly control access rights to all major subsystems.  It should be possible to assign access rights to all subsystems independently.,"vulnerability, security, protection, cybersecurity, assurance, countermeasure, threat, privacy, authentication, prevention, or confidentiality","environmental, organizational, coordination, systemic, or logistics",0.40363940596580505
The System shall not require additional third party licenses resulting in royalty fees.,"environmental, organizational, coordination, systemic, or logistics","environmental, organizational, coordination, systemic, or logistics",0.2609022557735443
Administrator shall be able to activate a pre-paid card via the Administration section in under 5 seconds.,"throughput, reliability, scalability, responsiveness, efficiency, workload, benchmark, latency, speed, improvement, or accuracy","throughput, reliability, scalability, responsiveness, efficiency, workload, benchmark, latency, speed, improvement, or accuracy",0.21333502233028412
 Customer shall be able to check the status of their prepaid card  by entering in the PIN number  in under 5 seconds.,"throughput, reliability, scalability, responsiveness, efficiency, workload, benchmark, latency, speed, improvement, or accuracy","throughput, reliability, scalability, responsiveness, efficiency, workload, benchmark, latency, speed, improvement, or accuracy",0.1538568139076233
System shall let customers register on the website as a “pay as you go” user in under 5 minutes.,"throughput, reliability, scalability, responsiveness, efficiency, workload, benchmark, latency, speed, improvement, or accuracy","accessibility, aesthetic, contextual, experience, satisfaction, HCI, UX, questionnaire, ease, or ergonomics",0.08179310709238052
System shall let customers register on the website as a “unlimited movie subscriber” user in under 10 minutes.,"throughput, reliability, scalability, responsiveness, efficiency, workload, benchmark, latency, speed, improvement, or accuracy","accessibility, aesthetic, contextual, experience, satisfaction, HCI, UX, questionnaire, ease, or ergonomics",0.2027100771665573
System shall let existing customers log into the website with their email address and password in under 5 seconds.,"throughput, reliability, scalability, responsiveness, efficiency, workload, benchmark, latency, speed, improvement, or accuracy","vulnerability, security, protection, cybersecurity, assurance, countermeasure, threat, privacy, authentication, prevention, or confidentiality",0.17380237579345703
 System shall let customers cancel their account  process shall take no longer than 2 minutes.  Database will mark the account as inactive  and user will not be able to log into the website.,"throughput, reliability, scalability, responsiveness, efficiency, workload, benchmark, latency, speed, improvement, or accuracy","vulnerability, security, protection, cybersecurity, assurance, countermeasure, threat, privacy, authentication, prevention, or confidentiality",0.03142094984650612
System shall let administrator de-activate a customer account in under 1 minute. Customer will no longer be able to access the website.,"throughput, reliability, scalability, responsiveness, efficiency, workload, benchmark, latency, speed, improvement, or accuracy","vulnerability, security, protection, cybersecurity, assurance, countermeasure, threat, privacy, authentication, prevention, or confidentiality",0.15782493352890015
System shall let administrator add/remove movies on the website in under 5 minutes.  Entered movie information will be stored in the database and will now be available on the website.,"throughput, reliability, scalability, responsiveness, efficiency, workload, benchmark, latency, speed, improvement, or accuracy","vulnerability, security, protection, cybersecurity, assurance, countermeasure, threat, privacy, authentication, prevention, or confidentiality",0.04158719629049301
System shall let the administrator add/remove categories on the website in under 5 minutes.,"throughput, reliability, scalability, responsiveness, efficiency, workload, benchmark, latency, speed, improvement, or accuracy","vulnerability, security, protection, cybersecurity, assurance, countermeasure, threat, privacy, authentication, prevention, or confidentiality",0.12060493230819702
System shall let Izogn Manager access sales and usage statistics in under 2 minutes.,"throughput, reliability, scalability, responsiveness, efficiency, workload, benchmark, latency, speed, improvement, or accuracy","throughput, reliability, scalability, responsiveness, efficiency, workload, benchmark, latency, speed, improvement, or accuracy",0.1577523648738861
System shall let administrators generate unique pre-paid pins in under 2 minutes and generate an Excel file with the generated PINs.,"throughput, reliability, scalability, responsiveness, efficiency, workload, benchmark, latency, speed, improvement, or accuracy","throughput, reliability, scalability, responsiveness, efficiency, workload, benchmark, latency, speed, improvement, or accuracy",0.22731341421604156
The product should be able to be used by 90% of novice users on the Internet.,"accessibility, aesthetic, contextual, experience, satisfaction, HCI, UX, questionnaire, ease, or ergonomics","throughput, reliability, scalability, responsiveness, efficiency, workload, benchmark, latency, speed, improvement, or accuracy",0.23724594712257385
 Users should only have to navigate through a maximum of 4 pages  to create an account with the website.,"accessibility, aesthetic, contextual, experience, satisfaction, HCI, UX, questionnaire, ease, or ergonomics","vulnerability, security, protection, cybersecurity, assurance, countermeasure, threat, privacy, authentication, prevention, or confidentiality",0.15767976641654968
Users should be able to access their streaming movies in under 2 clicks after logging into the website.,"accessibility, aesthetic, contextual, experience, satisfaction, HCI, UX, questionnaire, ease, or ergonomics","accessibility, aesthetic, contextual, experience, satisfaction, HCI, UX, questionnaire, ease, or ergonomics",0.09208370745182037
An anonymous survey will show that 70% of customers are comfortable purchasing streaming movies after 2 weeks using the website.,"accessibility, aesthetic, contextual, experience, satisfaction, HCI, UX, questionnaire, ease, or ergonomics","accessibility, aesthetic, contextual, experience, satisfaction, HCI, UX, questionnaire, ease, or ergonomics",0.02762112021446228
An anonymous survey will show that 95% of customers are comfortable using and purchasing pre-paid cards after a month of using the system.,"accessibility, aesthetic, contextual, experience, satisfaction, HCI, UX, questionnaire, ease, or ergonomics","throughput, reliability, scalability, responsiveness, efficiency, workload, benchmark, latency, speed, improvement, or accuracy",0.11860969662666321
The product shall retain the customer’s buying preferences and information.,"accessibility, aesthetic, contextual, experience, satisfaction, HCI, UX, questionnaire, ease, or ergonomics","accessibility, aesthetic, contextual, experience, satisfaction, HCI, UX, questionnaire, ease, or ergonomics",0.4225553870201111
The product shall be easy for customers with novice skills on the  Internet to purchase and watch streaming movies.  Customers should be able to purchase and watch a pre-determined movie in under 3 minutes.,"accessibility, aesthetic, contextual, experience, satisfaction, HCI, UX, questionnaire, ease, or ergonomics","accessibility, aesthetic, contextual, experience, satisfaction, HCI, UX, questionnaire, ease, or ergonomics",0.1595606505870819
The product shall use symbols and words that are naturally understandable by users familiar with websites,"accessibility, aesthetic, contextual, experience, satisfaction, HCI, UX, questionnaire, ease, or ergonomics","accessibility, aesthetic, contextual, experience, satisfaction, HCI, UX, questionnaire, ease, or ergonomics",0.3922070860862732
The website will use standard Internet conventions when interacting with the user.,"accessibility, aesthetic, contextual, experience, satisfaction, HCI, UX, questionnaire, ease, or ergonomics","vulnerability, security, protection, cybersecurity, assurance, countermeasure, threat, privacy, authentication, prevention, or confidentiality",0.3330155313014984
 Any interface between a user and the automated system shall have a maximum response time of 5 seconds  unless noted by an exception below.,"throughput, reliability, scalability, responsiveness, efficiency, workload, benchmark, latency, speed, improvement, or accuracy","throughput, reliability, scalability, responsiveness, efficiency, workload, benchmark, latency, speed, improvement, or accuracy",0.30793192982673645
 When purchasing a streaming movie or pre-paid card via credit card  the processing time should have a maximum response time of 15 seconds.,"throughput, reliability, scalability, responsiveness, efficiency, workload, benchmark, latency, speed, improvement, or accuracy","throughput, reliability, scalability, responsiveness, efficiency, workload, benchmark, latency, speed, improvement, or accuracy",0.10843407362699509
 When streaming a movie  the buffering time should take no longer than 10 seconds (plus any latency on the user’s connection.),"throughput, reliability, scalability, responsiveness, efficiency, workload, benchmark, latency, speed, improvement, or accuracy","environmental, organizational, coordination, systemic, or logistics",0.21182817220687866
 While streaming a movie  buffering should only occur if there is latency in the user’s connection.,"throughput, reliability, scalability, responsiveness, efficiency, workload, benchmark, latency, speed, improvement, or accuracy","vulnerability, security, protection, cybersecurity, assurance, countermeasure, threat, privacy, authentication, prevention, or confidentiality",0.22629603743553162
 All credit card information will be secured on the server  and only accessible by authorized Izogn administrators.  Information will be encrypted in the database.,"vulnerability, security, protection, cybersecurity, assurance, countermeasure, threat, privacy, authentication, prevention, or confidentiality","vulnerability, security, protection, cybersecurity, assurance, countermeasure, threat, privacy, authentication, prevention, or confidentiality",0.3290923535823822
All aspects of the website shall be accessed by a web browser over the Internet.,"environmental, organizational, coordination, systemic, or logistics","vulnerability, security, protection, cybersecurity, assurance, countermeasure, threat, privacy, authentication, prevention, or confidentiality",0.230656236410141
The same hardware supporting the current website will be used to support the new system.,"environmental, organizational, coordination, systemic, or logistics","throughput, reliability, scalability, responsiveness, efficiency, workload, benchmark, latency, speed, improvement, or accuracy",0.45511072874069214
 We must be able to interface with the following browsers: IE 5.X  6.0  Netscape 6.x  7.x  8.x and Firefox 1.0.,"environmental, organizational, coordination, systemic, or logistics","vulnerability, security, protection, cybersecurity, assurance, countermeasure, threat, privacy, authentication, prevention, or confidentiality",0.3971860110759735
Website must interface with the CyberSource API to process credit card transactions.,"environmental, organizational, coordination, systemic, or logistics","vulnerability, security, protection, cybersecurity, assurance, countermeasure, threat, privacy, authentication, prevention, or confidentiality",0.3761829137802124
Website must be fully operational with MSN TV2.,"environmental, organizational, coordination, systemic, or logistics","throughput, reliability, scalability, responsiveness, efficiency, workload, benchmark, latency, speed, improvement, or accuracy",0.2810935080051422
Movies shall be encoded and streamed via Windows Media Player 9.0.,"environmental, organizational, coordination, systemic, or logistics","accessibility, aesthetic, contextual, experience, satisfaction, HCI, UX, questionnaire, ease, or ergonomics",0.15195941925048828
Movies shall be encoded for 56k and 256k streams.,"environmental, organizational, coordination, systemic, or logistics","accessibility, aesthetic, contextual, experience, satisfaction, HCI, UX, questionnaire, ease, or ergonomics",0.13987179100513458
Izogn Administrator must be able to update the category listings on the website within 2 minutes.,"throughput, reliability, scalability, responsiveness, efficiency, workload, benchmark, latency, speed, improvement, or accuracy","throughput, reliability, scalability, responsiveness, efficiency, workload, benchmark, latency, speed, improvement, or accuracy",0.190226748585701
Izogn Administrator must be able to add new products to the website within 2 minutes.,"throughput, reliability, scalability, responsiveness, efficiency, workload, benchmark, latency, speed, improvement, or accuracy","throughput, reliability, scalability, responsiveness, efficiency, workload, benchmark, latency, speed, improvement, or accuracy",0.12153061479330063
The website will provide a help section with answers and solutions to common problems.,"accessibility, aesthetic, contextual, experience, satisfaction, HCI, UX, questionnaire, ease, or ergonomics","throughput, reliability, scalability, responsiveness, efficiency, workload, benchmark, latency, speed, improvement, or accuracy",0.3179946541786194
The product shall be able to be installed in the specified environment within 1 working day.,"environmental, organizational, coordination, systemic, or logistics","throughput, reliability, scalability, responsiveness, efficiency, workload, benchmark, latency, speed, improvement, or accuracy",0.4221248924732208
Only registered customers can purchase streaming movies.,"vulnerability, security, protection, cybersecurity, assurance, countermeasure, threat, privacy, authentication, prevention, or confidentiality","accessibility, aesthetic, contextual, experience, satisfaction, HCI, UX, questionnaire, ease, or ergonomics",0.0005295276641845703
 A customer can only stream a movie if they purchased it  and are within the 2 day viewing period.,"vulnerability, security, protection, cybersecurity, assurance, countermeasure, threat, privacy, authentication, prevention, or confidentiality","accessibility, aesthetic, contextual, experience, satisfaction, HCI, UX, questionnaire, ease, or ergonomics",-0.02551763877272606
Only authorized personnel can access customer records in the database.,"vulnerability, security, protection, cybersecurity, assurance, countermeasure, threat, privacy, authentication, prevention, or confidentiality","vulnerability, security, protection, cybersecurity, assurance, countermeasure, threat, privacy, authentication, prevention, or confidentiality",0.1498439759016037
Only administrators can activate a pre-paid card.,"vulnerability, security, protection, cybersecurity, assurance, countermeasure, threat, privacy, authentication, prevention, or confidentiality","vulnerability, security, protection, cybersecurity, assurance, countermeasure, threat, privacy, authentication, prevention, or confidentiality",0.11647883802652359
Only authorized personnel can access sales information.,"vulnerability, security, protection, cybersecurity, assurance, countermeasure, threat, privacy, authentication, prevention, or confidentiality","environmental, organizational, coordination, systemic, or logistics",0.15843160450458527
The website shall prevent its data from being corrupted when incorrect data is entered in.,"vulnerability, security, protection, cybersecurity, assurance, countermeasure, threat, privacy, authentication, prevention, or confidentiality","vulnerability, security, protection, cybersecurity, assurance, countermeasure, threat, privacy, authentication, prevention, or confidentiality",0.47604885697364807
 The website shall protect itself from intentional abuse  and notify the administrator at all occurrences.,"vulnerability, security, protection, cybersecurity, assurance, countermeasure, threat, privacy, authentication, prevention, or confidentiality","vulnerability, security, protection, cybersecurity, assurance, countermeasure, threat, privacy, authentication, prevention, or confidentiality",0.5151625871658325
Data integrity scripts will be run on a weekly basis to verify the integrity of the database.,"vulnerability, security, protection, cybersecurity, assurance, countermeasure, threat, privacy, authentication, prevention, or confidentiality","throughput, reliability, scalability, responsiveness, efficiency, workload, benchmark, latency, speed, improvement, or accuracy",0.3793192207813263
 The website shall make its user aware of its information practices before collection data from them via a Privacy Policy  accessible on all pages of the website.,"vulnerability, security, protection, cybersecurity, assurance, countermeasure, threat, privacy, authentication, prevention, or confidentiality","vulnerability, security, protection, cybersecurity, assurance, countermeasure, threat, privacy, authentication, prevention, or confidentiality",0.45541149377822876
The system shall notify customers of changes to its information policy.,"vulnerability, security, protection, cybersecurity, assurance, countermeasure, threat, privacy, authentication, prevention, or confidentiality","vulnerability, security, protection, cybersecurity, assurance, countermeasure, threat, privacy, authentication, prevention, or confidentiality",0.39095357060432434
The system shall reveal private information only in compliance with the organization’s information policy.,"vulnerability, security, protection, cybersecurity, assurance, countermeasure, threat, privacy, authentication, prevention, or confidentiality","vulnerability, security, protection, cybersecurity, assurance, countermeasure, threat, privacy, authentication, prevention, or confidentiality",0.3395386338233948
 All customer information will be stored on a secure database  accessible only to authorized personnel.,"vulnerability, security, protection, cybersecurity, assurance, countermeasure, threat, privacy, authentication, prevention, or confidentiality","vulnerability, security, protection, cybersecurity, assurance, countermeasure, threat, privacy, authentication, prevention, or confidentiality",0.2955296039581299
All credit card information will be encrypted in the database.,"vulnerability, security, protection, cybersecurity, assurance, countermeasure, threat, privacy, authentication, prevention, or confidentiality","vulnerability, security, protection, cybersecurity, assurance, countermeasure, threat, privacy, authentication, prevention, or confidentiality",0.27213552594184875
The streaming server will have anti-virus software to prevent infection of malicious viruses.,"vulnerability, security, protection, cybersecurity, assurance, countermeasure, threat, privacy, authentication, prevention, or confidentiality","vulnerability, security, protection, cybersecurity, assurance, countermeasure, threat, privacy, authentication, prevention, or confidentiality",0.475273996591568
The website should use Flash to provide animation on the home page.,"environmental, organizational, coordination, systemic, or logistics","accessibility, aesthetic, contextual, experience, satisfaction, HCI, UX, questionnaire, ease, or ergonomics",0.08172735571861267
Total lead cycle time must be completed in 5 minutes for 90% of lead volume between the business hours of 8AM CST to 8PM CST; then 3 minutes for 99% of lead volume during off business hours.,"throughput, reliability, scalability, responsiveness, efficiency, workload, benchmark, latency, speed, improvement, or accuracy","throughput, reliability, scalability, responsiveness, efficiency, workload, benchmark, latency, speed, improvement, or accuracy",0.17333672940731049
No lead evaluation will complete in a time period longer than 25 seconds for 97% of all leads processed.,"throughput, reliability, scalability, responsiveness, efficiency, workload, benchmark, latency, speed, improvement, or accuracy","vulnerability, security, protection, cybersecurity, assurance, countermeasure, threat, privacy, authentication, prevention, or confidentiality",0.08001343160867691
For leads that process longer than 25 seconds the system will record the event and duration,"throughput, reliability, scalability, responsiveness, efficiency, workload, benchmark, latency, speed, improvement, or accuracy","throughput, reliability, scalability, responsiveness, efficiency, workload, benchmark, latency, speed, improvement, or accuracy",0.33406323194503784
The process must fit within the processing time conditions set forth by the Auto Rep Assignment process in which a lead is assigned within 3 minutes of the total life cycle.,"throughput, reliability, scalability, responsiveness, efficiency, workload, benchmark, latency, speed, improvement, or accuracy","throughput, reliability, scalability, responsiveness, efficiency, workload, benchmark, latency, speed, improvement, or accuracy",0.33438175916671753
The lead washing process will operate within the established physical web service structure.,"environmental, organizational, coordination, systemic, or logistics","environmental, organizational, coordination, systemic, or logistics",0.3414779305458069
 The washing process must use a non binding  neutral data format  such as xml  when receiving and processing lead data.,"environmental, organizational, coordination, systemic, or logistics","environmental, organizational, coordination, systemic, or logistics",0.31245157122612
The product shall able to handle a large number of games simultaneously.,"throughput, reliability, scalability, responsiveness, efficiency, workload, benchmark, latency, speed, improvement, or accuracy","throughput, reliability, scalability, responsiveness, efficiency, workload, benchmark, latency, speed, improvement, or accuracy",0.4040862023830414
The response time shall be fast enough to maintain the flow of the game.  The response time shall be no more than 2 seconds for 95% of responses and no more than 4% for the remaining responses.,"throughput, reliability, scalability, responsiveness, efficiency, workload, benchmark, latency, speed, improvement, or accuracy","throughput, reliability, scalability, responsiveness, efficiency, workload, benchmark, latency, speed, improvement, or accuracy",0.3506561517715454
The product shall protect the identity of the players. The product shall provide players no access to information that might reveal the identity of another player.,"throughput, reliability, scalability, responsiveness, efficiency, workload, benchmark, latency, speed, improvement, or accuracy","vulnerability, security, protection, cybersecurity, assurance, countermeasure, threat, privacy, authentication, prevention, or confidentiality",0.41495251655578613
The product shall be intuitive and self-explanatory.  Nine out ten users shall be able to successfully complete a game with no training.,"accessibility, aesthetic, contextual, experience, satisfaction, HCI, UX, questionnaire, ease, or ergonomics","throughput, reliability, scalability, responsiveness, efficiency, workload, benchmark, latency, speed, improvement, or accuracy",0.3363316059112549
 The product shall be available to players who understand English  Spanish and French.  The product shall allow the user to select the language upon accessing the product.,"accessibility, aesthetic, contextual, experience, satisfaction, HCI, UX, questionnaire, ease, or ergonomics","accessibility, aesthetic, contextual, experience, satisfaction, HCI, UX, questionnaire, ease, or ergonomics",0.281672865152359
The product shall provide players no access to information that might reveal the identity of another player,"vulnerability, security, protection, cybersecurity, assurance, countermeasure, threat, privacy, authentication, prevention, or confidentiality","vulnerability, security, protection, cybersecurity, assurance, countermeasure, threat, privacy, authentication, prevention, or confidentiality",0.3033839762210846
The response time shall be fast enough to maintain the flow of the game. The response time shall be no more than 2 seconds for 95% of responses and no more than 4% for the remaining responses.,"throughput, reliability, scalability, responsiveness, efficiency, workload, benchmark, latency, speed, improvement, or accuracy","throughput, reliability, scalability, responsiveness, efficiency, workload, benchmark, latency, speed, improvement, or accuracy",0.3506561517715454
The system shall be easy to use by callers and supervisors. Callers and supervisors must be able to accomplish any system task within 2 minutes.,"accessibility, aesthetic, contextual, experience, satisfaction, HCI, UX, questionnaire, ease, or ergonomics","throughput, reliability, scalability, responsiveness, efficiency, workload, benchmark, latency, speed, improvement, or accuracy",0.4355669915676117
The system shall be easy to learn by callers and supervisors. Callers and supervisors shall learn how to use the system within 10 minutes.,"accessibility, aesthetic, contextual, experience, satisfaction, HCI, UX, questionnaire, ease, or ergonomics","throughput, reliability, scalability, responsiveness, efficiency, workload, benchmark, latency, speed, improvement, or accuracy",0.43153995275497437
 The system shall be responsive. At the DePaul TeleServices Center  when a supervisor uses the system to view a callers schedule  the system response time must be no more than 2 seconds 90% of the time and no more than 5 seconds the rest of the time.,"throughput, reliability, scalability, responsiveness, efficiency, workload, benchmark, latency, speed, improvement, or accuracy","throughput, reliability, scalability, responsiveness, efficiency, workload, benchmark, latency, speed, improvement, or accuracy",0.3747871220111847
 On a 56k connection  the system response time for all operations must be no more than 6 seconds 90% of the time.,"throughput, reliability, scalability, responsiveness, efficiency, workload, benchmark, latency, speed, improvement, or accuracy","throughput, reliability, scalability, responsiveness, efficiency, workload, benchmark, latency, speed, improvement, or accuracy",0.20957620441913605
 On a 112k connection or faster  the system response time for all operations must be no more than 3 seconds 90% of the time.,"throughput, reliability, scalability, responsiveness, efficiency, workload, benchmark, latency, speed, improvement, or accuracy","throughput, reliability, scalability, responsiveness, efficiency, workload, benchmark, latency, speed, improvement, or accuracy",0.31411466002464294
The product shall ensure that only supervisors can advertise empty time slots.The product must ensure that supervisors are allowed to access advertise empty time slots.,"vulnerability, security, protection, cybersecurity, assurance, countermeasure, threat, privacy, authentication, prevention, or confidentiality","throughput, reliability, scalability, responsiveness, efficiency, workload, benchmark, latency, speed, improvement, or accuracy",0.29971247911453247
The product shall ensure that only supervisors can enter a caller’s schedule.The product must ensure that supervisors are allowed to access advertise empty time slots.,"vulnerability, security, protection, cybersecurity, assurance, countermeasure, threat, privacy, authentication, prevention, or confidentiality","throughput, reliability, scalability, responsiveness, efficiency, workload, benchmark, latency, speed, improvement, or accuracy",0.2644038200378418
The product shall ensure that only supervisors can view schedule of all callers.The product must ensure that supervisors are allowed to access advertise empty time slots.,"vulnerability, security, protection, cybersecurity, assurance, countermeasure, threat, privacy, authentication, prevention, or confidentiality","throughput, reliability, scalability, responsiveness, efficiency, workload, benchmark, latency, speed, improvement, or accuracy",0.2622663080692291
The product shall provide Monitoring Services.The product shall be easy for System Administrators and DBAs to use after two weeks of usage.,"accessibility, aesthetic, contextual, experience, satisfaction, HCI, UX, questionnaire, ease, or ergonomics","throughput, reliability, scalability, responsiveness, efficiency, workload, benchmark, latency, speed, improvement, or accuracy",0.4585164785385132
The product shall provide Error Tracking Services.The product shall help the System Administrators and DBAs to resolve transaction errors 99% of the time.,"accessibility, aesthetic, contextual, experience, satisfaction, HCI, UX, questionnaire, ease, or ergonomics","throughput, reliability, scalability, responsiveness, efficiency, workload, benchmark, latency, speed, improvement, or accuracy",0.4760754406452179
The product shall provide Portals.The product shall help System Administrators to analyze the transactions with ad-hoc reporting and KPIs (Key Performance Indicators),"accessibility, aesthetic, contextual, experience, satisfaction, HCI, UX, questionnaire, ease, or ergonomics","throughput, reliability, scalability, responsiveness, efficiency, workload, benchmark, latency, speed, improvement, or accuracy",0.4425920844078064
The product shall provide Asynchronous Messaging.The product shall provide asynchronous messaging to enable parallel processing and reduce the overhead in communications,"throughput, reliability, scalability, responsiveness, efficiency, workload, benchmark, latency, speed, improvement, or accuracy","throughput, reliability, scalability, responsiveness, efficiency, workload, benchmark, latency, speed, improvement, or accuracy",0.5055597424507141
The product shall provide Multi-threading and Load Balancing.The product shall provide multi-threading technology as well as load balancing to overcome data load spikes and traffic.,"throughput, reliability, scalability, responsiveness, efficiency, workload, benchmark, latency, speed, improvement, or accuracy","throughput, reliability, scalability, responsiveness, efficiency, workload, benchmark, latency, speed, improvement, or accuracy",0.6078507900238037
The product shall process messages within 2 seconds.The product shall have a maximum message processing time of 2 seconds,"throughput, reliability, scalability, responsiveness, efficiency, workload, benchmark, latency, speed, improvement, or accuracy","throughput, reliability, scalability, responsiveness, efficiency, workload, benchmark, latency, speed, improvement, or accuracy",0.3068627715110779
The product shall poll the system for messages every second.The product shall poll the system for new messages at a maximum of every 1 second.,"throughput, reliability, scalability, responsiveness, efficiency, workload, benchmark, latency, speed, improvement, or accuracy","throughput, reliability, scalability, responsiveness, efficiency, workload, benchmark, latency, speed, improvement, or accuracy",0.25512024760246277
The product shall provide Dynamic Change Support and Transparent resource addition.The product shall support Transparent Resource addition and Dynamic Change support to provide scalability and avoid service interruptions of more than 1 day.,"throughput, reliability, scalability, responsiveness, efficiency, workload, benchmark, latency, speed, improvement, or accuracy","throughput, reliability, scalability, responsiveness, efficiency, workload, benchmark, latency, speed, improvement, or accuracy",0.6794698238372803
The product shall be platform independent.The product shall enable access to any type of development environment and platform.,"environmental, organizational, coordination, systemic, or logistics","throughput, reliability, scalability, responsiveness, efficiency, workload, benchmark, latency, speed, improvement, or accuracy",0.45543745160102844
The product shall interface CSR and Datastream.The product shall exchange messages between CSR and EAM on a real time basis without any direct interfaces between two systems.,"environmental, organizational, coordination, systemic, or logistics","vulnerability, security, protection, cybersecurity, assurance, countermeasure, threat, privacy, authentication, prevention, or confidentiality",0.38094398379325867
 The product shall have security.The product shall provide authentication  and authorization.,"vulnerability, security, protection, cybersecurity, assurance, countermeasure, threat, privacy, authentication, prevention, or confidentiality","vulnerability, security, protection, cybersecurity, assurance, countermeasure, threat, privacy, authentication, prevention, or confidentiality",0.619072437286377
The product shall information Security. The product shall enable privacy by encryption WS-Security and Integrity Checking.,"vulnerability, security, protection, cybersecurity, assurance, countermeasure, threat, privacy, authentication, prevention, or confidentiality","vulnerability, security, protection, cybersecurity, assurance, countermeasure, threat, privacy, authentication, prevention, or confidentiality",0.7060107588768005
The product shall have audit capabilities.The product shall store messages for a minimum of one year for audit and transaction tracking purposes.,"vulnerability, security, protection, cybersecurity, assurance, countermeasure, threat, privacy, authentication, prevention, or confidentiality","throughput, reliability, scalability, responsiveness, efficiency, workload, benchmark, latency, speed, improvement, or accuracy",0.44416698813438416
The system must use a point and click interface. 100% of all selection and navigation functionality must be able to be activated/selected by either a mouse or a keyboard,"accessibility, aesthetic, contextual, experience, satisfaction, HCI, UX, questionnaire, ease, or ergonomics","throughput, reliability, scalability, responsiveness, efficiency, workload, benchmark, latency, speed, improvement, or accuracy",0.3208540081977844
The interface shall be easy to use. 90% of users should be able to successfully use the system to generate a report on their first use. The interface should adhere to IBM usability standards.,"accessibility, aesthetic, contextual, experience, satisfaction, HCI, UX, questionnaire, ease, or ergonomics","throughput, reliability, scalability, responsiveness, efficiency, workload, benchmark, latency, speed, improvement, or accuracy",0.5236016511917114
Rreports must be easy to generate. eports must be generated within one button click and exported within one button click (after selecting the report),"accessibility, aesthetic, contextual, experience, satisfaction, HCI, UX, questionnaire, ease, or ergonomics","throughput, reliability, scalability, responsiveness, efficiency, workload, benchmark, latency, speed, improvement, or accuracy",0.43729498982429504
A user shall be able to use the system without instruction after a short amount of time. After one use a user should understand and remember 90% of the system usage and navigation.,"accessibility, aesthetic, contextual, experience, satisfaction, HCI, UX, questionnaire, ease, or ergonomics","throughput, reliability, scalability, responsiveness, efficiency, workload, benchmark, latency, speed, improvement, or accuracy",0.38193294405937195
All CCR users shall receive training before the WCS system is deployed. One training session will be held for 100% of CCR users before system deployment (based on a CCR user being available),"accessibility, aesthetic, contextual, experience, satisfaction, HCI, UX, questionnaire, ease, or ergonomics","throughput, reliability, scalability, responsiveness, efficiency, workload, benchmark, latency, speed, improvement, or accuracy",0.2132340669631958
The WCS system shall use appropriate nomenclature and terminology as defined by the Corporate Community Grants organization. All interfaces and reports will undergo usability tests by CCR users.,"accessibility, aesthetic, contextual, experience, satisfaction, HCI, UX, questionnaire, ease, or ergonomics","environmental, organizational, coordination, systemic, or logistics",0.31161439418792725
The WCS system shall be run in a Windows environment. The WCS shall be accessed by users through the Internet on an IBM computer running a Windows 2000 or above operating system.,"environmental, organizational, coordination, systemic, or logistics","vulnerability, security, protection, cybersecurity, assurance, countermeasure, threat, privacy, authentication, prevention, or confidentiality",0.34364306926727295
The Brio portion of the WCS system must be able to export files in spreadsheet form (Microsoft Excel and Lotus 1-2-3 formats).  Brio will provide buttons in the user interface that produce/export reports in .xls or .123 file formats.,"environmental, organizational, coordination, systemic, or logistics","environmental, organizational, coordination, systemic, or logistics",0.3034030497074127
The system shall only be accessed by authorized Corporate Community Grants (CCR) employees. Users must be authenticated using their IBM intranet user name and password.,"vulnerability, security, protection, cybersecurity, assurance, countermeasure, threat, privacy, authentication, prevention, or confidentiality","vulnerability, security, protection, cybersecurity, assurance, countermeasure, threat, privacy, authentication, prevention, or confidentiality",0.2964208126068115
The WCS system shall not allow automatic logins by any user. Cookies containing WCS login information about a user will not be stored on a user’s computer.,"vulnerability, security, protection, cybersecurity, assurance, countermeasure, threat, privacy, authentication, prevention, or confidentiality","vulnerability, security, protection, cybersecurity, assurance, countermeasure, threat, privacy, authentication, prevention, or confidentiality",0.2665351331233978
Each team owner will need to use a username and password in order to be authenticated to reach the team owner’s page,"vulnerability, security, protection, cybersecurity, assurance, countermeasure, threat, privacy, authentication, prevention, or confidentiality","vulnerability, security, protection, cybersecurity, assurance, countermeasure, threat, privacy, authentication, prevention, or confidentiality",0.3658525347709656
The Commissioner will be the only authorized user per league to adjust league settings.,"vulnerability, security, protection, cybersecurity, assurance, countermeasure, threat, privacy, authentication, prevention, or confidentiality","accessibility, aesthetic, contextual, experience, satisfaction, HCI, UX, questionnaire, ease, or ergonomics",0.15626201033592224
	A new user shall be able to navigate through the league and team pages within 30 seconds of reaching the start-up page.,"accessibility, aesthetic, contextual, experience, satisfaction, HCI, UX, questionnaire, ease, or ergonomics","throughput, reliability, scalability, responsiveness, efficiency, workload, benchmark, latency, speed, improvement, or accuracy",0.13003034889698029
 	Users shall be able to reach the ‘add’  ‘drop’  and ‘trade player’ pages with one click from the team owner’s page.,"accessibility, aesthetic, contextual, experience, satisfaction, HCI, UX, questionnaire, ease, or ergonomics","accessibility, aesthetic, contextual, experience, satisfaction, HCI, UX, questionnaire, ease, or ergonomics",0.17014142870903015
	Users shall be able to view at least 25 NFL player statistics and points on each page.,"accessibility, aesthetic, contextual, experience, satisfaction, HCI, UX, questionnaire, ease, or ergonomics","accessibility, aesthetic, contextual, experience, satisfaction, HCI, UX, questionnaire, ease, or ergonomics",0.2305169403553009
The application shall ask the user to confirm dropping a player or trading a player before performing the action.,"accessibility, aesthetic, contextual, experience, satisfaction, HCI, UX, questionnaire, ease, or ergonomics","vulnerability, security, protection, cybersecurity, assurance, countermeasure, threat, privacy, authentication, prevention, or confidentiality",0.1523904949426651
The application shall be able to complete every user transaction within one fourth of a second of receiving the request over the network.,"throughput, reliability, scalability, responsiveness, efficiency, workload, benchmark, latency, speed, improvement, or accuracy","throughput, reliability, scalability, responsiveness, efficiency, workload, benchmark, latency, speed, improvement, or accuracy",0.3351861536502838
The application shall run on a web application server.,"environmental, organizational, coordination, systemic, or logistics","vulnerability, security, protection, cybersecurity, assurance, countermeasure, threat, privacy, authentication, prevention, or confidentiality",0.32700058817863464
A primary database will be used to store cached data for active users.,"environmental, organizational, coordination, systemic, or logistics","environmental, organizational, coordination, systemic, or logistics",0.3535305857658386
A secondary database will be used to store historical statistics and data.,"environmental, organizational, coordination, systemic, or logistics","environmental, organizational, coordination, systemic, or logistics",0.24916909635066986
98% of the user workstations shall meet the minimum hardware requirements prior to implementation. Minimum Hard Disk Space:  400MB.,"environmental, organizational, coordination, systemic, or logistics","throughput, reliability, scalability, responsiveness, efficiency, workload, benchmark, latency, speed, improvement, or accuracy",0.3571271300315857
98% of the user workstations shall meet the minimum software requirements prior to implementation: Microsoft Internet Explorer 5.0. Microsoft .NET Framework 1.1. Microsoft Internet Explorer Web Controls,"environmental, organizational, coordination, systemic, or logistics","throughput, reliability, scalability, responsiveness, efficiency, workload, benchmark, latency, speed, improvement, or accuracy",0.34336960315704346
 	The RFS system should be able to easily interface with the BDW environment  in order to load the data. •	7 data files shall be received from the BDW and loaded into the RFS system within 3 hours one day prior to the start of budgeting process  every year. The data will be as of October month-end. 	Test files (7) shall be loaded up to 5 times throughout the year  from the BDW.,"environmental, organizational, coordination, systemic, or logistics","throughput, reliability, scalability, responsiveness, efficiency, workload, benchmark, latency, speed, improvement, or accuracy",0.25888824462890625
 	Only authorized user shall access the RFS system. ONLY users that exist in the UAS system  with the RFS system assigned to their role(s)  shall access the RFS system and use it.,"vulnerability, security, protection, cybersecurity, assurance, countermeasure, threat, privacy, authentication, prevention, or confidentiality","vulnerability, security, protection, cybersecurity, assurance, countermeasure, threat, privacy, authentication, prevention, or confidentiality",0.2438029795885086
	User access should be limited to the permissions granted to their role(s) Each level in the PCG hierarchy will be assigned a role and users will be assigned to these roles. Access to functionality within RFS system is dependent on the privileges/permission assigned to the role..,"vulnerability, security, protection, cybersecurity, assurance, countermeasure, threat, privacy, authentication, prevention, or confidentiality","vulnerability, security, protection, cybersecurity, assurance, countermeasure, threat, privacy, authentication, prevention, or confidentiality",0.4223345220088959
 	The users should be able to easily use the system to successfully complete their budgets  within the stipulated time for completion. With a week of training prior to product implementation  98% of the users shall complete their budgets within the stipulated time.,"accessibility, aesthetic, contextual, experience, satisfaction, HCI, UX, questionnaire, ease, or ergonomics","throughput, reliability, scalability, responsiveness, efficiency, workload, benchmark, latency, speed, improvement, or accuracy",0.46389997005462646
 	The product interface should be fast. The response time of the product interface should not exceed 2 seconds 90% of the time. For 10% of the time  the response time should not be more than 10 seconds.not be more than 10 seconds.,"throughput, reliability, scalability, responsiveness, efficiency, workload, benchmark, latency, speed, improvement, or accuracy","throughput, reliability, scalability, responsiveness, efficiency, workload, benchmark, latency, speed, improvement, or accuracy",0.5149956941604614
