,precision,recall,f1-score,support
"accessibility, aesthetic, contextual, experience, satisfaction, HCI, UX, questionnaire, ease, or ergonomics",0.5357142857142857,0.44776119402985076,0.4878048780487805,67.0
"vulnerability, security, protection, cybersecurity, assurance, countermeasure, threat, privacy, authentication, prevention, or confidentiality",0.359375,0.3709677419354839,0.3650793650793651,62.0
"throughput, reliability, scalability, responsiveness, efficiency, workload, benchmark, latency, speed, improvement, or accuracy",0.4084507042253521,0.5370370370370371,0.464,54.0
"environmental, organizational, coordination, systemic, or logistics",0.7586206896551724,0.6666666666666666,0.7096774193548386,66.0
accuracy,0.5060240963855421,0.5060240963855421,0.5060240963855421,0.5060240963855421
macro avg,0.5155401698987025,0.5056081599172596,0.506640415620746,249.0
weighted avg,0.5232908059769781,0.5060240963855421,0.5108938037815594,249.0
