Requirement text,Gold label,Predicated label,ZSL score
The system shall refresh the display every 60 seconds.,performance,performance,0.8189495801925659
 If projected  the data must be readable.  On a 10x10 projection screen  90% of viewers must be able to read Event / Activity data from a viewing distance of 30,usability,operational,0.776634931564331
 If projected  the data must be understandable. On a 10x10 projection screen  90% of viewers must be able to determine that Events or Activities are occuring in current time from a viewing distance of 100,usability,operational,0.7746556401252747
The product shall ensure that it can only be accessed by authorized users.  The product will be able to distinguish between authorized and unauthorized users in all access attempts,security,operational,0.7871409058570862
The product shall be intuitive and self-explanatory.  :  90% of new users shall be able to start the display of Events or Activities within 90 minutes of using the product.,usability,operational,0.7811131477355957
The product shall respond fast to keep up-to-date data in the display.,performance,operational,0.7890611886978149
The system shall be used by realtors with no training.,usability,performance,0.8023472428321838
The system shall be intuitive and self explanatory.,usability,operational,0.8112910985946655
The product shall be easy for a realtor to learn.,usability,performance,0.8088265061378479
The product shall use symbols and words that are naturally understandable by the realtor community.,usability,performance,0.7932112216949463
The product shall produce search results in an acceptable time,performance,performance,0.8062811493873596
The search results shall be returned no later 30      seconds  after the user has entered the search criteria,performance,operational,0.785287618637085
The product shall generate a CMA report in an acceptable time.,performance,performance,0.806709885597229
The CMA report shall be returned no later 60 seconds after the user has entered the CMA report criteria.,performance,operational,0.7852576971054077
The product shall synchronize contacts and appointments in an acceptable time.,performance,operational,0.7990701794624329
The product shall synchronize with the office system every hour.,performance,performance,0.8123195767402649
The product shall be installed by an untrained realtor   without recourse to separately-printed instructions.,usability,operational,0.7894818782806396
90% of untrained realtors shall be able to install the product on their device without printed instructions,usability,operational,0.7861863374710083
Only registered realtors shall be able to access the system.,security,operational,0.8039065003395081
Every user of the system shall be authenticated and authorized.,security,operational,0.8005939722061157
The product shall prevent its data from incorrect data being introduced.,security,performance,0.800561785697937
The system shall be easy to use by the Program Administrators/Nursing Staff Members.,usability,operational,0.7699404954910278
All of the users shall be able to use the system after one day of training.,usability,operational,0.781287431716919
The system shall help the user avoid making mistakes while scheduling classes and clinicals for the nursing students.,usability,operational,0.7809216976165771
The number of mistakes noted by the students shall be decreased by 50% in the first year.,usability,operational,0.7836721539497375
The system shall be intuitive to the Program Administrators/Nursing Staff Members.,usability,operational,0.775665819644928
2 out of 3 Program Administrators/Nursing Staff Members shall successfully be able to use the system to manage the scheduling of classes and clinicals.,usability,operational,0.7685896158218384
The system shall use symbols and words that are naturally understandable by the user community.,usability,performance,0.7882531881332397
The verbiage used within the system shall be consistent with Standard English and the terminology of the national Nursing Community.,usability,operational,0.7932906746864319
Staff members shall be able to complete a set of tasks in a timely manner.,performance,operational,0.777140736579895
The response time of general student management tasks shall take no longer than 5 seconds and the response time of schedule generation shall take no longer than 30 seconds.,performance,operational,0.7767724990844727
The system shall able to operate within a business office environment typical of the Nursing Department at DePaul University.,operational,operational,0.7860361933708191
The system shall be used within the specifications defined by the computers used by the Program Administrators/Nursing Staff Members.,operational,operational,0.778285562992096
The system shall operate within the Windows XP Professional operating system.,operational,performance,0.8063175678253174
The system shall interface with CampusConnect’s central server,operational,operational,0.8134967088699341
The system shall interface with the faculty central server.,operational,operational,0.8173686861991882
The system shall interface with the student master server.,operational,performance,0.8262599110603333
We must be able to interface with any HTML browser.,operational,operational,0.812730610370636
Only authorized users shall have access to clinical site information.,security,performance,0.799077570438385
Program Administrators/Nursing Staff Members are the only people who shall have access to clinical site details.,security,performance,0.7728030681610107
Only authorized users shall have access to students’ personal information.,security,performance,0.7937083840370178
Dr Susan Poslusny and Dr Julie Donalek are the only people who shall have access to students’ personal information.,security,operational,0.7732716798782349
Only authorized users shall have access to the portion of the system that interfaces with CampusConnect.,security,operational,0.7894269824028015
Fit Criterion: Dr Susan Poslusny and Karen Sysol are the only people who shall have access to the final class section scheduling for the system that interfaces with CampusConnect.,security,operational,0.771546483039856
The system shall have basic data integrity checking to reduce the possibility of incorrect or invalid data being introduced.,security,operational,0.7809125781059265
The system shall protect private information in accordance with the organization’s information policy.,security,performance,0.7884541153907776
The system shall be built such that it is as secure as possible from malicious interference.,security,operational,0.7794573903083801
The system shall use the organization’s standard virus protection software to help monitor threats to itself.,security,performance,0.7741960287094116
The list of dispute cases that are displayed after a search is performed must be color coded for easy identification of dispute cases based upon the dispute case status.,usability,operational,0.7907684445381165
100% of the cardmember and merchant services representatives shall use the Disputes application regularly after a 2-day training course.,usability,operational,0.7929736971855164
100% of cardmember services representatives shall be able to successfully create a dispute case on the first encounter after completing the training course.,usability,operational,0.7936044931411743
100% of merchant services representatives shall be able to successfully perform a follow up action on a dispute case on the first encounter after completing the training course.,usability,operational,0.7873358130455017
The maximum wait time for a user navigating from one screen to another within the Disputes application shall be no more than 5 seconds.,performance,operational,0.7930454611778259
The Disputes application shall support 350 concurrent users without any degradation of performance in the application.,performance,operational,0.803531289100647
 The Disputes application shall be available 24x7x365  with the exception of the following scheduled maintenance windows.  Monday – Saturday 3:00am to 4:00am EST Sunday 1:00amd to 5:00am EST,operational,operational,0.779888391494751
The Disputes application shall interface with the Statement Database. The Statement Database provides the transaction details to the Disputes System. All transaction details must be obtained from the Statement Database,operational,operational,0.7949157953262329
The Disputes application shall interface with the Cardmember Information Database.  The Cardmember Information Database provides detailed information with regard to a cardmember.  All cardmember detail information must be obtained from the Cardmember Information Database.,operational,operational,0.7745523452758789
The Disputes applications shall interface with the Merchant Information Database.  The Merchant Information Database provides detailed information with regard to the merchant. All merchant detail information shall be obtained from the Merchant Information Database.,operational,operational,0.7796540260314941
The Disputes application shall interface with the Letters application.  This will allow the Disputes application to request letters as part of the dispute initiation and dispute follow up process. All letter requests must be sent to the Print Letter Utility application.,operational,operational,0.7869540452957153
The Disputes application shall interface with the Cardmember Posting and Billing System.  This will allow the Disputes application to request adjustments to cardmember and merchant’s accounts. All adjustment requests must be sent to the Cardmember Posting and Billing System.,operational,operational,0.7786285281181335
The Disputes application shall ensure that only users with the appropriate access level are allowed to initiate dispute requests.,security,operational,0.7999082803726196
Only users with Update access must be able to initiate dispute requests.,security,operational,0.8117437958717346
The Disputes application shall ensure that only authorized users are allowed to logon to the application.,security,operational,0.7984627485275269
 All authorized users  once authenticated must be able to logon to the Disputes System,security,operational,0.7985700368881226
The Disputes System shall generate a User Report that details any new users that have been added and any changes to an existing user’s access level.  The report will be reviewed for auditing purposes.,security,operational,0.7838841676712036
All additions of new users and modifications to user’s access shall be recorded on the User Report.,security,operational,0.7809343338012695
 If a user account is revoked  it can only be re-instantiated by the System Administrator.,security,operational,0.7942328453063965
Only the System Administrator shall be able to reset a revoked user logon account,security,operational,0.8019031286239624
The Disputes application shall manipulate and view business data. Users will not have direct access to data files or databases.,security,operational,0.7959663271903992
All updates to data files or database must be initiated from the Disputes System.,security,operational,0.8072562217712402
The product must support Internet Explorer 5.5 and above.,operational,operational,0.7954508066177368
The product must support Mozilla Firefox 1.0 and above.,operational,operational,0.790907084941864
The product shall interface with the Choice Parts System.  This provides the feed of recycled parts data.,operational,operational,0.7963771820068359
The product shall run on the existing hardware for all environments.,operational,performance,0.803013801574707
The product shall adhere to the corporate Architecture guidelines,operational,performance,0.8263643980026245
The product shall be easy to use by Adjusters and Collision Estimators.  95% of Adjusters and Collision Estimators shall find the product easy to use.,usability,operational,0.7706716656684875
The product shall increase productivity of Collision Estimators. 80% of the Collision Estimators shall agree their productivity has increase within 1 month of using the product.,usability,operational,0.7814533710479736
Users shall feel satisfied using the product.  85% of all users will be satisfied with the product.,usability,operational,0.7957162857055664
The product shall be easy to learn by Adjusters and Collision Estimators.  The product shall be learned with two days onsite training,usability,operational,0.7826468348503113
The user shall easily locate instructions while using the product.  User help can be found within 90% of the system.,usability,operational,0.7827815413475037
The search for recycled parts shall take no longer than 15 seconds.  The search results shall be returned in under 15 seconds.,performance,operational,0.7788037061691284
The search for the preferred repair facility shall take no longer than 8 seconds.  The preferred repair facility is returned within 8 seconds,performance,operational,0.7882542610168457
The recycled parts audit report shall be returned to the user within 10 seconds.  The audit report shall be returned within 10 seconds.,performance,operational,0.7772857546806335
The preferred repair facility ratings shall be saved within 5 seconds. The save shall occur within 5 seconds.,performance,operational,0.7828792333602905
 For estimators  the product shall be able to be operated in a repair facility during dirty and noisy conditions.,operational,operational,0.7891520857810974
The product shall interface with the ChoiceParts system once per day at approximately 1:00 AM.,operational,operational,0.7765971422195435
The maintenance of the product will fall within the established corporate maintenance windows.,operational,performance,0.81291663646698
The product shall be supported using the corporate support center.,operational,operational,0.8168891668319702
Product installations and upgrades shall be handled by the middleware technology team within established launch time frames.,operational,operational,0.7858087420463562
Only adjusters can request recycled parts audit reports. No users without an adjuster role shall request recycled parts audits.,security,operational,0.7771106958389282
Only adjusters with a supervisor role can update preferred repair facility ratings. Users without the supervisor role cannot access the repair facility ratings.,security,operational,0.7849615812301636
Only collision estimators shall search for recycled parts.  Users without the collision estimator role shall not have access to the search for recycled parts.,security,operational,0.783394992351532
Only valid data shall be entered into the system.  No invalid data shall be entered into the system.,security,operational,0.7784366011619568
One insurance company shall not be able to view another insurance companys claim data.,security,operational,0.7834764719009399
The product shall free of computer viruses.,security,performance,0.8279235363006592
The system shall prevent malicious attacks including denial of service.,security,performance,0.8038313388824463
 The product must work with most database management systems (DBMS) on the market  whether the DBMS is colocated with the product on the same machine or is located on a different machine on the computer network.,operational,operational,0.7775610685348511
The product will function alongside server software on any operating system where the Java runtime can be installed.,operational,operational,0.8022297620773315
The product will require collaboration with a database management system (DBMS).  The DBMS may be located on the same machine as the product or on a separate machine residing on the same computer network.,operational,operational,0.7797151207923889
 The product must make use of web/application server technology.  Open source examples include Apache web server  Tomcat  and the JBoss application server.,operational,operational,0.7870835065841675
 A database management system such as Oracle  DB2  MySql or HSQL will need to be integrated with the product.,operational,operational,0.7838397026062012
The product shall make the users want to use it. 80% of the users surveyed report they are regularly using the product after the first 2 weeks post-launch.,usability,operational,0.784102201461792
The product shall be easy to use. 90% of users will be able to successfully reserve a conference room within 5 minutes of product use.,usability,operational,0.7800348997116089
The product shall give users feedback when necessary. 80% of the users surveyed report that the product accurately confirms their actions.,usability,operational,0.7868399620056152
The product shall allow the user to select a chosen language from one of the target market countries.,usability,operational,0.7895258069038391
The product shall allow for customization of start page and views preferences.,usability,operational,0.7912424206733704
 An employee will be able to successfully use the product within a few minutes.  After informally navigating the product for less than 15 minutes  users shall be able to successfully setup meetings and reserve conference rooms.,usability,operational,0.7808177471160889
The product shall use a standard navigation menu familiar to most web users.,usability,performance,0.8020435571670532
The product shall allow for intuitive searching of available conference rooms.,usability,operational,0.7895121574401855
The product shall conform to the Americans with Disabilities Act.,usability,operational,0.8042948842048645
The response shall be fast enough to avoid interrupting the user’s flow of thought.  90% of tasks shall complete within 5 seconds.  98% of tasks shall complete within 8 seconds.,performance,operational,0.771970808506012
The product shall be used in office environments.,operational,performance,0.8325772285461426
The product must be able to interface with any HTML browser.  The product shall transmit data between the user and the product without problems. The product shall display HTML properly in 80% of all HTML browsers tested (minimum is to test 8 browsers).,operational,operational,0.765013575553894
The product must be able to interface with various database management systems. The product shall communicate successfully with the database management system on 100% of all transactions.,operational,operational,0.7830172777175903
The product must be able to interface with various email servers. The product shall be able to send email.,operational,operational,0.793527364730835
The product shall be available for distribution via the Internet as a binary or ZIP file.,operational,performance,0.7890148162841797
The product shall be available for distribution as a packaged CD.,operational,performance,0.79924076795578
 The product will be available for licensing as a one-server  two-five servers  or five-or-more servers license.,operational,operational,0.7806868553161621
A new user must be able to be added to the system within 10 minutes.  90% of new users are able to log into the system within 10 minutes.,usability,operational,0.7757682800292969
Every registered user will have access to the product’s support site via the Internet.  70% of registered users shall find a solution to their problem within 5 minutes of using the support site.,usability,operational,0.7771515846252441
 The product shall be translated into foreign languages other than the target market countries’ languages in future releases.  For each emerging target market  it shall take no more than 5 days to configure the product for that market’s language.,usability,operational,0.7785139679908752
 The product is expected to integrate with multiple database management systems.  The product will operate with Oracle  SQL Server  DB2  MySQL  HSQL  and MS Access.,operational,security,0.7773792743682861
The product shall be able to be installed in any operating environment within 2 days.,operational,operational,0.7941514253616333
The product shall ensure that only company employees or external users with company-approved user IDs may have product access.  100% of all logons shall be by either company employees or external users with company-approved user IDs.,security,security,0.7726840972900391
Only managers are able to perform search queries for reservations by user.  100% of all search queries for reservations by user shall be from logons of only management logons.,security,operational,0.7720168232917786
The product shall ensure that the database’s data corresponds to the data entered by the user.  Each conference room reservation in the system will contain the same information as was entered by the user.,security,operational,0.7793389558792114
The product shall prevent the input of malicious data.  The product and/or adjacent hardware/software systems’ data shall remain 100% uncorrupted each time malicious data is input into the product.,security,operational,0.7634063959121704
The product shall have the ability to receive automatic software updates as new threats emerge.  100% of customers will be able to receive automatic software updates transmitted to the installed product.,security,security,0.778189480304718
The product shall be able to display calendar dates and times according to the user’s locale.  90% of survey respondents from each target market country will find that the date and time formatting of the product is correct.,usability,operational,0.7742993831634521
The product must be developed with the J2SE/J2EE programming language libraries,operational,operational,0.8079977035522461
Recreation of Inventory Quantity Adjustment for the period of previous 30 days shall take no more than 30min.,performance,operational,0.7807865738868713
The System shall allow for a minimum of  6 users to work at the same time.,performance,operational,0.7905176877975464
The System shall utilize currently owned computer equipment.,operational,performance,0.8255338668823242
The System shall be able to automatically backup business data and restore them on demand.,operational,operational,0.7863529920578003
The System shall maintain consistent security.  Any changes in user passwords and/or permissions should take affect in all parts of the System.,security,operational,0.7871982455253601
The System shall granularly control access rights to all major subsystems.  It should be possible to assign access rights to all subsystems independently.,security,operational,0.7769652605056763
The System shall not require additional third party licenses resulting in royalty fees.,operational,performance,0.7887086868286133
Administrator shall be able to activate a pre-paid card via the Administration section in under 5 seconds.,performance,operational,0.7863690853118896
 Customer shall be able to check the status of their prepaid card  by entering in the PIN number  in under 5 seconds.,performance,operational,0.7896854877471924
System shall let customers register on the website as a “pay as you go” user in under 5 minutes.,performance,operational,0.7786091566085815
System shall let customers register on the website as a “unlimited movie subscriber” user in under 10 minutes.,performance,operational,0.7867140769958496
System shall let existing customers log into the website with their email address and password in under 5 seconds.,performance,operational,0.7918488383293152
 System shall let customers cancel their account  process shall take no longer than 2 minutes.  Database will mark the account as inactive  and user will not be able to log into the website.,performance,operational,0.7886633276939392
System shall let administrator de-activate a customer account in under 1 minute. Customer will no longer be able to access the website.,performance,operational,0.7857047319412231
System shall let administrator add/remove movies on the website in under 5 minutes.  Entered movie information will be stored in the database and will now be available on the website.,performance,operational,0.7827539443969727
System shall let the administrator add/remove categories on the website in under 5 minutes.,performance,operational,0.7876763939857483
System shall let Izogn Manager access sales and usage statistics in under 2 minutes.,performance,operational,0.790541410446167
System shall let administrators generate unique pre-paid pins in under 2 minutes and generate an Excel file with the generated PINs.,performance,operational,0.7947214841842651
The product should be able to be used by 90% of novice users on the Internet.,usability,operational,0.7813796997070312
 Users should only have to navigate through a maximum of 4 pages  to create an account with the website.,usability,operational,0.7808800935745239
Users should be able to access their streaming movies in under 2 clicks after logging into the website.,usability,operational,0.7831628918647766
An anonymous survey will show that 70% of customers are comfortable purchasing streaming movies after 2 weeks using the website.,usability,operational,0.7846115827560425
An anonymous survey will show that 95% of customers are comfortable using and purchasing pre-paid cards after a month of using the system.,usability,operational,0.789917528629303
The product shall retain the customer’s buying preferences and information.,usability,performance,0.8022351861000061
The product shall be easy for customers with novice skills on the  Internet to purchase and watch streaming movies.  Customers should be able to purchase and watch a pre-determined movie in under 3 minutes.,usability,operational,0.7693129181861877
The product shall use symbols and words that are naturally understandable by users familiar with websites,usability,operational,0.79734206199646
The website will use standard Internet conventions when interacting with the user.,usability,performance,0.7989051938056946
 Any interface between a user and the automated system shall have a maximum response time of 5 seconds  unless noted by an exception below.,performance,operational,0.7801939845085144
 When purchasing a streaming movie or pre-paid card via credit card  the processing time should have a maximum response time of 15 seconds.,performance,operational,0.7812450528144836
 When streaming a movie  the buffering time should take no longer than 10 seconds (plus any latency on the user’s connection.),performance,operational,0.7923879623413086
 While streaming a movie  buffering should only occur if there is latency in the user’s connection.,performance,performance,0.7868324518203735
 All credit card information will be secured on the server  and only accessible by authorized Izogn administrators.  Information will be encrypted in the database.,security,operational,0.7814870476722717
All aspects of the website shall be accessed by a web browser over the Internet.,operational,operational,0.7839556932449341
The same hardware supporting the current website will be used to support the new system.,operational,operational,0.7949614524841309
 We must be able to interface with the following browsers: IE 5.X  6.0  Netscape 6.x  7.x  8.x and Firefox 1.0.,operational,operational,0.7720202207565308
Website must interface with the CyberSource API to process credit card transactions.,operational,operational,0.8060122728347778
Website must be fully operational with MSN TV2.,operational,operational,0.835168182849884
Movies shall be encoded and streamed via Windows Media Player 9.0.,operational,performance,0.7844460010528564
Movies shall be encoded for 56k and 256k streams.,operational,performance,0.7974255084991455
Izogn Administrator must be able to update the category listings on the website within 2 minutes.,performance,operational,0.7838330268859863
Izogn Administrator must be able to add new products to the website within 2 minutes.,performance,operational,0.7814269065856934
The website will provide a help section with answers and solutions to common problems.,usability,operational,0.7917485237121582
The product shall be able to be installed in the specified environment within 1 working day.,operational,operational,0.7913016676902771
Only registered customers can purchase streaming movies.,security,operational,0.8189569115638733
 A customer can only stream a movie if they purchased it  and are within the 2 day viewing period.,security,operational,0.7943542003631592
Only authorized personnel can access customer records in the database.,security,performance,0.8116537928581238
Only administrators can activate a pre-paid card.,security,performance,0.8076691031455994
Only authorized personnel can access sales information.,security,performance,0.8247048258781433
The website shall prevent its data from being corrupted when incorrect data is entered in.,security,usability,0.7850993871688843
 The website shall protect itself from intentional abuse  and notify the administrator at all occurrences.,security,performance,0.7793164849281311
Data integrity scripts will be run on a weekly basis to verify the integrity of the database.,security,operational,0.7866330146789551
 The website shall make its user aware of its information practices before collection data from them via a Privacy Policy  accessible on all pages of the website.,security,operational,0.7785384058952332
The system shall notify customers of changes to its information policy.,security,operational,0.7852372527122498
The system shall reveal private information only in compliance with the organization’s information policy.,security,performance,0.7812331914901733
 All customer information will be stored on a secure database  accessible only to authorized personnel.,security,operational,0.7861387133598328
All credit card information will be encrypted in the database.,security,performance,0.805393397808075
The streaming server will have anti-virus software to prevent infection of malicious viruses.,security,operational,0.7769161462783813
The website should use Flash to provide animation on the home page.,operational,performance,0.7842432260513306
Total lead cycle time must be completed in 5 minutes for 90% of lead volume between the business hours of 8AM CST to 8PM CST; then 3 minutes for 99% of lead volume during off business hours.,performance,operational,0.7598361372947693
No lead evaluation will complete in a time period longer than 25 seconds for 97% of all leads processed.,performance,operational,0.785340428352356
For leads that process longer than 25 seconds the system will record the event and duration,performance,operational,0.7996363043785095
The process must fit within the processing time conditions set forth by the Auto Rep Assignment process in which a lead is assigned within 3 minutes of the total life cycle.,performance,operational,0.7818567156791687
The lead washing process will operate within the established physical web service structure.,operational,performance,0.8064165115356445
 The washing process must use a non binding  neutral data format  such as xml  when receiving and processing lead data.,operational,operational,0.7771519422531128
The product shall able to handle a large number of games simultaneously.,performance,operational,0.8040195107460022
The response time shall be fast enough to maintain the flow of the game.  The response time shall be no more than 2 seconds for 95% of responses and no more than 4% for the remaining responses.,performance,operational,0.7715961933135986
The product shall protect the identity of the players. The product shall provide players no access to information that might reveal the identity of another player.,performance,operational,0.780445396900177
The product shall be intuitive and self-explanatory.  Nine out ten users shall be able to successfully complete a game with no training.,usability,operational,0.7824260592460632
 The product shall be available to players who understand English  Spanish and French.  The product shall allow the user to select the language upon accessing the product.,usability,operational,0.7841753959655762
The product shall provide players no access to information that might reveal the identity of another player,security,operational,0.7810928225517273
The response time shall be fast enough to maintain the flow of the game. The response time shall be no more than 2 seconds for 95% of responses and no more than 4% for the remaining responses.,performance,operational,0.7715961933135986
The system shall be easy to use by callers and supervisors. Callers and supervisors must be able to accomplish any system task within 2 minutes.,usability,operational,0.771789014339447
The system shall be easy to learn by callers and supervisors. Callers and supervisors shall learn how to use the system within 10 minutes.,usability,operational,0.7675371170043945
 The system shall be responsive. At the DePaul TeleServices Center  when a supervisor uses the system to view a callers schedule  the system response time must be no more than 2 seconds 90% of the time and no more than 5 seconds the rest of the time.,performance,operational,0.7655421495437622
 On a 56k connection  the system response time for all operations must be no more than 6 seconds 90% of the time.,performance,operational,0.7846993803977966
 On a 112k connection or faster  the system response time for all operations must be no more than 3 seconds 90% of the time.,performance,operational,0.781044602394104
The product shall ensure that only supervisors can advertise empty time slots.The product must ensure that supervisors are allowed to access advertise empty time slots.,security,operational,0.7638307809829712
The product shall ensure that only supervisors can enter a caller’s schedule.The product must ensure that supervisors are allowed to access advertise empty time slots.,security,operational,0.7743008136749268
The product shall ensure that only supervisors can view schedule of all callers.The product must ensure that supervisors are allowed to access advertise empty time slots.,security,operational,0.7743461728096008
The product shall provide Monitoring Services.The product shall be easy for System Administrators and DBAs to use after two weeks of usage.,usability,operational,0.7787907123565674
The product shall provide Error Tracking Services.The product shall help the System Administrators and DBAs to resolve transaction errors 99% of the time.,usability,operational,0.7887448072433472
The product shall provide Portals.The product shall help System Administrators to analyze the transactions with ad-hoc reporting and KPIs (Key Performance Indicators),usability,operational,0.7766320109367371
The product shall provide Asynchronous Messaging.The product shall provide asynchronous messaging to enable parallel processing and reduce the overhead in communications,performance,operational,0.7867696285247803
The product shall provide Multi-threading and Load Balancing.The product shall provide multi-threading technology as well as load balancing to overcome data load spikes and traffic.,performance,operational,0.7703214883804321
The product shall process messages within 2 seconds.The product shall have a maximum message processing time of 2 seconds,performance,operational,0.7918561100959778
The product shall poll the system for messages every second.The product shall poll the system for new messages at a maximum of every 1 second.,performance,operational,0.7735499739646912
The product shall provide Dynamic Change Support and Transparent resource addition.The product shall support Transparent Resource addition and Dynamic Change support to provide scalability and avoid service interruptions of more than 1 day.,performance,operational,0.7632890343666077
The product shall be platform independent.The product shall enable access to any type of development environment and platform.,operational,operational,0.7751985192298889
The product shall interface CSR and Datastream.The product shall exchange messages between CSR and EAM on a real time basis without any direct interfaces between two systems.,operational,operational,0.7792831063270569
 The product shall have security.The product shall provide authentication  and authorization.,security,security,0.7903240323066711
The product shall information Security. The product shall enable privacy by encryption WS-Security and Integrity Checking.,security,operational,0.7757758498191833
The product shall have audit capabilities.The product shall store messages for a minimum of one year for audit and transaction tracking purposes.,security,operational,0.7722455859184265
The system must use a point and click interface. 100% of all selection and navigation functionality must be able to be activated/selected by either a mouse or a keyboard,usability,operational,0.7790526747703552
The interface shall be easy to use. 90% of users should be able to successfully use the system to generate a report on their first use. The interface should adhere to IBM usability standards.,usability,operational,0.7684350609779358
Rreports must be easy to generate. eports must be generated within one button click and exported within one button click (after selecting the report),usability,operational,0.7829779386520386
A user shall be able to use the system without instruction after a short amount of time. After one use a user should understand and remember 90% of the system usage and navigation.,usability,operational,0.7648254632949829
All CCR users shall receive training before the WCS system is deployed. One training session will be held for 100% of CCR users before system deployment (based on a CCR user being available),usability,operational,0.770885169506073
The WCS system shall use appropriate nomenclature and terminology as defined by the Corporate Community Grants organization. All interfaces and reports will undergo usability tests by CCR users.,usability,operational,0.7919454574584961
The WCS system shall be run in a Windows environment. The WCS shall be accessed by users through the Internet on an IBM computer running a Windows 2000 or above operating system.,operational,operational,0.7818965911865234
The Brio portion of the WCS system must be able to export files in spreadsheet form (Microsoft Excel and Lotus 1-2-3 formats).  Brio will provide buttons in the user interface that produce/export reports in .xls or .123 file formats.,operational,operational,0.7653934359550476
The system shall only be accessed by authorized Corporate Community Grants (CCR) employees. Users must be authenticated using their IBM intranet user name and password.,security,operational,0.786190390586853
The WCS system shall not allow automatic logins by any user. Cookies containing WCS login information about a user will not be stored on a user’s computer.,security,operational,0.7826919555664062
Each team owner will need to use a username and password in order to be authenticated to reach the team owner’s page,security,operational,0.7571390271186829
The Commissioner will be the only authorized user per league to adjust league settings.,security,operational,0.78669273853302
	A new user shall be able to navigate through the league and team pages within 30 seconds of reaching the start-up page.,usability,operational,0.7909194827079773
 	Users shall be able to reach the ‘add’  ‘drop’  and ‘trade player’ pages with one click from the team owner’s page.,usability,operational,0.7785542011260986
	Users shall be able to view at least 25 NFL player statistics and points on each page.,usability,operational,0.7872079610824585
The application shall ask the user to confirm dropping a player or trading a player before performing the action.,usability,operational,0.783706545829773
The application shall be able to complete every user transaction within one fourth of a second of receiving the request over the network.,performance,operational,0.7855415940284729
The application shall run on a web application server.,operational,performance,0.8206056356430054
A primary database will be used to store cached data for active users.,operational,operational,0.800326943397522
A secondary database will be used to store historical statistics and data.,operational,performance,0.7930647134780884
98% of the user workstations shall meet the minimum hardware requirements prior to implementation. Minimum Hard Disk Space:  400MB.,operational,operational,0.7794495820999146
98% of the user workstations shall meet the minimum software requirements prior to implementation: Microsoft Internet Explorer 5.0. Microsoft .NET Framework 1.1. Microsoft Internet Explorer Web Controls,operational,security,0.7661831974983215
 	The RFS system should be able to easily interface with the BDW environment  in order to load the data. •	7 data files shall be received from the BDW and loaded into the RFS system within 3 hours one day prior to the start of budgeting process  every year. The data will be as of October month-end. 	Test files (7) shall be loaded up to 5 times throughout the year  from the BDW.,operational,operational,0.7567539215087891
 	Only authorized user shall access the RFS system. ONLY users that exist in the UAS system  with the RFS system assigned to their role(s)  shall access the RFS system and use it.,security,operational,0.7546334266662598
	User access should be limited to the permissions granted to their role(s) Each level in the PCG hierarchy will be assigned a role and users will be assigned to these roles. Access to functionality within RFS system is dependent on the privileges/permission assigned to the role..,security,operational,0.764858067035675
 	The users should be able to easily use the system to successfully complete their budgets  within the stipulated time for completion. With a week of training prior to product implementation  98% of the users shall complete their budgets within the stipulated time.,usability,operational,0.769929051399231
 	The product interface should be fast. The response time of the product interface should not exceed 2 seconds 90% of the time. For 10% of the time  the response time should not be more than 10 seconds.not be more than 10 seconds.,performance,operational,0.7693260908126831
