Requirement text,Gold label,Predicated label,ZSL score
The system shall refresh the display every 60 seconds.,"throughput, reliability, scalability, responsiveness, efficiency, workload, benchmark, latency, speed, improvement, or accuracy","environmental, organizational, coordination, systemic, or logistics",0.8291469812393188
 If projected  the data must be readable.  On a 10x10 projection screen  90% of viewers must be able to read Event / Activity data from a viewing distance of 30,"accessibility, aesthetic, contextual, experience, satisfaction, HCI, UX, questionnaire, ease, or ergonomics","throughput, reliability, scalability, responsiveness, efficiency, workload, benchmark, latency, speed, improvement, or accuracy",0.6781308650970459
 If projected  the data must be understandable. On a 10x10 projection screen  90% of viewers must be able to determine that Events or Activities are occuring in current time from a viewing distance of 100,"accessibility, aesthetic, contextual, experience, satisfaction, HCI, UX, questionnaire, ease, or ergonomics","throughput, reliability, scalability, responsiveness, efficiency, workload, benchmark, latency, speed, improvement, or accuracy",0.6642820239067078
The product shall ensure that it can only be accessed by authorized users.  The product will be able to distinguish between authorized and unauthorized users in all access attempts,"vulnerability, security, protection, cybersecurity, assurance, countermeasure, threat, privacy, authentication, prevention, or confidentiality","throughput, reliability, scalability, responsiveness, efficiency, workload, benchmark, latency, speed, improvement, or accuracy",0.6340335011482239
The product shall be intuitive and self-explanatory.  :  90% of new users shall be able to start the display of Events or Activities within 90 minutes of using the product.,"accessibility, aesthetic, contextual, experience, satisfaction, HCI, UX, questionnaire, ease, or ergonomics","throughput, reliability, scalability, responsiveness, efficiency, workload, benchmark, latency, speed, improvement, or accuracy",0.655933678150177
The product shall respond fast to keep up-to-date data in the display.,"throughput, reliability, scalability, responsiveness, efficiency, workload, benchmark, latency, speed, improvement, or accuracy","environmental, organizational, coordination, systemic, or logistics",0.8004025816917419
The system shall be used by realtors with no training.,"accessibility, aesthetic, contextual, experience, satisfaction, HCI, UX, questionnaire, ease, or ergonomics","environmental, organizational, coordination, systemic, or logistics",0.8054898381233215
The system shall be intuitive and self explanatory.,"accessibility, aesthetic, contextual, experience, satisfaction, HCI, UX, questionnaire, ease, or ergonomics","environmental, organizational, coordination, systemic, or logistics",0.7967604994773865
The product shall be easy for a realtor to learn.,"accessibility, aesthetic, contextual, experience, satisfaction, HCI, UX, questionnaire, ease, or ergonomics","environmental, organizational, coordination, systemic, or logistics",0.764826238155365
The product shall use symbols and words that are naturally understandable by the realtor community.,"accessibility, aesthetic, contextual, experience, satisfaction, HCI, UX, questionnaire, ease, or ergonomics","environmental, organizational, coordination, systemic, or logistics",0.8102158308029175
The product shall produce search results in an acceptable time,"throughput, reliability, scalability, responsiveness, efficiency, workload, benchmark, latency, speed, improvement, or accuracy","environmental, organizational, coordination, systemic, or logistics",0.801506757736206
The search results shall be returned no later 30      seconds  after the user has entered the search criteria,"throughput, reliability, scalability, responsiveness, efficiency, workload, benchmark, latency, speed, improvement, or accuracy","environmental, organizational, coordination, systemic, or logistics",0.747299313545227
The product shall generate a CMA report in an acceptable time.,"throughput, reliability, scalability, responsiveness, efficiency, workload, benchmark, latency, speed, improvement, or accuracy","environmental, organizational, coordination, systemic, or logistics",0.8197110891342163
The CMA report shall be returned no later 60 seconds after the user has entered the CMA report criteria.,"throughput, reliability, scalability, responsiveness, efficiency, workload, benchmark, latency, speed, improvement, or accuracy","environmental, organizational, coordination, systemic, or logistics",0.785228967666626
The product shall synchronize contacts and appointments in an acceptable time.,"throughput, reliability, scalability, responsiveness, efficiency, workload, benchmark, latency, speed, improvement, or accuracy","environmental, organizational, coordination, systemic, or logistics",0.8210592269897461
The product shall synchronize with the office system every hour.,"throughput, reliability, scalability, responsiveness, efficiency, workload, benchmark, latency, speed, improvement, or accuracy","environmental, organizational, coordination, systemic, or logistics",0.8345133662223816
The product shall be installed by an untrained realtor   without recourse to separately-printed instructions.,"accessibility, aesthetic, contextual, experience, satisfaction, HCI, UX, questionnaire, ease, or ergonomics","environmental, organizational, coordination, systemic, or logistics",0.848720371723175
90% of untrained realtors shall be able to install the product on their device without printed instructions,"accessibility, aesthetic, contextual, experience, satisfaction, HCI, UX, questionnaire, ease, or ergonomics","environmental, organizational, coordination, systemic, or logistics",0.7874182462692261
Only registered realtors shall be able to access the system.,"vulnerability, security, protection, cybersecurity, assurance, countermeasure, threat, privacy, authentication, prevention, or confidentiality","environmental, organizational, coordination, systemic, or logistics",0.7908830046653748
Every user of the system shall be authenticated and authorized.,"vulnerability, security, protection, cybersecurity, assurance, countermeasure, threat, privacy, authentication, prevention, or confidentiality","environmental, organizational, coordination, systemic, or logistics",0.8003708124160767
The product shall prevent its data from incorrect data being introduced.,"vulnerability, security, protection, cybersecurity, assurance, countermeasure, threat, privacy, authentication, prevention, or confidentiality","environmental, organizational, coordination, systemic, or logistics",0.8149165511131287
The system shall be easy to use by the Program Administrators/Nursing Staff Members.,"accessibility, aesthetic, contextual, experience, satisfaction, HCI, UX, questionnaire, ease, or ergonomics","environmental, organizational, coordination, systemic, or logistics",0.8112280964851379
All of the users shall be able to use the system after one day of training.,"accessibility, aesthetic, contextual, experience, satisfaction, HCI, UX, questionnaire, ease, or ergonomics","environmental, organizational, coordination, systemic, or logistics",0.6511232852935791
The system shall help the user avoid making mistakes while scheduling classes and clinicals for the nursing students.,"accessibility, aesthetic, contextual, experience, satisfaction, HCI, UX, questionnaire, ease, or ergonomics","environmental, organizational, coordination, systemic, or logistics",0.825537919998169
The number of mistakes noted by the students shall be decreased by 50% in the first year.,"accessibility, aesthetic, contextual, experience, satisfaction, HCI, UX, questionnaire, ease, or ergonomics","environmental, organizational, coordination, systemic, or logistics",0.776028037071228
The system shall be intuitive to the Program Administrators/Nursing Staff Members.,"accessibility, aesthetic, contextual, experience, satisfaction, HCI, UX, questionnaire, ease, or ergonomics","environmental, organizational, coordination, systemic, or logistics",0.8143730163574219
2 out of 3 Program Administrators/Nursing Staff Members shall successfully be able to use the system to manage the scheduling of classes and clinicals.,"accessibility, aesthetic, contextual, experience, satisfaction, HCI, UX, questionnaire, ease, or ergonomics","environmental, organizational, coordination, systemic, or logistics",0.6384873390197754
The system shall use symbols and words that are naturally understandable by the user community.,"accessibility, aesthetic, contextual, experience, satisfaction, HCI, UX, questionnaire, ease, or ergonomics","environmental, organizational, coordination, systemic, or logistics",0.7877834439277649
The verbiage used within the system shall be consistent with Standard English and the terminology of the national Nursing Community.,"accessibility, aesthetic, contextual, experience, satisfaction, HCI, UX, questionnaire, ease, or ergonomics","environmental, organizational, coordination, systemic, or logistics",0.7082592248916626
Staff members shall be able to complete a set of tasks in a timely manner.,"throughput, reliability, scalability, responsiveness, efficiency, workload, benchmark, latency, speed, improvement, or accuracy","environmental, organizational, coordination, systemic, or logistics",0.7704696655273438
The response time of general student management tasks shall take no longer than 5 seconds and the response time of schedule generation shall take no longer than 30 seconds.,"throughput, reliability, scalability, responsiveness, efficiency, workload, benchmark, latency, speed, improvement, or accuracy","accessibility, aesthetic, contextual, experience, satisfaction, HCI, UX, questionnaire, ease, or ergonomics",0.6140986084938049
The system shall able to operate within a business office environment typical of the Nursing Department at DePaul University.,"environmental, organizational, coordination, systemic, or logistics","environmental, organizational, coordination, systemic, or logistics",0.766160249710083
The system shall be used within the specifications defined by the computers used by the Program Administrators/Nursing Staff Members.,"environmental, organizational, coordination, systemic, or logistics","environmental, organizational, coordination, systemic, or logistics",0.7587963938713074
The system shall operate within the Windows XP Professional operating system.,"environmental, organizational, coordination, systemic, or logistics","environmental, organizational, coordination, systemic, or logistics",0.8590332865715027
The system shall interface with CampusConnect’s central server,"environmental, organizational, coordination, systemic, or logistics","environmental, organizational, coordination, systemic, or logistics",0.8825902938842773
The system shall interface with the faculty central server.,"environmental, organizational, coordination, systemic, or logistics","environmental, organizational, coordination, systemic, or logistics",0.8392531871795654
The system shall interface with the student master server.,"environmental, organizational, coordination, systemic, or logistics","environmental, organizational, coordination, systemic, or logistics",0.8295127153396606
We must be able to interface with any HTML browser.,"environmental, organizational, coordination, systemic, or logistics","environmental, organizational, coordination, systemic, or logistics",0.7474806308746338
Only authorized users shall have access to clinical site information.,"vulnerability, security, protection, cybersecurity, assurance, countermeasure, threat, privacy, authentication, prevention, or confidentiality","environmental, organizational, coordination, systemic, or logistics",0.8067319989204407
Program Administrators/Nursing Staff Members are the only people who shall have access to clinical site details.,"vulnerability, security, protection, cybersecurity, assurance, countermeasure, threat, privacy, authentication, prevention, or confidentiality","environmental, organizational, coordination, systemic, or logistics",0.7821521759033203
Only authorized users shall have access to students’ personal information.,"vulnerability, security, protection, cybersecurity, assurance, countermeasure, threat, privacy, authentication, prevention, or confidentiality","environmental, organizational, coordination, systemic, or logistics",0.7954926490783691
Dr Susan Poslusny and Dr Julie Donalek are the only people who shall have access to students’ personal information.,"vulnerability, security, protection, cybersecurity, assurance, countermeasure, threat, privacy, authentication, prevention, or confidentiality","environmental, organizational, coordination, systemic, or logistics",0.7386408448219299
Only authorized users shall have access to the portion of the system that interfaces with CampusConnect.,"vulnerability, security, protection, cybersecurity, assurance, countermeasure, threat, privacy, authentication, prevention, or confidentiality","environmental, organizational, coordination, systemic, or logistics",0.788418173789978
Fit Criterion: Dr Susan Poslusny and Karen Sysol are the only people who shall have access to the final class section scheduling for the system that interfaces with CampusConnect.,"vulnerability, security, protection, cybersecurity, assurance, countermeasure, threat, privacy, authentication, prevention, or confidentiality","vulnerability, security, protection, cybersecurity, assurance, countermeasure, threat, privacy, authentication, prevention, or confidentiality",0.7444775104522705
The system shall have basic data integrity checking to reduce the possibility of incorrect or invalid data being introduced.,"vulnerability, security, protection, cybersecurity, assurance, countermeasure, threat, privacy, authentication, prevention, or confidentiality","environmental, organizational, coordination, systemic, or logistics",0.7554352879524231
The system shall protect private information in accordance with the organization’s information policy.,"vulnerability, security, protection, cybersecurity, assurance, countermeasure, threat, privacy, authentication, prevention, or confidentiality","environmental, organizational, coordination, systemic, or logistics",0.846340000629425
The system shall be built such that it is as secure as possible from malicious interference.,"vulnerability, security, protection, cybersecurity, assurance, countermeasure, threat, privacy, authentication, prevention, or confidentiality","environmental, organizational, coordination, systemic, or logistics",0.7675026655197144
The system shall use the organization’s standard virus protection software to help monitor threats to itself.,"vulnerability, security, protection, cybersecurity, assurance, countermeasure, threat, privacy, authentication, prevention, or confidentiality","environmental, organizational, coordination, systemic, or logistics",0.7900099158287048
The list of dispute cases that are displayed after a search is performed must be color coded for easy identification of dispute cases based upon the dispute case status.,"accessibility, aesthetic, contextual, experience, satisfaction, HCI, UX, questionnaire, ease, or ergonomics","throughput, reliability, scalability, responsiveness, efficiency, workload, benchmark, latency, speed, improvement, or accuracy",0.6676039099693298
100% of the cardmember and merchant services representatives shall use the Disputes application regularly after a 2-day training course.,"accessibility, aesthetic, contextual, experience, satisfaction, HCI, UX, questionnaire, ease, or ergonomics","environmental, organizational, coordination, systemic, or logistics",0.7484181523323059
100% of cardmember services representatives shall be able to successfully create a dispute case on the first encounter after completing the training course.,"accessibility, aesthetic, contextual, experience, satisfaction, HCI, UX, questionnaire, ease, or ergonomics","environmental, organizational, coordination, systemic, or logistics",0.6926589012145996
100% of merchant services representatives shall be able to successfully perform a follow up action on a dispute case on the first encounter after completing the training course.,"accessibility, aesthetic, contextual, experience, satisfaction, HCI, UX, questionnaire, ease, or ergonomics","accessibility, aesthetic, contextual, experience, satisfaction, HCI, UX, questionnaire, ease, or ergonomics",0.6353124380111694
The maximum wait time for a user navigating from one screen to another within the Disputes application shall be no more than 5 seconds.,"throughput, reliability, scalability, responsiveness, efficiency, workload, benchmark, latency, speed, improvement, or accuracy","environmental, organizational, coordination, systemic, or logistics",0.6474045515060425
The Disputes application shall support 350 concurrent users without any degradation of performance in the application.,"throughput, reliability, scalability, responsiveness, efficiency, workload, benchmark, latency, speed, improvement, or accuracy","environmental, organizational, coordination, systemic, or logistics",0.8375208973884583
 The Disputes application shall be available 24x7x365  with the exception of the following scheduled maintenance windows.  Monday – Saturday 3:00am to 4:00am EST Sunday 1:00amd to 5:00am EST,"environmental, organizational, coordination, systemic, or logistics","throughput, reliability, scalability, responsiveness, efficiency, workload, benchmark, latency, speed, improvement, or accuracy",0.6639323234558105
The Disputes application shall interface with the Statement Database. The Statement Database provides the transaction details to the Disputes System. All transaction details must be obtained from the Statement Database,"environmental, organizational, coordination, systemic, or logistics","vulnerability, security, protection, cybersecurity, assurance, countermeasure, threat, privacy, authentication, prevention, or confidentiality",0.7440569400787354
The Disputes application shall interface with the Cardmember Information Database.  The Cardmember Information Database provides detailed information with regard to a cardmember.  All cardmember detail information must be obtained from the Cardmember Information Database.,"environmental, organizational, coordination, systemic, or logistics","vulnerability, security, protection, cybersecurity, assurance, countermeasure, threat, privacy, authentication, prevention, or confidentiality",0.7368829846382141
The Disputes applications shall interface with the Merchant Information Database.  The Merchant Information Database provides detailed information with regard to the merchant. All merchant detail information shall be obtained from the Merchant Information Database.,"environmental, organizational, coordination, systemic, or logistics","vulnerability, security, protection, cybersecurity, assurance, countermeasure, threat, privacy, authentication, prevention, or confidentiality",0.7387865781784058
The Disputes application shall interface with the Letters application.  This will allow the Disputes application to request letters as part of the dispute initiation and dispute follow up process. All letter requests must be sent to the Print Letter Utility application.,"environmental, organizational, coordination, systemic, or logistics","vulnerability, security, protection, cybersecurity, assurance, countermeasure, threat, privacy, authentication, prevention, or confidentiality",0.7200247645378113
The Disputes application shall interface with the Cardmember Posting and Billing System.  This will allow the Disputes application to request adjustments to cardmember and merchant’s accounts. All adjustment requests must be sent to the Cardmember Posting and Billing System.,"environmental, organizational, coordination, systemic, or logistics","vulnerability, security, protection, cybersecurity, assurance, countermeasure, threat, privacy, authentication, prevention, or confidentiality",0.6937646865844727
The Disputes application shall ensure that only users with the appropriate access level are allowed to initiate dispute requests.,"vulnerability, security, protection, cybersecurity, assurance, countermeasure, threat, privacy, authentication, prevention, or confidentiality","environmental, organizational, coordination, systemic, or logistics",0.797235369682312
Only users with Update access must be able to initiate dispute requests.,"vulnerability, security, protection, cybersecurity, assurance, countermeasure, threat, privacy, authentication, prevention, or confidentiality","environmental, organizational, coordination, systemic, or logistics",0.7526460886001587
The Disputes application shall ensure that only authorized users are allowed to logon to the application.,"vulnerability, security, protection, cybersecurity, assurance, countermeasure, threat, privacy, authentication, prevention, or confidentiality","environmental, organizational, coordination, systemic, or logistics",0.7857571244239807
 All authorized users  once authenticated must be able to logon to the Disputes System,"vulnerability, security, protection, cybersecurity, assurance, countermeasure, threat, privacy, authentication, prevention, or confidentiality","environmental, organizational, coordination, systemic, or logistics",0.8311824202537537
The Disputes System shall generate a User Report that details any new users that have been added and any changes to an existing user’s access level.  The report will be reviewed for auditing purposes.,"vulnerability, security, protection, cybersecurity, assurance, countermeasure, threat, privacy, authentication, prevention, or confidentiality","throughput, reliability, scalability, responsiveness, efficiency, workload, benchmark, latency, speed, improvement, or accuracy",0.6403054594993591
All additions of new users and modifications to user’s access shall be recorded on the User Report.,"vulnerability, security, protection, cybersecurity, assurance, countermeasure, threat, privacy, authentication, prevention, or confidentiality","environmental, organizational, coordination, systemic, or logistics",0.7413537502288818
 If a user account is revoked  it can only be re-instantiated by the System Administrator.,"vulnerability, security, protection, cybersecurity, assurance, countermeasure, threat, privacy, authentication, prevention, or confidentiality","environmental, organizational, coordination, systemic, or logistics",0.7346417903900146
Only the System Administrator shall be able to reset a revoked user logon account,"vulnerability, security, protection, cybersecurity, assurance, countermeasure, threat, privacy, authentication, prevention, or confidentiality","environmental, organizational, coordination, systemic, or logistics",0.8327171206474304
The Disputes application shall manipulate and view business data. Users will not have direct access to data files or databases.,"vulnerability, security, protection, cybersecurity, assurance, countermeasure, threat, privacy, authentication, prevention, or confidentiality","environmental, organizational, coordination, systemic, or logistics",0.7227680683135986
All updates to data files or database must be initiated from the Disputes System.,"vulnerability, security, protection, cybersecurity, assurance, countermeasure, threat, privacy, authentication, prevention, or confidentiality","environmental, organizational, coordination, systemic, or logistics",0.7230824828147888
The product must support Internet Explorer 5.5 and above.,"environmental, organizational, coordination, systemic, or logistics","environmental, organizational, coordination, systemic, or logistics",0.7921812534332275
The product must support Mozilla Firefox 1.0 and above.,"environmental, organizational, coordination, systemic, or logistics","environmental, organizational, coordination, systemic, or logistics",0.829106330871582
The product shall interface with the Choice Parts System.  This provides the feed of recycled parts data.,"environmental, organizational, coordination, systemic, or logistics","environmental, organizational, coordination, systemic, or logistics",0.7738478779792786
The product shall run on the existing hardware for all environments.,"environmental, organizational, coordination, systemic, or logistics","environmental, organizational, coordination, systemic, or logistics",0.8134313821792603
The product shall adhere to the corporate Architecture guidelines,"environmental, organizational, coordination, systemic, or logistics","environmental, organizational, coordination, systemic, or logistics",0.8535275459289551
The product shall be easy to use by Adjusters and Collision Estimators.  95% of Adjusters and Collision Estimators shall find the product easy to use.,"accessibility, aesthetic, contextual, experience, satisfaction, HCI, UX, questionnaire, ease, or ergonomics","accessibility, aesthetic, contextual, experience, satisfaction, HCI, UX, questionnaire, ease, or ergonomics",0.6075083613395691
The product shall increase productivity of Collision Estimators. 80% of the Collision Estimators shall agree their productivity has increase within 1 month of using the product.,"accessibility, aesthetic, contextual, experience, satisfaction, HCI, UX, questionnaire, ease, or ergonomics","accessibility, aesthetic, contextual, experience, satisfaction, HCI, UX, questionnaire, ease, or ergonomics",0.6952362060546875
Users shall feel satisfied using the product.  85% of all users will be satisfied with the product.,"accessibility, aesthetic, contextual, experience, satisfaction, HCI, UX, questionnaire, ease, or ergonomics","environmental, organizational, coordination, systemic, or logistics",0.7083172798156738
The product shall be easy to learn by Adjusters and Collision Estimators.  The product shall be learned with two days onsite training,"accessibility, aesthetic, contextual, experience, satisfaction, HCI, UX, questionnaire, ease, or ergonomics","environmental, organizational, coordination, systemic, or logistics",0.7588198184967041
The user shall easily locate instructions while using the product.  User help can be found within 90% of the system.,"accessibility, aesthetic, contextual, experience, satisfaction, HCI, UX, questionnaire, ease, or ergonomics","environmental, organizational, coordination, systemic, or logistics",0.6538604497909546
The search for recycled parts shall take no longer than 15 seconds.  The search results shall be returned in under 15 seconds.,"throughput, reliability, scalability, responsiveness, efficiency, workload, benchmark, latency, speed, improvement, or accuracy","environmental, organizational, coordination, systemic, or logistics",0.6822962760925293
The search for the preferred repair facility shall take no longer than 8 seconds.  The preferred repair facility is returned within 8 seconds,"throughput, reliability, scalability, responsiveness, efficiency, workload, benchmark, latency, speed, improvement, or accuracy","environmental, organizational, coordination, systemic, or logistics",0.7279031872749329
The recycled parts audit report shall be returned to the user within 10 seconds.  The audit report shall be returned within 10 seconds.,"throughput, reliability, scalability, responsiveness, efficiency, workload, benchmark, latency, speed, improvement, or accuracy","environmental, organizational, coordination, systemic, or logistics",0.6846876740455627
The preferred repair facility ratings shall be saved within 5 seconds. The save shall occur within 5 seconds.,"throughput, reliability, scalability, responsiveness, efficiency, workload, benchmark, latency, speed, improvement, or accuracy","environmental, organizational, coordination, systemic, or logistics",0.773413360118866
 For estimators  the product shall be able to be operated in a repair facility during dirty and noisy conditions.,"environmental, organizational, coordination, systemic, or logistics","environmental, organizational, coordination, systemic, or logistics",0.7242599129676819
The product shall interface with the ChoiceParts system once per day at approximately 1:00 AM.,"environmental, organizational, coordination, systemic, or logistics","environmental, organizational, coordination, systemic, or logistics",0.823585033416748
The maintenance of the product will fall within the established corporate maintenance windows.,"environmental, organizational, coordination, systemic, or logistics","environmental, organizational, coordination, systemic, or logistics",0.8104654550552368
The product shall be supported using the corporate support center.,"environmental, organizational, coordination, systemic, or logistics","environmental, organizational, coordination, systemic, or logistics",0.8187857866287231
Product installations and upgrades shall be handled by the middleware technology team within established launch time frames.,"environmental, organizational, coordination, systemic, or logistics","environmental, organizational, coordination, systemic, or logistics",0.8410156965255737
Only adjusters can request recycled parts audit reports. No users without an adjuster role shall request recycled parts audits.,"vulnerability, security, protection, cybersecurity, assurance, countermeasure, threat, privacy, authentication, prevention, or confidentiality","environmental, organizational, coordination, systemic, or logistics",0.7657379508018494
Only adjusters with a supervisor role can update preferred repair facility ratings. Users without the supervisor role cannot access the repair facility ratings.,"vulnerability, security, protection, cybersecurity, assurance, countermeasure, threat, privacy, authentication, prevention, or confidentiality","environmental, organizational, coordination, systemic, or logistics",0.7193872332572937
Only collision estimators shall search for recycled parts.  Users without the collision estimator role shall not have access to the search for recycled parts.,"vulnerability, security, protection, cybersecurity, assurance, countermeasure, threat, privacy, authentication, prevention, or confidentiality","accessibility, aesthetic, contextual, experience, satisfaction, HCI, UX, questionnaire, ease, or ergonomics",0.6814379096031189
Only valid data shall be entered into the system.  No invalid data shall be entered into the system.,"vulnerability, security, protection, cybersecurity, assurance, countermeasure, threat, privacy, authentication, prevention, or confidentiality","environmental, organizational, coordination, systemic, or logistics",0.7470186352729797
One insurance company shall not be able to view another insurance companys claim data.,"vulnerability, security, protection, cybersecurity, assurance, countermeasure, threat, privacy, authentication, prevention, or confidentiality","environmental, organizational, coordination, systemic, or logistics",0.8362999558448792
The product shall free of computer viruses.,"vulnerability, security, protection, cybersecurity, assurance, countermeasure, threat, privacy, authentication, prevention, or confidentiality","environmental, organizational, coordination, systemic, or logistics",0.8284153938293457
The system shall prevent malicious attacks including denial of service.,"vulnerability, security, protection, cybersecurity, assurance, countermeasure, threat, privacy, authentication, prevention, or confidentiality","environmental, organizational, coordination, systemic, or logistics",0.8781169652938843
 The product must work with most database management systems (DBMS) on the market  whether the DBMS is colocated with the product on the same machine or is located on a different machine on the computer network.,"environmental, organizational, coordination, systemic, or logistics","vulnerability, security, protection, cybersecurity, assurance, countermeasure, threat, privacy, authentication, prevention, or confidentiality",0.6163954138755798
The product will function alongside server software on any operating system where the Java runtime can be installed.,"environmental, organizational, coordination, systemic, or logistics","environmental, organizational, coordination, systemic, or logistics",0.7735294699668884
The product will require collaboration with a database management system (DBMS).  The DBMS may be located on the same machine as the product or on a separate machine residing on the same computer network.,"environmental, organizational, coordination, systemic, or logistics","vulnerability, security, protection, cybersecurity, assurance, countermeasure, threat, privacy, authentication, prevention, or confidentiality",0.6812595725059509
 The product must make use of web/application server technology.  Open source examples include Apache web server  Tomcat  and the JBoss application server.,"environmental, organizational, coordination, systemic, or logistics","vulnerability, security, protection, cybersecurity, assurance, countermeasure, threat, privacy, authentication, prevention, or confidentiality",0.7157790660858154
 A database management system such as Oracle  DB2  MySql or HSQL will need to be integrated with the product.,"environmental, organizational, coordination, systemic, or logistics","environmental, organizational, coordination, systemic, or logistics",0.7426581382751465
The product shall make the users want to use it. 80% of the users surveyed report they are regularly using the product after the first 2 weeks post-launch.,"accessibility, aesthetic, contextual, experience, satisfaction, HCI, UX, questionnaire, ease, or ergonomics","throughput, reliability, scalability, responsiveness, efficiency, workload, benchmark, latency, speed, improvement, or accuracy",0.5486724376678467
The product shall be easy to use. 90% of users will be able to successfully reserve a conference room within 5 minutes of product use.,"accessibility, aesthetic, contextual, experience, satisfaction, HCI, UX, questionnaire, ease, or ergonomics","environmental, organizational, coordination, systemic, or logistics",0.541832685470581
The product shall give users feedback when necessary. 80% of the users surveyed report that the product accurately confirms their actions.,"accessibility, aesthetic, contextual, experience, satisfaction, HCI, UX, questionnaire, ease, or ergonomics","environmental, organizational, coordination, systemic, or logistics",0.6791003942489624
The product shall allow the user to select a chosen language from one of the target market countries.,"accessibility, aesthetic, contextual, experience, satisfaction, HCI, UX, questionnaire, ease, or ergonomics","environmental, organizational, coordination, systemic, or logistics",0.7502747178077698
The product shall allow for customization of start page and views preferences.,"accessibility, aesthetic, contextual, experience, satisfaction, HCI, UX, questionnaire, ease, or ergonomics","environmental, organizational, coordination, systemic, or logistics",0.7697804570198059
 An employee will be able to successfully use the product within a few minutes.  After informally navigating the product for less than 15 minutes  users shall be able to successfully setup meetings and reserve conference rooms.,"accessibility, aesthetic, contextual, experience, satisfaction, HCI, UX, questionnaire, ease, or ergonomics","vulnerability, security, protection, cybersecurity, assurance, countermeasure, threat, privacy, authentication, prevention, or confidentiality",0.6611987352371216
The product shall use a standard navigation menu familiar to most web users.,"accessibility, aesthetic, contextual, experience, satisfaction, HCI, UX, questionnaire, ease, or ergonomics","environmental, organizational, coordination, systemic, or logistics",0.7706574201583862
The product shall allow for intuitive searching of available conference rooms.,"accessibility, aesthetic, contextual, experience, satisfaction, HCI, UX, questionnaire, ease, or ergonomics","environmental, organizational, coordination, systemic, or logistics",0.8293745517730713
The product shall conform to the Americans with Disabilities Act.,"accessibility, aesthetic, contextual, experience, satisfaction, HCI, UX, questionnaire, ease, or ergonomics","environmental, organizational, coordination, systemic, or logistics",0.8486354947090149
The response shall be fast enough to avoid interrupting the user’s flow of thought.  90% of tasks shall complete within 5 seconds.  98% of tasks shall complete within 8 seconds.,"throughput, reliability, scalability, responsiveness, efficiency, workload, benchmark, latency, speed, improvement, or accuracy","throughput, reliability, scalability, responsiveness, efficiency, workload, benchmark, latency, speed, improvement, or accuracy",0.6448045969009399
The product shall be used in office environments.,"environmental, organizational, coordination, systemic, or logistics","environmental, organizational, coordination, systemic, or logistics",0.8183949589729309
The product must be able to interface with any HTML browser.  The product shall transmit data between the user and the product without problems. The product shall display HTML properly in 80% of all HTML browsers tested (minimum is to test 8 browsers).,"environmental, organizational, coordination, systemic, or logistics","throughput, reliability, scalability, responsiveness, efficiency, workload, benchmark, latency, speed, improvement, or accuracy",0.6331489682197571
The product must be able to interface with various database management systems. The product shall communicate successfully with the database management system on 100% of all transactions.,"environmental, organizational, coordination, systemic, or logistics","throughput, reliability, scalability, responsiveness, efficiency, workload, benchmark, latency, speed, improvement, or accuracy",0.626551628112793
The product must be able to interface with various email servers. The product shall be able to send email.,"environmental, organizational, coordination, systemic, or logistics","environmental, organizational, coordination, systemic, or logistics",0.6195173263549805
The product shall be available for distribution via the Internet as a binary or ZIP file.,"environmental, organizational, coordination, systemic, or logistics","environmental, organizational, coordination, systemic, or logistics",0.8417527079582214
The product shall be available for distribution as a packaged CD.,"environmental, organizational, coordination, systemic, or logistics","environmental, organizational, coordination, systemic, or logistics",0.8035517334938049
 The product will be available for licensing as a one-server  two-five servers  or five-or-more servers license.,"environmental, organizational, coordination, systemic, or logistics","vulnerability, security, protection, cybersecurity, assurance, countermeasure, threat, privacy, authentication, prevention, or confidentiality",0.6833371520042419
A new user must be able to be added to the system within 10 minutes.  90% of new users are able to log into the system within 10 minutes.,"accessibility, aesthetic, contextual, experience, satisfaction, HCI, UX, questionnaire, ease, or ergonomics","throughput, reliability, scalability, responsiveness, efficiency, workload, benchmark, latency, speed, improvement, or accuracy",0.4994628429412842
Every registered user will have access to the product’s support site via the Internet.  70% of registered users shall find a solution to their problem within 5 minutes of using the support site.,"accessibility, aesthetic, contextual, experience, satisfaction, HCI, UX, questionnaire, ease, or ergonomics","throughput, reliability, scalability, responsiveness, efficiency, workload, benchmark, latency, speed, improvement, or accuracy",0.5922366976737976
 The product shall be translated into foreign languages other than the target market countries’ languages in future releases.  For each emerging target market  it shall take no more than 5 days to configure the product for that market’s language.,"accessibility, aesthetic, contextual, experience, satisfaction, HCI, UX, questionnaire, ease, or ergonomics","vulnerability, security, protection, cybersecurity, assurance, countermeasure, threat, privacy, authentication, prevention, or confidentiality",0.656388521194458
 The product is expected to integrate with multiple database management systems.  The product will operate with Oracle  SQL Server  DB2  MySQL  HSQL  and MS Access.,"environmental, organizational, coordination, systemic, or logistics","vulnerability, security, protection, cybersecurity, assurance, countermeasure, threat, privacy, authentication, prevention, or confidentiality",0.6994311213493347
The product shall be able to be installed in any operating environment within 2 days.,"environmental, organizational, coordination, systemic, or logistics","environmental, organizational, coordination, systemic, or logistics",0.7576423287391663
The product shall ensure that only company employees or external users with company-approved user IDs may have product access.  100% of all logons shall be by either company employees or external users with company-approved user IDs.,"vulnerability, security, protection, cybersecurity, assurance, countermeasure, threat, privacy, authentication, prevention, or confidentiality","vulnerability, security, protection, cybersecurity, assurance, countermeasure, threat, privacy, authentication, prevention, or confidentiality",0.6608887314796448
Only managers are able to perform search queries for reservations by user.  100% of all search queries for reservations by user shall be from logons of only management logons.,"vulnerability, security, protection, cybersecurity, assurance, countermeasure, threat, privacy, authentication, prevention, or confidentiality","throughput, reliability, scalability, responsiveness, efficiency, workload, benchmark, latency, speed, improvement, or accuracy",0.5801453590393066
The product shall ensure that the database’s data corresponds to the data entered by the user.  Each conference room reservation in the system will contain the same information as was entered by the user.,"vulnerability, security, protection, cybersecurity, assurance, countermeasure, threat, privacy, authentication, prevention, or confidentiality","throughput, reliability, scalability, responsiveness, efficiency, workload, benchmark, latency, speed, improvement, or accuracy",0.6483577489852905
The product shall prevent the input of malicious data.  The product and/or adjacent hardware/software systems’ data shall remain 100% uncorrupted each time malicious data is input into the product.,"vulnerability, security, protection, cybersecurity, assurance, countermeasure, threat, privacy, authentication, prevention, or confidentiality","vulnerability, security, protection, cybersecurity, assurance, countermeasure, threat, privacy, authentication, prevention, or confidentiality",0.6981028318405151
The product shall have the ability to receive automatic software updates as new threats emerge.  100% of customers will be able to receive automatic software updates transmitted to the installed product.,"vulnerability, security, protection, cybersecurity, assurance, countermeasure, threat, privacy, authentication, prevention, or confidentiality","throughput, reliability, scalability, responsiveness, efficiency, workload, benchmark, latency, speed, improvement, or accuracy",0.5782739520072937
The product shall be able to display calendar dates and times according to the user’s locale.  90% of survey respondents from each target market country will find that the date and time formatting of the product is correct.,"accessibility, aesthetic, contextual, experience, satisfaction, HCI, UX, questionnaire, ease, or ergonomics","vulnerability, security, protection, cybersecurity, assurance, countermeasure, threat, privacy, authentication, prevention, or confidentiality",0.5909749269485474
The product must be developed with the J2SE/J2EE programming language libraries,"environmental, organizational, coordination, systemic, or logistics","environmental, organizational, coordination, systemic, or logistics",0.8599972128868103
Recreation of Inventory Quantity Adjustment for the period of previous 30 days shall take no more than 30min.,"throughput, reliability, scalability, responsiveness, efficiency, workload, benchmark, latency, speed, improvement, or accuracy","environmental, organizational, coordination, systemic, or logistics",0.7813347578048706
The System shall allow for a minimum of  6 users to work at the same time.,"throughput, reliability, scalability, responsiveness, efficiency, workload, benchmark, latency, speed, improvement, or accuracy","environmental, organizational, coordination, systemic, or logistics",0.774149477481842
The System shall utilize currently owned computer equipment.,"environmental, organizational, coordination, systemic, or logistics","environmental, organizational, coordination, systemic, or logistics",0.8711374998092651
The System shall be able to automatically backup business data and restore them on demand.,"environmental, organizational, coordination, systemic, or logistics","environmental, organizational, coordination, systemic, or logistics",0.7404532432556152
The System shall maintain consistent security.  Any changes in user passwords and/or permissions should take affect in all parts of the System.,"vulnerability, security, protection, cybersecurity, assurance, countermeasure, threat, privacy, authentication, prevention, or confidentiality","environmental, organizational, coordination, systemic, or logistics",0.6481416821479797
The System shall granularly control access rights to all major subsystems.  It should be possible to assign access rights to all subsystems independently.,"vulnerability, security, protection, cybersecurity, assurance, countermeasure, threat, privacy, authentication, prevention, or confidentiality","environmental, organizational, coordination, systemic, or logistics",0.6489346027374268
The System shall not require additional third party licenses resulting in royalty fees.,"environmental, organizational, coordination, systemic, or logistics","environmental, organizational, coordination, systemic, or logistics",0.8577180504798889
Administrator shall be able to activate a pre-paid card via the Administration section in under 5 seconds.,"throughput, reliability, scalability, responsiveness, efficiency, workload, benchmark, latency, speed, improvement, or accuracy","environmental, organizational, coordination, systemic, or logistics",0.7670665979385376
 Customer shall be able to check the status of their prepaid card  by entering in the PIN number  in under 5 seconds.,"throughput, reliability, scalability, responsiveness, efficiency, workload, benchmark, latency, speed, improvement, or accuracy","environmental, organizational, coordination, systemic, or logistics",0.6725679636001587
System shall let customers register on the website as a “pay as you go” user in under 5 minutes.,"throughput, reliability, scalability, responsiveness, efficiency, workload, benchmark, latency, speed, improvement, or accuracy","environmental, organizational, coordination, systemic, or logistics",0.7593421936035156
System shall let customers register on the website as a “unlimited movie subscriber” user in under 10 minutes.,"throughput, reliability, scalability, responsiveness, efficiency, workload, benchmark, latency, speed, improvement, or accuracy","environmental, organizational, coordination, systemic, or logistics",0.7661105394363403
System shall let existing customers log into the website with their email address and password in under 5 seconds.,"throughput, reliability, scalability, responsiveness, efficiency, workload, benchmark, latency, speed, improvement, or accuracy","environmental, organizational, coordination, systemic, or logistics",0.7610123157501221
 System shall let customers cancel their account  process shall take no longer than 2 minutes.  Database will mark the account as inactive  and user will not be able to log into the website.,"throughput, reliability, scalability, responsiveness, efficiency, workload, benchmark, latency, speed, improvement, or accuracy","throughput, reliability, scalability, responsiveness, efficiency, workload, benchmark, latency, speed, improvement, or accuracy",0.6673611402511597
System shall let administrator de-activate a customer account in under 1 minute. Customer will no longer be able to access the website.,"throughput, reliability, scalability, responsiveness, efficiency, workload, benchmark, latency, speed, improvement, or accuracy","environmental, organizational, coordination, systemic, or logistics",0.6699472665786743
System shall let administrator add/remove movies on the website in under 5 minutes.  Entered movie information will be stored in the database and will now be available on the website.,"throughput, reliability, scalability, responsiveness, efficiency, workload, benchmark, latency, speed, improvement, or accuracy","throughput, reliability, scalability, responsiveness, efficiency, workload, benchmark, latency, speed, improvement, or accuracy",0.6362741589546204
System shall let the administrator add/remove categories on the website in under 5 minutes.,"throughput, reliability, scalability, responsiveness, efficiency, workload, benchmark, latency, speed, improvement, or accuracy","environmental, organizational, coordination, systemic, or logistics",0.8460494875907898
System shall let Izogn Manager access sales and usage statistics in under 2 minutes.,"throughput, reliability, scalability, responsiveness, efficiency, workload, benchmark, latency, speed, improvement, or accuracy","environmental, organizational, coordination, systemic, or logistics",0.8650195598602295
System shall let administrators generate unique pre-paid pins in under 2 minutes and generate an Excel file with the generated PINs.,"throughput, reliability, scalability, responsiveness, efficiency, workload, benchmark, latency, speed, improvement, or accuracy","environmental, organizational, coordination, systemic, or logistics",0.7443413138389587
The product should be able to be used by 90% of novice users on the Internet.,"accessibility, aesthetic, contextual, experience, satisfaction, HCI, UX, questionnaire, ease, or ergonomics","environmental, organizational, coordination, systemic, or logistics",0.7185662388801575
 Users should only have to navigate through a maximum of 4 pages  to create an account with the website.,"accessibility, aesthetic, contextual, experience, satisfaction, HCI, UX, questionnaire, ease, or ergonomics","environmental, organizational, coordination, systemic, or logistics",0.6204805970191956
Users should be able to access their streaming movies in under 2 clicks after logging into the website.,"accessibility, aesthetic, contextual, experience, satisfaction, HCI, UX, questionnaire, ease, or ergonomics","environmental, organizational, coordination, systemic, or logistics",0.7327542901039124
An anonymous survey will show that 70% of customers are comfortable purchasing streaming movies after 2 weeks using the website.,"accessibility, aesthetic, contextual, experience, satisfaction, HCI, UX, questionnaire, ease, or ergonomics","environmental, organizational, coordination, systemic, or logistics",0.7261298894882202
An anonymous survey will show that 95% of customers are comfortable using and purchasing pre-paid cards after a month of using the system.,"accessibility, aesthetic, contextual, experience, satisfaction, HCI, UX, questionnaire, ease, or ergonomics","environmental, organizational, coordination, systemic, or logistics",0.632048487663269
The product shall retain the customer’s buying preferences and information.,"accessibility, aesthetic, contextual, experience, satisfaction, HCI, UX, questionnaire, ease, or ergonomics","environmental, organizational, coordination, systemic, or logistics",0.8390202522277832
The product shall be easy for customers with novice skills on the  Internet to purchase and watch streaming movies.  Customers should be able to purchase and watch a pre-determined movie in under 3 minutes.,"accessibility, aesthetic, contextual, experience, satisfaction, HCI, UX, questionnaire, ease, or ergonomics","throughput, reliability, scalability, responsiveness, efficiency, workload, benchmark, latency, speed, improvement, or accuracy",0.6087313890457153
The product shall use symbols and words that are naturally understandable by users familiar with websites,"accessibility, aesthetic, contextual, experience, satisfaction, HCI, UX, questionnaire, ease, or ergonomics","environmental, organizational, coordination, systemic, or logistics",0.8612310886383057
The website will use standard Internet conventions when interacting with the user.,"accessibility, aesthetic, contextual, experience, satisfaction, HCI, UX, questionnaire, ease, or ergonomics","environmental, organizational, coordination, systemic, or logistics",0.7893859148025513
 Any interface between a user and the automated system shall have a maximum response time of 5 seconds  unless noted by an exception below.,"throughput, reliability, scalability, responsiveness, efficiency, workload, benchmark, latency, speed, improvement, or accuracy","environmental, organizational, coordination, systemic, or logistics",0.7088972330093384
 When purchasing a streaming movie or pre-paid card via credit card  the processing time should have a maximum response time of 15 seconds.,"throughput, reliability, scalability, responsiveness, efficiency, workload, benchmark, latency, speed, improvement, or accuracy","accessibility, aesthetic, contextual, experience, satisfaction, HCI, UX, questionnaire, ease, or ergonomics",0.6732044816017151
 When streaming a movie  the buffering time should take no longer than 10 seconds (plus any latency on the user’s connection.),"throughput, reliability, scalability, responsiveness, efficiency, workload, benchmark, latency, speed, improvement, or accuracy","environmental, organizational, coordination, systemic, or logistics",0.7108136415481567
 While streaming a movie  buffering should only occur if there is latency in the user’s connection.,"throughput, reliability, scalability, responsiveness, efficiency, workload, benchmark, latency, speed, improvement, or accuracy","environmental, organizational, coordination, systemic, or logistics",0.7359760999679565
 All credit card information will be secured on the server  and only accessible by authorized Izogn administrators.  Information will be encrypted in the database.,"vulnerability, security, protection, cybersecurity, assurance, countermeasure, threat, privacy, authentication, prevention, or confidentiality","accessibility, aesthetic, contextual, experience, satisfaction, HCI, UX, questionnaire, ease, or ergonomics",0.6991555094718933
All aspects of the website shall be accessed by a web browser over the Internet.,"environmental, organizational, coordination, systemic, or logistics","environmental, organizational, coordination, systemic, or logistics",0.7632296085357666
The same hardware supporting the current website will be used to support the new system.,"environmental, organizational, coordination, systemic, or logistics","environmental, organizational, coordination, systemic, or logistics",0.7074112296104431
 We must be able to interface with the following browsers: IE 5.X  6.0  Netscape 6.x  7.x  8.x and Firefox 1.0.,"environmental, organizational, coordination, systemic, or logistics","throughput, reliability, scalability, responsiveness, efficiency, workload, benchmark, latency, speed, improvement, or accuracy",0.622715175151825
Website must interface with the CyberSource API to process credit card transactions.,"environmental, organizational, coordination, systemic, or logistics","environmental, organizational, coordination, systemic, or logistics",0.8491691946983337
Website must be fully operational with MSN TV2.,"environmental, organizational, coordination, systemic, or logistics","environmental, organizational, coordination, systemic, or logistics",0.8373271226882935
Movies shall be encoded and streamed via Windows Media Player 9.0.,"environmental, organizational, coordination, systemic, or logistics","environmental, organizational, coordination, systemic, or logistics",0.851687490940094
Movies shall be encoded for 56k and 256k streams.,"environmental, organizational, coordination, systemic, or logistics","environmental, organizational, coordination, systemic, or logistics",0.880301833152771
Izogn Administrator must be able to update the category listings on the website within 2 minutes.,"throughput, reliability, scalability, responsiveness, efficiency, workload, benchmark, latency, speed, improvement, or accuracy","environmental, organizational, coordination, systemic, or logistics",0.7631589770317078
Izogn Administrator must be able to add new products to the website within 2 minutes.,"throughput, reliability, scalability, responsiveness, efficiency, workload, benchmark, latency, speed, improvement, or accuracy","environmental, organizational, coordination, systemic, or logistics",0.7486445307731628
The website will provide a help section with answers and solutions to common problems.,"accessibility, aesthetic, contextual, experience, satisfaction, HCI, UX, questionnaire, ease, or ergonomics","environmental, organizational, coordination, systemic, or logistics",0.7165696024894714
The product shall be able to be installed in the specified environment within 1 working day.,"environmental, organizational, coordination, systemic, or logistics","environmental, organizational, coordination, systemic, or logistics",0.7352588176727295
Only registered customers can purchase streaming movies.,"vulnerability, security, protection, cybersecurity, assurance, countermeasure, threat, privacy, authentication, prevention, or confidentiality","environmental, organizational, coordination, systemic, or logistics",0.7969164252281189
 A customer can only stream a movie if they purchased it  and are within the 2 day viewing period.,"vulnerability, security, protection, cybersecurity, assurance, countermeasure, threat, privacy, authentication, prevention, or confidentiality","environmental, organizational, coordination, systemic, or logistics",0.6854692697525024
Only authorized personnel can access customer records in the database.,"vulnerability, security, protection, cybersecurity, assurance, countermeasure, threat, privacy, authentication, prevention, or confidentiality","environmental, organizational, coordination, systemic, or logistics",0.8341456651687622
Only administrators can activate a pre-paid card.,"vulnerability, security, protection, cybersecurity, assurance, countermeasure, threat, privacy, authentication, prevention, or confidentiality","environmental, organizational, coordination, systemic, or logistics",0.8392051458358765
Only authorized personnel can access sales information.,"vulnerability, security, protection, cybersecurity, assurance, countermeasure, threat, privacy, authentication, prevention, or confidentiality","environmental, organizational, coordination, systemic, or logistics",0.8034159541130066
The website shall prevent its data from being corrupted when incorrect data is entered in.,"vulnerability, security, protection, cybersecurity, assurance, countermeasure, threat, privacy, authentication, prevention, or confidentiality","environmental, organizational, coordination, systemic, or logistics",0.794201672077179
 The website shall protect itself from intentional abuse  and notify the administrator at all occurrences.,"vulnerability, security, protection, cybersecurity, assurance, countermeasure, threat, privacy, authentication, prevention, or confidentiality","environmental, organizational, coordination, systemic, or logistics",0.8483586311340332
Data integrity scripts will be run on a weekly basis to verify the integrity of the database.,"vulnerability, security, protection, cybersecurity, assurance, countermeasure, threat, privacy, authentication, prevention, or confidentiality","environmental, organizational, coordination, systemic, or logistics",0.814064621925354
 The website shall make its user aware of its information practices before collection data from them via a Privacy Policy  accessible on all pages of the website.,"vulnerability, security, protection, cybersecurity, assurance, countermeasure, threat, privacy, authentication, prevention, or confidentiality","accessibility, aesthetic, contextual, experience, satisfaction, HCI, UX, questionnaire, ease, or ergonomics",0.6469739675521851
The system shall notify customers of changes to its information policy.,"vulnerability, security, protection, cybersecurity, assurance, countermeasure, threat, privacy, authentication, prevention, or confidentiality","environmental, organizational, coordination, systemic, or logistics",0.7734082341194153
The system shall reveal private information only in compliance with the organization’s information policy.,"vulnerability, security, protection, cybersecurity, assurance, countermeasure, threat, privacy, authentication, prevention, or confidentiality","environmental, organizational, coordination, systemic, or logistics",0.8360081911087036
 All customer information will be stored on a secure database  accessible only to authorized personnel.,"vulnerability, security, protection, cybersecurity, assurance, countermeasure, threat, privacy, authentication, prevention, or confidentiality","environmental, organizational, coordination, systemic, or logistics",0.8229724764823914
All credit card information will be encrypted in the database.,"vulnerability, security, protection, cybersecurity, assurance, countermeasure, threat, privacy, authentication, prevention, or confidentiality","environmental, organizational, coordination, systemic, or logistics",0.7816489338874817
The streaming server will have anti-virus software to prevent infection of malicious viruses.,"vulnerability, security, protection, cybersecurity, assurance, countermeasure, threat, privacy, authentication, prevention, or confidentiality","environmental, organizational, coordination, systemic, or logistics",0.822063684463501
The website should use Flash to provide animation on the home page.,"environmental, organizational, coordination, systemic, or logistics","environmental, organizational, coordination, systemic, or logistics",0.7041612267494202
Total lead cycle time must be completed in 5 minutes for 90% of lead volume between the business hours of 8AM CST to 8PM CST; then 3 minutes for 99% of lead volume during off business hours.,"throughput, reliability, scalability, responsiveness, efficiency, workload, benchmark, latency, speed, improvement, or accuracy","throughput, reliability, scalability, responsiveness, efficiency, workload, benchmark, latency, speed, improvement, or accuracy",0.6147670745849609
No lead evaluation will complete in a time period longer than 25 seconds for 97% of all leads processed.,"throughput, reliability, scalability, responsiveness, efficiency, workload, benchmark, latency, speed, improvement, or accuracy","environmental, organizational, coordination, systemic, or logistics",0.753938615322113
For leads that process longer than 25 seconds the system will record the event and duration,"throughput, reliability, scalability, responsiveness, efficiency, workload, benchmark, latency, speed, improvement, or accuracy","environmental, organizational, coordination, systemic, or logistics",0.8107049465179443
The process must fit within the processing time conditions set forth by the Auto Rep Assignment process in which a lead is assigned within 3 minutes of the total life cycle.,"throughput, reliability, scalability, responsiveness, efficiency, workload, benchmark, latency, speed, improvement, or accuracy","throughput, reliability, scalability, responsiveness, efficiency, workload, benchmark, latency, speed, improvement, or accuracy",0.6832453608512878
The lead washing process will operate within the established physical web service structure.,"environmental, organizational, coordination, systemic, or logistics","environmental, organizational, coordination, systemic, or logistics",0.8444133996963501
 The washing process must use a non binding  neutral data format  such as xml  when receiving and processing lead data.,"environmental, organizational, coordination, systemic, or logistics","environmental, organizational, coordination, systemic, or logistics",0.7158353924751282
The product shall able to handle a large number of games simultaneously.,"throughput, reliability, scalability, responsiveness, efficiency, workload, benchmark, latency, speed, improvement, or accuracy","environmental, organizational, coordination, systemic, or logistics",0.7173554301261902
The response time shall be fast enough to maintain the flow of the game.  The response time shall be no more than 2 seconds for 95% of responses and no more than 4% for the remaining responses.,"throughput, reliability, scalability, responsiveness, efficiency, workload, benchmark, latency, speed, improvement, or accuracy","throughput, reliability, scalability, responsiveness, efficiency, workload, benchmark, latency, speed, improvement, or accuracy",0.6042092442512512
The product shall protect the identity of the players. The product shall provide players no access to information that might reveal the identity of another player.,"throughput, reliability, scalability, responsiveness, efficiency, workload, benchmark, latency, speed, improvement, or accuracy","environmental, organizational, coordination, systemic, or logistics",0.6306753158569336
The product shall be intuitive and self-explanatory.  Nine out ten users shall be able to successfully complete a game with no training.,"accessibility, aesthetic, contextual, experience, satisfaction, HCI, UX, questionnaire, ease, or ergonomics","environmental, organizational, coordination, systemic, or logistics",0.6722902059555054
 The product shall be available to players who understand English  Spanish and French.  The product shall allow the user to select the language upon accessing the product.,"accessibility, aesthetic, contextual, experience, satisfaction, HCI, UX, questionnaire, ease, or ergonomics","throughput, reliability, scalability, responsiveness, efficiency, workload, benchmark, latency, speed, improvement, or accuracy",0.6573479175567627
The product shall provide players no access to information that might reveal the identity of another player,"vulnerability, security, protection, cybersecurity, assurance, countermeasure, threat, privacy, authentication, prevention, or confidentiality","environmental, organizational, coordination, systemic, or logistics",0.808098554611206
The response time shall be fast enough to maintain the flow of the game. The response time shall be no more than 2 seconds for 95% of responses and no more than 4% for the remaining responses.,"throughput, reliability, scalability, responsiveness, efficiency, workload, benchmark, latency, speed, improvement, or accuracy","throughput, reliability, scalability, responsiveness, efficiency, workload, benchmark, latency, speed, improvement, or accuracy",0.5968410968780518
The system shall be easy to use by callers and supervisors. Callers and supervisors must be able to accomplish any system task within 2 minutes.,"accessibility, aesthetic, contextual, experience, satisfaction, HCI, UX, questionnaire, ease, or ergonomics","environmental, organizational, coordination, systemic, or logistics",0.554672360420227
The system shall be easy to learn by callers and supervisors. Callers and supervisors shall learn how to use the system within 10 minutes.,"accessibility, aesthetic, contextual, experience, satisfaction, HCI, UX, questionnaire, ease, or ergonomics","environmental, organizational, coordination, systemic, or logistics",0.6055117845535278
 The system shall be responsive. At the DePaul TeleServices Center  when a supervisor uses the system to view a callers schedule  the system response time must be no more than 2 seconds 90% of the time and no more than 5 seconds the rest of the time.,"throughput, reliability, scalability, responsiveness, efficiency, workload, benchmark, latency, speed, improvement, or accuracy","vulnerability, security, protection, cybersecurity, assurance, countermeasure, threat, privacy, authentication, prevention, or confidentiality",0.5953459143638611
 On a 56k connection  the system response time for all operations must be no more than 6 seconds 90% of the time.,"throughput, reliability, scalability, responsiveness, efficiency, workload, benchmark, latency, speed, improvement, or accuracy","environmental, organizational, coordination, systemic, or logistics",0.6373542547225952
 On a 112k connection or faster  the system response time for all operations must be no more than 3 seconds 90% of the time.,"throughput, reliability, scalability, responsiveness, efficiency, workload, benchmark, latency, speed, improvement, or accuracy","throughput, reliability, scalability, responsiveness, efficiency, workload, benchmark, latency, speed, improvement, or accuracy",0.5642188191413879
The product shall ensure that only supervisors can advertise empty time slots.The product must ensure that supervisors are allowed to access advertise empty time slots.,"vulnerability, security, protection, cybersecurity, assurance, countermeasure, threat, privacy, authentication, prevention, or confidentiality","environmental, organizational, coordination, systemic, or logistics",0.6285958886146545
The product shall ensure that only supervisors can enter a caller’s schedule.The product must ensure that supervisors are allowed to access advertise empty time slots.,"vulnerability, security, protection, cybersecurity, assurance, countermeasure, threat, privacy, authentication, prevention, or confidentiality","throughput, reliability, scalability, responsiveness, efficiency, workload, benchmark, latency, speed, improvement, or accuracy",0.6379937529563904
The product shall ensure that only supervisors can view schedule of all callers.The product must ensure that supervisors are allowed to access advertise empty time slots.,"vulnerability, security, protection, cybersecurity, assurance, countermeasure, threat, privacy, authentication, prevention, or confidentiality","throughput, reliability, scalability, responsiveness, efficiency, workload, benchmark, latency, speed, improvement, or accuracy",0.6035719513893127
The product shall provide Monitoring Services.The product shall be easy for System Administrators and DBAs to use after two weeks of usage.,"accessibility, aesthetic, contextual, experience, satisfaction, HCI, UX, questionnaire, ease, or ergonomics","environmental, organizational, coordination, systemic, or logistics",0.6754546761512756
The product shall provide Error Tracking Services.The product shall help the System Administrators and DBAs to resolve transaction errors 99% of the time.,"accessibility, aesthetic, contextual, experience, satisfaction, HCI, UX, questionnaire, ease, or ergonomics","accessibility, aesthetic, contextual, experience, satisfaction, HCI, UX, questionnaire, ease, or ergonomics",0.6978132128715515
The product shall provide Portals.The product shall help System Administrators to analyze the transactions with ad-hoc reporting and KPIs (Key Performance Indicators),"accessibility, aesthetic, contextual, experience, satisfaction, HCI, UX, questionnaire, ease, or ergonomics","vulnerability, security, protection, cybersecurity, assurance, countermeasure, threat, privacy, authentication, prevention, or confidentiality",0.75127112865448
The product shall provide Asynchronous Messaging.The product shall provide asynchronous messaging to enable parallel processing and reduce the overhead in communications,"throughput, reliability, scalability, responsiveness, efficiency, workload, benchmark, latency, speed, improvement, or accuracy","environmental, organizational, coordination, systemic, or logistics",0.7592498064041138
The product shall provide Multi-threading and Load Balancing.The product shall provide multi-threading technology as well as load balancing to overcome data load spikes and traffic.,"throughput, reliability, scalability, responsiveness, efficiency, workload, benchmark, latency, speed, improvement, or accuracy","vulnerability, security, protection, cybersecurity, assurance, countermeasure, threat, privacy, authentication, prevention, or confidentiality",0.7483104467391968
The product shall process messages within 2 seconds.The product shall have a maximum message processing time of 2 seconds,"throughput, reliability, scalability, responsiveness, efficiency, workload, benchmark, latency, speed, improvement, or accuracy","environmental, organizational, coordination, systemic, or logistics",0.8218865394592285
The product shall poll the system for messages every second.The product shall poll the system for new messages at a maximum of every 1 second.,"throughput, reliability, scalability, responsiveness, efficiency, workload, benchmark, latency, speed, improvement, or accuracy","environmental, organizational, coordination, systemic, or logistics",0.6133019328117371
The product shall provide Dynamic Change Support and Transparent resource addition.The product shall support Transparent Resource addition and Dynamic Change support to provide scalability and avoid service interruptions of more than 1 day.,"throughput, reliability, scalability, responsiveness, efficiency, workload, benchmark, latency, speed, improvement, or accuracy","vulnerability, security, protection, cybersecurity, assurance, countermeasure, threat, privacy, authentication, prevention, or confidentiality",0.7185443043708801
The product shall be platform independent.The product shall enable access to any type of development environment and platform.,"environmental, organizational, coordination, systemic, or logistics","environmental, organizational, coordination, systemic, or logistics",0.7284989356994629
The product shall interface CSR and Datastream.The product shall exchange messages between CSR and EAM on a real time basis without any direct interfaces between two systems.,"environmental, organizational, coordination, systemic, or logistics","vulnerability, security, protection, cybersecurity, assurance, countermeasure, threat, privacy, authentication, prevention, or confidentiality",0.7181059122085571
 The product shall have security.The product shall provide authentication  and authorization.,"vulnerability, security, protection, cybersecurity, assurance, countermeasure, threat, privacy, authentication, prevention, or confidentiality","environmental, organizational, coordination, systemic, or logistics",0.784685492515564
The product shall information Security. The product shall enable privacy by encryption WS-Security and Integrity Checking.,"vulnerability, security, protection, cybersecurity, assurance, countermeasure, threat, privacy, authentication, prevention, or confidentiality","environmental, organizational, coordination, systemic, or logistics",0.8007544875144958
The product shall have audit capabilities.The product shall store messages for a minimum of one year for audit and transaction tracking purposes.,"vulnerability, security, protection, cybersecurity, assurance, countermeasure, threat, privacy, authentication, prevention, or confidentiality","environmental, organizational, coordination, systemic, or logistics",0.6936696767807007
The system must use a point and click interface. 100% of all selection and navigation functionality must be able to be activated/selected by either a mouse or a keyboard,"accessibility, aesthetic, contextual, experience, satisfaction, HCI, UX, questionnaire, ease, or ergonomics","throughput, reliability, scalability, responsiveness, efficiency, workload, benchmark, latency, speed, improvement, or accuracy",0.5326893329620361
The interface shall be easy to use. 90% of users should be able to successfully use the system to generate a report on their first use. The interface should adhere to IBM usability standards.,"accessibility, aesthetic, contextual, experience, satisfaction, HCI, UX, questionnaire, ease, or ergonomics","throughput, reliability, scalability, responsiveness, efficiency, workload, benchmark, latency, speed, improvement, or accuracy",0.5178455710411072
Rreports must be easy to generate. eports must be generated within one button click and exported within one button click (after selecting the report),"accessibility, aesthetic, contextual, experience, satisfaction, HCI, UX, questionnaire, ease, or ergonomics","throughput, reliability, scalability, responsiveness, efficiency, workload, benchmark, latency, speed, improvement, or accuracy",0.6685814261436462
A user shall be able to use the system without instruction after a short amount of time. After one use a user should understand and remember 90% of the system usage and navigation.,"accessibility, aesthetic, contextual, experience, satisfaction, HCI, UX, questionnaire, ease, or ergonomics","throughput, reliability, scalability, responsiveness, efficiency, workload, benchmark, latency, speed, improvement, or accuracy",0.5109105706214905
All CCR users shall receive training before the WCS system is deployed. One training session will be held for 100% of CCR users before system deployment (based on a CCR user being available),"accessibility, aesthetic, contextual, experience, satisfaction, HCI, UX, questionnaire, ease, or ergonomics","throughput, reliability, scalability, responsiveness, efficiency, workload, benchmark, latency, speed, improvement, or accuracy",0.6788921356201172
The WCS system shall use appropriate nomenclature and terminology as defined by the Corporate Community Grants organization. All interfaces and reports will undergo usability tests by CCR users.,"accessibility, aesthetic, contextual, experience, satisfaction, HCI, UX, questionnaire, ease, or ergonomics","vulnerability, security, protection, cybersecurity, assurance, countermeasure, threat, privacy, authentication, prevention, or confidentiality",0.735569953918457
The WCS system shall be run in a Windows environment. The WCS shall be accessed by users through the Internet on an IBM computer running a Windows 2000 or above operating system.,"environmental, organizational, coordination, systemic, or logistics","throughput, reliability, scalability, responsiveness, efficiency, workload, benchmark, latency, speed, improvement, or accuracy",0.6840054988861084
The Brio portion of the WCS system must be able to export files in spreadsheet form (Microsoft Excel and Lotus 1-2-3 formats).  Brio will provide buttons in the user interface that produce/export reports in .xls or .123 file formats.,"environmental, organizational, coordination, systemic, or logistics","vulnerability, security, protection, cybersecurity, assurance, countermeasure, threat, privacy, authentication, prevention, or confidentiality",0.5970630645751953
The system shall only be accessed by authorized Corporate Community Grants (CCR) employees. Users must be authenticated using their IBM intranet user name and password.,"vulnerability, security, protection, cybersecurity, assurance, countermeasure, threat, privacy, authentication, prevention, or confidentiality","accessibility, aesthetic, contextual, experience, satisfaction, HCI, UX, questionnaire, ease, or ergonomics",0.6972842812538147
The WCS system shall not allow automatic logins by any user. Cookies containing WCS login information about a user will not be stored on a user’s computer.,"vulnerability, security, protection, cybersecurity, assurance, countermeasure, threat, privacy, authentication, prevention, or confidentiality","throughput, reliability, scalability, responsiveness, efficiency, workload, benchmark, latency, speed, improvement, or accuracy",0.6826803088188171
Each team owner will need to use a username and password in order to be authenticated to reach the team owner’s page,"vulnerability, security, protection, cybersecurity, assurance, countermeasure, threat, privacy, authentication, prevention, or confidentiality","environmental, organizational, coordination, systemic, or logistics",0.6875379085540771
The Commissioner will be the only authorized user per league to adjust league settings.,"vulnerability, security, protection, cybersecurity, assurance, countermeasure, threat, privacy, authentication, prevention, or confidentiality","environmental, organizational, coordination, systemic, or logistics",0.812781572341919
	A new user shall be able to navigate through the league and team pages within 30 seconds of reaching the start-up page.,"accessibility, aesthetic, contextual, experience, satisfaction, HCI, UX, questionnaire, ease, or ergonomics","environmental, organizational, coordination, systemic, or logistics",0.6809529662132263
 	Users shall be able to reach the ‘add’  ‘drop’  and ‘trade player’ pages with one click from the team owner’s page.,"accessibility, aesthetic, contextual, experience, satisfaction, HCI, UX, questionnaire, ease, or ergonomics","vulnerability, security, protection, cybersecurity, assurance, countermeasure, threat, privacy, authentication, prevention, or confidentiality",0.7135826349258423
	Users shall be able to view at least 25 NFL player statistics and points on each page.,"accessibility, aesthetic, contextual, experience, satisfaction, HCI, UX, questionnaire, ease, or ergonomics","environmental, organizational, coordination, systemic, or logistics",0.8062610030174255
The application shall ask the user to confirm dropping a player or trading a player before performing the action.,"accessibility, aesthetic, contextual, experience, satisfaction, HCI, UX, questionnaire, ease, or ergonomics","environmental, organizational, coordination, systemic, or logistics",0.7449042797088623
The application shall be able to complete every user transaction within one fourth of a second of receiving the request over the network.,"throughput, reliability, scalability, responsiveness, efficiency, workload, benchmark, latency, speed, improvement, or accuracy","environmental, organizational, coordination, systemic, or logistics",0.6389855742454529
The application shall run on a web application server.,"environmental, organizational, coordination, systemic, or logistics","environmental, organizational, coordination, systemic, or logistics",0.8188307881355286
A primary database will be used to store cached data for active users.,"environmental, organizational, coordination, systemic, or logistics","environmental, organizational, coordination, systemic, or logistics",0.7590841054916382
A secondary database will be used to store historical statistics and data.,"environmental, organizational, coordination, systemic, or logistics","environmental, organizational, coordination, systemic, or logistics",0.7341296076774597
98% of the user workstations shall meet the minimum hardware requirements prior to implementation. Minimum Hard Disk Space:  400MB.,"environmental, organizational, coordination, systemic, or logistics","accessibility, aesthetic, contextual, experience, satisfaction, HCI, UX, questionnaire, ease, or ergonomics",0.6895005106925964
98% of the user workstations shall meet the minimum software requirements prior to implementation: Microsoft Internet Explorer 5.0. Microsoft .NET Framework 1.1. Microsoft Internet Explorer Web Controls,"environmental, organizational, coordination, systemic, or logistics","accessibility, aesthetic, contextual, experience, satisfaction, HCI, UX, questionnaire, ease, or ergonomics",0.6420684456825256
 	The RFS system should be able to easily interface with the BDW environment  in order to load the data. •	7 data files shall be received from the BDW and loaded into the RFS system within 3 hours one day prior to the start of budgeting process  every year. The data will be as of October month-end. 	Test files (7) shall be loaded up to 5 times throughout the year  from the BDW.,"environmental, organizational, coordination, systemic, or logistics","vulnerability, security, protection, cybersecurity, assurance, countermeasure, threat, privacy, authentication, prevention, or confidentiality",0.5616691708564758
 	Only authorized user shall access the RFS system. ONLY users that exist in the UAS system  with the RFS system assigned to their role(s)  shall access the RFS system and use it.,"vulnerability, security, protection, cybersecurity, assurance, countermeasure, threat, privacy, authentication, prevention, or confidentiality","vulnerability, security, protection, cybersecurity, assurance, countermeasure, threat, privacy, authentication, prevention, or confidentiality",0.6915600299835205
	User access should be limited to the permissions granted to their role(s) Each level in the PCG hierarchy will be assigned a role and users will be assigned to these roles. Access to functionality within RFS system is dependent on the privileges/permission assigned to the role..,"vulnerability, security, protection, cybersecurity, assurance, countermeasure, threat, privacy, authentication, prevention, or confidentiality","vulnerability, security, protection, cybersecurity, assurance, countermeasure, threat, privacy, authentication, prevention, or confidentiality",0.6201350092887878
 	The users should be able to easily use the system to successfully complete their budgets  within the stipulated time for completion. With a week of training prior to product implementation  98% of the users shall complete their budgets within the stipulated time.,"accessibility, aesthetic, contextual, experience, satisfaction, HCI, UX, questionnaire, ease, or ergonomics","vulnerability, security, protection, cybersecurity, assurance, countermeasure, threat, privacy, authentication, prevention, or confidentiality",0.6461489200592041
 	The product interface should be fast. The response time of the product interface should not exceed 2 seconds 90% of the time. For 10% of the time  the response time should not be more than 10 seconds.not be more than 10 seconds.,"throughput, reliability, scalability, responsiveness, efficiency, workload, benchmark, latency, speed, improvement, or accuracy","throughput, reliability, scalability, responsiveness, efficiency, workload, benchmark, latency, speed, improvement, or accuracy",0.5690895318984985
