,precision,recall,f1-score,support
"accessibility, aesthetic, contextual, experience, satisfaction, HCI, UX, questionnaire, ease, or ergonomics",0.3116883116883117,0.3582089552238806,0.3333333333333333,67.0
"vulnerability, security, protection, cybersecurity, assurance, countermeasure, threat, privacy, authentication, prevention, or confidentiality",0.30973451327433627,0.5645161290322581,0.4,62.0
"throughput, reliability, scalability, responsiveness, efficiency, workload, benchmark, latency, speed, improvement, or accuracy",0.0,0.0,0.0,54.0
"environmental, organizational, coordination, systemic, or logistics",0.23728813559322035,0.21212121212121213,0.224,66.0
accuracy,0.2931726907630522,0.2931726907630522,0.2931726907630522,0.2931726907630522
macro avg,0.21467774013896707,0.2837115740943377,0.23933333333333334,249.0
weighted avg,0.22388623957943082,0.2931726907630522,0.2486639892904953,249.0
